// Initial random seed:
2737945200472

// RunInitializeCallbacks():
initializeSLiMModelType(modelType = 'nonWF');
initializeMutationType(1, 0.5, "f", 0);
initializeMutationType(2, 0.5, "g", -0.01, 0.18);
initializeMutationType(3, 0.5, "e", 0.001);
initializeGenomicElementType(1, c(m1, m2, m3), c(0, 0.99, 0.01));
initializeGenomicElement(g1, 0, 5000000);
initializeMutationRate(1e-07);
initializeRecombinationRate(1e-06);

// Starting run at tick <start>:
1 

WARNING: Population near extinction at generation 73974 with 4 individuals
#OUT: 73974 73974 A
Version: 4
Populations:
p1 4 H
Mutations:
3337 7544 m2 1669838 -2.52145416e-08 0.5 p1 9 8
2766 9486 m2 1388739 -1.68907798e-06 0.5 p1 11 8
1115 11598 m2 577080 -4.63657525e-05 0.5 p1 13 8
10037 21020 m2 4969379 -0.000366713502 0.5 p1 23 8
4897 33695 m2 2419188 -1.91197091e-06 0.5 p1 37 8
790 33757 m2 405806 -0.000461374439 0.5 p1 37 8
9471 36408 m2 4680547 -0.00015732582 0.5 p1 39 8
4971 54283 m2 2456052 -7.6387946e-10 0.5 p1 59 8
6282 60201 m2 3115915 -2.23403222e-05 0.5 p1 65 8
9876 60562 m2 4896568 -1.33982533e-13 0.5 p1 65 8
1325 71940 m2 675536 -0.000373563147 0.5 p1 78 8
7860 72559 m2 3902232 -6.2640378e-05 0.5 p1 79 8
8822 75017 m2 4374801 -9.24568212e-07 0.5 p1 81 8
4536 77071 m2 2255416 -5.28736928e-05 0.5 p1 84 8
3810 112259 m2 1911893 -5.72333693e-06 0.5 p1 123 8
1488 115976 m2 760285 -1.82686608e-06 0.5 p1 127 8
8479 126981 m2 4205875 -9.95816299e-05 0.5 p1 139 8
734 140755 m2 379028 -1.47370179e-06 0.5 p1 155 8
5949 148324 m2 2964696 -1.12717516e-05 0.5 p1 164 8
9153 148988 m2 4522963 -3.84640209e-10 0.5 p1 164 8
2767 153513 m2 1388770 -1.31867428e-14 0.5 p1 170 8
794 167172 m2 406954 -6.80850735e-06 0.5 p1 185 8
9442 171306 m2 4668177 -0.00106580113 0.5 p1 190 8
359 172937 m2 187547 -0.000174029861 0.5 p1 192 8
3080 183925 m2 1550674 -9.86426218e-12 0.5 p1 205 8
8458 189056 m2 4196065 -0.000166078535 0.5 p1 210 8
4961 196603 m3 2451081 0.00258019357 0.5 p1 219 8
7925 196938 m2 3934670 -2.31913259e-06 0.5 p1 219 8
2099 199725 m2 1073019 -1.28941985e-12 0.5 p1 223 8
4574 199843 m2 2269665 -0.000602327869 0.5 p1 223 8
2390 216188 m3 1213920 0.000401517493 0.5 p1 242 8
9798 225503 m2 4849024 -1.12628405e-11 0.5 p1 253 8
6278 232214 m3 3113986 0.00331564923 0.5 p1 260 8
4538 232385 m2 2256569 -1.25064474e-08 0.5 p1 260 8
9239 233156 m2 4563468 -0.000146251507 0.5 p1 261 8
2429 235309 m2 1233250 -0.000384440034 0.5 p1 264 8
9953 237891 m2 4932278 -0.000178550152 0.5 p1 267 8
6399 239157 m2 3171276 -0.00079943263 0.5 p1 268 8
2946 239420 m2 1483006 -0.000444168458 0.5 p1 269 8
2089 242324 m2 1067237 -4.47618866e-08 0.5 p1 272 8
3435 250247 m2 1720931 -9.24945634e-05 0.5 p1 281 8
9847 255913 m2 4880871 -9.20777384e-05 0.5 p1 288 8
4200 277954 m2 2100593 -6.94246483e-09 0.5 p1 314 8
4988 289682 m2 2464294 -0.000140630567 0.5 p1 328 8
654 289787 m2 338622 -3.75485683e-07 0.5 p1 328 8
9235 290813 m2 4562111 -0.000182734322 0.5 p1 329 8
6515 293410 m2 3229951 -6.77240223e-06 0.5 p1 332 8
8201 295394 m2 4063374 -1.44843693e-08 0.5 p1 334 8
7900 304939 m2 3921673 -0.000267851661 0.5 p1 345 8
1300 328126 m2 665290 -9.50035246e-05 0.5 p1 373 8
2026 334640 m2 1036278 -1.26321481e-07 0.5 p1 380 8
6562 336913 m2 3259728 -1.19323977e-05 0.5 p1 383 8
2873 343924 m2 1442403 -0.00050015439 0.5 p1 391 8
4344 344136 m2 2171158 -5.09280866e-08 0.5 p1 392 8
2931 352528 m2 1474745 -2.95257196e-05 0.5 p1 402 8
3051 352871 m2 1537696 -1.92025851e-07 0.5 p1 402 8
816 359913 m2 418610 -4.03561426e-05 0.5 p1 410 8
1775 363061 m2 898610 -0.000214934465 0.5 p1 414 8
8668 366858 m2 4298609 -2.77024133e-11 0.5 p1 419 8
1029 371432 m2 529357 -1.03228394e-05 0.5 p1 424 8
1305 375215 m2 667390 -5.93945551e-05 0.5 p1 429 8
4374 376775 m2 2184149 -3.24217346e-12 0.5 p1 430 8
6254 377472 m2 3105408 -0.000145475555 0.5 p1 431 8
9629 383881 m2 4760369 -3.71640255e-07 0.5 p1 439 8
7492 391226 m2 3720776 -4.61782838e-05 0.5 p1 448 8
7718 400431 m2 3837118 -1.02901629e-06 0.5 p1 459 8
4624 400613 m2 2289656 -2.47967928e-05 0.5 p1 459 8
2294 403487 m2 1167828 -0.00047712482 0.5 p1 463 8
632 407732 m2 327065 -0.000307783775 0.5 p1 467 8
9083 411857 m2 4491824 -2.79615215e-05 0.5 p1 472 8
9709 418654 m2 4805914 -1.67888842e-14 0.5 p1 481 8
1634 439820 m2 826186 -3.1573768e-06 0.5 p1 507 8
5176 448165 m2 2573198 -0.00033479993 0.5 p1 517 8
4176 451313 m2 2090817 -1.03825951e-05 0.5 p1 521 8
7907 456334 m2 3924252 -1.25156774e-07 0.5 p1 527 8
8807 456732 m2 4367994 -1.44525275e-05 0.5 p1 527 8
3835 459871 m2 1922522 -4.32849774e-08 0.5 p1 531 8
841 463766 m2 437464 -2.63659945e-06 0.5 p1 536 8
9292 463962 m2 4592911 -1.28764013e-05 0.5 p1 536 8
4607 466155 m2 2284572 -4.21741753e-09 0.5 p1 539 8
6071 471495 m2 3020559 -1.16158863e-05 0.5 p1 545 8
7398 472059 m2 3673588 -7.42193253e-13 0.5 p1 546 8
5799 477813 m2 2884879 -5.66767403e-06 0.5 p1 553 8
5934 486063 m2 2956622 -1.25901298e-08 0.5 p1 563 8
3 490954 m2 1753 -0.000145067825 0.5 p1 569 8
3558 491414 m2 1780593 -6.92136268e-08 0.5 p1 569 8
5714 509060 m2 2844950 -0.000217116904 0.5 p1 591 8
8096 513514 m2 4007468 -2.72550642e-06 0.5 p1 596 8
7969 533184 m2 3951130 -4.29671587e-09 0.5 p1 620 8
916 544008 m2 474580 -5.40889751e-08 0.5 p1 633 8
5328 550927 m2 2651416 -3.8050588e-05 0.5 p1 642 8
4599 551570 m3 2281732 0.00119185308 0.5 p1 643 8
9828 551801 m2 4868702 -8.25092564e-11 0.5 p1 643 8
2734 554904 m2 1376467 -0.000173607725 0.5 p1 647 8
10024 566364 m2 4965315 -0.000568781339 0.5 p1 660 8
5614 567431 m2 2793595 -5.77570245e-05 0.5 p1 661 8
9685 572446 m2 4788556 -1.1844802e-06 0.5 p1 667 8
3800 585554 m2 1906171 -0.000369159767 0.5 p1 683 8
9539 602850 m2 4714221 -7.91592981e-07 0.5 p1 704 8
4414 630128 m2 2201401 -0.00108362827 0.5 p1 737 8
1844 630470 m2 936649 -4.28516723e-05 0.5 p1 738 8
211 638840 m2 112146 -0.000270131306 0.5 p1 748 8
1376 640604 m2 701648 -7.42442853e-06 0.5 p1 750 8
768 641251 m2 396738 -0.000292821031 0.5 p1 751 8
1500 659778 m2 764962 -2.15187611e-19 0.5 p1 773 8
3313 661196 m2 1662038 -5.16082252e-07 0.5 p1 775 8
1966 663654 m2 1004353 -7.7503558e-13 0.5 p1 778 8
7249 679995 m2 3592997 -0.000121017016 0.5 p1 798 8
8762 680485 m2 4342824 -5.52381334e-06 0.5 p1 799 8
4658 684920 m2 2308520 -4.21916666e-05 0.5 p1 804 8
7443 700101 m2 3694686 -3.09203733e-06 0.5 p1 823 8
398 701271 m2 207749 -1.81768985e-06 0.5 p1 824 8
9438 702475 m2 4663536 -2.29682682e-05 0.5 p1 826 8
2400 705863 m3 1216910 0.000117549636 0.5 p1 830 8
9866 706440 m2 4893326 -0.000591562828 0.5 p1 831 8
2160 707542 m2 1105965 -0.000609958661 0.5 p1 832 8
1848 713586 m2 937182 -2.64311279e-06 0.5 p1 839 8
7113 714707 m2 3520441 -0.000108536129 0.5 p1 841 8
3412 734057 m2 1710113 -1.31862441e-06 0.5 p1 864 8
4653 738948 m2 2304853 -1.43101575e-09 0.5 p1 870 8
4828 741853 m2 2386156 -2.66240818e-06 0.5 p1 874 8
9117 757456 m2 4510543 -2.26529664e-05 0.5 p1 893 8
7839 758617 m2 3893229 -1.23221878e-06 0.5 p1 894 8
8878 762969 m2 4403685 -3.12261935e-13 0.5 p1 899 8
7186 774596 m2 3565856 -6.44303555e-07 0.5 p1 914 8
9196 777192 m2 4544221 -0.000209862497 0.5 p1 917 8
9004 784060 m2 4452871 -0.00027454723 0.5 p1 925 8
2823 796620 m2 1420676 -6.07568036e-05 0.5 p1 941 8
5749 796657 m2 2862823 -9.76211159e-05 0.5 p1 941 8
2773 798802 m2 1391364 -2.62206095e-06 0.5 p1 944 8
5508 805747 m2 2739735 -2.46848026e-06 0.5 p1 952 8
1352 819961 m2 686494 -8.05248987e-08 0.5 p1 970 8
917 821902 m2 474706 -1.26750283e-05 0.5 p1 973 8
2713 844625 m2 1370101 -8.34756833e-08 0.5 p1 1001 8
9804 853401 m2 4856917 -0.000159332092 0.5 p1 1012 8
2053 853412 m3 1050937 0.000281875429 0.5 p1 1012 8
3986 856386 m2 1987830 -0.000186268007 0.5 p1 1016 8
5780 860286 m2 2877298 -1.20878467e-17 0.5 p1 1021 8
1542 863672 m2 784666 -1.18944508e-05 0.5 p1 1025 8
5488 873085 m2 2728959 -7.55073211e-20 0.5 p1 1037 8
9824 878623 m2 4867775 -9.97920797e-05 0.5 p1 1043 8
3958 890244 m2 1973874 -0.000122853846 0.5 p1 1058 8
9246 897087 m2 4566119 -0.00053487526 0.5 p1 1067 8
6266 905406 m2 3109231 -0.000108135588 0.5 p1 1078 8
5784 911032 m2 2878262 -4.80510471e-06 0.5 p1 1085 8
7974 916329 m2 3952481 -0.000961709127 0.5 p1 1092 8
7703 927004 m2 3829135 -0.000173402615 0.5 p1 1105 8
4418 940522 m2 2202192 -0.000851651886 0.5 p1 1122 8
9182 946714 m2 4535635 -0.00206095143 0.5 p1 1130 8
3979 958873 m3 1984756 0.000553353806 0.5 p1 1145 8
5255 971175 m2 2615481 -0.000471155159 0.5 p1 1161 8
2928 977621 m2 1473178 -1.37146981e-05 0.5 p1 1169 8
5759 978158 m2 2867432 -5.55750002e-10 0.5 p1 1170 8
9726 982177 m2 4814188 -0.000284301728 0.5 p1 1175 8
472 987406 m2 246089 -3.43281514e-10 0.5 p1 1181 8
465 992755 m2 243054 -3.03756769e-05 0.5 p1 1188 8
1404 994155 m2 711545 -4.02605735e-07 0.5 p1 1190 8
1770 1014678 m3 897647 0.000831370882 0.5 p1 1216 8
7389 1017898 m2 3671387 -0.000517212553 0.5 p1 1220 8
6509 1019020 m3 3225477 0.0010871531 0.5 p1 1221 8
9005 1023898 m2 4453507 -4.5561837e-08 0.5 p1 1228 8
4942 1030825 m2 2441635 -2.92264102e-09 0.5 p1 1236 8
2251 1033997 m2 1146037 -2.52412178e-07 0.5 p1 1240 8
5131 1052294 m2 2542187 -1.62993838e-05 0.5 p1 1263 8
8618 1058094 m2 4275101 -2.20159113e-10 0.5 p1 1270 8
882 1059595 m2 457645 -1.22399602e-08 0.5 p1 1272 8
9766 1064361 m2 4829506 -2.47843182e-05 0.5 p1 1278 8
4245 1071316 m2 2126405 -0.000293972727 0.5 p1 1287 8
5046 1088921 m2 2497531 -5.37904214e-07 0.5 p1 1309 8
7452 1097457 m2 3699299 -5.54323606e-07 0.5 p1 1320 8
3773 1101840 m2 1892563 -2.58893342e-05 0.5 p1 1326 8
8263 1103073 m2 4100256 -0.000252249331 0.5 p1 1327 8
6740 1106904 m2 3350828 -1.73223625e-14 0.5 p1 1332 8
2549 1114547 m2 1294530 -1.08653148e-05 0.5 p1 1342 8
2383 1117753 m2 1210317 -8.60042655e-06 0.5 p1 1346 8
6743 1118297 m2 3352434 -5.35627987e-05 0.5 p1 1347 8
5514 1119619 m2 2742817 -3.91779139e-07 0.5 p1 1349 8
5497 1132477 m2 2734528 -5.2779169e-06 0.5 p1 1365 8
3103 1139653 m2 1559638 -1.73066113e-07 0.5 p1 1374 8
8253 1141731 m2 4094746 -3.70167953e-13 0.5 p1 1377 8
5356 1144696 m2 2664962 -3.7088761e-05 0.5 p1 1380 8
3519 1150801 m2 1757926 -4.08309404e-07 0.5 p1 1388 8
5457 1162545 m2 2715566 -1.24434303e-06 0.5 p1 1403 8
1453 1165876 m2 737610 -0.000257326756 0.5 p1 1407 8
2913 1171115 m2 1464859 -1.07362212e-07 0.5 p1 1414 8
1648 1174866 m3 832819 0.00196422287 0.5 p1 1419 8
8794 1188092 m2 4359459 -5.59401133e-06 0.5 p1 1436 8
9470 1208783 m2 4680289 -0.000247097691 0.5 p1 1462 8
1621 1210126 m2 817423 -2.33789451e-05 0.5 p1 1463 8
416 1224163 m2 218705 -0.000616520294 0.5 p1 1482 8
5092 1249131 m2 2519125 -3.78416553e-05 0.5 p1 1513 8
884 1250657 m2 458577 -8.82962013e-07 0.5 p1 1515 8
130 1263132 m2 72750 -9.74058836e-15 0.5 p1 1531 8
6956 1264368 m2 3447985 -7.22364835e-10 0.5 p1 1533 8
7126 1265464 m2 3524984 -8.84026019e-10 0.5 p1 1534 8
8948 1282972 m2 4430329 -5.070383e-10 0.5 p1 1556 8
3286 1287140 m2 1646746 -3.93379884e-10 0.5 p1 1561 8
2015 1303993 m2 1031034 -3.63751013e-07 0.5 p1 1583 8
3547 1307098 m2 1773385 -1.77525231e-10 0.5 p1 1587 8
4427 1307289 m2 2204088 -0.000256303028 0.5 p1 1587 8
5924 1309638 m2 2950884 -0.00123211986 0.5 p1 1590 8
807 1319604 m2 413792 -0.00016861067 0.5 p1 1602 8
8906 1331231 m2 4416036 -2.5452242e-05 0.5 p1 1618 8
614 1337641 m2 316941 -9.94083803e-06 0.5 p1 1626 8
3143 1350664 m2 1580123 -9.07384037e-06 0.5 p1 1643 8
7512 1357111 m2 3729057 -0.000156584807 0.5 p1 1651 8
7894 1357974 m2 3918748 -3.02627086e-05 0.5 p1 1652 8
4244 1360850 m2 2125975 -7.337227e-05 0.5 p1 1656 8
6005 1369748 m2 2988428 -0.000366214954 0.5 p1 1667 8
6209 1377453 m2 3086317 -5.36894149e-05 0.5 p1 1677 8
5174 1392203 m2 2572069 -3.90982926e-08 0.5 p1 1695 8
3317 1393501 m2 1663247 -1.79655199e-05 0.5 p1 1697 8
2095 1399262 m2 1070137 -2.70523869e-05 0.5 p1 1705 8
2213 1403012 m2 1128151 -2.79649689e-11 0.5 p1 1709 8
8350 1410547 m2 4144805 -0.000339923485 0.5 p1 1719 8
4457 1412703 m2 2216810 -0.000397106924 0.5 p1 1721 8
858 1412828 m2 445493 -2.3555956e-06 0.5 p1 1722 8
1094 1418674 m2 564389 -0.000797918416 0.5 p1 1729 8
4783 1426004 m2 2364416 -5.64252389e-07 0.5 p1 1738 8
3803 1456920 m2 1907702 -7.37353218e-07 0.5 p1 1778 8
974 1458442 m2 505315 -0.00225196523 0.5 p1 1780 8
10000 1466404 m2 4954978 -1.29312414e-12 0.5 p1 1790 8
2557 1469388 m2 1298027 -8.98031794e-05 0.5 p1 1794 8
7705 1473482 m2 3829789 -0.000101260674 0.5 p1 1799 8
6489 1479825 m2 3215247 -0.000350514456 0.5 p1 1807 8
3044 1487966 m2 1535863 -1.65859193e-09 0.5 p1 1818 8
9070 1503959 m2 4483966 -8.02511022e-06 0.5 p1 1838 8
422 1515628 m2 221478 -4.24578601e-12 0.5 p1 1853 8
3758 1522512 m2 1882019 -9.95330083e-06 0.5 p1 1862 8
2580 1525692 m2 1306892 -6.10359057e-05 0.5 p1 1866 8
5126 1527509 m2 2539191 -5.83672008e-05 0.5 p1 1869 8
7986 1530223 m2 3955736 -0.000194164197 0.5 p1 1872 8
5894 1535784 m2 2935327 -0.000122781174 0.5 p1 1879 8
4221 1539870 m2 2111790 -2.3783552e-05 0.5 p1 1884 8
7184 1541709 m2 3564936 -0.00014219289 0.5 p1 1887 8
8534 1546879 m2 4231100 -2.93042121e-05 0.5 p1 1893 8
9173 1547701 m2 4533385 -0.000106581298 0.5 p1 1894 8
8150 1549243 m2 4030424 -1.00614125e-06 0.5 p1 1896 8
4151 1551507 m2 2078133 -0.000615783967 0.5 p1 1899 8
6958 1555346 m2 3448622 -0.00157051103 0.5 p1 1904 8
3907 1561277 m2 1950882 -0.000269334705 0.5 p1 1912 8
596 1561435 m2 307497 -4.83225358e-06 0.5 p1 1912 8
5690 1566498 m2 2832303 -1.15869869e-09 0.5 p1 1919 8
4091 1583179 m2 2048480 -2.5792413e-05 0.5 p1 1940 8
3599 1586773 m2 1803668 -9.71339832e-05 0.5 p1 1945 8
5573 1589258 m2 2775805 -7.36179459e-07 0.5 p1 1948 8
3466 1599413 m2 1735723 -2.1655568e-11 0.5 p1 1960 8
1448 1599548 m2 734085 -8.71420809e-07 0.5 p1 1961 8
4463 1614900 m2 2220133 -7.57045491e-05 0.5 p1 1980 8
5935 1616787 m2 2957435 -0.000111305955 0.5 p1 1982 8
256 1618655 m2 129717 -3.76222893e-08 0.5 p1 1985 8
7332 1621035 m2 3635819 -1.51689032e-14 0.5 p1 1988 8
2200 1622111 m2 1122841 -9.82618894e-06 0.5 p1 1990 8
3328 1629807 m2 1666339 -1.94493587e-05 0.5 p1 1999 8
1991 1635203 m3 1015165 0.00231032469 0.5 p1 2006 8
4699 1637652 m2 2325722 -7.40233418e-07 0.5 p1 2009 8
5656 1644352 m2 2814471 -8.7531293e-12 0.5 p1 2018 8
4731 1664607 m2 2340648 -3.55169941e-05 0.5 p1 2045 8
8144 1682760 m2 4029084 -3.9294835e-05 0.5 p1 2069 8
9060 1686952 m2 4480691 -3.37727812e-07 0.5 p1 2074 8
4491 1688083 m2 2232067 -2.18832361e-06 0.5 p1 2076 8
303 1688846 m2 158947 -1.01129936e-05 0.5 p1 2077 8
5013 1704242 m3 2472998 0.000638248574 0.5 p1 2096 8
10045 1718418 m2 4972993 -2.94006185e-07 0.5 p1 2114 8
2487 1726058 m2 1262446 -6.63047977e-05 0.5 p1 2124 8
9059 1744642 m2 4480444 -2.60013039e-05 0.5 p1 2148 8
8340 1751855 m2 4137443 -4.08812914e-11 0.5 p1 2157 8
4352 1754706 m2 2174968 -5.86771698e-09 0.5 p1 2160 8
7697 1777457 m2 3826493 -2.29157808e-06 0.5 p1 2190 8
10083 1784853 m2 4988636 -3.78104584e-13 0.5 p1 2199 8
1288 1795760 m2 658903 -3.54146177e-05 0.5 p1 2213 8
7626 1816768 m2 3788732 -0.000992614892 0.5 p1 2240 8
10042 1821586 m2 4971935 -5.45782825e-07 0.5 p1 2246 8
8193 1825230 m2 4060162 -1.16692136e-05 0.5 p1 2251 8
6001 1826375 m2 2986715 -1.92747029e-06 0.5 p1 2252 8
2072 1837982 m2 1059896 -1.73668309e-06 0.5 p1 2267 8
2596 1848549 m2 1315467 -0.00068280485 0.5 p1 2281 8
6204 1863381 m2 3084035 -2.70078147e-07 0.5 p1 2300 8
2867 1885144 m2 1440603 -7.0835682e-05 0.5 p1 2328 8
9304 1888403 m2 4600869 -7.93234212e-05 0.5 p1 2333 8
8405 1890787 m2 4169307 -4.94398364e-06 0.5 p1 2336 8
3105 1906809 m2 1560230 -6.90749175e-07 0.5 p1 2357 8
9103 1912749 m2 4503805 -5.74205856e-08 0.5 p1 2365 8
9543 1917575 m2 4715461 -0.00012357322 0.5 p1 2371 8
7228 1924532 m2 3582992 -1.51323114e-08 0.5 p1 2380 8
6624 1926974 m2 3287639 -1.90927374e-12 0.5 p1 2383 8
1557 1928238 m2 790826 -3.53162277e-10 0.5 p1 2385 8
7033 1930906 m2 3484450 -0.000398746197 0.5 p1 2388 8
9951 1947948 m2 4932255 -0.000277717307 0.5 p1 2411 8
6224 1951296 m2 3090529 -8.94860008e-08 0.5 p1 2415 8
3318 1962534 m2 1663379 -1.40801887e-07 0.5 p1 2430 8
1541 1970453 m2 784475 -9.23342203e-09 0.5 p1 2440 8
2287 1973355 m2 1164230 -0.00025272122 0.5 p1 2444 8
3225 1978355 m2 1619183 -1.40380089e-05 0.5 p1 2451 8
9922 1980563 m2 4917466 -0.000331794989 0.5 p1 2454 8
823 1983451 m2 424862 -1.15622618e-06 0.5 p1 2458 8
6077 1983672 m2 3023560 -2.7144295e-05 0.5 p1 2458 8
5365 1991028 m2 2669021 -1.05789198e-07 0.5 p1 2468 8
3639 1992708 m2 1818579 -1.05552476e-10 0.5 p1 2470 8
2846 1998701 m2 1430232 -6.19782077e-05 0.5 p1 2478 8
609 2000287 m2 314302 -0.000583926856 0.5 p1 2480 8
9393 2006631 m2 4641080 -3.05341018e-05 0.5 p1 2488 8
2895 2015726 m2 1454010 -0.000208262631 0.5 p1 2501 8
6100 2029018 m2 3033438 -1.20433388e-05 0.5 p1 2518 8
9886 2032750 m2 4898790 -8.16009447e-07 0.5 p1 2523 8
6543 2033545 m2 3246311 -1.86805778e-07 0.5 p1 2524 8
2772 2042614 m2 1391359 -4.01316311e-06 0.5 p1 2535 8
9513 2045354 m2 4700544 -0.000259474997 0.5 p1 2539 8
3499 2045722 m2 1748705 -5.04681736e-07 0.5 p1 2540 8
9920 2048672 m2 4917099 -6.19111916e-06 0.5 p1 2544 8
9603 2058433 m2 4743331 -1.37875231e-05 0.5 p1 2556 8
9000 2063131 m2 4450945 -4.50340032e-09 0.5 p1 2562 8
5283 2065387 m2 2627987 -3.43410034e-06 0.5 p1 2565 8
8233 2065392 m2 4077854 -9.43505007e-09 0.5 p1 2565 8
3205 2065552 m2 1609084 -4.09730565e-05 0.5 p1 2565 8
6303 2075856 m2 3123938 -0.000420394761 0.5 p1 2579 8
8767 2089594 m2 4345783 -0.00015764471 0.5 p1 2597 8
5694 2091120 m2 2837016 -1.0140645e-09 0.5 p1 2599 8
10016 2093948 m2 4960665 -1.10522096e-05 0.5 p1 2603 8
2953 2107540 m2 1489009 -8.95807943e-07 0.5 p1 2621 8
7793 2108588 m2 3872270 -2.43133115e-07 0.5 p1 2622 8
5843 2108664 m2 2910135 -4.63263632e-06 0.5 p1 2622 8
824 2123455 m2 425142 -0.000312892749 0.5 p1 2642 8
7020 2125434 m2 3477588 -1.20819593e-07 0.5 p1 2645 8
9055 2127757 m2 4479025 -9.2671653e-06 0.5 p1 2648 8
4282 2133120 m2 2141496 -1.26796749e-06 0.5 p1 2655 8
7325 2134679 m2 3632631 -2.01059247e-05 0.5 p1 2657 8
5879 2157114 m2 2928379 -6.81092424e-05 0.5 p1 2686 8
7962 2180008 m2 3948018 -1.57060476e-05 0.5 p1 2716 8
8924 2210285 m2 4420681 -0.000345014763 0.5 p1 2756 8
8942 2220607 m2 4427683 -0.000350211514 0.5 p1 2769 8
8908 2222638 m2 4416553 -2.13166859e-05 0.5 p1 2772 8
224 2228704 m2 115986 -1.31348515e-05 0.5 p1 2780 8
2215 2232771 m2 1129662 -0.000625981076 0.5 p1 2785 8
4706 2238197 m2 2330491 -2.51913771e-05 0.5 p1 2792 8
4660 2249183 m2 2309074 -1.59411826e-07 0.5 p1 2807 8
6514 2259074 m2 3229584 -0.0010076249 0.5 p1 2820 8
4336 2265165 m2 2168072 -0.000651899434 0.5 p1 2828 8
1915 2267408 m2 977125 -0.000307782437 0.5 p1 2831 8
4358 2267581 m2 2177433 -0.000825968571 0.5 p1 2831 8
6646 2271699 m2 3299875 -0.000828177435 0.5 p1 2836 8
5110 2292931 m2 2531425 -0.00156139315 0.5 p1 2865 8
2703 2293460 m2 1364780 -4.47386537e-06 0.5 p1 2866 8
6964 2295114 m2 3449428 -8.39524034e-07 0.5 p1 2868 8
4666 2305157 m2 2311647 -4.74412176e-10 0.5 p1 2881 8
9474 2325430 m2 4681887 -1.48616809e-05 0.5 p1 2908 8
1721 2336310 m2 874340 -5.53792343e-05 0.5 p1 2922 8
6862 2340018 m2 3406700 -0.00247681956 0.5 p1 2927 8
7263 2341175 m2 3599482 -0.000156130423 0.5 p1 2929 8
792 2350416 m2 406723 -3.35277923e-06 0.5 p1 2941 8
617 2353507 m2 318192 -3.63292565e-05 0.5 p1 2945 8
4751 2354016 m3 2348785 7.13494883e-05 0.5 p1 2946 8
8572 2356612 m2 4250106 -0.00021210566 0.5 p1 2949 8
1824 2358755 m2 925668 -2.55340328e-05 0.5 p1 2952 8
1193 2363603 m2 610858 -2.91041165e-08 0.5 p1 2959 8
9394 2363799 m2 4641485 -0.000425263221 0.5 p1 2959 8
9669 2366600 m2 4783725 -1.64223206e-06 0.5 p1 2962 8
1420 2377593 m2 721386 -1.85111076e-05 0.5 p1 2977 8
9499 2378692 m2 4693764 -0.000502318086 0.5 p1 2979 8
8550 2379338 m2 4241109 -0.00022667431 0.5 p1 2980 8
7882 2379634 m2 3913857 -0.000395190029 0.5 p1 2980 8
6522 2382364 m2 3232799 -2.46787495e-18 0.5 p1 2984 8
1185 2384159 m2 608060 -2.12991949e-06 0.5 p1 2986 8
2567 2391084 m2 1300787 -0.000679635734 0.5 p1 2995 8
9978 2394031 m2 4941462 -0.000171133885 0.5 p1 2999 8
9722 2407140 m2 4812155 -3.30210642e-05 0.5 p1 3017 8
550 2411932 m2 285649 -4.49843137e-05 0.5 p1 3023 8
1849 2423131 m2 939005 -4.79730318e-08 0.5 p1 3038 8
5041 2423774 m2 2494120 -1.33192202e-06 0.5 p1 3039 8
9250 2428438 m2 4566694 -0.000375999516 0.5 p1 3045 8
6006 2447806 m2 2988532 -0.000104536848 0.5 p1 3072 8
5703 2449754 m2 2841291 -3.67146731e-06 0.5 p1 3074 8
9253 2451991 m2 4568056 -0.000298556028 0.5 p1 3077 8
1875 2459397 m2 953607 -4.44991059e-07 0.5 p1 3087 8
9903 2466835 m2 4906111 -9.48039669e-05 0.5 p1 3097 8
9524 2472176 m2 4704642 -3.87007094e-06 0.5 p1 3104 8
2324 2474572 m2 1185100 -1.44520449e-08 0.5 p1 3107 8
3992 2491644 m2 1991725 -0.00302994973 0.5 p1 3129 8
4063 2493585 m2 2030279 -3.33896533e-05 0.5 p1 3132 8
1938 2509499 m2 987739 -1.39342953e-12 0.5 p1 3153 8
154 2511693 m2 82872 -1.25168997e-09 0.5 p1 3156 8
6476 2518604 m2 3208358 -2.72809648e-05 0.5 p1 3165 8
786 2522073 m2 404173 -0.000184171076 0.5 p1 3169 8
4444 2523317 m2 2212052 -0.000241599584 0.5 p1 3171 8
3089 2560740 m2 1554445 -1.58581843e-05 0.5 p1 3220 8
5468 2572060 m2 2720802 -3.33817209e-14 0.5 p1 3235 8
5340 2575492 m2 2658721 -0.000118414879 0.5 p1 3240 8
2092 2576209 m2 1068797 -0.000210457874 0.5 p1 3241 8
7764 2586826 m2 3862034 -2.45203337e-05 0.5 p1 3255 8
3495 2592098 m2 1747112 -0.000126302766 0.5 p1 3262 8
941 2594395 m2 489796 -1.54282025e-05 0.5 p1 3265 8
5849 2594511 m2 2913497 -0.000733044813 0.5 p1 3265 8
1255 2600121 m2 640737 -0.000339322287 0.5 p1 3273 8
5958 2600130 m2 2967188 -1.00527109e-06 0.5 p1 3273 8
3210 2610285 m2 1610006 -0.000403690006 0.5 p1 3286 8
4841 2620261 m2 2391777 -1.11679867e-06 0.5 p1 3300 8
7096 2620355 m2 3512280 -0.000152136257 0.5 p1 3300 8
113 2625475 m2 64004 -1.58748151e-07 0.5 p1 3307 8
1263 2639749 m2 644800 -1.60945492e-05 0.5 p1 3326 8
8912 2650615 m2 4417697 -9.63205338e-08 0.5 p1 3340 8
9324 2660328 m2 4609772 -1.01489263e-07 0.5 p1 3353 8
9126 2660379 m2 4514258 -1.32626146e-10 0.5 p1 3353 8
3440 2662053 m2 1724164 -9.51079783e-05 0.5 p1 3355 8
8497 2663306 m2 4215030 -6.1514952e-06 0.5 p1 3357 8
7872 2670212 m2 3910166 -0.000191745392 0.5 p1 3366 8
8025 2670471 m2 3972074 -0.000752850261 0.5 p1 3366 8
5194 2682257 m3 2583388 0.00274261809 0.5 p1 3382 8
3078 2703613 m2 1549772 -8.3652867e-06 0.5 p1 3410 8
9800 2705807 m2 4851190 -0.000638936704 0.5 p1 3413 8
2461 2708329 m3 1245350 0.00265967124 0.5 p1 3417 8
4527 2709915 m2 2251207 -2.88279689e-09 0.5 p1 3419 8
6863 2718056 m2 3406710 -6.22201412e-07 0.5 p1 3430 8
4996 2718251 m2 2467422 -9.98817768e-07 0.5 p1 3430 8
7983 2720593 m2 3954427 -2.67813575e-05 0.5 p1 3433 8
6037 2723899 m2 3004870 -1.7206632e-05 0.5 p1 3437 8
5871 2732686 m2 2925468 -5.37370652e-05 0.5 p1 3449 8
487 2735074 m2 255494 -5.02726143e-05 0.5 p1 3452 8
6423 2743979 m2 3182008 -0.00135185255 0.5 p1 3464 8
2088 2745629 m2 1067195 -3.46593566e-07 0.5 p1 3466 8
3157 2757124 m2 1585021 -0.000131288092 0.5 p1 3481 8
10026 2761725 m2 4966221 -2.60454635e-05 0.5 p1 3487 8
7191 2763309 m2 3568182 -1.72132441e-05 0.5 p1 3489 8
6471 2770725 m2 3206441 -4.85658929e-05 0.5 p1 3499 8
4083 2771050 m2 2042467 -7.96238528e-05 0.5 p1 3500 8
6651 2772728 m2 3300834 -0.00017158351 0.5 p1 3502 8
1640 2782512 m2 827944 -1.15691637e-06 0.5 p1 3515 8
3185 2783707 m2 1599799 -1.04232302e-12 0.5 p1 3516 8
564 2786377 m2 291953 -0.00156253891 0.5 p1 3520 8
1210 2793337 m2 620221 -1.31830902e-08 0.5 p1 3529 8
2004 2796286 m2 1022838 -0.000101325029 0.5 p1 3533 8
8993 2796494 m2 4449067 -1.02794786e-07 0.5 p1 3533 8
5037 2808860 m2 2491529 -4.09833183e-06 0.5 p1 3549 8
5794 2816689 m2 2883880 -1.2854835e-09 0.5 p1 3560 8
887 2835015 m2 459472 -7.51875041e-06 0.5 p1 3585 8
2484 2838458 m2 1259373 -0.000293590245 0.5 p1 3589 8
8598 2849641 m2 4263713 -3.71026908e-05 0.5 p1 3604 8
5425 2853597 m2 2699295 -3.89829324e-08 0.5 p1 3610 8
3304 2861787 m2 1656863 -1.17547852e-05 0.5 p1 3621 8
7844 2868457 m2 3895717 -8.12590588e-06 0.5 p1 3630 8
1117 2875236 m2 578068 -0.000568017422 0.5 p1 3638 8
8231 2878729 m2 4077146 -4.49952895e-05 0.5 p1 3643 8
1756 2878781 m2 891729 -0.000241293426 0.5 p1 3643 8
5961 2886683 m2 2967913 -0.000275614846 0.5 p1 3654 8
3801 2888878 m2 1906679 -3.54098338e-05 0.5 p1 3657 8
8057 2897686 m2 3988538 -1.80295847e-05 0.5 p1 3669 8
391 2898150 m2 204550 -0.000604863104 0.5 p1 3669 8
9256 2903610 m2 4569255 -0.000354354008 0.5 p1 3677 8
1076 2913269 m2 559574 -0.000505764037 0.5 p1 3690 8
591 2913298 m2 305580 -0.000204175347 0.5 p1 3690 8
1302 2918124 m2 665492 -0.00060087262 0.5 p1 3696 8
7368 2921492 m2 3656141 -1.52076729e-09 0.5 p1 3701 8
4691 2923423 m2 2323299 -1.40313414e-05 0.5 p1 3703 8
151 2936806 m2 81078 -1.96612091e-05 0.5 p1 3721 8
898 2941720 m2 468357 -2.52317802e-11 0.5 p1 3728 8
8171 2942368 m3 4044805 0.000149880769 0.5 p1 3729 8
3922 2943055 m2 1956124 -1.80146139e-06 0.5 p1 3730 8
6367 2945327 m2 3156529 -0.000141421042 0.5 p1 3733 8
314 2946092 m2 162457 -2.09279387e-05 0.5 p1 3734 8
9170 2948694 m2 4532050 -1.14282193e-06 0.5 p1 3737 8
1602 2953792 m2 810672 -0.000294514903 0.5 p1 3744 8
7982 2954990 m2 3954245 -1.44181304e-05 0.5 p1 3746 8
7829 2961819 m2 3890039 -3.71237519e-07 0.5 p1 3755 8
8051 2969742 m2 3985119 -0.000189548824 0.5 p1 3766 8
9479 2971133 m2 4683461 -0.000180796706 0.5 p1 3767 8
7725 2983126 m2 3842356 -1.15536402e-07 0.5 p1 3783 8
3490 2986040 m2 1745974 -7.60892021e-07 0.5 p1 3787 8
2353 2990906 m2 1199022 -0.000132495246 0.5 p1 3794 8
8917 2994688 m2 4418353 -2.16899698e-09 0.5 p1 3799 8
5319 3000476 m2 2644787 -1.08633238e-07 0.5 p1 3807 8
9298 3000696 m2 4595193 -1.92864924e-08 0.5 p1 3807 8
740 3003746 m2 381288 -0.000256986183 0.5 p1 3811 8
4216 3020601 m2 2109093 -7.56509917e-06 0.5 p1 3833 8
3485 3021180 m2 1743497 -7.64277229e-06 0.5 p1 3834 8
2108 3022745 m2 1077577 -0.000259347114 0.5 p1 3836 8
5386 3022771 m2 2676464 -5.42931957e-06 0.5 p1 3836 8
6271 3027161 m2 3110414 -0.000333032454 0.5 p1 3842 8
6769 3028447 m2 3365878 -0.00165951846 0.5 p1 3844 8
3487 3031017 m2 1745256 -0.000346249028 0.5 p1 3847 8
4092 3040800 m2 2048809 -0.000235223022 0.5 p1 3861 8
9120 3044314 m2 4511803 -3.32245591e-08 0.5 p1 3865 8
5261 3048639 m2 2617912 -1.56332796e-08 0.5 p1 3871 8
8183 3062344 m2 4052388 -5.29597628e-07 0.5 p1 3890 8
6385 3063725 m2 3166238 -3.8376831e-07 0.5 p1 3892 8
3879 3065884 m2 1941334 -0.000869740325 0.5 p1 3895 8
8227 3066875 m2 4076018 -3.98058228e-06 0.5 p1 3896 8
10019 3078360 m3 4963300 0.00355219981 0.5 p1 3912 8
7959 3080151 m2 3946396 -6.24108099e-09 0.5 p1 3914 8
2763 3096264 m2 1387674 -4.22370303e-14 0.5 p1 3936 8
1242 3096973 m2 634325 -4.51709582e-07 0.5 p1 3937 8
2674 3102209 m2 1352092 -5.56124251e-05 0.5 p1 3944 8
9602 3107136 m2 4742136 -4.55480367e-05 0.5 p1 3951 8
1930 3112781 m2 983501 -8.46073291e-08 0.5 p1 3959 8
1922 3121960 m2 980942 -1.73865683e-05 0.5 p1 3971 8
4478 3128760 m2 2227448 -8.81926098e-05 0.5 p1 3981 8
6106 3129901 m2 3034749 -5.02814291e-05 0.5 p1 3982 8
7791 3131698 m2 3871480 -3.05098212e-07 0.5 p1 3985 8
9161 3137953 m2 4525775 -4.0997661e-12 0.5 p1 3993 8
8132 3139026 m2 4024259 -0.000183969853 0.5 p1 3995 8
8239 3143756 m2 4085555 -8.48555501e-05 0.5 p1 4001 8
6918 3147762 m2 3428709 -2.70527693e-07 0.5 p1 4006 8
2087 3155163 m2 1065794 -2.63885287e-08 0.5 p1 4016 8
10095 3155560 m2 4993668 -4.75195804e-07 0.5 p1 4017 8
8249 3155703 m2 4090454 -1.60060604e-10 0.5 p1 4017 8
1188 3164417 m2 608737 -1.00309808e-06 0.5 p1 4029 8
9159 3166078 m2 4525523 -4.38183961e-05 0.5 p1 4032 8
1615 3167338 m2 815681 -0.00167443755 0.5 p1 4033 8
6636 3167752 m2 3291969 -4.00652971e-06 0.5 p1 4034 8
5851 3179763 m2 2915353 -2.27055863e-09 0.5 p1 4050 8
7147 3189920 m2 3542108 -2.80753643e-08 0.5 p1 4063 8
8891 3190529 m3 4408967 0.000817772292 0.5 p1 4064 8
6045 3196918 m2 3006777 -1.95784793e-08 0.5 p1 4073 8
7473 3197581 m2 3710909 -6.29068654e-06 0.5 p1 4074 8
7958 3199278 m2 3945408 -7.26361691e-07 0.5 p1 4076 8
7602 3205921 m3 3776405 9.60393154e-05 0.5 p1 4085 8
2744 3208557 m2 1380082 -1.74284892e-07 0.5 p1 4088 8
8313 3210042 m2 4125897 -2.80035734e-11 0.5 p1 4090 8
3627 3211253 m2 1814847 -2.06669579e-08 0.5 p1 4092 8
5909 3213697 m2 2943840 -5.4053686e-09 0.5 p1 4095 8
340 3220123 m2 176429 -0.000208416037 0.5 p1 4104 8
8553 3220798 m2 4243435 -0.000150783046 0.5 p1 4105 8
8365 3227057 m2 4151931 -0.00040212457 0.5 p1 4113 8
8097 3228200 m2 4008298 -2.01209368e-05 0.5 p1 4115 8
10013 3233398 m2 4959594 -2.28883455e-05 0.5 p1 4122 8
9665 3254224 m2 4780259 -9.01469788e-10 0.5 p1 4150 8
7568 3255036 m2 3759588 -0.000169540741 0.5 p1 4151 8
4970 3261589 m2 2455790 -0.000267890369 0.5 p1 4160 8
5362 3267589 m2 2668566 -0.000434615533 0.5 p1 4168 8
7370 3272087 m2 3656403 -0.000172891785 0.5 p1 4175 8
9998 3272738 m2 4953247 -5.02514877e-06 0.5 p1 4175 8
2927 3296946 m2 1472845 -5.11270955e-05 0.5 p1 4208 8
220 3299870 m2 115286 -8.79262458e-08 0.5 p1 4212 8
7504 3315873 m2 3725778 -5.05989673e-13 0.5 p1 4233 8
315 3317225 m2 162871 -8.21307185e-06 0.5 p1 4235 8
4972 3326568 m2 2456676 -0.000266834162 0.5 p1 4248 8
1183 3336937 m2 606516 -0.000779630151 0.5 p1 4262 8
4143 3343471 m2 2072975 -0.000104257961 0.5 p1 4271 8
3733 3351316 m2 1868836 -0.000349617156 0.5 p1 4281 8
9241 3357831 m2 4563790 -2.23229449e-06 0.5 p1 4290 8
9574 3365681 m2 4731581 -1.26022871e-06 0.5 p1 4300 8
3546 3367940 m2 1773242 -5.78996378e-06 0.5 p1 4303 8
7792 3368923 m2 3871875 -1.33440255e-06 0.5 p1 4304 8
4265 3371503 m2 2134204 -9.87594103e-06 0.5 p1 4308 8
1656 3372116 m2 838974 -2.38480125e-09 0.5 p1 4309 8
4088 3375811 m2 2045276 -1.09697648e-05 0.5 p1 4314 8
157 3379860 m2 83950 -1.11924523e-08 0.5 p1 4319 8
1150 3394018 m2 593455 -5.91123535e-06 0.5 p1 4338 8
7236 3394103 m2 3586339 -1.08613476e-05 0.5 p1 4338 8
2325 3394311 m3 1185984 0.00338543183 0.5 p1 4339 8
9387 3406195 m2 4639704 -3.33750586e-06 0.5 p1 4355 8
9421 3408860 m2 4652781 -3.0218036e-05 0.5 p1 4358 8
3018 3412262 m2 1520354 -0.000352948904 0.5 p1 4363 8
3008 3417493 m2 1515166 -0.00030679052 0.5 p1 4370 8
5566 3418554 m2 2772635 -2.28877234e-05 0.5 p1 4371 8
870 3434896 m2 452647 -0.000334803743 0.5 p1 4394 8
4028 3440332 m2 2010537 -0.000780249189 0.5 p1 4401 8
5864 3442343 m2 2920871 -3.99411801e-05 0.5 p1 4404 8
8712 3443495 m2 4318553 -5.57575186e-09 0.5 p1 4405 8
7394 3464779 m2 3672496 -1.15944322e-05 0.5 p1 4434 8
396 3471138 m2 206377 -4.81928328e-05 0.5 p1 4443 8
1343 3474929 m2 682051 -2.09651282e-16 0.5 p1 4448 8
1581 3477482 m2 801182 -1.97131271e-08 0.5 p1 4451 8
7455 3482178 m2 3701801 -1.81557667e-08 0.5 p1 4458 8
4943 3484444 m2 2442423 -8.93812376e-06 0.5 p1 4461 8
6687 3484827 m2 3315517 -0.00040068978 0.5 p1 4461 8
1693 3488073 m2 859702 -0.000472515094 0.5 p1 4466 8
7317 3491736 m2 3623854 -1.09978451e-07 0.5 p1 4471 8
2280 3491884 m3 1160660 0.00185874396 0.5 p1 4471 8
2845 3503736 m2 1430089 -3.75623301e-08 0.5 p1 4488 8
5200 3514211 m2 2586458 -1.01465764e-06 0.5 p1 4502 8
2300 3519164 m2 1170257 -0.00058609969 0.5 p1 4509 8
6638 3524442 m2 3292654 -1.80197603e-05 0.5 p1 4516 8
3970 3534430 m2 1979989 -2.96538637e-05 0.5 p1 4530 8
5975 3537000 m2 2974426 -2.09434393e-06 0.5 p1 4533 8
1781 3541199 m2 901326 -7.74663931e-05 0.5 p1 4539 8
5818 3548263 m2 2898364 -1.88779165e-06 0.5 p1 4548 8
627 3548306 m2 324033 -6.11660028e-07 0.5 p1 4548 8
482 3552957 m2 249579 -6.64300751e-05 0.5 p1 4555 8
3749 3558110 m2 1876631 -1.16686897e-05 0.5 p1 4562 8
3686 3561757 m2 1843464 -0.000108569162 0.5 p1 4567 8
3040 3562383 m2 1533570 -0.000273983169 0.5 p1 4568 8
5665 3563261 m2 2820763 -3.82396865e-05 0.5 p1 4569 8
3550 3567761 m2 1774603 -2.22559192e-05 0.5 p1 4575 8
103 3579532 m2 60374 -0.000219525027 0.5 p1 4591 8
329 3587721 m2 169775 -1.68937313e-05 0.5 p1 4603 8
3447 3589385 m2 1727042 -0.000335089833 0.5 p1 4605 8
6613 3594100 m2 3284136 -0.000284605747 0.5 p1 4612 8
5208 3594487 m2 2591650 -1.4068238e-06 0.5 p1 4612 8
2169 3598123 m2 1111563 -7.0917352e-09 0.5 p1 4617 8
9983 3603554 m2 4944283 -0.000258439803 0.5 p1 4624 8
1258 3608244 m2 641189 -7.12804747e-19 0.5 p1 4631 8
181 3608598 m2 100206 -5.13059817e-10 0.5 p1 4631 8
1361 3615640 m2 691916 -0.000247427786 0.5 p1 4641 8
4963 3620337 m2 2452151 -7.27612787e-05 0.5 p1 4647 8
8617 3632623 m2 4274397 -0.000374273193 0.5 p1 4664 8
6561 3634463 m3 3259571 0.00256470894 0.5 p1 4667 8
8514 3646174 m2 4224991 -0.000150910899 0.5 p1 4682 8
4100 3646228 m2 2051624 -7.12474794e-05 0.5 p1 4682 8
4109 3656427 m2 2056861 -6.31938113e-11 0.5 p1 4697 8
1515 3664241 m2 773193 -1.09444758e-19 0.5 p1 4707 8
279 3678285 m2 143321 -6.85378182e-05 0.5 p1 4727 8
6311 3691226 m2 3129582 -0.000196200155 0.5 p1 4745 8
5669 3697906 m2 2822221 -0.000117125674 0.5 p1 4754 8
6362 3707512 m2 3155336 -0.000313511584 0.5 p1 4767 8
4398 3718501 m2 2193202 -0.00016032526 0.5 p1 4782 8
6996 3730389 m2 3467405 -8.86381173e-08 0.5 p1 4799 8
10091 3737406 m2 4990872 -2.41502107e-06 0.5 p1 4808 8
802 3744670 m2 411877 -1.81697516e-07 0.5 p1 4818 8
1811 3748686 m2 919034 -0.000751916959 0.5 p1 4824 8
1236 3751243 m2 629477 -4.43739054e-06 0.5 p1 4827 8
6073 3752847 m2 3021739 -2.01373678e-06 0.5 p1 4829 8
6695 3756884 m2 3319431 -0.000781731156 0.5 p1 4835 8
5431 3759627 m2 2701996 -0.000250859594 0.5 p1 4839 8
432 3759699 m2 225784 -5.50167124e-06 0.5 p1 4839 8
6592 3764478 m2 3273775 -0.000488739577 0.5 p1 4845 8
6189 3770579 m2 3077173 -6.78669778e-07 0.5 p1 4854 8
3610 3774499 m2 1807924 -1.01468682e-08 0.5 p1 4859 8
808 3778207 m2 414462 -9.861742e-05 0.5 p1 4864 8
966 3779559 m2 500864 -0.00146502955 0.5 p1 4866 8
9180 3781209 m2 4535269 -8.20420428e-06 0.5 p1 4869 8
4927 3788703 m3 2436395 2.24812356e-05 0.5 p1 4879 8
8266 3789084 m2 4102822 -0.000558715372 0.5 p1 4880 8
9888 3789596 m2 4899028 -1.0769777e-12 0.5 p1 4880 8
7018 3814236 m3 3476300 0.00150119059 0.5 p1 4914 8
7446 3814303 m3 3695262 0.00124532275 0.5 p1 4914 8
6734 3816536 m2 3348297 -5.80764527e-06 0.5 p1 4917 8
7800 3820468 m2 3877574 -9.99794408e-15 0.5 p1 4922 8
7277 3820751 m2 3607233 -1.00080456e-06 0.5 p1 4923 8
9512 3823985 m2 4699560 -2.41557642e-12 0.5 p1 4927 8
7425 3824141 m2 3685701 -7.78612019e-09 0.5 p1 4927 8
2289 3824470 m2 1165725 -1.62128273e-07 0.5 p1 4928 8
5646 3830535 m2 2808513 -1.92786603e-11 0.5 p1 4936 8
1590 3835047 m2 805682 -1.53578021e-05 0.5 p1 4942 8
9410 3842465 m2 4649056 -2.02235034e-10 0.5 p1 4953 8
6983 3842936 m2 3458502 -0.000215787877 0.5 p1 4953 8
1722 3843316 m2 874489 -1.20850441e-10 0.5 p1 4954 8
5702 3848247 m2 2840496 -2.83214635e-15 0.5 p1 4960 8
3414 3850541 m2 1710443 -1.48962168e-15 0.5 p1 4964 8
8873 3852262 m2 4401420 -0.000320638123 0.5 p1 4966 8
6279 3853666 m2 3115129 -0.000233401675 0.5 p1 4968 8
379 3858319 m2 198001 -0.000158721334 0.5 p1 4974 8
5023 3866359 m2 2481368 -1.3756097e-11 0.5 p1 4986 8
8372 3866790 m2 4155595 -3.09417155e-05 0.5 p1 4986 8
1591 3871323 m2 806065 -2.98908094e-06 0.5 p1 4992 8
970 3874891 m2 502930 -2.0481491e-06 0.5 p1 4997 8
7574 3880163 m2 3764132 -0.000473084336 0.5 p1 5005 8
2587 3891423 m2 1309892 -1.95042571e-06 0.5 p1 5020 8
3067 3898425 m2 1544798 -1.56752521e-05 0.5 p1 5030 8
6859 3907233 m2 3404237 -3.72209906e-05 0.5 p1 5042 8
4111 3911745 m2 2058746 -8.16715765e-05 0.5 p1 5048 8
2942 3914092 m2 1480080 -1.62716418e-08 0.5 p1 5052 8
8811 3916930 m2 4368644 -3.88523063e-07 0.5 p1 5055 8
7994 3920405 m2 3959573 -0.000314526405 0.5 p1 5060 8
392 3932319 m2 204636 -1.63826886e-11 0.5 p1 5076 8
7235 3939874 m2 3586321 -1.75661938e-07 0.5 p1 5087 8
3692 3943152 m2 1847511 -0.000198113077 0.5 p1 5091 8
9547 3948432 m2 4717529 -6.14682795e-05 0.5 p1 5098 8
3033 3952189 m2 1529855 -0.000529236509 0.5 p1 5103 8
7318 3966685 m2 3627115 -0.000177562455 0.5 p1 5124 8
4441 3976372 m2 2210842 -0.000553212361 0.5 p1 5137 8
8049 3980272 m2 3984546 -1.14255818e-05 0.5 p1 5142 8
8641 3981061 m2 4284632 -1.27229532e-06 0.5 p1 5143 8
3854 3983827 m2 1930455 -1.38371643e-08 0.5 p1 5147 8
5249 3992109 m2 2612256 -7.01374938e-06 0.5 p1 5159 8
7689 4006816 m2 3823447 -0.000122138794 0.5 p1 5179 8
1430 4015013 m2 727689 -0.000235605214 0.5 p1 5191 8
3544 4017681 m2 1770791 -0.000116657429 0.5 p1 5195 8
9344 4022013 m2 4620445 -0.000414023612 0.5 p1 5201 8
2316 4029693 m2 1176856 -8.62122397e-05 0.5 p1 5211 8
9067 4030032 m2 4483181 -6.37836051e-12 0.5 p1 5212 8
997 4038159 m2 514339 -2.50883659e-06 0.5 p1 5223 8
6259 4039259 m2 3107742 -0.000570729317 0.5 p1 5225 8
3830 4042139 m2 1919227 -1.2165161e-05 0.5 p1 5228 8
3867 4046851 m2 1935459 -2.23714756e-06 0.5 p1 5235 8
3840 4058563 m2 1923923 -2.02337045e-08 0.5 p1 5251 8
3381 4063019 m2 1694215 -3.18152888e-06 0.5 p1 5257 8
9335 4071682 m2 4616372 -1.44914316e-06 0.5 p1 5269 8
2798 4072294 m2 1404285 -9.20079117e-07 0.5 p1 5270 8
8282 4096935 m2 4115622 -5.52675345e-08 0.5 p1 5304 8
9693 4105433 m2 4794520 -9.94686018e-12 0.5 p1 5316 8
337 4124978 m2 175861 -1.13370616e-05 0.5 p1 5343 8
9124 4129380 m2 4513170 -0.000277014595 0.5 p1 5349 8
4756 4133139 m2 2350540 -1.2555588e-06 0.5 p1 5355 8
3705 4133979 m2 1855626 -0.000440575124 0.5 p1 5356 8
8817 4145617 m2 4370380 -7.84451437e-09 0.5 p1 5372 8
7947 4149643 m2 3942780 -1.06240168e-05 0.5 p1 5377 8
9742 4160160 m2 4821411 -8.59434238e-07 0.5 p1 5392 8
6947 4162547 m2 3445269 -2.64734285e-06 0.5 p1 5395 8
5461 4172087 m3 2717559 0.000533433398 0.5 p1 5408 8
3858 4181876 m2 1931327 -2.2209381e-08 0.5 p1 5422 8
4746 4188198 m3 2346777 0.000928234658 0.5 p1 5431 8
2100 4190496 m2 1073056 -2.11893184e-05 0.5 p1 5434 8
3513 4192205 m2 1756053 -0.000267855823 0.5 p1 5436 8
3826 4201664 m2 1917193 -0.000101968726 0.5 p1 5449 8
251 4211012 m2 127241 -4.0491441e-14 0.5 p1 5462 8
9138 4211400 m2 4517621 -0.000212172614 0.5 p1 5463 8
435 4215227 m2 228103 -0.000432046683 0.5 p1 5468 8
2751 4231720 m2 1382555 -2.76553765e-05 0.5 p1 5491 8
3717 4237752 m2 1860416 -8.10154961e-05 0.5 p1 5499 8
4452 4244180 m2 2215208 -2.44276821e-10 0.5 p1 5508 8
7386 4248584 m2 3667836 -1.07350032e-10 0.5 p1 5514 8
5445 4260100 m2 2711372 -1.67619945e-08 0.5 p1 5530 8
6596 4261128 m2 3275385 -0.000417597446 0.5 p1 5531 8
1983 4265465 m2 1011532 -0.000287538162 0.5 p1 5537 8
4604 4265957 m2 2284042 -0.000508935947 0.5 p1 5538 8
10022 4280276 m2 4965214 -0.000250323676 0.5 p1 5558 8
3883 4282089 m2 1943308 -4.86386682e-07 0.5 p1 5560 8
1252 4283560 m2 638776 -0.000355035532 0.5 p1 5562 8
1889 4283589 m2 960329 -0.000483589451 0.5 p1 5562 8
3377 4285944 m2 1692939 -0.000299393607 0.5 p1 5565 8
376 4287275 m2 195372 -1.15245447e-09 0.5 p1 5567 8
1512 4291056 m2 772094 -0.000650532427 0.5 p1 5572 8
9706 4294297 m3 4801955 0.00476692943 0.5 p1 5577 8
4852 4305189 m2 2396421 -1.96108529e-09 0.5 p1 5591 8
1961 4330715 m2 999927 -5.15366694e-10 0.5 p1 5626 8
7349 4333442 m2 3642491 -3.40196584e-06 0.5 p1 5630 8
5561 4350628 m2 2769847 -1.52152438e-07 0.5 p1 5654 8
2623 4354289 m3 1327432 5.49526703e-05 0.5 p1 5659 8
661 4357182 m2 341724 -4.41494352e-09 0.5 p1 5663 8
1588 4367375 m2 804243 -4.15282411e-05 0.5 p1 5677 8
8539 4372148 m2 4236946 -1.13346789e-06 0.5 p1 5684 8
8159 4375273 m2 4036140 -2.15663079e-07 0.5 p1 5688 8
2888 4377689 m2 1449314 -2.65516498e-10 0.5 p1 5692 8
3747 4379702 m2 1875629 -0.000113980328 0.5 p1 5695 8
1204 4387113 m2 617467 -1.12389824e-16 0.5 p1 5705 8
9648 4400828 m2 4773886 -0.00126603863 0.5 p1 5724 8
3417 4404789 m2 1711862 -0.000271703524 0.5 p1 5729 8
4904 4423112 m2 2424202 -0.00021853151 0.5 p1 5755 8
4202 4427487 m2 2101364 -5.76182756e-05 0.5 p1 5761 8
3763 4433797 m2 1884341 -2.23202769e-05 0.5 p1 5769 8
5537 4436456 m2 2756528 -0.000160476498 0.5 p1 5773 8
4262 4437741 m2 2132813 -1.65985181e-08 0.5 p1 5775 8
9585 4439230 m2 4737009 -1.26208924e-05 0.5 p1 5777 8
6893 4442248 m2 3418752 -0.000501644856 0.5 p1 5781 8
9960 4445391 m2 4934485 -0.000646906556 0.5 p1 5785 8
541 4449201 m2 280500 -4.27371951e-08 0.5 p1 5791 8
9850 4451048 m2 4883167 -7.94837902e-08 0.5 p1 5793 8
1473 4457432 m2 750710 -9.61696209e-11 0.5 p1 5802 8
8291 4469823 m3 4120471 0.000344641303 0.5 p1 5819 8
6436 4483342 m3 3188312 0.00493160542 0.5 p1 5838 8
7929 4506899 m2 3935568 -1.6500504e-05 0.5 p1 5870 8
5228 4508856 m2 2601356 -1.62946872e-05 0.5 p1 5872 8
6098 4518025 m2 3031973 -0.000131954555 0.5 p1 5885 8
3231 4534610 m2 1621750 -0.000184698481 0.5 p1 5907 8
2073 4537232 m2 1059919 -0.000378416327 0.5 p1 5911 8
5709 4552150 m2 2842489 -6.07318432e-11 0.5 p1 5931 8
8591 4562964 m2 4260926 -1.92896478e-05 0.5 p1 5946 8
2954 4575843 m2 1489869 -0.000182153657 0.5 p1 5964 8
6731 4577347 m2 3345111 -4.86863918e-08 0.5 p1 5966 8
5155 4578916 m2 2559305 -2.70125042e-07 0.5 p1 5968 8
9229 4583417 m2 4558591 -1.31316938e-05 0.5 p1 5974 8
7144 4586753 m2 3540741 -1.93655751e-06 0.5 p1 5979 8
4449 4593156 m2 2213412 -2.68017306e-08 0.5 p1 5988 8
2466 4600281 m2 1246568 -1.29723042e-13 0.5 p1 5998 8
3170 4610775 m2 1594937 -3.83967563e-06 0.5 p1 6012 8
4719 4619799 m2 2337016 -0.000363992876 0.5 p1 6024 8
6087 4634974 m2 3028682 -0.000106946034 0.5 p1 6046 8
6089 4640227 m2 3029472 -3.37301429e-07 0.5 p1 6053 8
1834 4643178 m2 931630 -0.000328414724 0.5 p1 6057 8
3177 4652302 m2 1597095 -4.74057451e-08 0.5 p1 6070 8
6808 4658763 m2 3380047 -1.13467911e-08 0.5 p1 6079 8
7172 4660382 m2 3560496 -6.86144208e-09 0.5 p1 6081 8
4771 4663176 m2 2361269 -1.04354569e-08 0.5 p1 6084 8
8302 4666588 m2 4123329 -0.000799391652 0.5 p1 6089 8
3488 4674189 m2 1745434 -8.87682461e-09 0.5 p1 6100 8
1825 4675901 m2 926691 -0.000232780207 0.5 p1 6102 8
7874 4680692 m2 3910735 -1.88634749e-06 0.5 p1 6109 8
1195 4689438 m2 612214 -0.000115234485 0.5 p1 6121 8
8102 4690018 m2 4009990 -1.70347061e-08 0.5 p1 6122 8
2161 4710889 m2 1107124 -6.16104444e-05 0.5 p1 6151 8
7614 4719478 m2 3782477 -6.95618583e-05 0.5 p1 6163 8
6550 4727314 m2 3252742 -0.000108441556 0.5 p1 6174 8
9773 4749401 m2 4834374 -0.000515804975 0.5 p1 6204 8
7275 4750897 m2 3607108 -0.000343309686 0.5 p1 6206 8
1917 4751509 m2 978252 -9.15628407e-05 0.5 p1 6207 8
9118 4753896 m2 4510871 -0.000505818869 0.5 p1 6210 8
6472 4754010 m2 3207262 -0.000332695054 0.5 p1 6210 8
2819 4756664 m2 1418080 -0.000105854589 0.5 p1 6214 8
2594 4763781 m2 1311852 -1.53978874e-09 0.5 p1 6224 8
7457 4778019 m2 3703602 -9.57615975e-06 0.5 p1 6244 8
8059 4778610 m2 3989440 -7.93490967e-11 0.5 p1 6245 8
8760 4792857 m2 4341981 -1.11532499e-05 0.5 p1 6264 8
2824 4796433 m2 1420776 -0.00108429824 0.5 p1 6269 8
3802 4797352 m2 1906774 -1.34228321e-06 0.5 p1 6271 8
111 4797465 m2 63232 -3.72710906e-06 0.5 p1 6271 8
7878 4803060 m2 3912001 -2.44610902e-07 0.5 p1 6279 8
1201 4806891 m2 615825 -0.000864596397 0.5 p1 6284 8
7681 4822065 m3 3818764 1.2574661e-05 0.5 p1 6305 8
9200 4823233 m2 4545775 -0.000174517365 0.5 p1 6307 8
6865 4827103 m2 3406821 -1.12230002e-13 0.5 p1 6312 8
4709 4831295 m2 2331699 -1.9537994e-07 0.5 p1 6318 8
6219 4838248 m2 3089503 -4.18552942e-13 0.5 p1 6328 8
8989 4846325 m2 4447784 -4.64353507e-05 0.5 p1 6340 8
3383 4847986 m2 1694260 -0.000965338724 0.5 p1 6342 8
8509 4852514 m2 4221518 -1.11008667e-05 0.5 p1 6348 8
2562 4854025 m2 1299033 -1.49534653e-05 0.5 p1 6351 8
7889 4854315 m2 3917073 -1.28407398e-11 0.5 p1 6351 8
7960 4856512 m2 3946424 -1.88631548e-05 0.5 p1 6354 8
5272 4866566 m2 2621222 -4.09747008e-06 0.5 p1 6368 8
4308 4868908 m2 2152299 -3.21997049e-07 0.5 p1 6371 8
7384 4872190 m2 3667032 -0.00155026221 0.5 p1 6376 8
8410 4876014 m3 4171108 0.000265220995 0.5 p1 6381 8
2987 4892358 m2 1508122 -1.95762404e-05 0.5 p1 6404 8
8056 4896136 m2 3987536 -0.000476673595 0.5 p1 6409 8
6559 4908531 m2 3259344 -0.000230873789 0.5 p1 6426 8
1485 4912059 m2 758474 -2.09678888e-06 0.5 p1 6431 8
630 4923824 m2 325622 -0.000225499069 0.5 p1 6448 8
1039 4925046 m2 535145 -5.05823072e-09 0.5 p1 6450 8
1988 4928869 m2 1014375 -3.17882177e-06 0.5 p1 6455 8
9720 4950554 m2 4811530 -1.31371212e-06 0.5 p1 6485 8
9817 4958133 m2 4865389 -7.4921287e-09 0.5 p1 6496 8
4116 4962152 m2 2062553 -5.01521953e-08 0.5 p1 6501 8
2060 4966686 m2 1053539 -0.000359811704 0.5 p1 6508 8
2398 4970354 m2 1216077 -0.000605575042 0.5 p1 6513 8
4429 4981445 m2 2205270 -7.2739108e-06 0.5 p1 6528 8
8535 4986345 m2 4231636 -0.000442275777 0.5 p1 6535 8
9193 4994053 m2 4542928 -5.47312884e-05 0.5 p1 6546 8
8653 4999266 m2 4289837 -1.2039561e-12 0.5 p1 6553 8
9187 5000335 m2 4538590 -0.000170689746 0.5 p1 6554 8
2966 5003643 m2 1493974 -0.000257940381 0.5 p1 6559 8
712 5006728 m2 368178 -3.96543207e-08 0.5 p1 6563 8
793 5011540 m2 406768 -0.000179091963 0.5 p1 6570 8
6744 5046538 m2 3352466 -0.000101931138 0.5 p1 6619 8
7487 5048125 m2 3718566 -1.57123359e-05 0.5 p1 6621 8
3071 5055036 m2 1547001 -0.000182637901 0.5 p1 6630 8
7030 5056767 m2 3482623 -2.67971672e-07 0.5 p1 6633 8
5257 5064039 m2 2616249 -2.44027603e-07 0.5 p1 6643 8
232 5068470 m2 120235 -6.59134139e-06 0.5 p1 6649 8
8426 5079915 m2 4180182 -0.000436917995 0.5 p1 6665 8
9454 5094817 m2 4673537 -0.000355319935 0.5 p1 6686 8
5329 5098419 m2 2652831 -4.61372965e-13 0.5 p1 6691 8
2297 5100507 m2 1169598 -4.3680091e-05 0.5 p1 6694 8
9508 5113219 m2 4696817 -6.43995591e-05 0.5 p1 6712 8
7823 5113531 m2 3887865 -2.84146211e-07 0.5 p1 6712 8
3520 5117322 m2 1758722 -1.70954067e-07 0.5 p1 6717 8
6812 5118985 m2 3382733 -0.000282637076 0.5 p1 6720 8
9687 5122161 m2 4789464 -5.60046783e-06 0.5 p1 6724 8
6182 5129958 m2 3072376 -6.07386502e-11 0.5 p1 6735 8
1159 5132209 m2 598096 -1.99982186e-09 0.5 p1 6739 8
4799 5133256 m2 2373193 -9.28750815e-05 0.5 p1 6740 8
3048 5135350 m2 1537469 -3.99720896e-08 0.5 p1 6743 8
2185 5139004 m2 1116597 -3.97168369e-05 0.5 p1 6748 8
3443 5142195 m2 1724926 -0.000262701185 0.5 p1 6753 8
6132 5144493 m2 3045702 -1.96849978e-05 0.5 p1 6756 8
680 5152278 m2 350715 -1.00095887e-09 0.5 p1 6767 8
1096 5154662 m2 564513 -0.000142531979 0.5 p1 6770 8
1599 5159441 m2 809195 -6.13823303e-08 0.5 p1 6777 8
3577 5161154 m2 1790579 -1.84316668e-05 0.5 p1 6779 8
3344 5164983 m3 1675994 0.00215150998 0.5 p1 6784 8
1637 5169149 m2 826840 -1.35123104e-08 0.5 p1 6790 8
2346 5171575 m2 1197633 -3.45200633e-08 0.5 p1 6794 8
1481 5179143 m2 756617 -0.000193036452 0.5 p1 6805 8
8195 5203130 m2 4060892 -0.000174114379 0.5 p1 6839 8
2915 5205197 m2 1465767 -8.7172506e-05 0.5 p1 6842 8
7048 5207870 m3 3491460 0.00188607292 0.5 p1 6846 8
8715 5219543 m2 4319105 -7.68464015e-05 0.5 p1 6862 8
6196 5226426 m2 3082985 -1.06096536e-06 0.5 p1 6872 8
2771 5229900 m2 1390867 -0.000134315473 0.5 p1 6876 8
2448 5231636 m2 1240226 -0.000265397801 0.5 p1 6879 8
6915 5236627 m2 3428037 -4.72533904e-12 0.5 p1 6886 8
8982 5239078 m2 4447159 -5.70169959e-07 0.5 p1 6889 8
9449 5247637 m2 4671107 -2.97141264e-06 0.5 p1 6901 8
6093 5250342 m2 3030762 -0.000836977619 0.5 p1 6905 8
6899 5271186 m2 3421485 -3.76732387e-05 0.5 p1 6934 8
9809 5282715 m2 4861963 -0.000746907201 0.5 p1 6950 8
4242 5282893 m2 2124429 -0.000154958761 0.5 p1 6951 8
1310 5288566 m2 669778 -5.77474639e-05 0.5 p1 6958 8
6597 5301328 m2 3275728 -0.000186026431 0.5 p1 6977 8
4512 5304208 m2 2241400 -1.33654555e-06 0.5 p1 6980 8
509 5307659 m2 263933 -1.81420182e-06 0.5 p1 6985 8
4813 5308589 m2 2379026 -0.000271593366 0.5 p1 6986 8
5326 5312490 m2 2649064 -1.3692194e-07 0.5 p1 6992 8
679 5312793 m2 350568 -1.00749858e-07 0.5 p1 6992 8
9346 5321356 m2 4621904 -1.819109e-06 0.5 p1 7004 8
6834 5346598 m2 3394048 -0.000173652486 0.5 p1 7040 8
894 5360907 m2 464720 -0.000237475615 0.5 p1 7061 8
10059 5361974 m2 4978723 -4.49491999e-05 0.5 p1 7062 8
9572 5366570 m2 4730414 -3.81782884e-05 0.5 p1 7068 8
2598 5366896 m2 1316863 -0.000155041038 0.5 p1 7069 8
1408 5368272 m2 714209 -4.25638945e-07 0.5 p1 7071 8
5051 5390778 m2 2498528 -9.40805621e-05 0.5 p1 7102 8
7400 5400794 m2 3674586 -0.000396265998 0.5 p1 7116 8
4554 5406110 m2 2262781 -0.000104496961 0.5 p1 7123 8
7704 5410370 m2 3829522 -7.43727469e-07 0.5 p1 7129 8
9713 5411463 m2 4808213 -1.34467552e-06 0.5 p1 7130 8
1832 5413302 m2 929884 -1.50057895e-05 0.5 p1 7133 8
6754 5425555 m2 3360992 -4.1470098e-06 0.5 p1 7150 8
2708 5436420 m2 1367634 -0.000185617639 0.5 p1 7165 8
9632 5443808 m2 4765328 -6.50217335e-05 0.5 p1 7175 8
9874 5452674 m2 4896025 -0.00058230327 0.5 p1 7188 8
2702 5457329 m2 1363614 -1.05297623e-07 0.5 p1 7194 8
9429 5464055 m3 4657314 0.000938470184 0.5 p1 7204 8
8756 5473999 m2 4340793 -5.93392469e-05 0.5 p1 7218 8
1776 5475119 m2 900133 -3.40812621e-05 0.5 p1 7220 8
7652 5476776 m2 3804345 -7.32414129e-09 0.5 p1 7222 8
3175 5492278 m2 1596797 -2.34710001e-06 0.5 p1 7244 8
4135 5511136 m3 2070940 0.000832801335 0.5 p1 7270 8
2813 5515323 m2 1415535 -2.54445553e-07 0.5 p1 7276 8
1138 5515374 m2 589372 -2.35665502e-05 0.5 p1 7276 8
958 5515487 m2 496455 -2.92297664e-05 0.5 p1 7276 8
3983 5522845 m3 1986000 0.0027604152 0.5 p1 7286 8
504 5523011 m2 263269 -1.21145529e-08 0.5 p1 7287 8
7197 5524240 m2 3569001 -7.94742573e-06 0.5 p1 7288 8
6062 5525008 m2 3014297 -6.70435895e-07 0.5 p1 7289 8
5557 5531392 m2 2768783 -0.000134103495 0.5 p1 7298 8
8128 5543855 m2 4022184 -2.07620519e-06 0.5 p1 7315 8
7908 5549305 m2 3924389 -0.00012305798 0.5 p1 7323 8
9936 5553757 m2 4923103 -0.000144262842 0.5 p1 7329 8
9329 5554995 m2 4614749 -0.000485581579 0.5 p1 7331 8
1610 5567149 m2 814457 -8.05221756e-09 0.5 p1 7348 8
2065 5570815 m2 1056205 -3.78266352e-09 0.5 p1 7354 8
3129 5577560 m2 1571676 -1.72409432e-06 0.5 p1 7363 8
4483 5584707 m2 2229516 -1.73134147e-08 0.5 p1 7373 8
5220 5588726 m3 2596829 0.00126762339 0.5 p1 7379 8
7297 5594454 m3 3616734 0.0011111605 0.5 p1 7387 8
1623 5602885 m2 818547 -1.45281252e-11 0.5 p1 7399 8
3861 5604812 m2 1933400 -0.000197985428 0.5 p1 7401 8
4482 5605622 m2 2228840 -1.26345379e-09 0.5 p1 7402 8
9668 5606790 m2 4782962 -6.21496739e-08 0.5 p1 7404 8
351 5609498 m2 185059 -8.89020012e-05 0.5 p1 7408 8
1377 5614195 m2 701895 -1.2206774e-06 0.5 p1 7414 8
3322 5617834 m2 1665497 -2.64679529e-05 0.5 p1 7419 8
4628 5622129 m2 2290709 -0.00034325858 0.5 p1 7425 8
3494 5625797 m2 1747040 -6.50285365e-05 0.5 p1 7430 8
3171 5626194 m2 1595288 -2.35727498e-06 0.5 p1 7431 8
7779 5634668 m2 3866536 -0.000137669238 0.5 p1 7443 8
878 5635287 m2 455509 -4.42349256e-06 0.5 p1 7443 8
8295 5640095 m2 4121566 -0.000158304581 0.5 p1 7450 8
2719 5641719 m2 1372689 -0.000196042398 0.5 p1 7452 8
2814 5642954 m2 1416477 -7.8981293e-06 0.5 p1 7454 8
2134 5647618 m2 1089597 -0.00155259564 0.5 p1 7460 8
2174 5648486 m2 1113865 -0.000389154768 0.5 p1 7461 8
9938 5654168 m2 4924602 -0.00010032783 0.5 p1 7469 8
6314 5657676 m2 3132098 -1.16422152e-05 0.5 p1 7474 8
6677 5658257 m2 3312126 -2.84634059e-08 0.5 p1 7475 8
1620 5663603 m2 816950 -2.60342622e-05 0.5 p1 7483 8
1935 5664945 m2 987218 -9.81673475e-06 0.5 p1 7484 8
6021 5667650 m2 2996867 -2.1083988e-05 0.5 p1 7488 8
292 5694108 m2 151597 -0.00013954255 0.5 p1 7525 8
2651 5707682 m2 1343540 -0.000808168261 0.5 p1 7544 8
7941 5710709 m2 3940576 -6.82278769e-05 0.5 p1 7548 8
8258 5715245 m2 4098367 -5.89210358e-05 0.5 p1 7554 8
1141 5718124 m2 589793 -1.81469673e-07 0.5 p1 7559 8
115 5720701 m2 64939 -3.27804606e-09 0.5 p1 7562 8
4303 5729701 m2 2151223 -4.71363563e-07 0.5 p1 7575 8
9451 5737250 m2 4672204 -0.000398401433 0.5 p1 7585 8
4381 5737937 m2 2186881 -1.51023914e-05 0.5 p1 7586 8
8085 5743437 m2 4000286 -4.49199069e-05 0.5 p1 7594 8
9351 5743452 m2 4624363 -5.15114662e-09 0.5 p1 7594 8
7160 5749972 m2 3551654 -5.96440768e-05 0.5 p1 7602 8
687 5752758 m3 355395 0.002340273 0.5 p1 7606 8
6167 5756013 m2 3062703 -7.22543919e-05 0.5 p1 7611 8
9091 5756624 m2 4495326 -1.12243797e-05 0.5 p1 7611 8
3138 5758596 m2 1577173 -5.33672672e-12 0.5 p1 7614 8
5240 5761266 m2 2606711 -8.31867827e-25 0.5 p1 7618 8
1120 5769575 m2 578482 -7.6385696e-08 0.5 p1 7629 8
4158 5776697 m2 2079380 -1.85886641e-17 0.5 p1 7639 8
5828 5779300 m2 2901907 -7.66232588e-08 0.5 p1 7642 8
2729 5781205 m2 1375458 -0.000916475954 0.5 p1 7645 8
7387 5795524 m2 3670480 -0.00045089575 0.5 p1 7665 8
4371 5798150 m2 2183675 -0.000146947466 0.5 p1 7668 8
2404 5805119 m2 1220361 -1.17913672e-07 0.5 p1 7678 8
7709 5805862 m3 3832213 0.00312823639 0.5 p1 7679 8
5074 5820795 m2 2510673 -1.04912715e-05 0.5 p1 7700 8
83 5828078 m2 48617 -2.44859607e-13 0.5 p1 7710 8
4150 5830864 m2 2077580 -6.18764316e-05 0.5 p1 7714 8
4984 5831035 m2 2461727 -0.000129440174 0.5 p1 7714 8
1933 5833408 m2 984517 -2.4617364e-05 0.5 p1 7717 8
7675 5839834 m2 3816363 -0.000550693367 0.5 p1 7726 8
67 5841080 m2 41794 -9.97687494e-06 0.5 p1 7728 8
1632 5856096 m2 825470 -7.27914307e-09 0.5 p1 7749 8
8188 5863385 m2 4055400 -0.000733513094 0.5 p1 7759 8
5029 5868477 m2 2486876 -2.49250797e-06 0.5 p1 7766 8
8404 5868752 m2 4168719 -0.000277337589 0.5 p1 7766 8
6575 5887095 m2 3267659 -4.19897506e-10 0.5 p1 7792 8
3086 5888474 m2 1553673 -0.000469850987 0.5 p1 7794 8
7500 5893492 m2 3725199 -1.22502036e-06 0.5 p1 7801 8
4588 5896870 m2 2276936 -0.00166974345 0.5 p1 7806 8
8562 5907163 m2 4245953 -1.87345472e-10 0.5 p1 7820 8
9997 5910740 m2 4951814 -0.00126971479 0.5 p1 7825 8
8357 5916796 m2 4147410 -3.2467382e-05 0.5 p1 7833 8
3770 5920399 m2 1889625 -2.01384909e-09 0.5 p1 7838 8
4086 5929056 m2 2044869 -0.00143741595 0.5 p1 7850 8
9073 5933012 m2 4484603 -8.95012704e-08 0.5 p1 7856 8
5415 5935741 m2 2694042 -4.96166012e-06 0.5 p1 7859 8
3702 5936918 m2 1853619 -3.46853142e-07 0.5 p1 7861 8
8738 5937935 m2 4335200 -0.000255991938 0.5 p1 7863 8
6640 5945156 m2 3293097 -2.75687544e-05 0.5 p1 7873 8
1266 5945896 m2 645609 -8.86706948e-06 0.5 p1 7874 8
8823 5952112 m2 4374853 -1.80762945e-05 0.5 p1 7883 8
2035 5953614 m2 1041402 -0.000201714211 0.5 p1 7885 8
1139 5954320 m2 589468 -0.000205305667 0.5 p1 7886 8
979 5954493 m2 507647 -9.32798866e-05 0.5 p1 7886 8
6710 5956433 m2 3331548 -2.70269993e-08 0.5 p1 7889 8
9535 5957037 m2 4712654 -1.27273383e-08 0.5 p1 7889 8
401 5958562 m2 209894 -4.07774169e-05 0.5 p1 7892 8
1389 5960049 m2 707208 -1.52150269e-05 0.5 p1 7894 8
8113 5968556 m2 4015975 -1.12941997e-07 0.5 p1 7906 8
7827 5978047 m2 3889527 -0.00027571019 0.5 p1 7919 8
2741 5979413 m2 1379020 -0.000242255934 0.5 p1 7921 8
6680 5984040 m2 3313296 -5.67158568e-05 0.5 p1 7927 8
3889 5985704 m2 1946311 -2.33103638e-05 0.5 p1 7929 8
2576 5987199 m2 1303586 -0.00021214092 0.5 p1 7931 8
915 5992600 m2 474472 -0.000577443978 0.5 p1 7939 8
5535 5994834 m2 2755514 -2.45633528e-05 0.5 p1 7942 8
1995 5999578 m2 1016204 -8.20177775e-07 0.5 p1 7949 8
3651 6001634 m2 1823584 -2.17108172e-05 0.5 p1 7952 8
969 6002662 m2 502506 -0.000438272138 0.5 p1 7953 8
3057 6009890 m2 1538227 -4.78252193e-09 0.5 p1 7963 8
2451 6010004 m2 1241265 -0.000574590405 0.5 p1 7963 8
6583 6012443 m2 3271056 -1.13124145e-07 0.5 p1 7967 8
9056 6017076 m2 4479937 -0.00206753099 0.5 p1 7973 8
4612 6017121 m2 2286191 -1.48765375e-05 0.5 p1 7973 8
1871 6024248 m2 951929 -3.22396346e-11 0.5 p1 7983 8
3237 6024365 m2 1625436 -0.00022515966 0.5 p1 7983 8
5856 6044483 m2 2917590 -0.000118367956 0.5 p1 8012 8
4364 6046793 m2 2179528 -0.000516640837 0.5 p1 8015 8
1147 6072322 m2 591404 -1.56067781e-08 0.5 p1 8051 8
2660 6074798 m2 1345580 -1.42802259e-09 0.5 p1 8055 8
1828 6090783 m2 927448 -3.06523689e-05 0.5 p1 8078 8
5724 6091464 m2 2850433 -1.82742887e-08 0.5 p1 8079 8
55 6097919 m3 36943 0.00119958736 0.5 p1 8088 8
6191 6100075 m2 3077523 -0.000417243835 0.5 p1 8091 8
8496 6107904 m2 4214493 -2.40620412e-08 0.5 p1 8102 8
4055 6114002 m3 2028055 0.000943808525 0.5 p1 8110 8
8892 6115540 m2 4409174 -3.83515754e-07 0.5 p1 8112 8
1276 6125678 m2 650272 -0.00073510455 0.5 p1 8127 8
1705 6129424 m2 867544 -7.63621699e-07 0.5 p1 8132 8
6670 6155146 m3 3311057 0.000825003081 0.5 p1 8168 8
9093 6163499 m2 4497516 -2.30387127e-06 0.5 p1 8180 8
7276 6176323 m2 3607212 -0.000181399359 0.5 p1 8198 8
2832 6179167 m3 1425030 0.000205808654 0.5 p1 8202 8
1929 6190863 m2 983290 -0.000103803017 0.5 p1 8219 8
6431 6203478 m2 3185638 -0.000567172305 0.5 p1 8237 8
5393 6208807 m2 2680894 -7.25974041e-06 0.5 p1 8245 8
9357 6224651 m2 4625653 -0.000230257399 0.5 p1 8268 8
9483 6224925 m2 4685111 -7.45552916e-06 0.5 p1 8268 8
9275 6242941 m2 4580864 -0.000781254494 0.5 p1 8294 8
4318 6246676 m2 2160706 -6.78536992e-07 0.5 p1 8300 8
4294 6252556 m2 2148078 -0.000165815189 0.5 p1 8308 8
6121 6254462 m2 3039809 -0.000572000397 0.5 p1 8311 8
6649 6258907 m2 3300577 -5.85743037e-05 0.5 p1 8318 8
6102 6259246 m2 3033792 -1.92106456e-10 0.5 p1 8318 8
8991 6260296 m2 4448357 -3.57028782e-11 0.5 p1 8320 8
5103 6263711 m2 2525952 -0.00306497491 0.5 p1 8325 8
8446 6268398 m2 4191064 -7.59471222e-05 0.5 p1 8332 8
3280 6268938 m2 1644299 -0.00035442636 0.5 p1 8332 8
2125 6269327 m2 1085104 -0.000161703487 0.5 p1 8333 8
144 6275766 m2 76627 -0.00348872272 0.5 p1 8342 8
6684 6277837 m2 3315092 -9.76763386e-06 0.5 p1 8345 8
3884 6281469 m2 1943397 -4.09720233e-05 0.5 p1 8351 8
5601 6288402 m2 2788533 -1.56157348e-05 0.5 p1 8361 8
2409 6289539 m2 1223456 -7.8053472e-06 0.5 p1 8363 8
6938 6295054 m2 3440195 -4.69332406e-07 0.5 p1 8371 8
6228 6295111 m2 3091205 -6.07830088e-08 0.5 p1 8371 8
9526 6300634 m2 4706110 -1.24946928e-06 0.5 p1 8379 8
9627 6301149 m2 4759577 -5.01867771e-06 0.5 p1 8379 8
1253 6304332 m2 638952 -0.000662487058 0.5 p1 8384 8
8736 6309848 m2 4333401 -1.06763196e-07 0.5 p1 8392 8
3931 6315862 m2 1961125 -0.000361956161 0.5 p1 8401 8
6708 6335629 m2 3330465 -3.22968344e-06 0.5 p1 8429 8
3750 6345816 m2 1877562 -4.02013399e-15 0.5 p1 8444 8
9257 6349412 m2 4569458 -8.8452427e-05 0.5 p1 8449 8
2890 6355683 m2 1451416 -2.035117e-05 0.5 p1 8458 8
5720 6357802 m2 2847637 -1.60972886e-05 0.5 p1 8461 8
7825 6362559 m2 3888267 -0.000105077364 0.5 p1 8468 8
1511 6363191 m2 770960 -0.000727941515 0.5 p1 8469 8
1501 6372047 m2 765161 -2.30770434e-06 0.5 p1 8482 8
4029 6374632 m2 2010572 -6.74777993e-07 0.5 p1 8486 8
5822 6374896 m2 2899165 -4.94557971e-05 0.5 p1 8486 8
5610 6379305 m2 2792408 -1.48159783e-11 0.5 p1 8493 8
2665 6382338 m2 1349152 -9.1849106e-05 0.5 p1 8497 8
9262 6389504 m2 4573700 -0.000134957038 0.5 p1 8507 8
2222 6391078 m2 1132814 -0.000546481344 0.5 p1 8509 8
1796 6392622 m2 911068 -2.22372831e-09 0.5 p1 8512 8
6293 6393326 m2 3119829 -2.50295707e-05 0.5 p1 8513 8
6986 6401923 m2 3462028 -5.14554404e-06 0.5 p1 8525 8
7261 6405895 m2 3598634 -5.88683179e-07 0.5 p1 8531 8
6779 6411372 m2 3370713 -1.70794956e-05 0.5 p1 8539 8
8503 6415012 m2 4219275 -2.12627377e-12 0.5 p1 8544 8
9378 6415669 m2 4635220 -0.000174330111 0.5 p1 8545 8
1717 6431720 m2 871248 -4.46420017e-06 0.5 p1 8569 8
9868 6438592 m3 4893622 0.00210531708 0.5 p1 8578 8
1459 6441513 m2 742404 -1.06127845e-05 0.5 p1 8582 8
8569 6445146 m2 4249453 -1.71141636e-07 0.5 p1 8588 8
7154 6446544 m2 3547479 -7.31655655e-06 0.5 p1 8590 8
506 6452165 m2 263690 -2.28607096e-05 0.5 p1 8597 8
3036 6466760 m2 1531442 -0.000631490198 0.5 p1 8618 8
3809 6474869 m2 1911283 -4.75449013e-10 0.5 p1 8630 8
173 6477899 m2 94393 -3.94147282e-05 0.5 p1 8634 8
5241 6485038 m2 2607072 -0.000103810606 0.5 p1 8645 8
8884 6490074 m2 4406202 -1.70384044e-06 0.5 p1 8652 8
7727 6500552 m2 3843012 -0.000222921401 0.5 p1 8666 8
2482 6513934 m2 1258890 -0.000179434704 0.5 p1 8685 8
9784 6514664 m2 4841969 -7.05170407e-07 0.5 p1 8686 8
5145 6522828 m2 2551546 -0.000310528674 0.5 p1 8698 8
7858 6554104 m2 3901243 -3.26912923e-05 0.5 p1 8743 8
4438 6578515 m2 2208855 -2.83545273e-06 0.5 p1 8778 8
6273 6587231 m2 3111559 -4.69060012e-07 0.5 p1 8790 8
2910 6594111 m2 1461503 -3.95204916e-06 0.5 p1 8800 8
9455 6602456 m2 4674674 -9.44908379e-07 0.5 p1 8811 8
7607 6612774 m2 3779946 -1.95110661e-05 0.5 p1 8826 8
7743 6616848 m2 3850972 -9.32123294e-05 0.5 p1 8831 8
7234 6626922 m2 3585913 -0.000693750626 0.5 p1 8846 8
8288 6631834 m2 4119438 -0.00170519121 0.5 p1 8853 8
9023 6634885 m2 4464885 -0.000266908028 0.5 p1 8857 8
9157 6641172 m2 4524663 -0.00020691473 0.5 p1 8866 8
7040 6643562 m2 3488969 -5.80151216e-08 0.5 p1 8869 8
4531 6650029 m2 2251473 -0.000503062911 0.5 p1 8878 8
8012 6657357 m2 3967347 -0.00029336632 0.5 p1 8888 8
3245 6661555 m2 1629615 -0.000265072566 0.5 p1 8895 8
6017 6661732 m2 2993899 -7.53256973e-05 0.5 p1 8895 8
5948 6670578 m2 2964252 -3.3509275e-06 0.5 p1 8908 8
770 6674821 m2 397463 -3.04554886e-22 0.5 p1 8913 8
9884 6676864 m2 4898084 -3.19191396e-13 0.5 p1 8916 8
2977 6688890 m2 1500727 -4.69314436e-08 0.5 p1 8933 8
5480 6704337 m2 2727205 -8.68204588e-05 0.5 p1 8955 8
1432 6706318 m2 727793 -1.15233058e-06 0.5 p1 8957 8
3201 6707814 m2 1607761 -1.66927712e-05 0.5 p1 8959 8
5142 6712962 m2 2550895 -1.8366225e-05 0.5 p1 8967 8
3491 6715912 m2 1746722 -1.0012603e-07 0.5 p1 8971 8
4646 6717691 m2 2299358 -3.51182898e-05 0.5 p1 8973 8
3294 6722721 m2 1650313 -1.90805094e-05 0.5 p1 8981 8
140 6725354 m2 75919 -9.59586541e-05 0.5 p1 8985 8
343 6738425 m2 180159 -1.98254802e-05 0.5 p1 9003 8
4337 6742924 m2 2168278 -1.27681797e-05 0.5 p1 9009 8
8470 6744439 m2 4201604 -9.95221671e-06 0.5 p1 9011 8
7549 6748937 m2 3752875 -0.000242209178 0.5 p1 9017 8
4692 6751998 m2 2323695 -0.000392234739 0.5 p1 9022 8
4944 6756129 m2 2442578 -0.000323313201 0.5 p1 9028 8
5069 6771505 m2 2507211 -5.06358047e-05 0.5 p1 9049 8
6717 6780883 m2 3337075 -4.83512963e-07 0.5 p1 9063 8
6811 6788031 m2 3381989 -2.41955809e-06 0.5 p1 9073 8
3714 6790064 m2 1858962 -2.37579138e-06 0.5 p1 9076 8
2899 6796933 m2 1458177 -7.81410225e-09 0.5 p1 9085 8
996 6798277 m2 513388 -1.62229207e-05 0.5 p1 9087 8
1464 6800447 m2 744433 -0.000184882039 0.5 p1 9090 8
6166 6830951 m2 3062521 -0.000115996183 0.5 p1 9134 8
4787 6832933 m2 2367390 -1.05275566e-09 0.5 p1 9137 8
7322 6836071 m2 3630450 -0.000390467263 0.5 p1 9142 8
5143 6836865 m2 2551079 -3.90628045e-08 0.5 p1 9143 8
9658 6838229 m2 4777642 -0.000833797094 0.5 p1 9145 8
2385 6840767 m2 1211025 -1.30143243e-10 0.5 p1 9148 8
1745 6846807 m2 887589 -8.23634934e-07 0.5 p1 9157 8
8971 6860036 m2 4442484 -4.05507453e-05 0.5 p1 9177 8
9420 6871137 m2 4652773 -6.03490946e-07 0.5 p1 9193 8
3266 6878095 m2 1638541 -1.49405769e-05 0.5 p1 9203 8
345 6880674 m2 182294 -5.00546438e-10 0.5 p1 9206 8
6202 6884434 m2 3083771 -5.17579474e-06 0.5 p1 9212 8
3921 6886520 m2 1955378 -1.33928651e-07 0.5 p1 9215 8
9781 6887351 m2 4840699 -1.67690832e-05 0.5 p1 9216 8
214 6887956 m2 114257 -5.08606099e-05 0.5 p1 9217 8
2889 6891063 m2 1449441 -3.26004362e-10 0.5 p1 9221 8
4079 6891732 m2 2040502 -2.05091219e-05 0.5 p1 9222 8
8551 6897771 m2 4242980 -0.000152971377 0.5 p1 9231 8
6414 6900471 m2 3177719 -1.92429683e-10 0.5 p1 9234 8
52 6921194 m2 35153 -0.000225204974 0.5 p1 9264 8
8385 6934068 m2 4159509 -2.17050598e-07 0.5 p1 9283 8
1732 6936065 m2 879465 -2.878126e-05 0.5 p1 9286 8
1080 6940375 m2 560064 -0.000796878769 0.5 p1 9292 8
4261 6950717 m2 2131223 -0.000133062713 0.5 p1 9307 8
8674 6967714 m2 4304743 -0.000704490754 0.5 p1 9332 8
5696 6969944 m3 2837442 0.00191437942 0.5 p1 9335 8
1919 6982261 m2 978699 -2.00580803e-06 0.5 p1 9353 8
8180 6986706 m2 4051035 -1.3541992e-09 0.5 p1 9359 8
7864 6989961 m2 3903779 -6.05142191e-07 0.5 p1 9364 8
4631 6992767 m2 2291146 -8.04268711e-05 0.5 p1 9368 8
1987 7001424 m2 1013263 -0.000190872073 0.5 p1 9380 8
9347 7004045 m2 4622503 -1.81388501e-07 0.5 p1 9384 8
1817 7004191 m2 920766 -1.89993599e-09 0.5 p1 9384 8
1503 7005683 m3 766140 0.00295834639 0.5 p1 9386 8
290 7009572 m2 150026 -0.00124996353 0.5 p1 9392 8
4933 7021175 m2 2438727 -0.00037785343 0.5 p1 9409 8
8382 7022233 m2 4158267 -1.50092262e-06 0.5 p1 9410 8
4169 7030308 m2 2086745 -1.61062326e-06 0.5 p1 9422 8
212 7030421 m2 113633 -0.000621302228 0.5 p1 9422 8
5390 7038926 m2 2679255 -0.000304981542 0.5 p1 9434 8
8729 7048017 m3 4328332 0.000394754461 0.5 p1 9447 8
8558 7051286 m2 4245270 -0.000287161907 0.5 p1 9452 8
404 7055720 m2 211967 -1.2049569e-06 0.5 p1 9458 8
5160 7057468 m2 2562650 -0.00041114958 0.5 p1 9461 8
1062 7081085 m2 549369 -7.22053439e-09 0.5 p1 9495 8
9129 7085310 m3 4515351 0.000407807762 0.5 p1 9501 8
6630 7086064 m2 3289372 -5.27668999e-06 0.5 p1 9502 8
3375 7088591 m2 1692159 -5.43516933e-07 0.5 p1 9506 8
2358 7088864 m2 1200074 -1.50022997e-05 0.5 p1 9506 8
1900 7089091 m2 966424 -8.06885728e-05 0.5 p1 9506 8
7112 7093166 m2 3519822 -2.72559046e-05 0.5 p1 9512 8
993 7095963 m2 512894 -3.95503861e-07 0.5 p1 9516 8
4715 7098190 m2 2334607 -8.26169526e-07 0.5 p1 9519 8
4163 7103297 m2 2082513 -0.000502940791 0.5 p1 9527 8
1009 7111871 m2 520257 -0.0001617425 0.5 p1 9539 8
3362 7111907 m2 1685304 -1.18635244e-05 0.5 p1 9539 8
4594 7131563 m2 2279706 -1.27864023e-05 0.5 p1 9567 8
9373 7135076 m2 4633813 -2.2079641e-05 0.5 p1 9573 8
4724 7137704 m2 2338471 -1.25632141e-05 0.5 p1 9576 8
6398 7149674 m2 3171093 -4.50487425e-10 0.5 p1 9593 8
4778 7152474 m2 2363734 -5.04406016e-05 0.5 p1 9597 8
7666 7153252 m2 3813678 -2.32634406e-07 0.5 p1 9598 8
2844 7159745 m2 1430022 -6.00647102e-11 0.5 p1 9608 8
4557 7164638 m2 2263100 -1.94041316e-08 0.5 p1 9614 8
5667 7168481 m2 2821415 -0.000150181339 0.5 p1 9620 8
5464 7176135 m2 2718590 -1.03626271e-05 0.5 p1 9631 8
2788 7182436 m2 1399361 -1.41927967e-06 0.5 p1 9640 8
8927 7182578 m2 4421812 -3.08579115e-06 0.5 p1 9640 8
1034 7184230 m2 532362 -4.13397366e-19 0.5 p1 9642 8
3396 7191900 m2 1701587 -3.09398783e-05 0.5 p1 9653 8
7837 7199328 m2 3892557 -3.16827231e-06 0.5 p1 9664 8
8480 7201068 m2 4206765 -7.39597056e-07 0.5 p1 9666 8
8543 7203591 m2 4237716 -0.000243341201 0.5 p1 9670 8
6448 7210572 m2 3195019 -0.000389038411 0.5 p1 9680 8
9952 7213673 m2 4932267 -0.000736428774 0.5 p1 9684 8
1275 7214990 m2 649693 -1.14717257e-10 0.5 p1 9686 8
779 7216581 m2 400174 -1.25779265e-09 0.5 p1 9688 8
6934 7227918 m2 3437402 -0.000374230411 0.5 p1 9704 8
429 7232064 m2 224298 -0.000307570357 0.5 p1 9710 8
6746 7236143 m2 3353349 -5.71623843e-07 0.5 p1 9716 8
7562 7240332 m2 3757418 -6.17779951e-05 0.5 p1 9722 8
2276 7246137 m2 1158490 -9.33080401e-07 0.5 p1 9730 8
6479 7260459 m2 3209998 -1.75205772e-09 0.5 p1 9751 8
4298 7262096 m2 2149092 -2.2430022e-06 0.5 p1 9753 8
10052 7264078 m2 4975110 -2.17077486e-05 0.5 p1 9756 8
7333 7266980 m2 3636022 -9.52532864e-05 0.5 p1 9760 8
2056 7267092 m2 1052052 -1.68467886e-06 0.5 p1 9760 8
8515 7268009 m3 4225281 0.0025389262 0.5 p1 9762 8
6168 7272943 m2 3065249 -2.03170814e-09 0.5 p1 9769 8
9916 7275688 m2 4914010 -5.25087999e-05 0.5 p1 9773 8
5181 7276737 m2 2575193 -1.68545182e-06 0.5 p1 9775 8
6084 7279892 m2 3027885 -1.59413571e-06 0.5 p1 9779 8
817 7280049 m2 418715 -9.67096975e-12 0.5 p1 9779 8
2830 7297794 m2 1424483 -5.73915713e-07 0.5 p1 9805 8
6580 7300485 m2 3269959 -0.000243314891 0.5 p1 9809 8
7822 7305865 m2 3886658 -8.96320174e-08 0.5 p1 9816 8
7560 7316906 m2 3756482 -4.1785211e-15 0.5 p1 9832 8
238 7322930 m2 121929 -1.97122541e-10 0.5 p1 9841 8
2512 7328644 m2 1279255 -1.0905837e-11 0.5 p1 9849 8
1222 7332288 m2 625114 -1.15077155e-05 0.5 p1 9854 8
4826 7336483 m2 2385431 -9.71795799e-08 0.5 p1 9860 8
5636 7339033 m2 2803498 -8.74016841e-05 0.5 p1 9864 8
9612 7341701 m2 4750985 -0.00028384148 0.5 p1 9868 8
9682 7355170 m2 4786861 -5.57178659e-08 0.5 p1 9887 8
7362 7357161 m2 3649287 -3.37049605e-05 0.5 p1 9889 8
8264 7361556 m2 4100746 -3.71727076e-08 0.5 p1 9896 8
360 7361966 m2 188717 -5.3196185e-05 0.5 p1 9896 8
8932 7363976 m2 4422956 -2.08967814e-15 0.5 p1 9899 8
2335 7364026 m2 1191085 -0.000226005577 0.5 p1 9900 8
9318 7369341 m2 4607032 -5.79619723e-07 0.5 p1 9907 8
4019 7376797 m2 2005402 -0.000131149718 0.5 p1 9918 8
4643 7384795 m2 2298870 -1.45540471e-05 0.5 p1 9929 8
3069 7388826 m3 1545628 0.000383288541 0.5 p1 9935 8
4717 7391818 m2 2335648 -5.1002502e-05 0.5 p1 9939 8
8318 7392435 m2 4128146 -0.000577399915 0.5 p1 9940 8
6312 7397245 m2 3130263 -4.89631056e-08 0.5 p1 9947 8
436 7398156 m2 229370 -3.07904884e-07 0.5 p1 9949 8
5120 7403031 m2 2536622 -1.4520132e-05 0.5 p1 9956 8
9714 7406938 m2 4808359 -0.000245998614 0.5 p1 9962 8
6387 7412551 m2 3167501 -5.14337917e-05 0.5 p1 9970 8
4031 7416677 m2 2010892 -1.0075024e-05 0.5 p1 9975 8
6699 7417491 m2 3321765 -3.78030691e-19 0.5 p1 9977 8
7083 7418577 m2 3507515 -0.00076675578 0.5 p1 9978 8
6822 7418856 m2 3388650 -0.000310725271 0.5 p1 9979 8
9106 7419630 m2 4506203 -1.21173189e-05 0.5 p1 9980 8
2874 7420204 m2 1442752 -1.37088387e-06 0.5 p1 9980 8
7835 7420544 m2 3892273 -5.59547919e-09 0.5 p1 9981 8
8010 7428806 m2 3965733 -6.54976429e-09 0.5 p1 9993 8
8443 7437499 m2 4188527 -0.000886353198 0.5 p1 10006 8
4768 7440162 m2 2360007 -6.65105881e-06 0.5 p1 10009 8
8658 7448252 m2 4291981 -0.00079377339 0.5 p1 10021 8
9869 7450150 m2 4894058 -2.81667055e-21 0.5 p1 10024 8
9464 7459547 m2 4677577 -0.000137114839 0.5 p1 10037 8
1737 7465840 m2 881721 -2.42217538e-06 0.5 p1 10046 8
2695 7468506 m2 1361317 -1.30574724e-08 0.5 p1 10050 8
578 7484880 m2 300177 -0.000188620004 0.5 p1 10073 8
4895 7487127 m2 2418809 -4.57866099e-06 0.5 p1 10077 8
323 7489126 m2 167529 -0.000713243149 0.5 p1 10079 8
7801 7497993 m2 3877708 -4.29894817e-06 0.5 p1 10092 8
9735 7500833 m2 4816947 -1.37180514e-05 0.5 p1 10096 8
1551 7505942 m2 789196 -6.07499424e-12 0.5 p1 10104 8
4913 7509163 m2 2429110 -6.02446562e-06 0.5 p1 10108 8
9663 7520122 m2 4779001 -9.02633019e-06 0.5 p1 10124 8
5373 7522692 m2 2671141 -0.000635047036 0.5 p1 10128 8
1715 7533341 m3 871065 0.0048318156 0.5 p1 10143 8
873 7536290 m2 453443 -1.61471843e-17 0.5 p1 10147 8
5931 7536614 m2 2954756 -8.93850302e-06 0.5 p1 10148 8
5372 7538199 m2 2669988 -0.000471440901 0.5 p1 10150 8
7507 7538988 m2 3726676 -1.06420184e-05 0.5 p1 10151 8
3331 7543379 m2 1667168 -0.000820152869 0.5 p1 10158 8
4304 7545455 m2 2151460 -0.000168887927 0.5 p1 10161 8
1095 7549543 m2 564495 -5.74512778e-05 0.5 p1 10166 8
662 7551297 m2 342545 -1.78144948e-08 0.5 p1 10169 8
1466 7554025 m2 745356 -0.000206687764 0.5 p1 10173 8
82 7554536 m2 48543 -7.17411055e-08 0.5 p1 10174 8
4753 7554934 m3 2349227 0.000710562337 0.5 p1 10174 8
10065 7559319 m2 4981368 -0.000607412134 0.5 p1 10180 8
2458 7564220 m2 1243409 -0.000443805591 0.5 p1 10187 8
7671 7566010 m2 3814113 -0.000214988933 0.5 p1 10190 8
1570 7574573 m2 797666 -0.000266930234 0.5 p1 10202 8
2637 7582917 m2 1335721 -4.31345279e-06 0.5 p1 10215 8
2610 7584700 m2 1321052 -1.28471981e-06 0.5 p1 10217 8
8240 7588685 m3 4085685 0.00130774605 0.5 p1 10223 8
6339 7608155 m2 3145708 -9.74528739e-05 0.5 p1 10251 8
3342 7610391 m2 1675027 -1.45342237e-05 0.5 p1 10254 8
4455 7611553 m2 2215532 -3.96782298e-07 0.5 p1 10256 8
7803 7614344 m2 3879935 -4.3010099e-11 0.5 p1 10260 8
207 7615554 m2 109840 -0.000103892737 0.5 p1 10262 8
3169 7619732 m2 1594844 -0.000259186956 0.5 p1 10268 8
2376 7622696 m2 1207104 -8.14467967e-07 0.5 p1 10272 8
9566 7627861 m2 4727962 -2.76336777e-05 0.5 p1 10279 8
8885 7628564 m2 4406651 -0.000120337922 0.5 p1 10280 8
4589 7628730 m2 2277198 -9.88576267e-06 0.5 p1 10280 8
8285 7633529 m2 4117925 -6.94463006e-06 0.5 p1 10287 8
1119 7637090 m2 578452 -4.71437751e-08 0.5 p1 10293 8
8843 7643934 m2 4385045 -2.42358245e-10 0.5 p1 10302 8
2510 7648359 m2 1277802 -0.000189593411 0.5 p1 10309 8
9925 7648521 m2 4918697 -0.00144539541 0.5 p1 10309 8
2309 7654827 m2 1174501 -7.82749039e-12 0.5 p1 10318 8
7196 7671516 m2 3568972 -2.26215107e-05 0.5 p1 10342 8
3969 7675572 m2 1979790 -7.75578535e-09 0.5 p1 10348 8
8589 7680417 m2 4258476 -3.76422286e-05 0.5 p1 10355 8
2041 7684352 m2 1045927 -0.000277317944 0.5 p1 10361 8
2068 7691346 m2 1059274 -0.00118425221 0.5 p1 10371 8
3662 7693247 m2 1827991 -0.00038664075 0.5 p1 10374 8
9584 7694681 m2 4736174 -4.91894063e-08 0.5 p1 10376 8
1426 7696168 m2 722695 -4.84941552e-07 0.5 p1 10378 8
9788 7701937 m2 4844182 -0.00114066491 0.5 p1 10386 8
3565 7702422 m2 1783878 -0.00198844518 0.5 p1 10387 8
9294 7707324 m2 4593556 -7.82602172e-07 0.5 p1 10394 8
6433 7708449 m2 3186213 -6.99917564e-06 0.5 p1 10396 8
5349 7714553 m2 2662630 -4.14400994e-08 0.5 p1 10405 8
3706 7719251 m2 1855841 -0.000241173184 0.5 p1 10412 8
8394 7720559 m2 4163454 -9.47194906e-07 0.5 p1 10414 8
5452 7721735 m2 2713415 -0.000348664791 0.5 p1 10416 8
7588 7725420 m2 3771216 -2.64026482e-07 0.5 p1 10421 8
1539 7727662 m2 783756 -2.98333612e-06 0.5 p1 10424 8
3677 7729596 m2 1839592 -1.59309798e-06 0.5 p1 10427 8
1373 7734623 m2 700039 -2.20291822e-05 0.5 p1 10434 8
3232 7738837 m2 1622819 -0.000103462531 0.5 p1 10440 8
5873 7744084 m2 2926429 -0.000268377335 0.5 p1 10448 8
2740 7752828 m2 1378310 -1.32060734e-07 0.5 p1 10461 8
8737 7777959 m2 4333577 -0.00227439171 0.5 p1 10497 8
8560 7781324 m2 4245764 -6.70776545e-10 0.5 p1 10502 8
185 7798602 m2 101926 -0.000123088845 0.5 p1 10527 8
4170 7818974 m2 2086934 -5.5303658e-06 0.5 p1 10557 8
1707 7819015 m2 867880 -6.7067398e-05 0.5 p1 10557 8
732 7827203 m2 378436 -0.000270537799 0.5 p1 10568 8
8791 7828044 m2 4359005 -8.85943446e-05 0.5 p1 10569 8
2560 7836983 m2 1298385 -0.000450498075 0.5 p1 10583 8
1122 7839563 m2 579262 -3.80094832e-07 0.5 p1 10586 8
2815 7843474 m2 1416634 -1.62873732e-07 0.5 p1 10592 8
3356 7843862 m2 1681365 -2.72202033e-05 0.5 p1 10593 8
8770 7849175 m2 4349001 -0.000352556701 0.5 p1 10600 8
5966 7851300 m2 2970164 -1.49815893e-08 0.5 p1 10603 8
7517 7852816 m2 3731212 -0.000896074635 0.5 p1 10606 8
4139 7855813 m2 2072056 -1.31345564e-06 0.5 p1 10610 8
6886 7869803 m2 3417157 -9.353476e-07 0.5 p1 10630 8
6614 7870599 m2 3284429 -0.000158479772 0.5 p1 10632 8
4696 7872414 m2 2324489 -1.05983145e-05 0.5 p1 10634 8
2475 7874079 m2 1255723 -0.000189656319 0.5 p1 10637 8
9233 7876082 m2 4560039 -2.40035813e-09 0.5 p1 10640 8
54 7880239 m2 36677 -5.07482923e-07 0.5 p1 10646 8
4159 7881706 m3 2080290 0.000119538498 0.5 p1 10648 8
3035 7887004 m2 1531069 -6.99353052e-07 0.5 p1 10656 8
6951 7904658 m2 3445988 -0.000621909567 0.5 p1 10682 8
512 7910151 m2 265894 -2.11460756e-05 0.5 p1 10690 8
7063 7912218 m2 3497516 -1.39393933e-05 0.5 p1 10693 8
6619 7914237 m2 3285684 -3.83166654e-09 0.5 p1 10696 8
2456 7920366 m2 1242542 -0.000410338194 0.5 p1 10705 8
4280 7920545 m2 2141315 -0.000751766434 0.5 p1 10705 8
7133 7921475 m2 3531819 -1.86654496e-08 0.5 p1 10706 8
6147 7931874 m2 3052922 -5.9754484e-06 0.5 p1 10722 8
9957 7931916 m2 4933389 -2.20377715e-05 0.5 p1 10722 8
3859 7932773 m2 1931604 -5.20412671e-11 0.5 p1 10723 8
3229 7932904 m2 1621239 -2.02556039e-09 0.5 p1 10723 8
9125 7933568 m2 4514122 -0.000607422844 0.5 p1 10724 8
9577 7936087 m2 4732559 -1.80046027e-05 0.5 p1 10728 8
3297 7967030 m2 1651466 -5.13432585e-09 0.5 p1 10773 8
7634 7971920 m2 3794510 -1.5745105e-05 0.5 p1 10780 8
3987 7974366 m2 1988238 -1.52557706e-11 0.5 p1 10784 8
1040 7976702 m2 535639 -6.66006059e-08 0.5 p1 10787 8
3829 7989631 m2 1918995 -0.000237970497 0.5 p1 10806 8
2097 7993032 m2 1072282 -7.65943073e-11 0.5 p1 10811 8
5797 7996669 m2 2884600 -9.04572488e-08 0.5 p1 10817 8
5745 7996715 m2 2860398 -9.98076939e-05 0.5 p1 10817 8
2592 8001860 m2 1310918 -0.00017171989 0.5 p1 10824 8
1211 8017649 m2 620550 -3.37607446e-07 0.5 p1 10847 8
3834 8025950 m2 1922295 -7.91522416e-06 0.5 p1 10859 8
9024 8027843 m3 4465292 0.000811303209 0.5 p1 10862 8
2995 8037789 m2 1510019 -3.40945508e-06 0.5 p1 10876 8
7137 8051133 m2 3532788 -8.89943319e-09 0.5 p1 10896 8
1598 8051850 m2 808682 -1.25422716e-07 0.5 p1 10897 8
3589 8052684 m2 1797358 -5.23260471e-13 0.5 p1 10898 8
6823 8055592 m2 3389866 -9.46547818e-09 0.5 p1 10902 8
5122 8060371 m2 2537789 -0.000162409226 0.5 p1 10909 8
7027 8062560 m3 3481367 0.00265823747 0.5 p1 10913 8
1862 8064370 m2 947092 -3.22121281e-07 0.5 p1 10915 8
10070 8065120 m2 4982092 -0.000166788144 0.5 p1 10916 8
1635 8067789 m2 826517 -8.36861655e-05 0.5 p1 10920 8
5836 8073070 m2 2907497 -2.59500648e-05 0.5 p1 10928 8
2902 8073098 m2 1458767 -1.05944656e-10 0.5 p1 10928 8
5077 8073910 m2 2511378 -9.3706916e-07 0.5 p1 10929 8
845 8083911 m2 439870 -1.58641829e-08 0.5 p1 10944 8
1597 8085527 m2 807978 -1.63241602e-05 0.5 p1 10946 8
7561 8089726 m2 3757162 -9.76343557e-08 0.5 p1 10952 8
3122 8100504 m2 1568918 -1.1702943e-07 0.5 p1 10967 8
4210 8104222 m2 2106503 -9.93295762e-05 0.5 p1 10973 8
3241 8105627 m2 1626732 -8.68355869e-07 0.5 p1 10975 8
3615 8111003 m3 1811581 0.00157391862 0.5 p1 10982 8
4211 8111508 m2 2107987 -1.57810098e-10 0.5 p1 10983 8
7259 8113813 m2 3598020 -1.28741348e-07 0.5 p1 10986 8
8460 8124892 m2 4197005 -0.000170675965 0.5 p1 11002 8
6159 8127333 m2 3058078 -0.000110069697 0.5 p1 11005 8
9718 8134535 m2 4809865 -2.36493565e-06 0.5 p1 11016 8
8957 8138750 m2 4434156 -0.000411926623 0.5 p1 11022 8
3154 8146928 m2 1583494 -4.51345513e-05 0.5 p1 11034 8
4017 8152040 m2 2004996 -9.40109535e-12 0.5 p1 11042 8
5336 8154999 m2 2656225 -9.72919315e-06 0.5 p1 11046 8
4323 8160500 m2 2162813 -1.06485515e-10 0.5 p1 11054 8
5288 8161720 m2 2628877 -6.15480485e-06 0.5 p1 11056 8
8965 8163105 m2 4440411 -1.4652579e-05 0.5 p1 11058 8
7767 8166500 m2 3862095 -4.11729015e-05 0.5 p1 11062 8
4267 8171985 m2 2135951 -0.000320234045 0.5 p1 11070 8
3393 8180130 m3 1697369 0.000741900527 0.5 p1 11082 8
2933 8192507 m2 1475413 -6.08388632e-07 0.5 p1 11100 8
7086 8194862 m2 3509092 -0.000210935948 0.5 p1 11103 8
501 8202041 m2 262527 -2.65649227e-08 0.5 p1 11114 8
8624 8218407 m2 4277348 -3.64604391e-09 0.5 p1 11138 8
7484 8220985 m2 3717087 -2.22405291e-07 0.5 p1 11141 8
7309 8225462 m2 3620571 -8.83605753e-05 0.5 p1 11148 8
2570 8226682 m2 1302045 -3.62234969e-05 0.5 p1 11150 8
3083 8227331 m2 1551714 -1.43954821e-07 0.5 p1 11151 8
8688 8230892 m2 4308508 -4.89524496e-07 0.5 p1 11156 8
1870 8230924 m2 951701 -1.21101412e-16 0.5 p1 11156 8
8029 8235410 m2 3974403 -0.000224846386 0.5 p1 11163 8
4792 8236101 m2 2370391 -3.20450126e-05 0.5 p1 11164 8
6258 8237097 m2 3106810 -0.000283582398 0.5 p1 11165 8
1903 8255356 m2 969182 -1.07002534e-05 0.5 p1 11192 8
471 8259128 m2 245622 -1.50217545e-08 0.5 p1 11198 8
8980 8260014 m2 4446197 -0.000183366254 0.5 p1 11199 8
1407 8261965 m2 713621 -0.000359931699 0.5 p1 11202 8
9653 8272672 m2 4775559 -2.70973572e-07 0.5 p1 11217 8
1105 8278567 m2 569671 -1.89162375e-09 0.5 p1 11226 8
6673 8290274 m2 3311255 -0.00150877202 0.5 p1 11242 8
3099 8305235 m2 1558451 -0.000880650827 0.5 p1 11264 8
8632 8309364 m2 4279793 -0.000310410018 0.5 p1 11270 8
5649 8309370 m3 2809139 0.000311198586 0.5 p1 11270 8
9029 8310125 m2 4468013 -0.000274906546 0.5 p1 11271 8
5216 8320943 m2 2595823 -2.92566739e-07 0.5 p1 11287 8
812 8321451 m3 416418 0.00148303446 0.5 p1 11288 8
9923 8356862 m2 4917887 -1.74462436e-08 0.5 p1 11339 8
6226 8359847 m2 3091063 -5.16418841e-05 0.5 p1 11344 8
9130 8361037 m2 4515361 -4.18193522e-05 0.5 p1 11345 8
922 8369517 m2 477016 -5.74647238e-05 0.5 p1 11358 8
8284 8377893 m2 4116718 -3.17505837e-05 0.5 p1 11370 8
6018 8384461 m2 2994095 -5.76155035e-05 0.5 p1 11380 8
7870 8386148 m2 3907667 -1.97574337e-07 0.5 p1 11382 8
9264 8386850 m2 4575013 -6.42897285e-05 0.5 p1 11383 8
6455 8398306 m2 3201563 -1.21000039e-05 0.5 p1 11400 8
6036 8403582 m2 3004735 -2.587211e-10 0.5 p1 11408 8
671 8410372 m2 345533 -6.74841358e-05 0.5 p1 11417 8
2058 8414954 m2 1052146 -2.46386298e-05 0.5 p1 11424 8
7420 8416255 m2 3683135 -3.01152304e-05 0.5 p1 11426 8
7677 8416955 m2 3817108 -8.658144e-07 0.5 p1 11427 8
4070 8422330 m2 2037323 -3.41306913e-05 0.5 p1 11435 8
6217 8423043 m2 3088649 -7.74707314e-06 0.5 p1 11436 8
6013 8424564 m2 2990892 -3.02832063e-06 0.5 p1 11438 8
3598 8425577 m2 1802874 -0.000461608783 0.5 p1 11439 8
4325 8443990 m2 2163307 -8.50460609e-08 0.5 p1 11466 8
5737 8445902 m2 2856247 -1.34415627e-15 0.5 p1 11469 8
6586 8448514 m2 3272056 -0.000255111838 0.5 p1 11473 8
765 8453403 m2 395902 -1.27560702e-06 0.5 p1 11480 8
5048 8454179 m2 2497867 -0.000259582361 0.5 p1 11481 8
8960 8467141 m2 4436738 -2.14460059e-08 0.5 p1 11499 8
9864 8467501 m2 4892312 -1.15036137e-05 0.5 p1 11500 8
7993 8470172 m2 3958823 -0.000701989396 0.5 p1 11504 8
8734 8471935 m2 4331922 -6.13617317e-08 0.5 p1 11506 8
4572 8480088 m2 2269209 -0.000187543745 0.5 p1 11518 8
8707 8488089 m2 4315993 -0.000190696577 0.5 p1 11530 8
8294 8493628 m2 4121537 -9.74022078e-06 0.5 p1 11538 8
7359 8499980 m2 3647893 -0.000254810409 0.5 p1 11548 8
5921 8501635 m2 2949983 -0.000441968936 0.5 p1 11550 8
5860 8510262 m2 2919681 -1.70684598e-06 0.5 p1 11563 8
463 8514804 m2 242278 -3.82539019e-06 0.5 p1 11570 8
3962 8514917 m2 1976738 -1.24906308e-10 0.5 p1 11570 8
7009 8515461 m2 3471988 -8.61984404e-08 0.5 p1 11570 8
8938 8519649 m2 4426440 -6.7351466e-05 0.5 p1 11577 8
2051 8521010 m2 1050828 -3.08534254e-06 0.5 p1 11579 8
7287 8522775 m2 3613074 -0.000338978629 0.5 p1 11581 8
6577 8527163 m2 3267965 -5.66800679e-07 0.5 p1 11587 8
10035 8532078 m2 4968933 -1.59548357e-08 0.5 p1 11595 8
6434 8553948 m2 3188047 -1.12651787e-05 0.5 p1 11627 8
3989 8554808 m2 1990661 -0.000212877349 0.5 p1 11629 8
8714 8555276 m2 4318809 -1.43448977e-08 0.5 p1 11629 8
1997 8569284 m2 1018977 -0.000154961439 0.5 p1 11650 8
9528 8572726 m2 4707893 -0.000164022029 0.5 p1 11655 8
8327 8576684 m2 4132257 -7.65391724e-06 0.5 p1 11661 8
5024 8579825 m2 2483108 -3.88650114e-05 0.5 p1 11666 8
1207 8581385 m2 618890 -7.3047886e-06 0.5 p1 11668 8
4328 8589007 m2 2165165 -5.31670196e-07 0.5 p1 11679 8
5250 8604341 m2 2612633 -0.000226700315 0.5 p1 11701 8
2952 8604624 m3 1487690 0.0060304259 0.5 p1 11702 8
4687 8605800 m2 2321765 -4.75888737e-05 0.5 p1 11703 8
4626 8610577 m2 2289871 -6.96693178e-07 0.5 p1 11710 8
6324 8611800 m2 3138157 -1.18364214e-05 0.5 p1 11712 8
665 8612719 m2 344578 -1.23460563e-06 0.5 p1 11713 8
5100 8616416 m2 2524854 -3.56163667e-08 0.5 p1 11719 8
2275 8629319 m2 1158362 -0.000244615076 0.5 p1 11738 8
7888 8634176 m2 3916395 -2.15969249e-05 0.5 p1 11745 8
7371 8643482 m2 3656583 -0.000212264888 0.5 p1 11758 8
8999 8646218 m2 4450865 -1.94140155e-11 0.5 p1 11762 8
3166 8651954 m2 1592116 -1.80975239e-05 0.5 p1 11771 8
1173 8656379 m2 601885 -0.000296352926 0.5 p1 11777 8
455 8660209 m2 238307 -0.000462279859 0.5 p1 11783 8
5831 8661992 m2 2904211 -0.000436173141 0.5 p1 11785 8
1894 8668014 m2 963406 -0.000979645643 0.5 p1 11794 8
8769 8670561 m2 4348119 -6.20827041e-06 0.5 p1 11797 8
142 8671246 m2 76325 -4.90375032e-11 0.5 p1 11798 8
846 8675238 m2 440001 -9.50140078e-10 0.5 p1 11804 8
6074 8680682 m2 3022051 -0.000175392808 0.5 p1 11812 8
3699 8688591 m3 1851447 0.00262955856 0.5 p1 11824 8
6889 8692813 m2 3417865 -1.08877567e-10 0.5 p1 11830 8
761 8694369 m2 393141 -2.00100317e-06 0.5 p1 11832 8
1779 8695549 m2 900724 -2.83580426e-09 0.5 p1 11834 8
6853 8707516 m2 3399353 -8.14908708e-06 0.5 p1 11851 8
9290 8711906 m2 4591519 -1.13668029e-05 0.5 p1 11858 8
1330 8721294 m2 676595 -1.82108615e-05 0.5 p1 11872 8
2399 8725692 m2 1216735 -2.55153427e-08 0.5 p1 11878 8
4930 8727584 m2 2437552 -5.70000395e-07 0.5 p1 11881 8
1941 8727825 m2 991795 -1.63847545e-07 0.5 p1 11881 8
3609 8733682 m2 1805835 -0.00017983462 0.5 p1 11890 8
4329 8734021 m2 2165918 -4.13715134e-05 0.5 p1 11890 8
8167 8736094 m2 4042250 -1.1796591e-05 0.5 p1 11893 8
5433 8752148 m2 2704264 -2.18409677e-05 0.5 p1 11917 8
8416 8764098 m2 4174499 -3.8582898e-06 0.5 p1 11934 8
2669 8766150 m2 1350855 -2.39760539e-05 0.5 p1 11937 8
5031 8775119 m2 2487455 -3.37267068e-07 0.5 p1 11950 8
6044 8792241 m2 3006080 -1.29716518e-05 0.5 p1 11975 8
5332 8794624 m2 2654404 -1.8816894e-07 0.5 p1 11979 8
5654 8805852 m2 2813016 -7.53791892e-06 0.5 p1 11995 8
6501 8808284 m2 3223601 -3.12138667e-07 0.5 p1 11999 8
1873 8812649 m2 953255 -2.20333504e-06 0.5 p1 12005 8
3944 8814711 m2 1966409 -1.88436558e-10 0.5 p1 12008 8
125 8822380 m2 70497 -9.17752596e-10 0.5 p1 12020 8
6406 8827579 m2 3172768 -3.48209346e-06 0.5 p1 12027 8
9626 8831936 m2 4759333 -8.07632205e-06 0.5 p1 12034 8
7345 8836307 m2 3640953 -4.64199873e-10 0.5 p1 12040 8
6080 8837634 m2 3024932 -6.41126053e-06 0.5 p1 12042 8
449 8844327 m2 235820 -7.31518526e-08 0.5 p1 12052 8
2590 8844386 m2 1310082 -1.1808309e-05 0.5 p1 12052 8
6887 8849063 m2 3417428 -3.39645339e-05 0.5 p1 12059 8
8076 8856930 m2 3996046 -0.000176093061 0.5 p1 12071 8
1682 8857206 m2 852926 -3.22796113e-05 0.5 p1 12071 8
5341 8860505 m2 2658754 -0.00028043057 0.5 p1 12076 8
8812 8862813 m2 4369298 -0.000175115812 0.5 p1 12079 8
3818 8870528 m2 1914286 -0.000312171498 0.5 p1 12091 8
9003 8871492 m2 4452646 -0.000522584014 0.5 p1 12092 8
2104 8876368 m2 1076380 -1.10082021e-06 0.5 p1 12100 8
9596 8877840 m2 4740917 -1.35815903e-09 0.5 p1 12102 8
7125 8880658 m2 3524293 -2.24817049e-05 0.5 p1 12106 8
2331 8888536 m2 1189613 -1.88263789e-06 0.5 p1 12117 8
4069 8893053 m2 2037306 -2.39263863e-06 0.5 p1 12124 8
7241 8899512 m2 3588045 -3.6641718e-06 0.5 p1 12134 8
6877 8899687 m2 3412219 -0.00103400578 0.5 p1 12134 8
8612 8903488 m2 4272154 -3.06766301e-09 0.5 p1 12139 8
415 8909774 m2 218012 -4.16646685e-07 0.5 p1 12149 8
8000 8916836 m2 3961730 -5.3847009e-07 0.5 p1 12159 8
524 8916925 m2 272777 -3.44228033e-06 0.5 p1 12159 8
2128 8919862 m2 1086668 -1.04661291e-09 0.5 p1 12163 8
9141 8922216 m2 4518357 -0.00134367554 0.5 p1 12167 8
6133 8925264 m2 3046116 -5.52509664e-06 0.5 p1 12171 8
3263 8942946 m2 1637864 -8.61496048e-08 0.5 p1 12197 8
642 8945466 m2 333321 -0.00040833329 0.5 p1 12201 8
8259 8955125 m2 4098645 -0.00037003358 0.5 p1 12215 8
1736 8970065 m2 880998 -4.23693837e-06 0.5 p1 12237 8
1383 8980019 m2 704902 -0.000156365713 0.5 p1 12252 8
2260 8986495 m2 1149166 -0.000366896653 0.5 p1 12261 8
9655 8996531 m2 4776415 -1.06541336e-06 0.5 p1 12276 8
5682 9002139 m2 2828567 -7.63079952e-05 0.5 p1 12284 8
933 9002233 m2 485444 -0.00238585146 0.5 p1 12284 8
3788 9016724 m2 1899897 -0.000202422365 0.5 p1 12306 8
7575 9023510 m2 3764194 -8.79964937e-05 0.5 p1 12315 8
1331 9026587 m2 676894 -0.000204339929 0.5 p1 12320 8
6894 9032398 m2 3419579 -5.49459446e-06 0.5 p1 12328 8
1999 9036821 m2 1021195 -4.10118695e-08 0.5 p1 12335 8
3503 9052818 m2 1750098 -2.22138078e-05 0.5 p1 12358 8
8301 9077218 m2 4123181 -2.99032632e-10 0.5 p1 12395 8
4107 9085325 m2 2056296 -3.04911209e-05 0.5 p1 12406 8
3009 9089357 m2 1515666 -1.23706087e-07 0.5 p1 12412 8
5242 9100763 m2 2607215 -1.2108464e-05 0.5 p1 12429 8
2063 9102864 m2 1055003 -5.9350068e-08 0.5 p1 12432 8
4289 9103612 m2 2146469 -2.06525965e-06 0.5 p1 12433 8
3981 9105650 m2 1985510 -0.000542551919 0.5 p1 12436 8
5744 9131819 m2 2860304 -4.80609924e-05 0.5 p1 12475 8
2476 9132446 m2 1255961 -7.8560457e-05 0.5 p1 12476 8
3729 9133735 m2 1865852 -1.95210705e-05 0.5 p1 12477 8
4253 9134159 m2 2129259 -0.00019583902 0.5 p1 12478 8
3556 9134625 m2 1779046 -0.000153618574 0.5 p1 12479 8
5361 9137204 m2 2668379 -4.86385543e-10 0.5 p1 12483 8
4605 9141644 m3 2284175 0.00322332722 0.5 p1 12489 8
4679 9143352 m2 2317448 -2.88668531e-07 0.5 p1 12492 8
9312 9144588 m2 4605490 -3.63000277e-06 0.5 p1 12494 8
8533 9145096 m2 4229838 -6.27448571e-07 0.5 p1 12494 8
8493 9147080 m2 4213380 -2.52650698e-05 0.5 p1 12497 8
780 9153453 m2 400195 -1.12638821e-13 0.5 p1 12506 8
7060 9172547 m2 3496469 -1.11033094e-09 0.5 p1 12535 8
7474 9173704 m2 3711023 -0.000800051901 0.5 p1 12537 8
2613 9187186 m3 1323147 0.000608430128 0.5 p1 12556 8
4508 9203783 m3 2239420 0.0015154219 0.5 p1 12580 8
1286 9243825 m2 656957 -5.34839501e-06 0.5 p1 12638 8
295 9247334 m2 152281 -2.83363443e-05 0.5 p1 12644 8
2887 9252581 m2 1449070 -0.000674688083 0.5 p1 12651 8
895 9253389 m2 465545 -0.000370711292 0.5 p1 12652 8
2112 9264864 m2 1078621 -2.97786319e-05 0.5 p1 12669 8
6582 9267363 m2 3270880 -0.000848305586 0.5 p1 12673 8
9671 9267948 m2 4784178 -3.60226049e-09 0.5 p1 12674 8
2085 9273965 m2 1064792 -0.000283194473 0.5 p1 12683 8
9950 9279445 m2 4931379 -3.1987945e-06 0.5 p1 12690 8
3402 9280351 m2 1703643 -0.000779381488 0.5 p1 12692 8
6508 9280845 m2 3224987 -7.31303226e-05 0.5 p1 12693 8
3516 9293145 m2 1757341 -4.43903627e-05 0.5 p1 12711 8
6573 9295369 m2 3266467 -1.81343021e-05 0.5 p1 12714 8
9156 9302375 m2 4523714 -0.00013812416 0.5 p1 12724 8
9633 9312303 m2 4766287 -1.7093198e-05 0.5 p1 12739 8
1545 9319479 m2 786041 -1.07239066e-06 0.5 p1 12749 8
4800 9341540 m3 2373403 0.000590218522 0.5 p1 12781 8
9307 9346898 m2 4602513 -0.000863730616 0.5 p1 12789 8
5236 9348676 m2 2604036 -0.00065978372 0.5 p1 12792 8
6208 9350905 m2 3085786 -6.89264416e-05 0.5 p1 12795 8
4584 9356282 m2 2274216 -8.26412605e-10 0.5 p1 12803 8
4156 9365850 m3 2078941 0.00152206002 0.5 p1 12817 8
8717 9367973 m2 4320111 -1.87339266e-13 0.5 p1 12820 8
5270 9368438 m3 2620716 0.00276746531 0.5 p1 12821 8
2029 9376831 m3 1037305 5.50010154e-05 0.5 p1 12833 8
7315 9379434 m2 3623130 -2.54947354e-05 0.5 p1 12837 8
107 9380735 m2 61324 -0.000378578843 0.5 p1 12839 8
2322 9384885 m2 1182357 -4.84987322e-05 0.5 p1 12845 8
3919 9387863 m2 1955017 -4.39435753e-05 0.5 p1 12849 8
3361 9402438 m2 1684816 -9.99607619e-06 0.5 p1 12871 8
6389 9432396 m2 3168596 -1.33224595e-14 0.5 p1 12915 8
7116 9436275 m2 3521646 -0.000303451845 0.5 p1 12921 8
1921 9443717 m2 980648 -0.000436125905 0.5 p1 12932 8
634 9451055 m2 327893 -0.000112945301 0.5 p1 12942 8
556 9470182 m3 287411 0.00357365096 0.5 p1 12970 8
8362 9472518 m2 4149315 -5.40336531e-09 0.5 p1 12974 8
8146 9474004 m2 4029241 -8.988198e-16 0.5 p1 12976 8
3525 9476795 m2 1760070 -0.000707394909 0.5 p1 12980 8
1154 9483287 m2 595674 -0.000260279136 0.5 p1 12989 8
1078 9488155 m2 559682 -6.04763663e-05 0.5 p1 12996 8
7320 9488678 m2 3628553 -0.000256877014 0.5 p1 12997 8
9639 9496791 m2 4768398 -2.769208e-05 0.5 p1 13009 8
5986 9499252 m2 2982739 -1.3110049e-08 0.5 p1 13013 8
9664 9521891 m2 4780171 -0.000162092052 0.5 p1 13046 8
5777 9524430 m2 2876148 -0.000190745661 0.5 p1 13050 8
1143 9527541 m2 590157 -1.47621658e-05 0.5 p1 13054 8
6722 9528596 m2 3339010 -5.99764599e-06 0.5 p1 13056 8
1641 9531560 m2 828445 -5.09524907e-05 0.5 p1 13060 8
6440 9533001 m2 3189066 -6.66093683e-06 0.5 p1 13062 8
4543 9543005 m2 2259007 -0.000876749575 0.5 p1 13077 8
6851 9543325 m2 3399264 -0.00283596618 0.5 p1 13077 8
6354 9548009 m2 3151403 -0.000647686538 0.5 p1 13084 8
4986 9561344 m2 2463904 -1.34713239e-11 0.5 p1 13104 8
2397 9563965 m2 1215940 -5.17138578e-05 0.5 p1 13107 8
3844 9588912 m2 1926363 -5.60507624e-06 0.5 p1 13145 8
2193 9590791 m2 1120288 -1.446647e-05 0.5 p1 13147 8
4559 9597222 m2 2263796 -6.36951336e-06 0.5 p1 13157 8
2602 9598765 m2 1318348 -6.00577278e-06 0.5 p1 13159 8
7855 9607029 m2 3900037 -4.91918399e-06 0.5 p1 13171 8
1474 9608845 m2 751785 -6.0670427e-11 0.5 p1 13174 8
4689 9614409 m2 2322253 -1.77141004e-08 0.5 p1 13182 8
8699 9622780 m2 4312713 -0.000123014965 0.5 p1 13195 8
5301 9625640 m2 2636075 -0.000442349847 0.5 p1 13199 8
1584 9627914 m2 802472 -0.000218134563 0.5 p1 13203 8
5838 9633280 m2 2907654 -2.31225004e-05 0.5 p1 13211 8
2339 9640750 m2 1193592 -1.13665223e-07 0.5 p1 13222 8
6011 9641809 m2 2990038 -9.17831471e-07 0.5 p1 13223 8
5500 9644707 m2 2735513 -1.83346549e-09 0.5 p1 13227 8
5911 9645289 m2 2944572 -3.00721786e-05 0.5 p1 13228 8
8643 9645767 m2 4284701 -0.000102844751 0.5 p1 13229 8
5217 9657599 m2 2596270 -1.97664685e-05 0.5 p1 13246 8
2694 9664189 m2 1360713 -2.28118643e-05 0.5 p1 13256 8
1405 9665375 m2 712159 -6.59680211e-07 0.5 p1 13257 8
8851 9676246 m2 4389277 -1.92344032e-06 0.5 p1 13273 8
994 9679361 m2 512910 -0.000295831036 0.5 p1 13278 8
5922 9687972 m2 2950277 -9.93661065e-09 0.5 p1 13291 8
3730 9694428 m2 1866746 -0.000698793388 0.5 p1 13300 8
8236 9700776 m2 4083602 -0.000755397312 0.5 p1 13310 8
6054 9702267 m2 3011657 -2.42241441e-07 0.5 p1 13312 8
203 9717804 m2 108304 -1.08525342e-06 0.5 p1 13335 8
10056 9718487 m2 4978274 -0.00131948141 0.5 p1 13336 8
8062 9733376 m2 3990966 -0.000257489679 0.5 p1 13358 8
6672 9734026 m2 3311169 -6.11502401e-07 0.5 p1 13359 8
6031 9744878 m3 3001435 0.00126939209 0.5 p1 13375 8
2363 9747004 m2 1201191 -1.14040868e-05 0.5 p1 13378 8
2242 9750360 m2 1142204 -1.86845118e-05 0.5 p1 13383 8
8211 9762302 m2 4069987 -9.40192209e-08 0.5 p1 13400 8
3732 9769422 m2 1868632 -8.95870432e-16 0.5 p1 13410 8
6939 9770454 m2 3440894 -7.43900164e-05 0.5 p1 13412 8
744 9775444 m2 382305 -5.89790434e-05 0.5 p1 13419 8
6375 9778247 m2 3160207 -6.38040947e-05 0.5 p1 13423 8
5699 9778508 m2 2839537 -9.27531801e-05 0.5 p1 13423 8
9813 9780624 m2 4863110 -2.92427943e-10 0.5 p1 13426 8
1048 9781515 m2 541520 -5.21163156e-06 0.5 p1 13428 8
4762 9781601 m2 2355507 -5.3343465e-06 0.5 p1 13428 8
4902 9783780 m2 2422543 -0.00164200005 0.5 p1 13431 8
2000 9793949 m3 1022201 0.000136293107 0.5 p1 13446 8
4365 9794551 m2 2179623 -5.75034755e-05 0.5 p1 13447 8
8367 9809328 m2 4154378 -4.58801175e-08 0.5 p1 13469 8
6604 9819788 m2 3279912 -2.77069709e-08 0.5 p1 13484 8
2812 9831197 m2 1414499 -5.96055315e-06 0.5 p1 13501 8
1665 9837289 m2 841419 -2.23175311e-06 0.5 p1 13510 8
1829 9848703 m2 927524 -0.000255737104 0.5 p1 13527 8
9939 9854254 m2 4924605 -4.73868249e-06 0.5 p1 13535 8
2945 9854881 m2 1482923 -0.0010279133 0.5 p1 13535 8
9140 9857111 m2 4518134 -8.88427699e-12 0.5 p1 13539 8
7417 9866765 m2 3682023 -0.000171596708 0.5 p1 13553 8
8601 9870270 m2 4265455 -2.01035018e-05 0.5 p1 13558 8
8420 9879543 m2 4175878 -7.34343921e-05 0.5 p1 13572 8
4901 9891508 m3 2422503 0.00296244514 0.5 p1 13589 8
6914 9894965 m2 3427762 -2.84953985e-05 0.5 p1 13594 8
3117 9916100 m2 1566968 -0.000292895827 0.5 p1 13625 8
1843 9919166 m2 936143 -6.38575439e-05 0.5 p1 13629 8
6343 9920076 m2 3147277 -3.73798839e-11 0.5 p1 13630 8
2775 9931106 m2 1392238 -3.27181198e-07 0.5 p1 13646 8
11 9931703 m2 5548 -2.7505057e-05 0.5 p1 13647 8
964 9937269 m2 498933 -0.000175502471 0.5 p1 13655 8
1677 9939917 m2 849332 -9.26863577e-05 0.5 p1 13659 8
1256 9944074 m2 640744 -7.25010125e-07 0.5 p1 13665 8
7142 9954755 m2 3537859 -5.67479947e-05 0.5 p1 13681 8
6049 9961339 m2 3009586 -5.27272341e-08 0.5 p1 13690 8
6445 9961340 m2 3193293 -7.92089759e-06 0.5 p1 13690 8
6496 9967842 m2 3221229 -7.7971813e-12 0.5 p1 13699 8
9704 9973928 m2 4800751 -2.09853852e-06 0.5 p1 13708 8
2963 9974684 m2 1492875 -5.32073755e-05 0.5 p1 13709 8
2939 9985011 m2 1479060 -1.33095944e-06 0.5 p1 13725 8
3811 9987222 m2 1911938 -0.000309955009 0.5 p1 13728 8
7390 10000147 m2 3671548 -0.00133736245 0.5 p1 13747 8
2181 10002636 m3 1115449 0.00266400981 0.5 p1 13751 8
1801 10003341 m2 913586 -0.000199555609 0.5 p1 13752 8
1711 10005842 m2 869717 -5.2234127e-06 0.5 p1 13755 8
6954 10005904 m2 3447839 -5.02661487e-06 0.5 p1 13755 8
3158 10010442 m2 1586001 -3.68863743e-06 0.5 p1 13762 8
3988 10011453 m2 1989569 -8.41979205e-17 0.5 p1 13764 8
8629 10012982 m2 4278653 -5.61479783e-06 0.5 p1 13766 8
8830 10023305 m2 4377797 -1.58414623e-05 0.5 p1 13781 8
5624 10026550 m2 2797404 -4.71517124e-05 0.5 p1 13786 8
1072 10027178 m2 554667 -1.89435968e-06 0.5 p1 13787 8
1160 10039583 m2 598210 -6.92200119e-05 0.5 p1 13805 8
5183 10043262 m2 2575607 -9.388893e-10 0.5 p1 13810 8
942 10043272 m2 490562 -0.000453115499 0.5 p1 13810 8
1902 10054069 m2 968883 -5.73841206e-08 0.5 p1 13826 8
4940 10055955 m2 2440571 -1.96887655e-07 0.5 p1 13829 8
3087 10056422 m2 1554035 -2.29553607e-05 0.5 p1 13829 8
217 10062525 m2 114537 -3.67199646e-05 0.5 p1 13838 8
9832 10072897 m2 4870980 -1.12443386e-05 0.5 p1 13853 8
3463 10089022 m2 1734414 -9.98456002e-08 0.5 p1 13877 8
4299 10091900 m2 2149436 -4.37576546e-07 0.5 p1 13881 8
607 10101604 m2 313157 -6.18041522e-05 0.5 p1 13895 8
4740 10111181 m2 2345590 -1.76902802e-07 0.5 p1 13910 8
2884 10120176 m2 1447906 -0.000204260345 0.5 p1 13923 8
5230 10120735 m2 2602486 -2.95884721e-08 0.5 p1 13924 8
319 10127042 m2 166188 -0.00020213511 0.5 p1 13934 8
4707 10139790 m2 2331253 -7.53993312e-09 0.5 p1 13952 8
8287 10141150 m2 4119257 -1.91282998e-05 0.5 p1 13954 8
7188 10144414 m2 3566217 -3.22707674e-05 0.5 p1 13959 8
1543 10153123 m2 784951 -1.59042952e-06 0.5 p1 13972 8
9338 10154102 m2 4617159 -0.000114906601 0.5 p1 13974 8
76 10160973 m2 45036 -0.000390474626 0.5 p1 13984 8
9284 10162807 m2 4585923 -0.000196734298 0.5 p1 13987 8
4254 10164349 m2 2129358 -0.000127909152 0.5 p1 13989 8
1566 10165351 m2 796319 -5.19711172e-08 0.5 p1 13990 8
1052 10166041 m2 545519 -2.03043946e-08 0.5 p1 13991 8
2278 10167648 m2 1159491 -3.51757024e-07 0.5 p1 13994 8
7942 10177200 m2 3940628 -8.50692377e-05 0.5 p1 14008 8
7109 10180617 m2 3518318 -1.19397043e-06 0.5 p1 14013 8
2865 10183118 m2 1440522 -2.40487054e-07 0.5 p1 14017 8
6965 10184290 m2 3449768 -0.00172029587 0.5 p1 14019 8
5904 10192570 m2 2942148 -1.5257483e-05 0.5 p1 14031 8
6589 10195660 m2 3273194 -1.18054732e-06 0.5 p1 14036 8
427 10203563 m2 223810 -2.79454753e-08 0.5 p1 14048 8
6233 10204763 m2 3094712 -2.39066514e-12 0.5 p1 14050 8
2177 10210310 m2 1114619 -1.63241166e-05 0.5 p1 14058 8
2967 10211476 m2 1494957 -1.63720339e-12 0.5 p1 14060 8
6917 10230805 m2 3428534 -5.80395281e-05 0.5 p1 14089 8
1068 10235361 m2 552467 -0.000169927458 0.5 p1 14096 8
975 10237818 m2 505603 -0.000458674796 0.5 p1 14099 8
7341 10246345 m2 3638814 -1.56639744e-05 0.5 p1 14112 8
1061 10249093 m2 548944 -0.000185214187 0.5 p1 14116 8
3303 10258346 m2 1656264 -4.82945373e-09 0.5 p1 14130 8
2231 10263797 m2 1134855 -5.75584681e-06 0.5 p1 14138 8
4372 10274055 m2 2183690 -6.22495691e-08 0.5 p1 14153 8
8955 10281515 m2 4433920 -0.000264245726 0.5 p1 14164 8
6844 10296064 m2 3397807 -6.12032949e-08 0.5 p1 14186 8
7 10298237 m2 4419 -0.000107626285 0.5 p1 14189 8
8567 10303018 m2 4248483 -9.72134785e-07 0.5 p1 14196 8
9545 10307571 m2 4717056 -2.62560798e-06 0.5 p1 14203 8
1700 10308619 m2 865302 -0.000648469315 0.5 p1 14204 8
6922 10326881 m2 3431589 -6.18631111e-06 0.5 p1 14232 8
3985 10328060 m2 1987713 -3.69264126e-05 0.5 p1 14234 8
74 10334868 m2 44435 -0.000132061017 0.5 p1 14244 8
3581 10335381 m2 1793931 -2.00413251e-05 0.5 p1 14245 8
9107 10336424 m2 4506492 -9.05488906e-10 0.5 p1 14246 8
5282 10344594 m2 2626307 -1.17583033e-06 0.5 p1 14258 8
278 10355321 m2 142933 -3.86084212e-05 0.5 p1 14275 8
7162 10362741 m2 3553427 -3.4184464e-07 0.5 p1 14286 8
7701 10364751 m2 3828706 -9.24618798e-05 0.5 p1 14289 8
7257 10365320 m2 3597838 -0.000258727989 0.5 p1 14290 8
8896 10379326 m2 4411034 -0.000689946348 0.5 p1 14311 8
2156 10386078 m2 1104311 -0.00013895976 0.5 p1 14321 8
8299 10390805 m2 4122823 -2.17126483e-10 0.5 p1 14328 8
3148 10391723 m2 1582222 -4.14430506e-05 0.5 p1 14329 8
5884 10403675 m3 2931810 0.00133116206 0.5 p1 14348 8
5290 10405705 m3 2629527 0.00088235311 0.5 p1 14351 8
5170 10420966 m2 2568829 -5.65125665e-05 0.5 p1 14374 8
3135 10423404 m2 1575111 -4.07668522e-05 0.5 p1 14378 8
2050 10441397 m2 1050588 -0.001544561 0.5 p1 14405 8
8164 10448237 m2 4037884 -2.97614716e-14 0.5 p1 14415 8
6813 10452294 m2 3382879 -1.52049509e-07 0.5 p1 14421 8
9080 10458266 m2 4488347 -2.60307387e-10 0.5 p1 14430 8
1046 10472403 m2 540243 -2.37416697e-10 0.5 p1 14451 8
5292 10475321 m2 2631431 -1.31967095e-08 0.5 p1 14456 8
3782 10479375 m2 1897709 -9.43982798e-07 0.5 p1 14462 8
2283 10482597 m2 1162046 -1.15423809e-05 0.5 p1 14467 8
7992 10489620 m2 3958069 -7.80946575e-05 0.5 p1 14477 8
905 10491698 m2 471515 -5.79452597e-11 0.5 p1 14480 8
5082 10500144 m2 2514079 -3.41726576e-08 0.5 p1 14493 8
2212 10504985 m2 1127788 -0.000132520217 0.5 p1 14500 8
4490 10523305 m2 2231678 -5.50002778e-06 0.5 p1 14528 8
683 10530095 m2 354003 -3.39498411e-06 0.5 p1 14538 8
2392 10534125 m2 1214702 -8.10118872e-05 0.5 p1 14544 8
4451 10544684 m2 2213861 -1.34172672e-06 0.5 p1 14560 8
7005 10545481 m2 3471020 -0.000113569797 0.5 p1 14561 8
9504 10547050 m2 4695544 -4.83338567e-07 0.5 p1 14564 8
525 10548958 m2 273010 -4.80683593e-06 0.5 p1 14567 8
6761 10560364 m2 3363082 -1.76086337e-06 0.5 p1 14584 8
4010 10561071 m2 1999299 -3.25440482e-07 0.5 p1 14585 8
2629 10564754 m2 1331798 -0.00043934249 0.5 p1 14590 8
9812 10567363 m2 4862507 -0.00134421943 0.5 p1 14594 8
10098 10568058 m2 4996211 -0.00114287785 0.5 p1 14595 8
1569 10570868 m2 796991 -1.42227225e-06 0.5 p1 14600 8
3514 10580935 m3 1756758 0.00135742337 0.5 p1 14615 8
532 10591091 m2 275030 -1.61236972e-06 0.5 p1 14630 8
9990 10594144 m2 4947234 -0.00037182821 0.5 p1 14634 8
1508 10602757 m2 769968 -0.000216327971 0.5 p1 14647 8
6126 10603417 m2 3043602 -0.000106305022 0.5 p1 14648 8
2711 10609643 m2 1368610 -0.000331060262 0.5 p1 14657 8
296 10613264 m2 152401 -1.8238324e-11 0.5 p1 14663 8
1344 10615991 m2 682733 -1.00714324e-07 0.5 p1 14667 8
3334 10621512 m2 1668462 -3.67919584e-12 0.5 p1 14675 8
8351 10640837 m2 4144946 -0.000774338085 0.5 p1 14704 8
8893 10644456 m2 4409383 -3.1906693e-06 0.5 p1 14710 8
6554 10645163 m2 3255120 -4.40286136e-08 0.5 p1 14711 8
6642 10645370 m2 3294850 -4.01930365e-08 0.5 p1 14711 8
7523 10660581 m2 3733756 -1.18780827e-05 0.5 p1 14734 8
3721 10660797 m2 1862922 -0.000103765131 0.5 p1 14734 8
9160 10668828 m2 4525631 -9.62569136e-10 0.5 p1 14746 8
6386 10669052 m2 3167139 -2.24611853e-07 0.5 p1 14747 8
6430 10673592 m3 3185270 0.00358554721 0.5 p1 14753 8
2317 10674802 m2 1177476 -8.73899917e-05 0.5 p1 14755 8
3825 10676138 m2 1916904 -0.000866310904 0.5 p1 14757 8
1434 10679687 m2 728512 -0.000531607191 0.5 p1 14763 8
8563 10695496 m2 4246036 -0.000353443029 0.5 p1 14786 8
7347 10721170 m2 3641662 -0.000693543174 0.5 p1 14824 8
7072 10729914 m2 3500576 -8.62977467e-05 0.5 p1 14837 8
7805 10730991 m2 3880487 -0.000159671225 0.5 p1 14839 8
7589 10735936 m2 3771568 -2.79069318e-05 0.5 p1 14846 8
6473 10738398 m2 3208128 -2.65960916e-05 0.5 p1 14850 8
1649 10746613 m2 835064 -6.21655374e-07 0.5 p1 14862 8
5227 10747052 m2 2600989 -1.97757818e-05 0.5 p1 14863 8
1102 10755322 m2 568370 -0.00213070493 0.5 p1 14875 8
1241 10759344 m2 633342 -1.78156779e-06 0.5 p1 14880 8
333 10759870 m3 173103 0.00222153775 0.5 p1 14881 8
8397 10763479 m2 4164294 -5.77469876e-08 0.5 p1 14886 8
2965 10782141 m2 1493927 -8.61544231e-06 0.5 p1 14914 8
952 10782976 m2 494164 -1.00352855e-08 0.5 p1 14915 8
10101 10786762 m2 4999018 -3.48217827e-06 0.5 p1 14920 8
3836 10789599 m2 1923521 -1.1614546e-09 0.5 p1 14924 8
1010 10792396 m2 520788 -1.08138473e-15 0.5 p1 14928 8
8360 10792468 m2 4148870 -0.000182409814 0.5 p1 14929 8
6173 10796359 m2 3068601 -1.04202736e-05 0.5 p1 14934 8
403 10809754 m2 211707 -1.53048779e-06 0.5 p1 14954 8
357 10810593 m2 186120 -7.90452575e-08 0.5 p1 14955 8
3013 10821154 m2 1519119 -0.00150012434 0.5 p1 14970 8
6766 10822896 m2 3365267 -0.000419684889 0.5 p1 14973 8
8169 10831147 m2 4043604 -3.5545625e-05 0.5 p1 14985 8
7375 10833735 m2 3660262 -6.42840223e-06 0.5 p1 14989 8
1981 10837223 m2 1010653 -6.38792926e-06 0.5 p1 14994 8
7369 10839133 m2 3656342 -0.00017079078 0.5 p1 14997 8
7224 10841838 m2 3582489 -1.29378111e-06 0.5 p1 15001 8
5299 10842603 m2 2634812 -7.42577981e-07 0.5 p1 15002 8
9715 10859647 m2 4808695 -0.000117544856 0.5 p1 15027 8
9724 10860246 m2 4812805 -0.000511139748 0.5 p1 15028 8
9340 10867130 m2 4618945 -3.26991653e-07 0.5 p1 15038 8
3382 10874987 m2 1694220 -3.01682036e-07 0.5 p1 15050 8
7438 10876173 m2 3691324 -3.86388774e-06 0.5 p1 15051 8
720 10882138 m2 372916 -0.00039090871 0.5 p1 15060 8
5785 10889422 m2 2878465 -1.59385763e-05 0.5 p1 15071 8
2849 10903440 m2 1431291 -5.13025816e-06 0.5 p1 15092 8
4704 10904681 m2 2328133 -1.6621162e-07 0.5 p1 15093 8
9576 10906229 m2 4732290 -0.000765738136 0.5 p1 15096 8
2093 10929027 m2 1068852 -4.27391496e-05 0.5 p1 15129 8
7085 10934862 m2 3508855 -0.0011488545 0.5 p1 15138 8
3843 10936480 m2 1925454 -1.06677177e-07 0.5 p1 15140 8
1441 10943329 m2 731051 -7.04056511e-05 0.5 p1 15150 8
1398 10948919 m2 709883 -2.47827438e-06 0.5 p1 15158 8
3857 10969040 m2 1931280 -2.01007242e-05 0.5 p1 15188 8
7883 10976677 m2 3914544 -8.78947503e-06 0.5 p1 15200 8
5277 10982490 m2 2623982 -0.000103131169 0.5 p1 15208 8
1534 10987036 m2 782003 -4.22102567e-05 0.5 p1 15215 8
8449 10989333 m2 4191700 -3.21183834e-05 0.5 p1 15218 8
4076 10998447 m2 2039117 -3.67186731e-05 0.5 p1 15231 8
1436 11003753 m2 729796 -2.26498344e-07 0.5 p1 15239 8
8332 11015071 m2 4134212 -3.08612491e-09 0.5 p1 15256 8
2507 11018619 m2 1275513 -0.000487366167 0.5 p1 15261 8
8030 11019189 m2 3974793 -0.000340766273 0.5 p1 15262 8
978 11019782 m2 507381 -9.79321976e-06 0.5 p1 15263 8
6845 11029601 m2 3398146 -1.5785913e-08 0.5 p1 15277 8
5804 11034919 m2 2888479 -0.00287158554 0.5 p1 15285 8
6234 11036669 m2 3094963 -1.11417414e-07 0.5 p1 15288 8
6910 11037070 m2 3425807 -1.18043708e-09 0.5 p1 15288 8
912 11043078 m2 473841 -3.02949218e-07 0.5 p1 15297 8
4665 11045129 m2 2311420 -9.77490586e-08 0.5 p1 15300 8
3625 11058723 m2 1814011 -0.000102112012 0.5 p1 15320 8
3307 11060028 m2 1659015 -0.00118673779 0.5 p1 15322 8
7663 11069729 m2 3811921 -8.89149874e-08 0.5 p1 15337 8
4256 11076337 m2 2129941 -9.10350138e-07 0.5 p1 15346 8
6298 11076518 m2 3121846 -0.000762290438 0.5 p1 15347 8
1014 11081385 m2 522816 -1.60675554e-05 0.5 p1 15354 8
9992 11087401 m2 4949715 -2.2468641e-05 0.5 p1 15363 8
6257 11088605 m2 3106263 -2.79825116e-07 0.5 p1 15364 8
6211 11088958 m2 3086894 -8.52920135e-09 0.5 p1 15365 8
8068 11100520 m2 3994710 -1.32138794e-07 0.5 p1 15382 8
755 11100708 m2 389987 -0.000758748036 0.5 p1 15382 8
374 11101247 m2 192770 -9.83587815e-05 0.5 p1 15383 8
7976 11108791 m2 3953055 -1.8764149e-05 0.5 p1 15394 8
6474 11109396 m2 3208284 -7.01371901e-05 0.5 p1 15395 8
7773 11115876 m2 3863941 -0.000129777982 0.5 p1 15405 8
3238 11118234 m2 1625487 -4.38534289e-06 0.5 p1 15408 8
7695 11118330 m2 3825438 -4.04297111e-08 0.5 p1 15408 8
8532 11125593 m2 4229755 -0.000114565955 0.5 p1 15419 8
571 11131430 m2 294437 -0.000664674211 0.5 p1 15427 8
5685 11132360 m3 2829668 0.000757513859 0.5 p1 15429 8
3019 11140589 m2 1520415 -6.39037444e-06 0.5 p1 15441 8
7724 11153153 m2 3841695 -1.60925756e-05 0.5 p1 15459 8
2571 11155742 m2 1302428 -3.55025554e-06 0.5 p1 15463 8
3850 11158336 m3 1929356 0.0017308665 0.5 p1 15467 8
9391 11165224 m2 4640690 -1.03619875e-07 0.5 p1 15477 8
4062 11168756 m2 2029666 -0.000175272595 0.5 p1 15482 8
6790 11173533 m2 3373009 -3.98426491e-05 0.5 p1 15489 8
9551 11174752 m2 4722272 -3.57733114e-08 0.5 p1 15491 8
6055 11187779 m2 3011732 -7.48311959e-06 0.5 p1 15510 8
3526 11193904 m2 1760337 -7.71452807e-14 0.5 p1 15519 8
9063 11198557 m2 4482167 -1.05233221e-05 0.5 p1 15526 8
6460 11205682 m2 3202370 -0.000180769275 0.5 p1 15537 8
3912 11210474 m2 1953079 -5.0527035e-08 0.5 p1 15544 8
3719 11216829 m3 1861273 0.00449839095 0.5 p1 15553 8
3230 11217356 m2 1621630 -0.000133207242 0.5 p1 15554 8
8581 11225565 m2 4253447 -7.50907159e-15 0.5 p1 15567 8
9826 11225688 m2 4868335 -1.04978733e-06 0.5 p1 15567 8
2013 11229521 m2 1030404 -1.86734906e-05 0.5 p1 15573 8
5235 11241858 m2 2603973 -1.46912882e-08 0.5 p1 15592 8
9265 11242191 m2 4575255 -1.64324556e-05 0.5 p1 15592 8
776 11244778 m2 399168 -5.196783e-10 0.5 p1 15596 8
1309 11251969 m2 669158 -2.69245135e-07 0.5 p1 15607 8
5289 11256380 m2 2629399 -3.05306912e-07 0.5 p1 15614 8
4173 11266480 m2 2089638 -7.71927262e-06 0.5 p1 15629 8
9902 11268696 m2 4906057 -5.80420823e-09 0.5 p1 15632 8
5510 11271155 m2 2740251 -2.52532573e-06 0.5 p1 15636 8
1386 11272527 m2 706324 -4.35732873e-05 0.5 p1 15638 8
7796 11274417 m2 3875128 -5.62529408e-07 0.5 p1 15641 8
2119 11284691 m2 1082414 -4.21195218e-05 0.5 p1 15657 8
6210 11294353 m2 3086545 -9.97730895e-05 0.5 p1 15671 8
6905 11308145 m2 3424425 -6.36715704e-05 0.5 p1 15692 8
890 11308203 m2 462612 -1.57934494e-06 0.5 p1 15692 8
6333 11312118 m2 3141112 -0.00112351915 0.5 p1 15698 8
9540 11313126 m3 4714615 0.00390924606 0.5 p1 15700 8
4459 11317087 m2 2218154 -5.44902505e-05 0.5 p1 15706 8
1606 11318003 m2 811558 -1.50973183e-05 0.5 p1 15707 8
753 11327121 m2 389097 -0.00115454895 0.5 p1 15720 8
5763 11347792 m2 2868150 -6.49996537e-07 0.5 p1 15751 8
1400 11351589 m2 710131 -4.3245155e-08 0.5 p1 15757 8
1155 11356617 m2 597582 -4.86794716e-10 0.5 p1 15765 8
6123 11367581 m2 3041579 -2.33261446e-07 0.5 p1 15782 8
6481 11377913 m2 3211233 -0.000987372943 0.5 p1 15797 8
262 11391409 m2 132467 -3.45978988e-05 0.5 p1 15818 8
7007 11393936 m2 3471279 -2.88055217e-05 0.5 p1 15822 8
5912 11397815 m2 2944779 -3.4975784e-08 0.5 p1 15827 8
4101 11407281 m2 2052369 -0.000220564121 0.5 p1 15842 8
6179 11423975 m2 3070869 -1.5193848e-08 0.5 p1 15867 8
4571 11424817 m2 2268529 -2.44157604e-06 0.5 p1 15868 8
1137 11431240 m2 586582 -5.35006222e-07 0.5 p1 15878 8
5770 11441330 m2 2872083 -1.00615083e-09 0.5 p1 15893 8
9460 11463202 m2 4676721 -0.000317701604 0.5 p1 15926 8
4794 11468180 m2 2371093 -4.8349367e-12 0.5 p1 15934 8
9094 11470599 m2 4498714 -2.49589561e-06 0.5 p1 15937 8
4231 11494960 m2 2117699 -8.25545587e-09 0.5 p1 15975 8
3384 11509547 m2 1694969 -9.47569697e-06 0.5 p1 15997 8
8536 11516440 m2 4234736 -3.38691408e-09 0.5 p1 16007 8
1110 11528321 m2 571081 -2.74835074e-05 0.5 p1 16025 8
7857 11537610 m2 3900497 -6.05040714e-06 0.5 p1 16039 8
7480 11544105 m2 3714727 -2.05423876e-05 0.5 p1 16049 8
388 11545626 m2 201162 -4.36326836e-10 0.5 p1 16051 8
8665 11548011 m2 4297234 -4.10847315e-06 0.5 p1 16054 8
3897 11548837 m3 1949467 0.00185947365 0.5 p1 16056 8
5545 11550160 m2 2761901 -1.12704247e-05 0.5 p1 16058 8
8855 11560006 m2 4392022 -0.000142791687 0.5 p1 16073 8
3385 11563001 m2 1695037 -3.60561188e-07 0.5 p1 16078 8
6193 11572448 m3 3080032 0.00125689665 0.5 p1 16092 8
5721 11580719 m2 2849292 -0.000741644588 0.5 p1 16104 8
3791 11584612 m2 1902100 -1.47517096e-10 0.5 p1 16110 8
2968 11586620 m2 1495632 -0.000376322743 0.5 p1 16113 8
373 11594253 m2 192750 -0.000241647271 0.5 p1 16125 8
3115 11599330 m2 1564647 -9.55780479e-07 0.5 p1 16133 8
8054 11603019 m2 3986125 -0.000197702582 0.5 p1 16138 8
7491 11603229 m2 3720373 -0.000641133171 0.5 p1 16138 8
2496 11613653 m2 1269480 -4.49495383e-05 0.5 p1 16154 8
8977 11616825 m2 4445010 -4.48053033e-05 0.5 p1 16159 8
669 11633450 m2 345112 -6.91185051e-06 0.5 p1 16184 8
246 11641741 m2 126229 -1.97658399e-15 0.5 p1 16196 8
5054 11648737 m2 2499350 -0.000707592873 0.5 p1 16207 8
3077 11650529 m2 1548809 -3.60824833e-06 0.5 p1 16210 8
9989 11651486 m2 4947136 -0.000233643193 0.5 p1 16211 8
2189 11660591 m2 1118662 -3.83874763e-08 0.5 p1 16225 8
7702 11661486 m2 3828909 -0.000456647569 0.5 p1 16226 8
7943 11662097 m2 3940716 -0.00158417097 0.5 p1 16227 8
9894 11675266 m2 4901890 -0.00101402856 0.5 p1 16247 8
6275 11678801 m2 3113459 -1.01766375e-06 0.5 p1 16252 8
4688 11680104 m2 2321919 -5.83897599e-05 0.5 p1 16254 8
1462 11681499 m2 743461 -1.14044503e-10 0.5 p1 16256 8
4360 11693250 m2 2177897 -0.000119415257 0.5 p1 16274 8
8639 11696011 m2 4283700 -0.000164386016 0.5 p1 16278 8
3324 11702153 m2 1665561 -0.000601776177 0.5 p1 16288 8
2234 11703915 m2 1137176 -0.00010925097 0.5 p1 16290 8
7686 11707074 m2 3823060 -0.000346475194 0.5 p1 16295 8
5790 11712889 m2 2880453 -3.9880535e-05 0.5 p1 16303 8
5592 11713603 m2 2783462 -3.78504374e-05 0.5 p1 16304 8
7165 11720001 m2 3556022 -9.13188032e-08 0.5 p1 16314 8
6995 11720230 m2 3466982 -9.65944855e-06 0.5 p1 16315 8
5957 11726479 m2 2966969 -1.06247563e-11 0.5 p1 16324 8
2548 11728399 m2 1294136 -1.91121444e-06 0.5 p1 16327 8
6337 11730221 m2 3144690 -7.27300358e-06 0.5 p1 16330 8
2386 11733064 m2 1211389 -2.89444251e-05 0.5 p1 16334 8
6142 11735113 m2 3050744 -6.86388448e-05 0.5 p1 16337 8
1573 11742549 m2 799050 -0.000723258127 0.5 p1 16348 8
4730 11744605 m2 2340498 -3.78917733e-08 0.5 p1 16351 8
7596 11748058 m2 3774336 -9.00367831e-06 0.5 p1 16356 8
6482 11748783 m2 3211376 -3.42209314e-05 0.5 p1 16358 8
4827 11750603 m2 2385722 -0.000317426602 0.5 p1 16360 8
9618 11751724 m2 4755036 -4.04024331e-06 0.5 p1 16362 8
6497 11753316 m2 3221319 -0.002134179 0.5 p1 16364 8
5658 11761703 m2 2816941 -7.11612413e-09 0.5 p1 16377 8
8143 11765779 m2 4029025 -0.000366203603 0.5 p1 16383 8
2248 11778242 m2 1144302 -0.000111267334 0.5 p1 16402 8
10081 11785091 m2 4987916 -5.42803027e-05 0.5 p1 16413 8
484 11796354 m2 250630 -3.06580894e-09 0.5 p1 16430 8
1311 11796439 m2 670126 -3.78269993e-09 0.5 p1 16430 8
2348 11798170 m2 1198290 -0.00109840662 0.5 p1 16433 8
9403 11802377 m2 4647228 -1.95304594e-07 0.5 p1 16439 8
1691 11804288 m2 858806 -1.84161755e-27 0.5 p1 16442 8
7905 11822128 m2 3923995 -2.74179274e-05 0.5 p1 16469 8
1860 11825710 m2 946775 -2.03722425e-06 0.5 p1 16474 8
3046 11829247 m2 1536496 -5.46898946e-06 0.5 p1 16479 8
6035 11829785 m2 3004023 -2.88888335e-09 0.5 p1 16480 8
1835 11832388 m2 932203 -0.000318740204 0.5 p1 16484 8
7078 11851334 m2 3504799 -1.17337447e-06 0.5 p1 16513 8
5834 11856196 m2 2906592 -3.94140807e-06 0.5 p1 16520 8
1002 11860058 m2 515365 -0.000445423968 0.5 p1 16526 8
5056 11877538 m2 2499995 -0.000535403786 0.5 p1 16553 8
1788 11886526 m2 905702 -0.000147694504 0.5 p1 16567 8
2906 11887071 m2 1460926 -2.91858905e-05 0.5 p1 16567 8
1281 11899692 m2 653038 -2.11992774e-05 0.5 p1 16587 8
4578 11900116 m2 2271217 -2.37915659e-10 0.5 p1 16587 8
809 11902238 m2 415159 -0.000131574227 0.5 p1 16590 8
896 11905596 m2 466029 -4.59771456e-07 0.5 p1 16595 8
7335 11912997 m2 3636745 -9.96911165e-11 0.5 p1 16606 8
6146 11918602 m2 3052908 -9.83196605e-06 0.5 p1 16615 8
6027 11918921 m3 2999651 0.00018386083 0.5 p1 16615 8
3350 11922296 m2 1678172 -6.1958918e-09 0.5 p1 16620 8
5084 11934969 m2 2515854 -3.7942516e-07 0.5 p1 16639 8
3216 11937701 m2 1613159 -1.11346621e-08 0.5 p1 16643 8
3687 11940708 m2 1843736 -6.24173244e-18 0.5 p1 16648 8
6153 11945160 m2 3056047 -1.05268461e-09 0.5 p1 16655 8
7585 11954958 m2 3769992 -0.000525130657 0.5 p1 16670 8
5900 11959806 m2 2939019 -2.20099672e-09 0.5 p1 16677 8
9634 11963544 m2 4767008 -5.21813888e-07 0.5 p1 16683 8
3112 11964241 m2 1562536 -1.87407409e-10 0.5 p1 16684 8
668 11988456 m2 345025 -4.64487084e-06 0.5 p1 16720 8
5945 12017707 m2 2962614 -0.00132422242 0.5 p1 16765 8
1712 12024549 m3 869925 0.00372236548 0.5 p1 16775 8
8895 12029240 m2 4410659 -0.000289214106 0.5 p1 16782 8
4992 12032922 m2 2465314 -1.63904318e-12 0.5 p1 16788 8
1895 12035527 m2 964538 -1.50331425e-06 0.5 p1 16792 8
1239 12036199 m2 632538 -2.9859626e-05 0.5 p1 16793 8
1538 12036739 m2 783381 -0.000381858059 0.5 p1 16794 8
2863 12059365 m2 1439454 -0.00038181938 0.5 p1 16828 8
9078 12063063 m2 4486648 -1.36040312e-09 0.5 p1 16834 8
4644 12066592 m2 2298959 -0.00130241294 0.5 p1 16839 8
8106 12072322 m2 4011990 -6.69025248e-05 0.5 p1 16848 8
165 12074602 m2 89637 -7.98544342e-09 0.5 p1 16851 8
3339 12083023 m2 1670579 -2.27232304e-05 0.5 p1 16864 8
5983 12112467 m2 2979394 -1.08877456e-15 0.5 p1 16909 8
595 12116499 m2 306447 -2.44299367e-19 0.5 p1 16915 8
4445 12119906 m2 2212079 -0.00046102851 0.5 p1 16921 8
5933 12127985 m2 2955575 -0.000566923933 0.5 p1 16932 8
8874 12132650 m2 4401620 -3.00220613e-08 0.5 p1 16939 8
5589 12134323 m2 2782130 -1.31205588e-05 0.5 p1 16942 8
2269 12141089 m2 1154792 -1.20816605e-06 0.5 p1 16952 8
318 12147057 m2 166013 -0.000117914846 0.5 p1 16961 8
6836 12149412 m3 3394397 0.00567698106 0.5 p1 16965 8
7245 12154503 m2 3589488 -1.55984566e-07 0.5 p1 16972 8
6131 12155690 m2 3044884 -1.06833284e-06 0.5 p1 16974 8
5239 12203561 m2 2606575 -0.00154938176 0.5 p1 17048 8
6789 12207070 m2 3372994 -1.0898458e-06 0.5 p1 17053 8
1826 12210130 m3 926862 0.00565139716 0.5 p1 17058 8
468 12212215 m2 244307 -1.0099202e-06 0.5 p1 17061 8
5713 12212299 m2 2844109 -0.00108964497 0.5 p1 17061 8
34 12221261 m2 21105 -0.000110717738 0.5 p1 17075 8
225 12225990 m2 116324 -0.00102916721 0.5 p1 17082 8
1362 12233728 m2 693275 -7.91905708e-10 0.5 p1 17094 8
8464 12234044 m2 4199247 -6.40549661e-06 0.5 p1 17094 8
8740 12254254 m2 4336397 -0.000879958505 0.5 p1 17125 8
6609 12255787 m2 3283468 -5.28176088e-06 0.5 p1 17127 8
10030 12257263 m2 4967609 -0.000346036133 0.5 p1 17129 8
3575 12258272 m2 1790305 -0.000301568594 0.5 p1 17131 8
6888 12269147 m2 3417616 -2.45732625e-08 0.5 p1 17147 8
3098 12276134 m2 1558307 -7.15146234e-06 0.5 p1 17158 8
7209 12279188 m2 3576187 -2.38162083e-05 0.5 p1 17162 8
6346 12286325 m2 3148015 -0.000509245903 0.5 p1 17173 8
7965 12290244 m2 3950127 -6.32314368e-06 0.5 p1 17179 8
7912 12293805 m2 3928266 -2.26875609e-20 0.5 p1 17185 8
5712 12306081 m2 2843933 -0.000784777803 0.5 p1 17203 8
4810 12306616 m2 2378645 -0.00209057657 0.5 p1 17204 8
5853 12317329 m2 2915965 -5.00781716e-05 0.5 p1 17220 8
3168 12317989 m2 1593737 -1.5470597e-09 0.5 p1 17221 8
1422 12325415 m2 721842 -4.13226662e-05 0.5 p1 17233 8
5520 12325944 m2 2750071 -2.00934235e-12 0.5 p1 17233 8
124 12335800 m2 69922 -3.18591889e-11 0.5 p1 17248 8
6611 12342187 m2 3283770 -3.57283825e-05 0.5 p1 17258 8
9644 12354966 m2 4773115 -3.94033705e-05 0.5 p1 17277 8
9559 12367086 m2 4724249 -3.83826091e-08 0.5 p1 17295 8
6730 12367747 m2 3344620 -8.58985877e-05 0.5 p1 17296 8
9762 12369001 m2 4828852 -0.000119293385 0.5 p1 17298 8
5664 12370366 m2 2820475 -0.00112851709 0.5 p1 17300 8
829 12375407 m2 428927 -4.16118382e-07 0.5 p1 17308 8
967 12389745 m2 501038 -0.000278650317 0.5 p1 17330 8
938 12391998 m2 488938 -0.000135368187 0.5 p1 17333 8
5812 12401628 m3 2892329 0.00033080735 0.5 p1 17347 8
9511 12402705 m2 4699270 -1.40264333e-09 0.5 p1 17349 8
1056 12403690 m2 547961 -5.68952544e-07 0.5 p1 17350 8
187 12407559 m2 102598 -0.00106527377 0.5 p1 17356 8
2127 12408947 m2 1085586 -6.20945002e-06 0.5 p1 17358 8
5139 12408965 m2 2547837 -8.06228854e-05 0.5 p1 17358 8
6249 12417505 m2 3102330 -0.000251918827 0.5 p1 17371 8
2853 12421428 m2 1434261 -1.30146793e-06 0.5 p1 17377 8
6229 12424365 m2 3092364 -0.000749259721 0.5 p1 17381 8
7189 12430165 m2 3566456 -6.13408047e-05 0.5 p1 17390 8
8292 12430972 m2 4120808 -5.70895827e-06 0.5 p1 17391 8
7537 12435722 m2 3742802 -6.76226023e-07 0.5 p1 17398 8
62 12437638 m2 39359 -1.50655569e-05 0.5 p1 17401 8
8006 12439756 m2 3962703 -3.11699798e-11 0.5 p1 17404 8
3821 12442440 m2 1915683 -1.16328256e-05 0.5 p1 17408 8
3279 12449796 m2 1644256 -1.3242267e-07 0.5 p1 17419 8
7290 12450564 m2 3614409 -0.000366805238 0.5 p1 17421 8
7194 12454089 m2 3568720 -0.000274225633 0.5 p1 17426 8
7819 12458854 m2 3885272 -3.98181073e-05 0.5 p1 17433 8
7923 12459302 m2 3933995 -4.73228874e-06 0.5 p1 17434 8
6892 12459817 m2 3418592 -4.36073651e-06 0.5 p1 17435 8
8019 12459965 m2 3970285 -0.000376010663 0.5 p1 17435 8
9573 12461129 m2 4730840 -0.00014421322 0.5 p1 17437 8
8060 12472458 m2 3990384 -0.000961531245 0.5 p1 17454 8
4319 12474545 m2 2162544 -3.83586999e-12 0.5 p1 17457 8
7289 12477529 m2 3613756 -1.38046307e-05 0.5 p1 17461 8
6192 12483488 m2 3079005 -2.0164076e-05 0.5 p1 17471 8
8621 12485107 m2 4275717 -1.08934506e-09 0.5 p1 17473 8
8656 12485699 m2 4290338 -0.000228331075 0.5 p1 17474 8
8720 12487529 m2 4322082 -6.72412425e-05 0.5 p1 17477 8
2241 12487753 m2 1142038 -2.22414146e-05 0.5 p1 17477 8
5286 12488941 m2 2628473 -0.0003660394 0.5 p1 17479 8
331 12496544 m2 170220 -0.000102577877 0.5 p1 17490 8
4122 12498893 m2 2065030 -0.000119545955 0.5 p1 17494 8
4388 12499749 m2 2189276 -0.000711265369 0.5 p1 17495 8
5701 12500698 m2 2840317 -1.07282322e-05 0.5 p1 17497 8
2074 12536232 m2 1059999 -1.84301439e-06 0.5 p1 17551 8
2018 12547961 m2 1032718 -5.61620145e-05 0.5 p1 17569 8
3260 12580811 m2 1636865 -8.9931149e-05 0.5 p1 17618 8
9854 12582149 m2 4885076 -3.60574222e-06 0.5 p1 17620 8
4647 12582376 m2 2300221 -0.000197352434 0.5 p1 17621 8
2615 12582980 m2 1323925 -6.73087925e-05 0.5 p1 17622 8
830 12600252 m2 429177 -0.000282466266 0.5 p1 17648 8
6973 12609529 m2 3455108 -5.79248399e-06 0.5 p1 17662 8
8559 12612069 m2 4245727 -0.000585434143 0.5 p1 17666 8
3072 12615032 m2 1547126 -2.68402564e-05 0.5 p1 17670 8
2426 12619809 m2 1232210 -0.000144612597 0.5 p1 17677 8
6967 12621662 m2 3450196 -7.56904928e-10 0.5 p1 17680 8
4071 12625470 m2 2037454 -4.02101152e-09 0.5 p1 17686 8
8800 12626249 m2 4363722 -3.45130928e-07 0.5 p1 17687 8
4416 12627982 m2 2201475 -0.000796662294 0.5 p1 17689 8
9703 12632898 m2 4799682 -0.000246521959 0.5 p1 17697 8
1888 12639682 m2 960176 -1.03867924e-05 0.5 p1 17707 8
8765 12648321 m2 4344876 -2.357827e-05 0.5 p1 17720 8
8987 12653954 m2 4447571 -8.52594894e-05 0.5 p1 17728 8
5505 12658170 m2 2737046 -0.000851302524 0.5 p1 17734 8
2491 12658307 m2 1264785 -4.96565804e-07 0.5 p1 17735 8
9267 12661725 m2 4575790 -9.97997704e-05 0.5 p1 17740 8
8020 12666526 m2 3970839 -2.33513674e-05 0.5 p1 17747 8
5109 12703621 m2 2530570 -2.56008797e-10 0.5 p1 17803 8
5278 12703939 m2 2624578 -5.9300628e-06 0.5 p1 17803 8
2658 12704525 m2 1344870 -5.86432252e-05 0.5 p1 17804 8
4676 12706261 m2 2316813 -3.00527699e-06 0.5 p1 17807 8
2718 12707644 m2 1372641 -0.000447334576 0.5 p1 17809 8
7980 12714100 m2 3953725 -8.20368496e-06 0.5 p1 17818 8
4154 12715527 m2 2078586 -6.06841422e-06 0.5 p1 17821 8
1334 12717528 m2 679522 -2.15733235e-05 0.5 p1 17824 8
2391 12726050 m2 1213976 -0.000656131771 0.5 p1 17837 8
8996 12738939 m2 4450467 -0.000830333447 0.5 p1 17856 8
6134 12744945 m2 3046424 -3.11339421e-09 0.5 p1 17865 8
271 12746977 m2 137499 -0.000440639327 0.5 p1 17868 8
7158 12747040 m2 3550813 -5.40974543e-05 0.5 p1 17868 8
7707 12755974 m2 3831918 -6.7452288e-06 0.5 p1 17882 8
7951 12766405 m2 3943328 -0.00058832136 0.5 p1 17898 8
5101 12768925 m2 2525082 -1.41517303e-05 0.5 p1 17902 8
9244 12772744 m2 4565484 -0.000960048637 0.5 p1 17907 8
8623 12782413 m2 4276784 -8.92455958e-08 0.5 p1 17922 8
9458 12791777 m2 4675516 -4.38228909e-07 0.5 p1 17936 8
5322 12792561 m2 2646719 -3.7290054e-05 0.5 p1 17937 8
4513 12794706 m2 2243657 -0.000825838128 0.5 p1 17940 8
5575 12799251 m2 2776607 -0.0010844575 0.5 p1 17947 8
4515 12806581 m2 2244426 -0.000208010635 0.5 p1 17958 8
5188 12806665 m2 2581000 -5.98089356e-09 0.5 p1 17958 8
2144 12815024 m2 1097812 -0.000483140786 0.5 p1 17971 8
7173 12821226 m2 3560545 -8.98730796e-05 0.5 p1 17981 8
4802 12826656 m2 2375099 -4.13679554e-05 0.5 p1 17989 8
7472 12838263 m2 3710074 -5.54218843e-07 0.5 p1 18007 8
5380 12853009 m2 2674022 -0.00121140014 0.5 p1 18029 8
2542 12858244 m2 1292073 -0.000127302439 0.5 p1 18037 8
4854 12865172 m2 2397106 -0.000211261067 0.5 p1 18047 8
4230 12872316 m2 2116845 -0.000112550697 0.5 p1 18058 8
9917 12883085 m2 4914881 -0.000583564222 0.5 p1 18074 8
6470 12889187 m2 3205682 -0.000567096635 0.5 p1 18084 8
59 12891365 m2 37989 -0.000766075391 0.5 p1 18087 8
1654 12896481 m2 836675 -0.00139669841 0.5 p1 18094 8
6130 12898181 m2 3044359 -1.65525046e-06 0.5 p1 18097 8
324 12898235 m2 167984 -5.61597631e-07 0.5 p1 18097 8
3595 12905706 m2 1801372 -1.07158469e-08 0.5 p1 18108 8
3397 12911443 m2 1701713 -9.75459334e-05 0.5 p1 18117 8
9210 12912622 m2 4548983 -2.17823776e-06 0.5 p1 18119 8
4616 12914254 m2 2287400 -6.38171059e-07 0.5 p1 18121 8
7748 12923764 m2 3853850 -0.000166127866 0.5 p1 18135 8
4593 12930499 m3 2279134 0.000860808301 0.5 p1 18145 8
6831 12934725 m2 3393715 -2.2204008e-06 0.5 p1 18151 8
6063 12941235 m2 3015126 -0.000804202689 0.5 p1 18161 8
6796 12945901 m2 3374038 -0.00102608872 0.5 p1 18168 8
9305 12955904 m3 4601232 0.0051105991 0.5 p1 18183 8
655 12962960 m2 338749 -5.25756332e-06 0.5 p1 18193 8
5135 12971432 m2 2544258 -0.000535512168 0.5 p1 18206 8
5600 12972724 m3 2788497 0.00520434929 0.5 p1 18208 8
798 12974340 m2 409969 -2.17990586e-08 0.5 p1 18210 8
9745 12974378 m3 4822590 0.000873568875 0.5 p1 18210 8
4939 12977713 m2 2440329 -9.13566764e-05 0.5 p1 18215 8
9659 12978880 m2 4777776 -1.03696937e-06 0.5 p1 18217 8
3746 12981997 m2 1875071 -0.00117789174 0.5 p1 18221 8
6819 12985547 m2 3386843 -4.92666103e-08 0.5 p1 18227 8
4447 12986085 m3 2212870 0.00466055516 0.5 p1 18228 8
2717 12988192 m2 1372247 -1.1385696e-12 0.5 p1 18231 8
9635 12997525 m2 4767278 -6.62132265e-07 0.5 p1 18245 8
10017 13010374 m2 4963117 -2.4253749e-10 0.5 p1 18264 8
7664 13012768 m2 3813074 -4.69360893e-05 0.5 p1 18267 8
3097 13015408 m2 1558063 -1.69097412e-08 0.5 p1 18271 8
3155 13016943 m2 1584512 -1.17350521e-06 0.5 p1 18274 8
162 13018283 m2 89308 -8.1766404e-05 0.5 p1 18276 8
4327 13019383 m2 2164899 -3.19282549e-07 0.5 p1 18278 8
3351 13020758 m2 1678430 -0.000213348947 0.5 p1 18280 8
9736 13028676 m2 4817255 -1.6590998e-10 0.5 p1 18292 8
10085 13028838 m2 4989128 -1.02701323e-08 0.5 p1 18292 8
9374 13037969 m2 4633894 -0.000519876136 0.5 p1 18306 8
3239 13038738 m2 1625642 -2.10593316e-06 0.5 p1 18307 8
4317 13039709 m2 2160408 -1.62649758e-05 0.5 p1 18308 8
9242 13064505 m2 4564248 -0.000153343484 0.5 p1 18346 8
7095 13067126 m2 3511732 -0.000149613625 0.5 p1 18350 8
7584 13074595 m2 3769508 -0.000744409685 0.5 p1 18362 8
6129 13079274 m2 3044170 -0.00019848907 0.5 p1 18369 8
8098 13080115 m2 4008664 -2.3763894e-08 0.5 p1 18370 8
9327 13081956 m2 4613656 -3.34266156e-06 0.5 p1 18373 8
2469 13085654 m2 1249916 -2.27149748e-08 0.5 p1 18379 8
8459 13091276 m2 4196248 -0.000447180413 0.5 p1 18387 8
9789 13092685 m2 4844273 -2.10334441e-11 0.5 p1 18389 8
1695 13095750 m2 862101 -3.16465588e-07 0.5 p1 18394 8
3223 13097809 m2 1618734 -0.000398635428 0.5 p1 18397 8
695 13099230 m2 357187 -2.64595219e-05 0.5 p1 18399 8
4732 13099747 m2 2341159 -2.67708515e-06 0.5 p1 18400 8
615 13101098 m2 317564 -1.26804507e-05 0.5 p1 18402 8
2733 13106121 m2 1376351 -9.84266109e-08 0.5 p1 18409 8
4807 13111440 m2 2377915 -1.15976536e-05 0.5 p1 18417 8
855 13113231 m2 444134 -0.000512480095 0.5 p1 18420 8
3366 13115105 m3 1688294 0.00106155954 0.5 p1 18423 8
3227 13123982 m2 1619531 -1.91539606e-09 0.5 p1 18436 8
1030 13128348 m2 530218 -4.81939605e-05 0.5 p1 18442 8
4487 13129545 m2 2230283 -4.26030419e-06 0.5 p1 18444 8
5481 13133478 m2 2727549 -7.89420883e-05 0.5 p1 18450 8
7423 13133636 m2 3684937 -2.6582137e-07 0.5 p1 18450 8
3971 13137949 m2 1980093 -9.81733774e-06 0.5 p1 18457 8
8192 13148544 m2 4059141 -0.000362662977 0.5 p1 18473 8
2527 13149842 m2 1286616 -0.000101957718 0.5 p1 18475 8
3530 13150470 m3 1761350 0.00319288438 0.5 p1 18475 8
7723 13152147 m2 3839875 -0.00175351591 0.5 p1 18478 8
5588 13153556 m2 2782012 -1.33591848e-05 0.5 p1 18480 8
8649 13165385 m2 4286928 -0.000142138219 0.5 p1 18498 8
7193 13166463 m2 3568643 -2.4191154e-08 0.5 p1 18500 8
6038 13167244 m2 3004875 -8.74780671e-05 0.5 p1 18501 8
3955 13169713 m3 1972171 0.00029759694 0.5 p1 18505 8
6628 13181192 m2 3288977 -8.44306669e-06 0.5 p1 18522 8
7041 13182529 m2 3489488 -8.42935766e-09 0.5 p1 18524 8
9191 13183381 m2 4541758 -4.54434534e-09 0.5 p1 18525 8
3218 13191362 m2 1615437 -0.000278711261 0.5 p1 18537 8
6313 13191380 m2 3131985 -8.54113225e-08 0.5 p1 18537 8
3020 13192400 m2 1520512 -9.87876447e-10 0.5 p1 18538 8
1220 13198495 m2 624062 -3.61494307e-10 0.5 p1 18548 8
1582 13199430 m2 801835 -1.12181311e-07 0.5 p1 18549 8
2313 13207374 m2 1175546 -3.2085822e-07 0.5 p1 18561 8
9775 13210803 m2 4834604 -7.56139286e-07 0.5 p1 18566 8
6323 13214237 m2 3138119 -0.000182503121 0.5 p1 18571 8
8798 13220721 m2 4362879 -6.79410659e-05 0.5 p1 18581 8
8040 13225484 m2 3980588 -2.68900658e-06 0.5 p1 18588 8
6276 13228000 m2 3113640 -2.36723808e-05 0.5 p1 18592 8
7881 13229875 m2 3913774 -8.52950706e-08 0.5 p1 18595 8
8786 13232116 m2 4356046 -4.60014149e-07 0.5 p1 18598 8
1527 13233242 m2 780662 -0.000299660722 0.5 p1 18600 8
6316 13233272 m2 3134954 -7.79883794e-06 0.5 p1 18600 8
520 13235586 m2 270548 -1.83753414e-07 0.5 p1 18604 8
3050 13237660 m2 1537668 -0.000194653607 0.5 p1 18607 8
9594 13238956 m2 4740328 -5.25645592e-05 0.5 p1 18609 8
1864 13241149 m2 948406 -5.87617421e-09 0.5 p1 18612 8
1131 13249060 m2 581967 -1.46782086e-05 0.5 p1 18624 8
9598 13249436 m2 4741599 -3.84758778e-06 0.5 p1 18625 8
4290 13259031 m2 2146628 -7.65032815e-10 0.5 p1 18639 8
1985 13278401 m2 1011643 -6.86597446e-09 0.5 p1 18669 8
7282 13283077 m2 3608327 -0.00043131545 0.5 p1 18676 8
6034 13285201 m2 3003465 -5.01537106e-05 0.5 p1 18680 8
4950 13291811 m2 2447445 -0.000103681159 0.5 p1 18690 8
8200 13291927 m2 4063357 -0.00111970003 0.5 p1 18690 8
6394 13304910 m2 3170149 -1.70491821e-05 0.5 p1 18709 8
8682 13312588 m2 4307235 -1.02025324e-05 0.5 p1 18721 8
944 13325483 m2 490655 -5.02341058e-09 0.5 p1 18741 8
4178 13333045 m2 2093244 -0.000305540452 0.5 p1 18752 8
3973 13361258 m2 1980667 -6.49191012e-09 0.5 p1 18795 8
2534 13363300 m2 1289389 -0.000143360521 0.5 p1 18798 8
7794 13365034 m2 3872897 -1.96609835e-05 0.5 p1 18801 8
3594 13371281 m2 1800988 -0.000605295412 0.5 p1 18810 8
4011 13384046 m2 1999953 -0.000481894735 0.5 p1 18830 8
9278 13384647 m2 4582303 -1.6902269e-06 0.5 p1 18831 8
8704 13394800 m2 4314642 -1.23180101e-12 0.5 p1 18846 8
1212 13397238 m2 621130 -1.76639003e-06 0.5 p1 18850 8
9082 13416690 m2 4491780 -2.94378765e-07 0.5 p1 18880 8
4179 13416760 m2 2093380 -8.73061481e-08 0.5 p1 18880 8
4809 13420878 m2 2378541 -3.23124368e-07 0.5 p1 18886 8
801 13425136 m2 411500 -2.45817046e-06 0.5 p1 18892 8
7861 13429965 m2 3902629 -1.18945367e-13 0.5 p1 18900 8
8976 13451776 m2 4444704 -7.14951921e-06 0.5 p1 18934 8
3618 13455105 m2 1812461 -6.07749868e-08 0.5 p1 18939 8
5198 13467552 m2 2584605 -0.000132099231 0.5 p1 18958 8
3557 13468803 m2 1779053 -7.545072e-05 0.5 p1 18960 8
1005 13469982 m2 517049 -8.3894156e-05 0.5 p1 18961 8
3248 13470519 m2 1630725 -8.49305707e-06 0.5 p1 18962 8
3847 13477590 m2 1928072 -5.55794785e-11 0.5 p1 18973 8
3827 13486107 m2 1918360 -1.27831436e-06 0.5 p1 18986 8
3833 13494991 m2 1921646 -0.000331934221 0.5 p1 19000 8
5919 13496895 m3 2949300 0.000980824698 0.5 p1 19002 8
8286 13501449 m2 4118629 -0.000616102945 0.5 p1 19009 8
1751 13505924 m2 890441 -0.000139809577 0.5 p1 19016 8
6728 13507804 m2 3341069 -6.62069442e-06 0.5 p1 19019 8
4072 13510887 m2 2038359 -0.00043536906 0.5 p1 19024 8
2680 13511193 m2 1355160 -3.87485579e-06 0.5 p1 19024 8
8593 13524664 m2 4262286 -8.47879564e-05 0.5 p1 19044 8
1969 13526581 m2 1007025 -2.07964877e-05 0.5 p1 19047 8
263 13532244 m2 133193 -0.000202955227 0.5 p1 19056 8
572 13543609 m2 297140 -0.000230274483 0.5 p1 19073 8
1197 13545882 m2 613456 -0.00027422086 0.5 p1 19076 8
2606 13554974 m3 1320091 0.00083105074 0.5 p1 19090 8
764 13555285 m2 395275 -3.42592011e-06 0.5 p1 19090 8
8375 13562316 m2 4155963 -0.000283316331 0.5 p1 19101 8
5429 13569527 m2 2700836 -6.59575526e-05 0.5 p1 19112 8
5401 13580410 m2 2683858 -5.16736109e-05 0.5 p1 19128 8
6829 13587819 m2 3393307 -0.000217594934 0.5 p1 19139 8
2330 13593291 m2 1188933 -8.79466916e-06 0.5 p1 19148 8
132 13595162 m2 73465 -2.39058954e-06 0.5 p1 19150 8
2558 13610124 m2 1298077 -3.49809692e-09 0.5 p1 19173 8
8697 13611649 m2 4312405 -9.79685555e-10 0.5 p1 19176 8
43 13612590 m2 28492 -2.1910553e-07 0.5 p1 19177 8
5845 13614390 m2 2910713 -0.000138212272 0.5 p1 19180 8
1455 13621985 m2 739167 -1.82686255e-10 0.5 p1 19191 8
3479 13622031 m2 1740549 -4.24299884e-08 0.5 p1 19191 8
9249 13632366 m2 4566358 -7.48622881e-07 0.5 p1 19207 8
7909 13632707 m2 3924558 -9.70121164e-06 0.5 p1 19208 8
9423 13646320 m2 4653445 -2.9554835e-08 0.5 p1 19229 8
9985 13650283 m2 4946112 -9.0161933e-07 0.5 p1 19235 8
1964 13662454 m2 1002791 -1.81301729e-09 0.5 p1 19254 8
5204 13664687 m2 2590453 -3.50096574e-09 0.5 p1 19257 8
2908 13665597 m2 1461263 -8.29295686e-07 0.5 p1 19258 8
147 13680872 m2 78594 -9.4023207e-08 0.5 p1 19282 8
1876 13684054 m2 954903 -2.5913323e-05 0.5 p1 19287 8
6931 13687767 m2 3436196 -2.16912158e-05 0.5 p1 19292 8
9444 13695435 m2 4668212 -9.79255148e-08 0.5 p1 19304 8
2091 13699359 m2 1068737 -1.14485388e-09 0.5 p1 19310 8
9765 13704215 m2 4829203 -2.79671077e-08 0.5 p1 19318 8
8627 13710146 m2 4278407 -1.3067438e-07 0.5 p1 19327 8
8399 13710688 m2 4165492 -1.13607769e-06 0.5 p1 19327 8
3588 13714732 m2 1797098 -5.62527532e-07 0.5 p1 19334 8
5274 13722647 m2 2621958 -0.000582004897 0.5 p1 19346 8
3930 13725995 m2 1958926 -0.0014448649 0.5 p1 19351 8
5606 13726718 m2 2790462 -0.000473732274 0.5 p1 19352 8
526 13729403 m2 273037 -0.00013711692 0.5 p1 19356 8
7312 13730396 m2 3621861 -4.59420107e-06 0.5 p1 19358 8
5150 13738410 m2 2554531 -2.70120672e-05 0.5 p1 19370 8
6458 13740625 m2 3202076 -6.75793217e-06 0.5 p1 19373 8
5854 13742845 m2 2916091 -0.000170709551 0.5 p1 19377 8
6468 13747830 m2 3204256 -2.94083009e-12 0.5 p1 19385 8
8320 13749454 m2 4128637 -6.64587276e-07 0.5 p1 19387 8
9541 13750616 m2 4714951 -0.000471439183 0.5 p1 19389 8
3723 13754389 m2 1864581 -0.00101984176 0.5 p1 19395 8
5711 13759399 m3 2843509 0.00336345634 0.5 p1 19402 8
2885 13782378 m2 1448900 -0.0021116538 0.5 p1 19437 8
7975 13784385 m2 3952664 -7.54158027e-05 0.5 p1 19440 8
3160 13786685 m2 1587914 -0.000106161031 0.5 p1 19444 8
5944 13787013 m2 2962087 -0.000843834656 0.5 p1 19444 8
5727 13789056 m2 2852688 -4.29010466e-10 0.5 p1 19448 8
7117 13791574 m2 3521825 -1.46840773e-06 0.5 p1 19451 8
6064 13807130 m2 3015813 -6.72787976e-08 0.5 p1 19475 8
6762 13809442 m2 3364268 -0.000683291582 0.5 p1 19479 8
9562 13814984 m2 4725176 -5.46098527e-05 0.5 p1 19487 8
5392 13819326 m2 2680227 -0.000239909496 0.5 p1 19494 8
6971 13822187 m3 3452732 9.88423708e-05 0.5 p1 19498 8
8609 13825751 m2 4270332 -1.41880455e-05 0.5 p1 19504 8
4240 13826106 m2 2123849 -7.86963647e-05 0.5 p1 19504 8
39 13837910 m2 27457 -0.000116709292 0.5 p1 19522 8
1044 13844023 m2 538785 -8.49871685e-06 0.5 p1 19531 8
2368 13854337 m2 1202991 -6.25004686e-05 0.5 p1 19547 8
689 13863949 m2 356049 -0.000401398604 0.5 p1 19561 8
2135 13865193 m2 1092223 -5.45105431e-05 0.5 p1 19563 8
9144 13875120 m2 4519362 -8.74374073e-10 0.5 p1 19578 8
6026 13880302 m2 2998866 -3.13613532e-06 0.5 p1 19586 8
5298 13883469 m2 2634364 -0.000711568107 0.5 p1 19591 8
7684 13886210 m2 3821530 -8.92015032e-06 0.5 p1 19595 8
848 13890223 m2 441891 -4.64237273e-05 0.5 p1 19602 8
6349 13890396 m2 3148288 -0.000458786148 0.5 p1 19602 8
5872 13890579 m2 2926266 -8.0675185e-05 0.5 p1 19602 8
4549 13897604 m2 2260676 -0.000406915002 0.5 p1 19613 8
7636 13899130 m2 3795060 -5.19031119e-06 0.5 p1 19615 8
2110 13899565 m2 1078408 -8.89757794e-05 0.5 p1 19616 8
219 13901717 m2 115046 -0.000350898656 0.5 p1 19619 8
7357 13902144 m2 3647253 -3.2024484e-06 0.5 p1 19620 8
5883 13902497 m2 2931740 -0.000613876677 0.5 p1 19621 8
3853 13908151 m2 1930409 -1.8369074e-09 0.5 p1 19629 8
730 13920308 m2 378090 -0.000634397613 0.5 p1 19648 8
3369 13921148 m2 1688788 -5.39053133e-07 0.5 p1 19649 8
1370 13927038 m2 698336 -4.56411435e-05 0.5 p1 19659 8
5802 13929490 m2 2887630 -0.000764690107 0.5 p1 19662 8
2860 13932658 m2 1438864 -3.94107967e-12 0.5 p1 19667 8
1490 13933484 m2 760851 -0.000404194172 0.5 p1 19668 8
8547 13935798 m2 4239655 -1.31812257e-07 0.5 p1 19672 8
1063 13936779 m2 549845 -0.001752718 0.5 p1 19673 8
6284 13943330 m2 3116398 -0.000385275402 0.5 p1 19683 8
4737 13950499 m2 2343280 -1.72869008e-07 0.5 p1 19694 8
5465 13955336 m2 2719405 -4.41125485e-05 0.5 p1 19702 8
9323 13955640 m2 4608782 -1.92996431e-05 0.5 p1 19702 8
4458 13957372 m2 2217387 -2.77600657e-06 0.5 p1 19705 8
7431 13958441 m2 3688772 -0.000261931302 0.5 p1 19706 8
9755 13958710 m2 4825751 -7.8679438e-11 0.5 p1 19707 8
6681 13959782 m2 3313307 -2.91719662e-05 0.5 p1 19708 8
3561 13965808 m2 1781400 -0.000275932194 0.5 p1 19718 8
7539 13967165 m2 3744525 -3.97411968e-05 0.5 p1 19720 8
4820 13967316 m2 2382161 -0.0010474521 0.5 p1 19720 8
8122 13967340 m2 4018814 -6.46540457e-08 0.5 p1 19720 8
9591 13967990 m2 4739885 -1.43458692e-07 0.5 p1 19721 8
3737 13970674 m2 1871814 -4.38226181e-07 0.5 p1 19725 8
4102 13972789 m2 2052561 -8.2432501e-15 0.5 p1 19729 8
3236 13977339 m2 1625241 -0.00030793497 0.5 p1 19736 8
1676 13979474 m2 849159 -1.24154425e-07 0.5 p1 19739 8
6908 13990263 m2 3425117 -0.000341326086 0.5 p1 19755 8
3762 13990782 m2 1883603 -5.10676057e-10 0.5 p1 19756 8
4004 13992597 m2 1996766 -0.000672322756 0.5 p1 19759 8
1716 14000166 m2 871229 -3.67362918e-05 0.5 p1 19771 8
8666 14002857 m2 4298438 -1.36967255e-08 0.5 p1 19775 8
5202 14010119 m2 2587798 -3.90487749e-08 0.5 p1 19786 8
184 14023463 m2 101818 -7.76322338e-07 0.5 p1 19807 8
7518 14023710 m2 3731374 -1.14616576e-07 0.5 p1 19807 8
1918 14026594 m2 978343 -1.54924074e-08 0.5 p1 19812 8
1476 14038394 m2 752069 -0.000850745128 0.5 p1 19830 8
2052 14043959 m2 1050935 -5.64498514e-05 0.5 p1 19838 8
8371 14044011 m2 4155551 -5.894482e-06 0.5 p1 19838 8
8074 14044680 m2 3995841 -4.92282425e-06 0.5 p1 19839 8
5011 14046119 m2 2472546 -1.77249385e-05 0.5 p1 19841 8
7816 14050248 m2 3884188 -1.45949366e-06 0.5 p1 19847 8
5044 14062113 m2 2495731 -2.01195016e-09 0.5 p1 19865 8
8270 14064705 m2 4104718 -7.16016018e-07 0.5 p1 19869 8
7352 14066110 m3 3643673 0.00166925427 0.5 p1 19872 8
4114 14078099 m2 2060536 -9.1378638e-07 0.5 p1 19890 8
2435 14080942 m2 1234979 -0.000374362076 0.5 p1 19894 8
10034 14084309 m2 4967946 -4.4909295e-05 0.5 p1 19900 8
7738 14095423 m3 3849049 0.000147306157 0.5 p1 19917 8
9097 14109294 m2 4499474 -0.000139511918 0.5 p1 19938 8
3957 14111508 m2 1973382 -1.02967147e-06 0.5 p1 19942 8
2802 14114532 m2 1407322 -9.5692414e-08 0.5 p1 19946 8
4925 14117316 m2 2435685 -0.00102713809 0.5 p1 19951 8
5042 14130943 m2 2494546 -9.74226623e-06 0.5 p1 19971 8
6688 14132420 m2 3315669 -3.91309623e-05 0.5 p1 19974 8
8004 14132581 m2 3962272 -0.000641574501 0.5 p1 19974 8
2620 14136223 m2 1326665 -3.70987482e-06 0.5 p1 19979 8
2859 14138305 m2 1437507 -0.000584631402 0.5 p1 19983 8
286 14139976 m2 148691 -1.81539526e-05 0.5 p1 19985 8
4392 14143678 m2 2191137 -2.48317269e-06 0.5 p1 19991 8
6125 14149574 m2 3043490 -0.000298797328 0.5 p1 20000 8
954 14150175 m2 495257 -6.94730051e-10 0.5 p1 20000 8
2378 14160000 m2 1208136 -9.74736167e-08 0.5 p1 20016 8
444 14175362 m2 233472 -3.66722142e-13 0.5 p1 20039 8
9791 14178529 m2 4846174 -0.000778196903 0.5 p1 20044 8
159 14178606 m2 87769 -2.15540476e-05 0.5 p1 20044 8
2240 14183531 m2 1141618 -9.96343524e-13 0.5 p1 20051 8
5512 14190124 m2 2740964 -1.37215793e-05 0.5 p1 20061 8
3567 14199594 m2 1784559 -1.47446968e-11 0.5 p1 20076 8
1213 14203662 m2 621262 -1.88043714e-06 0.5 p1 20082 8
8047 14219683 m2 3983387 -1.16988645e-06 0.5 p1 20106 8
7673 14230562 m2 3815930 -7.56477311e-05 0.5 p1 20122 8
7859 14237488 m2 3901263 -2.92163713e-06 0.5 p1 20133 8
1165 14239760 m2 599351 -1.89403181e-05 0.5 p1 20136 8
8988 14241259 m2 4447718 -7.68644455e-08 0.5 p1 20139 8
2273 14241441 m2 1156699 -8.07018114e-06 0.5 p1 20139 8
9678 14251008 m2 4786314 -0.00261872634 0.5 p1 20153 8
651 14252153 m3 336891 0.00323528331 0.5 p1 20155 8
1661 14261191 m2 840255 -1.91943127e-05 0.5 p1 20169 8
4733 14263151 m2 2341637 -0.000298194849 0.5 p1 20172 8
6780 14263244 m2 3371258 -6.6604407e-05 0.5 p1 20172 8
3761 14276175 m2 1883566 -0.00111360394 0.5 p1 20192 8
1631 14280304 m3 824211 0.00111093628 0.5 p1 20198 8
8091 14281327 m2 4002926 -1.50714413e-07 0.5 p1 20200 8
9276 14283255 m2 4582149 -3.54254626e-05 0.5 p1 20202 8
7140 14283772 m2 3535826 -0.000110827656 0.5 p1 20203 8
5403 14288847 m2 2684392 -3.49691686e-06 0.5 p1 20211 8
6872 14291942 m2 3410476 -5.45301608e-12 0.5 p1 20216 8
5146 14292981 m2 2553470 -0.00184218027 0.5 p1 20217 8
6627 14313672 m2 3288702 -5.0304141e-05 0.5 p1 20249 8
60 14318268 m2 38330 -8.11182193e-15 0.5 p1 20256 8
2930 14318325 m2 1474501 -4.11862677e-09 0.5 p1 20256 8
5009 14318963 m3 2471313 0.00108659919 0.5 p1 20257 8
7205 14338609 m2 3575257 -5.94715493e-06 0.5 p1 20287 8
6770 14339257 m2 3366096 -5.14137469e-07 0.5 p1 20288 8
8324 14339485 m2 4131064 -5.22341979e-05 0.5 p1 20288 8
4316 14343743 m2 2160196 -4.25772942e-06 0.5 p1 20295 8
3449 14349746 m2 1728563 -9.16479392e-10 0.5 p1 20304 8
5027 14353877 m2 2484617 -1.12492762e-05 0.5 p1 20310 8
7698 14361589 m2 3827394 -7.90095437e-05 0.5 p1 20322 8
5630 14366149 m2 2799496 -4.9843261e-06 0.5 p1 20329 8
2760 14378122 m2 1387054 -0.00128797768 0.5 p1 20347 8
4586 14387695 m2 2275121 -8.88259183e-06 0.5 p1 20362 8
2070 14388366 m2 1059673 -4.23680868e-09 0.5 p1 20363 8
7182 14389293 m2 3564674 -0.000136177128 0.5 p1 20365 8
4090 14390414 m2 2047815 -1.31572483e-06 0.5 p1 20366 8
3968 14395760 m2 1979573 -2.2448971e-07 0.5 p1 20375 8
4389 14422027 m2 2190620 -6.285739e-07 0.5 p1 20416 8
5330 14425779 m2 2653260 -0.000136636649 0.5 p1 20421 8
2485 14447430 m2 1260860 -5.25339374e-06 0.5 p1 20455 8
5036 14453305 m2 2489460 -5.53948075e-06 0.5 p1 20465 8
4285 14454589 m2 2142531 -1.50625581e-07 0.5 p1 20466 8
5246 14455996 m2 2610725 -0.000184469274 0.5 p1 20469 8
738 14483405 m2 381031 -0.000137189418 0.5 p1 20511 8
8203 14487961 m2 4064329 -1.03674956e-05 0.5 p1 20518 8
576 14497895 m2 299571 -1.86328819e-08 0.5 p1 20534 8
3543 14501644 m2 1770533 -2.48582978e-06 0.5 p1 20539 8
1482 14504852 m2 757839 -5.98645133e-09 0.5 p1 20544 8
8077 14510057 m2 3996316 -2.79549482e-07 0.5 p1 20552 8
4911 14512551 m2 2428015 -8.32621226e-05 0.5 p1 20556 8
6989 14514939 m2 3462893 -0.000257601205 0.5 p1 20560 8
5218 14516186 m2 2596309 -5.51418634e-05 0.5 p1 20562 8
6358 14517502 m2 3152855 -7.36191805e-06 0.5 p1 20564 8
7246 14519449 m3 3589864 0.000302330678 0.5 p1 20567 8
6700 14520471 m2 3321920 -0.000156047361 0.5 p1 20569 8
693 14524616 m2 356752 -0.00056081207 0.5 p1 20575 8
987 14526527 m3 510808 0.000916532823 0.5 p1 20578 8
6768 14538518 m2 3365766 -1.46363345e-06 0.5 p1 20597 8
7694 14544272 m2 3825097 -7.77156456e-05 0.5 p1 20606 8
5985 14553421 m2 2982237 -0.000183723096 0.5 p1 20620 8
10049 14556162 m2 4974492 -1.53865372e-07 0.5 p1 20624 8
6078 14557046 m2 3023564 -2.43152853e-09 0.5 p1 20626 8
1884 14564191 m2 957782 -0.00236968114 0.5 p1 20637 8
7266 14567026 m2 3600762 -1.02336526e-05 0.5 p1 20641 8
8997 14574854 m2 4450721 -9.66702282e-06 0.5 p1 20653 8
4773 14575228 m2 2361837 -0.000292180397 0.5 p1 20654 8
2632 14582277 m2 1334569 -0.000246477895 0.5 p1 20665 8
9194 14583104 m2 4543233 -3.37406391e-06 0.5 p1 20666 8
833 14592936 m2 431212 -0.000551445119 0.5 p1 20682 8
310 14593663 m2 161063 -3.03479737e-06 0.5 p1 20683 8
5320 14600765 m2 2645321 -1.81355074e-06 0.5 p1 20694 8
440 14601021 m2 232190 -7.58481428e-06 0.5 p1 20694 8
1248 14612161 m2 637911 -7.42464146e-11 0.5 p1 20711 8
6911 14614022 m2 3425922 -0.000256451342 0.5 p1 20715 8
2553 14616943 m2 1296666 -0.000335677178 0.5 p1 20719 8
1520 14618349 m3 776774 0.00331940479 0.5 p1 20721 8
2271 14622368 m2 1156206 -9.28777183e-07 0.5 p1 20728 8
369 14624074 m2 191513 -1.80248958e-06 0.5 p1 20731 8
7237 14636687 m2 3586772 -2.27191933e-07 0.5 p1 20750 8
2544 14639393 m2 1293131 -5.52235818e-12 0.5 p1 20755 8
1772 14641603 m2 897990 -0.000698666961 0.5 p1 20758 8
9673 14648139 m2 4784601 -4.25449325e-05 0.5 p1 20769 8
9162 14648664 m2 4525964 -6.90171373e-06 0.5 p1 20769 8
3085 14648774 m2 1552816 -3.49787427e-07 0.5 p1 20770 8
6985 14654583 m2 3461895 -0.000189005455 0.5 p1 20779 8
1382 14658964 m2 703487 -4.04135022e-07 0.5 p1 20786 8
5747 14677624 m2 2861478 -0.000138066083 0.5 p1 20815 8
8495 14678313 m2 4213604 -0.000143814512 0.5 p1 20816 8
7649 14681411 m3 3802696 0.00209979271 0.5 p1 20821 8
5313 14683848 m2 2640339 -7.7252416e-08 0.5 p1 20825 8
778 14695232 m2 399833 -3.98301108e-06 0.5 p1 20842 8
3755 14695853 m2 1881120 -0.000507235702 0.5 p1 20844 8
9368 14698247 m2 4631100 -3.5592825e-06 0.5 p1 20847 8
1904 14698503 m2 969352 -1.53372799e-08 0.5 p1 20848 8
3570 14701815 m2 1787051 -0.000348242058 0.5 p1 20853 8
8834 14703072 m2 4378992 -0.000502847193 0.5 p1 20855 8
2384 14705085 m2 1210898 -7.0771911e-08 0.5 p1 20858 8
4693 14709421 m2 2324161 -6.24898933e-09 0.5 p1 20865 8
8086 14721958 m2 4000424 -0.000174342757 0.5 p1 20884 8
8331 14739052 m2 4133783 -1.16252231e-05 0.5 p1 20911 8
2139 14741381 m2 1095878 -1.06679359e-07 0.5 p1 20915 8
5552 14744219 m2 2764847 -2.60515917e-05 0.5 p1 20920 8
8733 14745091 m2 4331662 -1.19562435e-06 0.5 p1 20921 8
5824 14745564 m2 2899414 -2.9424811e-07 0.5 p1 20922 8
2797 14768827 m2 1403097 -0.000102529535 0.5 p1 20958 8
2951 14770677 m2 1486935 -7.42282139e-11 0.5 p1 20961 8
9012 14773034 m2 4455531 -1.19569554e-08 0.5 p1 20965 8
7653 14776247 m2 3805824 -1.26053867e-09 0.5 p1 20970 8
2171 14779051 m2 1112787 -4.91703622e-06 0.5 p1 20974 8
795 14780769 m2 408588 -0.000118401913 0.5 p1 20977 8
5184 14784183 m2 2576008 -0.00170945888 0.5 p1 20982 8
350 14784456 m2 184674 -2.63322841e-06 0.5 p1 20982 8
822 14797247 m2 424619 -4.76957666e-06 0.5 p1 21003 8
4434 14798767 m2 2206676 -8.13406223e-06 0.5 p1 21005 8
2787 14806250 m2 1398257 -4.57229277e-08 0.5 p1 21017 8
488 14814220 m2 256635 -2.25148969e-10 0.5 p1 21030 8
3845 14819256 m2 1926873 -1.46428683e-05 0.5 p1 21037 8
9417 14829363 m2 4651121 -2.4227943e-06 0.5 p1 21053 8
8309 14838965 m2 4124990 -0.00031105525 0.5 p1 21068 8
8784 14841892 m2 4355917 -2.21758137e-06 0.5 p1 21073 8
431 14843469 m2 225244 -3.94185081e-05 0.5 p1 21075 8
7292 14852485 m2 3615474 -7.51504267e-05 0.5 p1 21089 8
5343 14855877 m2 2660435 -0.000310312869 0.5 p1 21095 8
3710 14859379 m2 1857583 -1.72508051e-14 0.5 p1 21100 8
5346 14875543 m2 2661606 -0.000142803488 0.5 p1 21126 8
3257 14885967 m2 1634711 -6.30844033e-06 0.5 p1 21143 8
7301 14898568 m2 3617660 -1.08661524e-08 0.5 p1 21163 8
4292 14902454 m2 2147877 -1.14179493e-05 0.5 p1 21169 8
3420 14903551 m2 1712998 -8.26864408e-08 0.5 p1 21171 8
6487 14911679 m3 3213759 0.00176227931 0.5 p1 21184 8
6141 14928367 m2 3050569 -8.78975618e-16 0.5 p1 21211 8
850 14931103 m2 442383 -2.62046989e-08 0.5 p1 21215 8
6977 14935439 m2 3455614 -3.38364075e-08 0.5 p1 21222 8
971 14937756 m2 503046 -0.000151820364 0.5 p1 21226 8
9013 14941527 m2 4455875 -1.33422327e-11 0.5 p1 21232 8
9746 14949457 m2 4822919 -4.39702461e-07 0.5 p1 21244 8
8341 14980783 m2 4137785 -9.67483575e-05 0.5 p1 21293 8
2517 14982601 m2 1280151 -2.20458007e-09 0.5 p1 21296 8
2401 14982691 m2 1219086 -5.90429008e-05 0.5 p1 21296 8
6587 14999327 m2 3273015 -3.66145759e-05 0.5 p1 21322 8
6620 15002646 m2 3285773 -0.000867895258 0.5 p1 21327 8
9995 15003042 m2 4951165 -0.000128282045 0.5 p1 21328 8
6773 15003311 m2 3368074 -0.000118744618 0.5 p1 21328 8
580 15003477 m2 300884 -4.50975477e-07 0.5 p1 21328 8
8935 15004242 m2 4425542 -2.22967574e-05 0.5 p1 21329 8
5923 15008001 m2 2950832 -0.000203281292 0.5 p1 21335 8
8418 15015083 m3 4174995 0.000168959858 0.5 p1 21346 8
3133 15020129 m2 1574880 -0.000254519633 0.5 p1 21354 8
4511 15024331 m2 2239738 -2.98898831e-05 0.5 p1 21361 8
6758 15030910 m2 3362953 -4.78115289e-05 0.5 p1 21371 8
1011 15031802 m2 520853 -0.00108045316 0.5 p1 21372 8
5623 15032032 m2 2797139 -1.09560139e-08 0.5 p1 21373 8
3131 15048128 m2 1572175 -6.58185309e-05 0.5 p1 21398 8
6364 15050561 m2 3155721 -2.08690693e-07 0.5 p1 21402 8
1807 15051584 m2 915616 -5.63131607e-07 0.5 p1 21404 8
3458 15052220 m2 1731832 -8.59694046e-05 0.5 p1 21405 8
4845 15054622 m2 2394069 -1.31245597e-05 0.5 p1 21409 8
4227 15057706 m2 2115101 -8.31772195e-06 0.5 p1 21413 8
502 15058087 m2 262932 -0.000266147021 0.5 p1 21414 8
932 15068007 m2 483456 -0.00294513674 0.5 p1 21429 8
5903 15073252 m2 2940770 -6.72094114e-09 0.5 p1 21438 8
4405 15077361 m2 2195603 -8.62741217e-05 0.5 p1 21444 8
4661 15078287 m2 2309915 -7.07408035e-05 0.5 p1 21446 8
6982 15087118 m2 3457534 -0.00123307167 0.5 p1 21459 8
6428 15087963 m2 3184983 -2.56795772e-07 0.5 p1 21461 8
2856 15095059 m2 1435112 -5.46955198e-06 0.5 p1 21472 8
9624 15096708 m2 4758854 -0.000822884787 0.5 p1 21475 8
908 15097754 m2 472423 -1.05319518e-14 0.5 p1 21476 8
3187 15098458 m2 1600372 -3.3274157e-06 0.5 p1 21477 8
2912 15098739 m2 1463632 -3.09932402e-05 0.5 p1 21478 8
5950 15101457 m2 2965553 -0.0010345726 0.5 p1 21482 8
5559 15118016 m2 2769414 -2.33833841e-10 0.5 p1 21508 8
9411 15120940 m2 4649178 -0.000114039016 0.5 p1 21513 8
7176 15137525 m2 3561113 -1.59294555e-09 0.5 p1 21539 8
4191 15151279 m2 2096746 -0.000249204721 0.5 p1 21561 8
9943 15151392 m2 4927193 -4.06843537e-09 0.5 p1 21561 8
6742 15169923 m2 3352359 -2.29168529e-09 0.5 p1 21591 8
2303 15172353 m2 1172004 -2.51596866e-05 0.5 p1 21595 8
9836 15173170 m2 4874171 -6.51697992e-05 0.5 p1 21596 8
1800 15178228 m2 913048 -2.58342461e-05 0.5 p1 21604 8
4315 15179655 m2 2159596 -2.39573361e-09 0.5 p1 21606 8
8229 15181808 m2 4076872 -2.42098703e-14 0.5 p1 21610 8
8897 15182955 m2 4411063 -3.73873263e-07 0.5 p1 21611 8
3880 15183694 m2 1941555 -1.75271043e-06 0.5 p1 21613 8
9127 15196894 m2 4514576 -2.39686915e-06 0.5 p1 21634 8
7286 15198527 m2 3612441 -2.07386307e-07 0.5 p1 21637 8
5542 15199558 m2 2760487 -1.21280088e-08 0.5 p1 21639 8
6439 15205340 m2 3188985 -0.000235729021 0.5 p1 21648 8
984 15209445 m2 509589 -0.000276996347 0.5 p1 21655 8
9731 15210770 m2 4815516 -0.00204354571 0.5 p1 21657 8
1519 15214969 m2 776073 -3.55114939e-12 0.5 p1 21664 8
8435 15216905 m2 4185234 -4.47573711e-06 0.5 p1 21667 8
2793 15228088 m2 1400330 -6.52645213e-07 0.5 p1 21685 8
3664 15230257 m2 1829501 -0.000249377248 0.5 p1 21688 8
8170 15231160 m2 4044657 -5.87797149e-05 0.5 p1 21690 8
6082 15231578 m2 3026401 -1.41102828e-05 0.5 p1 21691 8
137 15240865 m2 75594 -1.13771968e-07 0.5 p1 21706 8
4587 15246836 m2 2275376 -1.13400692e-05 0.5 p1 21715 8
3562 15247584 m2 1782404 -0.000503974676 0.5 p1 21716 8
2601 15251838 m2 1318269 -0.000292189623 0.5 p1 21723 8
370 15254422 m2 191628 -0.00188050722 0.5 p1 21727 8
7998 15254851 m2 3959870 -0.000152462846 0.5 p1 21728 8
2677 15262740 m2 1352700 -0.000248803495 0.5 p1 21740 8
6301 15269252 m2 3123841 -0.00125447277 0.5 p1 21751 8
6465 15271216 m2 3203346 -1.38428538e-06 0.5 p1 21754 8
1704 15276421 m2 867484 -1.71379952e-06 0.5 p1 21763 8
4187 15277840 m2 2095133 -0.000291581848 0.5 p1 21765 8
8748 15285192 m2 4338719 -0.000169814011 0.5 p1 21777 8
2020 15292913 m3 1033167 0.00314306794 0.5 p1 21789 8
6750 15308383 m2 3358665 -0.000137352064 0.5 p1 21814 8
8268 15310026 m2 4104240 -4.08871671e-07 0.5 p1 21817 8
9452 15322802 m2 4672272 -1.67445469e-09 0.5 p1 21837 8
4918 15323594 m2 2431445 -8.23422743e-05 0.5 p1 21839 8
3617 15325803 m2 1812317 -1.42080862e-05 0.5 p1 21842 8
3895 15329921 m2 1949286 -6.82814607e-06 0.5 p1 21849 8
8792 15331356 m2 4359094 -6.62729008e-07 0.5 p1 21851 8
8046 15333915 m2 3983129 -4.01623265e-06 0.5 p1 21855 8
8293 15333940 m2 4121040 -7.94712662e-07 0.5 p1 21855 8
5096 15339900 m2 2521796 -2.0947648e-06 0.5 p1 21865 8
9497 15353151 m2 4693473 -0.000979948207 0.5 p1 21887 8
6105 15353408 m2 3034658 -1.09668542e-11 0.5 p1 21887 8
5655 15355530 m2 2813742 -2.28761892e-05 0.5 p1 21890 8
7573 15361385 m2 3763361 -3.05059366e-05 0.5 p1 21900 8
9467 15361522 m2 4677741 -3.42403655e-05 0.5 p1 21900 8
6459 15361555 m2 3202185 -7.51573115e-09 0.5 p1 21900 8
8267 15364276 m2 4104155 -0.000235814063 0.5 p1 21905 8
1221 15365721 m2 624198 -0.000339614955 0.5 p1 21907 8
2327 15383668 m2 1186672 -3.35308177e-05 0.5 p1 21936 8
928 15392376 m2 481474 -2.24417145e-05 0.5 p1 21950 8
1956 15398201 m2 997550 -2.65560284e-05 0.5 p1 21960 8
7054 15400088 m2 3494527 -1.31698735e-10 0.5 p1 21963 8
593 15407722 m2 306150 -9.51483235e-05 0.5 p1 21975 8
6643 15416174 m2 3296220 -0.000176324073 0.5 p1 21988 8
3652 15423783 m2 1823856 -1.22722582e-10 0.5 p1 22000 8
862 15426221 m2 447088 -3.24326447e-06 0.5 p1 22004 8
9893 15433542 m2 4900890 -3.32817363e-05 0.5 p1 22016 8
927 15435416 m2 479199 -7.70959377e-05 0.5 p1 22019 8
8650 15438860 m2 4287744 -0.000259509601 0.5 p1 22025 8
9206 15440572 m2 4546694 -6.5429731e-06 0.5 p1 22028 8
7138 15444308 m2 3534045 -6.18028241e-12 0.5 p1 22034 8
1314 15453409 m2 670536 -6.51497339e-06 0.5 p1 22048 8
4276 15461151 m2 2140355 -0.000129085805 0.5 p1 22061 8
2851 15469656 m2 1433441 -0.000877997838 0.5 p1 22074 8
7613 15470392 m2 3782462 -0.000653994444 0.5 p1 22075 8
3102 15472747 m2 1559365 -2.3306904e-05 0.5 p1 22079 8
7735 15474929 m2 3847928 -1.07397057e-07 0.5 p1 22083 8
9872 15486600 m2 4895521 -0.000818336266 0.5 p1 22101 8
2614 15512009 m2 1323913 -0.0014935307 0.5 p1 22141 8
7633 15522562 m2 3793715 -5.07155019e-05 0.5 p1 22158 8
5861 15524474 m2 2920254 -9.35845528e-05 0.5 p1 22161 8
685 15527810 m2 354676 -1.6789304e-06 0.5 p1 22167 8
7185 15528547 m2 3565134 -6.16079415e-05 0.5 p1 22168 8
7364 15530858 m2 3650740 -0.000920625462 0.5 p1 22171 8
7039 15531106 m2 3488944 -1.16982665e-05 0.5 p1 22172 8
8428 15536291 m2 4181990 -0.00159024494 0.5 p1 22180 8
7932 15537143 m2 3936904 -0.00163003372 0.5 p1 22182 8
7531 15537460 m2 3740023 -1.54973367e-09 0.5 p1 22182 8
6269 15542582 m2 3110074 -5.4216739e-06 0.5 p1 22190 8
7489 15545006 m2 3719617 -1.09570328e-05 0.5 p1 22194 8
4815 15551674 m2 2379756 -4.27540357e-07 0.5 p1 22205 8
342 15553249 m2 179242 -1.09781846e-08 0.5 p1 22207 8
7543 15555471 m2 3746507 -1.58277769e-09 0.5 p1 22211 8
6236 15564981 m2 3096358 -9.4311923e-05 0.5 p1 22226 8
8944 15566051 m2 4427970 -0.000190712613 0.5 p1 22227 8
5494 15566969 m2 2732904 -3.42752755e-05 0.5 p1 22229 8
5693 15568267 m2 2836589 -1.09128106e-13 0.5 p1 22231 8
1725 15585741 m2 875165 -0.000146654667 0.5 p1 22259 8
5941 15590664 m2 2960411 -4.61353957e-05 0.5 p1 22266 8
3899 15590803 m2 1949674 -8.4642139e-05 0.5 p1 22267 8
4432 15598367 m2 2206530 -0.00107588689 0.5 p1 22279 8
5971 15599624 m2 2972196 -5.47942982e-05 0.5 p1 22281 8
8780 15605725 m2 4353711 -6.06569956e-05 0.5 p1 22291 8
1111 15607240 m2 572547 -0.000225223761 0.5 p1 22293 8
6547 15613860 m2 3250567 -6.84227052e-05 0.5 p1 22304 8
4932 15615918 m2 2438155 -7.3462812e-05 0.5 p1 22307 8
8504 15620344 m2 4219502 -9.1712775e-07 0.5 p1 22314 8
6148 15621206 m2 3053219 -0.0001263132 0.5 p1 22316 8
5490 15622794 m2 2729877 -4.27923617e-08 0.5 p1 22318 8
3276 15627570 m2 1641753 -1.31559803e-08 0.5 p1 22326 8
6556 15627906 m2 3256194 -0.000176362126 0.5 p1 22326 8
3189 15631158 m3 1603097 0.00173568947 0.5 p1 22331 8
4433 15631939 m2 2206551 -4.17700212e-05 0.5 p1 22333 8
332 15636348 m2 171909 -2.39670935e-05 0.5 p1 22340 8
8450 15639245 m2 4192250 -7.74180007e-05 0.5 p1 22344 8
2057 15640322 m2 1052099 -1.69487482e-08 0.5 p1 22346 8
481 15652749 m2 249424 -5.19167465e-08 0.5 p1 22366 8
981 15653851 m2 507991 -0.000267793104 0.5 p1 22368 8
1762 15657323 m2 893401 -7.25475402e-05 0.5 p1 22373 8
5434 15657698 m2 2704532 -2.8480039e-05 0.5 p1 22374 8
7157 15663082 m2 3550725 -1.0226302e-05 0.5 p1 22383 8
7044 15664373 m2 3489640 -4.1770294e-05 0.5 p1 22385 8
255 15666603 m2 129155 -3.1523216e-06 0.5 p1 22389 8
7532 15675579 m2 3740503 -1.90737826e-08 0.5 p1 22403 8
2732 15678082 m2 1376274 -0.000131596535 0.5 p1 22407 8
1804 15682311 m3 914529 0.000588250812 0.5 p1 22414 8
2338 15684881 m2 1191581 -1.94489373e-11 0.5 p1 22418 8
2133 15690974 m2 1089160 -0.001536272 0.5 p1 22428 8
1972 15693051 m2 1007575 -0.000653903815 0.5 p1 22431 8
4821 15698700 m2 2382982 -4.59424045e-05 0.5 p1 22440 8
1124 15700947 m2 580084 -5.31821797e-07 0.5 p1 22444 8
3935 15704506 m2 1962064 -1.83487475e-06 0.5 p1 22449 8
1066 15715211 m2 550461 -0.00208350341 0.5 p1 22466 8
3936 15717720 m2 1962331 -0.0024533926 0.5 p1 22470 8
6545 15717905 m2 3248520 -0.000276263279 0.5 p1 22471 8
3593 15724948 m2 1799963 -0.000256599276 0.5 p1 22482 8
3848 15743366 m2 1928797 -0.000442526478 0.5 p1 22512 8
3348 15751303 m2 1677683 -0.000446978083 0.5 p1 22525 8
7028 15768254 m2 3482371 -3.30737953e-06 0.5 p1 22552 8
5751 15783242 m2 2864805 -9.29269845e-07 0.5 p1 22576 8
1333 15785281 m2 679212 -7.31405621e-08 0.5 p1 22579 8
9877 15791442 m2 4896612 -1.33245214e-06 0.5 p1 22589 8
9135 15803441 m2 4516677 -2.67521383e-09 0.5 p1 22608 8
6993 15815937 m2 3466063 -0.00203943462 0.5 p1 22628 8
6510 15820036 m2 3226079 -5.4682655e-06 0.5 p1 22635 8
9031 15831512 m2 4468780 -0.00125713961 0.5 p1 22653 8
9606 15843106 m2 4746016 -1.60530487e-06 0.5 p1 22671 8
5837 15854290 m2 2907498 -7.8013457e-08 0.5 p1 22689 8
5006 15864970 m2 2470141 -1.34272966e-07 0.5 p1 22706 8
9349 15867660 m2 4623646 -1.11371082e-06 0.5 p1 22710 8
9739 15879657 m2 4819091 -0.000406836363 0.5 p1 22729 8
2062 15879891 m2 1054720 -3.51994568e-05 0.5 p1 22730 8
9186 15881419 m2 4538394 -0.000291437464 0.5 p1 22732 8
9456 15892064 m2 4674742 -2.56117119e-07 0.5 p1 22749 8
763 15907760 m2 394079 -1.02696525e-20 0.5 p1 22774 8
6065 15913070 m2 3017162 -2.19382582e-05 0.5 p1 22782 8
9795 15926153 m2 4847995 -1.71477768e-06 0.5 p1 22803 8
7760 15926182 m2 3859711 -0.000600622792 0.5 p1 22803 8
2646 15932139 m2 1341377 -0.000788448087 0.5 p1 22813 8
2493 15948636 m2 1265293 -2.13809762e-05 0.5 p1 22839 8
8237 15954390 m2 4084509 -1.44431482e-07 0.5 p1 22848 8
6733 15957634 m2 3347815 -2.47355001e-05 0.5 p1 22854 8
5674 15957773 m2 2824526 -1.87532096e-05 0.5 p1 22854 8
7871 15967498 m2 3910161 -2.86601903e-07 0.5 p1 22870 8
443 15974266 m2 232881 -1.23606022e-16 0.5 p1 22880 8
6150 15976496 m2 3054764 -2.82168003e-05 0.5 p1 22884 8
2263 15987808 m2 1151513 -2.81287466e-05 0.5 p1 22902 8
1308 15990522 m2 668968 -9.67649903e-05 0.5 p1 22907 8
6030 16008866 m2 3001311 -0.000883669301 0.5 p1 22936 8
5938 16009784 m2 2959253 -2.52192854e-06 0.5 p1 22938 8
7059 16014061 m3 3496110 0.000958747347 0.5 p1 22945 8
3945 16014831 m2 1966627 -0.000225626631 0.5 p1 22946 8
5219 16016126 m2 2596522 -9.12945723e-07 0.5 p1 22948 8
1342 16017022 m2 681764 -0.000994884176 0.5 p1 22949 8
2307 16019816 m2 1173760 -2.5911806e-05 0.5 p1 22954 8
5887 16024834 m2 2932478 -6.23094966e-05 0.5 p1 22962 8
2233 16027076 m2 1136324 -4.67452651e-07 0.5 p1 22965 8
8322 16038456 m2 4129987 -1.5461781e-05 0.5 p1 22983 8
5507 16039149 m2 2739578 -0.00106384512 0.5 p1 22985 8
570 16040036 m2 294290 -1.82366523e-06 0.5 p1 22986 8
7017 16043533 m2 3476080 -0.000195170956 0.5 p1 22992 8
7643 16044039 m2 3800102 -3.99941456e-07 0.5 p1 22992 8
4701 16046513 m2 2326132 -0.000238384848 0.5 p1 22996 8
4281 16049473 m2 2141394 -0.000611923111 0.5 p1 23001 8
5796 16069674 m2 2884557 -1.37554098e-13 0.5 p1 23033 8
4935 16072950 m2 2439044 -4.0799041e-06 0.5 p1 23038 8
9538 16075008 m2 4714043 -4.31717963e-05 0.5 p1 23042 8
931 16092058 m2 482940 -6.3296838e-08 0.5 p1 23070 8
8033 16095761 m2 3976425 -4.87731922e-05 0.5 p1 23076 8
8681 16096485 m2 4307162 -0.000521153212 0.5 p1 23077 8
3096 16096637 m3 1557986 0.000734164088 0.5 p1 23077 8
9465 16100469 m2 4677646 -1.10347408e-12 0.5 p1 23083 8
1410 16101162 m2 717613 -0.000218688117 0.5 p1 23085 8
5252 16104587 m2 2614542 -7.35363992e-09 0.5 p1 23090 8
2014 16105349 m2 1030558 -0.000159708827 0.5 p1 23091 8
4952 16105808 m2 2448393 -0.000406243169 0.5 p1 23092 8
10082 16113377 m2 4988557 -1.68092447e-06 0.5 p1 23105 8
1177 16113496 m2 602689 -0.000306992792 0.5 p1 23105 8
1180 16114240 m2 605645 -1.87711464e-07 0.5 p1 23106 8
5344 16119201 m2 2660603 -7.44586521e-13 0.5 p1 23114 8
9177 16127139 m2 4534504 -0.000945898413 0.5 p1 23127 8
3296 16130966 m2 1650977 -9.5478514e-09 0.5 p1 23134 8
61 16131039 m2 39000 -3.9955264e-08 0.5 p1 23134 8
1291 16143053 m2 661928 -1.69798932e-05 0.5 p1 23153 8
8283 16149277 m2 4116309 -3.16792608e-07 0.5 p1 23163 8
4007 16155107 m2 1998049 -3.49872644e-05 0.5 p1 23173 8
4468 16161417 m2 2221817 -1.6191967e-05 0.5 p1 23183 8
1831 16165184 m2 929268 -0.000553590595 0.5 p1 23189 8
4510 16189409 m2 2239615 -5.49626611e-06 0.5 p1 23229 8
7700 16200508 m2 3828572 -0.000105374529 0.5 p1 23247 8
7807 16203489 m2 3880816 -1.63622972e-05 0.5 p1 23253 8
4982 16204539 m2 2460969 -4.50151856e-05 0.5 p1 23254 8
8986 16204955 m2 4447511 -0.00128848734 0.5 p1 23255 8
1959 16208083 m2 999116 -3.50604641e-05 0.5 p1 23260 8
426 16208544 m2 223218 -0.00101171387 0.5 p1 23261 8
1738 16210368 m2 882558 -3.29245518e-06 0.5 p1 23264 8
8636 16211152 m2 4281183 -7.92170635e-11 0.5 p1 23265 8
1755 16214751 m2 891514 -0.00150916516 0.5 p1 23271 8
1113 16223298 m2 573476 -0.000153535948 0.5 p1 23286 8
4993 16224566 m2 2466223 -4.94330234e-05 0.5 p1 23288 8
3474 16228069 m2 1739035 -5.66571828e-07 0.5 p1 23293 8
5547 16228862 m2 2763284 -7.4284242e-12 0.5 p1 23295 8
2412 16240180 m2 1224908 -0.000170692831 0.5 p1 23313 8
8137 16243966 m2 4025847 -0.000176032656 0.5 p1 23319 8
3451 16244864 m2 1729079 -2.24166987e-11 0.5 p1 23321 8
8779 16254844 m2 4353049 -2.51295518e-09 0.5 p1 23337 8
1744 16262812 m2 887356 -4.37349351e-10 0.5 p1 23350 8
6656 16271551 m2 3304004 -0.00174115098 0.5 p1 23364 8
7676 16293026 m2 3816891 -4.35583104e-07 0.5 p1 23400 8
7824 16293355 m2 3888021 -1.09407438e-05 0.5 p1 23400 8
659 16294786 m2 340970 -1.98830639e-05 0.5 p1 23403 8
7984 16305254 m2 3955017 -5.04263653e-06 0.5 p1 23420 8
686 16311906 m2 354705 -3.38000006e-15 0.5 p1 23431 8
8476 16314793 m2 4205185 -3.02954797e-12 0.5 p1 23435 8
6281 16319849 m2 3115789 -8.79684376e-05 0.5 p1 23444 8
3876 16322027 m2 1940310 -1.3482213e-07 0.5 p1 23448 8
3454 16323037 m2 1729723 -1.04700504e-09 0.5 p1 23449 8
268 16327153 m2 136436 -4.3356269e-07 0.5 p1 23456 8
1070 16327815 m2 552964 -0.000229253536 0.5 p1 23457 8
9700 16337208 m2 4798997 -8.62161585e-07 0.5 p1 23473 8
1226 16341434 m2 626268 -0.000933373871 0.5 p1 23480 8
1947 16343453 m2 995269 -3.12735465e-05 0.5 p1 23483 8
5874 16353643 m2 2927060 -2.13295284e-10 0.5 p1 23500 8
2513 16357463 m2 1279637 -1.06736763e-07 0.5 p1 23506 8
4955 16361702 m2 2448584 -4.73386734e-07 0.5 p1 23513 8
1774 16368438 m2 898336 -0.00066632661 0.5 p1 23524 8
5964 16373191 m2 2969871 -1.59080915e-10 0.5 p1 23532 8
2416 16386821 m2 1228031 -0.000112210408 0.5 p1 23554 8
2652 16388960 m2 1343712 -2.88790707e-05 0.5 p1 23558 8
3136 16392836 m2 1575411 -7.46450314e-05 0.5 p1 23564 8
8517 16393557 m2 4225476 -2.33528135e-06 0.5 p1 23565 8
9057 16403622 m2 4480076 -1.25049917e-06 0.5 p1 23582 8
9424 16407960 m2 4653622 -0.000199490605 0.5 p1 23589 8
6631 16408450 m2 3290135 -5.6303854e-08 0.5 p1 23590 8
10066 16411895 m2 4981442 -2.59421803e-12 0.5 p1 23596 8
2131 16414763 m2 1087613 -8.84589753e-08 0.5 p1 23601 8
5105 16415570 m2 2528719 -4.46109379e-06 0.5 p1 23602 8
9716 16416235 m2 4808823 -3.7335325e-05 0.5 p1 23603 8
3214 16419968 m2 1611171 -1.34508009e-05 0.5 p1 23609 8
9263 16421398 m2 4574121 -0.000120371915 0.5 p1 23612 8
8317 16425759 m2 4128046 -0.000430985267 0.5 p1 23619 8
8489 16428502 m2 4212289 -6.15190511e-05 0.5 p1 23623 8
5000 16431047 m2 2468759 -0.000116637304 0.5 p1 23627 8
5999 16436900 m3 2986120 9.10039744e-05 0.5 p1 23637 8
4067 16437547 m2 2033799 -6.94351766e-05 0.5 p1 23638 8
3428 16445345 m2 1717047 -3.19641913e-05 0.5 p1 23651 8
2291 16449206 m2 1166099 -6.7747801e-06 0.5 p1 23657 8
2645 16460317 m3 1340803 0.00118620333 0.5 p1 23676 8
3541 16462035 m2 1770125 -0.00049142167 0.5 p1 23678 8
5634 16469404 m2 2802056 -0.000176993592 0.5 p1 23691 8
2978 16471432 m2 1501730 -4.60235094e-09 0.5 p1 23694 8
4601 16472610 m2 2282618 -7.67499486e-09 0.5 p1 23696 8
5189 16473000 m2 2581039 -2.39388953e-08 0.5 p1 23696 8
4541 16473577 m2 2258401 -0.000241640038 0.5 p1 23697 8
1067 16484500 m2 551284 -0.00229616161 0.5 p1 23715 8
2039 16494709 m2 1045256 -8.01087226e-05 0.5 p1 23732 8
6046 16495532 m2 3007033 -1.2768291e-07 0.5 p1 23733 8
8832 16505102 m2 4378424 -8.12044391e-07 0.5 p1 23749 8
3942 16505519 m2 1965586 -0.000899051374 0.5 p1 23749 8
3504 16506526 m2 1750363 -1.22142609e-07 0.5 p1 23751 8
3925 16507968 m2 1957661 -3.53862418e-07 0.5 p1 23753 8
5858 16509106 m2 2919250 -5.30755642e-06 0.5 p1 23755 8
8852 16512566 m2 4390172 -1.42416266e-05 0.5 p1 23761 8
6158 16518494 m2 3058046 -6.0983993e-08 0.5 p1 23771 8
3915 16521882 m2 1954631 -2.07988414e-05 0.5 p1 23776 8
1764 16527856 m2 895020 -0.000103266495 0.5 p1 23786 8
3616 16532880 m2 1811814 -8.48638651e-13 0.5 p1 23794 8
3043 16537318 m2 1534508 -0.000146554419 0.5 p1 23802 8
5776 16540337 m2 2876118 -4.93155858e-06 0.5 p1 23807 8
1486 16542281 m2 759114 -0.000114309893 0.5 p1 23810 8
4995 16543259 m2 2467241 -9.85128063e-05 0.5 p1 23812 8
796 16551119 m2 409368 -3.39514692e-08 0.5 p1 23824 8
6450 16551369 m2 3195499 -9.5540172e-06 0.5 p1 23825 8
6980 16554892 m2 3456430 -5.40964429e-05 0.5 p1 23831 8
625 16560958 m2 323493 -8.57994164e-05 0.5 p1 23840 8
3329 16568500 m2 1666672 -9.11965544e-05 0.5 p1 23853 8
4862 16576285 m2 2402003 -1.19293563e-05 0.5 p1 23866 8
5474 16576330 m2 2726080 -5.59432312e-15 0.5 p1 23866 8
5560 16580594 m2 2769474 -3.42975181e-06 0.5 p1 23873 8
1395 16586224 m2 709326 -0.00188121968 0.5 p1 23882 8
8119 16599547 m2 4017769 -7.21907611e-07 0.5 p1 23904 8
2118 16608614 m2 1081725 -5.08530466e-05 0.5 p1 23919 8
3039 16626453 m2 1533195 -4.58701033e-05 0.5 p1 23949 8
3395 16629832 m2 1698380 -4.85420969e-05 0.5 p1 23954 8
6097 16632032 m2 3031715 -6.10260571e-08 0.5 p1 23958 8
6451 16632566 m2 3198246 -0.000182148564 0.5 p1 23959 8
8952 16639605 m2 4432690 -0.00578235462 0.5 p1 23970 8
6626 16640545 m2 3287948 -8.12870076e-06 0.5 p1 23972 8
4667 16661545 m2 2312088 -5.83275141e-06 0.5 p1 24005 8
7203 16664373 m2 3574537 -0.000616284146 0.5 p1 24010 8
2167 16667728 m2 1109186 -0.000227716111 0.5 p1 24016 8
2176 16669199 m2 1114534 -2.65261315e-05 0.5 p1 24018 8
7580 16670742 m2 3766238 -9.74708053e-13 0.5 p1 24020 8
5004 16671288 m3 2469850 0.00158771768 0.5 p1 24021 8
8105 16671895 m2 4011862 -1.43107736e-05 0.5 p1 24022 8
751 16676925 m2 388298 -2.29202215e-05 0.5 p1 24030 8
9901 16687423 m2 4904919 -2.82197075e-08 0.5 p1 24048 8
6390 16690508 m3 3168961 0.00141817553 0.5 p1 24053 8
9616 16690986 m2 4753052 -0.00109797937 0.5 p1 24054 8
3219 16704411 m2 1616400 -7.82979441e-07 0.5 p1 24076 8
4228 16704479 m2 2116307 -0.000301503285 0.5 p1 24076 8
1268 16709553 m2 645836 -4.02130151e-09 0.5 p1 24084 8
4947 16713750 m2 2446286 -0.000155610222 0.5 p1 24091 8
6145 16716402 m2 3052425 -2.91766555e-05 0.5 p1 24095 8
1077 16720756 m2 559678 -1.39297545e-05 0.5 p1 24103 8
7436 16724713 m2 3690809 -2.12285869e-08 0.5 p1 24109 8
6584 16727321 m2 3271168 -1.28051934e-08 0.5 p1 24113 8
2157 16730064 m2 1104946 -3.04144777e-07 0.5 p1 24118 8
7591 16735820 m3 3772871 0.00174562703 0.5 p1 24127 8
3299 16747930 m2 1654194 -4.71036099e-10 0.5 p1 24148 8
4175 16750285 m2 2090150 -4.36090231e-05 0.5 p1 24152 8
5564 16753421 m2 2772133 -7.97705795e-08 0.5 p1 24157 8
1304 16754525 m2 667184 -2.64292703e-05 0.5 p1 24159 8
2981 16756368 m2 1505240 -2.62502499e-06 0.5 p1 24162 8
1951 16759604 m2 996404 -0.000234798688 0.5 p1 24167 8
6662 16760346 m2 3306494 -8.90297815e-05 0.5 p1 24168 8
6124 16775508 m2 3041820 -1.08525391e-07 0.5 p1 24194 8
8766 16776570 m2 4345084 -2.34355912e-09 0.5 p1 24196 8
6809 16777258 m2 3380464 -1.22892928e-07 0.5 p1 24197 8
3092 16789830 m2 1556891 -0.000862408022 0.5 p1 24218 8
8149 16792082 m2 4030357 -9.26608845e-06 0.5 p1 24221 8
10048 16792503 m2 4973686 -3.62271746e-09 0.5 p1 24222 8
433 16793166 m2 227744 -5.7196803e-07 0.5 p1 24223 8
3523 16800823 m2 1759340 -4.57219045e-08 0.5 p1 24236 8
9608 16813296 m2 4748635 -1.93718069e-10 0.5 p1 24256 8
87 16817609 m2 50358 -8.2589019e-10 0.5 p1 24264 8
8793 16818972 m2 4359160 -4.32778862e-08 0.5 p1 24266 8
6757 16820374 m2 3362101 -4.42855814e-08 0.5 p1 24268 8
7120 16823833 m2 3523153 -0.000112741975 0.5 p1 24274 8
56 16826806 m2 37646 -8.1834638e-05 0.5 p1 24279 8
8174 16828691 m2 4046238 -1.68052203e-08 0.5 p1 24282 8
9339 16845682 m2 4618391 -4.54718247e-05 0.5 p1 24310 8
9546 16849925 m2 4717387 -9.74481438e-08 0.5 p1 24317 8
6151 16856852 m2 3055395 -2.62586377e-06 0.5 p1 24329 8
361 16857600 m2 189036 -3.89190427e-06 0.5 p1 24330 8
7470 16858686 m2 3709520 -0.0007849455 0.5 p1 24332 8
9400 16870262 m2 4645863 -2.71418412e-05 0.5 p1 24351 8
5555 16870536 m2 2766581 -3.26600602e-05 0.5 p1 24352 8
9477 16874887 m2 4682435 -7.35279855e-06 0.5 p1 24359 8
6318 16879053 m2 3136057 -1.88841216e-06 0.5 p1 24366 8
9341 16882866 m2 4619160 -1.26738131e-08 0.5 p1 24372 8
1292 16884145 m2 663154 -9.81875246e-07 0.5 p1 24375 8
5316 16886537 m2 2642060 -9.85610086e-07 0.5 p1 24379 8
2396 16890679 m2 1215796 -7.53294614e-07 0.5 p1 24386 8
7503 16891995 m2 3725655 -0.000633322925 0.5 p1 24388 8
6207 16905723 m2 3085411 -1.46793363e-05 0.5 p1 24411 8
2671 16907064 m2 1351103 -7.09248695e-07 0.5 p1 24413 8
4620 16922016 m2 2288053 -8.7782638e-07 0.5 p1 24438 8
7090 16923124 m2 3510744 -9.93932626e-05 0.5 p1 24440 8
1668 16926748 m2 844728 -3.62258515e-06 0.5 p1 24446 8
2550 16932046 m2 1294734 -7.51123821e-07 0.5 p1 24455 8
3475 16934714 m2 1739189 -1.70316781e-07 0.5 p1 24459 8
3426 16939761 m2 1716123 -5.22207813e-07 0.5 p1 24467 8
6671 16943256 m2 3311109 -0.000279248867 0.5 p1 24473 8
3608 16943688 m2 1805770 -6.17907335e-06 0.5 p1 24474 8
8614 16947260 m2 4272549 -3.2700671e-05 0.5 p1 24480 8
7288 16947382 m2 3613186 -5.73483976e-06 0.5 p1 24480 8
9315 16950619 m2 4606041 -5.38843669e-05 0.5 p1 24485 8
4495 16976243 m2 2234254 -2.2190472e-05 0.5 p1 24529 8
7426 16980027 m2 3685885 -3.47758169e-06 0.5 p1 24536 8
4166 16982932 m2 2085523 -8.13972292e-05 0.5 p1 24541 8
5801 17011345 m2 2886355 -3.40460069e-08 0.5 p1 24589 8
9325 17012622 m2 4612129 -4.58265895e-05 0.5 p1 24591 8
1402 17018034 m2 711040 -9.9126346e-06 0.5 p1 24600 8
4686 17022237 m2 2321505 -2.98874925e-09 0.5 p1 24608 8
4637 17030643 m2 2293129 -1.92342031e-06 0.5 p1 24622 8
7784 17038009 m2 3868996 -1.15489547e-05 0.5 p1 24634 8
4095 17042531 m3 2049275 0.000639885257 0.5 p1 24641 8
2298 17046642 m2 1169687 -2.41938301e-06 0.5 p1 24648 8
3403 17047748 m2 1704546 -3.85402572e-08 0.5 p1 24650 8
1224 17052538 m2 625384 -0.00154193875 0.5 p1 24658 8
9386 17058402 m2 4639164 -1.44017083e-08 0.5 p1 24668 8
5666 17059910 m2 2821386 -5.59534874e-06 0.5 p1 24671 8
9192 17061448 m2 4542309 -3.82935104e-06 0.5 p1 24673 8
3180 17065375 m3 1597964 0.00126468099 0.5 p1 24680 8
863 17073673 m2 447417 -3.74743013e-06 0.5 p1 24694 8
3453 17081010 m2 1729572 -9.93496201e-07 0.5 p1 24706 8
5907 17094084 m2 2942898 -2.34812142e-05 0.5 p1 24729 8
2737 17100009 m2 1377301 -1.11573115e-08 0.5 p1 24739 8
8910 17100871 m2 4417199 -4.94068918e-05 0.5 p1 24740 8
6172 17103081 m3 3067674 0.000711072295 0.5 p1 24744 8
1424 17105786 m2 722191 -4.19489606e-06 0.5 p1 24748 8
7444 17112106 m2 3694719 -5.9815366e-09 0.5 p1 24759 8
5050 17115487 m2 2498452 -1.42764984e-05 0.5 p1 24765 8
4582 17115989 m2 2272650 -9.37824821e-16 0.5 p1 24766 8
6542 17127815 m2 3243759 -2.31479973e-08 0.5 p1 24786 8
6493 17128719 m2 3216634 -3.8766575e-05 0.5 p1 24788 8
5350 17145187 m2 2663080 -1.46232404e-08 0.5 p1 24815 8
585 17147635 m2 303396 -1.3215219e-05 0.5 p1 24819 8
5626 17150815 m2 2797577 -1.75228761e-05 0.5 p1 24825 8
8724 17154082 m2 4324891 -0.00301289069 0.5 p1 24831 8
182 17158160 m2 100469 -3.52502611e-05 0.5 p1 24838 8
7558 17164890 m2 3755861 -9.2647475e-05 0.5 p1 24849 8
4453 17167100 m2 2215282 -0.00020559979 0.5 p1 24853 8
8611 17171814 m2 4271720 -2.15368254e-05 0.5 p1 24861 8
6612 17176901 m2 3284005 -0.000567569397 0.5 p1 24869 8
7145 17183199 m2 3540848 -0.000181121373 0.5 p1 24880 8
5741 17185497 m3 2857300 7.92769642e-05 0.5 p1 24884 8
5064 17192585 m2 2504769 -3.49407884e-07 0.5 p1 24896 8
3965 17194356 m2 1977245 -2.09629691e-09 0.5 p1 24899 8
869 17195889 m2 452531 -2.37007698e-05 0.5 p1 24902 8
8664 17198533 m2 4296248 -0.000253263599 0.5 p1 24906 8
7308 17207990 m2 3620552 -2.51813381e-05 0.5 p1 24922 8
1748 17218961 m2 888342 -0.000389975961 0.5 p1 24941 8
5889 17220677 m2 2933537 -4.68216604e-05 0.5 p1 24944 8
9913 17231235 m2 4913069 -1.04470087e-06 0.5 p1 24962 8
6581 17233459 m2 3270866 -0.000288176205 0.5 p1 24966 8
4435 17234995 m2 2207282 -7.78821777e-05 0.5 p1 24968 8
6525 17238047 m2 3235314 -0.000153012952 0.5 p1 24974 8
8381 17238991 m2 4158183 -3.25089641e-05 0.5 p1 24975 8
4968 17252986 m2 2454928 -2.19317243e-07 0.5 p1 24999 8
1837 17254278 m2 932763 -2.22608953e-09 0.5 p1 25001 8
5026 17259509 m2 2484326 -8.79458676e-05 0.5 p1 25010 8
797 17262223 m2 409448 -1.91832555e-06 0.5 p1 25015 8
8721 17263954 m2 4322823 -2.11321179e-07 0.5 p1 25018 8
9753 17266746 m2 4825645 -0.00013780054 0.5 p1 25022 8
4736 17266756 m2 2343206 -1.2565744e-08 0.5 p1 25022 8
2657 17285194 m2 1344801 -2.8819718e-06 0.5 p1 25054 8
2894 17287877 m2 1453252 -7.36084839e-05 0.5 p1 25058 8
294 17288789 m2 151938 -0.000240193782 0.5 p1 25060 8
926 17289664 m2 478605 -8.89576313e-06 0.5 p1 25061 8
885 17291393 m2 458619 -3.72926448e-14 0.5 p1 25064 8
6200 17298201 m2 3083602 -0.000515026564 0.5 p1 25075 8
8958 17302304 m2 4435537 -1.7788166e-07 0.5 p1 25083 8
2528 17310088 m2 1286798 -0.000475971901 0.5 p1 25096 8
2446 17312500 m2 1239776 -5.46507545e-06 0.5 p1 25100 8
3601 17312501 m2 1803915 -0.00018888482 0.5 p1 25100 8
9516 17324703 m2 4701228 -6.24684571e-06 0.5 p1 25121 8
3311 17327699 m2 1661465 -5.6588633e-06 0.5 p1 25126 8
6945 17330589 m2 3444075 -7.38664239e-05 0.5 p1 25131 8
7319 17332752 m3 3627785 0.000329124508 0.5 p1 25134 8
4530 17333845 m2 2251451 -6.40808935e-08 0.5 p1 25136 8
749 17336842 m2 384949 -1.89792481e-05 0.5 p1 25141 8
5205 17337056 m2 2590992 -3.72447749e-18 0.5 p1 25142 8
7295 17345660 m2 3616444 -1.0513731e-09 0.5 p1 25156 8
3871 17358454 m3 1937884 0.000377852935 0.5 p1 25178 8
1694 17369691 m2 862087 -3.66734532e-10 0.5 p1 25197 8
8522 17370717 m2 4227609 -1.58421735e-05 0.5 p1 25199 8
10092 17372521 m2 4991311 -1.80901989e-05 0.5 p1 25202 8
4506 17375469 m2 2238735 -0.000200200084 0.5 p1 25207 8
4347 17378398 m2 2172321 -7.97229688e-07 0.5 p1 25212 8
2381 17393318 m2 1208683 -0.000106997803 0.5 p1 25238 8
2539 17393396 m2 1291344 -1.51487313e-06 0.5 p1 25238 8
9243 17399699 m2 4564572 -5.44564464e-05 0.5 p1 25248 8
112 17404301 m2 63906 -9.52996515e-07 0.5 p1 25256 8
7961 17411163 m2 3947198 -4.48172756e-14 0.5 p1 25268 8
8197 17416533 m2 4062527 -0.000137531068 0.5 p1 25277 8
1791 17416869 m2 907025 -3.66005879e-05 0.5 p1 25278 8
6292 17421502 m2 3119238 -0.000615598168 0.5 p1 25286 8
8797 17421905 m2 4362389 -0.000197977977 0.5 p1 25287 8
4990 17427087 m2 2464638 -0.00202455977 0.5 p1 25295 8
3284 17434868 m2 1645703 -5.53354912e-05 0.5 p1 25308 8
8009 17435650 m2 3963787 -0.00152459799 0.5 p1 25310 8
9223 17440263 m2 4554809 -0.00035037825 0.5 p1 25317 8
8570 17447748 m2 4249593 -2.68094436e-08 0.5 p1 25330 8
5495 17449454 m2 2733802 -4.75059592e-09 0.5 p1 25333 8
7211 17451479 m2 3577518 -3.1415055e-12 0.5 p1 25337 8
5632 17455004 m2 2800270 -4.64799172e-07 0.5 p1 25343 8
7243 17456755 m3 3588495 0.00626461487 0.5 p1 25346 8
9843 17466730 m2 4878048 -6.97689684e-05 0.5 p1 25363 8
2989 17467121 m2 1508251 -2.72384568e-06 0.5 p1 25363 8
7572 17476806 m2 3762795 -1.30486524e-05 0.5 p1 25380 8
9369 17477743 m3 4631421 0.00332750031 0.5 p1 25381 8
3321 17488716 m2 1664294 -4.88719291e-15 0.5 p1 25400 8
9397 17492266 m2 4644664 -1.7581126e-06 0.5 p1 25406 8
4590 17492414 m2 2277889 -6.55128019e-07 0.5 p1 25406 8
6794 17495593 m2 3373617 -0.000810041849 0.5 p1 25411 8
605 17502677 m2 311932 -1.20960544e-06 0.5 p1 25423 8
8224 17504069 m2 4075057 -2.85465629e-09 0.5 p1 25426 8
3422 17505766 m2 1713712 -3.57475183e-05 0.5 p1 25428 8
4113 17510652 m2 2060146 -1.68516063e-08 0.5 p1 25437 8
4334 17510702 m2 2167866 -0.000113423543 0.5 p1 25437 8
2328 17510935 m2 1187627 -1.1072113e-05 0.5 p1 25437 8
6373 17514462 m2 3159199 -0.000530904334 0.5 p1 25443 8
8840 17516148 m3 4384198 0.00065461779 0.5 p1 25446 8
6353 17517517 m2 3151317 -6.10468924e-05 0.5 p1 25449 8
9053 17524336 m2 4477157 -2.29445007e-07 0.5 p1 25460 8
354 17525611 m2 185696 -6.54852483e-09 0.5 p1 25462 8
1257 17528996 m2 640820 -0.00108583097 0.5 p1 25468 8
8866 17534779 m2 4396587 -1.77527472e-05 0.5 p1 25478 8
3088 17539104 m2 1554285 -1.4131313e-05 0.5 p1 25485 8
210 17542801 m2 111833 -2.12921987e-05 0.5 p1 25492 8
633 17545051 m2 327300 -3.93568342e-07 0.5 p1 25496 8
1092 17546497 m2 563785 -1.89197563e-05 0.5 p1 25498 8
5936 17550690 m2 2957499 -6.00529256e-06 0.5 p1 25505 8
3537 17552979 m2 1768233 -3.41609363e-09 0.5 p1 25509 8
1444 17555954 m2 732288 -0.000546176219 0.5 p1 25515 8
3866 17564249 m2 1935021 -5.25905261e-06 0.5 p1 25529 8
4471 17565313 m2 2225106 -7.65353543e-05 0.5 p1 25531 8
2684 17581361 m2 1357009 -4.22945305e-07 0.5 p1 25558 8
143 17582869 m3 76418 0.00070675835 0.5 p1 25561 8
7479 17583933 m2 3714233 -1.36700362e-06 0.5 p1 25563 8
913 17584999 m2 473959 -4.21434743e-05 0.5 p1 25565 8
9870 17597806 m2 4894705 -0.000296821265 0.5 p1 25587 8
7641 17620381 m2 3799716 -5.70262443e-07 0.5 p1 25625 8
9786 17632232 m2 4843211 -6.09155586e-06 0.5 p1 25645 8
2839 17633964 m2 1428391 -5.8573969e-06 0.5 p1 25648 8
3920 17640883 m2 1955301 -1.12815259e-08 0.5 p1 25660 8
4875 17644162 m2 2412562 -3.36722724e-06 0.5 p1 25665 8
4391 17645273 m2 2190948 -7.98344263e-05 0.5 p1 25667 8
8114 17648986 m2 4016026 -1.67031491e-08 0.5 p1 25673 8
6498 17653763 m2 3222635 -1.40446062e-07 0.5 p1 25681 8
9569 17655396 m2 4728436 -0.000144784775 0.5 p1 25684 8
4682 17658978 m2 2320149 -0.000216526445 0.5 p1 25690 8
47 17683272 m2 31065 -2.84901762e-06 0.5 p1 25732 8
7746 17693870 m2 3851453 -0.000121709803 0.5 p1 25750 8
6452 17694888 m3 3199094 0.000243535032 0.5 p1 25751 8
5947 17699095 m2 2963666 -0.000426130428 0.5 p1 25759 8
1328 17703853 m2 676173 -0.000122703481 0.5 p1 25767 8
1686 17705685 m2 857046 -0.000616595848 0.5 p1 25770 8
2166 17717877 m2 1108877 -7.22847763e-05 0.5 p1 25791 8
7498 17720000 m2 3724942 -0.000102250211 0.5 p1 25794 8
3007 17720002 m2 1515051 -0.000281285524 0.5 p1 25794 8
5244 17724202 m3 2609718 0.000765722594 0.5 p1 25802 8
9247 17736272 m2 4566220 -9.5062911e-05 0.5 p1 25822 8
7598 17737854 m2 3774661 -7.37740193e-05 0.5 p1 25825 8
7002 17741630 m2 3470657 -1.35470714e-06 0.5 p1 25831 8
5544 17745182 m2 2760991 -0.000418092095 0.5 p1 25837 8
10071 17759739 m2 4982148 -5.61479937e-05 0.5 p1 25862 8
8521 17764449 m2 4227547 -8.08642216e-12 0.5 p1 25870 8
2985 17768844 m2 1506891 -6.59903435e-06 0.5 p1 25878 8
7938 17769268 m3 3938115 0.000666736683 0.5 p1 25879 8
4006 17780345 m2 1997549 -1.90113738e-07 0.5 p1 25898 8
1480 17783714 m2 756455 -7.75118951e-06 0.5 p1 25904 8
7376 17790928 m2 3660393 -1.21172974e-08 0.5 p1 25916 8
1950 17795502 m2 996373 -3.91460671e-05 0.5 p1 25924 8
428 17801629 m2 223874 -3.4993235e-08 0.5 p1 25934 8
2511 17806791 m2 1278669 -9.05370612e-10 0.5 p1 25943 8
6933 17810321 m2 3437385 -6.18579506e-05 0.5 p1 25949 8
9152 17812691 m2 4522455 -2.11925089e-05 0.5 p1 25954 8
2676 17814838 m2 1352521 -3.21063523e-11 0.5 p1 25957 8
7657 17818880 m3 3808080 0.00494628167 0.5 p1 25964 8
973 17835109 m2 505273 -0.000245731615 0.5 p1 25992 8
9652 17837464 m2 4775038 -0.000317280181 0.5 p1 25996 8
6128 17850737 m2 3044144 -8.36412728e-05 0.5 p1 26019 8
1026 17852830 m2 527810 -0.00024309296 0.5 p1 26022 8
3343 17859398 m2 1675645 -0.000111180991 0.5 p1 26033 8
2892 17860274 m2 1452015 -0.00111120834 0.5 p1 26035 8
102 17864209 m2 60128 -0.00090799859 0.5 p1 26041 8
3100 17868952 m2 1558700 -0.000218976027 0.5 p1 26050 8
7499 17869607 m2 3724989 -4.98962763e-05 0.5 p1 26051 8
2917 17875415 m2 1466579 -0.00146972749 0.5 p1 26060 8
3892 17875548 m2 1947081 -1.13408419e-07 0.5 p1 26061 8
6248 17877672 m2 3102049 -0.00105628825 0.5 p1 26064 8
9348 17881774 m2 4623170 -3.24683569e-08 0.5 p1 26071 8
8121 17884966 m2 4018795 -3.57926154e-07 0.5 p1 26077 8
10046 17888678 m2 4973229 -3.9654451e-06 0.5 p1 26083 8
7218 17892760 m2 3579228 -2.33659139e-05 0.5 p1 26090 8
8571 17893955 m2 4249792 -9.65562049e-06 0.5 p1 26092 8
5733 17903216 m2 2854595 -5.73940588e-06 0.5 p1 26108 8
6691 17907457 m2 3318459 -4.38315328e-06 0.5 p1 26115 8
1771 17907945 m2 897801 -0.000343031599 0.5 p1 26116 8
2502 17916369 m2 1270815 -0.000230421545 0.5 p1 26130 8
684 17917037 m2 354153 -8.48469863e-05 0.5 p1 26131 8
6544 17917092 m2 3247826 -0.000188096805 0.5 p1 26131 8
883 17931629 m2 458037 -5.90659365e-05 0.5 p1 26156 8
9988 17932580 m2 4947132 -3.72849698e-08 0.5 p1 26157 8
2250 17933299 m2 1145636 -9.57004249e-06 0.5 p1 26159 8
1746 17940061 m2 888094 -0.00116623903 0.5 p1 26170 8
9301 17945915 m2 4596511 -9.10247491e-06 0.5 p1 26180 8
2361 17950949 m2 1200284 -0.00175811711 0.5 p1 26189 8
1882 17958176 m2 957695 -3.12115262e-05 0.5 p1 26201 8
1854 17959605 m2 941919 -1.09339198e-05 0.5 p1 26203 8
2826 17968022 m2 1422121 -1.31975039e-05 0.5 p1 26217 8
1127 17971360 m2 580590 -1.41714143e-08 0.5 p1 26223 8
6252 17971929 m2 3103611 -0.00022426949 0.5 p1 26224 8
2778 17974693 m2 1394423 -0.000137922383 0.5 p1 26229 8
7268 17980062 m2 3602826 -6.79616915e-06 0.5 p1 26238 8
5430 17981285 m2 2701308 -3.56975249e-07 0.5 p1 26240 8
8014 17982596 m2 3968047 -6.19897983e-05 0.5 p1 26243 8
7534 17995290 m2 3741256 -4.17514635e-14 0.5 p1 26265 8
5621 17998661 m2 2796262 -1.34048389e-11 0.5 p1 26271 8
8278 18003175 m2 4112849 -6.38594202e-06 0.5 p1 26279 8
3005 18004278 m2 1514077 -1.63952245e-06 0.5 p1 26281 8
9510 18026617 m2 4699217 -0.000198815236 0.5 p1 26319 8
7481 18027542 m2 3715823 -0.000621531333 0.5 p1 26320 8
152 18028498 m2 81441 -5.7021778e-05 0.5 p1 26322 8
3779 18031522 m2 1896111 -0.000469073944 0.5 p1 26327 8
577 18032663 m2 300158 -1.58665159e-07 0.5 p1 26329 8
7161 18039633 m2 3552327 -1.49345055e-06 0.5 p1 26341 8
9433 18060980 m2 4659688 -6.90914215e-09 0.5 p1 26378 8
2094 18063722 m2 1069890 -0.000223589435 0.5 p1 26382 8
3197 18070399 m2 1605823 -5.44064278e-06 0.5 p1 26393 8
1719 18070691 m2 872788 -1.74405432e-05 0.5 p1 26394 8
7071 18079070 m2 3500364 -4.73284672e-07 0.5 p1 26408 8
6000 18080746 m2 2986653 -1.39514057e-07 0.5 p1 26411 8
5609 18085677 m2 2791792 -0.000344788568 0.5 p1 26420 8
2862 18085804 m2 1439140 -2.92509285e-05 0.5 p1 26420 8
1045 18086456 m2 540019 -7.0925128e-09 0.5 p1 26421 8
7674 18093802 m2 3816106 -3.5823974e-05 0.5 p1 26433 8
8368 18095579 m2 4154816 -1.02300023e-10 0.5 p1 26436 8
1670 18109159 m2 845432 -2.54759307e-05 0.5 p1 26459 8
9087 18116033 m2 4493724 -1.53312953e-07 0.5 p1 26471 8
3190 18119878 m2 1603316 -4.81596913e-08 0.5 p1 26477 8
2630 18125906 m2 1332251 -7.76460947e-05 0.5 p1 26488 8
1633 18130358 m2 825745 -0.000702978054 0.5 p1 26495 8
9737 18142839 m2 4817591 -7.88073703e-06 0.5 p1 26516 8
3211 18143256 m2 1610379 -0.000687118154 0.5 p1 26517 8
676 18145118 m2 347046 -0.000157910428 0.5 p1 26520 8
598 18155112 m2 308551 -2.0180787e-06 0.5 p1 26537 8
8172 18164015 m2 4045437 -4.09253119e-07 0.5 p1 26552 8
6919 18189660 m2 3429071 -3.49453439e-05 0.5 p1 26596 8
2172 18192679 m2 1113203 -0.00166253024 0.5 p1 26601 8
7424 18193326 m2 3685463 -2.01136992e-08 0.5 p1 26602 8
4197 18193790 m2 2100210 -1.72251057e-05 0.5 p1 26603 8
7284 18196757 m2 3610868 -3.96761698e-06 0.5 p1 26608 8
4361 18201024 m2 2178823 -2.04996877e-06 0.5 p1 26615 8
1075 18205817 m2 557222 -4.29156238e-10 0.5 p1 26623 8
6797 18208327 m2 3374477 -6.30637733e-05 0.5 p1 26628 8
7655 18210022 m2 3806897 -2.23420074e-07 0.5 p1 26631 8
3743 18212039 m2 1874178 -8.87794329e-07 0.5 p1 26634 8
2261 18223941 m2 1149678 -4.90855578e-09 0.5 p1 26654 8
6848 18226461 m2 3398740 -0.000158455572 0.5 p1 26659 8
2344 18227540 m2 1194967 -1.59501752e-13 0.5 p1 26661 8
9803 18233326 m2 4854253 -0.000119529264 0.5 p1 26670 8
9611 18237650 m2 4750152 -1.68299456e-12 0.5 p1 26678 8
6546 18238252 m2 3249266 -0.000575917657 0.5 p1 26679 8
5486 18239550 m2 2728433 -0.00256625284 0.5 p1 26681 8
4840 18239976 m2 2391594 -0.000327363086 0.5 p1 26682 8
5926 18245709 m2 2952381 -5.9532681e-07 0.5 p1 26691 8
6990 18248405 m2 3463648 -8.53807303e-11 0.5 p1 26696 8
7314 18255335 m2 3622943 -1.67919779e-06 0.5 p1 26708 8
7650 18266077 m2 3802868 -0.000164732221 0.5 p1 26726 8
3415 18266751 m2 1710486 -0.00046692483 0.5 p1 26727 8
7620 18268994 m2 3786452 -8.21940716e-07 0.5 p1 26731 8
9459 18272591 m2 4676106 -1.79594451e-06 0.5 p1 26737 8
4546 18275842 m2 2260006 -0.000336919242 0.5 p1 26742 8
1815 18275954 m2 920068 -1.02430954e-06 0.5 p1 26742 8
7214 18280800 m2 3578279 -5.05289499e-08 0.5 p1 26751 8
2443 18280924 m2 1238611 -0.000202958356 0.5 p1 26751 8
8133 18286840 m2 4024306 -0.000433736976 0.5 p1 26761 8
5672 18289509 m2 2824387 -0.00187800208 0.5 p1 26765 8
672 18291522 m2 345745 -8.09322728e-07 0.5 p1 26769 8
2388 18292832 m2 1213024 -9.28918143e-06 0.5 p1 26771 8
8393 18293428 m2 4163419 -1.20087789e-05 0.5 p1 26772 8
134 18295767 m2 73730 -3.22294181e-05 0.5 p1 26776 8
7516 18296193 m2 3731124 -0.000359290832 0.5 p1 26777 8
5342 18311753 m2 2659831 -6.62848606e-07 0.5 p1 26803 8
2707 18312314 m2 1367554 -4.88278165e-05 0.5 p1 26804 8
7069 18316766 m2 3498892 -4.64555633e-05 0.5 p1 26812 8
6401 18316997 m2 3171664 -6.81830272e-08 0.5 p1 26812 8
1765 18318685 m2 895043 -0.000236059161 0.5 p1 26815 8
2988 18322903 m2 1508167 -4.98904274e-06 0.5 p1 26822 8
574 18323518 m2 297936 -0.000163765391 0.5 p1 26824 8
2984 18324010 m3 1506810 2.73027799e-05 0.5 p1 26824 8
5932 18329316 m2 2955043 -0.000662994746 0.5 p1 26834 8
940 18331978 m2 489541 -3.5098652e-05 0.5 p1 26838 8
353 18336786 m2 185685 -0.000547028554 0.5 p1 26846 8
3842 18340046 m2 1924604 -0.00138112903 0.5 p1 26852 8
7903 18340673 m2 3923193 -1.45144995e-07 0.5 p1 26853 8
2377 18353269 m2 1207626 -1.08678878e-05 0.5 p1 26875 8
9597 18355320 m2 4741591 -0.000111218193 0.5 p1 26878 8
3124 18360282 m2 1569368 -0.00105777197 0.5 p1 26887 8
2969 18370876 m2 1496018 -1.31696574e-08 0.5 p1 26905 8
5946 18378821 m2 2963336 -0.000251503225 0.5 p1 26919 8
192 18380626 m2 103654 -7.65235018e-05 0.5 p1 26922 8
3186 18396227 m2 1600117 -0.000282235356 0.5 p1 26949 8
8705 18397389 m3 4315670 0.000421482837 0.5 p1 26951 8
4608 18402254 m2 2285341 -9.2171507e-07 0.5 p1 26959 8
2583 18407375 m2 1307387 -5.60945645e-09 0.5 p1 26968 8
5536 18417759 m2 2755940 -0.000371181493 0.5 p1 26986 8
4833 18419589 m2 2388944 -0.00161961711 0.5 p1 26989 8
368 18430122 m2 191218 -1.81007988e-06 0.5 p1 27007 8
9334 18430320 m2 4616313 -5.02998264e-05 0.5 p1 27007 8
8454 18432346 m2 4193864 -6.78466968e-05 0.5 p1 27011 8
5895 18440518 m2 2935992 -6.09872732e-05 0.5 p1 27025 8
529 18443480 m2 274100 -1.51003263e-07 0.5 p1 27030 8
5531 18449439 m2 2754146 -2.9085806e-10 0.5 p1 27040 8
197 18471071 m2 106309 -2.60158231e-06 0.5 p1 27077 8
9345 18475709 m2 4620785 -0.000331262505 0.5 p1 27085 8
9286 18476244 m2 4588281 -0.00187058118 0.5 p1 27086 8
1768 18478557 m2 896218 -0.000241295042 0.5 p1 27090 8
7808 18484409 m2 3881204 -0.00133225264 0.5 p1 27100 8
4195 18487263 m2 2099743 -1.70399007e-11 0.5 p1 27105 8
865 18487415 m2 448373 -1.11752261e-05 0.5 p1 27105 8
4784 18492660 m2 2364821 -3.36975091e-07 0.5 p1 27114 8
606 18497223 m2 311973 -4.70230698e-05 0.5 p1 27122 8
1267 18500758 m2 645641 -1.69731738e-05 0.5 p1 27129 8
9273 18503735 m2 4579956 -2.66208208e-05 0.5 p1 27134 8
2305 18507980 m2 1172967 -0.00062862318 0.5 p1 27141 8
8421 18516572 m3 4178360 0.0019699065 0.5 p1 27156 8
616 18525302 m2 317583 -0.000131279754 0.5 p1 27171 8
1240 18527024 m2 632575 -7.00387193e-10 0.5 p1 27174 8
5868 18528427 m2 2924102 -1.98602138e-05 0.5 p1 27176 8
7780 18531185 m2 3866861 -0.000233882907 0.5 p1 27181 8
3442 18532742 m2 1724844 -1.44477416e-11 0.5 p1 27184 8
6454 18537852 m2 3201461 -7.43144119e-05 0.5 p1 27192 8
9748 18542005 m2 4823355 -7.3528272e-06 0.5 p1 27200 8
8403 18545471 m2 4167291 -0.000796517823 0.5 p1 27206 8
5501 18554256 m2 2735588 -0.000139883748 0.5 p1 27221 8
8685 18567002 m2 4308178 -0.000157419039 0.5 p1 27244 8
8289 18568122 m2 4119521 -1.94269709e-12 0.5 p1 27246 8
9370 18569379 m2 4632531 -1.42998076e-07 0.5 p1 27248 8
6870 18573473 m2 3408895 -0.000283703237 0.5 p1 27255 8
5496 18573820 m2 2734065 -1.36605449e-09 0.5 p1 27256 8
7550 18575729 m2 3753732 -5.80826818e-05 0.5 p1 27259 8
371 18576708 m2 191920 -1.43793066e-09 0.5 p1 27261 8
7331 18583010 m2 3635780 -6.05691894e-05 0.5 p1 27272 8
4266 18592609 m2 2134622 -1.54992447e-12 0.5 p1 27288 8
4120 18593029 m2 2064871 -8.93905963e-06 0.5 p1 27289 8
9805 18606030 m2 4859930 -0.000198278824 0.5 p1 27311 8
4339 18606134 m2 2169656 -0.000103115388 0.5 p1 27312 8
5071 18607897 m2 2509213 -7.15329918e-07 0.5 p1 27315 8
6842 18624540 m2 3397387 -0.00089646905 0.5 p1 27343 8
5653 18625358 m2 2812991 -5.71126293e-05 0.5 p1 27345 8
7668 18626944 m2 3813866 -0.000444257166 0.5 p1 27347 8
5234 18631820 m2 2603930 -8.09621326e-07 0.5 p1 27356 8
4126 18638346 m2 2066484 -6.49078444e-08 0.5 p1 27367 8
716 18642548 m2 371326 -1.29791369e-08 0.5 p1 27374 8
6702 18642692 m2 3322106 -2.27573801e-05 0.5 p1 27374 8
2575 18654315 m2 1303542 -2.19202211e-05 0.5 p1 27394 8
9030 18654889 m2 4468135 -0.00272841076 0.5 p1 27395 8
3341 18661587 m2 1674458 -0.000333115458 0.5 p1 27406 8
8505 18664484 m2 4220213 -1.94921759e-05 0.5 p1 27411 8
3817 18664669 m2 1913656 -0.000612833479 0.5 p1 27411 8
9628 18667139 m3 4760319 0.000233248284 0.5 p1 27416 8
9937 18670111 m2 4924031 -0.000107538202 0.5 p1 27421 8
9336 18673889 m2 4616448 -0.000220958944 0.5 p1 27427 8
5453 18691973 m2 2713541 -0.000226786535 0.5 p1 27458 8
2850 18694372 m2 1432718 -0.000889803923 0.5 p1 27462 8
6007 18694529 m2 2988638 -2.22018912e-06 0.5 p1 27463 8
4248 18699857 m2 2127097 -3.65998926e-06 0.5 p1 27472 8
1335 18710197 m2 679736 -1.6714519e-05 0.5 p1 27489 8
9036 18711329 m2 4471030 -0.00110009173 0.5 p1 27491 8
3675 18714709 m2 1839311 -0.00156743464 0.5 p1 27497 8
5213 18716728 m2 2594816 -1.15311632e-05 0.5 p1 27500 8
4198 18742253 m2 2100424 -9.49298701e-05 0.5 p1 27544 8
7642 18745479 m3 3799966 0.0048990557 0.5 p1 27549 8
8413 18745527 m2 4172232 -2.88023057e-05 0.5 p1 27549 8
4243 18753360 m2 2124565 -0.000804489187 0.5 p1 27563 8
9956 18759816 m2 4932740 -0.000804401934 0.5 p1 27574 8
3235 18761934 m3 1624761 0.00260702125 0.5 p1 27578 8
3073 18764767 m2 1547288 -0.000147879866 0.5 p1 27583 8
4419 18765131 m2 2202302 -1.74354557e-06 0.5 p1 27583 8
7477 18766133 m2 3712749 -2.13032064e-10 0.5 p1 27585 8
1299 18766278 m2 664751 -7.84381093e-09 0.5 p1 27585 8
1555 18768103 m2 790430 -0.000510438171 0.5 p1 27588 8
6068 18772059 m2 3018356 -9.59836325e-05 0.5 p1 27595 8
5660 18775125 m2 2818959 -9.80409459e-05 0.5 p1 27601 8
3406 18777598 m2 1707033 -6.32497804e-11 0.5 p1 27605 8
1194 18784926 m3 611758 0.00256421114 0.5 p1 27617 8
7168 18785228 m2 3557441 -7.74412274e-06 0.5 p1 27618 8
2923 18789915 m2 1470059 -0.00217109267 0.5 p1 27626 8
519 18794385 m2 270290 -9.28505979e-05 0.5 p1 27633 8
5641 18796380 m2 2806164 -6.48040412e-08 0.5 p1 27637 8
8652 18798794 m2 4289314 -1.35756909e-05 0.5 p1 27641 8
5994 18801832 m2 2985161 -5.6258159e-07 0.5 p1 27646 8
1662 18802064 m2 840701 -2.29519846e-05 0.5 p1 27647 8
1986 18804091 m2 1012850 -1.27604434e-08 0.5 p1 27650 8
9150 18804498 m2 4521798 -0.00113645417 0.5 p1 27651 8
9554 18808994 m2 4722627 -8.84971305e-05 0.5 p1 27659 8
707 18814258 m2 365243 -7.36693983e-05 0.5 p1 27668 8
458 18815303 m2 240407 -0.000125874765 0.5 p1 27670 8
7513 18816627 m2 3729977 -3.0567417e-08 0.5 p1 27672 8
6882 18822010 m2 3415244 -1.59935871e-06 0.5 p1 27681 8
6942 18822892 m2 3442976 -0.000247811753 0.5 p1 27683 8
8363 18827372 m2 4149961 -8.65581232e-19 0.5 p1 27690 8
7094 18840001 m2 3511621 -0.000282823748 0.5 p1 27712 8
9571 18844443 m2 4730093 -5.36647289e-11 0.5 p1 27719 8
4300 18852782 m2 2149782 -8.4016758e-09 0.5 p1 27734 8
1265 18855278 m2 645197 -0.000412307214 0.5 p1 27738 8
3026 18859392 m2 1525006 -2.05370525e-05 0.5 p1 27745 8
6909 18859655 m2 3425337 -7.33604829e-05 0.5 p1 27745 8
2579 18860246 m2 1306668 -0.000148064137 0.5 p1 27746 8
4580 18866632 m3 2272299 0.000286657916 0.5 p1 27757 8
7536 18872886 m2 3742557 -9.93577924e-05 0.5 p1 27768 8
6868 18879896 m2 3407651 -2.37285385e-05 0.5 p1 27780 8
4805 18881431 m2 2375968 -9.30493261e-05 0.5 p1 27782 8
5897 18889114 m2 2936994 -4.88423029e-06 0.5 p1 27795 8
7548 18893354 m2 3751032 -2.67123644e-13 0.5 p1 27802 8
2170 18897800 m2 1111895 -4.4616696e-05 0.5 p1 27810 8
5697 18898712 m2 2838641 -3.9034677e-07 0.5 p1 27812 8
4050 18904153 m2 2023236 -4.0267837e-06 0.5 p1 27821 8
832 18905727 m2 430808 -5.65210012e-09 0.5 p1 27824 8
2568 18914853 m2 1301212 -6.83076581e-11 0.5 p1 27839 8
5210 18916389 m2 2592946 -1.67428098e-08 0.5 p1 27842 8
7988 18923860 m2 3956955 -1.14906254e-06 0.5 p1 27855 8
8967 18925904 m2 4440570 -0.00138498354 0.5 p1 27859 8
1548 18930129 m2 786877 -7.25084756e-05 0.5 p1 27866 8
889 18931128 m2 461197 -0.000191440922 0.5 p1 27868 8
5162 18934608 m2 2563653 -0.00106038514 0.5 p1 27874 8
538 18944674 m2 277940 -8.19514971e-05 0.5 p1 27891 8
9690 18946871 m2 4790461 -9.08937436e-05 0.5 p1 27895 8
7950 18948593 m2 3943207 -0.00135445711 0.5 p1 27898 8
554 18953375 m2 287081 -0.000389172666 0.5 p1 27907 8
3996 18957900 m2 1992974 -0.000101909565 0.5 p1 27914 8
5989 18960158 m2 2983222 -9.49826335e-06 0.5 p1 27918 8
5002 18960636 m2 2469174 -8.46945331e-05 0.5 p1 27919 8
3338 18962474 m2 1670465 -0.000123237114 0.5 p1 27922 8
453 18976639 m2 237884 -2.23235963e-09 0.5 p1 27947 8
283 18979084 m2 145085 -4.55676036e-06 0.5 p1 27951 8
9425 18980842 m3 4654393 0.00314212847 0.5 p1 27954 8
7687 18986010 m2 3823230 -0.00041678347 0.5 p1 27963 8
8222 18990638 m2 4074637 -2.37869752e-10 0.5 p1 27971 8
1789 18992984 m2 906682 -0.000510225305 0.5 p1 27975 8
4229 18997748 m2 2116755 -1.85857246e-10 0.5 p1 27984 8
1830 19006369 m2 929239 -1.96088422e-07 0.5 p1 27999 8
5998 19009431 m2 2985870 -6.72284102e-07 0.5 p1 28005 8
2256 19014306 m2 1148157 -2.42782306e-07 0.5 p1 28013 8
7110 19015405 m2 3518477 -0.00200471422 0.5 p1 28015 8
9676 19015494 m2 4785728 -4.7171693e-06 0.5 p1 28015 8
5568 19018801 m3 2773411 7.88591933e-06 0.5 p1 28021 8
1015 19021024 m2 522886 -8.12651422e-08 0.5 p1 28025 8
1339 19024137 m2 680902 -0.00023304639 0.5 p1 28030 8
9947 19037466 m2 4929682 -0.0005275351 0.5 p1 28054 8
4823 19038441 m2 2385289 -0.000174787347 0.5 p1 28056 8
80 19045302 m2 46702 -0.000120843957 0.5 p1 28068 8
1278 19045526 m2 651808 -5.77716207e-07 0.5 p1 28068 8
6837 19048912 m2 3394801 -0.00173389318 0.5 p1 28074 8
6372 19051536 m2 3158882 -0.00131759932 0.5 p1 28079 8
2956 19053314 m3 1490897 0.00132347341 0.5 p1 28082 8
5383 19056246 m2 2674458 -0.000122042511 0.5 p1 28087 8
3352 19056582 m2 1678609 -0.000311550073 0.5 p1 28088 8
515 19065013 m2 267277 -7.34490386e-05 0.5 p1 28103 8
9203 19070695 m2 4546001 -0.00122892251 0.5 p1 28112 8
5522 19071368 m2 2751041 -1.34650179e-06 0.5 p1 28114 8
5885 19076365 m2 2932032 -0.000954067509 0.5 p1 28122 8
9621 19080184 m2 4757448 -0.000127243606 0.5 p1 28129 8
4859 19080186 m2 2399635 -0.000321525877 0.5 p1 28129 8
8516 19088397 m2 4225401 -0.000321872794 0.5 p1 28143 8
4104 19091825 m2 2053681 -1.13006251e-06 0.5 p1 28149 8
6952 19091834 m2 3447206 -1.90660467e-05 0.5 p1 28149 8
273 19097111 m2 141304 -0.000140510034 0.5 p1 28159 8
5898 19097326 m2 2937581 -0.000655430777 0.5 p1 28159 8
1385 19098299 m2 706110 -5.47048955e-07 0.5 p1 28161 8
6846 19103277 m2 3398203 -5.94769839e-13 0.5 p1 28169 8
5691 19104675 m2 2835760 -0.000961783633 0.5 p1 28172 8
5511 19111509 m2 2740323 -3.8004514e-06 0.5 p1 28184 8
3634 19112233 m2 1816987 -0.000959186698 0.5 p1 28185 8
5454 19132085 m2 2713834 -0.000279369153 0.5 p1 28219 8
3305 19132100 m2 1656866 -0.000940700818 0.5 p1 28219 8
963 19132960 m2 497655 -0.00169919094 0.5 p1 28221 8
1980 19141476 m2 1010635 -5.04033378e-05 0.5 p1 28236 8
119 19150842 m2 66717 -1.26291255e-07 0.5 p1 28252 8
6197 19151090 m2 3083046 -0.000193368032 0.5 p1 28252 8
7545 19157076 m2 3749706 -5.01720497e-05 0.5 p1 28262 8
1460 19160426 m2 742550 -1.08156673e-05 0.5 p1 28268 8
93 19166038 m2 52989 -0.000129966415 0.5 p1 28278 8
4713 19172609 m2 2333387 -1.06444641e-05 0.5 p1 28290 8
9033 19172778 m2 4470917 -2.87339752e-09 0.5 p1 28290 8
5284 19172867 m2 2628020 -0.000921169005 0.5 p1 28290 8
1618 19176830 m2 816498 -0.000126051746 0.5 p1 28297 8
7911 19177585 m2 3926058 -0.000845334784 0.5 p1 28299 8
1219 19177665 m2 623618 -0.00026553779 0.5 p1 28299 8
2805 19177910 m2 1411731 -0.000171016727 0.5 p1 28299 8
6437 19180310 m2 3188469 -7.99320151e-06 0.5 p1 28303 8
698 19182178 m2 359274 -2.14602835e-07 0.5 p1 28307 8
4779 19182346 m3 2363786 0.00342640467 0.5 p1 28307 8
6483 19185362 m2 3211544 -2.54822794e-06 0.5 p1 28312 8
6529 19186027 m2 3236313 -5.56632145e-08 0.5 p1 28313 8
8042 19187526 m2 3981112 -3.35786099e-05 0.5 p1 28316 8
835 19187816 m2 434136 -0.000204438198 0.5 p1 28316 8
4945 19189033 m2 2442587 -0.000199081464 0.5 p1 28319 8
2536 19189658 m2 1290508 -0.000667436922 0.5 p1 28320 8
9750 19192180 m2 4824581 -0.000179258204 0.5 p1 28324 8
8693 19197379 m3 4310091 0.000558276835 0.5 p1 28333 8
3679 19197419 m2 1839992 -1.27433259e-06 0.5 p1 28333 8
8599 19199011 m2 4264372 -0.000211356295 0.5 p1 28336 8
1897 19202955 m2 965282 -0.000456169219 0.5 p1 28343 8
1069 19202967 m2 552790 -4.20626733e-08 0.5 p1 28343 8
1559 19203308 m2 793237 -1.24897541e-08 0.5 p1 28344 8
9039 19209055 m2 4471737 -5.54693615e-05 0.5 p1 28354 8
3308 19222337 m2 1660162 -8.26197356e-06 0.5 p1 28377 8
7405 19233159 m3 3677440 0.00190852641 0.5 p1 28396 8
3258 19242038 m2 1634977 -0.000269091775 0.5 p1 28412 8
8647 19243048 m2 4286375 -0.000717209477 0.5 p1 28414 8
2742 19247632 m2 1379266 -5.83811055e-10 0.5 p1 28422 8
1533 19255818 m2 781789 -0.000126777726 0.5 p1 28436 8
3041 19257661 m2 1534369 -8.01245915e-06 0.5 p1 28440 8
5677 19258497 m2 2825220 -0.00338264811 0.5 p1 28441 8
4097 19264507 m2 2049827 -5.79461594e-05 0.5 p1 28452 8
9771 19267466 m2 4833925 -2.25007407e-05 0.5 p1 28457 8
9376 19268443 m2 4634734 -2.41257521e-06 0.5 p1 28458 8
1151 19269523 m2 594348 -2.21572077e-06 0.5 p1 28460 8
2229 19272552 m2 1134756 -0.000965697749 0.5 p1 28465 8
1174 19280926 m2 602167 -4.0556215e-06 0.5 p1 28480 8
3902 19286690 m2 1950663 -1.94307664e-14 0.5 p1 28490 8
9860 19290161 m2 4887496 -1.574685e-11 0.5 p1 28496 8
4844 19290931 m2 2394058 -0.000249121833 0.5 p1 28497 8
4997 19299563 m2 2467527 -0.000360747683 0.5 p1 28512 8
7023 19302610 m2 3478893 -2.48425249e-06 0.5 p1 28518 8
3508 19311073 m2 1752848 -9.59711087e-07 0.5 p1 28533 8
8994 19335043 m2 4449448 -0.000170741157 0.5 p1 28576 8
6999 19338100 m2 3468653 -3.42804151e-06 0.5 p1 28581 8
2582 19346960 m2 1307245 -5.29426616e-05 0.5 p1 28597 8
2768 19354099 m2 1389092 -0.000409667322 0.5 p1 28610 8
4206 19359342 m2 2104911 -0.000334026816 0.5 p1 28619 8
9293 19385321 m2 4593210 -0.000213619685 0.5 p1 28665 8
8584 19388330 m2 4254412 -1.25171991e-05 0.5 p1 28670 8
1846 19394081 m2 936967 -1.47958363e-05 0.5 p1 28680 8
8990 19394359 m2 4448049 -0.000189975544 0.5 p1 28680 8
3549 19402066 m2 1774513 -2.67046885e-10 0.5 p1 28694 8
9048 19406868 m2 4476199 -2.40328319e-07 0.5 p1 28703 8
8635 19407637 m2 4280992 -1.47193887e-05 0.5 p1 28704 8
4188 19419451 m2 2095276 -2.61041691e-06 0.5 p1 28724 8
4085 19425059 m2 2043360 -2.70823062e-08 0.5 p1 28734 8
5161 19425388 m2 2563484 -0.00103030924 0.5 p1 28735 8
188 19425704 m2 102621 -0.000850495184 0.5 p1 28735 8
8053 19429707 m2 3985957 -0.000116395015 0.5 p1 28742 8
5686 19432983 m2 2829903 -1.62238484e-05 0.5 p1 28748 8
9505 19433098 m2 4695559 -3.44094673e-08 0.5 p1 28748 8
8613 19435102 m2 4272475 -8.60021646e-06 0.5 p1 28752 8
8422 19437147 m2 4178728 -2.45891006e-05 0.5 p1 28756 8
2589 19437732 m2 1310010 -0.000607218768 0.5 p1 28757 8
783 19438986 m2 400753 -0.000659443787 0.5 p1 28759 8
9199 19440459 m2 4544898 -1.85649583e-07 0.5 p1 28762 8
2974 19443948 m2 1499265 -0.000302373199 0.5 p1 28768 8
6116 19451034 m2 3038609 -0.000156888113 0.5 p1 28780 8
9064 19452162 m2 4482443 -6.80915473e-05 0.5 p1 28782 8
8228 19455286 m2 4076187 -0.000219297654 0.5 p1 28787 8
1698 19459046 m2 864286 -0.000129218315 0.5 p1 28794 8
9088 19460243 m2 4493727 -1.23670661e-05 0.5 p1 28796 8
888 19467592 m2 460043 -5.38325438e-08 0.5 p1 28809 8
389 19472245 m2 202045 -2.51835375e-11 0.5 p1 28817 8
3310 19479703 m2 1660926 -0.000182757416 0.5 p1 28830 8
2533 19485738 m2 1289164 -0.000136165298 0.5 p1 28841 8
5937 19491441 m2 2958185 -1.80405568e-05 0.5 p1 28851 8
9105 19526043 m2 4505650 -4.21789242e-10 0.5 p1 28912 8
820 19533639 m2 423958 -0.000387156062 0.5 p1 28925 8
1523 19535383 m2 778299 -6.06666908e-05 0.5 p1 28929 8
7418 19536940 m2 3682872 -0.000379490055 0.5 p1 28931 8
4764 19561538 m2 2357778 -8.52356789e-06 0.5 p1 28975 8
2909 19561937 m2 1461374 -2.47485132e-05 0.5 p1 28976 8
1412 19573077 m2 717759 -0.000449933403 0.5 p1 28996 8
6693 19578616 m2 3318854 -9.9652978e-05 0.5 p1 29005 8
5956 19580486 m2 2966261 -2.94306847e-05 0.5 p1 29009 8
236 19580721 m2 120987 -9.33037143e-07 0.5 p1 29009 8
1320 19582765 m2 671426 -3.37948063e-06 0.5 p1 29013 8
9139 19584953 m2 4517962 -0.000277272571 0.5 p1 29016 8
7637 19586160 m2 3796824 -0.000614359276 0.5 p1 29019 8
5090 19587484 m2 2518351 -6.40195719e-09 0.5 p1 29021 8
8981 19595583 m2 4446422 -7.84009191e-10 0.5 p1 29035 8
2603 19609020 m2 1319101 -1.96441179e-05 0.5 p1 29059 8
516 19630325 m2 268179 -0.00030181912 0.5 p1 29096 8
5988 19642571 m2 2983055 -0.000449746789 0.5 p1 29118 8
1820 19653370 m2 922823 -2.61249457e-14 0.5 p1 29138 8
2600 19654042 m2 1318069 -3.3460541e-09 0.5 p1 29139 8
4164 19654933 m2 2083718 -4.09005333e-05 0.5 p1 29140 8
6242 19664160 m2 3098819 -9.07056674e-05 0.5 p1 29157 8
8127 19664750 m2 4021444 -6.47687329e-12 0.5 p1 29158 8
9906 19667579 m2 4907689 -1.0456879e-05 0.5 p1 29163 8
618 19669988 m2 318446 -3.01018849e-06 0.5 p1 29167 8
7212 19675384 m2 3577696 -0.00121699774 0.5 p1 29177 8
1168 19676029 m2 600423 -4.89939778e-09 0.5 p1 29178 8
1358 19680778 m2 690421 -0.000627913629 0.5 p1 29187 8
8334 19683167 m2 4135317 -0.000323477143 0.5 p1 29191 8
6723 19683746 m2 3339083 -0.000124160229 0.5 p1 29192 8
6940 19690058 m2 3441621 -5.05352546e-06 0.5 p1 29204 8
248 19691362 m2 127026 -9.1948632e-06 0.5 p1 29206 8
7215 19695512 m2 3578324 -3.79243978e-08 0.5 p1 29213 8
9074 19697983 m2 4484866 -2.01846888e-06 0.5 p1 29218 8
852 19700748 m2 442870 -0.000725791382 0.5 p1 29223 8
27 19703437 m2 14755 -1.35406755e-10 0.5 p1 29227 8
6504 19705105 m2 3223867 -0.000127162202 0.5 p1 29230 8
2901 19716398 m2 1458445 -5.5698838e-06 0.5 p1 29251 8
2565 19725056 m2 1300506 -3.17216392e-10 0.5 p1 29267 8
5479 19727310 m2 2727128 -3.38793689e-06 0.5 p1 29271 8
9493 19732136 m2 4691860 -0.000590578595 0.5 p1 29280 8
7966 19733889 m2 3950921 -0.000334853772 0.5 p1 29283 8
6400 19742060 m2 3171370 -9.59539534e-07 0.5 p1 29299 8
5462 19757494 m2 2717877 -0.000217546796 0.5 p1 29326 8
4853 19758057 m2 2396984 -6.7329529e-05 0.5 p1 29327 8
9564 19765768 m2 4726865 -1.9358709e-16 0.5 p1 29341 8
4816 19778162 m2 2380580 -8.21088906e-06 0.5 p1 29364 8
1531 19778467 m2 780979 -0.000245993171 0.5 p1 29365 8
4906 19779424 m2 2425485 -8.4562289e-06 0.5 p1 29366 8
8325 19793256 m3 4131359 0.000194429071 0.5 p1 29391 8
2421 19796257 m2 1229799 -7.73491138e-08 0.5 p1 29397 8
5070 19798250 m2 2507641 -5.42222042e-05 0.5 p1 29400 8
3813 19802959 m2 1912328 -5.77632932e-07 0.5 p1 29409 8
4960 19811834 m2 2450217 -2.11020488e-05 0.5 p1 29425 8
2042 19822586 m2 1045955 -1.01306796e-06 0.5 p1 29444 8
2188 19836456 m2 1117934 -1.91727668e-06 0.5 p1 29469 8
8035 19847455 m2 3977049 -8.54814789e-05 0.5 p1 29489 8
252 19848305 m2 127672 -1.44161197e-06 0.5 p1 29490 8
7715 19855059 m2 3836218 -0.00010320454 0.5 p1 29503 8
6264 19863969 m2 3108820 -1.38203141e-05 0.5 p1 29518 8
8781 19866522 m2 4354570 -1.31026273e-10 0.5 p1 29523 8
2114 19876940 m2 1079463 -0.000154978261 0.5 p1 29541 8
6295 19878418 m2 3120539 -1.25566335e-10 0.5 p1 29544 8
418 19878850 m2 219129 -0.000595160644 0.5 p1 29545 8
1489 19886973 m2 760644 -3.28344299e-07 0.5 p1 29559 8
3496 19887421 m2 1747317 -0.000155439746 0.5 p1 29560 8
8842 19895467 m2 4384411 -1.43649287e-10 0.5 p1 29574 8
3908 19897927 m2 1951218 -0.000115407158 0.5 p1 29579 8
7783 19900522 m2 3868916 -0.000690698216 0.5 p1 29583 8
7458 19902957 m2 3704583 -0.00219290261 0.5 p1 29587 8
3819 19904679 m2 1914599 -3.50776318e-05 0.5 p1 29591 8
8640 19914745 m3 4284218 0.00109375617 0.5 p1 29609 8
1098 19915159 m2 566079 -0.00211252645 0.5 p1 29610 8
6833 19918213 m2 3393797 -0.000130506829 0.5 p1 29615 8
8919 19919755 m2 4419113 -0.000303309673 0.5 p1 29618 8
2333 19927163 m2 1190717 -6.32389783e-05 0.5 p1 29631 8
7488 19929897 m2 3719544 -1.46748407e-05 0.5 p1 29636 8
4324 19938264 m2 2163305 -2.94417024e-09 0.5 p1 29651 8
7210 19943309 m2 3577276 -3.46455636e-07 0.5 p1 29660 8
4075 19958979 m2 2038925 -4.78911915e-08 0.5 p1 29689 8
3649 19963953 m2 1821485 -3.48426256e-05 0.5 p1 29698 8
1724 19965069 m2 874904 -3.05902031e-05 0.5 p1 29700 8
7411 19988134 m3 3680116 0.000268819975 0.5 p1 29742 8
9822 19989620 m2 4866649 -1.4418613e-09 0.5 p1 29745 8
2214 19990452 m2 1129623 -2.07124769e-12 0.5 p1 29746 8
5295 19993271 m2 2632693 -0.000451784261 0.5 p1 29751 8
6706 19993914 m2 3328333 -2.57281228e-17 0.5 p1 29753 8
282 19994978 m2 145019 -0.000145288228 0.5 p1 29754 8
9972 19997986 m2 4938641 -0.00210811244 0.5 p1 29760 8
4842 19998964 m2 2393546 -0.00104946189 0.5 p1 29762 8
3674 20004310 m2 1839070 -2.0232358e-08 0.5 p1 29771 8
8865 20004943 m2 4396406 -0.00180262211 0.5 p1 29772 8
8088 20012442 m2 4001373 -7.52381857e-06 0.5 p1 29786 8
4568 20016356 m2 2268154 -0.000216204891 0.5 p1 29793 8
6463 20042431 m2 3203268 -8.4752799e-05 0.5 p1 29840 8
4041 20042482 m2 2017632 -0.000118090575 0.5 p1 29840 8
1491 20043222 m2 760945 -0.00138445944 0.5 p1 29841 8
7751 20043655 m3 3855550 8.93734104e-05 0.5 p1 29842 8
2811 20049740 m2 1413572 -0.000326581794 0.5 p1 29853 8
5177 20059820 m2 2573366 -1.92085352e-07 0.5 p1 29871 8
1968 20060930 m2 1006546 -2.04119115e-05 0.5 p1 29873 8
9308 20061891 m2 4603230 -2.31627155e-06 0.5 p1 29875 8
9769 20063020 m2 4832575 -2.82588216e-13 0.5 p1 29877 8
7058 20067726 m2 3495673 -1.6156589e-06 0.5 p1 29885 8
10077 20068376 m2 4984148 -3.87737146e-06 0.5 p1 29886 8
6110 20073575 m2 3035703 -2.33406523e-11 0.5 p1 29896 8
9313 20082052 m2 4605671 -0.000661684957 0.5 p1 29912 8
4460 20083063 m2 2218208 -7.7076611e-06 0.5 p1 29914 8
8116 20085660 m2 4017051 -1.75090564e-09 0.5 p1 29918 8
1673 20097291 m2 847855 -0.000671020418 0.5 p1 29940 8
4060 20097735 m2 2029250 -5.53435875e-09 0.5 p1 29941 8
3531 20101760 m2 1763671 -1.73118309e-07 0.5 p1 29949 8
4016 20103972 m2 2001757 -1.0591287e-08 0.5 p1 29953 8
4579 20108844 m2 2272229 -0.000120229459 0.5 p1 29962 8
7208 20108850 m2 3576066 -1.00550014e-05 0.5 p1 29962 8
8486 20111012 m2 4211606 -1.6075679e-05 0.5 p1 29966 8
6164 20125314 m2 3061981 -0.000604588538 0.5 p1 29992 8
2678 20125593 m2 1353395 -1.09224914e-06 0.5 p1 29992 8
9818 20136652 m2 4865489 -0.000954130257 0.5 p1 30012 8
8502 20137716 m2 4218975 -0.000726522878 0.5 p1 30014 8
2402 20145831 m2 1219267 -8.91548041e-07 0.5 p1 30029 8
5214 20152408 m2 2595645 -3.89015895e-06 0.5 p1 30041 8
3439 20154487 m2 1723356 -4.32933064e-11 0.5 p1 30045 8
2666 20166194 m2 1349727 -7.43985012e-11 0.5 p1 30066 8
7502 20169929 m2 3725458 -0.000287589937 0.5 p1 30073 8
6821 20172560 m3 3388107 0.00193882419 0.5 p1 30078 8
7460 20183529 m2 3705134 -0.000608616218 0.5 p1 30098 8
8431 20184104 m2 4184426 -8.6255767e-08 0.5 p1 30099 8
9904 20184979 m2 4906551 -5.87183204e-05 0.5 p1 30100 8
6144 20185877 m2 3050967 -4.65993633e-10 0.5 p1 30102 8
6109 20198880 m2 3035588 -2.29841839e-06 0.5 p1 30126 8
445 20205778 m2 233723 -0.000119976379 0.5 p1 30138 8
1022 20206875 m2 526607 -8.87945628e-09 0.5 p1 30140 8
2689 20209121 m2 1358379 -1.14442707e-06 0.5 p1 30144 8
5718 20212316 m2 2847070 -1.75004431e-07 0.5 p1 30150 8
1747 20219172 m2 888210 -3.26815862e-05 0.5 p1 30163 8
8969 20238098 m2 4441940 -6.88221044e-05 0.5 p1 30197 8
3645 20242597 m2 1820833 -5.68929398e-13 0.5 p1 30206 8
6637 20247621 m2 3292565 -4.98236259e-05 0.5 p1 30215 8
8214 20267610 m2 4070788 -2.97766087e-06 0.5 p1 30252 8
63 20271071 m2 39526 -0.00023476698 0.5 p1 30259 8
4293 20283200 m2 2147968 -5.90978821e-08 0.5 p1 30281 8
6029 20290351 m2 3000151 -5.08139601e-05 0.5 p1 30294 8
7366 20292635 m2 3653334 -3.25080146e-05 0.5 p1 30298 8
5305 20296424 m2 2637617 -7.88557518e-05 0.5 p1 30305 8
3262 20302681 m2 1637856 -9.74794179e-14 0.5 p1 30317 8
1347 20309652 m2 683420 -0.00052053039 0.5 p1 30330 8
4562 20309805 m2 2265990 -5.04821446e-06 0.5 p1 30330 8
9360 20318498 m2 4626270 -2.62367448e-05 0.5 p1 30346 8
6928 20325123 m2 3434134 -0.000775967899 0.5 p1 30358 8
8181 20327221 m2 4051509 -0.000373251765 0.5 p1 30362 8
3038 20334570 m2 1532922 -3.55946577e-06 0.5 p1 30375 8
5571 20334720 m2 2775430 -3.03061479e-05 0.5 p1 30376 8
7669 20340269 m3 3814005 0.000405379164 0.5 p1 30386 8
6639 20344212 m2 3292867 -2.32085753e-07 0.5 p1 30393 8
6570 20345681 m2 3264644 -1.90114626e-08 0.5 p1 30396 8
6537 20348678 m2 3240791 -1.48372533e-06 0.5 p1 30401 8
6885 20355980 m2 3416494 -0.000164524201 0.5 p1 30415 8
4241 20365133 m2 2123967 -1.40790498e-05 0.5 p1 30431 8
3076 20365150 m2 1548443 -1.21911128e-07 0.5 p1 30431 8
708 20366179 m2 365671 -0.00202542124 0.5 p1 30433 8
5771 20371041 m2 2872876 -4.04914181e-06 0.5 p1 30442 8
9787 20377198 m2 4843601 -0.0029667092 0.5 p1 30453 8
7121 20377311 m2 3523164 -7.65987274e-10 0.5 p1 30453 8
10038 20378966 m2 4970016 -3.85080519e-08 0.5 p1 30457 8
6566 20381102 m2 3260935 -0.000577186293 0.5 p1 30460 8
2881 20385790 m2 1447296 -7.87159224e-05 0.5 p1 30469 8
1514 20387523 m2 772752 -1.7313681e-10 0.5 p1 30472 8
2337 20393571 m2 1191452 -0.000981567428 0.5 p1 30483 8
6661 20394332 m2 3305890 -0.00123576669 0.5 p1 30484 8
5371 20397811 m2 2669842 -8.18021654e-05 0.5 p1 30490 8
3436 20399759 m3 1721840 0.00340135768 0.5 p1 30494 8
5671 20403017 m2 2823878 -0.000107174135 0.5 p1 30500 8
6752 20420757 m2 3359310 -0.000703069963 0.5 p1 30533 8
7244 20430077 m2 3589423 -2.76714587e-07 0.5 p1 30550 8
8276 20431303 m2 4111849 -3.52276334e-06 0.5 p1 30552 8
4014 20432207 m2 2000721 -0.000177394133 0.5 p1 30554 8
2693 20434138 m2 1359865 -3.42684361e-05 0.5 p1 30558 8
667 20436448 m3 344912 0.00132133008 0.5 p1 30562 8
2521 20436468 m2 1283028 -1.71564097e-05 0.5 p1 30562 8
362 20437706 m2 189145 -4.07192165e-05 0.5 p1 30564 8
10006 20438121 m2 4957540 -1.09124903e-06 0.5 p1 30565 8
7927 20446592 m2 3935031 -1.36695547e-07 0.5 p1 30580 8
8788 20449408 m2 4357881 -3.13088749e-05 0.5 p1 30585 8
4669 20449789 m2 2312783 -1.84682532e-15 0.5 p1 30586 8
1592 20454304 m2 806177 -2.49811727e-10 0.5 p1 30594 8
4882 20456285 m2 2414352 -3.92805788e-07 0.5 p1 30598 8
9898 20457569 m2 4904098 -3.21399485e-09 0.5 p1 30600 8
4003 20459039 m2 1996364 -4.68596362e-08 0.5 p1 30602 8
9650 20465875 m2 4774623 -0.000707248866 0.5 p1 30615 8
9309 20466819 m2 4603989 -1.51555487e-05 0.5 p1 30616 8
7593 20474234 m2 3773498 -5.39497742e-05 0.5 p1 30630 8
4528 20476133 m2 2251229 -6.96543648e-05 0.5 p1 30633 8
6825 20492791 m2 3390364 -4.28740634e-07 0.5 p1 30663 8
5014 20493545 m2 2473706 -2.87399689e-06 0.5 p1 30664 8
9662 20502564 m2 4778937 -3.4267392e-05 0.5 p1 30681 8
7219 20515762 m2 3579614 -9.71915233e-06 0.5 p1 30704 8
8929 20519676 m2 4422461 -0.000266062852 0.5 p1 30711 8
6218 20523446 m2 3089308 -2.59978933e-05 0.5 p1 30718 8
8856 20526900 m2 4392193 -0.00214982894 0.5 p1 30725 8
3658 20536890 m2 1825623 -5.18819938e-08 0.5 p1 30743 8
4448 20538288 m2 2213373 -5.21216452e-06 0.5 p1 30746 8
1316 20544225 m2 670636 -2.73161627e-09 0.5 p1 30757 8
6237 20546160 m2 3096522 -2.51384222e-07 0.5 p1 30761 8
7437 20553291 m2 3690990 -3.13669126e-08 0.5 p1 30774 8
1857 20560385 m2 945266 -0.000503437594 0.5 p1 30787 8
9521 20570709 m2 4702878 -0.000134859729 0.5 p1 30806 8
4524 20577362 m2 2250020 -0.00303082494 0.5 p1 30818 8
4437 20578170 m2 2208409 -0.000690375979 0.5 p1 30820 8
2206 20585776 m2 1125553 -6.30036948e-06 0.5 p1 30834 8
2302 20591237 m2 1171879 -0.000256610569 0.5 p1 30844 8
2958 20591931 m2 1491645 -1.95104585e-05 0.5 p1 30846 8
8355 20594889 m2 4146593 -2.9849878e-05 0.5 p1 30851 8
3477 20595828 m2 1739864 -3.67226388e-10 0.5 p1 30853 8
2257 20607400 m2 1148191 -0.00403525494 0.5 p1 30875 8
9729 20615731 m2 4814890 -5.7240112e-11 0.5 p1 30890 8
9944 20628244 m2 4927416 -5.8796355e-05 0.5 p1 30914 8
2515 20629072 m2 1280018 -5.69286215e-07 0.5 p1 30915 8
2084 20629131 m2 1063992 -6.99736338e-05 0.5 p1 30915 8
6101 20641372 m2 3033571 -7.91468265e-05 0.5 p1 30938 8
6042 20652321 m2 3005698 -0.00135891419 0.5 p1 30959 8
7594 20653421 m2 3773688 -0.000350152055 0.5 p1 30961 8
1816 20657475 m2 920338 -0.000177528113 0.5 p1 30969 8
5423 20658182 m2 2698686 -2.84052192e-07 0.5 p1 30970 8
2936 20671227 m2 1477196 -2.87887469e-05 0.5 p1 30994 8
2407 20671337 m2 1221073 -0.000590140698 0.5 p1 30995 8
6866 20676008 m2 3407601 -0.000303246576 0.5 p1 31003 8
6438 20678822 m2 3188822 -1.13223757e-06 0.5 p1 31009 8
7973 20679285 m2 3952038 -0.000313761469 0.5 p1 31010 8
4811 20680503 m2 2378776 -0.000908462913 0.5 p1 31012 8
3966 20682249 m2 1977743 -0.000228856879 0.5 p1 31015 8
1990 20684362 m2 1015066 -0.000406177191 0.5 p1 31019 8
7251 20690667 m2 3593740 -0.000114544389 0.5 p1 31031 8
6393 20692574 m2 3170128 -1.05534446e-06 0.5 p1 31034 8
1773 20698063 m2 898300 -0.000315215264 0.5 p1 31045 8
9935 20699747 m2 4922507 -0.00027294227 0.5 p1 31048 8
9431 20711175 m2 4658820 -3.10798132e-05 0.5 p1 31069 8
5008 20718855 m2 2471210 -5.58706631e-07 0.5 p1 31084 8
8768 20720209 m3 4346969 0.000304019311 0.5 p1 31086 8
372 20720471 m2 192433 -2.62789172e-06 0.5 p1 31087 8
4921 20724166 m2 2432689 -1.72409855e-07 0.5 p1 31094 8
7729 20728487 m2 3844830 -6.18989361e-06 0.5 p1 31102 8
1529 20735284 m2 780808 -0.000584972557 0.5 p1 31114 8
7880 20740893 m2 3912409 -0.00294271624 0.5 p1 31125 8
206 20747230 m2 109470 -0.000135624912 0.5 p1 31136 8
7631 20767833 m2 3791801 -1.35804726e-07 0.5 p1 31175 8
4883 20770931 m3 2414428 0.00218547648 0.5 p1 31181 8
4975 20779058 m2 2457641 -5.14197063e-06 0.5 p1 31196 8
5059 20780521 m2 2502371 -2.06140882e-08 0.5 p1 31199 8
4354 20780747 m2 2175652 -0.00129926775 0.5 p1 31199 8
1494 20784405 m2 762121 -2.85685128e-05 0.5 p1 31206 8
3108 20794002 m2 1561400 -6.64531296e-14 0.5 p1 31224 8
5604 20796584 m2 2790077 -4.33767418e-05 0.5 p1 31229 8
2474 20796859 m2 1255097 -0.00159482611 0.5 p1 31230 8
4664 20797729 m2 2311244 -7.47571448e-06 0.5 p1 31231 8
6798 20801711 m2 3374748 -0.000168079001 0.5 p1 31239 8
3961 20803971 m2 1976417 -0.000917730154 0.5 p1 31243 8
7293 20804615 m2 3615701 -1.73632131e-07 0.5 p1 31244 8
89 20806053 m2 51129 -2.19446164e-07 0.5 p1 31247 8
3130 20819274 m3 1571894 0.000983154867 0.5 p1 31272 8
9089 20825735 m2 4495146 -1.04579422e-05 0.5 p1 31284 8
9728 20829083 m2 4814332 -3.08119843e-06 0.5 p1 31290 8
7565 20833890 m2 3758855 -2.23800711e-07 0.5 p1 31299 8
8139 20834678 m2 4026316 -1.175146e-13 0.5 p1 31301 8
1589 20835113 m2 804787 -1.14063996e-05 0.5 p1 31302 8
5337 20835477 m2 2657366 -2.4669319e-07 0.5 p1 31302 8
636 20842278 m2 329719 -1.24288783e-06 0.5 p1 31315 8
7432 20844314 m2 3688937 -0.00189424143 0.5 p1 31319 8
7233 20846774 m2 3585698 -0.000213605395 0.5 p1 31323 8
9532 20855439 m2 4711287 -0.00027477392 0.5 p1 31340 8
758 20857308 m2 391760 -0.000409967237 0.5 p1 31343 8
6600 20863915 m2 3277399 -0.000124471117 0.5 p1 31356 8
5991 20867396 m2 2984154 -0.000563575944 0.5 p1 31362 8
3469 20875433 m2 1737020 -1.12090665e-05 0.5 p1 31377 8
6692 20877717 m2 3318612 -0.000152728637 0.5 p1 31382 8
6791 20882171 m2 3373019 -0.000168194383 0.5 p1 31390 8
3055 20882494 m2 1538111 -1.63006789e-07 0.5 p1 31391 8
5266 20883088 m2 2619482 -0.000140277771 0.5 p1 31392 8
9185 20883909 m2 4538135 -1.76978365e-09 0.5 p1 31393 8
4162 20887019 m2 2082211 -8.05465752e-05 0.5 p1 31400 8
711 20890731 m2 367317 -0.000541541667 0.5 p1 31407 8
1833 20895041 m2 931531 -8.85214835e-09 0.5 p1 31415 8
2055 20900476 m2 1051805 -0.000415576185 0.5 p1 31425 8
9268 20902973 m2 4576205 -7.00710075e-07 0.5 p1 31430 8
9040 20917550 m2 4473383 -3.34425863e-06 0.5 p1 31458 8
6388 20925817 m2 3167504 -1.01813022e-19 0.5 p1 31474 8
9434 20932792 m2 4659979 -0.00016637407 0.5 p1 31487 8
8625 20937219 m2 4277461 -1.00409216e-06 0.5 p1 31496 8
7510 20940287 m2 3728606 -5.26759459e-06 0.5 p1 31502 8
3517 20949016 m2 1757446 -0.000472724903 0.5 p1 31519 8
9342 20968510 m2 4619511 -4.1284558e-09 0.5 p1 31556 8
4962 20970622 m2 2452030 -3.27117618e-06 0.5 p1 31560 8
7440 20971991 m2 3692534 -2.18106834e-05 0.5 p1 31563 8
1016 20980876 m2 522933 -3.79693993e-05 0.5 p1 31579 8
8934 20983613 m2 4425309 -5.96040672e-06 0.5 p1 31584 8
97 20984160 m2 56672 -2.86542789e-09 0.5 p1 31585 8
8677 20984469 m2 4306782 -7.52375126e-05 0.5 p1 31586 8
8975 20985251 m2 4444342 -0.000132594621 0.5 p1 31588 8
8540 20990132 m2 4237104 -1.43325815e-06 0.5 p1 31597 8
6697 20992684 m2 3320531 -0.000191588799 0.5 p1 31602 8
1630 20993048 m2 824129 -4.98604379e-07 0.5 p1 31602 8
5859 21005778 m2 2919279 -5.85902797e-07 0.5 p1 31626 8
9478 21009170 m2 4682503 -0.000313384167 0.5 p1 31632 8
8787 21011284 m2 4356393 -6.18154488e-08 0.5 p1 31636 8
3006 21013371 m2 1514186 -3.03031378e-10 0.5 p1 31640 8
6703 21014630 m2 3322589 -0.000231427039 0.5 p1 31643 8
5679 21019525 m2 2826365 -0.00107770413 0.5 p1 31652 8
810 21023042 m2 415548 -4.52893873e-05 0.5 p1 31658 8
5529 21025919 m2 2753537 -1.57542036e-06 0.5 p1 31663 8
2367 21035349 m2 1202667 -8.98015787e-05 0.5 p1 31681 8
2225 21035546 m2 1133217 -2.03911523e-11 0.5 p1 31682 8
1396 21036073 m2 709656 -1.80902027e-12 0.5 p1 31683 8
3754 21037820 m3 1880983 0.00243539736 0.5 p1 31686 8
692 21039330 m2 356442 -6.81213874e-13 0.5 p1 31689 8
4146 21040128 m2 2075449 -5.73946672e-05 0.5 p1 31691 8
2777 21041610 m2 1393490 -9.69512324e-23 0.5 p1 31694 8
5830 21043020 m2 2903710 -1.21981327e-06 0.5 p1 31696 8
2982 21045003 m2 1506314 -0.000110773028 0.5 p1 31700 8
2418 21052237 m2 1229051 -2.85996139e-05 0.5 p1 31714 8
439 21067210 m2 231871 -1.88481704e-06 0.5 p1 31743 8
6170 21077229 m2 3066135 -0.000182651653 0.5 p1 31761 8
338 21078374 m2 176164 -7.20400919e-07 0.5 p1 31764 8
714 21089431 m2 369334 -0.000128099622 0.5 p1 31785 8
837 21100973 m2 435099 -1.46177454e-05 0.5 p1 31807 8
2574 21108875 m2 1303502 -0.000770525949 0.5 p1 31822 8
6660 21110082 m2 3305519 -1.35039216e-10 0.5 p1 31824 8
4089 21121776 m2 2046685 -0.000121944424 0.5 p1 31846 8
2960 21123800 m2 1492352 -4.8462033e-07 0.5 p1 31850 8
7787 21124011 m2 3869379 -2.13161638e-05 0.5 p1 31851 8
5209 21131483 m2 2591952 -2.60622128e-05 0.5 p1 31865 8
6568 21132347 m2 3262648 -1.97848582e-08 0.5 p1 31866 8
5607 21133321 m2 2791301 -6.3227526e-06 0.5 p1 31868 8
2036 21133551 m2 1041726 -7.76249351e-07 0.5 p1 31868 8
3330 21135464 m2 1667036 -2.7409065e-16 0.5 p1 31872 8
8036 21136249 m2 3977741 -1.5538327e-06 0.5 p1 31873 8
3632 21136614 m2 1816860 -6.29735268e-08 0.5 p1 31874 8
1392 21143278 m2 707832 -0.000683628256 0.5 p1 31887 8
479 21145547 m2 248482 -4.47364291e-05 0.5 p1 31891 8
3914 21146276 m2 1954134 -0.00103421288 0.5 p1 31893 8
4338 21147122 m2 2168433 -8.3864183e-12 0.5 p1 31894 8
2292 21154718 m2 1167568 -6.88002729e-07 0.5 p1 31909 8
1468 21159163 m2 746174 -0.000268543808 0.5 p1 31917 8
1251 21163925 m2 638617 -2.2399204e-11 0.5 p1 31926 8
6253 21168694 m2 3104878 -1.2388947e-06 0.5 p1 31935 8
9928 21170815 m2 4921044 -0.000844636583 0.5 p1 31939 8
641 21172719 m2 333110 -0.000444894715 0.5 p1 31943 8
3243 21185965 m2 1628008 -3.88332264e-05 0.5 p1 31969 8
6716 21190834 m2 3335539 -0.000124944971 0.5 p1 31978 8
6801 21203107 m2 3376285 -7.93870495e-05 0.5 p1 32002 8
537 21211494 m2 277191 -8.87812021e-19 0.5 p1 32018 8
5195 21212848 m2 2584220 -0.00153095485 0.5 p1 32021 8
2192 21215642 m2 1120248 -3.00002484e-05 0.5 p1 32026 8
397 21215831 m2 207194 -0.000112796704 0.5 p1 32027 8
4484 21219660 m2 2229533 -0.000111317029 0.5 p1 32034 8
1679 21223990 m2 850921 -3.16353617e-05 0.5 p1 32043 8
5662 21224580 m2 2820020 -2.54667866e-05 0.5 p1 32044 8
1586 21235951 m2 804026 -0.000239378322 0.5 p1 32066 8
517 21237098 m2 268608 -7.61662841e-06 0.5 p1 32068 8
4533 21246572 m2 2252687 -2.2064487e-05 0.5 p1 32087 8
4694 21252599 m2 2324320 -0.000196163121 0.5 p1 32098 8
3068 21262246 m2 1545328 -0.000487329235 0.5 p1 32117 8
9979 21263311 m2 4943236 -2.96085361e-08 0.5 p1 32119 8
2661 21272329 m2 1346846 -3.195725e-05 0.5 p1 32137 8
7008 21275969 m2 3471649 -3.0091227e-05 0.5 p1 32144 8
5325 21280388 m2 2648126 -9.54886104e-07 0.5 p1 32152 8
6621 21284230 m2 3286307 -1.78385471e-06 0.5 p1 32160 8
6615 21285241 m2 3284637 -6.59848884e-05 0.5 p1 32162 8
9430 21288543 m2 4657896 -9.29167581e-05 0.5 p1 32168 8
3373 21290345 m2 1691928 -0.000107005741 0.5 p1 32171 8
3183 21291461 m2 1598757 -1.72655273e-05 0.5 p1 32174 8
1442 21295704 m2 731152 -0.000123719205 0.5 p1 32182 8
6949 21303090 m2 3445467 -6.24291204e-07 0.5 p1 32196 8
6895 21314274 m3 3420460 0.000457462069 0.5 p1 32217 8
7583 21314537 m2 3768916 -2.14458705e-05 0.5 p1 32218 8
2911 21315168 m2 1463440 -3.24210703e-07 0.5 p1 32219 8
6397 21316094 m2 3170592 -0.000110964087 0.5 p1 32221 8
8182 21323478 m2 4051579 -3.54947431e-08 0.5 p1 32235 8
8141 21327955 m2 4027387 -1.29663675e-07 0.5 p1 32244 8
1532 21339687 m2 781134 -1.13528721e-07 0.5 p1 32267 8
2900 21339689 m2 1458423 -2.67595406e-05 0.5 p1 32267 8
3061 21345964 m2 1540782 -0.00124230073 0.5 p1 32279 8
5412 21353876 m2 2691877 -0.000338582293 0.5 p1 32294 8
1031 21367079 m2 530245 -9.25668792e-05 0.5 p1 32320 8
6379 21371218 m2 3162522 -1.20113305e-06 0.5 p1 32327 8
8142 21374042 m2 4027736 -1.12183393e-07 0.5 p1 32333 8
4064 21375843 m2 2030572 -4.08850283e-16 0.5 p1 32336 8
6355 21385406 m2 3152367 -0.000106029089 0.5 p1 32355 8
1004 21393692 m2 516342 -1.3696007e-08 0.5 p1 32371 8
2635 21395198 m2 1335542 -0.000305679307 0.5 p1 32374 8
3156 21395200 m3 1585016 0.000316072139 0.5 p1 32374 8
7603 21396769 m2 3776771 -6.67777349e-05 0.5 p1 32377 8
7372 21405567 m2 3657056 -7.28963981e-13 0.5 p1 32394 8
946 21407780 m2 491609 -1.40276397e-05 0.5 p1 32398 8
7304 21408634 m2 3619410 -1.93300688e-11 0.5 p1 32399 8
8111 21413131 m2 4012988 -5.30265315e-05 0.5 p1 32408 8
6714 21413358 m2 3334262 -3.34996608e-09 0.5 p1 32408 8
7106 21415903 m2 3514977 -0.000672930852 0.5 p1 32413 8
420 21419820 m2 220943 -7.79373659e-05 0.5 p1 32421 8
9930 21426565 m2 4921312 -0.000356305769 0.5 p1 32433 8
9084 21426887 m2 4492853 -1.27826982e-09 0.5 p1 32434 8
7367 21429738 m2 3653450 -0.0001181681 0.5 p1 32439 8
9649 21434028 m2 4773946 -0.000442474207 0.5 p1 32448 8
4504 21438545 m2 2237359 -0.000532224949 0.5 p1 32456 8
7123 21442145 m2 3523557 -0.000287048111 0.5 p1 32463 8
2897 21443213 m2 1457032 -0.00014305675 0.5 p1 32465 8
174 21445250 m2 94728 -0.00021692345 0.5 p1 32469 8
7968 21452722 m2 3951113 -2.8152547e-09 0.5 p1 32483 8
222 21458093 m2 115906 -2.17449045e-14 0.5 p1 32493 8
8710 21459113 m2 4318310 -0.000446337071 0.5 p1 32495 8
4857 21462374 m2 2397680 -1.38000814e-05 0.5 p1 32501 8
2124 21462693 m2 1084692 -0.000416857831 0.5 p1 32502 8
9383 21463700 m2 4638554 -0.00081602775 0.5 p1 32504 8
1356 21464102 m2 688019 -2.02638803e-05 0.5 p1 32505 8
5348 21468148 m2 2661876 -1.71863968e-10 0.5 p1 32513 8
4375 21473508 m2 2184779 -7.66537255e-07 0.5 p1 32523 8
9216 21479471 m2 4551940 -7.88640027e-05 0.5 p1 32535 8
3012 21483050 m2 1519029 -6.15590512e-15 0.5 p1 32542 8
9388 21483922 m3 4639843 0.00270036678 0.5 p1 32543 8
9580 21486974 m2 4733640 -1.46406487e-12 0.5 p1 32549 8
8162 21497316 m2 4037532 -9.16188001e-05 0.5 p1 32570 8
2561 21498033 m2 1298568 -0.000415116374 0.5 p1 32572 8
8434 21498385 m2 4185141 -1.04579982e-14 0.5 p1 32572 8
9128 21498966 m2 4514826 -7.44729841e-05 0.5 p1 32573 8
4411 21499076 m2 2199217 -0.000875366211 0.5 p1 32574 8
8300 21503393 m2 4122892 -1.21481139e-06 0.5 p1 32582 8
8898 21510372 m2 4411350 -0.000193417218 0.5 p1 32596 8
1993 21516019 m2 1015755 -2.77270237e-06 0.5 p1 32607 8
6165 21517586 m2 3062413 -5.08627818e-06 0.5 p1 32610 8
8716 21520008 m2 4319383 -8.62752568e-05 0.5 p1 32615 8
619 21532416 m2 320649 -0.000206812329 0.5 p1 32639 8
2664 21537079 m2 1348577 -0.000205043441 0.5 p1 32649 8
5896 21541574 m2 2936030 -2.84114303e-05 0.5 p1 32657 8
9503 21543720 m2 4695403 -1.62285509e-08 0.5 p1 32661 8
4356 21545640 m2 2176885 -7.46216433e-19 0.5 p1 32665 8
9991 21550366 m2 4947982 -4.73261798e-06 0.5 p1 32674 8
7313 21557602 m3 3622781 0.00130570226 0.5 p1 32688 8
7716 21558354 m2 3837070 -4.5747809e-15 0.5 p1 32690 8
1235 21565398 m2 629420 -0.000430755434 0.5 p1 32704 8
5839 21567334 m2 2908273 -0.00179233646 0.5 p1 32707 8
10025 21573969 m2 4966061 -1.47966045e-06 0.5 p1 32720 8
4873 21574766 m2 2410927 -0.000604759844 0.5 p1 32722 8
8530 21578365 m2 4229692 -2.86543964e-05 0.5 p1 32729 8
5291 21582611 m2 2630870 -8.3252653e-06 0.5 p1 32737 8
4494 21591512 m2 2233965 -0.000164545039 0.5 p1 32755 8
2932 21595349 m2 1475366 -0.000586054928 0.5 p1 32762 8
8785 21595639 m2 4355929 -0.00226753391 0.5 p1 32763 8
7183 21597915 m2 3564786 -6.40470971e-05 0.5 p1 32767 8
8050 21598363 m2 3984869 -9.01958483e-05 0.5 p1 32768 8
5706 21599726 m2 2842244 -1.75792696e-08 0.5 p1 32771 8
1353 21603932 m2 686832 -1.77165975e-06 0.5 p1 32779 8
9046 21604238 m2 4475665 -7.49681567e-06 0.5 p1 32780 8
3058 21609885 m2 1538597 -9.70087854e-07 0.5 p1 32791 8
6858 21610156 m2 3404207 -1.10487001e-07 0.5 p1 32792 8
3191 21617658 m2 1604514 -1.91265515e-09 0.5 p1 32806 8
10076 21620646 m2 4984133 -0.000105954554 0.5 p1 32812 8
4934 21620673 m2 2439037 -0.00010722172 0.5 p1 32812 8
7410 21622282 m2 3679785 -1.0262213e-11 0.5 p1 32816 8
7873 21622967 m2 3910460 -1.15658795e-05 0.5 p1 32817 8
1140 21628322 m2 589625 -7.68724249e-08 0.5 p1 32827 8
5579 21629328 m2 2777725 -4.04907843e-11 0.5 p1 32829 8
17 21631392 m2 9049 -9.12105891e-10 0.5 p1 32833 8
4636 21632523 m2 2293025 -0.00117070053 0.5 p1 32836 8
7046 21636429 m2 3490276 -1.18577113e-07 0.5 p1 32843 8
2765 21645873 m2 1388421 -1.72517339e-15 0.5 p1 32862 8
6230 21646244 m2 3092540 -0.000161843316 0.5 p1 32863 8
8619 21646372 m2 4275379 -0.000419914897 0.5 p1 32863 8
935 21650524 m2 486279 -4.92038926e-05 0.5 p1 32871 8
4127 21651578 m3 2067032 0.00221743132 0.5 p1 32873 8
5489 21652059 m2 2729005 -8.65266703e-09 0.5 p1 32874 8
6059 21652646 m2 3013467 -3.21600128e-05 0.5 p1 32876 8
3109 21653745 m2 1561790 -0.000149665153 0.5 p1 32878 8
4167 21656613 m2 2085629 -2.73614751e-05 0.5 p1 32883 8
503 21671062 m2 262949 -1.6342605e-09 0.5 p1 32911 8
4218 21671101 m2 2109496 -6.04214961e-07 0.5 p1 32912 8
7656 21671861 m2 3807368 -8.52503308e-06 0.5 p1 32913 8
190 21672092 m2 103221 -0.000227047742 0.5 p1 32913 8
4161 21672304 m2 2082068 -5.23400831e-06 0.5 p1 32914 8
176 21685779 m2 96417 -0.000226540229 0.5 p1 32940 8
4765 21687195 m2 2359232 -3.93193841e-06 0.5 p1 32943 8
6203 21687326 m2 3083960 -4.57016286e-05 0.5 p1 32943 8
6327 21688862 m2 3139907 -8.43932657e-09 0.5 p1 32946 8
4098 21698284 m2 2050662 -7.00814053e-06 0.5 p1 32964 8
2675 21700382 m2 1352506 -0.000155259055 0.5 p1 32968 8
3670 21701928 m2 1836177 -1.74278114e-06 0.5 p1 32971 8
7476 21709889 m3 3711888 0.0066943909 0.5 p1 32986 8
7382 21711073 m2 3665006 -4.51914857e-05 0.5 p1 32989 8
2235 21717821 m2 1138410 -6.33122454e-06 0.5 p1 33002 8
4937 21726903 m2 2439721 -1.97122262e-07 0.5 p1 33019 8
1540 21728079 m2 783790 -0.000114679431 0.5 p1 33021 8
980 21734089 m2 507666 -6.39584505e-06 0.5 p1 33033 8
5726 21737498 m2 2852592 -1.27503652e-09 0.5 p1 33040 8
5010 21738821 m2 2472140 -0.00314832549 0.5 p1 33042 8
2356 21739987 m2 1199223 -2.75723579e-07 0.5 p1 33044 8
1622 21747350 m2 818063 -5.06341166e-05 0.5 p1 33058 8
5032 21747537 m2 2487950 -0.000156435242 0.5 p1 33059 8
9515 21751517 m2 4701163 -0.000263059221 0.5 p1 33066 8
1135 21764041 m2 585238 -0.000340228173 0.5 p1 33091 8
5297 21768832 m3 2633317 0.000434199232 0.5 p1 33100 8
518 21768920 m2 269555 -3.32429622e-08 0.5 p1 33100 8
5118 21784993 m2 2536115 -9.09552267e-10 0.5 p1 33131 8
7553 21785672 m2 3755346 -4.36714326e-05 0.5 p1 33133 8
3181 21786658 m2 1598508 -1.25182814e-05 0.5 p1 33135 8
5458 21787456 m2 2715649 -0.000331758638 0.5 p1 33136 8
349 21790216 m2 184671 -8.74764083e-09 0.5 p1 33141 8
4754 21794678 m2 2349772 -0.0012568424 0.5 p1 33150 8
71 21797536 m2 43214 -1.80950252e-07 0.5 p1 33155 8
297 21797623 m2 152571 -5.63422753e-10 0.5 p1 33155 8
9670 21798576 m2 4784109 -5.83826818e-08 0.5 p1 33157 8
1492 21799396 m2 761019 -6.14660894e-05 0.5 p1 33159 8
4577 21803738 m2 2271134 -0.00211463077 0.5 p1 33167 8
4642 21813741 m2 2298832 -4.86549823e-07 0.5 p1 33186 8
9045 21813761 m2 4475135 -0.0023029584 0.5 p1 33186 8
8156 21814711 m2 4033927 -2.70457326e-06 0.5 p1 33188 8
9142 21817449 m2 4518935 -0.000611116702 0.5 p1 33193 8
9372 21829223 m3 4633366 0.00114918733 0.5 p1 33216 8
9245 21830076 m2 4566080 -0.000570135307 0.5 p1 33217 8
723 21847413 m2 373285 -6.73136674e-05 0.5 p1 33250 8
5007 21848797 m2 2470368 -0.000297400344 0.5 p1 33253 8
4871 21849501 m2 2408103 -2.19094676e-09 0.5 p1 33254 8
3146 21852269 m3 1581688 8.03597213e-05 0.5 p1 33260 8
9619 21854689 m2 4756599 -1.0351082e-05 0.5 p1 33264 8
259 21858626 m2 131128 -0.000391567737 0.5 p1 33272 8
9230 21859598 m2 4558833 -1.458376e-06 0.5 p1 33274 8
146 21860888 m2 78218 -0.000314893492 0.5 p1 33276 8
9390 21862778 m2 4640436 -1.35370001e-07 0.5 p1 33280 8
321 21863542 m2 166891 -0.000116764408 0.5 p1 33281 8
8388 21865054 m2 4160335 -0.000315466459 0.5 p1 33284 8
3407 21866683 m2 1707711 -7.99200207e-05 0.5 p1 33288 8
8494 21871981 m3 4213538 0.000177454116 0.5 p1 33298 8
9022 21873067 m2 4464880 -7.99655311e-07 0.5 p1 33300 8
419 21873525 m2 220046 -1.20052789e-06 0.5 p1 33301 8
6875 21878499 m2 3411463 -5.53388054e-05 0.5 p1 33311 8
7730 21879875 m3 3844855 0.00160386099 0.5 p1 33314 8
8052 21886024 m2 3985452 -1.28587715e-06 0.5 p1 33326 8
989 21889270 m2 511389 -0.000299316511 0.5 p1 33332 8
9970 21891662 m2 4937665 -1.05015567e-06 0.5 p1 33337 8
8377 21907579 m2 4156778 -3.00951494e-16 0.5 p1 33368 8
5224 21909491 m2 2599184 -6.24976286e-12 0.5 p1 33371 8
8577 21911134 m2 4251816 -0.000496538123 0.5 p1 33375 8
6591 21918502 m2 3273704 -0.0010513959 0.5 p1 33389 8
3332 21919028 m2 1667435 -5.11512042e-07 0.5 p1 33390 8
6923 21919947 m2 3432672 -0.0004759359 0.5 p1 33392 8
750 21925177 m2 388098 -2.54795177e-05 0.5 p1 33402 8
5748 21925672 m2 2862018 -1.3690207e-11 0.5 p1 33403 8
4112 21935899 m2 2058946 -3.30898153e-08 0.5 p1 33423 8
4212 21937511 m2 2108723 -0.000176535003 0.5 p1 33426 8
4153 21939434 m2 2078338 -0.00320262811 0.5 p1 33430 8
911 21952594 m2 472971 -9.82090205e-06 0.5 p1 33456 8
7124 21955154 m2 3524171 -2.54591477e-08 0.5 p1 33461 8
2800 21970300 m2 1406922 -9.72291105e-07 0.5 p1 33491 8
8538 21981759 m2 4234892 -5.97293401e-05 0.5 p1 33513 8
9820 21986026 m2 4865919 -0.000184974939 0.5 p1 33522 8
0 21993666 m2 595 -9.21357213e-09 0.5 p1 33537 8
2442 22004998 m2 1238239 -1.28151464e-06 0.5 p1 33559 8
7902 22006205 m2 3923164 -3.08378777e-15 0.5 p1 33561 8
2352 22008605 m2 1198940 -6.93040856e-05 0.5 p1 33566 8
6256 22010176 m2 3106194 -5.00734139e-08 0.5 p1 33569 8
7051 22012710 m2 3493160 -0.000154613241 0.5 p1 33574 8
177 22014975 m2 97689 -0.000443177269 0.5 p1 33578 8
579 22020869 m2 300341 -0.000108136323 0.5 p1 33590 8
3804 22020948 m2 1908023 -5.31249977e-09 0.5 p1 33590 8
4565 22031181 m2 2266357 -1.36583719e-06 0.5 p1 33610 8
6572 22034083 m2 3264947 -5.79823864e-05 0.5 p1 33616 8
9858 22035651 m2 4886227 -0.000719268282 0.5 p1 33619 8
6513 22040422 m2 3229287 -2.08729762e-05 0.5 p1 33628 8
5450 22044504 m2 2712690 -1.50700146e-06 0.5 p1 33636 8
6169 22047860 m2 3065699 -0.000605055655 0.5 p1 33642 8
4124 22050991 m2 2065825 -0.00064163137 0.5 p1 33648 8
7238 22059995 m2 3586988 -0.00115293241 0.5 p1 33665 8
9090 22066181 m2 4495309 -1.48682247e-10 0.5 p1 33677 8
5917 22074253 m2 2948052 -7.70782493e-10 0.5 p1 33692 8
581 22076572 m2 300884 -0.000111711226 0.5 p1 33697 8
6070 22076679 m2 3020449 -7.08409189e-08 0.5 p1 33697 8
557 22079626 m2 287898 -5.24705465e-05 0.5 p1 33703 8
1761 22081908 m2 893364 -8.86490852e-06 0.5 p1 33708 8
9882 22095113 m2 4897772 -4.6501475e-07 0.5 p1 33733 8
8820 22095123 m3 4373881 0.000474024273 0.5 p1 33733 8
3275 22107817 m2 1641750 -8.66414557e-05 0.5 p1 33758 8
10023 22112658 m2 4965283 -1.07930354e-07 0.5 p1 33767 8
3481 22118063 m2 1741228 -7.9251663e-08 0.5 p1 33777 8
2679 22119535 m2 1354142 -9.65343588e-06 0.5 p1 33780 8
3486 22145340 m2 1744996 -2.26086067e-05 0.5 p1 33830 8
8900 22156051 m2 4412033 -2.49607135e-09 0.5 p1 33850 8
959 22159009 m2 496530 -0.00077819929 0.5 p1 33856 8
9897 22159750 m2 4902947 -1.42316477e-14 0.5 p1 33857 8
2804 22159951 m2 1408800 -6.00230633e-05 0.5 p1 33858 8
5982 22169480 m3 2979214 0.000765892619 0.5 p1 33876 8
7464 22169589 m2 3706064 -5.85138769e-05 0.5 p1 33877 8
8700 22173664 m2 4313094 -0.000419815886 0.5 p1 33885 8
9845 22178071 m2 4879578 -1.31622642e-08 0.5 p1 33893 8
88 22181754 m2 50545 -7.77974351e-14 0.5 p1 33900 8
9021 22184600 m2 4464224 -8.86795315e-05 0.5 p1 33906 8
7797 22186797 m3 3875836 0.00108914566 0.5 p1 33910 8
1578 22188050 m2 800083 -3.03321063e-10 0.5 p1 33912 8
2245 22188669 m2 1143176 -0.000424178492 0.5 p1 33914 8
5265 22196186 m2 2618545 -8.86988855e-05 0.5 p1 33929 8
1502 22205950 m2 765755 -0.00027752138 0.5 p1 33948 8
6246 22209975 m2 3100903 -0.000226759716 0.5 p1 33955 8
6181 22211372 m2 3072359 -6.23690721e-05 0.5 p1 33958 8
8954 22214864 m2 4433816 -3.74034753e-05 0.5 p1 33965 8
6849 22223470 m2 3398907 -3.13713667e-06 0.5 p1 33982 8
7758 22224210 m2 3858838 -0.000203234173 0.5 p1 33983 8
4521 22225633 m2 2247810 -1.08099592e-08 0.5 p1 33986 8
9595 22236555 m2 4740740 -1.59321239e-14 0.5 p1 34007 8
5447 22237812 m2 2711871 -2.00361919e-05 0.5 p1 34010 8
6274 22242466 m2 3112078 -1.48240372e-06 0.5 p1 34018 8
5225 22243605 m2 2600294 -0.000864599715 0.5 p1 34020 8
5279 22244353 m2 2625451 -4.48421542e-06 0.5 p1 34022 8
8155 22245800 m2 4033858 -1.03343145e-05 0.5 p1 34025 8
8922 22258929 m2 4419903 -0.000570496428 0.5 p1 34050 8
1217 22259136 m2 622550 -0.000274663791 0.5 p1 34051 8
924 22261364 m2 477807 -0.000417158619 0.5 p1 34055 8
10096 22265088 m2 4994272 -2.20104629e-10 0.5 p1 34062 8
9740 22266329 m2 4819835 -8.16874217e-06 0.5 p1 34065 8
6669 22266699 m2 3310192 -2.6632101e-09 0.5 p1 34065 8
2609 22267363 m2 1320894 -5.71938972e-06 0.5 p1 34067 8
8750 22269375 m2 4338984 -0.000170375948 0.5 p1 34071 8
2997 22271693 m2 1510719 -0.000801457616 0.5 p1 34075 8
10088 22278134 m2 4989998 -0.000107923515 0.5 p1 34087 8
2785 22282149 m2 1397023 -3.67503503e-07 0.5 p1 34095 8
4058 22286611 m2 2028684 -7.47844097e-05 0.5 p1 34103 8
3967 22294597 m2 1978433 -2.11977726e-06 0.5 p1 34119 8
8642 22300553 m2 4284654 -4.60385527e-05 0.5 p1 34130 8
2531 22304074 m2 1288063 -9.07152867e-07 0.5 p1 34136 8
9148 22305801 m2 4520746 -1.2121684e-06 0.5 p1 34140 8
7979 22306832 m2 3953654 -1.42325964e-08 0.5 p1 34142 8
6771 22307445 m3 3367115 0.00111473072 0.5 p1 34143 8
3498 22321754 m2 1748144 -9.78015942e-06 0.5 p1 34170 8
7100 22332364 m2 3513266 -0.000201722956 0.5 p1 34190 8
1743 22340610 m2 886361 -0.000124054422 0.5 p1 34206 8
4477 22340867 m2 2227148 -8.82914246e-05 0.5 p1 34207 8
6962 22341149 m2 3449094 -0.00104589155 0.5 p1 34207 8
5847 22346623 m2 2913142 -2.05898992e-10 0.5 p1 34218 8
1720 22347200 m2 874336 -2.17755917e-11 0.5 p1 34219 8
3832 22350256 m2 1921598 -0.000706819992 0.5 p1 34225 8
7150 22350558 m2 3543635 -5.36032276e-05 0.5 p1 34225 8
8915 22357152 m2 4417890 -0.000983119477 0.5 p1 34238 8
5528 22357228 m2 2753101 -2.84965871e-13 0.5 p1 34238 8
4673 22357861 m2 2314033 -2.54098097e-07 0.5 p1 34240 8
2197 22359044 m2 1122189 -0.000244923838 0.5 p1 34242 8
9699 22359615 m2 4797340 -7.43834505e-09 0.5 p1 34243 8
1680 22359925 m2 851123 -2.07192011e-12 0.5 p1 34243 8
951 22362943 m2 493753 -0.000429543637 0.5 p1 34249 8
5525 22367910 m2 2752025 -1.35016189e-05 0.5 p1 34259 8
3672 22371683 m2 1836511 -0.000118675482 0.5 p1 34267 8
447 22372025 m2 234798 -4.31593719e-07 0.5 p1 34267 8
1931 22396599 m2 983827 -2.64308237e-05 0.5 p1 34314 8
4272 22400298 m2 2137783 -0.000365034124 0.5 p1 34321 8
8633 22405347 m2 4279814 -6.35965591e-09 0.5 p1 34330 8
4040 22411796 m2 2016227 -9.56688808e-08 0.5 p1 34343 8
7754 22413677 m2 3856715 -1.15783784e-07 0.5 p1 34347 8
4759 22419618 m2 2351874 -0.00315436954 0.5 p1 34358 8
6527 22423638 m3 3235673 6.21952422e-05 0.5 p1 34366 8
2973 22433344 m2 1499089 -1.04191895e-06 0.5 p1 34385 8
6786 22433681 m2 3372623 -5.38891501e-11 0.5 p1 34386 8
4621 22435267 m2 2288341 -1.86140569e-05 0.5 p1 34389 8
386 22435524 m2 201093 -1.34593256e-05 0.5 p1 34389 8
5053 22441114 m3 2499247 0.000428315892 0.5 p1 34400 8
8269 22450372 m2 4104280 -2.13183898e-06 0.5 p1 34418 8
6567 22460585 m2 3261058 -2.52983209e-05 0.5 p1 34438 8
6974 22462956 m2 3455192 -2.52519902e-12 0.5 p1 34443 8
6265 22463630 m2 3109168 -1.93326917e-11 0.5 p1 34444 8
3712 22467240 m2 1858775 -2.99582581e-10 0.5 p1 34451 8
4742 22470764 m2 2346394 -0.000372287526 0.5 p1 34458 8
7342 22472001 m2 3640002 -1.39641475e-06 0.5 p1 34461 8
9674 22479764 m2 4784621 -3.36476541e-10 0.5 p1 34476 8
8209 22481380 m2 4067623 -0.000722119701 0.5 p1 34479 8
7281 22482465 m2 3608325 -2.45526394e-06 0.5 p1 34481 8
9993 22485090 m2 4949719 -2.04260804e-08 0.5 p1 34486 8
5676 22489416 m2 2824714 -3.35600703e-08 0.5 p1 34495 8
1496 22503118 m2 762649 -8.16231193e-07 0.5 p1 34522 8
9251 22506889 m2 4567103 -1.05956988e-05 0.5 p1 34529 8
1285 22514201 m2 655947 -1.62360448e-05 0.5 p1 34544 8
6319 22516773 m2 3136172 -0.00019893967 0.5 p1 34549 8
3145 22520742 m2 1581321 -1.33678517e-08 0.5 p1 34557 8
1114 22531437 m2 575242 -0.00117563771 0.5 p1 34577 8
9502 22534806 m2 4694694 -0.000144545091 0.5 p1 34584 8
5062 22544465 m2 2503608 -2.19995604e-06 0.5 p1 34604 8
1787 22556622 m2 904552 -1.78029386e-05 0.5 p1 34627 8
8754 22560238 m2 4340046 -0.000100888778 0.5 p1 34635 8
4705 22566909 m2 2329176 -0.00297619356 0.5 p1 34648 8
9112 22571633 m2 4509717 -0.000216613451 0.5 p1 34658 8
5085 22572089 m2 2515960 -1.7296544e-06 0.5 p1 34658 8
6004 22572601 m2 2988345 -4.49951549e-05 0.5 p1 34659 8
5852 22576827 m2 2915362 -3.97581289e-07 0.5 p1 34668 8
25 22581330 m2 11342 -0.000804788724 0.5 p1 34677 8
5357 22588238 m2 2666234 -0.000191206011 0.5 p1 34691 8
8783 22588307 m2 4355707 -4.77162135e-19 0.5 p1 34691 8
853 22590511 m2 443776 -2.66909154e-07 0.5 p1 34695 8
3455 22598064 m2 1731258 -4.53336554e-07 0.5 p1 34711 8
900 22600100 m2 469140 -0.000625965709 0.5 p1 34715 8
6499 22601920 m2 3222911 -1.39250915e-05 0.5 p1 34719 8
3626 22602042 m2 1814112 -6.28011767e-05 0.5 p1 34719 8
9427 22604388 m2 4655939 -0.00252177985 0.5 p1 34724 8
264 22604944 m2 133474 -0.000131584966 0.5 p1 34725 8
8761 22611153 m2 4342784 -1.15984764e-16 0.5 p1 34737 8
4168 22614334 m2 2086409 -1.76751382e-05 0.5 p1 34743 8
5186 22615307 m2 2577327 -1.24354283e-05 0.5 p1 34745 8
6099 22615964 m2 3032701 -4.81120514e-06 0.5 p1 34747 8
4652 22617337 m2 2304476 -1.08242011e-06 0.5 p1 34749 8
2023 22624961 m2 1035878 -6.16660976e-12 0.5 p1 34765 8
6161 22626652 m2 3060832 -0.000161949501 0.5 p1 34768 8
775 22630228 m2 398942 -2.14101365e-05 0.5 p1 34775 8
8711 22632757 m2 4318457 -0.00069036975 0.5 p1 34780 8
4917 22633374 m2 2431375 -0.000423207704 0.5 p1 34781 8
5538 22643055 m2 2757035 -6.83169132e-10 0.5 p1 34801 8
3052 22644621 m2 1537819 -0.000348250876 0.5 p1 34804 8
5586 22648758 m2 2780848 -7.17437888e-06 0.5 p1 34812 8
6880 22654660 m2 3414457 -0.000353467534 0.5 p1 34823 8
4038 22656776 m2 2015244 -0.000363791158 0.5 p1 34828 8
5757 22658328 m2 2867254 -1.77200491e-06 0.5 p1 34831 8
8945 22663115 m2 4428085 -5.92371725e-06 0.5 p1 34840 8
385 22669498 m2 200731 -0.000704156759 0.5 p1 34853 8
985 22674007 m2 510126 -1.54285217e-07 0.5 p1 34862 8
2551 22692105 m2 1294999 -6.08161713e-07 0.5 p1 34897 8
8923 22695008 m2 4420558 -0.000514306652 0.5 p1 34903 8
7327 22703959 m2 3633085 -7.4817201e-11 0.5 p1 34921 8
9790 22709932 m2 4844355 -0.003742537 0.5 p1 34932 8
2663 22711440 m2 1348426 -9.97048232e-07 0.5 p1 34935 8
8648 22711552 m2 4286636 -2.47641165e-05 0.5 p1 34936 8
9221 22713326 m2 4554697 -2.78797543e-05 0.5 p1 34939 8
742 22714596 m2 381910 -4.49067256e-14 0.5 p1 34942 8
4767 22715306 m2 2359900 -2.22601943e-06 0.5 p1 34943 8
5382 22716261 m2 2674369 -4.99480633e-15 0.5 p1 34945 8
2935 22719068 m2 1476893 -0.000929076166 0.5 p1 34951 8
1021 22720029 m2 525783 -5.25852338e-05 0.5 p1 34953 8
2424 22727070 m2 1231250 -5.62703553e-06 0.5 p1 34966 8
9907 22735378 m3 4908085 0.00315620448 0.5 p1 34983 8
1934 22737157 m2 984641 -8.30764839e-06 0.5 p1 34987 8
3264 22737278 m2 1638152 -2.04107637e-05 0.5 p1 34987 8
9445 22738888 m2 4668479 -0.00130221469 0.5 p1 34990 8
7646 22739379 m2 3802188 -6.12074109e-06 0.5 p1 34991 8
6519 22741789 m2 3230966 -0.000483034964 0.5 p1 34996 8
1087 22761027 m2 562196 -3.30127705e-07 0.5 p1 35034 8
726 22765446 m2 375640 -7.49996107e-05 0.5 p1 35043 8
4498 22771022 m2 2235209 -4.25809667e-05 0.5 p1 35054 8
1967 22772515 m2 1006279 -0.000144825579 0.5 p1 35057 8
2572 22776112 m2 1302503 -3.74923511e-05 0.5 p1 35064 8
5439 22777999 m2 2708366 -7.24593847e-05 0.5 p1 35068 8
4382 22780573 m2 2187036 -1.5669011e-08 0.5 p1 35074 8
3240 22781235 m2 1626470 -3.47324067e-06 0.5 p1 35075 8
4213 22786634 m2 2108915 -1.88888935e-05 0.5 p1 35086 8
1298 22791164 m2 664178 -0.000252005964 0.5 p1 35095 8
5918 22801287 m2 2949163 -1.70929804e-09 0.5 p1 35116 8
7253 22802983 m2 3594027 -4.18579912e-05 0.5 p1 35120 8
9165 22804031 m2 4529698 -4.21654004e-05 0.5 p1 35122 8
901 22805594 m2 469774 -1.16175135e-17 0.5 p1 35126 8
8374 22806022 m2 4155948 -8.21642199e-10 0.5 p1 35126 8
1027 22815831 m2 528380 -2.05365271e-08 0.5 p1 35147 8
9237 22817847 m2 4562928 -3.25426175e-09 0.5 p1 35151 8
1036 22819783 m2 533912 -3.10692201e-07 0.5 p1 35155 8
7199 22820715 m2 3570838 -3.14510588e-22 0.5 p1 35157 8
272 22823515 m2 139148 -1.27392805e-05 0.5 p1 35162 8
559 22825118 m2 288546 -8.4608524e-05 0.5 p1 35166 8
7179 22825519 m2 3562431 -0.000442198827 0.5 p1 35167 8
8879 22825738 m2 4403717 -0.000208857717 0.5 p1 35167 8
4225 22828798 m2 2113535 -0.00174430385 0.5 p1 35173 8
4888 22834254 m2 2417008 -3.15424063e-06 0.5 p1 35185 8
9122 22834916 m2 4512269 -8.68355735e-13 0.5 p1 35186 8
1651 22834927 m2 835837 -0.00106317224 0.5 p1 35186 8
7931 22835786 m2 3936296 -0.00089501444 0.5 p1 35188 8
6418 22838771 m2 3179636 -0.00228903093 0.5 p1 35194 8
8759 22839017 m2 4341921 -5.0062622e-06 0.5 p1 35195 8
1883 22839658 m2 957715 -6.29081387e-06 0.5 p1 35196 8
69 22839751 m2 42005 -2.15314867e-05 0.5 p1 35196 8
6160 22841006 m2 3060684 -1.71513511e-06 0.5 p1 35199 8
774 22841384 m2 398794 -7.01497243e-08 0.5 p1 35199 8
8028 22843520 m2 3974084 -0.000300303567 0.5 p1 35204 8
274 22843881 m2 141721 -0.000122214959 0.5 p1 35205 8
8673 22846163 m3 4304297 0.00164316152 0.5 p1 35209 8
4454 22846477 m2 2215473 -4.95564789e-09 0.5 p1 35210 8
16 22853127 m2 8443 -8.15049579e-13 0.5 p1 35223 8
6154 22860838 m2 3056371 -5.77654755e-05 0.5 p1 35239 8
8198 22861748 m2 4062752 -5.53162742e-08 0.5 p1 35241 8
9426 22872368 m2 4654975 -9.92570349e-05 0.5 p1 35262 8
9785 22872370 m2 4843038 -0.00197195751 0.5 p1 35262 8
7915 22874740 m2 3928471 -5.67374991e-06 0.5 p1 35267 8
3116 22874865 m2 1566162 -9.28467125e-06 0.5 p1 35267 8
5420 22876835 m2 2697635 -3.9717906e-11 0.5 p1 35271 8
2852 22878772 m2 1433506 -4.09820835e-08 0.5 p1 35276 8
3478 22882132 m2 1740545 -1.05764425e-10 0.5 p1 35282 8
7734 22887108 m2 3847883 -4.08604228e-06 0.5 p1 35292 8
227 22889901 m2 117212 -1.45967816e-08 0.5 p1 35298 8
1254 22900124 m2 639112 -4.24441496e-05 0.5 p1 35319 8
8478 22900901 m2 4205746 -7.08242425e-08 0.5 p1 35320 8
9909 22903615 m2 4910018 -0.000694509887 0.5 p1 35326 8
5472 22906609 m2 2723807 -0.00044175901 0.5 p1 35332 8
2179 22909493 m2 1115171 -1.68724603e-06 0.5 p1 35338 8
1086 22912486 m2 562095 -0.0024529954 0.5 p1 35344 8
4246 22915093 m2 2126491 -1.60533341e-06 0.5 p1 35349 8
9331 22918227 m2 4615485 -9.2002163e-05 0.5 p1 35356 8
8544 22922898 m2 4238199 -2.524909e-05 0.5 p1 35365 8
442 22924079 m2 232776 -3.62181596e-09 0.5 p1 35368 8
6003 22928670 m2 2987983 -0.000167203383 0.5 p1 35377 8
7278 22929610 m2 3607249 -4.11320873e-11 0.5 p1 35379 8
5981 22931840 m2 2978952 -0.00107340084 0.5 p1 35383 8
6969 22935896 m2 3452212 -8.83744724e-06 0.5 p1 35391 8
7514 22937896 m2 3729994 -0.000118986944 0.5 p1 35396 8
6402 22945155 m2 3171697 -5.84158455e-09 0.5 p1 35411 8
6348 22946895 m2 3148190 -4.28834008e-12 0.5 p1 35414 8
9590 22955335 m2 4739432 -9.09176524e-05 0.5 p1 35431 8
3673 22956823 m2 1837833 -2.25145232e-05 0.5 p1 35434 8
7356 22957528 m2 3646828 -2.40187164e-05 0.5 p1 35436 8
5910 22960627 m2 2943855 -0.000225333817 0.5 p1 35442 8
983 22970180 m2 509495 -1.34008151e-05 0.5 p1 35461 8
5470 22976326 m2 2721977 -0.000645770167 0.5 p1 35474 8
7334 22976507 m2 3636306 -0.000629622198 0.5 p1 35474 8
3536 22987210 m2 1768116 -6.53177995e-05 0.5 p1 35496 8
6174 23002224 m2 3068952 -0.00115526153 0.5 p1 35527 8
8439 23003265 m2 4186145 -8.3993239e-09 0.5 p1 35529 8
9509 23003342 m2 4698241 -4.05945888e-10 0.5 p1 35529 8
5916 23016520 m2 2948042 -1.06962304e-07 0.5 p1 35556 8
6185 23018143 m2 3075079 -2.9065427e-06 0.5 p1 35559 8
6689 23020832 m2 3315903 -3.87399959e-05 0.5 p1 35565 8
9289 23021010 m2 4590903 -0.000221670489 0.5 p1 35565 8
3267 23021889 m2 1639101 -2.02239766e-12 0.5 p1 35567 8
5521 23026053 m2 2750288 -0.00111641595 0.5 p1 35575 8
2796 23038057 m2 1402923 -0.000234776366 0.5 p1 35599 8
8026 23038913 m2 3972904 -3.01740374e-06 0.5 p1 35601 8
3910 23043013 m2 1952619 -6.49167305e-06 0.5 p1 35609 8
496 23045611 m2 260559 -8.8460336e-05 0.5 p1 35615 8
5058 23062373 m2 2501260 -0.000108802065 0.5 p1 35649 8
5148 23062823 m2 2553954 -3.06710785e-06 0.5 p1 35650 8
5550 23066566 m2 2764102 -0.00406119414 0.5 p1 35658 8
2223 23074266 m2 1132900 -9.8424207e-06 0.5 p1 35674 8
6755 23079001 m2 3361102 -2.73735986e-05 0.5 p1 35684 8
8163 23082029 m2 4037609 -7.29855747e-05 0.5 p1 35690 8
9695 23082136 m2 4796480 -0.00163052953 0.5 p1 35690 8
6617 23082365 m2 3285254 -0.00226066564 0.5 p1 35691 8
49 23083037 m2 34860 -1.76389913e-05 0.5 p1 35692 8
2148 23092821 m2 1099338 -1.10916235e-10 0.5 p1 35712 8
9149 23106746 m2 4521141 -8.07009656e-06 0.5 p1 35741 8
7848 23107112 m2 3896317 -0.00016272151 0.5 p1 35742 8
9248 23108635 m2 4566320 -8.37878318e-08 0.5 p1 35745 8
153 23115516 m2 82601 -1.04667319e-09 0.5 p1 35760 8
1097 23118484 m2 565541 -9.48126342e-07 0.5 p1 35766 8
5541 23120966 m2 2760389 -7.71029074e-10 0.5 p1 35771 8
2282 23123381 m2 1161480 -3.44347882e-07 0.5 p1 35776 8
4978 23133823 m2 2458942 -0.000320199091 0.5 p1 35798 8
998 23138174 m2 514440 -4.51752236e-09 0.5 p1 35807 8
6778 23155661 m2 3369246 -0.000131308174 0.5 p1 35843 8
3254 23158331 m2 1633554 -1.86094803e-11 0.5 p1 35848 8
6601 23158434 m2 3278056 -0.000449386076 0.5 p1 35849 8
3070 23159107 m2 1546976 -1.0140818e-08 0.5 p1 35850 8
5262 23161878 m2 2618286 -0.000154289883 0.5 p1 35856 8
6763 23163675 m2 3364421 -2.50614289e-06 0.5 p1 35860 8
22 23165633 m2 10928 -7.82286952e-05 0.5 p1 35864 8
3532 23179579 m2 1764836 -8.44876382e-08 0.5 p1 35892 8
5715 23182889 m2 2845022 -2.62539771e-07 0.5 p1 35899 8
5171 23183546 m2 2570054 -7.67114325e-05 0.5 p1 35900 8
7789 23193233 m2 3869575 -0.000340333179 0.5 p1 35921 8
2362 23197284 m2 1200895 -3.6533439e-14 0.5 p1 35929 8
10021 23198754 m2 4964524 -0.000906497182 0.5 p1 35932 8
2934 23199497 m2 1476850 -4.66165966e-06 0.5 p1 35934 8
6336 23202904 m2 3144302 -5.29418003e-08 0.5 p1 35940 8
5619 23202995 m2 2795274 -0.00133314426 0.5 p1 35941 8
4465 23222697 m2 2221367 -2.72990963e-09 0.5 p1 35981 8
9839 23223048 m2 4874858 -3.35464597e-06 0.5 p1 35982 8
5331 23232580 m2 2654003 -6.745692e-09 0.5 p1 36001 8
6466 23234008 m2 3204204 -0.000159592222 0.5 p1 36004 8
4500 23234534 m2 2236083 -4.91399805e-06 0.5 p1 36005 8
2080 23234613 m2 1062591 -3.57626159e-05 0.5 p1 36005 8
1608 23236027 m2 813047 -5.43807664e-06 0.5 p1 36008 8
6008 23236230 m2 2989169 -1.43223971e-14 0.5 p1 36008 8
8872 23236861 m2 4400314 -2.48335478e-13 0.5 p1 36010 8
2750 23239585 m2 1382272 -0.00111431663 0.5 p1 36015 8
5913 23240778 m2 2945702 -7.73258367e-12 0.5 p1 36018 8
3029 23244721 m2 1528661 -4.0132647e-05 0.5 p1 36026 8
161 23253284 m2 88666 -1.07348478e-05 0.5 p1 36043 8
405 23254020 m2 212060 -0.00136139127 0.5 p1 36045 8
7348 23256864 m2 3642011 -5.22602051e-08 0.5 p1 36051 8
7924 23257921 m2 3934536 -3.2490759e-09 0.5 p1 36053 8
6377 23259713 m2 3160978 -0.000156548849 0.5 p1 36057 8
9553 23263812 m2 4722538 -5.05050863e-08 0.5 p1 36065 8
4027 23264152 m2 2010521 -4.44647121e-05 0.5 p1 36065 8
3816 23264597 m2 1913238 -1.83384709e-05 0.5 p1 36066 8
5173 23276489 m2 2571161 -9.05787598e-13 0.5 p1 36091 8
1479 23278928 m2 756316 -0.00279173045 0.5 p1 36096 8
4502 23284043 m3 2237119 0.00215255655 0.5 p1 36106 8
3222 23287069 m2 1618056 -0.000793836953 0.5 p1 36112 8
7606 23288275 m3 3778962 0.00050122774 0.5 p1 36114 8
326 23289132 m2 168695 -2.29632249e-07 0.5 p1 36116 8
8378 23292898 m2 4157188 -5.16178318e-08 0.5 p1 36124 8
6056 23298386 m2 3012010 -0.000131296329 0.5 p1 36136 8
8936 23298919 m2 4426115 -0.000180539297 0.5 p1 36137 8
3333 23302284 m2 1667905 -1.7536936e-06 0.5 p1 36144 8
4532 23305005 m2 2252606 -1.37246452e-05 0.5 p1 36149 8
5136 23312170 m2 2545310 -4.51964821e-09 0.5 p1 36164 8
6676 23312948 m2 3312119 -7.96746313e-09 0.5 p1 36166 8
1974 23316027 m2 1008303 -0.000255844032 0.5 p1 36172 8
5417 23321934 m2 2694335 -0.0005859714 0.5 p1 36184 8
6409 23322994 m2 3175089 -2.30918957e-07 0.5 p1 36186 8
2479 23328366 m2 1256662 -4.09713248e-05 0.5 p1 36197 8
953 23329541 m2 494620 -1.2221437e-12 0.5 p1 36200 8
3927 23329810 m2 1957882 -7.95163213e-10 0.5 p1 36200 8
7283 23331738 m2 3609103 -0.00167383405 0.5 p1 36204 8
9865 23337321 m2 4892958 -0.000433574285 0.5 p1 36216 8
3678 23340436 m2 1839775 -0.000265502022 0.5 p1 36222 8
2616 23343531 m2 1324774 -1.15565672e-06 0.5 p1 36228 8
7605 23346058 m2 3778860 -5.74468186e-06 0.5 p1 36234 8
2306 23351435 m2 1173653 -8.51097011e-15 0.5 p1 36245 8
3278 23368053 m2 1642057 -6.28460657e-06 0.5 p1 36280 8
9830 23369404 m2 4869552 -1.75747402e-07 0.5 p1 36283 8
1920 23369426 m2 980449 -6.57738065e-06 0.5 p1 36283 8
489 23373391 m2 256691 -1.40354628e-09 0.5 p1 36291 8
8186 23378492 m2 4054697 -1.54138464e-12 0.5 p1 36302 8
9385 23381612 m2 4639076 -6.14833971e-06 0.5 p1 36308 8
4595 23383610 m2 2280129 -2.09293329e-08 0.5 p1 36312 8
6843 23389520 m2 3397772 -0.000423278252 0.5 p1 36324 8
6491 23390791 m2 3215606 -3.14777062e-05 0.5 p1 36327 8
533 23399043 m2 275363 -7.44687441e-08 0.5 p1 36344 8
7079 23420543 m2 3506022 -2.98160489e-06 0.5 p1 36389 8
5546 23431938 m2 2762992 -0.0015866179 0.5 p1 36413 8
1778 23432427 m2 900458 -3.00199687e-09 0.5 p1 36414 8
8329 23433838 m2 4132964 -3.00544998e-05 0.5 p1 36417 8
5841 23436262 m2 2909784 -5.33098719e-05 0.5 p1 36422 8
3312 23442179 m2 1661994 -3.29493378e-05 0.5 p1 36434 8
5302 23444072 m2 2636314 -5.53959509e-08 0.5 p1 36438 8
1425 23444342 m2 722567 -1.42438503e-05 0.5 p1 36439 8
6820 23453320 m2 3387974 -7.24682877e-07 0.5 p1 36457 8
4560 23454820 m2 2264690 -0.000671476533 0.5 p1 36460 8
9363 23455189 m2 4628377 -0.000193913933 0.5 p1 36461 8
8889 23456011 m2 4407589 -1.44056594e-05 0.5 p1 36463 8
2132 23458124 m2 1087869 -8.00812704e-05 0.5 p1 36467 8
1218 23463007 m2 623363 -7.17192108e-07 0.5 p1 36478 8
2728 23465724 m2 1375279 -1.8817079e-09 0.5 p1 36483 8
6155 23469943 m2 3056753 -1.60900345e-05 0.5 p1 36492 8
9880 23476304 m2 4897450 -3.102784e-11 0.5 p1 36505 8
7847 23476374 m2 3896224 -7.91086077e-28 0.5 p1 36505 8
459 23478593 m2 240491 -0.000194909779 0.5 p1 36509 8
10039 23483561 m2 4970068 -6.55607346e-06 0.5 p1 36520 8
8107 23483716 m2 4012191 -3.74419596e-06 0.5 p1 36520 8
867 23487402 m2 451532 -0.000324620807 0.5 p1 36528 8
7989 23489677 m2 3957325 -0.000809707271 0.5 p1 36532 8
6878 23490123 m2 3412944 -0.000616373436 0.5 p1 36533 8
562 23495255 m2 290665 -5.80853794e-06 0.5 p1 36544 8
5191 23500412 m2 2581764 -5.03930835e-07 0.5 p1 36554 8
2720 23502852 m2 1372787 -2.40796944e-05 0.5 p1 36559 8
5631 23503856 m2 2799826 -2.34240833e-05 0.5 p1 36561 8
450 23505815 m2 236423 -0.0003032698 0.5 p1 36565 8
7972 23509024 m2 3952030 -7.86966837e-07 0.5 p1 36572 8
588 23517211 m2 304146 -0.00015461928 0.5 p1 36588 8
6488 23526866 m2 3215206 -1.30165799e-05 0.5 p1 36608 8
3056 23529484 m2 1538184 -0.000130095868 0.5 p1 36613 8
1699 23532563 m2 864906 -5.81175868e-07 0.5 p1 36619 8
7119 23532852 m2 3523148 -3.64164662e-05 0.5 p1 36620 8
9283 23535558 m2 4585721 -0.000223933501 0.5 p1 36625 8
5201 23543912 m2 2587122 -0.000549694523 0.5 p1 36642 8
218 23547230 m2 114969 -0.000191591243 0.5 p1 36649 8
5256 23548757 m2 2615951 -0.000321293017 0.5 p1 36652 8
6296 23550905 m2 3120540 -3.46649831e-05 0.5 p1 36656 8
4310 23554029 m2 2153431 -0.000851885765 0.5 p1 36663 8
3376 23555914 m2 1692454 -0.00012797564 0.5 p1 36667 8
6898 23563905 m2 3421170 -2.28970185e-20 0.5 p1 36683 8
9299 23565923 m2 4595856 -7.80180471e-07 0.5 p1 36687 8
5526 23572948 m2 2752649 -2.48860106e-05 0.5 p1 36701 8
7755 23574047 m2 3857456 -0.000529735291 0.5 p1 36704 8
7991 23581846 m2 3958028 -1.7929267e-08 0.5 p1 36720 8
5689 23590446 m2 2832139 -0.000333737611 0.5 p1 36738 8
6595 23591397 m2 3275335 -8.30458157e-05 0.5 p1 36740 8
2296 23592011 m2 1169398 -0.000998759177 0.5 p1 36741 8
12 23593183 m2 5867 -1.31682911e-11 0.5 p1 36743 8
6162 23597500 m2 3061174 -8.99125663e-09 0.5 p1 36753 8
9407 23598617 m2 4648182 -2.10270555e-05 0.5 p1 36755 8
1841 23604108 m2 935915 -4.8718648e-05 0.5 p1 36766 8
6564 23604313 m2 3260222 -1.6254693e-05 0.5 p1 36767 8
5306 23604744 m2 2638313 -2.94654768e-07 0.5 p1 36768 8
6807 23607401 m2 3379130 -0.000224393953 0.5 p1 36773 8
6907 23612916 m2 3424997 -0.000181258845 0.5 p1 36785 8
5599 23613322 m2 2788376 -4.46098829e-06 0.5 p1 36786 8
8255 23613536 m2 4095004 -0.000111251618 0.5 p1 36786 8
10050 23615430 m2 4974550 -0.00057772029 0.5 p1 36790 8
4850 23619631 m2 2395183 -6.87342139e-09 0.5 p1 36799 8
9721 23625930 m2 4811796 -0.000594871293 0.5 p1 36812 8
8719 23626451 m2 4321643 -3.34011638e-05 0.5 p1 36813 8
645 23628996 m2 335226 -2.24129115e-09 0.5 p1 36818 8
7265 23635901 m2 3599914 -3.13500448e-09 0.5 p1 36832 8
9398 23636669 m2 4644683 -6.08940354e-07 0.5 p1 36834 8
2668 23638324 m2 1350414 -2.33577808e-07 0.5 p1 36837 8
2008 23644118 m2 1025989 -0.00044182819 0.5 p1 36849 8
5817 23645258 m2 2897103 -7.85021803e-06 0.5 p1 36852 8
7178 23646920 m2 3562253 -0.000146641556 0.5 p1 36855 8
3684 23655302 m2 1842418 -0.000805652468 0.5 p1 36873 8
727 23655478 m2 376209 -7.40455661e-08 0.5 p1 36873 8
7533 23659582 m2 3740893 -4.83013771e-08 0.5 p1 36882 8
3199 23660077 m2 1606359 -8.21210233e-06 0.5 p1 36883 8
4649 23672506 m2 2301208 -0.000276858598 0.5 p1 36909 8
2870 23673422 m2 1441559 -0.000181584648 0.5 p1 36911 8
6536 23676873 m2 3240193 -2.34639156e-05 0.5 p1 36919 8
8261 23687054 m2 4099457 -1.34181491e-05 0.5 p1 36940 8
6212 23687527 m2 3086994 -2.08728607e-11 0.5 p1 36941 8
5163 23687638 m2 2563758 -6.83234975e-06 0.5 p1 36941 8
4843 23690574 m2 2393552 -3.21044427e-05 0.5 p1 36947 8
9231 23692910 m2 4559514 -0.00106219505 0.5 p1 36952 8
167 23702399 m2 91235 -0.000139260941 0.5 p1 36972 8
8849 23704787 m2 4388904 -5.4652719e-05 0.5 p1 36977 8
5735 23707752 m2 2855531 -7.05195316e-06 0.5 p1 36983 8
1028 23708481 m2 528570 -0.00020818114 0.5 p1 36984 8
7021 23724773 m2 3477736 -1.23157351e-05 0.5 p1 37019 8
886 23727864 m2 459346 -5.71643614e-05 0.5 p1 37025 8
7692 23739645 m2 3824363 -5.25871747e-06 0.5 p1 37050 8
9271 23740653 m2 4577971 -0.00301962462 0.5 p1 37052 8
8678 23747391 m2 4306917 -2.15148521e-06 0.5 p1 37066 8
1863 23749193 m2 948167 -0.000213785577 0.5 p1 37069 8
5318 23752552 m2 2643640 -6.9956659e-05 0.5 p1 37077 8
3165 23754813 m2 1591620 -3.85103795e-06 0.5 p1 37082 8
8147 23756673 m2 4030060 -0.000726824685 0.5 p1 37086 8
6184 23758360 m3 3074353 0.000956810603 0.5 p1 37089 8
7809 23764367 m2 3881369 -9.89393302e-05 0.5 p1 37102 8
9660 23775345 m2 4778167 -0.000932193128 0.5 p1 37125 8
1089 23779760 m2 562974 -2.20108159e-05 0.5 p1 37134 8
7850 23782314 m2 3897819 -0.00114511664 0.5 p1 37139 8
2687 23793720 m2 1357779 -5.02336206e-07 0.5 p1 37164 8
3431 23796118 m2 1718556 -0.000349710288 0.5 p1 37169 8
35 23796428 m2 21208 -5.43754322e-05 0.5 p1 37169 8
7866 23808480 m2 3906206 -2.81314925e-07 0.5 p1 37194 8
7049 23811505 m3 3491665 0.00315842428 0.5 p1 37201 8
3347 23811692 m2 1677208 -1.73850894e-05 0.5 p1 37201 8
424 23816754 m2 222702 -2.86528052e-06 0.5 p1 37212 8
9605 23821187 m2 4744242 -0.00176710612 0.5 p1 37221 8
1794 23827383 m2 910027 -1.78814353e-05 0.5 p1 37234 8
7867 23834295 m2 3906366 -7.48384514e-12 0.5 p1 37248 8
1821 23837221 m2 922891 -8.42733425e-06 0.5 p1 37254 8
9563 23838233 m2 4725589 -2.28671779e-05 0.5 p1 37256 8
2523 23841082 m2 1285641 -0.000198306137 0.5 p1 37262 8
5436 23841382 m2 2707435 -1.5758534e-08 0.5 p1 37263 8
457 23845003 m3 240358 0.00854447018 0.5 p1 37271 8
3602 23846295 m2 1804135 -2.02323977e-10 0.5 p1 37273 8
6526 23850174 m2 3235645 -0.000358701684 0.5 p1 37281 8
241 23854861 m3 123939 0.00315370853 0.5 p1 37291 8
3766 23855583 m3 1886256 0.00246749655 0.5 p1 37293 8
4864 23862166 m2 2402809 -1.45417312e-06 0.5 p1 37306 8
6015 23862393 m3 2992345 0.00486756396 0.5 p1 37307 8
2871 23864370 m2 1442319 -0.0005257671 0.5 p1 37311 8
3647 23869930 m2 1821223 -0.000826414558 0.5 p1 37322 8
6032 23872872 m2 3001599 -0.0036548865 0.5 p1 37329 8
2054 23875099 m2 1051000 -3.95374227e-05 0.5 p1 37333 8
8145 23876457 m2 4029218 -4.24085556e-05 0.5 p1 37336 8
2964 23888929 m2 1493908 -0.000137324445 0.5 p1 37363 8
3360 23894344 m2 1684565 -4.00292538e-06 0.5 p1 37374 8
2611 23902242 m2 1322006 -2.61987207e-05 0.5 p1 37390 8
4793 23903201 m2 2370785 -0.00156464649 0.5 p1 37392 8
5765 23903473 m3 2869124 0.00426414981 0.5 p1 37393 8
2109 23903543 m2 1078359 -6.72949909e-08 0.5 p1 37393 8
164 23910622 m2 89572 -1.1787439e-06 0.5 p1 37408 8
925 23920291 m2 478338 -1.00975001e-06 0.5 p1 37428 8
9802 23929848 m2 4853221 -5.02118204e-13 0.5 p1 37448 8
2584 23930934 m2 1307607 -5.57052545e-06 0.5 p1 37451 8
536 23931562 m2 276393 -0.00056802429 0.5 p1 37452 8
806 23937514 m2 413072 -0.000443320489 0.5 p1 37465 8
1642 23940968 m2 828969 -8.51850945e-09 0.5 p1 37472 8
7307 23941064 m2 3620320 -0.000326167268 0.5 p1 37472 8
7869 23945970 m2 3907462 -4.66998927e-07 0.5 p1 37483 8
7592 23947454 m2 3772912 -0.000509461446 0.5 p1 37486 8
2607 23953378 m2 1320253 -0.000326893525 0.5 p1 37498 8
9365 23964569 m2 4628734 -0.00145436707 0.5 p1 37522 8
4174 23966627 m2 2090126 -5.4954935e-06 0.5 p1 37526 8
3680 23969558 m2 1840692 -6.81632883e-08 0.5 p1 37533 8
317 23969713 m2 164896 -0.00136282505 0.5 p1 37533 8
4479 23972298 m2 2227673 -0.00020511185 0.5 p1 37539 8
5987 23975387 m2 2983028 -3.31349192e-19 0.5 p1 37545 8
2218 23978227 m2 1131190 -0.000293357152 0.5 p1 37551 8
4890 23980941 m2 2417574 -0.000227507597 0.5 p1 37556 8
1874 23985779 m2 953323 -8.17651598e-05 0.5 p1 37567 8
7225 23988824 m3 3582687 0.00311909523 0.5 p1 37573 8
4726 23990063 m2 2339031 -0.00218664529 0.5 p1 37576 8
8683 23992982 m2 4307475 -6.68452799e-07 0.5 p1 37582 8
903 23997398 m2 471145 -0.00159555802 0.5 p1 37591 8
4766 23997771 m2 2359728 -2.48458946e-07 0.5 p1 37592 8
6560 23998401 m2 3259522 -0.000204432523 0.5 p1 37593 8
7388 24000987 m2 3671290 -7.99168376e-08 0.5 p1 37599 8
5248 24020080 m2 2611961 -5.09729261e-06 0.5 p1 37639 8
4884 24021967 m2 2414488 -8.82499819e-07 0.5 p1 37643 8
4672 24038626 m2 2313961 -7.81217095e-05 0.5 p1 37679 8
543 24039471 m2 281769 -7.19814925e-05 0.5 p1 37681 8
9799 24043091 m2 4850936 -0.000131502995 0.5 p1 37688 8
8928 24046711 m2 4422052 -1.24871315e-06 0.5 p1 37696 8
5977 24053570 m2 2975680 -1.3769758e-05 0.5 p1 37711 8
5243 24056739 m2 2607946 -0.000884820707 0.5 p1 37717 8
7814 24057533 m2 3883753 -0.000171721869 0.5 p1 37719 8
247 24070064 m2 126993 -1.97538848e-05 0.5 p1 37745 8
5476 24071983 m2 2726346 -7.3178504e-05 0.5 p1 37749 8
7323 24076363 m2 3631751 -1.21854946e-05 0.5 p1 37759 8
1274 24077808 m2 649401 -0.000546455383 0.5 p1 37762 8
2880 24091270 m2 1446931 -8.51182108e-07 0.5 p1 37791 8
2903 24097032 m2 1459019 -0.00275202398 0.5 p1 37803 8
4396 24104054 m2 2192757 -9.33460058e-07 0.5 p1 37817 8
5594 24107268 m2 2785080 -1.26721602e-08 0.5 p1 37824 8
1260 24111142 m2 641311 -9.82890158e-11 0.5 p1 37832 8
8442 24112284 m2 4188330 -6.91569767e-07 0.5 p1 37835 8
3571 24115613 m2 1787095 -2.17969246e-05 0.5 p1 37842 8
7611 24117609 m2 3782230 -2.90633511e-06 0.5 p1 37846 8
100 24118377 m2 58509 -2.34208455e-05 0.5 p1 37848 8
9583 24121008 m2 4735766 -6.89166882e-07 0.5 p1 37853 8
1205 24124744 m2 617636 -0.00177004933 0.5 p1 37861 8
2432 24129247 m2 1234284 -0.00124050793 0.5 p1 37871 8
5388 24131919 m2 2676960 -0.000398753094 0.5 p1 37876 8
6602 24141235 m2 3278617 -5.35664685e-06 0.5 p1 37896 8
2354 24142746 m2 1199026 -1.46471439e-05 0.5 p1 37900 8
6659 24143558 m2 3305469 -1.755431e-05 0.5 p1 37901 8
2122 24144108 m2 1083414 -1.00997108e-14 0.5 p1 37903 8
7143 24145615 m2 3540484 -5.80393862e-05 0.5 p1 37906 8
7068 24146696 m2 3498874 -4.09894227e-07 0.5 p1 37908 8
7769 24148283 m2 3862566 -6.08068651e-10 0.5 p1 37911 8
6840 24150411 m2 3397092 -6.0029639e-09 0.5 p1 37916 8
1228 24154482 m2 626678 -0.000603265769 0.5 p1 37925 8
4710 24156682 m2 2332146 -1.35889546e-11 0.5 p1 37929 8
249 24156992 m2 127051 -2.92832101e-05 0.5 p1 37930 8
9806 24161290 m2 4859976 -0.00026548258 0.5 p1 37939 8
234 24164226 m2 120775 -1.28294994e-06 0.5 p1 37945 8
5793 24168134 m2 2883056 -5.32208833e-06 0.5 p1 37954 8
6456 24177742 m2 3201657 -3.82836661e-05 0.5 p1 37974 8
4558 24180464 m2 2263556 -0.000434106303 0.5 p1 37980 8
2486 24180649 m2 1261338 -3.00380361e-05 0.5 p1 37980 8
3259 24186323 m2 1635650 -8.04214721e-07 0.5 p1 37992 8
8510 24187069 m2 4222816 -1.39316999e-05 0.5 p1 37994 8
6741 24187395 m2 3351650 -1.62110846e-05 0.5 p1 37995 8
7899 24187580 m2 3920537 -0.000813027378 0.5 p1 37995 8
4817 24190804 m2 2380658 -5.84200563e-07 0.5 p1 38002 8
6447 24192752 m2 3194638 -4.19327677e-07 0.5 p1 38006 8
7074 24193415 m2 3502557 -0.000152159555 0.5 p1 38008 8
9808 24198444 m2 4861124 -4.88118523e-09 0.5 p1 38018 8
96 24200681 m2 56618 -1.55804548e-06 0.5 p1 38023 8
7038 24201984 m2 3487606 -1.23665885e-07 0.5 p1 38026 8
6891 24206145 m2 3418075 -0.000365227286 0.5 p1 38034 8
1505 24209353 m2 767686 -2.036458e-06 0.5 p1 38041 8
6818 24210185 m2 3386658 -1.17161515e-11 0.5 p1 38043 8
6384 24223845 m2 3166138 -0.000228340912 0.5 p1 38072 8
8058 24227868 m2 3988879 -0.000787801808 0.5 p1 38081 8
569 24231991 m2 293397 -2.08230667e-05 0.5 p1 38089 8
9710 24232198 m2 4806319 -1.5211358e-06 0.5 p1 38090 8
8384 24232320 m2 4159371 -3.28429314e-06 0.5 p1 38090 8
3423 24236678 m2 1715275 -6.54011983e-11 0.5 p1 38099 8
628 24237141 m2 324108 -0.000797881919 0.5 p1 38100 8
8055 24242103 m2 3987294 -1.48259149e-09 0.5 p1 38111 8
8860 24243962 m2 4395518 -0.000152420675 0.5 p1 38115 8
7187 24257071 m2 3565980 -1.11386805e-06 0.5 p1 38144 8
1090 24257329 m2 563517 -0.000113061593 0.5 p1 38144 8
7255 24260316 m2 3595989 -1.42872544e-13 0.5 p1 38151 8
2431 24260478 m2 1233948 -3.18854495e-06 0.5 p1 38151 8
650 24260963 m2 336827 -0.000186171077 0.5 p1 38152 8
5338 24261732 m2 2657517 -9.75988951e-05 0.5 p1 38154 8
4678 24262009 m2 2317261 -2.9894025e-09 0.5 p1 38154 8
5618 24262135 m2 2794964 -5.9280359e-05 0.5 p1 38155 8
8031 24267587 m2 3975251 -2.78833818e-06 0.5 p1 38167 8
741 24284774 m2 381414 -0.000221092661 0.5 p1 38203 8
1687 24288158 m2 857413 -1.85450972e-05 0.5 p1 38211 8
7834 24295346 m2 3892174 -1.34870195e-08 0.5 p1 38226 8
9316 24296663 m2 4606260 -6.2260915e-05 0.5 p1 38229 8
5442 24304972 m2 2709563 -2.15571854e-05 0.5 p1 38247 8
3745 24311513 m2 1874861 -2.45867045e-06 0.5 p1 38261 8
1315 24312263 m2 670556 -1.42773127e-10 0.5 p1 38263 8
9794 24314676 m2 4847804 -0.000147479514 0.5 p1 38268 8
5762 24315646 m2 2867966 -0.00181599671 0.5 p1 38270 8
4900 24321156 m2 2422130 -0.00012306642 0.5 p1 38282 8
8045 24326817 m2 3983100 -0.00126380729 0.5 p1 38293 8
9751 24330606 m2 4824930 -1.04662418e-10 0.5 p1 38301 8
6177 24339482 m2 3070496 -0.000179660114 0.5 p1 38321 8
8659 24341820 m2 4292379 -2.71551254e-11 0.5 p1 38325 8
8597 24341948 m2 4263373 -6.90477918e-07 0.5 p1 38326 8
6927 24344134 m2 3434100 -2.69161296e-06 0.5 p1 38330 8
9694 24348315 m2 4794740 -7.16623333e-07 0.5 p1 38339 8
1583 24350248 m2 801964 -0.000152305307 0.5 p1 38343 8
9873 24350879 m2 4895769 -4.89968865e-09 0.5 p1 38344 8
8576 24354251 m2 4251194 -4.74988046e-05 0.5 p1 38351 8
9202 24357514 m3 4545915 0.000372284063 0.5 p1 38358 8
6322 24362675 m2 3137317 -2.60157935e-06 0.5 p1 38369 8
7459 24364279 m2 3704899 -8.73630711e-07 0.5 p1 38373 8
6782 24365255 m2 3371524 -2.48645883e-05 0.5 p1 38375 8
2848 24367775 m2 1430585 -0.00075391517 0.5 p1 38380 8
2757 24368935 m2 1385780 -0.000496526132 0.5 p1 38383 8
7683 24372970 m2 3821494 -3.32829563e-06 0.5 p1 38391 8
7999 24377078 m2 3961493 -8.94742334e-06 0.5 p1 38400 8
8199 24385500 m2 4063219 -8.53039361e-10 0.5 p1 38418 8
2654 24394019 m2 1343924 -1.35701362e-06 0.5 p1 38437 8
6711 24396246 m2 3331961 -0.00113779341 0.5 p1 38441 8
7401 24399537 m2 3675084 -2.31087594e-10 0.5 p1 38448 8
6075 24404594 m2 3022116 -4.46588056e-05 0.5 p1 38459 8
4061 24405500 m2 2029611 -2.73059603e-10 0.5 p1 38461 8
492 24406552 m2 258982 -6.96613824e-08 0.5 p1 38463 8
766 24406873 m2 396420 -0.000945863547 0.5 p1 38464 8
4985 24412229 m2 2462738 -1.05808713e-08 0.5 p1 38475 8
2959 24413837 m2 1491763 -0.000727718463 0.5 p1 38479 8
5451 24418684 m2 2713074 -3.43364377e-06 0.5 p1 38489 8
9892 24419052 m2 4900257 -0.000123750273 0.5 p1 38490 8
8846 24422153 m2 4386856 -9.3350267e-05 0.5 p1 38497 8
4818 24422694 m2 2381237 -0.000130916975 0.5 p1 38498 8
8090 24424526 m2 4002505 -0.00166802586 0.5 p1 38502 8
7047 24427476 m2 3491145 -1.09849418e-09 0.5 p1 38508 8
7798 24431742 m2 3876438 -1.57052946e-05 0.5 p1 38517 8
4409 24439949 m2 2198084 -0.000188566919 0.5 p1 38535 8
558 24449706 m2 288117 -0.000284805079 0.5 p1 38556 8
5238 24453083 m2 2606404 -2.91463457e-05 0.5 p1 38563 8
7952 24460652 m2 3943399 -2.44731291e-05 0.5 p1 38580 8
5222 24474395 m2 2597344 -0.00025117342 0.5 p1 38610 8
4974 24484051 m2 2457639 -1.4104705e-08 0.5 p1 38631 8
7011 24485382 m2 3472484 -8.1808804e-07 0.5 p1 38634 8
4999 24487642 m2 2468619 -0.00148850249 0.5 p1 38639 8
5622 24498317 m2 2796403 -8.16804823e-06 0.5 p1 38662 8
8274 24499082 m2 4109036 -1.34284819e-05 0.5 p1 38664 8
9224 24500047 m2 4555046 -8.04166348e-07 0.5 p1 38666 8
3814 24504454 m2 1912332 -0.000406251522 0.5 p1 38675 8
9356 24518643 m2 4625299 -5.21211554e-08 0.5 p1 38706 8
6107 24521431 m2 3034786 -1.13545229e-06 0.5 p1 38712 8
9614 24524658 m2 4751171 -1.22085062e-08 0.5 p1 38719 8
9625 24525279 m2 4759223 -1.56299592e-07 0.5 p1 38721 8
1128 24526849 m2 580720 -9.83606296e-05 0.5 p1 38724 8
5149 24527177 m2 2554403 -0.000722501951 0.5 p1 38725 8
9296 24531933 m2 4594290 -3.51320324e-07 0.5 p1 38735 8
7600 24535060 m2 3775881 -1.19212897e-08 0.5 p1 38742 8
8087 24535824 m2 4001351 -0.00138776249 0.5 p1 38744 8
1449 24535997 m2 735518 -0.000276354578 0.5 p1 38745 8
8392 24538441 m3 4163265 0.000517474837 0.5 p1 38750 8
6500 24541964 m2 3223535 -1.31136603e-05 0.5 p1 38757 8
4357 24544512 m2 2177086 -0.00124410784 0.5 p1 38763 8
5441 24545352 m2 2709439 -3.68251676e-05 0.5 p1 38765 8
2031 24554152 m2 1038947 -4.73928958e-06 0.5 p1 38785 8
10009 24554598 m2 4957971 -6.10712741e-05 0.5 p1 38786 8
9095 24555487 m2 4499028 -0.00103762827 0.5 p1 38788 8
6793 24556371 m2 3373431 -5.30971192e-07 0.5 p1 38790 8
513 24559271 m2 266598 -6.62990018e-08 0.5 p1 38796 8
7358 24562859 m2 3647341 -0.0040603918 0.5 p1 38804 8
1810 24567826 m2 916898 -0.000146927094 0.5 p1 38814 8
3161 24576544 m2 1587965 -0.000168116821 0.5 p1 38834 8
2315 24578325 m2 1176582 -5.65187584e-05 0.5 p1 38837 8
7134 24579132 m2 3532272 -2.97248539e-06 0.5 p1 38839 8
6215 24583786 m2 3088475 -4.65700545e-08 0.5 p1 38849 8
3289 24584336 m2 1648549 -5.46116371e-06 0.5 p1 38851 8
704 24587787 m2 363227 -4.04528009e-07 0.5 p1 38858 8
4273 24597984 m2 2138022 -2.97377167e-09 0.5 p1 38881 8
6735 24608535 m2 3348425 -0.000252671045 0.5 p1 38904 8
2622 24612023 m2 1327321 -0.000341338979 0.5 p1 38911 8
9825 24615254 m2 4868207 -0.000172059066 0.5 p1 38918 8
3744 24615386 m2 1874336 -0.00256014522 0.5 p1 38919 8
2457 24616823 m2 1242553 -4.75498307e-09 0.5 p1 38922 8
788 24618005 m2 405589 -0.000375460804 0.5 p1 38924 8
5229 24645295 m2 2602130 -0.00121104147 0.5 p1 38983 8
6140 24646097 m2 3049917 -5.43483657e-05 0.5 p1 38984 8
2749 24647291 m2 1381831 -1.93237411e-05 0.5 p1 38987 8
5327 24657537 m2 2649578 -1.9302453e-08 0.5 p1 39009 8
5296 24660115 m2 2633129 -2.24433961e-07 0.5 p1 39015 8
9570 24668349 m2 4728936 -9.01159581e-07 0.5 p1 39033 8
805 24671890 m2 412670 -0.00100945472 0.5 p1 39041 8
6867 24675327 m2 3407622 -0.000446106831 0.5 p1 39049 8
3774 24675985 m2 1892861 -0.000189704209 0.5 p1 39050 8
8243 24676305 m2 4086550 -1.30391263e-05 0.5 p1 39051 8
6289 24678232 m2 3118221 -8.9254354e-07 0.5 p1 39055 8
5134 24682182 m2 2543786 -1.26259374e-05 0.5 p1 39064 8
6736 24693675 m2 3348681 -1.16780088e-08 0.5 p1 39089 8
4748 24696682 m2 2348206 -0.000380996527 0.5 p1 39096 8
9719 24697637 m2 4810025 -2.90807693e-05 0.5 p1 39098 8
3125 24699411 m2 1569493 -0.00115153647 0.5 p1 39101 8
8826 24712645 m2 4376286 -7.84631666e-08 0.5 p1 39131 8
7042 24723877 m3 3489552 0.00229752343 0.5 p1 39156 8
4529 24726457 m2 2251392 -1.45317869e-09 0.5 p1 39162 8
6058 24730887 m2 3013216 -6.82949461e-11 0.5 p1 39172 8
3637 24735702 m2 1818483 -2.85441383e-05 0.5 p1 39183 8
5410 24739020 m2 2689824 -0.000830977166 0.5 p1 39190 8
1730 24753028 m2 878321 -3.65383113e-10 0.5 p1 39222 8
2709 24755006 m2 1367667 -1.63420973e-05 0.5 p1 39227 8
3668 24761761 m2 1834382 -3.3762255e-05 0.5 p1 39242 8
277 24767705 m2 142850 -4.59468265e-06 0.5 p1 39255 8
2670 24769965 m2 1350910 -4.5645403e-09 0.5 p1 39260 8
2265 24774206 m2 1153223 -1.09615376e-05 0.5 p1 39270 8
5443 24778368 m2 2709599 -3.52328948e-06 0.5 p1 39279 8
7200 24791083 m2 3571060 -3.79177036e-05 0.5 p1 39308 8
9550 24791296 m2 4721507 -0.000634511467 0.5 p1 39308 8
9481 24791521 m2 4684282 -3.28744409e-06 0.5 p1 39309 8
4829 24792202 m2 2386505 -8.25689349e-05 0.5 p1 39310 8
4436 24792526 m2 2207732 -6.75070187e-05 0.5 p1 39311 8
438 24793853 m2 231332 -0.000283286907 0.5 p1 39314 8
299 24797004 m2 153011 -0.000197219299 0.5 p1 39321 8
5955 24797502 m2 2966089 -0.00017179006 0.5 p1 39322 8
9796 24802243 m2 4848753 -0.000153986344 0.5 p1 39333 8
2439 24802719 m2 1236111 -4.62685801e-09 0.5 p1 39334 8
5940 24806866 m2 2959787 -3.45785736e-07 0.5 p1 39343 8
4929 24807727 m2 2436830 -0.000508991536 0.5 p1 39345 8
9522 24808769 m2 4703829 -9.23891548e-07 0.5 p1 39347 8
4165 24810259 m2 2084094 -1.58659714e-05 0.5 p1 39351 8
9890 24812462 m2 4899478 -5.53171412e-05 0.5 p1 39356 8
9462 24818114 m2 4677396 -1.13788838e-06 0.5 p1 39368 8
9575 24818985 m2 4732223 -1.27698677e-05 0.5 p1 39370 8
8875 24827123 m2 4401933 -0.000569243217 0.5 p1 39388 8
5448 24831024 m2 2712219 -8.08122138e-07 0.5 p1 39397 8
3943 24832962 m2 1965775 -1.53696575e-07 0.5 p1 39401 8
4489 24833701 m2 2231456 -1.40028376e-07 0.5 p1 39403 8
2076 24840957 m2 1060483 -0.000565952214 0.5 p1 39419 8
186 24841730 m2 101990 -2.22122121e-09 0.5 p1 39421 8
2017 24848656 m2 1032278 -4.69467309e-09 0.5 p1 39437 8
9707 24851569 m2 4802551 -1.48514251e-14 0.5 p1 39443 8
2043 24851946 m2 1046399 -4.59180313e-07 0.5 p1 39444 8
10047 24854350 m2 4973559 -5.51543429e-11 0.5 p1 39450 8
3671 24860904 m2 1836207 -3.06756301e-05 0.5 p1 39464 8
2640 24861135 m2 1337636 -0.000493900152 0.5 p1 39465 8
3287 24861691 m2 1647147 -1.82618777e-07 0.5 p1 39466 8
3004 24862668 m2 1512838 -4.80099661e-05 0.5 p1 39468 8
6920 24875143 m2 3429238 -1.0267242e-05 0.5 p1 39497 8
1121 24881785 m2 579239 -0.000600282801 0.5 p1 39511 8
114 24884661 m2 64408 -5.56056111e-05 0.5 p1 39518 8
3505 24888913 m2 1750364 -0.000447090832 0.5 p1 39528 8
3538 24892988 m2 1768293 -0.000101031867 0.5 p1 39536 8
3812 24901151 m2 1911981 -8.1949878e-07 0.5 p1 39555 8
8452 24904706 m2 4193491 -4.80711569e-05 0.5 p1 39562 8
8595 24909461 m2 4262749 -1.42070905e-06 0.5 p1 39573 8
4786 24910613 m2 2367385 -2.99628828e-05 0.5 p1 39576 8
2321 24912833 m2 1181378 -3.56000868e-10 0.5 p1 39581 8
302 24914402 m2 155936 -7.46431681e-07 0.5 p1 39584 8
1869 24917538 m2 951294 -5.90532109e-05 0.5 p1 39591 8
762 24919216 m2 393693 -1.12517e-08 0.5 p1 39595 8
8089 24919861 m2 4001929 -0.00235126261 0.5 p1 39596 8
592 24919923 m2 305995 -3.76367984e-06 0.5 p1 39596 8
7832 24922289 m2 3891753 -0.00101586105 0.5 p1 39602 8
1994 24926657 m2 1015939 -0.000662608771 0.5 p1 39612 8
8419 24934564 m2 4175013 -0.000557667692 0.5 p1 39630 8
9486 24934730 m2 4687893 -1.24184652e-07 0.5 p1 39630 8
3771 24942322 m2 1890528 -0.00116747688 0.5 p1 39647 8
8854 24943096 m2 4391312 -0.000514302868 0.5 p1 39649 8
4413 24949108 m2 2201350 -7.76820244e-08 0.5 p1 39663 8
1378 24954470 m2 702976 -0.000106848063 0.5 p1 39675 8
7013 24961819 m2 3473847 -1.53482404e-06 0.5 p1 39691 8
490 24963024 m2 257432 -4.28217135e-07 0.5 p1 39694 8
4700 24977203 m2 2325928 -6.44588516e-09 0.5 p1 39726 8
3149 24979574 m2 1582308 -0.000198916241 0.5 p1 39731 8
10097 24982567 m2 4994614 -4.21217228e-05 0.5 p1 39738 8
2155 24990257 m2 1103773 -2.79168944e-05 0.5 p1 39756 8
2643 24991174 m2 1339876 -0.00021293202 0.5 p1 39758 8
2514 24993252 m2 1279780 -0.000155416681 0.5 p1 39763 8
73 25003016 m2 44310 -5.05053467e-05 0.5 p1 39785 8
8043 25005365 m2 3981129 -9.11396201e-05 0.5 p1 39791 8
10099 25008252 m2 4996669 -6.17172009e-06 0.5 p1 39798 8
5459 25011312 m2 2716470 -2.44439793e-08 0.5 p1 39805 8
2101 25011671 m2 1074561 -0.000161334508 0.5 p1 39805 8
9201 25014345 m2 4545894 -5.00355455e-08 0.5 p1 39812 8
30 25014447 m2 18807 -1.09282837e-06 0.5 p1 39812 8
2142 25015895 m2 1097619 -3.80904839e-06 0.5 p1 39815 8
3869 25017053 m2 1936206 -1.7397806e-05 0.5 p1 39818 8
5591 25017708 m2 2782318 -5.32300542e-14 0.5 p1 39819 8
9401 25019606 m2 4646842 -0.000155642498 0.5 p1 39824 8
8902 25026244 m2 4414480 -1.58573002e-05 0.5 p1 39838 8
3300 25037176 m2 1654741 -0.000198617141 0.5 p1 39862 8
5781 25038914 m2 2877457 -1.9965174e-09 0.5 p1 39866 8
2700 25042737 m2 1363031 -0.00074829557 0.5 p1 39875 8
9965 25043759 m2 4936197 -0.000354076445 0.5 p1 39877 8
4485 25044518 m2 2230010 -0.000138257092 0.5 p1 39879 8
7198 25054885 m2 3569591 -9.74358136e-06 0.5 p1 39903 8
2825 25055668 m2 1421490 -0.00144483021 0.5 p1 39904 8
1912 25056502 m2 975532 -5.92829258e-11 0.5 p1 39906 8
8548 25060271 m2 4239937 -2.41355934e-07 0.5 p1 39914 8
8206 25060676 m2 4065890 -0.00103452778 0.5 p1 39915 8
1908 25061712 m2 972015 -5.05201143e-08 0.5 p1 39918 8
5639 25067137 m3 2805181 0.000773187377 0.5 p1 39930 8
4350 25072384 m2 2174352 -7.95202232e-06 0.5 p1 39942 8
3641 25077934 m2 1819165 -9.48330944e-06 0.5 p1 39954 8
5138 25078634 m2 2546859 -0.000589753326 0.5 p1 39955 8
4379 25079027 m2 2186663 -0.000446236751 0.5 p1 39956 8
9234 25085990 m2 4561633 -2.32327761e-06 0.5 p1 39972 8
6960 25086783 m2 3448744 -0.000172979111 0.5 p1 39974 8
3724 25089083 m2 1864995 -8.05518168e-16 0.5 p1 39979 8
6926 25090520 m2 3433448 -8.89640141e-05 0.5 p1 39982 8
610 25090542 m2 314473 -1.66282541e-06 0.5 p1 39982 8
7928 25094521 m2 3935069 -3.59849473e-05 0.5 p1 39991 8
1701 25096294 m2 865645 -7.05696493e-06 0.5 p1 39995 8
6943 25101916 m2 3443196 -1.97008404e-07 0.5 p1 40007 8
4078 25102532 m2 2040407 -0.000342666288 0.5 p1 40009 8
3596 25107296 m2 1802432 -0.000689149951 0.5 p1 40020 8
8148 25118887 m2 4030091 -0.00379082281 0.5 p1 40046 8
8603 25123801 m2 4266940 -5.96743064e-08 0.5 p1 40058 8
2731 25127375 m2 1376086 -0.000885959656 0.5 p1 40066 8
7564 25133570 m2 3758765 -1.5410045e-15 0.5 p1 40080 8
3528 25136764 m2 1760716 -0.00140902575 0.5 p1 40087 8
2380 25143069 m2 1208586 -1.6756152e-08 0.5 p1 40101 8
5530 25144992 m2 2753714 -3.53961423e-06 0.5 p1 40105 8
7910 25145203 m2 3925694 -0.000243417744 0.5 p1 40106 8
2866 25146748 m2 1440578 -2.24487042e-08 0.5 p1 40109 8
4881 25149127 m2 2414171 -3.26151021e-05 0.5 p1 40114 8
6718 25152141 m2 3337197 -6.8846668e-05 0.5 p1 40121 8
3820 25152214 m2 1915677 -0.000157509421 0.5 p1 40121 8
6679 25152951 m2 3313080 -8.73612237e-07 0.5 p1 40123 8
3815 25157091 m2 1913116 -3.22529991e-06 0.5 p1 40133 8
1914 25159479 m2 976993 -0.00192910177 0.5 p1 40138 8
1851 25160331 m2 940005 -1.46500689e-09 0.5 p1 40140 8
9204 25162046 m3 4546334 0.000596608152 0.5 p1 40144 8
1658 25162276 m2 839404 -2.79605992e-08 0.5 p1 40144 8
561 25167144 m2 289431 -2.95430482e-06 0.5 p1 40155 8
9829 25167194 m2 4869251 -0.000674530631 0.5 p1 40155 8
4141 25168113 m2 2072719 -0.00195715553 0.5 p1 40158 8
9613 25169829 m2 4751007 -0.000111793335 0.5 p1 40162 8
5260 25171489 m2 2617596 -8.20695401e-10 0.5 p1 40165 8
2758 25173594 m2 1385897 -1.18963353e-05 0.5 p1 40170 8
6629 25175173 m2 3289345 -2.28958493e-06 0.5 p1 40174 8
2490 25175322 m2 1263958 -0.000397511641 0.5 p1 40174 8
3511 25182047 m2 1755441 -0.000163228848 0.5 p1 40189 8
6115 25189303 m2 3038562 -0.000131418652 0.5 p1 40206 8
2207 25190113 m2 1126429 -3.50163482e-10 0.5 p1 40208 8
6729 25192526 m2 3344407 -0.00011093045 0.5 p1 40213 8
9816 25192872 m2 4864515 -1.06465259e-05 0.5 p1 40214 8
1282 25193563 m2 655177 -6.68957364e-05 0.5 p1 40216 8
8747 25200649 m2 4338698 -0.000719179865 0.5 p1 40232 8
9542 25201163 m2 4715392 -0.0012429629 0.5 p1 40234 8
5678 25201532 m2 2825837 -0.00281293946 0.5 p1 40235 8
7407 25210829 m2 3677688 -2.4990366e-05 0.5 p1 40256 8
8871 25211378 m2 4399486 -5.91702519e-05 0.5 p1 40257 8
23 25213711 m2 11179 -9.57613156e-06 0.5 p1 40263 8
2770 25214794 m2 1390850 -9.310412e-07 0.5 p1 40265 8
8314 25217000 m2 4126067 -4.32025845e-05 0.5 p1 40270 8
3196 25222042 m2 1605757 -1.44928708e-06 0.5 p1 40281 8
1905 25225639 m2 969382 -2.36703997e-07 0.5 p1 40290 8
4980 25227049 m2 2459888 -3.84633177e-06 0.5 p1 40293 8
3964 25229331 m2 1976988 -2.96123708e-05 0.5 p1 40298 8
5487 25232936 m2 2728824 -9.22220061e-05 0.5 p1 40307 8
6216 25237839 m2 3088560 -6.19918064e-05 0.5 p1 40318 8
8487 25239274 m2 4211755 -0.000278537074 0.5 p1 40321 8
3121 25239843 m2 1568767 -3.86728914e-07 0.5 p1 40322 8
2483 25241569 m2 1259071 -1.7526685e-05 0.5 p1 40326 8
7818 25243198 m2 3884549 -4.10326395e-09 0.5 p1 40330 8
9475 25245461 m2 4682180 -7.36793072e-06 0.5 p1 40335 8
8728 25245724 m2 4327681 -2.28082317e-05 0.5 p1 40336 8
3167 25251049 m2 1592198 -1.3850532e-14 0.5 p1 40348 8
1118 25254485 m2 578176 -9.58441888e-05 0.5 p1 40356 8
602 25273821 m2 311093 -1.42961758e-08 0.5 p1 40401 8
9272 25277503 m2 4578923 -0.00058634585 0.5 p1 40409 8
4948 25288091 m2 2447181 -7.01526077e-13 0.5 p1 40434 8
7977 25291715 m2 3953473 -1.11133089e-10 0.5 p1 40442 8
3290 25293417 m2 1648606 -0.000396395975 0.5 p1 40446 8
8606 25294100 m2 4267902 -0.000730423606 0.5 p1 40448 8
2341 25300398 m2 1194341 -0.000892076176 0.5 p1 40462 8
6955 25311730 m2 3447846 -0.000634578464 0.5 p1 40488 8
8311 25313029 m2 4125547 -1.87555306e-05 0.5 p1 40491 8
7711 25315908 m2 3834192 -1.41863948e-05 0.5 p1 40498 8
6111 25323556 m2 3036764 -0.0019588212 0.5 p1 40515 8
4233 25325828 m2 2120549 -5.2796011e-05 0.5 p1 40520 8
260 25330762 m2 131605 -0.00118495873 0.5 p1 40531 8
4177 25331421 m2 2091204 -1.85922474e-07 0.5 p1 40532 8
6810 25336947 m2 3380889 -3.01953833e-06 0.5 p1 40545 8
9489 25342218 m2 4689916 -0.000163688135 0.5 p1 40557 8
8032 25345288 m2 3975791 -1.12931193e-05 0.5 p1 40564 8
425 25346378 m2 222877 -1.05660465e-05 0.5 p1 40566 8
2372 25346843 m2 1205096 -0.000968313019 0.5 p1 40567 8
7279 25357445 m2 3607888 -0.000243790302 0.5 p1 40591 8
4134 25358794 m2 2070145 -8.47025512e-06 0.5 p1 40594 8
6901 25360689 m2 3423088 -0.000596398488 0.5 p1 40598 8
1413 25365211 m2 718218 -1.0893699e-06 0.5 p1 40609 8
1575 25367339 m2 799515 -1.76271885e-06 0.5 p1 40613 8
8223 25367769 m2 4074897 -2.67509622e-05 0.5 p1 40614 8
7064 25372128 m2 3497870 -2.87070143e-05 0.5 p1 40624 8
18 25374767 m2 9289 -0.000238596622 0.5 p1 40630 8
1186 25375812 m2 608422 -5.58795454e-10 0.5 p1 40633 8
3768 25378035 m2 1888756 -2.27382956e-11 0.5 p1 40638 8
1613 25379792 m2 815011 -9.58709188e-06 0.5 p1 40642 8
5211 25380675 m2 2592955 -0.000371406 0.5 p1 40644 8
3529 25382667 m2 1761230 -9.44698364e-09 0.5 p1 40648 8
5803 25386568 m2 2888161 -1.33692928e-15 0.5 p1 40657 8
2794 25386806 m2 1400404 -0.00018675311 0.5 p1 40658 8
1587 25388995 m2 804098 -0.00101738633 0.5 p1 40663 8
613 25394886 m2 316621 -2.56936761e-09 0.5 p1 40677 8
5739 25402694 m2 2856885 -8.47421688e-06 0.5 p1 40695 8
4353 25403130 m2 2175261 -5.29031604e-05 0.5 p1 40696 8
3697 25403964 m3 1850663 0.00342661375 0.5 p1 40698 8
2373 25409542 m2 1205980 -0.000874364399 0.5 p1 40710 8
8966 25413281 m2 4440416 -3.17545419e-05 0.5 p1 40719 8
5612 25415171 m2 2792758 -1.35885747e-09 0.5 p1 40723 8
2644 25419494 m2 1340332 -0.000123740698 0.5 p1 40733 8
6753 25420538 m2 3359588 -0.000245172298 0.5 p1 40735 8
9291 25425348 m2 4591796 -3.74569354e-05 0.5 p1 40746 8
5418 25432100 m2 2696876 -2.32127846e-08 0.5 p1 40761 8
8210 25433915 m2 4069386 -2.56748672e-06 0.5 p1 40766 8
3014 25434829 m2 1519250 -7.16897011e-06 0.5 p1 40768 8
4825 25435640 m2 2385379 -1.57128124e-08 0.5 p1 40770 8
7970 25441889 m2 3951245 -7.05660391e-11 0.5 p1 40784 8
4232 25446600 m2 2119204 -3.3516509e-11 0.5 p1 40794 8
1984 25447449 m2 1011581 -4.66877646e-05 0.5 p1 40796 8
7248 25447981 m2 3592217 -5.92251536e-06 0.5 p1 40797 8
5035 25455925 m3 2489176 0.00373223354 0.5 p1 40816 8
3164 25456219 m2 1590662 -6.38240749e-07 0.5 p1 40816 8
9940 25457106 m2 4924610 -0.000107233049 0.5 p1 40818 8
2543 25466411 m2 1292120 -0.000309471536 0.5 p1 40839 8
7475 25467648 m2 3711345 -1.81553787e-05 0.5 p1 40842 8
1674 25473866 m2 848500 -9.11620009e-05 0.5 p1 40855 8
2433 25475531 m2 1234579 -7.31011687e-06 0.5 p1 40859 8
9306 25476646 m2 4602195 -1.38835694e-05 0.5 p1 40862 8
316 25487622 m2 163515 -0.000359510217 0.5 p1 40886 8
8165 25492426 m2 4039252 -3.20746921e-07 0.5 p1 40897 8
4472 25493584 m2 2225507 -0.000793111685 0.5 p1 40899 8
3659 25496533 m2 1825866 -1.88878425e-06 0.5 p1 40906 8
3095 25499579 m2 1557905 -0.000188194041 0.5 p1 40913 8
9361 25503948 m2 4627298 -2.18459739e-09 0.5 p1 40922 8
2211 25504716 m2 1127460 -2.0781672e-05 0.5 p1 40924 8
6715 25504995 m2 3334347 -9.13927527e-12 0.5 p1 40925 8
8067 25507073 m2 3993530 -0.0020172426 0.5 p1 40929 8
2803 25512595 m2 1408309 -9.61065052e-06 0.5 p1 40942 8
4053 25512689 m2 2025979 -2.48228361e-07 0.5 p1 40942 8
8690 25515249 m3 4308839 0.0110122766 0.5 p1 40948 8
6494 25515314 m2 3217703 -3.44997432e-07 0.5 p1 40948 8
709 25517367 m2 366816 -5.00206099e-08 0.5 p1 40952 8
3182 25520265 m2 1598743 -0.000767891528 0.5 p1 40959 8
9414 25522632 m2 4650017 -3.79479534e-05 0.5 p1 40964 8
4915 25524284 m2 2430762 -8.62351008e-05 0.5 p1 40968 8
6683 25530601 m2 3315004 -0.000436746399 0.5 p1 40982 8
1162 25530702 m2 598765 -1.00324306e-12 0.5 p1 40982 8
3101 25534657 m2 1559010 -0.00200883555 0.5 p1 40991 8
8499 25534982 m2 4215213 -3.4919758e-05 0.5 p1 40992 8
5395 25542158 m2 2681694 -0.000206855955 0.5 p1 41008 8
4916 25546105 m2 2431182 -2.52472751e-06 0.5 p1 41017 8
1059 25547566 m2 548535 -0.000835839775 0.5 p1 41021 8
6565 25551485 m2 3260540 -1.7436987e-05 0.5 p1 41030 8
9137 25553767 m2 4517096 -5.23287251e-13 0.5 p1 41035 8
5483 25555516 m2 2728175 -6.92761023e-05 0.5 p1 41039 8
2129 25558098 m2 1086741 -0.000346985791 0.5 p1 41045 8
365 25563851 m2 190347 -4.55003772e-07 0.5 p1 41058 8
8015 25570853 m2 3968520 -5.29612869e-08 0.5 p1 41073 8
9062 25575660 m2 4481234 -8.74304718e-08 0.5 p1 41084 8
2301 25577580 m2 1171503 -0.000840074557 0.5 p1 41088 8
1858 25580919 m2 945613 -2.70259136e-07 0.5 p1 41096 8
1471 25584660 m2 749324 -1.19474098e-05 0.5 p1 41104 8
986 25584664 m2 510254 -1.33955962e-06 0.5 p1 41104 8
1149 25587613 m2 593400 -8.25053794e-05 0.5 p1 41111 8
1440 25589307 m2 730920 -9.44368472e-10 0.5 p1 41115 8
8179 25592831 m2 4049664 -1.90656065e-05 0.5 p1 41122 8
8815 25593283 m2 4369541 -3.46799602e-08 0.5 p1 41124 8
6937 25595421 m2 3439019 -4.18879245e-06 0.5 p1 41128 8
3999 25597436 m2 1994367 -1.67564181e-07 0.5 p1 41133 8
5116 25598099 m2 2534622 -5.54884246e-05 0.5 p1 41134 8
3357 25598949 m2 1681940 -2.50356202e-09 0.5 p1 41136 8
7336 25603096 m2 3636936 -3.55513362e-11 0.5 p1 41145 8
706 25604547 m2 364216 -0.000307595765 0.5 p1 41149 8
930 25614698 m2 482791 -5.1218617e-06 0.5 p1 41171 8
7414 25616142 m2 3681143 -1.00149418e-05 0.5 p1 41174 8
3247 25617751 m2 1630642 -0.000834944309 0.5 p1 41178 8
4979 25618793 m2 2459471 -1.08393624e-06 0.5 p1 41180 8
5643 25618854 m2 2807460 -0.000376792537 0.5 p1 41180 8
8048 25619107 m2 3983847 -0.000247174641 0.5 p1 41181 8
9679 25620704 m2 4786370 -6.4630578e-05 0.5 p1 41184 8
3709 25627819 m2 1856989 -0.000772377127 0.5 p1 41200 8
6240 25636297 m2 3098127 -1.15520704e-08 0.5 p1 41219 8
170 25637866 m2 92760 -0.00049895863 0.5 p1 41223 8
9587 25640446 m2 4737788 -3.45805269e-08 0.5 p1 41228 8
4073 25643716 m2 2038388 -4.33364633e-09 0.5 p1 41236 8
8407 25643852 m2 4169742 -0.000130908287 0.5 p1 41236 8
9007 25649765 m2 4454083 -4.0731793e-06 0.5 p1 41250 8
7885 25652140 m2 3915807 -2.08905258e-05 0.5 p1 41255 8
3391 25652512 m2 1695855 -0.000137275914 0.5 p1 41256 8
1624 25655971 m2 818784 -1.8080349e-05 0.5 p1 41263 8
9975 25658420 m2 4939019 -2.7547951e-06 0.5 p1 41268 8
6413 25658498 m2 3176954 -1.89453442e-06 0.5 p1 41269 8
7625 25661893 m2 3788175 -0.000100569829 0.5 p1 41276 8
2290 25668157 m2 1165961 -0.00123654353 0.5 p1 41290 8
752 25672597 m2 388887 -2.54568762e-11 0.5 p1 41300 8
4320 25675497 m2 2162679 -3.97302174e-05 0.5 p1 41307 8
9034 25676806 m2 4471004 -2.82444694e-06 0.5 p1 41310 8
8391 25679099 m2 4162606 -1.71548868e-06 0.5 p1 41315 8
2079 25681901 m2 1062128 -0.000406918203 0.5 p1 41321 8
4518 25686985 m2 2246384 -0.00104117789 0.5 p1 41332 8
918 25695444 m2 475053 -1.07700245e-07 0.5 p1 41351 8
8837 25695811 m2 4381786 -5.99580635e-05 0.5 p1 41352 8
6948 25696608 m2 3445463 -0.00034371778 0.5 p1 41353 8
4249 25699844 m2 2128130 -2.44541383e-08 0.5 p1 41360 8
5178 25706286 m2 2573391 -0.000203751377 0.5 p1 41375 8
8660 25706979 m2 4292565 -9.46571527e-06 0.5 p1 41376 8
760 25709135 m2 392544 -0.00500238966 0.5 p1 41381 8
8713 25710792 m2 4318759 -1.34460862e-07 0.5 p1 41385 8
2102 25712113 m2 1075129 -6.47312334e-07 0.5 p1 41387 8
7953 25715021 m2 3943639 -1.44507112e-07 0.5 p1 41394 8
2449 25716064 m2 1240550 -0.000256304193 0.5 p1 41396 8
1942 25717952 m2 993868 -3.66820387e-07 0.5 p1 41400 8
7530 25719908 m2 3739620 -4.18722129e-06 0.5 p1 41405 8
6350 25722406 m2 3148376 -1.74779052e-06 0.5 p1 41410 8
5156 25730438 m2 2560090 -3.43824098e-08 0.5 p1 41428 8
5385 25737005 m2 2674895 -1.28143938e-05 0.5 p1 41442 8
7810 25737839 m2 3881780 -0.00066911435 0.5 p1 41444 8
8913 25739533 m2 4417732 -3.95568023e-09 0.5 p1 41448 8
3270 25741783 m2 1639931 -5.89917136e-06 0.5 p1 41453 8
769 25747279 m3 397326 0.00733779464 0.5 p1 41466 8
3204 25749319 m2 1608869 -2.42091028e-05 0.5 p1 41470 8
300 25754719 m2 153029 -0.000420421915 0.5 p1 41482 8
1645 25754845 m2 831768 -0.000520166708 0.5 p1 41483 8
1348 25755402 m2 683702 -0.000235614381 0.5 p1 41484 8
3797 25757507 m2 1904394 -6.09915338e-16 0.5 p1 41489 8
5028 25773082 m2 2485561 -3.13908422e-05 0.5 p1 41524 8
3059 25773545 m2 1538751 -0.000325532485 0.5 p1 41525 8
9980 25776601 m2 4943581 -3.22809979e-06 0.5 p1 41532 8
8903 25785823 m2 4414594 -8.49658536e-05 0.5 p1 41553 8
567 25785923 m2 293138 -0.000729807885 0.5 p1 41553 8
3896 25789127 m2 1949328 -0.000260851841 0.5 p1 41561 8
2975 25791121 m2 1499617 -5.34039464e-05 0.5 p1 41565 8
6760 25797144 m2 3363068 -3.92251195e-06 0.5 p1 41579 8
7693 25798875 m2 3824419 -0.00471907109 0.5 p1 41583 8
6916 25800570 m3 3428175 0.000828952703 0.5 p1 41587 8
929 25808300 m2 482507 -1.84077944e-05 0.5 p1 41605 8
8914 25809913 m2 4417752 -3.47905843e-05 0.5 p1 41608 8
2329 25810949 m2 1188231 -6.76943637e-06 0.5 p1 41611 8
9132 25811090 m2 4516023 -2.30032601e-05 0.5 p1 41611 8
1483 25812348 m2 758015 -4.77608628e-05 0.5 p1 41614 8
120 25814069 m2 67138 -8.15200547e-05 0.5 p1 41618 8
3638 25820227 m2 1818534 -5.6484231e-07 0.5 p1 41632 8
8739 25825733 m2 4335494 -9.76949536e-07 0.5 p1 41644 8
891 25836353 m2 464253 -0.000274308986 0.5 p1 41668 8
8176 25838367 m2 4047493 -0.00107083633 0.5 p1 41673 8
505 25848907 m2 263381 -1.95405937e-05 0.5 p1 41698 8
6634 25849133 m2 3290701 -0.000640922633 0.5 p1 41698 8
876 25851893 m2 454093 -2.16347653e-05 0.5 p1 41705 8
8126 25854160 m2 4021108 -1.57297431e-09 0.5 p1 41710 8
6194 25868284 m2 3081136 -1.11479394e-05 0.5 p1 41742 8
8506 25869752 m2 4220222 -2.8206073e-09 0.5 p1 41746 8
5719 25870188 m2 2847449 -1.25156212e-05 0.5 p1 41747 8
8816 25873241 m2 4370296 -0.00156660611 0.5 p1 41754 8
9776 25874762 m2 4835091 -0.000135760391 0.5 p1 41757 8
3767 25878006 m2 1888606 -0.000856314262 0.5 p1 41765 8
4656 25880988 m2 2307553 -0.000407915359 0.5 p1 41772 8
791 25885203 m2 406087 -1.71301963e-06 0.5 p1 41781 8
5061 25891222 m2 2503182 -8.23880964e-06 0.5 p1 41795 8
3837 25896861 m3 1923584 0.00018564373 0.5 p1 41808 8
7258 25899154 m2 3597927 -0.000520005939 0.5 p1 41813 8
5581 25899714 m2 2778742 -0.0010486407 0.5 p1 41814 8
3924 25900492 m2 1956953 -3.76330104e-06 0.5 p1 41816 8
7679 25902840 m2 3818447 -5.45319012e-10 0.5 p1 41821 8
8731 25905015 m2 4330148 -2.04867987e-07 0.5 p1 41827 8
2274 25909465 m2 1157105 -0.000908095448 0.5 p1 41836 8
9114 25919646 m2 4510195 -7.52426422e-06 0.5 p1 41860 8
9691 25922403 m2 4791589 -9.66861521e-11 0.5 p1 41866 8
9581 25923573 m2 4734505 -0.000101893675 0.5 p1 41868 8
949 25923820 m2 492815 -1.22274701e-09 0.5 p1 41869 8
3256 25924352 m2 1633798 -2.49072963e-12 0.5 p1 41870 8
7862 25931280 m2 3903360 -5.16511818e-06 0.5 p1 41886 8
2219 25938170 m2 1131435 -3.32789796e-06 0.5 p1 41902 8
1322 25941075 m2 673119 -3.66696618e-10 0.5 p1 41909 8
6553 25941310 m2 3254388 -1.37824109e-05 0.5 p1 41909 8
6330 25941717 m2 3140474 -1.45009593e-09 0.5 p1 41910 8
7639 25941810 m2 3797547 -0.00212572748 0.5 p1 41910 8
9143 25943760 m2 4519158 -0.000759411196 0.5 p1 41915 8
860 25958050 m2 446518 -9.60660545e-05 0.5 p1 41948 8
5311 25959857 m2 2639643 -0.000640939048 0.5 p1 41952 8
2082 25966546 m2 1063762 -5.4690604e-06 0.5 p1 41967 8
1982 25967338 m2 1011317 -3.1294336e-09 0.5 p1 41968 8
6929 25971450 m2 3434900 -1.0193578e-06 0.5 p1 41978 8
7828 25972416 m2 3889765 -0.00112553453 0.5 p1 41980 8
7854 25972417 m2 3899875 -0.000452976907 0.5 p1 41980 8
9849 25974790 m2 4882583 -0.000137464129 0.5 p1 41985 8
4476 25974813 m2 2226654 -7.53578934e-05 0.5 p1 41985 8
7547 25974814 m2 3750709 -1.70827461e-05 0.5 p1 41985 8
660 25977425 m2 341433 -5.56048363e-08 0.5 p1 41991 8
3066 25978646 m2 1544349 -1.30109984e-05 0.5 p1 41994 8
28 25979929 m2 15640 -0.00269710948 0.5 p1 41997 8
8888 25981462 m2 4407405 -1.25529871e-08 0.5 p1 42001 8
2898 25982237 m2 1457252 -2.96356984e-06 0.5 p1 42002 8
8275 25983055 m2 4111829 -7.27700826e-05 0.5 p1 42005 8
4894 25986290 m2 2418653 -5.60928383e-05 0.5 p1 42012 8
6091 25988683 m2 3030428 -5.53422419e-10 0.5 p1 42018 8
4966 25998295 m2 2454498 -2.58285545e-05 0.5 p1 42040 8
2920 25999615 m2 1469246 -9.1461734e-05 0.5 p1 42043 8
1558 26002084 m2 792054 -6.99572844e-09 0.5 p1 42048 8
322 26005193 m2 167329 -0.00012446387 0.5 p1 42055 8
9531 26007500 m2 4710760 -3.71072178e-06 0.5 p1 42061 8
4042 26010422 m2 2017639 -0.00136627909 0.5 p1 42068 8
1867 26011824 m2 949236 -0.00107392552 0.5 p1 42071 8
921 26016325 m2 476639 -0.000912121381 0.5 p1 42082 8
7762 26017538 m2 3860919 -1.26440867e-07 0.5 p1 42085 8
4808 26019332 m2 2378257 -4.58484574e-05 0.5 p1 42089 8
366 26021211 m2 191110 -0.000149119936 0.5 p1 42093 8
3401 26022798 m2 1703182 -2.01167055e-07 0.5 p1 42096 8
1399 26027652 m2 710126 -0.000669553236 0.5 p1 42108 8
9404 26027810 m2 4647333 -0.000225357842 0.5 p1 42108 8
8485 26030996 m2 4211469 -8.78628059e-10 0.5 p1 42116 8
9848 26035211 m2 4882019 -0.000187910657 0.5 p1 42126 8
221 26038387 m2 115417 -1.93211927e-05 0.5 p1 42133 8
9172 26053420 m2 4532725 -0.000191688028 0.5 p1 42168 8
5595 26077638 m2 2786617 -0.000819151988 0.5 p1 42224 8
9302 26078604 m2 4600050 -0.000124497863 0.5 p1 42227 8
9332 26078605 m2 4615987 -0.000122570011 0.5 p1 42227 8
2855 26080184 m2 1435010 -6.87393961e-11 0.5 p1 42230 8
9891 26086171 m2 4900123 -0.00089513557 0.5 p1 42245 8
1041 26088988 m2 536631 -5.38353306e-05 0.5 p1 42251 8
8230 26091622 m2 4077109 -1.87524267e-06 0.5 p1 42258 8
6802 26095377 m2 3376618 -6.00519856e-10 0.5 p1 42266 8
8582 26101495 m2 4253955 -0.000134097485 0.5 p1 42281 8
6925 26104179 m2 3432791 -2.97892407e-14 0.5 p1 42287 8
7541 26105517 m2 3744808 -0.000120084951 0.5 p1 42291 8
3515 26106159 m2 1756788 -1.53204001e-05 0.5 p1 42292 8
3665 26106394 m2 1829878 -0.000478523725 0.5 p1 42293 8
3228 26106464 m2 1619900 -2.40887402e-05 0.5 p1 42293 8
8580 26114651 m2 4252717 -0.0012819228 0.5 p1 42312 8
2016 26115284 m2 1031139 -1.60585785e-06 0.5 p1 42313 8
1604 26118276 m2 811356 -4.0150866e-05 0.5 p1 42320 8
1752 26119394 m2 890644 -2.91745692e-07 0.5 p1 42323 8
5088 26123021 m2 2517040 -3.925892e-13 0.5 p1 42331 8
2861 26124302 m2 1438951 -4.03169081e-10 0.5 p1 42334 8
8886 26131681 m2 4406819 -2.11696988e-05 0.5 p1 42352 8
7978 26132514 m2 3953514 -1.7020108e-08 0.5 p1 42354 8
3621 26137748 m2 1813783 -0.000246787968 0.5 p1 42366 8
2183 26139597 m2 1115709 -2.75928378e-05 0.5 p1 42370 8
6826 26140600 m2 3390608 -5.0611834e-07 0.5 p1 42373 8
8112 26142573 m2 4014269 -7.4082549e-05 0.5 p1 42378 8
7024 26146763 m2 3479275 -5.39076839e-10 0.5 p1 42387 8
3293 26156249 m3 1650309 0.0011322333 0.5 p1 42410 8
1842 26158801 m2 935955 -7.99002737e-05 0.5 p1 42416 8
1323 26161121 m2 673180 -9.89123364e-05 0.5 p1 42422 8
8356 26162600 m3 4146901 0.00349654933 0.5 p1 42425 8
6783 26164571 m2 3372207 -0.000290774304 0.5 p1 42430 8
101 26164878 m2 58959 -0.00112051179 0.5 p1 42431 8
5358 26165241 m2 2666821 -0.00255928817 0.5 p1 42432 8
5782 26167731 m2 2877930 -0.000182731514 0.5 p1 42437 8
3285 26175911 m2 1646701 -5.62795612e-05 0.5 p1 42457 8
7752 26180646 m2 3855864 -0.000321026659 0.5 p1 42468 8
347 26183024 m2 184092 -1.81532691e-08 0.5 p1 42473 8
3646 26184839 m2 1821060 -2.65267263e-05 0.5 p1 42477 8
3480 26185977 m2 1741089 -8.42827717e-07 0.5 p1 42480 8
4671 26190441 m2 2313337 -0.00015777722 0.5 p1 42491 8
7328 26191242 m2 3634231 -9.42257175e-05 0.5 p1 42493 8
674 26191808 m2 346371 -0.000533919607 0.5 p1 42494 8
6120 26193772 m2 3039797 -7.48691349e-08 0.5 p1 42498 8
1885 26195982 m2 959016 -3.00214288e-05 0.5 p1 42503 8
2090 26207898 m2 1068103 -0.000934123527 0.5 p1 42532 8
8386 26212919 m2 4159757 -6.35078621e-08 0.5 p1 42544 8
9831 26217722 m2 4870685 -2.01736619e-08 0.5 p1 42555 8
2205 26223349 m2 1125350 -1.54964859e-08 0.5 p1 42568 8
8483 26237066 m2 4208000 -0.000346793968 0.5 p1 42600 8
6690 26238212 m2 3317786 -2.46170885e-07 0.5 p1 42603 8
1684 26239583 m2 855534 -7.89786063e-05 0.5 p1 42606 8
7130 26250520 m2 3527030 -8.26053292e-06 0.5 p1 42632 8
9949 26253133 m2 4930454 -0.000298973697 0.5 p1 42638 8
9280 26253253 m2 4583088 -6.28119494e-07 0.5 p1 42638 8
6247 26253977 m2 3101126 -1.23997843e-08 0.5 p1 42640 8
3905 26253998 m2 1950723 -9.51061097e-08 0.5 p1 42640 8
6309 26255863 m2 3127056 -4.94351116e-05 0.5 p1 42644 8
3456 26262047 m2 1731680 -4.24316582e-09 0.5 p1 42659 8
8490 26266244 m2 4212315 -0.00153525383 0.5 p1 42668 8
2462 26268669 m2 1245414 -9.02456813e-05 0.5 p1 42674 8
8440 26275257 m2 4186857 -8.88711656e-06 0.5 p1 42689 8
6415 26276785 m2 3178016 -0.000127109888 0.5 p1 42693 8
4592 26280888 m2 2278135 -3.28779643e-05 0.5 p1 42703 8
5811 26282839 m2 2891680 -2.30130827e-05 0.5 p1 42707 8
1171 26289431 m2 600925 -3.90772016e-07 0.5 p1 42723 8
3978 26289628 m2 1984540 -0.000227868528 0.5 p1 42724 8
2869 26290585 m2 1440869 -5.91606367e-05 0.5 p1 42726 8
41 26292880 m2 28377 -1.28702368e-05 0.5 p1 42731 8
3689 26294602 m2 1844571 -4.78739958e-06 0.5 p1 42735 8
2002 26294671 m2 1022622 -7.27978158e-06 0.5 p1 42736 8
7311 26299317 m2 3621605 -0.000203101488 0.5 p1 42747 8
4182 26301614 m2 2093819 -1.17011987e-05 0.5 p1 42752 8
9101 26302055 m2 4502900 -6.82492873e-06 0.5 p1 42753 8
9565 26304383 m2 4727773 -0.000298739935 0.5 p1 42759 8
2196 26306595 m2 1121004 -8.13779207e-06 0.5 p1 42764 8
7946 26316053 m2 3941867 -4.00733301e-11 0.5 p1 42787 8
9028 26321682 m2 4467922 -1.24532271e-05 0.5 p1 42801 8
9976 26322437 m2 4939553 -3.19324281e-05 0.5 p1 42803 8
1290 26322640 m2 659429 -3.55373373e-07 0.5 p1 42803 8
1130 26324853 m2 581759 -2.69454787e-08 0.5 p1 42809 8
7101 26325223 m2 3513945 -4.75167944e-05 0.5 p1 42809 8
4309 26333041 m2 2153235 -0.000180341536 0.5 p1 42828 8
4279 26333173 m2 2141303 -6.73812392e-05 0.5 p1 42829 8
6540 26339910 m2 3242991 -3.15006437e-05 0.5 p1 42844 8
1510 26347070 m2 770526 -1.11988936e-06 0.5 p1 42862 8
9266 26360213 m2 4575417 -8.80583029e-05 0.5 p1 42893 8
8140 26360858 m2 4026672 -1.35040045e-06 0.5 p1 42895 8
703 26361435 m2 362458 -0.00077263813 0.5 p1 42896 8
7830 26364473 m2 3890489 -6.49063986e-06 0.5 p1 42904 8
5951 26373876 m2 2965710 -2.3496316e-10 0.5 p1 42926 8
7737 26377484 m2 3848013 -3.62575427e-08 0.5 p1 42935 8
7001 26378012 m2 3470025 -0.000377743738 0.5 p1 42936 8
9967 26379638 m2 4936433 -1.38520321e-07 0.5 p1 42940 8
8432 26389596 m2 4184644 -8.55875351e-06 0.5 p1 42964 8
3740 26391199 m3 1872829 0.000502332638 0.5 p1 42967 8
2608 26394904 m2 1320610 -6.65965854e-05 0.5 p1 42976 8
2143 26401661 m2 1097695 -0.000284022943 0.5 p1 42992 8
7917 26401844 m2 3931337 -0.000109988301 0.5 p1 42993 8
6585 26409189 m2 3271836 -1.36740928e-05 0.5 p1 43010 8
68 26412547 m2 42003 -8.37866537e-06 0.5 p1 43018 8
5280 26413428 m2 2625728 -0.000378576195 0.5 p1 43020 8
4331 26417652 m2 2166819 -6.04427123e-06 0.5 p1 43031 8
1013 26420474 m2 522439 -4.53838922e-08 0.5 p1 43038 8
5367 26432118 m2 2669303 -2.10942435e-05 0.5 p1 43065 8
8868 26434999 m2 4397930 -7.13653062e-05 0.5 p1 43072 8
7733 26436292 m2 3846876 -9.66937005e-05 0.5 p1 43075 8
10020 26436312 m2 4964064 -4.12687723e-06 0.5 p1 43075 8
1172 26440043 m2 601872 -0.0027321591 0.5 p1 43084 8
6117 26444206 m2 3038626 -1.06953485e-05 0.5 p1 43094 8
7213 26445132 m2 3578064 -0.00020236455 0.5 p1 43097 8
2877 26448472 m2 1444571 -9.87716362e-07 0.5 p1 43105 8
1301 26448656 m2 665307 -3.41605664e-06 0.5 p1 43105 8
5413 26450337 m2 2692969 -0.00160829502 0.5 p1 43109 8
4105 26458491 m2 2054553 -5.33729061e-10 0.5 p1 43129 8
3542 26459969 m2 1770500 -1.49304867e-07 0.5 p1 43133 8
5477 26464565 m2 2726481 -0.000916574965 0.5 p1 43144 8
7495 26464958 m2 3722038 -3.75013307e-13 0.5 p1 43145 8
9931 26466200 m2 4921345 -0.00220849225 0.5 p1 43148 8
4026 26466543 m2 2009251 -3.19854735e-07 0.5 p1 43149 8
8687 26467080 m2 4308253 -5.48816461e-05 0.5 p1 43150 8
309 26468240 m2 160843 -0.00020641071 0.5 p1 43153 8
6320 26469470 m2 3136955 -9.65837202e-11 0.5 p1 43156 8
8041 26470365 m2 3980588 -2.72784382e-06 0.5 p1 43158 8
9915 26470423 m2 4913163 -0.000343683671 0.5 p1 43158 8
8920 26474197 m2 4419239 -0.00196802639 0.5 p1 43168 8
6623 26478262 m2 3286979 -0.00151172688 0.5 p1 43177 8
7771 26479190 m2 3863709 -6.85772829e-06 0.5 p1 43179 8
9568 26482623 m2 4728373 -1.67256997e-06 0.5 p1 43188 8
5984 26489851 m2 2981282 -3.60963384e-07 0.5 p1 43205 8
8463 26496621 m2 4198923 -0.000407886837 0.5 p1 43221 8
9834 26497276 m2 4871483 -5.93175439e-11 0.5 p1 43223 8
3398 26498271 m2 1702142 -0.000826604664 0.5 p1 43225 8
3128 26498741 m2 1571649 -0.00143390568 0.5 p1 43226 8
3017 26499097 m2 1520209 -3.54340091e-09 0.5 p1 43227 8
7985 26500626 m2 3955055 -1.8670805e-07 0.5 p1 43231 8
5970 26503010 m2 2971310 -0.00141012459 0.5 p1 43237 8
6052 26508616 m2 3011040 -5.51512057e-05 0.5 p1 43251 8
4928 26509374 m2 2436636 -2.50691334e-09 0.5 p1 43252 8
4711 26514950 m2 2333327 -0.00226071104 0.5 p1 43266 8
341 26517828 m2 177448 -9.822523e-12 0.5 p1 43273 8
6235 26518533 m2 3095713 -3.90183502e-12 0.5 p1 43275 8
7344 26528922 m2 3640815 -3.51069076e-08 0.5 p1 43299 8
7987 26532548 m2 3956689 -0.00130416406 0.5 p1 43308 8
827 26533406 m2 426514 -6.15969884e-06 0.5 p1 43310 8
5264 26534469 m2 2618452 -1.0649178e-05 0.5 p1 43313 8
733 26535697 m2 378878 -1.04780975e-05 0.5 p1 43316 8
8254 26539801 m2 4094920 -8.0995045e-07 0.5 p1 43326 8
1845 26543928 m2 936822 -1.83962984e-10 0.5 p1 43336 8
5333 26545671 m2 2654436 -6.66394495e-09 0.5 p1 43340 8
9491 26546239 m2 4690109 -1.19072738e-05 0.5 p1 43342 8
8408 26552868 m2 4169820 -1.84334657e-13 0.5 p1 43358 8
4155 26554555 m2 2078819 -0.000155247762 0.5 p1 43362 8
1806 26558181 m2 915526 -0.00253033661 0.5 p1 43371 8
7506 26562931 m2 3726354 -6.2232989e-06 0.5 p1 43383 8
5081 26564022 m2 2513561 -1.20061336e-10 0.5 p1 43385 8
1101 26567364 m2 568276 -0.000369520596 0.5 p1 43393 8
8022 26573350 m2 3971479 -7.30301472e-05 0.5 p1 43408 8
9815 26574521 m2 4864382 -1.13404752e-07 0.5 p1 43410 8
1992 26575723 m2 1015203 -0.00195798418 0.5 p1 43413 8
9371 26578820 m2 4633013 -4.68995731e-09 0.5 p1 43421 8
4208 26579499 m2 2105703 -8.28298198e-06 0.5 p1 43422 8
2420 26580559 m2 1229642 -4.02731675e-05 0.5 p1 43424 8
8745 26580909 m3 4337985 0.000509994046 0.5 p1 43425 8
6879 26582024 m2 3414356 -0.000472763262 0.5 p1 43428 8
9009 26583597 m2 4454558 -1.17163529e-06 0.5 p1 43432 8
6655 26584712 m2 3303942 -1.20156456e-05 0.5 p1 43434 8
10008 26585105 m2 4957872 -9.99748154e-05 0.5 p1 43435 8
5617 26589329 m2 2794891 -8.69386326e-07 0.5 p1 43445 8
1805 26590903 m2 914584 -0.000202451323 0.5 p1 43449 8
9367 26592926 m2 4629718 -4.58041072e-08 0.5 p1 43454 8
8979 26597729 m2 4446158 -4.31051194e-06 0.5 p1 43465 8
5492 26597900 m2 2732188 -0.000128929139 0.5 p1 43466 8
5973 26598085 m2 2973961 -0.000134399423 0.5 p1 43466 8
3425 26599883 m2 1716069 -6.80700367e-08 0.5 p1 43471 8
4125 26602792 m2 2066172 -0.0017198557 0.5 p1 43478 8
2904 26605814 m2 1459198 -3.9299311e-10 0.5 p1 43485 8
1384 26610391 m2 705757 -0.00151130324 0.5 p1 43496 8
1617 26614214 m2 816412 -0.00277086929 0.5 p1 43505 8
8995 26617126 m2 4450421 -0.000200723516 0.5 p1 43512 8
3904 26620310 m2 1950713 -4.06656805e-13 0.5 p1 43519 8
4569 26620992 m2 2268178 -3.54543263e-05 0.5 p1 43521 8
9178 26631831 m2 4534579 -0.000158701208 0.5 p1 43546 8
166 26636986 m2 91085 -0.000303576817 0.5 p1 43558 8
6871 26640646 m2 3409633 -1.06758841e-06 0.5 p1 43567 8
141 26644622 m2 75992 -0.000839807093 0.5 p1 43576 8
3104 26647076 m2 1559978 -4.42666078e-06 0.5 p1 43582 8
4668 26652399 m2 2312709 -3.99221648e-07 0.5 p1 43595 8
7153 26652707 m2 3545281 -0.000870804943 0.5 p1 43596 8
1955 26655112 m2 997160 -8.07886238e-08 0.5 p1 43602 8
223 26658561 m2 115961 -0.000492192979 0.5 p1 43610 8
4238 26659767 m3 2122688 0.00232497859 0.5 p1 43613 8
1189 26659922 m2 608764 -2.0014518e-08 0.5 p1 43613 8
1158 26668295 m2 598038 -0.000182244708 0.5 p1 43634 8
1619 26668903 m2 816646 -1.8623649e-14 0.5 p1 43635 8
5355 26674397 m2 2664893 -4.09672721e-05 0.5 p1 43648 8
5140 26678701 m2 2548056 -3.23606801e-05 0.5 p1 43659 8
7599 26679027 m2 3775378 -2.32175523e-07 0.5 p1 43660 8
6341 26680810 m3 3146355 0.000153915578 0.5 p1 43665 8
8297 26685356 m2 4122553 -1.11293922e-07 0.5 p1 43675 8
9495 26685643 m2 4693320 -3.03079923e-06 0.5 p1 43676 8
4351 26687425 m2 2174408 -3.44963809e-07 0.5 p1 43681 8
5334 26688774 m2 2655495 -0.000795586093 0.5 p1 43684 8
9104 26699225 m3 4504595 0.00290756463 0.5 p1 43709 8
3584 26701165 m2 1795162 -2.36378401e-05 0.5 p1 43714 8
1391 26701537 m2 707819 -9.6835362e-10 0.5 p1 43715 8
8500 26705991 m2 4216607 -3.52862298e-06 0.5 p1 43725 8
563 26712626 m2 291751 -1.66902758e-08 0.5 p1 43742 8
434 26716177 m2 227774 -1.25454153e-05 0.5 p1 43750 8
6446 26731588 m2 3193561 -0.00164084835 0.5 p1 43788 8
7662 26731632 m3 3810980 0.0007756204 0.5 p1 43788 8
6555 26731916 m2 3255892 -1.03221531e-09 0.5 p1 43788 8
7012 26734003 m2 3473015 -5.62831204e-09 0.5 p1 43793 8
1628 26734467 m3 823758 0.00606786273 0.5 p1 43794 8
893 26738036 m2 464707 -0.000344356173 0.5 p1 43803 8
2281 26739229 m2 1161445 -1.84192672e-09 0.5 p1 43806 8
1363 26740019 m2 693896 -1.88736431e-05 0.5 p1 43808 8
8491 26746721 m2 4212780 -0.00275901193 0.5 p1 43824 8
8727 26747144 m2 4327364 -0.00230744062 0.5 p1 43825 8
4021 26748311 m2 2007002 -0.00181112438 0.5 p1 43828 8
8221 26750200 m2 4074489 -0.000313547847 0.5 p1 43832 8
7842 26752023 m2 3895028 -0.00249348115 0.5 p1 43837 8
5892 26753346 m2 2934928 -1.12477876e-08 0.5 p1 43840 8
7379 26754332 m2 3660844 -6.35779579e-05 0.5 p1 43842 8
8689 26755007 m2 4308689 -0.00102648709 0.5 p1 43844 8
6991 26756043 m2 3463707 -3.84657355e-08 0.5 p1 43847 8
1233 26758135 m2 627741 -0.000352320989 0.5 p1 43852 8
1093 26758909 m2 564243 -0.00129277015 0.5 p1 43854 8
4312 26761284 m2 2154133 -2.16814986e-11 0.5 p1 43860 8
1369 26769143 m2 697773 -3.21284756e-06 0.5 p1 43879 8
2961 26777748 m2 1492504 -2.65683173e-08 0.5 p1 43900 8
4307 26780239 m2 2152232 -5.84967255e-14 0.5 p1 43906 8
8414 26783230 m2 4173566 -0.00145621202 0.5 p1 43914 8
10001 26783347 m2 4955942 -3.87231331e-08 0.5 p1 43914 8
5806 26786183 m2 2889213 -4.12933826e-10 0.5 p1 43921 8
6869 26789142 m2 3408831 -3.99871496e-05 0.5 p1 43928 8
4835 26792595 m2 2389686 -1.04288201e-05 0.5 p1 43937 8
2996 26795478 m2 1510328 -4.36350383e-05 0.5 p1 43944 8
1223 26806305 m2 625120 -1.30070123e-06 0.5 p1 43971 8
2838 26806379 m2 1428340 -0.000170438623 0.5 p1 43971 8
7280 26806529 m2 3608026 -2.11555289e-05 0.5 p1 43972 8
2685 26814310 m2 1357334 -1.16575222e-06 0.5 p1 43991 8
5779 26815437 m2 2877291 -0.000228991034 0.5 p1 43994 8
7875 26823010 m3 3910909 0.00122877723 0.5 p1 44012 8
717 26825496 m2 371437 -1.52813949e-12 0.5 p1 44019 8
3233 26829042 m2 1623324 -1.79834558e-06 0.5 p1 44028 8
3903 26830643 m2 1950681 -5.33438251e-05 0.5 p1 44032 8
4583 26830901 m2 2273169 -0.004280027 0.5 p1 44032 8
5807 26835318 m2 2889461 -0.000335865683 0.5 p1 44043 8
1979 26843676 m2 1010434 -0.000182343196 0.5 p1 44064 8
1517 26846040 m2 773601 -4.46072832e-08 0.5 p1 44070 8
4093 26855158 m2 2048848 -0.000539690314 0.5 p1 44093 8
6552 26864608 m2 3254330 -6.404739e-07 0.5 p1 44116 8
5199 26866030 m2 2584670 -1.97061017e-05 0.5 p1 44120 8
4306 26869013 m2 2151799 -8.42064765e-08 0.5 p1 44127 8
3174 26877045 m2 1596347 -5.43164731e-07 0.5 p1 44147 8
9646 26881814 m2 4773631 -0.000932861469 0.5 p1 44159 8
6712 26885387 m2 3331966 -9.50929007e-06 0.5 p1 44168 8
1191 26886536 m2 609339 -1.9921707e-07 0.5 p1 44171 8
3215 26887024 m2 1611673 -0.00158023322 0.5 p1 44172 8
9209 26890337 m2 4547756 -1.07975038e-05 0.5 p1 44180 8
9996 26892491 m2 4951324 -0.000138502233 0.5 p1 44186 8
3694 26897957 m2 1848553 -9.91868365e-09 0.5 p1 44199 8
3590 26901870 m2 1798986 -0.000374917785 0.5 p1 44209 8
8853 26903581 m2 4390893 -1.05684239e-09 0.5 p1 44213 8
108 26907731 m2 61385 -1.29746388e-06 0.5 p1 44223 8
40 26908113 m2 28068 -0.000198573383 0.5 p1 44224 8
4755 26913315 m2 2350097 -9.32526611e-10 0.5 p1 44238 8
2692 26917359 m2 1359706 -0.000215809385 0.5 p1 44248 8
2789 26917441 m2 1399364 -3.97432473e-07 0.5 p1 44248 8
5154 26919464 m2 2558295 -0.000611629221 0.5 p1 44254 8
5532 26919572 m3 2754285 0.000690597575 0.5 p1 44254 8
1024 26922661 m2 527300 -0.00139694347 0.5 p1 44261 8
9723 26924692 m2 4812399 -0.00140311802 0.5 p1 44266 8
7852 26925054 m2 3899301 -0.000528462522 0.5 p1 44267 8
2821 26925574 m2 1418840 -7.56071294e-09 0.5 p1 44268 8
6574 26933786 m2 3266539 -1.3630197e-10 0.5 p1 44288 8
1182 26936377 m2 605825 -0.000962100981 0.5 p1 44295 8
1565 26938029 m2 795949 -5.75906488e-05 0.5 p1 44299 8
5556 26944254 m2 2767807 -0.000562313187 0.5 p1 44314 8
7682 26948273 m2 3819359 -3.02642729e-05 0.5 p1 44324 8
6804 26950298 m2 3377138 -5.87196655e-06 0.5 p1 44329 8
3898 26955514 m2 1949619 -5.583247e-07 0.5 p1 44342 8
7232 26957706 m2 3584794 -0.000170477113 0.5 p1 44348 8
1650 26958408 m2 835097 -0.00169556274 0.5 p1 44349 8
5603 26961797 m2 2789094 -4.19756763e-09 0.5 p1 44358 8
5147 26962680 m2 2553570 -2.26455612e-07 0.5 p1 44360 8
7630 26964093 m2 3791784 -0.000241857939 0.5 p1 44364 8
8481 26965013 m2 4207253 -4.19693642e-05 0.5 p1 44366 8
8722 26966917 m2 4323511 -0.000156320835 0.5 p1 44370 8
8706 26975487 m2 4315699 -1.00796619e-11 0.5 p1 44392 8
6190 26980736 m2 3077519 -5.34609899e-05 0.5 p1 44405 8
1802 26984391 m2 913619 -3.12037653e-11 0.5 p1 44414 8
4203 26984691 m2 2102355 -4.92686104e-06 0.5 p1 44415 8
7260 26987801 m3 3598388 0.000238108696 0.5 p1 44423 8
1886 26991404 m2 959748 -7.03480619e-05 0.5 p1 44432 8
7435 26991629 m2 3690096 -1.09932292e-10 0.5 p1 44433 8
8216 27009551 m2 4072042 -1.92613661e-05 0.5 p1 44478 8
3676 27011135 m2 1839417 -2.04720018e-05 0.5 p1 44482 8
2460 27012962 m2 1244593 -4.21976551e-07 0.5 p1 44486 8
2379 27013033 m2 1208347 -6.14611099e-06 0.5 p1 44486 8
8568 27019486 m2 4249451 -5.49333754e-06 0.5 p1 44502 8
7601 27022449 m2 3776081 -1.88188992e-10 0.5 p1 44509 8
6902 27026712 m2 3423091 -1.02543662e-09 0.5 p1 44520 8
5377 27026727 m2 2673666 -1.63543082e-05 0.5 p1 44520 8
1627 27028063 m2 822952 -1.52483872e-05 0.5 p1 44523 8
5995 27035547 m2 2985195 -9.94150541e-05 0.5 p1 44542 8
1401 27039517 m2 710986 -0.000237779808 0.5 p1 44552 8
2754 27044384 m3 1383302 0.00136830634 0.5 p1 44565 8
713 27044697 m2 369135 -8.68978987e-06 0.5 p1 44565 8
3389 27046094 m2 1695663 -4.84763904e-17 0.5 p1 44569 8
3198 27048079 m2 1606114 -8.60200671e-05 0.5 p1 44574 8
1585 27051432 m2 803834 -5.85396378e-07 0.5 p1 44582 8
4780 27060450 m2 2364068 -0.000543309026 0.5 p1 44605 8
5633 27062534 m2 2801232 -1.05960225e-05 0.5 p1 44610 8
4380 27062637 m2 2186663 -5.96040195e-08 0.5 p1 44610 8
5127 27072096 m3 2540503 0.00197596266 0.5 p1 44634 8
135 27074123 m2 74348 -5.40592509e-07 0.5 p1 44639 8
8154 27074238 m2 4033471 -0.000839564658 0.5 p1 44639 8
5363 27076146 m2 2668786 -0.00021737667 0.5 p1 44644 8
5446 27082279 m2 2711826 -0.00132512359 0.5 p1 44660 8
7963 27082860 m2 3948196 -0.000321935018 0.5 p1 44661 8
4383 27085026 m2 2187948 -6.33118034e-05 0.5 p1 44667 8
8250 27089228 m2 4090591 -2.30279459e-11 0.5 p1 44677 8
3507 27090932 m2 1751774 -0.000344047992 0.5 p1 44682 8
9100 27094784 m2 4502794 -2.6635048e-06 0.5 p1 44692 8
899 27095958 m3 468510 0.00340239541 0.5 p1 44695 8
305 27105696 m2 159712 -0.003850732 0.5 p1 44719 8
7177 27109138 m2 3561921 -0.000457073183 0.5 p1 44728 8
3600 27120752 m2 1803771 -3.73849571e-06 0.5 p1 44758 8
947 27122356 m2 491849 -4.59850453e-05 0.5 p1 44762 8
8661 27126856 m3 4294036 0.000436613976 0.5 p1 44773 8
3893 27128337 m2 1947354 -2.25988447e-06 0.5 p1 44777 8
2310 27133552 m2 1174733 -0.000592217431 0.5 p1 44790 8
6136 27136073 m2 3047302 -5.62401237e-09 0.5 p1 44796 8
7270 27137418 m2 3605318 -3.21760278e-13 0.5 p1 44799 8
9254 27137851 m2 4568417 -5.94563843e-11 0.5 p1 44801 8
8246 27138624 m3 4088363 0.00091451325 0.5 p1 44803 8
7845 27147277 m2 3895959 -1.12282536e-11 0.5 p1 44825 8
4777 27150404 m2 2363666 -6.84864135e-05 0.5 p1 44833 8
8763 27151064 m2 4344107 -1.68084057e-06 0.5 p1 44834 8
4801 27152077 m2 2374031 -0.000200611074 0.5 p1 44837 8
417 27152786 m2 218989 -0.000302133412 0.5 p1 44839 8
8124 27153777 m2 4020682 -0.000768825004 0.5 p1 44841 8
491 27154626 m3 258511 0.000477651687 0.5 p1 44843 8
8310 27160692 m2 4125036 -0.000117831347 0.5 p1 44859 8
3194 27162689 m2 1605427 -2.14013674e-15 0.5 p1 44864 8
8333 27164199 m2 4134273 -2.1329995e-06 0.5 p1 44868 8
3502 27164725 m2 1749889 -9.72956186e-05 0.5 p1 44869 8
2764 27164849 m2 1388161 -5.83161466e-08 0.5 p1 44869 8
813 27167109 m2 417105 -0.00323960371 0.5 p1 44875 8
4965 27167858 m2 2453105 -3.08791532e-05 0.5 p1 44877 8
2453 27169024 m2 1242261 -2.47245833e-08 0.5 p1 44880 8
7877 27173208 m2 3911727 -1.02665183e-08 0.5 p1 44891 8
7795 27179235 m2 3873766 -6.10843636e-05 0.5 p1 44906 8
5231 27186787 m2 2602563 -1.5483971e-10 0.5 p1 44925 8
9440 27189831 m2 4665107 -0.00144347909 0.5 p1 44933 8
9942 27191712 m2 4925216 -0.000151935397 0.5 p1 44938 8
3064 27195027 m2 1542941 -4.76393694e-07 0.5 p1 44946 8
626 27196844 m2 323979 -9.04767727e-09 0.5 p1 44951 8
123 27198851 m2 69696 -0.00032366204 0.5 p1 44956 8
6524 27201649 m2 3233426 -0.000568351767 0.5 p1 44963 8
8498 27202461 m2 4215053 -1.7677074e-08 0.5 p1 44965 8
5993 27202525 m2 2984922 -0.000518414949 0.5 p1 44965 8
9259 27203829 m2 4571146 -4.84120501e-05 0.5 p1 44969 8
2096 27208251 m2 1070915 -7.15845943e-07 0.5 p1 44980 8
7363 27210859 m2 3650397 -1.45862988e-10 0.5 p1 44987 8
7478 27212762 m2 3712991 -2.58209748e-05 0.5 p1 44992 8
5876 27218372 m2 2927445 -5.50135474e-06 0.5 p1 45006 8
3956 27222297 m2 1973192 -5.32840022e-06 0.5 p1 45017 8
2503 27223519 m2 1271038 -0.000120674893 0.5 p1 45019 8
4386 27225757 m2 2188290 -2.05928632e-06 0.5 p1 45025 8
6764 27227106 m2 3364727 -1.68230763e-05 0.5 p1 45029 8
3781 27229139 m2 1897015 -3.13200445e-07 0.5 p1 45034 8
4635 27230437 m2 2292999 -7.18245656e-06 0.5 p1 45037 8
4217 27230822 m2 2109214 -5.14585281e-07 0.5 p1 45039 8
9277 27233451 m2 4582301 -0.000991228968 0.5 p1 45045 8
3873 27238144 m2 1938260 -2.26308666e-10 0.5 p1 45058 8
7628 27238511 m2 3791434 -1.76119611e-05 0.5 p1 45059 8
8583 27241750 m2 4254209 -7.23532639e-06 0.5 p1 45067 8
3690 27242622 m2 1845496 -0.000353819894 0.5 p1 45070 8
9081 27242733 m2 4488953 -0.000395855051 0.5 p1 45070 8
6315 27247514 m2 3133801 -0.000249383331 0.5 p1 45082 8
9592 27247831 m2 4740121 -0.000520222646 0.5 p1 45083 8
6225 27250049 m2 3090912 -4.12362255e-07 0.5 p1 45089 8
9525 27257917 m2 4704718 -7.8343237e-07 0.5 p1 45109 8
2464 27259273 m2 1245771 -0.000126672108 0.5 p1 45112 8
7745 27259707 m2 3851388 -4.39573988e-10 0.5 p1 45114 8
8303 27264795 m2 4123642 -5.40688088e-05 0.5 p1 45127 8
9041 27265314 m2 4473950 -1.54750068e-09 0.5 p1 45128 8
6484 27267959 m2 3212950 -1.74077663e-09 0.5 p1 45135 8
51 27268084 m2 35042 -1.13799251e-06 0.5 p1 45135 8
7918 27269272 m2 3931773 -9.65051586e-05 0.5 p1 45138 8
9227 27270091 m2 4556548 -0.000387089211 0.5 p1 45140 8
1375 27275109 m2 700963 -5.75543524e-09 0.5 p1 45152 8
2519 27280307 m2 1281200 -4.81339271e-08 0.5 p1 45165 8
5755 27283287 m2 2866352 -0.000176003698 0.5 p1 45173 8
7895 27284624 m2 3919369 -0.000446636957 0.5 p1 45177 8
9102 27284725 m2 4502971 -0.000784562435 0.5 p1 45177 8
6492 27293020 m2 3215819 -0.000439261814 0.5 p1 45199 8
3707 27297288 m3 1856098 0.000620353327 0.5 p1 45210 8
381 27302161 m2 199208 -0.000353767769 0.5 p1 45222 8
7732 27309001 m2 3846015 -3.78362927e-07 0.5 p1 45240 8
6416 27313306 m2 3178281 -6.1265149e-07 0.5 p1 45250 8
8686 27316345 m2 4308189 -0.000115175717 0.5 p1 45258 8
729 27320400 m2 377588 -6.92628528e-05 0.5 p1 45268 8
5294 27323016 m2 2632571 -2.48208704e-10 0.5 p1 45275 8
8021 27327548 m2 3971149 -4.69522774e-07 0.5 p1 45286 8
4651 27329691 m2 2304031 -0.000119970362 0.5 p1 45292 8
6079 27332059 m2 3023956 -0.00021158639 0.5 p1 45298 8
5635 27335077 m2 2802550 -0.000109601955 0.5 p1 45306 8
7034 27340993 m2 3485925 -0.000161227086 0.5 p1 45320 8
8859 27342013 m2 4395438 -0.000303281151 0.5 p1 45323 8
8118 27342547 m2 4017474 -0.00134394644 0.5 p1 45324 8
9821 27345131 m2 4866295 -1.72827256e-11 0.5 p1 45331 8
4804 27345476 m2 2375670 -6.18212434e-05 0.5 p1 45332 8
145 27348651 m2 76692 -2.12399414e-06 0.5 p1 45340 8
5111 27349796 m2 2532320 -7.07883446e-05 0.5 p1 45343 8
5003 27352356 m2 2469541 -0.00018351496 0.5 p1 45349 8
936 27356123 m2 488329 -0.000621409388 0.5 p1 45359 8
3846 27357649 m2 1926917 -8.27553824e-12 0.5 p1 45363 8
9964 27359114 m2 4935969 -0.000139966083 0.5 p1 45367 8
179 27360860 m3 98222 0.00113624672 0.5 p1 45371 8
3856 27361740 m2 1931101 -0.00114400848 0.5 p1 45373 8
2136 27364319 m2 1093175 -4.64875471e-10 0.5 p1 45380 8
8453 27364328 m2 4193732 -9.38904179e-07 0.5 p1 45380 8
6720 27364827 m2 3338086 -0.000114936454 0.5 p1 45381 8
7099 27365425 m2 3513216 -7.61296687e-05 0.5 p1 45383 8
7433 27377263 m2 3689707 -3.23822896e-05 0.5 p1 45413 8
1809 27381847 m2 916588 -7.56370428e-05 0.5 p1 45424 8
3851 27383484 m2 1929441 -0.000658023695 0.5 p1 45429 8
5152 27385203 m2 2555031 -2.69936731e-06 0.5 p1 45433 8
2034 27390229 m2 1040651 -3.14507372e-13 0.5 p1 45445 8
2137 27394184 m2 1094527 -9.02190441e-05 0.5 p1 45455 8
9792 27399752 m2 4846339 -0.000241442336 0.5 p1 45468 8
1215 27403324 m2 621482 -0.00199634372 0.5 p1 45477 8
1669 27403602 m2 844789 -7.48258317e-05 0.5 p1 45478 8
6114 27408575 m2 3038522 -1.87465716e-07 0.5 p1 45491 8
7291 27412541 m2 3614935 -0.00092673715 0.5 p1 45500 8
4702 27421013 m2 2326494 -0.000137364448 0.5 p1 45522 8
6860 27423089 m2 3404771 -4.48464971e-06 0.5 p1 45527 8
2030 27426747 m2 1037700 -6.57275905e-07 0.5 p1 45536 8
2970 27429432 m2 1497356 -0.000688668631 0.5 p1 45543 8
670 27430749 m2 345261 -0.000114106027 0.5 p1 45546 8
6694 27430983 m2 3318953 -0.00143001496 0.5 p1 45547 8
4157 27432353 m2 2079330 -1.08006088e-05 0.5 p1 45550 8
346 27432938 m2 183785 -8.45535906e-05 0.5 p1 45552 8
1944 27437176 m2 994291 -0.000242076421 0.5 p1 45563 8
1697 27439438 m3 864017 0.00116206019 0.5 p1 45568 8
5106 27440520 m2 2528766 -1.35732179e-07 0.5 p1 45571 8
7300 27442584 m2 3617613 -9.42324041e-05 0.5 p1 45576 8
2123 27445351 m3 1083804 0.0017083321 0.5 p1 45583 8
7343 27445708 m2 3640135 -0.000167343707 0.5 p1 45584 8
3147 27455620 m2 1581954 -0.000315724814 0.5 p1 45609 8
1530 27456593 m3 780968 9.59087174e-06 0.5 p1 45611 8
9579 27463714 m3 4732703 0.00271412893 0.5 p1 45629 8
2217 27466439 m2 1130731 -1.68896463e-06 0.5 p1 45636 8
9303 27477732 m2 4600505 -4.8460469e-10 0.5 p1 45666 8
3959 27483279 m2 1974322 -2.03357718e-06 0.5 p1 45680 8
9075 27484176 m2 4484945 -0.000743299897 0.5 p1 45682 8
7954 27484962 m2 3944192 -0.0015680982 0.5 p1 45685 8
5384 27487544 m3 2674650 4.71282801e-05 0.5 p1 45691 8
8743 27489160 m2 4337330 -1.19730635e-06 0.5 p1 45696 8
86 27493646 m2 49683 -2.44172583e-07 0.5 p1 45707 8
7303 27494751 m2 3618641 -3.08910476e-13 0.5 p1 45710 8
4037 27495849 m2 2014529 -2.17529487e-05 0.5 p1 45712 8
1272 27496355 m2 647714 -6.22092193e-05 0.5 p1 45714 8
8207 27496850 m2 4066182 -0.000112573223 0.5 p1 45715 8
1892 27498658 m3 962883 0.00199561426 0.5 p1 45719 8
8123 27504443 m2 4020411 -8.97575403e-10 0.5 p1 45734 8
3074 27504496 m2 1547354 -0.000164183439 0.5 p1 45734 8
8628 27504708 m2 4278529 -2.86850832e-06 0.5 p1 45734 8
7267 27509437 m2 3602129 -0.000166127167 0.5 p1 45746 8
7609 27509942 m2 3780709 -5.48865546e-06 0.5 p1 45747 8
7658 27518317 m2 3809243 -3.51003982e-05 0.5 p1 45769 8
6517 27519533 m2 3230280 -0.000574358448 0.5 p1 45772 8
1271 27521577 m2 647216 -2.56198368e-10 0.5 p1 45777 8
5774 27523131 m2 2875505 -0.000182037969 0.5 p1 45781 8
2522 27524605 m2 1284850 -1.38165715e-10 0.5 p1 45785 8
4561 27526474 m2 2265518 -0.00155640335 0.5 p1 45790 8
566 27528004 m2 292794 -0.00134026806 0.5 p1 45794 8
5190 27533077 m2 2581170 -0.000443081051 0.5 p1 45806 8
1866 27537411 m2 949012 -0.000138615491 0.5 p1 45818 8
3753 27546100 m2 1879554 -0.00502227712 0.5 p1 45840 8
7721 27551323 m2 3838709 -0.000532287348 0.5 p1 45852 8
313 27555153 m2 162114 -1.10351309e-07 0.5 p1 45862 8
1053 27556671 m2 545749 -0.00316288555 0.5 p1 45866 8
3522 27557845 m3 1759267 0.000608206145 0.5 p1 45869 8
6094 27568757 m2 3030939 -0.000355190103 0.5 p1 45896 8
6464 27571579 m2 3203313 -1.80913537e-06 0.5 p1 45904 8
5437 27572235 m2 2707970 -3.43571713e-08 0.5 p1 45905 8
3301 27573990 m2 1654759 -9.33097649e-17 0.5 p1 45909 8
9852 27575075 m2 4883746 -4.13504858e-05 0.5 p1 45912 8
4314 27575731 m2 2158587 -0.0003179739 0.5 p1 45914 8
6404 27576202 m2 3172135 -5.53733262e-05 0.5 p1 45915 8
4235 27576451 m2 2121370 -3.02945937e-05 0.5 p1 45915 8
3370 27580485 m2 1689874 -4.69161563e-07 0.5 p1 45926 8
3823 27581951 m2 1915850 -0.00156905351 0.5 p1 45929 8
6195 27583579 m2 3082571 -6.05166824e-05 0.5 p1 45934 8
3882 27586270 m2 1943054 -2.04558683e-06 0.5 p1 45941 8
3509 27586685 m2 1754628 -6.76470008e-05 0.5 p1 45942 8
5886 27588895 m2 2932034 -8.25283024e-08 0.5 p1 45947 8
10090 27589217 m2 4990705 -0.00135771034 0.5 p1 45948 8
7833 27593480 m2 3892154 -1.26007516e-09 0.5 p1 45959 8
6563 27596772 m2 3260053 -6.45022556e-06 0.5 p1 45967 8
6381 27599942 m2 3162752 -7.18393323e-07 0.5 p1 45975 8
1877 27600575 m2 955807 -1.57236498e-11 0.5 p1 45977 8
955 27604341 m2 495393 -2.8599934e-05 0.5 p1 45987 8
7453 27605357 m2 3700259 -2.91769993e-06 0.5 p1 45990 8
7831 27608962 m2 3891383 -7.07541694e-05 0.5 p1 45999 8
5449 27610440 m2 2712429 -0.000241882473 0.5 p1 46003 8
8931 27613326 m2 4422820 -0.000718922121 0.5 p1 46010 8
945 27618864 m2 490755 -0.000705835293 0.5 p1 46024 8
6 27619627 m2 4285 -5.01267314e-05 0.5 p1 46026 8
8343 27623800 m2 4139642 -0.000312309829 0.5 p1 46037 8
3027 27628004 m2 1527050 -0.000796380569 0.5 p1 46047 8
8336 27633507 m2 4136327 -1.55746943e-06 0.5 p1 46061 8
9238 27636444 m2 4563205 -3.73465383e-07 0.5 p1 46069 8
3769 27636607 m2 1889031 -1.60263028e-06 0.5 p1 46069 8
2792 27639147 m3 1399946 0.00197262294 0.5 p1 46076 8
7768 27647909 m2 3862540 -6.72591887e-06 0.5 p1 46099 8
2048 27656890 m2 1049321 -0.000620972714 0.5 p1 46122 8
9058 27658754 m2 4480285 -3.02842921e-07 0.5 p1 46127 8
1881 27659035 m2 957298 -7.06247602e-06 0.5 p1 46128 8
3808 27661695 m2 1910297 -3.87062209e-05 0.5 p1 46134 8
5435 27662640 m2 2707350 -5.37378255e-05 0.5 p1 46137 8
5996 27662964 m2 2985313 -4.94189917e-05 0.5 p1 46138 8
7084 27664578 m2 3508486 -3.64912593e-15 0.5 p1 46142 8
7482 27665395 m2 3716674 -0.000264781615 0.5 p1 46144 8
7022 27665666 m2 3477873 -5.47160962e-11 0.5 p1 46145 8
7665 27669042 m2 3813538 -1.24703292e-05 0.5 p1 46154 8
902 27669779 m2 469988 -1.06335597e-06 0.5 p1 46156 8
9549 27670519 m2 4721043 -6.29661736e-05 0.5 p1 46158 8
9908 27672524 m2 4908213 -3.80148215e-08 0.5 p1 46163 8
2419 27673365 m2 1229433 -0.00194046064 0.5 p1 46165 8
7227 27674066 m2 3582946 -6.77836069e-05 0.5 p1 46167 8
6096 27676066 m2 3031439 -1.30135131e-05 0.5 p1 46172 8
4958 27676126 m2 2449979 -1.10549479e-06 0.5 p1 46172 8
2834 27676199 m2 1425761 -5.80170649e-07 0.5 p1 46172 8
3371 27681899 m2 1691266 -0.000922877865 0.5 p1 46187 8
8005 27684549 m2 3962332 -0.00079202943 0.5 p1 46194 8
1890 27684883 m2 960545 -3.94714789e-10 0.5 p1 46195 8
594 27686210 m2 306259 -2.33818354e-10 0.5 p1 46198 8
4214 27687122 m2 2108915 -6.99459903e-08 0.5 p1 46200 8
10094 27687767 m2 4992830 -1.28837166e-06 0.5 p1 46202 8
5769 27688549 m2 2871810 -5.18913403e-05 0.5 p1 46204 8
9918 27689635 m2 4915240 -3.75857079e-09 0.5 p1 46207 8
7231 27690849 m2 3584282 -0.000673444069 0.5 p1 46210 8
1435 27691605 m2 729603 -2.84502786e-08 0.5 p1 46212 8
2198 27692974 m2 1122262 -0.000650695991 0.5 p1 46215 8
1037 27693378 m2 534000 -8.29577986e-12 0.5 p1 46216 8
9780 27698762 m2 4840244 -7.94964361e-09 0.5 p1 46231 8
8082 27703591 m2 3998469 -0.00160307775 0.5 p1 46243 8
8933 27706933 m2 4423885 -2.88127666e-07 0.5 p1 46252 8
3476 27708860 m2 1739396 -7.78215323e-08 0.5 p1 46257 8
1927 27714754 m2 982222 -9.84727716e-11 0.5 p1 46272 8
3725 27716913 m2 1865142 -0.000659134414 0.5 p1 46278 8
5192 27723835 m2 2582259 -6.67503309e-06 0.5 p1 46296 8
1123 27724425 m2 579589 -3.19598212e-06 0.5 p1 46297 8
8093 27725772 m2 4005478 -0.000118979136 0.5 p1 46301 8
2621 27726413 m2 1327097 -1.91053182e-08 0.5 p1 46303 8
5 27727482 m2 3947 -0.000164743382 0.5 p1 46305 8
8806 27727838 m2 4367797 -9.15428188e-07 0.5 p1 46306 8
4205 27729462 m2 2103748 -8.71785014e-05 0.5 p1 46311 8
2722 27730132 m2 1373102 -0.000100767495 0.5 p1 46312 8
1953 27735036 m2 997069 -9.44932108e-05 0.5 p1 46325 8
4685 27736659 m2 2320758 -2.65043991e-06 0.5 p1 46330 8
1190 27746047 m2 609046 -1.50886777e-07 0.5 p1 46355 8
3368 27749140 m2 1688653 -3.34165748e-06 0.5 p1 46363 8
3765 27751650 m2 1885746 -0.00178167818 0.5 p1 46370 8
7091 27754828 m2 3510891 -3.56724081e-06 0.5 p1 46378 8
1544 27755147 m2 785224 -0.00384566933 0.5 p1 46379 8
3688 27760867 m2 1844440 -0.00115441356 0.5 p1 46394 8
9213 27761585 m2 4551147 -1.73785077e-06 0.5 p1 46396 8
4640 27762564 m2 2298132 -3.51654962e-05 0.5 p1 46399 8
4522 27766405 m2 2248055 -5.38830354e-05 0.5 p1 46409 8
2593 27767561 m2 1311091 -1.98052703e-06 0.5 p1 46412 8
3900 27768588 m2 1950262 -7.71567787e-09 0.5 p1 46415 8
467 27769441 m2 244045 -0.000489646976 0.5 p1 46417 8
2559 27773440 m3 1298257 0.00184286258 0.5 p1 46428 8
160 27773934 m2 88169 -1.02257109e-05 0.5 p1 46429 8
3980 27776146 m2 1984876 -9.27597554e-09 0.5 p1 46436 8
5833 27778979 m2 2906110 -2.82834098e-05 0.5 p1 46443 8
1528 27779224 m2 780697 -0.000541758433 0.5 p1 46444 8
14 27779870 m2 6781 -2.05065135e-05 0.5 p1 46446 8
937 27782849 m2 488794 -2.84636917e-06 0.5 p1 46453 8
2724 27783350 m2 1374026 -0.000245725998 0.5 p1 46455 8
9844 27783762 m2 4878551 -0.00125900423 0.5 p1 46456 8
3972 27785351 m2 1980540 -6.45466796e-12 0.5 p1 46460 8
8616 27785941 m3 4273198 0.000957751821 0.5 p1 46462 8
6579 27786155 m2 3269633 -4.54152087e-07 0.5 p1 46462 8
4603 27789191 m2 2283739 -3.33203061e-05 0.5 p1 46470 8
4907 27789474 m2 2426401 -3.25954425e-05 0.5 p1 46471 8
7913 27789877 m2 3928376 -6.85763666e-07 0.5 p1 46472 8
9889 27790957 m2 4899273 -0.00105404074 0.5 p1 46475 8
6069 27792729 m3 3018976 0.00120961422 0.5 p1 46480 8
4291 27796107 m2 2146820 -6.98543226e-05 0.5 p1 46489 8
3592 27797072 m2 1799624 -2.43003524e-06 0.5 p1 46492 8
9666 27798429 m2 4781130 -4.20329787e-13 0.5 p1 46495 8
2436 27815637 m2 1235036 -0.000229429075 0.5 p1 46540 8
799 27820604 m2 410922 -0.000247397227 0.5 p1 46553 8
1710 27820626 m2 869450 -4.01860696e-08 0.5 p1 46553 8
4466 27822505 m2 2221411 -9.68968727e-09 0.5 p1 46559 8
6092 27824253 m2 3030638 -1.49146922e-06 0.5 p1 46563 8
7306 27827063 m2 3620147 -0.000770854182 0.5 p1 46570 8
4065 27829643 m3 2031583 9.74334762e-06 0.5 p1 46577 8
9175 27832059 m2 4534062 -2.43848399e-06 0.5 p1 46583 8
9439 27837756 m2 4663698 -0.000890214462 0.5 p1 46598 8
5275 27839337 m2 2622744 -7.89164333e-05 0.5 p1 46602 8
7713 27840448 m2 3835471 -7.42788507e-06 0.5 p1 46605 8
5584 27849949 m2 2779817 -3.8204238e-08 0.5 p1 46631 8
9741 27850646 m2 4820435 -6.9661306e-05 0.5 p1 46633 8
8549 27854707 m2 4239943 -9.67219312e-05 0.5 p1 46644 8
4247 27856055 m2 2126933 -2.01258476e-12 0.5 p1 46647 8
1371 27858327 m2 699169 -3.94906783e-05 0.5 p1 46653 8
4096 27861004 m2 2049670 -2.24481573e-06 0.5 p1 46660 8
3928 27861284 m2 1958267 -2.86896784e-10 0.5 p1 46661 8
9567 27862518 m2 4728032 -9.94755464e-06 0.5 p1 46664 8
6239 27866327 m2 3097778 -2.94283273e-05 0.5 p1 46675 8
2656 27867192 m2 1344315 -4.64568473e-08 0.5 p1 46677 8
10067 27867421 m2 4981493 -2.38254052e-05 0.5 p1 46678 8
688 27874265 m2 355648 -3.20309082e-05 0.5 p1 46695 8
3367 27875612 m2 1688575 -0.000228416829 0.5 p1 46699 8
85 27880276 m2 49412 -1.86299021e-09 0.5 p1 46711 8
1178 27882066 m2 603832 -5.89836527e-05 0.5 p1 46716 8
6370 27889954 m2 3157571 -1.82032423e-07 0.5 p1 46736 8
4675 27890787 m2 2316462 -1.17787317e-06 0.5 p1 46738 8
1916 27893149 m2 977788 -7.20185511e-09 0.5 p1 46744 8
1535 27898827 m2 782351 -7.34872738e-05 0.5 p1 46759 8
8918 27899647 m2 4418625 -0.000471385167 0.5 p1 46761 8
3460 27908350 m2 1732200 -3.20779662e-07 0.5 p1 46783 8
8778 27911636 m2 4351955 -0.000473783031 0.5 p1 46792 8
3776 27915661 m2 1893583 -1.32676914e-05 0.5 p1 46803 8
7127 27917948 m2 3526217 -0.00113966921 0.5 p1 46808 8
306 27919520 m2 159959 -2.47486547e-13 0.5 p1 46812 8
6425 27922308 m2 3182853 -2.63757079e-06 0.5 p1 46820 8
8071 27923365 m2 3994768 -0.000283495319 0.5 p1 46823 8
8684 27923548 m2 4308010 -3.90118694e-05 0.5 p1 46823 8
584 27926866 m2 302233 -0.00104739598 0.5 p1 46832 8
8196 27928715 m2 4061151 -0.00030350106 0.5 p1 46836 8
4977 27936436 m2 2458171 -9.32929033e-05 0.5 p1 46857 8
2907 27939512 m2 1461046 -8.13945735e-06 0.5 p1 46865 8
7785 27940790 m2 3869176 -6.2518626e-07 0.5 p1 46868 8
4302 27944806 m2 2151214 -6.92962203e-05 0.5 p1 46879 8
3585 27946042 m2 1796120 -6.62152297e-06 0.5 p1 46882 8
4025 27947990 m2 2009044 -0.000236712542 0.5 p1 46887 8
1249 27950230 m2 638189 -7.06774514e-08 0.5 p1 46893 8
6232 27951024 m2 3093983 -5.98986335e-05 0.5 p1 46895 8
7509 27957309 m2 3726972 -1.30794679e-05 0.5 p1 46911 8
8185 27960312 m2 4054021 -3.43220786e-12 0.5 p1 46919 8
5323 27965529 m2 2646804 -0.00020819476 0.5 p1 46932 8
8752 27969273 m2 4339236 -0.000128857297 0.5 p1 46943 8
399 27973029 m2 208331 -0.000531028607 0.5 p1 46953 8
9038 27977480 m2 4471718 -0.000373097137 0.5 p1 46964 8
6521 27979383 m2 3231260 -8.14685882e-06 0.5 p1 46969 8
1273 27987338 m2 648456 -0.000241593443 0.5 p1 46991 8
6535 27987555 m2 3239594 -3.19581773e-07 0.5 p1 46991 8
4758 27989198 m2 2351393 -3.52647257e-05 0.5 p1 46996 8
9966 27994387 m2 4936411 -0.000454854657 0.5 p1 47009 8
6682 27994401 m2 3313750 -3.02543503e-06 0.5 p1 47009 8
7097 27995654 m2 3512646 -2.1476842e-07 0.5 p1 47012 8
8064 28000494 m2 3992555 -0.000157219751 0.5 p1 47025 8
1497 28000659 m2 762948 -1.38679357e-09 0.5 p1 47026 8
446 28003716 m2 234333 -7.3730821e-06 0.5 p1 47034 8
910 28003940 m2 472541 -3.06533002e-05 0.5 p1 47034 8
4618 28005574 m2 2287660 -0.00125692424 0.5 p1 47039 8
3489 28005581 m2 1745970 -0.000261639594 0.5 p1 47039 8
8829 28005821 m2 4377672 -0.00313594961 0.5 p1 47039 8
4002 28009414 m2 1995770 -2.00684001e-15 0.5 p1 47049 8
5226 28017659 m2 2600765 -9.6469897e-14 0.5 p1 47070 8
235 28022297 m2 120860 -0.00195701187 0.5 p1 47082 8
6245 28026039 m2 3099684 -0.000127217456 0.5 p1 47092 8
8508 28028409 m2 4221350 -1.53838471e-07 0.5 p1 47098 8
4969 28033393 m2 2455193 -0.00019833057 0.5 p1 47111 8
9405 28035609 m2 4647404 -1.04124265e-09 0.5 p1 47117 8
8456 28039745 m2 4195819 -0.00319747347 0.5 p1 47127 8
4005 28041690 m2 1997413 -0.000350337039 0.5 p1 47132 8
4922 28047644 m2 2433880 -0.000536565902 0.5 p1 47148 8
7485 28049289 m2 3717287 -0.000435134512 0.5 p1 47153 8
5519 28052504 m2 2749585 -5.20418264e-10 0.5 p1 47162 8
7691 28053376 m2 3823585 -6.47216496e-07 0.5 p1 47164 8
1785 28053472 m2 902521 -0.000102259146 0.5 p1 47164 8
3701 28062812 m2 1852422 -3.81324639e-07 0.5 p1 47189 8
213 28063579 m2 114020 -6.14738019e-05 0.5 p1 47191 8
4184 28066215 m2 2094423 -0.000226492237 0.5 p1 47198 8
4443 28070222 m2 2211635 -1.3283892e-07 0.5 p1 47208 8
328 28074836 m2 169643 -0.000123753853 0.5 p1 47220 8
8861 28075125 m2 4396077 -3.1179768e-06 0.5 p1 47221 8
782 28076094 m2 400616 -0.00145373435 0.5 p1 47223 8
5648 28077470 m2 2808951 -0.00053204305 0.5 p1 47227 8
9702 28081756 m2 4799435 -1.35052304e-07 0.5 p1 47238 8
2423 28084004 m2 1230893 -0.000802365888 0.5 p1 47244 8
8556 28084013 m2 4244869 -1.77987404e-05 0.5 p1 47244 8
3378 28089040 m2 1692998 -8.33753347e-06 0.5 p1 47257 8
5025 28090594 m2 2483653 -3.5628043e-06 0.5 p1 47261 8
3681 28103151 m2 1841195 -1.09332493e-15 0.5 p1 47295 8
6792 28105326 m2 3373311 -0.00111766334 0.5 p1 47301 8
6632 28113217 m2 3290484 -4.74616081e-06 0.5 p1 47322 8
960 28113609 m2 496744 -6.23701853e-05 0.5 p1 47323 8
549 28116695 m3 285076 0.00293331174 0.5 p1 47331 8
1754 28118821 m2 891372 -0.00032197003 0.5 p1 47337 8
1198 28120903 m2 613633 -0.000107351698 0.5 p1 47343 8
5504 28121397 m2 2737043 -3.72954819e-05 0.5 p1 47344 8
4332 28122005 m2 2166938 -1.94904737e-06 0.5 p1 47346 8
7739 28122073 m2 3849793 -7.57194218e-09 0.5 p1 47346 8
8438 28122536 m2 4186096 -7.37611676e-18 0.5 p1 47347 8
9514 28122882 m2 4700736 -2.48559645e-05 0.5 p1 47348 8
8651 28126522 m2 4288222 -0.000763019023 0.5 p1 47358 8
5567 28128150 m3 2772833 6.33120944e-05 0.5 p1 47363 8
6857 28138577 m2 3404093 -3.26530499e-05 0.5 p1 47391 8
7544 28140730 m2 3748701 -8.61692939e-08 0.5 p1 47396 8
5795 28141446 m2 2884262 -5.47086954e-09 0.5 p1 47398 8
7726 28143872 m2 3842831 -0.000475124747 0.5 p1 47404 8
4149 28153980 m2 2077571 -6.64131361e-10 0.5 p1 47432 8
6127 28154385 m2 3044127 -7.92670164e-07 0.5 p1 47433 8
10011 28159281 m2 4958857 -4.31595181e-05 0.5 p1 47446 8
4657 28162183 m2 2308438 -0.000357893121 0.5 p1 47454 8
5073 28165589 m2 2510637 -0.00305605447 0.5 p1 47463 8
3081 28174611 m2 1551078 -3.9042348e-07 0.5 p1 47488 8
5597 28182703 m2 2787365 -1.96514549e-12 0.5 p1 47510 8
2650 28183452 m2 1342561 -0.000320834661 0.5 p1 47512 8
8466 28184898 m2 4201066 -8.20379213e-08 0.5 p1 47516 8
1659 28187864 m2 839649 -9.94212601e-10 0.5 p1 47524 8
9705 28190215 m2 4801545 -2.79691006e-12 0.5 p1 47531 8
400 28191903 m2 209784 -8.96181446e-05 0.5 p1 47535 8
377 28195399 m2 197233 -6.25450266e-05 0.5 p1 47545 8
1126 28196130 m2 580132 -1.64192807e-06 0.5 p1 47547 8
3715 28196496 m2 1859211 -2.73139722e-05 0.5 p1 47548 8
1237 28197483 m2 630252 -9.27673973e-05 0.5 p1 47551 8
8380 28198719 m2 4158055 -9.04885222e-10 0.5 p1 47554 8
4481 28204539 m2 2227997 -9.76708179e-07 0.5 p1 47570 8
352 28204646 m2 185463 -5.5083965e-06 0.5 p1 47570 8
452 28206383 m2 237439 -3.71318674e-05 0.5 p1 47574 8
3906 28210607 m2 1950732 -0.000814714702 0.5 p1 47586 8
2799 28213409 m2 1406145 -0.00013999331 0.5 p1 47593 8
2452 28214861 m2 1241998 -0.000939268037 0.5 p1 47597 8
3242 28221642 m2 1627599 -8.20760533e-07 0.5 p1 47616 8
746 28222535 m2 383682 -0.000227270401 0.5 p1 47618 8
1243 28223005 m2 634618 -5.80008097e-10 0.5 p1 47619 8
4121 28223927 m2 2064884 -0.000155609669 0.5 p1 47622 8
5364 28227951 m2 2668818 -7.06399161e-09 0.5 p1 47632 8
4402 28236722 m2 2195339 -0.000625986897 0.5 p1 47656 8
2009 28238047 m2 1027294 -0.000647832407 0.5 p1 47660 8
233 28242715 m2 120305 -2.76548817e-05 0.5 p1 47672 8
9044 28243901 m2 4474930 -1.70395836e-07 0.5 p1 47676 8
3553 28244253 m2 1777103 -5.45849699e-10 0.5 p1 47677 8
1568 28245835 m2 796957 -4.17841011e-06 0.5 p1 47681 8
9261 28247195 m2 4573247 -1.64533933e-08 0.5 p1 47685 8
9911 28248935 m2 4911707 -0.000260424975 0.5 p1 47689 8
7524 28254258 m2 3735076 -0.000426970713 0.5 p1 47704 8
410 28255363 m2 215820 -2.1275957e-08 0.5 p1 47707 8
6347 28256043 m2 3148032 -1.99381043e-06 0.5 p1 47709 8
1782 28256866 m2 901651 -3.25175788e-05 0.5 p1 47711 8
9188 28258479 m2 4539168 -0.000125880426 0.5 p1 47716 8
8120 28267075 m2 4018501 -1.14226125e-07 0.5 p1 47739 8
648 28270761 m2 336275 -0.000927103683 0.5 p1 47749 8
2595 28271336 m2 1313093 -3.73597322e-06 0.5 p1 47750 8
5663 28271798 m2 2820426 -1.15581065e-06 0.5 p1 47752 8
6112 28272522 m2 3037181 -6.6715493e-14 0.5 p1 47753 8
8429 28273019 m2 4182418 -0.000174969071 0.5 p1 47755 8
6665 28274412 m2 3309095 -1.88666127e-05 0.5 p1 47758 8
9642 28276736 m2 4773057 -0.000223267809 0.5 p1 47764 8
288 28281508 m2 149738 -0.000420238503 0.5 p1 47777 8
7391 28284119 m2 3671692 -0.000492314401 0.5 p1 47784 8
3545 28290322 m2 1771063 -5.27979773e-06 0.5 p1 47800 8
6371 28291252 m2 3157783 -2.25369661e-07 0.5 p1 47803 8
4749 28292435 m2 2348271 -0.00143751095 0.5 p1 47806 8
10093 28295455 m2 4991758 -0.00068212545 0.5 p1 47814 8
1836 28306434 m2 932352 -9.37960155e-15 0.5 p1 47844 8
3642 28310067 m2 1819775 -0.000530185644 0.5 p1 47854 8
3786 28311389 m2 1898854 -0.000690320274 0.5 p1 47857 8
3752 28314804 m2 1878823 -1.042136e-12 0.5 p1 47867 8
2173 28315417 m2 1113410 -6.87684815e-06 0.5 p1 47869 8
7654 28317584 m2 3806667 -2.38492594e-05 0.5 p1 47875 8
6968 28317753 m2 3450791 -0.000117532851 0.5 p1 47875 8
6283 28318097 m2 3116041 -1.46019265e-05 0.5 p1 47876 8
9281 28322240 m2 4584115 -6.96888719e-06 0.5 p1 47887 8
3179 28323834 m2 1597760 -0.00027123731 0.5 p1 47891 8
8828 28327481 m2 4377378 -0.000667506596 0.5 p1 47901 8
3865 28328095 m2 1934456 -0.000276737788 0.5 p1 47903 8
1713 28328895 m2 870215 -0.000990957487 0.5 p1 47905 8
9269 28332478 m2 4576849 -3.43164015e-06 0.5 p1 47915 8
857 28334191 m2 445314 -7.20044045e-06 0.5 p1 47920 8
4695 28334542 m2 2324326 -5.88621901e-07 0.5 p1 47921 8
1556 28340248 m2 790482 -0.000109688437 0.5 p1 47937 8
7813 28340400 m2 3883455 -5.76580828e-09 0.5 p1 47937 8
7093 28340804 m2 3511341 -0.000240411464 0.5 p1 47938 8
4602 28344110 m2 2282952 -1.45775393e-05 0.5 p1 47947 8
2976 28344297 m2 1499884 -0.000165286227 0.5 p1 47948 8
2896 28344560 m2 1454069 -1.83271986e-05 0.5 p1 47948 8
4059 28345295 m2 2028705 -0.000798197812 0.5 p1 47950 8
9002 28347685 m2 4451432 -6.9406309e-07 0.5 p1 47957 8
1675 28348695 m2 848954 -2.33735051e-07 0.5 p1 47960 8
1109 28350360 m2 570953 -1.86419238e-05 0.5 p1 47964 8
5083 28352799 m2 2514610 -1.23364407e-05 0.5 p1 47971 8
9599 28354673 m2 4741965 -6.38680486e-09 0.5 p1 47976 8
9476 28355581 m2 4682337 -1.08228423e-05 0.5 p1 47979 8
7285 28359246 m2 3611051 -0.000537138898 0.5 p1 47989 8
1428 28360388 m2 723847 -6.98270981e-07 0.5 p1 47992 8
8907 28361540 m2 4416243 -6.6931083e-05 0.5 p1 47995 8
919 28370555 m2 475514 -1.37690135e-08 0.5 p1 48020 8
7428 28373012 m2 3687491 -1.40942993e-05 0.5 p1 48027 8
8518 28376081 m2 4226552 -0.00116669654 0.5 p1 48036 8
3345 28376796 m2 1676414 -0.000143980098 0.5 p1 48038 8
6511 28377287 m2 3227644 -0.000738092582 0.5 p1 48039 8
9428 28380376 m2 4656712 -5.67609681e-10 0.5 p1 48048 8
8202 28383511 m2 4063771 -2.93479197e-08 0.5 p1 48056 8
9052 28387380 m2 4477059 -0.000263797527 0.5 p1 48067 8
3326 28389454 m2 1666029 -6.14815872e-05 0.5 p1 48073 8
8604 28393923 m2 4267214 -5.21112725e-07 0.5 p1 48085 8
5704 28398427 m2 2841413 -2.73910983e-09 0.5 p1 48097 8
3863 28399343 m2 1933810 -8.43070011e-05 0.5 p1 48100 8
3939 28400957 m2 1964158 -0.000262825546 0.5 p1 48104 8
9987 28404975 m2 4946654 -5.80600281e-05 0.5 p1 48115 8
2948 28406814 m2 1484804 -6.75609272e-06 0.5 p1 48120 8
1074 28409169 m2 556651 -1.40949865e-07 0.5 p1 48127 8
8795 28410077 m2 4359808 -0.00288658985 0.5 p1 48129 8
3438 28411426 m2 1723146 -2.8149434e-06 0.5 p1 48133 8
6171 28412886 m2 3067264 -0.00118892745 0.5 p1 48136 8
10055 28413096 m2 4976230 -0.000139973941 0.5 p1 48137 8
6268 28414372 m3 3109754 0.00126954704 0.5 p1 48140 8
6622 28415815 m2 3286564 -4.58297109e-07 0.5 p1 48144 8
9623 28417024 m2 4758360 -5.55397583e-06 0.5 p1 48148 8
2403 28418236 m2 1220019 -5.06413417e-05 0.5 p1 48151 8
1042 28418665 m2 537992 -1.7161824e-08 0.5 p1 48152 8
320 28424927 m2 166492 -2.87566872e-13 0.5 p1 48170 8
3666 28439954 m2 1832821 -2.31369577e-05 0.5 p1 48211 8
1823 28444094 m2 924661 -1.07209808e-09 0.5 p1 48222 8
4074 28444871 m2 2038429 -0.000873074925 0.5 p1 48224 8
6647 28445408 m2 3300101 -0.000134645205 0.5 p1 48226 8
10014 28447170 m2 4959714 -0.000276228297 0.5 p1 48231 8
4024 28451190 m2 2008746 -0.00017302674 0.5 p1 48242 8
7690 28456603 m2 3823528 -1.30835986e-07 0.5 p1 48257 8
4516 28461235 m2 2245017 -1.59897571e-08 0.5 p1 48270 8
3054 28462468 m2 1538014 -0.000401267665 0.5 p1 48273 8
7247 28469632 m2 3590721 -7.70994504e-08 0.5 p1 48293 8
1152 28470126 m2 595151 -0.00207576551 0.5 p1 48294 8
828 28473880 m2 428307 -8.05002346e-05 0.5 p1 48305 8
6979 28475485 m2 3456088 -9.44782585e-07 0.5 p1 48310 8
4499 28477324 m2 2235271 -6.1646474e-06 0.5 p1 48315 8
5375 28480062 m2 2672174 -1.67697991e-11 0.5 p1 48322 8
7893 28483100 m2 3918549 -1.10070641e-06 0.5 p1 48331 8
6090 28483377 m2 3029588 -8.46973251e-07 0.5 p1 48332 8
8831 28484018 m2 4378236 -1.38315227e-05 0.5 p1 48333 8
3206 28490767 m2 1609108 -3.08438212e-05 0.5 p1 48352 8
2673 28491641 m3 1352015 0.00177362387 0.5 p1 48355 8
5960 28491760 m2 2967624 -3.78877161e-07 0.5 p1 48355 8
4439 28497609 m3 2209522 0.000470593077 0.5 p1 48371 8
3726 28498394 m2 1865193 -0.00085495587 0.5 p1 48374 8
7964 28498586 m2 3949721 -8.98275732e-10 0.5 p1 48374 8
666 28498901 m2 344808 -6.40988596e-09 0.5 p1 48375 8
2516 28501256 m2 1280064 -0.00261558453 0.5 p1 48382 8
694 28504897 m2 357046 -1.81224391e-06 0.5 p1 48392 8
5215 28505779 m2 2595793 -4.31514223e-07 0.5 p1 48395 8
9810 28509847 m2 4862025 -8.79443542e-06 0.5 p1 48406 8
7408 28509942 m2 3678878 -0.000176381058 0.5 p1 48406 8
8930 28514910 m2 4422783 -1.48330389e-06 0.5 p1 48420 8
4199 28516363 m2 2100542 -3.8524032e-08 0.5 p1 48424 8
8894 28517966 m2 4409740 -2.57329193e-05 0.5 p1 48428 8
1853 28526058 m2 940453 -0.00120631559 0.5 p1 48450 8
1678 28527951 m2 850014 -9.44308122e-05 0.5 p1 48456 8
2499 28528756 m2 1269763 -2.65199214e-05 0.5 p1 48458 8
6549 28529619 m2 3252278 -0.00210962282 0.5 p1 48461 8
2345 28533707 m2 1196836 -4.5038556e-05 0.5 p1 48472 8
9151 28538414 m2 4522203 -0.00323893153 0.5 p1 48485 8
4556 28543485 m2 2262912 -5.26802424e-08 0.5 p1 48499 8
6832 28546252 m3 3393716 0.000300063402 0.5 p1 48507 8
1561 28548854 m2 793566 -0.000183292577 0.5 p1 48515 8
5722 28552382 m2 2849823 -5.26972599e-06 0.5 p1 48525 8
5527 28562188 m2 2752856 -7.32138415e-06 0.5 p1 48553 8
4084 28564526 m2 2043333 -1.81704252e-07 0.5 p1 48559 8
10074 28565000 m2 4983807 -2.18557634e-05 0.5 p1 48561 8
2715 28570317 m2 1371101 -0.00183136272 0.5 p1 48576 8
702 28572534 m2 361707 -0.000218094254 0.5 p1 48583 8
4194 28574260 m2 2097456 -1.95892108e-06 0.5 p1 48587 8
3748 28576007 m2 1876194 -5.08495259e-06 0.5 p1 48593 8
4923 28584521 m2 2435349 -0.00203817431 0.5 p1 48616 8
1329 28586753 m2 676252 -3.29514571e-09 0.5 p1 48623 8
6163 28589868 m2 3061387 -7.04655104e-05 0.5 p1 48631 8
8013 28598170 m2 3967835 -6.49419671e-05 0.5 p1 48655 8
8607 28599671 m2 4268777 -6.64937106e-05 0.5 p1 48659 8
2993 28603177 m2 1508994 -0.000184218123 0.5 p1 48669 8
4632 28609762 m2 2291762 -1.08498182e-06 0.5 p1 48687 8
4030 28613221 m2 2010821 -0.00038105814 0.5 p1 48697 8
9061 28617119 m2 4480813 -0.00474246033 0.5 p1 48708 8
7076 28619511 m2 3504125 -0.000261932029 0.5 p1 48714 8
1327 28623967 m2 675886 -0.000336938188 0.5 p1 48726 8
8586 28628653 m2 4255942 -0.00011296189 0.5 p1 48739 8
289 28629153 m2 150023 -1.25869008e-06 0.5 p1 48741 8
2526 28633441 m2 1286587 -8.86931375e-05 0.5 p1 48753 8
8501 28633840 m2 4218010 -0.000985716586 0.5 p1 48754 8
7627 28636177 m2 3789272 -9.13831809e-06 0.5 p1 48760 8
2494 28643523 m2 1267911 -0.000300524378 0.5 p1 48781 8
7802 28644862 m2 3878063 -0.000101321122 0.5 p1 48785 8
7622 28645363 m2 3787163 -1.5909464e-08 0.5 p1 48786 8
1280 28646005 m2 652949 -9.25631967e-13 0.5 p1 48788 8
1728 28649637 m2 876233 -1.80248581e-08 0.5 p1 48798 8
1681 28651656 m2 851937 -0.000473280059 0.5 p1 48804 8
7996 28653397 m2 3959743 -1.08906443e-06 0.5 p1 48808 8
6113 28653420 m2 3037456 -2.96438735e-10 0.5 p1 48809 8
1945 28653730 m3 994364 0.00555209629 0.5 p1 48809 8
1797 28656283 m2 911315 -0.000817423686 0.5 p1 48817 8
8883 28662069 m2 4405374 -0.000991977751 0.5 p1 48833 8
4879 28664704 m2 2413301 -3.03777451e-05 0.5 p1 48840 8
7392 28668883 m2 3671771 -0.000735601236 0.5 p1 48852 8
8073 28669336 m2 3995727 -1.83932549e-08 0.5 p1 48853 8
5825 28671474 m2 2899851 -0.00303464523 0.5 p1 48860 8
5075 28674579 m2 2510698 -0.000573901401 0.5 p1 48868 8
6360 28679703 m2 3153654 -0.000215053311 0.5 p1 48883 8
1351 28680540 m2 685778 -1.37943982e-06 0.5 p1 48885 8
3976 28680668 m2 1983196 -1.07052811e-10 0.5 p1 48885 8
5493 28682118 m2 2732760 -0.000201906834 0.5 p1 48890 8
253 28682370 m2 127689 -3.49488573e-06 0.5 p1 48890 8
976 28682573 m2 506586 -3.31899805e-08 0.5 p1 48891 8
1977 28683743 m2 1009741 -6.28969656e-06 0.5 p1 48894 8
1043 28689032 m2 538155 -5.60859276e-11 0.5 p1 48909 8
3126 28689727 m2 1569712 -6.7381829e-09 0.5 p1 48911 8
9878 28697871 m2 4896827 -0.000251641526 0.5 p1 48934 8
9651 28697996 m2 4774926 -0.00260122959 0.5 p1 48935 8
8773 28700744 m2 4349578 -2.40084647e-10 0.5 p1 48942 8
280 28702165 m2 143401 -1.64982157e-06 0.5 p1 48947 8
877 28704780 m2 454747 -4.67299651e-05 0.5 p1 48954 8
2284 28705136 m2 1162136 -9.17947163e-10 0.5 p1 48955 8
2755 28707281 m2 1383498 -1.639857e-10 0.5 p1 48961 8
7075 28708904 m2 3502964 -5.63670983e-06 0.5 p1 48966 8
2950 28709459 m2 1486213 -2.22569203e-11 0.5 p1 48967 8
4812 28709528 m2 2378937 -0.000561829598 0.5 p1 48967 8
3327 28709930 m2 1666098 -0.000284798705 0.5 p1 48968 8
2410 28711043 m2 1224549 -5.88688579e-07 0.5 p1 48972 8
7570 28711130 m2 3760164 -1.51160449e-07 0.5 p1 48972 8
7128 28712213 m2 3526503 -6.62589155e-05 0.5 p1 48975 8
3548 28719975 m2 1773781 -4.24696118e-05 0.5 p1 48997 8
5502 28721884 m2 2735660 -1.39248257e-11 0.5 p1 49002 8
5237 28725387 m2 2604671 -0.00115251099 0.5 p1 49012 8
9322 28726563 m2 4608371 -0.000212796906 0.5 p1 49016 8
7403 28727724 m2 3676700 -0.000117318756 0.5 p1 49019 8
9167 28731575 m2 4530507 -2.13793464e-05 0.5 p1 49030 8
995 28732738 m2 512988 -1.31589422e-05 0.5 p1 49033 8
6957 28737015 m2 3448563 -0.000177554233 0.5 p1 49045 8
5060 28741829 m2 2502679 -6.09536037e-05 0.5 p1 49059 8
4797 28745670 m2 2371988 -6.31429612e-06 0.5 p1 49070 8
5402 28748946 m2 2684083 -2.02903188e-08 0.5 p1 49079 8
8845 28751765 m2 4386369 -0.000236158914 0.5 p1 49087 8
9035 28753721 m2 4471004 -0.000977347023 0.5 p1 49093 8
5761 28759587 m2 2867840 -0.000126340397 0.5 p1 49110 8
6417 28763753 m2 3178343 -7.05385173e-06 0.5 p1 49122 8
2005 28775745 m2 1023693 -3.74968549e-05 0.5 p1 49157 8
6520 28777545 m2 3231230 -1.60984435e-08 0.5 p1 49162 8
78 28778206 m2 46102 -0.000496637949 0.5 p1 49164 8
2588 28787056 m2 1309933 -8.2589554e-07 0.5 p1 49189 8
3559 28787057 m2 1780684 -0.000861064764 0.5 p1 49189 8
476 28787754 m2 246766 -0.000362208928 0.5 p1 49191 8
7997 28789852 m2 3959786 -6.18038321e-05 0.5 p1 49197 8
8445 28790243 m2 4188751 -5.14887063e-07 0.5 p1 49198 8
4503 28790754 m2 2237122 -4.55086913e-10 0.5 p1 49200 8
325 28791521 m2 168361 -0.000386588945 0.5 p1 49202 8
7296 28793935 m2 3616479 -7.14995213e-06 0.5 p1 49209 8
5750 28798076 m2 2864057 -9.93437581e-08 0.5 p1 49221 8
8061 28798489 m2 3990486 -3.9947292e-05 0.5 p1 49222 8
7670 28802901 m2 3814105 -1.16487017e-05 0.5 p1 49235 8
1055 28804148 m2 546909 -2.98422506e-12 0.5 p1 49238 8
5119 28807448 m2 2536410 -0.00136878714 0.5 p1 49248 8
6835 28808328 m2 3394124 -9.91611523e-05 0.5 p1 49250 8
4138 28809436 m2 2071380 -0.00144301122 0.5 p1 49254 8
8131 28810290 m2 4023873 -0.000143938843 0.5 p1 49256 8
9232 28812388 m2 4559853 -0.00010996042 0.5 p1 49262 8
631 28812968 m2 326370 -2.63506514e-08 0.5 p1 49264 8
1629 28813457 m2 823799 -2.09691334e-05 0.5 p1 49265 8
9846 28813780 m2 4880850 -0.00088372099 0.5 p1 49266 8
7337 28816525 m2 3637390 -4.82674398e-15 0.5 p1 49274 8
2360 28819349 m2 1200266 -0.00197816803 0.5 p1 49282 8
6936 28821193 m2 3438293 -0.000140870339 0.5 p1 49287 8
6149 28824346 m2 3054470 -0.000460361131 0.5 p1 49297 8
9352 28831894 m2 4624414 -1.67496057e-06 0.5 p1 49318 8
3998 28832357 m2 1993646 -6.20797351e-08 0.5 p1 49320 8
10064 28833448 m2 4981174 -4.20171801e-07 0.5 p1 49323 8
6340 28837456 m2 3145963 -1.54236393e-08 0.5 p1 49334 8
9963 28843612 m2 4935740 -0.000191549363 0.5 p1 49352 8
9589 28845792 m2 4739354 -0.000851052813 0.5 p1 49359 8
4520 28848497 m2 2247597 -2.88954602e-08 0.5 p1 49367 8
8066 28850616 m2 3993310 -3.92818292e-05 0.5 p1 49373 8
7619 28855888 m2 3786254 -6.27319532e-05 0.5 p1 49388 8
2938 28860503 m2 1478838 -0.000252655824 0.5 p1 49401 8
1057 28864864 m2 548086 -6.03960034e-05 0.5 p1 49414 8
2111 28866151 m2 1078537 -3.16384714e-08 0.5 p1 49418 8
1250 28867461 m2 638235 -0.00071726623 0.5 p1 49421 8
8950 28868424 m3 4431355 0.000916092191 0.5 p1 49424 8
7000 28870745 m2 3469044 -5.08283301e-06 0.5 p1 49431 8
2922 28871751 m2 1469854 -0.00036145671 0.5 p1 49433 8
461 28886468 m2 241326 -0.000132390458 0.5 p1 49475 8
9285 28886893 m2 4587710 -0.000242742841 0.5 p1 49476 8
172 28890003 m2 94383 -1.44351798e-05 0.5 p1 49486 8
200 28890380 m2 106954 -1.54033302e-07 0.5 p1 49487 8
9641 28892172 m2 4770031 -1.15832643e-09 0.5 p1 49492 8
9548 28894916 m2 4720998 -0.00107602577 0.5 p1 49500 8
8353 28898742 m2 4145320 -0.000644263404 0.5 p1 49511 8
3465 28899105 m2 1734835 -0.00041245672 0.5 p1 49512 8
2045 28902031 m2 1046691 -0.00039299042 0.5 p1 49520 8
3751 28902884 m2 1878223 -0.000826812873 0.5 p1 49522 8
587 28903487 m2 304041 -3.71725628e-06 0.5 p1 49524 8
4539 28903941 m2 2256761 -2.01229788e-08 0.5 p1 49526 8
5094 28909209 m2 2521720 -4.28448984e-05 0.5 p1 49541 8
5613 28916588 m2 2792997 -2.47997741e-05 0.5 p1 49562 8
10060 28920059 m2 4978859 -1.94993754e-05 0.5 p1 49571 8
4798 28922941 m2 2372408 -0.000326917652 0.5 p1 49579 8
494 28928145 m2 259522 -0.0046768086 0.5 p1 49594 8
4259 28931731 m2 2130870 -0.00136887911 0.5 p1 49604 8
9556 28932567 m2 4723102 -5.41831196e-06 0.5 p1 49607 8
5888 28932884 m2 2932905 -0.00121271994 0.5 p1 49608 8
287 28943347 m2 149731 -0.00114609988 0.5 p1 49638 8
8622 28943416 m2 4276599 -3.69624615e-07 0.5 p1 49638 8
6852 28944718 m2 3399269 -0.0010697809 0.5 p1 49642 8
8882 28946474 m2 4404860 -7.08025036e-05 0.5 p1 49647 8
2277 28949321 m2 1158814 -0.00224341056 0.5 p1 49654 8
6025 28951801 m2 2998362 -3.44293455e-10 0.5 p1 49661 8
2147 28951874 m2 1099090 -0.000242147493 0.5 p1 49662 8
9498 28952212 m2 4693587 -0.000879262458 0.5 p1 49663 8
7353 28960627 m2 3644741 -3.27902043e-08 0.5 p1 49687 8
483 28965504 m2 250592 -0.000330791197 0.5 p1 49700 8
3735 28970498 m2 1871204 -1.30751614e-14 0.5 p1 49715 8
2270 28974952 m2 1155802 -1.01487752e-08 0.5 p1 49728 8
2047 28977977 m2 1049096 -0.000250100828 0.5 p1 49736 8
582 28978266 m2 301090 -0.000578799925 0.5 p1 49737 8
6992 28986753 m2 3464055 -3.23890952e-13 0.5 p1 49761 8
500 28988531 m2 262490 -0.000127725172 0.5 p1 49766 8
4044 28989078 m2 2019305 -0.0024837919 0.5 p1 49768 8
6444 28990131 m2 3191754 -1.0593837e-05 0.5 p1 49770 8
7163 28991511 m2 3554618 -0.000125050065 0.5 p1 49774 8
8561 28993125 m2 4245806 -3.0093026e-05 0.5 p1 49779 8
4047 28998683 m2 2021527 -0.000102062768 0.5 p1 49796 8
977 29000388 m2 507292 -1.50818305e-05 0.5 p1 49801 8
9406 29001954 m2 4647858 -0.000563992478 0.5 p1 49805 8
3718 29004619 m2 1860418 -0.0013097513 0.5 p1 49813 8
5661 29006418 m3 2819002 3.95095594e-05 0.5 p1 49819 8
4775 29008008 m2 2362185 -1.11076395e-06 0.5 p1 49823 8
6429 29008632 m2 3185037 -0.00304833543 0.5 p1 49825 8
7949 29014428 m2 3943092 -0.000473881693 0.5 p1 49842 8
7892 29017369 m2 3918284 -2.11479364e-05 0.5 p1 49851 8
1596 29018187 m2 807769 -1.23135266e-10 0.5 p1 49853 8
2599 29020018 m2 1317301 -0.000341403473 0.5 p1 49859 8
2021 29020388 m2 1034236 -4.77430558e-06 0.5 p1 49860 8
1153 29020776 m2 595656 -0.000659561891 0.5 p1 49861 8
5687 29023969 m2 2829913 -2.34597956e-05 0.5 p1 49870 8
2249 29026362 m2 1145628 -2.57947067e-06 0.5 p1 49877 8
2878 29027619 m2 1444680 -3.37576057e-05 0.5 p1 49881 8
5212 29029678 m2 2593221 -1.10033245e-08 0.5 p1 49887 8
8847 29030010 m2 4388189 -1.08282086e-06 0.5 p1 49888 8
7736 29030973 m2 3847964 -0.000110620429 0.5 p1 49891 8
1289 29033230 m2 659102 -0.000119219316 0.5 p1 49897 8
5644 29034127 m2 2808080 -9.04482931e-07 0.5 p1 49900 8
3683 29043632 m2 1842228 -6.64150284e-05 0.5 p1 49928 8
4239 29044463 m2 2123449 -0.00107102992 0.5 p1 49931 8
772 29047038 m2 397850 -2.66816801e-06 0.5 p1 49938 8
9220 29049936 m2 4554550 -0.000307291659 0.5 p1 49947 8
8764 29050682 m2 4344472 -0.000392491464 0.5 p1 49949 8
1595 29052738 m2 807513 -2.8805951e-09 0.5 p1 49955 8
3708 29055160 m2 1856627 -0.000128066094 0.5 p1 49963 8
710 29057231 m2 367119 -1.03119771e-06 0.5 p1 49969 8
216 29061584 m2 114340 -3.94550043e-05 0.5 p1 49982 8
851 29062351 m2 442569 -3.02782428e-06 0.5 p1 49984 8
7494 29064602 m3 3721225 0.000685766863 0.5 p1 49991 8
178 29069195 m2 98061 -2.82724227e-06 0.5 p1 50004 8
4555 29070464 m2 2262806 -0.000792574487 0.5 p1 50008 8
586 29070488 m2 303742 -0.000114552458 0.5 p1 50008 8
815 29071750 m2 418526 -0.000122963495 0.5 p1 50012 8
2465 29072091 m2 1246184 -1.23883115e-06 0.5 p1 50013 8
2994 29074719 m2 1509646 -2.69211924e-08 0.5 p1 50020 8
1116 29078656 m2 577299 -1.27527082e-05 0.5 p1 50032 8
2332 29079897 m2 1190315 -0.000307969254 0.5 p1 50035 8
5829 29083032 m2 2902377 -1.11587084e-07 0.5 p1 50044 8
5832 29083033 m2 2905617 -4.43156523e-07 0.5 p1 50044 8
5585 29092452 m2 2780709 -1.20568711e-05 0.5 p1 50071 8
6297 29101935 m2 3120794 -0.000258994871 0.5 p1 50099 8
4544 29103336 m2 2259542 -2.51102347e-06 0.5 p1 50103 8
1498 29106656 m2 763416 -0.000172061846 0.5 p1 50113 8
7526 29110069 m2 3737533 -3.13306118e-05 0.5 p1 50122 8
474 29111966 m3 246506 0.00500050886 0.5 p1 50128 8
2140 29112683 m2 1096054 -9.70745532e-06 0.5 p1 50130 8
9954 29117643 m2 4932329 -0.00128071231 0.5 p1 50144 8
2780 29122792 m2 1394943 -4.72511456e-05 0.5 p1 50159 8
1536 29135714 m2 782992 -4.09851782e-06 0.5 p1 50197 8
2268 29137547 m2 1154511 -0.00314136641 0.5 p1 50202 8
6002 29137876 m2 2987346 -0.00194192294 0.5 p1 50203 8
2438 29141755 m2 1235989 -0.00175425271 0.5 p1 50214 8
2891 29142782 m2 1451696 -9.40004519e-10 0.5 p1 50217 8
2022 29142891 m2 1034926 -0.000508783502 0.5 p1 50218 8
6267 29143826 m2 3109630 -0.00186343421 0.5 p1 50220 8
1284 29146921 m2 655680 -2.28416866e-05 0.5 p1 50229 8
821 29148529 m2 424067 -0.000215651118 0.5 p1 50234 8
1879 29153051 m2 957051 -1.8411852e-09 0.5 p1 50248 8
9506 29157985 m2 4696328 -2.45014835e-08 0.5 p1 50262 8
1232 29159393 m2 627478 -0.000222157512 0.5 p1 50267 8
3159 29159867 m2 1586771 -2.06715004e-06 0.5 p1 50268 8
8166 29162425 m2 4039962 -5.07486426e-08 0.5 p1 50276 8
9399 29163485 m2 4645682 -0.00060280133 0.5 p1 50279 8
7770 29164415 m2 3863687 -3.21769242e-08 0.5 p1 50281 8
6959 29165338 m2 3448665 -2.33462447e-06 0.5 p1 50284 8
5753 29165742 m2 2866160 -0.000213982465 0.5 p1 50285 8
37 29166056 m2 23821 -7.7646213e-08 0.5 p1 50286 8
7772 29167035 m2 3863786 -5.38768308e-10 0.5 p1 50289 8
5870 29167152 m2 2925314 -3.25492729e-05 0.5 p1 50289 8
5616 29169095 m2 2794503 -0.00343286898 0.5 p1 50295 8
5207 29169163 m2 2591165 -0.000386672677 0.5 p1 50295 8
8864 29170453 m2 4396374 -4.04193497e-06 0.5 p1 50299 8
9494 29170691 m2 4693104 -5.06122306e-05 0.5 p1 50300 8
7846 29172278 m3 3896084 0.000390260946 0.5 p1 50305 8
2735 29175470 m2 1376886 -1.52481552e-11 0.5 p1 50314 8
9622 29176121 m2 4758089 -0.000259822322 0.5 p1 50316 8
1924 29183163 m2 981502 -2.29049266e-10 0.5 p1 50337 8
623 29189399 m2 322538 -5.90373456e-05 0.5 p1 50355 8
8358 29193438 m2 4148143 -0.000753749395 0.5 p1 50367 8
8273 29194901 m2 4105182 -0.000431538909 0.5 p1 50372 8
819 29197547 m2 423164 -0.00111942622 0.5 p1 50379 8
7031 29199790 m2 3483125 -2.13558815e-06 0.5 p1 50386 8
4497 29199914 m2 2234375 -4.86858529e-15 0.5 p1 50386 8
10068 29200166 m2 4981672 -0.000285316986 0.5 p1 50387 8
5738 29201044 m2 2856860 -0.000591305317 0.5 p1 50389 8
9900 29201225 m2 4904663 -8.83526172e-06 0.5 p1 50390 8
7930 29204389 m2 3935762 -1.12350655e-07 0.5 p1 50399 8
3506 29204958 m2 1750538 -2.32648745e-05 0.5 p1 50401 8
6726 29205945 m2 3339406 -1.54881707e-06 0.5 p1 50404 8
7595 29206779 m2 3773914 -2.81162538e-09 0.5 p1 50406 8
3355 29208772 m2 1680284 -1.54336487e-06 0.5 p1 50412 8
8916 29210313 m2 4418006 -0.00112876925 0.5 p1 50416 8
3722 29211032 m2 1863995 -0.000396619493 0.5 p1 50418 8
4597 29211270 m2 2280576 -3.46634442e-05 0.5 p1 50419 8
155 29211840 m3 83031 0.00098695315 0.5 p1 50421 8
5049 29213552 m2 2497880 -0.000620172825 0.5 p1 50425 8
6380 29214128 m2 3162549 -0.000634767406 0.5 p1 50427 8
5729 29214313 m2 2854328 -2.35790765e-09 0.5 p1 50428 8
5906 29217215 m2 2942457 -0.000282433088 0.5 p1 50436 8
2818 29221198 m2 1417754 -1.22252804e-05 0.5 p1 50448 8
8247 29224668 m2 4088786 -0.000242524271 0.5 p1 50457 8
7131 29228140 m2 3528576 -0.000166455022 0.5 p1 50468 8
4287 29231504 m2 2145147 -4.79893458e-07 0.5 p1 50477 8
3336 29236517 m3 1669520 0.00259156385 0.5 p1 50492 8
4967 29240730 m2 2454563 -0.00043464647 0.5 p1 50504 8
8272 29241183 m2 4105176 -3.74336764e-06 0.5 p1 50505 8
3990 29245995 m2 1990803 -5.72296821e-13 0.5 p1 50519 8
3963 29253030 m2 1976841 -8.58003114e-06 0.5 p1 50540 8
6788 29255482 m2 3372767 -1.78667651e-05 0.5 p1 50547 8
9959 29256505 m2 4934399 -7.68732966e-10 0.5 p1 50550 8
8654 29260890 m2 4289963 -0.000134710193 0.5 p1 50563 8
1170 29261554 m2 600736 -1.1490777e-07 0.5 p1 50565 8
2319 29262945 m2 1180287 -5.93986661e-05 0.5 p1 50569 8
1911 29263721 m2 975223 -0.0011287817 0.5 p1 50572 8
7897 29264985 m2 3920032 -5.69133476e-07 0.5 p1 50575 8
8672 29265112 m2 4302957 -6.06708272e-05 0.5 p1 50576 8
1020 29267303 m3 524599 0.000237673186 0.5 p1 50582 8
6775 29271032 m2 3368437 -0.000370992493 0.5 p1 50593 8
4537 29271122 m2 2255586 -1.1324438e-06 0.5 p1 50593 8
3564 29271274 m2 1783074 -2.98012546e-05 0.5 p1 50593 8
1758 29274614 m2 891805 -6.98633018e-09 0.5 p1 50603 8
8430 29275707 m2 4183144 -0.00032687193 0.5 p1 50606 8
9948 29277429 m2 4929941 -0.000257321255 0.5 p1 50611 8
2882 29279340 m2 1447878 -2.6831478e-05 0.5 p1 50617 8
7542 29282610 m2 3744989 -1.12271898e-07 0.5 p1 50626 8
4563 29283144 m2 2266133 -6.80746889e-05 0.5 p1 50628 8
4043 29292151 m3 2018895 0.00127021235 0.5 p1 50654 8
2199 29298392 m2 1122776 -0.000309811265 0.5 p1 50672 8
10043 29301096 m2 4972778 -2.80573098e-09 0.5 p1 50680 8
9441 29306260 m2 4667900 -1.8649553e-08 0.5 p1 50695 8
199 29308305 m2 106919 -9.43034174e-05 0.5 p1 50701 8
6138 29312410 m2 3048634 -3.33972155e-10 0.5 p1 50712 8
448 29313222 m2 235573 -0.000168401515 0.5 p1 50715 8
3887 29313341 m2 1945150 -0.000304576417 0.5 p1 50715 8
6856 29317008 m2 3403840 -0.00011816078 0.5 p1 50726 8
5444 29318151 m2 2710019 -0.00108781247 0.5 p1 50729 8
9768 29321918 m2 4832480 -0.000159926421 0.5 p1 50740 8
5743 29323932 m2 2859871 -2.13196495e-06 0.5 p1 50746 8
4368 29330267 m2 2182019 -1.78678656e-05 0.5 p1 50764 8
473 29330476 m2 246201 -0.000253901526 0.5 p1 50765 8
9110 29330944 m2 4508547 -7.47681781e-07 0.5 p1 50766 8
6260 29336657 m2 3107862 -5.03516333e-07 0.5 p1 50783 8
3473 29342093 m2 1738735 -1.13554597e-05 0.5 p1 50798 8
9050 29343831 m2 4476440 -1.44697888e-05 0.5 p1 50803 8
7077 29349728 m2 3504631 -6.82308473e-06 0.5 p1 50820 8
4343 29350770 m2 2170949 -6.36898476e-05 0.5 p1 50823 8
7519 29352595 m2 3731985 -4.46642571e-06 0.5 p1 50828 8
1196 29357291 m2 612690 -3.48900221e-06 0.5 p1 50842 8
3947 29362002 m2 1969358 -1.06855943e-07 0.5 p1 50856 8
2979 29364178 m2 1503406 -7.82069201e-12 0.5 p1 50862 8
9777 29365137 m2 4835752 -1.81547443e-06 0.5 p1 50865 8
8782 29367149 m2 4355309 -2.02389874e-08 0.5 p1 50871 8
8366 29367635 m2 4153466 -2.65008293e-06 0.5 p1 50872 8
4712 29374218 m2 2333344 -7.80994469e-09 0.5 p1 50892 8
9680 29382023 m3 4786517 0.000968973502 0.5 p1 50915 8
4858 29382092 m2 2399089 -9.35336993e-06 0.5 p1 50916 8
6290 29382145 m2 3118247 -0.00013294263 0.5 p1 50916 8
3274 29384597 m2 1641162 -0.00113449828 0.5 p1 50923 8
8436 29388883 m2 4185652 -0.000494881766 0.5 p1 50936 8
5638 29392272 m2 2804163 -3.17180638e-05 0.5 p1 50946 8
2216 29393526 m2 1130223 -1.95642707e-14 0.5 p1 50950 8
1644 29395729 m2 829585 -3.82860017e-05 0.5 p1 50956 8
4615 29396427 m2 2287163 -4.4255728e-09 0.5 p1 50958 8
3457 29398245 m2 1731711 -0.00176734908 0.5 p1 50964 8
1003 29403562 m2 516047 -3.88148891e-09 0.5 p1 50979 8
6143 29405019 m2 3050959 -7.98270848e-05 0.5 p1 50983 8
8017 29408726 m2 3970012 -2.28978606e-05 0.5 p1 50994 8
9310 29410314 m2 4604878 -0.000153350964 0.5 p1 50999 8
3524 29417187 m2 1759802 -3.38971586e-05 0.5 p1 51020 8
1898 29427328 m2 965375 -2.5063975e-05 0.5 p1 51049 8
5814 29427544 m2 2894265 -9.38459289e-06 0.5 p1 51050 8
3703 29429608 m2 1854620 -0.00141461636 0.5 p1 51056 8
2648 29435322 m2 1341681 -0.000134862465 0.5 p1 51073 8
7230 29436772 m2 3583844 -1.38642832e-07 0.5 p1 51078 8
1792 29444014 m2 909103 -9.14742999e-14 0.5 p1 51100 8
7107 29445235 m2 3516882 -0.000406847335 0.5 p1 51104 8
10005 29447108 m2 4957248 -4.2767229e-07 0.5 p1 51109 8
6412 29447738 m2 3176382 -0.000164702506 0.5 p1 51111 8
3265 29455821 m2 1638410 -1.43764667e-09 0.5 p1 51135 8
854 29456336 m2 444083 -0.000463775417 0.5 p1 51136 8
2820 29457031 m2 1418449 -5.46580701e-08 0.5 p1 51138 8
3032 29459028 m2 1529527 -4.53588291e-06 0.5 p1 51144 8
9359 29461143 m2 4625834 -0.000144098405 0.5 p1 51151 8
8312 29461181 m2 4125685 -0.000805707765 0.5 p1 51151 8
5518 29462348 m2 2749347 -9.37938239e-06 0.5 p1 51154 8
9123 29464341 m2 4513053 -0.000698903401 0.5 p1 51160 8
1601 29467924 m2 809954 -6.7761248e-11 0.5 p1 51171 8
9006 29471867 m2 4453545 -0.000560908229 0.5 p1 51182 8
2434 29473153 m2 1234693 -1.38686783e-05 0.5 p1 51186 8
5164 29485651 m2 2564664 -5.33328035e-11 0.5 p1 51224 8
4663 29486358 m2 2310693 -9.7124223e-07 0.5 p1 51226 8
1749 29489015 m2 888822 -1.05961299e-05 0.5 p1 51234 8
653 29495426 m2 338384 -7.94728658e-06 0.5 p1 51253 8
2524 29495444 m2 1286162 -6.09298077e-05 0.5 p1 51253 8
228 29496114 m2 117866 -2.3235596e-05 0.5 p1 51255 8
4814 29497658 m2 2379631 -0.00034246844 0.5 p1 51260 8
7065 29498628 m2 3498181 -4.82540372e-06 0.5 p1 51263 8
3172 29500014 m2 1595292 -0.000485539756 0.5 p1 51267 8
8949 29507814 m2 4430709 -8.23168375e-05 0.5 p1 51291 8
4000 29508686 m2 1994769 -0.00122416823 0.5 p1 51293 8
7252 29511879 m2 3593859 -0.000173631066 0.5 p1 51303 8
2288 29517178 m2 1164812 -2.20712318e-05 0.5 p1 51319 8
9025 29526160 m2 4465661 -2.45669253e-05 0.5 p1 51347 8
6366 29528155 m2 3156308 -0.00457979785 0.5 p1 51353 8
4505 29533841 m2 2237857 -0.000326286943 0.5 p1 51370 8
334 29536569 m2 173496 -0.00164572382 0.5 p1 51378 8
10058 29537347 m2 4978635 -0.00103204383 0.5 p1 51381 8
6721 29539069 m2 3338879 -2.0227701e-06 0.5 p1 51386 8
5175 29545307 m2 2572315 -4.58534214e-06 0.5 p1 51405 8
9287 29547586 m2 4589002 -4.38075148e-07 0.5 p1 51412 8
6759 29547856 m2 3362955 -0.000352637173 0.5 p1 51413 8
5406 29554361 m2 2685036 -6.25367e-14 0.5 p1 51433 8
9604 29554868 m2 4744119 -0.000154578709 0.5 p1 51434 8
3212 29555040 m2 1610689 -5.23336203e-05 0.5 p1 51435 8
1989 29555612 m2 1014381 -2.26286993e-05 0.5 p1 51436 8
4424 29559160 m2 2202943 -8.51856967e-05 0.5 p1 51447 8
1470 29561104 m2 748479 -0.000199895556 0.5 p1 51453 8
1169 29570185 m2 600631 -0.000400087156 0.5 p1 51480 8
3799 29571474 m2 1906151 -3.47230599e-13 0.5 p1 51484 8
8338 29575407 m2 4136879 -0.000199428425 0.5 p1 51496 8
4662 29575540 m2 2310474 -8.03783132e-06 0.5 p1 51497 8
7412 29576180 m2 3680811 -1.26795968e-07 0.5 p1 51498 8
1079 29576259 m2 559867 -1.21992451e-11 0.5 p1 51499 8
5405 29578468 m2 2684980 -3.93467817e-05 0.5 p1 51505 8
7528 29586816 m2 3739168 -8.79530671e-06 0.5 p1 51530 8
6263 29591265 m2 3108758 -2.25451913e-05 0.5 p1 51544 8
1187 29593692 m2 608550 -3.49190081e-08 0.5 p1 51551 8
8511 29594602 m2 4222954 -9.15529199e-07 0.5 p1 51554 8
3578 29601522 m2 1790667 -7.94110601e-05 0.5 p1 51575 8
5608 29601915 m2 2791714 -0.00508632604 0.5 p1 51577 8
7340 29608742 m2 3638294 -5.10775571e-05 0.5 p1 51597 8
7115 29610289 m2 3521427 -3.10570192e-09 0.5 p1 51602 8
9171 29610334 m2 4532254 -3.89071056e-06 0.5 p1 51602 8
50 29614545 m2 34890 -0.00120214804 0.5 p1 51615 8
3886 29620702 m2 1944709 -0.00168516079 0.5 p1 51634 8
528 29620725 m2 273636 -0.00111173512 0.5 p1 51634 8
6605 29624000 m2 3281654 -2.17416346e-05 0.5 p1 51644 8
1340 29624250 m2 680986 -0.000513451931 0.5 p1 51645 8
9717 29629822 m2 4809023 -1.35800328e-05 0.5 p1 51662 8
5602 29631973 m2 2788570 -1.12554561e-08 0.5 p1 51669 8
1163 29633433 m2 599063 -2.83525381e-08 0.5 p1 51673 8
8344 29634196 m2 4141404 -0.00018560492 0.5 p1 51675 8
6183 29639142 m2 3072964 -5.55752919e-08 0.5 p1 51690 8
7617 29639990 m2 3784843 -7.33519255e-06 0.5 p1 51693 8
3929 29641659 m2 1958702 -6.95704693e-06 0.5 p1 51698 8
8220 29643276 m2 4074282 -0.000181018942 0.5 p1 51703 8
3728 29643345 m2 1865321 -0.00051775988 0.5 p1 51704 8
1023 29644225 m2 526659 -8.0908265e-08 0.5 p1 51706 8
4119 29644709 m2 2064844 -0.00129746739 0.5 p1 51708 8
2541 29646784 m2 1291784 -4.5756311e-05 0.5 p1 51714 8
493 29649321 m2 259261 -2.73190344e-05 0.5 p1 51722 8
8262 29649475 m2 4099553 -2.04948179e-07 0.5 p1 51722 8
8943 29651928 m2 4427785 -0.000140678196 0.5 p1 51730 8
1763 29651946 m2 893552 -9.77278796e-06 0.5 p1 51730 8
1948 29657091 m2 996106 -3.38759861e-07 0.5 p1 51745 8
5523 29657556 m2 2751389 -0.000715917093 0.5 p1 51747 8
4224 29660773 m2 2113451 -2.54016027e-11 0.5 p1 51757 8
1734 29662715 m2 880697 -0.000251155987 0.5 p1 51763 8
3386 29664904 m2 1695047 -1.09768894e-06 0.5 p1 51770 8
2697 29666545 m2 1362094 -3.89456893e-08 0.5 p1 51775 8
3731 29668373 m2 1867235 -5.55185907e-05 0.5 p1 51780 8
6306 29670180 m2 3124486 -0.000257015286 0.5 p1 51786 8
527 29670637 m2 273521 -0.000148852341 0.5 p1 51787 8
1317 29671848 m2 670803 -3.84978375e-06 0.5 p1 51791 8
3535 29674377 m2 1768036 -0.000175197914 0.5 p1 51799 8
6961 29675722 m2 3448970 -1.28181148e-06 0.5 p1 51803 8
4739 29676150 m2 2345193 -1.73162298e-05 0.5 p1 51804 8
2304 29677217 m2 1172552 -7.50238032e-05 0.5 p1 51807 8
7057 29680950 m2 3495536 -5.13428458e-05 0.5 p1 51819 8
5929 29684815 m2 2953639 -0.00110012665 0.5 p1 51831 8
2445 29686224 m2 1239655 -4.31653469e-08 0.5 p1 51835 8
3028 29687506 m2 1528202 -0.000308663875 0.5 p1 51839 8
5783 29688247 m2 2878008 -2.43953536e-06 0.5 p1 51841 8
2103 29690402 m2 1075674 -0.000482121774 0.5 p1 51848 8
6095 29692462 m2 3031414 -4.28795444e-09 0.5 p1 51854 8
10054 29693226 m2 4975485 -0.000445320009 0.5 p1 51856 8
9973 29696912 m2 4938708 -8.23855044e-06 0.5 p1 51868 8
2444 29697672 m2 1239613 -1.85824877e-06 0.5 p1 51870 8
923 29699768 m2 477578 -0.000131393201 0.5 p1 51876 8
539 29700743 m2 278878 -0.000187804791 0.5 p1 51879 8
9436 29705807 m2 4661577 -5.18742013e-07 0.5 p1 51894 8
3433 29709737 m2 1719483 -1.31038432e-05 0.5 p1 51907 8
3696 29712878 m2 1850401 -0.000873639248 0.5 p1 51917 8
9096 29718711 m2 4499401 -1.31639331e-08 0.5 p1 51935 8
8433 29721026 m2 4185026 -1.04983826e-07 0.5 p1 51943 8
856 29721195 m2 444745 -7.20210301e-05 0.5 p1 51943 8
701 29729624 m2 361468 -0.000976716052 0.5 p1 51969 8
2696 29731008 m2 1361732 -1.84802261e-07 0.5 p1 51973 8
6469 29732260 m2 3204949 -1.13739979e-05 0.5 p1 51977 8
4082 29733869 m2 2041639 -2.14535419e-07 0.5 p1 51982 8
7535 29734404 m2 3742392 -3.50952578e-05 0.5 p1 51984 8
4957 29737408 m2 2449483 -6.65091534e-07 0.5 p1 51993 8
1445 29741823 m2 732424 -1.22187829e-10 0.5 p1 52007 8
3162 29742231 m2 1588591 -2.97026327e-05 0.5 p1 52008 8
1703 29743391 m2 866265 -3.03901834e-05 0.5 p1 52012 8
7239 29750111 m2 3587493 -0.000685959123 0.5 p1 52033 8
3784 29750153 m2 1898299 -0.000219992056 0.5 p1 52033 8
4066 29753211 m2 2033442 -0.000462452706 0.5 p1 52043 8
4655 29754247 m2 2307020 -0.00206140149 0.5 p1 52046 8
5768 29754674 m2 2871477 -0.000454632042 0.5 p1 52047 8
4036 29754795 m2 2013967 -1.10358694e-15 0.5 p1 52047 8
9131 29756147 m2 4515611 -7.89904152e-05 0.5 p1 52051 8
3997 29756877 m2 1993160 -3.42030689e-05 0.5 p1 52054 8
127 29761192 m2 71314 -2.11814004e-05 0.5 p1 52067 8
9155 29762988 m2 4523671 -0.000353761949 0.5 p1 52073 8
2683 29765041 m2 1356526 -3.06295618e-07 0.5 p1 52079 8
9838 29766150 m2 4874856 -0.00134735822 0.5 p1 52083 8
7102 29767197 m2 3514042 -3.73998796e-06 0.5 p1 52086 8
109 29768388 m2 61676 -0.000961686485 0.5 p1 52090 8
9042 29771004 m2 4474193 -0.000144705991 0.5 p1 52098 8
7361 29772265 m2 3649170 -0.000616204634 0.5 p1 52102 8
9863 29774088 m2 4891488 -1.6664022e-07 0.5 p1 52108 8
2468 29778667 m2 1249791 -0.00150135229 0.5 p1 52122 8
1033 29779209 m2 531222 -0.00111353514 0.5 p1 52124 8
4408 29780081 m2 2196671 -5.84804809e-07 0.5 p1 52127 8
2349 29782455 m2 1198440 -0.00049731374 0.5 p1 52135 8
3878 29786987 m2 1940757 -3.26634872e-05 0.5 p1 52149 8
7920 29790217 m2 3932926 -0.000110478184 0.5 p1 52159 8
3221 29795760 m2 1617839 -0.000135104827 0.5 p1 52177 8
1357 29798718 m2 690112 -1.95985722e-05 0.5 p1 52186 8
8160 29799388 m2 4036306 -2.3001674e-05 0.5 p1 52188 8
9051 29799395 m2 4476474 -4.55545671e-12 0.5 p1 52188 8
8662 29799743 m2 4295325 -0.000173760622 0.5 p1 52189 8
2530 29800312 m2 1287532 -9.04273406e-07 0.5 p1 52191 8
3805 29803405 m2 1908385 -0.000221466937 0.5 p1 52201 8
6607 29803430 m2 3281945 -2.97440783e-05 0.5 p1 52201 8
4420 29804328 m2 2202359 -4.68895814e-05 0.5 p1 52204 8
6083 29805545 m2 3027173 -6.55232725e-05 0.5 p1 52208 8
3316 29811225 m2 1662936 -7.33104188e-10 0.5 p1 52226 8
5293 29813026 m2 2632239 -3.61653679e-06 0.5 p1 52231 8
3576 29816291 m2 1790437 -0.000119054224 0.5 p1 52242 8
9164 29816901 m2 4529382 -7.3992e-11 0.5 p1 52244 8
639 29817654 m2 332783 -2.8539107e-06 0.5 p1 52246 8
8726 29817909 m2 4326649 -7.20927637e-05 0.5 p1 52247 8
6020 29819045 m2 2995896 -6.60520792e-17 0.5 p1 52250 8
2925 29820006 m2 1471291 -3.08385679e-05 0.5 p1 52253 8
6930 29823896 m2 3435780 -1.17140326e-05 0.5 p1 52266 8
7354 29826548 m2 3646421 -0.00388481887 0.5 p1 52274 8
454 29827339 m2 238220 -0.000186536243 0.5 p1 52277 8
7380 29830446 m2 3660984 -6.08751293e-07 0.5 p1 52286 8
2831 29832591 m2 1424573 -0.000599504041 0.5 p1 52293 8
6238 29835244 m2 3096792 -2.57790307e-05 0.5 p1 52301 8
7373 29837015 m3 3657262 0.00139109883 0.5 p1 52307 8
5167 29837645 m2 2568376 -8.40233843e-05 0.5 p1 52309 8
3363 29839928 m2 1685377 -0.000219904628 0.5 p1 52316 8
3419 29841447 m2 1712236 -0.00176280946 0.5 p1 52321 8
8447 29843261 m2 4191119 -0.000327723625 0.5 p1 52327 8
7155 29843987 m2 3547944 -0.000100754158 0.5 p1 52329 8
1318 29844871 m2 671154 -3.17538018e-09 0.5 p1 52332 8
2806 29846062 m2 1412220 -3.30342336e-05 0.5 p1 52335 8
2641 29847992 m2 1338379 -0.00366383325 0.5 p1 52342 8
8644 29848156 m2 4285356 -0.00215283479 0.5 p1 52342 8
5943 29851438 m2 2960635 -2.81237294e-06 0.5 p1 52353 8
5055 29855722 m2 2499774 -0.000295247388 0.5 p1 52366 8
5548 29860357 m2 2763418 -3.86322051e-11 0.5 p1 52381 8
2228 29863528 m3 1134283 0.00183668896 0.5 p1 52391 8
6767 29872316 m2 3365624 -0.000111012676 0.5 p1 52420 8
9520 29873393 m2 4702590 -0.000167221195 0.5 p1 52423 8
3084 29877681 m2 1552087 -3.49137856e-08 0.5 p1 52437 8
2501 29881039 m2 1270418 -2.37225123e-07 0.5 p1 52447 8
7118 29887100 m2 3523086 -2.21677711e-11 0.5 p1 52467 8
8492 29892084 m2 4213194 -6.0754759e-05 0.5 p1 52484 8
1230 29892430 m2 626990 -1.00855266e-06 0.5 p1 52485 8
3667 29907752 m2 1833555 -0.000329652306 0.5 p1 52534 8
2782 29912219 m2 1395905 -3.1630563e-13 0.5 p1 52548 8
3353 29915130 m2 1678649 -2.73226015e-05 0.5 p1 52557 8
9675 29920487 m2 4785190 -0.000626595283 0.5 p1 52574 8
3614 29921545 m2 1811444 -0.00244033104 0.5 p1 52578 8
1423 29922362 m2 722044 -1.95874415e-12 0.5 p1 52580 8
8412 29926055 m2 4172112 -0.000346890592 0.5 p1 52592 8
5789 29934555 m2 2880351 -0.000586270471 0.5 p1 52618 8
2492 29935620 m2 1265135 -1.22750353e-05 0.5 p1 52621 8
7753 29938370 m2 3856512 -0.000635091972 0.5 p1 52630 8
1750 29938698 m2 888900 -6.87693318e-05 0.5 p1 52631 8
2425 29938965 m2 1231470 -4.77064423e-05 0.5 p1 52632 8
6608 29939970 m2 3282489 -2.60012712e-07 0.5 p1 52635 8
1818 29940851 m2 921267 -0.00020039636 0.5 p1 52637 8
4255 29941327 m2 2129485 -0.00137535483 0.5 p1 52639 8
1406 29942596 m2 712884 -1.37231027e-08 0.5 p1 52643 8
3822 29944061 m2 1915848 -3.37051315e-05 0.5 p1 52647 8
1603 29947835 m2 810775 -1.56352604e-11 0.5 p1 52659 8
6800 29950023 m2 3375717 -0.0011118704 0.5 p1 52666 8
4008 29956236 m2 1998202 -0.000609841489 0.5 p1 52686 8
3090 29957833 m2 1554838 -0.000111822737 0.5 p1 52691 8
8596 29966893 m2 4263043 -3.82749386e-06 0.5 p1 52720 8
4670 29967049 m2 2312824 -0.000638309517 0.5 p1 52720 8
8667 29970610 m2 4298459 -6.49940966e-06 0.5 p1 52732 8
5360 29972059 m3 2668311 0.000263776892 0.5 p1 52736 8
9415 29975933 m2 4650484 -0.000583357003 0.5 p1 52749 8
9168 29976959 m2 4530970 -0.000530492223 0.5 p1 52752 8
9999 29977212 m2 4953333 -0.000876808655 0.5 p1 52753 8
5168 29982771 m2 2568689 -2.5757214e-07 0.5 p1 52772 8
5683 29989846 m2 2828679 -3.68164478e-07 0.5 p1 52795 8
7429 29992316 m2 3687497 -1.95993266e-06 0.5 p1 52803 8
3862 29992376 m2 1933592 -0.000872584584 0.5 p1 52803 8
2472 29998429 m2 1254675 -1.53341773e-07 0.5 p1 52823 8
6441 29998580 m2 3189789 -9.60942489e-05 0.5 p1 52823 8
8323 30002691 m2 4131048 -0.000119339296 0.5 p1 52836 8
3995 30004248 m2 1992838 -0.000769822393 0.5 p1 52841 8
2633 30005466 m2 1335019 -0.000276549603 0.5 p1 52845 8
2725 30006867 m2 1374065 -0.00225181994 0.5 p1 52849 8
7926 30009493 m2 3934890 -0.000797050423 0.5 p1 52858 8
8364 30016402 m2 4151899 -0.00267219613 0.5 p1 52880 8
2285 30017289 m2 1162846 -8.65007678e-05 0.5 p1 52883 8
5180 30018196 m2 2575066 -0.000198272232 0.5 p1 52886 8
4830 30019789 m2 2386921 -2.67421692e-05 0.5 p1 52891 8
7217 30020117 m2 3578651 -1.81471285e-06 0.5 p1 52892 8
4919 30024971 m2 2431525 -2.14617012e-06 0.5 p1 52908 8
4703 30027462 m2 2327418 -1.09540432e-11 0.5 p1 52916 8
1148 30028766 m2 591744 -1.48380806e-07 0.5 p1 52920 8
7062 30039983 m2 3497277 -1.47422377e-08 0.5 p1 52956 8
9212 30040716 m2 4551088 -6.08471673e-05 0.5 p1 52959 8
6725 30042026 m2 3339342 -6.48968125e-06 0.5 p1 52963 8
10002 30048150 m2 4956445 -0.00529416092 0.5 p1 52983 8
2184 30049037 m2 1115772 -5.65580649e-06 0.5 p1 52986 8
3364 30051494 m2 1685541 -0.00022902347 0.5 p1 52994 8
5819 30052201 m2 2898610 -1.27564062e-11 0.5 p1 52996 8
2504 30059163 m2 1271255 -0.00111551839 0.5 p1 53019 8
5820 30059861 m2 2898692 -0.0013520018 0.5 p1 53021 8
390 30060104 m2 204030 -0.00109580276 0.5 p1 53022 8
9218 30060555 m2 4553413 -3.63889922e-06 0.5 p1 53024 8
1580 30061565 m2 800865 -0.000367934845 0.5 p1 53027 8
906 30068865 m2 471991 -2.64945015e-06 0.5 p1 53051 8
7035 30071024 m2 3486203 -0.000928676862 0.5 p1 53057 8
3022 30079266 m2 1522694 -0.000809372752 0.5 p1 53084 8
7775 30080345 m2 3864573 -9.74623254e-05 0.5 p1 53088 8
5015 30080853 m2 2474183 -9.24881824e-05 0.5 p1 53090 8
5098 30085491 m2 2522154 -9.58018213e-12 0.5 p1 53106 8
6531 30088822 m2 3238325 -2.08218557e-06 0.5 p1 53116 8
2837 30089650 m2 1427201 -0.000794111402 0.5 p1 53119 8
198 30089807 m2 106427 -2.19783069e-05 0.5 p1 53120 8
5043 30090069 m2 2495494 -4.16546385e-07 0.5 p1 53121 8
8940 30090497 m2 4427317 -1.42137502e-08 0.5 p1 53122 8
2454 30090864 m2 1242345 -2.38229703e-07 0.5 p1 53123 8
2220 30092441 m2 1132300 -4.94649339e-06 0.5 p1 53128 8
2682 30094744 m2 1356486 -3.36607293e-08 0.5 p1 53136 8
7648 30095572 m2 3802567 -9.72928028e-05 0.5 p1 53139 8
8347 30097468 m2 4142965 -0.000121646401 0.5 p1 53145 8
1962 30097759 m2 999985 -1.01687164e-07 0.5 p1 53146 8
622 30098299 m2 321631 -1.53376436e-06 0.5 p1 53147 8
9537 30099704 m2 4713881 -1.04627384e-06 0.5 p1 53152 8
1547 30102688 m2 786868 -3.73825351e-05 0.5 p1 53162 8
2705 30103515 m2 1365268 -5.95337478e-05 0.5 p1 53164 8
9098 30104143 m2 4500628 -0.000201688817 0.5 p1 53166 8
7175 30104857 m2 3561047 -0.000322750391 0.5 p1 53169 8
6310 30106404 m2 3129005 -4.07629796e-06 0.5 p1 53174 8
8305 30107122 m2 4124196 -1.47255935e-06 0.5 p1 53176 8
1418 30107239 m2 720350 -0.00044586978 0.5 p1 53176 8
5716 30107829 m2 2846021 -0.000767757127 0.5 p1 53178 8
9971 30108554 m2 4938169 -8.7811296e-09 0.5 p1 53181 8
7940 30113039 m2 3939399 -4.17488299e-16 0.5 p1 53195 8
2440 30115963 m2 1236481 -1.59538232e-07 0.5 p1 53205 8
3946 30117471 m2 1968727 -1.75166505e-07 0.5 p1 53210 8
1038 30117588 m2 534675 -4.67460168e-08 0.5 p1 53211 8
5400 30124851 m2 2683281 -2.38022267e-06 0.5 p1 53234 8
2730 30125273 m2 1375845 -0.0013914475 0.5 p1 53236 8
7948 30129053 m2 3943066 -0.000877461745 0.5 p1 53249 8
3941 30129418 m2 1965377 -9.6570453e-08 0.5 p1 53250 8
2232 30131898 m2 1135148 -3.57217579e-14 0.5 p1 53258 8
9146 30131996 m2 4520009 -6.35099968e-06 0.5 p1 53258 8
4250 30133985 m2 2128190 -0.000147096769 0.5 p1 53265 8
5628 30136531 m2 2798310 -4.91084499e-11 0.5 p1 53273 8
2957 30136559 m2 1491185 -7.35751412e-13 0.5 p1 53273 8
3738 30136841 m2 1872286 -3.07374576e-05 0.5 p1 53274 8
1184 30137227 m2 607007 -0.00143218949 0.5 p1 53275 8
7981 30138670 m2 3953802 -1.00699413e-06 0.5 p1 53280 8
8027 30143292 m2 3973883 -3.37698316e-06 0.5 p1 53295 8
9466 30144370 m2 4677661 -4.60172345e-07 0.5 p1 53298 8
6932 30147811 m2 3437129 -2.3332658e-10 0.5 p1 53310 8
6277 30147922 m2 3113872 -0.00020839434 0.5 p1 53310 8
3060 30153392 m2 1539792 -8.24550039e-10 0.5 p1 53328 8
5484 30155161 m2 2728227 -0.00338820484 0.5 p1 53334 8
4822 30155314 m2 2384459 -0.000996865449 0.5 p1 53335 8
8190 30157728 m2 4058216 -9.61790292e-09 0.5 p1 53342 8
7360 30157765 m2 3648688 -1.40971972e-19 0.5 p1 53342 8
3984 30161337 m2 1986982 -1.35273067e-05 0.5 p1 53354 8
9215 30162032 m2 4551816 -0.000324907101 0.5 p1 53356 8
6250 30162391 m2 3102922 -0.000210990052 0.5 p1 53358 8
4034 30166745 m2 2013146 -0.00151323085 0.5 p1 53371 8
1447 30166826 m2 733871 -0.000351447554 0.5 p1 53371 8
7586 30170930 m2 3770387 -0.000141478638 0.5 p1 53385 8
9047 30173577 m2 4475751 -0.00413045194 0.5 p1 53393 8
4874 30174592 m2 2412171 -1.15473786e-05 0.5 p1 53397 8
4610 30176162 m2 2285780 -0.000161109871 0.5 p1 53402 8
7385 30176459 m2 3667069 -0.0013454532 0.5 p1 53403 8
7853 30179652 m2 3899637 -9.91449178e-06 0.5 p1 53413 8
7302 30181266 m2 3618268 -8.64920366e-05 0.5 p1 53419 8
2949 30182405 m2 1485001 -3.85601106e-06 0.5 p1 53422 8
395 30183839 m2 205879 -4.37679754e-10 0.5 p1 53427 8
7132 30187720 m2 3531465 -4.24118798e-06 0.5 p1 53440 8
7415 30194301 m2 3681271 -0.00171406067 0.5 p1 53462 8
1727 30199143 m2 875858 -5.89010483e-07 0.5 p1 53477 8
2221 30200872 m2 1132742 -0.000886635331 0.5 p1 53483 8
293 30201548 m2 151853 -2.54558387e-07 0.5 p1 53485 8
2481 30201736 m2 1258053 -0.000268715667 0.5 p1 53486 8
7555 30202130 m2 3755528 -0.00252737314 0.5 p1 53487 8
5516 30202980 m2 2746761 -2.40405136e-08 0.5 p1 53490 8
8578 30207905 m2 4252087 -0.000110350469 0.5 p1 53506 8
2061 30215497 m2 1053598 -5.74118815e-07 0.5 p1 53531 8
1452 30219823 m2 737552 -2.3085201e-07 0.5 p1 53546 8
9184 30220072 m2 4537780 -1.39602389e-05 0.5 p1 53547 8
1103 30223552 m2 568494 -1.27183898e-06 0.5 p1 53558 8
1456 30223806 m2 739229 -2.0679463e-05 0.5 p1 53559 8
8863 30223926 m2 4396236 -8.44704409e-05 0.5 p1 53559 8
2447 30230076 m2 1240224 -0.00101520366 0.5 p1 53579 8
3757 30239341 m2 1881872 -7.82633724e-05 0.5 p1 53610 8
1058 30240955 m2 548426 -3.7988228e-12 0.5 p1 53615 8
1451 30242463 m2 736383 -2.01930014e-10 0.5 p1 53620 8
5407 30244612 m2 2685242 -3.99486347e-11 0.5 p1 53628 8
4976 30247980 m2 2458137 -7.33164825e-06 0.5 p1 53639 8
7226 30248408 m2 3582763 -0.0003325578 0.5 p1 53641 8
7206 30248914 m2 3575442 -0.00122025749 0.5 p1 53642 8
6534 30250451 m2 3239559 -2.32265506e-06 0.5 p1 53648 8
2636 30258858 m2 1335587 -0.00084487733 0.5 p1 53676 8
2115 30260341 m2 1079941 -9.46617547e-07 0.5 p1 53681 8
8461 30263839 m2 4198306 -0.000107113308 0.5 p1 53692 8
8008 30266531 m2 3963596 -0.00054495834 0.5 p1 53702 8
2190 30268863 m2 1119718 -3.47221736e-08 0.5 p1 53709 8
7501 30269286 m2 3725320 -1.71007804e-14 0.5 p1 53710 8
1421 30269702 m2 721821 -0.000114101698 0.5 p1 53712 8
5972 30269832 m2 2973558 -5.88376921e-08 0.5 p1 53712 8
5271 30271826 m2 2621151 -0.00175056432 0.5 p1 53719 8
2355 30273521 m2 1199099 -4.51482656e-08 0.5 p1 53725 8
5352 30276845 m2 2663779 -7.25283389e-05 0.5 p1 53735 8
4708 30277631 m2 2331345 -2.00243647e-07 0.5 p1 53738 8
5033 30278123 m2 2488006 -3.16718033e-05 0.5 p1 53740 8
2774 30283738 m2 1391803 -1.01366668e-05 0.5 p1 53758 8
747 30287718 m2 384036 -8.7528555e-05 0.5 p1 53771 8
540 30295712 m2 280325 -0.00127978076 0.5 p1 53799 8
8992 30297094 m2 4448845 -5.38143013e-06 0.5 p1 53803 8
7876 30299509 m2 3911088 -3.91441426e-06 0.5 p1 53811 8
8467 30300730 m2 4201239 -5.08093649e-07 0.5 p1 53816 8
8444 30303248 m2 4188749 -0.000136597475 0.5 p1 53824 8
9921 30303996 m2 4917177 -3.71652433e-08 0.5 p1 53826 8
5259 30308894 m2 2616760 -6.02389264e-07 0.5 p1 53843 8
8406 30308979 m2 4169369 -9.77112359e-06 0.5 p1 53843 8
1813 30309804 m2 919805 -0.00318985106 0.5 p1 53846 8
4501 30313819 m2 2236836 -8.43765502e-09 0.5 p1 53859 8
4496 30315616 m2 2234262 -3.2324931e-07 0.5 p1 53865 8
8011 30318830 m2 3966002 -2.02342193e-07 0.5 p1 53876 8
2495 30320433 m2 1268862 -0.000223196024 0.5 p1 53881 8
6255 30321404 m2 3105585 -1.01011155e-05 0.5 p1 53885 8
3091 30325592 m2 1556014 -4.5397411e-07 0.5 p1 53899 8
8725 30327097 m2 4325389 -0.000349868264 0.5 p1 53904 8
8626 30332362 m2 4278382 -3.78085971e-08 0.5 p1 53921 8
6806 30332867 m2 3377993 -7.34550365e-10 0.5 p1 53923 8
2393 30333887 m2 1215209 -0.000204296317 0.5 p1 53926 8
5078 30335309 m2 2511669 -1.23730013e-06 0.5 p1 53931 8
7108 30337349 m2 3517122 -7.083735e-06 0.5 p1 53938 8
8691 30338651 m2 4308866 -1.54862519e-07 0.5 p1 53942 8
6528 30339589 m2 3235790 -0.0013486637 0.5 p1 53945 8
5359 30342169 m2 2667191 -0.000101791091 0.5 p1 53953 8
9389 30344325 m2 4640004 -0.00121623662 0.5 p1 53961 8
5778 30347482 m2 2877026 -1.9162627e-08 0.5 p1 53971 8
8234 30350441 m2 4081644 -0.000469847786 0.5 p1 53981 8
5193 30350901 m2 2582278 -0.0008873021 0.5 p1 53983 8
1600 30351596 m2 809581 -8.29274086e-06 0.5 p1 53985 8
4145 30352310 m2 2075094 -0.000503289921 0.5 p1 53987 8
9855 30357397 m2 4885578 -0.00778224925 0.5 p1 54004 8
4123 30358845 m2 2065486 -2.16964793e-07 0.5 p1 54009 8
3372 30358973 m2 1691640 -1.30678657e-07 0.5 p1 54009 8
4570 30365523 m2 2268278 -8.90425945e-05 0.5 p1 54031 8
4442 30366200 m2 2211247 -2.92301472e-09 0.5 p1 54033 8
1657 30366880 m2 839360 -8.69193464e-05 0.5 p1 54036 8
7365 30369208 m2 3650930 -0.00246272399 0.5 p1 54044 8
4423 30369428 m2 2202767 -1.07880096e-05 0.5 p1 54045 8
9833 30370289 m2 4871476 -2.03602113e-07 0.5 p1 54047 8
9926 30370868 m2 4919511 -1.46481298e-05 0.5 p1 54049 8
3255 30371624 m2 1633595 -1.48307507e-07 0.5 p1 54052 8
5303 30377174 m2 2637325 -4.49202133e-08 0.5 p1 54071 8
3459 30379490 m2 1732026 -0.000682033831 0.5 p1 54078 8
7615 30382084 m2 3782618 -0.00106517773 0.5 p1 54087 8
5942 30383036 m2 2960629 -0.00084284239 0.5 p1 54090 8
8608 30384976 m2 4270054 -2.96245216e-11 0.5 p1 54097 8
1416 30385251 m2 719802 -5.02638038e-08 0.5 p1 54098 8
1872 30385573 m2 952719 -1.32802679e-05 0.5 p1 54099 8
5394 30385808 m2 2681640 -0.000100334866 0.5 p1 54100 8
3120 30388550 m2 1568074 -0.000738298346 0.5 p1 54109 8
3379 30389872 m2 1693494 -3.39918529e-08 0.5 p1 54114 8
1374 30389944 m2 700862 -0.000122601268 0.5 p1 54114 8
8850 30390467 m2 4389075 -3.91312716e-09 0.5 p1 54116 8
2784 30390965 m2 1396738 -9.75849517e-08 0.5 p1 54118 8
3065 30393995 m2 1544282 -0.00228225277 0.5 p1 54128 8
552 30397333 m2 286646 -0.00139375869 0.5 p1 54139 8
1840 30397481 m2 935145 -0.00019011079 0.5 p1 54139 8
208 30398601 m2 110159 -1.52337734e-05 0.5 p1 54143 8
3916 30400881 m2 1954672 -2.30260696e-07 0.5 p1 54151 8
2905 30405330 m2 1459821 -4.18464188e-05 0.5 p1 54167 8
3993 30406781 m2 1992424 -0.00176523684 0.5 p1 54172 8
6884 30409620 m2 3416281 -2.2234996e-14 0.5 p1 54182 8
10075 30409778 m2 4983986 -4.5230594e-05 0.5 p1 54182 8
2566 30415543 m2 1300560 -0.00065718987 0.5 p1 54202 8
4836 30416810 m2 2389756 -0.000467531092 0.5 p1 54206 8
4785 30417346 m2 2365644 -1.10909841e-05 0.5 p1 54208 8
771 30418093 m2 397537 -4.03659169e-06 0.5 p1 54211 8
10018 30418350 m2 4963166 -0.00289265183 0.5 p1 54212 8
2921 30419400 m2 1469577 -2.17107967e-08 0.5 p1 54215 8
9158 30421836 m2 4525514 -0.00026736263 0.5 p1 54223 8
1638 30425584 m2 826859 -3.39325961e-05 0.5 p1 54237 8
6841 30426091 m2 3397220 -0.000729022606 0.5 p1 54238 8
4333 30427210 m2 2167296 -4.00572644e-05 0.5 p1 54242 8
5104 30428071 m2 2526020 -0.00727981422 0.5 p1 54245 8
5466 30430252 m2 2719986 -5.83747661e-10 0.5 p1 54253 8
2914 30431836 m2 1465712 -0.000255242805 0.5 p1 54259 8
7419 30440719 m2 3682989 -3.08075687e-05 0.5 p1 54291 8
163 30442430 m2 89336 -2.61962532e-06 0.5 p1 54297 8
8075 30442724 m2 3996016 -0.00121337257 0.5 p1 54298 8
7623 30442743 m2 3787483 -0.00136400713 0.5 p1 54298 8
7672 30442891 m2 3815462 -2.17885554e-05 0.5 p1 54298 8
4311 30443171 m2 2154096 -0.00064520631 0.5 p1 54299 8
4750 30443462 m2 2348428 -0.00133815734 0.5 p1 54300 8
5310 30444173 m2 2639462 -2.0005798e-06 0.5 p1 54303 8
1783 30450212 m2 901903 -0.000206982484 0.5 p1 54323 8
5540 30452078 m2 2759769 -7.41376738e-10 0.5 p1 54330 8
9544 30453191 m2 4716492 -4.84453437e-07 0.5 p1 54334 8
9435 30457852 m2 4660914 -7.91798539e-06 0.5 p1 54350 8
1671 30459601 m2 845494 -0.000427914754 0.5 p1 54357 8
8523 30460900 m2 4227792 -0.000168701619 0.5 p1 54362 8
5543 30462833 m2 2760732 -1.67896746e-06 0.5 p1 54368 8
7577 30463187 m2 3765041 -1.89341517e-05 0.5 p1 54370 8
2858 30465971 m2 1437444 -3.2551597e-07 0.5 p1 54379 8
7037 30468053 m2 3487502 -1.7022354e-11 0.5 p1 54387 8
3798 30468984 m2 1905885 -0.00146883435 0.5 p1 54390 8
7660 30469916 m2 3809760 -0.000108598593 0.5 p1 54393 8
7765 30470539 m2 3862063 -0.000223850715 0.5 p1 54395 8
8370 30470959 m2 4155534 -0.00347919087 0.5 p1 54397 8
356 30471120 m2 185886 -1.63979294e-05 0.5 p1 54397 8
5137 30471727 m2 2546003 -1.54656039e-08 0.5 p1 54400 8
8080 30472635 m2 3998225 -0.000330663606 0.5 p1 54403 8
4851 30473877 m2 2395739 -0.000399853569 0.5 p1 54407 8
7699 30475444 m2 3828507 -2.33209303e-11 0.5 p1 54412 8
5424 30477726 m2 2699088 -0.00171322853 0.5 p1 54421 8
9698 30479325 m2 4797054 -8.94902371e-07 0.5 p1 54426 8
1206 30480542 m2 618047 -0.000128148531 0.5 p1 54431 8
2311 30487048 m2 1174871 -9.24007545e-05 0.5 p1 54453 8
4674 30491355 m2 2315859 -0.000147652216 0.5 p1 54467 8
4654 30498226 m2 2306792 -0.000141937286 0.5 p1 54492 8
7868 30498478 m2 3907228 -0.00192884263 0.5 p1 54492 8
77 30499402 m2 45121 -2.80431846e-06 0.5 p1 54496 8
1018 30503326 m2 523673 -0.00140125037 0.5 p1 54509 8
2071 30504075 m2 1059843 -5.50162167e-06 0.5 p1 54512 8
1295 30508176 m2 663900 -0.000429247826 0.5 p1 54526 8
5080 30509531 m2 2512354 -0.000136118862 0.5 p1 54531 8
9382 30509692 m2 4638411 -1.17371552e-08 0.5 p1 54531 8
6777 30511078 m2 3368811 -8.30194767e-05 0.5 p1 54536 8
4834 30511442 m2 2389425 -0.000521806709 0.5 p1 54537 8
7786 30512011 m2 3869296 -2.61725581e-05 0.5 p1 54539 8
7139 30515579 m2 3535762 -2.69425415e-09 0.5 p1 54551 8
6139 30516568 m2 3049455 -3.18624407e-05 0.5 p1 54555 8
6724 30517183 m2 3339323 -1.00972784e-06 0.5 p1 54557 8
5428 30520128 m2 2700038 -1.66458097e-11 0.5 p1 54567 8
9677 30523170 m2 4786010 -3.39349882e-08 0.5 p1 54577 8
7891 30523294 m3 3917684 0.000457345071 0.5 p1 54578 8
8835 30523386 m2 4379794 -1.36368807e-11 0.5 p1 54578 8
4889 30525005 m2 2417355 -0.002330994 0.5 p1 54583 8
5503 30525194 m2 2736129 -0.000774998218 0.5 p1 54584 8
1164 30527374 m2 599268 -0.000833393482 0.5 p1 54592 8
1082 30527428 m2 560881 -1.64302728e-05 0.5 p1 54592 8
9835 30528392 m2 4873005 -1.38668573e-11 0.5 p1 54595 8
414 30528697 m2 217754 -5.39055509e-06 0.5 p1 54596 8
4172 30528857 m2 2088011 -1.01205533e-05 0.5 p1 54597 8
3392 30530839 m2 1697093 -0.00110879214 0.5 p1 54604 8
4270 30532628 m2 2137197 -0.000179776223 0.5 p1 54610 8
5554 30533076 m2 2765889 -2.14578501e-14 0.5 p1 54612 8
3760 30536301 m2 1883386 -0.00172098016 0.5 p1 54624 8
4136 30536388 m2 2071004 -1.17194169e-07 0.5 p1 54624 8
6137 30537919 m2 3047789 -3.92767996e-09 0.5 p1 54630 8
5345 30537977 m2 2661108 -3.62836799e-05 0.5 p1 54630 8
6010 30539358 m2 2989400 -0.000609159761 0.5 p1 54634 8
4129 30541300 m2 2069164 -3.32438105e-07 0.5 p1 54642 8
2555 30541562 m2 1297279 -0.000258336106 0.5 p1 54643 8
3587 30541727 m2 1797080 -0.00035173932 0.5 p1 54643 8
5877 30542301 m2 2927446 -2.82584844e-09 0.5 p1 54645 8
731 30544450 m2 378270 -0.000286435883 0.5 p1 54653 8
4905 30544791 m2 2424900 -0.00240540062 0.5 p1 54654 8
3787 30547457 m2 1899748 -3.18562707e-06 0.5 p1 54664 8
7497 30553544 m2 3724335 -1.21533128e-06 0.5 p1 54686 8
7448 30556658 m2 3696814 -2.1744836e-05 0.5 p1 54697 8
5438 30563417 m2 2708037 -0.000110358975 0.5 p1 54721 8
9560 30567604 m2 4724447 -0.000244966301 0.5 p1 54736 8
4517 30567899 m2 2245508 -0.000200530878 0.5 p1 54737 8
4117 30569335 m2 2063286 -0.000143143203 0.5 p1 54742 8
128 30569423 m2 72064 -2.87111561e-07 0.5 p1 54742 8
8771 30569852 m2 4349218 -2.84296875e-09 0.5 p1 54743 8
2455 30571014 m2 1242347 -5.88466937e-05 0.5 p1 54747 8
7469 30575977 m2 3709350 -1.47402906e-11 0.5 p1 54765 8
8941 30576715 m2 4427442 -0.00300976983 0.5 p1 54767 8
511 30578142 m2 265701 -0.000570432807 0.5 p1 54772 8
8841 30580654 m2 4384316 -0.000666191801 0.5 p1 54781 8
568 30581503 m2 293372 -0.00199636002 0.5 p1 54784 8
961 30586470 m2 496798 -7.84369695e-05 0.5 p1 54801 8
3000 30587137 m2 1511227 -0.000295833132 0.5 p1 54804 8
1000 30588551 m2 514947 -1.15480852e-08 0.5 p1 54809 8
26 30589011 m2 12381 -7.2482937e-05 0.5 p1 54811 8
7201 30591965 m2 3572444 -7.37178852e-05 0.5 p1 54821 8
3568 30602839 m2 1785604 -8.16463435e-05 0.5 p1 54860 8
6061 30603076 m2 3013541 -3.11538372e-07 0.5 p1 54861 8
9350 30608860 m2 4624212 -1.85932004e-05 0.5 p1 54881 8
8477 30610080 m2 4205426 -2.19758874e-07 0.5 p1 54885 8
6663 30610738 m2 3307005 -4.8322745e-05 0.5 p1 54888 8
5890 30611891 m2 2933830 -3.52243035e-07 0.5 p1 54892 8
4376 30614449 m2 2185031 -9.42432962e-05 0.5 p1 54901 8
4108 30615601 m2 2056616 -1.46231723e-05 0.5 p1 54905 8
9176 30619711 m2 4534357 -0.000502376701 0.5 p1 54920 8
486 30623998 m2 254306 -4.31077041e-08 0.5 p1 54936 8
3551 30626039 m2 1774977 -2.27504534e-05 0.5 p1 54943 8
8277 30626574 m2 4112292 -1.37362829e-10 0.5 p1 54945 8
5089 30628609 m2 2517271 -0.000642204715 0.5 p1 54952 8
4492 30628866 m2 2233230 -4.05033207e-09 0.5 p1 54953 8
9958 30629947 m2 4933422 -7.42032644e-05 0.5 p1 54958 8
5268 30630377 m2 2619600 -4.054308e-09 0.5 p1 54959 8
6286 30630776 m2 3117526 -1.61104363e-05 0.5 p1 54961 8
3467 30631508 m2 1736975 -6.74786861e-05 0.5 p1 54963 8
2919 30635565 m2 1467277 -1.23253983e-06 0.5 p1 54978 8
485 30641550 m2 251520 -0.0005006594 0.5 p1 54999 8
8423 30642475 m2 4179095 -0.000248030527 0.5 p1 55002 8
6588 30644801 m2 3273094 -6.34623616e-19 0.5 p1 55010 8
10089 30646793 m2 4990653 -7.03045298e-05 0.5 p1 55018 8
1891 30647847 m2 962007 -2.82210585e-05 0.5 p1 55022 8
7294 30651887 m2 3616226 -0.000734734989 0.5 p1 55037 8
4022 30651926 m2 2007875 -1.08921423e-08 0.5 p1 55037 8
3484 30652015 m2 1743086 -0.000246381998 0.5 p1 55037 8
8881 30652842 m2 4404556 -4.36920527e-06 0.5 p1 55040 8
8304 30655740 m2 4123701 -0.000769908715 0.5 p1 55051 8
4278 30666127 m2 2140953 -0.000370048132 0.5 p1 55089 8
5040 30669606 m2 2493636 -5.24125285e-13 0.5 p1 55102 8
646 30670510 m2 335386 -0.000787368568 0.5 p1 55105 8
8468 30671892 m2 4201511 -6.88174305e-06 0.5 p1 55110 8
413 30675503 m2 217263 -2.65410738e-09 0.5 p1 55124 8
2237 30676345 m2 1139501 -1.87748101e-05 0.5 p1 55127 8
456 30682739 m2 239407 -0.000529323414 0.5 p1 55150 8
1723 30687103 m2 874744 -2.79406476e-09 0.5 p1 55165 8
1552 30689345 m2 789671 -3.54345025e-06 0.5 p1 55173 8
7904 30691398 m2 3923797 -2.72999312e-08 0.5 p1 55181 8
4106 30691512 m2 2055318 -0.000529446988 0.5 p1 55181 8
784 30692517 m2 401137 -0.000520031957 0.5 p1 55185 8
2817 30694507 m2 1417248 -0.0037417144 0.5 p1 55192 8
7066 30697965 m2 3498385 -6.67752684e-05 0.5 p1 55205 8
6988 30698630 m2 3462762 -2.57709083e-13 0.5 p1 55207 8
6972 30701923 m2 3454660 -0.000137659255 0.5 p1 55219 8
4355 30703959 m2 2176804 -0.00071798428 0.5 p1 55227 8
466 30704376 m2 244002 -0.00106490427 0.5 p1 55228 8
1998 30705516 m2 1019990 -2.67649716e-06 0.5 p1 55232 8
1909 30706227 m2 973568 -0.000128270054 0.5 p1 55234 8
5414 30707488 m2 2693818 -2.07571575e-05 0.5 p1 55239 8
9924 30709333 m2 4918590 -5.10106304e-07 0.5 p1 55246 8
8070 30709785 m2 3994737 -1.23731086e-11 0.5 p1 55248 8
9448 30711350 m2 4670837 -0.000596568745 0.5 p1 55253 8
6462 30713068 m2 3203161 -1.43288469e-06 0.5 p1 55260 8
38 30713213 m2 24508 -6.55926442e-06 0.5 p1 55260 8
5411 30714558 m2 2691417 -6.94845494e-06 0.5 p1 55265 8
4260 30715927 m2 2131181 -7.99353984e-06 0.5 p1 55270 8
3891 30716393 m3 1946970 0.00289045437 0.5 p1 55271 8
1855 30726475 m2 942124 -0.0011139079 0.5 p1 55307 8
7719 30730764 m2 3837362 -2.32059738e-05 0.5 p1 55322 8
7714 30731287 m2 3835865 -7.36212023e-05 0.5 p1 55324 8
7250 30731809 m2 3593525 -0.000153216039 0.5 p1 55326 8
839 30734746 m2 435957 -6.85652913e-06 0.5 p1 55337 8
6674 30739450 m2 3311291 -0.000420781784 0.5 p1 55354 8
5953 30741462 m2 2965870 -1.78641045e-07 0.5 p1 55361 8
1522 30742305 m2 777558 -6.93315826e-07 0.5 p1 55365 8
787 30746903 m2 404781 -9.03645196e-05 0.5 p1 55382 8
3518 30747135 m2 1757716 -0.000273435144 0.5 p1 55383 8
8455 30747307 m2 4194028 -5.01134689e-09 0.5 p1 55383 8
36 30747364 m2 22517 -2.6591435e-05 0.5 p1 55383 8
6557 30751846 m2 3256511 -2.42031138e-06 0.5 p1 55399 8
7515 30758762 m2 3730028 -2.91824949e-06 0.5 p1 55424 8
7111 30759385 m2 3519518 -2.57519923e-06 0.5 p1 55426 8
8810 30763183 m2 4368267 -0.000493049098 0.5 p1 55440 8
5684 30765078 m2 2829510 -0.000492412073 0.5 p1 55447 8
3025 30765242 m2 1524625 -0.000900943181 0.5 p1 55447 8
9640 30765888 m2 4768610 -0.000134260772 0.5 p1 55450 8
5396 30769236 m2 2682582 -0.000116996634 0.5 p1 55462 8
8838 30775285 m2 4382380 -3.03696088e-05 0.5 p1 55483 8
9688 30780227 m2 4789755 -2.22307547e-10 0.5 p1 55501 8
1740 30781477 m2 885282 -0.000103839477 0.5 p1 55505 8
1166 30782489 m2 599525 -0.00188974082 0.5 p1 55509 8
3909 30784044 m2 1951821 -7.37650116e-05 0.5 p1 55515 8
8158 30784426 m2 4036093 -1.37055149e-13 0.5 p1 55516 8
3178 30788257 m2 1597330 -0.000740076415 0.5 p1 55530 8
6449 30788885 m2 3195304 -7.89034093e-05 0.5 p1 55532 8
9974 30790113 m2 4938802 -8.07229306e-09 0.5 p1 55537 8
2357 30790356 m2 1199604 -5.62182167e-09 0.5 p1 55538 8
7640 30790544 m2 3799190 -3.38996422e-08 0.5 p1 55538 8
7151 30791438 m2 3544506 -1.7964993e-06 0.5 p1 55541 8
621 30792993 m2 320962 -2.41538665e-08 0.5 p1 55547 8
4981 30794107 m2 2460041 -1.87597794e-13 0.5 p1 55551 8
4581 30795726 m2 2272632 -3.94523977e-06 0.5 p1 55557 8
1549 30796623 m2 787719 -0.000281675282 0.5 p1 55560 8
393 30801744 m3 205521 0.00169162662 0.5 p1 55578 8
3251 30802135 m2 1632862 -5.32630611e-06 0.5 p1 55580 8
81 30802277 m2 47158 -8.94257168e-10 0.5 p1 55580 8
9174 30805691 m2 4534010 -0.000440506294 0.5 p1 55593 8
3176 30806310 m2 1597039 -2.45789533e-06 0.5 p1 55595 8
3107 30808979 m2 1561379 -0.000130274755 0.5 p1 55605 8
9076 30810331 m2 4486142 -0.000174825924 0.5 p1 55609 8
336 30812166 m2 174941 -2.62785306e-05 0.5 p1 55616 8
6704 30818098 m2 3323717 -1.93324613e-05 0.5 p1 55637 8
9446 30818858 m2 4670091 -0.000250917743 0.5 p1 55640 8
629 30818947 m2 324963 -2.40149939e-06 0.5 p1 55640 8
4390 30821446 m2 2190872 -1.13125707e-05 0.5 p1 55649 8
6199 30822103 m2 3083291 -9.63200542e-09 0.5 p1 55652 8
904 30822165 m2 471150 -9.30987596e-07 0.5 p1 55652 8
3720 30822710 m3 1862383 0.00181609776 0.5 p1 55654 8
1708 30826779 m2 868312 -0.00080368598 0.5 p1 55669 8
4051 30829681 m2 2023493 -2.94183593e-07 0.5 p1 55680 8
3648 30833409 m2 1821357 -0.000276469771 0.5 p1 55693 8
739 30835428 m2 381178 -0.000837743341 0.5 p1 55700 8
6998 30836416 m2 3468511 -7.334271e-07 0.5 p1 55704 8
7055 30836911 m2 3494721 -2.65149811e-05 0.5 p1 55706 8
5880 30837619 m2 2929514 -0.000294380239 0.5 p1 55709 8
6756 30838445 m2 3361189 -0.000375377538 0.5 p1 55712 8
2477 30841068 m2 1256101 -7.11427492e-06 0.5 p1 55721 8
194 30843034 m2 104593 -0.00196263217 0.5 p1 55729 8
2441 30844109 m2 1237879 -1.7652801e-06 0.5 p1 55733 8
8187 30844113 m2 4055156 -0.000281092216 0.5 p1 55733 8
7442 30846150 m2 3693700 -0.000161111049 0.5 p1 55740 8
3613 30846893 m2 1810886 -3.21225934e-06 0.5 p1 55743 8
9099 30849309 m2 4502106 -0.00133029372 0.5 p1 55752 8
2107 30850576 m2 1077083 -0.000157458562 0.5 p1 55756 8
4275 30850600 m2 2139535 -1.58976921e-08 0.5 p1 55757 8
1504 30855232 m2 767659 -0.000436808652 0.5 p1 55773 8
2437 30855801 m2 1235889 -7.3269041e-07 0.5 p1 55775 8
6976 30855978 m2 3455364 -1.91727213e-05 0.5 p1 55776 8
6747 30856718 m2 3353357 -2.49840482e-09 0.5 p1 55779 8
9147 30856771 m2 4520055 -2.78402626e-06 0.5 p1 55779 8
5258 30857620 m2 2616573 -6.66260748e-05 0.5 p1 55782 8
589 30857730 m2 304756 -2.62995535e-15 0.5 p1 55783 8
8513 30858671 m2 4224446 -2.40234658e-06 0.5 p1 55786 8
7886 30860036 m2 3915927 -1.00949009e-07 0.5 p1 55791 8
4552 30860079 m2 2262338 -1.53704041e-05 0.5 p1 55791 8
6270 30860562 m2 3110192 -0.00171528966 0.5 p1 55793 8
9772 30861609 m2 4833959 -0.00127547467 0.5 p1 55797 8
9297 30862369 m2 4594658 -1.67781502e-06 0.5 p1 55799 8
8527 30866179 m2 4228544 -7.79193469e-14 0.5 p1 55813 8
620 30866609 m2 320692 -8.56959668e-05 0.5 p1 55815 8
3325 30867094 m2 1665779 -3.56549137e-08 0.5 p1 55817 8
9767 30867632 m2 4832341 -8.85289975e-09 0.5 p1 55819 8
2532 30868245 m2 1288309 -3.14396686e-08 0.5 p1 55821 8
9432 30870292 m2 4658824 -1.30696037e-06 0.5 p1 55829 8
1202 30870839 m2 616577 -5.10878999e-05 0.5 p1 55831 8
358 30879000 m2 186508 -0.00104086741 0.5 p1 55861 8
2807 30880203 m2 1412281 -5.11726466e-06 0.5 p1 55865 8
8755 30886937 m2 4340384 -2.23103962e-05 0.5 p1 55890 8
3244 30889302 m2 1628355 -0.00216509425 0.5 p1 55899 8
8484 30890143 m2 4210008 -0.000418154377 0.5 p1 55902 8
2369 30891288 m2 1203224 -8.02500472e-06 0.5 p1 55907 8
363 30893129 m2 189213 -1.30673379e-06 0.5 p1 55913 8
1246 30897550 m2 636547 -0.00459141983 0.5 p1 55930 8
1484 30899097 m2 758362 -0.0026416441 0.5 p1 55935 8
3623 30899785 m2 1813929 -8.3102023e-08 0.5 p1 55938 8
6477 30900014 m2 3208363 -0.00498508336 0.5 p1 55939 8
5611 30900878 m2 2792410 -1.91273525e-10 0.5 p1 55942 8
690 30902232 m2 356203 -1.65951963e-06 0.5 p1 55947 8
6285 30904103 m2 3116748 -0.00119611202 0.5 p1 55954 8
1001 30910136 m2 515262 -6.67016366e-07 0.5 p1 55975 8
7164 30913867 m2 3555802 -9.24701817e-06 0.5 p1 55990 8
5593 30916124 m2 2784543 -1.36636945e-05 0.5 p1 55999 8
3269 30919890 m2 1639441 -0.00287686754 0.5 p1 56012 8
2471 30922373 m2 1253201 -1.08696092e-07 0.5 p1 56022 8
6569 30923673 m2 3264296 -3.19820674e-06 0.5 p1 56027 8
1550 30924291 m2 788660 -4.63794368e-06 0.5 p1 56029 8
5549 30925673 m2 2763629 -3.84057897e-10 0.5 p1 56034 8
6795 30929396 m2 3374028 -1.8746821e-08 0.5 p1 56048 8
9519 30930383 m2 4701745 -6.4360238e-06 0.5 p1 56052 8
8457 30930573 m2 4196056 -0.000122807585 0.5 p1 56053 8
7451 30933166 m2 3698773 -2.93195797e-07 0.5 p1 56063 8
3082 30937682 m2 1551435 -0.00224730256 0.5 p1 56080 8
8836 30939682 m2 4381653 -0.00087422831 0.5 p1 56087 8
2138 30945309 m2 1094914 -0.000342705694 0.5 p1 56109 8
1414 30946481 m2 718513 -1.72267491e-07 0.5 p1 56114 8
4251 30947043 m2 2128281 -0.00139986107 0.5 p1 56116 8
7402 30948096 m2 3675182 -1.41543944e-06 0.5 p1 56120 8
1454 30949015 m2 737935 -3.73842204e-06 0.5 p1 56123 8
4824 30950031 m2 2385348 -0.000472558721 0.5 p1 56127 8
4322 30950082 m2 2162766 -0.000186457837 0.5 p1 56127 8
8774 30950596 m2 4349904 -4.69631516e-07 0.5 p1 56129 8
4964 30954597 m2 2452191 -4.36658993e-05 0.5 p1 56144 8
6104 30959041 m2 3034574 -1.00209597e-07 0.5 p1 56162 8
3881 30959387 m2 1942050 -4.13715097e-05 0.5 p1 56163 8
7383 30960540 m2 3665207 -4.85326211e-07 0.5 p1 56167 8
378 30961510 m2 197372 -0.00153752009 0.5 p1 56171 8
3630 30961866 m2 1815793 -0.00109641149 0.5 p1 56172 8
6737 30965015 m2 3348757 -1.94635904e-05 0.5 p1 56184 8
2617 30965208 m2 1325373 -2.75320599e-06 0.5 p1 56185 8
1279 30966095 m2 652738 -5.7611868e-07 0.5 p1 56188 8
6221 30968242 m2 3089977 -0.000946636428 0.5 p1 56196 8
4613 30970241 m2 2286590 -0.000200658396 0.5 p1 56203 8
5815 30975167 m2 2894778 -0.000832915131 0.5 p1 56222 8
4236 30976784 m2 2121382 -0.00109604106 0.5 p1 56228 8
3953 30978171 m2 1971367 -2.66936468e-07 0.5 p1 56233 8
7439 30978789 m2 3692412 -0.000107781496 0.5 p1 56236 8
2578 30981119 m2 1305829 -1.27263356e-11 0.5 p1 56245 8
1513 30982612 m2 772183 -0.00058505137 0.5 p1 56251 8
4132 30984825 m2 2069737 -6.32827869e-06 0.5 p1 56259 8
7763 30986893 m2 3861121 -0.00318422588 0.5 p1 56267 8
1381 30991049 m2 703386 -0.000482904754 0.5 p1 56283 8
4946 30992307 m2 2444057 -0.000257215899 0.5 p1 56288 8
8471 30992551 m2 4202072 -0.000331609714 0.5 p1 56289 8
3246 30996884 m2 1629701 -2.42374541e-11 0.5 p1 56306 8
1865 30997282 m2 948638 -0.000101982987 0.5 p1 56307 8
6987 31000915 m2 3462415 -2.9743851e-05 0.5 p1 56321 8
7635 31005321 m2 3794800 -0.00143266085 0.5 p1 56337 8
3783 31006237 m2 1897825 -5.25055293e-05 0.5 p1 56340 8
6480 31008468 m2 3210106 -7.74675354e-05 0.5 p1 56349 8
754 31014774 m2 389309 -2.11431734e-06 0.5 p1 56372 8
2688 31015670 m2 1357888 -2.37266272e-06 0.5 p1 56376 8
6890 31018488 m2 3417991 -1.1639343e-05 0.5 p1 56387 8
9643 31018834 m2 4773101 -0.000469268212 0.5 p1 56388 8
3461 31023987 m2 1732849 -8.68035315e-08 0.5 p1 56409 8
5625 31024721 m2 2797554 -0.000167933642 0.5 p1 56412 8
2044 31025171 m2 1046588 -9.08003642e-07 0.5 p1 56413 8
5141 31029416 m2 2549186 -2.18143327e-06 0.5 p1 56430 8
8776 31030489 m2 4351210 -8.92369428e-07 0.5 p1 56434 8
1125 31031209 m2 580117 -0.0032784699 0.5 p1 56437 8
6727 31033016 m2 3340830 -0.000167160266 0.5 p1 56444 8
1133 31033550 m2 585027 -0.000488665188 0.5 p1 56447 8
364 31033830 m2 190116 -0.000246196752 0.5 p1 56448 8
3569 31042901 m2 1786547 -0.00323951966 0.5 p1 56483 8
1234 31043670 m2 628537 -5.59260479e-05 0.5 p1 56486 8
3555 31044460 m2 1777938 -3.00535467e-05 0.5 p1 56489 8
3430 31044660 m2 1718234 -0.000114031391 0.5 p1 56490 8
6053 31048914 m2 3011514 -5.11505732e-06 0.5 p1 56507 8
3152 31048992 m2 1583177 -4.62383505e-05 0.5 p1 56507 8
2924 31050651 m2 1470247 -0.000417396484 0.5 p1 56513 8
3994 31052634 m2 1992709 -8.17672401e-07 0.5 p1 56521 8
3394 31054048 m2 1697658 -4.97202309e-05 0.5 p1 56527 8
4456 31054321 m2 2215607 -0.00119833311 0.5 p1 56528 8
2972 31055529 m2 1498082 -4.02734031e-06 0.5 p1 56533 8
48 31056013 m2 34382 -0.000390509842 0.5 p1 56535 8
7156 31058472 m3 3548177 3.08123417e-05 0.5 p1 56545 8
7708 31058665 m2 3832017 -0.000160550189 0.5 p1 56545 8
19 31058972 m2 9479 -8.37570827e-15 0.5 p1 56546 8
599 31059359 m2 308668 -0.00114151521 0.5 p1 56548 8
9734 31059466 m2 4816851 -6.20813817e-11 0.5 p1 56549 8
9885 31059655 m2 4898157 -0.000315561774 0.5 p1 56549 8
269 31060280 m2 137279 -0.000237287866 0.5 p1 56552 8
4938 31062672 m2 2440033 -2.15088079e-07 0.5 p1 56561 8
2698 31063645 m2 1362121 -0.00139198557 0.5 p1 56565 8
7680 31064910 m2 3818625 -6.46403139e-11 0.5 p1 56570 8
1349 31066034 m2 683925 -6.64475665e-05 0.5 p1 56574 8
2829 31066899 m2 1423355 -4.71003716e-08 0.5 p1 56578 8
1393 31068461 m2 708219 -0.000337048812 0.5 p1 56584 8
6838 31069710 m2 3394846 -0.000588366645 0.5 p1 56588 8
8671 31072070 m2 4301773 -1.27091371e-05 0.5 p1 56598 8
3923 31073499 m2 1956593 -3.74655951e-09 0.5 p1 56604 8
10051 31075847 m2 4974634 -2.79109266e-12 0.5 p1 56613 8
5467 31076048 m2 2720184 -4.61774653e-05 0.5 p1 56614 8
2518 31076530 m2 1281076 -6.89513126e-06 0.5 p1 56616 8
6594 31079466 m2 3274345 -0.000164577752 0.5 p1 56627 8
9443 31083599 m2 4668188 -3.54527438e-05 0.5 p1 56644 8
2389 31085865 m2 1213784 -6.92597087e-06 0.5 p1 56653 8
98 31086993 m2 57365 -0.000376485492 0.5 p1 56657 8
2556 31087103 m2 1297688 -8.27756448e-05 0.5 p1 56658 8
9461 31088074 m2 4676989 -1.07356719e-07 0.5 p1 56661 8
8520 31088654 m2 4227402 -2.22467307e-08 0.5 p1 56664 8
8694 31090435 m2 4310722 -7.01211902e-05 0.5 p1 56671 8
2463 31092811 m2 1245637 -0.00557214348 0.5 p1 56680 8
4430 31096649 m2 2205395 -2.55352052e-06 0.5 p1 56696 8
5102 31098666 m2 2525292 -6.09813869e-05 0.5 p1 56704 8
201 31100647 m2 107445 -0.000330382085 0.5 p1 56712 8
1655 31101263 m2 838698 -1.23296068e-05 0.5 p1 56714 8
2359 31104807 m2 1200159 -4.17946522e-09 0.5 p1 56728 8
3631 31104814 m2 1816373 -1.6276438e-08 0.5 p1 56729 8
4677 31108712 m2 2316863 -4.07494809e-07 0.5 p1 56744 8
5086 31109825 m2 2516127 -3.76448895e-07 0.5 p1 56749 8
2538 31114553 m2 1290800 -0.00013433618 0.5 p1 56768 8
2786 31118707 m2 1397285 -7.77283238e-10 0.5 p1 56784 8
2414 31119516 m2 1225301 -8.95871017e-06 0.5 p1 56788 8
5764 31123453 m2 2868312 -0.000353188341 0.5 p1 56804 8
258 31124204 m2 130576 -0.00125758094 0.5 p1 56807 8
5736 31124737 m2 2856032 -9.62878275e-08 0.5 p1 56809 8
1626 31124938 m2 821640 -6.25264146e-11 0.5 p1 56810 8
1073 31125016 m2 554885 -8.94425757e-05 0.5 p1 56810 8
5232 31125483 m2 2603293 -0.00384674361 0.5 p1 56812 8
7135 31125768 m2 3532460 -0.000720854441 0.5 p1 56813 8
6299 31127431 m2 3122724 -0.00222835643 0.5 p1 56820 8
9637 31128245 m2 4768299 -0.000243744798 0.5 p1 56823 8
9558 31130684 m2 4723960 -0.000276356179 0.5 p1 56832 8
3483 31131026 m2 1742391 -3.71193032e-08 0.5 p1 56834 8
8587 31131365 m2 4256608 -0.000123182486 0.5 p1 56835 8
6426 31134442 m2 3183761 -0.00174299732 0.5 p1 56847 8
1419 31136006 m2 720726 -1.27360451e-07 0.5 p1 56854 8
6396 31137321 m2 3170481 -0.000125904815 0.5 p1 56859 8
6241 31138625 m2 3098685 -0.000301656604 0.5 p1 56865 8
5798 31139138 m2 2884778 -5.42688554e-07 0.5 p1 56867 8
4892 31139187 m2 2417849 -0.00484777987 0.5 p1 56867 8
8115 31141711 m2 4016380 -5.23831623e-05 0.5 p1 56877 8
6086 31144578 m2 3028631 -0.00160072185 0.5 p1 56889 8
3794 31145732 m2 1902368 -5.8972073e-06 0.5 p1 56894 8
920 31150103 m2 476220 -0.000762755924 0.5 p1 56911 8
1277 31150226 m2 651742 -3.39524746e-08 0.5 p1 56912 8
546 31150464 m2 283252 -0.0010153082 0.5 p1 56913 8
8839 31152361 m2 4384167 -1.98974317e-06 0.5 p1 56920 8
5422 31154850 m2 2698003 -2.75830558e-07 0.5 p1 56930 8
5681 31154851 m3 2828305 0.00192094257 0.5 p1 56930 8
7399 31162353 m2 3673930 -0.00118777773 0.5 p1 56961 8
9354 31164719 m2 4625152 -2.71828155e-12 0.5 p1 56970 8
8474 31164922 m2 4204933 -0.00045767313 0.5 p1 56971 8
8335 31166432 m2 4136193 -0.00194505882 0.5 p1 56977 8
5166 31167720 m2 2567051 -2.21663621e-09 0.5 p1 56983 8
5366 31168219 m2 2669261 -0.000803923002 0.5 p1 56985 8
3777 31170351 m2 1893832 -9.08009461e-05 0.5 p1 56993 8
1403 31172503 m2 711316 -0.000369483751 0.5 p1 57002 8
3298 31172548 m2 1653947 -5.95113079e-07 0.5 p1 57002 8
3960 31174457 m2 1974649 -0.00179682288 0.5 p1 57010 8
8869 31174615 m2 4398324 -5.51799644e-07 0.5 p1 57011 8
5038 31179300 m2 2492329 -0.00304548512 0.5 p1 57030 8
5881 31183031 m2 2930663 -5.58222746e-05 0.5 p1 57045 8
5846 31183275 m2 2910726 -0.00278665824 0.5 p1 57046 8
8316 31187055 m2 4127453 -0.0024702067 0.5 p1 57062 8
5725 31189592 m2 2852003 -0.000884328736 0.5 p1 57072 8
7171 31191307 m2 3560252 -5.99179202e-06 0.5 p1 57079 8
3932 31192694 m2 1961137 -0.00530123338 0.5 p1 57085 8
5728 31194451 m2 2853547 -4.65229932e-05 0.5 p1 57092 8
6329 31194604 m2 3140056 -1.30197861e-06 0.5 p1 57092 8
6356 31195558 m2 3152525 -2.19550275e-05 0.5 p1 57096 8
3580 31195987 m2 1792863 -0.00636692625 0.5 p1 57098 8
4148 31197423 m2 2076029 -3.32843904e-08 0.5 p1 57104 8
5680 31198134 m2 2826787 -0.00599136809 0.5 p1 57107 8
9811 31198246 m2 4862106 -5.78436982e-07 0.5 p1 57107 8
3533 31198733 m2 1766820 -7.9842066e-05 0.5 p1 57109 8
8308 31200467 m2 4124911 -0.000828704389 0.5 p1 57116 8
8972 31203790 m2 4442624 -0.000204776748 0.5 p1 57130 8
3075 31204132 m2 1547926 -0.00121954049 0.5 p1 57132 8
139 31205153 m2 75683 -0.000729124411 0.5 p1 57136 8
3573 31205394 m2 1789243 -5.37416163e-05 0.5 p1 57137 8
7624 31210064 m2 3788095 -0.00604243716 0.5 p1 57156 8
1814 31211483 m2 919866 -1.6144777e-05 0.5 p1 57162 8
8109 31212508 m2 4012437 -0.0011446079 0.5 p1 57166 8
3579 31212671 m2 1792830 -0.000372711685 0.5 p1 57167 8
7490 31216175 m2 3719640 -0.00438567484 0.5 p1 57181 8
5752 31216961 m2 2865871 -0.0016503192 0.5 p1 57185 8
3806 31217235 m2 1908965 -1.36578865e-06 0.5 p1 57186 8
5072 31217484 m2 2510575 -0.00162970042 0.5 p1 57187 8
9630 31217486 m2 4762996 -0.000260480854 0.5 p1 57187 8
3047 31221276 m2 1537377 -4.19187415e-07 0.5 p1 57203 8
1446 31222953 m2 732571 -3.50584332e-06 0.5 p1 57210 8
5308 31223236 m2 2638729 -0.00162683264 0.5 p1 57211 8
9085 31228037 m2 4493223 -9.86919404e-05 0.5 p1 57231 8
736 31231091 m2 380303 -3.88607731e-07 0.5 p1 57243 8
8173 31232060 m2 4046173 -0.00010334298 0.5 p1 57247 8
5321 31234381 m2 2646670 -2.26167867e-06 0.5 p1 57257 8
773 31234425 m2 398327 -5.2538968e-07 0.5 p1 57257 8
4860 31237668 m2 2400379 -2.5467647e-05 0.5 p1 57270 8
8328 31241917 m2 4132373 -0.00179276674 0.5 p1 57288 8
7181 31242414 m2 3564173 -1.9857338e-05 0.5 p1 57290 8
209 31242597 m2 111223 -0.000484396849 0.5 p1 57291 8
814 31242665 m2 417164 -3.72143477e-05 0.5 p1 57291 8
9617 31242980 m2 4754326 -0.000692824367 0.5 p1 57293 8
508 31244622 m2 263924 -0.000676984608 0.5 p1 57299 8
3742 31250098 m3 1874079 0.000365374173 0.5 p1 57321 8
7647 31252903 m2 3802276 -0.00146775914 0.5 p1 57333 8
4761 31254159 m2 2354970 -0.00265238062 0.5 p1 57338 8
9797 31255140 m2 4849004 -8.17626017e-07 0.5 p1 57342 8
4131 31255199 m2 2069682 -8.20232344e-08 0.5 p1 57342 8
3234 31258205 m2 1623649 -9.2369234e-08 0.5 p1 57355 8
10084 31259715 m2 4988999 -1.01834739e-05 0.5 p1 57361 8
2971 31259801 m2 1497995 -9.81432822e-06 0.5 p1 57362 8
8296 31259923 m2 4122041 -2.48344736e-06 0.5 p1 57362 8
3226 31262413 m2 1619216 -5.72340179e-12 0.5 p1 57373 8
3619 31264779 m2 1813081 -4.57248607e-05 0.5 p1 57382 8
2326 31268528 m2 1186635 -5.09566611e-08 0.5 p1 57398 8
6383 31272936 m2 3164409 -4.22563937e-12 0.5 p1 57416 8
8134 31278407 m2 4024764 -6.50448897e-07 0.5 p1 57439 8
7129 31279239 m2 3526558 -0.000344523694 0.5 p1 57442 8
7587 31279601 m2 3770736 -0.000345141656 0.5 p1 57444 8
45 31279912 m2 30563 -1.97061794e-07 0.5 p1 57445 8
9752 31280020 m2 4825392 -0.000142122663 0.5 p1 57446 8
8321 31281257 m2 4129232 -0.000969087007 0.5 p1 57451 8
7015 31283901 m2 3474693 -1.0269099e-06 0.5 p1 57462 8
6518 31283933 m2 3230704 -0.00366501929 0.5 p1 57462 8
9377 31284673 m2 4635133 -4.29570309e-06 0.5 p1 57466 8
3277 31288346 m2 1641988 -5.81248003e-07 0.5 p1 57481 8
697 31291530 m2 359001 -0.000927809975 0.5 p1 57494 8
3603 31293168 m2 1804357 -0.00033379643 0.5 p1 57502 8
2262 31293963 m2 1150475 -1.55744146e-05 0.5 p1 57505 8
3607 31294886 m2 1805615 -1.3526344e-06 0.5 p1 57508 8
116 31296799 m2 65029 -0.000203038813 0.5 p1 57517 8
10040 31297144 m2 4970461 -0.00025288458 0.5 p1 57518 8
1667 31297645 m2 843219 -0.0029166087 0.5 p1 57520 8
3828 31298217 m2 1918729 -0.000140864504 0.5 p1 57523 8
9647 31299311 m2 4773708 -7.49669288e-14 0.5 p1 57527 8
8007 31303201 m2 3963355 -6.42595478e-06 0.5 p1 57544 8
1463 31307115 m2 743536 -0.00186334678 0.5 p1 57561 8
1562 31308143 m2 794910 -0.00175202976 0.5 p1 57565 8
7612 31311649 m2 3782285 -4.22623634e-05 0.5 p1 57580 8
5730 31313918 m2 2854357 -3.01409309e-05 0.5 p1 57589 8
781 31314886 m2 400513 -9.97120515e-05 0.5 p1 57594 8
5927 31316122 m2 2952571 -2.09786393e-08 0.5 p1 57599 8
6294 31317450 m2 3119957 -0.00300330366 0.5 p1 57605 8
8805 31318769 m2 4366181 -3.6715582e-07 0.5 p1 57610 8
6953 31324725 m2 3447217 -6.61936792e-05 0.5 p1 57635 8
5878 31327306 m2 2928057 -8.5174288e-06 0.5 p1 57646 8
542 31327396 m2 280583 -7.89110982e-06 0.5 p1 57646 8
9049 31327402 m2 4476313 -0.000413734408 0.5 p1 57646 8
8723 31329876 m2 4323888 -1.60406526e-05 0.5 p1 57657 8
6805 31333066 m2 3377442 -2.28362879e-07 0.5 p1 57670 8
4831 31333582 m2 2387895 -0.000150355991 0.5 p1 57672 8
1880 31334177 m2 957207 -7.59511886e-06 0.5 p1 57674 8
497 31334500 m2 260729 -5.04204545e-05 0.5 p1 57676 8
6461 31336240 m2 3202403 -3.59433579e-05 0.5 p1 57683 8
4400 31338587 m2 2194931 -2.47788856e-09 0.5 p1 57692 8
2347 31341000 m2 1198086 -0.00182446081 0.5 p1 57702 8
2264 31342718 m2 1152557 -0.000220287606 0.5 p1 57709 8
412 31346007 m2 216279 -1.05854667e-07 0.5 p1 57724 8
8880 31346342 m2 4404131 -4.22952908e-05 0.5 p1 57725 8
1313 31349814 m2 670254 -0.000173194348 0.5 p1 57740 8
866 31350917 m2 449732 -0.00303108804 0.5 p1 57744 8
7520 31351157 m2 3733085 -0.00047347034 0.5 p1 57745 8
42 31351621 m2 28488 -0.000393417489 0.5 p1 57748 8
2040 31355908 m2 1045676 -0.0026117838 0.5 p1 57766 8
4548 31356755 m2 2260574 -5.23004869e-11 0.5 p1 57769 8
9692 31357233 m2 4793920 -0.000205667675 0.5 p1 57771 8
4349 31359164 m2 2173825 -0.00069687923 0.5 p1 57779 8
8016 31362972 m2 3969583 -0.00353939878 0.5 p1 57796 8
4868 31364884 m3 2405994 0.00025596426 0.5 p1 57804 8
2351 31370701 m2 1198697 -4.22527264e-05 0.5 p1 57828 8
9982 31371519 m2 4944075 -4.76237401e-05 0.5 p1 57832 8
10033 31371732 m2 4967905 -0.00135768228 0.5 p1 57833 8
4983 31372036 m2 2461123 -3.03457773e-06 0.5 p1 57834 8
4683 31373956 m2 2320490 -0.000780459377 0.5 p1 57843 8
7579 31375426 m2 3765832 -2.0690004e-05 0.5 p1 57849 8
6576 31376695 m2 3267763 -0.000487353624 0.5 p1 57854 8
2520 31378066 m2 1281481 -5.28316668e-05 0.5 p1 57860 8
5675 31378853 m2 2824593 -9.1328659e-13 0.5 p1 57863 8
8579 31379427 m2 4252420 -2.04251573e-05 0.5 p1 57866 8
6391 31385287 m2 3169605 -1.82241292e-05 0.5 p1 57891 8
9610 31385588 m2 4749460 -6.03223543e-06 0.5 p1 57892 8
8244 31388379 m2 4087353 -2.21735991e-06 0.5 p1 57904 8
1690 31388467 m2 858029 -0.000268520205 0.5 p1 57904 8
5563 31390236 m2 2771577 -8.42618101e-06 0.5 p1 57912 8
6994 31391167 m2 3466709 -1.95989924e-06 0.5 p1 57917 8
7170 31393122 m2 3560163 -1.40177817e-05 0.5 p1 57925 8
3188 31394958 m2 1602664 -0.00157442095 0.5 p1 57933 8
5569 31395711 m2 2773914 -6.0754588e-05 0.5 p1 57937 8
3624 31395952 m2 1813936 -1.03303228e-05 0.5 p1 57938 8
1611 31399638 m2 814911 -1.13801129e-07 0.5 p1 57955 8
745 31400329 m2 382998 -0.000111564157 0.5 p1 57958 8
7032 31401410 m2 3484168 -0.00122656941 0.5 p1 57962 8
1614 31401957 m2 815066 -3.89322824e-10 0.5 p1 57965 8
2893 31404469 m2 1452808 -0.000550575089 0.5 p1 57976 8
6361 31404473 m2 3154098 -6.39593111e-07 0.5 p1 57976 8
1692 31404578 m2 859500 -0.000286224211 0.5 p1 57976 8
7409 31404894 m2 3679567 -0.00023854668 0.5 p1 57977 8
4370 31405359 m2 2183608 -3.2284288e-06 0.5 p1 57979 8
3315 31411128 m2 1662782 -2.23101815e-05 0.5 p1 58004 8
4446 31411494 m2 2212744 -0.000474147644 0.5 p1 58005 8
8194 31411891 m2 4060873 -0.000278401712 0.5 p1 58007 8
9856 31412751 m2 4886014 -2.42818442e-06 0.5 p1 58011 8
583 31413827 m2 301806 -5.79191583e-05 0.5 p1 58015 8
3772 31414129 m2 1891630 -7.65633813e-05 0.5 p1 58016 8
7381 31415315 m2 3663274 -0.000478368223 0.5 p1 58021 8
2944 31417016 m2 1482825 -1.94383517e-07 0.5 p1 58028 8
4110 31418482 m2 2057426 -0.000121410369 0.5 p1 58035 8
4734 31420231 m2 2342550 -2.53637354e-05 0.5 p1 58042 8
699 31425960 m2 360804 -5.28955479e-06 0.5 p1 58067 8
8573 31426470 m2 4250516 -0.000241570524 0.5 p1 58069 8
1359 31429541 m2 690578 -5.89652191e-05 0.5 p1 58082 8
4464 31429707 m2 2220894 -0.00026820568 0.5 p1 58083 8
3860 31430209 m2 1931979 -6.72124187e-08 0.5 p1 58085 8
3583 31430435 m2 1794317 -0.000772018102 0.5 p1 58086 8
3309 31430570 m2 1660581 -0.000115457296 0.5 p1 58087 8
1850 31430816 m2 939321 -0.000123278252 0.5 p1 58087 8
9527 31432796 m2 4706473 -0.000183286073 0.5 p1 58096 8
1175 31436037 m2 602457 -0.00130746956 0.5 p1 58110 8
838 31436043 m2 435774 -6.40075859e-06 0.5 p1 58110 8
2564 31438328 m2 1300148 -0.00190597505 0.5 p1 58120 8
3354 31439737 m2 1678671 -0.00507178297 0.5 p1 58126 8
682 31440674 m2 353436 -5.74879095e-06 0.5 p1 58130 8
2152 31445014 m2 1100951 -1.69198998e-07 0.5 p1 58149 8
9552 31445833 m2 4722412 -1.63980758e-08 0.5 p1 58152 8
4033 31446707 m2 2012494 -5.50507211e-05 0.5 p1 58156 8
800 31451396 m2 411155 -0.000411906396 0.5 p1 58176 8
5835 31451709 m2 2907140 -0.000160230891 0.5 p1 58177 8
9529 31453033 m2 4708018 -3.38291397e-06 0.5 p1 58183 8
1913 31455255 m2 976208 -7.82955478e-10 0.5 p1 58192 8
3918 31456450 m2 1954955 -3.80587844e-05 0.5 p1 58197 8
9214 31456858 m2 4551637 -0.00182233087 0.5 p1 58199 8
9447 31459484 m2 4670251 -0.000144227844 0.5 p1 58210 8
1368 31460794 m2 696172 -0.000576711667 0.5 p1 58216 8
7840 31463387 m2 3893485 -1.27097201e-05 0.5 p1 58228 8
1928 31467525 m2 983057 -0.000199115748 0.5 p1 58246 8
673 31467814 m2 346255 -2.94731421e-07 0.5 p1 58247 8
705 31469248 m2 363683 -4.5926904e-06 0.5 p1 58253 8
4470 31470943 m2 2223578 -6.41674196e-05 0.5 p1 58261 8
4335 31471841 m2 2167880 -0.000873766898 0.5 p1 58264 8
2808 31472080 m2 1412749 -0.00221965741 0.5 p1 58265 8
3093 31473175 m2 1557365 -9.30765964e-06 0.5 p1 58270 8
3142 31476755 m2 1579992 -0.000134403163 0.5 p1 58285 8
1431 31480612 m2 727774 -5.09947551e-09 0.5 p1 58303 8
2175 31480647 m2 1114510 -0.000828396529 0.5 p1 58303 8
8803 31482737 m2 4365126 -0.000546442636 0.5 p1 58312 8
460 31483712 m2 241130 -3.98476868e-06 0.5 p1 58316 8
1609 31484407 m2 813918 -0.000143894344 0.5 p1 58319 8
9672 31489052 m2 4784385 -6.71399685e-05 0.5 p1 58339 8
803 31494079 m2 411940 -0.000740159419 0.5 p1 58362 8
5245 31494436 m2 2610609 -8.25353927e-05 0.5 p1 58363 8
4180 31496347 m2 2093381 -1.00765609e-08 0.5 p1 58372 8
9066 31497165 m2 4482959 -5.15565901e-08 0.5 p1 58376 8
2612 31498701 m2 1322077 -6.56665e-10 0.5 p1 58382 8
1427 31500385 m2 722695 -1.52492676e-05 0.5 p1 58390 8
2937 31503042 m2 1477911 -3.95229326e-05 0.5 p1 58401 8
5596 31505032 m2 2786889 -0.00116464193 0.5 p1 58410 8
312 31505538 m2 161872 -2.24042219e-06 0.5 p1 58412 8
3106 31506705 m2 1560759 -1.73819626e-06 0.5 p1 58417 8
3462 31512196 m2 1733597 -4.62564531e-05 0.5 p1 58441 8
7103 31514386 m2 3514127 -0.000318181381 0.5 p1 58451 8
5419 31515395 m2 2697225 -0.000584629539 0.5 p1 58456 8
8330 31520034 m2 4133645 -0.0024173439 0.5 p1 58476 8
2286 31523564 m2 1163425 -6.89844237e-05 0.5 p1 58492 8
9600 31523963 m2 4742094 -1.03726034e-05 0.5 p1 58494 8
6896 31528026 m2 3420682 -0.000448239851 0.5 p1 58512 8
2239 31528755 m2 1141205 -3.21306584e-06 0.5 p1 58516 8
1663 31529092 m2 841211 -0.0007216956 0.5 p1 58517 8
5914 31532978 m2 2947243 -5.12071056e-05 0.5 p1 58535 8
8696 31534794 m2 4311191 -3.0044347e-09 0.5 p1 58543 8
4473 31535689 m2 2225800 -4.44940973e-09 0.5 p1 58547 8
4363 31536220 m2 2179205 -0.000129366323 0.5 p1 58549 8
7395 31536828 m2 3673104 -4.10834909e-05 0.5 p1 58552 8
2667 31537283 m2 1350057 -0.000653225987 0.5 p1 58554 8
9113 31537614 m2 4509879 -6.4757387e-08 0.5 p1 58556 8
9530 31538986 m2 4708040 -1.62263571e-08 0.5 p1 58562 8
469 31539430 m2 245172 -2.53606686e-05 0.5 p1 58564 8
7696 31540204 m2 3825673 -0.000147170053 0.5 p1 58568 8
658 31546301 m2 339807 -0.00107086974 0.5 p1 58595 8
6407 31546360 m2 3173517 -3.62065156e-10 0.5 p1 58595 8
375 31546448 m2 194672 -1.227873e-08 0.5 p1 58596 8
3657 31546729 m2 1825410 -0.00010102518 0.5 p1 58597 8
4638 31547356 m2 2295012 -1.06690495e-05 0.5 p1 58600 8
6291 31548579 m2 3119129 -1.05503423e-05 0.5 p1 58605 8
3874 31549092 m2 1938671 -0.000128483473 0.5 p1 58607 8
8411 31549898 m2 4171153 -0.00374655705 0.5 p1 58611 8
7483 31549952 m2 3716731 -0.000142224351 0.5 p1 58611 8
9661 31551940 m2 4778359 -2.51222991e-05 0.5 p1 58620 8
1050 31557776 m2 543377 -5.34708076e-11 0.5 p1 58646 8
8634 31560135 m2 4280723 -0.000115664996 0.5 p1 58657 8
1458 31562506 m2 741298 -0.000377051678 0.5 p1 58668 8
5307 31562563 m2 2638559 -1.71719226e-08 0.5 p1 58668 8
7604 31564927 m2 3777643 -0.000892849464 0.5 p1 58678 8
9017 31565393 m3 4458344 0.00167908473 0.5 p1 58680 8
7454 31565444 m2 3700876 -0.000458225579 0.5 p1 58681 8
6023 31566637 m2 2997346 -2.01741592e-08 0.5 p1 58686 8
4469 31568240 m2 2222689 -1.59824558e-05 0.5 p1 58693 8
8256 31568413 m2 4095051 -9.89800028e-05 0.5 p1 58694 8
3949 31570290 m2 1970385 -0.00219292613 0.5 p1 58702 8
4752 31570786 m2 2348829 -4.46295016e-05 0.5 p1 58704 8
2634 31574137 m2 1335285 -5.96343398e-07 0.5 p1 58720 8
725 31574153 m2 374382 -4.76063633e-10 0.5 p1 58720 8
5463 31574379 m2 2718201 -6.08267555e-06 0.5 p1 58721 8
1672 31575036 m2 847658 -6.89084263e-05 0.5 p1 58724 8
3591 31578467 m2 1799025 -0.00133188744 0.5 p1 58740 8
5786 31578771 m2 2878599 -1.72859645e-18 0.5 p1 58741 8
7427 31578898 m2 3687419 -6.144689e-06 0.5 p1 58742 8
6625 31582692 m2 3287903 -5.05040407e-06 0.5 p1 58759 8
2364 31584149 m2 1201324 -0.000872131728 0.5 p1 58766 8
7538 31584819 m2 3742891 -2.24363612e-05 0.5 p1 58769 8
9764 31585688 m2 4828885 -4.75810048e-05 0.5 p1 58773 8
1346 31585992 m2 683394 -0.00529868901 0.5 p1 58774 8
2822 31590488 m2 1418983 -0.000893480552 0.5 p1 58795 8
6122 31591381 m2 3040228 -9.37255265e-07 0.5 p1 58800 8
2779 31595027 m2 1394614 -4.65651938e-05 0.5 p1 58817 8
5034 31599823 m2 2489107 -2.29734461e-14 0.5 p1 58839 8
840 31602088 m2 436328 -2.39473484e-05 0.5 p1 58850 8
4425 31602557 m2 2203769 -5.40394331e-06 0.5 p1 58852 8
5300 31603281 m2 2635124 -0.000382269092 0.5 p1 58855 8
1259 31604318 m2 641274 -2.57682903e-11 0.5 p1 58860 8
1415 31604319 m2 719423 -1.3551479e-06 0.5 p1 58860 8
3380 31606186 m2 1693966 -4.70332907e-06 0.5 p1 58869 8
8905 31606460 m2 4415503 -7.67460488e-12 0.5 p1 58870 8
6558 31607861 m2 3257866 -2.9758341e-05 0.5 p1 58877 8
939 31608526 m2 489495 -2.6929134e-05 0.5 p1 58880 8
5475 31611415 m2 2726191 -0.000580525782 0.5 p1 58893 8
5572 31613260 m2 2775800 -0.000825406285 0.5 p1 58902 8
2535 31615530 m2 1289737 -0.00205819472 0.5 p1 58913 8
1429 31615658 m2 724247 -0.0045781387 0.5 p1 58913 8
907 31617242 m2 472166 -0.000221390379 0.5 p1 58921 8
8379 31618783 m2 4157944 -1.56721705e-10 0.5 p1 58928 8
1838 31621845 m2 933014 -0.000361627172 0.5 p1 58942 8
4680 31628074 m2 2317836 -1.20816324e-07 0.5 p1 58970 8
8396 31630209 m2 4164211 -0.00017042867 0.5 p1 58980 8
9279 31630842 m2 4582503 -0.00283013703 0.5 p1 58983 8
6222 31631521 m2 3090125 -6.1443192e-05 0.5 p1 58986 8
4796 31633068 m2 2371566 -3.65254573e-06 0.5 p1 58994 8
3062 31635671 m2 1542538 -5.12372189e-09 0.5 p1 59006 8
6395 31637210 m2 3170172 -5.10573841e-07 0.5 p1 59013 8
2011 31639342 m2 1028822 -7.42189441e-05 0.5 p1 59023 8
7053 31641808 m2 3494263 -0.00428956747 0.5 p1 59035 8
6135 31642421 m2 3046701 -2.2351928e-07 0.5 p1 59037 8
3137 31648688 m2 1576595 -0.000344146945 0.5 p1 59067 8
2295 31651013 m2 1169283 -0.00134137017 0.5 p1 59078 8
9749 31653212 m2 4823947 -0.00460539898 0.5 p1 59088 8
5866 31659497 m2 2922784 -0.000844688329 0.5 p1 59116 8
3261 31660156 m2 1637058 -2.32630425e-11 0.5 p1 59119 8
5114 31660547 m2 2533394 -0.00043081172 0.5 p1 59121 8
8961 31660812 m2 4437381 -0.000274771999 0.5 p1 59122 8
1354 31661379 m2 687138 -1.11171857e-05 0.5 p1 59125 8
6506 31661901 m2 3224330 -2.33836616e-07 0.5 p1 59127 8
4288 31662599 m2 2145801 -0.000461576477 0.5 p1 59131 8
8821 31664669 m2 4374335 -1.04487856e-06 0.5 p1 59141 8
3572 31665804 m2 1789054 -0.00122836814 0.5 p1 59146 8
3693 31666777 m2 1848345 -4.59209559e-08 0.5 p1 59151 8
8189 31668581 m3 4055572 0.000260929752 0.5 p1 59160 8
8462 31671776 m2 4198429 -0.00022939175 0.5 p1 59175 8
9020 31671923 m2 4460774 -2.64565713e-11 0.5 p1 59176 8
8225 31672440 m2 4075457 -9.534741e-08 0.5 p1 59178 8
237 31673153 m2 121162 -0.00283963699 0.5 p1 59182 8
962 31673561 m2 497010 -8.86438752e-12 0.5 p1 59183 8
3203 31680885 m2 1608825 -9.05712412e-08 0.5 p1 59217 8
696 31681108 m2 357433 -1.72325763e-08 0.5 p1 59218 8
8177 31683303 m2 4049365 -3.51230568e-07 0.5 p1 59229 8
9875 31684240 m2 4896389 -3.78441873e-05 0.5 p1 59233 8
10028 31684754 m2 4966673 -1.29144664e-05 0.5 p1 59236 8
5157 31685163 m2 2560466 -2.72801535e-05 0.5 p1 59237 8
2691 31686302 m2 1359047 -3.90953801e-06 0.5 p1 59243 8
8217 31687140 m2 4072722 -3.32381705e-06 0.5 p1 59247 8
6308 31687539 m2 3126600 -4.15320122e-13 0.5 p1 59249 8
7324 31687890 m2 3632230 -8.3536554e-07 0.5 p1 59250 8
2254 31693609 m2 1147708 -1.21152977e-10 0.5 p1 59277 8
5899 31694319 m2 2938395 -2.75735235e-09 0.5 p1 59280 8
2202 31697331 m2 1123159 -2.63642163e-13 0.5 p1 59294 8
3003 31697435 m2 1512468 -0.00131926814 0.5 p1 59295 8
1666 31698620 m2 842965 -0.00245357561 0.5 p1 59300 8
2639 31701458 m2 1337116 -6.89184453e-05 0.5 p1 59313 8
7957 31702888 m2 3945369 -8.29688361e-05 0.5 p1 59320 8
9759 31703609 m2 4827438 -0.000872286095 0.5 p1 59323 8
8138 31704572 m2 4026077 -0.00189854484 0.5 p1 59328 8
1932 31704779 m2 984232 -2.2066116e-08 0.5 p1 59329 8
6427 31711077 m2 3184661 -9.26009065e-08 0.5 p1 59358 8
7863 31717483 m2 3903742 -4.72344145e-05 0.5 p1 59388 8
2875 31717649 m2 1443242 -0.000111989255 0.5 p1 59389 8
3698 31718582 m2 1850811 -4.44779005e-08 0.5 p1 59393 8
2627 31719224 m2 1330083 -7.19449247e-07 0.5 p1 59396 8
156 31722381 m2 83247 -1.78231812e-08 0.5 p1 59410 8
5524 31722614 m2 2751610 -2.88700285e-05 0.5 p1 59411 8
5339 31724385 m2 2658701 -7.62527293e-07 0.5 p1 59420 8
7761 31724497 m2 3859843 -0.00111524749 0.5 p1 59420 8
9166 31725224 m2 4530009 -0.00148563983 0.5 p1 59424 8
8524 31726389 m2 4228008 -5.4416174e-05 0.5 p1 59429 8
5409 31726550 m2 2685509 -1.29706748e-07 0.5 p1 59430 8
1324 31726738 m2 674483 -2.45966703e-07 0.5 p1 59431 8
1564 31728942 m2 795513 -0.000240266279 0.5 p1 59441 8
4404 31729552 m2 2195556 -5.49457535e-10 0.5 p1 59444 8
2809 31734786 m2 1413347 -0.000264854752 0.5 p1 59469 8
3468 31735770 m2 1736980 -3.06484581e-05 0.5 p1 59473 8
1537 31735816 m2 783118 -0.00429575518 0.5 p1 59473 8
72 31740720 m2 43284 -2.63238515e-08 0.5 p1 59495 8
6666 31743325 m2 3309398 -0.000139296433 0.5 p1 59508 8
8451 31744827 m2 4192359 -0.00103129598 0.5 p1 59515 8
9195 31744959 m2 4543899 -9.97633251e-05 0.5 p1 59516 8
4283 31748515 m2 2141615 -4.1529438e-07 0.5 p1 59534 8
231 31749725 m2 119142 -3.07532628e-06 0.5 p1 59539 8
9274 31751017 m2 4580340 -0.00237079058 0.5 p1 59546 8
5827 31751172 m2 2900745 -2.45442629e-06 0.5 p1 59546 8
1976 31752052 m2 1009282 -4.86349309e-05 0.5 p1 59551 8
3586 31752278 m2 1796819 -0.00143316679 0.5 p1 59552 8
149 31752569 m2 80368 -1.90414141e-06 0.5 p1 59553 8
6516 31755113 m2 3229996 -3.70942299e-09 0.5 p1 59565 8
8541 31757206 m3 4237155 0.000667210668 0.5 p1 59576 8
4426 31759809 m2 2203784 -0.000465969992 0.5 p1 59588 8
2947 31760075 m2 1483794 -6.10707957e-07 0.5 p1 59590 8
1939 31763150 m2 991404 -3.18408716e-10 0.5 p1 59605 8
7422 31764551 m2 3684702 -2.18818241e-06 0.5 p1 59611 8
2121 31766034 m2 1082746 -2.12684204e-09 0.5 p1 59618 8
1957 31766780 m2 998103 -1.75718342e-05 0.5 p1 59622 8
6081 31767535 m2 3025747 -0.000463872217 0.5 p1 59626 8
7346 31767679 m2 3641058 -8.9006453e-06 0.5 p1 59627 8
4394 31768488 m2 2191837 -1.5263955e-05 0.5 p1 59631 8
2208 31769208 m3 1126486 0.00259027677 0.5 p1 59634 8
8315 31769246 m2 4127061 -2.54777988e-05 0.5 p1 59634 8
3901 31769300 m2 1950371 -3.17974227e-05 0.5 p1 59634 8
6765 31770225 m2 3365236 -3.57006265e-08 0.5 p1 59639 8
8215 31770483 m2 4070802 -6.07129959e-06 0.5 p1 59640 8
4760 31770712 m2 2352994 -9.81076591e-05 0.5 p1 59641 8
10029 31773641 m2 4967318 -1.93933556e-05 0.5 p1 59655 8
5558 31777737 m2 2769333 -0.000249948906 0.5 p1 59674 8
7788 31779360 m2 3869559 -5.80952619e-05 0.5 p1 59682 8
7821 31781515 m2 3885891 -5.18839715e-06 0.5 p1 59692 8
7152 31781772 m2 3544838 -6.17622959e-07 0.5 p1 59693 8
1759 31783176 m2 892334 -0.000253030943 0.5 p1 59700 8
8808 31785210 m2 4368106 -2.74972354e-06 0.5 p1 59709 8
44 31786280 m2 30115 -4.46327567e-06 0.5 p1 59715 8
5206 31786848 m2 2591061 -5.69877302e-05 0.5 p1 59718 8
230 31786966 m2 118443 -2.95550052e-07 0.5 p1 59718 8
8585 31787098 m2 4255671 -0.000166354104 0.5 p1 59719 8
7556 31788302 m2 3755735 -1.44476298e-05 0.5 p1 59725 8
5021 31788602 m2 2478833 -6.45940145e-06 0.5 p1 59726 8
3292 31789796 m2 1650292 -9.69318459e-16 0.5 p1 59732 8
6675 31791687 m2 3311584 -8.93552823e-08 0.5 p1 59741 8
2323 31792082 m2 1182885 -8.09686935e-06 0.5 p1 59742 8
1777 31794485 m2 900223 -2.56741373e-07 0.5 p1 59754 8
8669 31795005 m2 4299066 -0.00593866687 0.5 p1 59756 8
5067 31796752 m2 2506805 -1.8187875e-05 0.5 p1 59764 8
6861 31797314 m2 3405490 -0.000469648687 0.5 p1 59767 8
9116 31809759 m2 4510323 -5.30626749e-05 0.5 p1 59825 8
4886 31810496 m3 2415862 0.000246847339 0.5 p1 59828 8
3200 31811809 m2 1607376 -0.000257332897 0.5 p1 59835 8
7148 31812821 m2 3542309 -3.67997927e-07 0.5 p1 59840 8
1709 31813505 m2 868473 -2.9416613e-05 0.5 p1 59843 8
8326 31820016 m2 4131820 -0.000619487197 0.5 p1 59873 8
1839 31820379 m2 933416 -6.9462552e-12 0.5 p1 59875 8
7092 31821979 m2 3511045 -0.000815922278 0.5 p1 59882 8
4525 31822418 m2 2250520 -1.95107503e-07 0.5 p1 59884 8
4722 31825540 m2 2338233 -0.00063154666 0.5 p1 59899 8
5840 31826142 m2 2909203 -7.63450407e-06 0.5 p1 59902 8
4373 31827916 m2 2183829 -2.43342655e-11 0.5 p1 59910 8
5499 31829263 m2 2735302 -3.49894311e-12 0.5 p1 59917 8
1856 31831121 m2 943152 -9.09087561e-08 0.5 p1 59925 8
6175 31832236 m2 3069312 -1.2401439e-08 0.5 p1 59931 8
7645 31834414 m2 3801342 -0.00159487478 0.5 p1 59941 8
1683 31834869 m2 854149 -7.21660908e-05 0.5 p1 59943 8
5404 31842858 m2 2684458 -9.03134714e-05 0.5 p1 59981 8
4782 31843063 m2 2364274 -1.26637445e-07 0.5 p1 59982 8
3340 31845048 m2 1673530 -0.000840111636 0.5 p1 59992 8
10027 31845584 m2 4966366 -0.000370633265 0.5 p1 59994 8
477 31845623 m2 247248 -0.00108251569 0.5 p1 59994 8
6984 31845905 m2 3459934 -0.00116428477 0.5 p1 59996 8
1525 31847017 m2 779155 -0.00309884734 0.5 p1 60001 8
1507 31848125 m2 769163 -0.000969500572 0.5 p1 60006 8
6344 31848492 m2 3147673 -0.0013579349 0.5 p1 60008 8
1100 31849147 m2 567098 -0.00321800425 0.5 p1 60011 8
9326 31849743 m2 4612544 -1.71265019e-05 0.5 p1 60013 8
4407 31850141 m2 2196389 -0.00016775947 0.5 p1 60015 8
7685 31850710 m2 3822976 -2.89137597e-06 0.5 p1 60018 8
344 31854123 m2 181390 -0.00395610044 0.5 p1 60035 8
6335 31854309 m2 3144280 -3.16398712e-07 0.5 p1 60035 8
4832 31857513 m2 2387968 -0.00246877735 0.5 p1 60050 8
9179 31861003 m2 4534900 -0.00168083748 0.5 p1 60067 8
240 31862003 m2 123536 -3.36368648e-05 0.5 p1 60072 8
9413 31862228 m2 4649555 -1.57543309e-06 0.5 p1 60073 8
3408 31864126 m2 1707946 -0.000556959072 0.5 p1 60082 8
834 31865611 m2 433372 -6.65575442e-07 0.5 p1 60090 8
9169 31866310 m2 4531764 -0.000222141316 0.5 p1 60093 8
8732 31872243 m2 4331347 -1.54219724e-05 0.5 p1 60123 8
4619 31874787 m2 2287667 -3.53377509e-05 0.5 p1 60136 8
8605 31878380 m2 4267747 -4.61287649e-12 0.5 p1 60153 8
6739 31879552 m2 3350527 -2.97395636e-05 0.5 p1 60159 8
7546 31880471 m2 3750026 -1.9139793e-06 0.5 p1 60164 8
2001 31881168 m2 1022389 -0.00160621188 0.5 p1 60168 8
5766 31881885 m2 2870273 -1.86907869e-06 0.5 p1 60171 8
7449 31881891 m2 3697119 -6.04237371e-08 0.5 p1 60171 8
7898 31886203 m2 3920374 -0.00010381094 0.5 p1 60193 8
3926 31886721 m2 1957707 -0.000483979762 0.5 p1 60195 8
8092 31887075 m2 4005302 -0.000259623921 0.5 p1 60197 8
4384 31887254 m2 2188122 -4.60503043e-06 0.5 p1 60198 8
4566 31888790 m2 2266709 -1.80080256e-11 0.5 p1 60205 8
4130 31891233 m2 2069416 -1.58914673e-10 0.5 p1 60217 8
5251 31893188 m2 2614465 -3.04638093e-10 0.5 p1 60227 8
10057 31893668 m2 4978385 -3.4137287e-05 0.5 p1 60229 8
2547 31895452 m2 1294082 -8.85863244e-07 0.5 p1 60238 8
1940 31898846 m2 991498 -0.000664304011 0.5 p1 60255 8
1478 31899240 m2 755557 -0.00119096867 0.5 p1 60257 8
9758 31899241 m2 4827385 -0.000258067215 0.5 p1 60257 8
4428 31899427 m2 2204290 -1.71534892e-16 0.5 p1 60258 8
7778 31900373 m2 3865906 -6.18104896e-05 0.5 p1 60263 8
8151 31901133 m2 4031307 -1.00309812e-07 0.5 p1 60267 8
2259 31908788 m2 1148814 -1.14923068e-05 0.5 p1 60305 8
5335 31909522 m2 2655593 -5.74968954e-06 0.5 p1 60309 8
4896 31910314 m2 2419069 -0.000838815293 0.5 p1 60313 8
4252 31912683 m2 2129236 -1.27795442e-06 0.5 p1 60325 8
560 31913031 m2 289160 -1.01062449e-06 0.5 p1 60327 8
8998 31913068 m2 4450772 -4.99449061e-06 0.5 p1 60327 8
3388 31913944 m2 1695578 -8.26835779e-13 0.5 p1 60331 8
1859 31916079 m2 945883 -1.94057247e-06 0.5 p1 60342 8
6424 31919112 m2 3182209 -7.89983332e-08 0.5 p1 60358 8
8588 31919655 m2 4257927 -4.38603893e-05 0.5 p1 60360 8
3917 31921662 m2 1954694 -2.6718803e-12 0.5 p1 60371 8
9219 31922735 m2 4554420 -2.2261238e-05 0.5 p1 60377 8
3464 31923847 m2 1734644 -1.94141535e-06 0.5 p1 60382 8
872 31926302 m2 453368 -0.00044538753 0.5 p1 60395 8
9282 31926640 m2 4584820 -1.10563295e-11 0.5 p1 60397 8
1307 31926964 m2 668702 -0.000260619126 0.5 p1 60399 8
9929 31927762 m2 4921172 -0.00182621891 0.5 p1 60403 8
9555 31929166 m2 4722991 -7.37318842e-05 0.5 p1 60410 8
657 31930481 m2 339722 -0.000164628553 0.5 p1 60416 8
3620 31931679 m2 1813117 -3.26443333e-05 0.5 p1 60423 8
553 31935972 m2 286850 -2.01470957e-05 0.5 p1 60445 8
8023 31936866 m2 3971760 -0.000560581218 0.5 p1 60449 8
3685 31942241 m2 1842618 -0.000173626657 0.5 p1 60477 8
2508 31944917 m2 1275593 -0.00170142646 0.5 p1 60490 8
7019 31951276 m2 3477141 -1.41524051e-05 0.5 p1 60523 8
6156 31951881 m2 3057153 -0.000122360885 0.5 p1 60526 8
1332 31952622 m2 679074 -3.2486458e-11 0.5 p1 60529 8
5533 31953322 m2 2754480 -6.98462843e-09 0.5 p1 60533 8
6616 31956525 m2 3285089 -2.60961684e-07 0.5 p1 60549 8
4412 31956990 m2 2199812 -2.68230633e-06 0.5 p1 60551 8
8947 31957455 m2 4429970 -0.00477182399 0.5 p1 60553 8
6331 31957926 m2 3140691 -0.000170704341 0.5 p1 60555 8
8890 31965756 m2 4407920 -1.11358514e-08 0.5 p1 60596 8
8692 31966833 m2 4308927 -0.003241973 0.5 p1 60601 8
2318 31974189 m2 1178401 -0.000883704517 0.5 p1 60639 8
6050 31974756 m2 3010805 -2.55995957e-07 0.5 p1 60642 8
7610 31975085 m2 3781578 -0.00719813304 0.5 p1 60644 8
5740 31978263 m2 2857156 -6.93226596e-08 0.5 p1 60661 8
3411 31978430 m2 1709362 -0.000462262571 0.5 p1 60662 8
7190 31982418 m2 3567681 -3.12918928e-05 0.5 p1 60681 8
9774 31982757 m2 4834387 -0.000201089104 0.5 p1 60683 8
4869 31983199 m2 2406161 -0.00047497885 0.5 p1 60685 8
79 31983799 m2 46627 -5.84712829e-08 0.5 p1 60688 8
6048 31985825 m2 3007869 -3.52858005e-05 0.5 p1 60698 8
6272 31985895 m2 3110871 -0.000371756818 0.5 p1 60699 8
4397 31985973 m2 2193132 -0.000963503844 0.5 p1 60699 8
239 31987874 m2 122068 -0.00100084511 0.5 p1 60708 8
9932 31987948 m2 4921569 -6.95316921e-05 0.5 p1 60709 8
8099 31988887 m2 4009367 -4.98771442e-06 0.5 p1 60713 8
94 31989035 m2 55067 -0.000503282121 0.5 p1 60714 8
6403 31989255 m2 3172037 -0.000109922716 0.5 p1 60715 8
3633 31992103 m2 1816911 -3.70991189e-11 0.5 p1 60730 8
3079 31996669 m2 1549791 -2.62255326e-05 0.5 p1 60753 8
5478 32000504 m3 2726949 0.000853170117 0.5 p1 60773 8
380 32003230 m2 198860 -1.07120059e-05 0.5 p1 60787 8
2106 32005708 m2 1077069 -2.9232524e-08 0.5 p1 60800 8
2748 32007118 m2 1381801 -1.73503203e-08 0.5 p1 60807 8
3358 32012207 m2 1683856 -6.79391887e-05 0.5 p1 60833 8
7651 32015733 m2 3802997 -0.000966600317 0.5 p1 60851 8
8963 32019064 m2 4437727 -8.9045825e-05 0.5 p1 60868 8
348 32021376 m2 184393 -2.14907977e-05 0.5 p1 60880 8
9270 32021758 m2 4577256 -9.33583465e-07 0.5 p1 60883 8
4606 32021929 m2 2284198 -7.85182053e-09 0.5 p1 60883 8
2597 32027189 m2 1315611 -0.000962745922 0.5 p1 60910 8
6776 32028186 m2 3368457 -0.000820234825 0.5 p1 60915 8
1229 32030959 m2 626709 -1.49250252e-12 0.5 p1 60929 8
3872 32031391 m2 1937889 -4.91876678e-12 0.5 p1 60932 8
5800 32033424 m2 2885760 -5.08579469e-05 0.5 p1 60942 8
2 32036053 m2 1078 -5.09342863e-06 0.5 p1 60956 8
1574 32038592 m2 799486 -0.000796195702 0.5 p1 60969 8
7273 32040880 m2 3606802 -5.39077064e-06 0.5 p1 60981 8
8566 32046002 m2 4247579 -1.17870982e-07 0.5 p1 61007 8
4147 32049036 m2 2075593 -3.63495815e-07 0.5 p1 61023 8
1812 32049316 m2 919804 -0.000492945837 0.5 p1 61024 8
4054 32049641 m2 2026402 -0.000844752765 0.5 p1 61026 8
1261 32050279 m2 641914 -5.7102727e-09 0.5 p1 61029 8
2027 32050524 m2 1036447 -3.89891247e-05 0.5 p1 61031 8
8801 32051543 m2 4363819 -0.000281152257 0.5 p1 61036 8
9198 32054150 m2 4544889 -0.000216163884 0.5 p1 61050 8
7826 32056614 m2 3889230 -3.36283665e-05 0.5 p1 61062 8
8103 32058094 m2 4010889 -6.57925848e-05 0.5 p1 61070 8
9899 32058896 m2 4904122 -2.71481895e-06 0.5 p1 61074 8
5705 32060194 m2 2842223 -8.20959322e-05 0.5 p1 61081 8
8592 32060290 m2 4261727 -0.000157220653 0.5 p1 61081 8
6231 32062429 m2 3093582 -2.52712198e-07 0.5 p1 61091 8
4622 32063171 m2 2288919 -9.53257495e-06 0.5 p1 61095 8
3144 32063394 m2 1580500 -1.20413702e-07 0.5 p1 61096 8
5605 32066016 m2 2790367 -0.00322277122 0.5 p1 61110 8
7326 32068470 m2 3632795 -4.11631709e-06 0.5 p1 61123 8
2120 32070723 m2 1082467 -9.43388932e-06 0.5 p1 61134 8
8204 32071014 m2 4065337 -0.000364081003 0.5 p1 61135 8
7105 32071574 m2 3514961 -2.37336212e-06 0.5 p1 61138 8
3877 32074312 m2 1940415 -2.47297771e-06 0.5 p1 61153 8
8135 32074666 m2 4024918 -0.00178491569 0.5 p1 61154 8
1049 32075812 m2 542380 -0.00107059733 0.5 p1 61160 8
191 32075957 m2 103254 -0.00036837699 0.5 p1 61161 8
2647 32076199 m2 1341472 -0.000715430942 0.5 p1 61162 8
2943 32076220 m2 1482302 -0.00515829166 0.5 p1 61163 8
5005 32076318 m2 2470093 -0.000656334334 0.5 p1 61163 8
4401 32078937 m2 2194989 -1.80758343e-05 0.5 p1 61177 8
6633 32079347 m2 3290507 -1.24768222e-08 0.5 p1 61178 8
5850 32082705 m2 2915335 -5.53344398e-06 0.5 p1 61196 8
104 32083779 m2 60618 -1.00660227e-05 0.5 p1 61202 8
6913 32084645 m2 3426709 -8.51611112e-05 0.5 p1 61206 8
9366 32085774 m2 4629452 -1.53375549e-05 0.5 p1 61211 8
3868 32087382 m2 1935952 -4.99778485e-09 0.5 p1 61219 8
4264 32088145 m2 2133382 -5.89771989e-05 0.5 p1 61223 8
7766 32089881 m2 3862088 -0.000528053846 0.5 p1 61232 8
3628 32094237 m2 1814914 -7.77552884e-08 0.5 p1 61254 8
8065 32095201 m2 3993109 -7.97519242e-05 0.5 p1 61259 8
4321 32095792 m2 2162709 -0.000427531922 0.5 p1 61262 8
6443 32097521 m2 3191590 -5.81365462e-08 0.5 p1 61271 8
2081 32098202 m2 1062689 -7.88121554e-07 0.5 p1 61275 8
270 32099375 m2 137413 -0.000816807267 0.5 p1 61281 8
6043 32099963 m2 3005833 -2.27615183e-05 0.5 p1 61284 8
9887 32100540 m2 4898845 -0.000362489809 0.5 p1 61287 8
1605 32101998 m2 811511 -7.44987046e-05 0.5 p1 61294 8
735 32102571 m2 380296 -6.3932348e-05 0.5 p1 61297 8
8424 32103809 m2 4179196 -0.00036329421 0.5 p1 61304 8
2164 32108337 m2 1108395 -0.000965112296 0.5 p1 61328 8
3663 32109765 m2 1828080 -0.0021013543 0.5 p1 61335 8
6305 32110251 m2 3124155 -5.24258539e-05 0.5 p1 61338 8
4346 32111190 m2 2172093 -1.94600447e-09 0.5 p1 61343 8
4910 32113479 m2 2428006 -0.00131591829 0.5 p1 61355 8
7731 32113872 m2 3845590 -8.95883277e-05 0.5 p1 61357 8
8970 32114471 m2 4442169 -1.40819392e-08 0.5 p1 61361 8
9593 32117605 m2 4740209 -1.84465807e-05 0.5 p1 61377 8
2781 32119761 m2 1395187 -3.54301619e-06 0.5 p1 61389 8
8557 32120261 m2 4245093 -8.19517183e-08 0.5 p1 61391 8
8157 32120677 m2 4035818 -0.000622315682 0.5 p1 61394 8
3413 32121735 m2 1710358 -1.63063385e-06 0.5 p1 61399 8
5717 32122394 m2 2846481 -2.40204486e-07 0.5 p1 61403 8
8602 32123217 m2 4266519 -5.68153664e-05 0.5 p1 61407 8
3839 32124570 m2 1923726 -3.13615177e-15 0.5 p1 61414 8
10079 32124671 m2 4984611 -1.29211066e-05 0.5 p1 61415 8
4094 32124983 m2 2048926 -0.000849409553 0.5 p1 61416 8
748 32126571 m2 384400 -6.98474651e-06 0.5 p1 61424 8
9905 32127420 m2 4907574 -3.11135318e-09 0.5 p1 61429 8
2075 32128849 m2 1060292 -0.000473743974 0.5 p1 61436 8
7790 32128960 m2 3870248 -0.000199418602 0.5 p1 61437 8
2992 32129303 m2 1508953 -7.15777873e-08 0.5 p1 61439 8
1952 32129516 m2 996634 -0.000103706807 0.5 p1 61440 8
1270 32130096 m2 647197 -2.70532983e-05 0.5 p1 61443 8
4049 32130332 m2 2023214 -4.45393016e-06 0.5 p1 61444 8
2828 32130532 m2 1423031 -1.63079385e-05 0.5 p1 61445 8
2066 32131438 m2 1056535 -3.30137393e-14 0.5 p1 61450 8
2405 32136643 m2 1220588 -0.000453905668 0.5 p1 61477 8
7851 32137650 m2 3898958 -4.76573669e-10 0.5 p1 61482 8
10062 32139201 m2 4979322 -0.000139150972 0.5 p1 61489 8
3695 32140241 m2 1849934 -1.14744068e-06 0.5 p1 61495 8
743 32142321 m2 382114 -5.76889906e-05 0.5 p1 61506 8
551 32143274 m2 286432 -7.8065088e-05 0.5 p1 61510 8
10073 32144798 m2 4983276 -2.74815852e-06 0.5 p1 61518 8
2940 32145871 m2 1479612 -1.10426503e-08 0.5 p1 61523 8
2006 32146316 m2 1023917 -1.66177069e-05 0.5 p1 61526 8
2064 32146620 m2 1055643 -6.52317067e-06 0.5 p1 61527 8
8213 32150384 m3 4070361 0.0042673829 0.5 p1 61547 8
4140 32150471 m2 2072300 -1.61604548e-05 0.5 p1 61547 8
3404 32151218 m2 1704666 -1.01108627e-11 0.5 p1 61551 8
8772 32152745 m2 4349281 -1.54268503e-06 0.5 p1 61559 8
7406 32154726 m2 3677668 -0.000637660909 0.5 p1 61569 8
9086 32155976 m2 4493674 -0.00475426344 0.5 p1 61575 8
3111 32156609 m2 1562193 -2.43275746e-08 0.5 p1 61579 8
2146 32158465 m2 1098874 -1.56335154e-05 0.5 p1 61589 8
2116 32160162 m2 1080018 -9.54299248e-05 0.5 p1 61598 8
1269 32160491 m2 646913 -2.29027664e-05 0.5 p1 61600 8
5651 32161659 m2 2809719 -0.000941244245 0.5 p1 61606 8
3911 32162664 m2 1953043 -0.00156055624 0.5 p1 61611 8
301 32164150 m2 155136 -0.00103129563 0.5 p1 61619 8
3885 32166830 m2 1944597 -0.000705596001 0.5 p1 61634 8
3213 32167624 m2 1610948 -0.000546386465 0.5 p1 61637 8
9536 32167770 m2 4713180 -0.000220712885 0.5 p1 61638 8
8827 32168341 m2 4376934 -0.00110014284 0.5 p1 61641 8
1971 32168466 m2 1007448 -2.31471216e-08 0.5 p1 61642 8
943 32171000 m2 490577 -2.5521962e-05 0.5 p1 61655 8
3741 32171181 m2 1872874 -0.000103974235 0.5 p1 61656 8
1819 32171418 m2 921913 -0.000789647573 0.5 p1 61657 8
4714 32171723 m2 2333790 -0.000723119185 0.5 p1 61659 8
1472 32171724 m2 750193 -0.000273772486 0.5 p1 61659 8
3597 32171869 m2 1802597 -0.000812337152 0.5 p1 61660 8
2417 32172527 m2 1228157 -1.28248912e-05 0.5 p1 61663 8
7081 32172750 m2 3506593 -1.78958217e-05 0.5 p1 61664 8
8870 32172990 m2 4398916 -0.000472201471 0.5 p1 61666 8
6067 32173464 m2 3017990 -0.00387452124 0.5 p1 61668 8
6530 32181104 m2 3238310 -1.7472687e-06 0.5 p1 61709 8
5707 32182079 m2 2842298 -0.000276223756 0.5 p1 61714 8
1179 32182094 m2 605517 -7.38703748e-05 0.5 p1 61714 8
183 32182216 m2 100536 -2.70026437e-08 0.5 p1 61715 8
3110 32182711 m2 1562047 -3.3714598e-06 0.5 p1 61717 8
6590 32183106 m2 3273539 -3.86489118e-10 0.5 p1 61720 8
4342 32183340 m2 2170800 -1.66149312e-06 0.5 p1 61721 8
1475 32184323 m2 751859 -4.68749422e-14 0.5 p1 61726 8
478 32184466 m2 248022 -0.000690827495 0.5 p1 61727 8
2078 32184901 m2 1061790 -8.6067763e-07 0.5 p1 61729 8
7393 32185782 m2 3672024 -1.00189736e-05 0.5 p1 61734 8
8590 32185974 m2 4259000 -3.36311823e-05 0.5 p1 61735 8
849 32186578 m2 442346 -0.00509095192 0.5 p1 61738 8
189 32187475 m2 103036 -1.37783775e-06 0.5 p1 61743 8
9779 32188352 m2 4839108 -0.000288378709 0.5 p1 61747 8
9054 32189708 m2 4478554 -0.000235092695 0.5 p1 61754 8
1579 32190682 m2 800212 -6.88979853e-05 0.5 p1 61759 8
4362 32191055 m2 2179075 -0.000130116518 0.5 p1 61761 8
9601 32192483 m2 4742128 -7.783824e-07 0.5 p1 61769 8
4949 32194291 m2 2447323 -0.000719331845 0.5 p1 61778 8
3418 32194651 m2 1712111 -1.10910747e-09 0.5 p1 61780 8
1294 32195212 m2 663777 -7.20363732e-06 0.5 p1 61783 8
10044 32195213 m2 4972870 -1.20571158e-07 0.5 p1 61783 8
10087 32196386 m2 4989221 -3.22004234e-05 0.5 p1 61790 8
5515 32197092 m2 2743116 -1.38772493e-05 0.5 p1 61794 8
5969 32198753 m2 2970733 -0.000915076293 0.5 p1 61802 8
4406 32199148 m2 2196197 -0.00220530527 0.5 p1 61804 8
5962 32199890 m2 2968464 -5.83936489e-05 0.5 p1 61808 8
6342 32200306 m2 3146554 -1.92076413e-07 0.5 p1 61810 8
6814 32201517 m2 3383460 -0.000600021856 0.5 p1 61817 8
7413 32204058 m2 3680982 -0.00163330813 0.5 p1 61831 8
1208 32205362 m2 618939 -3.83474071e-06 0.5 p1 61838 8
9228 32209789 m2 4558095 -0.00246135797 0.5 p1 61861 8
8555 32209889 m2 4244206 -0.000971095578 0.5 p1 61861 8
2500 32210392 m2 1270087 -1.07661347e-08 0.5 p1 61864 8
5408 32212579 m2 2685324 -3.20642612e-05 0.5 p1 61876 8
7884 32213937 m2 3915582 -0.00122164353 0.5 p1 61883 8
9134 32214422 m2 4516532 -1.09824878e-05 0.5 p1 61886 8
204 32216836 m2 108444 -4.27290288e-05 0.5 p1 61898 8
7010 32217599 m2 3472384 -0.000239320478 0.5 p1 61903 8
6357 32218218 m2 3152739 -2.34097315e-05 0.5 p1 61906 8
1397 32220925 m2 709776 -2.90306743e-05 0.5 p1 61921 8
6816 32221427 m2 3384473 -1.5378997e-05 0.5 p1 61924 8
6873 32222764 m2 3410742 -6.33000354e-06 0.5 p1 61931 8
9207 32223468 m2 4547369 -0.00017463215 0.5 p1 61934 8
3527 32223659 m2 1760573 -0.00236067409 0.5 p1 61935 8
5954 32223714 m2 2966001 -0.00366111775 0.5 p1 61936 8
2868 32223740 m2 1440671 -7.86462895e-10 0.5 p1 61936 8
6178 32227139 m2 3070681 -3.7605696e-05 0.5 p1 61954 8
2246 32227885 m2 1143321 -0.000424316415 0.5 p1 61959 8
4867 32227938 m2 2405008 -5.94408107e-07 0.5 p1 61959 8
6799 32229677 m2 3375082 -0.000993367052 0.5 p1 61968 8
2659 32230983 m2 1345166 -0.00143123127 0.5 p1 61975 8
7207 32231167 m2 3575785 -0.00023996699 0.5 p1 61977 8
6696 32233263 m2 3320017 -0.00109916274 0.5 p1 61988 8
3560 32234178 m2 1781378 -6.98059557e-06 0.5 p1 61993 8
1906 32236029 m2 969936 -1.81572486e-05 0.5 p1 62003 8
5844 32237150 m2 2910296 -2.48898027e-06 0.5 p1 62009 8
2628 32238150 m2 1331493 -0.000101709644 0.5 p1 62015 8
2374 32238690 m2 1206066 -5.51065371e-14 0.5 p1 62017 8
6410 32242755 m2 3175139 -4.15687168e-07 0.5 p1 62038 8
5580 32245045 m2 2778729 -0.000107770051 0.5 p1 62050 8
2854 32245137 m2 1434696 -1.62973447e-05 0.5 p1 62051 8
5427 32245920 m2 2699903 -0.000268495787 0.5 p1 62055 8
4627 32251066 m2 2290574 -3.44974751e-08 0.5 p1 62082 8
4035 32253457 m2 2013367 -1.35268128e-05 0.5 p1 62095 8
6903 32254918 m2 3423177 -0.00180441409 0.5 p1 62104 8
8610 32256057 m2 4270553 -0.00038597174 0.5 p1 62111 8
9696 32257287 m2 4796712 -1.53234758e-10 0.5 p1 62117 8
7971 32258599 m2 3951790 -0.00039511369 0.5 p1 62124 8
3374 32259289 m2 1692135 -9.69328175e-05 0.5 p1 62128 8
6261 32260562 m2 3108283 -0.00191402074 0.5 p1 62135 8
1571 32262240 m2 797970 -0.000394225033 0.5 p1 62145 8
1084 32262584 m2 561095 -2.69935367e-06 0.5 p1 62146 8
9500 32263255 m2 4693941 -0.000101652404 0.5 p1 62150 8
10061 32264879 m2 4978900 -5.06607057e-06 0.5 p1 62159 8
8226 32268714 m2 4075606 -3.02362707e-07 0.5 p1 62179 8
2010 32270272 m2 1028430 -8.59377777e-11 0.5 p1 62187 8
5379 32270895 m2 2673856 -9.64300924e-08 0.5 p1 62191 8
4359 32271678 m2 2177783 -0.00108364469 0.5 p1 62195 8
3604 32272009 m2 1804764 -2.11443172e-11 0.5 p1 62197 8
3042 32273643 m2 1534386 -6.7125482e-05 0.5 p1 62206 8
547 32275453 m2 283557 -0.000529273995 0.5 p1 62215 8
2626 32275665 m2 1329952 -2.11948875e-10 0.5 p1 62216 8
8554 32275720 m2 4243481 -1.79777162e-05 0.5 p1 62217 8
2314 32276674 m2 1175772 -0.00133703696 0.5 p1 62222 8
4018 32277436 m2 2005274 -0.00267658522 0.5 p1 62226 8
4052 32277437 m2 2023532 -1.44117482e-08 0.5 p1 62226 8
2761 32277822 m2 1387590 -0.000102758713 0.5 p1 62228 8
8369 32278527 m2 4154887 -2.09269583e-05 0.5 p1 62232 8
5867 32280130 m2 2923526 -2.44518844e-07 0.5 p1 62240 8
2631 32280712 m2 1332526 -1.0462243e-07 0.5 p1 62244 8
4598 32281007 m2 2281061 -7.18996307e-05 0.5 p1 62245 8
118 32281516 m2 65615 -5.71214862e-08 0.5 p1 62248 8
2738 32284035 m2 1377745 -0.00246827886 0.5 p1 62261 8
2653 32286169 m2 1343757 -0.000409544271 0.5 p1 62272 8
6435 32289463 m2 3188180 -0.000982642057 0.5 p1 62290 8
1958 32291081 m2 998381 -0.00614998676 0.5 p1 62298 8
5304 32296751 m2 2637526 -0.000118728582 0.5 p1 62330 8
7508 32297977 m2 3726763 -3.59645383e-05 0.5 p1 62337 8
2842 32298186 m2 1429308 -0.00113446522 0.5 p1 62338 8
9738 32298791 m2 4817591 -0.000111516652 0.5 p1 62341 8
7025 32299575 m2 3479780 -0.00325045781 0.5 p1 62346 8
1203 32301844 m2 617297 -0.00193507969 0.5 p1 62358 8
9783 32302781 m2 4841927 -3.76261823e-07 0.5 p1 62363 8
8104 32303887 m2 4011766 -2.42843683e-08 0.5 p1 62369 8
8345 32304388 m2 4141713 -0.00015101998 0.5 p1 62372 8
8402 32306286 m2 4167228 -3.99893634e-06 0.5 p1 62382 8
5398 32306437 m2 2682911 -4.38985717e-06 0.5 p1 62383 8
1757 32308146 m2 891791 -0.0028947941 0.5 p1 62392 8
9211 32309699 m2 4550270 -1.50298118e-09 0.5 p1 62401 8
9217 32311113 m2 4552846 -5.04560267e-05 0.5 p1 62409 8
8901 32311756 m2 4413739 -5.43346573e-07 0.5 p1 62413 8
2638 32311798 m2 1335860 -7.67854544e-08 0.5 p1 62413 8
5855 32312438 m2 2917265 -0.00165772904 0.5 p1 62416 8
5287 32312878 m2 2628601 -1.88519625e-05 0.5 p1 62419 8
4788 32313102 m2 2368105 -4.09878048e-05 0.5 p1 62420 8
6392 32314403 m2 3170028 -6.64888357e-05 0.5 p1 62428 8
1975 32315663 m2 1008692 -1.16975182e-13 0.5 p1 62434 8
1007 32316974 m2 518024 -7.48647653e-06 0.5 p1 62442 8
1742 32318828 m2 886228 -1.47660194e-06 0.5 p1 62452 8
9092 32320045 m3 4497439 0.000175666471 0.5 p1 62459 8
2395 32321918 m2 1215725 -3.85474232e-13 0.5 p1 62470 8
1238 32323896 m2 630435 -2.80249535e-09 0.5 p1 62480 8
7811 32323950 m2 3882071 -9.84069993e-05 0.5 p1 62481 8
8130 32326077 m2 4023249 -2.52330028e-05 0.5 p1 62493 8
1960 32326417 m2 999766 -0.000162644385 0.5 p1 62495 8
5582 32326971 m2 2779007 -4.56393118e-10 0.5 p1 62498 8
9941 32328034 m2 4924954 -0.000226294374 0.5 p1 62504 8
3399 32328568 m2 1702967 -3.7247757e-11 0.5 p1 62507 8
9109 32329164 m2 4507621 -4.32200204e-06 0.5 p1 62511 8
2762 32330052 m2 1387596 -1.02284059e-09 0.5 p1 62515 8
4639 32330710 m2 2295931 -0.00281483983 0.5 p1 62519 8
1487 32331691 m2 760173 -0.00178301893 0.5 p1 62524 8
5399 32336058 m2 2682944 -4.61622676e-07 0.5 p1 62549 8
9961 32337250 m2 4935079 -3.60306728e-07 0.5 p1 62556 8
6012 32337884 m2 2990414 -1.10121186e-06 0.5 p1 62560 8
2012 32338582 m2 1030269 -0.00772106182 0.5 p1 62564 8
6351 32341537 m2 3150574 -2.932809e-05 0.5 p1 62581 8
1088 32341566 m2 562841 -1.80660154e-05 0.5 p1 62582 8
5965 32342187 m2 2969951 -6.08158985e-07 0.5 p1 62586 8
8437 32344547 m2 4185654 -0.00018634685 0.5 p1 62600 8
10053 32346746 m2 4975152 -0.00662156753 0.5 p1 62612 8
5065 32347063 m2 2506366 -4.12088639e-06 0.5 p1 62614 8
2916 32347334 m2 1466488 -0.00113360805 0.5 p1 62616 8
3416 32347429 m2 1711359 -1.23737308e-07 0.5 p1 62616 8
9255 32348082 m2 4568798 -0.00151196541 0.5 p1 62620 8
4718 32348501 m2 2335822 -2.50352082e-06 0.5 p1 62623 8
948 32349303 m2 492305 -0.000296706101 0.5 p1 62627 8
7456 32350337 m2 3702982 -8.52695345e-12 0.5 p1 62633 8
4920 32351861 m2 2431829 -2.92205982e-07 0.5 p1 62642 8
9962 32351966 m2 4935363 -1.49513226e-05 0.5 p1 62642 8
9396 32352622 m2 4643176 -0.00155518658 0.5 p1 62646 8
4313 32352907 m2 2157656 -6.94734554e-05 0.5 p1 62647 8
4277 32353732 m2 2140794 -0.00499510532 0.5 p1 62652 8
495 32354974 m2 259788 -2.44349375e-21 0.5 p1 62659 8
6713 32358964 m2 3332756 -3.0757059e-05 0.5 p1 62682 8
3209 32360579 m2 1609918 -2.31048921e-06 0.5 p1 62691 8
544 32360669 m2 282248 -4.46769718e-06 0.5 p1 62692 8
7597 32361364 m2 3774576 -0.000165679652 0.5 p1 62696 8
6685 32361813 m2 3315372 -0.00171531085 0.5 p1 62699 8
9977 32362008 m2 4939828 -0.00058672874 0.5 p1 62700 8
6108 32362945 m2 3035489 -3.13637975e-05 0.5 p1 62705 8
4080 32363084 m2 2040584 -0.000402081409 0.5 p1 62706 8
1394 32363194 m2 708294 -0.00263534021 0.5 p1 62707 8
5688 32365794 m2 2830448 -3.78990153e-05 0.5 p1 62721 8
5506 32366729 m2 2737373 -7.34456044e-05 0.5 p1 62727 8
1336 32370501 m2 680262 -0.00142717443 0.5 p1 62748 8
9681 32371297 m2 4786681 -0.00214932254 0.5 p1 62752 8
611 32372240 m2 315763 -0.000219523557 0.5 p1 62758 8
5179 32373466 m2 2574224 -4.10313914e-05 0.5 p1 62765 8
7608 32373470 m2 3780293 -0.000667626387 0.5 p1 62765 8
4908 32373795 m2 2427118 -0.000493073836 0.5 p1 62766 8
3319 32375686 m2 1663565 -0.00159705989 0.5 p1 62777 8
7339 32377336 m2 3638176 -0.000422635174 0.5 p1 62787 8
6618 32378263 m2 3285554 -5.5616308e-08 0.5 p1 62792 8
7887 32379386 m2 3915989 -0.000937162375 0.5 p1 62798 8
8383 32382235 m2 4158978 -0.00610777503 0.5 p1 62814 8
5920 32382314 m2 2949335 -4.92329466e-09 0.5 p1 62815 8
5902 32385950 m2 2940112 -0.00103686273 0.5 p1 62836 8
6648 32388091 m2 3300123 -0.00107558072 0.5 p1 62849 8
514 32388880 m2 266986 -0.000566584407 0.5 p1 62853 8
4614 32390454 m2 2286663 -0.00442880439 0.5 p1 62862 8
7195 32390485 m2 3568891 -1.45951917e-05 0.5 p1 62862 8
1379 32390913 m2 703071 -1.76476697e-05 0.5 p1 62865 8
8389 32391118 m2 4161044 -0.00468168594 0.5 p1 62866 8
5570 32391272 m2 2774592 -0.00308626541 0.5 p1 62867 8
3948 32392711 m2 1970099 -0.000364195235 0.5 p1 62876 8
7450 32395769 m2 3698138 -0.00172266236 0.5 p1 62893 8
4326 32397309 m2 2164319 -0.00704255188 0.5 p1 62902 8
7505 32398619 m2 3726026 -5.0705703e-06 0.5 p1 62910 8
9384 32398980 m2 4638796 -0.000138896547 0.5 p1 62912 8
6419 32399273 m2 3180765 -0.000781517127 0.5 p1 62914 8
9981 32401852 m2 4943660 -0.00243760552 0.5 p1 62929 8
3764 32402163 m2 1885207 -4.23842454e-15 0.5 p1 62931 8
3790 32402251 m2 1902044 -5.01328796e-05 0.5 p1 62932 8
5742 32402704 m2 2858540 -1.97142472e-05 0.5 p1 62935 8
7467 32403055 m2 3708090 -0.00102109951 0.5 p1 62937 8
6157 32403861 m2 3057705 -0.00209193444 0.5 p1 62942 8
8003 32403927 m2 3962012 -0.00392727135 0.5 p1 62942 8
6650 32404703 m2 3300803 -1.99917451e-07 0.5 p1 62947 8
8175 32405780 m2 4046760 -4.11715046e-05 0.5 p1 62953 8
7944 32406671 m3 3940724 0.00375491497 0.5 p1 62959 8
335 32406840 m2 173799 -5.37672577e-07 0.5 p1 62960 8
5421 32407426 m2 2697837 -0.00109504 0.5 p1 62963 8
6485 32407828 m2 3213249 -0.000464568409 0.5 p1 62966 8
4181 32408095 m2 2093561 -0.000252714643 0.5 p1 62967 8
2505 32408715 m2 1273169 -1.55762294e-07 0.5 p1 62971 8
8212 32409276 m2 4070314 -5.30514735e-05 0.5 p1 62974 8
7936 32414775 m2 3937600 -0.000831872982 0.5 p1 63008 8
9607 32415945 m2 4747162 -0.000112860835 0.5 p1 63016 8
5460 32416480 m2 2716959 -7.9675655e-11 0.5 p1 63019 8
5848 32416882 m2 2913302 -1.77352395e-05 0.5 p1 63021 8
1245 32418080 m2 636365 -0.00300287222 0.5 p1 63028 8
7141 32418886 m2 3537840 -0.000102381775 0.5 p1 63033 8
304 32419549 m2 159688 -0.00235697348 0.5 p1 63037 8
7817 32420192 m2 3884311 -4.85160454e-05 0.5 p1 63041 8
5158 32421247 m2 2560820 -2.08407164e-05 0.5 p1 63048 8
3114 32421607 m2 1563624 -0.00201255362 0.5 p1 63050 8
4421 32421828 m2 2202384 -1.39393097e-09 0.5 p1 63051 8
1786 32422183 m2 904284 -0.000416415249 0.5 p1 63053 8
6749 32423707 m2 3358153 -7.57020402e-08 0.5 p1 63063 8
2413 32425228 m2 1225034 -0.000942235463 0.5 p1 63072 8
2210 32427209 m2 1126834 -1.48478784e-06 0.5 p1 63084 8
193 32431325 m2 104523 -1.07480817e-13 0.5 p1 63109 8
4118 32433315 m2 2064252 -3.62643493e-09 0.5 p1 63121 8
4152 32435380 m2 2078198 -0.00120739883 0.5 p1 63133 8
5123 32436055 m2 2538137 -0.000492081803 0.5 p1 63137 8
8804 32437391 m2 4365852 -4.70415443e-06 0.5 p1 63145 8
1 32438241 m2 653 -0.000108082313 0.5 p1 63150 8
3400 32438571 m3 1703015 0.00032789589 0.5 p1 63152 8
5723 32439658 m2 2850152 -7.90494814e-05 0.5 p1 63159 8
5099 32440876 m2 2524463 -2.79717938e-07 0.5 p1 63166 8
4866 32444254 m2 2404566 -4.14469419e-08 0.5 p1 63187 8
4747 32444662 m3 2347183 0.00162278756 0.5 p1 63189 8
5133 32448157 m2 2543673 -2.76427691e-05 0.5 p1 63210 8
5565 32450751 m2 2772133 -4.86912068e-05 0.5 p1 63226 8
9330 32451026 m2 4614764 -0.000144977224 0.5 p1 63227 8
5095 32451756 m2 2521729 -0.000636875571 0.5 p1 63232 8
7955 32452360 m2 3944258 -0.00319174025 0.5 p1 63235 8
5022 32452787 m2 2479496 -4.18134874e-07 0.5 p1 63238 8
7045 32452979 m2 3489930 -4.12191876e-05 0.5 p1 63239 8
5659 32453498 m2 2817121 -3.50344599e-05 0.5 p1 63242 8
1312 32453638 m2 670213 -0.000208160796 0.5 p1 63243 8
1653 32455733 m2 836566 -2.42318811e-06 0.5 p1 63257 8
8730 32457353 m2 4329811 -1.59410884e-08 0.5 p1 63267 8
8519 32459270 m2 4227155 -0.00037107637 0.5 p1 63278 8
6828 32464047 m2 3393269 -4.81281895e-05 0.5 p1 63307 8
4738 32464864 m2 2343288 -2.57743181e-06 0.5 p1 63312 8
4144 32465460 m2 2073758 -8.5243455e-06 0.5 p1 63316 8
5978 32468413 m2 2977055 -0.00175013277 0.5 p1 63333 8
3252 32469247 m2 1633330 -7.24974398e-15 0.5 p1 63339 8
1054 32470441 m2 546862 -8.44110691e-05 0.5 p1 63346 8
3429 32471239 m2 1717118 -0.000975575647 0.5 p1 63351 8
1753 32471925 m2 890952 -0.00177217531 0.5 p1 63355 8
4956 32472306 m2 2449114 -7.11843484e-07 0.5 p1 63357 8
1469 32473149 m2 748275 -0.00385013968 0.5 p1 63362 8
2038 32473202 m2 1044237 -0.00120419229 0.5 p1 63362 8
7843 32475897 m2 3895455 -0.000561513298 0.5 p1 63379 8
2069 32475994 m2 1059659 -0.00545577426 0.5 p1 63380 8
8744 32476862 m2 4337432 -0.00146551535 0.5 p1 63385 8
2841 32478127 m2 1428935 -6.15593692e-08 0.5 p1 63393 8
10041 32479506 m2 4971003 -0.000120861994 0.5 p1 63401 8
5196 32481676 m2 2584312 -0.00138573418 0.5 p1 63415 8
5197 32481677 m2 2584414 -2.34225169e-07 0.5 p1 63415 8
2795 32482267 m2 1402790 -3.56642649e-09 0.5 p1 63418 8
1949 32482536 m2 996204 -0.00541385496 0.5 p1 63420 8
5657 32483221 m2 2814807 -1.84097189e-06 0.5 p1 63425 8
5979 32483301 m2 2978040 -0.000546007243 0.5 p1 63425 8
10036 32483766 m2 4969364 -1.82345818e-08 0.5 p1 63428 8
1443 32484061 m2 731735 -5.98843542e-07 0.5 p1 63430 8
205 32485585 m2 109231 -7.3368632e-05 0.5 p1 63439 8
624 32487457 m2 322764 -3.39721623e-07 0.5 p1 63452 8
8034 32488881 m2 3976439 -2.4866047e-09 0.5 p1 63461 8
6593 32490601 m2 3274342 -1.40621697e-17 0.5 p1 63472 8
7316 32491715 m2 3623342 -1.22469794e-06 0.5 p1 63479 8
9853 32492343 m2 4884283 -7.03425612e-05 0.5 p1 63483 8
9260 32494812 m2 4573190 -4.65195535e-06 0.5 p1 63498 8
8281 32494983 m2 4115592 -1.06622674e-05 0.5 p1 63499 8
6897 32495380 m2 3421123 -1.7268334e-05 0.5 p1 63501 8
6578 32495443 m2 3268077 -0.00104510097 0.5 p1 63502 8
5203 32496021 m2 2589379 -0.00503156846 0.5 p1 63505 8
5374 32496135 m2 2671561 -4.68514884e-07 0.5 p1 63506 8
4837 32496584 m2 2390330 -0.00155327434 0.5 p1 63509 8
6332 32498767 m2 3141037 -2.37804179e-05 0.5 p1 63523 8
5012 32500455 m2 2472546 -0.00468447199 0.5 p1 63534 8
3346 32502649 m2 1676612 -1.05732715e-05 0.5 p1 63548 8
678 32502941 m2 349898 -0.000752728141 0.5 p1 63550 8
2162 32504253 m2 1107756 -1.56179389e-10 0.5 p1 63559 8
603 32506026 m2 311457 -0.000122438316 0.5 p1 63571 8
6876 32506325 m2 3411728 -5.4455445e-06 0.5 p1 63573 8
8974 32508241 m3 4443982 0.00079849147 0.5 p1 63585 8
7621 32509104 m2 3786789 -3.83423721e-05 0.5 p1 63591 8
3704 32512333 m2 1855317 -3.75758785e-10 0.5 p1 63611 8
1852 32512732 m2 940058 -3.75603726e-09 0.5 p1 63614 8
4609 32514168 m2 2285737 -0.000509015867 0.5 p1 63624 8
4056 32514783 m2 2028378 -0.000993631198 0.5 p1 63628 8
9770 32515934 m2 4832749 -7.64037541e-05 0.5 p1 63636 8
8985 32517330 m2 4447407 -5.22159155e-07 0.5 p1 63645 8
3271 32517815 m2 1640082 -0.000466463069 0.5 p1 63648 8
1970 32519025 m2 1007411 -0.000505387899 0.5 p1 63656 8
4348 32520201 m2 2173719 -0.000448669889 0.5 p1 63664 8
498 32520534 m2 261122 -5.41838472e-06 0.5 p1 63666 8
6374 32522429 m2 3159358 -3.00836041e-06 0.5 p1 63679 8
7466 32524227 m2 3708071 -9.72962007e-05 0.5 p1 63691 8
276 32524904 m2 142197 -3.07555842e-06 0.5 p1 63695 8
3661 32526882 m2 1826406 -3.64208972e-05 0.5 p1 63709 8
2990 32527237 m2 1508405 -2.17264696e-11 0.5 p1 63711 8
5901 32527918 m2 2939167 -0.000847011164 0.5 p1 63715 8
4553 32528279 m2 2262685 -0.000140028496 0.5 p1 63718 8
843 32528326 m2 437904 -4.34398862e-06 0.5 p1 63718 8
2926 32528376 m2 1472578 -4.18149057e-06 0.5 p1 63718 8
4880 32531287 m2 2414044 -0.00174443994 0.5 p1 63737 8
7416 32531951 m2 3681490 -0.00144635362 0.5 p1 63742 8
4012 32531958 m2 2000190 -0.000424534577 0.5 p1 63742 8
7967 32532760 m2 3950974 -9.37690004e-07 0.5 p1 63746 8
7806 32533099 m2 3880600 -1.84960136e-05 0.5 p1 63749 8
10012 32533144 m2 4959234 -0.00208601751 0.5 p1 63749 8
8398 32533726 m2 4165144 -0.0003143145 0.5 p1 63752 8
2577 32534583 m2 1304930 -0.000106832937 0.5 p1 63758 8
8574 32534598 m2 4251026 -1.44607104e-10 0.5 p1 63758 8
2366 32535833 m2 1202576 -0.00116943382 0.5 p1 63767 8
2619 32537919 m2 1326492 -8.7120128e-08 0.5 p1 63780 8
8129 32539368 m2 4022330 -1.34569916e-06 0.5 p1 63790 8
4013 32539753 m2 2000680 -0.000295290432 0.5 p1 63792 8
327 32539950 m2 169289 -1.83624579e-05 0.5 p1 63793 8
5590 32540779 m2 2782167 -0.00286014308 0.5 p1 63798 8
9288 32541563 m2 4589192 -1.0867504e-05 0.5 p1 63803 8
1926 32543599 m2 981880 -0.00227203197 0.5 p1 63816 8
9485 32543905 m2 4686748 -2.29079506e-05 0.5 p1 63818 8
7222 32543917 m2 3581158 -6.55861322e-06 0.5 p1 63818 8
8631 32544520 m2 4279767 -0.000252107333 0.5 p1 63823 8
2690 32546532 m2 1358693 -0.00536430068 0.5 p1 63835 8
7221 32547869 m2 3580486 -0.000133824069 0.5 p1 63844 8
3002 32549097 m2 1511888 -0.00149670942 0.5 p1 63852 8
9747 32549229 m2 4823013 -0.00518662762 0.5 p1 63853 8
4806 32549695 m2 2376071 -0.000959929021 0.5 p1 63856 8
8218 32550109 m2 4072762 -0.000382768165 0.5 p1 63859 8
5376 32550442 m2 2672885 -0.000374687661 0.5 p1 63861 8
8594 32551439 m2 4262701 -1.60059353e-05 0.5 p1 63868 8
861 32551636 m2 446912 -2.18553009e-06 0.5 p1 63869 8
3669 32553356 m2 1836129 -0.000664465653 0.5 p1 63880 8
4257 32554828 m2 2130566 -0.00383429788 0.5 p1 63889 8
2736 32555624 m2 1377117 -2.61888836e-05 0.5 p1 63895 8
3335 32558273 m2 1668924 -1.10333385e-05 0.5 p1 63912 8
158 32558781 m2 86115 -0.000429366803 0.5 p1 63916 8
3574 32559161 m2 1789697 -0.00243701483 0.5 p1 63918 8
4305 32559427 m2 2151639 -0.000813484599 0.5 p1 63920 8
9115 32559434 m2 4510288 -1.10167639e-05 0.5 p1 63920 8
7202 32560634 m2 3572526 -5.73171025e-12 0.5 p1 63928 8
2159 32561448 m2 1105928 -0.0050720186 0.5 p1 63933 8
5576 32562482 m2 2776765 -0.000465292833 0.5 p1 63940 8
5772 32565464 m2 2874018 -1.64117989e-06 0.5 p1 63960 8
8698 32567046 m2 4312530 -1.84918576e-06 0.5 p1 63970 8
8751 32567932 m2 4339134 -0.000142118224 0.5 p1 63975 8
5263 32568348 m2 2618445 -0.00244688918 0.5 p1 63978 8
5019 32570597 m2 2477439 -1.72049768e-05 0.5 p1 63993 8
8777 32571194 m2 4351582 -6.51913797e-05 0.5 p1 63997 8
4838 32572166 m2 2390980 -2.86631325e-06 0.5 p1 64003 8
202 32572448 m2 107771 -0.00387776527 0.5 p1 64005 8
3975 32573377 m2 1981132 -1.06567882e-06 0.5 p1 64011 8
1303 32576039 m2 666917 -0.000582399021 0.5 p1 64029 8
5113 32576505 m2 2532741 -1.14144298e-10 0.5 p1 64032 8
464 32576671 m2 243038 -8.5632797e-05 0.5 p1 64033 8
7935 32577394 m2 3937409 -0.000322385837 0.5 p1 64038 8
3359 32578781 m2 1684434 -1.12731016e-06 0.5 p1 64047 8
8298 32579350 m2 4122650 -8.04154261e-05 0.5 p1 64051 8
4171 32580027 m2 2087425 -0.00306633255 0.5 p1 64055 8
421 32580559 m2 221359 -1.25543158e-08 0.5 p1 64059 8
6855 32583444 m2 3402312 -7.50324205e-07 0.5 p1 64078 8
1231 32584795 m2 627212 -0.00020984307 0.5 p1 64086 8
6686 32585297 m2 3315426 -7.90973263e-06 0.5 p1 64089 8
3472 32586526 m2 1738530 -5.42304655e-08 0.5 p1 64097 8
8867 32587912 m2 4397911 -1.94030472e-05 0.5 p1 64106 8
9654 32589218 m2 4776202 -0.0051302514 0.5 p1 64115 8
6152 32590963 m2 3055695 -0.000580436259 0.5 p1 64126 8
9236 32590993 m2 4562480 -3.63848302e-13 0.5 p1 64127 8
892 32591665 m2 464551 -0.00148203748 0.5 p1 64131 8
1350 32591834 m2 685537 -0.000491537328 0.5 p1 64132 8
9523 32592502 m2 4704588 -0.000219875539 0.5 p1 64137 8
1896 32593549 m2 964562 -3.54998083e-05 0.5 p1 64144 8
4341 32594305 m2 2170312 -5.97202006e-06 0.5 p1 64149 8
5091 32597151 m2 2518853 -5.20551794e-06 0.5 p1 64168 8
2876 32597611 m2 1443860 -0.00068601215 0.5 p1 64171 8
7269 32598922 m2 3604781 -0.000739887008 0.5 p1 64179 8
1417 32599470 m2 720081 -0.000974878727 0.5 p1 64183 8
8528 32600105 m2 4229309 -0.000184846169 0.5 p1 64187 8
4461 32601834 m2 2219026 -4.15747659e-09 0.5 p1 64198 8
3249 32602261 m2 1632349 -4.31979315e-05 0.5 p1 64201 8
8 32602979 m2 4423 -5.69897281e-07 0.5 p1 64206 8
2672 32603158 m2 1351150 -0.00216884329 0.5 p1 64207 8
3291 32604860 m2 1649531 -5.34869024e-11 0.5 p1 64218 8
8342 32604947 m2 4138397 -6.72808528e-06 0.5 p1 64219 8
4872 32605050 m2 2408527 -3.44441241e-06 0.5 p1 64220 8
2130 32605678 m3 1087153 0.000535077474 0.5 p1 64224 8
1506 32605930 m2 768832 -5.27192242e-06 0.5 p1 64225 8
9314 32606196 m2 4605940 -0.00164183357 0.5 p1 64227 8
8708 32607220 m2 4317334 -0.00369023299 0.5 p1 64234 8
7581 32607509 m2 3766945 -6.37822668e-05 0.5 p1 64236 8
6040 32607671 m2 3005030 -0.000118476783 0.5 p1 64237 8
7678 32607704 m2 3817133 -6.23011329e-06 0.5 p1 64238 8
1142 32607974 m2 590046 -6.32365263e-05 0.5 p1 64239 8
8741 32609676 m2 4336539 -0.000659562007 0.5 p1 64251 8
6057 32610265 m2 3012334 -0.00147431146 0.5 p1 64255 8
2230 32611997 m2 1134852 -9.67492178e-06 0.5 p1 64266 8
2450 32613332 m2 1241138 -2.19064744e-18 0.5 p1 64275 8
6827 32614802 m2 3391556 -0.000423129939 0.5 p1 64285 8
92 32615059 m2 51556 -0.00174177729 0.5 p1 64287 8
1293 32615540 m2 663584 -0.00062975561 0.5 p1 64290 8
8507 32615657 m2 4221190 -0.000454301102 0.5 p1 64291 8
3890 32615702 m2 1946874 -0.0012270005 0.5 p1 64292 8
6382 32616788 m2 3163349 -0.00111487496 0.5 p1 64299 8
3660 32618872 m2 1826216 -1.49462376e-05 0.5 p1 64313 8
5813 32619498 m2 2893678 -2.15670481e-10 0.5 p1 64317 8
3656 32623581 m2 1824910 -0.0001004031 0.5 p1 64346 8
3605 32624185 m2 1805190 -3.15620772e-12 0.5 p1 64350 8
1567 32624952 m2 796686 -0.000343581924 0.5 p1 64356 8
4728 32628064 m2 2339520 -0.00215230626 0.5 p1 64378 8
8799 32628638 m2 4363700 -0.00465301424 0.5 p1 64382 8
521 32629050 m2 270548 -0.000176202419 0.5 p1 64385 8
7169 32629118 m2 3558711 -2.63826396e-13 0.5 p1 64385 8
3450 32629921 m2 1729073 -6.13586266e-08 0.5 p1 64391 8
4160 32630028 m2 2080677 -1.07281971e-06 0.5 p1 64391 8
6024 32630486 m2 2997865 -0.000136305433 0.5 p1 64394 8
8208 32631030 m2 4067405 -0.000180649789 0.5 p1 64398 8
1554 32631372 m2 790156 -6.55879012e-06 0.5 p1 64400 8
5974 32632929 m2 2974006 -6.67078325e-07 0.5 p1 64411 8
9814 32633287 m2 4863878 -5.09128813e-06 0.5 p1 64413 8
3119 32634396 m2 1568065 -6.66534504e-07 0.5 p1 64421 8
129 32635582 m2 72695 -0.000337480305 0.5 p1 64430 8
4137 32636574 m2 2071011 -0.000857986393 0.5 p1 64437 8
8964 32638040 m2 4439937 -4.84082427e-08 0.5 p1 64447 8
7271 32638892 m2 3606324 -7.85467194e-07 0.5 p1 64453 8
2752 32639496 m2 1382619 -8.10163403e-09 0.5 p1 64457 8
9895 32641860 m2 4902018 -7.36693983e-05 0.5 p1 64474 8
601 32641977 m2 310066 -0.000521768408 0.5 p1 64475 8
7036 32644613 m2 3487468 -0.000391732843 0.5 p1 64494 8
266 32648049 m2 135697 -0.00180023548 0.5 p1 64518 8
9578 32649316 m2 4732588 -6.44897e-07 0.5 p1 64528 8
777 32649357 m2 399612 -1.07807054e-07 0.5 p1 64528 8
7618 32652486 m2 3786244 -4.78114032e-07 0.5 p1 64550 8
245 32653773 m2 125679 -3.29983568e-10 0.5 p1 64559 8
382 32655099 m2 199785 -0.000669256144 0.5 p1 64568 8
675 32657423 m2 346502 -1.63779237e-06 0.5 p1 64585 8
8069 32657961 m2 3994721 -5.50505592e-06 0.5 p1 64588 8
4625 32658739 m2 2289689 -6.08984155e-05 0.5 p1 64594 8
4301 32658768 m2 2151117 -0.00240367604 0.5 p1 64594 8
4534 32659169 m2 2254088 -4.29832383e-08 0.5 p1 64597 8
2342 32661747 m2 1194795 -0.000341486186 0.5 p1 64616 8
6307 32662788 m2 3125816 -5.79288804e-11 0.5 p1 64622 8
2701 32663169 m2 1363315 -1.47321844e-08 0.5 p1 64625 8
5670 32664249 m2 2822971 -0.000909463852 0.5 p1 64632 8
4068 32664737 m2 2034319 -1.05261215e-05 0.5 p1 64636 8
5491 32664823 m2 2732077 -2.51614274e-05 0.5 p1 64636 8
522 32665415 m2 270752 -0.00046574825 0.5 p1 64641 8
117 32666195 m2 65413 -0.00639967294 0.5 p1 64646 8
4340 32666701 m2 2170010 -2.53134276e-05 0.5 p1 64650 8
7016 32667454 m2 3475294 -2.08789015e-06 0.5 p1 64655 8
756 32667584 m2 390492 -1.16265155e-05 0.5 p1 64656 8
6748 32668230 m2 3356422 -3.45019034e-05 0.5 p1 64660 8
8695 32668490 m2 4310781 -0.00079146697 0.5 p1 64662 8
4954 32670034 m2 2448582 -7.57751986e-05 0.5 p1 64673 8
1390 32670202 m2 707219 -1.13041517e-06 0.5 p1 64674 8
8655 32671394 m3 4290249 0.00436417619 0.5 p1 64683 8
9490 32673025 m2 4689948 -0.00158280041 0.5 p1 64694 8
5637 32673874 m2 2803870 -4.54360901e-07 0.5 p1 64700 8
9683 32674815 m2 4787237 -2.39856815e-11 0.5 p1 64706 8
7052 32675073 m2 3493274 -0.000611520605 0.5 p1 64708 8
8526 32676949 m2 4228533 -0.00302617182 0.5 p1 64721 8
1367 32677867 m2 696019 -8.79996207e-07 0.5 p1 64728 8
3349 32680727 m2 1677700 -1.40525716e-10 0.5 p1 64749 8
3566 32680900 m2 1783917 -0.000186291145 0.5 p1 64750 8
9857 32683402 m2 4886052 -7.96189156e-12 0.5 p1 64769 8
4941 32683543 m2 2440790 -0.000344651926 0.5 p1 64770 8
2864 32683839 m2 1440354 -0.00619795499 0.5 p1 64772 8
510 32686080 m2 264330 -0.000792815525 0.5 p1 64787 8
8956 32687584 m2 4434061 -4.48996502e-07 0.5 p1 64799 8
9163 32687676 m2 4528807 -2.22676354e-05 0.5 p1 64799 8
5018 32687725 m2 2476774 -3.05929861e-05 0.5 p1 64800 8
4207 32687868 m2 2105676 -0.000503851974 0.5 p1 64801 8
8125 32689470 m2 4021063 -4.02777459e-06 0.5 p1 64812 8
6502 32689801 m2 3223704 -0.00373150059 0.5 p1 64814 8
1790 32690229 m2 906986 -9.50633461e-10 0.5 p1 64818 8
7756 32692050 m2 3857518 -0.00289001153 0.5 p1 64831 8
10007 32692569 m2 4957724 -0.000593688164 0.5 p1 64835 8
7355 32692613 m2 3646512 -0.000109055691 0.5 p1 64835 8
6363 32692997 m2 3155550 -1.1059873e-09 0.5 p1 64838 8
8205 32693571 m2 4065883 -0.000662371691 0.5 p1 64843 8
4219 32693945 m2 2110575 -0.00406153593 0.5 p1 64845 8
9842 32694681 m2 4877621 -5.70656255e-07 0.5 p1 64851 8
2067 32695917 m2 1058499 -0.000585950969 0.5 p1 64860 8
9793 32695957 m3 4846749 0.00266539189 0.5 p1 64860 8
2769 32696462 m2 1389987 -0.00105098798 0.5 p1 64864 8
5253 32696655 m2 2615087 -6.8799287e-05 0.5 p1 64865 8
6864 32696819 m2 3406778 -1.50697215e-05 0.5 p1 64866 8
6745 32697234 m2 3353220 -0.00257369294 0.5 p1 64869 8
408 32697403 m2 213570 -0.00103575713 0.5 p1 64870 8
6187 32697471 m2 3075862 -0.000118798227 0.5 p1 64871 8
8101 32698991 m2 4009584 -0.00627607293 0.5 p1 64882 8
8675 32700355 m2 4304784 -1.26788937e-05 0.5 p1 64891 8
1718 32700883 m2 871373 -0.000168075989 0.5 p1 64895 8
4220 32700983 m2 2111029 -2.68583926e-06 0.5 p1 64895 8
6707 32701270 m2 3329291 -0.00034047279 0.5 p1 64897 8
6784 32701644 m2 3372235 -0.00203182176 0.5 p1 64900 8
5001 32701677 m2 2468822 -1.27499834e-06 0.5 p1 64900 8
6921 32702346 m2 3430384 -0.00167049153 0.5 p1 64905 8
8858 32703271 m2 4392982 -0.000225182957 0.5 p1 64911 8
5980 32703384 m2 2978502 -0.00410693185 0.5 p1 64912 8
4223 32703468 m2 2113170 -0.000538106542 0.5 p1 64912 8
4634 32703889 m2 2292496 -6.17536161e-11 0.5 p1 64915 8
8219 32704550 m2 4073503 -2.57470947e-06 0.5 p1 64920 8
4263 32705780 m2 2133373 -0.000100075995 0.5 p1 64928 8
4994 32706257 m2 2466325 -0.000115555515 0.5 p1 64932 8
990 32706392 m2 511802 -2.21854607e-05 0.5 p1 64933 8
441 32707345 m2 232593 -0.00909875054 0.5 p1 64940 8
5893 32709105 m2 2935304 -0.00105381641 0.5 p1 64953 8
4115 32709468 m2 2062015 -0.000167650112 0.5 p1 64956 8
5079 32709995 m2 2511815 -1.67411636e-05 0.5 p1 64960 8
3563 32710177 m2 1782656 -0.00044048336 0.5 p1 64961 8
6668 32710681 m2 3310109 -8.95816896e-08 0.5 p1 64965 8
5692 32711303 m2 2836437 -0.000123108257 0.5 p1 64969 8
4023 32711929 m2 2008512 -7.38847348e-08 0.5 p1 64974 8
6047 32712983 m2 3007578 -0.00197624997 0.5 p1 64982 8
4795 32713036 m2 2371368 -0.00246345717 0.5 p1 64982 8
2243 32716734 m2 1142550 -0.000713808462 0.5 p1 65008 8
6912 32719574 m2 3426336 -7.42195311e-07 0.5 p1 65028 8
656 32719698 m2 339630 -0.000246241107 0.5 p1 65029 8
1563 32720813 m2 795498 -0.00509829307 0.5 p1 65037 8
8926 32720869 m2 4421782 -0.000543568924 0.5 p1 65037 8
8565 32721118 m2 4246802 -1.236901e-07 0.5 p1 65039 8
5731 32721639 m2 2854456 -0.000232132137 0.5 p1 65042 8
7496 32722241 m2 3723817 -0.000397065538 0.5 p1 65047 8
9638 32723198 m2 4768301 -9.83532189e-08 0.5 p1 65054 8
999 32723235 m2 514492 -8.48735453e-07 0.5 p1 65054 8
9517 32723365 m2 4701365 -0.00257838285 0.5 p1 65055 8
10072 32723414 m2 4982662 -5.24584948e-06 0.5 p1 65056 8
6378 32723427 m2 3160985 -0.0017547023 0.5 p1 65056 8
1524 32723802 m2 779021 -2.86192883e-08 0.5 p1 65058 8
3940 32725119 m2 1964607 -0.015625393 0.5 p1 65068 8
1157 32726222 m2 597892 -4.71237382e-10 0.5 p1 65076 8
7815 32728557 m3 3884082 0.000953286188 0.5 p1 65093 8
831 32728756 m2 430381 -1.09565242e-07 0.5 p1 65094 8
5112 32730418 m2 2532525 -0.00248433044 0.5 p1 65107 8
677 32730837 m2 349274 -7.82096413e-06 0.5 p1 65110 8
7465 32732149 m2 3706553 -1.84007598e-09 0.5 p1 65119 8
2226 32733650 m2 1133271 -0.0056283609 0.5 p1 65130 8
406 32733958 m2 212607 -1.3534971e-05 0.5 p1 65133 8
5223 32734717 m2 2597485 -1.46736159e-06 0.5 p1 65138 8
874 32735972 m2 453491 -2.0133009e-06 0.5 p1 65147 8
9362 32736632 m2 4627864 -3.29609088e-06 0.5 p1 65152 8
4856 32737847 m2 2397558 -0.00131395657 0.5 p1 65160 8
1767 32738936 m2 895864 -0.000313867989 0.5 p1 65168 8
6041 32739644 m2 3005146 -2.17714351e-05 0.5 p1 65174 8
8401 32740720 m2 4166683 -0.00147280621 0.5 p1 65182 8
437 32742503 m2 231184 -0.00224569999 0.5 p1 65195 8
3272 32742736 m2 1640141 -5.31234967e-08 0.5 p1 65196 8
2686 32744482 m2 1357564 -4.95730892e-05 0.5 p1 65209 8
9 32744783 m2 5124 -1.29167493e-05 0.5 p1 65212 8
4196 32747076 m2 2099939 -0.00234063831 0.5 p1 65230 8
1607 32747694 m2 812745 -0.000418812066 0.5 p1 65234 8
3793 32747853 m2 1902234 -4.58021852e-08 0.5 p1 65236 8
1047 32748084 m2 540652 -5.92217075e-05 0.5 p1 65237 8
8095 32748517 m2 4006834 -2.87745986e-15 0.5 p1 65241 8
1209 32748842 m2 619265 -0.000864836271 0.5 p1 65243 8
9333 32749336 m2 4616292 -4.3647502e-05 0.5 p1 65247 8
1104 32749464 m2 569142 -0.00261674123 0.5 p1 65248 8
6302 32750583 m2 3123846 -6.1538376e-06 0.5 p1 65256 8
4480 32751689 m2 2227876 -0.000200011942 0.5 p1 65265 8
982 32752723 m2 509458 -1.4615177e-05 0.5 p1 65273 8
2238 32753426 m2 1140195 -5.04462105e-06 0.5 p1 65278 8
7061 32753597 m2 3496930 -1.49259552e-06 0.5 p1 65279 8
4936 32754760 m2 2439626 -0.00244627451 0.5 p1 65289 8
7710 32754993 m2 3833261 -0.00245204731 0.5 p1 65290 8
5997 32755059 m2 2985367 -3.33036369e-05 0.5 p1 65291 8
7070 32755247 m2 3499451 -0.00120262092 0.5 p1 65293 8
6334 32755936 m2 3141127 -1.11327508e-05 0.5 p1 65298 8
5963 32757663 m2 2969785 -0.000270217017 0.5 p1 65312 8
8339 32758149 m2 4137348 -0.000280618842 0.5 p1 65315 8
3492 32758895 m2 1746754 -0.00533528812 0.5 p1 65321 8
10063 32759332 m2 4980142 -0.00109570671 0.5 p1 65324 8
250 32760506 m2 127146 -6.56577322e-05 0.5 p1 65333 8
2253 32761998 m2 1147265 -0.0066066049 0.5 p1 65344 8
1341 32763040 m2 681427 -0.000103400729 0.5 p1 65352 8
3421 32765069 m2 1713151 -1.01523183e-05 0.5 p1 65368 8
9183 32767556 m2 4537343 -2.75208834e-09 0.5 p1 65387 8
4204 32767714 m2 2102468 -0.00210710522 0.5 p1 65388 8
3500 32767928 m2 1748810 -1.04055422e-08 0.5 p1 65390 8
5108 32768967 m2 2530314 -4.92660091e-09 0.5 p1 65398 8
3951 32769996 m2 1971257 -1.52507251e-08 0.5 p1 65406 8
1345 32770308 m2 683309 -0.000226142583 0.5 p1 65408 8
7310 32771679 m2 3621204 -0.00100302638 0.5 p1 65420 8
7104 32772525 m2 3514749 -3.54186136e-06 0.5 p1 65427 8
4133 32773015 m2 2069884 -2.8943994e-05 0.5 p1 65431 8
8657 32774653 m2 4291719 -0.000736485294 0.5 p1 65444 8
5473 32775060 m2 2724375 -0.00224199099 0.5 p1 65447 8
1572 32775351 m2 798240 -0.000552545127 0.5 p1 65449 8
1689 32777406 m2 857728 -6.02027067e-05 0.5 p1 65467 8
7274 32777799 m2 3607057 -0.000206188721 0.5 p1 65470 8
5857 32777995 m2 2917901 -9.38970124e-10 0.5 p1 65471 8
6997 32780400 m2 3467929 -8.47096744e-05 0.5 p1 65490 8
7774 32780802 m2 3864529 -0.000349596346 0.5 p1 65494 8
9001 32781683 m3 4451089 0.00155391928 0.5 p1 65501 8
8037 32781856 m2 3979283 -0.000280848006 0.5 p1 65502 8
789 32783377 m2 405743 -1.43751558e-05 0.5 p1 65514 8
1664 32784910 m2 841382 -0.000138341857 0.5 p1 65526 8
6009 32785215 m2 2989233 -0.000151349057 0.5 p1 65529 8
5068 32785576 m2 2506908 -2.90755935e-07 0.5 p1 65531 8
9927 32785913 m2 4920999 -2.28601166e-05 0.5 p1 65534 8
6883 32785924 m2 3415614 -0.000853603706 0.5 p1 65534 8
8400 32786233 m2 4165962 -5.36244841e-07 0.5 p1 65537 8
4650 32786575 m2 2302446 -6.23108917e-07 0.5 p1 65539 8
1910 32787035 m2 974086 -6.97627775e-06 0.5 p1 65543 8
10086 32787274 m2 4989153 -1.91342879e-05 0.5 p1 65545 8
9684 32787441 m2 4788363 -0.000586836075 0.5 p1 65547 8
2083 32787871 m2 1063855 -2.04909816e-06 0.5 p1 65550 8
3493 32788169 m2 1746866 -2.66118832e-07 0.5 p1 65552 8
9727 32788273 m2 4814260 -0.000155532267 0.5 p1 65553 8
1965 32788609 m2 1003372 -1.46659067e-05 0.5 p1 65556 8
9730 32789000 m2 4815226 -9.67570941e-07 0.5 p1 65559 8
4877 32789332 m2 2412960 -0.00570759736 0.5 p1 65562 8
2186 32790804 m2 1116707 -2.8229857e-05 0.5 p1 65574 8
5598 32791070 m2 2787942 -2.12390283e-08 0.5 p1 65576 8
7159 32791156 m2 3550830 -0.00145829027 0.5 p1 65577 8
4898 32792395 m2 2419390 -0.00270547369 0.5 p1 65587 8
6817 32793463 m2 3384537 -0.00046408677 0.5 p1 65596 8
4596 32795295 m2 2280270 -0.000991454115 0.5 p1 65611 8
1901 32795506 m3 966998 0.000928298978 0.5 p1 65613 8
1714 32795537 m2 870244 -1.53449147e-08 0.5 p1 65613 8
9841 32795879 m2 4876935 -0.00395981735 0.5 p1 65616 8
4735 32796033 m2 2343003 -2.06954683e-05 0.5 p1 65617 8
5976 32796741 m2 2975121 -0.000878146733 0.5 p1 65623 8
330 32798552 m2 170193 -1.07292533e-06 0.5 p1 65638 8
565 32798618 m2 292069 -6.72829901e-06 0.5 p1 65639 8
5788 32798714 m2 2879811 -5.11527469e-05 0.5 p1 65640 8
8545 32799899 m2 4238472 -0.00477180397 0.5 p1 65649 8
4819 32799903 m2 2381863 -0.000788245234 0.5 p1 65649 8
33 32801099 m2 20349 -0.000110764682 0.5 p1 65658 8
8814 32801533 m2 4369408 -2.14829856e-06 0.5 p1 65662 8
7298 32802510 m2 3616871 -3.56345225e-07 0.5 p1 65670 8
9032 32803392 m2 4469045 -0.000113691298 0.5 p1 65677 8
2835 32803795 m2 1425858 -0.00157216459 0.5 p1 65680 8
5063 32805722 m2 2504387 -2.02632873e-06 0.5 p1 65695 8
2236 32806486 m2 1139240 -3.10476338e-07 0.5 p1 65702 8
5668 32807547 m2 2821534 -1.28130555e-14 0.5 p1 65711 8
9469 32807645 m2 4680195 -0.000265213603 0.5 p1 65712 8
6881 32808790 m2 3415014 -0.000514751882 0.5 p1 65721 8
8376 32810438 m2 4156658 -0.00683369301 0.5 p1 65735 8
1306 32811002 m2 667618 -0.000264358241 0.5 p1 65739 8
8531 32811245 m2 4229754 -0.0010297785 0.5 p1 65741 8
757 32811464 m2 390981 -0.00407177955 0.5 p1 65743 8
5967 32811545 m2 2970210 -2.08117346e-09 0.5 p1 65744 8
4987 32811917 m2 2463980 -4.21111436e-05 0.5 p1 65747 8
6345 32813104 m2 3147968 -0.00299119414 0.5 p1 65756 8
180 32813734 m2 99232 -6.13455467e-11 0.5 p1 65762 8
5117 32815191 m2 2535478 -0.000566786388 0.5 p1 65774 8
5370 32815806 m2 2669787 -2.23765227e-07 0.5 p1 65779 8
9501 32816553 m2 4694556 -0.000530706136 0.5 p1 65786 8
3622 32818162 m2 1813803 -0.00170194183 0.5 p1 65799 8
411 32818304 m2 216237 -0.000346946093 0.5 p1 65800 8
8959 32818397 m2 4436249 -7.10107315e-07 0.5 p1 65801 8
1899 32819250 m2 965643 -0.000675743446 0.5 p1 65809 8
1937 32820061 m2 987567 -0.00239632069 0.5 p1 65816 8
2059 32821201 m2 1053510 -9.38327219e-07 0.5 p1 65826 8
3023 32822126 m2 1523574 -0.000258994231 0.5 p1 65833 8
3780 32822273 m2 1896525 -5.50130153e-07 0.5 p1 65834 8
8564 32823444 m2 4246624 -1.94789838e-08 0.5 p1 65844 8
4899 32824104 m2 2422019 -9.33265465e-09 0.5 p1 65849 8
5539 32826093 m2 2757526 -6.44059764e-05 0.5 p1 65865 8
2430 32826653 m2 1233911 -5.86830356e-05 0.5 p1 65870 8
9409 32828386 m2 4648627 -0.000106488951 0.5 p1 65884 8
555 32829808 m2 287140 -1.73809804e-05 0.5 p1 65896 8
90 32831044 m2 51341 -8.25310025e-08 0.5 p1 65906 8
3163 32831923 m2 1589010 -0.000788254838 0.5 p1 65913 8
2929 32834138 m2 1473462 -0.000255248713 0.5 p1 65931 8
5816 32834177 m2 2895091 -1.3894899e-05 0.5 p1 65931 8
4142 32834365 m2 2072744 -0.000357116456 0.5 p1 65933 8
1006 32834529 m2 517676 -0.00257861731 0.5 p1 65934 8
8039 32836684 m2 3980063 -1.25975575e-05 0.5 p1 65952 8
836 32837543 m2 434984 -3.09354232e-06 0.5 p1 65959 8
9328 32837894 m2 4614359 -0.00134631246 0.5 p1 65962 8
8448 32837966 m2 4191676 -1.62589604e-08 0.5 p1 65963 8
3405 32838905 m2 1705144 -0.00842315983 0.5 p1 65971 8
8475 32840206 m2 4204990 -0.00358241168 0.5 p1 65982 8
5905 32841006 m2 2942162 -0.000547080068 0.5 p1 65989 8
3552 32841520 m2 1776084 -0.00938325003 0.5 p1 65993 8
8537 32841886 m2 4234787 -0.000709715241 0.5 p1 65996 8
6088 32842212 m2 3028999 -2.45051579e-05 0.5 p1 65999 8
3452 32843251 m2 1729470 -2.05406266e-07 0.5 p1 66008 8
5760 32843448 m2 2867719 -0.00118777051 0.5 p1 66010 8
6854 32843463 m2 3401708 -0.00113286765 0.5 p1 66010 8
4057 32844538 m2 2028515 -1.69588859e-07 0.5 p1 66019 8
1372 32847412 m2 699569 -1.49627049e-08 0.5 p1 66043 8
8044 32848047 m2 3981370 -8.56651284e-13 0.5 p1 66048 8
4183 32848996 m2 2094293 -1.30949168e-10 0.5 p1 66056 8
7567 32849099 m2 3759064 -0.00130387407 0.5 p1 66057 8
8242 32850188 m2 4086460 -1.97629361e-05 0.5 p1 66066 8
6645 32850299 m2 3298587 -1.43307242e-08 0.5 p1 66067 8
3045 32851030 m2 1536070 -1.32173525e-08 0.5 p1 66073 8
844 32851687 m2 439125 -7.15390343e-07 0.5 p1 66078 8
1107 32852633 m2 570500 -1.50101639e-10 0.5 p1 66086 8
5144 32852773 m2 2551223 -0.00173148687 0.5 p1 66087 8
4885 32853106 m2 2415071 -0.000646070868 0.5 p1 66090 8
6850 32853769 m2 3399195 -0.000188257851 0.5 p1 66096 8
7849 32854862 m2 3897045 -1.27677413e-05 0.5 p1 66106 8
8465 32855207 m2 4200441 -0.000349526352 0.5 p1 66108 8
7486 32855230 m2 3717646 -3.93040045e-06 0.5 p1 66109 8
8235 32856272 m2 4083092 -0.000591165968 0.5 p1 66118 8
847 32856628 m2 440933 -1.275437e-07 0.5 p1 66120 8
4032 32860053 m2 2011072 -0.000578667677 0.5 p1 66150 8
5700 32861779 m2 2839585 -0.00757414941 0.5 p1 66165 8
9487 32862887 m2 4689194 -0.00435628928 0.5 p1 66174 8
8825 32863222 m2 4376182 -9.37865625e-05 0.5 p1 66177 8
950 32863417 m2 492820 -1.18451671e-05 0.5 p1 66178 8
1387 32864119 m2 706634 -7.45768464e-12 0.5 p1 66185 8
767 32864334 m2 396530 -7.36700749e-05 0.5 p1 66187 8
4045 32864437 m2 2019786 -0.000634537078 0.5 p1 66188 8
150 32864544 m3 80546 8.85069312e-05 0.5 p1 66189 8
2714 32864575 m2 1370806 -5.47904201e-05 0.5 p1 66189 8
1702 32864690 m2 865830 -2.63772909e-05 0.5 p1 66190 8
1735 32865121 m2 880873 -0.000238639637 0.5 p1 66194 8
1526 32866254 m2 780501 -3.99034183e-09 0.5 p1 66203 8
7578 32866281 m2 3765746 -1.59149877e-05 0.5 p1 66203 8
195 32867171 m2 105111 -1.74163997e-05 0.5 p1 66211 8
3011 32867557 m2 1517588 -0.00152765284 0.5 p1 66214 8
8100 32868796 m2 4009580 -1.33479887e-07 0.5 p1 66225 8
2247 32868833 m2 1144023 -0.00022351183 0.5 p1 66225 8
9778 32869689 m2 4838492 -4.80194103e-05 0.5 p1 66232 8
4493 32870774 m2 2233825 -0.0014635073 0.5 p1 66241 8
7629 32871800 m2 3791479 -5.42906673e-06 0.5 p1 66251 8
1893 32873456 m2 963270 -1.82573931e-05 0.5 p1 66264 8
3282 32873587 m2 1645044 -7.94924781e-05 0.5 p1 66265 8
4564 32874023 m2 2266237 -4.32321556e-08 0.5 p1 66269 8
6751 32874381 m3 3359021 0.0014502852 0.5 p1 66272 8
3756 32874796 m2 1881788 -4.30386608e-05 0.5 p1 66276 8
5381 32875095 m2 2674079 -0.00121345487 0.5 p1 66278 8
785 32875815 m2 403358 -0.0023250985 0.5 p1 66284 8
6180 32877394 m2 3071631 -8.24041724e-09 0.5 p1 66297 8
3281 32877576 m2 1644348 -0.00346474163 0.5 p1 66299 8
8833 32879687 m2 4378798 -0.000216050714 0.5 p1 66319 8
988 32880640 m2 511373 -1.78954651e-05 0.5 p1 66327 8
2488 32881441 m2 1263689 -1.27804951e-05 0.5 p1 66334 8
4431 32881719 m2 2205786 -0.000171329419 0.5 p1 66336 8
1296 32882213 m2 663963 -0.00103284174 0.5 p1 66341 8
7493 32882218 m2 3720916 -6.81967336e-08 0.5 p1 66341 8
1954 32884274 m2 997082 -1.9614825e-10 0.5 p1 66360 8
8038 32884275 m2 3980052 -0.000107717751 0.5 p1 66360 8
7896 32884354 m2 3919470 -0.00143837102 0.5 p1 66361 8
2625 32885718 m2 1328923 -0.000117689357 0.5 p1 66372 8
394 32885831 m2 205794 -0.00326449284 0.5 p1 66373 8
534 32885832 m2 275543 -0.000423863326 0.5 p1 66373 8
8417 32888510 m2 4174505 -2.53719045e-05 0.5 p1 66398 8
2037 32888769 m2 1042041 -0.00105813215 0.5 p1 66400 8
3497 32889030 m2 1748131 -0.000266983901 0.5 p1 66402 8
7916 32891586 m2 3929504 -0.00253128097 0.5 p1 66424 8
9761 32892411 m2 4828266 -0.000227742712 0.5 p1 66432 8
7330 32893390 m2 3634767 -0.000750305713 0.5 p1 66441 8
5389 32893610 m2 2678730 -0.000154022026 0.5 p1 66443 8
7374 32893834 m2 3657584 -1.07388605e-05 0.5 p1 66445 8
5221 32894473 m2 2596986 -2.17719571e-12 0.5 p1 66451 8
8676 32894783 m2 4306076 -1.39859922e-05 0.5 p1 66454 8
7029 32894860 m2 3482401 -1.03850956e-11 0.5 p1 66454 8
6981 32895226 m2 3457089 -1.62924498e-05 0.5 p1 66458 8
8018 32895413 m2 3970195 -0.00131178228 0.5 p1 66459 8
2776 32895619 m2 1393157 -0.000439370662 0.5 p1 66461 8
868 32896324 m2 452166 -0.0017244406 0.5 p1 66467 8
7529 32896512 m2 3739180 -0.000114232731 0.5 p1 66469 8
9026 32896802 m2 4467310 -5.55584938e-06 0.5 p1 66471 8
9533 32898151 m2 4711583 -3.43833162e-05 0.5 p1 66483 8
9337 32899745 m2 4617052 -6.04967363e-06 0.5 p1 66497 8
9934 32900165 m2 4922098 -0.000303626584 0.5 p1 66501 8
4488 32900493 m2 2230901 -0.000758692797 0.5 p1 66504 8
1247 32901275 m2 637817 -1.33608557e-06 0.5 p1 66511 8
7404 32902033 m2 3676948 -9.24077614e-09 0.5 p1 66518 8
6772 32902236 m2 3367487 -0.00906616077 0.5 p1 66520 8
7073 32902583 m2 3501589 -0.00481254281 0.5 p1 66523 8
4757 32902682 m2 2350697 -0.000206769852 0.5 p1 66523 8
24 32903394 m2 11337 -0.00199425267 0.5 p1 66530 8
612 32903521 m2 316505 -0.00285419123 0.5 p1 66531 8
4523 32903888 m2 2249847 -8.38201086e-05 0.5 p1 66535 8
4776 32905098 m2 2362620 -7.90767615e-07 0.5 p1 66545 8
649 32906346 m2 336695 -7.17509829e-05 0.5 p1 66556 8
5317 32906644 m2 2643574 -2.81535358e-05 0.5 p1 66559 8
6300 32907195 m2 3123562 -0.000954799645 0.5 p1 66564 8
2375 32907465 m2 1206615 -2.24096584e-05 0.5 p1 66566 8
5577 32908595 m2 2777316 -1.25165104e-06 0.5 p1 66577 8
7043 32908676 m2 3489568 -0.00253190007 0.5 p1 66578 8
8848 32908685 m2 4388900 -1.14740054e-07 0.5 p1 66578 8
3037 32911287 m2 1532780 -0.00729690772 0.5 p1 66602 8
6839 32911793 m2 3396252 -1.24302096e-06 0.5 p1 66607 8
4846 32912947 m2 2394197 -1.50722135e-05 0.5 p1 66618 8
5391 32913324 m2 2679292 -0.00207603979 0.5 p1 66621 8
4286 32914781 m2 2142931 -1.26949374e-06 0.5 p1 66635 8
3015 32917467 m2 1519284 -0.000448750536 0.5 p1 66659 8
2790 32919399 m2 1399409 -4.99635711e-09 0.5 p1 66676 8
4878 32920448 m2 2413028 -0.00388197205 0.5 p1 66686 8
8709 32920626 m2 4317657 -6.28977205e-07 0.5 p1 66688 8
842 32920781 m3 437529 0.00119243795 0.5 p1 66689 8
3470 32922266 m2 1737614 -8.7257142e-08 0.5 p1 66703 8
2941 32922743 m2 1479651 -2.76323747e-16 0.5 p1 66707 8
196 32923326 m2 105338 -4.31349578e-09 0.5 p1 66712 8
8191 32923992 m2 4058411 -1.53791657e-09 0.5 p1 66718 8
7740 32924527 m2 3849881 -1.81906966e-14 0.5 p1 66723 8
6698 32924787 m2 3321659 -2.76355945e-06 0.5 p1 66725 8
3736 32926365 m2 1871225 -9.50219601e-06 0.5 p1 66740 8
2552 32926491 m2 1295561 -5.03818463e-08 0.5 p1 66741 8
4550 32926522 m2 2261372 -0.00355606759 0.5 p1 66741 8
9133 32926708 m2 4516153 -1.84023418e-06 0.5 p1 66743 8
5534 32926779 m2 2754678 -1.127426e-06 0.5 p1 66744 8
2394 32928034 m2 1215424 -0.000433899986 0.5 p1 66755 8
6904 32928070 m2 3423388 -0.000710418273 0.5 p1 66755 8
6214 32928181 m2 3088405 -0.00198901305 0.5 p1 66756 8
10 32929441 m2 5294 -0.00261995452 0.5 p1 66767 8
8899 32930788 m2 4411685 -2.56016541e-09 0.5 p1 66780 8
8290 32932502 m2 4119920 -3.95932346e-07 0.5 p1 66796 8
7527 32932685 m2 3738472 -6.88240964e-10 0.5 p1 66798 8
2459 32932759 m2 1243458 -0.00911203399 0.5 p1 66798 8
2244 32932823 m2 1142653 -0.000761609117 0.5 p1 66799 8
3888 32934161 m3 1945155 0.000102270147 0.5 p1 66812 8
3938 32934740 m2 1962604 -0.000397892349 0.5 p1 66817 8
9072 32934920 m2 4484385 -0.00067856058 0.5 p1 66819 8
4103 32935827 m2 2052866 -0.000454368856 0.5 p1 66827 8
5698 32935958 m2 2838746 -0.000121071411 0.5 p1 66829 8
5925 32936439 m2 2951221 -9.35726348e-07 0.5 p1 66834 8
7717 32936985 m2 3837105 -3.31875187e-11 0.5 p1 66839 8
8469 32937777 m2 4201551 -0.000787580095 0.5 p1 66846 8
2604 32940390 m2 1319542 -0.000104541446 0.5 p1 66872 8
5513 32941578 m2 2740980 -3.63754582e-09 0.5 p1 66884 8
992 32943337 m2 512493 -0.00418542931 0.5 p1 66901 8
9240 32943477 m2 4563491 -2.73663818e-06 0.5 p1 66902 8
4393 32943689 m2 2191640 -0.000378643133 0.5 p1 66904 8
1035 32944719 m2 533197 -0.000105148421 0.5 p1 66914 8
3283 32945096 m2 1645294 -1.17724931e-05 0.5 p1 66918 8
3141 32946263 m2 1579904 -0.000676654046 0.5 p1 66929 8
1636 32946563 m2 826747 -1.16371587e-06 0.5 p1 66932 8
4575 32946573 m2 2269718 -9.76111636e-08 0.5 p1 66932 8
5351 32946576 m2 2663292 -0.000393498049 0.5 p1 66933 8
8953 32946839 m2 4432764 -0.000172836721 0.5 p1 66935 8
8117 32946877 m2 4017110 -1.05924023e-07 0.5 p1 66935 8
1129 32947332 m2 581034 -3.36409857e-06 0.5 p1 66939 8
7421 32947509 m2 3684432 -6.40372627e-06 0.5 p1 66941 8
8081 32950042 m2 3998433 -0.002689254 0.5 p1 66966 8
5315 32951022 m2 2641577 -3.56440836e-07 0.5 p1 66976 8
5615 32951023 m2 2794396 -0.00258448115 0.5 p1 66976 8
1287 32951334 m2 657117 -0.00166878023 0.5 p1 66979 8
8552 32951480 m2 4243171 -1.31785455e-07 0.5 p1 66980 8
1262 32951892 m2 644476 -0.00350505346 0.5 p1 66984 8
21 32952833 m3 10547 0.00151094457 0.5 p1 66992 8
2224 32953130 m2 1132918 -1.33323265e-05 0.5 p1 66995 8
2605 32953817 m2 1319843 -0.00120470335 0.5 p1 67002 8
7742 32954063 m2 3850838 -0.000302175671 0.5 p1 67004 8
3629 32954115 m2 1815084 -2.36576234e-05 0.5 p1 67005 8
9018 32954229 m2 4459620 -6.64726315e-07 0.5 p1 67006 8
4542 32954475 m2 2258576 -0.000722493918 0.5 p1 67009 8
7216 32954824 m2 3578500 -0.00030350787 0.5 p1 67012 8
6538 32955126 m2 3241801 -2.16178762e-07 0.5 p1 67015 8
4009 32955389 m2 1998321 -8.6491209e-06 0.5 p1 67017 8
5869 32955812 m2 2924469 -1.75247681e-06 0.5 p1 67021 8
6369 32956116 m2 3157421 -9.66897278e-06 0.5 p1 67024 8
1594 32956349 m2 807510 -6.26670271e-06 0.5 p1 67027 8
8680 32958125 m2 4307073 -5.67318864e-07 0.5 p1 67044 8
2267 32958244 m2 1154013 -8.84902038e-05 0.5 p1 67046 8
8679 32959067 m2 4306930 -6.32217707e-05 0.5 p1 67054 8
7525 32959301 m2 3737133 -0.00707306666 0.5 p1 67056 8
423 32960504 m2 222499 -0.00230143778 0.5 p1 67068 8
9615 32960870 m2 4751860 -0.000979589182 0.5 p1 67071 8
2642 32962442 m2 1339482 -0.000349565467 0.5 p1 67087 8
7914 32962539 m2 3928443 -0.00196752255 0.5 p1 67088 8
407 32962740 m2 212638 -3.0622177e-10 0.5 p1 67090 8
2077 32962938 m2 1060931 -2.59314078e-07 0.5 p1 67092 8
9077 32962989 m2 4486594 -0.000109296154 0.5 p1 67092 8
7338 32963059 m2 3637859 -0.00425995281 0.5 p1 67093 8
6213 32963259 m2 3087919 -0.000896296464 0.5 p1 67095 8
5939 32964047 m2 2959417 -0.000766182959 0.5 p1 67103 8
7559 32964390 m2 3756456 -0.00297183823 0.5 p1 67106 8
9645 32964431 m2 4773368 -1.21144549e-05 0.5 p1 67106 8
339 32965762 m2 176337 -0.00330002233 0.5 p1 67120 8
4951 32966317 m2 2447713 -3.87568844e-06 0.5 p1 67125 8
2537 32966437 m2 1290675 -1.16201829e-06 0.5 p1 67126 8
4526 32966442 m2 2251171 -2.25595909e-06 0.5 p1 67126 8
597 32967205 m2 308259 -3.9763659e-08 0.5 p1 67133 8
2991 32967567 m2 1508600 -9.68411484e-08 0.5 p1 67137 8
9111 32968328 m2 4508812 -0.000274055055 0.5 p1 67144 8
8749 32968782 m2 4338846 -1.09852608e-05 0.5 p1 67149 8
5107 32968886 m2 2528904 -3.69118197e-07 0.5 p1 67150 8
9492 32968897 m2 4690703 -0.00408142246 0.5 p1 67150 8
2810 32969130 m3 1413532 0.000878524326 0.5 p1 67152 8
8473 32969975 m2 4204350 -8.10346501e-06 0.5 p1 67160 8
3118 32970220 m2 1567286 -0.000898457132 0.5 p1 67162 8
2168 32970473 m2 1109570 -0.00638621766 0.5 p1 67165 8
1355 32970864 m2 687788 -0.000284991605 0.5 p1 67169 8
8877 32973835 m2 4402477 -0.000307325681 0.5 p1 67198 8
3785 32973954 m2 1898376 -1.58228755e-08 0.5 p1 67199 8
2165 32974350 m2 1108789 -9.7529107e-10 0.5 p1 67203 8
4514 32976251 m2 2244247 -0.00197667792 0.5 p1 67221 8
1996 32977467 m2 1016608 -8.9645491e-09 0.5 p1 67233 8
9955 32979207 m2 4932696 -5.71417186e-05 0.5 p1 67249 8
2227 32981266 m2 1133426 -0.000250474754 0.5 p1 67269 8
122 32982395 m2 68616 -1.78014307e-05 0.5 p1 67280 8
2955 32982483 m2 1490082 -6.26576002e-05 0.5 p1 67281 8
3471 32984515 m2 1737693 -0.00106397551 0.5 p1 67299 8
7744 32985094 m2 3851115 -0.0014092864 0.5 p1 67305 8
3049 32985481 m2 1537648 -5.29476596e-09 0.5 p1 67309 8
6066 32986003 m2 3017451 -1.17736171e-07 0.5 p1 67315 8
1795 32986377 m2 910702 -1.5060364e-07 0.5 p1 67318 8
3644 32987931 m2 1820289 -0.000892008189 0.5 p1 67333 8
1060 32988472 m2 548808 -0.00719311833 0.5 p1 67338 8
4790 32989239 m2 2369061 -0.00117664493 0.5 p1 67345 8
7667 32990934 m2 3813687 -3.1607517e-06 0.5 p1 67362 8
7856 32991926 m2 3900130 -7.54360808e-05 0.5 p1 67372 8
4415 32992514 m2 2201416 -0.00119859469 0.5 p1 67378 8
2857 32992709 m2 1435394 -5.41490808e-05 0.5 p1 67380 8
5746 32993467 m3 2861156 0.0012127005 0.5 p1 67387 8
1338 32994986 m2 680898 -0.00358837028 0.5 p1 67403 8
9395 32995750 m2 4642442 -5.32707782e-06 0.5 p1 67411 8
6603 32995894 m2 3279082 -3.77153128e-07 0.5 p1 67413 8
4989 32996611 m2 2464442 -0.000258067797 0.5 p1 67420 8
6486 32997210 m2 3213280 -0.00589384185 0.5 p1 67427 8
7956 32997663 m2 3944918 -1.33011217e-05 0.5 p1 67431 8
9019 32998625 m2 4460363 -0.000897726684 0.5 p1 67440 8
5187 32998781 m2 2578543 -3.81039972e-05 0.5 p1 67442 8
1433 33000304 m2 728304 -0.000186864796 0.5 p1 67458 8
1132 33001167 m2 584178 -0.00174362794 0.5 p1 67467 8
1660 33001531 m2 840101 -0.00325230439 0.5 p1 67471 8
4 33003239 m2 2138 -8.32867954e-05 0.5 p1 67488 8
6787 33004243 m2 3372647 -1.91760791e-11 0.5 p1 67499 8
3192 33004542 m2 1604619 -0.000516286353 0.5 p1 67502 8
7242 33007565 m2 3588078 -0.00265004975 0.5 p1 67534 8
6060 33008504 m2 3013491 -1.31277673e-07 0.5 p1 67544 8
871 33009372 m2 452952 -1.99251481e-05 0.5 p1 67553 8
1366 33009613 m2 695864 -3.30927785e-10 0.5 p1 67555 8
3974 33009704 m2 1981035 -0.000448133098 0.5 p1 67557 8
5045 33012060 m2 2497236 -1.5665268e-09 0.5 p1 67580 8
9986 33012089 m2 4946490 -0.00699526072 0.5 p1 67580 8
5652 33012901 m2 2811145 -0.000154110894 0.5 p1 67588 8
5368 33013284 m2 2669630 -4.25736325e-05 0.5 p1 67592 8
7397 33014302 m2 3673230 -4.28933163e-06 0.5 p1 67603 8
2480 33014337 m2 1257101 -0.00100337411 0.5 p1 67603 8
2470 33014509 m2 1252508 -5.72986494e-07 0.5 p1 67605 8
387 33014700 m2 201123 -0.00305016129 0.5 p1 67607 8
3482 33015389 m2 1741422 -0.000110657034 0.5 p1 67614 8
3636 33015667 m2 1818086 -1.78247519e-05 0.5 p1 67617 8
9412 33016314 m2 4649358 -0.00186276867 0.5 p1 67623 8
2149 33017825 m2 1099561 -1.60480504e-10 0.5 p1 67639 8
5775 33017933 m2 2875710 -0.00270777219 0.5 p1 67640 8
6368 33019442 m2 3156680 -3.52138652e-10 0.5 p1 67655 8
7782 33019534 m2 3868278 -0.00140899909 0.5 p1 67656 8
6503 33019738 m2 3223815 -4.40207337e-08 0.5 p1 67658 8
9222 33020787 m2 4554790 -0.000614154211 0.5 p1 67669 8
4684 33022694 m2 2320607 -4.52760588e-07 0.5 p1 67688 8
6243 33023856 m2 3099228 -0.000796348613 0.5 p1 67700 8
2046 33023864 m2 1048947 -5.03616093e-06 0.5 p1 67700 8
6847 33024727 m2 3398395 -7.71476425e-06 0.5 p1 67709 8
5826 33024879 m2 2900616 -1.68860126e-07 0.5 p1 67711 8
5471 33025576 m2 2721982 -5.58599004e-06 0.5 p1 67718 8
1577 33026365 m2 800029 -6.89481892e-13 0.5 p1 67727 8
4540 33026367 m3 2257081 0.000436395931 0.5 p1 67727 8
6719 33027970 m2 3337561 -0.00067108986 0.5 p1 67743 8
6028 33028092 m2 2999753 -2.09104874e-05 0.5 p1 67744 8
2489 33028138 m2 1263730 -7.61763843e-08 0.5 p1 67745 8
5791 33028589 m2 2880676 -0.0016565884 0.5 p1 67750 8
3150 33028899 m2 1582531 -6.35294384e-07 0.5 p1 67753 8
2141 33029320 m2 1097553 -0.000220345886 0.5 p1 67757 8
171 33031632 m2 93365 -2.05449287e-05 0.5 p1 67781 8
7463 33031711 m2 3705856 -9.71534519e-06 0.5 p1 67782 8
7590 33031809 m2 3771933 -6.85739433e-05 0.5 p1 67783 8
934 33031892 m2 486265 -4.22180856e-05 0.5 p1 67784 8
409 33032446 m2 213749 -1.53075334e-07 0.5 p1 67789 8
4046 33033169 m2 2020204 -3.05932117e-05 0.5 p1 67797 8
9620 33034146 m2 4757300 -4.50224545e-11 0.5 p1 67807 8
3024 33034304 m2 1523739 -7.43069249e-05 0.5 p1 67809 8
281 33034711 m2 144353 -5.4735292e-06 0.5 p1 67814 8
9636 33034792 m2 4767869 -0.000147224477 0.5 p1 67815 8
6652 33035886 m2 3303025 -0.000239441069 0.5 p1 67826 8
7759 33037547 m2 3859460 -8.65124821e-06 0.5 p1 67843 8
3727 33038099 m2 1865197 -1.98015485e-07 0.5 p1 67849 8
5823 33038725 m2 2899339 -0.00339014619 0.5 p1 67855 8
1360 33039732 m2 690863 -0.0156498607 0.5 p1 67866 8
3864 33039928 m2 1934116 -0.00209857034 0.5 p1 67868 8
7706 33040628 m2 3830403 -3.20103136e-05 0.5 p1 67876 8
1145 33040947 m2 590725 -7.16985778e-06 0.5 p1 67879 8
5758 33041368 m2 2867392 -1.85152018e-08 0.5 p1 67884 8
1112 33041442 m2 573145 -0.00293765031 0.5 p1 67885 8
3441 33041596 m2 1724647 -1.34626134e-05 0.5 p1 67887 8
7149 33041888 m2 3543124 -0.000355862663 0.5 p1 67890 8
4215 33042045 m2 2108965 -0.000208874757 0.5 p1 67892 8
7445 33042155 m2 3695133 -2.47310209e-06 0.5 p1 67893 8
6453 33042342 m2 3199432 -0.000121801779 0.5 p1 67895 8
2816 33042498 m2 1416870 -0.000371830916 0.5 p1 67897 8
2153 33042918 m2 1102097 -9.55009018e-05 0.5 p1 67901 8
3193 33043763 m2 1604706 -0.000312948774 0.5 p1 67911 8
2827 33044853 m2 1422517 -0.00651330873 0.5 p1 67923 8
8813 33045238 m2 4369301 -4.06277104e-05 0.5 p1 67927 8
4681 33045442 m2 2319410 -0.000164173398 0.5 p1 67929 8
8241 33045888 m2 4086331 -0.000131364839 0.5 p1 67933 8
1685 33047818 m2 856428 -1.21739349e-05 0.5 p1 67954 8
9027 33047834 m2 4467478 -1.04695443e-08 0.5 p1 67954 8
8978 33047895 m2 4446101 -0.000346887187 0.5 p1 67955 8
8529 33048436 m2 4229634 -8.5940801e-06 0.5 p1 67961 8
1161 33049177 m2 598413 -0.000229749567 0.5 p1 67969 8
7557 33049464 m2 3755829 -0.000266973337 0.5 p1 67972 8
6280 33050124 m2 3115468 -0.00236692373 0.5 p1 67979 8
5125 33050257 m2 2538675 -0.00490536448 0.5 p1 67980 8
8819 33050699 m2 4371190 -0.00265779323 0.5 p1 67985 8
8361 33051077 m2 4149182 -2.71877553e-07 0.5 p1 67989 8
5121 33053453 m2 2537247 -3.09362633e-07 0.5 p1 68015 8
7026 33054269 m2 3480830 -0.00228418014 0.5 p1 68023 8
1319 33054641 m2 671362 -5.478612e-05 0.5 p1 68028 8
6548 33054860 m2 3251334 -1.10019994e-06 0.5 p1 68030 8
737 33055658 m2 380713 -1.28227512e-10 0.5 p1 68039 8
9883 33055710 m2 4897918 -0.000520402391 0.5 p1 68040 8
1688 33055918 m2 857440 -1.03320319e-09 0.5 p1 68042 8
499 33056998 m2 262466 -7.95410049e-09 0.5 p1 68054 8
2371 33057528 m2 1203885 -7.23716731e-09 0.5 p1 68059 8
1625 33057838 m2 820338 -0.00151198066 0.5 p1 68062 8
6657 33058674 m2 3304913 -0.00113008695 0.5 p1 68072 8
2509 33058896 m2 1275684 -0.000338805257 0.5 p1 68075 8
91 33059305 m2 51506 -2.28556782e-08 0.5 p1 68079 8
9225 33059757 m2 4555121 -0.000965711952 0.5 p1 68085 8
9743 33060413 m2 4821839 -4.61182233e-14 0.5 p1 68092 8
3650 33061563 m2 1822320 -1.57263207e-06 0.5 p1 68104 8
1411 33061586 m2 717665 -0.00091901538 0.5 p1 68104 8
242 33061775 m2 124452 -0.000477725232 0.5 p1 68106 8
5016 33061977 m2 2474472 -1.58488106e-07 0.5 p1 68108 8
126 33062017 m2 71192 -1.39900601e-06 0.5 p1 68109 8
818 33062755 m2 420899 -0.00506167067 0.5 p1 68117 8
6321 33063724 m2 3137043 -0.000270932738 0.5 p1 68128 8
9689 33064748 m2 4790224 -3.25102428e-06 0.5 p1 68140 8
6900 33065009 m2 3422241 -1.54758793e-11 0.5 p1 68143 8
5276 33065487 m2 2622894 -0.00366431591 0.5 p1 68148 8
2569 33065804 m2 1301818 -7.56244045e-09 0.5 p1 68152 8
3841 33066448 m2 1924175 -0.00130627316 0.5 p1 68159 8
308 33067933 m2 160733 -3.07229966e-05 0.5 p1 68176 8
1741 33068168 m2 886003 -8.79321362e-07 0.5 p1 68179 8
7006 33068958 m2 3471199 -1.55165338e-07 0.5 p1 68188 8
9969 33069239 m2 4937068 -3.81574978e-07 0.5 p1 68192 8
9181 33069548 m2 4535288 -4.10254288e-05 0.5 p1 68196 8
8373 33070276 m2 4155663 -4.60494584e-06 0.5 p1 68205 8
10078 33071216 m3 4984186 0.000258012908 0.5 p1 68216 8
9609 33071671 m2 4748754 -3.13278761e-05 0.5 p1 68221 8
2879 33071864 m2 1445345 -0.00148738082 0.5 p1 68223 8
6654 33072167 m2 3303826 -2.57848054e-08 0.5 p1 68227 8
728 33074119 m2 377143 -4.27129999e-06 0.5 p1 68249 8
1439 33074130 m2 730574 -4.0056093e-06 0.5 p1 68249 8
8968 33075042 m2 4441126 -7.94064015e-09 0.5 p1 68261 8
9910 33075442 m2 4911416 -1.10045202e-11 0.5 p1 68266 8
2365 33075773 m2 1202483 -0.000361413404 0.5 p1 68269 8
7922 33076068 m2 3933685 -2.2272501e-13 0.5 p1 68273 8
7447 33076234 m2 3695432 -0.00927340332 0.5 p1 68275 8
1199 33076436 m2 614803 -4.2522808e-07 0.5 p1 68277 8
2746 33077730 m2 1380668 -1.33409435e-08 0.5 p1 68293 8
4192 33078060 m2 2096994 -0.000840303081 0.5 p1 68296 8
2563 33078277 m2 1299223 -3.61505897e-07 0.5 p1 68299 8
4128 33078648 m2 2068314 -5.7491685e-12 0.5 p1 68303 8
6039 33079134 m2 3005008 -2.29626451e-07 0.5 p1 68308 8
7321 33079280 m2 3628666 -0.000340848841 0.5 p1 68310 8
2478 33079327 m2 1256251 -4.95744325e-06 0.5 p1 68311 8
8245 33079441 m2 4087827 -0.00526038464 0.5 p1 68312 8
3224 33079726 m2 1619138 -0.000162889541 0.5 p1 68316 8
1887 33079852 m2 960103 -0.0023282764 0.5 p1 68317 8
7776 33080060 m2 3864945 -0.00218267553 0.5 p1 68320 8
4209 33080439 m2 2105710 -8.07147558e-07 0.5 p1 68324 8
9208 33080615 m2 4547558 -4.87413308e-05 0.5 p1 68326 8
7661 33080946 m2 3810290 -5.09597703e-05 0.5 p1 68330 8
3053 33081386 m2 1537939 -5.27141165e-05 0.5 p1 68335 8
6781 33081752 m2 3371261 -3.937497e-09 0.5 p1 68339 8
4330 33082800 m2 2166127 -0.000196357913 0.5 p1 68352 8
575 33083190 m2 298742 -5.12129009e-05 0.5 p1 68356 8
8746 33083749 m2 4338089 -0.00619888538 0.5 p1 68362 8
9801 33083765 m2 4852822 -2.81886803e-09 0.5 p1 68362 8
8306 33083990 m2 4124216 -0.00648355857 0.5 p1 68365 8
9754 33084006 m2 4825709 -0.00123956706 0.5 p1 68365 8
1616 33084333 m2 816180 -1.67777245e-07 0.5 p1 68369 8
1696 33084334 m2 863766 -0.000118777651 0.5 p1 68369 8
7934 33084831 m2 3937345 -0.000184138742 0.5 p1 68375 8
1144 33084857 m2 590455 -0.000149054758 0.5 p1 68375 8
3217 33085783 m2 1614523 -0.00961889792 0.5 p1 68385 8
1946 33085991 m2 994635 -1.06228481e-05 0.5 p1 68388 8
9402 33086506 m2 4647002 -2.29752768e-05 0.5 p1 68394 8
9258 33087794 m2 4570532 -0.0036933166 0.5 p1 68409 8
4226 33087797 m2 2113536 -2.60634965e-06 0.5 p1 68409 8
1227 33088481 m2 626613 -0.000340851257 0.5 p1 68417 8
4366 33088924 m2 2179830 -1.61565936e-06 0.5 p1 68422 8
7050 33089265 m2 3492608 -0.00875328109 0.5 p1 68426 8
2727 33089871 m2 1375199 -0.00227645505 0.5 p1 68433 8
3991 33092652 m2 1991113 -0.000268689968 0.5 p1 68466 8
106 33092980 m2 60904 -0.00050936779 0.5 p1 68470 8
5017 33093380 m2 2475505 -0.000526228978 0.5 p1 68475 8
1925 33094509 m2 981673 -0.000408607331 0.5 p1 68487 8
1450 33094761 m2 735686 -0.00348578929 0.5 p1 68490 8
1461 33096825 m2 743420 -0.000496919383 0.5 p1 68514 8
2883 33097004 m2 1447892 -0.00460709212 0.5 p1 68516 8
3739 33097614 m2 1872710 -0.000124367376 0.5 p1 68523 8
9353 33097871 m2 4624964 -2.48634365e-07 0.5 p1 68525 8
5076 33098352 m2 2511105 -0.000201617455 0.5 p1 68531 8
7901 33098893 m2 3922008 -0.00180031348 0.5 p1 68537 8
1065 33099028 m2 550189 -0.00493811024 0.5 p1 68539 8
1167 33099394 m2 599597 -0.000119439617 0.5 p1 68543 8
2187 33099555 m2 1117558 -0.00292371493 0.5 p1 68545 8
1847 33099720 m3 937109 0.000306976464 0.5 p1 68547 8
6978 33100212 m2 3455953 -0.000131988272 0.5 p1 68553 8
8857 33100571 m2 4392921 -0.0054796394 0.5 p1 68557 8
6420 33100746 m2 3181122 -7.09363594e-05 0.5 p1 68559 8
8168 33101941 m2 4042856 -6.71909731e-07 0.5 p1 68573 8
3390 33102284 m2 1695728 -0.00696316641 0.5 p1 68577 8
4268 33102736 m2 2136475 -0.000987011474 0.5 p1 68582 8
5169 33102997 m2 2568695 -2.00093564e-06 0.5 p1 68585 8
4623 33103242 m2 2289567 -0.000140372635 0.5 p1 68588 8
2343 33103868 m2 1194854 -0.000409695029 0.5 p1 68594 8
8973 33103947 m2 4442826 -6.69074943e-05 0.5 p1 68595 8
3734 33103955 m2 1869850 -0.000584220106 0.5 p1 68595 8
8409 33104346 m2 4170444 -0.00179495348 0.5 p1 68600 8
4099 33104480 m2 2051329 -0.0020605363 0.5 p1 68601 8
573 33104676 m2 297447 -0.00502583617 0.5 p1 68604 8
7329 33106232 m2 3634535 -1.64273028e-13 0.5 p1 68622 8
7563 33106430 m2 3758500 -4.62844518e-08 0.5 p1 68625 8
254 33106638 m2 128556 -5.62268106e-05 0.5 p1 68627 8
8876 33106808 m2 4402237 -3.48165595e-05 0.5 p1 68629 8
6738 33107138 m2 3349381 -4.34156645e-05 0.5 p1 68633 8
4450 33108074 m2 2213611 -0.000116859665 0.5 p1 68644 8
275 33109124 m2 141919 -0.000107201886 0.5 p1 68656 8
881 33109176 m2 457187 -0.00508110551 0.5 p1 68656 8
7471 33109272 m2 3709954 -3.81032623e-06 0.5 p1 68657 8
3445 33109449 m2 1725837 -1.35086853e-09 0.5 p1 68659 8
3184 33110233 m2 1599561 -0.00279072113 0.5 p1 68668 8
99 33111627 m2 58293 -2.83701723e-07 0.5 p1 68684 8
2655 33112334 m2 1344304 -0.0089185033 0.5 p1 68693 8
9586 33112432 m2 4737499 -1.29245237e-09 0.5 p1 68694 8
7937 33113375 m2 3937968 -0.000870643009 0.5 p1 68706 8
7434 33113653 m2 3689713 -0.00359851681 0.5 p1 68709 8
5928 33113766 m2 2953496 -2.94313832e-05 0.5 p1 68710 8
2872 33114136 m2 1442319 -3.37312713e-07 0.5 p1 68714 8
2258 33114946 m3 1148289 0.00267905649 0.5 p1 68724 8
604 33115034 m2 311931 -0.00480321795 0.5 p1 68725 8
475 33115046 m2 246657 -0.00095500832 0.5 p1 68726 8
2427 33115474 m2 1232309 -1.0669477e-05 0.5 p1 68730 8
7569 33115713 m2 3759773 -5.45139892e-06 0.5 p1 68733 8
3034 33115955 m2 1530346 -5.75798185e-06 0.5 p1 68736 8
13 33116105 m2 6172 -4.00760337e-06 0.5 p1 68738 8
759 33116172 m2 392285 -0.00147844816 0.5 p1 68739 8
4189 33117027 m2 2095609 -1.78029059e-05 0.5 p1 68749 8
4861 33118119 m2 2401818 -0.000307064271 0.5 p1 68762 8
2756 33118474 m2 1384490 -6.4105443e-05 0.5 p1 68767 8
7576 33118809 m2 3764695 -2.29239348e-07 0.5 p1 68771 8
9507 33120490 m2 4696346 -1.8756984e-05 0.5 p1 68793 8
1388 33120650 m2 707090 -6.96352476e-10 0.5 p1 68794 8
5354 33122336 m2 2664652 -9.56400436e-06 0.5 p1 68815 8
9071 33122517 m2 4484037 -9.01565181e-06 0.5 p1 68817 8
5708 33122823 m2 2842467 -0.00255910284 0.5 p1 68821 8
1106 33122977 m2 569750 -0.0100640319 0.5 p1 68823 8
58 33123114 m2 37927 -0.000112777881 0.5 p1 68824 8
647 33123809 m2 335988 -2.22123381e-05 0.5 p1 68833 8
7571 33124087 m2 3761799 -6.76496893e-06 0.5 p1 68836 8
4385 33124579 m2 2188193 -0.00154312071 0.5 p1 68842 8
4020 33124653 m3 2006710 0.00091473246 0.5 p1 68843 8
9561 33124949 m2 4724852 -0.000263160415 0.5 p1 68846 8
6610 33125261 m2 3283550 -7.04994399e-14 0.5 p1 68851 8
3132 33125554 m2 1573255 -0.00012768936 0.5 p1 68855 8
1264 33125793 m2 644875 -0.000112479 0.5 p1 68858 8
243 33125971 m2 124981 -1.03264811e-05 0.5 p1 68860 8
8108 33126425 m2 4012285 -0.00109900336 0.5 p1 68866 8
6906 33126652 m2 3424789 -0.000916121644 0.5 p1 68868 8
7256 33127244 m2 3597078 -0.00385332131 0.5 p1 68876 8
2745 33128094 m2 1380297 -5.5183178e-09 0.5 p1 68886 8
4573 33128097 m2 2269305 -7.63669049e-14 0.5 p1 68886 8
6512 33128740 m2 3229137 -0.0189310163 0.5 p1 68894 8
6635 33128899 m2 3290888 -6.36527053e-10 0.5 p1 68896 8
110 33129090 m2 62781 -5.16576335e-07 0.5 p1 68898 8
5863 33129119 m2 2920757 -0.00136316149 0.5 p1 68899 8
9317 33129213 m2 4606756 -0.0034513101 0.5 p1 68900 8
8670 33130125 m2 4301314 -0.000379808131 0.5 p1 68911 8
4585 33130158 m2 2274855 -0.0045773387 0.5 p1 68911 8
9037 33130692 m2 4471338 -6.65223615e-06 0.5 p1 68918 8
5810 33130853 m2 2891591 -4.23892379e-05 0.5 p1 68920 8
4659 33131448 m2 2308837 -0.000127965701 0.5 p1 68928 8
3653 33132113 m2 1824274 -0.00697887875 0.5 p1 68937 8
9408 33132499 m2 4648604 -0.000128439831 0.5 p1 68942 8
9994 33132769 m2 4950428 -1.37261025e-12 0.5 p1 68945 8
1465 33133783 m2 744908 -0.000285875838 0.5 p1 68957 8
6532 33135315 m2 3239068 -3.52808449e-10 0.5 p1 68978 8
3220 33135386 m2 1617088 -0.00457740249 0.5 p1 68979 8
5030 33136043 m2 2487331 -0.000701447134 0.5 p1 68988 8
2126 33136826 m2 1085573 -0.000287418196 0.5 p1 68999 8
2098 33137410 m2 1072711 -3.1055913e-06 0.5 p1 69006 8
7554 33137641 m2 3755399 -9.44128169e-06 0.5 p1 69009 8
7757 33138210 m2 3857864 -1.59597471e-06 0.5 p1 69017 8
3427 33138894 m2 1716812 -0.00122594531 0.5 p1 69026 8
608 33138901 m2 313211 -1.35727505e-05 0.5 p1 69026 8
3253 33139342 m2 1633541 -0.000250794867 0.5 p1 69032 8
2272 33139653 m2 1156398 -3.37046586e-05 0.5 p1 69036 8
9482 33140008 m2 4684360 -0.00642778119 0.5 p1 69041 8
2581 33140644 m2 1307086 -8.909754e-08 0.5 p1 69049 8
3195 33141030 m2 1605466 -0.0010792698 0.5 p1 69054 8
5314 33142138 m2 2641401 -1.21921484e-09 0.5 p1 69068 8
8818 33142450 m2 4370716 -4.98457439e-06 0.5 p1 69072 8
6490 33143738 m2 3215381 -0.00219647749 0.5 p1 69088 8
879 33144355 m2 455595 -0.000967978791 0.5 p1 69096 8
8161 33144383 m2 4037342 -2.89773561e-05 0.5 p1 69097 8
8575 33144519 m2 4251087 -0.000241442875 0.5 p1 69098 8
5093 33144831 m2 2520350 -0.00124684791 0.5 p1 69102 8
2382 33145035 m2 1209176 -2.76289391e-09 0.5 p1 69106 8
311 33145383 m2 161195 -6.91921098e-09 0.5 p1 69110 8
4462 33145955 m2 2219342 -2.24533037e-09 0.5 p1 69117 8
6824 33146130 m2 3390091 -5.88754423e-09 0.5 p1 69120 8
2662 33146143 m2 1348229 -3.3454306e-09 0.5 p1 69120 8
6051 33147521 m2 3010930 -0.00163382769 0.5 p1 69139 8
1731 33147735 m2 879238 -1.4246028e-07 0.5 p1 69142 8
1643 33148184 m2 829017 -0.00227640965 0.5 p1 69148 8
2334 33148932 m2 1190871 -0.00470599253 0.5 p1 69158 8
383 33150231 m2 199807 -0.0147596616 0.5 p1 69176 8
5397 33150267 m2 2682711 -0.00483887503 0.5 p1 69176 8
2843 33150293 m2 1429930 -4.77695812e-06 0.5 p1 69177 8
7638 33150446 m2 3797142 -1.11969868e-07 0.5 p1 69179 8
5129 33150868 m2 2541482 -0.00339344656 0.5 p1 69185 8
1457 33151153 m2 739812 -5.27152508e-08 0.5 p1 69189 8
8094 33151743 m2 4006015 -0.0101786032 0.5 p1 69196 8
1784 33151924 m2 901942 -3.91587637e-05 0.5 p1 69199 8
6467 33151995 m2 3204207 -5.60046283e-05 0.5 p1 69200 8
8348 33152779 m2 4144025 -0.00744588673 0.5 p1 69210 8
2422 33152920 m2 1230021 -0.0100204917 0.5 p1 69212 8
5097 33153421 m2 2521816 -1.08447723e-12 0.5 p1 69219 8
9468 33153612 m2 4679492 -0.00191765651 0.5 p1 69222 8
7192 33153892 m2 3568274 -1.25236483e-07 0.5 p1 69226 8
462 33155766 m2 241348 -0.000317779835 0.5 p1 69252 8
6963 33156573 m2 3449305 -0.000708507898 0.5 p1 69263 8
1136 33156662 m2 586256 -0.00075941789 0.5 p1 69264 8
9946 33157006 m2 4929152 -0.00378857902 0.5 p1 69269 8
6709 33157050 m2 3331309 -0.0108389705 0.5 p1 69270 8
4474 33157069 m2 2226270 -1.88683146e-07 0.5 p1 69270 8
4721 33157195 m2 2338067 -0.000393355091 0.5 p1 69272 8
640 33158699 m2 333042 -7.76723255e-07 0.5 p1 69294 8
8962 33159581 m2 4437604 -0.000141353317 0.5 p1 69306 8
7264 33159706 m2 3599526 -0.000133951311 0.5 p1 69308 8
8354 33159863 m2 4145920 -0.000291844888 0.5 p1 69310 8
121 33159945 m2 67566 -0.00446322514 0.5 p1 69311 8
8415 33161077 m2 4174387 -0.00143079064 0.5 p1 69327 8
4870 33161794 m2 2406234 -0.000312959077 0.5 p1 69337 8
10069 33161908 m2 4981700 -0.000599267194 0.5 p1 69339 8
8824 33162283 m2 4375549 -4.28735075e-05 0.5 p1 69345 8
5185 33162375 m2 2577159 -1.92170589e-07 0.5 p1 69346 8
4591 33162722 m2 2277969 -0.000348973088 0.5 p1 69351 8
5273 33163373 m2 2621437 -0.00178928825 0.5 p1 69361 8
8630 33163456 m2 4279589 -1.47829414e-05 0.5 p1 69362 8
9819 33163521 m2 4865601 -7.73160423e-07 0.5 p1 69363 8
5756 33164323 m2 2866465 -4.1766667e-05 0.5 p1 69375 8
4998 33164533 m2 2468058 -0.00122240279 0.5 p1 69377 8
3173 33165068 m2 1596310 -0.00113117078 0.5 p1 69384 8
8758 33165332 m2 4341919 -6.87568118e-08 0.5 p1 69388 8
4763 33166632 m2 2357694 -0.00461422373 0.5 p1 69405 8
75 33167198 m2 44984 -5.93023033e-05 0.5 p1 69414 8
7240 33168396 m2 3587593 -5.89285669e-08 0.5 p1 69430 8
7750 33168677 m2 3855065 -9.93704234e-05 0.5 p1 69433 8
5020 33169184 m2 2478472 -0.00257819961 0.5 p1 69440 8
7468 33169861 m2 3709060 -8.14927326e-09 0.5 p1 69449 8
131 33170312 m2 73049 -0.00742695341 0.5 p1 69455 8
5821 33170976 m2 2898943 -0.000170460044 0.5 p1 69464 8
9043 33171371 m2 4474223 -0.00317779183 0.5 p1 69469 8
3954 33171581 m2 1971550 -0.00273424853 0.5 p1 69472 8
5562 33172680 m2 2771455 -5.81837885e-05 0.5 p1 69487 8
57 33172911 m2 37789 -0.00029691169 0.5 p1 69491 8
3314 33173632 m2 1662568 -0.00131321279 0.5 p1 69500 8
2003 33173983 m2 1022728 -0.00180338579 0.5 p1 69505 8
1134 33174278 m2 585220 -0.0115654096 0.5 p1 69510 8
4507 33174473 m2 2239343 -0.00135481847 0.5 p1 69513 8
1706 33174609 m2 867564 -0.00705213984 0.5 p1 69515 8
4295 33175432 m2 2148209 -4.0976247e-05 0.5 p1 69527 8
95 33175487 m2 55924 -0.00212495751 0.5 p1 69527 8
5990 33175953 m2 2984098 -2.86438117e-05 0.5 p1 69534 8
2406 33177328 m2 1220776 -1.37896241e-05 0.5 p1 69554 8
635 33179021 m2 329293 -0.000461835036 0.5 p1 69579 8
5269 33179665 m2 2619620 -0.000823624607 0.5 p1 69589 8
2033 33179841 m2 1039996 -2.86049641e-07 0.5 p1 69592 8
3306 33180177 m2 1657456 -9.60763282e-05 0.5 p1 69597 8
7616 33180189 m2 3784346 -6.77951562e-08 0.5 p1 69597 8
7174 33180285 m2 3560671 -0.00503147393 0.5 p1 69598 8
9453 33180516 m2 4673200 -0.00504188053 0.5 p1 69601 8
1200 33181539 m2 615223 -7.16463401e-05 0.5 p1 69616 8
9136 33181798 m2 4516899 -0.0067633898 0.5 p1 69620 8
6644 33181879 m2 3296782 -5.08227959e-06 0.5 p1 69621 8
5650 33182048 m2 2809426 -8.93067117e-05 0.5 p1 69624 8
2706 33182554 m2 1366484 -0.00698474981 0.5 p1 69632 8
6732 33183267 m2 3346114 -0.000299054111 0.5 p1 69643 8
3127 33184101 m2 1569974 -4.64228767e-10 0.5 p1 69656 8
6541 33184201 m2 3243598 -4.49736959e-09 0.5 p1 69658 8
4222 33184352 m2 2112303 -0.00024929049 0.5 p1 69660 8
6022 33184472 m2 2997197 -4.03403328e-06 0.5 p1 69661 8
8909 33184771 m2 4416753 -7.87924364e-05 0.5 p1 69667 8
8921 33184772 m2 4419545 -1.97582935e-07 0.5 p1 69667 8
5875 33184868 m2 2927176 -4.9095238e-06 0.5 p1 69669 8
3409 33184889 m2 1708698 -0.000375831587 0.5 p1 69669 8
548 33184957 m2 284534 -0.0127296373 0.5 p1 69670 8
1878 33185615 m2 956748 -8.00625639e-06 0.5 p1 69680 8
3611 33186686 m2 1809636 -1.33891172e-05 0.5 p1 69698 8
9205 33187523 m2 4546337 -2.69216827e-07 0.5 p1 69712 8
826 33187798 m2 425327 -0.00268444582 0.5 p1 69718 8
2299 33188199 m2 1169917 -0.0111213587 0.5 p1 69724 8
8546 33189105 m2 4239055 -0.000599681924 0.5 p1 69738 8
4519 33189234 m2 2247521 -0.00122076343 0.5 p1 69739 8
5908 33189326 m2 2943543 -0.00912185106 0.5 p1 69741 8
909 33189858 m2 472443 -0.00195750245 0.5 p1 69749 8
1409 33189948 m2 716861 -0.00400608964 0.5 p1 69750 8
2498 33189963 m2 1269759 -0.00198361045 0.5 p1 69751 8
9496 33190529 m2 4693360 -3.75650682e-12 0.5 p1 69759 8
7921 33192146 m2 3933333 -8.87915803e-08 0.5 p1 69784 8
3982 33192970 m2 1985781 -0.000197463931 0.5 p1 69797 8
4617 33193031 m2 2287520 -9.78023107e-10 0.5 p1 69797 8
3510 33193063 m2 1755340 -9.04612534e-05 0.5 p1 69798 8
3640 33193241 m2 1818585 -0.00048995926 0.5 p1 69801 8
5369 33193830 m2 2669732 -0.00019658728 0.5 p1 69811 8
4839 33194081 m2 2391193 -1.99711099e-06 0.5 p1 69814 8
9197 33194389 m2 4544259 -1.24575773e-12 0.5 p1 69818 8
2204 33194469 m2 1123880 -0.00135540089 0.5 p1 69820 8
2723 33194535 m2 1373339 -0.000171679407 0.5 p1 69821 8
652 33195108 m2 337708 -0.00529390061 0.5 p1 69830 8
7990 33195283 m2 3957860 -0.000619484403 0.5 p1 69833 8
8482 33195881 m2 4207765 -0.00571047049 0.5 p1 69843 8
3273 33196316 m2 1640592 -1.5926544e-07 0.5 p1 69850 8
1337 33197138 m2 680339 -8.14733085e-07 0.5 p1 69863 8
1216 33197221 m2 622526 -5.98994143e-09 0.5 p1 69864 8
9319 33197233 m2 4607350 -1.30978799e-06 0.5 p1 69864 8
3795 33197252 m2 1902472 -6.4148592e-10 0.5 p1 69865 8
2203 33197927 m2 1123354 -4.52216409e-05 0.5 p1 69875 8
9968 33198555 m2 4936849 -0.00159721926 0.5 p1 69886 8
4399 33198592 m2 2194144 -1.74065633e-06 0.5 p1 69886 8
7804 33198990 m2 3880435 -2.19037502e-05 0.5 p1 69893 8
2007 33199182 m2 1025685 -0.00122607918 0.5 p1 69896 8
257 33199730 m2 130499 -0.00856534857 0.5 p1 69906 8
7254 33200093 m2 3595937 -2.65240825e-08 0.5 p1 69912 8
32 33200734 m2 19141 -1.07730091e-06 0.5 p1 69922 8
6442 33201225 m2 3191540 -7.54266657e-05 0.5 p1 69931 8
7688 33202857 m2 3823421 -1.0072712e-05 0.5 p1 69958 8
6244 33203206 m2 3099392 -1.99843614e-10 0.5 p1 69964 8
1798 33203287 m2 911510 -2.43753448e-07 0.5 p1 69966 8
6338 33203725 m2 3144754 -0.000179474431 0.5 p1 69973 8
5347 33203756 m2 2661782 -0.000221324735 0.5 p1 69974 8
3448 33203989 m2 1727446 -0.000391400099 0.5 p1 69978 8
284 33204403 m2 145950 -1.31228617e-09 0.5 p1 69985 8
4367 33204695 m2 2181542 -0.000682914339 0.5 p1 69990 8
8802 33205620 m2 4364310 -4.15620452e-05 0.5 p1 70006 8
261 33205818 m2 132374 -8.3320828e-10 0.5 p1 70009 8
8248 33206043 m2 4089803 -6.72686801e-05 0.5 p1 70013 8
4567 33206175 m2 2267187 -4.17517731e-06 0.5 p1 70015 8
8904 33206178 m2 4414610 -2.90043226e-05 0.5 p1 70015 8
6830 33206237 m2 3393546 -0.00328203687 0.5 p1 70016 8
8911 33206400 m2 4417466 -0.000437004375 0.5 p1 70019 8
1646 33206785 m2 832266 -1.19976921e-05 0.5 p1 70026 8
6432 33207049 m2 3185960 -9.22800044e-15 0.5 p1 70032 8
6262 33207120 m2 3108698 -0.00514158839 0.5 p1 70033 8
3202 33207231 m2 1608693 -0.00357389706 0.5 p1 70035 8
5553 33207258 m2 2764895 -1.45190097e-05 0.5 p1 70036 8
285 33207304 m2 147366 -0.00335386465 0.5 p1 70036 8
291 33207331 m2 151432 -0.000147848186 0.5 p1 70037 8
8136 33207410 m2 4025219 -1.46499235e-06 0.5 p1 70039 8
7890 33207819 m2 3917247 -0.00116058742 0.5 p1 70046 8
9711 33208130 m2 4807545 -1.03618252e-08 0.5 p1 70051 8
2201 33208579 m2 1123089 -1.05425233e-05 0.5 p1 70059 8
5455 33208942 m2 2714050 -0.00220472692 0.5 p1 70064 8
719 33209572 m2 372643 -0.00172031275 0.5 p1 70076 8
9732 33209686 m2 4816678 -0.00345849106 0.5 p1 70078 8
691 33210082 m2 356435 -1.30619483e-05 0.5 p1 70085 8
3030 33210193 m2 1528738 -1.33021076e-05 0.5 p1 70087 8
3796 33210424 m2 1902876 -3.1165564e-07 0.5 p1 70091 8
3434 33210662 m2 1720118 -0.0170490574 0.5 p1 70095 8
9226 33210823 m2 4556518 -7.54298242e-07 0.5 p1 70098 8
2506 33210937 m3 1274112 0.0016413572 0.5 p1 70100 8
4697 33211436 m2 2324827 -0.00125908374 0.5 p1 70110 8
2340 33211444 m2 1194319 -3.54743745e-09 0.5 p1 70110 8
9375 33211505 m2 4634295 -0.00237650564 0.5 p1 70111 8
9069 33211834 m2 4483708 -3.60593162e-07 0.5 p1 70116 8
2428 33212202 m2 1232837 -3.97368894e-05 0.5 p1 70123 8
8002 33212231 m2 3961996 -0.0221753772 0.5 p1 70123 8
880 33213048 m2 455632 -6.93227264e-07 0.5 p1 70137 8
4186 33213210 m2 2094511 -0.000431285705 0.5 p1 70140 8
9450 33213288 m2 4671189 -2.60566721e-05 0.5 p1 70141 8
9380 33213904 m2 4637722 -2.96453884e-08 0.5 p1 70152 8
8789 33213951 m2 4358363 -1.25371378e-06 0.5 p1 70152 8
5151 33214175 m2 2554991 -0.00342911924 0.5 p1 70156 8
8512 33214485 m2 4222989 -0.000156602327 0.5 p1 70161 8
1553 33214614 m2 789829 -2.87769922e-06 0.5 p1 70163 8
4237 33214862 m2 2122213 -0.00909695495 0.5 p1 70168 8
875 33214873 m2 453948 -0.000305872207 0.5 p1 70168 8
8359 33215112 m2 4148442 -0.00107030303 0.5 p1 70172 8
2180 33215752 m2 1115191 -9.37100504e-06 0.5 p1 70183 8
1025 33215780 m2 527561 -0.000723484496 0.5 p1 70183 8
9914 33215921 m2 4913139 -1.23388133e-07 0.5 p1 70186 8
9154 33216205 m2 4523119 -3.85955104e-07 0.5 p1 70191 8
10003 33216236 m2 4956467 -7.71421526e-07 0.5 p1 70191 8
3849 33216420 m2 1929281 -4.18853015e-05 0.5 p1 70195 8
3151 33216429 m2 1582531 -1.98305497e-06 0.5 p1 70195 8
8844 33216642 m2 4385229 -0.00850466546 0.5 p1 70199 8
4855 33216970 m2 2397145 -0.000277707091 0.5 p1 70205 8
10100 33217278 m2 4998574 -1.17653476e-09 0.5 p1 70210 8
9419 33217515 m2 4652707 -0.00271426421 0.5 p1 70214 8
9871 33217961 m2 4894936 -1.08168151e-05 0.5 p1 70222 8
9010 33218005 m2 4455006 -3.94383096e-06 0.5 p1 70223 8
2049 33218119 m2 1050352 -8.89375329e-08 0.5 p1 70225 8
8387 33218138 m2 4160016 -0.000580646796 0.5 p1 70225 8
4001 33218437 m2 1995759 -0.000168630504 0.5 p1 70230 8
148 33218646 m2 79736 -0.00113382097 0.5 p1 70234 8
2918 33218755 m2 1467267 -4.69817081e-07 0.5 p1 70236 8
535 33219140 m2 275677 -8.81345443e-07 0.5 p1 70242 8
8701 33219494 m2 4313639 -4.08161696e-07 0.5 p1 70249 8
3540 33219603 m2 1770084 -6.71652174e-08 0.5 p1 70251 8
3870 33220850 m2 1936627 -3.61835228e-05 0.5 p1 70272 8
9145 33221001 m2 4519607 -0.0082295239 0.5 p1 70275 8
5734 33221724 m2 2855102 -0.000824725663 0.5 p1 70289 8
1509 33221954 m2 770369 -0.00289565814 0.5 p1 70294 8
4377 33222277 m2 2186137 -0.00107691844 0.5 p1 70300 8
2279 33222582 m2 1160416 -9.94879429e-06 0.5 p1 70305 8
215 33222587 m2 114310 -5.01410524e-10 0.5 p1 70305 8
825 33223929 m2 425172 -2.93271199e-07 0.5 p1 70331 8
6599 33223995 m2 3277206 -0.00426905509 0.5 p1 70332 8
1546 33224189 m2 786496 -8.21981814e-07 0.5 p1 70335 8
644 33224369 m2 334991 -0.000109231187 0.5 p1 70339 8
5057 33224662 m2 2500347 -6.66512619e-07 0.5 p1 70344 8
4648 33225050 m2 2300947 -0.00102022674 0.5 p1 70351 8
169 33225515 m2 92718 -2.46302716e-06 0.5 p1 70360 8
4903 33225520 m2 2422805 -0.000100356519 0.5 p1 70360 8
4720 33226449 m2 2337253 -0.00153016613 0.5 p1 70378 8
4772 33226450 m2 2361714 -0.00014698827 0.5 p1 70378 8
2308 33226545 m2 1174301 -0.0144156776 0.5 p1 70380 8
6664 33226828 m2 3308731 -0.000221660041 0.5 p1 70386 8
2739 33227073 m2 1378197 -2.93482685e-06 0.5 p1 70390 8
2962 33227318 m2 1492752 -2.02572755e-05 0.5 p1 70394 8
4914 33227578 m2 2429302 -8.85856061e-05 0.5 p1 70399 8
2743 33227653 m2 1380015 -0.000175472043 0.5 p1 70400 8
84 33227701 m2 49341 -0.00205454812 0.5 p1 70401 8
1326 33228109 m2 675630 -0.000197786008 0.5 p1 70409 8
5039 33228354 m2 2493472 -7.65430286e-06 0.5 p1 70414 8
9358 33228728 m2 4625774 -0.000340059283 0.5 p1 70420 8
3554 33228934 m2 1777564 -0.00303788646 0.5 p1 70424 8
3063 33228957 m2 1542778 -0.00819664914 0.5 p1 70424 8
5647 33229322 m2 2808864 -1.23555766e-09 0.5 p1 70431 8
1225 33229438 m2 625786 -2.05023696e-07 0.5 p1 70434 8
3635 33229453 m2 1817134 -0.00208754023 0.5 p1 70434 8
5087 33229635 m2 2516739 -1.56451227e-10 0.5 p1 70438 8
1156 33229994 m2 597668 -0.00555982627 0.5 p1 70445 8
859 33230079 m2 446053 -0.000978916069 0.5 p1 70447 8
8232 33230081 m2 4077370 -2.14043712e-06 0.5 p1 70447 8
4891 33230425 m2 2417839 -1.54799436e-05 0.5 p1 70453 8
721 33230477 m2 372988 -2.97169822e-06 0.5 p1 70454 8
4269 33231299 m2 2136807 -0.00926275738 0.5 p1 70470 8
4698 33231433 m2 2325162 -0.000133787995 0.5 p1 70473 8
6352 33231548 m2 3151137 -0.00830936804 0.5 p1 70475 8
66 33231690 m2 41358 -0.000359180674 0.5 p1 70477 8
914 33231976 m2 474423 -0.000209184291 0.5 p1 70483 8
4081 33232051 m2 2040690 -5.38158709e-08 0.5 p1 70484 8
1321 33232352 m2 672937 -3.17868194e-06 0.5 p1 70490 8
3933 33232354 m2 1961742 -2.06665663e-05 0.5 p1 70490 8
2791 33232632 m2 1399561 -1.2776967e-11 0.5 p1 70495 8
8024 33233165 m2 3972064 -0.000829121098 0.5 p1 70506 8
3295 33233289 m2 1650917 -1.45467247e-05 0.5 p1 70508 8
9008 33233394 m2 4454475 -2.05974873e-11 0.5 p1 70510 8
4876 33234021 m2 2412720 -5.96999371e-06 0.5 p1 70522 8
6523 33234285 m2 3233235 -9.51759262e-07 0.5 p1 70527 8
6944 33234547 m2 3443237 -0.0146197183 0.5 p1 70531 8
2194 33234566 m2 1120422 -1.19602719e-05 0.5 p1 70532 8
8425 33235212 m2 4180153 -3.24813391e-06 0.5 p1 70544 8
7223 33235494 m2 3581502 -6.58728139e-09 0.5 p1 70550 8
2025 33235930 m2 1036271 -6.72008582e-06 0.5 p1 70558 8
6678 33236388 m2 3312813 -0.00339039299 0.5 p1 70567 8
3950 33237015 m2 1971007 -0.00176218455 0.5 p1 70581 8
9656 33237463 m2 4776583 -2.45322917e-05 0.5 p1 70590 8
7350 33237841 m2 3643153 -3.79273324e-08 0.5 p1 70598 8
3838 33237861 m2 1923612 -2.35610322e-08 0.5 p1 70598 8
3824 33238506 m2 1916042 -0.00079496199 0.5 p1 70613 8
6874 33238612 m2 3410859 -0.00317325909 0.5 p1 70615 8
4789 33239294 m2 2368304 -1.11824818e-07 0.5 p1 70629 8
6970 33239645 m2 3452222 -1.12040318e-07 0.5 p1 70636 8
8703 33239852 m2 4314394 -3.99503763e-10 0.5 p1 70640 8
7351 33240156 m2 3643318 -0.000281770277 0.5 p1 70645 8
8757 33240604 m3 4341358 0.0012254162 0.5 p1 70655 8
8525 33240804 m2 4228484 -0.000898879836 0.5 p1 70659 8
8349 33240844 m2 4144458 -0.000267371361 0.5 p1 70660 8
7462 33240875 m2 3705421 -3.32672607e-05 0.5 p1 70660 8
3952 33241731 m2 1971325 -0.00120262045 0.5 p1 70677 8
70 33241954 m2 42517 -0.00762427645 0.5 p1 70681 8
2158 33242109 m2 1105412 -5.94588245e-15 0.5 p1 70684 8
8663 33242268 m2 4295427 -3.58869147e-05 0.5 p1 70687 8
1726 33242292 m2 875785 -1.32180012e-05 0.5 p1 70687 8
9840 33242746 m2 4875548 -0.000382640748 0.5 p1 70697 8
9108 33242876 m2 4507568 -0.000791752129 0.5 p1 70699 8
1192 33243157 m2 610084 -0.00112060015 0.5 p1 70705 8
1560 33243244 m2 793339 -1.57634731e-05 0.5 p1 70707 8
5312 33243459 m2 2639847 -0.000145608574 0.5 p1 70711 8
6359 33244091 m2 3153245 -0.000463674252 0.5 p1 70724 8
8862 33244331 m2 4396085 -5.57486856e-05 0.5 p1 70729 8
4849 33244382 m2 2394885 -2.87669038e-11 0.5 p1 70729 8
3937 33244606 m2 1962520 -0.00585239148 0.5 p1 70733 8
1244 33244610 m2 636122 -0.00017248551 0.5 p1 70734 8
8542 33244869 m2 4237563 -4.13785938e-06 0.5 p1 70739 8
3582 33244923 m2 1794217 -0.000362989784 0.5 p1 70740 8
1827 33245000 m2 927330 -0.00200060476 0.5 p1 70742 8
1766 33245231 m2 895513 -0.00263742986 0.5 p1 70746 8
4690 33245353 m2 2322757 -7.29814201e-06 0.5 p1 70749 8
2255 33245362 m2 1147888 -8.99314784e-07 0.5 p1 70749 8
5583 33245892 m2 2779782 -0.00936248433 0.5 p1 70759 8
715 33245925 m2 369500 -0.000524863193 0.5 p1 70759 8
5165 33245960 m2 2566870 -4.74569418e-07 0.5 p1 70760 8
7521 33246033 m2 3733311 -0.00210518343 0.5 p1 70762 8
3691 33246247 m2 1845625 -0.0130443629 0.5 p1 70766 8
5115 33246367 m2 2534240 -3.40044835e-06 0.5 p1 70768 8
5891 33246375 m2 2934314 -0.00202435278 0.5 p1 70768 8
9760 33247544 m2 4828242 -0.00144666166 0.5 p1 70794 8
2145 33248157 m2 1097982 -0.000522619404 0.5 p1 70808 8
6774 33248182 m2 3368277 -0.000174835805 0.5 p1 70809 8
6251 33248449 m2 3103082 -0.00166837079 0.5 p1 70814 8
1364 33248865 m2 693929 -5.44108616e-07 0.5 p1 70825 8
6325 33248938 m2 3139513 -1.12391181e-08 0.5 p1 70827 8
6326 33249001 m2 3139561 -6.76733471e-05 0.5 p1 70828 8
7777 33249082 m2 3865174 -0.000152917302 0.5 p1 70830 8
2178 33249162 m2 1115078 -3.54423918e-07 0.5 p1 70832 8
9252 33249541 m2 4567529 -0.00089089619 0.5 p1 70840 8
3437 33250156 m2 1722005 -0.000851648976 0.5 p1 70853 8
590 33250321 m2 305579 -1.23324355e-06 0.5 p1 70856 8
2320 33250558 m2 1180662 -0.00240030023 0.5 p1 70862 8
8441 33250902 m2 4188191 -2.01771104e-06 0.5 p1 70869 8
2591 33250937 m2 1310648 -0.00032647833 0.5 p1 70870 8
7906 33250956 m2 3924066 -2.48594915e-07 0.5 p1 70871 8
5640 33251974 m2 2805731 -0.00030216208 0.5 p1 70892 8
9896 33251975 m2 4902881 -0.00133655022 0.5 p1 70892 8
5627 33252332 m2 2797635 -0.000869146897 0.5 p1 70900 8
9631 33252364 m2 4763515 -0.000412515335 0.5 p1 70900 8
1495 33252389 m2 762452 -0.00285801734 0.5 p1 70901 8
4551 33252609 m2 2262151 -7.63607577e-09 0.5 p1 70905 8
4410 33252626 m2 2198725 -2.05846045e-05 0.5 p1 70906 8
4912 33252785 m2 2428174 -3.70058643e-07 0.5 p1 70909 8
4087 33252876 m2 2045016 -7.96163988e-08 0.5 p1 70910 8
664 33253107 m2 344177 -1.14223565e-06 0.5 p1 70915 8
637 33253231 m2 329726 -0.00118354859 0.5 p1 70918 8
4234 33253650 m2 2120722 -6.49607537e-05 0.5 p1 70927 8
3444 33253654 m2 1725054 -5.18693605e-06 0.5 p1 70927 8
4729 33253716 m2 2340289 -5.11917051e-07 0.5 p1 70929 8
8001 33253790 m2 3961950 -0.000890052586 0.5 p1 70930 8
507 33253794 m2 263857 -1.25279298e-08 0.5 p1 70930 8
480 33253829 m2 248720 -1.49561473e-07 0.5 p1 70931 8
5968 33254505 m2 2970448 -1.71308602e-06 0.5 p1 70945 8
5482 33254506 m2 2728003 -9.79769811e-06 0.5 p1 70945 8
8718 33254734 m2 4320989 -0.00156937703 0.5 p1 70950 8
1146 33254932 m2 591303 -1.91765871e-14 0.5 p1 70955 8
5247 33255247 m2 2611885 -1.39360438e-07 0.5 p1 70962 8
4744 33255508 m2 2346529 -0.00508646434 0.5 p1 70966 8
2980 33255548 m2 1503813 -0.0032401036 0.5 p1 70967 8
4417 33255715 m2 2201978 -0.000540530658 0.5 p1 70971 8
7566 33255806 m2 3758987 -2.34844356e-05 0.5 p1 70974 8
4048 33255867 m2 2022125 -0.00035250315 0.5 p1 70975 8
9457 33255984 m2 4675234 -0.00707044452 0.5 p1 70977 8
1012 33256031 m2 520971 -1.09931598e-07 0.5 p1 70978 8
9518 33256122 m2 4701697 -3.08563797e-09 0.5 p1 70980 8
7540 33256229 m2 3744741 -0.000828767603 0.5 p1 70982 8
470 33256313 m2 245612 -0.00782271009 0.5 p1 70984 8
5587 33256534 m2 2781074 -4.99561326e-09 0.5 p1 70990 8
7644 33256539 m2 3801052 -0.00216271007 0.5 p1 70990 8
663 33256665 m2 342621 -0.000516655913 0.5 p1 70993 8
2586 33256897 m2 1308354 -1.89285947e-06 0.5 p1 70998 8
6287 33257141 m3 3117736 0.000653246418 0.5 p1 71004 8
6019 33257393 m2 2994840 -0.00030378197 0.5 p1 71009 8
5130 33257455 m2 2542055 -0.000231734448 0.5 p1 71011 8
6223 33257871 m2 3090186 -2.82952661e-09 0.5 p1 71020 8
1008 33257955 m2 519534 -1.8722294e-05 0.5 p1 71021 8
9733 33258575 m2 4816775 -0.00845460128 0.5 p1 71035 8
2833 33258969 m2 1425150 -6.81952733e-05 0.5 p1 71044 8
5416 33259634 m2 2694134 -0.00405535847 0.5 p1 71058 8
9472 33259676 m2 4680774 -4.00294065e-09 0.5 p1 71059 8
133 33259697 m2 73711 -0.000170194922 0.5 p1 71059 8
957 33259769 m2 496354 -5.83058318e-05 0.5 p1 71061 8
8279 33259828 m2 4113011 -1.76124644e-07 0.5 p1 71062 8
6072 33259845 m2 3020564 -0.000753804285 0.5 p1 71063 8
9463 33259872 m2 4677560 -9.27837807e-09 0.5 p1 71063 8
8702 33260146 m2 4314340 -9.79174969e-21 0.5 p1 71068 8
1647 33260155 m2 832311 -3.37754239e-15 0.5 p1 71069 8
4274 33260310 m2 2138336 -0.00241091312 0.5 p1 71072 8
4716 33260441 m2 2334676 -1.42006447e-05 0.5 p1 71074 8
46 33261000 m2 30719 -0.000127963474 0.5 p1 71085 8
5128 33261090 m2 2540643 -0.000100521531 0.5 p1 71087 8
2209 33261139 m2 1126505 -4.76674864e-15 0.5 p1 71088 8
8337 33261297 m2 4136402 -4.08222695e-05 0.5 p1 71092 8
9859 33261331 m2 4887382 -0.000778399641 0.5 p1 71093 8
138 33261949 m2 75640 -1.73155058e-05 0.5 p1 71108 8
718 33262094 m2 371996 -8.46362127e-07 0.5 p1 71112 8
6198 33262311 m2 3083177 -4.31079388e-06 0.5 p1 71117 8
7722 33262332 m2 3839407 -7.66552421e-06 0.5 p1 71117 8
9534 33262413 m2 4711794 -0.00117743539 0.5 p1 71119 8
1729 33262593 m2 877580 -1.5175433e-06 0.5 p1 71123 8
6201 33262857 m2 3083768 -2.69581163e-10 0.5 p1 71129 8
8307 33262929 m2 4124689 -1.39767977e-07 0.5 p1 71130 8
3208 33263087 m2 1609899 -0.000544525683 0.5 p1 71133 8
9011 33263865 m2 4455418 -2.08638667e-07 0.5 p1 71150 8
9823 33264351 m2 4867433 -7.34686978e-08 0.5 p1 71160 8
9984 33264666 m2 4945812 -0.000191929124 0.5 p1 71169 8
3134 33265435 m2 1575010 -0.00128065946 0.5 p1 71186 8
5710 33265524 m2 2843287 -4.01784964e-05 0.5 p1 71188 8
681 33265639 m2 351753 -8.06369826e-06 0.5 p1 71191 8
8280 33265682 m2 4114348 -0.000293674704 0.5 p1 71192 8
8937 33265879 m2 4426268 -0.000133360154 0.5 p1 71197 8
9065 33265898 m2 4482587 -2.93868974e-09 0.5 p1 71197 8
3643 33266311 m2 1820251 -0.000442974473 0.5 p1 71207 8
4847 33266325 m2 2394739 -0.00235725101 0.5 p1 71207 8
9364 33266685 m2 4628653 -1.05630733e-07 0.5 p1 71215 8
545 33266709 m2 282511 -3.99310437e-07 0.5 p1 71216 8
7146 33267138 m2 3541443 -1.41215021e-14 0.5 p1 71226 8
5551 33267312 m2 2764513 -0.00984164514 0.5 p1 71230 8
8735 33267783 m2 4333329 -1.09512757e-05 0.5 p1 71241 8
5809 33268132 m2 2891316 -0.00308047864 0.5 p1 71249 8
9807 33268139 m2 4860783 -0.00658122776 0.5 p1 71250 8
7014 33268163 m2 3473898 -0.000165425008 0.5 p1 71250 8
3855 33268217 m2 1930992 -2.76457849e-05 0.5 p1 71252 8
1297 33268344 m2 664060 -1.50062107e-07 0.5 p1 71255 8
7180 33268377 m2 3563847 -0.0200497992 0.5 p1 71256 8
1108 33268548 m2 570514 -5.21196089e-05 0.5 p1 71260 8
2699 33268603 m2 1362599 -6.08612083e-07 0.5 p1 71261 8
2312 33268661 m2 1175017 -0.00111834437 0.5 p1 71263 8
4743 33268672 m2 2346520 -0.0379160829 0.5 p1 71263 8
6014 33268673 m2 2991756 -0.0178569499 0.5 p1 71263 8
1907 33268894 m2 971393 -0.00443408685 0.5 p1 71268 8
8078 33268962 m2 3996622 -5.07966173e-13 0.5 p1 71270 8
7262 33269250 m2 3599423 -1.04387777e-06 0.5 p1 71277 8
3207 33269487 m2 1609832 -0.00441102497 0.5 p1 71282 8
175 33269676 m2 95332 -0.0012741182 0.5 p1 71286 8
2681 33270363 m2 1355889 -0.00776057085 0.5 p1 71305 8
6539 33270915 m2 3242370 -0.000101133155 0.5 p1 71318 8
1181 33271692 m2 605717 -1.55373868e-07 0.5 p1 71339 8
2370 33271694 m2 1203538 -4.73270984e-06 0.5 p1 71339 8
430 33271699 m2 225012 -0.00200586068 0.5 p1 71339 8
5159 33271869 m2 2561755 -0.000646402477 0.5 p1 71344 8
2497 33271997 m2 1269727 -1.21974165e-06 0.5 p1 71347 8
4284 33272180 m2 2142032 -0.00311875041 0.5 p1 71351 8
3512 33272188 m2 1755686 -2.15942441e-06 0.5 p1 71351 8
4781 33272197 m2 2364190 -1.51429276e-06 0.5 p1 71352 8
6935 33273062 m2 3437482 -2.10508351e-05 0.5 p1 71375 8
3387 33273496 m2 1695090 -2.64114397e-10 0.5 p1 71387 8
9851 33273701 m2 4883449 -7.70418701e-05 0.5 p1 71392 8
9582 33274170 m2 4734988 -4.39108419e-07 0.5 p1 71404 8
4991 33274187 m2 2465111 -0.00175628799 0.5 p1 71405 8
5578 33274219 m2 2777567 -0.00545062032 0.5 p1 71406 8
4201 33274250 m2 2101029 -0.00128743716 0.5 p1 71406 8
7082 33274994 m2 3507128 -0.000155663438 0.5 p1 71427 8
4509 33275052 m2 2239454 -9.16657518e-06 0.5 p1 71428 8
5787 33275206 m2 2879073 -0.00650555827 0.5 p1 71432 8
3010 33275399 m2 1516122 -0.000499183894 0.5 p1 71437 8
1943 33275711 m2 994088 -2.37304165e-12 0.5 p1 71445 8
2983 33275720 m2 1506645 -0.000330027629 0.5 p1 71445 8
5959 33275794 m2 2967209 -8.76004342e-05 0.5 p1 71447 8
9343 33276075 m2 4619748 -0.0158845596 0.5 p1 71454 8
4378 33276100 m2 2186151 -0.000625142595 0.5 p1 71455 8
8790 33276102 m2 4358844 -0.00710478565 0.5 p1 71455 8
10080 33276178 m2 4984948 -1.56036958e-06 0.5 p1 71457 8
29 33276389 m2 17140 -0.0028871668 0.5 p1 71463 8
8638 33276404 m2 4282890 -0.000924526074 0.5 p1 71463 8
4395 33276543 m2 2191933 -0.0031777753 0.5 p1 71467 8
9190 33276820 m2 4541379 -0.000321872853 0.5 p1 71475 8
2573 33277054 m2 1303150 -0.00266214716 0.5 p1 71481 8
2759 33277066 m2 1386372 -0.00136122317 0.5 p1 71481 8
8395 33277262 m2 4163728 -0.00013107757 0.5 p1 71486 8
7741 33277413 m2 3850353 -0.000633289805 0.5 p1 71490 8
3424 33277580 m2 1715898 -0.0317211226 0.5 p1 71494 8
1081 33277914 m2 560391 -0.00405753078 0.5 p1 71503 8
5132 33278079 m2 2543449 -1.17727968e-05 0.5 p1 71507 8
3913 33278581 m2 1953878 -0.0157070849 0.5 p1 71520 8
5353 33279023 m2 2664044 -8.9967898e-07 0.5 p1 71533 8
811 33279226 m2 416126 -2.70353791e-11 0.5 p1 71538 8
6495 33279255 m2 3218596 -0.0179141704 0.5 p1 71539 8
5517 33279704 m2 2748527 -0.000433482986 0.5 p1 71553 8
7167 33280002 m2 3556973 -0.000436775415 0.5 p1 71561 8
7747 33280332 m2 3853138 -8.4242738e-06 0.5 p1 71571 8
6658 33280511 m2 3305263 -1.22438169e-05 0.5 p1 71576 8
2117 33280562 m2 1080993 -0.0101929009 0.5 p1 71577 8
8084 33281342 m2 3999585 -8.88894938e-05 0.5 p1 71600 8
1467 33281788 m2 745697 -0.00251253159 0.5 p1 71613 8
3320 33281789 m2 1663728 -1.34038328e-06 0.5 p1 71613 8
4770 33281856 m2 2360804 -1.89067705e-07 0.5 p1 71615 8
4630 33281915 m2 2291123 -8.19931156e-05 0.5 p1 71617 8
9867 33281996 m2 4893353 -1.54552208e-06 0.5 p1 71619 8
2540 33282387 m2 1291778 -0.0079776654 0.5 p1 71631 8
3894 33282602 m2 1948462 -2.2029243e-11 0.5 p1 71637 8
9321 33282645 m3 4608244 0.000497187197 0.5 p1 71638 8
15 33282818 m2 8212 -0.0184541289 0.5 p1 71644 8
8427 33282905 m2 4181524 -2.2621889e-06 0.5 p1 71647 8
3606 33283135 m2 1805216 -0.00423661992 0.5 p1 71654 8
226 33283282 m2 116814 -2.71162749e-16 0.5 p1 71659 8
6317 33283293 m2 3135243 -0.000293266028 0.5 p1 71659 8
384 33283427 m2 200552 -0.000502021634 0.5 p1 71663 8
8072 33283531 m2 3995242 -0.000881712884 0.5 p1 71666 8
9014 33283648 m2 4457159 -0.000985516468 0.5 p1 71670 8
3365 33283809 m2 1686197 -3.98725547e-07 0.5 p1 71675 8
9919 33283880 m2 4916119 -0.00182265299 0.5 p1 71677 8
4727 33284043 m2 2339404 -1.05844604e-08 0.5 p1 71682 8
7582 33284054 m2 3768853 -0.00193152414 0.5 p1 71683 8
4422 33284088 m2 2202600 -1.68694623e-05 0.5 p1 71684 8
9744 33284123 m2 4822315 -2.16078497e-05 0.5 p1 71685 8
65 33284332 m2 40690 -0.000331186282 0.5 p1 71691 8
1516 33284426 m2 773442 -3.62876654e-06 0.5 p1 71694 8
402 33284441 m2 210657 -0.000211565202 0.5 p1 71695 8
6411 33284494 m2 3175259 -1.46806542e-07 0.5 p1 71696 8
6507 33284657 m2 3224825 -5.2004154e-05 0.5 p1 71702 8
5456 33284738 m2 2714626 -9.68155437e-05 0.5 p1 71704 8
1083 33285147 m2 561056 -0.000364472682 0.5 p1 71716 8
4741 33285691 m2 2346387 -0.00615002308 0.5 p1 71731 8
8152 33285874 m2 4032458 -0.00284190034 0.5 p1 71737 8
1733 33286710 m2 879996 -0.000371788658 0.5 p1 71762 8
8352 33287304 m2 4145283 -0.00142843067 0.5 p1 71780 8
6176 33287406 m2 3070099 -0.00182418223 0.5 p1 71783 8
5432 33287882 m2 2702114 -2.76356928e-07 0.5 p1 71799 8
6950 33288264 m2 3445960 -0.00062449713 0.5 p1 71810 8
2113 33288306 m2 1079185 -4.50056941e-05 0.5 p1 71811 8
7461 33288367 m2 3705259 -5.03354604e-05 0.5 p1 71812 8
4271 33288489 m2 2137675 -0.00637186365 0.5 p1 71816 8
1071 33288979 m2 553067 -4.99583222e-11 0.5 p1 71832 8
4185 33289102 m2 2094507 -0.000323526911 0.5 p1 71835 8
9422 33289104 m2 4653134 -0.000182691176 0.5 p1 71835 8
3792 33289168 m2 1902151 -0.00465974957 0.5 p1 71838 8
5182 33289319 m2 2575433 -2.09901555e-06 0.5 p1 71843 8
1518 33289650 m2 773753 -7.79528548e-08 0.5 p1 71854 8
5629 33289689 m2 2798920 -0.00377862086 0.5 p1 71855 8
298 33289724 m2 152964 -0.000136551142 0.5 p1 71856 8
5309 33289907 m2 2639239 -0.000954110932 0.5 p1 71862 8
5620 33289908 m2 2795552 -4.2072574e-07 0.5 p1 71862 8
7995 33290129 m2 3959632 -5.68424312e-08 0.5 p1 71869 8
2105 33290211 m2 1076673 -2.17066986e-06 0.5 p1 71872 8
2019 33290508 m2 1033110 -0.0116951438 0.5 p1 71881 8
3432 33290633 m2 1718574 -6.70382069e-05 0.5 p1 71885 8
136 33290646 m2 74897 -7.18934389e-05 0.5 p1 71885 8
3501 33290691 m2 1749733 -0.0115794996 0.5 p1 71887 8
6085 33290722 m2 3028233 -0.000626316294 0.5 p1 71887 8
31 33290816 m2 18926 -0.000649267167 0.5 p1 71891 8
4973 33290902 m2 2456751 -6.6337816e-05 0.5 p1 71893 8
7781 33291224 m2 3867086 -2.53341404e-05 0.5 p1 71903 8
8796 33291586 m2 4360720 -4.08575797e-05 0.5 p1 71913 8
5773 33291710 m2 2874168 -0.00566767436 0.5 p1 71917 8
7430 33291772 m2 3687745 -6.17024398e-07 0.5 p1 71919 8
1822 33291794 m2 924092 -0.000104162602 0.5 p1 71920 8
7122 33291892 m2 3523414 -0.00111610652 0.5 p1 71923 8
1803 33291902 m2 914457 -0.0110791037 0.5 p1 71924 8
7136 33292188 m2 3532479 -5.46146331e-12 0.5 p1 71933 8
7720 33292320 m2 3838245 -0.000174846326 0.5 p1 71938 8
956 33292331 m2 495973 -3.93775917e-06 0.5 p1 71938 8
897 33292563 m2 466563 -3.86528882e-05 0.5 p1 71946 8
5066 33292974 m2 2506674 -2.3371183e-07 0.5 p1 71960 8
8153 33293080 m2 4033388 -1.01224634e-06 0.5 p1 71963 8
451 33293138 m2 237374 -9.96954077e-06 0.5 p1 71965 8
6304 33293547 m2 3123952 -0.00149256503 0.5 p1 71978 8
5285 33293588 m2 2628349 -0.000236392603 0.5 p1 71980 8
6422 33294131 m2 3181993 -1.98787552e-06 0.5 p1 71997 8
4931 33294242 m2 2437695 -0.00137991353 0.5 p1 72001 8
643 33294309 m3 334130 0.000186819176 0.5 p1 72002 8
267 33294373 m2 136247 -0.000784296775 0.5 p1 72004 8
3140 33294487 m2 1579335 -0.00152669149 0.5 p1 72008 8
3682 33294681 m2 1842200 -0.00023336224 0.5 p1 72015 8
6785 33295314 m2 3372394 -0.00207006652 0.5 p1 72036 8
8079 33295832 m2 3996947 -1.25005181e-05 0.5 p1 72053 8
8620 33295872 m2 4275558 -3.7645087e-08 0.5 p1 72054 8
4077 33296042 m2 2039548 -3.87701419e-07 0.5 p1 72059 8
6815 33296221 m2 3384042 -0.000186174293 0.5 p1 72066 8
8110 33296615 m2 4012860 -8.97227949e-07 0.5 p1 72080 8
2032 33296710 m2 1039691 -0.011124894 0.5 p1 72082 8
2024 33296914 m2 1035964 -0.00021786576 0.5 p1 72089 8
5574 33296998 m2 2776287 -0.00474279141 0.5 p1 72092 8
7945 33297106 m2 3940826 -7.73839056e-05 0.5 p1 72095 8
244 33297466 m2 124987 -5.35068309e-11 0.5 p1 72106 8
8265 33297770 m2 4101404 -0.0114220716 0.5 p1 72116 8
1051 33297867 m2 544891 -0.000246081181 0.5 p1 72118 8
2716 33297907 m2 1371271 -0.00209486997 0.5 p1 72119 8
530 33298027 m2 274121 -4.31388081e-09 0.5 p1 72123 8
3778 33298041 m2 1895240 -0.000413751521 0.5 p1 72124 8
5645 33298077 m2 2808343 -2.15369e-05 0.5 p1 72125 8
2999 33298113 m2 1511116 -1.66056182e-08 0.5 p1 72126 8
7511 33298269 m2 3728612 -1.37487837e-06 0.5 p1 72132 8
2649 33298292 m2 1342449 -7.65256027e-06 0.5 p1 72133 8
4547 33298626 m2 2260463 -0.00381790684 0.5 p1 72144 8
2847 33298642 m2 1430249 -2.3024897e-05 0.5 p1 72144 8
4039 33298752 m2 2015637 -0.000175290188 0.5 p1 72148 8
4633 33299011 m2 2291984 -3.99693563e-05 0.5 p1 72157 8
4863 33299175 m2 2402388 -0.00122652343 0.5 p1 72163 8
2336 33299177 m2 1191369 -1.10854694e-06 0.5 p1 72163 8
9697 33299780 m2 4796867 -4.33916966e-06 0.5 p1 72183 8
4467 33299856 m2 2221508 -0.000769965525 0.5 p1 72186 8
4953 33299857 m2 2448419 -0.00187476841 0.5 p1 72186 8
8063 33299895 m2 3992032 -0.0193276182 0.5 p1 72188 8
10015 33300185 m2 4960650 -9.50527053e-08 0.5 p1 72196 8
1493 33300252 m2 761169 -0.00160156505 0.5 p1 72199 8
9588 33300265 m2 4738957 -3.28308524e-05 0.5 p1 72199 8
2266 33300522 m2 1153234 -0.00948898587 0.5 p1 72207 8
5767 33300552 m2 2870737 -0.000325660571 0.5 p1 72209 8
5387 33300605 m2 2676709 -0.000828092394 0.5 p1 72210 8
9827 33300622 m2 4868384 -2.98100078e-09 0.5 p1 72211 8
7919 33300633 m2 3932422 -0.00123513059 0.5 p1 72211 8
5485 33300657 m2 2728271 -0.0106723895 0.5 p1 72212 8
4545 33300707 m2 2259730 -0.00428018253 0.5 p1 72214 8
9861 33300841 m2 4889128 -0.0107972156 0.5 p1 72218 8
8600 33300900 m2 4264479 -4.02135774e-05 0.5 p1 72220 8
9557 33301221 m2 4723482 -8.91712943e-07 0.5 p1 72231 8
9782 33301259 m2 4840876 -2.77856384e-06 0.5 p1 72232 8
3021 33301368 m2 1521168 -3.16779438e-06 0.5 p1 72236 8
6188 33301374 m2 3076354 -3.2288508e-06 0.5 p1 72236 8
2840 33301741 m2 1428448 -1.39157194e-07 0.5 p1 72250 8
6946 33301747 m2 3444212 -8.30250356e-05 0.5 p1 72250 8
8271 33301791 m2 4105051 -0.000370540743 0.5 p1 72251 8
229 33301974 m2 117958 -1.55705475e-05 0.5 p1 72258 8
5153 33302083 m2 2555261 -8.62717479e-06 0.5 p1 72262 8
5732 33302163 m2 2854466 -2.4882786e-06 0.5 p1 72265 8
6220 33302363 m2 3089700 -0.00446965126 0.5 p1 72271 8
5440 33302742 m2 2708822 -0.000948746921 0.5 p1 72285 8
8646 33302785 m2 4285995 -0.000648665417 0.5 p1 72287 8
2801 33303081 m2 1407200 -0.00176182529 0.5 p1 72298 8
5172 33303095 m2 2570914 -0.000698027317 0.5 p1 72298 8
2525 33303244 m2 1286455 -1.20779923e-05 0.5 p1 72303 8
5426 33303247 m2 2699798 -0.000511555292 0.5 p1 72303 8
3934 33303269 m2 1961790 -1.23325549e-07 0.5 p1 72304 8
8775 33303271 m2 4350972 -0.000339558872 0.5 p1 72304 8
1652 33303294 m2 836543 -0.0040084268 0.5 p1 72305 8
3713 33303302 m2 1858885 -0.0164731946 0.5 p1 72306 8
6505 33303395 m2 3223957 -2.08159705e-07 0.5 p1 72310 8
7939 33303514 m2 3938122 -0.000663431012 0.5 p1 72314 8
5915 33303558 m2 2947603 -1.20470304e-06 0.5 p1 72316 8
9355 33303619 m2 4625234 -1.04380388e-05 0.5 p1 72318 8
1808 33303728 m2 916432 -5.20839021e-05 0.5 p1 72323 8
7396 33303750 m2 3673213 -0.00512574892 0.5 p1 72323 8
1437 33303856 m2 729839 -3.66684139e-06 0.5 p1 72327 8
7933 33303857 m2 3937031 -1.81493487e-08 0.5 p1 72327 8
355 33304039 m2 185735 -2.80344494e-07 0.5 p1 72334 8
1973 33304096 m2 1007647 -5.79164043e-05 0.5 p1 72337 8
3789 33304172 m2 1900858 -0.00186198577 0.5 p1 72340 8
6975 33304576 m2 3455280 -8.54485479e-05 0.5 p1 72354 8
10032 33304711 m2 4967840 -3.45600856e-05 0.5 p1 72359 8
7299 33304748 m2 3617495 -0.000207647769 0.5 p1 72361 8
6103 33304843 m2 3034224 -0.00338365021 0.5 p1 72364 8
64 33305251 m2 39647 -0.000555215811 0.5 p1 72380 8
804 33305268 m2 412000 -0.000641863502 0.5 p1 72381 8
9837 33305346 m2 4874223 -0.000131730136 0.5 p1 72384 8
9667 33305479 m2 4782806 -0.000527141907 0.5 p1 72389 8
1612 33305552 m2 814914 -2.42599035e-05 0.5 p1 72391 8
9311 33305898 m2 4605124 -0.000499673712 0.5 p1 72406 8
6405 33306183 m2 3172526 -0.000798174646 0.5 p1 72417 8
7229 33306268 m2 3583070 -4.95518179e-05 0.5 p1 72420 8
4440 33306278 m2 2209786 -0.00131799595 0.5 p1 72420 8
7441 33306456 m2 3692621 -1.82153622e-06 0.5 p1 72427 8
4369 33306468 m2 2183086 -0.0002036566 0.5 p1 72428 8
5498 33306611 m2 2734687 -4.77516878e-05 0.5 p1 72434 8
5792 33306613 m2 2882069 -2.77773211e-07 0.5 p1 72434 8
5267 33306638 m2 2619514 -0.000257346284 0.5 p1 72435 8
3875 33306941 m2 1939135 -0.00248016999 0.5 p1 72447 8
7659 33307211 m2 3809682 -2.11741262e-05 0.5 p1 72459 8
8257 33307257 m2 4095811 -8.89350176e-08 0.5 p1 72460 8
3031 33307411 m2 1528754 -0.00014678856 0.5 p1 72466 8
4769 33307689 m2 2360484 -0.000130733402 0.5 p1 72477 8
6606 33308055 m2 3281823 -3.64284341e-12 0.5 p1 72492 8
7204 33308164 m2 3574885 -0.00160013244 0.5 p1 72497 8
8645 33308253 m2 4285825 -0.00479875458 0.5 p1 72499 8
3852 33308588 m2 1929652 -0.00491831591 0.5 p1 72510 8
7003 33308639 m2 3470775 -9.20119419e-06 0.5 p1 72513 8
6376 33308767 m2 3160753 -0.0257325582 0.5 p1 72517 8
4803 33308884 m2 2375338 -7.78567573e-06 0.5 p1 72523 8
9484 33308895 m2 4685694 -0.00395538658 0.5 p1 72523 8
5469 33309089 m2 2721046 -3.6839152e-05 0.5 p1 72531 8
2350 33309251 m2 1198588 -4.5446248e-07 0.5 p1 72537 8
8184 33309287 m2 4053638 -0.000101241312 0.5 p1 72539 8
7378 33309579 m2 3660592 -8.36983549e-09 0.5 p1 72551 8
3139 33309590 m2 1579128 -0.0134355491 0.5 p1 72552 8
722 33309757 m2 373256 -7.88788384e-05 0.5 p1 72560 8
6186 33309862 m2 3075730 -0.0398321785 0.5 p1 72564 8
3016 33310188 m2 1520104 -4.13900743e-05 0.5 p1 72575 8
9945 33310228 m2 4927743 -1.07586493e-05 0.5 p1 72577 8
5124 33310416 m2 2538224 -3.61520288e-05 0.5 p1 72583 8
4190 33310440 m2 2096111 -2.40893421e-08 0.5 p1 72584 8
4924 33310456 m2 2435432 -0.00133622857 0.5 p1 72584 8
4475 33310469 m2 2226578 -0.00150206499 0.5 p1 72585 8
6924 33310591 m2 3432752 -0.000986143365 0.5 p1 72589 8
8178 33310724 m2 4049636 -0.000426789047 0.5 p1 72595 8
8260 33310731 m2 4098669 -4.95133747e-07 0.5 p1 72595 8
9473 33310738 m2 4681228 -6.56212342e-06 0.5 p1 72595 8
965 33310743 m2 499232 -0.00286257709 0.5 p1 72596 8
7728 33310859 m2 3843854 -0.00437980192 0.5 p1 72601 8
6705 33310931 m2 3324286 -0.000366823049 0.5 p1 72602 8
1214 33310993 m2 621423 -0.000143830577 0.5 p1 72605 8
2163 33311140 m2 1107935 -0.00198904891 0.5 p1 72611 8
638 33311266 m2 332200 -1.27261114e-12 0.5 p1 72615 8
6328 33311509 m2 3139938 -0.00365472492 0.5 p1 72624 8
8946 33311564 m2 4428695 -0.000467403268 0.5 p1 72626 8
1923 33312215 m2 981272 -0.000931374612 0.5 p1 72650 8
7749 33312373 m2 3854343 -6.02550756e-07 0.5 p1 72657 8
1283 33312496 m2 655401 -0.0105657838 0.5 p1 72663 8
367 33312764 m2 191133 -0.00168302353 0.5 p1 72673 8
1477 33312834 m2 752131 -3.99478339e-10 0.5 p1 72675 8
4600 33312869 m2 2282525 -0.000366430235 0.5 p1 72677 8
2252 33312972 m2 1146751 -0.000702595862 0.5 p1 72680 8
2624 33313229 m2 1327966 -9.50859176e-05 0.5 p1 72691 8
2545 33313318 m2 1293683 -1.71558545e-09 0.5 p1 72694 8
1099 33313747 m2 566715 -1.65726821e-10 0.5 p1 72713 8
2998 33313760 m2 1511112 -0.000717978983 0.5 p1 72713 8
3612 33314360 m2 1810145 -4.15100294e-06 0.5 p1 72738 8
6076 33314489 m2 3023453 -3.05498288e-05 0.5 p1 72743 8
9015 33314502 m2 4457986 -0.00274250191 0.5 p1 72744 8
5673 33314504 m2 2824493 -1.09977109e-05 0.5 p1 72744 8
6653 33314608 m2 3303158 -1.83140928e-05 0.5 p1 72749 8
3153 33314613 m2 1583193 -0.00338143297 0.5 p1 72749 8
10004 33314674 m3 4956694 0.000843389425 0.5 p1 72751 8
8488 33314695 m2 4211890 -0.00122935325 0.5 p1 72752 8
7056 33314719 m2 3495307 -0.00477662822 0.5 p1 72754 8
307 33315067 m2 160571 -1.75795037e-07 0.5 p1 72769 8
600 33315077 m2 308791 -0.0146454582 0.5 p1 72769 8
5324 33315578 m2 2646933 -4.09385024e-08 0.5 p1 72789 8
9295 33315856 m2 4594267 -0.00896500796 0.5 p1 72799 8
2753 33315948 m2 1383232 -0.0173785537 0.5 p1 72803 8
8238 33316122 m2 4084856 -0.00445025042 0.5 p1 72811 8
6288 33316181 m2 3118079 -8.40612411e-05 0.5 p1 72815 8
9701 33316199 m2 4799041 -6.92848573e-07 0.5 p1 72815 8
9686 33316276 m2 4788718 -7.06177252e-06 0.5 p1 72819 8
4403 33316282 m2 2195388 -0.00824557524 0.5 p1 72819 8
7841 33316293 m2 3894396 -5.57475823e-06 0.5 p1 72820 8
1365 33316411 m2 694089 -0.00615237514 0.5 p1 72825 8
6571 33316414 m2 3264846 -1.18214314e-06 0.5 p1 72825 8
1739 33316576 m2 884806 -2.33505816e-05 0.5 p1 72832 8
9480 33316599 m2 4684009 -0.02449793 0.5 p1 72833 8
864 33316769 m2 447912 -0.000391030597 0.5 p1 72840 8
8346 33316886 m2 4142654 -0.0222109091 0.5 p1 72845 8
2710 33317180 m2 1368594 -0.00137865217 0.5 p1 72858 8
972 33317199 m2 503349 -4.1100735e-05 0.5 p1 72859 8
2411 33317221 m2 1224746 -3.31888441e-05 0.5 p1 72860 8
3831 33317223 m2 1920571 -0.000295599835 0.5 p1 72860 8
4725 33317227 m2 2338527 -0.000882978318 0.5 p1 72860 8
1769 33317404 m2 896536 -1.43646494e-05 0.5 p1 72866 8
5047 33317485 m2 2497549 -0.0209612604 0.5 p1 72870 8
6701 33317612 m2 3321942 -7.39528218e-07 0.5 p1 72876 8
6205 33317709 m2 3084439 -1.80390074e-07 0.5 p1 72881 8
3654 33317805 m2 1824576 -4.89395913e-10 0.5 p1 72885 8
3700 33317832 m2 1851718 -0.000434756425 0.5 p1 72886 8
2028 33318051 m2 1037008 -3.12580346e-06 0.5 p1 72895 8
700 33318052 m2 361322 -0.000441336801 0.5 p1 72895 8
1963 33318099 m2 1000477 -7.52954656e-05 0.5 p1 72898 8
8939 33318138 m2 4426608 -0.00161186629 0.5 p1 72900 8
8319 33318157 m2 4128537 -0.0103302486 0.5 p1 72901 8
8251 33318177 m2 4093355 -1.54845125e-07 0.5 p1 72902 8
6941 33318180 m2 3442468 -9.76382435e-05 0.5 p1 72903 8
7632 33318213 m2 3792778 -0.00226864615 0.5 p1 72904 8
10031 33318320 m2 4967702 -0.00999962073 0.5 p1 72909 8
1380 33318714 m2 703164 -0.000411461311 0.5 p1 72931 8
9119 33318799 m2 4511596 -0.000109551096 0.5 p1 72934 8
531 33318899 m2 274839 -5.65591165e-08 0.5 p1 72941 8
1760 33319000 m2 892451 -4.54885951e-09 0.5 p1 72946 8
2886 33319342 m2 1449052 -1.28167248e-05 0.5 p1 72962 8
4296 33319368 m2 2148906 -2.98492897e-10 0.5 p1 72963 8
4611 33319396 m2 2286049 -7.13741485e-07 0.5 p1 72966 8
8925 33319561 m2 4421103 -1.66176086e-08 0.5 p1 72974 8
2726 33319588 m2 1375075 -5.25936855e-07 0.5 p1 72975 8
8742 33319617 m2 4336809 -0.000211488688 0.5 p1 72977 8
6118 33319714 m2 3038654 -4.46757383e-07 0.5 p1 72983 8
3113 33319761 m2 1563336 -0.000102423081 0.5 p1 72985 8
4258 33319814 m2 2130665 -0.00375003717 0.5 p1 72989 8
3716 33319843 m2 1860153 -0.001183138 0.5 p1 72991 8
4297 33319879 m2 2148940 -0.00357127562 0.5 p1 72993 8
7305 33320014 m2 3619454 -0.000136879258 0.5 p1 73001 8
9757 33320074 m2 4826876 -6.94732353e-06 0.5 p1 73004 8
7004 33320089 m2 3470803 -3.85045906e-09 0.5 p1 73005 8
6533 33320091 m2 3239369 -2.13426324e-06 0.5 p1 73005 8
4745 33320120 m2 2346633 -2.40525573e-08 0.5 p1 73007 8
3446 33320151 m2 1726234 -0.00390553242 0.5 p1 73008 8
9763 33320436 m2 4828852 -5.65913635e-13 0.5 p1 73022 8
8951 33320556 m2 4431522 -1.10689325e-05 0.5 p1 73028 8
3001 33320664 m2 1511680 -0.00627763104 0.5 p1 73033 8
9379 33320989 m2 4636199 -0.00135257398 0.5 p1 73048 8
724 33321427 m2 373733 -0.0102349566 0.5 p1 73070 8
5378 33321470 m2 2673837 -0.00800462812 0.5 p1 73072 8
4959 33321662 m2 2450092 -0.0225064475 0.5 p1 73081 8
7067 33321776 m2 3498603 -0.00826810859 0.5 p1 73086 8
1032 33321930 m2 530859 -1.26835985e-07 0.5 p1 73095 8
4576 33321979 m2 2270517 -3.62957289e-05 0.5 p1 73098 8
20 33322031 m2 9971 -1.25800021e-11 0.5 p1 73100 8
2529 33322075 m2 1287173 -4.85827422e-06 0.5 p1 73102 8
7080 33322084 m2 3506415 -0.00726117985 0.5 p1 73102 8
2195 33322104 m2 1120547 -0.00270744599 0.5 p1 73103 8
4486 33322139 m2 2230262 -0.000966611609 0.5 p1 73105 8
1091 33322235 m2 563542 -3.91207368e-06 0.5 p1 73110 8
3250 33322318 m2 1632760 -5.76974053e-05 0.5 p1 73114 8
3711 33322328 m2 1858324 -0.0031378353 0.5 p1 73115 8
1936 33322546 m2 987353 -0.000203532691 0.5 p1 73126 8
6408 33322691 m2 3173975 -0.0192903318 0.5 p1 73135 8
5754 33322807 m2 2866315 -2.23522619e-07 0.5 p1 73141 8
5865 33322880 m2 2922777 -6.25068139e-07 0.5 p1 73146 8
4774 33322945 m2 2362056 -7.2253232e-07 0.5 p1 73150 8
5808 33323053 m2 2889810 -9.54231109e-06 0.5 p1 73154 8
2554 33323064 m2 1297225 -3.31703092e-08 0.5 p1 73155 8
7098 33323214 m2 3513035 -6.69372398e-08 0.5 p1 73162 8
9725 33323238 m2 4813043 -3.673213e-05 0.5 p1 73163 8
105 33323300 m2 60779 -0.00730970735 0.5 p1 73167 8
1521 33323348 m2 776993 -2.86942873e-06 0.5 p1 73169 8
1017 33323481 m2 522971 -0.000644100364 0.5 p1 73178 8
1019 33323565 m2 524118 -0.00290493947 0.5 p1 73182 8
8809 33323732 m2 4368170 -0.00122310838 0.5 p1 73192 8
9712 33324082 m2 4807670 -0.00442899764 0.5 p1 73210 8
265 33324125 m2 135035 -0.00638329191 0.5 p1 73212 8
6641 33324613 m2 3294087 -8.68003553e-05 0.5 p1 73236 8
1438 33324766 m2 730083 -0.00124931813 0.5 p1 73243 8
6475 33324777 m2 3208292 -7.51827756e-08 0.5 p1 73244 8
2473 33324997 m2 1254996 -4.30385699e-05 0.5 p1 73256 8
5952 33325102 m2 2965815 -3.37816018e-05 0.5 p1 73262 8
2387 33325173 m2 1212581 -0.000258915301 0.5 p1 73267 8
5695 33325262 m2 2837235 -1.69495743e-05 0.5 p1 73272 8
7812 33325288 m2 3882174 -0.00712033128 0.5 p1 73273 8
3775 33325289 m2 1893309 -5.15935153e-06 0.5 p1 73273 8
2182 33325299 m2 1115517 -0.010553671 0.5 p1 73274 8
1861 33325333 m2 947009 -0.00941665936 0.5 p1 73277 8
4848 33325347 m2 2394783 -0.00274522393 0.5 p1 73278 8
4645 33325446 m2 2298966 -3.63718618e-06 0.5 p1 73283 8
5805 33325495 m2 2888955 -0.000239370245 0.5 p1 73286 8
3268 33325550 m2 1639384 -0.0229492337 0.5 p1 73290 8
9488 33325667 m2 4689369 -0.000151791348 0.5 p1 73295 8
2154 33325686 m2 1103063 -0.000950958172 0.5 p1 73297 8
1978 33325747 m2 1009782 -0.000811389182 0.5 p1 73300 8
2783 33325917 m2 1396273 -0.00414984534 0.5 p1 73310 8
5509 33325975 m2 2739980 -0.00113015773 0.5 p1 73314 8
2721 33326044 m2 1372871 -0.0473959967 0.5 p1 73318 8
7879 33326064 m2 3912067 -0.0114176841 0.5 p1 73319 8
168 33326082 m2 91844 -0.00182188 0.5 p1 73321 8
4387 33326113 m2 2188747 -3.52581402e-11 0.5 p1 73322 8
1780 33326241 m2 901060 -8.85808731e-06 0.5 p1 73329 8
5882 33326298 m2 2931184 -0.00363713829 0.5 p1 73332 8
7799 33326395 m2 3877473 -1.01981819e-07 0.5 p1 73338 8
2415 33326444 m2 1225732 -3.34422538e-07 0.5 p1 73341 8
1085 33326500 m2 561825 -1.12617549e-07 0.5 p1 73345 8
6365 33326698 m2 3156055 -0.00419411855 0.5 p1 73357 8
2293 33326712 m2 1167731 -0.00452249404 0.5 p1 73358 8
4723 33326721 m2 2338469 -0.00389406271 0.5 p1 73359 8
4865 33326772 m2 2403309 -1.13206033e-06 0.5 p1 73363 8
7220 33326823 m2 3579969 -0.00071884878 0.5 p1 73365 8
2704 33326839 m2 1365123 -0.000381474732 0.5 p1 73366 8
1799 33326902 m2 912788 -5.87161776e-06 0.5 p1 73372 8
1639 33326997 m2 827267 -9.95375558e-07 0.5 p1 73378 8
9392 33327018 m2 4640924 -7.76334946e-06 0.5 p1 73380 8
4193 33327093 m2 2097347 -1.74805947e-08 0.5 p1 73385 8
6206 33327200 m2 3084515 -0.00805268344 0.5 p1 73393 8
4629 33327214 m2 2291095 -0.00382419513 0.5 p1 73394 8
4015 33327313 m2 2001188 -0.00511082588 0.5 p1 73400 8
2151 33327439 m2 1100896 -0.0183794498 0.5 p1 73409 8
8984 33327524 m2 4447276 -0.0100690508 0.5 p1 73415 8
4345 33327547 m2 2171821 -0.00445931451 0.5 p1 73416 8
7522 33327612 m2 3733461 -0.00321049872 0.5 p1 73420 8
7272 33327651 m2 3606543 -5.64324946e-05 0.5 p1 73423 8
7820 33327674 m2 3885785 -0.000331864547 0.5 p1 73424 8
9756 33327676 m2 4826718 -0.00609827414 0.5 p1 73424 8
9068 33327723 m2 4483464 -3.74225988e-06 0.5 p1 73428 8
7377 33327822 m2 3660470 -0.000176246685 0.5 p1 73436 8
9657 33327989 m2 4777116 -0.0109762922 0.5 p1 73446 8
991 33328016 m2 512396 -0.0275957696 0.5 p1 73447 8
2618 33328158 m2 1326259 -5.61460583e-05 0.5 p1 73458 8
6598 33328182 m2 3276559 -0.00531244511 0.5 p1 73460 8
8252 33328227 m2 4094375 -0.000595063204 0.5 p1 73464 8
2150 33328327 m2 1100540 -6.89942044e-06 0.5 p1 73471 8
8753 33328329 m2 4339242 -3.85804451e-05 0.5 p1 73472 8
7712 33328383 m2 3834541 -5.08421217e-05 0.5 p1 73475 8
5842 33328402 m2 2909912 -0.000284134672 0.5 p1 73477 8
9300 33328439 m2 4596070 -0.00534224696 0.5 p1 73481 8
9862 33328523 m2 4889274 -0.0155049823 0.5 p1 73486 8
1576 33328553 m2 799984 -5.43277292e-06 0.5 p1 73489 8
3323 33328630 m2 1665549 -0.0043955422 0.5 p1 73495 8
7089 33328707 m2 3510304 -0.000212054787 0.5 p1 73501 8
7551 33328716 m2 3754440 -2.01861931e-05 0.5 p1 73502 8
3807 33328738 m2 1909410 -0.0143986437 0.5 p1 73504 8
2712 33328812 m2 1369856 -5.49020905e-14 0.5 p1 73510 8
2585 33328849 m2 1307770 -0.0386104621 0.5 p1 73512 8
9912 33329036 m2 4912338 -0.000332494441 0.5 p1 73525 8
2836 33329325 m2 1425928 -5.17921508e-05 0.5 p1 73547 8
1868 33329397 m2 950083 -0.000901844818 0.5 p1 73552 8
53 33329488 m2 35465 -6.21221625e-06 0.5 p1 73559 8
6016 33329502 m2 2992391 -8.04868159e-06 0.5 p1 73562 8
2191 33329514 m3 1119960 0.000616429897 0.5 p1 73562 8
1064 33329550 m2 550026 -0.00681720814 0.5 p1 73565 8
2986 33329551 m2 1507616 -0.00281130825 0.5 p1 73565 8
5930 33329589 m2 2953657 -1.27293115e-05 0.5 p1 73569 8
9079 33329712 m2 4487585 -4.12796047e-10 0.5 p1 73579 8
2408 33329754 m2 1222154 -0.00124408852 0.5 p1 73582 8
9381 33329775 m2 4637867 -3.61472239e-08 0.5 p1 73585 8
10010 33329812 m2 4958565 -2.92358013e-11 0.5 p1 73587 8
7088 33329817 m2 3509484 -0.00211716909 0.5 p1 73588 8
9320 33329828 m2 4607468 -5.11773687e-05 0.5 p1 73588 8
3759 33329832 m2 1882168 -0.000688585918 0.5 p1 73588 8
7865 33329955 m2 3905600 -0.000369086483 0.5 p1 73596 8
8390 33329984 m2 4161497 -6.60456817e-06 0.5 p1 73597 8
7087 33329987 m2 3509401 -0.00158775551 0.5 p1 73597 8
8615 33330130 m2 4273020 -1.05428362e-05 0.5 p1 73611 8
3094 33330163 m2 1557456 -6.25861212e-05 0.5 p1 73613 8
2546 33330265 m2 1293763 -9.21573246e-06 0.5 p1 73620 8
3521 33330321 m2 1759249 -0.000243979375 0.5 p1 73624 8
3977 33330472 m2 1984287 -0.0176577661 0.5 p1 73636 8
7166 33330669 m2 3556575 -1.13433189e-05 0.5 p1 73652 8
6803 33330830 m2 3376936 -4.62015976e-07 0.5 p1 73665 8
6227 33330833 m2 3091184 -0.0188993979 0.5 p1 73666 8
3539 33330962 m2 1768826 -1.48172263e-09 0.5 p1 73675 8
9416 33331051 m2 4650760 -5.20148615e-06 0.5 p1 73682 8
6421 33331074 m2 3181503 -5.04606942e-05 0.5 p1 73684 8
9879 33331121 m2 4897229 -0.0039698896 0.5 p1 73688 8
9418 33331195 m2 4652666 -0.000138359974 0.5 p1 73693 8
6478 33331253 m2 3209020 -6.85419e-05 0.5 p1 73698 8
3288 33331373 m2 1647450 -0.00460732216 0.5 p1 73707 8
9121 33331387 m2 4511883 -0.0280370545 0.5 p1 73708 8
2086 33331444 m2 1065076 -0.00830529723 0.5 p1 73713 8
1593 33331500 m2 807424 -0.000874513295 0.5 p1 73720 8
968 33331610 m2 502109 -0.0213958845 0.5 p1 73729 8
6667 33331611 m2 3309768 -6.5995982e-09 0.5 p1 73729 8
6457 33331619 m2 3201955 -0.00689332141 0.5 p1 73730 8
5052 33331737 m2 2498580 -0.00263667107 0.5 p1 73739 8
5254 33331829 m2 2615335 -0.0038791988 0.5 p1 73747 8
3123 33331840 m2 1569355 -0.0145310527 0.5 p1 73748 8
1176 33331969 m2 602499 -1.1857016e-05 0.5 p1 73761 8
6551 33332006 m2 3254205 -0.0003422382 0.5 p1 73763 8
8472 33332033 m2 4203465 -0.00308057875 0.5 p1 73766 8
6033 33332068 m2 3002554 -4.23921956e-05 0.5 p1 73769 8
8637 33332097 m2 4282620 -0.000118863667 0.5 p1 73772 8
9437 33332132 m2 4661816 -1.84531182e-05 0.5 p1 73775 8
523 33332154 m2 271167 -4.394607e-06 0.5 p1 73778 8
9708 33332203 m2 4802597 -0.00851295795 0.5 p1 73782 8
9933 33332204 m2 4921700 -0.0186217651 0.5 p1 73782 8
5233 33332214 m2 2603597 -9.1147951e-05 0.5 p1 73782 8
4791 33332310 m2 2370356 -0.00396906119 0.5 p1 73792 8
6966 33332315 m2 3449988 -0.000290113909 0.5 p1 73793 8
2747 33332401 m2 1380787 -0.00213231193 0.5 p1 73799 8
8887 33332483 m2 4406901 -0.000957758166 0.5 p1 73805 8
9881 33332510 m2 4897518 -0.00767816463 0.5 p1 73807 8
4535 33332512 m2 2254343 -5.2450423e-07 0.5 p1 73807 8
4909 33332514 m2 2427971 -0.00249961042 0.5 p1 73807 8
6119 33332571 m2 3039266 -9.16714052e-05 0.5 p1 73812 8
3655 33332861 m2 1824764 -0.00174833904 0.5 p1 73840 8
7552 33332862 m2 3754845 -1.68161148e-06 0.5 p1 73840 8
8983 33332865 m2 4447178 -9.73538361e-10 0.5 p1 73841 8
2467 33332889 m2 1247017 -5.85449452e-05 0.5 p1 73843 8
4641 33333022 m2 2298745 -5.01809315e-13 0.5 p1 73854 8
8083 33333116 m2 3999406 -5.11976503e-11 0.5 p1 73861 8
3410 33333266 m2 1709276 -6.7608954e-09 0.5 p1 73875 8
7836 33333268 m2 3892319 -0.000497448025 0.5 p1 73875 8
4893 33333302 m2 2417952 -8.81228686e-07 0.5 p1 73877 8
7114 33333345 m2 3521343 -0.00115764118 0.5 p1 73881 8
5992 33333368 m2 2984899 -0.0188678335 0.5 p1 73883 8
4926 33333376 m2 2435836 -1.37479492e-06 0.5 p1 73884 8
1499 33333465 m2 763866 -8.59113788e-05 0.5 p1 73892 2
4887 33333540 m2 2416313 -0.00704964716 0.5 p1 73898 8
5281 33333587 m2 2625908 -0.00411900273 0.5 p1 73903 8
1793 33333589 m2 909515 -4.36250302e-05 0.5 p1 73903 4
5862 33333608 m2 2920631 -1.67818507e-05 0.5 p1 73905 8
3302 33333632 m2 1655841 -0.00461909547 0.5 p1 73908 8
10107 33333669 m3 4608442 0.000421934878 0.5 p1 73911 6
10103 33333738 m2 937176 -3.57507888e-05 0.5 p1 73915 4
9016 33333758 m2 4458201 -0.0455721654 0.5 p1 73917 7
10102 33333941 m2 896261 -1.96439191e-06 0.5 p1 73934 4
7838 33334081 m2 3892668 -0.000397054595 0.5 p1 73947 6
10120 33334101 m2 3689777 -2.44014309e-13 0.5 p1 73949 4
5642 33334106 m2 2806482 -0.00285180192 0.5 p1 73950 1
3534 33334166 m2 1767671 -0.00131588161 0.5 p1 73956 4
9189 33334169 m2 4540770 -0.0260274522 0.5 p1 73956 3
10110 33334184 m2 2324834 -6.0036662e-05 0.5 p1 73958 4
10106 33334199 m2 3983709 -2.810288e-09 0.5 p1 73960 2
10104 33334203 m2 981061 -0.00691781659 0.5 p1 73961 4
10114 33334247 m2 4353852 -0.0106295962 0.5 p1 73965 1
10105 33334261 m2 1397502 -3.68759001e-09 0.5 p1 73966 4
10111 33334267 m2 2509535 -0.0053678276 0.5 p1 73967 2
10118 33334274 m2 3245321 -0.0288179964 0.5 p1 73967 1
10109 33334275 m2 1803254 -3.66378217e-09 0.5 p1 73967 2
10108 33334293 m2 4846792 -0.00139366963 0.5 p1 73969 3
10123 33334294 m2 1800830 -2.52621908e-06 0.5 p1 73969 1
10119 33334304 m2 4511915 -0.0640222803 0.5 p1 73970 1
10117 33334316 m2 2120785 -0.00657895114 0.5 p1 73971 1
10116 33334323 m2 1188353 -0.0260642283 0.5 p1 73972 1
10115 33334324 m2 621007 -0.000877194805 0.5 p1 73972 1
10112 33334327 m2 3552697 -4.50971675e-06 0.5 p1 73973 1
10122 33334334 m2 1194520 -0.0016042802 0.5 p1 73973 1
10113 33334344 m2 3563136 -0.000103518403 0.5 p1 73974 1
10121 33334345 m2 4059252 -4.77308748e-11 0.5 p1 73974 1
Individuals:
p1:i0 H p1:0 p1:1 5
p1:i1 H p1:2 p1:3 0
p1:i2 H p1:4 p1:5 0
p1:i3 H p1:6 p1:7 0
Genomes:
p1:0 A 0 1 2 3 4 5 6 7 8 9 10 11 12 13 14 15 16 17 18 19 20 21 22 23 24 25 26 27 28 29 30 31 32 33 34 35 36 37 38 39 40 41 42 43 44 45 46 47 48 49 50 51 52 53 54 55 56 57 58 59 60 61 62 63 64 65 66 67 68 69 70 71 72 73 74 75 76 77 78 79 80 81 82 83 84 85 86 87 88 89 90 91 92 93 94 95 96 97 98 99 100 101 102 103 104 105 106 107 108 109 110 111 112 113 114 115 116 117 118 119 120 121 122 123 124 125 126 127 128 129 130 131 132 133 134 135 136 137 138 139 140 141 142 143 144 145 146 147 148 149 150 151 152 153 154 155 156 157 158 159 160 161 162 163 164 165 166 167 168 169 170 171 172 173 174 175 176 177 178 179 180 181 182 183 184 185 186 187 188 189 190 191 192 193 194 195 196 197 198 199 200 201 202 203 204 205 206 207 208 209 210 211 212 213 214 215 216 217 218 219 220 221 222 223 224 225 226 227 228 229 230 231 232 233 234 235 236 237 238 239 240 241 242 243 244 245 246 247 248 249 250 251 252 253 254 255 256 257 258 259 260 261 262 263 264 265 266 267 268 269 270 271 272 273 274 275 276 277 278 279 280 281 282 283 284 285 286 287 288 289 290 291 292 293 294 295 296 297 298 299 300 301 302 303 304 305 306 307 308 309 310 311 312 313 314 315 316 317 318 319 320 321 322 323 324 325 326 327 328 329 330 331 332 333 334 335 336 337 338 339 340 341 342 343 344 345 346 347 348 349 350 351 352 353 354 355 356 357 358 359 360 361 362 363 364 365 366 367 368 369 370 371 372 373 374 375 376 377 378 379 380 381 382 383 384 385 386 387 388 389 390 391 392 393 394 395 396 397 398 399 400 401 402 403 404 405 406 407 408 409 410 411 412 413 414 415 416 417 418 419 420 421 422 423 424 425 426 427 428 429 430 431 432 433 434 435 436 437 438 439 440 441 442 443 444 445 446 447 448 449 450 451 452 453 454 455 456 457 458 459 460 461 462 463 464 465 466 467 468 469 470 471 472 473 474 475 476 477 478 479 480 481 482 483 484 485 486 487 488 489 490 491 492 493 494 495 496 497 498 499 500 501 502 503 504 505 506 507 508 509 510 511 512 513 514 515 516 517 518 519 520 521 522 523 524 525 526 527 528 529 530 531 532 533 534 535 536 537 538 539 540 541 542 543 544 545 546 547 548 549 550 551 552 553 554 555 556 557 558 559 560 561 562 563 564 565 566 567 568 569 570 571 572 573 574 575 576 577 578 579 580 581 582 583 584 585 586 587 588 589 590 591 592 593 594 595 596 597 598 599 600 601 602 603 604 605 606 607 608 609 610 611 612 613 614 615 616 617 618 619 620 621 622 623 624 625 626 627 628 629 630 631 632 633 634 635 636 637 638 639 640 641 642 643 644 645 646 647 648 649 650 651 652 653 654 655 656 657 658 659 660 661 662 663 664 665 666 667 668 669 670 671 672 673 674 675 676 677 678 679 680 681 682 683 684 685 686 687 688 689 690 691 692 693 694 695 696 697 698 699 700 701 702 703 704 705 706 707 708 709 710 711 712 713 714 715 716 717 718 719 720 721 722 723 724 725 726 727 728 729 730 731 732 733 734 735 736 737 738 739 740 741 742 743 744 745 746 747 748 749 750 751 752 753 754 755 756 757 758 759 760 761 762 763 764 765 766 767 768 769 770 771 772 773 774 775 776 777 778 779 780 781 782 783 784 785 786 787 788 789 790 791 792 793 794 795 796 797 798 799 800 801 802 803 804 805 806 807 808 809 810 811 812 813 814 815 816 817 818 819 820 821 822 823 824 825 826 827 828 829 830 831 832 833 834 835 836 837 838 839 840 841 842 843 844 845 846 847 848 849 850 851 852 853 854 855 856 857 858 859 860 861 862 863 864 865 866 867 868 869 870 871 872 873 874 875 876 877 878 879 880 881 882 883 884 885 886 887 888 889 890 891 892 893 894 895 896 897 898 899 900 901 902 903 904 905 906 907 908 909 910 911 912 913 914 915 916 917 918 919 920 921 922 923 924 925 926 927 928 929 930 931 932 933 934 935 936 937 938 939 940 941 942 943 944 945 946 947 948 949 950 951 952 953 954 955 956 957 958 959 960 961 962 963 964 965 966 967 968 969 970 971 972 973 974 975 976 977 978 979 980 981 982 983 984 985 986 987 988 989 990 991 992 993 994 995 996 997 998 999 1000 1001 1002 1003 1004 1005 1006 1007 1008 1009 1010 1011 1012 1013 1014 1015 1016 1017 1018 1019 1020 1021 1022 1023 1024 1025 1026 1027 1028 1029 1030 1031 1032 1033 1034 1035 1036 1037 1038 1039 1040 1041 1042 1043 1044 1045 1046 1047 1048 1049 1050 1051 1052 1053 1054 1055 1056 1057 1058 1059 1060 1061 1062 1063 1064 1065 1066 1067 1068 1069 1070 1071 1072 1073 1074 1075 1076 1077 1078 1079 1080 1081 1082 1083 1084 1085 1086 1087 1088 1089 1090 1091 1092 1093 1094 1095 1096 1097 1098 1099 1100 1101 1102 1103 1104 1105 1106 1107 1108 1109 1110 1111 1112 1113 1114 1115 1116 1117 1118 1119 1120 1121 1122 1123 1124 1125 1126 1127 1128 1129 1130 1131 1132 1133 1134 1135 1136 1137 1138 1139 1140 1141 1142 1143 1144 1145 1146 1147 1148 1149 1150 1151 1152 1153 1154 1155 1156 1157 1158 1159 1160 1161 1162 1163 1164 1165 1166 1167 1168 1169 1170 1171 1172 1173 1174 1175 1176 1177 1178 1179 1180 1181 1182 1183 1184 1185 1186 1187 1188 1189 1190 1191 1192 1193 1194 1195 1196 1197 1198 1199 1200 1201 1202 1203 1204 1205 1206 1207 1208 1209 1210 1211 1212 1213 1214 1215 1216 1217 1218 1219 1220 1221 1222 1223 1224 1225 1226 1227 1228 1229 1230 1231 1232 1233 1234 1235 1236 1237 1238 1239 1240 1241 1242 1243 1244 1245 1246 1247 1248 1249 1250 1251 1252 1253 1254 1255 1256 1257 1258 1259 1260 1261 1262 1263 1264 1265 1266 1267 1268 1269 1270 1271 1272 1273 1274 1275 1276 1277 1278 1279 1280 1281 1282 1283 1284 1285 1286 1287 1288 1289 1290 1291 1292 1293 1294 1295 1296 1297 1298 1299 1300 1301 1302 1303 1304 1305 1306 1307 1308 1309 1310 1311 1312 1313 1314 1315 1316 1317 1318 1319 1320 1321 1322 1323 1324 1325 1326 1327 1328 1329 1330 1331 1332 1333 1334 1335 1336 1337 1338 1339 1340 1341 1342 1343 1344 1345 1346 1347 1348 1349 1350 1351 1352 1353 1354 1355 1356 1357 1358 1359 1360 1361 1362 1363 1364 1365 1366 1367 1368 1369 1370 1371 1372 1373 1374 1375 1376 1377 1378 1379 1380 1381 1382 1383 1384 1385 1386 1387 1388 1389 1390 1391 1392 1393 1394 1395 1396 1397 1398 1399 1400 1401 1402 1403 1404 1405 1406 1407 1408 1409 1410 1411 1412 1413 1414 1415 1416 1417 1418 1419 1420 1421 1422 1423 1424 1425 1426 1427 1428 1429 1430 1431 1432 1433 1434 1435 1436 1437 1438 1439 1440 1441 1442 1443 1444 1445 1446 1447 1448 1449 1450 1451 1452 1453 1454 1455 1456 1457 1458 1459 1460 1461 1462 1463 1464 1465 1466 1467 1468 1469 1470 1471 1472 1473 1474 1475 1476 1477 1478 1479 1480 1481 1482 1483 1484 1485 1486 1487 1488 1489 1490 1491 1492 1493 1494 1495 1496 1497 1498 1499 1500 1501 1502 1503 1504 1505 1506 1507 1508 1509 1510 1511 1512 1513 1514 1515 1516 1517 1518 1519 1520 1521 1522 1523 1524 1525 1526 1527 1528 1529 1530 1531 1532 1533 1534 1535 1536 1537 1538 1539 1540 1541 1542 1543 1544 1545 1546 1547 1548 1549 1550 1551 1552 1553 1554 1555 1556 1557 1558 1559 1560 1561 1562 1563 1564 1565 1566 1567 1568 1569 1570 1571 1572 1573 1574 1575 1576 1577 1578 1579 1580 1581 1582 1583 1584 1585 1586 1587 1588 1589 1590 1591 1592 1593 1594 1595 1596 1597 1598 1599 1600 1601 1602 1603 1604 1605 1606 1607 1608 1609 1610 1611 1612 1613 1614 1615 1616 1617 1618 1619 1620 1621 1622 1623 1624 1625 1626 1627 1628 1629 1630 1631 1632 1633 1634 1635 1636 1637 1638 1639 1640 1641 1642 1643 1644 1645 1646 1647 1648 1649 1650 1651 1652 1653 1654 1655 1656 1657 1658 1659 1660 1661 1662 1663 1664 1665 1666 1667 1668 1669 1670 1671 1672 1673 1674 1675 1676 1677 1678 1679 1680 1681 1682 1683 1684 1685 1686 1687 1688 1689 1690 1691 1692 1693 1694 1695 1696 1697 1698 1699 1700 1701 1702 1703 1704 1705 1706 1707 1708 1709 1710 1711 1712 1713 1714 1715 1716 1717 1718 1719 1720 1721 1722 1723 1724 1725 1726 1727 1728 1729 1730 1731 1732 1733 1734 1735 1736 1737 1738 1739 1740 1741 1742 1743 1744 1745 1746 1747 1748 1749 1750 1751 1752 1753 1754 1755 1756 1757 1758 1759 1760 1761 1762 1763 1764 1765 1766 1767 1768 1769 1770 1771 1772 1773 1774 1775 1776 1777 1778 1779 1780 1781 1782 1783 1784 1785 1786 1787 1788 1789 1790 1791 1792 1793 1794 1795 1796 1797 1798 1799 1800 1801 1802 1803 1804 1805 1806 1807 1808 1809 1810 1811 1812 1813 1814 1815 1816 1817 1818 1819 1820 1821 1822 1823 1824 1825 1826 1827 1828 1829 1830 1831 1832 1833 1834 1835 1836 1837 1838 1839 1840 1841 1842 1843 1844 1845 1846 1847 1848 1849 1850 1851 1852 1853 1854 1855 1856 1857 1858 1859 1860 1861 1862 1863 1864 1865 1866 1867 1868 1869 1870 1871 1872 1873 1874 1875 1876 1877 1878 1879 1880 1881 1882 1883 1884 1885 1886 1887 1888 1889 1890 1891 1892 1893 1894 1895 1896 1897 1898 1899 1900 1901 1902 1903 1904 1905 1906 1907 1908 1909 1910 1911 1912 1913 1914 1915 1916 1917 1918 1919 1920 1921 1922 1923 1924 1925 1926 1927 1928 1929 1930 1931 1932 1933 1934 1935 1936 1937 1938 1939 1940 1941 1942 1943 1944 1945 1946 1947 1948 1949 1950 1951 1952 1953 1954 1955 1956 1957 1958 1959 1960 1961 1962 1963 1964 1965 1966 1967 1968 1969 1970 1971 1972 1973 1974 1975 1976 1977 1978 1979 1980 1981 1982 1983 1984 1985 1986 1987 1988 1989 1990 1991 1992 1993 1994 1995 1996 1997 1998 1999 2000 2001 2002 2003 2004 2005 2006 2007 2008 2009 2010 2011 2012 2013 2014 2015 2016 2017 2018 2019 2020 2021 2022 2023 2024 2025 2026 2027 2028 2029 2030 2031 2032 2033 2034 2035 2036 2037 2038 2039 2040 2041 2042 2043 2044 2045 2046 2047 2048 2049 2050 2051 2052 2053 2054 2055 2056 2057 2058 2059 2060 2061 2062 2063 2064 2065 2066 2067 2068 2069 2070 2071 2072 2073 2074 2075 2076 2077 2078 2079 2080 2081 2082 2083 2084 2085 2086 2087 2088 2089 2090 2091 2092 2093 2094 2095 2096 2097 2098 2099 2100 2101 2102 2103 2104 2105 2106 2107 2108 2109 2110 2111 2112 2113 2114 2115 2116 2117 2118 2119 2120 2121 2122 2123 2124 2125 2126 2127 2128 2129 2130 2131 2132 2133 2134 2135 2136 2137 2138 2139 2140 2141 2142 2143 2144 2145 2146 2147 2148 2149 2150 2151 2152 2153 2154 2155 2156 2157 2158 2159 2160 2161 2162 2163 2164 2165 2166 2167 2168 2169 2170 2171 2172 2173 2174 2175 2176 2177 2178 2179 2180 2181 2182 2183 2184 2185 2186 2187 2188 2189 2190 2191 2192 2193 2194 2195 2196 2197 2198 2199 2200 2201 2202 2203 2204 2205 2206 2207 2208 2209 2210 2211 2212 2213 2214 2215 2216 2217 2218 2219 2220 2221 2222 2223 2224 2225 2226 2227 2228 2229 2230 2231 2232 2233 2234 2235 2236 2237 2238 2239 2240 2241 2242 2243 2244 2245 2246 2247 2248 2249 2250 2251 2252 2253 2254 2255 2256 2257 2258 2259 2260 2261 2262 2263 2264 2265 2266 2267 2268 2269 2270 2271 2272 2273 2274 2275 2276 2277 2278 2279 2280 2281 2282 2283 2284 2285 2286 2287 2288 2289 2290 2291 2292 2293 2294 2295 2296 2297 2298 2299 2300 2301 2302 2303 2304 2305 2306 2307 2308 2309 2310 2311 2312 2313 2314 2315 2316 2317 2318 2319 2320 2321 2322 2323 2324 2325 2326 2327 2328 2329 2330 2331 2332 2333 2334 2335 2336 2337 2338 2339 2340 2341 2342 2343 2344 2345 2346 2347 2348 2349 2350 2351 2352 2353 2354 2355 2356 2357 2358 2359 2360 2361 2362 2363 2364 2365 2366 2367 2368 2369 2370 2371 2372 2373 2374 2375 2376 2377 2378 2379 2380 2381 2382 2383 2384 2385 2386 2387 2388 2389 2390 2391 2392 2393 2394 2395 2396 2397 2398 2399 2400 2401 2402 2403 2404 2405 2406 2407 2408 2409 2410 2411 2412 2413 2414 2415 2416 2417 2418 2419 2420 2421 2422 2423 2424 2425 2426 2427 2428 2429 2430 2431 2432 2433 2434 2435 2436 2437 2438 2439 2440 2441 2442 2443 2444 2445 2446 2447 2448 2449 2450 2451 2452 2453 2454 2455 2456 2457 2458 2459 2460 2461 2462 2463 2464 2465 2466 2467 2468 2469 2470 2471 2472 2473 2474 2475 2476 2477 2478 2479 2480 2481 2482 2483 2484 2485 2486 2487 2488 2489 2490 2491 2492 2493 2494 2495 2496 2497 2498 2499 2500 2501 2502 2503 2504 2505 2506 2507 2508 2509 2510 2511 2512 2513 2514 2515 2516 2517 2518 2519 2520 2521 2522 2523 2524 2525 2526 2527 2528 2529 2530 2531 2532 2533 2534 2535 2536 2537 2538 2539 2540 2541 2542 2543 2544 2545 2546 2547 2548 2549 2550 2551 2552 2553 2554 2555 2556 2557 2558 2559 2560 2561 2562 2563 2564 2565 2566 2567 2568 2569 2570 2571 2572 2573 2574 2575 2576 2577 2578 2579 2580 2581 2582 2583 2584 2585 2586 2587 2588 2589 2590 2591 2592 2593 2594 2595 2596 2597 2598 2599 2600 2601 2602 2603 2604 2605 2606 2607 2608 2609 2610 2611 2612 2613 2614 2615 2616 2617 2618 2619 2620 2621 2622 2623 2624 2625 2626 2627 2628 2629 2630 2631 2632 2633 2634 2635 2636 2637 2638 2639 2640 2641 2642 2643 2644 2645 2646 2647 2648 2649 2650 2651 2652 2653 2654 2655 2656 2657 2658 2659 2660 2661 2662 2663 2664 2665 2666 2667 2668 2669 2670 2671 2672 2673 2674 2675 2676 2677 2678 2679 2680 2681 2682 2683 2684 2685 2686 2687 2688 2689 2690 2691 2692 2693 2694 2695 2696 2697 2698 2699 2700 2701 2702 2703 2704 2705 2706 2707 2708 2709 2710 2711 2712 2713 2714 2715 2716 2717 2718 2719 2720 2721 2722 2723 2724 2725 2726 2727 2728 2729 2730 2731 2732 2733 2734 2735 2736 2737 2738 2739 2740 2741 2742 2743 2744 2745 2746 2747 2748 2749 2750 2751 2752 2753 2754 2755 2756 2757 2758 2759 2760 2761 2762 2763 2764 2765 2766 2767 2768 2769 2770 2771 2772 2773 2774 2775 2776 2777 2778 2779 2780 2781 2782 2783 2784 2785 2786 2787 2788 2789 2790 2791 2792 2793 2794 2795 2796 2797 2798 2799 2800 2801 2802 2803 2804 2805 2806 2807 2808 2809 2810 2811 2812 2813 2814 2815 2816 2817 2818 2819 2820 2821 2822 2823 2824 2825 2826 2827 2828 2829 2830 2831 2832 2833 2834 2835 2836 2837 2838 2839 2840 2841 2842 2843 2844 2845 2846 2847 2848 2849 2850 2851 2852 2853 2854 2855 2856 2857 2858 2859 2860 2861 2862 2863 2864 2865 2866 2867 2868 2869 2870 2871 2872 2873 2874 2875 2876 2877 2878 2879 2880 2881 2882 2883 2884 2885 2886 2887 2888 2889 2890 2891 2892 2893 2894 2895 2896 2897 2898 2899 2900 2901 2902 2903 2904 2905 2906 2907 2908 2909 2910 2911 2912 2913 2914 2915 2916 2917 2918 2919 2920 2921 2922 2923 2924 2925 2926 2927 2928 2929 2930 2931 2932 2933 2934 2935 2936 2937 2938 2939 2940 2941 2942 2943 2944 2945 2946 2947 2948 2949 2950 2951 2952 2953 2954 2955 2956 2957 2958 2959 2960 2961 2962 2963 2964 2965 2966 2967 2968 2969 2970 2971 2972 2973 2974 2975 2976 2977 2978 2979 2980 2981 2982 2983 2984 2985 2986 2987 2988 2989 2990 2991 2992 2993 2994 2995 2996 2997 2998 2999 3000 3001 3002 3003 3004 3005 3006 3007 3008 3009 3010 3011 3012 3013 3014 3015 3016 3017 3018 3019 3020 3021 3022 3023 3024 3025 3026 3027 3028 3029 3030 3031 3032 3033 3034 3035 3036 3037 3038 3039 3040 3041 3042 3043 3044 3045 3046 3047 3048 3049 3050 3051 3052 3053 3054 3055 3056 3057 3058 3059 3060 3061 3062 3063 3064 3065 3066 3067 3068 3069 3070 3071 3072 3073 3074 3075 3076 3077 3078 3079 3080 3081 3082 3083 3084 3085 3086 3087 3088 3089 3090 3091 3092 3093 3094 3095 3096 3097 3098 3099 3100 3101 3102 3103 3104 3105 3106 3107 3108 3109 3110 3111 3112 3113 3114 3115 3116 3117 3118 3119 3120 3121 3122 3123 3124 3125 3126 3127 3128 3129 3130 3131 3132 3133 3134 3135 3136 3137 3138 3139 3140 3141 3142 3143 3144 3145 3146 3147 3148 3149 3150 3151 3152 3153 3154 3155 3156 3157 3158 3159 3160 3161 3162 3163 3164 3165 3166 3167 3168 3169 3170 3171 3172 3173 3174 3175 3176 3177 3178 3179 3180 3181 3182 3183 3184 3185 3186 3187 3188 3189 3190 3191 3192 3193 3194 3195 3196 3197 3198 3199 3200 3201 3202 3203 3204 3205 3206 3207 3208 3209 3210 3211 3212 3213 3214 3215 3216 3217 3218 3219 3220 3221 3222 3223 3224 3225 3226 3227 3228 3229 3230 3231 3232 3233 3234 3235 3236 3237 3238 3239 3240 3241 3242 3243 3244 3245 3246 3247 3248 3249 3250 3251 3252 3253 3254 3255 3256 3257 3258 3259 3260 3261 3262 3263 3264 3265 3266 3267 3268 3269 3270 3271 3272 3273 3274 3275 3276 3277 3278 3279 3280 3281 3282 3283 3284 3285 3286 3287 3288 3289 3290 3291 3292 3293 3294 3295 3296 3297 3298 3299 3300 3301 3302 3303 3304 3305 3306 3307 3308 3309 3310 3311 3312 3313 3314 3315 3316 3317 3318 3319 3320 3321 3322 3323 3324 3325 3326 3327 3328 3329 3330 3331 3332 3333 3334 3335 3336 3337 3338 3339 3340 3341 3342 3343 3344 3345 3346 3347 3348 3349 3350 3351 3352 3353 3354 3355 3356 3357 3358 3359 3360 3361 3362 3363 3364 3365 3366 3367 3368 3369 3370 3371 3372 3373 3374 3375 3376 3377 3378 3379 3380 3381 3382 3383 3384 3385 3386 3387 3388 3389 3390 3391 3392 3393 3394 3395 3396 3397 3398 3399 3400 3401 3402 3403 3404 3405 3406 3407 3408 3409 3410 3411 3412 3413 3414 3415 3416 3417 3418 3419 3420 3421 3422 3423 3424 3425 3426 3427 3428 3429 3430 3431 3432 3433 3434 3435 3436 3437 3438 3439 3440 3441 3442 3443 3444 3445 3446 3447 3448 3449 3450 3451 3452 3453 3454 3455 3456 3457 3458 3459 3460 3461 3462 3463 3464 3465 3466 3467 3468 3469 3470 3471 3472 3473 3474 3475 3476 3477 3478 3479 3480 3481 3482 3483 3484 3485 3486 3487 3488 3489 3490 3491 3492 3493 3494 3495 3496 3497 3498 3499 3500 3501 3502 3503 3504 3505 3506 3507 3508 3509 3510 3511 3512 3513 3514 3515 3516 3517 3518 3519 3520 3521 3522 3523 3524 3525 3526 3527 3528 3529 3530 3531 3532 3533 3534 3535 3536 3537 3538 3539 3540 3541 3542 3543 3544 3545 3546 3547 3548 3549 3550 3551 3552 3553 3554 3555 3556 3557 3558 3559 3560 3561 3562 3563 3564 3565 3566 3567 3568 3569 3570 3571 3572 3573 3574 3575 3576 3577 3578 3579 3580 3581 3582 3583 3584 3585 3586 3587 3588 3589 3590 3591 3592 3593 3594 3595 3596 3597 3598 3599 3600 3601 3602 3603 3604 3605 3606 3607 3608 3609 3610 3611 3612 3613 3614 3615 3616 3617 3618 3619 3620 3621 3622 3623 3624 3625 3626 3627 3628 3629 3630 3631 3632 3633 3634 3635 3636 3637 3638 3639 3640 3641 3642 3643 3644 3645 3646 3647 3648 3649 3650 3651 3652 3653 3654 3655 3656 3657 3658 3659 3660 3661 3662 3663 3664 3665 3666 3667 3668 3669 3670 3671 3672 3673 3674 3675 3676 3677 3678 3679 3680 3681 3682 3683 3684 3685 3686 3687 3688 3689 3690 3691 3692 3693 3694 3695 3696 3697 3698 3699 3700 3701 3702 3703 3704 3705 3706 3707 3708 3709 3710 3711 3712 3713 3714 3715 3716 3717 3718 3719 3720 3721 3722 3723 3724 3725 3726 3727 3728 3729 3730 3731 3732 3733 3734 3735 3736 3737 3738 3739 3740 3741 3742 3743 3744 3745 3746 3747 3748 3749 3750 3751 3752 3753 3754 3755 3756 3757 3758 3759 3760 3761 3762 3763 3764 3765 3766 3767 3768 3769 3770 3771 3772 3773 3774 3775 3776 3777 3778 3779 3780 3781 3782 3783 3784 3785 3786 3787 3788 3789 3790 3791 3792 3793 3794 3795 3796 3797 3798 3799 3800 3801 3802 3803 3804 3805 3806 3807 3808 3809 3810 3811 3812 3813 3814 3815 3816 3817 3818 3819 3820 3821 3822 3823 3824 3825 3826 3827 3828 3829 3830 3831 3832 3833 3834 3835 3836 3837 3838 3839 3840 3841 3842 3843 3844 3845 3846 3847 3848 3849 3850 3851 3852 3853 3854 3855 3856 3857 3858 3859 3860 3861 3862 3863 3864 3865 3866 3867 3868 3869 3870 3871 3872 3873 3874 3875 3876 3877 3878 3879 3880 3881 3882 3883 3884 3885 3886 3887 3888 3889 3890 3891 3892 3893 3894 3895 3896 3897 3898 3899 3900 3901 3902 3903 3904 3905 3906 3907 3908 3909 3910 3911 3912 3913 3914 3915 3916 3917 3918 3919 3920 3921 3922 3923 3924 3925 3926 3927 3928 3929 3930 3931 3932 3933 3934 3935 3936 3937 3938 3939 3940 3941 3942 3943 3944 3945 3946 3947 3948 3949 3950 3951 3952 3953 3954 3955 3956 3957 3958 3959 3960 3961 3962 3963 3964 3965 3966 3967 3968 3969 3970 3971 3972 3973 3974 3975 3976 3977 3978 3979 3980 3981 3982 3983 3984 3985 3986 3987 3988 3989 3990 3991 3992 3993 3994 3995 3996 3997 3998 3999 4000 4001 4002 4003 4004 4005 4006 4007 4008 4009 4010 4011 4012 4013 4014 4015 4016 4017 4018 4019 4020 4021 4022 4023 4024 4025 4026 4027 4028 4029 4030 4031 4032 4033 4034 4035 4036 4037 4038 4039 4040 4041 4042 4043 4044 4045 4046 4047 4048 4049 4050 4051 4052 4053 4054 4055 4056 4057 4058 4059 4060 4061 4062 4063 4064 4065 4066 4067 4068 4069 4070 4071 4072 4073 4074 4075 4076 4077 4078 4079 4080 4081 4082 4083 4084 4085 4086 4087 4088 4089 4090 4091 4092 4093 4094 4095 4096 4097 4098 4099 4100 4101 4102 4103 4104 4105 4106 4107 4108 4109 4110 4111 4112 4113 4114 4115 4116 4117 4118 4119 4120 4121 4122 4123 4124 4125 4126 4127 4128 4129 4130 4131 4132 4133 4134 4135 4136 4137 4138 4139 4140 4141 4142 4143 4144 4145 4146 4147 4148 4149 4150 4151 4152 4153 4154 4155 4156 4157 4158 4159 4160 4161 4162 4163 4164 4165 4166 4167 4168 4169 4170 4171 4172 4173 4174 4175 4176 4177 4178 4179 4180 4181 4182 4183 4184 4185 4186 4187 4188 4189 4190 4191 4192 4193 4194 4195 4196 4197 4198 4199 4200 4201 4202 4203 4204 4205 4206 4207 4208 4209 4210 4211 4212 4213 4214 4215 4216 4217 4218 4219 4220 4221 4222 4223 4224 4225 4226 4227 4228 4229 4230 4231 4232 4233 4234 4235 4236 4237 4238 4239 4240 4241 4242 4243 4244 4245 4246 4247 4248 4249 4250 4251 4252 4253 4254 4255 4256 4257 4258 4259 4260 4261 4262 4263 4264 4265 4266 4267 4268 4269 4270 4271 4272 4273 4274 4275 4276 4277 4278 4279 4280 4281 4282 4283 4284 4285 4286 4287 4288 4289 4290 4291 4292 4293 4294 4295 4296 4297 4298 4299 4300 4301 4302 4303 4304 4305 4306 4307 4308 4309 4310 4311 4312 4313 4314 4315 4316 4317 4318 4319 4320 4321 4322 4323 4324 4325 4326 4327 4328 4329 4330 4331 4332 4333 4334 4335 4336 4337 4338 4339 4340 4341 4342 4343 4344 4345 4346 4347 4348 4349 4350 4351 4352 4353 4354 4355 4356 4357 4358 4359 4360 4361 4362 4363 4364 4365 4366 4367 4368 4369 4370 4371 4372 4373 4374 4375 4376 4377 4378 4379 4380 4381 4382 4383 4384 4385 4386 4387 4388 4389 4390 4391 4392 4393 4394 4395 4396 4397 4398 4399 4400 4401 4402 4403 4404 4405 4406 4407 4408 4409 4410 4411 4412 4413 4414 4415 4416 4417 4418 4419 4420 4421 4422 4423 4424 4425 4426 4427 4428 4429 4430 4431 4432 4433 4434 4435 4436 4437 4438 4439 4440 4441 4442 4443 4444 4445 4446 4447 4448 4449 4450 4451 4452 4453 4454 4455 4456 4457 4458 4459 4460 4461 4462 4463 4464 4465 4466 4467 4468 4469 4470 4471 4472 4473 4474 4475 4476 4477 4478 4479 4480 4481 4482 4483 4484 4485 4486 4487 4488 4489 4490 4491 4492 4493 4494 4495 4496 4497 4498 4499 4500 4501 4502 4503 4504 4505 4506 4507 4508 4509 4510 4511 4512 4513 4514 4515 4516 4517 4518 4519 4520 4521 4522 4523 4524 4525 4526 4527 4528 4529 4530 4531 4532 4533 4534 4535 4536 4537 4538 4539 4540 4541 4542 4543 4544 4545 4546 4547 4548 4549 4550 4551 4552 4553 4554 4555 4556 4557 4558 4559 4560 4561 4562 4563 4564 4565 4566 4567 4568 4569 4570 4571 4572 4573 4574 4575 4576 4577 4578 4579 4580 4581 4582 4583 4584 4585 4586 4587 4588 4589 4590 4591 4592 4593 4594 4595 4596 4597 4598 4599 4600 4601 4602 4603 4604 4605 4606 4607 4608 4609 4610 4611 4612 4613 4614 4615 4616 4617 4618 4619 4620 4621 4622 4623 4624 4625 4626 4627 4628 4629 4630 4631 4632 4633 4634 4635 4636 4637 4638 4639 4640 4641 4642 4643 4644 4645 4646 4647 4648 4649 4650 4651 4652 4653 4654 4655 4656 4657 4658 4659 4660 4661 4662 4663 4664 4665 4666 4667 4668 4669 4670 4671 4672 4673 4674 4675 4676 4677 4678 4679 4680 4681 4682 4683 4684 4685 4686 4687 4688 4689 4690 4691 4692 4693 4694 4695 4696 4697 4698 4699 4700 4701 4702 4703 4704 4705 4706 4707 4708 4709 4710 4711 4712 4713 4714 4715 4716 4717 4718 4719 4720 4721 4722 4723 4724 4725 4726 4727 4728 4729 4730 4731 4732 4733 4734 4735 4736 4737 4738 4739 4740 4741 4742 4743 4744 4745 4746 4747 4748 4749 4750 4751 4752 4753 4754 4755 4756 4757 4758 4759 4760 4761 4762 4763 4764 4765 4766 4767 4768 4769 4770 4771 4772 4773 4774 4775 4776 4777 4778 4779 4780 4781 4782 4783 4784 4785 4786 4787 4788 4789 4790 4791 4792 4793 4794 4795 4796 4797 4798 4799 4800 4801 4802 4803 4804 4805 4806 4807 4808 4809 4810 4811 4812 4813 4814 4815 4816 4817 4818 4819 4820 4821 4822 4823 4824 4825 4826 4827 4828 4829 4830 4831 4832 4833 4834 4835 4836 4837 4838 4839 4840 4841 4842 4843 4844 4845 4846 4847 4848 4849 4850 4851 4852 4853 4854 4855 4856 4857 4858 4859 4860 4861 4862 4863 4864 4865 4866 4867 4868 4869 4870 4871 4872 4873 4874 4875 4876 4877 4878 4879 4880 4881 4882 4883 4884 4885 4886 4887 4888 4889 4890 4891 4892 4893 4894 4895 4896 4897 4898 4899 4900 4901 4902 4903 4904 4905 4906 4907 4908 4909 4910 4911 4912 4913 4914 4915 4916 4917 4918 4919 4920 4921 4922 4923 4924 4925 4926 4927 4928 4929 4930 4931 4932 4933 4934 4935 4936 4937 4938 4939 4940 4941 4942 4943 4944 4945 4946 4947 4948 4949 4950 4951 4952 4953 4954 4955 4956 4957 4958 4959 4960 4961 4962 4963 4964 4965 4966 4967 4968 4969 4970 4971 4972 4973 4974 4975 4976 4977 4978 4979 4980 4981 4982 4983 4984 4985 4986 4987 4988 4989 4990 4991 4992 4993 4994 4995 4996 4997 4998 4999 5000 5001 5002 5003 5004 5005 5006 5007 5008 5009 5010 5011 5012 5013 5014 5015 5016 5017 5018 5019 5020 5021 5022 5023 5024 5025 5026 5027 5028 5029 5030 5031 5032 5033 5034 5035 5036 5037 5038 5039 5040 5041 5042 5043 5044 5045 5046 5047 5048 5049 5050 5051 5052 5053 5054 5055 5056 5057 5058 5059 5060 5061 5062 5063 5064 5065 5066 5067 5068 5069 5070 5071 5072 5073 5074 5075 5076 5077 5078 5079 5080 5081 5082 5083 5084 5085 5086 5087 5088 5089 5090 5091 5092 5093 5094 5095 5096 5097 5098 5099 5100 5101 5102 5103 5104 5105 5106 5107 5108 5109 5110 5111 5112 5113 5114 5115 5116 5117 5118 5119 5120 5121 5122 5123 5124 5125 5126 5127 5128 5129 5130 5131 5132 5133 5134 5135 5136 5137 5138 5139 5140 5141 5142 5143 5144 5145 5146 5147 5148 5149 5150 5151 5152 5153 5154 5155 5156 5157 5158 5159 5160 5161 5162 5163 5164 5165 5166 5167 5168 5169 5170 5171 5172 5173 5174 5175 5176 5177 5178 5179 5180 5181 5182 5183 5184 5185 5186 5187 5188 5189 5190 5191 5192 5193 5194 5195 5196 5197 5198 5199 5200 5201 5202 5203 5204 5205 5206 5207 5208 5209 5210 5211 5212 5213 5214 5215 5216 5217 5218 5219 5220 5221 5222 5223 5224 5225 5226 5227 5228 5229 5230 5231 5232 5233 5234 5235 5236 5237 5238 5239 5240 5241 5242 5243 5244 5245 5246 5247 5248 5249 5250 5251 5252 5253 5254 5255 5256 5257 5258 5259 5260 5261 5262 5263 5264 5265 5266 5267 5268 5269 5270 5271 5272 5273 5274 5275 5276 5277 5278 5279 5280 5281 5282 5283 5284 5285 5286 5287 5288 5289 5290 5291 5292 5293 5294 5295 5296 5297 5298 5299 5300 5301 5302 5303 5304 5305 5306 5307 5308 5309 5310 5311 5312 5313 5314 5315 5316 5317 5318 5319 5320 5321 5322 5323 5324 5325 5326 5327 5328 5329 5330 5331 5332 5333 5334 5335 5336 5337 5338 5339 5340 5341 5342 5343 5344 5345 5346 5347 5348 5349 5350 5351 5352 5353 5354 5355 5356 5357 5358 5359 5360 5361 5362 5363 5364 5365 5366 5367 5368 5369 5370 5371 5372 5373 5374 5375 5376 5377 5378 5379 5380 5381 5382 5383 5384 5385 5386 5387 5388 5389 5390 5391 5392 5393 5394 5395 5396 5397 5398 5399 5400 5401 5402 5403 5404 5405 5406 5407 5408 5409 5410 5411 5412 5413 5414 5415 5416 5417 5418 5419 5420 5421 5422 5423 5424 5425 5426 5427 5428 5429 5430 5431 5432 5433 5434 5435 5436 5437 5438 5439 5440 5441 5442 5443 5444 5445 5446 5447 5448 5449 5450 5451 5452 5453 5454 5455 5456 5457 5458 5459 5460 5461 5462 5463 5464 5465 5466 5467 5468 5469 5470 5471 5472 5473 5474 5475 5476 5477 5478 5479 5480 5481 5482 5483 5484 5485 5486 5487 5488 5489 5490 5491 5492 5493 5494 5495 5496 5497 5498 5499 5500 5501 5502 5503 5504 5505 5506 5507 5508 5509 5510 5511 5512 5513 5514 5515 5516 5517 5518 5519 5520 5521 5522 5523 5524 5525 5526 5527 5528 5529 5530 5531 5532 5533 5534 5535 5536 5537 5538 5539 5540 5541 5542 5543 5544 5545 5546 5547 5548 5549 5550 5551 5552 5553 5554 5555 5556 5557 5558 5559 5560 5561 5562 5563 5564 5565 5566 5567 5568 5569 5570 5571 5572 5573 5574 5575 5576 5577 5578 5579 5580 5581 5582 5583 5584 5585 5586 5587 5588 5589 5590 5591 5592 5593 5594 5595 5596 5597 5598 5599 5600 5601 5602 5603 5604 5605 5606 5607 5608 5609 5610 5611 5612 5613 5614 5615 5616 5617 5618 5619 5620 5621 5622 5623 5624 5625 5626 5627 5628 5629 5630 5631 5632 5633 5634 5635 5636 5637 5638 5639 5640 5641 5642 5643 5644 5645 5646 5647 5648 5649 5650 5651 5652 5653 5654 5655 5656 5657 5658 5659 5660 5661 5662 5663 5664 5665 5666 5667 5668 5669 5670 5671 5672 5673 5674 5675 5676 5677 5678 5679 5680 5681 5682 5683 5684 5685 5686 5687 5688 5689 5690 5691 5692 5693 5694 5695 5696 5697 5698 5699 5700 5701 5702 5703 5704 5705 5706 5707 5708 5709 5710 5711 5712 5713 5714 5715 5716 5717 5718 5719 5720 5721 5722 5723 5724 5725 5726 5727 5728 5729 5730 5731 5732 5733 5734 5735 5736 5737 5738 5739 5740 5741 5742 5743 5744 5745 5746 5747 5748 5749 5750 5751 5752 5753 5754 5755 5756 5757 5758 5759 5760 5761 5762 5763 5764 5765 5766 5767 5768 5769 5770 5771 5772 5773 5774 5775 5776 5777 5778 5779 5780 5781 5782 5783 5784 5785 5786 5787 5788 5789 5790 5791 5792 5793 5794 5795 5796 5797 5798 5799 5800 5801 5802 5803 5804 5805 5806 5807 5808 5809 5810 5811 5812 5813 5814 5815 5816 5817 5818 5819 5820 5821 5822 5823 5824 5825 5826 5827 5828 5829 5830 5831 5832 5833 5834 5835 5836 5837 5838 5839 5840 5841 5842 5843 5844 5845 5846 5847 5848 5849 5850 5851 5852 5853 5854 5855 5856 5857 5858 5859 5860 5861 5862 5863 5864 5865 5866 5867 5868 5869 5870 5871 5872 5873 5874 5875 5876 5877 5878 5879 5880 5881 5882 5883 5884 5885 5886 5887 5888 5889 5890 5891 5892 5893 5894 5895 5896 5897 5898 5899 5900 5901 5902 5903 5904 5905 5906 5907 5908 5909 5910 5911 5912 5913 5914 5915 5916 5917 5918 5919 5920 5921 5922 5923 5924 5925 5926 5927 5928 5929 5930 5931 5932 5933 5934 5935 5936 5937 5938 5939 5940 5941 5942 5943 5944 5945 5946 5947 5948 5949 5950 5951 5952 5953 5954 5955 5956 5957 5958 5959 5960 5961 5962 5963 5964 5965 5966 5967 5968 5969 5970 5971 5972 5973 5974 5975 5976 5977 5978 5979 5980 5981 5982 5983 5984 5985 5986 5987 5988 5989 5990 5991 5992 5993 5994 5995 5996 5997 5998 5999 6000 6001 6002 6003 6004 6005 6006 6007 6008 6009 6010 6011 6012 6013 6014 6015 6016 6017 6018 6019 6020 6021 6022 6023 6024 6025 6026 6027 6028 6029 6030 6031 6032 6033 6034 6035 6036 6037 6038 6039 6040 6041 6042 6043 6044 6045 6046 6047 6048 6049 6050 6051 6052 6053 6054 6055 6056 6057 6058 6059 6060 6061 6062 6063 6064 6065 6066 6067 6068 6069 6070 6071 6072 6073 6074 6075 6076 6077 6078 6079 6080 6081 6082 6083 6084 6085 6086 6087 6088 6089 6090 6091 6092 6093 6094 6095 6096 6097 6098 6099 6100 6101 6102 6103 6104 6105 6106 6107 6108 6109 6110 6111 6112 6113 6114 6115 6116 6117 6118 6119 6120 6121 6122 6123 6124 6125 6126 6127 6128 6129 6130 6131 6132 6133 6134 6135 6136 6137 6138 6139 6140 6141 6142 6143 6144 6145 6146 6147 6148 6149 6150 6151 6152 6153 6154 6155 6156 6157 6158 6159 6160 6161 6162 6163 6164 6165 6166 6167 6168 6169 6170 6171 6172 6173 6174 6175 6176 6177 6178 6179 6180 6181 6182 6183 6184 6185 6186 6187 6188 6189 6190 6191 6192 6193 6194 6195 6196 6197 6198 6199 6200 6201 6202 6203 6204 6205 6206 6207 6208 6209 6210 6211 6212 6213 6214 6215 6216 6217 6218 6219 6220 6221 6222 6223 6224 6225 6226 6227 6228 6229 6230 6231 6232 6233 6234 6235 6236 6237 6238 6239 6240 6241 6242 6243 6244 6245 6246 6247 6248 6249 6250 6251 6252 6253 6254 6255 6256 6257 6258 6259 6260 6261 6262 6263 6264 6265 6266 6267 6268 6269 6270 6271 6272 6273 6274 6275 6276 6277 6278 6279 6280 6281 6282 6283 6284 6285 6286 6287 6288 6289 6290 6291 6292 6293 6294 6295 6296 6297 6298 6299 6300 6301 6302 6303 6304 6305 6306 6307 6308 6309 6310 6311 6312 6313 6314 6315 6316 6317 6318 6319 6320 6321 6322 6323 6324 6325 6326 6327 6328 6329 6330 6331 6332 6333 6334 6335 6336 6337 6338 6339 6340 6341 6342 6343 6344 6345 6346 6347 6348 6349 6350 6351 6352 6353 6354 6355 6356 6357 6358 6359 6360 6361 6362 6363 6364 6365 6366 6367 6368 6369 6370 6371 6372 6373 6374 6375 6376 6377 6378 6379 6380 6381 6382 6383 6384 6385 6386 6387 6388 6389 6390 6391 6392 6393 6394 6395 6396 6397 6398 6399 6400 6401 6402 6403 6404 6405 6406 6407 6408 6409 6410 6411 6412 6413 6414 6415 6416 6417 6418 6419 6420 6421 6422 6423 6424 6425 6426 6427 6428 6429 6430 6431 6432 6433 6434 6435 6436 6437 6438 6439 6440 6441 6442 6443 6444 6445 6446 6447 6448 6449 6450 6451 6452 6453 6454 6455 6456 6457 6458 6459 6460 6461 6462 6463 6464 6465 6466 6467 6468 6469 6470 6471 6472 6473 6474 6475 6476 6477 6478 6479 6480 6481 6482 6483 6484 6485 6486 6487 6488 6489 6490 6491 6492 6493 6494 6495 6496 6497 6498 6499 6500 6501 6502 6503 6504 6505 6506 6507 6508 6509 6510 6511 6512 6513 6514 6515 6516 6517 6518 6519 6520 6521 6522 6523 6524 6525 6526 6527 6528 6529 6530 6531 6532 6533 6534 6535 6536 6537 6538 6539 6540 6541 6542 6543 6544 6545 6546 6547 6548 6549 6550 6551 6552 6553 6554 6555 6556 6557 6558 6559 6560 6561 6562 6563 6564 6565 6566 6567 6568 6569 6570 6571 6572 6573 6574 6575 6576 6577 6578 6579 6580 6581 6582 6583 6584 6585 6586 6587 6588 6589 6590 6591 6592 6593 6594 6595 6596 6597 6598 6599 6600 6601 6602 6603 6604 6605 6606 6607 6608 6609 6610 6611 6612 6613 6614 6615 6616 6617 6618 6619 6620 6621 6622 6623 6624 6625 6626 6627 6628 6629 6630 6631 6632 6633 6634 6635 6636 6637 6638 6639 6640 6641 6642 6643 6644 6645 6646 6647 6648 6649 6650 6651 6652 6653 6654 6655 6656 6657 6658 6659 6660 6661 6662 6663 6664 6665 6666 6667 6668 6669 6670 6671 6672 6673 6674 6675 6676 6677 6678 6679 6680 6681 6682 6683 6684 6685 6686 6687 6688 6689 6690 6691 6692 6693 6694 6695 6696 6697 6698 6699 6700 6701 6702 6703 6704 6705 6706 6707 6708 6709 6710 6711 6712 6713 6714 6715 6716 6717 6718 6719 6720 6721 6722 6723 6724 6725 6726 6727 6728 6729 6730 6731 6732 6733 6734 6735 6736 6737 6738 6739 6740 6741 6742 6743 6744 6745 6746 6747 6748 6749 6750 6751 6752 6753 6754 6755 6756 6757 6758 6759 6760 6761 6762 6763 6764 6765 6766 6767 6768 6769 6770 6771 6772 6773 6774 6775 6776 6777 6778 6779 6780 6781 6782 6783 6784 6785 6786 6787 6788 6789 6790 6791 6792 6793 6794 6795 6796 6797 6798 6799 6800 6801 6802 6803 6804 6805 6806 6807 6808 6809 6810 6811 6812 6813 6814 6815 6816 6817 6818 6819 6820 6821 6822 6823 6824 6825 6826 6827 6828 6829 6830 6831 6832 6833 6834 6835 6836 6837 6838 6839 6840 6841 6842 6843 6844 6845 6846 6847 6848 6849 6850 6851 6852 6853 6854 6855 6856 6857 6858 6859 6860 6861 6862 6863 6864 6865 6866 6867 6868 6869 6870 6871 6872 6873 6874 6875 6876 6877 6878 6879 6880 6881 6882 6883 6884 6885 6886 6887 6888 6889 6890 6891 6892 6893 6894 6895 6896 6897 6898 6899 6900 6901 6902 6903 6904 6905 6906 6907 6908 6909 6910 6911 6912 6913 6914 6915 6916 6917 6918 6919 6920 6921 6922 6923 6924 6925 6926 6927 6928 6929 6930 6931 6932 6933 6934 6935 6936 6937 6938 6939 6940 6941 6942 6943 6944 6945 6946 6947 6948 6949 6950 6951 6952 6953 6954 6955 6956 6957 6958 6959 6960 6961 6962 6963 6964 6965 6966 6967 6968 6969 6970 6971 6972 6973 6974 6975 6976 6977 6978 6979 6980 6981 6982 6983 6984 6985 6986 6987 6988 6989 6990 6991 6992 6993 6994 6995 6996 6997 6998 6999 7000 7001 7002 7003 7004 7005 7006 7007 7008 7009 7010 7011 7012 7013 7014 7015 7016 7017 7018 7019 7020 7021 7022 7023 7024 7025 7026 7027 7028 7029 7030 7031 7032 7033 7034 7035 7036 7037 7038 7039 7040 7041 7042 7043 7044 7045 7046 7047 7048 7049 7050 7051 7052 7053 7054 7055 7056 7057 7058 7059 7060 7061 7062 7063 7064 7065 7066 7067 7068 7069 7070 7071 7072 7073 7074 7075 7076 7077 7078 7079 7080 7081 7082 7083 7084 7085 7086 7087 7088 7089 7090 7091 7092 7093 7094 7095 7096 7097 7098 7099 7100 7101 7102 7103 7104 7105 7106 7107 7108 7109 7110 7111 7112 7113 7114 7115 7116 7117 7118 7119 7120 7121 7122 7123 7124 7125 7126 7127 7128 7129 7130 7131 7132 7133 7134 7135 7136 7137 7138 7139 7140 7141 7142 7143 7144 7145 7146 7147 7148 7149 7150 7151 7152 7153 7154 7155 7156 7157 7158 7159 7160 7161 7162 7163 7164 7165 7166 7167 7168 7169 7170 7171 7172 7173 7174 7175 7176 7177 7178 7179 7180 7181 7182 7183 7184 7185 7186 7187 7188 7189 7190 7191 7192 7193 7194 7195 7196 7197 7198 7199 7200 7201 7202 7203 7204 7205 7206 7207 7208 7209 7210 7211 7212 7213 7214 7215 7216 7217 7218 7219 7220 7221 7222 7223 7224 7225 7226 7227 7228 7229 7230 7231 7232 7233 7234 7235 7236 7237 7238 7239 7240 7241 7242 7243 7244 7245 7246 7247 7248 7249 7250 7251 7252 7253 7254 7255 7256 7257 7258 7259 7260 7261 7262 7263 7264 7265 7266 7267 7268 7269 7270 7271 7272 7273 7274 7275 7276 7277 7278 7279 7280 7281 7282 7283 7284 7285 7286 7287 7288 7289 7290 7291 7292 7293 7294 7295 7296 7297 7298 7299 7300 7301 7302 7303 7304 7305 7306 7307 7308 7309 7310 7311 7312 7313 7314 7315 7316 7317 7318 7319 7320 7321 7322 7323 7324 7325 7326 7327 7328 7329 7330 7331 7332 7333 7334 7335 7336 7337 7338 7339 7340 7341 7342 7343 7344 7345 7346 7347 7348 7349 7350 7351 7352 7353 7354 7355 7356 7357 7358 7359 7360 7361 7362 7363 7364 7365 7366 7367 7368 7369 7370 7371 7372 7373 7374 7375 7376 7377 7378 7379 7380 7381 7382 7383 7384 7385 7386 7387 7388 7389 7390 7391 7392 7393 7394 7395 7396 7397 7398 7399 7400 7401 7402 7403 7404 7405 7406 7407 7408 7409 7410 7411 7412 7413 7414 7415 7416 7417 7418 7419 7420 7421 7422 7423 7424 7425 7426 7427 7428 7429 7430 7431 7432 7433 7434 7435 7436 7437 7438 7439 7440 7441 7442 7443 7444 7445 7446 7447 7448 7449 7450 7451 7452 7453 7454 7455 7456 7457 7458 7459 7460 7461 7462 7463 7464 7465 7466 7467 7468 7469 7470 7471 7472 7473 7474 7475 7476 7477 7478 7479 7480 7481 7482 7483 7484 7485 7486 7487 7488 7489 7490 7491 7492 7493 7494 7495 7496 7497 7498 7499 7500 7501 7502 7503 7504 7505 7506 7507 7508 7509 7510 7511 7512 7513 7514 7515 7516 7517 7518 7519 7520 7521 7522 7523 7524 7525 7526 7527 7528 7529 7530 7531 7532 7533 7534 7535 7536 7537 7538 7539 7540 7541 7542 7543 7544 7545 7546 7547 7548 7549 7550 7551 7552 7553 7554 7555 7556 7557 7558 7559 7560 7561 7562 7563 7564 7565 7566 7567 7568 7569 7570 7571 7572 7573 7574 7575 7576 7577 7578 7579 7580 7581 7582 7583 7584 7585 7586 7587 7588 7589 7590 7591 7592 7593 7594 7595 7596 7597 7598 7599 7600 7601 7602 7603 7604 7605 7606 7607 7608 7609 7610 7611 7612 7613 7614 7615 7616 7617 7618 7619 7620 7621 7622 7623 7624 7625 7626 7627 7628 7629 7630 7631 7632 7633 7634 7635 7636 7637 7638 7639 7640 7641 7642 7643 7644 7645 7646 7647 7648 7649 7650 7651 7652 7653 7654 7655 7656 7657 7658 7659 7660 7661 7662 7663 7664 7665 7666 7667 7668 7669 7670 7671 7672 7673 7674 7675 7676 7677 7678 7679 7680 7681 7682 7683 7684 7685 7686 7687 7688 7689 7690 7691 7692 7693 7694 7695 7696 7697 7698 7699 7700 7701 7702 7703 7704 7705 7706 7707 7708 7709 7710 7711 7712 7713 7714 7715 7716 7717 7718 7719 7720 7721 7722 7723 7724 7725 7726 7727 7728 7729 7730 7731 7732 7733 7734 7735 7736 7737 7738 7739 7740 7741 7742 7743 7744 7745 7746 7747 7748 7749 7750 7751 7752 7753 7754 7755 7756 7757 7758 7759 7760 7761 7762 7763 7764 7765 7766 7767 7768 7769 7770 7771 7772 7773 7774 7775 7776 7777 7778 7779 7780 7781 7782 7783 7784 7785 7786 7787 7788 7789 7790 7791 7792 7793 7794 7795 7796 7797 7798 7799 7800 7801 7802 7803 7804 7805 7806 7807 7808 7809 7810 7811 7812 7813 7814 7815 7816 7817 7818 7819 7820 7821 7822 7823 7824 7825 7826 7827 7828 7829 7830 7831 7832 7833 7834 7835 7836 7837 7838 7839 7840 7841 7842 7843 7844 7845 7846 7847 7848 7849 7850 7851 7852 7853 7854 7855 7856 7857 7858 7859 7860 7861 7862 7863 7864 7865 7866 7867 7868 7869 7870 7871 7872 7873 7874 7875 7876 7877 7878 7879 7880 7881 7882 7883 7884 7885 7886 7887 7888 7889 7890 7891 7892 7893 7894 7895 7896 7897 7898 7899 7900 7901 7902 7903 7904 7905 7906 7907 7908 7909 7910 7911 7912 7913 7914 7915 7916 7917 7918 7919 7920 7921 7922 7923 7924 7925 7926 7927 7928 7929 7930 7931 7932 7933 7934 7935 7936 7937 7938 7939 7940 7941 7942 7943 7944 7945 7946 7947 7948 7949 7950 7951 7952 7953 7954 7955 7956 7957 7958 7959 7960 7961 7962 7963 7964 7965 7966 7967 7968 7969 7970 7971 7972 7973 7974 7975 7976 7977 7978 7979 7980 7981 7982 7983 7984 7985 7986 7987 7988 7989 7990 7991 7992 7993 7994 7995 7996 7997 7998 7999 8000 8001 8002 8003 8004 8005 8006 8007 8008 8009 8010 8011 8012 8013 8014 8015 8016 8017 8018 8019 8020 8021 8022 8023 8024 8025 8026 8027 8028 8029 8030 8031 8032 8033 8034 8035 8036 8037 8038 8039 8040 8041 8042 8043 8044 8045 8046 8047 8048 8049 8050 8051 8052 8053 8054 8055 8056 8057 8058 8059 8060 8061 8062 8063 8064 8065 8066 8067 8068 8069 8070 8071 8072 8073 8074 8075 8076 8077 8078 8079 8080 8081 8082 8083 8084 8085 8086 8087 8088 8089 8090 8091 8092 8093 8094 8095 8096 8097 8098 8099 8100 8101 8102 8103 8104 8105 8106 8107 8108 8109 8110 8111 8112 8113 8114 8115 8116 8117 8118 8119 8120 8121 8122 8123 8124 8125 8126 8127 8128 8129 8130 8131 8132 8133 8134 8135 8136 8137 8138 8139 8140 8141 8142 8143 8144 8145 8146 8147 8148 8149 8150 8151 8152 8153 8154 8155 8156 8157 8158 8159 8160 8161 8162 8163 8164 8165 8166 8167 8168 8169 8170 8171 8172 8173 8174 8175 8176 8177 8178 8179 8180 8181 8182 8183 8184 8185 8186 8187 8188 8189 8190 8191 8192 8193 8194 8195 8196 8197 8198 8199 8200 8201 8202 8203 8204 8205 8206 8207 8208 8209 8210 8211 8212 8213 8214 8215 8216 8217 8218 8219 8220 8221 8222 8223 8224 8225 8226 8227 8228 8229 8230 8231 8232 8233 8234 8235 8236 8237 8238 8239 8240 8241 8242 8243 8244 8245 8246 8247 8248 8249 8250 8251 8252 8253 8254 8255 8256 8257 8258 8259 8260 8261 8262 8263 8264 8265 8266 8267 8268 8269 8270 8271 8272 8273 8274 8275 8276 8277 8278 8279 8280 8281 8282 8283 8284 8285 8286 8287 8288 8289 8290 8291 8292 8293 8294 8295 8296 8297 8298 8299 8300 8301 8302 8303 8304 8305 8306 8307 8308 8309 8310 8311 8312 8313 8314 8315 8316 8317 8318 8319 8320 8321 8322 8323 8324 8325 8326 8327 8328 8329 8330 8331 8332 8333 8334 8335 8336 8337 8338 8339 8340 8341 8342 8343 8344 8345 8346 8347 8348 8349 8350 8351 8352 8353 8354 8355 8356 8357 8358 8359 8360 8361 8362 8363 8364 8365 8366 8367 8368 8369 8370 8371 8372 8373 8374 8375 8376 8377 8378 8379 8380 8381 8382 8383 8384 8385 8386 8387 8388 8389 8390 8391 8392 8393 8394 8395 8396 8397 8398 8399 8400 8401 8402 8403 8404 8405 8406 8407 8408 8409 8410 8411 8412 8413 8414 8415 8416 8417 8418 8419 8420 8421 8422 8423 8424 8425 8426 8427 8428 8429 8430 8431 8432 8433 8434 8435 8436 8437 8438 8439 8440 8441 8442 8443 8444 8445 8446 8447 8448 8449 8450 8451 8452 8453 8454 8455 8456 8457 8458 8459 8460 8461 8462 8463 8464 8465 8466 8467 8468 8469 8470 8471 8472 8473 8474 8475 8476 8477 8478 8479 8480 8481 8482 8483 8484 8485 8486 8487 8488 8489 8490 8491 8492 8493 8494 8495 8496 8497 8498 8499 8500 8501 8502 8503 8504 8505 8506 8507 8508 8509 8510 8511 8512 8513 8514 8515 8516 8517 8518 8519 8520 8521 8522 8523 8524 8525 8526 8527 8528 8529 8530 8531 8532 8533 8534 8535 8536 8537 8538 8539 8540 8541 8542 8543 8544 8545 8546 8547 8548 8549 8550 8551 8552 8553 8554 8555 8556 8557 8558 8559 8560 8561 8562 8563 8564 8565 8566 8567 8568 8569 8570 8571 8572 8573 8574 8575 8576 8577 8578 8579 8580 8581 8582 8583 8584 8585 8586 8587 8588 8589 8590 8591 8592 8593 8594 8595 8596 8597 8598 8599 8600 8601 8602 8603 8604 8605 8606 8607 8608 8609 8610 8611 8612 8613 8614 8615 8616 8617 8618 8619 8620 8621 8622 8623 8624 8625 8626 8627 8628 8629 8630 8631 8632 8633 8634 8635 8636 8637 8638 8639 8640 8641 8642 8643 8644 8645 8646 8647 8648 8649 8650 8651 8652 8653 8654 8655 8656 8657 8658 8659 8660 8661 8662 8663 8664 8665 8666 8667 8668 8669 8670 8671 8672 8673 8674 8675 8676 8677 8678 8679 8680 8681 8682 8683 8684 8685 8686 8687 8688 8689 8690 8691 8692 8693 8694 8695 8696 8697 8698 8699 8700 8701 8702 8703 8704 8705 8706 8707 8708 8709 8710 8711 8712 8713 8714 8715 8716 8717 8718 8719 8720 8721 8722 8723 8724 8725 8726 8727 8728 8729 8730 8731 8732 8733 8734 8735 8736 8737 8738 8739 8740 8741 8742 8743 8744 8745 8746 8747 8748 8749 8750 8751 8752 8753 8754 8755 8756 8757 8758 8759 8760 8761 8762 8763 8764 8765 8766 8767 8768 8769 8770 8771 8772 8773 8774 8775 8776 8777 8778 8779 8780 8781 8782 8783 8784 8785 8786 8787 8788 8789 8790 8791 8792 8793 8794 8795 8796 8797 8798 8799 8800 8801 8802 8803 8804 8805 8806 8807 8808 8809 8810 8811 8812 8813 8814 8815 8816 8817 8818 8819 8820 8821 8822 8823 8824 8825 8826 8827 8828 8829 8830 8831 8832 8833 8834 8835 8836 8837 8838 8839 8840 8841 8842 8843 8844 8845 8846 8847 8848 8849 8850 8851 8852 8853 8854 8855 8856 8857 8858 8859 8860 8861 8862 8863 8864 8865 8866 8867 8868 8869 8870 8871 8872 8873 8874 8875 8876 8877 8878 8879 8880 8881 8882 8883 8884 8885 8886 8887 8888 8889 8890 8891 8892 8893 8894 8895 8896 8897 8898 8899 8900 8901 8902 8903 8904 8905 8906 8907 8908 8909 8910 8911 8912 8913 8914 8915 8916 8917 8918 8919 8920 8921 8922 8923 8924 8925 8926 8927 8928 8929 8930 8931 8932 8933 8934 8935 8936 8937 8938 8939 8940 8941 8942 8943 8944 8945 8946 8947 8948 8949 8950 8951 8952 8953 8954 8955 8956 8957 8958 8959 8960 8961 8962 8963 8964 8965 8966 8967 8968 8969 8970 8971 8972 8973 8974 8975 8976 8977 8978 8979 8980 8981 8982 8983 8984 8985 8986 8987 8988 8989 8990 8991 8992 8993 8994 8995 8996 8997 8998 8999 9000 9001 9002 9003 9004 9005 9006 9007 9008 9009 9010 9011 9012 9013 9014 9015 9016 9017 9018 9019 9020 9021 9022 9023 9024 9025 9026 9027 9028 9029 9030 9031 9032 9033 9034 9035 9036 9037 9038 9039 9040 9041 9042 9043 9044 9045 9046 9047 9048 9049 9050 9051 9052 9053 9054 9055 9056 9057 9058 9059 9060 9061 9062 9063 9064 9065 9066 9067 9068 9069 9070 9071 9072 9073 9074 9075 9076 9077 9078 9079 9080 9081 9082 9083 9084 9085 9086 9087 9088 9089 9090 9091 9092 9093 9094 9095 9096 9097 9098 9099 9100 9101 9102 9103 9104 9105 9106 9107 9108 9109 9110 9111 9112 9113 9114 9115 9116 9117 9118 9119 9120 9121 9122 9123 9124 9125 9126 9127 9128 9129 9130 9131 9132 9133 9134 9135 9136 9137 9138 9139 9140 9141 9142 9143 9144 9145 9146 9147 9148 9149 9150 9151 9152 9153 9154 9155 9156 9157 9158 9159 9160 9161 9162 9163 9164 9165 9166 9167 9168 9169 9170 9171 9172 9173 9174 9175 9176 9177 9178 9179 9180 9181 9182 9183 9184 9185 9186 9187 9188 9189 9190 9191 9192 9193 9194 9195 9196 9197 9198 9199 9200 9201 9202 9203 9204 9205 9206 9207 9208 9209 9210 9211 9212 9213 9214 9215 9216 9217 9218 9219 9220 9221 9222 9223 9224 9225 9226 9227 9228 9229 9230 9231 9232 9233 9234 9235 9236 9237 9238 9239 9240 9241 9242 9243 9244 9245 9246 9247 9248 9249 9250 9251 9252 9253 9254 9255 9256 9257 9258 9259 9260 9261 9262 9263 9264 9265 9266 9267 9268 9269 9270 9271 9272 9273 9274 9275 9276 9277 9278 9279 9280 9281 9282 9283 9284 9285 9286 9287 9288 9289 9290 9291 9292 9293 9294 9295 9296 9297 9298 9299 9300 9301 9302 9303 9304 9305 9306 9307 9308 9309 9310 9311 9312 9313 9314 9315 9316 9317 9318 9319 9320 9321 9322 9323 9324 9325 9326 9327 9328 9329 9330 9331 9332 9333 9334 9335 9336 9337 9338 9339 9340 9341 9342 9343 9344 9345 9346 9347 9348 9349 9350 9351 9352 9353 9354 9355 9356 9357 9358 9359 9360 9361 9362 9363 9364 9365 9366 9367 9368 9369 9370 9371 9372 9373 9374 9375 9376 9377 9378 9379 9380 9381 9382 9383 9384 9385 9386 9387 9388 9389 9390 9391 9392 9393 9394 9395 9396 9397 9398 9399 9400 9401 9402 9403 9404 9405 9406 9407 9408 9409 9410 9411 9412 9413 9414 9415 9416 9417 9418 9419 9420 9421 9422 9423 9424 9425 9426 9427 9428 9429 9430 9431 9432 9433 9434 9435 9436 9437 9438 9439 9440 9441 9442 9443 9444 9445 9446 9447 9448 9449 9450 9451 9452 9453 9454 9455 9456 9457 9458 9459 9460 9461 9462 9463 9464 9465 9466 9467 9468 9469 9470 9471 9472 9473 9474 9475 9476 9477 9478 9479 9480 9481 9482 9483 9484 9485 9486 9487 9488 9489 9490 9491 9492 9493 9494 9495 9496 9497 9498 9499 9500 9501 9502 9503 9504 9505 9506 9507 9508 9509 9510 9511 9512 9513 9514 9515 9516 9517 9518 9519 9520 9521 9522 9523 9524 9525 9526 9527 9528 9529 9530 9531 9532 9533 9534 9535 9536 9537 9538 9539 9540 9541 9542 9543 9544 9545 9546 9547 9548 9549 9550 9551 9552 9553 9554 9555 9556 9557 9558 9559 9560 9561 9562 9563 9564 9565 9566 9567 9568 9569 9570 9571 9572 9573 9574 9575 9576 9577 9578 9579 9580 9581 9582 9583 9584 9585 9586 9587 9588 9589 9590 9591 9592 9593 9594 9595 9596 9597 9598 9599 9600 9601 9602 9603 9604 9605 9606 9607 9608 9609 9610 9611 9612 9613 9614 9615 9616 9617 9618 9619 9620 9621 9622 9623 9624 9625 9626 9627 9628 9629 9630 9631 9632 9633 9634 9635 9636 9637 9638 9639 9640 9641 9642 9643 9644 9645 9646 9647 9648 9649 9650 9651 9652 9653 9654 9655 9656 9657 9658 9659 9660 9661 9662 9663 9664 9665 9666 9667 9668 9669 9670 9671 9672 9673 9674 9675 9676 9677 9678 9679 9680 9681 9682 9683 9684 9685 9686 9687 9688 9689 9690 9691 9692 9693 9694 9695 9696 9697 9698 9699 9700 9701 9702 9703 9704 9705 9706 9707 9708 9709 9710 9711 9712 9713 9714 9715 9716 9717 9718 9719 9720 9721 9722 9723 9724 9725 9726 9727 9728 9729 9730 9731 9732 9733 9734 9735 9736 9737 9738 9739 9740 9741 9742 9743 9744 9745 9746 9747 9748 9749 9750 9751 9752 9753 9754 9755 9756 9757 9758 9759 9760 9761 9762 9763 9764 9765 9766 9767 9768 9769 9770 9771 9772 9773 9774 9775 9776 9777 9778 9779 9780 9781 9782 9783 9784 9785 9786 9787 9788 9789 9790 9791 9792 9793 9794 9795 9796 9797 9798 9799 9800 9801 9802 9803 9804 9805 9806 9807 9808 9809 9810 9811 9812 9813 9814 9815 9816 9817 9818 9819 9820 9821 9822 9823 9824 9825 9826 9827 9828 9829 9830 9831 9832 9833 9834 9835 9836 9837 9838 9839 9840 9841 9842 9843 9844 9845 9846 9847 9848 9849 9850 9851 9852 9853 9854 9855 9856 9857 9858 9859 9860 9861 9862 9863 9864 9865 9866 9867 9868 9869 9870 9871 9872 9873 9874 9875 9876 9877 9878 9879 9880 9881 9882 9883 9884 9885 9886 9887 9888 9889 9890 9891 9892 9893 9894 9895 9896 9897 9898 9899 9900 9901 9902 9903 9904 9905 9906 9907 9908 9909 9910 9911 9912 9913 9914 9915 9916 9917 9918 9919 9920 9921 9922 9923 9924 9925 9926 9927 9928 9929 9930 9931 9932 9933 9934 9935 9936 9937 9938 9939 9940 9941 9942 9943 9944 9945 9946 9947 9948 9949 9950 9951 9952 9953 9954 9955 9956 9957 9958 9959 9960 9961 9962 9963 9964 9965 9966 9967 9968 9969 9970 9971 9972 9973 9974 9975 9976 9977 9978 9979 9980 9981 9982 9983 9984 9985 9986 9987 9988 9989 9990 9991 9992 9993 9994 9995 9996 9997 9998 9999 10000 10001 10002 10003 10004 10005 10006 10007 10008 10009 10010 10011 10012 10013 10014 10015 10016 10017 10018 10019 10020 10021 10022 10023 10024 10025 10026 10027 10028 10029 10030 10031 10032 10033 10034 10035 10036 10037 10038 10039 10040 10041 10042 10043 10044 10045 10046 10047 10048 10049 10050 10051 10052 10053 10054 10055 10056 10057 10058 10059 10060 10061 10062 10063 10064 10065 10066 10067 10068 10069 10070 10071 10072 10073 10074 10075 10076 10077 10078 10079 10080 10081 10082 10083 10084 10085 10086 10087 10088 10089 10090 10091 10092 10093 10094 10095 10096 10097 10098 10099 10100 10101
p1:1 A 0 1 2 3 4 5 6 7 8 9 10 11 12 13 14 15 16 17 18 19 20 21 22 23 24 25 26 27 28 29 30 31 32 33 34 35 36 37 38 39 40 41 42 43 44 45 46 47 48 49 50 51 52 53 54 55 56 57 58 59 60 61 62 63 64 65 66 67 68 69 70 71 72 73 74 75 76 77 78 79 80 81 82 83 84 85 86 87 88 89 90 91 92 93 94 95 96 97 98 99 100 101 102 103 104 105 106 107 108 109 110 111 112 113 114 115 116 117 118 119 120 121 122 123 124 125 126 127 128 129 130 131 132 133 134 135 136 137 138 139 140 141 142 143 144 145 146 147 148 149 150 151 152 153 154 155 156 157 158 159 160 161 162 163 164 165 166 167 168 169 170 171 172 173 174 175 176 177 178 179 180 181 182 183 184 185 186 187 188 189 190 191 192 193 194 195 196 197 198 199 200 201 202 203 204 205 206 207 208 209 210 211 212 213 214 215 216 217 218 219 220 221 222 223 224 225 226 227 228 229 230 231 232 233 234 235 236 237 238 239 240 241 242 243 244 245 246 247 248 249 250 251 252 253 254 255 256 257 258 259 260 261 262 263 264 265 266 267 268 269 270 271 272 273 274 275 276 277 278 279 280 281 282 283 284 285 286 287 288 289 290 291 292 293 294 295 296 297 298 299 300 301 302 303 304 305 306 307 308 309 310 311 312 313 314 315 316 317 318 319 320 321 322 323 324 325 326 327 328 329 330 331 332 333 334 335 336 337 338 339 340 341 342 343 344 345 346 347 348 349 350 351 352 353 354 355 356 357 358 359 360 361 362 363 364 365 366 367 368 369 370 371 372 373 374 375 376 377 378 379 380 381 382 383 384 385 386 387 388 389 390 391 392 393 394 395 396 397 398 399 400 401 402 403 404 405 406 407 408 409 410 411 412 413 414 415 416 417 418 419 420 421 422 423 424 425 426 427 428 429 430 431 432 433 434 435 436 437 438 439 440 441 442 443 444 445 446 447 448 449 450 451 452 453 454 455 456 457 458 459 460 461 462 463 464 465 466 467 468 469 470 471 472 473 474 475 476 477 478 479 480 481 482 483 484 485 486 487 488 489 490 491 492 493 494 495 496 497 498 499 500 501 502 503 504 505 506 507 508 509 510 511 512 513 514 515 516 517 518 519 520 521 522 523 524 525 526 527 528 529 530 531 532 533 534 535 536 537 538 539 540 541 542 543 544 545 546 547 548 549 550 551 552 553 554 555 556 557 558 559 560 561 562 563 564 565 566 567 568 569 570 571 572 573 574 575 576 577 578 579 580 581 582 583 584 585 586 587 588 589 590 591 592 593 594 595 596 597 598 599 600 601 602 603 604 605 606 607 608 609 610 611 612 613 614 615 616 617 618 619 620 621 622 623 624 625 626 627 628 629 630 631 632 633 634 635 636 637 638 639 640 641 642 643 644 645 646 647 648 649 650 651 652 653 654 655 656 657 658 659 660 661 662 663 664 665 666 667 668 669 670 671 672 673 674 675 676 677 678 679 680 681 682 683 684 685 686 687 688 689 690 691 692 693 694 695 696 697 698 699 700 701 702 703 704 705 706 707 708 709 710 711 712 713 714 715 716 717 718 719 720 721 722 723 724 725 726 727 728 729 730 731 732 733 734 735 736 737 738 739 740 741 742 743 744 745 746 747 748 749 750 751 752 753 754 755 756 757 758 759 760 761 762 763 764 765 766 767 768 769 770 771 772 773 774 775 776 777 778 779 780 781 782 783 784 785 786 787 788 789 790 791 792 793 794 795 796 797 798 799 800 801 802 803 804 805 806 807 808 809 810 811 812 813 814 815 816 817 818 819 820 821 822 823 824 825 826 827 828 829 830 831 832 833 834 835 836 837 838 839 840 841 842 843 844 845 846 847 848 849 850 851 852 853 854 855 856 857 858 859 860 861 862 863 864 865 866 867 868 869 870 871 872 873 874 875 876 877 878 879 880 881 882 883 884 885 886 887 888 889 890 891 892 893 894 895 896 897 898 899 900 901 902 903 904 905 906 907 908 909 910 911 912 913 914 915 916 917 918 919 920 921 922 923 924 925 926 927 928 929 930 931 932 933 934 935 936 937 938 939 940 941 942 943 944 945 946 947 948 949 950 951 952 953 954 955 956 957 958 959 960 961 962 963 964 965 966 967 968 969 970 971 972 973 974 975 976 977 978 979 980 981 982 983 984 985 986 987 988 989 990 991 992 993 994 995 996 997 998 999 1000 1001 1002 1003 1004 1005 1006 1007 1008 1009 1010 1011 1012 1013 1014 1015 1016 1017 1018 1019 1020 1021 1022 1023 1024 1025 1026 1027 1028 1029 1030 1031 1032 1033 1034 1035 1036 1037 1038 1039 1040 1041 1042 1043 1044 1045 1046 1047 1048 1049 1050 1051 1052 1053 1054 1055 1056 1057 1058 1059 1060 1061 1062 1063 1064 1065 1066 1067 1068 1069 1070 1071 1072 1073 1074 1075 1076 1077 1078 1079 1080 1081 1082 1083 1084 1085 1086 1087 1088 1089 1090 1091 1092 1093 1094 1095 1096 1097 1098 1099 1100 1101 1102 1103 1104 1105 1106 1107 1108 1109 1110 1111 1112 1113 1114 1115 1116 1117 1118 1119 1120 1121 1122 1123 1124 1125 1126 1127 1128 1129 1130 1131 1132 1133 1134 1135 1136 1137 1138 1139 1140 1141 1142 1143 1144 1145 1146 1147 1148 1149 1150 1151 1152 1153 1154 1155 1156 1157 1158 1159 1160 1161 1162 1163 1164 1165 1166 1167 1168 1169 1170 1171 1172 1173 1174 1175 1176 1177 1178 1179 1180 1181 1182 1183 1184 1185 1186 1187 1188 1189 1190 1191 1192 1193 1194 1195 1196 1197 1198 1199 1200 1201 1202 1203 1204 1205 1206 1207 1208 1209 1210 1211 1212 1213 1214 1215 1216 1217 1218 1219 1220 1221 1222 1223 1224 1225 1226 1227 1228 1229 1230 1231 1232 1233 1234 1235 1236 1237 1238 1239 1240 1241 1242 1243 1244 1245 1246 1247 1248 1249 1250 1251 1252 1253 1254 1255 1256 1257 1258 1259 1260 1261 1262 1263 1264 1265 1266 1267 1268 1269 1270 1271 1272 1273 1274 1275 1276 1277 1278 1279 1280 1281 1282 1283 1284 1285 1286 1287 1288 1289 1290 1291 1292 1293 1294 1295 1296 1297 1298 1299 1300 1301 1302 1303 1304 1305 1306 1307 1308 1309 1310 1311 1312 1313 1314 1315 1316 1317 1318 1319 1320 1321 1322 1323 1324 1325 1326 1327 1328 1329 1330 1331 1332 1333 1334 1335 1336 1337 1338 1339 1340 1341 1342 1343 1344 1345 1346 1347 1348 1349 1350 1351 1352 1353 1354 1355 1356 1357 1358 1359 1360 1361 1362 1363 1364 1365 1366 1367 1368 1369 1370 1371 1372 1373 1374 1375 1376 1377 1378 1379 1380 1381 1382 1383 1384 1385 1386 1387 1388 1389 1390 1391 1392 1393 1394 1395 1396 1397 1398 1399 1400 1401 1402 1403 1404 1405 1406 1407 1408 1409 1410 1411 1412 1413 1414 1415 1416 1417 1418 1419 1420 1421 1422 1423 1424 1425 1426 1427 1428 1429 1430 1431 1432 1433 1434 1435 1436 1437 1438 1439 1440 1441 1442 1443 1444 1445 1446 1447 1448 1449 1450 1451 1452 1453 1454 1455 1456 1457 1458 1459 1460 1461 1462 1463 1464 1465 1466 1467 1468 1469 1470 1471 1472 1473 1474 1475 1476 1477 1478 1479 1480 1481 1482 1483 1484 1485 1486 1487 1488 1489 1490 1491 1492 1493 1494 1495 1496 1497 1498 1500 1501 1502 1503 1504 1505 1506 1507 1508 1509 1510 1511 1512 1513 1514 1515 1516 1517 1518 1519 1520 1521 1522 1523 1524 1525 1526 1527 1528 1529 1530 1531 1532 1533 1534 1535 1536 1537 1538 1539 1540 1541 1542 1543 1544 1545 1546 1547 1548 1549 1550 1551 1552 1553 1554 1555 1556 1557 1558 1559 1560 1561 1562 1563 1564 1565 1566 1567 1568 1569 1570 1571 1572 1573 1574 1575 1576 1577 1578 1579 1580 1581 1582 1583 1584 1585 1586 1587 1588 1589 1590 1591 1592 1593 1594 1595 1596 1597 1598 1599 1600 1601 1602 1603 1604 1605 1606 1607 1608 1609 1610 1611 1612 1613 1614 1615 1616 1617 1618 1619 1620 1621 1622 1623 1624 1625 1626 1627 1628 1629 1630 1631 1632 1633 1634 1635 1636 1637 1638 1639 1640 1641 1642 1643 1644 1645 1646 1647 1648 1649 1650 1651 1652 1653 1654 1655 1656 1657 1658 1659 1660 1661 1662 1663 1664 1665 1666 1667 1668 1669 1670 1671 1672 1673 1674 1675 1676 1677 1678 1679 1680 1681 1682 1683 1684 1685 1686 1687 1688 1689 1690 1691 1692 1693 1694 1695 1696 1697 1698 1699 1700 1701 1702 1703 1704 1705 1706 1707 1708 1709 1710 1711 1712 1713 1714 1715 1716 1717 1718 1719 1720 1721 1722 1723 1724 1725 1726 1727 1728 1729 1730 1731 1732 1733 1734 1735 1736 1737 1738 1739 1740 1741 1742 1743 1744 1745 1746 1747 1748 1749 1750 1751 1752 1753 1754 1755 1756 1757 1758 1759 1760 1761 1762 1763 1764 1765 1766 1767 1768 10102 1769 1770 1771 1772 1773 1774 1775 1776 1777 1778 1779 1780 1781 1782 1783 1784 1785 1786 1787 1788 1789 1790 1791 1792 1794 1795 1796 1797 1798 1799 1800 1801 1802 1803 1804 1805 1806 1807 1808 1809 1810 1811 1812 1813 1814 1815 1816 1817 1818 1819 1820 1821 1822 1823 1824 1825 1826 1827 1828 1829 1830 1831 1832 1833 1834 1835 1836 1837 1838 1839 1840 1841 1842 1843 1844 1845 1846 1847 10103 1848 1849 1850 1851 1852 1853 1854 1855 1856 1857 1858 1859 1860 1861 1862 1863 1864 1865 1866 1867 1868 1869 1870 1871 1872 1873 1874 1875 1876 1877 1878 1879 1880 1881 1882 1883 1884 1885 1886 1887 1888 1889 1890 1891 1892 1893 1894 1895 1896 1897 1898 1899 1900 1901 1902 1903 1904 1905 1906 1907 1908 1909 1910 1911 1912 1913 1914 1915 1916 1917 1918 1919 1920 1921 1922 10104 1923 1924 1925 1926 1927 1928 1929 1930 1931 1932 1933 1934 1935 1936 1937 1938 1939 1940 1941 1942 1943 1944 1945 1946 1947 1948 1949 1950 1951 1952 1953 1954 1955 1956 1957 1958 1959 1960 1961 1962 1963 1964 1965 1966 1967 1968 1969 1970 1971 1972 1973 1974 1975 1976 1977 1978 1979 1980 1981 1982 1983 1984 1985 1986 1987 1988 1989 1990 1991 1992 1993 1994 1995 1996 1997 1998 1999 2000 2001 2002 2003 2004 2005 2006 2007 2008 2009 2010 2011 2012 2013 2014 2015 2016 2017 2018 2019 2020 2021 2022 2023 2024 2025 2026 2027 2028 2029 2030 2031 2032 2033 2034 2035 2036 2037 2038 2039 2040 2041 2042 2043 2044 2045 2046 2047 2048 2049 2050 2051 2052 2053 2054 2055 2056 2057 2058 2059 2060 2061 2062 2063 2064 2065 2066 2067 2068 2069 2070 2071 2072 2073 2074 2075 2076 2077 2078 2079 2080 2081 2082 2083 2084 2085 2086 2087 2088 2089 2090 2091 2092 2093 2094 2095 2096 2097 2098 2099 2100 2101 2102 2103 2104 2105 2106 2107 2108 2109 2110 2111 2112 2113 2114 2115 2116 2117 2118 2119 2120 2121 2122 2123 2124 2125 2126 2127 2128 2129 2130 2131 2132 2133 2134 2135 2136 2137 2138 2139 2140 2141 2142 2143 2144 2145 2146 2147 2148 2149 2150 2151 2152 2153 2154 2155 2156 2157 2158 2159 2160 2161 2162 2163 2164 2165 2166 2167 2168 2169 2170 2171 2172 2173 2174 2175 2176 2177 2178 2179 2180 2181 2182 2183 2184 2185 2186 2187 2188 2189 2190 2191 2192 2193 2194 2195 2196 2197 2198 2199 2200 2201 2202 2203 2204 2205 2206 2207 2208 2209 2210 2211 2212 2213 2214 2215 2216 2217 2218 2219 2220 2221 2222 2223 2224 2225 2226 2227 2228 2229 2230 2231 2232 2233 2234 2235 2236 2237 2238 2239 2240 2241 2242 2243 2244 2245 2246 2247 2248 2249 2250 2251 2252 2253 2254 2255 2256 2257 2258 2259 2260 2261 2262 2263 2264 2265 2266 2267 2268 2269 2270 2271 2272 2273 2274 2275 2276 2277 2278 2279 2280 2281 2282 2283 2284 2285 2286 2287 2288 2289 2290 2291 2292 2293 2294 2295 2296 2297 2298 2299 2300 2301 2302 2303 2304 2305 2306 2307 2308 2309 2310 2311 2312 2313 2314 2315 2316 2317 2318 2319 2320 2321 2322 2323 2324 2325 2326 2327 2328 2329 2330 2331 2332 2333 2334 2335 2336 2337 2338 2339 2340 2341 2342 2343 2344 2345 2346 2347 2348 2349 2350 2351 2352 2353 2354 2355 2356 2357 2358 2359 2360 2361 2362 2363 2364 2365 2366 2367 2368 2369 2370 2371 2372 2373 2374 2375 2376 2377 2378 2379 2380 2381 2382 2383 2384 2385 2386 2387 2388 2389 2390 2391 2392 2393 2394 2395 2396 2397 2398 2399 2400 2401 2402 2403 2404 2405 2406 2407 2408 2409 2410 2411 2412 2413 2414 2415 2416 2417 2418 2419 2420 2421 2422 2423 2424 2425 2426 2427 2428 2429 2430 2431 2432 2433 2434 2435 2436 2437 2438 2439 2440 2441 2442 2443 2444 2445 2446 2447 2448 2449 2450 2451 2452 2453 2454 2455 2456 2457 2458 2459 2460 2461 2462 2463 2464 2465 2466 2467 2468 2469 2470 2471 2472 2473 2474 2475 2476 2477 2478 2479 2480 2481 2482 2483 2484 2485 2486 2487 2488 2489 2490 2491 2492 2493 2494 2495 2496 2497 2498 2499 2500 2501 2502 2503 2504 2505 2506 2507 2508 2509 2510 2511 2512 2513 2514 2515 2516 2517 2518 2519 2520 2521 2522 2523 2524 2525 2526 2527 2528 2529 2530 2531 2532 2533 2534 2535 2536 2537 2538 2539 2540 2541 2542 2543 2544 2545 2546 2547 2548 2549 2550 2551 2552 2553 2554 2555 2556 2557 2558 2559 2560 2561 2562 2563 2564 2565 2566 2567 2568 2569 2570 2571 2572 2573 2574 2575 2576 2577 2578 2579 2580 2581 2582 2583 2584 2585 2586 2587 2588 2589 2590 2591 2592 2593 2594 2595 2596 2597 2598 2599 2600 2601 2602 2603 2604 2605 2606 2607 2608 2609 2610 2611 2612 2613 2614 2615 2616 2617 2618 2619 2620 2621 2622 2623 2624 2625 2626 2627 2628 2629 2630 2631 2632 2633 2634 2635 2636 2637 2638 2639 2640 2641 2642 2643 2644 2645 2646 2647 2648 2649 2650 2651 2652 2653 2654 2655 2656 2657 2658 2659 2660 2661 2662 2663 2664 2665 2666 2667 2668 2669 2670 2671 2672 2673 2674 2675 2676 2677 2678 2679 2680 2681 2682 2683 2684 2685 2686 2687 2688 2689 2690 2691 2692 2693 2694 2695 2696 2697 2698 2699 2700 2701 2702 2703 2704 2705 2706 2707 2708 2709 2710 2711 2712 2713 2714 2715 2716 2717 2718 2719 2720 2721 2722 2723 2724 2725 2726 2727 2728 2729 2730 2731 2732 2733 2734 2735 2736 2737 2738 2739 2740 2741 2742 2743 2744 2745 2746 2747 2748 2749 2750 2751 2752 2753 2754 2755 2756 2757 2758 2759 2760 2761 2762 2763 2764 2765 2766 2767 2768 2769 2770 2771 2772 2773 2774 2775 2776 2777 2778 2779 2780 2781 2782 2783 2784 2785 2786 10105 2787 2788 2789 2790 2791 2792 2793 2794 2795 2796 2797 2798 2799 2800 2801 2802 2803 2804 2805 2806 2807 2808 2809 2810 2811 2812 2813 2814 2815 2816 2817 2818 2819 2820 2821 2822 2823 2824 2825 2826 2827 2828 2829 2830 2831 2832 2833 2834 2835 2836 2837 2838 2839 2840 2841 2842 2843 2844 2845 2846 2847 2848 2849 2850 2851 2852 2853 2854 2855 2856 2857 2858 2859 2860 2861 2862 2863 2864 2865 2866 2867 2868 2869 2870 2871 2872 2873 2874 2875 2876 2877 2878 2879 2880 2881 2882 2883 2884 2885 2886 2887 2888 2889 2890 2891 2892 2893 2894 2895 2896 2897 2898 2899 2900 2901 2902 2903 2904 2905 2906 2907 2908 2909 2910 2911 2912 2913 2914 2915 2916 2917 2918 2919 2920 2921 2922 2923 2924 2925 2926 2927 2928 2929 2930 2931 2932 2933 2934 2935 2936 2937 2938 2939 2940 2941 2942 2943 2944 2945 2946 2947 2948 2949 2950 2951 2952 2953 2954 2955 2956 2957 2958 2959 2960 2961 2962 2963 2964 2965 2966 2967 2968 2969 2970 2971 2972 2973 2974 2975 2976 2977 2978 2979 2980 2981 2982 2983 2984 2985 2986 2987 2988 2989 2990 2991 2992 2993 2994 2995 2996 2997 2998 2999 3000 3001 3002 3003 3004 3005 3006 3007 3008 3009 3010 3011 3012 3013 3014 3015 3016 3017 3018 3019 3020 3021 3022 3023 3024 3025 3026 3027 3028 3029 3030 3031 3032 3033 3034 3035 3036 3037 3038 3039 3040 3041 3042 3043 3044 3045 3046 3047 3048 3049 3050 3051 3052 3053 3054 3055 3056 3057 3058 3059 3060 3061 3062 3063 3064 3065 3066 3067 3068 3069 3070 3071 3072 3073 3074 3075 3076 3077 3078 3079 3080 3081 3082 3083 3084 3085 3086 3087 3088 3089 3090 3091 3092 3093 3094 3095 3096 3097 3098 3099 3100 3101 3102 3103 3104 3105 3106 3107 3108 3109 3110 3111 3112 3113 3114 3115 3116 3117 3118 3119 3120 3121 3122 3123 3124 3125 3126 3127 3128 3129 3130 3131 3132 3133 3134 3135 3136 3137 3138 3139 3140 3141 3142 3143 3144 3145 3146 3147 3148 3149 3150 3151 3152 3153 3154 3155 3156 3157 3158 3159 3160 3161 3162 3163 3164 3165 3166 3167 3168 3169 3170 3171 3172 3173 3174 3175 3176 3177 3178 3179 3180 3181 3182 3183 3184 3185 3186 3187 3188 3189 3190 3191 3192 3193 3194 3195 3196 3197 3198 3199 3200 3201 3202 3203 3204 3205 3206 3207 3208 3209 3210 3211 3212 3213 3214 3215 3216 3217 3218 3219 3220 3221 3222 3223 3224 3225 3226 3227 3228 3229 3230 3231 3232 3233 3234 3235 3236 3237 3238 3239 3240 3241 3242 3243 3244 3245 3246 3247 3248 3249 3250 3251 3252 3253 3254 3255 3256 3257 3258 3259 3260 3261 3262 3263 3264 3265 3266 3267 3268 3269 3270 3271 3272 3273 3274 3275 3276 3277 3278 3279 3280 3281 3282 3283 3284 3285 3286 3287 3288 3289 3290 3291 3292 3293 3294 3295 3296 3297 3298 3299 3300 3301 3302 3303 3304 3305 3306 3307 3308 3309 3310 3311 3312 3313 3314 3315 3316 3317 3318 3319 3320 3321 3322 3323 3324 3325 3326 3327 3328 3329 3330 3331 3332 3333 3334 3335 3336 3337 3338 3339 3340 3341 3342 3343 3344 3345 3346 3347 3348 3349 3350 3351 3352 3353 3354 3355 3356 3357 3358 3359 3360 3361 3362 3363 3364 3365 3366 3367 3368 3369 3370 3371 3372 3373 3374 3375 3376 3377 3378 3379 3380 3381 3382 3383 3384 3385 3386 3387 3388 3389 3390 3391 3392 3393 3394 3395 3396 3397 3398 3399 3400 3401 3402 3403 3404 3405 3406 3407 3408 3409 3410 3411 3412 3413 3414 3415 3416 3417 3418 3419 3420 3421 3422 3423 3424 3425 3426 3427 3428 3429 3430 3431 3432 3433 3434 3435 3436 3437 3438 3439 3440 3441 3442 3443 3444 3445 3446 3447 3448 3449 3450 3451 3452 3453 3454 3455 3456 3457 3458 3459 3460 3461 3462 3463 3464 3465 3466 3467 3468 3469 3470 3471 3472 3473 3474 3475 3476 3477 3478 3479 3480 3481 3482 3483 3484 3485 3486 3487 3488 3489 3490 3491 3492 3493 3494 3495 3496 3497 3498 3499 3500 3501 3502 3503 3504 3505 3506 3507 3508 3509 3510 3511 3512 3513 3514 3515 3516 3517 3518 3519 3520 3521 3522 3523 3524 3525 3526 3527 3528 3529 3530 3531 3532 3533 3534 3535 3536 3537 3538 3539 3540 3541 3542 3543 3544 3545 3546 3547 3548 3549 3550 3551 3552 3553 3554 3555 3556 3557 3558 3559 3560 3561 3562 3563 3564 3565 3566 3567 3568 3569 3570 3571 3572 3573 3574 3575 3576 3577 3578 3579 3580 3581 3582 3583 3584 3585 3586 3587 3588 3589 3590 3591 3592 3593 3594 3595 3596 3597 3598 3599 3600 3601 3602 3603 3604 3605 3606 3607 3608 3609 3610 3611 3612 3613 3614 3615 3616 3617 3618 3619 3620 3621 3622 3623 3624 3625 3626 3627 3628 3629 3630 3631 3632 3633 3634 3635 3636 3637 3638 3639 3640 3641 3642 3643 3644 3645 3646 3647 3648 3649 3650 3651 3652 3653 3654 3655 3656 3657 3658 3659 3660 3661 3662 3663 3664 3665 3666 3667 3668 3669 3670 3671 3672 3673 3674 3675 3676 3677 3678 3679 3680 3681 3682 3683 3684 3685 3686 3687 3688 3689 3690 3691 3692 3693 3694 3695 3696 3697 3698 3699 3700 3701 3702 3703 3704 3705 3706 3707 3708 3709 3710 3711 3712 3713 3714 3715 3716 3717 3718 3719 3720 3721 3722 3723 3724 3725 3726 3727 3728 3729 3730 3731 3732 3733 3734 3735 3736 3737 3738 3739 3740 3741 3742 3743 3744 3745 3746 3747 3748 3749 3750 3751 3752 3753 3754 3755 3756 3757 3758 3759 3760 3761 3762 3763 3764 3765 3766 3767 3768 3769 3770 3771 3772 3773 3774 3775 3776 3777 3778 3779 3780 3781 3782 3783 3784 3785 3786 3787 3788 3789 3790 3791 3792 3793 3794 3795 3796 3797 3798 3799 3800 3801 3802 3803 3804 3805 3806 3807 3808 3809 3810 3811 3812 3813 3814 3815 3816 3817 3818 3819 3820 3821 3822 3823 3824 3825 3826 3827 3828 3829 3830 3831 3832 3833 3834 3835 3836 3837 3838 3839 3840 3841 3842 3843 3844 3845 3846 3847 3848 3849 3850 3851 3852 3853 3854 3855 3856 3857 3858 3859 3860 3861 3862 3863 3864 3865 3866 3867 3868 3869 3870 3871 3872 3873 3874 3875 3876 3877 3878 3879 3880 3881 3882 3883 3884 3885 3886 3887 3888 3889 3890 3891 3892 3893 3894 3895 3896 3897 3898 3899 3900 3901 3902 3903 3904 3905 3906 3907 3908 3909 3910 3911 3912 3913 3914 3915 3916 3917 3918 3919 3920 3921 3922 3923 3924 3925 3926 3927 3928 3929 3930 3931 3932 3933 3934 3935 3936 3937 3938 3939 3940 3941 3942 3943 3944 3945 3946 3947 3948 3949 3950 3951 3952 3953 3954 3955 3956 3957 3958 3959 3960 3961 3962 3963 3964 3965 3966 3967 3968 3969 3970 3971 3972 3973 3974 3975 3976 3977 3978 3979 3980 3981 3982 3983 3984 3985 3986 3987 3988 3989 3990 3991 3992 3993 3994 3995 3996 3997 3998 3999 4000 4001 4002 4003 4004 4005 4006 4007 4008 4009 4010 4011 4012 4013 4014 4015 4016 4017 4018 4019 4020 4021 4022 4023 4024 4025 4026 4027 4028 4029 4030 4031 4032 4033 4034 4035 4036 4037 4038 4039 4040 4041 4042 4043 4044 4045 4046 4047 4048 4049 4050 4051 4052 4053 4054 4055 4056 4057 4058 4059 4060 4061 4062 4063 4064 4065 4066 4067 4068 4069 4070 4071 4072 4073 4074 4075 4076 4077 4078 4079 4080 4081 4082 4083 4084 4085 4086 4087 4088 4089 4090 4091 4092 4093 4094 4095 4096 4097 4098 4099 4100 4101 4102 4103 4104 4105 4106 4107 4108 4109 4110 4111 4112 4113 4114 4115 4116 4117 4118 4119 4120 4121 4122 4123 4124 4125 4126 4127 4128 4129 4130 4131 4132 4133 4134 4135 4136 4137 4138 4139 4140 4141 4142 4143 4144 4145 4146 4147 4148 4149 4150 4151 4152 4153 4154 4155 4156 4157 4158 4159 4160 4161 4162 4163 4164 4165 4166 4167 4168 4169 4170 4171 4172 4173 4174 4175 4176 4177 4178 4179 4180 4181 4182 4183 4184 4185 4186 4187 4188 4189 4190 4191 4192 4193 4194 4195 4196 4197 4198 4199 4200 4201 4202 4203 4204 4205 4206 4207 4208 4209 4210 4211 4212 4213 4214 4215 4216 4217 4218 4219 4220 4221 4222 4223 4224 4225 4226 4227 4228 4229 4230 4231 4232 4233 4234 4235 4236 4237 4238 4239 4240 4241 4242 4243 4244 4245 4246 4247 4248 4249 4250 4251 4252 4253 4254 4255 4256 4257 4258 4259 4260 4261 4262 4263 4264 4265 4266 4267 4268 4269 4270 4271 4272 4273 4274 4275 4276 4277 4278 4279 4280 4281 4282 4283 4284 4285 4286 4287 4288 4289 4290 4291 4292 4293 4294 4295 4296 4297 4298 4299 4300 4301 4302 4303 4304 4305 4306 4307 4308 4309 4310 4311 4312 4313 4314 4315 4316 4317 4318 4319 4320 4321 4322 4323 4324 4325 4326 4327 4328 4329 4330 4331 4332 4333 4334 4335 4336 4337 4338 4339 4340 4341 4342 4343 4344 4345 4346 4347 4348 4349 4350 4351 4352 4353 4354 4355 4356 4357 4358 4359 4360 4361 4362 4363 4364 4365 4366 4367 4368 4369 4370 4371 4372 4373 4374 4375 4376 4377 4378 4379 4380 4381 4382 4383 4384 4385 4386 4387 4388 4389 4390 4391 4392 4393 4394 4395 4396 4397 4398 4399 4400 4401 4402 4403 4404 4405 4406 4407 4408 4409 4410 4411 4412 4413 4414 4415 4416 4417 4418 4419 4420 4421 4422 4423 4424 4425 4426 4427 4428 4429 4430 4431 4432 4433 4434 4435 4436 4437 4438 4439 4440 4441 4442 4443 4444 4445 4446 4447 4448 4449 4450 4451 4452 4453 4454 4455 4456 4457 4458 4459 4460 4461 4462 4463 4464 4465 4466 4467 4468 4469 4470 4471 4472 4473 4474 4475 4476 4477 4478 4479 4480 4481 4482 4483 4484 4485 4486 4487 4488 4489 4490 4491 4492 4493 4494 4495 4496 4497 4498 4499 4500 4501 4502 4503 4504 4505 4506 4507 4508 4509 4510 4511 4512 4513 4514 4515 4516 4517 4518 4519 4520 4521 4522 4523 4524 4525 4526 4527 4528 4529 4530 4531 4532 4533 4534 4535 4536 4537 4538 4539 4540 4541 4542 4543 4544 4545 4546 4547 4548 4549 4550 4551 4552 4553 4554 4555 4556 4557 4558 4559 4560 4561 4562 4563 4564 4565 4566 4567 4568 4569 4570 4571 4572 4573 4574 4575 4576 4577 4578 4579 4580 4581 4582 4583 4584 4585 4586 4587 4588 4589 4590 4591 4592 4593 4594 4595 4596 4597 4598 4599 4600 4601 4602 4603 4604 4605 4606 4607 4608 4609 4610 4611 4612 4613 4614 4615 4616 4617 4618 4619 4620 4621 4622 4623 4624 4625 4626 4627 4628 4629 4630 4631 4632 4633 4634 4635 4636 4637 4638 4639 4640 4641 4642 4643 4644 4645 4646 4647 4648 4649 4650 4651 4652 4653 4654 4655 4656 4657 4658 4659 4660 4661 4662 4663 4664 4665 4666 4667 4668 4669 4670 4671 4672 4673 4674 4675 4676 4677 4678 4679 4680 4681 4682 4683 4684 4685 4686 4687 4688 4689 4690 4691 4692 4693 4694 4695 4696 4697 4698 4699 4700 4701 4702 4703 4704 4705 4706 4707 4708 4709 4710 4711 4712 4713 4714 4715 4716 4717 4718 4719 4720 4721 4722 4723 4724 4725 4726 4727 4728 4729 4730 4731 4732 4733 4734 4735 4736 4737 4738 4739 4740 4741 4742 4743 4744 4745 4746 4747 4748 4749 4750 4751 4752 4753 4754 4755 4756 4757 4758 4759 4760 4761 4762 4763 4764 4765 4766 4767 4768 4769 4770 4771 4772 4773 4774 4775 4776 4777 4778 4779 4780 4781 4782 4783 4784 4785 4786 4787 4788 4789 4790 4791 4792 4793 4794 4795 4796 4797 4798 4799 4800 4801 4802 4803 4804 4805 4806 4807 4808 4809 4810 4811 4812 4813 4814 4815 4816 4817 4818 4819 4820 4821 4822 4823 4824 4825 4826 4827 4828 4829 4830 4831 4832 4833 4834 4835 4836 4837 4838 4839 4840 4841 4842 4843 4844 4845 4846 4847 4848 4849 4850 4851 4852 4853 4854 4855 4856 4857 4858 4859 4860 4861 4862 4863 4864 4865 4866 4867 4868 4869 4870 4871 4872 4873 4874 4875 4876 4877 4878 4879 4880 4881 4882 4883 4884 4885 4886 4887 4888 4889 4890 4891 4892 4893 4894 4895 4896 4897 4898 4899 4900 4901 4902 4903 4904 4905 4906 4907 4908 4909 4910 4911 4912 4913 4914 4915 4916 4917 4918 4919 4920 4921 4922 4923 4924 4925 4926 4927 4928 4929 4930 4931 4932 4933 4934 4935 4936 4937 4938 4939 4940 4941 4942 4943 4944 4945 4946 4947 4948 4949 4950 4951 4952 4953 4954 4955 4956 4957 4958 4959 4960 4961 4962 4963 4964 4965 4966 4967 4968 4969 4970 4971 4972 4973 4974 4975 4976 4977 4978 4979 4980 4981 4982 4983 4984 4985 4986 4987 4988 4989 4990 4991 4992 4993 4994 4995 4996 4997 4998 4999 5000 5001 5002 5003 5004 5005 5006 5007 5008 5009 5010 5011 5012 5013 5014 5015 5016 5017 5018 5019 5020 5021 5022 5023 5024 5025 5026 5027 5028 5029 5030 5031 5032 5033 5034 5035 5036 5037 5038 5039 5040 5041 5042 5043 5044 5045 5046 5047 5048 5049 5050 5051 5052 5053 5054 5055 5056 5057 5058 5059 5060 5061 5062 5063 5064 5065 5066 5067 5068 5069 5070 5071 5072 5073 5074 5075 5076 5077 5078 5079 5080 5081 5082 5083 5084 5085 5086 5087 5088 5089 5090 5091 5092 5093 5094 5095 5096 5097 5098 5099 5100 5101 5102 5103 5104 5105 5106 5107 5108 5109 5110 5111 5112 5113 5114 5115 5116 5117 5118 5119 5120 5121 5122 5123 5124 5125 5126 5127 5128 5129 5130 5131 5132 5133 5134 5135 5136 5137 5138 5139 5140 5141 5142 5143 5144 5145 5146 5147 5148 5149 5150 5151 5152 5153 5154 5155 5156 5157 5158 5159 5160 5161 5162 5163 5164 5165 5166 5167 5168 5169 5170 5171 5172 5173 5174 5175 5176 5177 5178 5179 5180 5181 5182 5183 5184 5185 5186 5187 5188 5189 5190 5191 5192 5193 5194 5195 5196 5197 5198 5199 5200 5201 5202 5203 5204 5205 5206 5207 5208 5209 5210 5211 5212 5213 5214 5215 5216 5217 5218 5219 5220 5221 5222 5223 5224 5225 5226 5227 5228 5229 5230 5231 5232 5233 5234 5235 5236 5237 5238 5239 5240 5241 5242 5243 5244 5245 5246 5247 5248 5249 5250 5251 5252 5253 5254 5255 5256 5257 5258 5259 5260 5261 5262 5263 5264 5265 5266 5267 5268 5269 5270 5271 5272 5273 5274 5275 5276 5277 5278 5279 5280 5281 5282 5283 5284 5285 5286 5287 5288 5289 5290 5291 5292 5293 5294 5295 5296 5297 5298 5299 5300 5301 5302 5303 5304 5305 5306 5307 5308 5309 5310 5311 5312 5313 5314 5315 5316 5317 5318 5319 5320 5321 5322 5323 5324 5325 5326 5327 5328 5329 5330 5331 5332 5333 5334 5335 5336 5337 5338 5339 5340 5341 5342 5343 5344 5345 5346 5347 5348 5349 5350 5351 5352 5353 5354 5355 5356 5357 5358 5359 5360 5361 5362 5363 5364 5365 5366 5367 5368 5369 5370 5371 5372 5373 5374 5375 5376 5377 5378 5379 5380 5381 5382 5383 5384 5385 5386 5387 5388 5389 5390 5391 5392 5393 5394 5395 5396 5397 5398 5399 5400 5401 5402 5403 5404 5405 5406 5407 5408 5409 5410 5411 5412 5413 5414 5415 5416 5417 5418 5419 5420 5421 5422 5423 5424 5425 5426 5427 5428 5429 5430 5431 5432 5433 5434 5435 5436 5437 5438 5439 5440 5441 5442 5443 5444 5445 5446 5447 5448 5449 5450 5451 5452 5453 5454 5455 5456 5457 5458 5459 5460 5461 5462 5463 5464 5465 5466 5467 5468 5469 5470 5471 5472 5473 5474 5475 5476 5477 5478 5479 5480 5481 5482 5483 5484 5485 5486 5487 5488 5489 5490 5491 5492 5493 5494 5495 5496 5497 5498 5499 5500 5501 5502 5503 5504 5505 5506 5507 5508 5509 5510 5511 5512 5513 5514 5515 5516 5517 5518 5519 5520 5521 5522 5523 5524 5525 5526 5527 5528 5529 5530 5531 5532 5533 5534 5535 5536 5537 5538 5539 5540 5541 5542 5543 5544 5545 5546 5547 5548 5549 5550 5551 5552 5553 5554 5555 5556 5557 5558 5559 5560 5561 5562 5563 5564 5565 5566 5567 5568 5569 5570 5571 5572 5573 5574 5575 5576 5577 5578 5579 5580 5581 5582 5583 5584 5585 5586 5587 5588 5589 5590 5591 5592 5593 5594 5595 5596 5597 5598 5599 5600 5601 5602 5603 5604 5605 5606 5607 5608 5609 5610 5611 5612 5613 5614 5615 5616 5617 5618 5619 5620 5621 5622 5623 5624 5625 5626 5627 5628 5629 5630 5631 5632 5633 5634 5635 5636 5637 5638 5639 5640 5641 5643 5644 5645 5646 5647 5648 5649 5650 5651 5652 5653 5654 5655 5656 5657 5658 5659 5660 5661 5662 5663 5664 5665 5666 5667 5668 5669 5670 5671 5672 5673 5674 5675 5676 5677 5678 5679 5680 5681 5682 5683 5684 5685 5686 5687 5688 5689 5690 5691 5692 5693 5694 5695 5696 5697 5698 5699 5700 5701 5702 5703 5704 5705 5706 5707 5708 5709 5710 5711 5712 5713 5714 5715 5716 5717 5718 5719 5720 5721 5722 5723 5724 5725 5726 5727 5728 5729 5730 5731 5732 5733 5734 5735 5736 5737 5738 5739 5740 5741 5742 5743 5744 5745 5746 5747 5748 5749 5750 5751 5752 5753 5754 5755 5756 5757 5758 5759 5760 5761 5762 5763 5764 5765 5766 5767 5768 5769 5770 5771 5772 5773 5774 5775 5776 5777 5778 5779 5780 5781 5782 5783 5784 5785 5786 5787 5788 5789 5790 5791 5792 5793 5794 5795 5796 5797 5798 5799 5800 5801 5802 5803 5804 5805 5806 5807 5808 5809 5810 5811 5812 5813 5814 5815 5816 5817 5818 5819 5820 5821 5822 5823 5824 5825 5826 5827 5828 5829 5830 5831 5832 5833 5834 5835 5836 5837 5838 5839 5840 5841 5842 5843 5844 5845 5846 5847 5848 5849 5850 5851 5852 5853 5854 5855 5856 5857 5858 5859 5860 5861 5862 5863 5864 5865 5866 5867 5868 5869 5870 5871 5872 5873 5874 5875 5876 5877 5878 5879 5880 5881 5882 5883 5884 5885 5886 5887 5888 5889 5890 5891 5892 5893 5894 5895 5896 5897 5898 5899 5900 5901 5902 5903 5904 5905 5906 5907 5908 5909 5910 5911 5912 5913 5914 5915 5916 5917 5918 5919 5920 5921 5922 5923 5924 5925 5926 5927 5928 5929 5930 5931 5932 5933 5934 5935 5936 5937 5938 5939 5940 5941 5942 5943 5944 5945 5946 5947 5948 5949 5950 5951 5952 5953 5954 5955 5956 5957 5958 5959 5960 5961 5962 5963 5964 5965 5966 5967 5968 5969 5970 5971 5972 5973 5974 5975 5976 5977 5978 5979 5980 5981 5982 5983 5984 5985 5986 5987 5988 5989 5990 5991 5992 5993 5994 5995 5996 5997 5998 5999 6000 6001 6002 6003 6004 6005 6006 6007 6008 6009 6010 6011 6012 6013 6014 6015 6016 6017 6018 6019 6020 6021 6022 6023 6024 6025 6026 6027 6028 6029 6030 6031 6032 6033 6034 6035 6036 6037 6038 6039 6040 6041 6042 6043 6044 6045 6046 6047 6048 6049 6050 6051 6052 6053 6054 6055 6056 6057 6058 6059 6060 6061 6062 6063 6064 6065 6066 6067 6068 6069 6070 6071 6072 6073 6074 6075 6076 6077 6078 6079 6080 6081 6082 6083 6084 6085 6086 6087 6088 6089 6090 6091 6092 6093 6094 6095 6096 6097 6098 6099 6100 6101 6102 6103 6104 6105 6106 6107 6108 6109 6110 6111 6112 6113 6114 6115 6116 6117 6118 6119 6120 6121 6122 6123 6124 6125 6126 6127 6128 6129 6130 6131 6132 6133 6134 6135 6136 6137 6138 6139 6140 6141 6142 6143 6144 6145 6146 6147 6148 6149 6150 6151 6152 6153 6154 6155 6156 6157 6158 6159 6160 6161 6162 6163 6164 6165 6166 6167 6168 6169 6170 6171 6172 6173 6174 6175 6176 6177 6178 6179 6180 6181 6182 6183 6184 6185 6186 6187 6188 6189 6190 6191 6192 6193 6194 6195 6196 6197 6198 6199 6200 6201 6202 6203 6204 6205 6206 6207 6208 6209 6210 6211 6212 6213 6214 6215 6216 6217 6218 6219 6220 6221 6222 6223 6224 6225 6226 6227 6228 6229 6230 6231 6232 6233 6234 6235 6236 6237 6238 6239 6240 6241 6242 6243 6244 6245 6246 6247 6248 6249 6250 6251 6252 6253 6254 6255 6256 6257 6258 6259 6260 6261 6262 6263 6264 6265 6266 6267 6268 6269 6270 6271 6272 6273 6274 6275 6276 6277 6278 6279 6280 6281 6282 6283 6284 6285 6286 6287 6288 6289 6290 6291 6292 6293 6294 6295 6296 6297 6298 6299 6300 6301 6302 6303 6304 6305 6306 6307 6308 6309 6310 6311 6312 6313 6314 6315 6316 6317 6318 6319 6320 6321 6322 6323 6324 6325 6326 6327 6328 6329 6330 6331 6332 6333 6334 6335 6336 6337 6338 6339 6340 6341 6342 6343 6344 6345 6346 6347 6348 6349 6350 6351 6352 6353 6354 6355 6356 6357 6358 6359 6360 6361 6362 6363 6364 6365 6366 6367 6368 6369 6370 6371 6372 6373 6374 6375 6376 6377 6378 6379 6380 6381 6382 6383 6384 6385 6386 6387 6388 6389 6390 6391 6392 6393 6394 6395 6396 6397 6398 6399 6400 6401 6402 6403 6404 6405 6406 6407 6408 6409 6410 6411 6412 6413 6414 6415 6416 6417 6418 6419 6420 6421 6422 6423 6424 6425 6426 6427 6428 6429 6430 6431 6432 6433 6434 6435 6436 6437 6438 6439 6440 6441 6442 6443 6444 6445 6446 6447 6448 6449 6450 6451 6452 6453 6454 6455 6456 6457 6458 6459 6460 6461 6462 6463 6464 6465 6466 6467 6468 6469 6470 6471 6472 6473 6474 6475 6476 6477 6478 6479 6480 6481 6482 6483 6484 6485 6486 6487 6488 6489 6490 6491 6492 6493 6494 6495 6496 6497 6498 6499 6500 6501 6502 6503 6504 6505 6506 6507 6508 6509 6510 6511 6512 6513 6514 6515 6516 6517 6518 6519 6520 6521 6522 6523 6524 6525 6526 6527 6528 6529 6530 6531 6532 6533 6534 6535 6536 6537 6538 6539 6540 6541 6542 6543 6544 6545 6546 6547 6548 6549 6550 6551 6552 6553 6554 6555 6556 6557 6558 6559 6560 6561 6562 6563 6564 6565 6566 6567 6568 6569 6570 6571 6572 6573 6574 6575 6576 6577 6578 6579 6580 6581 6582 6583 6584 6585 6586 6587 6588 6589 6590 6591 6592 6593 6594 6595 6596 6597 6598 6599 6600 6601 6602 6603 6604 6605 6606 6607 6608 6609 6610 6611 6612 6613 6614 6615 6616 6617 6618 6619 6620 6621 6622 6623 6624 6625 6626 6627 6628 6629 6630 6631 6632 6633 6634 6635 6636 6637 6638 6639 6640 6641 6642 6643 6644 6645 6646 6647 6648 6649 6650 6651 6652 6653 6654 6655 6656 6657 6658 6659 6660 6661 6662 6663 6664 6665 6666 6667 6668 6669 6670 6671 6672 6673 6674 6675 6676 6677 6678 6679 6680 6681 6682 6683 6684 6685 6686 6687 6688 6689 6690 6691 6692 6693 6694 6695 6696 6697 6698 6699 6700 6701 6702 6703 6704 6705 6706 6707 6708 6709 6710 6711 6712 6713 6714 6715 6716 6717 6718 6719 6720 6721 6722 6723 6724 6725 6726 6727 6728 6729 6730 6731 6732 6733 6734 6735 6736 6737 6738 6739 6740 6741 6742 6743 6744 6745 6746 6747 6748 6749 6750 6751 6752 6753 6754 6755 6756 6757 6758 6759 6760 6761 6762 6763 6764 6765 6766 6767 6768 6769 6770 6771 6772 6773 6774 6775 6776 6777 6778 6779 6780 6781 6782 6783 6784 6785 6786 6787 6788 6789 6790 6791 6792 6793 6794 6795 6796 6797 6798 6799 6800 6801 6802 6803 6804 6805 6806 6807 6808 6809 6810 6811 6812 6813 6814 6815 6816 6817 6818 6819 6820 6821 6822 6823 6824 6825 6826 6827 6828 6829 6830 6831 6832 6833 6834 6835 6836 6837 6838 6839 6840 6841 6842 6843 6844 6845 6846 6847 6848 6849 6850 6851 6852 6853 6854 6855 6856 6857 6858 6859 6860 6861 6862 6863 6864 6865 6866 6867 6868 6869 6870 6871 6872 6873 6874 6875 6876 6877 6878 6879 6880 6881 6882 6883 6884 6885 6886 6887 6888 6889 6890 6891 6892 6893 6894 6895 6896 6897 6898 6899 6900 6901 6902 6903 6904 6905 6906 6907 6908 6909 6910 6911 6912 6913 6914 6915 6916 6917 6918 6919 6920 6921 6922 6923 6924 6925 6926 6927 6928 6929 6930 6931 6932 6933 6934 6935 6936 6937 6938 6939 6940 6941 6942 6943 6944 6945 6946 6947 6948 6949 6950 6951 6952 6953 6954 6955 6956 6957 6958 6959 6960 6961 6962 6963 6964 6965 6966 6967 6968 6969 6970 6971 6972 6973 6974 6975 6976 6977 6978 6979 6980 6981 6982 6983 6984 6985 6986 6987 6988 6989 6990 6991 6992 6993 6994 6995 6996 6997 6998 6999 7000 7001 7002 7003 7004 7005 7006 7007 7008 7009 7010 7011 7012 7013 7014 7015 7016 7017 7018 7019 7020 7021 7022 7023 7024 7025 7026 7027 7028 7029 7030 7031 7032 7033 7034 7035 7036 7037 7038 7039 7040 7041 7042 7043 7044 7045 7046 7047 7048 7049 7050 7051 7052 7053 7054 7055 7056 7057 7058 7059 7060 7061 7062 7063 7064 7065 7066 7067 7068 7069 7070 7071 7072 7073 7074 7075 7076 7077 7078 7079 7080 7081 7082 7083 7084 7085 7086 7087 7088 7089 7090 7091 7092 7093 7094 7095 7096 7097 7098 7099 7100 7101 7102 7103 7104 7105 7106 7107 7108 7109 7110 7111 7112 7113 7114 7115 7116 7117 7118 7119 7120 7121 7122 7123 7124 7125 7126 7127 7128 7129 7130 7131 7132 7133 7134 7135 7136 7137 7138 7139 7140 7141 7142 7143 7144 7145 7146 7147 7148 7149 7150 7151 7152 7153 7154 7155 7156 7157 7158 7159 7160 7161 7162 7163 7164 7165 7166 7167 7168 7169 7170 7171 7172 7173 7174 7175 7176 7177 7178 7179 7180 7181 7182 7183 7184 7185 7186 7187 7188 7189 7190 7191 7192 7193 7194 7195 7196 7197 7198 7199 7200 7201 7202 7203 7204 7205 7206 7207 7208 7209 7210 7211 7212 7213 7214 7215 7216 7217 7218 7219 7220 7221 7222 7223 7224 7225 7226 7227 7228 7229 7230 7231 7232 7233 7234 7235 7236 7237 7238 7239 7240 7241 7242 7243 7244 7245 7246 7247 7248 7249 7250 7251 7252 7253 7254 7255 7256 7257 7258 7259 7260 7261 7262 7263 7264 7265 7266 7267 7268 7269 7270 7271 7272 7273 7274 7275 7276 7277 7278 7279 7280 7281 7282 7283 7284 7285 7286 7287 7288 7289 7290 7291 7292 7293 7294 7295 7296 7297 7298 7299 7300 7301 7302 7303 7304 7305 7306 7307 7308 7309 7310 7311 7312 7313 7314 7315 7316 7317 7318 7319 7320 7321 7322 7323 7324 7325 7326 7327 7328 7329 7330 7331 7332 7333 7334 7335 7336 7337 7338 7339 7340 7341 7342 7343 7344 7345 7346 7347 7348 7349 7350 7351 7352 7353 7354 7355 7356 7357 7358 7359 7360 7361 7362 7363 7364 7365 7366 7367 7368 7369 7370 7371 7372 7373 7374 7375 7376 7377 7378 7379 7380 7381 7382 7383 7384 7385 7386 7387 7388 7389 7390 7391 7392 7393 7394 7395 7396 7397 7398 7399 7400 7401 7402 7403 7404 7405 7406 7407 7408 7409 7410 7411 7412 7413 7414 7415 7416 7417 7418 7419 7420 7421 7422 7423 7424 7425 7426 7427 7428 7429 7430 7431 7432 7433 7434 7435 7436 7437 7438 7439 7440 7441 7442 7443 7444 7445 7446 7447 7448 7449 7450 7451 7452 7453 7454 7455 7456 7457 7458 7459 7460 7461 7462 7463 7464 7465 7466 7467 7468 7469 7470 7471 7472 7473 7474 7475 7476 7477 7478 7479 7480 7481 7482 7483 7484 7485 7486 7487 7488 7489 7490 7491 7492 7493 7494 7495 7496 7497 7498 7499 7500 7501 7502 7503 7504 7505 7506 7507 7508 7509 7510 7511 7512 7513 7514 7515 7516 7517 7518 7519 7520 7521 7522 7523 7524 7525 7526 7527 7528 7529 7530 7531 7532 7533 7534 7535 7536 7537 7538 7539 7540 7541 7542 7543 7544 7545 7546 7547 7548 7549 7550 7551 7552 7553 7554 7555 7556 7557 7558 7559 7560 7561 7562 7563 7564 7565 7566 7567 7568 7569 7570 7571 7572 7573 7574 7575 7576 7577 7578 7579 7580 7581 7582 7583 7584 7585 7586 7587 7588 7589 7590 7591 7592 7593 7594 7595 7596 7597 7598 7599 7600 7601 7602 7603 7604 7605 7606 7607 7608 7609 7610 7611 7612 7613 7614 7615 7616 7617 7618 7619 7620 7621 7622 7623 7624 7625 7626 7627 7628 7629 7630 7631 7632 7633 7634 7635 7636 7637 7638 7639 7640 7641 7642 7643 7644 7645 7646 7647 7648 7649 7650 7651 7652 7653 7654 7655 7656 7657 7658 7659 7660 7661 7662 7663 7664 7665 7666 7667 7668 7669 7670 7671 7672 7673 7674 7675 7676 7677 7678 7679 7680 7681 7682 7683 7684 7685 7686 7687 7688 7689 7690 7691 7692 7693 7694 7695 7696 7697 7698 7699 7700 7701 7702 7703 7704 7705 7706 7707 7708 7709 7710 7711 7712 7713 7714 7715 7716 7717 7718 7719 7720 7721 7722 7723 7724 7725 7726 7727 7728 7729 7730 7731 7732 7733 7734 7735 7736 7737 7738 7739 7740 7741 7742 7743 7744 7745 7746 7747 7748 7749 7750 7751 7752 7753 7754 7755 7756 7757 7758 7759 7760 7761 7762 7763 7764 7765 7766 7767 7768 7769 7770 7771 7772 7773 7774 7775 7776 7777 7778 7779 7780 7781 7782 7783 7784 7785 7786 7787 7788 7789 7790 7791 7792 7793 7794 7795 7796 7797 7798 7799 7800 7801 7802 7803 7804 7805 7806 7807 7808 7809 7810 7811 7812 7813 7814 7815 7816 7817 7818 7819 7820 7821 7822 7823 7824 7825 7826 7827 7828 7829 7830 7831 7832 7833 7834 7835 7836 7837 7839 7840 7841 7842 7843 7844 7845 7846 7847 7848 7849 7850 7851 7852 7853 7854 7855 7856 7857 7858 7859 7860 7861 7862 7863 7864 7865 7866 7867 7868 7869 7870 7871 7872 7873 7874 7875 7876 7877 7878 7879 7880 7881 7882 7883 7884 7885 7886 7887 7888 7889 7890 7891 7892 7893 7894 7895 7896 7897 7898 7899 7900 7901 7902 7903 7904 7905 7906 7907 7908 7909 7910 7911 7912 7913 7914 7915 7916 7917 7918 7919 7920 7921 7922 7923 7924 7925 7926 7927 7928 7929 7930 7931 7932 7933 7934 7935 7936 7937 7938 7939 7940 7941 7942 7943 7944 7945 7946 7947 7948 7949 7950 7951 7952 7953 7954 7955 7956 7957 7958 7959 7960 7961 7962 7963 7964 7965 7966 7967 7968 7969 7970 7971 7972 7973 7974 7975 7976 7977 7978 7979 7980 7981 7982 7983 7984 7985 7986 7987 7988 7989 7990 7991 7992 7993 7994 7995 7996 7997 7998 7999 8000 8001 8002 8003 8004 8005 8006 8007 8008 8009 8010 8011 8012 8013 8014 8015 8016 8017 8018 8019 8020 8021 8022 8023 8024 8025 8026 8027 8028 8029 8030 8031 8032 8033 8034 8035 8036 8037 8038 8039 8040 8041 8042 8043 8044 8045 8046 8047 10106 8048 8049 8050 8051 8052 8053 8054 8055 8056 8057 8058 8059 8060 8061 8062 8063 8064 8065 8066 8067 8068 8069 8070 8071 8072 8073 8074 8075 8076 8077 8078 8079 8080 8081 8082 8083 8084 8085 8086 8087 8088 8089 8090 8091 8092 8093 8094 8095 8096 8097 8098 8099 8100 8101 8102 8103 8104 8105 8106 8107 8108 8109 8110 8111 8112 8113 8114 8115 8116 8117 8118 8119 8120 8121 8122 8123 8124 8125 8126 8127 8128 8129 8130 8131 8132 8133 8134 8135 8136 8137 8138 8139 8140 8141 8142 8143 8144 8145 8146 8147 8148 8149 8150 8151 8152 8153 8154 8155 8156 8157 8158 8159 8160 8161 8162 8163 8164 8165 8166 8167 8168 8169 8170 8171 8172 8173 8174 8175 8176 8177 8178 8179 8180 8181 8182 8183 8184 8185 8186 8187 8188 8189 8190 8191 8192 8193 8194 8195 8196 8197 8198 8199 8200 8201 8202 8203 8204 8205 8206 8207 8208 8209 8210 8211 8212 8213 8214 8215 8216 8217 8218 8219 8220 8221 8222 8223 8224 8225 8226 8227 8228 8229 8230 8231 8232 8233 8234 8235 8236 8237 8238 8239 8240 8241 8242 8243 8244 8245 8246 8247 8248 8249 8250 8251 8252 8253 8254 8255 8256 8257 8258 8259 8260 8261 8262 8263 8264 8265 8266 8267 8268 8269 8270 8271 8272 8273 8274 8275 8276 8277 8278 8279 8280 8281 8282 8283 8284 8285 8286 8287 8288 8289 8290 8291 8292 8293 8294 8295 8296 8297 8298 8299 8300 8301 8302 8303 8304 8305 8306 8307 8308 8309 8310 8311 8312 8313 8314 8315 8316 8317 8318 8319 8320 8321 8322 8323 8324 8325 8326 8327 8328 8329 8330 8331 8332 8333 8334 8335 8336 8337 8338 8339 8340 8341 8342 8343 8344 8345 8346 8347 8348 8349 8350 8351 8352 8353 8354 8355 8356 8357 8358 8359 8360 8361 8362 8363 8364 8365 8366 8367 8368 8369 8370 8371 8372 8373 8374 8375 8376 8377 8378 8379 8380 8381 8382 8383 8384 8385 8386 8387 8388 8389 8390 8391 8392 8393 8394 8395 8396 8397 8398 8399 8400 8401 8402 8403 8404 8405 8406 8407 8408 8409 8410 8411 8412 8413 8414 8415 8416 8417 8418 8419 8420 8421 8422 8423 8424 8425 8426 8427 8428 8429 8430 8431 8432 8433 8434 8435 8436 8437 8438 8439 8440 8441 8442 8443 8444 8445 8446 8447 8448 8449 8450 8451 8452 8453 8454 8455 8456 8457 8458 8459 8460 8461 8462 8463 8464 8465 8466 8467 8468 8469 8470 8471 8472 8473 8474 8475 8476 8477 8478 8479 8480 8481 8482 8483 8484 8485 8486 8487 8488 8489 8490 8491 8492 8493 8494 8495 8496 8497 8498 8499 8500 8501 8502 8503 8504 8505 8506 8507 8508 8509 8510 8511 8512 8513 8514 8515 8516 8517 8518 8519 8520 8521 8522 8523 8524 8525 8526 8527 8528 8529 8530 8531 8532 8533 8534 8535 8536 8537 8538 8539 8540 8541 8542 8543 8544 8545 8546 8547 8548 8549 8550 8551 8552 8553 8554 8555 8556 8557 8558 8559 8560 8561 8562 8563 8564 8565 8566 8567 8568 8569 8570 8571 8572 8573 8574 8575 8576 8577 8578 8579 8580 8581 8582 8583 8584 8585 8586 8587 8588 8589 8590 8591 8592 8593 8594 8595 8596 8597 8598 8599 8600 8601 8602 8603 8604 8605 8606 8607 8608 8609 8610 8611 8612 8613 8614 8615 8616 8617 8618 8619 8620 8621 8622 8623 8624 8625 8626 8627 8628 8629 8630 8631 8632 8633 8634 8635 8636 8637 8638 8639 8640 8641 8642 8643 8644 8645 8646 8647 8648 8649 8650 8651 8652 8653 8654 8655 8656 8657 8658 8659 8660 8661 8662 8663 8664 8665 8666 8667 8668 8669 8670 8671 8672 8673 8674 8675 8676 8677 8678 8679 8680 8681 8682 8683 8684 8685 8686 8687 8688 8689 8690 8691 8692 8693 8694 8695 8696 8697 8698 8699 8700 8701 8702 8703 8704 8705 8706 8707 8708 8709 8710 8711 8712 8713 8714 8715 8716 8717 8718 8719 8720 8721 8722 8723 8724 8725 8726 8727 8728 8729 8730 8731 8732 8733 8734 8735 8736 8737 8738 8739 8740 8741 8742 8743 8744 8745 8746 8747 8748 8749 8750 8751 8752 8753 8754 8755 8756 8757 8758 8759 8760 8761 8762 8763 8764 8765 8766 8767 8768 8769 8770 8771 8772 8773 8774 8775 8776 8777 8778 8779 8780 8781 8782 8783 8784 8785 8786 8787 8788 8789 8790 8791 8792 8793 8794 8795 8796 8797 8798 8799 8800 8801 8802 8803 8804 8805 8806 8807 8808 8809 8810 8811 8812 8813 8814 8815 8816 8817 8818 8819 8820 8821 8822 8823 8824 8825 8826 8827 8828 8829 8830 8831 8832 8833 8834 8835 8836 8837 8838 8839 8840 8841 8842 8843 8844 8845 8846 8847 8848 8849 8850 8851 8852 8853 8854 8855 8856 8857 8858 8859 8860 8861 8862 8863 8864 8865 8866 8867 8868 8869 8870 8871 8872 8873 8874 8875 8876 8877 8878 8879 8880 8881 8882 8883 8884 8885 8886 8887 8888 8889 8890 8891 8892 8893 8894 8895 8896 8897 8898 8899 8900 8901 8902 8903 8904 8905 8906 8907 8908 8909 8910 8911 8912 8913 8914 8915 8916 8917 8918 8919 8920 8921 8922 8923 8924 8925 8926 8927 8928 8929 8930 8931 8932 8933 8934 8935 8936 8937 8938 8939 8940 8941 8942 8943 8944 8945 8946 8947 8948 8949 8950 8951 8952 8953 8954 8955 8956 8957 8958 8959 8960 8961 8962 8963 8964 8965 8966 8967 8968 8969 8970 8971 8972 8973 8974 8975 8976 8977 8978 8979 8980 8981 8982 8983 8984 8985 8986 8987 8988 8989 8990 8991 8992 8993 8994 8995 8996 8997 8998 8999 9000 9001 9002 9003 9004 9005 9006 9007 9008 9009 9010 9011 9012 9013 9014 9015 9016 9017 9018 9019 9020 9021 9022 9023 9024 9025 9026 9027 9028 9029 9030 9031 9032 9033 9034 9035 9036 9037 9038 9039 9040 9041 9042 9043 9044 9045 9046 9047 9048 9049 9050 9051 9052 9053 9054 9055 9056 9057 9058 9059 9060 9061 9062 9063 9064 9065 9066 9067 9068 9069 9070 9071 9072 9073 9074 9075 9076 9077 9078 9079 9080 9081 9082 9083 9084 9085 9086 9087 9088 9089 9090 9091 9092 9093 9094 9095 9096 9097 9098 9099 9100 9101 9102 9103 9104 9105 9106 9107 9108 9109 9110 9111 9112 9113 9114 9115 9116 9117 9118 9119 9120 9121 9122 9123 9124 9125 9126 9127 9128 9129 9130 9131 9132 9133 9134 9135 9136 9137 9138 9139 9140 9141 9142 9143 9144 9145 9146 9147 9148 9149 9150 9151 9152 9153 9154 9155 9156 9157 9158 9159 9160 9161 9162 9163 9164 9165 9166 9167 9168 9169 9170 9171 9172 9173 9174 9175 9176 9177 9178 9179 9180 9181 9182 9183 9184 9185 9186 9187 9188 9190 9191 9192 9193 9194 9195 9196 9197 9198 9199 9200 9201 9202 9203 9204 9205 9206 9207 9208 9209 9210 9211 9212 9213 9214 9215 9216 9217 9218 9219 9220 9221 9222 9223 9224 9225 9226 9227 9228 9229 9230 9231 9232 9233 9234 9235 9236 9237 9238 9239 9240 9241 9242 9243 9244 9245 9246 9247 9248 9249 9250 9251 9252 9253 9254 9255 9256 9257 9258 9259 9260 9261 9262 9263 9264 9265 9266 9267 9268 9269 9270 9271 9272 9273 9274 9275 9276 9277 9278 9279 9280 9281 9282 9283 9284 9285 9286 9287 9288 9289 9290 9291 9292 9293 9294 9295 9296 9297 9298 9299 9300 9301 9302 9303 9304 9305 9306 9307 9308 9309 9310 9311 9312 9313 9314 9315 9316 9317 9318 9319 9320 9321 9322 10107 9323 9324 9325 9326 9327 9328 9329 9330 9331 9332 9333 9334 9335 9336 9337 9338 9339 9340 9341 9342 9343 9344 9345 9346 9347 9348 9349 9350 9351 9352 9353 9354 9355 9356 9357 9358 9359 9360 9361 9362 9363 9364 9365 9366 9367 9368 9369 9370 9371 9372 9373 9374 9375 9376 9377 9378 9379 9380 9381 9382 9383 9384 9385 9386 9387 9388 9389 9390 9391 9392 9393 9394 9395 9396 9397 9398 9399 9400 9401 9402 9403 9404 9405 9406 9407 9408 9409 9410 9411 9412 9413 9414 9415 9416 9417 9418 9419 9420 9421 9422 9423 9424 9425 9426 9427 9428 9429 9430 9431 9432 9433 9434 9435 9436 9437 9438 9439 9440 9441 9442 9443 9444 9445 9446 9447 9448 9449 9450 9451 9452 9453 9454 9455 9456 9457 9458 9459 9460 9461 9462 9463 9464 9465 9466 9467 9468 9469 9470 9471 9472 9473 9474 9475 9476 9477 9478 9479 9480 9481 9482 9483 9484 9485 9486 9487 9488 9489 9490 9491 9492 9493 9494 9495 9496 9497 9498 9499 9500 9501 9502 9503 9504 9505 9506 9507 9508 9509 9510 9511 9512 9513 9514 9515 9516 9517 9518 9519 9520 9521 9522 9523 9524 9525 9526 9527 9528 9529 9530 9531 9532 9533 9534 9535 9536 9537 9538 9539 9540 9541 9542 9543 9544 9545 9546 9547 9548 9549 9550 9551 9552 9553 9554 9555 9556 9557 9558 9559 9560 9561 9562 9563 9564 9565 9566 9567 9568 9569 9570 9571 9572 9573 9574 9575 9576 9577 9578 9579 9580 9581 9582 9583 9584 9585 9586 9587 9588 9589 9590 9591 9592 9593 9594 9595 9596 9597 9598 9599 9600 9601 9602 9603 9604 9605 9606 9607 9608 9609 9610 9611 9612 9613 9614 9615 9616 9617 9618 9619 9620 9621 9622 9623 9624 9625 9626 9627 9628 9629 9630 9631 9632 9633 9634 9635 9636 9637 9638 9639 9640 9641 9642 9643 9644 9645 9646 9647 9648 9649 9650 9651 9652 9653 9654 9655 9656 9657 9658 9659 9660 9661 9662 9663 9664 9665 9666 9667 9668 9669 9670 9671 9672 9673 9674 9675 9676 9677 9678 9679 9680 9681 9682 9683 9684 9685 9686 9687 9688 9689 9690 9691 9692 9693 9694 9695 9696 9697 9698 9699 9700 9701 9702 9703 9704 9705 9706 9707 9708 9709 9710 9711 9712 9713 9714 9715 9716 9717 9718 9719 9720 9721 9722 9723 9724 9725 9726 9727 9728 9729 9730 9731 9732 9733 9734 9735 9736 9737 9738 9739 9740 9741 9742 9743 9744 9745 9746 9747 9748 9749 9750 9751 9752 9753 9754 9755 9756 9757 9758 9759 9760 9761 9762 9763 9764 9765 9766 9767 9768 9769 9770 9771 9772 9773 9774 9775 9776 9777 9778 9779 9780 9781 9782 9783 9784 9785 9786 9787 9788 9789 9790 9791 9792 9793 10108 9794 9795 9796 9797 9798 9799 9800 9801 9802 9803 9804 9805 9806 9807 9808 9809 9810 9811 9812 9813 9814 9815 9816 9817 9818 9819 9820 9821 9822 9823 9824 9825 9826 9827 9828 9829 9830 9831 9832 9833 9834 9835 9836 9837 9838 9839 9840 9841 9842 9843 9844 9845 9846 9847 9848 9849 9850 9851 9852 9853 9854 9855 9856 9857 9858 9859 9860 9861 9862 9863 9864 9865 9866 9867 9868 9869 9870 9871 9872 9873 9874 9875 9876 9877 9878 9879 9880 9881 9882 9883 9884 9885 9886 9887 9888 9889 9890 9891 9892 9893 9894 9895 9896 9897 9898 9899 9900 9901 9902 9903 9904 9905 9906 9907 9908 9909 9910 9911 9912 9913 9914 9915 9916 9917 9918 9919 9920 9921 9922 9923 9924 9925 9926 9927 9928 9929 9930 9931 9932 9933 9934 9935 9936 9937 9938 9939 9940 9941 9942 9943 9944 9945 9946 9947 9948 9949 9950 9951 9952 9953 9954 9955 9956 9957 9958 9959 9960 9961 9962 9963 9964 9965 9966 9967 9968 9969 9970 9971 9972 9973 9974 9975 9976 9977 9978 9979 9980 9981 9982 9983 9984 9985 9986 9987 9988 9989 9990 9991 9992 9993 9994 9995 9996 9997 9998 9999 10000 10001 10002 10003 10004 10005 10006 10007 10008 10009 10010 10011 10012 10013 10014 10015 10016 10017 10018 10019 10020 10021 10022 10023 10024 10025 10026 10027 10028 10029 10030 10031 10032 10033 10034 10035 10036 10037 10038 10039 10040 10041 10042 10043 10044 10045 10046 10047 10048 10049 10050 10051 10052 10053 10054 10055 10056 10057 10058 10059 10060 10061 10062 10063 10064 10065 10066 10067 10068 10069 10070 10071 10072 10073 10074 10075 10076 10077 10078 10079 10080 10081 10082 10083 10084 10085 10086 10087 10088 10089 10090 10091 10092 10093 10094 10095 10096 10097 10098 10099 10100 10101
p1:2 A 0 1 2 3 4 5 6 7 8 9 10 11 12 13 14 15 16 17 18 19 20 21 22 23 24 25 26 27 28 29 30 31 32 33 34 35 36 37 38 39 40 41 42 43 44 45 46 47 48 49 50 51 52 53 54 55 56 57 58 59 60 61 62 63 64 65 66 67 68 69 70 71 72 73 74 75 76 77 78 79 80 81 82 83 84 85 86 87 88 89 90 91 92 93 94 95 96 97 98 99 100 101 102 103 104 105 106 107 108 109 110 111 112 113 114 115 116 117 118 119 120 121 122 123 124 125 126 127 128 129 130 131 132 133 134 135 136 137 138 139 140 141 142 143 144 145 146 147 148 149 150 151 152 153 154 155 156 157 158 159 160 161 162 163 164 165 166 167 168 169 170 171 172 173 174 175 176 177 178 179 180 181 182 183 184 185 186 187 188 189 190 191 192 193 194 195 196 197 198 199 200 201 202 203 204 205 206 207 208 209 210 211 212 213 214 215 216 217 218 219 220 221 222 223 224 225 226 227 228 229 230 231 232 233 234 235 236 237 238 239 240 241 242 243 244 245 246 247 248 249 250 251 252 253 254 255 256 257 258 259 260 261 262 263 264 265 266 267 268 269 270 271 272 273 274 275 276 277 278 279 280 281 282 283 284 285 286 287 288 289 290 291 292 293 294 295 296 297 298 299 300 301 302 303 304 305 306 307 308 309 310 311 312 313 314 315 316 317 318 319 320 321 322 323 324 325 326 327 328 329 330 331 332 333 334 335 336 337 338 339 340 341 342 343 344 345 346 347 348 349 350 351 352 353 354 355 356 357 358 359 360 361 362 363 364 365 366 367 368 369 370 371 372 373 374 375 376 377 378 379 380 381 382 383 384 385 386 387 388 389 390 391 392 393 394 395 396 397 398 399 400 401 402 403 404 405 406 407 408 409 410 411 412 413 414 415 416 417 418 419 420 421 422 423 424 425 426 427 428 429 430 431 432 433 434 435 436 437 438 439 440 441 442 443 444 445 446 447 448 449 450 451 452 453 454 455 456 457 458 459 460 461 462 463 464 465 466 467 468 469 470 471 472 473 474 475 476 477 478 479 480 481 482 483 484 485 486 487 488 489 490 491 492 493 494 495 496 497 498 499 500 501 502 503 504 505 506 507 508 509 510 511 512 513 514 515 516 517 518 519 520 521 522 523 524 525 526 527 528 529 530 531 532 533 534 535 536 537 538 539 540 541 542 543 544 545 546 547 548 549 550 551 552 553 554 555 556 557 558 559 560 561 562 563 564 565 566 567 568 569 570 571 572 573 574 575 576 577 578 579 580 581 582 583 584 585 586 587 588 589 590 591 592 593 594 595 596 597 598 599 600 601 602 603 604 605 606 607 608 609 610 611 612 613 614 615 616 617 618 619 620 621 622 623 624 625 626 627 628 629 630 631 632 633 634 635 636 637 638 639 640 641 642 643 644 645 646 647 648 649 650 651 652 653 654 655 656 657 658 659 660 661 662 663 664 665 666 667 668 669 670 671 672 673 674 675 676 677 678 679 680 681 682 683 684 685 686 687 688 689 690 691 692 693 694 695 696 697 698 699 700 701 702 703 704 705 706 707 708 709 710 711 712 713 714 715 716 717 718 719 720 721 722 723 724 725 726 727 728 729 730 731 732 733 734 735 736 737 738 739 740 741 742 743 744 745 746 747 748 749 750 751 752 753 754 755 756 757 758 759 760 761 762 763 764 765 766 767 768 769 770 771 772 773 774 775 776 777 778 779 780 781 782 783 784 785 786 787 788 789 790 791 792 793 794 795 796 797 798 799 800 801 802 803 804 805 806 807 808 809 810 811 812 813 814 815 816 817 818 819 820 821 822 823 824 825 826 827 828 829 830 831 832 833 834 835 836 837 838 839 840 841 842 843 844 845 846 847 848 849 850 851 852 853 854 855 856 857 858 859 860 861 862 863 864 865 866 867 868 869 870 871 872 873 874 875 876 877 878 879 880 881 882 883 884 885 886 887 888 889 890 891 892 893 894 895 896 897 898 899 900 901 902 903 904 905 906 907 908 909 910 911 912 913 914 915 916 917 918 919 920 921 922 923 924 925 926 927 928 929 930 931 932 933 934 935 936 937 938 939 940 941 942 943 944 945 946 947 948 949 950 951 952 953 954 955 956 957 958 959 960 961 962 963 964 965 966 967 968 969 970 971 972 973 974 975 976 977 978 979 980 981 982 983 984 985 986 987 988 989 990 991 992 993 994 995 996 997 998 999 1000 1001 1002 1003 1004 1005 1006 1007 1008 1009 1010 1011 1012 1013 1014 1015 1016 1017 1018 1019 1020 1021 1022 1023 1024 1025 1026 1027 1028 1029 1030 1031 1032 1033 1034 1035 1036 1037 1038 1039 1040 1041 1042 1043 1044 1045 1046 1047 1048 1049 1050 1051 1052 1053 1054 1055 1056 1057 1058 1059 1060 1061 1062 1063 1064 1065 1066 1067 1068 1069 1070 1071 1072 1073 1074 1075 1076 1077 1078 1079 1080 1081 1082 1083 1084 1085 1086 1087 1088 1089 1090 1091 1092 1093 1094 1095 1096 1097 1098 1099 1100 1101 1102 1103 1104 1105 1106 1107 1108 1109 1110 1111 1112 1113 1114 1115 1116 1117 1118 1119 1120 1121 1122 1123 1124 1125 1126 1127 1128 1129 1130 1131 1132 1133 1134 1135 1136 1137 1138 1139 1140 1141 1142 1143 1144 1145 1146 1147 1148 1149 1150 1151 1152 1153 1154 1155 1156 1157 1158 1159 1160 1161 1162 1163 1164 1165 1166 1167 1168 1169 1170 1171 1172 1173 1174 1175 1176 1177 1178 1179 1180 1181 1182 1183 1184 1185 1186 1187 1188 1189 1190 1191 1192 1193 1194 1195 1196 1197 1198 1199 1200 1201 1202 1203 1204 1205 1206 1207 1208 1209 1210 1211 1212 1213 1214 1215 1216 1217 1218 1219 1220 1221 1222 1223 1224 1225 1226 1227 1228 1229 1230 1231 1232 1233 1234 1235 1236 1237 1238 1239 1240 1241 1242 1243 1244 1245 1246 1247 1248 1249 1250 1251 1252 1253 1254 1255 1256 1257 1258 1259 1260 1261 1262 1263 1264 1265 1266 1267 1268 1269 1270 1271 1272 1273 1274 1275 1276 1277 1278 1279 1280 1281 1282 1283 1284 1285 1286 1287 1288 1289 1290 1291 1292 1293 1294 1295 1296 1297 1298 1299 1300 1301 1302 1303 1304 1305 1306 1307 1308 1309 1310 1311 1312 1313 1314 1315 1316 1317 1318 1319 1320 1321 1322 1323 1324 1325 1326 1327 1328 1329 1330 1331 1332 1333 1334 1335 1336 1337 1338 1339 1340 1341 1342 1343 1344 1345 1346 1347 1348 1349 1350 1351 1352 1353 1354 1355 1356 1357 1358 1359 1360 1361 1362 1363 1364 1365 1366 1367 1368 1369 1370 1371 1372 1373 1374 1375 1376 1377 1378 1379 1380 1381 1382 1383 1384 1385 1386 1387 1388 1389 1390 1391 1392 1393 1394 1395 1396 1397 1398 1399 1400 1401 1402 1403 1404 1405 1406 1407 1408 1409 1410 1411 1412 1413 1414 1415 1416 1417 1418 1419 1420 1421 1422 1423 1424 1425 1426 1427 1428 1429 1430 1431 1432 1433 1434 1435 1436 1437 1438 1439 1440 1441 1442 1443 1444 1445 1446 1447 1448 1449 1450 1451 1452 1453 1454 1455 1456 1457 1458 1459 1460 1461 1462 1463 1464 1465 1466 1467 1468 1469 1470 1471 1472 1473 1474 1475 1476 1477 1478 1479 1480 1481 1482 1483 1484 1485 1486 1487 1488 1489 1490 1491 1492 1493 1494 1495 1496 1497 1498 1499 1500 1501 1502 1503 1504 1505 1506 1507 1508 1509 1510 1511 1512 1513 1514 1515 1516 1517 1518 1519 1520 1521 1522 1523 1524 1525 1526 1527 1528 1529 1530 1531 1532 1533 1534 1535 1536 1537 1538 1539 1540 1541 1542 1543 1544 1545 1546 1547 1548 1549 1550 1551 1552 1553 1554 1555 1556 1557 1558 1559 1560 1561 1562 1563 1564 1565 1566 1567 1568 1569 1570 1571 1572 1573 1574 1575 1576 1577 1578 1579 1580 1581 1582 1583 1584 1585 1586 1587 1588 1589 1590 1591 1592 1593 1594 1595 1596 1597 1598 1599 1600 1601 1602 1603 1604 1605 1606 1607 1608 1609 1610 1611 1612 1613 1614 1615 1616 1617 1618 1619 1620 1621 1622 1623 1624 1625 1626 1627 1628 1629 1630 1631 1632 1633 1634 1635 1636 1637 1638 1639 1640 1641 1642 1643 1644 1645 1646 1647 1648 1649 1650 1651 1652 1653 1654 1655 1656 1657 1658 1659 1660 1661 1662 1663 1664 1665 1666 1667 1668 1669 1670 1671 1672 1673 1674 1675 1676 1677 1678 1679 1680 1681 1682 1683 1684 1685 1686 1687 1688 1689 1690 1691 1692 1693 1694 1695 1696 1697 1698 1699 1700 1701 1702 1703 1704 1705 1706 1707 1708 1709 1710 1711 1712 1713 1714 1715 1716 1717 1718 1719 1720 1721 1722 1723 1724 1725 1726 1727 1728 1729 1730 1731 1732 1733 1734 1735 1736 1737 1738 1739 1740 1741 1742 1743 1744 1745 1746 1747 1748 1749 1750 1751 1752 1753 1754 1755 1756 1757 1758 1759 1760 1761 1762 1763 1764 1765 1766 1767 1768 10102 1769 1770 1771 1772 1773 1774 1775 1776 1777 1778 1779 1780 1781 1782 1783 1784 1785 1786 1787 1788 1789 1790 1791 1792 1794 1795 1796 1797 1798 1799 1800 1801 1802 1803 1804 1805 1806 1807 1808 1809 1810 1811 1812 1813 1814 1815 1816 1817 1818 1819 1820 1821 1822 1823 1824 1825 1826 1827 1828 1829 1830 1831 1832 1833 1834 1835 1836 1837 1838 1839 1840 1841 1842 1843 1844 1845 1846 1847 10103 1848 1849 1850 1851 1852 1853 1854 1855 1856 1857 1858 1859 1860 1861 1862 1863 1864 1865 1866 1867 1868 1869 1870 1871 1872 1873 1874 1875 1876 1877 1878 1879 1880 1881 1882 1883 1884 1885 1886 1887 1888 1889 1890 1891 1892 1893 1894 1895 1896 1897 1898 1899 1900 1901 1902 1903 1904 1905 1906 1907 1908 1909 1910 1911 1912 1913 1914 1915 1916 1917 1918 1919 1920 1921 1922 10104 1923 1924 1925 1926 1927 1928 1929 1930 1931 1932 1933 1934 1935 1936 1937 1938 1939 1940 1941 1942 1943 1944 1945 1946 1947 1948 1949 1950 1951 1952 1953 1954 1955 1956 1957 1958 1959 1960 1961 1962 1963 1964 1965 1966 1967 1968 1969 1970 1971 1972 1973 1974 1975 1976 1977 1978 1979 1980 1981 1982 1983 1984 1985 1986 1987 1988 1989 1990 1991 1992 1993 1994 1995 1996 1997 1998 1999 2000 2001 2002 2003 2004 2005 2006 2007 2008 2009 2010 2011 2012 2013 2014 2015 2016 2017 2018 2019 2020 2021 2022 2023 2024 2025 2026 2027 2028 2029 2030 2031 2032 2033 2034 2035 2036 2037 2038 2039 2040 2041 2042 2043 2044 2045 2046 2047 2048 2049 2050 2051 2052 2053 2054 2055 2056 2057 2058 2059 2060 2061 2062 2063 2064 2065 2066 2067 2068 2069 2070 2071 2072 2073 2074 2075 2076 2077 2078 2079 2080 2081 2082 2083 2084 2085 2086 2087 2088 2089 2090 2091 2092 2093 2094 2095 2096 2097 2098 2099 2100 2101 2102 2103 2104 2105 2106 2107 2108 2109 2110 2111 2112 2113 2114 2115 2116 2117 2118 2119 2120 2121 2122 2123 2124 2125 2126 2127 2128 2129 2130 2131 2132 2133 2134 2135 2136 2137 2138 2139 2140 2141 2142 2143 2144 2145 2146 2147 2148 2149 2150 2151 2152 2153 2154 2155 2156 2157 2158 2159 2160 2161 2162 2163 2164 2165 2166 2167 2168 2169 2170 2171 2172 2173 2174 2175 2176 2177 2178 2179 2180 2181 2182 2183 2184 2185 2186 2187 2188 2189 2190 2191 2192 2193 2194 2195 2196 2197 2198 2199 2200 2201 2202 2203 2204 2205 2206 2207 2208 2209 2210 2211 2212 2213 2214 2215 2216 2217 2218 2219 2220 2221 2222 2223 2224 2225 2226 2227 2228 2229 2230 2231 2232 2233 2234 2235 2236 2237 2238 2239 2240 2241 2242 2243 2244 2245 2246 2247 2248 2249 2250 2251 2252 2253 2254 2255 2256 2257 2258 2259 2260 2261 2262 2263 2264 2265 2266 2267 2268 2269 2270 2271 2272 2273 2274 2275 2276 2277 2278 2279 2280 2281 2282 2283 2284 2285 2286 2287 2288 2289 2290 2291 2292 2293 2294 2295 2296 2297 2298 2299 2300 2301 2302 2303 2304 2305 2306 2307 2308 2309 2310 2311 2312 2313 2314 2315 2316 2317 2318 2319 2320 2321 2322 2323 2324 2325 2326 2327 2328 2329 2330 2331 2332 2333 2334 2335 2336 2337 2338 2339 2340 2341 2342 2343 2344 2345 2346 2347 2348 2349 2350 2351 2352 2353 2354 2355 2356 2357 2358 2359 2360 2361 2362 2363 2364 2365 2366 2367 2368 2369 2370 2371 2372 2373 2374 2375 2376 2377 2378 2379 2380 2381 2382 2383 2384 2385 2386 2387 2388 2389 2390 2391 2392 2393 2394 2395 2396 2397 2398 2399 2400 2401 2402 2403 2404 2405 2406 2407 2408 2409 2410 2411 2412 2413 2414 2415 2416 2417 2418 2419 2420 2421 2422 2423 2424 2425 2426 2427 2428 2429 2430 2431 2432 2433 2434 2435 2436 2437 2438 2439 2440 2441 2442 2443 2444 2445 2446 2447 2448 2449 2450 2451 2452 2453 2454 2455 2456 2457 2458 2459 2460 2461 2462 2463 2464 2465 2466 2467 2468 2469 2470 2471 2472 2473 2474 2475 2476 2477 2478 2479 2480 2481 2482 2483 2484 2485 2486 2487 2488 2489 2490 2491 2492 2493 2494 2495 2496 2497 2498 2499 2500 2501 2502 2503 2504 2505 2506 2507 2508 2509 2510 2511 2512 2513 2514 2515 2516 2517 2518 2519 2520 2521 2522 2523 2524 2525 2526 2527 2528 2529 2530 2531 2532 2533 2534 2535 2536 2537 2538 2539 2540 2541 2542 2543 2544 2545 2546 2547 2548 2549 2550 2551 2552 2553 2554 2555 2556 2557 2558 2559 2560 2561 2562 2563 2564 2565 2566 2567 2568 2569 2570 2571 2572 2573 2574 2575 2576 2577 2578 2579 2580 2581 2582 2583 2584 2585 2586 2587 2588 2589 2590 2591 2592 2593 2594 2595 2596 2597 2598 2599 2600 2601 2602 2603 2604 2605 2606 2607 2608 2609 2610 2611 2612 2613 2614 2615 2616 2617 2618 2619 2620 2621 2622 2623 2624 2625 2626 2627 2628 2629 2630 2631 2632 2633 2634 2635 2636 2637 2638 2639 2640 2641 2642 2643 2644 2645 2646 2647 2648 2649 2650 2651 2652 2653 2654 2655 2656 2657 2658 2659 2660 2661 2662 2663 2664 2665 2666 2667 2668 2669 2670 2671 2672 2673 2674 2675 2676 2677 2678 2679 2680 2681 2682 2683 2684 2685 2686 2687 2688 2689 2690 2691 2692 2693 2694 2695 2696 2697 2698 2699 2700 2701 2702 2703 2704 2705 2706 2707 2708 2709 2710 2711 2712 2713 2714 2715 2716 2717 2718 2719 2720 2721 2722 2723 2724 2725 2726 2727 2728 2729 2730 2731 2732 2733 2734 2735 2736 2737 2738 2739 2740 2741 2742 2743 2744 2745 2746 2747 2748 2749 2750 2751 2752 2753 2754 2755 2756 2757 2758 2759 2760 2761 2762 2763 2764 2765 2766 2767 2768 2769 2770 2771 2772 2773 2774 2775 2776 2777 2778 2779 2780 2781 2782 2783 2784 2785 2786 10105 2787 2788 2789 2790 2791 2792 2793 2794 2795 2796 2797 2798 2799 2800 2801 2802 2803 2804 2805 2806 2807 2808 2809 2810 2811 2812 2813 2814 2815 2816 2817 2818 2819 2820 2821 2822 2823 2824 2825 2826 2827 2828 2829 2830 2831 2832 2833 2834 2835 2836 2837 2838 2839 2840 2841 2842 2843 2844 2845 2846 2847 2848 2849 2850 2851 2852 2853 2854 2855 2856 2857 2858 2859 2860 2861 2862 2863 2864 2865 2866 2867 2868 2869 2870 2871 2872 2873 2874 2875 2876 2877 2878 2879 2880 2881 2882 2883 2884 2885 2886 2887 2888 2889 2890 2891 2892 2893 2894 2895 2896 2897 2898 2899 2900 2901 2902 2903 2904 2905 2906 2907 2908 2909 2910 2911 2912 2913 2914 2915 2916 2917 2918 2919 2920 2921 2922 2923 2924 2925 2926 2927 2928 2929 2930 2931 2932 2933 2934 2935 2936 2937 2938 2939 2940 2941 2942 2943 2944 2945 2946 2947 2948 2949 2950 2951 2952 2953 2954 2955 2956 2957 2958 2959 2960 2961 2962 2963 2964 2965 2966 2967 2968 2969 2970 2971 2972 2973 2974 2975 2976 2977 2978 2979 2980 2981 2982 2983 2984 2985 2986 2987 2988 2989 2990 2991 2992 2993 2994 2995 2996 2997 2998 2999 3000 3001 3002 3003 3004 3005 3006 3007 3008 3009 3010 3011 3012 3013 3014 3015 3016 3017 3018 3019 3020 3021 3022 3023 3024 3025 3026 3027 3028 3029 3030 3031 3032 3033 3034 3035 3036 3037 3038 3039 3040 3041 3042 3043 3044 3045 3046 3047 3048 3049 3050 3051 3052 3053 3054 3055 3056 3057 3058 3059 3060 3061 3062 3063 3064 3065 3066 3067 3068 3069 3070 3071 3072 3073 3074 3075 3076 3077 3078 3079 3080 3081 3082 3083 3084 3085 3086 3087 3088 3089 3090 3091 3092 3093 3094 3095 3096 3097 3098 3099 3100 3101 3102 3103 3104 3105 3106 3107 3108 3109 3110 3111 3112 3113 3114 3115 3116 3117 3118 3119 3120 3121 3122 3123 3124 3125 3126 3127 3128 3129 3130 3131 3132 3133 3134 3135 3136 3137 3138 3139 3140 3141 3142 3143 3144 3145 3146 3147 3148 3149 3150 3151 3152 3153 3154 3155 3156 3157 3158 3159 3160 3161 3162 3163 3164 3165 3166 3167 3168 3169 3170 3171 3172 3173 3174 3175 3176 3177 3178 3179 3180 3181 3182 3183 3184 3185 3186 3187 3188 3189 3190 3191 3192 3193 3194 3195 3196 3197 3198 3199 3200 3201 3202 3203 3204 3205 3206 3207 3208 3209 3210 3211 3212 3213 3214 3215 3216 3217 3218 3219 3220 3221 3222 3223 3224 3225 3226 3227 3228 3229 3230 3231 3232 3233 3234 3235 3236 3237 3238 3239 3240 3241 3242 3243 3244 3245 3246 3247 3248 3249 3250 3251 3252 3253 3254 3255 3256 3257 3258 3259 3260 3261 3262 3263 3264 3265 3266 3267 3268 3269 3270 3271 3272 3273 3274 3275 3276 3277 3278 3279 3280 3281 3282 3283 3284 3285 3286 3287 3288 3289 3290 3291 3292 3293 3294 3295 3296 3297 3298 3299 3300 3301 3302 3303 3304 3305 3306 3307 3308 3309 3310 3311 3312 3313 3314 3315 3316 3317 3318 3319 3320 3321 3322 3323 3324 3325 3326 3327 3328 3329 3330 3331 3332 3333 3334 3335 3336 3337 3338 3339 3340 3341 3342 3343 3344 3345 3346 3347 3348 3349 3350 3351 3352 3353 3354 3355 3356 3357 3358 3359 3360 3361 3362 3363 3364 3365 3366 3367 3368 3369 3370 3371 3372 3373 3374 3375 3376 3377 3378 3379 3380 3381 3382 3383 3384 3385 3386 3387 3388 3389 3390 3391 3392 3393 3394 3395 3396 3397 3398 3399 3400 3401 3402 3403 3404 3405 3406 3407 3408 3409 3410 3411 3412 3413 3414 3415 3416 3417 3418 3419 3420 3421 3422 3423 3424 3425 3426 3427 3428 3429 3430 3431 3432 3433 3434 3435 3436 3437 3438 3439 3440 3441 3442 3443 3444 3445 3446 3447 3448 3449 3450 3451 3452 3453 3454 3455 3456 3457 3458 3459 3460 3461 3462 3463 3464 3465 3466 3467 3468 3469 3470 3471 3472 3473 3474 3475 3476 3477 3478 3479 3480 3481 3482 3483 3484 3485 3486 3487 3488 3489 3490 3491 3492 3493 3494 3495 3496 3497 3498 3499 3500 3501 3502 3503 3504 3505 3506 3507 3508 3509 3510 3511 3512 3513 3514 3515 3516 3517 3518 3519 3520 3521 3522 3523 3524 3525 3526 3527 3528 3529 3530 3531 3532 3533 3535 3536 3537 3538 3539 3540 3541 3542 3543 3544 3545 3546 3547 3548 3549 3550 3551 3552 3553 3554 3555 3556 3557 3558 3559 3560 3561 3562 3563 3564 3565 3566 3567 3568 3569 3570 3571 3572 3573 3574 3575 3576 3577 3578 3579 3580 3581 3582 3583 3584 3585 3586 3587 3588 3589 3590 3591 3592 3593 3594 3595 3596 3597 3598 10109 3599 3600 3601 3602 3603 3604 3605 3606 3607 3608 3609 3610 3611 3612 3613 3614 3615 3616 3617 3618 3619 3620 3621 3622 3623 3624 3625 3626 3627 3628 3629 3630 3631 3632 3633 3634 3635 3636 3637 3638 3639 3640 3641 3642 3643 3644 3645 3646 3647 3648 3649 3650 3651 3652 3653 3654 3655 3656 3657 3658 3659 3660 3661 3662 3663 3664 3665 3666 3667 3668 3669 3670 3671 3672 3673 3674 3675 3676 3677 3678 3679 3680 3681 3682 3683 3684 3685 3686 3687 3688 3689 3690 3691 3692 3693 3694 3695 3696 3697 3698 3699 3700 3701 3702 3703 3704 3705 3706 3707 3708 3709 3710 3711 3712 3713 3714 3715 3716 3717 3718 3719 3720 3721 3722 3723 3724 3725 3726 3727 3728 3729 3730 3731 3732 3733 3734 3735 3736 3737 3738 3739 3740 3741 3742 3743 3744 3745 3746 3747 3748 3749 3750 3751 3752 3753 3754 3755 3756 3757 3758 3759 3760 3761 3762 3763 3764 3765 3766 3767 3768 3769 3770 3771 3772 3773 3774 3775 3776 3777 3778 3779 3780 3781 3782 3783 3784 3785 3786 3787 3788 3789 3790 3791 3792 3793 3794 3795 3796 3797 3798 3799 3800 3801 3802 3803 3804 3805 3806 3807 3808 3809 3810 3811 3812 3813 3814 3815 3816 3817 3818 3819 3820 3821 3822 3823 3824 3825 3826 3827 3828 3829 3830 3831 3832 3833 3834 3835 3836 3837 3838 3839 3840 3841 3842 3843 3844 3845 3846 3847 3848 3849 3850 3851 3852 3853 3854 3855 3856 3857 3858 3859 3860 3861 3862 3863 3864 3865 3866 3867 3868 3869 3870 3871 3872 3873 3874 3875 3876 3877 3878 3879 3880 3881 3882 3883 3884 3885 3886 3887 3888 3889 3890 3891 3892 3893 3894 3895 3896 3897 3898 3899 3900 3901 3902 3903 3904 3905 3906 3907 3908 3909 3910 3911 3912 3913 3914 3915 3916 3917 3918 3919 3920 3921 3922 3923 3924 3925 3926 3927 3928 3929 3930 3931 3932 3933 3934 3935 3936 3937 3938 3939 3940 3941 3942 3943 3944 3945 3946 3947 3948 3949 3950 3951 3952 3953 3954 3955 3956 3957 3958 3959 3960 3961 3962 3963 3964 3965 3966 3967 3968 3969 3970 3971 3972 3973 3974 3975 3976 3977 3978 3979 3980 3981 3982 3983 3984 3985 3986 3987 3988 3989 3990 3991 3992 3993 3994 3995 3996 3997 3998 3999 4000 4001 4002 4003 4004 4005 4006 4007 4008 4009 4010 4011 4012 4013 4014 4015 4016 4017 4018 4019 4020 4021 4022 4023 4024 4025 4026 4027 4028 4029 4030 4031 4032 4033 4034 4035 4036 4037 4038 4039 4040 4041 4042 4043 4044 4045 4046 4047 4048 4049 4050 4051 4052 4053 4054 4055 4056 4057 4058 4059 4060 4061 4062 4063 4064 4065 4066 4067 4068 4069 4070 4071 4072 4073 4074 4075 4076 4077 4078 4079 4080 4081 4082 4083 4084 4085 4086 4087 4088 4089 4090 4091 4092 4093 4094 4095 4096 4097 4098 4099 4100 4101 4102 4103 4104 4105 4106 4107 4108 4109 4110 4111 4112 4113 4114 4115 4116 4117 4118 4119 4120 4121 4122 4123 4124 4125 4126 4127 4128 4129 4130 4131 4132 4133 4134 4135 4136 4137 4138 4139 4140 4141 4142 4143 4144 4145 4146 4147 4148 4149 4150 4151 4152 4153 4154 4155 4156 4157 4158 4159 4160 4161 4162 4163 4164 4165 4166 4167 4168 4169 4170 4171 4172 4173 4174 4175 4176 4177 4178 4179 4180 4181 4182 4183 4184 4185 4186 4187 4188 4189 4190 4191 4192 4193 4194 4195 4196 4197 4198 4199 4200 4201 4202 4203 4204 4205 4206 4207 4208 4209 4210 4211 4212 4213 4214 4215 4216 4217 4218 4219 4220 4221 4222 4223 4224 4225 4226 4227 4228 4229 4230 4231 4232 4233 4234 4235 4236 4237 4238 4239 4240 4241 4242 4243 4244 4245 4246 4247 4248 4249 4250 4251 4252 4253 4254 4255 4256 4257 4258 4259 4260 4261 4262 4263 4264 4265 4266 4267 4268 4269 4270 4271 4272 4273 4274 4275 4276 4277 4278 4279 4280 4281 4282 4283 4284 4285 4286 4287 4288 4289 4290 4291 4292 4293 4294 4295 4296 4297 4298 4299 4300 4301 4302 4303 4304 4305 4306 4307 4308 4309 4310 4311 4312 4313 4314 4315 4316 4317 4318 4319 4320 4321 4322 4323 4324 4325 4326 4327 4328 4329 4330 4331 4332 4333 4334 4335 4336 4337 4338 4339 4340 4341 4342 4343 4344 4345 4346 4347 4348 4349 4350 4351 4352 4353 4354 4355 4356 4357 4358 4359 4360 4361 4362 4363 4364 4365 4366 4367 4368 4369 4370 4371 4372 4373 4374 4375 4376 4377 4378 4379 4380 4381 4382 4383 4384 4385 4386 4387 4388 4389 4390 4391 4392 4393 4394 4395 4396 4397 4398 4399 4400 4401 4402 4403 4404 4405 4406 4407 4408 4409 4410 4411 4412 4413 4414 4415 4416 4417 4418 4419 4420 4421 4422 4423 4424 4425 4426 4427 4428 4429 4430 4431 4432 4433 4434 4435 4436 4437 4438 4439 4440 4441 4442 4443 4444 4445 4446 4447 4448 4449 4450 4451 4452 4453 4454 4455 4456 4457 4458 4459 4460 4461 4462 4463 4464 4465 4466 4467 4468 4469 4470 4471 4472 4473 4474 4475 4476 4477 4478 4479 4480 4481 4482 4483 4484 4485 4486 4487 4488 4489 4490 4491 4492 4493 4494 4495 4496 4497 4498 4499 4500 4501 4502 4503 4504 4505 4506 4507 4508 4509 4510 4511 4512 4513 4514 4515 4516 4517 4518 4519 4520 4521 4522 4523 4524 4525 4526 4527 4528 4529 4530 4531 4532 4533 4534 4535 4536 4537 4538 4539 4540 4541 4542 4543 4544 4545 4546 4547 4548 4549 4550 4551 4552 4553 4554 4555 4556 4557 4558 4559 4560 4561 4562 4563 4564 4565 4566 4567 4568 4569 4570 4571 4572 4573 4574 4575 4576 4577 4578 4579 4580 4581 4582 4583 4584 4585 4586 4587 4588 4589 4590 4591 4592 4593 4594 4595 4596 4597 4598 4599 4600 4601 4602 4603 4604 4605 4606 4607 4608 4609 4610 4611 4612 4613 4614 4615 4616 4617 4618 4619 4620 4621 4622 4623 4624 4625 4626 4627 4628 4629 4630 4631 4632 4633 4634 4635 4636 4637 4638 4639 4640 4641 4642 4643 4644 4645 4646 4647 4648 4649 4650 4651 4652 4653 4654 4655 4656 4657 4658 4659 4660 4661 4662 4663 4664 4665 4666 4667 4668 4669 4670 4671 4672 4673 4674 4675 4676 4677 4678 4679 4680 4681 4682 4683 4684 4685 4686 4687 4688 4689 4690 4691 4692 4693 4694 4695 4696 4697 10110 4698 4699 4700 4701 4702 4703 4704 4705 4706 4707 4708 4709 4710 4711 4712 4713 4714 4715 4716 4717 4718 4719 4720 4721 4722 4723 4724 4725 4726 4727 4728 4729 4730 4731 4732 4733 4734 4735 4736 4737 4738 4739 4740 4741 4742 4743 4744 4745 4746 4747 4748 4749 4750 4751 4752 4753 4754 4755 4756 4757 4758 4759 4760 4761 4762 4763 4764 4765 4766 4767 4768 4769 4770 4771 4772 4773 4774 4775 4776 4777 4778 4779 4780 4781 4782 4783 4784 4785 4786 4787 4788 4789 4790 4791 4792 4793 4794 4795 4796 4797 4798 4799 4800 4801 4802 4803 4804 4805 4806 4807 4808 4809 4810 4811 4812 4813 4814 4815 4816 4817 4818 4819 4820 4821 4822 4823 4824 4825 4826 4827 4828 4829 4830 4831 4832 4833 4834 4835 4836 4837 4838 4839 4840 4841 4842 4843 4844 4845 4846 4847 4848 4849 4850 4851 4852 4853 4854 4855 4856 4857 4858 4859 4860 4861 4862 4863 4864 4865 4866 4867 4868 4869 4870 4871 4872 4873 4874 4875 4876 4877 4878 4879 4880 4881 4882 4883 4884 4885 4886 4887 4888 4889 4890 4891 4892 4893 4894 4895 4896 4897 4898 4899 4900 4901 4902 4903 4904 4905 4906 4907 4908 4909 4910 4911 4912 4913 4914 4915 4916 4917 4918 4919 4920 4921 4922 4923 4924 4925 4926 4927 4928 4929 4930 4931 4932 4933 4934 4935 4936 4937 4938 4939 4940 4941 4942 4943 4944 4945 4946 4947 4948 4949 4950 4951 4952 4953 4954 4955 4956 4957 4958 4959 4960 4961 4962 4963 4964 4965 4966 4967 4968 4969 4970 4971 4972 4973 4974 4975 4976 4977 4978 4979 4980 4981 4982 4983 4984 4985 4986 4987 4988 4989 4990 4991 4992 4993 4994 4995 4996 4997 4998 4999 5000 5001 5002 5003 5004 5005 5006 5007 5008 5009 5010 5011 5012 5013 5014 5015 5016 5017 5018 5019 5020 5021 5022 5023 5024 5025 5026 5027 5028 5029 5030 5031 5032 5033 5034 5035 5036 5037 5038 5039 5040 5041 5042 5043 5044 5045 5046 5047 5048 5049 5050 5051 5052 5053 5054 5055 5056 5057 5058 5059 5060 5061 5062 5063 5064 5065 5066 5067 5068 5069 5070 5071 10111 5072 5073 5074 5075 5076 5077 5078 5079 5080 5081 5082 5083 5084 5085 5086 5087 5088 5089 5090 5091 5092 5093 5094 5095 5096 5097 5098 5099 5100 5101 5102 5103 5104 5105 5106 5107 5108 5109 5110 5111 5112 5113 5114 5115 5116 5117 5118 5119 5120 5121 5122 5123 5124 5125 5126 5127 5128 5129 5130 5131 5132 5133 5134 5135 5136 5137 5138 5139 5140 5141 5142 5143 5144 5145 5146 5147 5148 5149 5150 5151 5152 5153 5154 5155 5156 5157 5158 5159 5160 5161 5162 5163 5164 5165 5166 5167 5168 5169 5170 5171 5172 5173 5174 5175 5176 5177 5178 5179 5180 5181 5182 5183 5184 5185 5186 5187 5188 5189 5190 5191 5192 5193 5194 5195 5196 5197 5198 5199 5200 5201 5202 5203 5204 5205 5206 5207 5208 5209 5210 5211 5212 5213 5214 5215 5216 5217 5218 5219 5220 5221 5222 5223 5224 5225 5226 5227 5228 5229 5230 5231 5232 5233 5234 5235 5236 5237 5238 5239 5240 5241 5242 5243 5244 5245 5246 5247 5248 5249 5250 5251 5252 5253 5254 5255 5256 5257 5258 5259 5260 5261 5262 5263 5264 5265 5266 5267 5268 5269 5270 5271 5272 5273 5274 5275 5276 5277 5278 5279 5280 5281 5282 5283 5284 5285 5286 5287 5288 5289 5290 5291 5292 5293 5294 5295 5296 5297 5298 5299 5300 5301 5302 5303 5304 5305 5306 5307 5308 5309 5310 5311 5312 5313 5314 5315 5316 5317 5318 5319 5320 5321 5322 5323 5324 5325 5326 5327 5328 5329 5330 5331 5332 5333 5334 5335 5336 5337 5338 5339 5340 5341 5342 5343 5344 5345 5346 5347 5348 5349 5350 5351 5352 5353 5354 5355 5356 5357 5358 5359 5360 5361 5362 5363 5364 5365 5366 5367 5368 5369 5370 5371 5372 5373 5374 5375 5376 5377 5378 5379 5380 5381 5382 5383 5384 5385 5386 5387 5388 5389 5390 5391 5392 5393 5394 5395 5396 5397 5398 5399 5400 5401 5402 5403 5404 5405 5406 5407 5408 5409 5410 5411 5412 5413 5414 5415 5416 5417 5418 5419 5420 5421 5422 5423 5424 5425 5426 5427 5428 5429 5430 5431 5432 5433 5434 5435 5436 5437 5438 5439 5440 5441 5442 5443 5444 5445 5446 5447 5448 5449 5450 5451 5452 5453 5454 5455 5456 5457 5458 5459 5460 5461 5462 5463 5464 5465 5466 5467 5468 5469 5470 5471 5472 5473 5474 5475 5476 5477 5478 5479 5480 5481 5482 5483 5484 5485 5486 5487 5488 5489 5490 5491 5492 5493 5494 5495 5496 5497 5498 5499 5500 5501 5502 5503 5504 5505 5506 5507 5508 5509 5510 5511 5512 5513 5514 5515 5516 5517 5518 5519 5520 5521 5522 5523 5524 5525 5526 5527 5528 5529 5530 5531 5532 5533 5534 5535 5536 5537 5538 5539 5540 5541 5542 5543 5544 5545 5546 5547 5548 5549 5550 5551 5552 5553 5554 5555 5556 5557 5558 5559 5560 5561 5562 5563 5564 5565 5566 5567 5568 5569 5570 5571 5572 5573 5574 5575 5576 5577 5578 5579 5580 5581 5582 5583 5584 5585 5586 5587 5588 5589 5590 5591 5592 5593 5594 5595 5596 5597 5598 5599 5600 5601 5602 5603 5604 5605 5606 5607 5608 5609 5610 5611 5612 5613 5614 5615 5616 5617 5618 5619 5620 5621 5622 5623 5624 5625 5626 5627 5628 5629 5630 5631 5632 5633 5634 5635 5636 5637 5638 5639 5640 5641 5643 5644 5645 5646 5647 5648 5649 5650 5651 5652 5653 5654 5655 5656 5657 5658 5659 5660 5661 5662 5663 5664 5665 5666 5667 5668 5669 5670 5671 5672 5673 5674 5675 5676 5677 5678 5679 5680 5681 5682 5683 5684 5685 5686 5687 5688 5689 5690 5691 5692 5693 5694 5695 5696 5697 5698 5699 5700 5701 5702 5703 5704 5705 5706 5707 5708 5709 5710 5711 5712 5713 5714 5715 5716 5717 5718 5719 5720 5721 5722 5723 5724 5725 5726 5727 5728 5729 5730 5731 5732 5733 5734 5735 5736 5737 5738 5739 5740 5741 5742 5743 5744 5745 5746 5747 5748 5749 5750 5751 5752 5753 5754 5755 5756 5757 5758 5759 5760 5761 5762 5763 5764 5765 5766 5767 5768 5769 5770 5771 5772 5773 5774 5775 5776 5777 5778 5779 5780 5781 5782 5783 5784 5785 5786 5787 5788 5789 5790 5791 5792 5793 5794 5795 5796 5797 5798 5799 5800 5801 5802 5803 5804 5805 5806 5807 5808 5809 5810 5811 5812 5813 5814 5815 5816 5817 5818 5819 5820 5821 5822 5823 5824 5825 5826 5827 5828 5829 5830 5831 5832 5833 5834 5835 5836 5837 5838 5839 5840 5841 5842 5843 5844 5845 5846 5847 5848 5849 5850 5851 5852 5853 5854 5855 5856 5857 5858 5859 5860 5861 5862 5863 5864 5865 5866 5867 5868 5869 5870 5871 5872 5873 5874 5875 5876 5877 5878 5879 5880 5881 5882 5883 5884 5885 5886 5887 5888 5889 5890 5891 5892 5893 5894 5895 5896 5897 5898 5899 5900 5901 5902 5903 5904 5905 5906 5907 5908 5909 5910 5911 5912 5913 5914 5915 5916 5917 5918 5919 5920 5921 5922 5923 5924 5925 5926 5927 5928 5929 5930 5931 5932 5933 5934 5935 5936 5937 5938 5939 5940 5941 5942 5943 5944 5945 5946 5947 5948 5949 5950 5951 5952 5953 5954 5955 5956 5957 5958 5959 5960 5961 5962 5963 5964 5965 5966 5967 5968 5969 5970 5971 5972 5973 5974 5975 5976 5977 5978 5979 5980 5981 5982 5983 5984 5985 5986 5987 5988 5989 5990 5991 5992 5993 5994 5995 5996 5997 5998 5999 6000 6001 6002 6003 6004 6005 6006 6007 6008 6009 6010 6011 6012 6013 6014 6015 6016 6017 6018 6019 6020 6021 6022 6023 6024 6025 6026 6027 6028 6029 6030 6031 6032 6033 6034 6035 6036 6037 6038 6039 6040 6041 6042 6043 6044 6045 6046 6047 6048 6049 6050 6051 6052 6053 6054 6055 6056 6057 6058 6059 6060 6061 6062 6063 6064 6065 6066 6067 6068 6069 6070 6071 6072 6073 6074 6075 6076 6077 6078 6079 6080 6081 6082 6083 6084 6085 6086 6087 6088 6089 6090 6091 6092 6093 6094 6095 6096 6097 6098 6099 6100 6101 6102 6103 6104 6105 6106 6107 6108 6109 6110 6111 6112 6113 6114 6115 6116 6117 6118 6119 6120 6121 6122 6123 6124 6125 6126 6127 6128 6129 6130 6131 6132 6133 6134 6135 6136 6137 6138 6139 6140 6141 6142 6143 6144 6145 6146 6147 6148 6149 6150 6151 6152 6153 6154 6155 6156 6157 6158 6159 6160 6161 6162 6163 6164 6165 6166 6167 6168 6169 6170 6171 6172 6173 6174 6175 6176 6177 6178 6179 6180 6181 6182 6183 6184 6185 6186 6187 6188 6189 6190 6191 6192 6193 6194 6195 6196 6197 6198 6199 6200 6201 6202 6203 6204 6205 6206 6207 6208 6209 6210 6211 6212 6213 6214 6215 6216 6217 6218 6219 6220 6221 6222 6223 6224 6225 6226 6227 6228 6229 6230 6231 6232 6233 6234 6235 6236 6237 6238 6239 6240 6241 6242 6243 6244 6245 6246 6247 6248 6249 6250 6251 6252 6253 6254 6255 6256 6257 6258 6259 6260 6261 6262 6263 6264 6265 6266 6267 6268 6269 6270 6271 6272 6273 6274 6275 6276 6277 6278 6279 6280 6281 6282 6283 6284 6285 6286 6287 6288 6289 6290 6291 6292 6293 6294 6295 6296 6297 6298 6299 6300 6301 6302 6303 6304 6305 6306 6307 6308 6309 6310 6311 6312 6313 6314 6315 6316 6317 6318 6319 6320 6321 6322 6323 6324 6325 6326 6327 6328 6329 6330 6331 6332 6333 6334 6335 6336 6337 6338 6339 6340 6341 6342 6343 6344 6345 6346 6347 6348 6349 6350 6351 6352 6353 6354 6355 6356 6357 6358 6359 6360 6361 6362 6363 6364 6365 6366 6367 6368 6369 6370 6371 6372 6373 6374 6375 6376 6377 6378 6379 6380 6381 6382 6383 6384 6385 6386 6387 6388 6389 6390 6391 6392 6393 6394 6395 6396 6397 6398 6399 6400 6401 6402 6403 6404 6405 6406 6407 6408 6409 6410 6411 6412 6413 6414 6415 6416 6417 6418 6419 6420 6421 6422 6423 6424 6425 6426 6427 6428 6429 6430 6431 6432 6433 6434 6435 6436 6437 6438 6439 6440 6441 6442 6443 6444 6445 6446 6447 6448 6449 6450 6451 6452 6453 6454 6455 6456 6457 6458 6459 6460 6461 6462 6463 6464 6465 6466 6467 6468 6469 6470 6471 6472 6473 6474 6475 6476 6477 6478 6479 6480 6481 6482 6483 6484 6485 6486 6487 6488 6489 6490 6491 6492 6493 6494 6495 6496 6497 6498 6499 6500 6501 6502 6503 6504 6505 6506 6507 6508 6509 6510 6511 6512 6513 6514 6515 6516 6517 6518 6519 6520 6521 6522 6523 6524 6525 6526 6527 6528 6529 6530 6531 6532 6533 6534 6535 6536 6537 6538 6539 6540 6541 6542 6543 6544 6545 6546 6547 6548 6549 6550 6551 6552 6553 6554 6555 6556 6557 6558 6559 6560 6561 6562 6563 6564 6565 6566 6567 6568 6569 6570 6571 6572 6573 6574 6575 6576 6577 6578 6579 6580 6581 6582 6583 6584 6585 6586 6587 6588 6589 6590 6591 6592 6593 6594 6595 6596 6597 6598 6599 6600 6601 6602 6603 6604 6605 6606 6607 6608 6609 6610 6611 6612 6613 6614 6615 6616 6617 6618 6619 6620 6621 6622 6623 6624 6625 6626 6627 6628 6629 6630 6631 6632 6633 6634 6635 6636 6637 6638 6639 6640 6641 6642 6643 6644 6645 6646 6647 6648 6649 6650 6651 6652 6653 6654 6655 6656 6657 6658 6659 6660 6661 6662 6663 6664 6665 6666 6667 6668 6669 6670 6671 6672 6673 6674 6675 6676 6677 6678 6679 6680 6681 6682 6683 6684 6685 6686 6687 6688 6689 6690 6691 6692 6693 6694 6695 6696 6697 6698 6699 6700 6701 6702 6703 6704 6705 6706 6707 6708 6709 6710 6711 6712 6713 6714 6715 6716 6717 6718 6719 6720 6721 6722 6723 6724 6725 6726 6727 6728 6729 6730 6731 6732 6733 6734 6735 6736 6737 6738 6739 6740 6741 6742 6743 6744 6745 6746 6747 6748 6749 6750 6751 6752 6753 6754 6755 6756 6757 6758 6759 6760 6761 6762 6763 6764 6765 6766 6767 6768 6769 6770 6771 6772 6773 6774 6775 6776 6777 6778 6779 6780 6781 6782 6783 6784 6785 6786 6787 6788 6789 6790 6791 6792 6793 6794 6795 6796 6797 6798 6799 6800 6801 6802 6803 6804 6805 6806 6807 6808 6809 6810 6811 6812 6813 6814 6815 6816 6817 6818 6819 6820 6821 6822 6823 6824 6825 6826 6827 6828 6829 6830 6831 6832 6833 6834 6835 6836 6837 6838 6839 6840 6841 6842 6843 6844 6845 6846 6847 6848 6849 6850 6851 6852 6853 6854 6855 6856 6857 6858 6859 6860 6861 6862 6863 6864 6865 6866 6867 6868 6869 6870 6871 6872 6873 6874 6875 6876 6877 6878 6879 6880 6881 6882 6883 6884 6885 6886 6887 6888 6889 6890 6891 6892 6893 6894 6895 6896 6897 6898 6899 6900 6901 6902 6903 6904 6905 6906 6907 6908 6909 6910 6911 6912 6913 6914 6915 6916 6917 6918 6919 6920 6921 6922 6923 6924 6925 6926 6927 6928 6929 6930 6931 6932 6933 6934 6935 6936 6937 6938 6939 6940 6941 6942 6943 6944 6945 6946 6947 6948 6949 6950 6951 6952 6953 6954 6955 6956 6957 6958 6959 6960 6961 6962 6963 6964 6965 6966 6967 6968 6969 6970 6971 6972 6973 6974 6975 6976 6977 6978 6979 6980 6981 6982 6983 6984 6985 6986 6987 6988 6989 6990 6991 6992 6993 6994 6995 6996 6997 6998 6999 7000 7001 7002 7003 7004 7005 7006 7007 7008 7009 7010 7011 7012 7013 7014 7015 7016 7017 7018 7019 7020 7021 7022 7023 7024 7025 7026 7027 7028 7029 7030 7031 7032 7033 7034 7035 7036 7037 7038 7039 7040 7041 7042 7043 7044 7045 7046 7047 7048 7049 7050 7051 7052 7053 7054 7055 7056 7057 7058 7059 7060 7061 7062 7063 7064 7065 7066 7067 7068 7069 7070 7071 7072 7073 7074 7075 7076 7077 7078 7079 7080 7081 7082 7083 7084 7085 7086 7087 7088 7089 7090 7091 7092 7093 7094 7095 7096 7097 7098 7099 7100 7101 7102 7103 7104 7105 7106 7107 7108 7109 7110 7111 7112 7113 7114 7115 7116 7117 7118 7119 7120 7121 7122 7123 7124 7125 7126 7127 7128 7129 7130 7131 7132 7133 7134 7135 7136 7137 7138 7139 7140 7141 7142 7143 7144 7145 7146 7147 7148 7149 7150 7151 7152 7153 7154 7155 7156 7157 7158 7159 7160 7161 10112 7162 7163 7164 7165 7166 7167 7168 7169 7170 7171 7172 7173 7174 7175 7176 7177 7178 7179 10113 7180 7181 7182 7183 7184 7185 7186 7187 7188 7189 7190 7191 7192 7193 7194 7195 7196 7197 7198 7199 7200 7201 7202 7203 7204 7205 7206 7207 7208 7209 7210 7211 7212 7213 7214 7215 7216 7217 7218 7219 7220 7221 7222 7223 7224 7225 7226 7227 7228 7229 7230 7231 7232 7233 7234 7235 7236 7237 7238 7239 7240 7241 7242 7243 7244 7245 7246 7247 7248 7249 7250 7251 7252 7253 7254 7255 7256 7257 7258 7259 7260 7261 7262 7263 7264 7265 7266 7267 7268 7269 7270 7271 7272 7273 7274 7275 7276 7277 7278 7279 7280 7281 7282 7283 7284 7285 7286 7287 7288 7289 7290 7291 7292 7293 7294 7295 7296 7297 7298 7299 7300 7301 7302 7303 7304 7305 7306 7307 7308 7309 7310 7311 7312 7313 7314 7315 7316 7317 7318 7319 7320 7321 7322 7323 7324 7325 7326 7327 7328 7329 7330 7331 7332 7333 7334 7335 7336 7337 7338 7339 7340 7341 7342 7343 7344 7345 7346 7347 7348 7349 7350 7351 7352 7353 7354 7355 7356 7357 7358 7359 7360 7361 7362 7363 7364 7365 7366 7367 7368 7369 7370 7371 7372 7373 7374 7375 7376 7377 7378 7379 7380 7381 7382 7383 7384 7385 7386 7387 7388 7389 7390 7391 7392 7393 7394 7395 7396 7397 7398 7399 7400 7401 7402 7403 7404 7405 7406 7407 7408 7409 7410 7411 7412 7413 7414 7415 7416 7417 7418 7419 7420 7421 7422 7423 7424 7425 7426 7427 7428 7429 7430 7431 7432 7433 7434 7435 7436 7437 7438 7439 7440 7441 7442 7443 7444 7445 7446 7447 7448 7449 7450 7451 7452 7453 7454 7455 7456 7457 7458 7459 7460 7461 7462 7463 7464 7465 7466 7467 7468 7469 7470 7471 7472 7473 7474 7475 7476 7477 7478 7479 7480 7481 7482 7483 7484 7485 7486 7487 7488 7489 7490 7491 7492 7493 7494 7495 7496 7497 7498 7499 7500 7501 7502 7503 7504 7505 7506 7507 7508 7509 7510 7511 7512 7513 7514 7515 7516 7517 7518 7519 7520 7521 7522 7523 7524 7525 7526 7527 7528 7529 7530 7531 7532 7533 7534 7535 7536 7537 7538 7539 7540 7541 7542 7543 7544 7545 7546 7547 7548 7549 7550 7551 7552 7553 7554 7555 7556 7557 7558 7559 7560 7561 7562 7563 7564 7565 7566 7567 7568 7569 7570 7571 7572 7573 7574 7575 7576 7577 7578 7579 7580 7581 7582 7583 7584 7585 7586 7587 7588 7589 7590 7591 7592 7593 7594 7595 7596 7597 7598 7599 7600 7601 7602 7603 7604 7605 7606 7607 7608 7609 7610 7611 7612 7613 7614 7615 7616 7617 7618 7619 7620 7621 7622 7623 7624 7625 7626 7627 7628 7629 7630 7631 7632 7633 7634 7635 7636 7637 7638 7639 7640 7641 7642 7643 7644 7645 7646 7647 7648 7649 7650 7651 7652 7653 7654 7655 7656 7657 7658 7659 7660 7661 7662 7663 7664 7665 7666 7667 7668 7669 7670 7671 7672 7673 7674 7675 7676 7677 7678 7679 7680 7681 7682 7683 7684 7685 7686 7687 7688 7689 7690 7691 7692 7693 7694 7695 7696 7697 7698 7699 7700 7701 7702 7703 7704 7705 7706 7707 7708 7709 7710 7711 7712 7713 7714 7715 7716 7717 7718 7719 7720 7721 7722 7723 7724 7725 7726 7727 7728 7729 7730 7731 7732 7733 7734 7735 7736 7737 7738 7739 7740 7741 7742 7743 7744 7745 7746 7747 7748 7749 7750 7751 7752 7753 7754 7755 7756 7757 7758 7759 7760 7761 7762 7763 7764 7765 7766 7767 7768 7769 7770 7771 7772 7773 7774 7775 7776 7777 7778 7779 7780 7781 7782 7783 7784 7785 7786 7787 7788 7789 7790 7791 7792 7793 7794 7795 7796 7797 7798 7799 7800 7801 7802 7803 7804 7805 7806 7807 7808 7809 7810 7811 7812 7813 7814 7815 7816 7817 7818 7819 7820 7821 7822 7823 7824 7825 7826 7827 7828 7829 7830 7831 7832 7833 7834 7835 7836 7837 7838 7839 7840 7841 7842 7843 7844 7845 7846 7847 7848 7849 7850 7851 7852 7853 7854 7855 7856 7857 7858 7859 7860 7861 7862 7863 7864 7865 7866 7867 7868 7869 7870 7871 7872 7873 7874 7875 7876 7877 7878 7879 7880 7881 7882 7883 7884 7885 7886 7887 7888 7889 7890 7891 7892 7893 7894 7895 7896 7897 7898 7899 7900 7901 7902 7903 7904 7905 7906 7907 7908 7909 7910 7911 7912 7913 7914 7915 7916 7917 7918 7919 7920 7921 7922 7923 7924 7925 7926 7927 7928 7929 7930 7931 7932 7933 7934 7935 7936 7937 7938 7939 7940 7941 7942 7943 7944 7945 7946 7947 7948 7949 7950 7951 7952 7953 7954 7955 7956 7957 7958 7959 7960 7961 7962 7963 7964 7965 7966 7967 7968 7969 7970 7971 7972 7973 7974 7975 7976 7977 7978 7979 7980 7981 7982 7983 7984 7985 7986 7987 7988 7989 7990 7991 7992 7993 7994 7995 7996 7997 7998 7999 8000 8001 8002 8003 8004 8005 8006 8007 8008 8009 8010 8011 8012 8013 8014 8015 8016 8017 8018 8019 8020 8021 8022 8023 8024 8025 8026 8027 8028 8029 8030 8031 8032 8033 8034 8035 8036 8037 8038 8039 8040 8041 8042 8043 8044 8045 8046 8047 8048 8049 8050 8051 8052 8053 8054 8055 8056 8057 8058 8059 8060 8061 8062 8063 8064 8065 8066 8067 8068 8069 8070 8071 8072 8073 8074 8075 8076 8077 8078 8079 8080 8081 8082 8083 8084 8085 8086 8087 8088 8089 8090 8091 8092 8093 8094 8095 8096 8097 8098 8099 8100 8101 8102 8103 8104 8105 8106 8107 8108 8109 8110 8111 8112 8113 8114 8115 8116 8117 8118 8119 8120 8121 8122 8123 8124 8125 8126 8127 8128 8129 8130 8131 8132 8133 8134 8135 8136 8137 8138 8139 8140 8141 8142 8143 8144 8145 8146 8147 8148 8149 8150 8151 8152 8153 8154 8155 8156 8157 8158 8159 8160 8161 8162 8163 8164 8165 8166 8167 8168 8169 8170 8171 8172 8173 8174 8175 8176 8177 8178 8179 8180 8181 8182 8183 8184 8185 8186 8187 8188 8189 8190 8191 8192 8193 8194 8195 8196 8197 8198 8199 8200 8201 8202 8203 8204 8205 8206 8207 8208 8209 8210 8211 8212 8213 8214 8215 8216 8217 8218 8219 8220 8221 8222 8223 8224 8225 8226 8227 8228 8229 8230 8231 8232 8233 8234 8235 8236 8237 8238 8239 8240 8241 8242 8243 8244 8245 8246 8247 8248 8249 8250 8251 8252 8253 8254 8255 8256 8257 8258 8259 8260 8261 8262 8263 8264 8265 8266 8267 8268 8269 8270 8271 8272 8273 8274 8275 8276 8277 8278 8279 8280 8281 8282 8283 8284 8285 8286 8287 8288 8289 8290 8291 8292 8293 8294 8295 8296 8297 8298 8299 8300 8301 8302 8303 8304 8305 8306 8307 8308 8309 8310 8311 8312 8313 8314 8315 8316 8317 8318 8319 8320 8321 8322 8323 8324 8325 8326 8327 8328 8329 8330 8331 8332 8333 8334 8335 8336 8337 8338 8339 8340 8341 8342 8343 8344 8345 8346 8347 8348 8349 8350 8351 8352 8353 8354 8355 8356 8357 8358 8359 8360 8361 8362 8363 8364 8365 8366 8367 8368 8369 8370 8371 8372 8373 8374 8375 8376 8377 8378 8379 8380 8381 8382 8383 8384 8385 8386 8387 8388 8389 8390 8391 8392 8393 8394 8395 8396 8397 8398 8399 8400 8401 8402 8403 8404 8405 8406 8407 8408 8409 8410 8411 8412 8413 8414 8415 8416 8417 8418 8419 8420 8421 8422 8423 8424 8425 8426 8427 8428 8429 8430 8431 8432 8433 8434 8435 8436 8437 8438 8439 8440 8441 8442 8443 8444 8445 8446 8447 8448 8449 8450 8451 8452 8453 8454 8455 8456 8457 8458 8459 8460 8461 8462 8463 8464 8465 8466 8467 8468 8469 8470 8471 8472 8473 8474 8475 8476 8477 8478 8479 8480 8481 8482 8483 8484 8485 8486 8487 8488 8489 8490 8491 8492 8493 8494 8495 8496 8497 8498 8499 8500 8501 8502 8503 8504 8505 8506 8507 8508 8509 8510 8511 8512 8513 8514 8515 8516 8517 8518 8519 8520 8521 8522 8523 8524 8525 8526 8527 8528 8529 8530 8531 8532 8533 8534 8535 8536 8537 8538 8539 8540 8541 8542 8543 8544 8545 8546 8547 8548 8549 8550 8551 8552 8553 8554 8555 8556 8557 8558 8559 8560 8561 8562 8563 8564 8565 8566 8567 8568 8569 8570 8571 8572 8573 8574 8575 8576 8577 8578 8579 8580 8581 8582 8583 8584 8585 8586 8587 8588 8589 8590 8591 8592 8593 8594 8595 8596 8597 8598 8599 8600 8601 8602 8603 8604 8605 8606 8607 8608 8609 8610 8611 8612 8613 8614 8615 8616 8617 8618 8619 8620 8621 8622 8623 8624 8625 8626 8627 8628 8629 8630 8631 8632 8633 8634 8635 8636 8637 8638 8639 8640 8641 8642 8643 8644 8645 8646 8647 8648 8649 8650 8651 8652 8653 8654 8655 8656 8657 8658 8659 8660 8661 8662 8663 8664 8665 8666 8667 8668 8669 8670 8671 8672 8673 8674 8675 8676 8677 8678 8679 8680 8681 8682 8683 8684 8685 8686 8687 8688 8689 8690 8691 8692 8693 8694 8695 8696 8697 8698 8699 8700 8701 8702 8703 8704 8705 8706 8707 8708 8709 8710 8711 8712 8713 8714 8715 8716 8717 8718 8719 8720 8721 8722 8723 8724 8725 8726 8727 8728 8729 8730 8731 8732 8733 8734 8735 8736 8737 8738 8739 8740 8741 8742 8743 8744 8745 8746 8747 8748 8749 8750 8751 8752 8753 8754 8755 8756 8757 8758 8759 8760 8761 8762 8763 8764 8765 8766 8767 8768 8769 8770 8771 8772 8773 8774 8775 8776 8777 8778 8779 8780 10114 8781 8782 8783 8784 8785 8786 8787 8788 8789 8790 8791 8792 8793 8794 8795 8796 8797 8798 8799 8800 8801 8802 8803 8804 8805 8806 8807 8808 8809 8810 8811 8812 8813 8814 8815 8816 8817 8818 8819 8820 8821 8822 8823 8824 8825 8826 8827 8828 8829 8830 8831 8832 8833 8834 8835 8836 8837 8838 8839 8840 8841 8842 8843 8844 8845 8846 8847 8848 8849 8850 8851 8852 8853 8854 8855 8856 8857 8858 8859 8860 8861 8862 8863 8864 8865 8866 8867 8868 8869 8870 8871 8872 8873 8874 8875 8876 8877 8878 8879 8880 8881 8882 8883 8884 8885 8886 8887 8888 8889 8890 8891 8892 8893 8894 8895 8896 8897 8898 8899 8900 8901 8902 8903 8904 8905 8906 8907 8908 8909 8910 8911 8912 8913 8914 8915 8916 8917 8918 8919 8920 8921 8922 8923 8924 8925 8926 8927 8928 8929 8930 8931 8932 8933 8934 8935 8936 8937 8938 8939 8940 8941 8942 8943 8944 8945 8946 8947 8948 8949 8950 8951 8952 8953 8954 8955 8956 8957 8958 8959 8960 8961 8962 8963 8964 8965 8966 8967 8968 8969 8970 8971 8972 8973 8974 8975 8976 8977 8978 8979 8980 8981 8982 8983 8984 8985 8986 8987 8988 8989 8990 8991 8992 8993 8994 8995 8996 8997 8998 8999 9000 9001 9002 9003 9004 9005 9006 9007 9008 9009 9010 9011 9012 9013 9014 9015 9017 9018 9019 9020 9021 9022 9023 9024 9025 9026 9027 9028 9029 9030 9031 9032 9033 9034 9035 9036 9037 9038 9039 9040 9041 9042 9043 9044 9045 9046 9047 9048 9049 9050 9051 9052 9053 9054 9055 9056 9057 9058 9059 9060 9061 9062 9063 9064 9065 9066 9067 9068 9069 9070 9071 9072 9073 9074 9075 9076 9077 9078 9079 9080 9081 9082 9083 9084 9085 9086 9087 9088 9089 9090 9091 9092 9093 9094 9095 9096 9097 9098 9099 9100 9101 9102 9103 9104 9105 9106 9107 9108 9109 9110 9111 9112 9113 9114 9115 9116 9117 9118 9119 9120 9121 9122 9123 9124 9125 9126 9127 9128 9129 9130 9131 9132 9133 9134 9135 9136 9137 9138 9139 9140 9141 9142 9143 9144 9145 9146 9147 9148 9149 9150 9151 9152 9153 9154 9155 9156 9157 9158 9159 9160 9161 9162 9163 9164 9165 9166 9167 9168 9169 9170 9171 9172 9173 9174 9175 9176 9177 9178 9179 9180 9181 9182 9183 9184 9185 9186 9187 9188 9190 9191 9192 9193 9194 9195 9196 9197 9198 9199 9200 9201 9202 9203 9204 9205 9206 9207 9208 9209 9210 9211 9212 9213 9214 9215 9216 9217 9218 9219 9220 9221 9222 9223 9224 9225 9226 9227 9228 9229 9230 9231 9232 9233 9234 9235 9236 9237 9238 9239 9240 9241 9242 9243 9244 9245 9246 9247 9248 9249 9250 9251 9252 9253 9254 9255 9256 9257 9258 9259 9260 9261 9262 9263 9264 9265 9266 9267 9268 9269 9270 9271 9272 9273 9274 9275 9276 9277 9278 9279 9280 9281 9282 9283 9284 9285 9286 9287 9288 9289 9290 9291 9292 9293 9294 9295 9296 9297 9298 9299 9300 9301 9302 9303 9304 9305 9306 9307 9308 9309 9310 9311 9312 9313 9314 9315 9316 9317 9318 9319 9320 9321 9322 10107 9323 9324 9325 9326 9327 9328 9329 9330 9331 9332 9333 9334 9335 9336 9337 9338 9339 9340 9341 9342 9343 9344 9345 9346 9347 9348 9349 9350 9351 9352 9353 9354 9355 9356 9357 9358 9359 9360 9361 9362 9363 9364 9365 9366 9367 9368 9369 9370 9371 9372 9373 9374 9375 9376 9377 9378 9379 9380 9381 9382 9383 9384 9385 9386 9387 9388 9389 9390 9391 9392 9393 9394 9395 9396 9397 9398 9399 9400 9401 9402 9403 9404 9405 9406 9407 9408 9409 9410 9411 9412 9413 9414 9415 9416 9417 9418 9419 9420 9421 9422 9423 9424 9425 9426 9427 9428 9429 9430 9431 9432 9433 9434 9435 9436 9437 9438 9439 9440 9441 9442 9443 9444 9445 9446 9447 9448 9449 9450 9451 9452 9453 9454 9455 9456 9457 9458 9459 9460 9461 9462 9463 9464 9465 9466 9467 9468 9469 9470 9471 9472 9473 9474 9475 9476 9477 9478 9479 9480 9481 9482 9483 9484 9485 9486 9487 9488 9489 9490 9491 9492 9493 9494 9495 9496 9497 9498 9499 9500 9501 9502 9503 9504 9505 9506 9507 9508 9509 9510 9511 9512 9513 9514 9515 9516 9517 9518 9519 9520 9521 9522 9523 9524 9525 9526 9527 9528 9529 9530 9531 9532 9533 9534 9535 9536 9537 9538 9539 9540 9541 9542 9543 9544 9545 9546 9547 9548 9549 9550 9551 9552 9553 9554 9555 9556 9557 9558 9559 9560 9561 9562 9563 9564 9565 9566 9567 9568 9569 9570 9571 9572 9573 9574 9575 9576 9577 9578 9579 9580 9581 9582 9583 9584 9585 9586 9587 9588 9589 9590 9591 9592 9593 9594 9595 9596 9597 9598 9599 9600 9601 9602 9603 9604 9605 9606 9607 9608 9609 9610 9611 9612 9613 9614 9615 9616 9617 9618 9619 9620 9621 9622 9623 9624 9625 9626 9627 9628 9629 9630 9631 9632 9633 9634 9635 9636 9637 9638 9639 9640 9641 9642 9643 9644 9645 9646 9647 9648 9649 9650 9651 9652 9653 9654 9655 9656 9657 9658 9659 9660 9661 9662 9663 9664 9665 9666 9667 9668 9669 9670 9671 9672 9673 9674 9675 9676 9677 9678 9679 9680 9681 9682 9683 9684 9685 9686 9687 9688 9689 9690 9691 9692 9693 9694 9695 9696 9697 9698 9699 9700 9701 9702 9703 9704 9705 9706 9707 9708 9709 9710 9711 9712 9713 9714 9715 9716 9717 9718 9719 9720 9721 9722 9723 9724 9725 9726 9727 9728 9729 9730 9731 9732 9733 9734 9735 9736 9737 9738 9739 9740 9741 9742 9743 9744 9745 9746 9747 9748 9749 9750 9751 9752 9753 9754 9755 9756 9757 9758 9759 9760 9761 9762 9763 9764 9765 9766 9767 9768 9769 9770 9771 9772 9773 9774 9775 9776 9777 9778 9779 9780 9781 9782 9783 9784 9785 9786 9787 9788 9789 9790 9791 9792 9793 9794 9795 9796 9797 9798 9799 9800 9801 9802 9803 9804 9805 9806 9807 9808 9809 9810 9811 9812 9813 9814 9815 9816 9817 9818 9819 9820 9821 9822 9823 9824 9825 9826 9827 9828 9829 9830 9831 9832 9833 9834 9835 9836 9837 9838 9839 9840 9841 9842 9843 9844 9845 9846 9847 9848 9849 9850 9851 9852 9853 9854 9855 9856 9857 9858 9859 9860 9861 9862 9863 9864 9865 9866 9867 9868 9869 9870 9871 9872 9873 9874 9875 9876 9877 9878 9879 9880 9881 9882 9883 9884 9885 9886 9887 9888 9889 9890 9891 9892 9893 9894 9895 9896 9897 9898 9899 9900 9901 9902 9903 9904 9905 9906 9907 9908 9909 9910 9911 9912 9913 9914 9915 9916 9917 9918 9919 9920 9921 9922 9923 9924 9925 9926 9927 9928 9929 9930 9931 9932 9933 9934 9935 9936 9937 9938 9939 9940 9941 9942 9943 9944 9945 9946 9947 9948 9949 9950 9951 9952 9953 9954 9955 9956 9957 9958 9959 9960 9961 9962 9963 9964 9965 9966 9967 9968 9969 9970 9971 9972 9973 9974 9975 9976 9977 9978 9979 9980 9981 9982 9983 9984 9985 9986 9987 9988 9989 9990 9991 9992 9993 9994 9995 9996 9997 9998 9999 10000 10001 10002 10003 10004 10005 10006 10007 10008 10009 10010 10011 10012 10013 10014 10015 10016 10017 10018 10019 10020 10021 10022 10023 10024 10025 10026 10027 10028 10029 10030 10031 10032 10033 10034 10035 10036 10037 10038 10039 10040 10041 10042 10043 10044 10045 10046 10047 10048 10049 10050 10051 10052 10053 10054 10055 10056 10057 10058 10059 10060 10061 10062 10063 10064 10065 10066 10067 10068 10069 10070 10071 10072 10073 10074 10075 10076 10077 10078 10079 10080 10081 10082 10083 10084 10085 10086 10087 10088 10089 10090 10091 10092 10093 10094 10095 10096 10097 10098 10099 10100 10101
p1:3 A 0 1 2 3 4 5 6 7 8 9 10 11 12 13 14 15 16 17 18 19 20 21 22 23 24 25 26 27 28 29 30 31 32 33 34 35 36 37 38 39 40 41 42 43 44 45 46 47 48 49 50 51 52 53 54 55 56 57 58 59 60 61 62 63 64 65 66 67 68 69 70 71 72 73 74 75 76 77 78 79 80 81 82 83 84 85 86 87 88 89 90 91 92 93 94 95 96 97 98 99 100 101 102 103 104 105 106 107 108 109 110 111 112 113 114 115 116 117 118 119 120 121 122 123 124 125 126 127 128 129 130 131 132 133 134 135 136 137 138 139 140 141 142 143 144 145 146 147 148 149 150 151 152 153 154 155 156 157 158 159 160 161 162 163 164 165 166 167 168 169 170 171 172 173 174 175 176 177 178 179 180 181 182 183 184 185 186 187 188 189 190 191 192 193 194 195 196 197 198 199 200 201 202 203 204 205 206 207 208 209 210 211 212 213 214 215 216 217 218 219 220 221 222 223 224 225 226 227 228 229 230 231 232 233 234 235 236 237 238 239 240 241 242 243 244 245 246 247 248 249 250 251 252 253 254 255 256 257 258 259 260 261 262 263 264 265 266 267 268 269 270 271 272 273 274 275 276 277 278 279 280 281 282 283 284 285 286 287 288 289 290 291 292 293 294 295 296 297 298 299 300 301 302 303 304 305 306 307 308 309 310 311 312 313 314 315 316 317 318 319 320 321 322 323 324 325 326 327 328 329 330 331 332 333 334 335 336 337 338 339 340 341 342 343 344 345 346 347 348 349 350 351 352 353 354 355 356 357 358 359 360 361 362 363 364 365 366 367 368 369 370 371 372 373 374 375 376 377 378 379 380 381 382 383 384 385 386 387 388 389 390 391 392 393 394 395 396 397 398 399 400 401 402 403 404 405 406 407 408 409 410 411 412 413 414 415 416 417 418 419 420 421 422 423 424 425 426 427 428 429 430 431 432 433 434 435 436 437 438 439 440 441 442 443 444 445 446 447 448 449 450 451 452 453 454 455 456 457 458 459 460 461 462 463 464 465 466 467 468 469 470 471 472 473 474 475 476 477 478 479 480 481 482 483 484 485 486 487 488 489 490 491 492 493 494 495 496 497 498 499 500 501 502 503 504 505 506 507 508 509 510 511 512 513 514 515 516 517 518 519 520 521 522 523 524 525 526 527 528 529 530 531 532 533 534 535 536 537 538 539 540 541 542 543 544 545 546 547 548 549 550 551 552 553 554 555 556 557 558 559 560 561 562 563 564 565 566 567 568 569 570 571 572 573 574 575 576 577 578 579 580 581 582 583 584 585 586 587 588 589 590 591 592 593 594 595 596 597 598 599 600 601 602 603 604 605 606 607 608 609 610 611 612 613 614 615 616 617 618 619 620 621 622 623 624 625 626 627 628 629 630 631 632 633 634 635 636 637 638 639 640 641 642 643 644 645 646 647 648 649 650 651 652 653 654 655 656 657 658 659 660 661 662 663 664 665 666 667 668 669 670 671 672 673 674 675 676 677 678 679 680 681 682 683 684 685 686 687 688 689 690 691 692 693 694 695 696 697 698 699 700 701 702 703 704 705 706 707 708 709 710 711 712 713 714 715 716 717 718 719 720 721 722 723 724 725 726 727 728 729 730 731 732 733 734 735 736 737 738 739 740 741 742 743 744 745 746 747 748 749 750 751 752 753 754 755 756 757 758 759 760 761 762 763 764 765 766 767 768 769 770 771 772 773 774 775 776 777 778 779 780 781 782 783 784 785 786 787 788 789 790 791 792 793 794 795 796 797 798 799 800 801 802 803 804 805 806 807 808 809 810 811 812 813 814 815 816 817 818 819 820 821 822 823 824 825 826 827 828 829 830 831 832 833 834 835 836 837 838 839 840 841 842 843 844 845 846 847 848 849 850 851 852 853 854 855 856 857 858 859 860 861 862 863 864 865 866 867 868 869 870 871 872 873 874 875 876 877 878 879 880 881 882 883 884 885 886 887 888 889 890 891 892 893 894 895 896 897 898 899 900 901 902 903 904 905 906 907 908 909 910 911 912 913 914 915 916 917 918 919 920 921 922 923 924 925 926 927 928 929 930 931 932 933 934 935 936 937 938 939 940 941 942 943 944 945 946 947 948 949 950 951 952 953 954 955 956 957 958 959 960 961 962 963 964 965 966 967 968 969 970 971 972 973 974 975 976 977 978 979 980 981 982 983 984 985 986 987 988 989 990 991 992 993 994 995 996 997 998 999 1000 1001 1002 1003 1004 1005 1006 1007 1008 1009 1010 1011 1012 1013 1014 1015 1016 1017 1018 1019 1020 1021 1022 1023 1024 1025 1026 1027 1028 1029 1030 1031 1032 1033 1034 1035 1036 1037 1038 1039 1040 1041 1042 1043 1044 1045 1046 1047 1048 1049 1050 1051 1052 1053 1054 1055 1056 1057 1058 1059 1060 1061 1062 1063 1064 1065 1066 1067 1068 1069 1070 1071 1072 1073 1074 1075 1076 1077 1078 1079 1080 1081 1082 1083 1084 1085 1086 1087 1088 1089 1090 1091 1092 1093 1094 1095 1096 1097 1098 1099 1100 1101 1102 1103 1104 1105 1106 1107 1108 1109 1110 1111 1112 1113 1114 1115 1116 1117 1118 1119 1120 1121 1122 1123 1124 1125 1126 1127 1128 1129 1130 1131 1132 1133 1134 1135 1136 1137 1138 1139 1140 1141 1142 1143 1144 1145 1146 1147 1148 1149 1150 1151 1152 1153 1154 1155 1156 1157 1158 1159 1160 1161 1162 1163 1164 1165 1166 1167 1168 1169 1170 1171 1172 1173 1174 1175 1176 1177 1178 1179 1180 1181 1182 1183 1184 1185 1186 1187 1188 1189 1190 1191 1192 1193 1194 1195 1196 1197 1198 1199 1200 1201 1202 1203 1204 1205 1206 1207 1208 1209 1210 1211 10115 1212 1213 1214 1215 1216 1217 1218 1219 1220 1221 1222 1223 1224 1225 1226 1227 1228 1229 1230 1231 1232 1233 1234 1235 1236 1237 1238 1239 1240 1241 1242 1243 1244 1245 1246 1247 1248 1249 1250 1251 1252 1253 1254 1255 1256 1257 1258 1259 1260 1261 1262 1263 1264 1265 1266 1267 1268 1269 1270 1271 1272 1273 1274 1275 1276 1277 1278 1279 1280 1281 1282 1283 1284 1285 1286 1287 1288 1289 1290 1291 1292 1293 1294 1295 1296 1297 1298 1299 1300 1301 1302 1303 1304 1305 1306 1307 1308 1309 1310 1311 1312 1313 1314 1315 1316 1317 1318 1319 1320 1321 1322 1323 1324 1325 1326 1327 1328 1329 1330 1331 1332 1333 1334 1335 1336 1337 1338 1339 1340 1341 1342 1343 1344 1345 1346 1347 1348 1349 1350 1351 1352 1353 1354 1355 1356 1357 1358 1359 1360 1361 1362 1363 1364 1365 1366 1367 1368 1369 1370 1371 1372 1373 1374 1375 1376 1377 1378 1379 1380 1381 1382 1383 1384 1385 1386 1387 1388 1389 1390 1391 1392 1393 1394 1395 1396 1397 1398 1399 1400 1401 1402 1403 1404 1405 1406 1407 1408 1409 1410 1411 1412 1413 1414 1415 1416 1417 1418 1419 1420 1421 1422 1423 1424 1425 1426 1427 1428 1429 1430 1431 1432 1433 1434 1435 1436 1437 1438 1439 1440 1441 1442 1443 1444 1445 1446 1447 1448 1449 1450 1451 1452 1453 1454 1455 1456 1457 1458 1459 1460 1461 1462 1463 1464 1465 1466 1467 1468 1469 1470 1471 1472 1473 1474 1475 1476 1477 1478 1479 1480 1481 1482 1483 1484 1485 1486 1487 1488 1489 1490 1491 1492 1493 1494 1495 1496 1497 1498 1500 1501 1502 1503 1504 1505 1506 1507 1508 1509 1510 1511 1512 1513 1514 1515 1516 1517 1518 1519 1520 1521 1522 1523 1524 1525 1526 1527 1528 1529 1530 1531 1532 1533 1534 1535 1536 1537 1538 1539 1540 1541 1542 1543 1544 1545 1546 1547 1548 1549 1550 1551 1552 1553 1554 1555 1556 1557 1558 1559 1560 1561 1562 1563 1564 1565 1566 1567 1568 1569 1570 1571 1572 1573 1574 1575 1576 1577 1578 1579 1580 1581 1582 1583 1584 1585 1586 1587 1588 1589 1590 1591 1592 1593 1594 1595 1596 1597 1598 1599 1600 1601 1602 1603 1604 1605 1606 1607 1608 1609 1610 1611 1612 1613 1614 1615 1616 1617 1618 1619 1620 1621 1622 1623 1624 1625 1626 1627 1628 1629 1630 1631 1632 1633 1634 1635 1636 1637 1638 1639 1640 1641 1642 1643 1644 1645 1646 1647 1648 1649 1650 1651 1652 1653 1654 1655 1656 1657 1658 1659 1660 1661 1662 1663 1664 1665 1666 1667 1668 1669 1670 1671 1672 1673 1674 1675 1676 1677 1678 1679 1680 1681 1682 1683 1684 1685 1686 1687 1688 1689 1690 1691 1692 1693 1694 1695 1696 1697 1698 1699 1700 1701 1702 1703 1704 1705 1706 1707 1708 1709 1710 1711 1712 1713 1714 1715 1716 1717 1718 1719 1720 1721 1722 1723 1724 1725 1726 1727 1728 1729 1730 1731 1732 1733 1734 1735 1736 1737 1738 1739 1740 1741 1742 1743 1744 1745 1746 1747 1748 1749 1750 1751 1752 1753 1754 1755 1756 1757 1758 1759 1760 1761 1762 1763 1764 1765 1766 1767 1768 10102 1769 1770 1771 1772 1773 1774 1775 1776 1777 1778 1779 1780 1781 1782 1783 1784 1785 1786 1787 1788 1789 1790 1791 1792 1794 1795 1796 1797 1798 1799 1800 1801 1802 1803 1804 1805 1806 1807 1808 1809 1810 1811 1812 1813 1814 1815 1816 1817 1818 1819 1820 1821 1822 1823 1824 1825 1826 1827 1828 1829 1830 1831 1832 1833 1834 1835 1836 1837 1838 1839 1840 1841 1842 1843 1844 1845 1846 1847 10103 1848 1849 1850 1851 1852 1853 1854 1855 1856 1857 1858 1859 1860 1861 1862 1863 1864 1865 1866 1867 1868 1869 1870 1871 1872 1873 1874 1875 1876 1877 1878 1879 1880 1881 1882 1883 1884 1885 1886 1887 1888 1889 1890 1891 1892 1893 1894 1895 1896 1897 1898 1899 1900 1901 1902 1903 1904 1905 1906 1907 1908 1909 1910 1911 1912 1913 1914 1915 1916 1917 1918 1919 1920 1921 1922 10104 1923 1924 1925 1926 1927 1928 1929 1930 1931 1932 1933 1934 1935 1936 1937 1938 1939 1940 1941 1942 1943 1944 1945 1946 1947 1948 1949 1950 1951 1952 1953 1954 1955 1956 1957 1958 1959 1960 1961 1962 1963 1964 1965 1966 1967 1968 1969 1970 1971 1972 1973 1974 1975 1976 1977 1978 1979 1980 1981 1982 1983 1984 1985 1986 1987 1988 1989 1990 1991 1992 1993 1994 1995 1996 1997 1998 1999 2000 2001 2002 2003 2004 2005 2006 2007 2008 2009 2010 2011 2012 2013 2014 2015 2016 2017 2018 2019 2020 2021 2022 2023 2024 2025 2026 2027 2028 2029 2030 2031 2032 2033 2034 2035 2036 2037 2038 2039 2040 2041 2042 2043 2044 2045 2046 2047 2048 2049 2050 2051 2052 2053 2054 2055 2056 2057 2058 2059 2060 2061 2062 2063 2064 2065 2066 2067 2068 2069 2070 2071 2072 2073 2074 2075 2076 2077 2078 2079 2080 2081 2082 2083 2084 2085 2086 2087 2088 2089 2090 2091 2092 2093 2094 2095 2096 2097 2098 2099 2100 2101 2102 2103 2104 2105 2106 2107 2108 2109 2110 2111 2112 2113 2114 2115 2116 2117 2118 2119 2120 2121 2122 2123 2124 2125 2126 2127 2128 2129 2130 2131 2132 2133 2134 2135 2136 2137 2138 2139 2140 2141 2142 2143 2144 2145 2146 2147 2148 2149 2150 2151 2152 2153 2154 2155 2156 2157 2158 2159 2160 2161 2162 2163 2164 2165 2166 2167 2168 2169 2170 2171 2172 2173 2174 2175 2176 2177 2178 2179 2180 2181 2182 2183 2184 2185 2186 2187 2188 2189 2190 2191 2192 2193 2194 2195 2196 2197 2198 2199 2200 2201 2202 2203 2204 2205 2206 2207 2208 2209 2210 2211 2212 2213 2214 2215 2216 2217 2218 2219 2220 2221 2222 2223 2224 2225 2226 2227 2228 2229 2230 2231 2232 2233 2234 2235 2236 2237 2238 2239 2240 2241 2242 2243 2244 2245 2246 2247 2248 2249 2250 2251 2252 2253 2254 2255 2256 2257 2258 2259 2260 2261 2262 2263 2264 2265 2266 2267 2268 2269 2270 2271 2272 2273 2274 2275 2276 2277 2278 2279 2280 2281 2282 2283 2284 2285 2286 2287 2288 2289 2290 2291 2292 2293 2294 2295 2296 2297 2298 2299 2300 2301 2302 2303 2304 2305 2306 2307 2308 2309 2310 2311 2312 2313 2314 2315 2316 2317 2318 2319 2320 2321 2322 2323 2324 2325 2326 2327 2328 2329 10116 2330 2331 2332 2333 2334 2335 2336 2337 2338 2339 2340 2341 2342 2343 2344 2345 2346 2347 2348 2349 2350 2351 2352 2353 2354 2355 2356 2357 2358 2359 2360 2361 2362 2363 2364 2365 2366 2367 2368 2369 2370 2371 2372 2373 2374 2375 2376 2377 2378 2379 2380 2381 2382 2383 2384 2385 2386 2387 2388 2389 2390 2391 2392 2393 2394 2395 2396 2397 2398 2399 2400 2401 2402 2403 2404 2405 2406 2407 2408 2409 2410 2411 2412 2413 2414 2415 2416 2417 2418 2419 2420 2421 2422 2423 2424 2425 2426 2427 2428 2429 2430 2431 2432 2433 2434 2435 2436 2437 2438 2439 2440 2441 2442 2443 2444 2445 2446 2447 2448 2449 2450 2451 2452 2453 2454 2455 2456 2457 2458 2459 2460 2461 2462 2463 2464 2465 2466 2467 2468 2469 2470 2471 2472 2473 2474 2475 2476 2477 2478 2479 2480 2481 2482 2483 2484 2485 2486 2487 2488 2489 2490 2491 2492 2493 2494 2495 2496 2497 2498 2499 2500 2501 2502 2503 2504 2505 2506 2507 2508 2509 2510 2511 2512 2513 2514 2515 2516 2517 2518 2519 2520 2521 2522 2523 2524 2525 2526 2527 2528 2529 2530 2531 2532 2533 2534 2535 2536 2537 2538 2539 2540 2541 2542 2543 2544 2545 2546 2547 2548 2549 2550 2551 2552 2553 2554 2555 2556 2557 2558 2559 2560 2561 2562 2563 2564 2565 2566 2567 2568 2569 2570 2571 2572 2573 2574 2575 2576 2577 2578 2579 2580 2581 2582 2583 2584 2585 2586 2587 2588 2589 2590 2591 2592 2593 2594 2595 2596 2597 2598 2599 2600 2601 2602 2603 2604 2605 2606 2607 2608 2609 2610 2611 2612 2613 2614 2615 2616 2617 2618 2619 2620 2621 2622 2623 2624 2625 2626 2627 2628 2629 2630 2631 2632 2633 2634 2635 2636 2637 2638 2639 2640 2641 2642 2643 2644 2645 2646 2647 2648 2649 2650 2651 2652 2653 2654 2655 2656 2657 2658 2659 2660 2661 2662 2663 2664 2665 2666 2667 2668 2669 2670 2671 2672 2673 2674 2675 2676 2677 2678 2679 2680 2681 2682 2683 2684 2685 2686 2687 2688 2689 2690 2691 2692 2693 2694 2695 2696 2697 2698 2699 2700 2701 2702 2703 2704 2705 2706 2707 2708 2709 2710 2711 2712 2713 2714 2715 2716 2717 2718 2719 2720 2721 2722 2723 2724 2725 2726 2727 2728 2729 2730 2731 2732 2733 2734 2735 2736 2737 2738 2739 2740 2741 2742 2743 2744 2745 2746 2747 2748 2749 2750 2751 2752 2753 2754 2755 2756 2757 2758 2759 2760 2761 2762 2763 2764 2765 2766 2767 2768 2769 2770 2771 2772 2773 2774 2775 2776 2777 2778 2779 2780 2781 2782 2783 2784 2785 2786 2787 2788 2789 2790 2791 2792 2793 2794 2795 2796 2797 2798 2799 2800 2801 2802 2803 2804 2805 2806 2807 2808 2809 2810 2811 2812 2813 2814 2815 2816 2817 2818 2819 2820 2821 2822 2823 2824 2825 2826 2827 2828 2829 2830 2831 2832 2833 2834 2835 2836 2837 2838 2839 2840 2841 2842 2843 2844 2845 2846 2847 2848 2849 2850 2851 2852 2853 2854 2855 2856 2857 2858 2859 2860 2861 2862 2863 2864 2865 2866 2867 2868 2869 2870 2871 2872 2873 2874 2875 2876 2877 2878 2879 2880 2881 2882 2883 2884 2885 2886 2887 2888 2889 2890 2891 2892 2893 2894 2895 2896 2897 2898 2899 2900 2901 2902 2903 2904 2905 2906 2907 2908 2909 2910 2911 2912 2913 2914 2915 2916 2917 2918 2919 2920 2921 2922 2923 2924 2925 2926 2927 2928 2929 2930 2931 2932 2933 2934 2935 2936 2937 2938 2939 2940 2941 2942 2943 2944 2945 2946 2947 2948 2949 2950 2951 2952 2953 2954 2955 2956 2957 2958 2959 2960 2961 2962 2963 2964 2965 2966 2967 2968 2969 2970 2971 2972 2973 2974 2975 2976 2977 2978 2979 2980 2981 2982 2983 2984 2985 2986 2987 2988 2989 2990 2991 2992 2993 2994 2995 2996 2997 2998 2999 3000 3001 3002 3003 3004 3005 3006 3007 3008 3009 3010 3011 3012 3013 3014 3015 3016 3017 3018 3019 3020 3021 3022 3023 3024 3025 3026 3027 3028 3029 3030 3031 3032 3033 3034 3035 3036 3037 3038 3039 3040 3041 3042 3043 3044 3045 3046 3047 3048 3049 3050 3051 3052 3053 3054 3055 3056 3057 3058 3059 3060 3061 3062 3063 3064 3065 3066 3067 3068 3069 3070 3071 3072 3073 3074 3075 3076 3077 3078 3079 3080 3081 3082 3083 3084 3085 3086 3087 3088 3089 3090 3091 3092 3093 3094 3095 3096 3097 3098 3099 3100 3101 3102 3103 3104 3105 3106 3107 3108 3109 3110 3111 3112 3113 3114 3115 3116 3117 3118 3119 3120 3121 3122 3123 3124 3125 3126 3127 3128 3129 3130 3131 3132 3133 3134 3135 3136 3137 3138 3139 3140 3141 3142 3143 3144 3145 3146 3147 3148 3149 3150 3151 3152 3153 3154 3155 3156 3157 3158 3159 3160 3161 3162 3163 3164 3165 3166 3167 3168 3169 3170 3171 3172 3173 3174 3175 3176 3177 3178 3179 3180 3181 3182 3183 3184 3185 3186 3187 3188 3189 3190 3191 3192 3193 3194 3195 3196 3197 3198 3199 3200 3201 3202 3203 3204 3205 3206 3207 3208 3209 3210 3211 3212 3213 3214 3215 3216 3217 3218 3219 3220 3221 3222 3223 3224 3225 3226 3227 3228 3229 3230 3231 3232 3233 3234 3235 3236 3237 3238 3239 3240 3241 3242 3243 3244 3245 3246 3247 3248 3249 3250 3251 3252 3253 3254 3255 3256 3257 3258 3259 3260 3261 3262 3263 3264 3265 3266 3267 3268 3269 3270 3271 3272 3273 3274 3275 3276 3277 3278 3279 3280 3281 3282 3283 3284 3285 3286 3287 3288 3289 3290 3291 3292 3293 3294 3295 3296 3297 3298 3299 3300 3301 3302 3303 3304 3305 3306 3307 3308 3309 3310 3311 3312 3313 3314 3315 3316 3317 3318 3319 3320 3321 3322 3323 3324 3325 3326 3327 3328 3329 3330 3331 3332 3333 3334 3335 3336 3337 3338 3339 3340 3341 3342 3343 3344 3345 3346 3347 3348 3349 3350 3351 3352 3353 3354 3355 3356 3357 3358 3359 3360 3361 3362 3363 3364 3365 3366 3367 3368 3369 3370 3371 3372 3373 3374 3375 3376 3377 3378 3379 3380 3381 3382 3383 3384 3385 3386 3387 3388 3389 3390 3391 3392 3393 3394 3395 3396 3397 3398 3399 3400 3401 3402 3403 3404 3405 3406 3407 3408 3409 3410 3411 3412 3413 3414 3415 3416 3417 3418 3419 3420 3421 3422 3423 3424 3425 3426 3427 3428 3429 3430 3431 3432 3433 3434 3435 3436 3437 3438 3439 3440 3441 3442 3443 3444 3445 3446 3447 3448 3449 3450 3451 3452 3453 3454 3455 3456 3457 3458 3459 3460 3461 3462 3463 3464 3465 3466 3467 3468 3469 3470 3471 3472 3473 3474 3475 3476 3477 3478 3479 3480 3481 3482 3483 3484 3485 3486 3487 3488 3489 3490 3491 3492 3493 3494 3495 3496 3497 3498 3499 3500 3501 3502 3503 3504 3505 3506 3507 3508 3509 3510 3511 3512 3513 3514 3515 3516 3517 3518 3519 3520 3521 3522 3523 3524 3525 3526 3527 3528 3529 3530 3531 3532 3533 3535 3536 3537 3538 3539 3540 3541 3542 3543 3544 3545 3546 3547 3548 3549 3550 3551 3552 3553 3554 3555 3556 3557 3558 3559 3560 3561 3562 3563 3564 3565 3566 3567 3568 3569 3570 3571 3572 3573 3574 3575 3576 3577 3578 3579 3580 3581 3582 3583 3584 3585 3586 3587 3588 3589 3590 3591 3592 3593 3594 3595 3596 3597 3598 10109 3599 3600 3601 3602 3603 3604 3605 3606 3607 3608 3609 3610 3611 3612 3613 3614 3615 3616 3617 3618 3619 3620 3621 3622 3623 3624 3625 3626 3627 3628 3629 3630 3631 3632 3633 3634 3635 3636 3637 3638 3639 3640 3641 3642 3643 3644 3645 3646 3647 3648 3649 3650 3651 3652 3653 3654 3655 3656 3657 3658 3659 3660 3661 3662 3663 3664 3665 3666 3667 3668 3669 3670 3671 3672 3673 3674 3675 3676 3677 3678 3679 3680 3681 3682 3683 3684 3685 3686 3687 3688 3689 3690 3691 3692 3693 3694 3695 3696 3697 3698 3699 3700 3701 3702 3703 3704 3705 3706 3707 3708 3709 3710 3711 3712 3713 3714 3715 3716 3717 3718 3719 3720 3721 3722 3723 3724 3725 3726 3727 3728 3729 3730 3731 3732 3733 3734 3735 3736 3737 3738 3739 3740 3741 3742 3743 3744 3745 3746 3747 3748 3749 3750 3751 3752 3753 3754 3755 3756 3757 3758 3759 3760 3761 3762 3763 3764 3765 3766 3767 3768 3769 3770 3771 3772 3773 3774 3775 3776 3777 3778 3779 3780 3781 3782 3783 3784 3785 3786 3787 3788 3789 3790 3791 3792 3793 3794 3795 3796 3797 3798 3799 3800 3801 3802 3803 3804 3805 3806 3807 3808 3809 3810 3811 3812 3813 3814 3815 3816 3817 3818 3819 3820 3821 3822 3823 3824 3825 3826 3827 3828 3829 3830 3831 3832 3833 3834 3835 3836 3837 3838 3839 3840 3841 3842 3843 3844 3845 3846 3847 3848 3849 3850 3851 3852 3853 3854 3855 3856 3857 3858 3859 3860 3861 3862 3863 3864 3865 3866 3867 3868 3869 3870 3871 3872 3873 3874 3875 3876 3877 3878 3879 3880 3881 3882 3883 3884 3885 3886 3887 3888 3889 3890 3891 3892 3893 3894 3895 3896 3897 3898 3899 3900 3901 3902 3903 3904 3905 3906 3907 3908 3909 3910 3911 3912 3913 3914 3915 3916 3917 3918 3919 3920 3921 3922 3923 3924 3925 3926 3927 3928 3929 3930 3931 3932 3933 3934 3935 3936 3937 3938 3939 3940 3941 3942 3943 3944 3945 3946 3947 3948 3949 3950 3951 3952 3953 3954 3955 3956 3957 3958 3959 3960 3961 3962 3963 3964 3965 3966 3967 3968 3969 3970 3971 3972 3973 3974 3975 3976 3977 3978 3979 3980 3981 3982 3983 3984 3985 3986 3987 3988 3989 3990 3991 3992 3993 3994 3995 3996 3997 3998 3999 4000 4001 4002 4003 4004 4005 4006 4007 4008 4009 4010 4011 4012 4013 4014 4015 4016 4017 4018 4019 4020 4021 4022 4023 4024 4025 4026 4027 4028 4029 4030 4031 4032 4033 4034 4035 4036 4037 4038 4039 4040 4041 4042 4043 4044 4045 4046 4047 4048 4049 4050 4051 4052 4053 4054 4055 4056 4057 4058 4059 4060 4061 4062 4063 4064 4065 4066 4067 4068 4069 4070 4071 4072 4073 4074 4075 4076 4077 4078 4079 4080 4081 4082 4083 4084 4085 4086 4087 4088 4089 4090 4091 4092 4093 4094 4095 4096 4097 4098 4099 4100 4101 4102 4103 4104 4105 4106 4107 4108 4109 4110 4111 4112 4113 4114 4115 4116 4117 4118 4119 4120 4121 4122 4123 4124 4125 4126 4127 4128 4129 4130 4131 4132 4133 4134 4135 4136 4137 4138 4139 4140 4141 4142 4143 4144 4145 4146 4147 4148 4149 4150 4151 4152 4153 4154 4155 4156 4157 4158 4159 4160 4161 4162 4163 4164 4165 4166 4167 4168 4169 4170 4171 4172 4173 4174 4175 4176 4177 4178 4179 4180 4181 4182 4183 4184 4185 4186 4187 4188 4189 4190 4191 4192 4193 4194 4195 4196 4197 4198 4199 4200 4201 4202 4203 4204 4205 4206 4207 4208 4209 4210 4211 4212 4213 4214 4215 4216 4217 4218 4219 4220 4221 4222 4223 4224 4225 4226 4227 4228 4229 4230 4231 4232 4233 4234 10117 4235 4236 4237 4238 4239 4240 4241 4242 4243 4244 4245 4246 4247 4248 4249 4250 4251 4252 4253 4254 4255 4256 4257 4258 4259 4260 4261 4262 4263 4264 4265 4266 4267 4268 4269 4270 4271 4272 4273 4274 4275 4276 4277 4278 4279 4280 4281 4282 4283 4284 4285 4286 4287 4288 4289 4290 4291 4292 4293 4294 4295 4296 4297 4298 4299 4300 4301 4302 4303 4304 4305 4306 4307 4308 4309 4310 4311 4312 4313 4314 4315 4316 4317 4318 4319 4320 4321 4322 4323 4324 4325 4326 4327 4328 4329 4330 4331 4332 4333 4334 4335 4336 4337 4338 4339 4340 4341 4342 4343 4344 4345 4346 4347 4348 4349 4350 4351 4352 4353 4354 4355 4356 4357 4358 4359 4360 4361 4362 4363 4364 4365 4366 4367 4368 4369 4370 4371 4372 4373 4374 4375 4376 4377 4378 4379 4380 4381 4382 4383 4384 4385 4386 4387 4388 4389 4390 4391 4392 4393 4394 4395 4396 4397 4398 4399 4400 4401 4402 4403 4404 4405 4406 4407 4408 4409 4410 4411 4412 4413 4414 4415 4416 4417 4418 4419 4420 4421 4422 4423 4424 4425 4426 4427 4428 4429 4430 4431 4432 4433 4434 4435 4436 4437 4438 4439 4440 4441 4442 4443 4444 4445 4446 4447 4448 4449 4450 4451 4452 4453 4454 4455 4456 4457 4458 4459 4460 4461 4462 4463 4464 4465 4466 4467 4468 4469 4470 4471 4472 4473 4474 4475 4476 4477 4478 4479 4480 4481 4482 4483 4484 4485 4486 4487 4488 4489 4490 4491 4492 4493 4494 4495 4496 4497 4498 4499 4500 4501 4502 4503 4504 4505 4506 4507 4508 4509 4510 4511 4512 4513 4514 4515 4516 4517 4518 4519 4520 4521 4522 4523 4524 4525 4526 4527 4528 4529 4530 4531 4532 4533 4534 4535 4536 4537 4538 4539 4540 4541 4542 4543 4544 4545 4546 4547 4548 4549 4550 4551 4552 4553 4554 4555 4556 4557 4558 4559 4560 4561 4562 4563 4564 4565 4566 4567 4568 4569 4570 4571 4572 4573 4574 4575 4576 4577 4578 4579 4580 4581 4582 4583 4584 4585 4586 4587 4588 4589 4590 4591 4592 4593 4594 4595 4596 4597 4598 4599 4600 4601 4602 4603 4604 4605 4606 4607 4608 4609 4610 4611 4612 4613 4614 4615 4616 4617 4618 4619 4620 4621 4622 4623 4624 4625 4626 4627 4628 4629 4630 4631 4632 4633 4634 4635 4636 4637 4638 4639 4640 4641 4642 4643 4644 4645 4646 4647 4648 4649 4650 4651 4652 4653 4654 4655 4656 4657 4658 4659 4660 4661 4662 4663 4664 4665 4666 4667 4668 4669 4670 4671 4672 4673 4674 4675 4676 4677 4678 4679 4680 4681 4682 4683 4684 4685 4686 4687 4688 4689 4690 4691 4692 4693 4694 4695 4696 4697 10110 4698 4699 4700 4701 4702 4703 4704 4705 4706 4707 4708 4709 4710 4711 4712 4713 4714 4715 4716 4717 4718 4719 4720 4721 4722 4723 4724 4725 4726 4727 4728 4729 4730 4731 4732 4733 4734 4735 4736 4737 4738 4739 4740 4741 4742 4743 4744 4745 4746 4747 4748 4749 4750 4751 4752 4753 4754 4755 4756 4757 4758 4759 4760 4761 4762 4763 4764 4765 4766 4767 4768 4769 4770 4771 4772 4773 4774 4775 4776 4777 4778 4779 4780 4781 4782 4783 4784 4785 4786 4787 4788 4789 4790 4791 4792 4793 4794 4795 4796 4797 4798 4799 4800 4801 4802 4803 4804 4805 4806 4807 4808 4809 4810 4811 4812 4813 4814 4815 4816 4817 4818 4819 4820 4821 4822 4823 4824 4825 4826 4827 4828 4829 4830 4831 4832 4833 4834 4835 4836 4837 4838 4839 4840 4841 4842 4843 4844 4845 4846 4847 4848 4849 4850 4851 4852 4853 4854 4855 4856 4857 4858 4859 4860 4861 4862 4863 4864 4865 4866 4867 4868 4869 4870 4871 4872 4873 4874 4875 4876 4877 4878 4879 4880 4881 4882 4883 4884 4885 4886 4887 4888 4889 4890 4891 4892 4893 4894 4895 4896 4897 4898 4899 4900 4901 4902 4903 4904 4905 4906 4907 4908 4909 4910 4911 4912 4913 4914 4915 4916 4917 4918 4919 4920 4921 4922 4923 4924 4925 4926 4927 4928 4929 4930 4931 4932 4933 4934 4935 4936 4937 4938 4939 4940 4941 4942 4943 4944 4945 4946 4947 4948 4949 4950 4951 4952 4953 4954 4955 4956 4957 4958 4959 4960 4961 4962 4963 4964 4965 4966 4967 4968 4969 4970 4971 4972 4973 4974 4975 4976 4977 4978 4979 4980 4981 4982 4983 4984 4985 4986 4987 4988 4989 4990 4991 4992 4993 4994 4995 4996 4997 4998 4999 5000 5001 5002 5003 5004 5005 5006 5007 5008 5009 5010 5011 5012 5013 5014 5015 5016 5017 5018 5019 5020 5021 5022 5023 5024 5025 5026 5027 5028 5029 5030 5031 5032 5033 5034 5035 5036 5037 5038 5039 5040 5041 5042 5043 5044 5045 5046 5047 5048 5049 5050 5051 5052 5053 5054 5055 5056 5057 5058 5059 5060 5061 5062 5063 5064 5065 5066 5067 5068 5069 5070 5071 5072 5073 5074 5075 5076 5077 5078 5079 5080 5081 5082 5083 5084 5085 5086 5087 5088 5089 5090 5091 5092 5093 5094 5095 5096 5097 5098 5099 5100 5101 5102 5103 5104 5105 5106 5107 5108 5109 5110 5111 5112 5113 5114 5115 5116 5117 5118 5119 5120 5121 5122 5123 5124 5125 5126 5127 5128 5129 5130 5131 5132 5133 5134 5135 5136 5137 5138 5139 5140 5141 5142 5143 5144 5145 5146 5147 5148 5149 5150 5151 5152 5153 5154 5155 5156 5157 5158 5159 5160 5161 5162 5163 5164 5165 5166 5167 5168 5169 5170 5171 5172 5173 5174 5175 5176 5177 5178 5179 5180 5181 5182 5183 5184 5185 5186 5187 5188 5189 5190 5191 5192 5193 5194 5195 5196 5197 5198 5199 5200 5201 5202 5203 5204 5205 5206 5207 5208 5209 5210 5211 5212 5213 5214 5215 5216 5217 5218 5219 5220 5221 5222 5223 5224 5225 5226 5227 5228 5229 5230 5231 5232 5233 5234 5235 5236 5237 5238 5239 5240 5241 5242 5243 5244 5245 5246 5247 5248 5249 5250 5251 5252 5253 5254 5255 5256 5257 5258 5259 5260 5261 5262 5263 5264 5265 5266 5267 5268 5269 5270 5271 5272 5273 5274 5275 5276 5277 5278 5279 5280 5281 5282 5283 5284 5285 5286 5287 5288 5289 5290 5291 5292 5293 5294 5295 5296 5297 5298 5299 5300 5301 5302 5303 5304 5305 5306 5307 5308 5309 5310 5311 5312 5313 5314 5315 5316 5317 5318 5319 5320 5321 5322 5323 5324 5325 5326 5327 5328 5329 5330 5331 5332 5333 5334 5335 5336 5337 5338 5339 5340 5341 5342 5343 5344 5345 5346 5347 5348 5349 5350 5351 5352 5353 5354 5355 5356 5357 5358 5359 5360 5361 5362 5363 5364 5365 5366 5367 5368 5369 5370 5371 5372 5373 5374 5375 5376 5377 5378 5379 5380 5381 5382 5383 5384 5385 5386 5387 5388 5389 5390 5391 5392 5393 5394 5395 5396 5397 5398 5399 5400 5401 5402 5403 5404 5405 5406 5407 5408 5409 5410 5411 5412 5413 5414 5415 5416 5417 5418 5419 5420 5421 5422 5423 5424 5425 5426 5427 5428 5429 5430 5431 5432 5433 5434 5435 5436 5437 5438 5439 5440 5441 5442 5443 5444 5445 5446 5447 5448 5449 5450 5451 5452 5453 5454 5455 5456 5457 5458 5459 5460 5461 5462 5463 5464 5465 5466 5467 5468 5469 5470 5471 5472 5473 5474 5475 5476 5477 5478 5479 5480 5481 5482 5483 5484 5485 5486 5487 5488 5489 5490 5491 5492 5493 5494 5495 5496 5497 5498 5499 5500 5501 5502 5503 5504 5505 5506 5507 5508 5509 5510 5511 5512 5513 5514 5515 5516 5517 5518 5519 5520 5521 5522 5523 5524 5525 5526 5527 5528 5529 5530 5531 5532 5533 5534 5535 5536 5537 5538 5539 5540 5541 5542 5543 5544 5545 5546 5547 5548 5549 5550 5551 5552 5553 5554 5555 5556 5557 5558 5559 5560 5561 5562 5563 5564 5565 5566 5567 5568 5569 5570 5571 5572 5573 5574 5575 5576 5577 5578 5579 5580 5581 5582 5583 5584 5585 5586 5587 5588 5589 5590 5591 5592 5593 5594 5595 5596 5597 5598 5599 5600 5601 5602 5603 5604 5605 5606 5607 5608 5609 5610 5611 5612 5613 5614 5615 5616 5617 5618 5619 5620 5621 5622 5623 5624 5625 5626 5627 5628 5629 5630 5631 5632 5633 5634 5635 5636 5637 5638 5639 5640 5641 5643 5644 5645 5646 5647 5648 5649 5650 5651 5652 5653 5654 5655 5656 5657 5658 5659 5660 5661 5662 5663 5664 5665 5666 5667 5668 5669 5670 5671 5672 5673 5674 5675 5676 5677 5678 5679 5680 5681 5682 5683 5684 5685 5686 5687 5688 5689 5690 5691 5692 5693 5694 5695 5696 5697 5698 5699 5700 5701 5702 5703 5704 5705 5706 5707 5708 5709 5710 5711 5712 5713 5714 5715 5716 5717 5718 5719 5720 5721 5722 5723 5724 5725 5726 5727 5728 5729 5730 5731 5732 5733 5734 5735 5736 5737 5738 5739 5740 5741 5742 5743 5744 5745 5746 5747 5748 5749 5750 5751 5752 5753 5754 5755 5756 5757 5758 5759 5760 5761 5762 5763 5764 5765 5766 5767 5768 5769 5770 5771 5772 5773 5774 5775 5776 5777 5778 5779 5780 5781 5782 5783 5784 5785 5786 5787 5788 5789 5790 5791 5792 5793 5794 5795 5796 5797 5798 5799 5800 5801 5802 5803 5804 5805 5806 5807 5808 5809 5810 5811 5812 5813 5814 5815 5816 5817 5818 5819 5820 5821 5822 5823 5824 5825 5826 5827 5828 5829 5830 5831 5832 5833 5834 5835 5836 5837 5838 5839 5840 5841 5842 5843 5844 5845 5846 5847 5848 5849 5850 5851 5852 5853 5854 5855 5856 5857 5858 5859 5860 5861 5862 5863 5864 5865 5866 5867 5868 5869 5870 5871 5872 5873 5874 5875 5876 5877 5878 5879 5880 5881 5882 5883 5884 5885 5886 5887 5888 5889 5890 5891 5892 5893 5894 5895 5896 5897 5898 5899 5900 5901 5902 5903 5904 5905 5906 5907 5908 5909 5910 5911 5912 5913 5914 5915 5916 5917 5918 5919 5920 5921 5922 5923 5924 5925 5926 5927 5928 5929 5930 5931 5932 5933 5934 5935 5936 5937 5938 5939 5940 5941 5942 5943 5944 5945 5946 5947 5948 5949 5950 5951 5952 5953 5954 5955 5956 5957 5958 5959 5960 5961 5962 5963 5964 5965 5966 5967 5968 5969 5970 5971 5972 5973 5974 5975 5976 5977 5978 5979 5980 5981 5982 5983 5984 5985 5986 5987 5988 5989 5990 5991 5992 5993 5994 5995 5996 5997 5998 5999 6000 6001 6002 6003 6004 6005 6006 6007 6008 6009 6010 6011 6012 6013 6014 6015 6016 6017 6018 6019 6020 6021 6022 6023 6024 6025 6026 6027 6028 6029 6030 6031 6032 6033 6034 6035 6036 6037 6038 6039 6040 6041 6042 6043 6044 6045 6046 6047 6048 6049 6050 6051 6052 6053 6054 6055 6056 6057 6058 6059 6060 6061 6062 6063 6064 6065 6066 6067 6068 6069 6070 6071 6072 6073 6074 6075 6076 6077 6078 6079 6080 6081 6082 6083 6084 6085 6086 6087 6088 6089 6090 6091 6092 6093 6094 6095 6096 6097 6098 6099 6100 6101 6102 6103 6104 6105 6106 6107 6108 6109 6110 6111 6112 6113 6114 6115 6116 6117 6118 6119 6120 6121 6122 6123 6124 6125 6126 6127 6128 6129 6130 6131 6132 6133 6134 6135 6136 6137 6138 6139 6140 6141 6142 6143 6144 6145 6146 6147 6148 6149 6150 6151 6152 6153 6154 6155 6156 6157 6158 6159 6160 6161 6162 6163 6164 6165 6166 6167 6168 6169 6170 6171 6172 6173 6174 6175 6176 6177 6178 6179 6180 6181 6182 6183 6184 6185 6186 6187 6188 6189 6190 6191 6192 6193 6194 6195 6196 6197 6198 6199 6200 6201 6202 6203 6204 6205 6206 6207 6208 6209 6210 6211 6212 6213 6214 6215 6216 6217 6218 6219 6220 6221 6222 6223 6224 6225 6226 6227 6228 6229 6230 6231 6232 6233 6234 6235 6236 6237 6238 6239 6240 6241 6242 6243 6244 6245 6246 6247 6248 6249 6250 6251 6252 6253 6254 6255 6256 6257 6258 6259 6260 6261 6262 6263 6264 6265 6266 6267 6268 6269 6270 6271 6272 6273 6274 6275 6276 6277 6278 6279 6280 6281 6282 6283 6284 6285 6286 6287 6288 6289 6290 6291 6292 6293 6294 6295 6296 6297 6298 6299 6300 6301 6302 6303 6304 6305 6306 6307 6308 6309 6310 6311 6312 6313 6314 6315 6316 6317 6318 6319 6320 6321 6322 6323 6324 6325 6326 6327 6328 6329 6330 6331 6332 6333 6334 6335 6336 6337 6338 6339 6340 6341 6342 6343 6344 6345 6346 6347 6348 6349 6350 6351 6352 6353 6354 6355 6356 6357 6358 6359 6360 6361 6362 6363 6364 6365 6366 6367 6368 6369 6370 6371 6372 6373 6374 6375 6376 6377 6378 6379 6380 6381 6382 6383 6384 6385 6386 6387 6388 6389 6390 6391 6392 6393 6394 6395 6396 6397 6398 6399 6400 6401 6402 6403 6404 6405 6406 6407 6408 6409 6410 6411 6412 6413 6414 6415 6416 6417 6418 6419 6420 6421 6422 6423 6424 6425 6426 6427 6428 6429 6430 6431 6432 6433 6434 6435 6436 6437 6438 6439 6440 6441 6442 6443 6444 6445 6446 6447 6448 6449 6450 6451 6452 6453 6454 6455 6456 6457 6458 6459 6460 6461 6462 6463 6464 6465 6466 6467 6468 6469 6470 6471 6472 6473 6474 6475 6476 6477 6478 6479 6480 6481 6482 6483 6484 6485 6486 6487 6488 6489 6490 6491 6492 6493 6494 6495 6496 6497 6498 6499 6500 6501 6502 6503 6504 6505 6506 6507 6508 6509 6510 6511 6512 6513 6514 6515 6516 6517 6518 6519 6520 6521 6522 6523 6524 6525 6526 6527 6528 6529 6530 6531 6532 6533 6534 6535 6536 6537 6538 6539 6540 6541 6542 10118 6543 6544 6545 6546 6547 6548 6549 6550 6551 6552 6553 6554 6555 6556 6557 6558 6559 6560 6561 6562 6563 6564 6565 6566 6567 6568 6569 6570 6571 6572 6573 6574 6575 6576 6577 6578 6579 6580 6581 6582 6583 6584 6585 6586 6587 6588 6589 6590 6591 6592 6593 6594 6595 6596 6597 6598 6599 6600 6601 6602 6603 6604 6605 6606 6607 6608 6609 6610 6611 6612 6613 6614 6615 6616 6617 6618 6619 6620 6621 6622 6623 6624 6625 6626 6627 6628 6629 6630 6631 6632 6633 6634 6635 6636 6637 6638 6639 6640 6641 6642 6643 6644 6645 6646 6647 6648 6649 6650 6651 6652 6653 6654 6655 6656 6657 6658 6659 6660 6661 6662 6663 6664 6665 6666 6667 6668 6669 6670 6671 6672 6673 6674 6675 6676 6677 6678 6679 6680 6681 6682 6683 6684 6685 6686 6687 6688 6689 6690 6691 6692 6693 6694 6695 6696 6697 6698 6699 6700 6701 6702 6703 6704 6705 6706 6707 6708 6709 6710 6711 6712 6713 6714 6715 6716 6717 6718 6719 6720 6721 6722 6723 6724 6725 6726 6727 6728 6729 6730 6731 6732 6733 6734 6735 6736 6737 6738 6739 6740 6741 6742 6743 6744 6745 6746 6747 6748 6749 6750 6751 6752 6753 6754 6755 6756 6757 6758 6759 6760 6761 6762 6763 6764 6765 6766 6767 6768 6769 6770 6771 6772 6773 6774 6775 6776 6777 6778 6779 6780 6781 6782 6783 6784 6785 6786 6787 6788 6789 6790 6791 6792 6793 6794 6795 6796 6797 6798 6799 6800 6801 6802 6803 6804 6805 6806 6807 6808 6809 6810 6811 6812 6813 6814 6815 6816 6817 6818 6819 6820 6821 6822 6823 6824 6825 6826 6827 6828 6829 6830 6831 6832 6833 6834 6835 6836 6837 6838 6839 6840 6841 6842 6843 6844 6845 6846 6847 6848 6849 6850 6851 6852 6853 6854 6855 6856 6857 6858 6859 6860 6861 6862 6863 6864 6865 6866 6867 6868 6869 6870 6871 6872 6873 6874 6875 6876 6877 6878 6879 6880 6881 6882 6883 6884 6885 6886 6887 6888 6889 6890 6891 6892 6893 6894 6895 6896 6897 6898 6899 6900 6901 6902 6903 6904 6905 6906 6907 6908 6909 6910 6911 6912 6913 6914 6915 6916 6917 6918 6919 6920 6921 6922 6923 6924 6925 6926 6927 6928 6929 6930 6931 6932 6933 6934 6935 6936 6937 6938 6939 6940 6941 6942 6943 6944 6945 6946 6947 6948 6949 6950 6951 6952 6953 6954 6955 6956 6957 6958 6959 6960 6961 6962 6963 6964 6965 6966 6967 6968 6969 6970 6971 6972 6973 6974 6975 6976 6977 6978 6979 6980 6981 6982 6983 6984 6985 6986 6987 6988 6989 6990 6991 6992 6993 6994 6995 6996 6997 6998 6999 7000 7001 7002 7003 7004 7005 7006 7007 7008 7009 7010 7011 7012 7013 7014 7015 7016 7017 7018 7019 7020 7021 7022 7023 7024 7025 7026 7027 7028 7029 7030 7031 7032 7033 7034 7035 7036 7037 7038 7039 7040 7041 7042 7043 7044 7045 7046 7047 7048 7049 7050 7051 7052 7053 7054 7055 7056 7057 7058 7059 7060 7061 7062 7063 7064 7065 7066 7067 7068 7069 7070 7071 7072 7073 7074 7075 7076 7077 7078 7079 7080 7081 7082 7083 7084 7085 7086 7087 7088 7089 7090 7091 7092 7093 7094 7095 7096 7097 7098 7099 7100 7101 7102 7103 7104 7105 7106 7107 7108 7109 7110 7111 7112 7113 7114 7115 7116 7117 7118 7119 7120 7121 7122 7123 7124 7125 7126 7127 7128 7129 7130 7131 7132 7133 7134 7135 7136 7137 7138 7139 7140 7141 7142 7143 7144 7145 7146 7147 7148 7149 7150 7151 7152 7153 7154 7155 7156 7157 7158 7159 7160 7161 7162 7163 7164 7165 7166 7167 7168 7169 7170 7171 7172 7173 7174 7175 7176 7177 7178 7179 7180 7181 7182 7183 7184 7185 7186 7187 7188 7189 7190 7191 7192 7193 7194 7195 7196 7197 7198 7199 7200 7201 7202 7203 7204 7205 7206 7207 7208 7209 7210 7211 7212 7213 7214 7215 7216 7217 7218 7219 7220 7221 7222 7223 7224 7225 7226 7227 7228 7229 7230 7231 7232 7233 7234 7235 7236 7237 7238 7239 7240 7241 7242 7243 7244 7245 7246 7247 7248 7249 7250 7251 7252 7253 7254 7255 7256 7257 7258 7259 7260 7261 7262 7263 7264 7265 7266 7267 7268 7269 7270 7271 7272 7273 7274 7275 7276 7277 7278 7279 7280 7281 7282 7283 7284 7285 7286 7287 7288 7289 7290 7291 7292 7293 7294 7295 7296 7297 7298 7299 7300 7301 7302 7303 7304 7305 7306 7307 7308 7309 7310 7311 7312 7313 7314 7315 7316 7317 7318 7319 7320 7321 7322 7323 7324 7325 7326 7327 7328 7329 7330 7331 7332 7333 7334 7335 7336 7337 7338 7339 7340 7341 7342 7343 7344 7345 7346 7347 7348 7349 7350 7351 7352 7353 7354 7355 7356 7357 7358 7359 7360 7361 7362 7363 7364 7365 7366 7367 7368 7369 7370 7371 7372 7373 7374 7375 7376 7377 7378 7379 7380 7381 7382 7383 7384 7385 7386 7387 7388 7389 7390 7391 7392 7393 7394 7395 7396 7397 7398 7399 7400 7401 7402 7403 7404 7405 7406 7407 7408 7409 7410 7411 7412 7413 7414 7415 7416 7417 7418 7419 7420 7421 7422 7423 7424 7425 7426 7427 7428 7429 7430 7431 7432 7433 7434 7435 7436 7437 7438 7439 7440 7441 7442 7443 7444 7445 7446 7447 7448 7449 7450 7451 7452 7453 7454 7455 7456 7457 7458 7459 7460 7461 7462 7463 7464 7465 7466 7467 7468 7469 7470 7471 7472 7473 7474 7475 7476 7477 7478 7479 7480 7481 7482 7483 7484 7485 7486 7487 7488 7489 7490 7491 7492 7493 7494 7495 7496 7497 7498 7499 7500 7501 7502 7503 7504 7505 7506 7507 7508 7509 7510 7511 7512 7513 7514 7515 7516 7517 7518 7519 7520 7521 7522 7523 7524 7525 7526 7527 7528 7529 7530 7531 7532 7533 7534 7535 7536 7537 7538 7539 7540 7541 7542 7543 7544 7545 7546 7547 7548 7549 7550 7551 7552 7553 7554 7555 7556 7557 7558 7559 7560 7561 7562 7563 7564 7565 7566 7567 7568 7569 7570 7571 7572 7573 7574 7575 7576 7577 7578 7579 7580 7581 7582 7583 7584 7585 7586 7587 7588 7589 7590 7591 7592 7593 7594 7595 7596 7597 7598 7599 7600 7601 7602 7603 7604 7605 7606 7607 7608 7609 7610 7611 7612 7613 7614 7615 7616 7617 7618 7619 7620 7621 7622 7623 7624 7625 7626 7627 7628 7629 7630 7631 7632 7633 7634 7635 7636 7637 7638 7639 7640 7641 7642 7643 7644 7645 7646 7647 7648 7649 7650 7651 7652 7653 7654 7655 7656 7657 7658 7659 7660 7661 7662 7663 7664 7665 7666 7667 7668 7669 7670 7671 7672 7673 7674 7675 7676 7677 7678 7679 7680 7681 7682 7683 7684 7685 7686 7687 7688 7689 7690 7691 7692 7693 7694 7695 7696 7697 7698 7699 7700 7701 7702 7703 7704 7705 7706 7707 7708 7709 7710 7711 7712 7713 7714 7715 7716 7717 7718 7719 7720 7721 7722 7723 7724 7725 7726 7727 7728 7729 7730 7731 7732 7733 7734 7735 7736 7737 7738 7739 7740 7741 7742 7743 7744 7745 7746 7747 7748 7749 7750 7751 7752 7753 7754 7755 7756 7757 7758 7759 7760 7761 7762 7763 7764 7765 7766 7767 7768 7769 7770 7771 7772 7773 7774 7775 7776 7777 7778 7779 7780 7781 7782 7783 7784 7785 7786 7787 7788 7789 7790 7791 7792 7793 7794 7795 7796 7797 7798 7799 7800 7801 7802 7803 7804 7805 7806 7807 7808 7809 7810 7811 7812 7813 7814 7815 7816 7817 7818 7819 7820 7821 7822 7823 7824 7825 7826 7827 7828 7829 7830 7831 7832 7833 7834 7835 7836 7837 7839 7840 7841 7842 7843 7844 7845 7846 7847 7848 7849 7850 7851 7852 7853 7854 7855 7856 7857 7858 7859 7860 7861 7862 7863 7864 7865 7866 7867 7868 7869 7870 7871 7872 7873 7874 7875 7876 7877 7878 7879 7880 7881 7882 7883 7884 7885 7886 7887 7888 7889 7890 7891 7892 7893 7894 7895 7896 7897 7898 7899 7900 7901 7902 7903 7904 7905 7906 7907 7908 7909 7910 7911 7912 7913 7914 7915 7916 7917 7918 7919 7920 7921 7922 7923 7924 7925 7926 7927 7928 7929 7930 7931 7932 7933 7934 7935 7936 7937 7938 7939 7940 7941 7942 7943 7944 7945 7946 7947 7948 7949 7950 7951 7952 7953 7954 7955 7956 7957 7958 7959 7960 7961 7962 7963 7964 7965 7966 7967 7968 7969 7970 7971 7972 7973 7974 7975 7976 7977 7978 7979 7980 7981 7982 7983 7984 7985 7986 7987 7988 7989 7990 7991 7992 7993 7994 7995 7996 7997 7998 7999 8000 8001 8002 8003 8004 8005 8006 8007 8008 8009 8010 8011 8012 8013 8014 8015 8016 8017 8018 8019 8020 8021 8022 8023 8024 8025 8026 8027 8028 8029 8030 8031 8032 8033 8034 8035 8036 8037 8038 8039 8040 8041 8042 8043 8044 8045 8046 8047 10106 8048 8049 8050 8051 8052 8053 8054 8055 8056 8057 8058 8059 8060 8061 8062 8063 8064 8065 8066 8067 8068 8069 8070 8071 8072 8073 8074 8075 8076 8077 8078 8079 8080 8081 8082 8083 8084 8085 8086 8087 8088 8089 8090 8091 8092 8093 8094 8095 8096 8097 8098 8099 8100 8101 8102 8103 8104 8105 8106 8107 8108 8109 8110 8111 8112 8113 8114 8115 8116 8117 8118 8119 8120 8121 8122 8123 8124 8125 8126 8127 8128 8129 8130 8131 8132 8133 8134 8135 8136 8137 8138 8139 8140 8141 8142 8143 8144 8145 8146 8147 8148 8149 8150 8151 8152 8153 8154 8155 8156 8157 8158 8159 8160 8161 8162 8163 8164 8165 8166 8167 8168 8169 8170 8171 8172 8173 8174 8175 8176 8177 8178 8179 8180 8181 8182 8183 8184 8185 8186 8187 8188 8189 8190 8191 8192 8193 8194 8195 8196 8197 8198 8199 8200 8201 8202 8203 8204 8205 8206 8207 8208 8209 8210 8211 8212 8213 8214 8215 8216 8217 8218 8219 8220 8221 8222 8223 8224 8225 8226 8227 8228 8229 8230 8231 8232 8233 8234 8235 8236 8237 8238 8239 8240 8241 8242 8243 8244 8245 8246 8247 8248 8249 8250 8251 8252 8253 8254 8255 8256 8257 8258 8259 8260 8261 8262 8263 8264 8265 8266 8267 8268 8269 8270 8271 8272 8273 8274 8275 8276 8277 8278 8279 8280 8281 8282 8283 8284 8285 8286 8287 8288 8289 8290 8291 8292 8293 8294 8295 8296 8297 8298 8299 8300 8301 8302 8303 8304 8305 8306 8307 8308 8309 8310 8311 8312 8313 8314 8315 8316 8317 8318 8319 8320 8321 8322 8323 8324 8325 8326 8327 8328 8329 8330 8331 8332 8333 8334 8335 8336 8337 8338 8339 8340 8341 8342 8343 8344 8345 8346 8347 8348 8349 8350 8351 8352 8353 8354 8355 8356 8357 8358 8359 8360 8361 8362 8363 8364 8365 8366 8367 8368 8369 8370 8371 8372 8373 8374 8375 8376 8377 8378 8379 8380 8381 8382 8383 8384 8385 8386 8387 8388 8389 8390 8391 8392 8393 8394 8395 8396 8397 8398 8399 8400 8401 8402 8403 8404 8405 8406 8407 8408 8409 8410 8411 8412 8413 8414 8415 8416 8417 8418 8419 8420 8421 8422 8423 8424 8425 8426 8427 8428 8429 8430 8431 8432 8433 8434 8435 8436 8437 8438 8439 8440 8441 8442 8443 8444 8445 8446 8447 8448 8449 8450 8451 8452 8453 8454 8455 8456 8457 8458 8459 8460 8461 8462 8463 8464 8465 8466 8467 8468 8469 8470 8471 8472 8473 8474 8475 8476 8477 8478 8479 8480 8481 8482 8483 8484 8485 8486 8487 8488 8489 8490 8491 8492 8493 8494 8495 8496 8497 8498 8499 8500 8501 8502 8503 8504 8505 8506 8507 8508 8509 8510 8511 8512 8513 8514 8515 8516 8517 8518 8519 8520 8521 8522 8523 8524 8525 8526 8527 8528 8529 8530 8531 8532 8533 8534 8535 8536 8537 8538 8539 8540 8541 8542 8543 8544 8545 8546 8547 8548 8549 8550 8551 8552 8553 8554 8555 8556 8557 8558 8559 8560 8561 8562 8563 8564 8565 8566 8567 8568 8569 8570 8571 8572 8573 8574 8575 8576 8577 8578 8579 8580 8581 8582 8583 8584 8585 8586 8587 8588 8589 8590 8591 8592 8593 8594 8595 8596 8597 8598 8599 8600 8601 8602 8603 8604 8605 8606 8607 8608 8609 8610 8611 8612 8613 8614 8615 8616 8617 8618 8619 8620 8621 8622 8623 8624 8625 8626 8627 8628 8629 8630 8631 8632 8633 8634 8635 8636 8637 8638 8639 8640 8641 8642 8643 8644 8645 8646 8647 8648 8649 8650 8651 8652 8653 8654 8655 8656 8657 8658 8659 8660 8661 8662 8663 8664 8665 8666 8667 8668 8669 8670 8671 8672 8673 8674 8675 8676 8677 8678 8679 8680 8681 8682 8683 8684 8685 8686 8687 8688 8689 8690 8691 8692 8693 8694 8695 8696 8697 8698 8699 8700 8701 8702 8703 8704 8705 8706 8707 8708 8709 8710 8711 8712 8713 8714 8715 8716 8717 8718 8719 8720 8721 8722 8723 8724 8725 8726 8727 8728 8729 8730 8731 8732 8733 8734 8735 8736 8737 8738 8739 8740 8741 8742 8743 8744 8745 8746 8747 8748 8749 8750 8751 8752 8753 8754 8755 8756 8757 8758 8759 8760 8761 8762 8763 8764 8765 8766 8767 8768 8769 8770 8771 8772 8773 8774 8775 8776 8777 8778 8779 8780 8781 8782 8783 8784 8785 8786 8787 8788 8789 8790 8791 8792 8793 8794 8795 8796 8797 8798 8799 8800 8801 8802 8803 8804 8805 8806 8807 8808 8809 8810 8811 8812 8813 8814 8815 8816 8817 8818 8819 8820 8821 8822 8823 8824 8825 8826 8827 8828 8829 8830 8831 8832 8833 8834 8835 8836 8837 8838 8839 8840 8841 8842 8843 8844 8845 8846 8847 8848 8849 8850 8851 8852 8853 8854 8855 8856 8857 8858 8859 8860 8861 8862 8863 8864 8865 8866 8867 8868 8869 8870 8871 8872 8873 8874 8875 8876 8877 8878 8879 8880 8881 8882 8883 8884 8885 8886 8887 8888 8889 8890 8891 8892 8893 8894 8895 8896 8897 8898 8899 8900 8901 8902 8903 8904 8905 8906 8907 8908 8909 8910 8911 8912 8913 8914 8915 8916 8917 8918 8919 8920 8921 8922 8923 8924 8925 8926 8927 8928 8929 8930 8931 8932 8933 8934 8935 8936 8937 8938 8939 8940 8941 8942 8943 8944 8945 8946 8947 8948 8949 8950 8951 8952 8953 8954 8955 8956 8957 8958 8959 8960 8961 8962 8963 8964 8965 8966 8967 8968 8969 8970 8971 8972 8973 8974 8975 8976 8977 8978 8979 8980 8981 8982 8983 8984 8985 8986 8987 8988 8989 8990 8991 8992 8993 8994 8995 8996 8997 8998 8999 9000 9001 9002 9003 9004 9005 9006 9007 9008 9009 9010 9011 9012 9013 9014 9015 9016 9017 9018 9019 9020 9021 9022 9023 9024 9025 9026 9027 9028 9029 9030 9031 9032 9033 9034 9035 9036 9037 9038 9039 9040 9041 9042 9043 9044 9045 9046 9047 9048 9049 9050 9051 9052 9053 9054 9055 9056 9057 9058 9059 9060 9061 9062 9063 9064 9065 9066 9067 9068 9069 9070 9071 9072 9073 9074 9075 9076 9077 9078 9079 9080 9081 9082 9083 9084 9085 9086 9087 9088 9089 9090 9091 9092 9093 9094 9095 9096 9097 9098 9099 9100 9101 9102 9103 9104 9105 9106 9107 9108 9109 9110 9111 9112 9113 9114 9115 9116 9117 9118 9119 9120 9121 10119 9122 9123 9124 9125 9126 9127 9128 9129 9130 9131 9132 9133 9134 9135 9136 9137 9138 9139 9140 9141 9142 9143 9144 9145 9146 9147 9148 9149 9150 9151 9152 9153 9154 9155 9156 9157 9158 9159 9160 9161 9162 9163 9164 9165 9166 9167 9168 9169 9170 9171 9172 9173 9174 9175 9176 9177 9178 9179 9180 9181 9182 9183 9184 9185 9186 9187 9188 9190 9191 9192 9193 9194 9195 9196 9197 9198 9199 9200 9201 9202 9203 9204 9205 9206 9207 9208 9209 9210 9211 9212 9213 9214 9215 9216 9217 9218 9219 9220 9221 9222 9223 9224 9225 9226 9227 9228 9229 9230 9231 9232 9233 9234 9235 9236 9237 9238 9239 9240 9241 9242 9243 9244 9245 9246 9247 9248 9249 9250 9251 9252 9253 9254 9255 9256 9257 9258 9259 9260 9261 9262 9263 9264 9265 9266 9267 9268 9269 9270 9271 9272 9273 9274 9275 9276 9277 9278 9279 9280 9281 9282 9283 9284 9285 9286 9287 9288 9289 9290 9291 9292 9293 9294 9295 9296 9297 9298 9299 9300 9301 9302 9303 9304 9305 9306 9307 9308 9309 9310 9311 9312 9313 9314 9315 9316 9317 9318 9319 9320 9321 9322 10107 9323 9324 9325 9326 9327 9328 9329 9330 9331 9332 9333 9334 9335 9336 9337 9338 9339 9340 9341 9342 9343 9344 9345 9346 9347 9348 9349 9350 9351 9352 9353 9354 9355 9356 9357 9358 9359 9360 9361 9362 9363 9364 9365 9366 9367 9368 9369 9370 9371 9372 9373 9374 9375 9376 9377 9378 9379 9380 9381 9382 9383 9384 9385 9386 9387 9388 9389 9390 9391 9392 9393 9394 9395 9396 9397 9398 9399 9400 9401 9402 9403 9404 9405 9406 9407 9408 9409 9410 9411 9412 9413 9414 9415 9416 9417 9418 9419 9420 9421 9422 9423 9424 9425 9426 9427 9428 9429 9430 9431 9432 9433 9434 9435 9436 9437 9438 9439 9440 9441 9442 9443 9444 9445 9446 9447 9448 9449 9450 9451 9452 9453 9454 9455 9456 9457 9458 9459 9460 9461 9462 9463 9464 9465 9466 9467 9468 9469 9470 9471 9472 9473 9474 9475 9476 9477 9478 9479 9480 9481 9482 9483 9484 9485 9486 9487 9488 9489 9490 9491 9492 9493 9494 9495 9496 9497 9498 9499 9500 9501 9502 9503 9504 9505 9506 9507 9508 9509 9510 9511 9512 9513 9514 9515 9516 9517 9518 9519 9520 9521 9522 9523 9524 9525 9526 9527 9528 9529 9530 9531 9532 9533 9534 9535 9536 9537 9538 9539 9540 9541 9542 9543 9544 9545 9546 9547 9548 9549 9550 9551 9552 9553 9554 9555 9556 9557 9558 9559 9560 9561 9562 9563 9564 9565 9566 9567 9568 9569 9570 9571 9572 9573 9574 9575 9576 9577 9578 9579 9580 9581 9582 9583 9584 9585 9586 9587 9588 9589 9590 9591 9592 9593 9594 9595 9596 9597 9598 9599 9600 9601 9602 9603 9604 9605 9606 9607 9608 9609 9610 9611 9612 9613 9614 9615 9616 9617 9618 9619 9620 9621 9622 9623 9624 9625 9626 9627 9628 9629 9630 9631 9632 9633 9634 9635 9636 9637 9638 9639 9640 9641 9642 9643 9644 9645 9646 9647 9648 9649 9650 9651 9652 9653 9654 9655 9656 9657 9658 9659 9660 9661 9662 9663 9664 9665 9666 9667 9668 9669 9670 9671 9672 9673 9674 9675 9676 9677 9678 9679 9680 9681 9682 9683 9684 9685 9686 9687 9688 9689 9690 9691 9692 9693 9694 9695 9696 9697 9698 9699 9700 9701 9702 9703 9704 9705 9706 9707 9708 9709 9710 9711 9712 9713 9714 9715 9716 9717 9718 9719 9720 9721 9722 9723 9724 9725 9726 9727 9728 9729 9730 9731 9732 9733 9734 9735 9736 9737 9738 9739 9740 9741 9742 9743 9744 9745 9746 9747 9748 9749 9750 9751 9752 9753 9754 9755 9756 9757 9758 9759 9760 9761 9762 9763 9764 9765 9766 9767 9768 9769 9770 9771 9772 9773 9774 9775 9776 9777 9778 9779 9780 9781 9782 9783 9784 9785 9786 9787 9788 9789 9790 9791 9792 9793 10108 9794 9795 9796 9797 9798 9799 9800 9801 9802 9803 9804 9805 9806 9807 9808 9809 9810 9811 9812 9813 9814 9815 9816 9817 9818 9819 9820 9821 9822 9823 9824 9825 9826 9827 9828 9829 9830 9831 9832 9833 9834 9835 9836 9837 9838 9839 9840 9841 9842 9843 9844 9845 9846 9847 9848 9849 9850 9851 9852 9853 9854 9855 9856 9857 9858 9859 9860 9861 9862 9863 9864 9865 9866 9867 9868 9869 9870 9871 9872 9873 9874 9875 9876 9877 9878 9879 9880 9881 9882 9883 9884 9885 9886 9887 9888 9889 9890 9891 9892 9893 9894 9895 9896 9897 9898 9899 9900 9901 9902 9903 9904 9905 9906 9907 9908 9909 9910 9911 9912 9913 9914 9915 9916 9917 9918 9919 9920 9921 9922 9923 9924 9925 9926 9927 9928 9929 9930 9931 9932 9933 9934 9935 9936 9937 9938 9939 9940 9941 9942 9943 9944 9945 9946 9947 9948 9949 9950 9951 9952 9953 9954 9955 9956 9957 9958 9959 9960 9961 9962 9963 9964 9965 9966 9967 9968 9969 9970 9971 9972 9973 9974 9975 9976 9977 9978 9979 9980 9981 9982 9983 9984 9985 9986 9987 9988 9989 9990 9991 9992 9993 9994 9995 9996 9997 9998 9999 10000 10001 10002 10003 10004 10005 10006 10007 10008 10009 10010 10011 10012 10013 10014 10015 10016 10017 10018 10019 10020 10021 10022 10023 10024 10025 10026 10027 10028 10029 10030 10031 10032 10033 10034 10035 10036 10037 10038 10039 10040 10041 10042 10043 10044 10045 10046 10047 10048 10049 10050 10051 10052 10053 10054 10055 10056 10057 10058 10059 10060 10061 10062 10063 10064 10065 10066 10067 10068 10069 10070 10071 10072 10073 10074 10075 10076 10077 10078 10079 10080 10081 10082 10083 10084 10085 10086 10087 10088 10089 10090 10091 10092 10093 10094 10095 10096 10097 10098 10099 10100 10101
p1:4 A 0 1 2 3 4 5 6 7 8 9 10 11 12 13 14 15 16 17 18 19 20 21 22 23 24 25 26 27 28 29 30 31 32 33 34 35 36 37 38 39 40 41 42 43 44 45 46 47 48 49 50 51 52 53 54 55 56 57 58 59 60 61 62 63 64 65 66 67 68 69 70 71 72 73 74 75 76 77 78 79 80 81 82 83 84 85 86 87 88 89 90 91 92 93 94 95 96 97 98 99 100 101 102 103 104 105 106 107 108 109 110 111 112 113 114 115 116 117 118 119 120 121 122 123 124 125 126 127 128 129 130 131 132 133 134 135 136 137 138 139 140 141 142 143 144 145 146 147 148 149 150 151 152 153 154 155 156 157 158 159 160 161 162 163 164 165 166 167 168 169 170 171 172 173 174 175 176 177 178 179 180 181 182 183 184 185 186 187 188 189 190 191 192 193 194 195 196 197 198 199 200 201 202 203 204 205 206 207 208 209 210 211 212 213 214 215 216 217 218 219 220 221 222 223 224 225 226 227 228 229 230 231 232 233 234 235 236 237 238 239 240 241 242 243 244 245 246 247 248 249 250 251 252 253 254 255 256 257 258 259 260 261 262 263 264 265 266 267 268 269 270 271 272 273 274 275 276 277 278 279 280 281 282 283 284 285 286 287 288 289 290 291 292 293 294 295 296 297 298 299 300 301 302 303 304 305 306 307 308 309 310 311 312 313 314 315 316 317 318 319 320 321 322 323 324 325 326 327 328 329 330 331 332 333 334 335 336 337 338 339 340 341 342 343 344 345 346 347 348 349 350 351 352 353 354 355 356 357 358 359 360 361 362 363 364 365 366 367 368 369 370 371 372 373 374 375 376 377 378 379 380 381 382 383 384 385 386 387 388 389 390 391 392 393 394 395 396 397 398 399 400 401 402 403 404 405 406 407 408 409 410 411 412 413 414 415 416 417 418 419 420 421 422 423 424 425 426 427 428 429 430 431 432 433 434 435 436 437 438 439 440 441 442 443 444 445 446 447 448 449 450 451 452 453 454 455 456 457 458 459 460 461 462 463 464 465 466 467 468 469 470 471 472 473 474 475 476 477 478 479 480 481 482 483 484 485 486 487 488 489 490 491 492 493 494 495 496 497 498 499 500 501 502 503 504 505 506 507 508 509 510 511 512 513 514 515 516 517 518 519 520 521 522 523 524 525 526 527 528 529 530 531 532 533 534 535 536 537 538 539 540 541 542 543 544 545 546 547 548 549 550 551 552 553 554 555 556 557 558 559 560 561 562 563 564 565 566 567 568 569 570 571 572 573 574 575 576 577 578 579 580 581 582 583 584 585 586 587 588 589 590 591 592 593 594 595 596 597 598 599 600 601 602 603 604 605 606 607 608 609 610 611 612 613 614 615 616 617 618 619 620 621 622 623 624 625 626 627 628 629 630 631 632 633 634 635 636 637 638 639 640 641 642 643 644 645 646 647 648 649 650 651 652 653 654 655 656 657 658 659 660 661 662 663 664 665 666 667 668 669 670 671 672 673 674 675 676 677 678 679 680 681 682 683 684 685 686 687 688 689 690 691 692 693 694 695 696 697 698 699 700 701 702 703 704 705 706 707 708 709 710 711 712 713 714 715 716 717 718 719 720 721 722 723 724 725 726 727 728 729 730 731 732 733 734 735 736 737 738 739 740 741 742 743 744 745 746 747 748 749 750 751 752 753 754 755 756 757 758 759 760 761 762 763 764 765 766 767 768 769 770 771 772 773 774 775 776 777 778 779 780 781 782 783 784 785 786 787 788 789 790 791 792 793 794 795 796 797 798 799 800 801 802 803 804 805 806 807 808 809 810 811 812 813 814 815 816 817 818 819 820 821 822 823 824 825 826 827 828 829 830 831 832 833 834 835 836 837 838 839 840 841 842 843 844 845 846 847 848 849 850 851 852 853 854 855 856 857 858 859 860 861 862 863 864 865 866 867 868 869 870 871 872 873 874 875 876 877 878 879 880 881 882 883 884 885 886 887 888 889 890 891 892 893 894 895 896 897 898 899 900 901 902 903 904 905 906 907 908 909 910 911 912 913 914 915 916 917 918 919 920 921 922 923 924 925 926 927 928 929 930 931 932 933 934 935 936 937 938 939 940 941 942 943 944 945 946 947 948 949 950 951 952 953 954 955 956 957 958 959 960 961 962 963 964 965 966 967 968 969 970 971 972 973 974 975 976 977 978 979 980 981 982 983 984 985 986 987 988 989 990 991 992 993 994 995 996 997 998 999 1000 1001 1002 1003 1004 1005 1006 1007 1008 1009 1010 1011 1012 1013 1014 1015 1016 1017 1018 1019 1020 1021 1022 1023 1024 1025 1026 1027 1028 1029 1030 1031 1032 1033 1034 1035 1036 1037 1038 1039 1040 1041 1042 1043 1044 1045 1046 1047 1048 1049 1050 1051 1052 1053 1054 1055 1056 1057 1058 1059 1060 1061 1062 1063 1064 1065 1066 1067 1068 1069 1070 1071 1072 1073 1074 1075 1076 1077 1078 1079 1080 1081 1082 1083 1084 1085 1086 1087 1088 1089 1090 1091 1092 1093 1094 1095 1096 1097 1098 1099 1100 1101 1102 1103 1104 1105 1106 1107 1108 1109 1110 1111 1112 1113 1114 1115 1116 1117 1118 1119 1120 1121 1122 1123 1124 1125 1126 1127 1128 1129 1130 1131 1132 1133 1134 1135 1136 1137 1138 1139 1140 1141 1142 1143 1144 1145 1146 1147 1148 1149 1150 1151 1152 1153 1154 1155 1156 1157 1158 1159 1160 1161 1162 1163 1164 1165 1166 1167 1168 1169 1170 1171 1172 1173 1174 1175 1176 1177 1178 1179 1180 1181 1182 1183 1184 1185 1186 1187 1188 1189 1190 1191 1192 1193 1194 1195 1196 1197 1198 1199 1200 1201 1202 1203 1204 1205 1206 1207 1208 1209 1210 1211 1212 1213 1214 1215 1216 1217 1218 1219 1220 1221 1222 1223 1224 1225 1226 1227 1228 1229 1230 1231 1232 1233 1234 1235 1236 1237 1238 1239 1240 1241 1242 1243 1244 1245 1246 1247 1248 1249 1250 1251 1252 1253 1254 1255 1256 1257 1258 1259 1260 1261 1262 1263 1264 1265 1266 1267 1268 1269 1270 1271 1272 1273 1274 1275 1276 1277 1278 1279 1280 1281 1282 1283 1284 1285 1286 1287 1288 1289 1290 1291 1292 1293 1294 1295 1296 1297 1298 1299 1300 1301 1302 1303 1304 1305 1306 1307 1308 1309 1310 1311 1312 1313 1314 1315 1316 1317 1318 1319 1320 1321 1322 1323 1324 1325 1326 1327 1328 1329 1330 1331 1332 1333 1334 1335 1336 1337 1338 1339 1340 1341 1342 1343 1344 1345 1346 1347 1348 1349 1350 1351 1352 1353 1354 1355 1356 1357 1358 1359 1360 1361 1362 1363 1364 1365 1366 1367 1368 1369 1370 1371 1372 1373 1374 1375 1376 1377 1378 1379 1380 1381 1382 1383 1384 1385 1386 1387 1388 1389 1390 1391 1392 1393 1394 1395 1396 1397 1398 1399 1400 1401 1402 1403 1404 1405 1406 1407 1408 1409 1410 1411 1412 1413 1414 1415 1416 1417 1418 1419 1420 1421 1422 1423 1424 1425 1426 1427 1428 1429 1430 1431 1432 1433 1434 1435 1436 1437 1438 1439 1440 1441 1442 1443 1444 1445 1446 1447 1448 1449 1450 1451 1452 1453 1454 1455 1456 1457 1458 1459 1460 1461 1462 1463 1464 1465 1466 1467 1468 1469 1470 1471 1472 1473 1474 1475 1476 1477 1478 1479 1480 1481 1482 1483 1484 1485 1486 1487 1488 1489 1490 1491 1492 1493 1494 1495 1496 1497 1498 1500 1501 1502 1503 1504 1505 1506 1507 1508 1509 1510 1511 1512 1513 1514 1515 1516 1517 1518 1519 1520 1521 1522 1523 1524 1525 1526 1527 1528 1529 1530 1531 1532 1533 1534 1535 1536 1537 1538 1539 1540 1541 1542 1543 1544 1545 1546 1547 1548 1549 1550 1551 1552 1553 1554 1555 1556 1557 1558 1559 1560 1561 1562 1563 1564 1565 1566 1567 1568 1569 1570 1571 1572 1573 1574 1575 1576 1577 1578 1579 1580 1581 1582 1583 1584 1585 1586 1587 1588 1589 1590 1591 1592 1593 1594 1595 1596 1597 1598 1599 1600 1601 1602 1603 1604 1605 1606 1607 1608 1609 1610 1611 1612 1613 1614 1615 1616 1617 1618 1619 1620 1621 1622 1623 1624 1625 1626 1627 1628 1629 1630 1631 1632 1633 1634 1635 1636 1637 1638 1639 1640 1641 1642 1643 1644 1645 1646 1647 1648 1649 1650 1651 1652 1653 1654 1655 1656 1657 1658 1659 1660 1661 1662 1663 1664 1665 1666 1667 1668 1669 1670 1671 1672 1673 1674 1675 1676 1677 1678 1679 1680 1681 1682 1683 1684 1685 1686 1687 1688 1689 1690 1691 1692 1693 1694 1695 1696 1697 1698 1699 1700 1701 1702 1703 1704 1705 1706 1707 1708 1709 1710 1711 1712 1713 1714 1715 1716 1717 1718 1719 1720 1721 1722 1723 1724 1725 1726 1727 1728 1729 1730 1731 1732 1733 1734 1735 1736 1737 1738 1739 1740 1741 1742 1743 1744 1745 1746 1747 1748 1749 1750 1751 1752 1753 1754 1755 1756 1757 1758 1759 1760 1761 1762 1763 1764 1765 1766 1767 1768 10102 1769 1770 1771 1772 1773 1774 1775 1776 1777 1778 1779 1780 1781 1782 1783 1784 1785 1786 1787 1788 1789 1790 1791 1792 1794 1795 1796 1797 1798 1799 1800 1801 1802 1803 1804 1805 1806 1807 1808 1809 1810 1811 1812 1813 1814 1815 1816 1817 1818 1819 1820 1821 1822 1823 1824 1825 1826 1827 1828 1829 1830 1831 1832 1833 1834 1835 1836 1837 1838 1839 1840 1841 1842 1843 1844 1845 1846 1847 10103 1848 1849 1850 1851 1852 1853 1854 1855 1856 1857 1858 1859 1860 1861 1862 1863 1864 1865 1866 1867 1868 1869 1870 1871 1872 1873 1874 1875 1876 1877 1878 1879 1880 1881 1882 1883 1884 1885 1886 1887 1888 1889 1890 1891 1892 1893 1894 1895 1896 1897 1898 1899 1900 1901 1902 1903 1904 1905 1906 1907 1908 1909 1910 1911 1912 1913 1914 1915 1916 1917 1918 1919 1920 1921 1922 10104 1923 1924 1925 1926 1927 1928 1929 1930 1931 1932 1933 1934 1935 1936 1937 1938 1939 1940 1941 1942 1943 1944 1945 1946 1947 1948 1949 1950 1951 1952 1953 1954 1955 1956 1957 1958 1959 1960 1961 1962 1963 1964 1965 1966 1967 1968 1969 1970 1971 1972 1973 1974 1975 1976 1977 1978 1979 1980 1981 1982 1983 1984 1985 1986 1987 1988 1989 1990 1991 1992 1993 1994 1995 1996 1997 1998 1999 2000 2001 2002 2003 2004 2005 2006 2007 2008 2009 2010 2011 2012 2013 2014 2015 2016 2017 2018 2019 2020 2021 2022 2023 2024 2025 2026 2027 2028 2029 2030 2031 2032 2033 2034 2035 2036 2037 2038 2039 2040 2041 2042 2043 2044 2045 2046 2047 2048 2049 2050 2051 2052 2053 2054 2055 2056 2057 2058 2059 2060 2061 2062 2063 2064 2065 2066 2067 2068 2069 2070 2071 2072 2073 2074 2075 2076 2077 2078 2079 2080 2081 2082 2083 2084 2085 2086 2087 2088 2089 2090 2091 2092 2093 2094 2095 2096 2097 2098 2099 2100 2101 2102 2103 2104 2105 2106 2107 2108 2109 2110 2111 2112 2113 2114 2115 2116 2117 2118 2119 2120 2121 2122 2123 2124 2125 2126 2127 2128 2129 2130 2131 2132 2133 2134 2135 2136 2137 2138 2139 2140 2141 2142 2143 2144 2145 2146 2147 2148 2149 2150 2151 2152 2153 2154 2155 2156 2157 2158 2159 2160 2161 2162 2163 2164 2165 2166 2167 2168 2169 2170 2171 2172 2173 2174 2175 2176 2177 2178 2179 2180 2181 2182 2183 2184 2185 2186 2187 2188 2189 2190 2191 2192 2193 2194 2195 2196 2197 2198 2199 2200 2201 2202 2203 2204 2205 2206 2207 2208 2209 2210 2211 2212 2213 2214 2215 2216 2217 2218 2219 2220 2221 2222 2223 2224 2225 2226 2227 2228 2229 2230 2231 2232 2233 2234 2235 2236 2237 2238 2239 2240 2241 2242 2243 2244 2245 2246 2247 2248 2249 2250 2251 2252 2253 2254 2255 2256 2257 2258 2259 2260 2261 2262 2263 2264 2265 2266 2267 2268 2269 2270 2271 2272 2273 2274 2275 2276 2277 2278 2279 2280 2281 2282 2283 2284 2285 2286 2287 2288 2289 2290 2291 2292 2293 2294 2295 2296 2297 2298 2299 2300 2301 2302 2303 2304 2305 2306 2307 2308 2309 2310 2311 2312 2313 2314 2315 2316 2317 2318 2319 2320 2321 2322 2323 2324 2325 2326 2327 2328 2329 2330 2331 2332 2333 2334 2335 2336 2337 2338 2339 2340 2341 2342 2343 2344 2345 2346 2347 2348 2349 2350 2351 2352 2353 2354 2355 2356 2357 2358 2359 2360 2361 2362 2363 2364 2365 2366 2367 2368 2369 2370 2371 2372 2373 2374 2375 2376 2377 2378 2379 2380 2381 2382 2383 2384 2385 2386 2387 2388 2389 2390 2391 2392 2393 2394 2395 2396 2397 2398 2399 2400 2401 2402 2403 2404 2405 2406 2407 2408 2409 2410 2411 2412 2413 2414 2415 2416 2417 2418 2419 2420 2421 2422 2423 2424 2425 2426 2427 2428 2429 2430 2431 2432 2433 2434 2435 2436 2437 2438 2439 2440 2441 2442 2443 2444 2445 2446 2447 2448 2449 2450 2451 2452 2453 2454 2455 2456 2457 2458 2459 2460 2461 2462 2463 2464 2465 2466 2467 2468 2469 2470 2471 2472 2473 2474 2475 2476 2477 2478 2479 2480 2481 2482 2483 2484 2485 2486 2487 2488 2489 2490 2491 2492 2493 2494 2495 2496 2497 2498 2499 2500 2501 2502 2503 2504 2505 2506 2507 2508 2509 2510 2511 2512 2513 2514 2515 2516 2517 2518 2519 2520 2521 2522 2523 2524 2525 2526 2527 2528 2529 2530 2531 2532 2533 2534 2535 2536 2537 2538 2539 2540 2541 2542 2543 2544 2545 2546 2547 2548 2549 2550 2551 2552 2553 2554 2555 2556 2557 2558 2559 2560 2561 2562 2563 2564 2565 2566 2567 2568 2569 2570 2571 2572 2573 2574 2575 2576 2577 2578 2579 2580 2581 2582 2583 2584 2585 2586 2587 2588 2589 2590 2591 2592 2593 2594 2595 2596 2597 2598 2599 2600 2601 2602 2603 2604 2605 2606 2607 2608 2609 2610 2611 2612 2613 2614 2615 2616 2617 2618 2619 2620 2621 2622 2623 2624 2625 2626 2627 2628 2629 2630 2631 2632 2633 2634 2635 2636 2637 2638 2639 2640 2641 2642 2643 2644 2645 2646 2647 2648 2649 2650 2651 2652 2653 2654 2655 2656 2657 2658 2659 2660 2661 2662 2663 2664 2665 2666 2667 2668 2669 2670 2671 2672 2673 2674 2675 2676 2677 2678 2679 2680 2681 2682 2683 2684 2685 2686 2687 2688 2689 2690 2691 2692 2693 2694 2695 2696 2697 2698 2699 2700 2701 2702 2703 2704 2705 2706 2707 2708 2709 2710 2711 2712 2713 2714 2715 2716 2717 2718 2719 2720 2721 2722 2723 2724 2725 2726 2727 2728 2729 2730 2731 2732 2733 2734 2735 2736 2737 2738 2739 2740 2741 2742 2743 2744 2745 2746 2747 2748 2749 2750 2751 2752 2753 2754 2755 2756 2757 2758 2759 2760 2761 2762 2763 2764 2765 2766 2767 2768 2769 2770 2771 2772 2773 2774 2775 2776 2777 2778 2779 2780 2781 2782 2783 2784 2785 2786 10105 2787 2788 2789 2790 2791 2792 2793 2794 2795 2796 2797 2798 2799 2800 2801 2802 2803 2804 2805 2806 2807 2808 2809 2810 2811 2812 2813 2814 2815 2816 2817 2818 2819 2820 2821 2822 2823 2824 2825 2826 2827 2828 2829 2830 2831 2832 2833 2834 2835 2836 2837 2838 2839 2840 2841 2842 2843 2844 2845 2846 2847 2848 2849 2850 2851 2852 2853 2854 2855 2856 2857 2858 2859 2860 2861 2862 2863 2864 2865 2866 2867 2868 2869 2870 2871 2872 2873 2874 2875 2876 2877 2878 2879 2880 2881 2882 2883 2884 2885 2886 2887 2888 2889 2890 2891 2892 2893 2894 2895 2896 2897 2898 2899 2900 2901 2902 2903 2904 2905 2906 2907 2908 2909 2910 2911 2912 2913 2914 2915 2916 2917 2918 2919 2920 2921 2922 2923 2924 2925 2926 2927 2928 2929 2930 2931 2932 2933 2934 2935 2936 2937 2938 2939 2940 2941 2942 2943 2944 2945 2946 2947 2948 2949 2950 2951 2952 2953 2954 2955 2956 2957 2958 2959 2960 2961 2962 2963 2964 2965 2966 2967 2968 2969 2970 2971 2972 2973 2974 2975 2976 2977 2978 2979 2980 2981 2982 2983 2984 2985 2986 2987 2988 2989 2990 2991 2992 2993 2994 2995 2996 2997 2998 2999 3000 3001 3002 3003 3004 3005 3006 3007 3008 3009 3010 3011 3012 3013 3014 3015 3016 3017 3018 3019 3020 3021 3022 3023 3024 3025 3026 3027 3028 3029 3030 3031 3032 3033 3034 3035 3036 3037 3038 3039 3040 3041 3042 3043 3044 3045 3046 3047 3048 3049 3050 3051 3052 3053 3054 3055 3056 3057 3058 3059 3060 3061 3062 3063 3064 3065 3066 3067 3068 3069 3070 3071 3072 3073 3074 3075 3076 3077 3078 3079 3080 3081 3082 3083 3084 3085 3086 3087 3088 3089 3090 3091 3092 3093 3094 3095 3096 3097 3098 3099 3100 3101 3102 3103 3104 3105 3106 3107 3108 3109 3110 3111 3112 3113 3114 3115 3116 3117 3118 3119 3120 3121 3122 3123 3124 3125 3126 3127 3128 3129 3130 3131 3132 3133 3134 3135 3136 3137 3138 3139 3140 3141 3142 3143 3144 3145 3146 3147 3148 3149 3150 3151 3152 3153 3154 3155 3156 3157 3158 3159 3160 3161 3162 3163 3164 3165 3166 3167 3168 3169 3170 3171 3172 3173 3174 3175 3176 3177 3178 3179 3180 3181 3182 3183 3184 3185 3186 3187 3188 3189 3190 3191 3192 3193 3194 3195 3196 3197 3198 3199 3200 3201 3202 3203 3204 3205 3206 3207 3208 3209 3210 3211 3212 3213 3214 3215 3216 3217 3218 3219 3220 3221 3222 3223 3224 3225 3226 3227 3228 3229 3230 3231 3232 3233 3234 3235 3236 3237 3238 3239 3240 3241 3242 3243 3244 3245 3246 3247 3248 3249 3250 3251 3252 3253 3254 3255 3256 3257 3258 3259 3260 3261 3262 3263 3264 3265 3266 3267 3268 3269 3270 3271 3272 3273 3274 3275 3276 3277 3278 3279 3280 3281 3282 3283 3284 3285 3286 3287 3288 3289 3290 3291 3292 3293 3294 3295 3296 3297 3298 3299 3300 3301 3302 3303 3304 3305 3306 3307 3308 3309 3310 3311 3312 3313 3314 3315 3316 3317 3318 3319 3320 3321 3322 3323 3324 3325 3326 3327 3328 3329 3330 3331 3332 3333 3334 3335 3336 3337 3338 3339 3340 3341 3342 3343 3344 3345 3346 3347 3348 3349 3350 3351 3352 3353 3354 3355 3356 3357 3358 3359 3360 3361 3362 3363 3364 3365 3366 3367 3368 3369 3370 3371 3372 3373 3374 3375 3376 3377 3378 3379 3380 3381 3382 3383 3384 3385 3386 3387 3388 3389 3390 3391 3392 3393 3394 3395 3396 3397 3398 3399 3400 3401 3402 3403 3404 3405 3406 3407 3408 3409 3410 3411 3412 3413 3414 3415 3416 3417 3418 3419 3420 3421 3422 3423 3424 3425 3426 3427 3428 3429 3430 3431 3432 3433 3434 3435 3436 3437 3438 3439 3440 3441 3442 3443 3444 3445 3446 3447 3448 3449 3450 3451 3452 3453 3454 3455 3456 3457 3458 3459 3460 3461 3462 3463 3464 3465 3466 3467 3468 3469 3470 3471 3472 3473 3474 3475 3476 3477 3478 3479 3480 3481 3482 3483 3484 3485 3486 3487 3488 3489 3490 3491 3492 3493 3494 3495 3496 3497 3498 3499 3500 3501 3502 3503 3504 3505 3506 3507 3508 3509 3510 3511 3512 3513 3514 3515 3516 3517 3518 3519 3520 3521 3522 3523 3524 3525 3526 3527 3528 3529 3530 3531 3532 3533 3534 3535 3536 3537 3538 3539 3540 3541 3542 3543 3544 3545 3546 3547 3548 3549 3550 3551 3552 3553 3554 3555 3556 3557 3558 3559 3560 3561 3562 3563 3564 3565 3566 3567 3568 3569 3570 3571 3572 3573 3574 3575 3576 3577 3578 3579 3580 3581 3582 3583 3584 3585 3586 3587 3588 3589 3590 3591 3592 3593 3594 3595 3596 3597 3598 3599 3600 3601 3602 3603 3604 3605 3606 3607 3608 3609 3610 3611 3612 3613 3614 3615 3616 3617 3618 3619 3620 3621 3622 3623 3624 3625 3626 3627 3628 3629 3630 3631 3632 3633 3634 3635 3636 3637 3638 3639 3640 3641 3642 3643 3644 3645 3646 3647 3648 3649 3650 3651 3652 3653 3654 3655 3656 3657 3658 3659 3660 3661 3662 3663 3664 3665 3666 3667 3668 3669 3670 3671 3672 3673 3674 3675 3676 3677 3678 3679 3680 3681 3682 3683 3684 3685 3686 3687 3688 3689 3690 3691 3692 3693 3694 3695 3696 3697 3698 3699 3700 3701 3702 3703 3704 3705 3706 3707 3708 3709 3710 3711 3712 3713 3714 3715 3716 3717 3718 3719 3720 3721 3722 3723 3724 3725 3726 3727 3728 3729 3730 3731 3732 3733 3734 3735 3736 3737 3738 3739 3740 3741 3742 3743 3744 3745 3746 3747 3748 3749 3750 3751 3752 3753 3754 3755 3756 3757 3758 3759 3760 3761 3762 3763 3764 3765 3766 3767 3768 3769 3770 3771 3772 3773 3774 3775 3776 3777 3778 3779 3780 3781 3782 3783 3784 3785 3786 3787 3788 3789 3790 3791 3792 3793 3794 3795 3796 3797 3798 3799 3800 3801 3802 3803 3804 3805 3806 3807 3808 3809 3810 3811 3812 3813 3814 3815 3816 3817 3818 3819 3820 3821 3822 3823 3824 3825 3826 3827 3828 3829 3830 3831 3832 3833 3834 3835 3836 3837 3838 3839 3840 3841 3842 3843 3844 3845 3846 3847 3848 3849 3850 3851 3852 3853 3854 3855 3856 3857 3858 3859 3860 3861 3862 3863 3864 3865 3866 3867 3868 3869 3870 3871 3872 3873 3874 3875 3876 3877 3878 3879 3880 3881 3882 3883 3884 3885 3886 3887 3888 3889 3890 3891 3892 3893 3894 3895 3896 3897 3898 3899 3900 3901 3902 3903 3904 3905 3906 3907 3908 3909 3910 3911 3912 3913 3914 3915 3916 3917 3918 3919 3920 3921 3922 3923 3924 3925 3926 3927 3928 3929 3930 3931 3932 3933 3934 3935 3936 3937 3938 3939 3940 3941 3942 3943 3944 3945 3946 3947 3948 3949 3950 3951 3952 3953 3954 3955 3956 3957 3958 3959 3960 3961 3962 3963 3964 3965 3966 3967 3968 3969 3970 3971 3972 3973 3974 3975 3976 3977 3978 3979 3980 3981 3982 3983 3984 3985 3986 3987 3988 3989 3990 3991 3992 3993 3994 3995 3996 3997 3998 3999 4000 4001 4002 4003 4004 4005 4006 4007 4008 4009 4010 4011 4012 4013 4014 4015 4016 4017 4018 4019 4020 4021 4022 4023 4024 4025 4026 4027 4028 4029 4030 4031 4032 4033 4034 4035 4036 4037 4038 4039 4040 4041 4042 4043 4044 4045 4046 4047 4048 4049 4050 4051 4052 4053 4054 4055 4056 4057 4058 4059 4060 4061 4062 4063 4064 4065 4066 4067 4068 4069 4070 4071 4072 4073 4074 4075 4076 4077 4078 4079 4080 4081 4082 4083 4084 4085 4086 4087 4088 4089 4090 4091 4092 4093 4094 4095 4096 4097 4098 4099 4100 4101 4102 4103 4104 4105 4106 4107 4108 4109 4110 4111 4112 4113 4114 4115 4116 4117 4118 4119 4120 4121 4122 4123 4124 4125 4126 4127 4128 4129 4130 4131 4132 4133 4134 4135 4136 4137 4138 4139 4140 4141 4142 4143 4144 4145 4146 4147 4148 4149 4150 4151 4152 4153 4154 4155 4156 4157 4158 4159 4160 4161 4162 4163 4164 4165 4166 4167 4168 4169 4170 4171 4172 4173 4174 4175 4176 4177 4178 4179 4180 4181 4182 4183 4184 4185 4186 4187 4188 4189 4190 4191 4192 4193 4194 4195 4196 4197 4198 4199 4200 4201 4202 4203 4204 4205 4206 4207 4208 4209 4210 4211 4212 4213 4214 4215 4216 4217 4218 4219 4220 4221 4222 4223 4224 4225 4226 4227 4228 4229 4230 4231 4232 4233 4234 4235 4236 4237 4238 4239 4240 4241 4242 4243 4244 4245 4246 4247 4248 4249 4250 4251 4252 4253 4254 4255 4256 4257 4258 4259 4260 4261 4262 4263 4264 4265 4266 4267 4268 4269 4270 4271 4272 4273 4274 4275 4276 4277 4278 4279 4280 4281 4282 4283 4284 4285 4286 4287 4288 4289 4290 4291 4292 4293 4294 4295 4296 4297 4298 4299 4300 4301 4302 4303 4304 4305 4306 4307 4308 4309 4310 4311 4312 4313 4314 4315 4316 4317 4318 4319 4320 4321 4322 4323 4324 4325 4326 4327 4328 4329 4330 4331 4332 4333 4334 4335 4336 4337 4338 4339 4340 4341 4342 4343 4344 4345 4346 4347 4348 4349 4350 4351 4352 4353 4354 4355 4356 4357 4358 4359 4360 4361 4362 4363 4364 4365 4366 4367 4368 4369 4370 4371 4372 4373 4374 4375 4376 4377 4378 4379 4380 4381 4382 4383 4384 4385 4386 4387 4388 4389 4390 4391 4392 4393 4394 4395 4396 4397 4398 4399 4400 4401 4402 4403 4404 4405 4406 4407 4408 4409 4410 4411 4412 4413 4414 4415 4416 4417 4418 4419 4420 4421 4422 4423 4424 4425 4426 4427 4428 4429 4430 4431 4432 4433 4434 4435 4436 4437 4438 4439 4440 4441 4442 4443 4444 4445 4446 4447 4448 4449 4450 4451 4452 4453 4454 4455 4456 4457 4458 4459 4460 4461 4462 4463 4464 4465 4466 4467 4468 4469 4470 4471 4472 4473 4474 4475 4476 4477 4478 4479 4480 4481 4482 4483 4484 4485 4486 4487 4488 4489 4490 4491 4492 4493 4494 4495 4496 4497 4498 4499 4500 4501 4502 4503 4504 4505 4506 4507 4508 4509 4510 4511 4512 4513 4514 4515 4516 4517 4518 4519 4520 4521 4522 4523 4524 4525 4526 4527 4528 4529 4530 4531 4532 4533 4534 4535 4536 4537 4538 4539 4540 4541 4542 4543 4544 4545 4546 4547 4548 4549 4550 4551 4552 4553 4554 4555 4556 4557 4558 4559 4560 4561 4562 4563 4564 4565 4566 4567 4568 4569 4570 4571 4572 4573 4574 4575 4576 4577 4578 4579 4580 4581 4582 4583 4584 4585 4586 4587 4588 4589 4590 4591 4592 4593 4594 4595 4596 4597 4598 4599 4600 4601 4602 4603 4604 4605 4606 4607 4608 4609 4610 4611 4612 4613 4614 4615 4616 4617 4618 4619 4620 4621 4622 4623 4624 4625 4626 4627 4628 4629 4630 4631 4632 4633 4634 4635 4636 4637 4638 4639 4640 4641 4642 4643 4644 4645 4646 4647 4648 4649 4650 4651 4652 4653 4654 4655 4656 4657 4658 4659 4660 4661 4662 4663 4664 4665 4666 4667 4668 4669 4670 4671 4672 4673 4674 4675 4676 4677 4678 4679 4680 4681 4682 4683 4684 4685 4686 4687 4688 4689 4690 4691 4692 4693 4694 4695 4696 4697 10110 4698 4699 4700 4701 4702 4703 4704 4705 4706 4707 4708 4709 4710 4711 4712 4713 4714 4715 4716 4717 4718 4719 4720 4721 4722 4723 4724 4725 4726 4727 4728 4729 4730 4731 4732 4733 4734 4735 4736 4737 4738 4739 4740 4741 4742 4743 4744 4745 4746 4747 4748 4749 4750 4751 4752 4753 4754 4755 4756 4757 4758 4759 4760 4761 4762 4763 4764 4765 4766 4767 4768 4769 4770 4771 4772 4773 4774 4775 4776 4777 4778 4779 4780 4781 4782 4783 4784 4785 4786 4787 4788 4789 4790 4791 4792 4793 4794 4795 4796 4797 4798 4799 4800 4801 4802 4803 4804 4805 4806 4807 4808 4809 4810 4811 4812 4813 4814 4815 4816 4817 4818 4819 4820 4821 4822 4823 4824 4825 4826 4827 4828 4829 4830 4831 4832 4833 4834 4835 4836 4837 4838 4839 4840 4841 4842 4843 4844 4845 4846 4847 4848 4849 4850 4851 4852 4853 4854 4855 4856 4857 4858 4859 4860 4861 4862 4863 4864 4865 4866 4867 4868 4869 4870 4871 4872 4873 4874 4875 4876 4877 4878 4879 4880 4881 4882 4883 4884 4885 4886 4887 4888 4889 4890 4891 4892 4893 4894 4895 4896 4897 4898 4899 4900 4901 4902 4903 4904 4905 4906 4907 4908 4909 4910 4911 4912 4913 4914 4915 4916 4917 4918 4919 4920 4921 4922 4923 4924 4925 4926 4927 4928 4929 4930 4931 4932 4933 4934 4935 4936 4937 4938 4939 4940 4941 4942 4943 4944 4945 4946 4947 4948 4949 4950 4951 4952 4953 4954 4955 4956 4957 4958 4959 4960 4961 4962 4963 4964 4965 4966 4967 4968 4969 4970 4971 4972 4973 4974 4975 4976 4977 4978 4979 4980 4981 4982 4983 4984 4985 4986 4987 4988 4989 4990 4991 4992 4993 4994 4995 4996 4997 4998 4999 5000 5001 5002 5003 5004 5005 5006 5007 5008 5009 5010 5011 5012 5013 5014 5015 5016 5017 5018 5019 5020 5021 5022 5023 5024 5025 5026 5027 5028 5029 5030 5031 5032 5033 5034 5035 5036 5037 5038 5039 5040 5041 5042 5043 5044 5045 5046 5047 5048 5049 5050 5051 5052 5053 5054 5055 5056 5057 5058 5059 5060 5061 5062 5063 5064 5065 5066 5067 5068 5069 5070 5071 5072 5073 5074 5075 5076 5077 5078 5079 5080 5081 5082 5083 5084 5085 5086 5087 5088 5089 5090 5091 5092 5093 5094 5095 5096 5097 5098 5099 5100 5101 5102 5103 5104 5105 5106 5107 5108 5109 5110 5111 5112 5113 5114 5115 5116 5117 5118 5119 5120 5121 5122 5123 5124 5125 5126 5127 5128 5129 5130 5131 5132 5133 5134 5135 5136 5137 5138 5139 5140 5141 5142 5143 5144 5145 5146 5147 5148 5149 5150 5151 5152 5153 5154 5155 5156 5157 5158 5159 5160 5161 5162 5163 5164 5165 5166 5167 5168 5169 5170 5171 5172 5173 5174 5175 5176 5177 5178 5179 5180 5181 5182 5183 5184 5185 5186 5187 5188 5189 5190 5191 5192 5193 5194 5195 5196 5197 5198 5199 5200 5201 5202 5203 5204 5205 5206 5207 5208 5209 5210 5211 5212 5213 5214 5215 5216 5217 5218 5219 5220 5221 5222 5223 5224 5225 5226 5227 5228 5229 5230 5231 5232 5233 5234 5235 5236 5237 5238 5239 5240 5241 5242 5243 5244 5245 5246 5247 5248 5249 5250 5251 5252 5253 5254 5255 5256 5257 5258 5259 5260 5261 5262 5263 5264 5265 5266 5267 5268 5269 5270 5271 5272 5273 5274 5275 5276 5277 5278 5279 5280 5281 5282 5283 5284 5285 5286 5287 5288 5289 5290 5291 5292 5293 5294 5295 5296 5297 5298 5299 5300 5301 5302 5303 5304 5305 5306 5307 5308 5309 5310 5311 5312 5313 5314 5315 5316 5317 5318 5319 5320 5321 5322 5323 5324 5325 5326 5327 5328 5329 5330 5331 5332 5333 5334 5335 5336 5337 5338 5339 5340 5341 5342 5343 5344 5345 5346 5347 5348 5349 5350 5351 5352 5353 5354 5355 5356 5357 5358 5359 5360 5361 5362 5363 5364 5365 5366 5367 5368 5369 5370 5371 5372 5373 5374 5375 5376 5377 5378 5379 5380 5381 5382 5383 5384 5385 5386 5387 5388 5389 5390 5391 5392 5393 5394 5395 5396 5397 5398 5399 5400 5401 5402 5403 5404 5405 5406 5407 5408 5409 5410 5411 5412 5413 5414 5415 5416 5417 5418 5419 5420 5421 5422 5423 5424 5425 5426 5427 5428 5429 5430 5431 5432 5433 5434 5435 5436 5437 5438 5439 5440 5441 5442 5443 5444 5445 5446 5447 5448 5449 5450 5451 5452 5453 5454 5455 5456 5457 5458 5459 5460 5461 5462 5463 5464 5465 5466 5467 5468 5469 5470 5471 5472 5473 5474 5475 5476 5477 5478 5479 5480 5481 5482 5483 5484 5485 5486 5487 5488 5489 5490 5491 5492 5493 5494 5495 5496 5497 5498 5499 5500 5501 5502 5503 5504 5505 5506 5507 5508 5509 5510 5511 5512 5513 5514 5515 5516 5517 5518 5519 5520 5521 5522 5523 5524 5525 5526 5527 5528 5529 5530 5531 5532 5533 5534 5535 5536 5537 5538 5539 5540 5541 5542 5543 5544 5545 5546 5547 5548 5549 5550 5551 5552 5553 5554 5555 5556 5557 5558 5559 5560 5561 5562 5563 5564 5565 5566 5567 5568 5569 5570 5571 5572 5573 5574 5575 5576 5577 5578 5579 5580 5581 5582 5583 5584 5585 5586 5587 5588 5589 5590 5591 5592 5593 5594 5595 5596 5597 5598 5599 5600 5601 5602 5603 5604 5605 5606 5607 5608 5609 5610 5611 5612 5613 5614 5615 5616 5617 5618 5619 5620 5621 5622 5623 5624 5625 5626 5627 5628 5629 5630 5631 5632 5633 5634 5635 5636 5637 5638 5639 5640 5641 5643 5644 5645 5646 5647 5648 5649 5650 5651 5652 5653 5654 5655 5656 5657 5658 5659 5660 5661 5662 5663 5664 5665 5666 5667 5668 5669 5670 5671 5672 5673 5674 5675 5676 5677 5678 5679 5680 5681 5682 5683 5684 5685 5686 5687 5688 5689 5690 5691 5692 5693 5694 5695 5696 5697 5698 5699 5700 5701 5702 5703 5704 5705 5706 5707 5708 5709 5710 5711 5712 5713 5714 5715 5716 5717 5718 5719 5720 5721 5722 5723 5724 5725 5726 5727 5728 5729 5730 5731 5732 5733 5734 5735 5736 5737 5738 5739 5740 5741 5742 5743 5744 5745 5746 5747 5748 5749 5750 5751 5752 5753 5754 5755 5756 5757 5758 5759 5760 5761 5762 5763 5764 5765 5766 5767 5768 5769 5770 5771 5772 5773 5774 5775 5776 5777 5778 5779 5780 5781 5782 5783 5784 5785 5786 5787 5788 5789 5790 5791 5792 5793 5794 5795 5796 5797 5798 5799 5800 5801 5802 5803 5804 5805 5806 5807 5808 5809 5810 5811 5812 5813 5814 5815 5816 5817 5818 5819 5820 5821 5822 5823 5824 5825 5826 5827 5828 5829 5830 5831 5832 5833 5834 5835 5836 5837 5838 5839 5840 5841 5842 5843 5844 5845 5846 5847 5848 5849 5850 5851 5852 5853 5854 5855 5856 5857 5858 5859 5860 5861 5862 5863 5864 5865 5866 5867 5868 5869 5870 5871 5872 5873 5874 5875 5876 5877 5878 5879 5880 5881 5882 5883 5884 5885 5886 5887 5888 5889 5890 5891 5892 5893 5894 5895 5896 5897 5898 5899 5900 5901 5902 5903 5904 5905 5906 5907 5908 5909 5910 5911 5912 5913 5914 5915 5916 5917 5918 5919 5920 5921 5922 5923 5924 5925 5926 5927 5928 5929 5930 5931 5932 5933 5934 5935 5936 5937 5938 5939 5940 5941 5942 5943 5944 5945 5946 5947 5948 5949 5950 5951 5952 5953 5954 5955 5956 5957 5958 5959 5960 5961 5962 5963 5964 5965 5966 5967 5968 5969 5970 5971 5972 5973 5974 5975 5976 5977 5978 5979 5980 5981 5982 5983 5984 5985 5986 5987 5988 5989 5990 5991 5992 5993 5994 5995 5996 5997 5998 5999 6000 6001 6002 6003 6004 6005 6006 6007 6008 6009 6010 6011 6012 6013 6014 6015 6016 6017 6018 6019 6020 6021 6022 6023 6024 6025 6026 6027 6028 6029 6030 6031 6032 6033 6034 6035 6036 6037 6038 6039 6040 6041 6042 6043 6044 6045 6046 6047 6048 6049 6050 6051 6052 6053 6054 6055 6056 6057 6058 6059 6060 6061 6062 6063 6064 6065 6066 6067 6068 6069 6070 6071 6072 6073 6074 6075 6076 6077 6078 6079 6080 6081 6082 6083 6084 6085 6086 6087 6088 6089 6090 6091 6092 6093 6094 6095 6096 6097 6098 6099 6100 6101 6102 6103 6104 6105 6106 6107 6108 6109 6110 6111 6112 6113 6114 6115 6116 6117 6118 6119 6120 6121 6122 6123 6124 6125 6126 6127 6128 6129 6130 6131 6132 6133 6134 6135 6136 6137 6138 6139 6140 6141 6142 6143 6144 6145 6146 6147 6148 6149 6150 6151 6152 6153 6154 6155 6156 6157 6158 6159 6160 6161 6162 6163 6164 6165 6166 6167 6168 6169 6170 6171 6172 6173 6174 6175 6176 6177 6178 6179 6180 6181 6182 6183 6184 6185 6186 6187 6188 6189 6190 6191 6192 6193 6194 6195 6196 6197 6198 6199 6200 6201 6202 6203 6204 6205 6206 6207 6208 6209 6210 6211 6212 6213 6214 6215 6216 6217 6218 6219 6220 6221 6222 6223 6224 6225 6226 6227 6228 6229 6230 6231 6232 6233 6234 6235 6236 6237 6238 6239 6240 6241 6242 6243 6244 6245 6246 6247 6248 6249 6250 6251 6252 6253 6254 6255 6256 6257 6258 6259 6260 6261 6262 6263 6264 6265 6266 6267 6268 6269 6270 6271 6272 6273 6274 6275 6276 6277 6278 6279 6280 6281 6282 6283 6284 6285 6286 6287 6288 6289 6290 6291 6292 6293 6294 6295 6296 6297 6298 6299 6300 6301 6302 6303 6304 6305 6306 6307 6308 6309 6310 6311 6312 6313 6314 6315 6316 6317 6318 6319 6320 6321 6322 6323 6324 6325 6326 6327 6328 6329 6330 6331 6332 6333 6334 6335 6336 6337 6338 6339 6340 6341 6342 6343 6344 6345 6346 6347 6348 6349 6350 6351 6352 6353 6354 6355 6356 6357 6358 6359 6360 6361 6362 6363 6364 6365 6366 6367 6368 6369 6370 6371 6372 6373 6374 6375 6376 6377 6378 6379 6380 6381 6382 6383 6384 6385 6386 6387 6388 6389 6390 6391 6392 6393 6394 6395 6396 6397 6398 6399 6400 6401 6402 6403 6404 6405 6406 6407 6408 6409 6410 6411 6412 6413 6414 6415 6416 6417 6418 6419 6420 6421 6422 6423 6424 6425 6426 6427 6428 6429 6430 6431 6432 6433 6434 6435 6436 6437 6438 6439 6440 6441 6442 6443 6444 6445 6446 6447 6448 6449 6450 6451 6452 6453 6454 6455 6456 6457 6458 6459 6460 6461 6462 6463 6464 6465 6466 6467 6468 6469 6470 6471 6472 6473 6474 6475 6476 6477 6478 6479 6480 6481 6482 6483 6484 6485 6486 6487 6488 6489 6490 6491 6492 6493 6494 6495 6496 6497 6498 6499 6500 6501 6502 6503 6504 6505 6506 6507 6508 6509 6510 6511 6512 6513 6514 6515 6516 6517 6518 6519 6520 6521 6522 6523 6524 6525 6526 6527 6528 6529 6530 6531 6532 6533 6534 6535 6536 6537 6538 6539 6540 6541 6542 6543 6544 6545 6546 6547 6548 6549 6550 6551 6552 6553 6554 6555 6556 6557 6558 6559 6560 6561 6562 6563 6564 6565 6566 6567 6568 6569 6570 6571 6572 6573 6574 6575 6576 6577 6578 6579 6580 6581 6582 6583 6584 6585 6586 6587 6588 6589 6590 6591 6592 6593 6594 6595 6596 6597 6598 6599 6600 6601 6602 6603 6604 6605 6606 6607 6608 6609 6610 6611 6612 6613 6614 6615 6616 6617 6618 6619 6620 6621 6622 6623 6624 6625 6626 6627 6628 6629 6630 6631 6632 6633 6634 6635 6636 6637 6638 6639 6640 6641 6642 6643 6644 6645 6646 6647 6648 6649 6650 6651 6652 6653 6654 6655 6656 6657 6658 6659 6660 6661 6662 6663 6664 6665 6666 6667 6668 6669 6670 6671 6672 6673 6674 6675 6676 6677 6678 6679 6680 6681 6682 6683 6684 6685 6686 6687 6688 6689 6690 6691 6692 6693 6694 6695 6696 6697 6698 6699 6700 6701 6702 6703 6704 6705 6706 6707 6708 6709 6710 6711 6712 6713 6714 6715 6716 6717 6718 6719 6720 6721 6722 6723 6724 6725 6726 6727 6728 6729 6730 6731 6732 6733 6734 6735 6736 6737 6738 6739 6740 6741 6742 6743 6744 6745 6746 6747 6748 6749 6750 6751 6752 6753 6754 6755 6756 6757 6758 6759 6760 6761 6762 6763 6764 6765 6766 6767 6768 6769 6770 6771 6772 6773 6774 6775 6776 6777 6778 6779 6780 6781 6782 6783 6784 6785 6786 6787 6788 6789 6790 6791 6792 6793 6794 6795 6796 6797 6798 6799 6800 6801 6802 6803 6804 6805 6806 6807 6808 6809 6810 6811 6812 6813 6814 6815 6816 6817 6818 6819 6820 6821 6822 6823 6824 6825 6826 6827 6828 6829 6830 6831 6832 6833 6834 6835 6836 6837 6838 6839 6840 6841 6842 6843 6844 6845 6846 6847 6848 6849 6850 6851 6852 6853 6854 6855 6856 6857 6858 6859 6860 6861 6862 6863 6864 6865 6866 6867 6868 6869 6870 6871 6872 6873 6874 6875 6876 6877 6878 6879 6880 6881 6882 6883 6884 6885 6886 6887 6888 6889 6890 6891 6892 6893 6894 6895 6896 6897 6898 6899 6900 6901 6902 6903 6904 6905 6906 6907 6908 6909 6910 6911 6912 6913 6914 6915 6916 6917 6918 6919 6920 6921 6922 6923 6924 6925 6926 6927 6928 6929 6930 6931 6932 6933 6934 6935 6936 6937 6938 6939 6940 6941 6942 6943 6944 6945 6946 6947 6948 6949 6950 6951 6952 6953 6954 6955 6956 6957 6958 6959 6960 6961 6962 6963 6964 6965 6966 6967 6968 6969 6970 6971 6972 6973 6974 6975 6976 6977 6978 6979 6980 6981 6982 6983 6984 6985 6986 6987 6988 6989 6990 6991 6992 6993 6994 6995 6996 6997 6998 6999 7000 7001 7002 7003 7004 7005 7006 7007 7008 7009 7010 7011 7012 7013 7014 7015 7016 7017 7018 7019 7020 7021 7022 7023 7024 7025 7026 7027 7028 7029 7030 7031 7032 7033 7034 7035 7036 7037 7038 7039 7040 7041 7042 7043 7044 7045 7046 7047 7048 7049 7050 7051 7052 7053 7054 7055 7056 7057 7058 7059 7060 7061 7062 7063 7064 7065 7066 7067 7068 7069 7070 7071 7072 7073 7074 7075 7076 7077 7078 7079 7080 7081 7082 7083 7084 7085 7086 7087 7088 7089 7090 7091 7092 7093 7094 7095 7096 7097 7098 7099 7100 7101 7102 7103 7104 7105 7106 7107 7108 7109 7110 7111 7112 7113 7114 7115 7116 7117 7118 7119 7120 7121 7122 7123 7124 7125 7126 7127 7128 7129 7130 7131 7132 7133 7134 7135 7136 7137 7138 7139 7140 7141 7142 7143 7144 7145 7146 7147 7148 7149 7150 7151 7152 7153 7154 7155 7156 7157 7158 7159 7160 7161 7162 7163 7164 7165 7166 7167 7168 7169 7170 7171 7172 7173 7174 7175 7176 7177 7178 7179 7180 7181 7182 7183 7184 7185 7186 7187 7188 7189 7190 7191 7192 7193 7194 7195 7196 7197 7198 7199 7200 7201 7202 7203 7204 7205 7206 7207 7208 7209 7210 7211 7212 7213 7214 7215 7216 7217 7218 7219 7220 7221 7222 7223 7224 7225 7226 7227 7228 7229 7230 7231 7232 7233 7234 7235 7236 7237 7238 7239 7240 7241 7242 7243 7244 7245 7246 7247 7248 7249 7250 7251 7252 7253 7254 7255 7256 7257 7258 7259 7260 7261 7262 7263 7264 7265 7266 7267 7268 7269 7270 7271 7272 7273 7274 7275 7276 7277 7278 7279 7280 7281 7282 7283 7284 7285 7286 7287 7288 7289 7290 7291 7292 7293 7294 7295 7296 7297 7298 7299 7300 7301 7302 7303 7304 7305 7306 7307 7308 7309 7310 7311 7312 7313 7314 7315 7316 7317 7318 7319 7320 7321 7322 7323 7324 7325 7326 7327 7328 7329 7330 7331 7332 7333 7334 7335 7336 7337 7338 7339 7340 7341 7342 7343 7344 7345 7346 7347 7348 7349 7350 7351 7352 7353 7354 7355 7356 7357 7358 7359 7360 7361 7362 7363 7364 7365 7366 7367 7368 7369 7370 7371 7372 7373 7374 7375 7376 7377 7378 7379 7380 7381 7382 7383 7384 7385 7386 7387 7388 7389 7390 7391 7392 7393 7394 7395 7396 7397 7398 7399 7400 7401 7402 7403 7404 7405 7406 7407 7408 7409 7410 7411 7412 7413 7414 7415 7416 7417 7418 7419 7420 7421 7422 7423 7424 7425 7426 7427 7428 7429 7430 7431 7432 7433 7434 10120 7435 7436 7437 7438 7439 7440 7441 7442 7443 7444 7445 7446 7447 7448 7449 7450 7451 7452 7453 7454 7455 7456 7457 7458 7459 7460 7461 7462 7463 7464 7465 7466 7467 7468 7469 7470 7471 7472 7473 7474 7475 7476 7477 7478 7479 7480 7481 7482 7483 7484 7485 7486 7487 7488 7489 7490 7491 7492 7493 7494 7495 7496 7497 7498 7499 7500 7501 7502 7503 7504 7505 7506 7507 7508 7509 7510 7511 7512 7513 7514 7515 7516 7517 7518 7519 7520 7521 7522 7523 7524 7525 7526 7527 7528 7529 7530 7531 7532 7533 7534 7535 7536 7537 7538 7539 7540 7541 7542 7543 7544 7545 7546 7547 7548 7549 7550 7551 7552 7553 7554 7555 7556 7557 7558 7559 7560 7561 7562 7563 7564 7565 7566 7567 7568 7569 7570 7571 7572 7573 7574 7575 7576 7577 7578 7579 7580 7581 7582 7583 7584 7585 7586 7587 7588 7589 7590 7591 7592 7593 7594 7595 7596 7597 7598 7599 7600 7601 7602 7603 7604 7605 7606 7607 7608 7609 7610 7611 7612 7613 7614 7615 7616 7617 7618 7619 7620 7621 7622 7623 7624 7625 7626 7627 7628 7629 7630 7631 7632 7633 7634 7635 7636 7637 7638 7639 7640 7641 7642 7643 7644 7645 7646 7647 7648 7649 7650 7651 7652 7653 7654 7655 7656 7657 7658 7659 7660 7661 7662 7663 7664 7665 7666 7667 7668 7669 7670 7671 7672 7673 7674 7675 7676 7677 7678 7679 7680 7681 7682 7683 7684 7685 7686 7687 7688 7689 7690 7691 7692 7693 7694 7695 7696 7697 7698 7699 7700 7701 7702 7703 7704 7705 7706 7707 7708 7709 7710 7711 7712 7713 7714 7715 7716 7717 7718 7719 7720 7721 7722 7723 7724 7725 7726 7727 7728 7729 7730 7731 7732 7733 7734 7735 7736 7737 7738 7739 7740 7741 7742 7743 7744 7745 7746 7747 7748 7749 7750 7751 7752 7753 7754 7755 7756 7757 7758 7759 7760 7761 7762 7763 7764 7765 7766 7767 7768 7769 7770 7771 7772 7773 7774 7775 7776 7777 7778 7779 7780 7781 7782 7783 7784 7785 7786 7787 7788 7789 7790 7791 7792 7793 7794 7795 7796 7797 7798 7799 7800 7801 7802 7803 7804 7805 7806 7807 7808 7809 7810 7811 7812 7813 7814 7815 7816 7817 7818 7819 7820 7821 7822 7823 7824 7825 7826 7827 7828 7829 7830 7831 7832 7833 7834 7835 7836 7837 7838 7839 7840 7841 7842 7843 7844 7845 7846 7847 7848 7849 7850 7851 7852 7853 7854 7855 7856 7857 7858 7859 7860 7861 7862 7863 7864 7865 7866 7867 7868 7869 7870 7871 7872 7873 7874 7875 7876 7877 7878 7879 7880 7881 7882 7883 7884 7885 7886 7887 7888 7889 7890 7891 7892 7893 7894 7895 7896 7897 7898 7899 7900 7901 7902 7903 7904 7905 7906 7907 7908 7909 7910 7911 7912 7913 7914 7915 7916 7917 7918 7919 7920 7921 7922 7923 7924 7925 7926 7927 7928 7929 7930 7931 7932 7933 7934 7935 7936 7937 7938 7939 7940 7941 7942 7943 7944 7945 7946 7947 7948 7949 7950 7951 7952 7953 7954 7955 7956 7957 7958 7959 7960 7961 7962 7963 7964 7965 7966 7967 7968 7969 7970 7971 7972 7973 7974 7975 7976 7977 7978 7979 7980 7981 7982 7983 7984 7985 7986 7987 7988 7989 7990 7991 7992 7993 7994 7995 7996 7997 7998 7999 8000 8001 8002 8003 8004 8005 8006 8007 8008 8009 8010 8011 8012 8013 8014 8015 8016 8017 8018 8019 8020 8021 8022 8023 8024 8025 8026 8027 8028 8029 8030 8031 8032 8033 8034 8035 8036 8037 8038 8039 8040 8041 8042 8043 8044 8045 8046 8047 8048 8049 8050 8051 8052 8053 8054 8055 8056 8057 8058 8059 8060 8061 8062 8063 8064 8065 8066 8067 8068 8069 8070 8071 8072 8073 8074 8075 8076 8077 8078 8079 8080 8081 8082 8083 8084 8085 8086 8087 8088 8089 8090 8091 8092 8093 8094 8095 8096 8097 8098 8099 8100 8101 8102 8103 8104 8105 8106 8107 8108 8109 8110 8111 8112 8113 8114 8115 8116 8117 8118 8119 8120 8121 8122 8123 8124 8125 8126 8127 8128 8129 8130 8131 8132 8133 8134 8135 8136 8137 8138 8139 8140 8141 8142 8143 8144 8145 8146 8147 8148 8149 8150 8151 8152 8153 8154 8155 8156 8157 8158 8159 8160 8161 8162 8163 8164 8165 8166 8167 8168 8169 8170 8171 8172 8173 8174 8175 8176 8177 8178 8179 8180 8181 8182 8183 8184 8185 8186 8187 8188 8189 8190 8191 8192 8193 8194 8195 8196 8197 8198 8199 8200 8201 8202 8203 8204 8205 8206 8207 8208 8209 8210 8211 8212 8213 8214 8215 8216 8217 8218 8219 8220 8221 8222 8223 8224 8225 8226 8227 8228 8229 8230 8231 8232 8233 8234 8235 8236 8237 8238 8239 8240 8241 8242 8243 8244 8245 8246 8247 8248 8249 8250 8251 8252 8253 8254 8255 8256 8257 8258 8259 8260 8261 8262 8263 8264 8265 8266 8267 8268 8269 8270 8271 8272 8273 8274 8275 8276 8277 8278 8279 8280 8281 8282 8283 8284 8285 8286 8287 8288 8289 8290 8291 8292 8293 8294 8295 8296 8297 8298 8299 8300 8301 8302 8303 8304 8305 8306 8307 8308 8309 8310 8311 8312 8313 8314 8315 8316 8317 8318 8319 8320 8321 8322 8323 8324 8325 8326 8327 8328 8329 8330 8331 8332 8333 8334 8335 8336 8337 8338 8339 8340 8341 8342 8343 8344 8345 8346 8347 8348 8349 8350 8351 8352 8353 8354 8355 8356 8357 8358 8359 8360 8361 8362 8363 8364 8365 8366 8367 8368 8369 8370 8371 8372 8373 8374 8375 8376 8377 8378 8379 8380 8381 8382 8383 8384 8385 8386 8387 8388 8389 8390 8391 8392 8393 8394 8395 8396 8397 8398 8399 8400 8401 8402 8403 8404 8405 8406 8407 8408 8409 8410 8411 8412 8413 8414 8415 8416 8417 8418 8419 8420 8421 8422 8423 8424 8425 8426 8427 8428 8429 8430 8431 8432 8433 8434 8435 8436 8437 8438 8439 8440 8441 8442 8443 8444 8445 8446 8447 8448 8449 8450 8451 8452 8453 8454 8455 8456 8457 8458 8459 8460 8461 8462 8463 8464 8465 8466 8467 8468 8469 8470 8471 8472 8473 8474 8475 8476 8477 8478 8479 8480 8481 8482 8483 8484 8485 8486 8487 8488 8489 8490 8491 8492 8493 8494 8495 8496 8497 8498 8499 8500 8501 8502 8503 8504 8505 8506 8507 8508 8509 8510 8511 8512 8513 8514 8515 8516 8517 8518 8519 8520 8521 8522 8523 8524 8525 8526 8527 8528 8529 8530 8531 8532 8533 8534 8535 8536 8537 8538 8539 8540 8541 8542 8543 8544 8545 8546 8547 8548 8549 8550 8551 8552 8553 8554 8555 8556 8557 8558 8559 8560 8561 8562 8563 8564 8565 8566 8567 8568 8569 8570 8571 8572 8573 8574 8575 8576 8577 8578 8579 8580 8581 8582 8583 8584 8585 8586 8587 8588 8589 8590 8591 8592 8593 8594 8595 8596 8597 8598 8599 8600 8601 8602 8603 8604 8605 8606 8607 8608 8609 8610 8611 8612 8613 8614 8615 8616 8617 8618 8619 8620 8621 8622 8623 8624 8625 8626 8627 8628 8629 8630 8631 8632 8633 8634 8635 8636 8637 8638 8639 8640 8641 8642 8643 8644 8645 8646 8647 8648 8649 8650 8651 8652 8653 8654 8655 8656 8657 8658 8659 8660 8661 8662 8663 8664 8665 8666 8667 8668 8669 8670 8671 8672 8673 8674 8675 8676 8677 8678 8679 8680 8681 8682 8683 8684 8685 8686 8687 8688 8689 8690 8691 8692 8693 8694 8695 8696 8697 8698 8699 8700 8701 8702 8703 8704 8705 8706 8707 8708 8709 8710 8711 8712 8713 8714 8715 8716 8717 8718 8719 8720 8721 8722 8723 8724 8725 8726 8727 8728 8729 8730 8731 8732 8733 8734 8735 8736 8737 8738 8739 8740 8741 8742 8743 8744 8745 8746 8747 8748 8749 8750 8751 8752 8753 8754 8755 8756 8757 8758 8759 8760 8761 8762 8763 8764 8765 8766 8767 8768 8769 8770 8771 8772 8773 8774 8775 8776 8777 8778 8779 8780 8781 8782 8783 8784 8785 8786 8787 8788 8789 8790 8791 8792 8793 8794 8795 8796 8797 8798 8799 8800 8801 8802 8803 8804 8805 8806 8807 8808 8809 8810 8811 8812 8813 8814 8815 8816 8817 8818 8819 8820 8821 8822 8823 8824 8825 8826 8827 8828 8829 8830 8831 8832 8833 8834 8835 8836 8837 8838 8839 8840 8841 8842 8843 8844 8845 8846 8847 8848 8849 8850 8851 8852 8853 8854 8855 8856 8857 8858 8859 8860 8861 8862 8863 8864 8865 8866 8867 8868 8869 8870 8871 8872 8873 8874 8875 8876 8877 8878 8879 8880 8881 8882 8883 8884 8885 8886 8887 8888 8889 8890 8891 8892 8893 8894 8895 8896 8897 8898 8899 8900 8901 8902 8903 8904 8905 8906 8907 8908 8909 8910 8911 8912 8913 8914 8915 8916 8917 8918 8919 8920 8921 8922 8923 8924 8925 8926 8927 8928 8929 8930 8931 8932 8933 8934 8935 8936 8937 8938 8939 8940 8941 8942 8943 8944 8945 8946 8947 8948 8949 8950 8951 8952 8953 8954 8955 8956 8957 8958 8959 8960 8961 8962 8963 8964 8965 8966 8967 8968 8969 8970 8971 8972 8973 8974 8975 8976 8977 8978 8979 8980 8981 8982 8983 8984 8985 8986 8987 8988 8989 8990 8991 8992 8993 8994 8995 8996 8997 8998 8999 9000 9001 9002 9003 9004 9005 9006 9007 9008 9009 9010 9011 9012 9013 9014 9015 9016 9017 9018 9019 9020 9021 9022 9023 9024 9025 9026 9027 9028 9029 9030 9031 9032 9033 9034 9035 9036 9037 9038 9039 9040 9041 9042 9043 9044 9045 9046 9047 9048 9049 9050 9051 9052 9053 9054 9055 9056 9057 9058 9059 9060 9061 9062 9063 9064 9065 9066 9067 9068 9069 9070 9071 9072 9073 9074 9075 9076 9077 9078 9079 9080 9081 9082 9083 9084 9085 9086 9087 9088 9089 9090 9091 9092 9093 9094 9095 9096 9097 9098 9099 9100 9101 9102 9103 9104 9105 9106 9107 9108 9109 9110 9111 9112 9113 9114 9115 9116 9117 9118 9119 9120 9121 9122 9123 9124 9125 9126 9127 9128 9129 9130 9131 9132 9133 9134 9135 9136 9137 9138 9139 9140 9141 9142 9143 9144 9145 9146 9147 9148 9149 9150 9151 9152 9153 9154 9155 9156 9157 9158 9159 9160 9161 9162 9163 9164 9165 9166 9167 9168 9169 9170 9171 9172 9173 9174 9175 9176 9177 9178 9179 9180 9181 9182 9183 9184 9185 9186 9187 9188 9189 9190 9191 9192 9193 9194 9195 9196 9197 9198 9199 9200 9201 9202 9203 9204 9205 9206 9207 9208 9209 9210 9211 9212 9213 9214 9215 9216 9217 9218 9219 9220 9221 9222 9223 9224 9225 9226 9227 9228 9229 9230 9231 9232 9233 9234 9235 9236 9237 9238 9239 9240 9241 9242 9243 9244 9245 9246 9247 9248 9249 9250 9251 9252 9253 9254 9255 9256 9257 9258 9259 9260 9261 9262 9263 9264 9265 9266 9267 9268 9269 9270 9271 9272 9273 9274 9275 9276 9277 9278 9279 9280 9281 9282 9283 9284 9285 9286 9287 9288 9289 9290 9291 9292 9293 9294 9295 9296 9297 9298 9299 9300 9301 9302 9303 9304 9305 9306 9307 9308 9309 9310 9311 9312 9313 9314 9315 9316 9317 9318 9319 9320 9321 9322 9323 9324 9325 9326 9327 9328 9329 9330 9331 9332 9333 9334 9335 9336 9337 9338 9339 9340 9341 9342 9343 9344 9345 9346 9347 9348 9349 9350 9351 9352 9353 9354 9355 9356 9357 9358 9359 9360 9361 9362 9363 9364 9365 9366 9367 9368 9369 9370 9371 9372 9373 9374 9375 9376 9377 9378 9379 9380 9381 9382 9383 9384 9385 9386 9387 9388 9389 9390 9391 9392 9393 9394 9395 9396 9397 9398 9399 9400 9401 9402 9403 9404 9405 9406 9407 9408 9409 9410 9411 9412 9413 9414 9415 9416 9417 9418 9419 9420 9421 9422 9423 9424 9425 9426 9427 9428 9429 9430 9431 9432 9433 9434 9435 9436 9437 9438 9439 9440 9441 9442 9443 9444 9445 9446 9447 9448 9449 9450 9451 9452 9453 9454 9455 9456 9457 9458 9459 9460 9461 9462 9463 9464 9465 9466 9467 9468 9469 9470 9471 9472 9473 9474 9475 9476 9477 9478 9479 9480 9481 9482 9483 9484 9485 9486 9487 9488 9489 9490 9491 9492 9493 9494 9495 9496 9497 9498 9499 9500 9501 9502 9503 9504 9505 9506 9507 9508 9509 9510 9511 9512 9513 9514 9515 9516 9517 9518 9519 9520 9521 9522 9523 9524 9525 9526 9527 9528 9529 9530 9531 9532 9533 9534 9535 9536 9537 9538 9539 9540 9541 9542 9543 9544 9545 9546 9547 9548 9549 9550 9551 9552 9553 9554 9555 9556 9557 9558 9559 9560 9561 9562 9563 9564 9565 9566 9567 9568 9569 9570 9571 9572 9573 9574 9575 9576 9577 9578 9579 9580 9581 9582 9583 9584 9585 9586 9587 9588 9589 9590 9591 9592 9593 9594 9595 9596 9597 9598 9599 9600 9601 9602 9603 9604 9605 9606 9607 9608 9609 9610 9611 9612 9613 9614 9615 9616 9617 9618 9619 9620 9621 9622 9623 9624 9625 9626 9627 9628 9629 9630 9631 9632 9633 9634 9635 9636 9637 9638 9639 9640 9641 9642 9643 9644 9645 9646 9647 9648 9649 9650 9651 9652 9653 9654 9655 9656 9657 9658 9659 9660 9661 9662 9663 9664 9665 9666 9667 9668 9669 9670 9671 9672 9673 9674 9675 9676 9677 9678 9679 9680 9681 9682 9683 9684 9685 9686 9687 9688 9689 9690 9691 9692 9693 9694 9695 9696 9697 9698 9699 9700 9701 9702 9703 9704 9705 9706 9707 9708 9709 9710 9711 9712 9713 9714 9715 9716 9717 9718 9719 9720 9721 9722 9723 9724 9725 9726 9727 9728 9729 9730 9731 9732 9733 9734 9735 9736 9737 9738 9739 9740 9741 9742 9743 9744 9745 9746 9747 9748 9749 9750 9751 9752 9753 9754 9755 9756 9757 9758 9759 9760 9761 9762 9763 9764 9765 9766 9767 9768 9769 9770 9771 9772 9773 9774 9775 9776 9777 9778 9779 9780 9781 9782 9783 9784 9785 9786 9787 9788 9789 9790 9791 9792 9793 10108 9794 9795 9796 9797 9798 9799 9800 9801 9802 9803 9804 9805 9806 9807 9808 9809 9810 9811 9812 9813 9814 9815 9816 9817 9818 9819 9820 9821 9822 9823 9824 9825 9826 9827 9828 9829 9830 9831 9832 9833 9834 9835 9836 9837 9838 9839 9840 9841 9842 9843 9844 9845 9846 9847 9848 9849 9850 9851 9852 9853 9854 9855 9856 9857 9858 9859 9860 9861 9862 9863 9864 9865 9866 9867 9868 9869 9870 9871 9872 9873 9874 9875 9876 9877 9878 9879 9880 9881 9882 9883 9884 9885 9886 9887 9888 9889 9890 9891 9892 9893 9894 9895 9896 9897 9898 9899 9900 9901 9902 9903 9904 9905 9906 9907 9908 9909 9910 9911 9912 9913 9914 9915 9916 9917 9918 9919 9920 9921 9922 9923 9924 9925 9926 9927 9928 9929 9930 9931 9932 9933 9934 9935 9936 9937 9938 9939 9940 9941 9942 9943 9944 9945 9946 9947 9948 9949 9950 9951 9952 9953 9954 9955 9956 9957 9958 9959 9960 9961 9962 9963 9964 9965 9966 9967 9968 9969 9970 9971 9972 9973 9974 9975 9976 9977 9978 9979 9980 9981 9982 9983 9984 9985 9986 9987 9988 9989 9990 9991 9992 9993 9994 9995 9996 9997 9998 9999 10000 10001 10002 10003 10004 10005 10006 10007 10008 10009 10010 10011 10012 10013 10014 10015 10016 10017 10018 10019 10020 10021 10022 10023 10024 10025 10026 10027 10028 10029 10030 10031 10032 10033 10034 10035 10036 10037 10038 10039 10040 10041 10042 10043 10044 10045 10046 10047 10048 10049 10050 10051 10052 10053 10054 10055 10056 10057 10058 10059 10060 10061 10062 10063 10064 10065 10066 10067 10068 10069 10070 10071 10072 10073 10074 10075 10076 10077 10078 10079 10080 10081 10082 10083 10084 10085 10086 10087 10088 10089 10090 10091 10092 10093 10094 10095 10096 10097 10098 10099 10100 10101
p1:5 A 0 1 2 3 4 5 6 7 8 9 10 11 12 13 14 15 16 17 18 19 20 21 22 23 24 25 26 27 28 29 30 31 32 33 34 35 36 37 38 39 40 41 42 43 44 45 46 47 48 49 50 51 52 53 54 55 56 57 58 59 60 61 62 63 64 65 66 67 68 69 70 71 72 73 74 75 76 77 78 79 80 81 82 83 84 85 86 87 88 89 90 91 92 93 94 95 96 97 98 99 100 101 102 103 104 105 106 107 108 109 110 111 112 113 114 115 116 117 118 119 120 121 122 123 124 125 126 127 128 129 130 131 132 133 134 135 136 137 138 139 140 141 142 143 144 145 146 147 148 149 150 151 152 153 154 155 156 157 158 159 160 161 162 163 164 165 166 167 168 169 170 171 172 173 174 175 176 177 178 179 180 181 182 183 184 185 186 187 188 189 190 191 192 193 194 195 196 197 198 199 200 201 202 203 204 205 206 207 208 209 210 211 212 213 214 215 216 217 218 219 220 221 222 223 224 225 226 227 228 229 230 231 232 233 234 235 236 237 238 239 240 241 242 243 244 245 246 247 248 249 250 251 252 253 254 255 256 257 258 259 260 261 262 263 264 265 266 267 268 269 270 271 272 273 274 275 276 277 278 279 280 281 282 283 284 285 286 287 288 289 290 291 292 293 294 295 296 297 298 299 300 301 302 303 304 305 306 307 308 309 310 311 312 313 314 315 316 317 318 319 320 321 322 323 324 325 326 327 328 329 330 331 332 333 334 335 336 337 338 339 340 341 342 343 344 345 346 347 348 349 350 351 352 353 354 355 356 357 358 359 360 361 362 363 364 365 366 367 368 369 370 371 372 373 374 375 376 377 378 379 380 381 382 383 384 385 386 387 388 389 390 391 392 393 394 395 396 397 398 399 400 401 402 403 404 405 406 407 408 409 410 411 412 413 414 415 416 417 418 419 420 421 422 423 424 425 426 427 428 429 430 431 432 433 434 435 436 437 438 439 440 441 442 443 444 445 446 447 448 449 450 451 452 453 454 455 456 457 458 459 460 461 462 463 464 465 466 467 468 469 470 471 472 473 474 475 476 477 478 479 480 481 482 483 484 485 486 487 488 489 490 491 492 493 494 495 496 497 498 499 500 501 502 503 504 505 506 507 508 509 510 511 512 513 514 515 516 517 518 519 520 521 522 523 524 525 526 527 528 529 530 531 532 533 534 535 536 537 538 539 540 541 542 543 544 545 546 547 548 549 550 551 552 553 554 555 556 557 558 559 560 561 562 563 564 565 566 567 568 569 570 571 572 573 574 575 576 577 578 579 580 581 582 583 584 585 586 587 588 589 590 591 592 593 594 595 596 597 598 599 600 601 602 603 604 605 606 607 608 609 610 611 612 613 614 615 616 617 618 619 620 621 622 623 624 625 626 627 628 629 630 631 632 633 634 635 636 637 638 639 640 641 642 643 644 645 646 647 648 649 650 651 652 653 654 655 656 657 658 659 660 661 662 663 664 665 666 667 668 669 670 671 672 673 674 675 676 677 678 679 680 681 682 683 684 685 686 687 688 689 690 691 692 693 694 695 696 697 698 699 700 701 702 703 704 705 706 707 708 709 710 711 712 713 714 715 716 717 718 719 720 721 722 723 724 725 726 727 728 729 730 731 732 733 734 735 736 737 738 739 740 741 742 743 744 745 746 747 748 749 750 751 752 753 754 755 756 757 758 759 760 761 762 763 764 765 766 767 768 769 770 771 772 773 774 775 776 777 778 779 780 781 782 783 784 785 786 787 788 789 790 791 792 793 794 795 796 797 798 799 800 801 802 803 804 805 806 807 808 809 810 811 812 813 814 815 816 817 818 819 820 821 822 823 824 825 826 827 828 829 830 831 832 833 834 835 836 837 838 839 840 841 842 843 844 845 846 847 848 849 850 851 852 853 854 855 856 857 858 859 860 861 862 863 864 865 866 867 868 869 870 871 872 873 874 875 876 877 878 879 880 881 882 883 884 885 886 887 888 889 890 891 892 893 894 895 896 897 898 899 900 901 902 903 904 905 906 907 908 909 910 911 912 913 914 915 916 917 918 919 920 921 922 923 924 925 926 927 928 929 930 931 932 933 934 935 936 937 938 939 940 941 942 943 944 945 946 947 948 949 950 951 952 953 954 955 956 957 958 959 960 961 962 963 964 965 966 967 968 969 970 971 972 973 974 975 976 977 978 979 980 981 982 983 984 985 986 987 988 989 990 991 992 993 994 995 996 997 998 999 1000 1001 1002 1003 1004 1005 1006 1007 1008 1009 1010 1011 1012 1013 1014 1015 1016 1017 1018 1019 1020 1021 1022 1023 1024 1025 1026 1027 1028 1029 1030 1031 1032 1033 1034 1035 1036 1037 1038 1039 1040 1041 1042 1043 1044 1045 1046 1047 1048 1049 1050 1051 1052 1053 1054 1055 1056 1057 1058 1059 1060 1061 1062 1063 1064 1065 1066 1067 1068 1069 1070 1071 1072 1073 1074 1075 1076 1077 1078 1079 1080 1081 1082 1083 1084 1085 1086 1087 1088 1089 1090 1091 1092 1093 1094 1095 1096 1097 1098 1099 1100 1101 1102 1103 1104 1105 1106 1107 1108 1109 1110 1111 1112 1113 1114 1115 1116 1117 1118 1119 1120 1121 1122 1123 1124 1125 1126 1127 1128 1129 1130 1131 1132 1133 1134 1135 1136 1137 1138 1139 1140 1141 1142 1143 1144 1145 1146 1147 1148 1149 1150 1151 1152 1153 1154 1155 1156 1157 1158 1159 1160 1161 1162 1163 1164 1165 1166 1167 1168 1169 1170 1171 1172 1173 1174 1175 1176 1177 1178 1179 1180 1181 1182 1183 1184 1185 1186 1187 1188 1189 1190 1191 1192 1193 1194 1195 1196 1197 1198 1199 1200 1201 1202 1203 1204 1205 1206 1207 1208 1209 1210 1211 1212 1213 1214 1215 1216 1217 1218 1219 1220 1221 1222 1223 1224 1225 1226 1227 1228 1229 1230 1231 1232 1233 1234 1235 1236 1237 1238 1239 1240 1241 1242 1243 1244 1245 1246 1247 1248 1249 1250 1251 1252 1253 1254 1255 1256 1257 1258 1259 1260 1261 1262 1263 1264 1265 1266 1267 1268 1269 1270 1271 1272 1273 1274 1275 1276 1277 1278 1279 1280 1281 1282 1283 1284 1285 1286 1287 1288 1289 1290 1291 1292 1293 1294 1295 1296 1297 1298 1299 1300 1301 1302 1303 1304 1305 1306 1307 1308 1309 1310 1311 1312 1313 1314 1315 1316 1317 1318 1319 1320 1321 1322 1323 1324 1325 1326 1327 1328 1329 1330 1331 1332 1333 1334 1335 1336 1337 1338 1339 1340 1341 1342 1343 1344 1345 1346 1347 1348 1349 1350 1351 1352 1353 1354 1355 1356 1357 1358 1359 1360 1361 1362 1363 1364 1365 1366 1367 1368 1369 1370 1371 1372 1373 1374 1375 1376 1377 1378 1379 1380 1381 1382 1383 1384 1385 1386 1387 1388 1389 1390 1391 1392 1393 1394 1395 1396 1397 1398 1399 1400 1401 1402 1403 1404 1405 1406 1407 1408 1409 1410 1411 1412 1413 1414 1415 1416 1417 1418 1419 1420 1421 1422 1423 1424 1425 1426 1427 1428 1429 1430 1431 1432 1433 1434 1435 1436 1437 1438 1439 1440 1441 1442 1443 1444 1445 1446 1447 1448 1449 1450 1451 1452 1453 1454 1455 1456 1457 1458 1459 1460 1461 1462 1463 1464 1465 1466 1467 1468 1469 1470 1471 1472 1473 1474 1475 1476 1477 1478 1479 1480 1481 1482 1483 1484 1485 1486 1487 1488 1489 1490 1491 1492 1493 1494 1495 1496 1497 1498 1500 1501 1502 1503 1504 1505 1506 1507 1508 1509 1510 1511 1512 1513 1514 1515 1516 1517 1518 1519 1520 1521 1522 1523 1524 1525 1526 1527 1528 1529 1530 1531 1532 1533 1534 1535 1536 1537 1538 1539 1540 1541 1542 1543 1544 1545 1546 1547 1548 1549 1550 1551 1552 1553 1554 1555 1556 1557 1558 1559 1560 1561 1562 1563 1564 1565 1566 1567 1568 1569 1570 1571 1572 1573 1574 1575 1576 1577 1578 1579 1580 1581 1582 1583 1584 1585 1586 1587 1588 1589 1590 1591 1592 1593 1594 1595 1596 1597 1598 1599 1600 1601 1602 1603 1604 1605 1606 1607 1608 1609 1610 1611 1612 1613 1614 1615 1616 1617 1618 1619 1620 1621 1622 1623 1624 1625 1626 1627 1628 1629 1630 1631 1632 1633 1634 1635 1636 1637 1638 1639 1640 1641 1642 1643 1644 1645 1646 1647 1648 1649 1650 1651 1652 1653 1654 1655 1656 1657 1658 1659 1660 1661 1662 1663 1664 1665 1666 1667 1668 1669 1670 1671 1672 1673 1674 1675 1676 1677 1678 1679 1680 1681 1682 1683 1684 1685 1686 1687 1688 1689 1690 1691 1692 1693 1694 1695 1696 1697 1698 1699 1700 1701 1702 1703 1704 1705 1706 1707 1708 1709 1710 1711 1712 1713 1714 1715 1716 1717 1718 1719 1720 1721 1722 1723 1724 1725 1726 1727 1728 1729 1730 1731 1732 1733 1734 1735 1736 1737 1738 1739 1740 1741 1742 1743 1744 1745 1746 1747 1748 1749 1750 1751 1752 1753 1754 1755 1756 1757 1758 1759 1760 1761 1762 1763 1764 1765 1766 1767 1768 1769 1770 1771 1772 1773 1774 1775 1776 1777 1778 1779 1780 1781 1782 1783 1784 1785 1786 1787 1788 1789 1790 1791 1792 1793 1794 1795 1796 1797 1798 1799 1800 1801 1802 1803 1804 1805 1806 1807 1808 1809 1810 1811 1812 1813 1814 1815 1816 1817 1818 1819 1820 1821 1822 1823 1824 1825 1826 1827 1828 1829 1830 1831 1832 1833 1834 1835 1836 1837 1838 1839 1840 1841 1842 1843 1844 1845 1846 1847 1848 1849 1850 1851 1852 1853 1854 1855 1856 1857 1858 1859 1860 1861 1862 1863 1864 1865 1866 1867 1868 1869 1870 1871 1872 1873 1874 1875 1876 1877 1878 1879 1880 1881 1882 1883 1884 1885 1886 1887 1888 1889 1890 1891 1892 1893 1894 1895 1896 1897 1898 1899 1900 1901 1902 1903 1904 1905 1906 1907 1908 1909 1910 1911 1912 1913 1914 1915 1916 1917 1918 1919 1920 1921 1922 1923 1924 1925 1926 1927 1928 1929 1930 1931 1932 1933 1934 1935 1936 1937 1938 1939 1940 1941 1942 1943 1944 1945 1946 1947 1948 1949 1950 1951 1952 1953 1954 1955 1956 1957 1958 1959 1960 1961 1962 1963 1964 1965 1966 1967 1968 1969 1970 1971 1972 1973 1974 1975 1976 1977 1978 1979 1980 1981 1982 1983 1984 1985 1986 1987 1988 1989 1990 1991 1992 1993 1994 1995 1996 1997 1998 1999 2000 2001 2002 2003 2004 2005 2006 2007 2008 2009 2010 2011 2012 2013 2014 2015 2016 2017 2018 2019 2020 2021 2022 2023 2024 2025 2026 2027 2028 2029 2030 2031 2032 2033 2034 2035 2036 2037 2038 2039 2040 2041 2042 2043 2044 2045 2046 2047 2048 2049 2050 2051 2052 2053 2054 2055 2056 2057 2058 2059 2060 2061 2062 2063 2064 2065 2066 2067 2068 2069 2070 2071 2072 2073 2074 2075 2076 2077 2078 2079 2080 2081 2082 2083 2084 2085 2086 2087 2088 2089 2090 2091 2092 2093 2094 2095 2096 2097 2098 2099 2100 2101 2102 2103 2104 2105 2106 2107 2108 2109 2110 2111 2112 2113 2114 2115 2116 2117 2118 2119 2120 2121 2122 2123 2124 2125 2126 2127 2128 2129 2130 2131 2132 2133 2134 2135 2136 2137 2138 2139 2140 2141 2142 2143 2144 2145 2146 2147 2148 2149 2150 2151 2152 2153 2154 2155 2156 2157 2158 2159 2160 2161 2162 2163 2164 2165 2166 2167 2168 2169 2170 2171 2172 2173 2174 2175 2176 2177 2178 2179 2180 2181 2182 2183 2184 2185 2186 2187 2188 2189 2190 2191 2192 2193 2194 2195 2196 2197 2198 2199 2200 2201 2202 2203 2204 2205 2206 2207 2208 2209 2210 2211 2212 2213 2214 2215 2216 2217 2218 2219 2220 2221 2222 2223 2224 2225 2226 2227 2228 2229 2230 2231 2232 2233 2234 2235 2236 2237 2238 2239 2240 2241 2242 2243 2244 2245 2246 2247 2248 2249 2250 2251 2252 2253 2254 2255 2256 2257 2258 2259 2260 2261 2262 2263 2264 2265 2266 2267 2268 2269 2270 2271 2272 2273 2274 2275 2276 2277 2278 2279 2280 2281 2282 2283 2284 2285 2286 2287 2288 2289 2290 2291 2292 2293 2294 2295 2296 2297 2298 2299 2300 2301 2302 2303 2304 2305 2306 2307 2308 2309 2310 2311 2312 2313 2314 2315 2316 2317 2318 2319 2320 2321 2322 2323 2324 2325 2326 2327 2328 2329 2330 2331 2332 2333 2334 2335 2336 2337 2338 2339 2340 2341 2342 2343 2344 2345 2346 2347 2348 2349 2350 2351 2352 2353 2354 2355 2356 2357 2358 2359 2360 2361 2362 2363 2364 2365 2366 2367 2368 2369 2370 2371 2372 2373 2374 2375 2376 2377 2378 2379 2380 2381 2382 2383 2384 2385 2386 2387 2388 2389 2390 2391 2392 2393 2394 2395 2396 2397 2398 2399 2400 2401 2402 2403 2404 2405 2406 2407 2408 2409 2410 2411 2412 2413 2414 2415 2416 2417 2418 2419 2420 2421 2422 2423 2424 2425 2426 2427 2428 2429 2430 2431 2432 2433 2434 2435 2436 2437 2438 2439 2440 2441 2442 2443 2444 2445 2446 2447 2448 2449 2450 2451 2452 2453 2454 2455 2456 2457 2458 2459 2460 2461 2462 2463 2464 2465 2466 2467 2468 2469 2470 2471 2472 2473 2474 2475 2476 2477 2478 2479 2480 2481 2482 2483 2484 2485 2486 2487 2488 2489 2490 2491 2492 2493 2494 2495 2496 2497 2498 2499 2500 2501 2502 2503 2504 2505 2506 2507 2508 2509 2510 2511 2512 2513 2514 2515 2516 2517 2518 2519 2520 2521 2522 2523 2524 2525 2526 2527 2528 2529 2530 2531 2532 2533 2534 2535 2536 2537 2538 2539 2540 2541 2542 2543 2544 2545 2546 2547 2548 2549 2550 2551 2552 2553 2554 2555 2556 2557 2558 2559 2560 2561 2562 2563 2564 2565 2566 2567 2568 2569 2570 2571 2572 2573 2574 2575 2576 2577 2578 2579 2580 2581 2582 2583 2584 2585 2586 2587 2588 2589 2590 2591 2592 2593 2594 2595 2596 2597 2598 2599 2600 2601 2602 2603 2604 2605 2606 2607 2608 2609 2610 2611 2612 2613 2614 2615 2616 2617 2618 2619 2620 2621 2622 2623 2624 2625 2626 2627 2628 2629 2630 2631 2632 2633 2634 2635 2636 2637 2638 2639 2640 2641 2642 2643 2644 2645 2646 2647 2648 2649 2650 2651 2652 2653 2654 2655 2656 2657 2658 2659 2660 2661 2662 2663 2664 2665 2666 2667 2668 2669 2670 2671 2672 2673 2674 2675 2676 2677 2678 2679 2680 2681 2682 2683 2684 2685 2686 2687 2688 2689 2690 2691 2692 2693 2694 2695 2696 2697 2698 2699 2700 2701 2702 2703 2704 2705 2706 2707 2708 2709 2710 2711 2712 2713 2714 2715 2716 2717 2718 2719 2720 2721 2722 2723 2724 2725 2726 2727 2728 2729 2730 2731 2732 2733 2734 2735 2736 2737 2738 2739 2740 2741 2742 2743 2744 2745 2746 2747 2748 2749 2750 2751 2752 2753 2754 2755 2756 2757 2758 2759 2760 2761 2762 2763 2764 2765 2766 2767 2768 2769 2770 2771 2772 2773 2774 2775 2776 2777 2778 2779 2780 2781 2782 2783 2784 2785 2786 2787 2788 2789 2790 2791 2792 2793 2794 2795 2796 2797 2798 2799 2800 2801 2802 2803 2804 2805 2806 2807 2808 2809 2810 2811 2812 2813 2814 2815 2816 2817 2818 2819 2820 2821 2822 2823 2824 2825 2826 2827 2828 2829 2830 2831 2832 2833 2834 2835 2836 2837 2838 2839 2840 2841 2842 2843 2844 2845 2846 2847 2848 2849 2850 2851 2852 2853 2854 2855 2856 2857 2858 2859 2860 2861 2862 2863 2864 2865 2866 2867 2868 2869 2870 2871 2872 2873 2874 2875 2876 2877 2878 2879 2880 2881 2882 2883 2884 2885 2886 2887 2888 2889 2890 2891 2892 2893 2894 2895 2896 2897 2898 2899 2900 2901 2902 2903 2904 2905 2906 2907 2908 2909 2910 2911 2912 2913 2914 2915 2916 2917 2918 2919 2920 2921 2922 2923 2924 2925 2926 2927 2928 2929 2930 2931 2932 2933 2934 2935 2936 2937 2938 2939 2940 2941 2942 2943 2944 2945 2946 2947 2948 2949 2950 2951 2952 2953 2954 2955 2956 2957 2958 2959 2960 2961 2962 2963 2964 2965 2966 2967 2968 2969 2970 2971 2972 2973 2974 2975 2976 2977 2978 2979 2980 2981 2982 2983 2984 2985 2986 2987 2988 2989 2990 2991 2992 2993 2994 2995 2996 2997 2998 2999 3000 3001 3002 3003 3004 3005 3006 3007 3008 3009 3010 3011 3012 3013 3014 3015 3016 3017 3018 3019 3020 3021 3022 3023 3024 3025 3026 3027 3028 3029 3030 3031 3032 3033 3034 3035 3036 3037 3038 3039 3040 3041 3042 3043 3044 3045 3046 3047 3048 3049 3050 3051 3052 3053 3054 3055 3056 3057 3058 3059 3060 3061 3062 3063 3064 3065 3066 3067 3068 3069 3070 3071 3072 3073 3074 3075 3076 3077 3078 3079 3080 3081 3082 3083 3084 3085 3086 3087 3088 3089 3090 3091 3092 3093 3094 3095 3096 3097 3098 3099 3100 3101 3102 3103 3104 3105 3106 3107 3108 3109 3110 3111 3112 3113 3114 3115 3116 3117 3118 3119 3120 3121 3122 3123 3124 3125 3126 3127 3128 3129 3130 3131 3132 3133 3134 3135 3136 3137 3138 3139 3140 3141 3142 3143 3144 3145 3146 3147 3148 3149 3150 3151 3152 3153 3154 3155 3156 3157 3158 3159 3160 3161 3162 3163 3164 3165 3166 3167 3168 3169 3170 3171 3172 3173 3174 3175 3176 3177 3178 3179 3180 3181 3182 3183 3184 3185 3186 3187 3188 3189 3190 3191 3192 3193 3194 3195 3196 3197 3198 3199 3200 3201 3202 3203 3204 3205 3206 3207 3208 3209 3210 3211 3212 3213 3214 3215 3216 3217 3218 3219 3220 3221 3222 3223 3224 3225 3226 3227 3228 3229 3230 3231 3232 3233 3234 3235 3236 3237 3238 3239 3240 3241 3242 3243 3244 3245 3246 3247 3248 3249 3250 3251 3252 3253 3254 3255 3256 3257 3258 3259 3260 3261 3262 3263 3264 3265 3266 3267 3268 3269 3270 3271 3272 3273 3274 3275 3276 3277 3278 3279 3280 3281 3282 3283 3284 3285 3286 3287 3288 3289 3290 3291 3292 3293 3294 3295 3296 3297 3298 3299 3300 3301 3302 3303 3304 3305 3306 3307 3308 3309 3310 3311 3312 3313 3314 3315 3316 3317 3318 3319 3320 3321 3322 3323 3324 3325 3326 3327 3328 3329 3330 3331 3332 3333 3334 3335 3336 3337 3338 3339 3340 3341 3342 3343 3344 3345 3346 3347 3348 3349 3350 3351 3352 3353 3354 3355 3356 3357 3358 3359 3360 3361 3362 3363 3364 3365 3366 3367 3368 3369 3370 3371 3372 3373 3374 3375 3376 3377 3378 3379 3380 3381 3382 3383 3384 3385 3386 3387 3388 3389 3390 3391 3392 3393 3394 3395 3396 3397 3398 3399 3400 3401 3402 3403 3404 3405 3406 3407 3408 3409 3410 3411 3412 3413 3414 3415 3416 3417 3418 3419 3420 3421 3422 3423 3424 3425 3426 3427 3428 3429 3430 3431 3432 3433 3434 3435 3436 3437 3438 3439 3440 3441 3442 3443 3444 3445 3446 3447 3448 3449 3450 3451 3452 3453 3454 3455 3456 3457 3458 3459 3460 3461 3462 3463 3464 3465 3466 3467 3468 3469 3470 3471 3472 3473 3474 3475 3476 3477 3478 3479 3480 3481 3482 3483 3484 3485 3486 3487 3488 3489 3490 3491 3492 3493 3494 3495 3496 3497 3498 3499 3500 3501 3502 3503 3504 3505 3506 3507 3508 3509 3510 3511 3512 3513 3514 3515 3516 3517 3518 3519 3520 3521 3522 3523 3524 3525 3526 3527 3528 3529 3530 3531 3532 3533 3535 3536 3537 3538 3539 3540 3541 3542 3543 3544 3545 3546 3547 3548 3549 3550 3551 3552 3553 3554 3555 3556 3557 3558 3559 3560 3561 3562 3563 3564 3565 3566 3567 3568 3569 3570 3571 3572 3573 3574 3575 3576 3577 3578 3579 3580 3581 3582 3583 3584 3585 3586 3587 3588 3589 3590 3591 3592 3593 3594 3595 3596 3597 3598 3599 3600 3601 3602 3603 3604 3605 3606 3607 3608 3609 3610 3611 3612 3613 3614 3615 3616 3617 3618 3619 3620 3621 3622 3623 3624 3625 3626 3627 3628 3629 3630 3631 3632 3633 3634 3635 3636 3637 3638 3639 3640 3641 3642 3643 3644 3645 3646 3647 3648 3649 3650 3651 3652 3653 3654 3655 3656 3657 3658 3659 3660 3661 3662 3663 3664 3665 3666 3667 3668 3669 3670 3671 3672 3673 3674 3675 3676 3677 3678 3679 3680 3681 3682 3683 3684 3685 3686 3687 3688 3689 3690 3691 3692 3693 3694 3695 3696 3697 3698 3699 3700 3701 3702 3703 3704 3705 3706 3707 3708 3709 3710 3711 3712 3713 3714 3715 3716 3717 3718 3719 3720 3721 3722 3723 3724 3725 3726 3727 3728 3729 3730 3731 3732 3733 3734 3735 3736 3737 3738 3739 3740 3741 3742 3743 3744 3745 3746 3747 3748 3749 3750 3751 3752 3753 3754 3755 3756 3757 3758 3759 3760 3761 3762 3763 3764 3765 3766 3767 3768 3769 3770 3771 3772 3773 3774 3775 3776 3777 3778 3779 3780 3781 3782 3783 3784 3785 3786 3787 3788 3789 3790 3791 3792 3793 3794 3795 3796 3797 3798 3799 3800 3801 3802 3803 3804 3805 3806 3807 3808 3809 3810 3811 3812 3813 3814 3815 3816 3817 3818 3819 3820 3821 3822 3823 3824 3825 3826 3827 3828 3829 3830 3831 3832 3833 3834 3835 3836 3837 3838 3839 3840 3841 3842 3843 3844 3845 3846 3847 3848 3849 3850 3851 3852 3853 3854 3855 3856 3857 3858 3859 3860 3861 3862 3863 3864 3865 3866 3867 3868 3869 3870 3871 3872 3873 3874 3875 3876 3877 3878 3879 3880 3881 3882 3883 3884 3885 3886 3887 3888 3889 3890 3891 3892 3893 3894 3895 3896 3897 3898 3899 3900 3901 3902 3903 3904 3905 3906 3907 3908 3909 3910 3911 3912 3913 3914 3915 3916 3917 3918 3919 3920 3921 3922 3923 3924 3925 3926 3927 3928 3929 3930 3931 3932 3933 3934 3935 3936 3937 3938 3939 3940 3941 3942 3943 3944 3945 3946 3947 3948 3949 3950 3951 3952 3953 3954 3955 3956 3957 3958 3959 3960 3961 3962 3963 3964 3965 3966 3967 3968 3969 3970 3971 3972 3973 3974 3975 3976 3977 3978 3979 3980 3981 3982 3983 3984 3985 3986 3987 3988 3989 3990 3991 3992 3993 3994 3995 3996 3997 3998 3999 4000 4001 4002 4003 4004 4005 4006 4007 4008 4009 4010 4011 4012 4013 4014 4015 4016 4017 4018 4019 4020 4021 4022 4023 4024 4025 4026 4027 4028 4029 4030 4031 4032 4033 4034 4035 4036 4037 4038 4039 4040 4041 4042 4043 4044 4045 4046 4047 4048 4049 4050 4051 4052 4053 4054 4055 4056 4057 4058 4059 4060 4061 4062 4063 4064 4065 4066 4067 4068 4069 4070 4071 4072 4073 4074 4075 4076 4077 4078 4079 4080 4081 4082 4083 4084 4085 4086 4087 4088 4089 4090 4091 4092 4093 4094 4095 4096 4097 4098 4099 4100 4101 4102 4103 4104 4105 4106 4107 4108 4109 4110 4111 4112 4113 4114 4115 4116 4117 4118 4119 4120 4121 4122 4123 4124 4125 4126 4127 4128 4129 4130 4131 4132 4133 4134 4135 4136 4137 4138 4139 4140 4141 4142 4143 4144 4145 4146 4147 4148 4149 4150 4151 4152 4153 4154 4155 4156 4157 4158 4159 4160 4161 4162 4163 4164 4165 4166 4167 4168 4169 4170 4171 4172 4173 4174 4175 4176 4177 4178 4179 4180 4181 4182 4183 4184 4185 4186 4187 4188 4189 4190 4191 4192 4193 4194 4195 4196 4197 4198 4199 4200 4201 4202 4203 4204 4205 4206 4207 4208 4209 4210 4211 4212 4213 4214 4215 4216 4217 4218 4219 4220 4221 4222 4223 4224 4225 4226 4227 4228 4229 4230 4231 4232 4233 4234 4235 4236 4237 4238 4239 4240 4241 4242 4243 4244 4245 4246 4247 4248 4249 4250 4251 4252 4253 4254 4255 4256 4257 4258 4259 4260 4261 4262 4263 4264 4265 4266 4267 4268 4269 4270 4271 4272 4273 4274 4275 4276 4277 4278 4279 4280 4281 4282 4283 4284 4285 4286 4287 4288 4289 4290 4291 4292 4293 4294 4295 4296 4297 4298 4299 4300 4301 4302 4303 4304 4305 4306 4307 4308 4309 4310 4311 4312 4313 4314 4315 4316 4317 4318 4319 4320 4321 4322 4323 4324 4325 4326 4327 4328 4329 4330 4331 4332 4333 4334 4335 4336 4337 4338 4339 4340 4341 4342 4343 4344 4345 4346 4347 4348 4349 4350 4351 4352 4353 4354 4355 4356 4357 4358 4359 4360 4361 4362 4363 4364 4365 4366 4367 4368 4369 4370 4371 4372 4373 4374 4375 4376 4377 4378 4379 4380 4381 4382 4383 4384 4385 4386 4387 4388 4389 4390 4391 4392 4393 4394 4395 4396 4397 4398 4399 4400 4401 4402 4403 4404 4405 4406 4407 4408 4409 4410 4411 4412 4413 4414 4415 4416 4417 4418 4419 4420 4421 4422 4423 4424 4425 4426 4427 4428 4429 4430 4431 4432 4433 4434 4435 4436 4437 4438 4439 4440 4441 4442 4443 4444 4445 4446 4447 4448 4449 4450 4451 4452 4453 4454 4455 4456 4457 4458 4459 4460 4461 4462 4463 4464 4465 4466 4467 4468 4469 4470 4471 4472 4473 4474 4475 4476 4477 4478 4479 4480 4481 4482 4483 4484 4485 4486 4487 4488 4489 4490 4491 4492 4493 4494 4495 4496 4497 4498 4499 4500 4501 4502 4503 4504 4505 4506 4507 4508 4509 4510 4511 4512 4513 4514 4515 4516 4517 4518 4519 4520 4521 4522 4523 4524 4525 4526 4527 4528 4529 4530 4531 4532 4533 4534 4535 4536 4537 4538 4539 4540 4541 4542 4543 4544 4545 4546 4547 4548 4549 4550 4551 4552 4553 4554 4555 4556 4557 4558 4559 4560 4561 4562 4563 4564 4565 4566 4567 4568 4569 4570 4571 4572 4573 4574 4575 4576 4577 4578 4579 4580 4581 4582 4583 4584 4585 4586 4587 4588 4589 4590 4591 4592 4593 4594 4595 4596 4597 4598 4599 4600 4601 4602 4603 4604 4605 4606 4607 4608 4609 4610 4611 4612 4613 4614 4615 4616 4617 4618 4619 4620 4621 4622 4623 4624 4625 4626 4627 4628 4629 4630 4631 4632 4633 4634 4635 4636 4637 4638 4639 4640 4641 4642 4643 4644 4645 4646 4647 4648 4649 4650 4651 4652 4653 4654 4655 4656 4657 4658 4659 4660 4661 4662 4663 4664 4665 4666 4667 4668 4669 4670 4671 4672 4673 4674 4675 4676 4677 4678 4679 4680 4681 4682 4683 4684 4685 4686 4687 4688 4689 4690 4691 4692 4693 4694 4695 4696 4697 10110 4698 4699 4700 4701 4702 4703 4704 4705 4706 4707 4708 4709 4710 4711 4712 4713 4714 4715 4716 4717 4718 4719 4720 4721 4722 4723 4724 4725 4726 4727 4728 4729 4730 4731 4732 4733 4734 4735 4736 4737 4738 4739 4740 4741 4742 4743 4744 4745 4746 4747 4748 4749 4750 4751 4752 4753 4754 4755 4756 4757 4758 4759 4760 4761 4762 4763 4764 4765 4766 4767 4768 4769 4770 4771 4772 4773 4774 4775 4776 4777 4778 4779 4780 4781 4782 4783 4784 4785 4786 4787 4788 4789 4790 4791 4792 4793 4794 4795 4796 4797 4798 4799 4800 4801 4802 4803 4804 4805 4806 4807 4808 4809 4810 4811 4812 4813 4814 4815 4816 4817 4818 4819 4820 4821 4822 4823 4824 4825 4826 4827 4828 4829 4830 4831 4832 4833 4834 4835 4836 4837 4838 4839 4840 4841 4842 4843 4844 4845 4846 4847 4848 4849 4850 4851 4852 4853 4854 4855 4856 4857 4858 4859 4860 4861 4862 4863 4864 4865 4866 4867 4868 4869 4870 4871 4872 4873 4874 4875 4876 4877 4878 4879 4880 4881 4882 4883 4884 4885 4886 4887 4888 4889 4890 4891 4892 4893 4894 4895 4896 4897 4898 4899 4900 4901 4902 4903 4904 4905 4906 4907 4908 4909 4910 4911 4912 4913 4914 4915 4916 4917 4918 4919 4920 4921 4922 4923 4924 4925 4926 4927 4928 4929 4930 4931 4932 4933 4934 4935 4936 4937 4938 4939 4940 4941 4942 4943 4944 4945 4946 4947 4948 4949 4950 4951 4952 4953 4954 4955 4956 4957 4958 4959 4960 4961 4962 4963 4964 4965 4966 4967 4968 4969 4970 4971 4972 4973 4974 4975 4976 4977 4978 4979 4980 4981 4982 4983 4984 4985 4986 4987 4988 4989 4990 4991 4992 4993 4994 4995 4996 4997 4998 4999 5000 5001 5002 5003 5004 5005 5006 5007 5008 5009 5010 5011 5012 5013 5014 5015 5016 5017 5018 5019 5020 5021 5022 5023 5024 5025 5026 5027 5028 5029 5030 5031 5032 5033 5034 5035 5036 5037 5038 5039 5040 5041 5042 5043 5044 5045 5046 5047 5048 5049 5050 5051 5052 5053 5054 5055 5056 5057 5058 5059 5060 5061 5062 5063 5064 5065 5066 5067 5068 5069 5070 5071 5072 5073 5074 5075 5076 5077 5078 5079 5080 5081 5082 5083 5084 5085 5086 5087 5088 5089 5090 5091 5092 5093 5094 5095 5096 5097 5098 5099 5100 5101 5102 5103 5104 5105 5106 5107 5108 5109 5110 5111 5112 5113 5114 5115 5116 5117 5118 5119 5120 5121 5122 5123 5124 5125 5126 5127 5128 5129 5130 5131 5132 5133 5134 5135 5136 5137 5138 5139 5140 5141 5142 5143 5144 5145 5146 5147 5148 5149 5150 5151 5152 5153 5154 5155 5156 5157 5158 5159 5160 5161 5162 5163 5164 5165 5166 5167 5168 5169 5170 5171 5172 5173 5174 5175 5176 5177 5178 5179 5180 5181 5182 5183 5184 5185 5186 5187 5188 5189 5190 5191 5192 5193 5194 5195 5196 5197 5198 5199 5200 5201 5202 5203 5204 5205 5206 5207 5208 5209 5210 5211 5212 5213 5214 5215 5216 5217 5218 5219 5220 5221 5222 5223 5224 5225 5226 5227 5228 5229 5230 5231 5232 5233 5234 5235 5236 5237 5238 5239 5240 5241 5242 5243 5244 5245 5246 5247 5248 5249 5250 5251 5252 5253 5254 5255 5256 5257 5258 5259 5260 5261 5262 5263 5264 5265 5266 5267 5268 5269 5270 5271 5272 5273 5274 5275 5276 5277 5278 5279 5280 5281 5282 5283 5284 5285 5286 5287 5288 5289 5290 5291 5292 5293 5294 5295 5296 5297 5298 5299 5300 5301 5302 5303 5304 5305 5306 5307 5308 5309 5310 5311 5312 5313 5314 5315 5316 5317 5318 5319 5320 5321 5322 5323 5324 5325 5326 5327 5328 5329 5330 5331 5332 5333 5334 5335 5336 5337 5338 5339 5340 5341 5342 5343 5344 5345 5346 5347 5348 5349 5350 5351 5352 5353 5354 5355 5356 5357 5358 5359 5360 5361 5362 5363 5364 5365 5366 5367 5368 5369 5370 5371 5372 5373 5374 5375 5376 5377 5378 5379 5380 5381 5382 5383 5384 5385 5386 5387 5388 5389 5390 5391 5392 5393 5394 5395 5396 5397 5398 5399 5400 5401 5402 5403 5404 5405 5406 5407 5408 5409 5410 5411 5412 5413 5414 5415 5416 5417 5418 5419 5420 5421 5422 5423 5424 5425 5426 5427 5428 5429 5430 5431 5432 5433 5434 5435 5436 5437 5438 5439 5440 5441 5442 5443 5444 5445 5446 5447 5448 5449 5450 5451 5452 5453 5454 5455 5456 5457 5458 5459 5460 5461 5462 5463 5464 5465 5466 5467 5468 5469 5470 5471 5472 5473 5474 5475 5476 5477 5478 5479 5480 5481 5482 5483 5484 5485 5486 5487 5488 5489 5490 5491 5492 5493 5494 5495 5496 5497 5498 5499 5500 5501 5502 5503 5504 5505 5506 5507 5508 5509 5510 5511 5512 5513 5514 5515 5516 5517 5518 5519 5520 5521 5522 5523 5524 5525 5526 5527 5528 5529 5530 5531 5532 5533 5534 5535 5536 5537 5538 5539 5540 5541 5542 5543 5544 5545 5546 5547 5548 5549 5550 5551 5552 5553 5554 5555 5556 5557 5558 5559 5560 5561 5562 5563 5564 5565 5566 5567 5568 5569 5570 5571 5572 5573 5574 5575 5576 5577 5578 5579 5580 5581 5582 5583 5584 5585 5586 5587 5588 5589 5590 5591 5592 5593 5594 5595 5596 5597 5598 5599 5600 5601 5602 5603 5604 5605 5606 5607 5608 5609 5610 5611 5612 5613 5614 5615 5616 5617 5618 5619 5620 5621 5622 5623 5624 5625 5626 5627 5628 5629 5630 5631 5632 5633 5634 5635 5636 5637 5638 5639 5640 5641 5643 5644 5645 5646 5647 5648 5649 5650 5651 5652 5653 5654 5655 5656 5657 5658 5659 5660 5661 5662 5663 5664 5665 5666 5667 5668 5669 5670 5671 5672 5673 5674 5675 5676 5677 5678 5679 5680 5681 5682 5683 5684 5685 5686 5687 5688 5689 5690 5691 5692 5693 5694 5695 5696 5697 5698 5699 5700 5701 5702 5703 5704 5705 5706 5707 5708 5709 5710 5711 5712 5713 5714 5715 5716 5717 5718 5719 5720 5721 5722 5723 5724 5725 5726 5727 5728 5729 5730 5731 5732 5733 5734 5735 5736 5737 5738 5739 5740 5741 5742 5743 5744 5745 5746 5747 5748 5749 5750 5751 5752 5753 5754 5755 5756 5757 5758 5759 5760 5761 5762 5763 5764 5765 5766 5767 5768 5769 5770 5771 5772 5773 5774 5775 5776 5777 5778 5779 5780 5781 5782 5783 5784 5785 5786 5787 5788 5789 5790 5791 5792 5793 5794 5795 5796 5797 5798 5799 5800 5801 5802 5803 5804 5805 5806 5807 5808 5809 5810 5811 5812 5813 5814 5815 5816 5817 5818 5819 5820 5821 5822 5823 5824 5825 5826 5827 5828 5829 5830 5831 5832 5833 5834 5835 5836 5837 5838 5839 5840 5841 5842 5843 5844 5845 5846 5847 5848 5849 5850 5851 5852 5853 5854 5855 5856 5857 5858 5859 5860 5861 5862 5863 5864 5865 5866 5867 5868 5869 5870 5871 5872 5873 5874 5875 5876 5877 5878 5879 5880 5881 5882 5883 5884 5885 5886 5887 5888 5889 5890 5891 5892 5893 5894 5895 5896 5897 5898 5899 5900 5901 5902 5903 5904 5905 5906 5907 5908 5909 5910 5911 5912 5913 5914 5915 5916 5917 5918 5919 5920 5921 5922 5923 5924 5925 5926 5927 5928 5929 5930 5931 5932 5933 5934 5935 5936 5937 5938 5939 5940 5941 5942 5943 5944 5945 5946 5947 5948 5949 5950 5951 5952 5953 5954 5955 5956 5957 5958 5959 5960 5961 5962 5963 5964 5965 5966 5967 5968 5969 5970 5971 5972 5973 5974 5975 5976 5977 5978 5979 5980 5981 5982 5983 5984 5985 5986 5987 5988 5989 5990 5991 5992 5993 5994 5995 5996 5997 5998 5999 6000 6001 6002 6003 6004 6005 6006 6007 6008 6009 6010 6011 6012 6013 6014 6015 6016 6017 6018 6019 6020 6021 6022 6023 6024 6025 6026 6027 6028 6029 6030 6031 6032 6033 6034 6035 6036 6037 6038 6039 6040 6041 6042 6043 6044 6045 6046 6047 6048 6049 6050 6051 6052 6053 6054 6055 6056 6057 6058 6059 6060 6061 6062 6063 6064 6065 6066 6067 6068 6069 6070 6071 6072 6073 6074 6075 6076 6077 6078 6079 6080 6081 6082 6083 6084 6085 6086 6087 6088 6089 6090 6091 6092 6093 6094 6095 6096 6097 6098 6099 6100 6101 6102 6103 6104 6105 6106 6107 6108 6109 6110 6111 6112 6113 6114 6115 6116 6117 6118 6119 6120 6121 6122 6123 6124 6125 6126 6127 6128 6129 6130 6131 6132 6133 6134 6135 6136 6137 6138 6139 6140 6141 6142 6143 6144 6145 6146 6147 6148 6149 6150 6151 6152 6153 6154 6155 6156 6157 6158 6159 6160 6161 6162 6163 6164 6165 6166 6167 6168 6169 6170 6171 6172 6173 6174 6175 6176 6177 6178 6179 6180 6181 6182 6183 6184 6185 6186 6187 6188 6189 6190 6191 6192 6193 6194 6195 6196 6197 6198 6199 6200 6201 6202 6203 6204 6205 6206 6207 6208 6209 6210 6211 6212 6213 6214 6215 6216 6217 6218 6219 6220 6221 6222 6223 6224 6225 6226 6227 6228 6229 6230 6231 6232 6233 6234 6235 6236 6237 6238 6239 6240 6241 6242 6243 6244 6245 6246 6247 6248 6249 6250 6251 6252 6253 6254 6255 6256 6257 6258 6259 6260 6261 6262 6263 6264 6265 6266 6267 6268 6269 6270 6271 6272 6273 6274 6275 6276 6277 6278 6279 6280 6281 6282 6283 6284 6285 6286 6287 6288 6289 6290 6291 6292 6293 6294 6295 6296 6297 6298 6299 6300 6301 6302 6303 6304 6305 6306 6307 6308 6309 6310 6311 6312 6313 6314 6315 6316 6317 6318 6319 6320 6321 6322 6323 6324 6325 6326 6327 6328 6329 6330 6331 6332 6333 6334 6335 6336 6337 6338 6339 6340 6341 6342 6343 6344 6345 6346 6347 6348 6349 6350 6351 6352 6353 6354 6355 6356 6357 6358 6359 6360 6361 6362 6363 6364 6365 6366 6367 6368 6369 6370 6371 6372 6373 6374 6375 6376 6377 6378 6379 6380 6381 6382 6383 6384 6385 6386 6387 6388 6389 6390 6391 6392 6393 6394 6395 6396 6397 6398 6399 6400 6401 6402 6403 6404 6405 6406 6407 6408 6409 6410 6411 6412 6413 6414 6415 6416 6417 6418 6419 6420 6421 6422 6423 6424 6425 6426 6427 6428 6429 6430 6431 6432 6433 6434 6435 6436 6437 6438 6439 6440 6441 6442 6443 6444 6445 6446 6447 6448 6449 6450 6451 6452 6453 6454 6455 6456 6457 6458 6459 6460 6461 6462 6463 6464 6465 6466 6467 6468 6469 6470 6471 6472 6473 6474 6475 6476 6477 6478 6479 6480 6481 6482 6483 6484 6485 6486 6487 6488 6489 6490 6491 6492 6493 6494 6495 6496 6497 6498 6499 6500 6501 6502 6503 6504 6505 6506 6507 6508 6509 6510 6511 6512 6513 6514 6515 6516 6517 6518 6519 6520 6521 6522 6523 6524 6525 6526 6527 6528 6529 6530 6531 6532 6533 6534 6535 6536 6537 6538 6539 6540 6541 6542 6543 6544 6545 6546 6547 6548 6549 6550 6551 6552 6553 6554 6555 6556 6557 6558 6559 6560 6561 6562 6563 6564 6565 6566 6567 6568 6569 6570 6571 6572 6573 6574 6575 6576 6577 6578 6579 6580 6581 6582 6583 6584 6585 6586 6587 6588 6589 6590 6591 6592 6593 6594 6595 6596 6597 6598 6599 6600 6601 6602 6603 6604 6605 6606 6607 6608 6609 6610 6611 6612 6613 6614 6615 6616 6617 6618 6619 6620 6621 6622 6623 6624 6625 6626 6627 6628 6629 6630 6631 6632 6633 6634 6635 6636 6637 6638 6639 6640 6641 6642 6643 6644 6645 6646 6647 6648 6649 6650 6651 6652 6653 6654 6655 6656 6657 6658 6659 6660 6661 6662 6663 6664 6665 6666 6667 6668 6669 6670 6671 6672 6673 6674 6675 6676 6677 6678 6679 6680 6681 6682 6683 6684 6685 6686 6687 6688 6689 6690 6691 6692 6693 6694 6695 6696 6697 6698 6699 6700 6701 6702 6703 6704 6705 6706 6707 6708 6709 6710 6711 6712 6713 6714 6715 6716 6717 6718 6719 6720 6721 6722 6723 6724 6725 6726 6727 6728 6729 6730 6731 6732 6733 6734 6735 6736 6737 6738 6739 6740 6741 6742 6743 6744 6745 6746 6747 6748 6749 6750 6751 6752 6753 6754 6755 6756 6757 6758 6759 6760 6761 6762 6763 6764 6765 6766 6767 6768 6769 6770 6771 6772 6773 6774 6775 6776 6777 6778 6779 6780 6781 6782 6783 6784 6785 6786 6787 6788 6789 6790 6791 6792 6793 6794 6795 6796 6797 6798 6799 6800 6801 6802 6803 6804 6805 6806 6807 6808 6809 6810 6811 6812 6813 6814 6815 6816 6817 6818 6819 6820 6821 6822 6823 6824 6825 6826 6827 6828 6829 6830 6831 6832 6833 6834 6835 6836 6837 6838 6839 6840 6841 6842 6843 6844 6845 6846 6847 6848 6849 6850 6851 6852 6853 6854 6855 6856 6857 6858 6859 6860 6861 6862 6863 6864 6865 6866 6867 6868 6869 6870 6871 6872 6873 6874 6875 6876 6877 6878 6879 6880 6881 6882 6883 6884 6885 6886 6887 6888 6889 6890 6891 6892 6893 6894 6895 6896 6897 6898 6899 6900 6901 6902 6903 6904 6905 6906 6907 6908 6909 6910 6911 6912 6913 6914 6915 6916 6917 6918 6919 6920 6921 6922 6923 6924 6925 6926 6927 6928 6929 6930 6931 6932 6933 6934 6935 6936 6937 6938 6939 6940 6941 6942 6943 6944 6945 6946 6947 6948 6949 6950 6951 6952 6953 6954 6955 6956 6957 6958 6959 6960 6961 6962 6963 6964 6965 6966 6967 6968 6969 6970 6971 6972 6973 6974 6975 6976 6977 6978 6979 6980 6981 6982 6983 6984 6985 6986 6987 6988 6989 6990 6991 6992 6993 6994 6995 6996 6997 6998 6999 7000 7001 7002 7003 7004 7005 7006 7007 7008 7009 7010 7011 7012 7013 7014 7015 7016 7017 7018 7019 7020 7021 7022 7023 7024 7025 7026 7027 7028 7029 7030 7031 7032 7033 7034 7035 7036 7037 7038 7039 7040 7041 7042 7043 7044 7045 7046 7047 7048 7049 7050 7051 7052 7053 7054 7055 7056 7057 7058 7059 7060 7061 7062 7063 7064 7065 7066 7067 7068 7069 7070 7071 7072 7073 7074 7075 7076 7077 7078 7079 7080 7081 7082 7083 7084 7085 7086 7087 7088 7089 7090 7091 7092 7093 7094 7095 7096 7097 7098 7099 7100 7101 7102 7103 7104 7105 7106 7107 7108 7109 7110 7111 7112 7113 7114 7115 7116 7117 7118 7119 7120 7121 7122 7123 7124 7125 7126 7127 7128 7129 7130 7131 7132 7133 7134 7135 7136 7137 7138 7139 7140 7141 7142 7143 7144 7145 7146 7147 7148 7149 7150 7151 7152 7153 7154 7155 7156 7157 7158 7159 7160 7161 7162 7163 7164 7165 7166 7167 7168 7169 7170 7171 7172 7173 7174 7175 7176 7177 7178 7179 7180 7181 7182 7183 7184 7185 7186 7187 7188 7189 7190 7191 7192 7193 7194 7195 7196 7197 7198 7199 7200 7201 7202 7203 7204 7205 7206 7207 7208 7209 7210 7211 7212 7213 7214 7215 7216 7217 7218 7219 7220 7221 7222 7223 7224 7225 7226 7227 7228 7229 7230 7231 7232 7233 7234 7235 7236 7237 7238 7239 7240 7241 7242 7243 7244 7245 7246 7247 7248 7249 7250 7251 7252 7253 7254 7255 7256 7257 7258 7259 7260 7261 7262 7263 7264 7265 7266 7267 7268 7269 7270 7271 7272 7273 7274 7275 7276 7277 7278 7279 7280 7281 7282 7283 7284 7285 7286 7287 7288 7289 7290 7291 7292 7293 7294 7295 7296 7297 7298 7299 7300 7301 7302 7303 7304 7305 7306 7307 7308 7309 7310 7311 7312 7313 7314 7315 7316 7317 7318 7319 7320 7321 7322 7323 7324 7325 7326 7327 7328 7329 7330 7331 7332 7333 7334 7335 7336 7337 7338 7339 7340 7341 7342 7343 7344 7345 7346 7347 7348 7349 7350 7351 7352 7353 7354 7355 7356 7357 7358 7359 7360 7361 7362 7363 7364 7365 7366 7367 7368 7369 7370 7371 7372 7373 7374 7375 7376 7377 7378 7379 7380 7381 7382 7383 7384 7385 7386 7387 7388 7389 7390 7391 7392 7393 7394 7395 7396 7397 7398 7399 7400 7401 7402 7403 7404 7405 7406 7407 7408 7409 7410 7411 7412 7413 7414 7415 7416 7417 7418 7419 7420 7421 7422 7423 7424 7425 7426 7427 7428 7429 7430 7431 7432 7433 7434 10120 7435 7436 7437 7438 7439 7440 7441 7442 7443 7444 7445 7446 7447 7448 7449 7450 7451 7452 7453 7454 7455 7456 7457 7458 7459 7460 7461 7462 7463 7464 7465 7466 7467 7468 7469 7470 7471 7472 7473 7474 7475 7476 7477 7478 7479 7480 7481 7482 7483 7484 7485 7486 7487 7488 7489 7490 7491 7492 7493 7494 7495 7496 7497 7498 7499 7500 7501 7502 7503 7504 7505 7506 7507 7508 7509 7510 7511 7512 7513 7514 7515 7516 7517 7518 7519 7520 7521 7522 7523 7524 7525 7526 7527 7528 7529 7530 7531 7532 7533 7534 7535 7536 7537 7538 7539 7540 7541 7542 7543 7544 7545 7546 7547 7548 7549 7550 7551 7552 7553 7554 7555 7556 7557 7558 7559 7560 7561 7562 7563 7564 7565 7566 7567 7568 7569 7570 7571 7572 7573 7574 7575 7576 7577 7578 7579 7580 7581 7582 7583 7584 7585 7586 7587 7588 7589 7590 7591 7592 7593 7594 7595 7596 7597 7598 7599 7600 7601 7602 7603 7604 7605 7606 7607 7608 7609 7610 7611 7612 7613 7614 7615 7616 7617 7618 7619 7620 7621 7622 7623 7624 7625 7626 7627 7628 7629 7630 7631 7632 7633 7634 7635 7636 7637 7638 7639 7640 7641 7642 7643 7644 7645 7646 7647 7648 7649 7650 7651 7652 7653 7654 7655 7656 7657 7658 7659 7660 7661 7662 7663 7664 7665 7666 7667 7668 7669 7670 7671 7672 7673 7674 7675 7676 7677 7678 7679 7680 7681 7682 7683 7684 7685 7686 7687 7688 7689 7690 7691 7692 7693 7694 7695 7696 7697 7698 7699 7700 7701 7702 7703 7704 7705 7706 7707 7708 7709 7710 7711 7712 7713 7714 7715 7716 7717 7718 7719 7720 7721 7722 7723 7724 7725 7726 7727 7728 7729 7730 7731 7732 7733 7734 7735 7736 7737 7738 7739 7740 7741 7742 7743 7744 7745 7746 7747 7748 7749 7750 7751 7752 7753 7754 7755 7756 7757 7758 7759 7760 7761 7762 7763 7764 7765 7766 7767 7768 7769 7770 7771 7772 7773 7774 7775 7776 7777 7778 7779 7780 7781 7782 7783 7784 7785 7786 7787 7788 7789 7790 7791 7792 7793 7794 7795 7796 7797 7798 7799 7800 7801 7802 7803 7804 7805 7806 7807 7808 7809 7810 7811 7812 7813 7814 7815 7816 7817 7818 7819 7820 7821 7822 7823 7824 7825 7826 7827 7828 7829 7830 7831 7832 7833 7834 7835 7836 7837 7838 7839 7840 7841 7842 7843 7844 7845 7846 7847 7848 7849 7850 7851 7852 7853 7854 7855 7856 7857 7858 7859 7860 7861 7862 7863 7864 7865 7866 7867 7868 7869 7870 7871 7872 7873 7874 7875 7876 7877 7878 7879 7880 7881 7882 7883 7884 7885 7886 7887 7888 7889 7890 7891 7892 7893 7894 7895 7896 7897 7898 7899 7900 7901 7902 7903 7904 7905 7906 7907 7908 7909 7910 7911 7912 7913 7914 7915 7916 7917 7918 7919 7920 7921 7922 7923 7924 7925 7926 7927 7928 7929 7930 7931 7932 7933 7934 7935 7936 7937 7938 7939 7940 7941 7942 7943 7944 7945 7946 7947 7948 7949 7950 7951 7952 7953 7954 7955 7956 7957 7958 7959 7960 7961 7962 7963 7964 7965 7966 7967 7968 7969 7970 7971 7972 7973 7974 7975 7976 7977 7978 7979 7980 7981 7982 7983 7984 7985 7986 7987 7988 7989 7990 7991 7992 7993 7994 7995 7996 7997 7998 7999 8000 8001 8002 8003 8004 8005 8006 8007 8008 8009 8010 8011 8012 8013 8014 8015 8016 8017 8018 8019 8020 8021 8022 8023 8024 8025 8026 8027 8028 8029 8030 8031 8032 8033 8034 8035 8036 8037 8038 8039 8040 8041 8042 8043 8044 8045 8046 8047 8048 8049 8050 8051 8052 8053 8054 8055 8056 8057 8058 8059 8060 8061 8062 8063 8064 8065 8066 8067 8068 8069 8070 8071 8072 8073 8074 8075 8076 8077 8078 8079 8080 8081 8082 8083 8084 8085 8086 8087 8088 8089 8090 8091 8092 8093 8094 8095 8096 8097 8098 8099 8100 8101 8102 8103 8104 8105 8106 8107 8108 8109 8110 8111 8112 8113 8114 8115 8116 8117 8118 8119 8120 8121 8122 8123 8124 8125 8126 8127 8128 8129 8130 8131 8132 8133 8134 8135 8136 8137 8138 8139 8140 8141 8142 8143 8144 8145 8146 8147 8148 8149 8150 8151 8152 8153 8154 8155 8156 8157 8158 8159 8160 8161 8162 8163 8164 8165 8166 8167 8168 8169 8170 8171 8172 8173 8174 8175 8176 8177 8178 8179 8180 8181 8182 8183 8184 8185 8186 8187 8188 8189 8190 8191 8192 10121 8193 8194 8195 8196 8197 8198 8199 8200 8201 8202 8203 8204 8205 8206 8207 8208 8209 8210 8211 8212 8213 8214 8215 8216 8217 8218 8219 8220 8221 8222 8223 8224 8225 8226 8227 8228 8229 8230 8231 8232 8233 8234 8235 8236 8237 8238 8239 8240 8241 8242 8243 8244 8245 8246 8247 8248 8249 8250 8251 8252 8253 8254 8255 8256 8257 8258 8259 8260 8261 8262 8263 8264 8265 8266 8267 8268 8269 8270 8271 8272 8273 8274 8275 8276 8277 8278 8279 8280 8281 8282 8283 8284 8285 8286 8287 8288 8289 8290 8291 8292 8293 8294 8295 8296 8297 8298 8299 8300 8301 8302 8303 8304 8305 8306 8307 8308 8309 8310 8311 8312 8313 8314 8315 8316 8317 8318 8319 8320 8321 8322 8323 8324 8325 8326 8327 8328 8329 8330 8331 8332 8333 8334 8335 8336 8337 8338 8339 8340 8341 8342 8343 8344 8345 8346 8347 8348 8349 8350 8351 8352 8353 8354 8355 8356 8357 8358 8359 8360 8361 8362 8363 8364 8365 8366 8367 8368 8369 8370 8371 8372 8373 8374 8375 8376 8377 8378 8379 8380 8381 8382 8383 8384 8385 8386 8387 8388 8389 8390 8391 8392 8393 8394 8395 8396 8397 8398 8399 8400 8401 8402 8403 8404 8405 8406 8407 8408 8409 8410 8411 8412 8413 8414 8415 8416 8417 8418 8419 8420 8421 8422 8423 8424 8425 8426 8427 8428 8429 8430 8431 8432 8433 8434 8435 8436 8437 8438 8439 8440 8441 8442 8443 8444 8445 8446 8447 8448 8449 8450 8451 8452 8453 8454 8455 8456 8457 8458 8459 8460 8461 8462 8463 8464 8465 8466 8467 8468 8469 8470 8471 8472 8473 8474 8475 8476 8477 8478 8479 8480 8481 8482 8483 8484 8485 8486 8487 8488 8489 8490 8491 8492 8493 8494 8495 8496 8497 8498 8499 8500 8501 8502 8503 8504 8505 8506 8507 8508 8509 8510 8511 8512 8513 8514 8515 8516 8517 8518 8519 8520 8521 8522 8523 8524 8525 8526 8527 8528 8529 8530 8531 8532 8533 8534 8535 8536 8537 8538 8539 8540 8541 8542 8543 8544 8545 8546 8547 8548 8549 8550 8551 8552 8553 8554 8555 8556 8557 8558 8559 8560 8561 8562 8563 8564 8565 8566 8567 8568 8569 8570 8571 8572 8573 8574 8575 8576 8577 8578 8579 8580 8581 8582 8583 8584 8585 8586 8587 8588 8589 8590 8591 8592 8593 8594 8595 8596 8597 8598 8599 8600 8601 8602 8603 8604 8605 8606 8607 8608 8609 8610 8611 8612 8613 8614 8615 8616 8617 8618 8619 8620 8621 8622 8623 8624 8625 8626 8627 8628 8629 8630 8631 8632 8633 8634 8635 8636 8637 8638 8639 8640 8641 8642 8643 8644 8645 8646 8647 8648 8649 8650 8651 8652 8653 8654 8655 8656 8657 8658 8659 8660 8661 8662 8663 8664 8665 8666 8667 8668 8669 8670 8671 8672 8673 8674 8675 8676 8677 8678 8679 8680 8681 8682 8683 8684 8685 8686 8687 8688 8689 8690 8691 8692 8693 8694 8695 8696 8697 8698 8699 8700 8701 8702 8703 8704 8705 8706 8707 8708 8709 8710 8711 8712 8713 8714 8715 8716 8717 8718 8719 8720 8721 8722 8723 8724 8725 8726 8727 8728 8729 8730 8731 8732 8733 8734 8735 8736 8737 8738 8739 8740 8741 8742 8743 8744 8745 8746 8747 8748 8749 8750 8751 8752 8753 8754 8755 8756 8757 8758 8759 8760 8761 8762 8763 8764 8765 8766 8767 8768 8769 8770 8771 8772 8773 8774 8775 8776 8777 8778 8779 8780 8781 8782 8783 8784 8785 8786 8787 8788 8789 8790 8791 8792 8793 8794 8795 8796 8797 8798 8799 8800 8801 8802 8803 8804 8805 8806 8807 8808 8809 8810 8811 8812 8813 8814 8815 8816 8817 8818 8819 8820 8821 8822 8823 8824 8825 8826 8827 8828 8829 8830 8831 8832 8833 8834 8835 8836 8837 8838 8839 8840 8841 8842 8843 8844 8845 8846 8847 8848 8849 8850 8851 8852 8853 8854 8855 8856 8857 8858 8859 8860 8861 8862 8863 8864 8865 8866 8867 8868 8869 8870 8871 8872 8873 8874 8875 8876 8877 8878 8879 8880 8881 8882 8883 8884 8885 8886 8887 8888 8889 8890 8891 8892 8893 8894 8895 8896 8897 8898 8899 8900 8901 8902 8903 8904 8905 8906 8907 8908 8909 8910 8911 8912 8913 8914 8915 8916 8917 8918 8919 8920 8921 8922 8923 8924 8925 8926 8927 8928 8929 8930 8931 8932 8933 8934 8935 8936 8937 8938 8939 8940 8941 8942 8943 8944 8945 8946 8947 8948 8949 8950 8951 8952 8953 8954 8955 8956 8957 8958 8959 8960 8961 8962 8963 8964 8965 8966 8967 8968 8969 8970 8971 8972 8973 8974 8975 8976 8977 8978 8979 8980 8981 8982 8983 8984 8985 8986 8987 8988 8989 8990 8991 8992 8993 8994 8995 8996 8997 8998 8999 9000 9001 9002 9003 9004 9005 9006 9007 9008 9009 9010 9011 9012 9013 9014 9015 9016 9017 9018 9019 9020 9021 9022 9023 9024 9025 9026 9027 9028 9029 9030 9031 9032 9033 9034 9035 9036 9037 9038 9039 9040 9041 9042 9043 9044 9045 9046 9047 9048 9049 9050 9051 9052 9053 9054 9055 9056 9057 9058 9059 9060 9061 9062 9063 9064 9065 9066 9067 9068 9069 9070 9071 9072 9073 9074 9075 9076 9077 9078 9079 9080 9081 9082 9083 9084 9085 9086 9087 9088 9089 9090 9091 9092 9093 9094 9095 9096 9097 9098 9099 9100 9101 9102 9103 9104 9105 9106 9107 9108 9109 9110 9111 9112 9113 9114 9115 9116 9117 9118 9119 9120 9121 9122 9123 9124 9125 9126 9127 9128 9129 9130 9131 9132 9133 9134 9135 9136 9137 9138 9139 9140 9141 9142 9143 9144 9145 9146 9147 9148 9149 9150 9151 9152 9153 9154 9155 9156 9157 9158 9159 9160 9161 9162 9163 9164 9165 9166 9167 9168 9169 9170 9171 9172 9173 9174 9175 9176 9177 9178 9179 9180 9181 9182 9183 9184 9185 9186 9187 9188 9190 9191 9192 9193 9194 9195 9196 9197 9198 9199 9200 9201 9202 9203 9204 9205 9206 9207 9208 9209 9210 9211 9212 9213 9214 9215 9216 9217 9218 9219 9220 9221 9222 9223 9224 9225 9226 9227 9228 9229 9230 9231 9232 9233 9234 9235 9236 9237 9238 9239 9240 9241 9242 9243 9244 9245 9246 9247 9248 9249 9250 9251 9252 9253 9254 9255 9256 9257 9258 9259 9260 9261 9262 9263 9264 9265 9266 9267 9268 9269 9270 9271 9272 9273 9274 9275 9276 9277 9278 9279 9280 9281 9282 9283 9284 9285 9286 9287 9288 9289 9290 9291 9292 9293 9294 9295 9296 9297 9298 9299 9300 9301 9302 9303 9304 9305 9306 9307 9308 9309 9310 9311 9312 9313 9314 9315 9316 9317 9318 9319 9320 9321 9322 10107 9323 9324 9325 9326 9327 9328 9329 9330 9331 9332 9333 9334 9335 9336 9337 9338 9339 9340 9341 9342 9343 9344 9345 9346 9347 9348 9349 9350 9351 9352 9353 9354 9355 9356 9357 9358 9359 9360 9361 9362 9363 9364 9365 9366 9367 9368 9369 9370 9371 9372 9373 9374 9375 9376 9377 9378 9379 9380 9381 9382 9383 9384 9385 9386 9387 9388 9389 9390 9391 9392 9393 9394 9395 9396 9397 9398 9399 9400 9401 9402 9403 9404 9405 9406 9407 9408 9409 9410 9411 9412 9413 9414 9415 9416 9417 9418 9419 9420 9421 9422 9423 9424 9425 9426 9427 9428 9429 9430 9431 9432 9433 9434 9435 9436 9437 9438 9439 9440 9441 9442 9443 9444 9445 9446 9447 9448 9449 9450 9451 9452 9453 9454 9455 9456 9457 9458 9459 9460 9461 9462 9463 9464 9465 9466 9467 9468 9469 9470 9471 9472 9473 9474 9475 9476 9477 9478 9479 9480 9481 9482 9483 9484 9485 9486 9487 9488 9489 9490 9491 9492 9493 9494 9495 9496 9497 9498 9499 9500 9501 9502 9503 9504 9505 9506 9507 9508 9509 9510 9511 9512 9513 9514 9515 9516 9517 9518 9519 9520 9521 9522 9523 9524 9525 9526 9527 9528 9529 9530 9531 9532 9533 9534 9535 9536 9537 9538 9539 9540 9541 9542 9543 9544 9545 9546 9547 9548 9549 9550 9551 9552 9553 9554 9555 9556 9557 9558 9559 9560 9561 9562 9563 9564 9565 9566 9567 9568 9569 9570 9571 9572 9573 9574 9575 9576 9577 9578 9579 9580 9581 9582 9583 9584 9585 9586 9587 9588 9589 9590 9591 9592 9593 9594 9595 9596 9597 9598 9599 9600 9601 9602 9603 9604 9605 9606 9607 9608 9609 9610 9611 9612 9613 9614 9615 9616 9617 9618 9619 9620 9621 9622 9623 9624 9625 9626 9627 9628 9629 9630 9631 9632 9633 9634 9635 9636 9637 9638 9639 9640 9641 9642 9643 9644 9645 9646 9647 9648 9649 9650 9651 9652 9653 9654 9655 9656 9657 9658 9659 9660 9661 9662 9663 9664 9665 9666 9667 9668 9669 9670 9671 9672 9673 9674 9675 9676 9677 9678 9679 9680 9681 9682 9683 9684 9685 9686 9687 9688 9689 9690 9691 9692 9693 9694 9695 9696 9697 9698 9699 9700 9701 9702 9703 9704 9705 9706 9707 9708 9709 9710 9711 9712 9713 9714 9715 9716 9717 9718 9719 9720 9721 9722 9723 9724 9725 9726 9727 9728 9729 9730 9731 9732 9733 9734 9735 9736 9737 9738 9739 9740 9741 9742 9743 9744 9745 9746 9747 9748 9749 9750 9751 9752 9753 9754 9755 9756 9757 9758 9759 9760 9761 9762 9763 9764 9765 9766 9767 9768 9769 9770 9771 9772 9773 9774 9775 9776 9777 9778 9779 9780 9781 9782 9783 9784 9785 9786 9787 9788 9789 9790 9791 9792 9793 9794 9795 9796 9797 9798 9799 9800 9801 9802 9803 9804 9805 9806 9807 9808 9809 9810 9811 9812 9813 9814 9815 9816 9817 9818 9819 9820 9821 9822 9823 9824 9825 9826 9827 9828 9829 9830 9831 9832 9833 9834 9835 9836 9837 9838 9839 9840 9841 9842 9843 9844 9845 9846 9847 9848 9849 9850 9851 9852 9853 9854 9855 9856 9857 9858 9859 9860 9861 9862 9863 9864 9865 9866 9867 9868 9869 9870 9871 9872 9873 9874 9875 9876 9877 9878 9879 9880 9881 9882 9883 9884 9885 9886 9887 9888 9889 9890 9891 9892 9893 9894 9895 9896 9897 9898 9899 9900 9901 9902 9903 9904 9905 9906 9907 9908 9909 9910 9911 9912 9913 9914 9915 9916 9917 9918 9919 9920 9921 9922 9923 9924 9925 9926 9927 9928 9929 9930 9931 9932 9933 9934 9935 9936 9937 9938 9939 9940 9941 9942 9943 9944 9945 9946 9947 9948 9949 9950 9951 9952 9953 9954 9955 9956 9957 9958 9959 9960 9961 9962 9963 9964 9965 9966 9967 9968 9969 9970 9971 9972 9973 9974 9975 9976 9977 9978 9979 9980 9981 9982 9983 9984 9985 9986 9987 9988 9989 9990 9991 9992 9993 9994 9995 9996 9997 9998 9999 10000 10001 10002 10003 10004 10005 10006 10007 10008 10009 10010 10011 10012 10013 10014 10015 10016 10017 10018 10019 10020 10021 10022 10023 10024 10025 10026 10027 10028 10029 10030 10031 10032 10033 10034 10035 10036 10037 10038 10039 10040 10041 10042 10043 10044 10045 10046 10047 10048 10049 10050 10051 10052 10053 10054 10055 10056 10057 10058 10059 10060 10061 10062 10063 10064 10065 10066 10067 10068 10069 10070 10071 10072 10073 10074 10075 10076 10077 10078 10079 10080 10081 10082 10083 10084 10085 10086 10087 10088 10089 10090 10091 10092 10093 10094 10095 10096 10097 10098 10099 10100 10101
p1:6 A 0 1 2 3 4 5 6 7 8 9 10 11 12 13 14 15 16 17 18 19 20 21 22 23 24 25 26 27 28 29 30 31 32 33 34 35 36 37 38 39 40 41 42 43 44 45 46 47 48 49 50 51 52 53 54 55 56 57 58 59 60 61 62 63 64 65 66 67 68 69 70 71 72 73 74 75 76 77 78 79 80 81 82 83 84 85 86 87 88 89 90 91 92 93 94 95 96 97 98 99 100 101 102 103 104 105 106 107 108 109 110 111 112 113 114 115 116 117 118 119 120 121 122 123 124 125 126 127 128 129 130 131 132 133 134 135 136 137 138 139 140 141 142 143 144 145 146 147 148 149 150 151 152 153 154 155 156 157 158 159 160 161 162 163 164 165 166 167 168 169 170 171 172 173 174 175 176 177 178 179 180 181 182 183 184 185 186 187 188 189 190 191 192 193 194 195 196 197 198 199 200 201 202 203 204 205 206 207 208 209 210 211 212 213 214 215 216 217 218 219 220 221 222 223 224 225 226 227 228 229 230 231 232 233 234 235 236 237 238 239 240 241 242 243 244 245 246 247 248 249 250 251 252 253 254 255 256 257 258 259 260 261 262 263 264 265 266 267 268 269 270 271 272 273 274 275 276 277 278 279 280 281 282 283 284 285 286 287 288 289 290 291 292 293 294 295 296 297 298 299 300 301 302 303 304 305 306 307 308 309 310 311 312 313 314 315 316 317 318 319 320 321 322 323 324 325 326 327 328 329 330 331 332 333 334 335 336 337 338 339 340 341 342 343 344 345 346 347 348 349 350 351 352 353 354 355 356 357 358 359 360 361 362 363 364 365 366 367 368 369 370 371 372 373 374 375 376 377 378 379 380 381 382 383 384 385 386 387 388 389 390 391 392 393 394 395 396 397 398 399 400 401 402 403 404 405 406 407 408 409 410 411 412 413 414 415 416 417 418 419 420 421 422 423 424 425 426 427 428 429 430 431 432 433 434 435 436 437 438 439 440 441 442 443 444 445 446 447 448 449 450 451 452 453 454 455 456 457 458 459 460 461 462 463 464 465 466 467 468 469 470 471 472 473 474 475 476 477 478 479 480 481 482 483 484 485 486 487 488 489 490 491 492 493 494 495 496 497 498 499 500 501 502 503 504 505 506 507 508 509 510 511 512 513 514 515 516 517 518 519 520 521 522 523 524 525 526 527 528 529 530 531 532 533 534 535 536 537 538 539 540 541 542 543 544 545 546 547 548 549 550 551 552 553 554 555 556 557 558 559 560 561 562 563 564 565 566 567 568 569 570 571 572 573 574 575 576 577 578 579 580 581 582 583 584 585 586 587 588 589 590 591 592 593 594 595 596 597 598 599 600 601 602 603 604 605 606 607 608 609 610 611 612 613 614 615 616 617 618 619 620 621 622 623 624 625 626 627 628 629 630 631 632 633 634 635 636 637 638 639 640 641 642 643 644 645 646 647 648 649 650 651 652 653 654 655 656 657 658 659 660 661 662 663 664 665 666 667 668 669 670 671 672 673 674 675 676 677 678 679 680 681 682 683 684 685 686 687 688 689 690 691 692 693 694 695 696 697 698 699 700 701 702 703 704 705 706 707 708 709 710 711 712 713 714 715 716 717 718 719 720 721 722 723 724 725 726 727 728 729 730 731 732 733 734 735 736 737 738 739 740 741 742 743 744 745 746 747 748 749 750 751 752 753 754 755 756 757 758 759 760 761 762 763 764 765 766 767 768 769 770 771 772 773 774 775 776 777 778 779 780 781 782 783 784 785 786 787 788 789 790 791 792 793 794 795 796 797 798 799 800 801 802 803 804 805 806 807 808 809 810 811 812 813 814 815 816 817 818 819 820 821 822 823 824 825 826 827 828 829 830 831 832 833 834 835 836 837 838 839 840 841 842 843 844 845 846 847 848 849 850 851 852 853 854 855 856 857 858 859 860 861 862 863 864 865 866 867 868 869 870 871 872 873 874 875 876 877 878 879 880 881 882 883 884 885 886 887 888 889 890 891 892 893 894 895 896 897 898 899 900 901 902 903 904 905 906 907 908 909 910 911 912 913 914 915 916 917 918 919 920 921 922 923 924 925 926 927 928 929 930 931 932 933 934 935 936 937 938 939 940 941 942 943 944 945 946 947 948 949 950 951 952 953 954 955 956 957 958 959 960 961 962 963 964 965 966 967 968 969 970 971 972 973 974 975 976 977 978 979 980 981 982 983 984 985 986 987 988 989 990 991 992 993 994 995 996 997 998 999 1000 1001 1002 1003 1004 1005 1006 1007 1008 1009 1010 1011 1012 1013 1014 1015 1016 1017 1018 1019 1020 1021 1022 1023 1024 1025 1026 1027 1028 1029 1030 1031 1032 1033 1034 1035 1036 1037 1038 1039 1040 1041 1042 1043 1044 1045 1046 1047 1048 1049 1050 1051 1052 1053 1054 1055 1056 1057 1058 1059 1060 1061 1062 1063 1064 1065 1066 1067 1068 1069 1070 1071 1072 1073 1074 1075 1076 1077 1078 1079 1080 1081 1082 1083 1084 1085 1086 1087 1088 1089 1090 1091 1092 1093 1094 1095 1096 1097 1098 1099 1100 1101 1102 1103 1104 1105 1106 1107 1108 1109 1110 1111 1112 1113 1114 1115 1116 1117 1118 1119 1120 1121 1122 1123 1124 1125 1126 1127 1128 1129 1130 1131 1132 1133 1134 1135 1136 1137 1138 1139 1140 1141 1142 1143 1144 1145 1146 1147 1148 1149 1150 1151 1152 1153 1154 1155 1156 1157 1158 1159 1160 1161 1162 1163 1164 1165 1166 1167 1168 1169 1170 1171 1172 1173 1174 1175 1176 1177 1178 1179 1180 1181 1182 1183 1184 1185 1186 1187 1188 1189 1190 1191 1192 1193 1194 1195 1196 1197 1198 1199 1200 1201 1202 1203 1204 1205 1206 1207 1208 1209 1210 1211 1212 1213 1214 1215 1216 1217 1218 1219 1220 1221 1222 1223 1224 1225 1226 1227 1228 1229 1230 1231 1232 1233 1234 1235 1236 1237 1238 1239 1240 1241 1242 1243 1244 1245 1246 1247 1248 1249 1250 1251 1252 1253 1254 1255 1256 1257 1258 1259 1260 1261 1262 1263 1264 1265 1266 1267 1268 1269 1270 1271 1272 1273 1274 1275 1276 1277 1278 1279 1280 1281 1282 1283 1284 1285 1286 1287 1288 1289 1290 1291 1292 1293 1294 1295 1296 1297 1298 1299 1300 1301 1302 1303 1304 1305 1306 1307 1308 1309 1310 1311 1312 1313 1314 1315 1316 1317 1318 1319 1320 1321 1322 1323 1324 1325 1326 1327 1328 1329 1330 1331 1332 1333 1334 1335 1336 1337 1338 1339 1340 1341 1342 1343 1344 1345 1346 1347 1348 1349 1350 1351 1352 1353 1354 1355 1356 1357 1358 1359 1360 1361 1362 1363 1364 1365 1366 1367 1368 1369 1370 1371 1372 1373 1374 1375 1376 1377 1378 1379 1380 1381 1382 1383 1384 1385 1386 1387 1388 1389 1390 1391 1392 1393 1394 1395 1396 1397 1398 1399 1400 1401 1402 1403 1404 1405 1406 1407 1408 1409 1410 1411 1412 1413 1414 1415 1416 1417 1418 1419 1420 1421 1422 1423 1424 1425 1426 1427 1428 1429 1430 1431 1432 1433 1434 1435 1436 1437 1438 1439 1440 1441 1442 1443 1444 1445 1446 1447 1448 1449 1450 1451 1452 1453 1454 1455 1456 1457 1458 1459 1460 1461 1462 1463 1464 1465 1466 1467 1468 1469 1470 1471 1472 1473 1474 1475 1476 1477 1478 1479 1480 1481 1482 1483 1484 1485 1486 1487 1488 1489 1490 1491 1492 1493 1494 1495 1496 1497 1498 1500 1501 1502 1503 1504 1505 1506 1507 1508 1509 1510 1511 1512 1513 1514 1515 1516 1517 1518 1519 1520 1521 1522 1523 1524 1525 1526 1527 1528 1529 1530 1531 1532 1533 1534 1535 1536 1537 1538 1539 1540 1541 1542 1543 1544 1545 1546 1547 1548 1549 1550 1551 1552 1553 1554 1555 1556 1557 1558 1559 1560 1561 1562 1563 1564 1565 1566 1567 1568 1569 1570 1571 1572 1573 1574 1575 1576 1577 1578 1579 1580 1581 1582 1583 1584 1585 1586 1587 1588 1589 1590 1591 1592 1593 1594 1595 1596 1597 1598 1599 1600 1601 1602 1603 1604 1605 1606 1607 1608 1609 1610 1611 1612 1613 1614 1615 1616 1617 1618 1619 1620 1621 1622 1623 1624 1625 1626 1627 1628 1629 1630 1631 1632 1633 1634 1635 1636 1637 1638 1639 1640 1641 1642 1643 1644 1645 1646 1647 1648 1649 1650 1651 1652 1653 1654 1655 1656 1657 1658 1659 1660 1661 1662 1663 1664 1665 1666 1667 1668 1669 1670 1671 1672 1673 1674 1675 1676 1677 1678 1679 1680 1681 1682 1683 1684 1685 1686 1687 1688 1689 1690 1691 1692 1693 1694 1695 1696 1697 1698 1699 1700 1701 1702 1703 1704 1705 1706 1707 1708 1709 1710 1711 1712 1713 1714 1715 1716 1717 1718 1719 1720 1721 1722 1723 1724 1725 1726 1727 1728 1729 1730 1731 1732 1733 1734 1735 1736 1737 1738 1739 1740 1741 1742 1743 1744 1745 1746 1747 1748 1749 1750 1751 1752 1753 1754 1755 1756 1757 1758 1759 1760 1761 1762 1763 1764 1765 1766 1767 1768 1769 1770 1771 1772 1773 1774 1775 1776 1777 1778 1779 1780 1781 1782 1783 1784 1785 1786 1787 1788 1789 1790 1791 1792 1793 1794 1795 1796 1797 1798 1799 1800 1801 1802 1803 1804 1805 1806 1807 1808 1809 1810 1811 1812 1813 1814 1815 1816 1817 1818 1819 1820 1821 1822 1823 1824 1825 1826 1827 1828 1829 1830 1831 1832 1833 1834 1835 1836 1837 1838 1839 1840 1841 1842 1843 1844 1845 1846 1847 1848 1849 1850 1851 1852 1853 1854 1855 1856 1857 1858 1859 1860 1861 1862 1863 1864 1865 1866 1867 1868 1869 1870 1871 1872 1873 1874 1875 1876 1877 1878 1879 1880 1881 1882 1883 1884 1885 1886 1887 1888 1889 1890 1891 1892 1893 1894 1895 1896 1897 1898 1899 1900 1901 1902 1903 1904 1905 1906 1907 1908 1909 1910 1911 1912 1913 1914 1915 1916 1917 1918 1919 1920 1921 1922 1923 1924 1925 1926 1927 1928 1929 1930 1931 1932 1933 1934 1935 1936 1937 1938 1939 1940 1941 1942 1943 1944 1945 1946 1947 1948 1949 1950 1951 1952 1953 1954 1955 1956 1957 1958 1959 1960 1961 1962 1963 1964 1965 1966 1967 1968 1969 1970 1971 1972 1973 1974 1975 1976 1977 1978 1979 1980 1981 1982 1983 1984 1985 1986 1987 1988 1989 1990 1991 1992 1993 1994 1995 1996 1997 1998 1999 2000 2001 2002 2003 2004 2005 2006 2007 2008 2009 2010 2011 2012 2013 2014 2015 2016 2017 2018 2019 2020 2021 2022 2023 2024 2025 2026 2027 2028 2029 2030 2031 2032 2033 2034 2035 2036 2037 2038 2039 2040 2041 2042 2043 2044 2045 2046 2047 2048 2049 2050 2051 2052 2053 2054 2055 2056 2057 2058 2059 2060 2061 2062 2063 2064 2065 2066 2067 2068 2069 2070 2071 2072 2073 2074 2075 2076 2077 2078 2079 2080 2081 2082 2083 2084 2085 2086 2087 2088 2089 2090 2091 2092 2093 2094 2095 2096 2097 2098 2099 2100 2101 2102 2103 2104 2105 2106 2107 2108 2109 2110 2111 2112 2113 2114 2115 2116 2117 2118 2119 2120 2121 2122 2123 2124 2125 2126 2127 2128 2129 2130 2131 2132 2133 2134 2135 2136 2137 2138 2139 2140 2141 2142 2143 2144 2145 2146 2147 2148 2149 2150 2151 2152 2153 2154 2155 2156 2157 2158 2159 2160 2161 2162 2163 2164 2165 2166 2167 2168 2169 2170 2171 2172 2173 2174 2175 2176 2177 2178 2179 2180 2181 2182 2183 2184 2185 2186 2187 2188 2189 2190 2191 2192 2193 2194 2195 2196 2197 2198 2199 2200 2201 2202 2203 2204 2205 2206 2207 2208 2209 2210 2211 2212 2213 2214 2215 2216 2217 2218 2219 2220 2221 2222 2223 2224 2225 2226 2227 2228 2229 2230 2231 2232 2233 2234 2235 2236 2237 2238 2239 2240 2241 2242 2243 2244 2245 2246 2247 2248 2249 2250 2251 2252 2253 2254 2255 2256 2257 2258 2259 2260 2261 2262 2263 2264 2265 2266 2267 2268 2269 2270 2271 2272 2273 2274 2275 2276 2277 2278 2279 2280 2281 2282 2283 2284 2285 2286 2287 2288 2289 2290 2291 2292 2293 2294 2295 2296 2297 2298 2299 2300 2301 2302 2303 2304 2305 2306 2307 2308 2309 2310 2311 2312 2313 2314 2315 2316 2317 2318 2319 2320 2321 2322 2323 2324 2325 2326 2327 2328 2329 2330 2331 2332 2333 2334 2335 2336 2337 2338 2339 2340 2341 10122 2342 2343 2344 2345 2346 2347 2348 2349 2350 2351 2352 2353 2354 2355 2356 2357 2358 2359 2360 2361 2362 2363 2364 2365 2366 2367 2368 2369 2370 2371 2372 2373 2374 2375 2376 2377 2378 2379 2380 2381 2382 2383 2384 2385 2386 2387 2388 2389 2390 2391 2392 2393 2394 2395 2396 2397 2398 2399 2400 2401 2402 2403 2404 2405 2406 2407 2408 2409 2410 2411 2412 2413 2414 2415 2416 2417 2418 2419 2420 2421 2422 2423 2424 2425 2426 2427 2428 2429 2430 2431 2432 2433 2434 2435 2436 2437 2438 2439 2440 2441 2442 2443 2444 2445 2446 2447 2448 2449 2450 2451 2452 2453 2454 2455 2456 2457 2458 2459 2460 2461 2462 2463 2464 2465 2466 2467 2468 2469 2470 2471 2472 2473 2474 2475 2476 2477 2478 2479 2480 2481 2482 2483 2484 2485 2486 2487 2488 2489 2490 2491 2492 2493 2494 2495 2496 2497 2498 2499 2500 2501 2502 2503 2504 2505 2506 2507 2508 2509 2510 2511 2512 2513 2514 2515 2516 2517 2518 2519 2520 2521 2522 2523 2524 2525 2526 2527 2528 2529 2530 2531 2532 2533 2534 2535 2536 2537 2538 2539 2540 2541 2542 2543 2544 2545 2546 2547 2548 2549 2550 2551 2552 2553 2554 2555 2556 2557 2558 2559 2560 2561 2562 2563 2564 2565 2566 2567 2568 2569 2570 2571 2572 2573 2574 2575 2576 2577 2578 2579 2580 2581 2582 2583 2584 2585 2586 2587 2588 2589 2590 2591 2592 2593 2594 2595 2596 2597 2598 2599 2600 2601 2602 2603 2604 2605 2606 2607 2608 2609 2610 2611 2612 2613 2614 2615 2616 2617 2618 2619 2620 2621 2622 2623 2624 2625 2626 2627 2628 2629 2630 2631 2632 2633 2634 2635 2636 2637 2638 2639 2640 2641 2642 2643 2644 2645 2646 2647 2648 2649 2650 2651 2652 2653 2654 2655 2656 2657 2658 2659 2660 2661 2662 2663 2664 2665 2666 2667 2668 2669 2670 2671 2672 2673 2674 2675 2676 2677 2678 2679 2680 2681 2682 2683 2684 2685 2686 2687 2688 2689 2690 2691 2692 2693 2694 2695 2696 2697 2698 2699 2700 2701 2702 2703 2704 2705 2706 2707 2708 2709 2710 2711 2712 2713 2714 2715 2716 2717 2718 2719 2720 2721 2722 2723 2724 2725 2726 2727 2728 2729 2730 2731 2732 2733 2734 2735 2736 2737 2738 2739 2740 2741 2742 2743 2744 2745 2746 2747 2748 2749 2750 2751 2752 2753 2754 2755 2756 2757 2758 2759 2760 2761 2762 2763 2764 2765 2766 2767 2768 2769 2770 2771 2772 2773 2774 2775 2776 2777 2778 2779 2780 2781 2782 2783 2784 2785 2786 2787 2788 2789 2790 2791 2792 2793 2794 2795 2796 2797 2798 2799 2800 2801 2802 2803 2804 2805 2806 2807 2808 2809 2810 2811 2812 2813 2814 2815 2816 2817 2818 2819 2820 2821 2822 2823 2824 2825 2826 2827 2828 2829 2830 2831 2832 2833 2834 2835 2836 2837 2838 2839 2840 2841 2842 2843 2844 2845 2846 2847 2848 2849 2850 2851 2852 2853 2854 2855 2856 2857 2858 2859 2860 2861 2862 2863 2864 2865 2866 2867 2868 2869 2870 2871 2872 2873 2874 2875 2876 2877 2878 2879 2880 2881 2882 2883 2884 2885 2886 2887 2888 2889 2890 2891 2892 2893 2894 2895 2896 2897 2898 2899 2900 2901 2902 2903 2904 2905 2906 2907 2908 2909 2910 2911 2912 2913 2914 2915 2916 2917 2918 2919 2920 2921 2922 2923 2924 2925 2926 2927 2928 2929 2930 2931 2932 2933 2934 2935 2936 2937 2938 2939 2940 2941 2942 2943 2944 2945 2946 2947 2948 2949 2950 2951 2952 2953 2954 2955 2956 2957 2958 2959 2960 2961 2962 2963 2964 2965 2966 2967 2968 2969 2970 2971 2972 2973 2974 2975 2976 2977 2978 2979 2980 2981 2982 2983 2984 2985 2986 2987 2988 2989 2990 2991 2992 2993 2994 2995 2996 2997 2998 2999 3000 3001 3002 3003 3004 3005 3006 3007 3008 3009 3010 3011 3012 3013 3014 3015 3016 3017 3018 3019 3020 3021 3022 3023 3024 3025 3026 3027 3028 3029 3030 3031 3032 3033 3034 3035 3036 3037 3038 3039 3040 3041 3042 3043 3044 3045 3046 3047 3048 3049 3050 3051 3052 3053 3054 3055 3056 3057 3058 3059 3060 3061 3062 3063 3064 3065 3066 3067 3068 3069 3070 3071 3072 3073 3074 3075 3076 3077 3078 3079 3080 3081 3082 3083 3084 3085 3086 3087 3088 3089 3090 3091 3092 3093 3094 3095 3096 3097 3098 3099 3100 3101 3102 3103 3104 3105 3106 3107 3108 3109 3110 3111 3112 3113 3114 3115 3116 3117 3118 3119 3120 3121 3122 3123 3124 3125 3126 3127 3128 3129 3130 3131 3132 3133 3134 3135 3136 3137 3138 3139 3140 3141 3142 3143 3144 3145 3146 3147 3148 3149 3150 3151 3152 3153 3154 3155 3156 3157 3158 3159 3160 3161 3162 3163 3164 3165 3166 3167 3168 3169 3170 3171 3172 3173 3174 3175 3176 3177 3178 3179 3180 3181 3182 3183 3184 3185 3186 3187 3188 3189 3190 3191 3192 3193 3194 3195 3196 3197 3198 3199 3200 3201 3202 3203 3204 3205 3206 3207 3208 3209 3210 3211 3212 3213 3214 3215 3216 3217 3218 3219 3220 3221 3222 3223 3224 3225 3226 3227 3228 3229 3230 3231 3232 3233 3234 3235 3236 3237 3238 3239 3240 3241 3242 3243 3244 3245 3246 3247 3248 3249 3250 3251 3252 3253 3254 3255 3256 3257 3258 3259 3260 3261 3262 3263 3264 3265 3266 3267 3268 3269 3270 3271 3272 3273 3274 3275 3276 3277 3278 3279 3280 3281 3282 3283 3284 3285 3286 3287 3288 3289 3290 3291 3292 3293 3294 3295 3296 3297 3298 3299 3300 3301 3302 3303 3304 3305 3306 3307 3308 3309 3310 3311 3312 3313 3314 3315 3316 3317 3318 3319 3320 3321 3322 3323 3324 3325 3326 3327 3328 3329 3330 3331 3332 3333 3334 3335 3336 3337 3338 3339 3340 3341 3342 3343 3344 3345 3346 3347 3348 3349 3350 3351 3352 3353 3354 3355 3356 3357 3358 3359 3360 3361 3362 3363 3364 3365 3366 3367 3368 3369 3370 3371 3372 3373 3374 3375 3376 3377 3378 3379 3380 3381 3382 3383 3384 3385 3386 3387 3388 3389 3390 3391 3392 3393 3394 3395 3396 3397 3398 3399 3400 3401 3402 3403 3404 3405 3406 3407 3408 3409 3410 3411 3412 3413 3414 3415 3416 3417 3418 3419 3420 3421 3422 3423 3424 3425 3426 3427 3428 3429 3430 3431 3432 3433 3434 3435 3436 3437 3438 3439 3440 3441 3442 3443 3444 3445 3446 3447 3448 3449 3450 3451 3452 3453 3454 3455 3456 3457 3458 3459 3460 3461 3462 3463 3464 3465 3466 3467 3468 3469 3470 3471 3472 3473 3474 3475 3476 3477 3478 3479 3480 3481 3482 3483 3484 3485 3486 3487 3488 3489 3490 3491 3492 3493 3494 3495 3496 3497 3498 3499 3500 3501 3502 3503 3504 3505 3506 3507 3508 3509 3510 3511 3512 3513 3514 3515 3516 3517 3518 3519 3520 3521 3522 3523 3524 3525 3526 3527 3528 3529 3530 3531 3532 3533 3535 3536 3537 3538 3539 3540 3541 3542 3543 3544 3545 3546 3547 3548 3549 3550 3551 3552 3553 3554 3555 3556 3557 3558 3559 3560 3561 3562 3563 3564 3565 3566 3567 3568 3569 3570 3571 3572 3573 3574 3575 3576 3577 3578 3579 3580 3581 3582 3583 3584 3585 3586 3587 3588 3589 3590 3591 3592 3593 10123 3594 3595 3596 3597 3598 3599 3600 3601 3602 3603 3604 3605 3606 3607 3608 3609 3610 3611 3612 3613 3614 3615 3616 3617 3618 3619 3620 3621 3622 3623 3624 3625 3626 3627 3628 3629 3630 3631 3632 3633 3634 3635 3636 3637 3638 3639 3640 3641 3642 3643 3644 3645 3646 3647 3648 3649 3650 3651 3652 3653 3654 3655 3656 3657 3658 3659 3660 3661 3662 3663 3664 3665 3666 3667 3668 3669 3670 3671 3672 3673 3674 3675 3676 3677 3678 3679 3680 3681 3682 3683 3684 3685 3686 3687 3688 3689 3690 3691 3692 3693 3694 3695 3696 3697 3698 3699 3700 3701 3702 3703 3704 3705 3706 3707 3708 3709 3710 3711 3712 3713 3714 3715 3716 3717 3718 3719 3720 3721 3722 3723 3724 3725 3726 3727 3728 3729 3730 3731 3732 3733 3734 3735 3736 3737 3738 3739 3740 3741 3742 3743 3744 3745 3746 3747 3748 3749 3750 3751 3752 3753 3754 3755 3756 3757 3758 3759 3760 3761 3762 3763 3764 3765 3766 3767 3768 3769 3770 3771 3772 3773 3774 3775 3776 3777 3778 3779 3780 3781 3782 3783 3784 3785 3786 3787 3788 3789 3790 3791 3792 3793 3794 3795 3796 3797 3798 3799 3800 3801 3802 3803 3804 3805 3806 3807 3808 3809 3810 3811 3812 3813 3814 3815 3816 3817 3818 3819 3820 3821 3822 3823 3824 3825 3826 3827 3828 3829 3830 3831 3832 3833 3834 3835 3836 3837 3838 3839 3840 3841 3842 3843 3844 3845 3846 3847 3848 3849 3850 3851 3852 3853 3854 3855 3856 3857 3858 3859 3860 3861 3862 3863 3864 3865 3866 3867 3868 3869 3870 3871 3872 3873 3874 3875 3876 3877 3878 3879 3880 3881 3882 3883 3884 3885 3886 3887 3888 3889 3890 3891 3892 3893 3894 3895 3896 3897 3898 3899 3900 3901 3902 3903 3904 3905 3906 3907 3908 3909 3910 3911 3912 3913 3914 3915 3916 3917 3918 3919 3920 3921 3922 3923 3924 3925 3926 3927 3928 3929 3930 3931 3932 3933 3934 3935 3936 3937 3938 3939 3940 3941 3942 3943 3944 3945 3946 3947 3948 3949 3950 3951 3952 3953 3954 3955 3956 3957 3958 3959 3960 3961 3962 3963 3964 3965 3966 3967 3968 3969 3970 3971 3972 3973 3974 3975 3976 3977 3978 3979 3980 3981 3982 3983 3984 3985 3986 3987 3988 3989 3990 3991 3992 3993 3994 3995 3996 3997 3998 3999 4000 4001 4002 4003 4004 4005 4006 4007 4008 4009 4010 4011 4012 4013 4014 4015 4016 4017 4018 4019 4020 4021 4022 4023 4024 4025 4026 4027 4028 4029 4030 4031 4032 4033 4034 4035 4036 4037 4038 4039 4040 4041 4042 4043 4044 4045 4046 4047 4048 4049 4050 4051 4052 4053 4054 4055 4056 4057 4058 4059 4060 4061 4062 4063 4064 4065 4066 4067 4068 4069 4070 4071 4072 4073 4074 4075 4076 4077 4078 4079 4080 4081 4082 4083 4084 4085 4086 4087 4088 4089 4090 4091 4092 4093 4094 4095 4096 4097 4098 4099 4100 4101 4102 4103 4104 4105 4106 4107 4108 4109 4110 4111 4112 4113 4114 4115 4116 4117 4118 4119 4120 4121 4122 4123 4124 4125 4126 4127 4128 4129 4130 4131 4132 4133 4134 4135 4136 4137 4138 4139 4140 4141 4142 4143 4144 4145 4146 4147 4148 4149 4150 4151 4152 4153 4154 4155 4156 4157 4158 4159 4160 4161 4162 4163 4164 4165 4166 4167 4168 4169 4170 4171 4172 4173 4174 4175 4176 4177 4178 4179 4180 4181 4182 4183 4184 4185 4186 4187 4188 4189 4190 4191 4192 4193 4194 4195 4196 4197 4198 4199 4200 4201 4202 4203 4204 4205 4206 4207 4208 4209 4210 4211 4212 4213 4214 4215 4216 4217 4218 4219 4220 4221 4222 4223 4224 4225 4226 4227 4228 4229 4230 4231 4232 4233 4234 4235 4236 4237 4238 4239 4240 4241 4242 4243 4244 4245 4246 4247 4248 4249 4250 4251 4252 4253 4254 4255 4256 4257 4258 4259 4260 4261 4262 4263 4264 4265 4266 4267 4268 4269 4270 4271 4272 4273 4274 4275 4276 4277 4278 4279 4280 4281 4282 4283 4284 4285 4286 4287 4288 4289 4290 4291 4292 4293 4294 4295 4296 4297 4298 4299 4300 4301 4302 4303 4304 4305 4306 4307 4308 4309 4310 4311 4312 4313 4314 4315 4316 4317 4318 4319 4320 4321 4322 4323 4324 4325 4326 4327 4328 4329 4330 4331 4332 4333 4334 4335 4336 4337 4338 4339 4340 4341 4342 4343 4344 4345 4346 4347 4348 4349 4350 4351 4352 4353 4354 4355 4356 4357 4358 4359 4360 4361 4362 4363 4364 4365 4366 4367 4368 4369 4370 4371 4372 4373 4374 4375 4376 4377 4378 4379 4380 4381 4382 4383 4384 4385 4386 4387 4388 4389 4390 4391 4392 4393 4394 4395 4396 4397 4398 4399 4400 4401 4402 4403 4404 4405 4406 4407 4408 4409 4410 4411 4412 4413 4414 4415 4416 4417 4418 4419 4420 4421 4422 4423 4424 4425 4426 4427 4428 4429 4430 4431 4432 4433 4434 4435 4436 4437 4438 4439 4440 4441 4442 4443 4444 4445 4446 4447 4448 4449 4450 4451 4452 4453 4454 4455 4456 4457 4458 4459 4460 4461 4462 4463 4464 4465 4466 4467 4468 4469 4470 4471 4472 4473 4474 4475 4476 4477 4478 4479 4480 4481 4482 4483 4484 4485 4486 4487 4488 4489 4490 4491 4492 4493 4494 4495 4496 4497 4498 4499 4500 4501 4502 4503 4504 4505 4506 4507 4508 4509 4510 4511 4512 4513 4514 4515 4516 4517 4518 4519 4520 4521 4522 4523 4524 4525 4526 4527 4528 4529 4530 4531 4532 4533 4534 4535 4536 4537 4538 4539 4540 4541 4542 4543 4544 4545 4546 4547 4548 4549 4550 4551 4552 4553 4554 4555 4556 4557 4558 4559 4560 4561 4562 4563 4564 4565 4566 4567 4568 4569 4570 4571 4572 4573 4574 4575 4576 4577 4578 4579 4580 4581 4582 4583 4584 4585 4586 4587 4588 4589 4590 4591 4592 4593 4594 4595 4596 4597 4598 4599 4600 4601 4602 4603 4604 4605 4606 4607 4608 4609 4610 4611 4612 4613 4614 4615 4616 4617 4618 4619 4620 4621 4622 4623 4624 4625 4626 4627 4628 4629 4630 4631 4632 4633 4634 4635 4636 4637 4638 4639 4640 4641 4642 4643 4644 4645 4646 4647 4648 4649 4650 4651 4652 4653 4654 4655 4656 4657 4658 4659 4660 4661 4662 4663 4664 4665 4666 4667 4668 4669 4670 4671 4672 4673 4674 4675 4676 4677 4678 4679 4680 4681 4682 4683 4684 4685 4686 4687 4688 4689 4690 4691 4692 4693 4694 4695 4696 4697 4698 4699 4700 4701 4702 4703 4704 4705 4706 4707 4708 4709 4710 4711 4712 4713 4714 4715 4716 4717 4718 4719 4720 4721 4722 4723 4724 4725 4726 4727 4728 4729 4730 4731 4732 4733 4734 4735 4736 4737 4738 4739 4740 4741 4742 4743 4744 4745 4746 4747 4748 4749 4750 4751 4752 4753 4754 4755 4756 4757 4758 4759 4760 4761 4762 4763 4764 4765 4766 4767 4768 4769 4770 4771 4772 4773 4774 4775 4776 4777 4778 4779 4780 4781 4782 4783 4784 4785 4786 4787 4788 4789 4790 4791 4792 4793 4794 4795 4796 4797 4798 4799 4800 4801 4802 4803 4804 4805 4806 4807 4808 4809 4810 4811 4812 4813 4814 4815 4816 4817 4818 4819 4820 4821 4822 4823 4824 4825 4826 4827 4828 4829 4830 4831 4832 4833 4834 4835 4836 4837 4838 4839 4840 4841 4842 4843 4844 4845 4846 4847 4848 4849 4850 4851 4852 4853 4854 4855 4856 4857 4858 4859 4860 4861 4862 4863 4864 4865 4866 4867 4868 4869 4870 4871 4872 4873 4874 4875 4876 4877 4878 4879 4880 4881 4882 4883 4884 4885 4886 4887 4888 4889 4890 4891 4892 4893 4894 4895 4896 4897 4898 4899 4900 4901 4902 4903 4904 4905 4906 4907 4908 4909 4910 4911 4912 4913 4914 4915 4916 4917 4918 4919 4920 4921 4922 4923 4924 4925 4926 4927 4928 4929 4930 4931 4932 4933 4934 4935 4936 4937 4938 4939 4940 4941 4942 4943 4944 4945 4946 4947 4948 4949 4950 4951 4952 4953 4954 4955 4956 4957 4958 4959 4960 4961 4962 4963 4964 4965 4966 4967 4968 4969 4970 4971 4972 4973 4974 4975 4976 4977 4978 4979 4980 4981 4982 4983 4984 4985 4986 4987 4988 4989 4990 4991 4992 4993 4994 4995 4996 4997 4998 4999 5000 5001 5002 5003 5004 5005 5006 5007 5008 5009 5010 5011 5012 5013 5014 5015 5016 5017 5018 5019 5020 5021 5022 5023 5024 5025 5026 5027 5028 5029 5030 5031 5032 5033 5034 5035 5036 5037 5038 5039 5040 5041 5042 5043 5044 5045 5046 5047 5048 5049 5050 5051 5052 5053 5054 5055 5056 5057 5058 5059 5060 5061 5062 5063 5064 5065 5066 5067 5068 5069 5070 5071 5072 5073 5074 5075 5076 5077 5078 5079 5080 5081 5082 5083 5084 5085 5086 5087 5088 5089 5090 5091 5092 5093 5094 5095 5096 5097 5098 5099 5100 5101 5102 5103 5104 5105 5106 5107 5108 5109 5110 5111 5112 5113 5114 5115 5116 5117 5118 5119 5120 5121 5122 5123 5124 5125 5126 5127 5128 5129 5130 5131 5132 5133 5134 5135 5136 5137 5138 5139 5140 5141 5142 5143 5144 5145 5146 5147 5148 5149 5150 5151 5152 5153 5154 5155 5156 5157 5158 5159 5160 5161 5162 5163 5164 5165 5166 5167 5168 5169 5170 5171 5172 5173 5174 5175 5176 5177 5178 5179 5180 5181 5182 5183 5184 5185 5186 5187 5188 5189 5190 5191 5192 5193 5194 5195 5196 5197 5198 5199 5200 5201 5202 5203 5204 5205 5206 5207 5208 5209 5210 5211 5212 5213 5214 5215 5216 5217 5218 5219 5220 5221 5222 5223 5224 5225 5226 5227 5228 5229 5230 5231 5232 5233 5234 5235 5236 5237 5238 5239 5240 5241 5242 5243 5244 5245 5246 5247 5248 5249 5250 5251 5252 5253 5254 5255 5256 5257 5258 5259 5260 5261 5262 5263 5264 5265 5266 5267 5268 5269 5270 5271 5272 5273 5274 5275 5276 5277 5278 5279 5280 5281 5282 5283 5284 5285 5286 5287 5288 5289 5290 5291 5292 5293 5294 5295 5296 5297 5298 5299 5300 5301 5302 5303 5304 5305 5306 5307 5308 5309 5310 5311 5312 5313 5314 5315 5316 5317 5318 5319 5320 5321 5322 5323 5324 5325 5326 5327 5328 5329 5330 5331 5332 5333 5334 5335 5336 5337 5338 5339 5340 5341 5342 5343 5344 5345 5346 5347 5348 5349 5350 5351 5352 5353 5354 5355 5356 5357 5358 5359 5360 5361 5362 5363 5364 5365 5366 5367 5368 5369 5370 5371 5372 5373 5374 5375 5376 5377 5378 5379 5380 5381 5382 5383 5384 5385 5386 5387 5388 5389 5390 5391 5392 5393 5394 5395 5396 5397 5398 5399 5400 5401 5402 5403 5404 5405 5406 5407 5408 5409 5410 5411 5412 5413 5414 5415 5416 5417 5418 5419 5420 5421 5422 5423 5424 5425 5426 5427 5428 5429 5430 5431 5432 5433 5434 5435 5436 5437 5438 5439 5440 5441 5442 5443 5444 5445 5446 5447 5448 5449 5450 5451 5452 5453 5454 5455 5456 5457 5458 5459 5460 5461 5462 5463 5464 5465 5466 5467 5468 5469 5470 5471 5472 5473 5474 5475 5476 5477 5478 5479 5480 5481 5482 5483 5484 5485 5486 5487 5488 5489 5490 5491 5492 5493 5494 5495 5496 5497 5498 5499 5500 5501 5502 5503 5504 5505 5506 5507 5508 5509 5510 5511 5512 5513 5514 5515 5516 5517 5518 5519 5520 5521 5522 5523 5524 5525 5526 5527 5528 5529 5530 5531 5532 5533 5534 5535 5536 5537 5538 5539 5540 5541 5542 5543 5544 5545 5546 5547 5548 5549 5550 5551 5552 5553 5554 5555 5556 5557 5558 5559 5560 5561 5562 5563 5564 5565 5566 5567 5568 5569 5570 5571 5572 5573 5574 5575 5576 5577 5578 5579 5580 5581 5582 5583 5584 5585 5586 5587 5588 5589 5590 5591 5592 5593 5594 5595 5596 5597 5598 5599 5600 5601 5602 5603 5604 5605 5606 5607 5608 5609 5610 5611 5612 5613 5614 5615 5616 5617 5618 5619 5620 5621 5622 5623 5624 5625 5626 5627 5628 5629 5630 5631 5632 5633 5634 5635 5636 5637 5638 5639 5640 5641 5643 5644 5645 5646 5647 5648 5649 5650 5651 5652 5653 5654 5655 5656 5657 5658 5659 5660 5661 5662 5663 5664 5665 5666 5667 5668 5669 5670 5671 5672 5673 5674 5675 5676 5677 5678 5679 5680 5681 5682 5683 5684 5685 5686 5687 5688 5689 5690 5691 5692 5693 5694 5695 5696 5697 5698 5699 5700 5701 5702 5703 5704 5705 5706 5707 5708 5709 5710 5711 5712 5713 5714 5715 5716 5717 5718 5719 5720 5721 5722 5723 5724 5725 5726 5727 5728 5729 5730 5731 5732 5733 5734 5735 5736 5737 5738 5739 5740 5741 5742 5743 5744 5745 5746 5747 5748 5749 5750 5751 5752 5753 5754 5755 5756 5757 5758 5759 5760 5761 5762 5763 5764 5765 5766 5767 5768 5769 5770 5771 5772 5773 5774 5775 5776 5777 5778 5779 5780 5781 5782 5783 5784 5785 5786 5787 5788 5789 5790 5791 5792 5793 5794 5795 5796 5797 5798 5799 5800 5801 5802 5803 5804 5805 5806 5807 5808 5809 5810 5811 5812 5813 5814 5815 5816 5817 5818 5819 5820 5821 5822 5823 5824 5825 5826 5827 5828 5829 5830 5831 5832 5833 5834 5835 5836 5837 5838 5839 5840 5841 5842 5843 5844 5845 5846 5847 5848 5849 5850 5851 5852 5853 5854 5855 5856 5857 5858 5859 5860 5861 5862 5863 5864 5865 5866 5867 5868 5869 5870 5871 5872 5873 5874 5875 5876 5877 5878 5879 5880 5881 5882 5883 5884 5885 5886 5887 5888 5889 5890 5891 5892 5893 5894 5895 5896 5897 5898 5899 5900 5901 5902 5903 5904 5905 5906 5907 5908 5909 5910 5911 5912 5913 5914 5915 5916 5917 5918 5919 5920 5921 5922 5923 5924 5925 5926 5927 5928 5929 5930 5931 5932 5933 5934 5935 5936 5937 5938 5939 5940 5941 5942 5943 5944 5945 5946 5947 5948 5949 5950 5951 5952 5953 5954 5955 5956 5957 5958 5959 5960 5961 5962 5963 5964 5965 5966 5967 5968 5969 5970 5971 5972 5973 5974 5975 5976 5977 5978 5979 5980 5981 5982 5983 5984 5985 5986 5987 5988 5989 5990 5991 5992 5993 5994 5995 5996 5997 5998 5999 6000 6001 6002 6003 6004 6005 6006 6007 6008 6009 6010 6011 6012 6013 6014 6015 6016 6017 6018 6019 6020 6021 6022 6023 6024 6025 6026 6027 6028 6029 6030 6031 6032 6033 6034 6035 6036 6037 6038 6039 6040 6041 6042 6043 6044 6045 6046 6047 6048 6049 6050 6051 6052 6053 6054 6055 6056 6057 6058 6059 6060 6061 6062 6063 6064 6065 6066 6067 6068 6069 6070 6071 6072 6073 6074 6075 6076 6077 6078 6079 6080 6081 6082 6083 6084 6085 6086 6087 6088 6089 6090 6091 6092 6093 6094 6095 6096 6097 6098 6099 6100 6101 6102 6103 6104 6105 6106 6107 6108 6109 6110 6111 6112 6113 6114 6115 6116 6117 6118 6119 6120 6121 6122 6123 6124 6125 6126 6127 6128 6129 6130 6131 6132 6133 6134 6135 6136 6137 6138 6139 6140 6141 6142 6143 6144 6145 6146 6147 6148 6149 6150 6151 6152 6153 6154 6155 6156 6157 6158 6159 6160 6161 6162 6163 6164 6165 6166 6167 6168 6169 6170 6171 6172 6173 6174 6175 6176 6177 6178 6179 6180 6181 6182 6183 6184 6185 6186 6187 6188 6189 6190 6191 6192 6193 6194 6195 6196 6197 6198 6199 6200 6201 6202 6203 6204 6205 6206 6207 6208 6209 6210 6211 6212 6213 6214 6215 6216 6217 6218 6219 6220 6221 6222 6223 6224 6225 6226 6227 6228 6229 6230 6231 6232 6233 6234 6235 6236 6237 6238 6239 6240 6241 6242 6243 6244 6245 6246 6247 6248 6249 6250 6251 6252 6253 6254 6255 6256 6257 6258 6259 6260 6261 6262 6263 6264 6265 6266 6267 6268 6269 6270 6271 6272 6273 6274 6275 6276 6277 6278 6279 6280 6281 6282 6283 6284 6285 6286 6287 6288 6289 6290 6291 6292 6293 6294 6295 6296 6297 6298 6299 6300 6301 6302 6303 6304 6305 6306 6307 6308 6309 6310 6311 6312 6313 6314 6315 6316 6317 6318 6319 6320 6321 6322 6323 6324 6325 6326 6327 6328 6329 6330 6331 6332 6333 6334 6335 6336 6337 6338 6339 6340 6341 6342 6343 6344 6345 6346 6347 6348 6349 6350 6351 6352 6353 6354 6355 6356 6357 6358 6359 6360 6361 6362 6363 6364 6365 6366 6367 6368 6369 6370 6371 6372 6373 6374 6375 6376 6377 6378 6379 6380 6381 6382 6383 6384 6385 6386 6387 6388 6389 6390 6391 6392 6393 6394 6395 6396 6397 6398 6399 6400 6401 6402 6403 6404 6405 6406 6407 6408 6409 6410 6411 6412 6413 6414 6415 6416 6417 6418 6419 6420 6421 6422 6423 6424 6425 6426 6427 6428 6429 6430 6431 6432 6433 6434 6435 6436 6437 6438 6439 6440 6441 6442 6443 6444 6445 6446 6447 6448 6449 6450 6451 6452 6453 6454 6455 6456 6457 6458 6459 6460 6461 6462 6463 6464 6465 6466 6467 6468 6469 6470 6471 6472 6473 6474 6475 6476 6477 6478 6479 6480 6481 6482 6483 6484 6485 6486 6487 6488 6489 6490 6491 6492 6493 6494 6495 6496 6497 6498 6499 6500 6501 6502 6503 6504 6505 6506 6507 6508 6509 6510 6511 6512 6513 6514 6515 6516 6517 6518 6519 6520 6521 6522 6523 6524 6525 6526 6527 6528 6529 6530 6531 6532 6533 6534 6535 6536 6537 6538 6539 6540 6541 6542 6543 6544 6545 6546 6547 6548 6549 6550 6551 6552 6553 6554 6555 6556 6557 6558 6559 6560 6561 6562 6563 6564 6565 6566 6567 6568 6569 6570 6571 6572 6573 6574 6575 6576 6577 6578 6579 6580 6581 6582 6583 6584 6585 6586 6587 6588 6589 6590 6591 6592 6593 6594 6595 6596 6597 6598 6599 6600 6601 6602 6603 6604 6605 6606 6607 6608 6609 6610 6611 6612 6613 6614 6615 6616 6617 6618 6619 6620 6621 6622 6623 6624 6625 6626 6627 6628 6629 6630 6631 6632 6633 6634 6635 6636 6637 6638 6639 6640 6641 6642 6643 6644 6645 6646 6647 6648 6649 6650 6651 6652 6653 6654 6655 6656 6657 6658 6659 6660 6661 6662 6663 6664 6665 6666 6667 6668 6669 6670 6671 6672 6673 6674 6675 6676 6677 6678 6679 6680 6681 6682 6683 6684 6685 6686 6687 6688 6689 6690 6691 6692 6693 6694 6695 6696 6697 6698 6699 6700 6701 6702 6703 6704 6705 6706 6707 6708 6709 6710 6711 6712 6713 6714 6715 6716 6717 6718 6719 6720 6721 6722 6723 6724 6725 6726 6727 6728 6729 6730 6731 6732 6733 6734 6735 6736 6737 6738 6739 6740 6741 6742 6743 6744 6745 6746 6747 6748 6749 6750 6751 6752 6753 6754 6755 6756 6757 6758 6759 6760 6761 6762 6763 6764 6765 6766 6767 6768 6769 6770 6771 6772 6773 6774 6775 6776 6777 6778 6779 6780 6781 6782 6783 6784 6785 6786 6787 6788 6789 6790 6791 6792 6793 6794 6795 6796 6797 6798 6799 6800 6801 6802 6803 6804 6805 6806 6807 6808 6809 6810 6811 6812 6813 6814 6815 6816 6817 6818 6819 6820 6821 6822 6823 6824 6825 6826 6827 6828 6829 6830 6831 6832 6833 6834 6835 6836 6837 6838 6839 6840 6841 6842 6843 6844 6845 6846 6847 6848 6849 6850 6851 6852 6853 6854 6855 6856 6857 6858 6859 6860 6861 6862 6863 6864 6865 6866 6867 6868 6869 6870 6871 6872 6873 6874 6875 6876 6877 6878 6879 6880 6881 6882 6883 6884 6885 6886 6887 6888 6889 6890 6891 6892 6893 6894 6895 6896 6897 6898 6899 6900 6901 6902 6903 6904 6905 6906 6907 6908 6909 6910 6911 6912 6913 6914 6915 6916 6917 6918 6919 6920 6921 6922 6923 6924 6925 6926 6927 6928 6929 6930 6931 6932 6933 6934 6935 6936 6937 6938 6939 6940 6941 6942 6943 6944 6945 6946 6947 6948 6949 6950 6951 6952 6953 6954 6955 6956 6957 6958 6959 6960 6961 6962 6963 6964 6965 6966 6967 6968 6969 6970 6971 6972 6973 6974 6975 6976 6977 6978 6979 6980 6981 6982 6983 6984 6985 6986 6987 6988 6989 6990 6991 6992 6993 6994 6995 6996 6997 6998 6999 7000 7001 7002 7003 7004 7005 7006 7007 7008 7009 7010 7011 7012 7013 7014 7015 7016 7017 7018 7019 7020 7021 7022 7023 7024 7025 7026 7027 7028 7029 7030 7031 7032 7033 7034 7035 7036 7037 7038 7039 7040 7041 7042 7043 7044 7045 7046 7047 7048 7049 7050 7051 7052 7053 7054 7055 7056 7057 7058 7059 7060 7061 7062 7063 7064 7065 7066 7067 7068 7069 7070 7071 7072 7073 7074 7075 7076 7077 7078 7079 7080 7081 7082 7083 7084 7085 7086 7087 7088 7089 7090 7091 7092 7093 7094 7095 7096 7097 7098 7099 7100 7101 7102 7103 7104 7105 7106 7107 7108 7109 7110 7111 7112 7113 7114 7115 7116 7117 7118 7119 7120 7121 7122 7123 7124 7125 7126 7127 7128 7129 7130 7131 7132 7133 7134 7135 7136 7137 7138 7139 7140 7141 7142 7143 7144 7145 7146 7147 7148 7149 7150 7151 7152 7153 7154 7155 7156 7157 7158 7159 7160 7161 7162 7163 7164 7165 7166 7167 7168 7169 7170 7171 7172 7173 7174 7175 7176 7177 7178 7179 7180 7181 7182 7183 7184 7185 7186 7187 7188 7189 7190 7191 7192 7193 7194 7195 7196 7197 7198 7199 7200 7201 7202 7203 7204 7205 7206 7207 7208 7209 7210 7211 7212 7213 7214 7215 7216 7217 7218 7219 7220 7221 7222 7223 7224 7225 7226 7227 7228 7229 7230 7231 7232 7233 7234 7235 7236 7237 7238 7239 7240 7241 7242 7243 7244 7245 7246 7247 7248 7249 7250 7251 7252 7253 7254 7255 7256 7257 7258 7259 7260 7261 7262 7263 7264 7265 7266 7267 7268 7269 7270 7271 7272 7273 7274 7275 7276 7277 7278 7279 7280 7281 7282 7283 7284 7285 7286 7287 7288 7289 7290 7291 7292 7293 7294 7295 7296 7297 7298 7299 7300 7301 7302 7303 7304 7305 7306 7307 7308 7309 7310 7311 7312 7313 7314 7315 7316 7317 7318 7319 7320 7321 7322 7323 7324 7325 7326 7327 7328 7329 7330 7331 7332 7333 7334 7335 7336 7337 7338 7339 7340 7341 7342 7343 7344 7345 7346 7347 7348 7349 7350 7351 7352 7353 7354 7355 7356 7357 7358 7359 7360 7361 7362 7363 7364 7365 7366 7367 7368 7369 7370 7371 7372 7373 7374 7375 7376 7377 7378 7379 7380 7381 7382 7383 7384 7385 7386 7387 7388 7389 7390 7391 7392 7393 7394 7395 7396 7397 7398 7399 7400 7401 7402 7403 7404 7405 7406 7407 7408 7409 7410 7411 7412 7413 7414 7415 7416 7417 7418 7419 7420 7421 7422 7423 7424 7425 7426 7427 7428 7429 7430 7431 7432 7433 7434 10120 7435 7436 7437 7438 7439 7440 7441 7442 7443 7444 7445 7446 7447 7448 7449 7450 7451 7452 7453 7454 7455 7456 7457 7458 7459 7460 7461 7462 7463 7464 7465 7466 7467 7468 7469 7470 7471 7472 7473 7474 7475 7476 7477 7478 7479 7480 7481 7482 7483 7484 7485 7486 7487 7488 7489 7490 7491 7492 7493 7494 7495 7496 7497 7498 7499 7500 7501 7502 7503 7504 7505 7506 7507 7508 7509 7510 7511 7512 7513 7514 7515 7516 7517 7518 7519 7520 7521 7522 7523 7524 7525 7526 7527 7528 7529 7530 7531 7532 7533 7534 7535 7536 7537 7538 7539 7540 7541 7542 7543 7544 7545 7546 7547 7548 7549 7550 7551 7552 7553 7554 7555 7556 7557 7558 7559 7560 7561 7562 7563 7564 7565 7566 7567 7568 7569 7570 7571 7572 7573 7574 7575 7576 7577 7578 7579 7580 7581 7582 7583 7584 7585 7586 7587 7588 7589 7590 7591 7592 7593 7594 7595 7596 7597 7598 7599 7600 7601 7602 7603 7604 7605 7606 7607 7608 7609 7610 7611 7612 7613 7614 7615 7616 7617 7618 7619 7620 7621 7622 7623 7624 7625 7626 7627 7628 7629 7630 7631 7632 7633 7634 7635 7636 7637 7638 7639 7640 7641 7642 7643 7644 7645 7646 7647 7648 7649 7650 7651 7652 7653 7654 7655 7656 7657 7658 7659 7660 7661 7662 7663 7664 7665 7666 7667 7668 7669 7670 7671 7672 7673 7674 7675 7676 7677 7678 7679 7680 7681 7682 7683 7684 7685 7686 7687 7688 7689 7690 7691 7692 7693 7694 7695 7696 7697 7698 7699 7700 7701 7702 7703 7704 7705 7706 7707 7708 7709 7710 7711 7712 7713 7714 7715 7716 7717 7718 7719 7720 7721 7722 7723 7724 7725 7726 7727 7728 7729 7730 7731 7732 7733 7734 7735 7736 7737 7738 7739 7740 7741 7742 7743 7744 7745 7746 7747 7748 7749 7750 7751 7752 7753 7754 7755 7756 7757 7758 7759 7760 7761 7762 7763 7764 7765 7766 7767 7768 7769 7770 7771 7772 7773 7774 7775 7776 7777 7778 7779 7780 7781 7782 7783 7784 7785 7786 7787 7788 7789 7790 7791 7792 7793 7794 7795 7796 7797 7798 7799 7800 7801 7802 7803 7804 7805 7806 7807 7808 7809 7810 7811 7812 7813 7814 7815 7816 7817 7818 7819 7820 7821 7822 7823 7824 7825 7826 7827 7828 7829 7830 7831 7832 7833 7834 7835 7836 7837 7838 7839 7840 7841 7842 7843 7844 7845 7846 7847 7848 7849 7850 7851 7852 7853 7854 7855 7856 7857 7858 7859 7860 7861 7862 7863 7864 7865 7866 7867 7868 7869 7870 7871 7872 7873 7874 7875 7876 7877 7878 7879 7880 7881 7882 7883 7884 7885 7886 7887 7888 7889 7890 7891 7892 7893 7894 7895 7896 7897 7898 7899 7900 7901 7902 7903 7904 7905 7906 7907 7908 7909 7910 7911 7912 7913 7914 7915 7916 7917 7918 7919 7920 7921 7922 7923 7924 7925 7926 7927 7928 7929 7930 7931 7932 7933 7934 7935 7936 7937 7938 7939 7940 7941 7942 7943 7944 7945 7946 7947 7948 7949 7950 7951 7952 7953 7954 7955 7956 7957 7958 7959 7960 7961 7962 7963 7964 7965 7966 7967 7968 7969 7970 7971 7972 7973 7974 7975 7976 7977 7978 7979 7980 7981 7982 7983 7984 7985 7986 7987 7988 7989 7990 7991 7992 7993 7994 7995 7996 7997 7998 7999 8000 8001 8002 8003 8004 8005 8006 8007 8008 8009 8010 8011 8012 8013 8014 8015 8016 8017 8018 8019 8020 8021 8022 8023 8024 8025 8026 8027 8028 8029 8030 8031 8032 8033 8034 8035 8036 8037 8038 8039 8040 8041 8042 8043 8044 8045 8046 8047 8048 8049 8050 8051 8052 8053 8054 8055 8056 8057 8058 8059 8060 8061 8062 8063 8064 8065 8066 8067 8068 8069 8070 8071 8072 8073 8074 8075 8076 8077 8078 8079 8080 8081 8082 8083 8084 8085 8086 8087 8088 8089 8090 8091 8092 8093 8094 8095 8096 8097 8098 8099 8100 8101 8102 8103 8104 8105 8106 8107 8108 8109 8110 8111 8112 8113 8114 8115 8116 8117 8118 8119 8120 8121 8122 8123 8124 8125 8126 8127 8128 8129 8130 8131 8132 8133 8134 8135 8136 8137 8138 8139 8140 8141 8142 8143 8144 8145 8146 8147 8148 8149 8150 8151 8152 8153 8154 8155 8156 8157 8158 8159 8160 8161 8162 8163 8164 8165 8166 8167 8168 8169 8170 8171 8172 8173 8174 8175 8176 8177 8178 8179 8180 8181 8182 8183 8184 8185 8186 8187 8188 8189 8190 8191 8192 8193 8194 8195 8196 8197 8198 8199 8200 8201 8202 8203 8204 8205 8206 8207 8208 8209 8210 8211 8212 8213 8214 8215 8216 8217 8218 8219 8220 8221 8222 8223 8224 8225 8226 8227 8228 8229 8230 8231 8232 8233 8234 8235 8236 8237 8238 8239 8240 8241 8242 8243 8244 8245 8246 8247 8248 8249 8250 8251 8252 8253 8254 8255 8256 8257 8258 8259 8260 8261 8262 8263 8264 8265 8266 8267 8268 8269 8270 8271 8272 8273 8274 8275 8276 8277 8278 8279 8280 8281 8282 8283 8284 8285 8286 8287 8288 8289 8290 8291 8292 8293 8294 8295 8296 8297 8298 8299 8300 8301 8302 8303 8304 8305 8306 8307 8308 8309 8310 8311 8312 8313 8314 8315 8316 8317 8318 8319 8320 8321 8322 8323 8324 8325 8326 8327 8328 8329 8330 8331 8332 8333 8334 8335 8336 8337 8338 8339 8340 8341 8342 8343 8344 8345 8346 8347 8348 8349 8350 8351 8352 8353 8354 8355 8356 8357 8358 8359 8360 8361 8362 8363 8364 8365 8366 8367 8368 8369 8370 8371 8372 8373 8374 8375 8376 8377 8378 8379 8380 8381 8382 8383 8384 8385 8386 8387 8388 8389 8390 8391 8392 8393 8394 8395 8396 8397 8398 8399 8400 8401 8402 8403 8404 8405 8406 8407 8408 8409 8410 8411 8412 8413 8414 8415 8416 8417 8418 8419 8420 8421 8422 8423 8424 8425 8426 8427 8428 8429 8430 8431 8432 8433 8434 8435 8436 8437 8438 8439 8440 8441 8442 8443 8444 8445 8446 8447 8448 8449 8450 8451 8452 8453 8454 8455 8456 8457 8458 8459 8460 8461 8462 8463 8464 8465 8466 8467 8468 8469 8470 8471 8472 8473 8474 8475 8476 8477 8478 8479 8480 8481 8482 8483 8484 8485 8486 8487 8488 8489 8490 8491 8492 8493 8494 8495 8496 8497 8498 8499 8500 8501 8502 8503 8504 8505 8506 8507 8508 8509 8510 8511 8512 8513 8514 8515 8516 8517 8518 8519 8520 8521 8522 8523 8524 8525 8526 8527 8528 8529 8530 8531 8532 8533 8534 8535 8536 8537 8538 8539 8540 8541 8542 8543 8544 8545 8546 8547 8548 8549 8550 8551 8552 8553 8554 8555 8556 8557 8558 8559 8560 8561 8562 8563 8564 8565 8566 8567 8568 8569 8570 8571 8572 8573 8574 8575 8576 8577 8578 8579 8580 8581 8582 8583 8584 8585 8586 8587 8588 8589 8590 8591 8592 8593 8594 8595 8596 8597 8598 8599 8600 8601 8602 8603 8604 8605 8606 8607 8608 8609 8610 8611 8612 8613 8614 8615 8616 8617 8618 8619 8620 8621 8622 8623 8624 8625 8626 8627 8628 8629 8630 8631 8632 8633 8634 8635 8636 8637 8638 8639 8640 8641 8642 8643 8644 8645 8646 8647 8648 8649 8650 8651 8652 8653 8654 8655 8656 8657 8658 8659 8660 8661 8662 8663 8664 8665 8666 8667 8668 8669 8670 8671 8672 8673 8674 8675 8676 8677 8678 8679 8680 8681 8682 8683 8684 8685 8686 8687 8688 8689 8690 8691 8692 8693 8694 8695 8696 8697 8698 8699 8700 8701 8702 8703 8704 8705 8706 8707 8708 8709 8710 8711 8712 8713 8714 8715 8716 8717 8718 8719 8720 8721 8722 8723 8724 8725 8726 8727 8728 8729 8730 8731 8732 8733 8734 8735 8736 8737 8738 8739 8740 8741 8742 8743 8744 8745 8746 8747 8748 8749 8750 8751 8752 8753 8754 8755 8756 8757 8758 8759 8760 8761 8762 8763 8764 8765 8766 8767 8768 8769 8770 8771 8772 8773 8774 8775 8776 8777 8778 8779 8780 8781 8782 8783 8784 8785 8786 8787 8788 8789 8790 8791 8792 8793 8794 8795 8796 8797 8798 8799 8800 8801 8802 8803 8804 8805 8806 8807 8808 8809 8810 8811 8812 8813 8814 8815 8816 8817 8818 8819 8820 8821 8822 8823 8824 8825 8826 8827 8828 8829 8830 8831 8832 8833 8834 8835 8836 8837 8838 8839 8840 8841 8842 8843 8844 8845 8846 8847 8848 8849 8850 8851 8852 8853 8854 8855 8856 8857 8858 8859 8860 8861 8862 8863 8864 8865 8866 8867 8868 8869 8870 8871 8872 8873 8874 8875 8876 8877 8878 8879 8880 8881 8882 8883 8884 8885 8886 8887 8888 8889 8890 8891 8892 8893 8894 8895 8896 8897 8898 8899 8900 8901 8902 8903 8904 8905 8906 8907 8908 8909 8910 8911 8912 8913 8914 8915 8916 8917 8918 8919 8920 8921 8922 8923 8924 8925 8926 8927 8928 8929 8930 8931 8932 8933 8934 8935 8936 8937 8938 8939 8940 8941 8942 8943 8944 8945 8946 8947 8948 8949 8950 8951 8952 8953 8954 8955 8956 8957 8958 8959 8960 8961 8962 8963 8964 8965 8966 8967 8968 8969 8970 8971 8972 8973 8974 8975 8976 8977 8978 8979 8980 8981 8982 8983 8984 8985 8986 8987 8988 8989 8990 8991 8992 8993 8994 8995 8996 8997 8998 8999 9000 9001 9002 9003 9004 9005 9006 9007 9008 9009 9010 9011 9012 9013 9014 9015 9016 9017 9018 9019 9020 9021 9022 9023 9024 9025 9026 9027 9028 9029 9030 9031 9032 9033 9034 9035 9036 9037 9038 9039 9040 9041 9042 9043 9044 9045 9046 9047 9048 9049 9050 9051 9052 9053 9054 9055 9056 9057 9058 9059 9060 9061 9062 9063 9064 9065 9066 9067 9068 9069 9070 9071 9072 9073 9074 9075 9076 9077 9078 9079 9080 9081 9082 9083 9084 9085 9086 9087 9088 9089 9090 9091 9092 9093 9094 9095 9096 9097 9098 9099 9100 9101 9102 9103 9104 9105 9106 9107 9108 9109 9110 9111 9112 9113 9114 9115 9116 9117 9118 9119 9120 9121 9122 9123 9124 9125 9126 9127 9128 9129 9130 9131 9132 9133 9134 9135 9136 9137 9138 9139 9140 9141 9142 9143 9144 9145 9146 9147 9148 9149 9150 9151 9152 9153 9154 9155 9156 9157 9158 9159 9160 9161 9162 9163 9164 9165 9166 9167 9168 9169 9170 9171 9172 9173 9174 9175 9176 9177 9178 9179 9180 9181 9182 9183 9184 9185 9186 9187 9188 9189 9190 9191 9192 9193 9194 9195 9196 9197 9198 9199 9200 9201 9202 9203 9204 9205 9206 9207 9208 9209 9210 9211 9212 9213 9214 9215 9216 9217 9218 9219 9220 9221 9222 9223 9224 9225 9226 9227 9228 9229 9230 9231 9232 9233 9234 9235 9236 9237 9238 9239 9240 9241 9242 9243 9244 9245 9246 9247 9248 9249 9250 9251 9252 9253 9254 9255 9256 9257 9258 9259 9260 9261 9262 9263 9264 9265 9266 9267 9268 9269 9270 9271 9272 9273 9274 9275 9276 9277 9278 9279 9280 9281 9282 9283 9284 9285 9286 9287 9288 9289 9290 9291 9292 9293 9294 9295 9296 9297 9298 9299 9300 9301 9302 9303 9304 9305 9306 9307 9308 9309 9310 9311 9312 9313 9314 9315 9316 9317 9318 9319 9320 9321 9322 10107 9323 9324 9325 9326 9327 9328 9329 9330 9331 9332 9333 9334 9335 9336 9337 9338 9339 9340 9341 9342 9343 9344 9345 9346 9347 9348 9349 9350 9351 9352 9353 9354 9355 9356 9357 9358 9359 9360 9361 9362 9363 9364 9365 9366 9367 9368 9369 9370 9371 9372 9373 9374 9375 9376 9377 9378 9379 9380 9381 9382 9383 9384 9385 9386 9387 9388 9389 9390 9391 9392 9393 9394 9395 9396 9397 9398 9399 9400 9401 9402 9403 9404 9405 9406 9407 9408 9409 9410 9411 9412 9413 9414 9415 9416 9417 9418 9419 9420 9421 9422 9423 9424 9425 9426 9427 9428 9429 9430 9431 9432 9433 9434 9435 9436 9437 9438 9439 9440 9441 9442 9443 9444 9445 9446 9447 9448 9449 9450 9451 9452 9453 9454 9455 9456 9457 9458 9459 9460 9461 9462 9463 9464 9465 9466 9467 9468 9469 9470 9471 9472 9473 9474 9475 9476 9477 9478 9479 9480 9481 9482 9483 9484 9485 9486 9487 9488 9489 9490 9491 9492 9493 9494 9495 9496 9497 9498 9499 9500 9501 9502 9503 9504 9505 9506 9507 9508 9509 9510 9511 9512 9513 9514 9515 9516 9517 9518 9519 9520 9521 9522 9523 9524 9525 9526 9527 9528 9529 9530 9531 9532 9533 9534 9535 9536 9537 9538 9539 9540 9541 9542 9543 9544 9545 9546 9547 9548 9549 9550 9551 9552 9553 9554 9555 9556 9557 9558 9559 9560 9561 9562 9563 9564 9565 9566 9567 9568 9569 9570 9571 9572 9573 9574 9575 9576 9577 9578 9579 9580 9581 9582 9583 9584 9585 9586 9587 9588 9589 9590 9591 9592 9593 9594 9595 9596 9597 9598 9599 9600 9601 9602 9603 9604 9605 9606 9607 9608 9609 9610 9611 9612 9613 9614 9615 9616 9617 9618 9619 9620 9621 9622 9623 9624 9625 9626 9627 9628 9629 9630 9631 9632 9633 9634 9635 9636 9637 9638 9639 9640 9641 9642 9643 9644 9645 9646 9647 9648 9649 9650 9651 9652 9653 9654 9655 9656 9657 9658 9659 9660 9661 9662 9663 9664 9665 9666 9667 9668 9669 9670 9671 9672 9673 9674 9675 9676 9677 9678 9679 9680 9681 9682 9683 9684 9685 9686 9687 9688 9689 9690 9691 9692 9693 9694 9695 9696 9697 9698 9699 9700 9701 9702 9703 9704 9705 9706 9707 9708 9709 9710 9711 9712 9713 9714 9715 9716 9717 9718 9719 9720 9721 9722 9723 9724 9725 9726 9727 9728 9729 9730 9731 9732 9733 9734 9735 9736 9737 9738 9739 9740 9741 9742 9743 9744 9745 9746 9747 9748 9749 9750 9751 9752 9753 9754 9755 9756 9757 9758 9759 9760 9761 9762 9763 9764 9765 9766 9767 9768 9769 9770 9771 9772 9773 9774 9775 9776 9777 9778 9779 9780 9781 9782 9783 9784 9785 9786 9787 9788 9789 9790 9791 9792 9793 9794 9795 9796 9797 9798 9799 9800 9801 9802 9803 9804 9805 9806 9807 9808 9809 9810 9811 9812 9813 9814 9815 9816 9817 9818 9819 9820 9821 9822 9823 9824 9825 9826 9827 9828 9829 9830 9831 9832 9833 9834 9835 9836 9837 9838 9839 9840 9841 9842 9843 9844 9845 9846 9847 9848 9849 9850 9851 9852 9853 9854 9855 9856 9857 9858 9859 9860 9861 9862 9863 9864 9865 9866 9867 9868 9869 9870 9871 9872 9873 9874 9875 9876 9877 9878 9879 9880 9881 9882 9883 9884 9885 9886 9887 9888 9889 9890 9891 9892 9893 9894 9895 9896 9897 9898 9899 9900 9901 9902 9903 9904 9905 9906 9907 9908 9909 9910 9911 9912 9913 9914 9915 9916 9917 9918 9919 9920 9921 9922 9923 9924 9925 9926 9927 9928 9929 9930 9931 9932 9933 9934 9935 9936 9937 9938 9939 9940 9941 9942 9943 9944 9945 9946 9947 9948 9949 9950 9951 9952 9953 9954 9955 9956 9957 9958 9959 9960 9961 9962 9963 9964 9965 9966 9967 9968 9969 9970 9971 9972 9973 9974 9975 9976 9977 9978 9979 9980 9981 9982 9983 9984 9985 9986 9987 9988 9989 9990 9991 9992 9993 9994 9995 9996 9997 9998 9999 10000 10001 10002 10003 10004 10005 10006 10007 10008 10009 10010 10011 10012 10013 10014 10015 10016 10017 10018 10019 10020 10021 10022 10023 10024 10025 10026 10027 10028 10029 10030 10031 10032 10033 10034 10035 10036 10037 10038 10039 10040 10041 10042 10043 10044 10045 10046 10047 10048 10049 10050 10051 10052 10053 10054 10055 10056 10057 10058 10059 10060 10061 10062 10063 10064 10065 10066 10067 10068 10069 10070 10071 10072 10073 10074 10075 10076 10077 10078 10079 10080 10081 10082 10083 10084 10085 10086 10087 10088 10089 10090 10091 10092 10093 10094 10095 10096 10097 10098 10099 10100 10101
p1:7 A 0 1 2 3 4 5 6 7 8 9 10 11 12 13 14 15 16 17 18 19 20 21 22 23 24 25 26 27 28 29 30 31 32 33 34 35 36 37 38 39 40 41 42 43 44 45 46 47 48 49 50 51 52 53 54 55 56 57 58 59 60 61 62 63 64 65 66 67 68 69 70 71 72 73 74 75 76 77 78 79 80 81 82 83 84 85 86 87 88 89 90 91 92 93 94 95 96 97 98 99 100 101 102 103 104 105 106 107 108 109 110 111 112 113 114 115 116 117 118 119 120 121 122 123 124 125 126 127 128 129 130 131 132 133 134 135 136 137 138 139 140 141 142 143 144 145 146 147 148 149 150 151 152 153 154 155 156 157 158 159 160 161 162 163 164 165 166 167 168 169 170 171 172 173 174 175 176 177 178 179 180 181 182 183 184 185 186 187 188 189 190 191 192 193 194 195 196 197 198 199 200 201 202 203 204 205 206 207 208 209 210 211 212 213 214 215 216 217 218 219 220 221 222 223 224 225 226 227 228 229 230 231 232 233 234 235 236 237 238 239 240 241 242 243 244 245 246 247 248 249 250 251 252 253 254 255 256 257 258 259 260 261 262 263 264 265 266 267 268 269 270 271 272 273 274 275 276 277 278 279 280 281 282 283 284 285 286 287 288 289 290 291 292 293 294 295 296 297 298 299 300 301 302 303 304 305 306 307 308 309 310 311 312 313 314 315 316 317 318 319 320 321 322 323 324 325 326 327 328 329 330 331 332 333 334 335 336 337 338 339 340 341 342 343 344 345 346 347 348 349 350 351 352 353 354 355 356 357 358 359 360 361 362 363 364 365 366 367 368 369 370 371 372 373 374 375 376 377 378 379 380 381 382 383 384 385 386 387 388 389 390 391 392 393 394 395 396 397 398 399 400 401 402 403 404 405 406 407 408 409 410 411 412 413 414 415 416 417 418 419 420 421 422 423 424 425 426 427 428 429 430 431 432 433 434 435 436 437 438 439 440 441 442 443 444 445 446 447 448 449 450 451 452 453 454 455 456 457 458 459 460 461 462 463 464 465 466 467 468 469 470 471 472 473 474 475 476 477 478 479 480 481 482 483 484 485 486 487 488 489 490 491 492 493 494 495 496 497 498 499 500 501 502 503 504 505 506 507 508 509 510 511 512 513 514 515 516 517 518 519 520 521 522 523 524 525 526 527 528 529 530 531 532 533 534 535 536 537 538 539 540 541 542 543 544 545 546 547 548 549 550 551 552 553 554 555 556 557 558 559 560 561 562 563 564 565 566 567 568 569 570 571 572 573 574 575 576 577 578 579 580 581 582 583 584 585 586 587 588 589 590 591 592 593 594 595 596 597 598 599 600 601 602 603 604 605 606 607 608 609 610 611 612 613 614 615 616 617 618 619 620 621 622 623 624 625 626 627 628 629 630 631 632 633 634 635 636 637 638 639 640 641 642 643 644 645 646 647 648 649 650 651 652 653 654 655 656 657 658 659 660 661 662 663 664 665 666 667 668 669 670 671 672 673 674 675 676 677 678 679 680 681 682 683 684 685 686 687 688 689 690 691 692 693 694 695 696 697 698 699 700 701 702 703 704 705 706 707 708 709 710 711 712 713 714 715 716 717 718 719 720 721 722 723 724 725 726 727 728 729 730 731 732 733 734 735 736 737 738 739 740 741 742 743 744 745 746 747 748 749 750 751 752 753 754 755 756 757 758 759 760 761 762 763 764 765 766 767 768 769 770 771 772 773 774 775 776 777 778 779 780 781 782 783 784 785 786 787 788 789 790 791 792 793 794 795 796 797 798 799 800 801 802 803 804 805 806 807 808 809 810 811 812 813 814 815 816 817 818 819 820 821 822 823 824 825 826 827 828 829 830 831 832 833 834 835 836 837 838 839 840 841 842 843 844 845 846 847 848 849 850 851 852 853 854 855 856 857 858 859 860 861 862 863 864 865 866 867 868 869 870 871 872 873 874 875 876 877 878 879 880 881 882 883 884 885 886 887 888 889 890 891 892 893 894 895 896 897 898 899 900 901 902 903 904 905 906 907 908 909 910 911 912 913 914 915 916 917 918 919 920 921 922 923 924 925 926 927 928 929 930 931 932 933 934 935 936 937 938 939 940 941 942 943 944 945 946 947 948 949 950 951 952 953 954 955 956 957 958 959 960 961 962 963 964 965 966 967 968 969 970 971 972 973 974 975 976 977 978 979 980 981 982 983 984 985 986 987 988 989 990 991 992 993 994 995 996 997 998 999 1000 1001 1002 1003 1004 1005 1006 1007 1008 1009 1010 1011 1012 1013 1014 1015 1016 1017 1018 1019 1020 1021 1022 1023 1024 1025 1026 1027 1028 1029 1030 1031 1032 1033 1034 1035 1036 1037 1038 1039 1040 1041 1042 1043 1044 1045 1046 1047 1048 1049 1050 1051 1052 1053 1054 1055 1056 1057 1058 1059 1060 1061 1062 1063 1064 1065 1066 1067 1068 1069 1070 1071 1072 1073 1074 1075 1076 1077 1078 1079 1080 1081 1082 1083 1084 1085 1086 1087 1088 1089 1090 1091 1092 1093 1094 1095 1096 1097 1098 1099 1100 1101 1102 1103 1104 1105 1106 1107 1108 1109 1110 1111 1112 1113 1114 1115 1116 1117 1118 1119 1120 1121 1122 1123 1124 1125 1126 1127 1128 1129 1130 1131 1132 1133 1134 1135 1136 1137 1138 1139 1140 1141 1142 1143 1144 1145 1146 1147 1148 1149 1150 1151 1152 1153 1154 1155 1156 1157 1158 1159 1160 1161 1162 1163 1164 1165 1166 1167 1168 1169 1170 1171 1172 1173 1174 1175 1176 1177 1178 1179 1180 1181 1182 1183 1184 1185 1186 1187 1188 1189 1190 1191 1192 1193 1194 1195 1196 1197 1198 1199 1200 1201 1202 1203 1204 1205 1206 1207 1208 1209 1210 1211 1212 1213 1214 1215 1216 1217 1218 1219 1220 1221 1222 1223 1224 1225 1226 1227 1228 1229 1230 1231 1232 1233 1234 1235 1236 1237 1238 1239 1240 1241 1242 1243 1244 1245 1246 1247 1248 1249 1250 1251 1252 1253 1254 1255 1256 1257 1258 1259 1260 1261 1262 1263 1264 1265 1266 1267 1268 1269 1270 1271 1272 1273 1274 1275 1276 1277 1278 1279 1280 1281 1282 1283 1284 1285 1286 1287 1288 1289 1290 1291 1292 1293 1294 1295 1296 1297 1298 1299 1300 1301 1302 1303 1304 1305 1306 1307 1308 1309 1310 1311 1312 1313 1314 1315 1316 1317 1318 1319 1320 1321 1322 1323 1324 1325 1326 1327 1328 1329 1330 1331 1332 1333 1334 1335 1336 1337 1338 1339 1340 1341 1342 1343 1344 1345 1346 1347 1348 1349 1350 1351 1352 1353 1354 1355 1356 1357 1358 1359 1360 1361 1362 1363 1364 1365 1366 1367 1368 1369 1370 1371 1372 1373 1374 1375 1376 1377 1378 1379 1380 1381 1382 1383 1384 1385 1386 1387 1388 1389 1390 1391 1392 1393 1394 1395 1396 1397 1398 1399 1400 1401 1402 1403 1404 1405 1406 1407 1408 1409 1410 1411 1412 1413 1414 1415 1416 1417 1418 1419 1420 1421 1422 1423 1424 1425 1426 1427 1428 1429 1430 1431 1432 1433 1434 1435 1436 1437 1438 1439 1440 1441 1442 1443 1444 1445 1446 1447 1448 1449 1450 1451 1452 1453 1454 1455 1456 1457 1458 1459 1460 1461 1462 1463 1464 1465 1466 1467 1468 1469 1470 1471 1472 1473 1474 1475 1476 1477 1478 1479 1480 1481 1482 1483 1484 1485 1486 1487 1488 1489 1490 1491 1492 1493 1494 1495 1496 1497 1498 1500 1501 1502 1503 1504 1505 1506 1507 1508 1509 1510 1511 1512 1513 1514 1515 1516 1517 1518 1519 1520 1521 1522 1523 1524 1525 1526 1527 1528 1529 1530 1531 1532 1533 1534 1535 1536 1537 1538 1539 1540 1541 1542 1543 1544 1545 1546 1547 1548 1549 1550 1551 1552 1553 1554 1555 1556 1557 1558 1559 1560 1561 1562 1563 1564 1565 1566 1567 1568 1569 1570 1571 1572 1573 1574 1575 1576 1577 1578 1579 1580 1581 1582 1583 1584 1585 1586 1587 1588 1589 1590 1591 1592 1593 1594 1595 1596 1597 1598 1599 1600 1601 1602 1603 1604 1605 1606 1607 1608 1609 1610 1611 1612 1613 1614 1615 1616 1617 1618 1619 1620 1621 1622 1623 1624 1625 1626 1627 1628 1629 1630 1631 1632 1633 1634 1635 1636 1637 1638 1639 1640 1641 1642 1643 1644 1645 1646 1647 1648 1649 1650 1651 1652 1653 1654 1655 1656 1657 1658 1659 1660 1661 1662 1663 1664 1665 1666 1667 1668 1669 1670 1671 1672 1673 1674 1675 1676 1677 1678 1679 1680 1681 1682 1683 1684 1685 1686 1687 1688 1689 1690 1691 1692 1693 1694 1695 1696 1697 1698 1699 1700 1701 1702 1703 1704 1705 1706 1707 1708 1709 1710 1711 1712 1713 1714 1715 1716 1717 1718 1719 1720 1721 1722 1723 1724 1725 1726 1727 1728 1729 1730 1731 1732 1733 1734 1735 1736 1737 1738 1739 1740 1741 1742 1743 1744 1745 1746 1747 1748 1749 1750 1751 1752 1753 1754 1755 1756 1757 1758 1759 1760 1761 1762 1763 1764 1765 1766 1767 1768 1769 1770 1771 1772 1773 1774 1775 1776 1777 1778 1779 1780 1781 1782 1783 1784 1785 1786 1787 1788 1789 1790 1791 1792 1793 1794 1795 1796 1797 1798 1799 1800 1801 1802 1803 1804 1805 1806 1807 1808 1809 1810 1811 1812 1813 1814 1815 1816 1817 1818 1819 1820 1821 1822 1823 1824 1825 1826 1827 1828 1829 1830 1831 1832 1833 1834 1835 1836 1837 1838 1839 1840 1841 1842 1843 1844 1845 1846 1847 1848 1849 1850 1851 1852 1853 1854 1855 1856 1857 1858 1859 1860 1861 1862 1863 1864 1865 1866 1867 1868 1869 1870 1871 1872 1873 1874 1875 1876 1877 1878 1879 1880 1881 1882 1883 1884 1885 1886 1887 1888 1889 1890 1891 1892 1893 1894 1895 1896 1897 1898 1899 1900 1901 1902 1903 1904 1905 1906 1907 1908 1909 1910 1911 1912 1913 1914 1915 1916 1917 1918 1919 1920 1921 1922 1923 1924 1925 1926 1927 1928 1929 1930 1931 1932 1933 1934 1935 1936 1937 1938 1939 1940 1941 1942 1943 1944 1945 1946 1947 1948 1949 1950 1951 1952 1953 1954 1955 1956 1957 1958 1959 1960 1961 1962 1963 1964 1965 1966 1967 1968 1969 1970 1971 1972 1973 1974 1975 1976 1977 1978 1979 1980 1981 1982 1983 1984 1985 1986 1987 1988 1989 1990 1991 1992 1993 1994 1995 1996 1997 1998 1999 2000 2001 2002 2003 2004 2005 2006 2007 2008 2009 2010 2011 2012 2013 2014 2015 2016 2017 2018 2019 2020 2021 2022 2023 2024 2025 2026 2027 2028 2029 2030 2031 2032 2033 2034 2035 2036 2037 2038 2039 2040 2041 2042 2043 2044 2045 2046 2047 2048 2049 2050 2051 2052 2053 2054 2055 2056 2057 2058 2059 2060 2061 2062 2063 2064 2065 2066 2067 2068 2069 2070 2071 2072 2073 2074 2075 2076 2077 2078 2079 2080 2081 2082 2083 2084 2085 2086 2087 2088 2089 2090 2091 2092 2093 2094 2095 2096 2097 2098 2099 2100 2101 2102 2103 2104 2105 2106 2107 2108 2109 2110 2111 2112 2113 2114 2115 2116 2117 2118 2119 2120 2121 2122 2123 2124 2125 2126 2127 2128 2129 2130 2131 2132 2133 2134 2135 2136 2137 2138 2139 2140 2141 2142 2143 2144 2145 2146 2147 2148 2149 2150 2151 2152 2153 2154 2155 2156 2157 2158 2159 2160 2161 2162 2163 2164 2165 2166 2167 2168 2169 2170 2171 2172 2173 2174 2175 2176 2177 2178 2179 2180 2181 2182 2183 2184 2185 2186 2187 2188 2189 2190 2191 2192 2193 2194 2195 2196 2197 2198 2199 2200 2201 2202 2203 2204 2205 2206 2207 2208 2209 2210 2211 2212 2213 2214 2215 2216 2217 2218 2219 2220 2221 2222 2223 2224 2225 2226 2227 2228 2229 2230 2231 2232 2233 2234 2235 2236 2237 2238 2239 2240 2241 2242 2243 2244 2245 2246 2247 2248 2249 2250 2251 2252 2253 2254 2255 2256 2257 2258 2259 2260 2261 2262 2263 2264 2265 2266 2267 2268 2269 2270 2271 2272 2273 2274 2275 2276 2277 2278 2279 2280 2281 2282 2283 2284 2285 2286 2287 2288 2289 2290 2291 2292 2293 2294 2295 2296 2297 2298 2299 2300 2301 2302 2303 2304 2305 2306 2307 2308 2309 2310 2311 2312 2313 2314 2315 2316 2317 2318 2319 2320 2321 2322 2323 2324 2325 2326 2327 2328 2329 2330 2331 2332 2333 2334 2335 2336 2337 2338 2339 2340 2341 2342 2343 2344 2345 2346 2347 2348 2349 2350 2351 2352 2353 2354 2355 2356 2357 2358 2359 2360 2361 2362 2363 2364 2365 2366 2367 2368 2369 2370 2371 2372 2373 2374 2375 2376 2377 2378 2379 2380 2381 2382 2383 2384 2385 2386 2387 2388 2389 2390 2391 2392 2393 2394 2395 2396 2397 2398 2399 2400 2401 2402 2403 2404 2405 2406 2407 2408 2409 2410 2411 2412 2413 2414 2415 2416 2417 2418 2419 2420 2421 2422 2423 2424 2425 2426 2427 2428 2429 2430 2431 2432 2433 2434 2435 2436 2437 2438 2439 2440 2441 2442 2443 2444 2445 2446 2447 2448 2449 2450 2451 2452 2453 2454 2455 2456 2457 2458 2459 2460 2461 2462 2463 2464 2465 2466 2467 2468 2469 2470 2471 2472 2473 2474 2475 2476 2477 2478 2479 2480 2481 2482 2483 2484 2485 2486 2487 2488 2489 2490 2491 2492 2493 2494 2495 2496 2497 2498 2499 2500 2501 2502 2503 2504 2505 2506 2507 2508 2509 2510 2511 2512 2513 2514 2515 2516 2517 2518 2519 2520 2521 2522 2523 2524 2525 2526 2527 2528 2529 2530 2531 2532 2533 2534 2535 2536 2537 2538 2539 2540 2541 2542 2543 2544 2545 2546 2547 2548 2549 2550 2551 2552 2553 2554 2555 2556 2557 2558 2559 2560 2561 2562 2563 2564 2565 2566 2567 2568 2569 2570 2571 2572 2573 2574 2575 2576 2577 2578 2579 2580 2581 2582 2583 2584 2585 2586 2587 2588 2589 2590 2591 2592 2593 2594 2595 2596 2597 2598 2599 2600 2601 2602 2603 2604 2605 2606 2607 2608 2609 2610 2611 2612 2613 2614 2615 2616 2617 2618 2619 2620 2621 2622 2623 2624 2625 2626 2627 2628 2629 2630 2631 2632 2633 2634 2635 2636 2637 2638 2639 2640 2641 2642 2643 2644 2645 2646 2647 2648 2649 2650 2651 2652 2653 2654 2655 2656 2657 2658 2659 2660 2661 2662 2663 2664 2665 2666 2667 2668 2669 2670 2671 2672 2673 2674 2675 2676 2677 2678 2679 2680 2681 2682 2683 2684 2685 2686 2687 2688 2689 2690 2691 2692 2693 2694 2695 2696 2697 2698 2699 2700 2701 2702 2703 2704 2705 2706 2707 2708 2709 2710 2711 2712 2713 2714 2715 2716 2717 2718 2719 2720 2721 2722 2723 2724 2725 2726 2727 2728 2729 2730 2731 2732 2733 2734 2735 2736 2737 2738 2739 2740 2741 2742 2743 2744 2745 2746 2747 2748 2749 2750 2751 2752 2753 2754 2755 2756 2757 2758 2759 2760 2761 2762 2763 2764 2765 2766 2767 2768 2769 2770 2771 2772 2773 2774 2775 2776 2777 2778 2779 2780 2781 2782 2783 2784 2785 2786 10105 2787 2788 2789 2790 2791 2792 2793 2794 2795 2796 2797 2798 2799 2800 2801 2802 2803 2804 2805 2806 2807 2808 2809 2810 2811 2812 2813 2814 2815 2816 2817 2818 2819 2820 2821 2822 2823 2824 2825 2826 2827 2828 2829 2830 2831 2832 2833 2834 2835 2836 2837 2838 2839 2840 2841 2842 2843 2844 2845 2846 2847 2848 2849 2850 2851 2852 2853 2854 2855 2856 2857 2858 2859 2860 2861 2862 2863 2864 2865 2866 2867 2868 2869 2870 2871 2872 2873 2874 2875 2876 2877 2878 2879 2880 2881 2882 2883 2884 2885 2886 2887 2888 2889 2890 2891 2892 2893 2894 2895 2896 2897 2898 2899 2900 2901 2902 2903 2904 2905 2906 2907 2908 2909 2910 2911 2912 2913 2914 2915 2916 2917 2918 2919 2920 2921 2922 2923 2924 2925 2926 2927 2928 2929 2930 2931 2932 2933 2934 2935 2936 2937 2938 2939 2940 2941 2942 2943 2944 2945 2946 2947 2948 2949 2950 2951 2952 2953 2954 2955 2956 2957 2958 2959 2960 2961 2962 2963 2964 2965 2966 2967 2968 2969 2970 2971 2972 2973 2974 2975 2976 2977 2978 2979 2980 2981 2982 2983 2984 2985 2986 2987 2988 2989 2990 2991 2992 2993 2994 2995 2996 2997 2998 2999 3000 3001 3002 3003 3004 3005 3006 3007 3008 3009 3010 3011 3012 3013 3014 3015 3016 3017 3018 3019 3020 3021 3022 3023 3024 3025 3026 3027 3028 3029 3030 3031 3032 3033 3034 3035 3036 3037 3038 3039 3040 3041 3042 3043 3044 3045 3046 3047 3048 3049 3050 3051 3052 3053 3054 3055 3056 3057 3058 3059 3060 3061 3062 3063 3064 3065 3066 3067 3068 3069 3070 3071 3072 3073 3074 3075 3076 3077 3078 3079 3080 3081 3082 3083 3084 3085 3086 3087 3088 3089 3090 3091 3092 3093 3094 3095 3096 3097 3098 3099 3100 3101 3102 3103 3104 3105 3106 3107 3108 3109 3110 3111 3112 3113 3114 3115 3116 3117 3118 3119 3120 3121 3122 3123 3124 3125 3126 3127 3128 3129 3130 3131 3132 3133 3134 3135 3136 3137 3138 3139 3140 3141 3142 3143 3144 3145 3146 3147 3148 3149 3150 3151 3152 3153 3154 3155 3156 3157 3158 3159 3160 3161 3162 3163 3164 3165 3166 3167 3168 3169 3170 3171 3172 3173 3174 3175 3176 3177 3178 3179 3180 3181 3182 3183 3184 3185 3186 3187 3188 3189 3190 3191 3192 3193 3194 3195 3196 3197 3198 3199 3200 3201 3202 3203 3204 3205 3206 3207 3208 3209 3210 3211 3212 3213 3214 3215 3216 3217 3218 3219 3220 3221 3222 3223 3224 3225 3226 3227 3228 3229 3230 3231 3232 3233 3234 3235 3236 3237 3238 3239 3240 3241 3242 3243 3244 3245 3246 3247 3248 3249 3250 3251 3252 3253 3254 3255 3256 3257 3258 3259 3260 3261 3262 3263 3264 3265 3266 3267 3268 3269 3270 3271 3272 3273 3274 3275 3276 3277 3278 3279 3280 3281 3282 3283 3284 3285 3286 3287 3288 3289 3290 3291 3292 3293 3294 3295 3296 3297 3298 3299 3300 3301 3302 3303 3304 3305 3306 3307 3308 3309 3310 3311 3312 3313 3314 3315 3316 3317 3318 3319 3320 3321 3322 3323 3324 3325 3326 3327 3328 3329 3330 3331 3332 3333 3334 3335 3336 3337 3338 3339 3340 3341 3342 3343 3344 3345 3346 3347 3348 3349 3350 3351 3352 3353 3354 3355 3356 3357 3358 3359 3360 3361 3362 3363 3364 3365 3366 3367 3368 3369 3370 3371 3372 3373 3374 3375 3376 3377 3378 3379 3380 3381 3382 3383 3384 3385 3386 3387 3388 3389 3390 3391 3392 3393 3394 3395 3396 3397 3398 3399 3400 3401 3402 3403 3404 3405 3406 3407 3408 3409 3410 3411 3412 3413 3414 3415 3416 3417 3418 3419 3420 3421 3422 3423 3424 3425 3426 3427 3428 3429 3430 3431 3432 3433 3434 3435 3436 3437 3438 3439 3440 3441 3442 3443 3444 3445 3446 3447 3448 3449 3450 3451 3452 3453 3454 3455 3456 3457 3458 3459 3460 3461 3462 3463 3464 3465 3466 3467 3468 3469 3470 3471 3472 3473 3474 3475 3476 3477 3478 3479 3480 3481 3482 3483 3484 3485 3486 3487 3488 3489 3490 3491 3492 3493 3494 3495 3496 3497 3498 3499 3500 3501 3502 3503 3504 3505 3506 3507 3508 3509 3510 3511 3512 3513 3514 3515 3516 3517 3518 3519 3520 3521 3522 3523 3524 3525 3526 3527 3528 3529 3530 3531 3532 3533 3534 3535 3536 3537 3538 3539 3540 3541 3542 3543 3544 3545 3546 3547 3548 3549 3550 3551 3552 3553 3554 3555 3556 3557 3558 3559 3560 3561 3562 3563 3564 3565 3566 3567 3568 3569 3570 3571 3572 3573 3574 3575 3576 3577 3578 3579 3580 3581 3582 3583 3584 3585 3586 3587 3588 3589 3590 3591 3592 3593 3594 3595 3596 3597 3598 3599 3600 3601 3602 3603 3604 3605 3606 3607 3608 3609 3610 3611 3612 3613 3614 3615 3616 3617 3618 3619 3620 3621 3622 3623 3624 3625 3626 3627 3628 3629 3630 3631 3632 3633 3634 3635 3636 3637 3638 3639 3640 3641 3642 3643 3644 3645 3646 3647 3648 3649 3650 3651 3652 3653 3654 3655 3656 3657 3658 3659 3660 3661 3662 3663 3664 3665 3666 3667 3668 3669 3670 3671 3672 3673 3674 3675 3676 3677 3678 3679 3680 3681 3682 3683 3684 3685 3686 3687 3688 3689 3690 3691 3692 3693 3694 3695 3696 3697 3698 3699 3700 3701 3702 3703 3704 3705 3706 3707 3708 3709 3710 3711 3712 3713 3714 3715 3716 3717 3718 3719 3720 3721 3722 3723 3724 3725 3726 3727 3728 3729 3730 3731 3732 3733 3734 3735 3736 3737 3738 3739 3740 3741 3742 3743 3744 3745 3746 3747 3748 3749 3750 3751 3752 3753 3754 3755 3756 3757 3758 3759 3760 3761 3762 3763 3764 3765 3766 3767 3768 3769 3770 3771 3772 3773 3774 3775 3776 3777 3778 3779 3780 3781 3782 3783 3784 3785 3786 3787 3788 3789 3790 3791 3792 3793 3794 3795 3796 3797 3798 3799 3800 3801 3802 3803 3804 3805 3806 3807 3808 3809 3810 3811 3812 3813 3814 3815 3816 3817 3818 3819 3820 3821 3822 3823 3824 3825 3826 3827 3828 3829 3830 3831 3832 3833 3834 3835 3836 3837 3838 3839 3840 3841 3842 3843 3844 3845 3846 3847 3848 3849 3850 3851 3852 3853 3854 3855 3856 3857 3858 3859 3860 3861 3862 3863 3864 3865 3866 3867 3868 3869 3870 3871 3872 3873 3874 3875 3876 3877 3878 3879 3880 3881 3882 3883 3884 3885 3886 3887 3888 3889 3890 3891 3892 3893 3894 3895 3896 3897 3898 3899 3900 3901 3902 3903 3904 3905 3906 3907 3908 3909 3910 3911 3912 3913 3914 3915 3916 3917 3918 3919 3920 3921 3922 3923 3924 3925 3926 3927 3928 3929 3930 3931 3932 3933 3934 3935 3936 3937 3938 3939 3940 3941 3942 3943 3944 3945 3946 3947 3948 3949 3950 3951 3952 3953 3954 3955 3956 3957 3958 3959 3960 3961 3962 3963 3964 3965 3966 3967 3968 3969 3970 3971 3972 3973 3974 3975 3976 3977 3978 3979 3980 3981 3982 3983 3984 3985 3986 3987 3988 3989 3990 3991 3992 3993 3994 3995 3996 3997 3998 3999 4000 4001 4002 4003 4004 4005 4006 4007 4008 4009 4010 4011 4012 4013 4014 4015 4016 4017 4018 4019 4020 4021 4022 4023 4024 4025 4026 4027 4028 4029 4030 4031 4032 4033 4034 4035 4036 4037 4038 4039 4040 4041 4042 4043 4044 4045 4046 4047 4048 4049 4050 4051 4052 4053 4054 4055 4056 4057 4058 4059 4060 4061 4062 4063 4064 4065 4066 4067 4068 4069 4070 4071 4072 4073 4074 4075 4076 4077 4078 4079 4080 4081 4082 4083 4084 4085 4086 4087 4088 4089 4090 4091 4092 4093 4094 4095 4096 4097 4098 4099 4100 4101 4102 4103 4104 4105 4106 4107 4108 4109 4110 4111 4112 4113 4114 4115 4116 4117 4118 4119 4120 4121 4122 4123 4124 4125 4126 4127 4128 4129 4130 4131 4132 4133 4134 4135 4136 4137 4138 4139 4140 4141 4142 4143 4144 4145 4146 4147 4148 4149 4150 4151 4152 4153 4154 4155 4156 4157 4158 4159 4160 4161 4162 4163 4164 4165 4166 4167 4168 4169 4170 4171 4172 4173 4174 4175 4176 4177 4178 4179 4180 4181 4182 4183 4184 4185 4186 4187 4188 4189 4190 4191 4192 4193 4194 4195 4196 4197 4198 4199 4200 4201 4202 4203 4204 4205 4206 4207 4208 4209 4210 4211 4212 4213 4214 4215 4216 4217 4218 4219 4220 4221 4222 4223 4224 4225 4226 4227 4228 4229 4230 4231 4232 4233 4234 4235 4236 4237 4238 4239 4240 4241 4242 4243 4244 4245 4246 4247 4248 4249 4250 4251 4252 4253 4254 4255 4256 4257 4258 4259 4260 4261 4262 4263 4264 4265 4266 4267 4268 4269 4270 4271 4272 4273 4274 4275 4276 4277 4278 4279 4280 4281 4282 4283 4284 4285 4286 4287 4288 4289 4290 4291 4292 4293 4294 4295 4296 4297 4298 4299 4300 4301 4302 4303 4304 4305 4306 4307 4308 4309 4310 4311 4312 4313 4314 4315 4316 4317 4318 4319 4320 4321 4322 4323 4324 4325 4326 4327 4328 4329 4330 4331 4332 4333 4334 4335 4336 4337 4338 4339 4340 4341 4342 4343 4344 4345 4346 4347 4348 4349 4350 4351 4352 4353 4354 4355 4356 4357 4358 4359 4360 4361 4362 4363 4364 4365 4366 4367 4368 4369 4370 4371 4372 4373 4374 4375 4376 4377 4378 4379 4380 4381 4382 4383 4384 4385 4386 4387 4388 4389 4390 4391 4392 4393 4394 4395 4396 4397 4398 4399 4400 4401 4402 4403 4404 4405 4406 4407 4408 4409 4410 4411 4412 4413 4414 4415 4416 4417 4418 4419 4420 4421 4422 4423 4424 4425 4426 4427 4428 4429 4430 4431 4432 4433 4434 4435 4436 4437 4438 4439 4440 4441 4442 4443 4444 4445 4446 4447 4448 4449 4450 4451 4452 4453 4454 4455 4456 4457 4458 4459 4460 4461 4462 4463 4464 4465 4466 4467 4468 4469 4470 4471 4472 4473 4474 4475 4476 4477 4478 4479 4480 4481 4482 4483 4484 4485 4486 4487 4488 4489 4490 4491 4492 4493 4494 4495 4496 4497 4498 4499 4500 4501 4502 4503 4504 4505 4506 4507 4508 4509 4510 4511 4512 4513 4514 4515 4516 4517 4518 4519 4520 4521 4522 4523 4524 4525 4526 4527 4528 4529 4530 4531 4532 4533 4534 4535 4536 4537 4538 4539 4540 4541 4542 4543 4544 4545 4546 4547 4548 4549 4550 4551 4552 4553 4554 4555 4556 4557 4558 4559 4560 4561 4562 4563 4564 4565 4566 4567 4568 4569 4570 4571 4572 4573 4574 4575 4576 4577 4578 4579 4580 4581 4582 4583 4584 4585 4586 4587 4588 4589 4590 4591 4592 4593 4594 4595 4596 4597 4598 4599 4600 4601 4602 4603 4604 4605 4606 4607 4608 4609 4610 4611 4612 4613 4614 4615 4616 4617 4618 4619 4620 4621 4622 4623 4624 4625 4626 4627 4628 4629 4630 4631 4632 4633 4634 4635 4636 4637 4638 4639 4640 4641 4642 4643 4644 4645 4646 4647 4648 4649 4650 4651 4652 4653 4654 4655 4656 4657 4658 4659 4660 4661 4662 4663 4664 4665 4666 4667 4668 4669 4670 4671 4672 4673 4674 4675 4676 4677 4678 4679 4680 4681 4682 4683 4684 4685 4686 4687 4688 4689 4690 4691 4692 4693 4694 4695 4696 4697 4698 4699 4700 4701 4702 4703 4704 4705 4706 4707 4708 4709 4710 4711 4712 4713 4714 4715 4716 4717 4718 4719 4720 4721 4722 4723 4724 4725 4726 4727 4728 4729 4730 4731 4732 4733 4734 4735 4736 4737 4738 4739 4740 4741 4742 4743 4744 4745 4746 4747 4748 4749 4750 4751 4752 4753 4754 4755 4756 4757 4758 4759 4760 4761 4762 4763 4764 4765 4766 4767 4768 4769 4770 4771 4772 4773 4774 4775 4776 4777 4778 4779 4780 4781 4782 4783 4784 4785 4786 4787 4788 4789 4790 4791 4792 4793 4794 4795 4796 4797 4798 4799 4800 4801 4802 4803 4804 4805 4806 4807 4808 4809 4810 4811 4812 4813 4814 4815 4816 4817 4818 4819 4820 4821 4822 4823 4824 4825 4826 4827 4828 4829 4830 4831 4832 4833 4834 4835 4836 4837 4838 4839 4840 4841 4842 4843 4844 4845 4846 4847 4848 4849 4850 4851 4852 4853 4854 4855 4856 4857 4858 4859 4860 4861 4862 4863 4864 4865 4866 4867 4868 4869 4870 4871 4872 4873 4874 4875 4876 4877 4878 4879 4880 4881 4882 4883 4884 4885 4886 4887 4888 4889 4890 4891 4892 4893 4894 4895 4896 4897 4898 4899 4900 4901 4902 4903 4904 4905 4906 4907 4908 4909 4910 4911 4912 4913 4914 4915 4916 4917 4918 4919 4920 4921 4922 4923 4924 4925 4926 4927 4928 4929 4930 4931 4932 4933 4934 4935 4936 4937 4938 4939 4940 4941 4942 4943 4944 4945 4946 4947 4948 4949 4950 4951 4952 4953 4954 4955 4956 4957 4958 4959 4960 4961 4962 4963 4964 4965 4966 4967 4968 4969 4970 4971 4972 4973 4974 4975 4976 4977 4978 4979 4980 4981 4982 4983 4984 4985 4986 4987 4988 4989 4990 4991 4992 4993 4994 4995 4996 4997 4998 4999 5000 5001 5002 5003 5004 5005 5006 5007 5008 5009 5010 5011 5012 5013 5014 5015 5016 5017 5018 5019 5020 5021 5022 5023 5024 5025 5026 5027 5028 5029 5030 5031 5032 5033 5034 5035 5036 5037 5038 5039 5040 5041 5042 5043 5044 5045 5046 5047 5048 5049 5050 5051 5052 5053 5054 5055 5056 5057 5058 5059 5060 5061 5062 5063 5064 5065 5066 5067 5068 5069 5070 5071 10111 5072 5073 5074 5075 5076 5077 5078 5079 5080 5081 5082 5083 5084 5085 5086 5087 5088 5089 5090 5091 5092 5093 5094 5095 5096 5097 5098 5099 5100 5101 5102 5103 5104 5105 5106 5107 5108 5109 5110 5111 5112 5113 5114 5115 5116 5117 5118 5119 5120 5121 5122 5123 5124 5125 5126 5127 5128 5129 5130 5131 5132 5133 5134 5135 5136 5137 5138 5139 5140 5141 5142 5143 5144 5145 5146 5147 5148 5149 5150 5151 5152 5153 5154 5155 5156 5157 5158 5159 5160 5161 5162 5163 5164 5165 5166 5167 5168 5169 5170 5171 5172 5173 5174 5175 5176 5177 5178 5179 5180 5181 5182 5183 5184 5185 5186 5187 5188 5189 5190 5191 5192 5193 5194 5195 5196 5197 5198 5199 5200 5201 5202 5203 5204 5205 5206 5207 5208 5209 5210 5211 5212 5213 5214 5215 5216 5217 5218 5219 5220 5221 5222 5223 5224 5225 5226 5227 5228 5229 5230 5231 5232 5233 5234 5235 5236 5237 5238 5239 5240 5241 5242 5243 5244 5245 5246 5247 5248 5249 5250 5251 5252 5253 5254 5255 5256 5257 5258 5259 5260 5261 5262 5263 5264 5265 5266 5267 5268 5269 5270 5271 5272 5273 5274 5275 5276 5277 5278 5279 5280 5281 5282 5283 5284 5285 5286 5287 5288 5289 5290 5291 5292 5293 5294 5295 5296 5297 5298 5299 5300 5301 5302 5303 5304 5305 5306 5307 5308 5309 5310 5311 5312 5313 5314 5315 5316 5317 5318 5319 5320 5321 5322 5323 5324 5325 5326 5327 5328 5329 5330 5331 5332 5333 5334 5335 5336 5337 5338 5339 5340 5341 5342 5343 5344 5345 5346 5347 5348 5349 5350 5351 5352 5353 5354 5355 5356 5357 5358 5359 5360 5361 5362 5363 5364 5365 5366 5367 5368 5369 5370 5371 5372 5373 5374 5375 5376 5377 5378 5379 5380 5381 5382 5383 5384 5385 5386 5387 5388 5389 5390 5391 5392 5393 5394 5395 5396 5397 5398 5399 5400 5401 5402 5403 5404 5405 5406 5407 5408 5409 5410 5411 5412 5413 5414 5415 5416 5417 5418 5419 5420 5421 5422 5423 5424 5425 5426 5427 5428 5429 5430 5431 5432 5433 5434 5435 5436 5437 5438 5439 5440 5441 5442 5443 5444 5445 5446 5447 5448 5449 5450 5451 5452 5453 5454 5455 5456 5457 5458 5459 5460 5461 5462 5463 5464 5465 5466 5467 5468 5469 5470 5471 5472 5473 5474 5475 5476 5477 5478 5479 5480 5481 5482 5483 5484 5485 5486 5487 5488 5489 5490 5491 5492 5493 5494 5495 5496 5497 5498 5499 5500 5501 5502 5503 5504 5505 5506 5507 5508 5509 5510 5511 5512 5513 5514 5515 5516 5517 5518 5519 5520 5521 5522 5523 5524 5525 5526 5527 5528 5529 5530 5531 5532 5533 5534 5535 5536 5537 5538 5539 5540 5541 5542 5543 5544 5545 5546 5547 5548 5549 5550 5551 5552 5553 5554 5555 5556 5557 5558 5559 5560 5561 5562 5563 5564 5565 5566 5567 5568 5569 5570 5571 5572 5573 5574 5575 5576 5577 5578 5579 5580 5581 5582 5583 5584 5585 5586 5587 5588 5589 5590 5591 5592 5593 5594 5595 5596 5597 5598 5599 5600 5601 5602 5603 5604 5605 5606 5607 5608 5609 5610 5611 5612 5613 5614 5615 5616 5617 5618 5619 5620 5621 5622 5623 5624 5625 5626 5627 5628 5629 5630 5631 5632 5633 5634 5635 5636 5637 5638 5639 5640 5641 5643 5644 5645 5646 5647 5648 5649 5650 5651 5652 5653 5654 5655 5656 5657 5658 5659 5660 5661 5662 5663 5664 5665 5666 5667 5668 5669 5670 5671 5672 5673 5674 5675 5676 5677 5678 5679 5680 5681 5682 5683 5684 5685 5686 5687 5688 5689 5690 5691 5692 5693 5694 5695 5696 5697 5698 5699 5700 5701 5702 5703 5704 5705 5706 5707 5708 5709 5710 5711 5712 5713 5714 5715 5716 5717 5718 5719 5720 5721 5722 5723 5724 5725 5726 5727 5728 5729 5730 5731 5732 5733 5734 5735 5736 5737 5738 5739 5740 5741 5742 5743 5744 5745 5746 5747 5748 5749 5750 5751 5752 5753 5754 5755 5756 5757 5758 5759 5760 5761 5762 5763 5764 5765 5766 5767 5768 5769 5770 5771 5772 5773 5774 5775 5776 5777 5778 5779 5780 5781 5782 5783 5784 5785 5786 5787 5788 5789 5790 5791 5792 5793 5794 5795 5796 5797 5798 5799 5800 5801 5802 5803 5804 5805 5806 5807 5808 5809 5810 5811 5812 5813 5814 5815 5816 5817 5818 5819 5820 5821 5822 5823 5824 5825 5826 5827 5828 5829 5830 5831 5832 5833 5834 5835 5836 5837 5838 5839 5840 5841 5842 5843 5844 5845 5846 5847 5848 5849 5850 5851 5852 5853 5854 5855 5856 5857 5858 5859 5860 5861 5862 5863 5864 5865 5866 5867 5868 5869 5870 5871 5872 5873 5874 5875 5876 5877 5878 5879 5880 5881 5882 5883 5884 5885 5886 5887 5888 5889 5890 5891 5892 5893 5894 5895 5896 5897 5898 5899 5900 5901 5902 5903 5904 5905 5906 5907 5908 5909 5910 5911 5912 5913 5914 5915 5916 5917 5918 5919 5920 5921 5922 5923 5924 5925 5926 5927 5928 5929 5930 5931 5932 5933 5934 5935 5936 5937 5938 5939 5940 5941 5942 5943 5944 5945 5946 5947 5948 5949 5950 5951 5952 5953 5954 5955 5956 5957 5958 5959 5960 5961 5962 5963 5964 5965 5966 5967 5968 5969 5970 5971 5972 5973 5974 5975 5976 5977 5978 5979 5980 5981 5982 5983 5984 5985 5986 5987 5988 5989 5990 5991 5992 5993 5994 5995 5996 5997 5998 5999 6000 6001 6002 6003 6004 6005 6006 6007 6008 6009 6010 6011 6012 6013 6014 6015 6016 6017 6018 6019 6020 6021 6022 6023 6024 6025 6026 6027 6028 6029 6030 6031 6032 6033 6034 6035 6036 6037 6038 6039 6040 6041 6042 6043 6044 6045 6046 6047 6048 6049 6050 6051 6052 6053 6054 6055 6056 6057 6058 6059 6060 6061 6062 6063 6064 6065 6066 6067 6068 6069 6070 6071 6072 6073 6074 6075 6076 6077 6078 6079 6080 6081 6082 6083 6084 6085 6086 6087 6088 6089 6090 6091 6092 6093 6094 6095 6096 6097 6098 6099 6100 6101 6102 6103 6104 6105 6106 6107 6108 6109 6110 6111 6112 6113 6114 6115 6116 6117 6118 6119 6120 6121 6122 6123 6124 6125 6126 6127 6128 6129 6130 6131 6132 6133 6134 6135 6136 6137 6138 6139 6140 6141 6142 6143 6144 6145 6146 6147 6148 6149 6150 6151 6152 6153 6154 6155 6156 6157 6158 6159 6160 6161 6162 6163 6164 6165 6166 6167 6168 6169 6170 6171 6172 6173 6174 6175 6176 6177 6178 6179 6180 6181 6182 6183 6184 6185 6186 6187 6188 6189 6190 6191 6192 6193 6194 6195 6196 6197 6198 6199 6200 6201 6202 6203 6204 6205 6206 6207 6208 6209 6210 6211 6212 6213 6214 6215 6216 6217 6218 6219 6220 6221 6222 6223 6224 6225 6226 6227 6228 6229 6230 6231 6232 6233 6234 6235 6236 6237 6238 6239 6240 6241 6242 6243 6244 6245 6246 6247 6248 6249 6250 6251 6252 6253 6254 6255 6256 6257 6258 6259 6260 6261 6262 6263 6264 6265 6266 6267 6268 6269 6270 6271 6272 6273 6274 6275 6276 6277 6278 6279 6280 6281 6282 6283 6284 6285 6286 6287 6288 6289 6290 6291 6292 6293 6294 6295 6296 6297 6298 6299 6300 6301 6302 6303 6304 6305 6306 6307 6308 6309 6310 6311 6312 6313 6314 6315 6316 6317 6318 6319 6320 6321 6322 6323 6324 6325 6326 6327 6328 6329 6330 6331 6332 6333 6334 6335 6336 6337 6338 6339 6340 6341 6342 6343 6344 6345 6346 6347 6348 6349 6350 6351 6352 6353 6354 6355 6356 6357 6358 6359 6360 6361 6362 6363 6364 6365 6366 6367 6368 6369 6370 6371 6372 6373 6374 6375 6376 6377 6378 6379 6380 6381 6382 6383 6384 6385 6386 6387 6388 6389 6390 6391 6392 6393 6394 6395 6396 6397 6398 6399 6400 6401 6402 6403 6404 6405 6406 6407 6408 6409 6410 6411 6412 6413 6414 6415 6416 6417 6418 6419 6420 6421 6422 6423 6424 6425 6426 6427 6428 6429 6430 6431 6432 6433 6434 6435 6436 6437 6438 6439 6440 6441 6442 6443 6444 6445 6446 6447 6448 6449 6450 6451 6452 6453 6454 6455 6456 6457 6458 6459 6460 6461 6462 6463 6464 6465 6466 6467 6468 6469 6470 6471 6472 6473 6474 6475 6476 6477 6478 6479 6480 6481 6482 6483 6484 6485 6486 6487 6488 6489 6490 6491 6492 6493 6494 6495 6496 6497 6498 6499 6500 6501 6502 6503 6504 6505 6506 6507 6508 6509 6510 6511 6512 6513 6514 6515 6516 6517 6518 6519 6520 6521 6522 6523 6524 6525 6526 6527 6528 6529 6530 6531 6532 6533 6534 6535 6536 6537 6538 6539 6540 6541 6542 6543 6544 6545 6546 6547 6548 6549 6550 6551 6552 6553 6554 6555 6556 6557 6558 6559 6560 6561 6562 6563 6564 6565 6566 6567 6568 6569 6570 6571 6572 6573 6574 6575 6576 6577 6578 6579 6580 6581 6582 6583 6584 6585 6586 6587 6588 6589 6590 6591 6592 6593 6594 6595 6596 6597 6598 6599 6600 6601 6602 6603 6604 6605 6606 6607 6608 6609 6610 6611 6612 6613 6614 6615 6616 6617 6618 6619 6620 6621 6622 6623 6624 6625 6626 6627 6628 6629 6630 6631 6632 6633 6634 6635 6636 6637 6638 6639 6640 6641 6642 6643 6644 6645 6646 6647 6648 6649 6650 6651 6652 6653 6654 6655 6656 6657 6658 6659 6660 6661 6662 6663 6664 6665 6666 6667 6668 6669 6670 6671 6672 6673 6674 6675 6676 6677 6678 6679 6680 6681 6682 6683 6684 6685 6686 6687 6688 6689 6690 6691 6692 6693 6694 6695 6696 6697 6698 6699 6700 6701 6702 6703 6704 6705 6706 6707 6708 6709 6710 6711 6712 6713 6714 6715 6716 6717 6718 6719 6720 6721 6722 6723 6724 6725 6726 6727 6728 6729 6730 6731 6732 6733 6734 6735 6736 6737 6738 6739 6740 6741 6742 6743 6744 6745 6746 6747 6748 6749 6750 6751 6752 6753 6754 6755 6756 6757 6758 6759 6760 6761 6762 6763 6764 6765 6766 6767 6768 6769 6770 6771 6772 6773 6774 6775 6776 6777 6778 6779 6780 6781 6782 6783 6784 6785 6786 6787 6788 6789 6790 6791 6792 6793 6794 6795 6796 6797 6798 6799 6800 6801 6802 6803 6804 6805 6806 6807 6808 6809 6810 6811 6812 6813 6814 6815 6816 6817 6818 6819 6820 6821 6822 6823 6824 6825 6826 6827 6828 6829 6830 6831 6832 6833 6834 6835 6836 6837 6838 6839 6840 6841 6842 6843 6844 6845 6846 6847 6848 6849 6850 6851 6852 6853 6854 6855 6856 6857 6858 6859 6860 6861 6862 6863 6864 6865 6866 6867 6868 6869 6870 6871 6872 6873 6874 6875 6876 6877 6878 6879 6880 6881 6882 6883 6884 6885 6886 6887 6888 6889 6890 6891 6892 6893 6894 6895 6896 6897 6898 6899 6900 6901 6902 6903 6904 6905 6906 6907 6908 6909 6910 6911 6912 6913 6914 6915 6916 6917 6918 6919 6920 6921 6922 6923 6924 6925 6926 6927 6928 6929 6930 6931 6932 6933 6934 6935 6936 6937 6938 6939 6940 6941 6942 6943 6944 6945 6946 6947 6948 6949 6950 6951 6952 6953 6954 6955 6956 6957 6958 6959 6960 6961 6962 6963 6964 6965 6966 6967 6968 6969 6970 6971 6972 6973 6974 6975 6976 6977 6978 6979 6980 6981 6982 6983 6984 6985 6986 6987 6988 6989 6990 6991 6992 6993 6994 6995 6996 6997 6998 6999 7000 7001 7002 7003 7004 7005 7006 7007 7008 7009 7010 7011 7012 7013 7014 7015 7016 7017 7018 7019 7020 7021 7022 7023 7024 7025 7026 7027 7028 7029 7030 7031 7032 7033 7034 7035 7036 7037 7038 7039 7040 7041 7042 7043 7044 7045 7046 7047 7048 7049 7050 7051 7052 7053 7054 7055 7056 7057 7058 7059 7060 7061 7062 7063 7064 7065 7066 7067 7068 7069 7070 7071 7072 7073 7074 7075 7076 7077 7078 7079 7080 7081 7082 7083 7084 7085 7086 7087 7088 7089 7090 7091 7092 7093 7094 7095 7096 7097 7098 7099 7100 7101 7102 7103 7104 7105 7106 7107 7108 7109 7110 7111 7112 7113 7114 7115 7116 7117 7118 7119 7120 7121 7122 7123 7124 7125 7126 7127 7128 7129 7130 7131 7132 7133 7134 7135 7136 7137 7138 7139 7140 7141 7142 7143 7144 7145 7146 7147 7148 7149 7150 7151 7152 7153 7154 7155 7156 7157 7158 7159 7160 7161 7162 7163 7164 7165 7166 7167 7168 7169 7170 7171 7172 7173 7174 7175 7176 7177 7178 7179 7180 7181 7182 7183 7184 7185 7186 7187 7188 7189 7190 7191 7192 7193 7194 7195 7196 7197 7198 7199 7200 7201 7202 7203 7204 7205 7206 7207 7208 7209 7210 7211 7212 7213 7214 7215 7216 7217 7218 7219 7220 7221 7222 7223 7224 7225 7226 7227 7228 7229 7230 7231 7232 7233 7234 7235 7236 7237 7238 7239 7240 7241 7242 7243 7244 7245 7246 7247 7248 7249 7250 7251 7252 7253 7254 7255 7256 7257 7258 7259 7260 7261 7262 7263 7264 7265 7266 7267 7268 7269 7270 7271 7272 7273 7274 7275 7276 7277 7278 7279 7280 7281 7282 7283 7284 7285 7286 7287 7288 7289 7290 7291 7292 7293 7294 7295 7296 7297 7298 7299 7300 7301 7302 7303 7304 7305 7306 7307 7308 7309 7310 7311 7312 7313 7314 7315 7316 7317 7318 7319 7320 7321 7322 7323 7324 7325 7326 7327 7328 7329 7330 7331 7332 7333 7334 7335 7336 7337 7338 7339 7340 7341 7342 7343 7344 7345 7346 7347 7348 7349 7350 7351 7352 7353 7354 7355 7356 7357 7358 7359 7360 7361 7362 7363 7364 7365 7366 7367 7368 7369 7370 7371 7372 7373 7374 7375 7376 7377 7378 7379 7380 7381 7382 7383 7384 7385 7386 7387 7388 7389 7390 7391 7392 7393 7394 7395 7396 7397 7398 7399 7400 7401 7402 7403 7404 7405 7406 7407 7408 7409 7410 7411 7412 7413 7414 7415 7416 7417 7418 7419 7420 7421 7422 7423 7424 7425 7426 7427 7428 7429 7430 7431 7432 7433 7434 10120 7435 7436 7437 7438 7439 7440 7441 7442 7443 7444 7445 7446 7447 7448 7449 7450 7451 7452 7453 7454 7455 7456 7457 7458 7459 7460 7461 7462 7463 7464 7465 7466 7467 7468 7469 7470 7471 7472 7473 7474 7475 7476 7477 7478 7479 7480 7481 7482 7483 7484 7485 7486 7487 7488 7489 7490 7491 7492 7493 7494 7495 7496 7497 7498 7499 7500 7501 7502 7503 7504 7505 7506 7507 7508 7509 7510 7511 7512 7513 7514 7515 7516 7517 7518 7519 7520 7521 7522 7523 7524 7525 7526 7527 7528 7529 7530 7531 7532 7533 7534 7535 7536 7537 7538 7539 7540 7541 7542 7543 7544 7545 7546 7547 7548 7549 7550 7551 7552 7553 7554 7555 7556 7557 7558 7559 7560 7561 7562 7563 7564 7565 7566 7567 7568 7569 7570 7571 7572 7573 7574 7575 7576 7577 7578 7579 7580 7581 7582 7583 7584 7585 7586 7587 7588 7589 7590 7591 7592 7593 7594 7595 7596 7597 7598 7599 7600 7601 7602 7603 7604 7605 7606 7607 7608 7609 7610 7611 7612 7613 7614 7615 7616 7617 7618 7619 7620 7621 7622 7623 7624 7625 7626 7627 7628 7629 7630 7631 7632 7633 7634 7635 7636 7637 7638 7639 7640 7641 7642 7643 7644 7645 7646 7647 7648 7649 7650 7651 7652 7653 7654 7655 7656 7657 7658 7659 7660 7661 7662 7663 7664 7665 7666 7667 7668 7669 7670 7671 7672 7673 7674 7675 7676 7677 7678 7679 7680 7681 7682 7683 7684 7685 7686 7687 7688 7689 7690 7691 7692 7693 7694 7695 7696 7697 7698 7699 7700 7701 7702 7703 7704 7705 7706 7707 7708 7709 7710 7711 7712 7713 7714 7715 7716 7717 7718 7719 7720 7721 7722 7723 7724 7725 7726 7727 7728 7729 7730 7731 7732 7733 7734 7735 7736 7737 7738 7739 7740 7741 7742 7743 7744 7745 7746 7747 7748 7749 7750 7751 7752 7753 7754 7755 7756 7757 7758 7759 7760 7761 7762 7763 7764 7765 7766 7767 7768 7769 7770 7771 7772 7773 7774 7775 7776 7777 7778 7779 7780 7781 7782 7783 7784 7785 7786 7787 7788 7789 7790 7791 7792 7793 7794 7795 7796 7797 7798 7799 7800 7801 7802 7803 7804 7805 7806 7807 7808 7809 7810 7811 7812 7813 7814 7815 7816 7817 7818 7819 7820 7821 7822 7823 7824 7825 7826 7827 7828 7829 7830 7831 7832 7833 7834 7835 7836 7837 7838 7839 7840 7841 7842 7843 7844 7845 7846 7847 7848 7849 7850 7851 7852 7853 7854 7855 7856 7857 7858 7859 7860 7861 7862 7863 7864 7865 7866 7867 7868 7869 7870 7871 7872 7873 7874 7875 7876 7877 7878 7879 7880 7881 7882 7883 7884 7885 7886 7887 7888 7889 7890 7891 7892 7893 7894 7895 7896 7897 7898 7899 7900 7901 7902 7903 7904 7905 7906 7907 7908 7909 7910 7911 7912 7913 7914 7915 7916 7917 7918 7919 7920 7921 7922 7923 7924 7925 7926 7927 7928 7929 7930 7931 7932 7933 7934 7935 7936 7937 7938 7939 7940 7941 7942 7943 7944 7945 7946 7947 7948 7949 7950 7951 7952 7953 7954 7955 7956 7957 7958 7959 7960 7961 7962 7963 7964 7965 7966 7967 7968 7969 7970 7971 7972 7973 7974 7975 7976 7977 7978 7979 7980 7981 7982 7983 7984 7985 7986 7987 7988 7989 7990 7991 7992 7993 7994 7995 7996 7997 7998 7999 8000 8001 8002 8003 8004 8005 8006 8007 8008 8009 8010 8011 8012 8013 8014 8015 8016 8017 8018 8019 8020 8021 8022 8023 8024 8025 8026 8027 8028 8029 8030 8031 8032 8033 8034 8035 8036 8037 8038 8039 8040 8041 8042 8043 8044 8045 8046 8047 8048 8049 8050 8051 8052 8053 8054 8055 8056 8057 8058 8059 8060 8061 8062 8063 8064 8065 8066 8067 8068 8069 8070 8071 8072 8073 8074 8075 8076 8077 8078 8079 8080 8081 8082 8083 8084 8085 8086 8087 8088 8089 8090 8091 8092 8093 8094 8095 8096 8097 8098 8099 8100 8101 8102 8103 8104 8105 8106 8107 8108 8109 8110 8111 8112 8113 8114 8115 8116 8117 8118 8119 8120 8121 8122 8123 8124 8125 8126 8127 8128 8129 8130 8131 8132 8133 8134 8135 8136 8137 8138 8139 8140 8141 8142 8143 8144 8145 8146 8147 8148 8149 8150 8151 8152 8153 8154 8155 8156 8157 8158 8159 8160 8161 8162 8163 8164 8165 8166 8167 8168 8169 8170 8171 8172 8173 8174 8175 8176 8177 8178 8179 8180 8181 8182 8183 8184 8185 8186 8187 8188 8189 8190 8191 8192 8193 8194 8195 8196 8197 8198 8199 8200 8201 8202 8203 8204 8205 8206 8207 8208 8209 8210 8211 8212 8213 8214 8215 8216 8217 8218 8219 8220 8221 8222 8223 8224 8225 8226 8227 8228 8229 8230 8231 8232 8233 8234 8235 8236 8237 8238 8239 8240 8241 8242 8243 8244 8245 8246 8247 8248 8249 8250 8251 8252 8253 8254 8255 8256 8257 8258 8259 8260 8261 8262 8263 8264 8265 8266 8267 8268 8269 8270 8271 8272 8273 8274 8275 8276 8277 8278 8279 8280 8281 8282 8283 8284 8285 8286 8287 8288 8289 8290 8291 8292 8293 8294 8295 8296 8297 8298 8299 8300 8301 8302 8303 8304 8305 8306 8307 8308 8309 8310 8311 8312 8313 8314 8315 8316 8317 8318 8319 8320 8321 8322 8323 8324 8325 8326 8327 8328 8329 8330 8331 8332 8333 8334 8335 8336 8337 8338 8339 8340 8341 8342 8343 8344 8345 8346 8347 8348 8349 8350 8351 8352 8353 8354 8355 8356 8357 8358 8359 8360 8361 8362 8363 8364 8365 8366 8367 8368 8369 8370 8371 8372 8373 8374 8375 8376 8377 8378 8379 8380 8381 8382 8383 8384 8385 8386 8387 8388 8389 8390 8391 8392 8393 8394 8395 8396 8397 8398 8399 8400 8401 8402 8403 8404 8405 8406 8407 8408 8409 8410 8411 8412 8413 8414 8415 8416 8417 8418 8419 8420 8421 8422 8423 8424 8425 8426 8427 8428 8429 8430 8431 8432 8433 8434 8435 8436 8437 8438 8439 8440 8441 8442 8443 8444 8445 8446 8447 8448 8449 8450 8451 8452 8453 8454 8455 8456 8457 8458 8459 8460 8461 8462 8463 8464 8465 8466 8467 8468 8469 8470 8471 8472 8473 8474 8475 8476 8477 8478 8479 8480 8481 8482 8483 8484 8485 8486 8487 8488 8489 8490 8491 8492 8493 8494 8495 8496 8497 8498 8499 8500 8501 8502 8503 8504 8505 8506 8507 8508 8509 8510 8511 8512 8513 8514 8515 8516 8517 8518 8519 8520 8521 8522 8523 8524 8525 8526 8527 8528 8529 8530 8531 8532 8533 8534 8535 8536 8537 8538 8539 8540 8541 8542 8543 8544 8545 8546 8547 8548 8549 8550 8551 8552 8553 8554 8555 8556 8557 8558 8559 8560 8561 8562 8563 8564 8565 8566 8567 8568 8569 8570 8571 8572 8573 8574 8575 8576 8577 8578 8579 8580 8581 8582 8583 8584 8585 8586 8587 8588 8589 8590 8591 8592 8593 8594 8595 8596 8597 8598 8599 8600 8601 8602 8603 8604 8605 8606 8607 8608 8609 8610 8611 8612 8613 8614 8615 8616 8617 8618 8619 8620 8621 8622 8623 8624 8625 8626 8627 8628 8629 8630 8631 8632 8633 8634 8635 8636 8637 8638 8639 8640 8641 8642 8643 8644 8645 8646 8647 8648 8649 8650 8651 8652 8653 8654 8655 8656 8657 8658 8659 8660 8661 8662 8663 8664 8665 8666 8667 8668 8669 8670 8671 8672 8673 8674 8675 8676 8677 8678 8679 8680 8681 8682 8683 8684 8685 8686 8687 8688 8689 8690 8691 8692 8693 8694 8695 8696 8697 8698 8699 8700 8701 8702 8703 8704 8705 8706 8707 8708 8709 8710 8711 8712 8713 8714 8715 8716 8717 8718 8719 8720 8721 8722 8723 8724 8725 8726 8727 8728 8729 8730 8731 8732 8733 8734 8735 8736 8737 8738 8739 8740 8741 8742 8743 8744 8745 8746 8747 8748 8749 8750 8751 8752 8753 8754 8755 8756 8757 8758 8759 8760 8761 8762 8763 8764 8765 8766 8767 8768 8769 8770 8771 8772 8773 8774 8775 8776 8777 8778 8779 8780 8781 8782 8783 8784 8785 8786 8787 8788 8789 8790 8791 8792 8793 8794 8795 8796 8797 8798 8799 8800 8801 8802 8803 8804 8805 8806 8807 8808 8809 8810 8811 8812 8813 8814 8815 8816 8817 8818 8819 8820 8821 8822 8823 8824 8825 8826 8827 8828 8829 8830 8831 8832 8833 8834 8835 8836 8837 8838 8839 8840 8841 8842 8843 8844 8845 8846 8847 8848 8849 8850 8851 8852 8853 8854 8855 8856 8857 8858 8859 8860 8861 8862 8863 8864 8865 8866 8867 8868 8869 8870 8871 8872 8873 8874 8875 8876 8877 8878 8879 8880 8881 8882 8883 8884 8885 8886 8887 8888 8889 8890 8891 8892 8893 8894 8895 8896 8897 8898 8899 8900 8901 8902 8903 8904 8905 8906 8907 8908 8909 8910 8911 8912 8913 8914 8915 8916 8917 8918 8919 8920 8921 8922 8923 8924 8925 8926 8927 8928 8929 8930 8931 8932 8933 8934 8935 8936 8937 8938 8939 8940 8941 8942 8943 8944 8945 8946 8947 8948 8949 8950 8951 8952 8953 8954 8955 8956 8957 8958 8959 8960 8961 8962 8963 8964 8965 8966 8967 8968 8969 8970 8971 8972 8973 8974 8975 8976 8977 8978 8979 8980 8981 8982 8983 8984 8985 8986 8987 8988 8989 8990 8991 8992 8993 8994 8995 8996 8997 8998 8999 9000 9001 9002 9003 9004 9005 9006 9007 9008 9009 9010 9011 9012 9013 9014 9015 9016 9017 9018 9019 9020 9021 9022 9023 9024 9025 9026 9027 9028 9029 9030 9031 9032 9033 9034 9035 9036 9037 9038 9039 9040 9041 9042 9043 9044 9045 9046 9047 9048 9049 9050 9051 9052 9053 9054 9055 9056 9057 9058 9059 9060 9061 9062 9063 9064 9065 9066 9067 9068 9069 9070 9071 9072 9073 9074 9075 9076 9077 9078 9079 9080 9081 9082 9083 9084 9085 9086 9087 9088 9089 9090 9091 9092 9093 9094 9095 9096 9097 9098 9099 9100 9101 9102 9103 9104 9105 9106 9107 9108 9109 9110 9111 9112 9113 9114 9115 9116 9117 9118 9119 9120 9121 9122 9123 9124 9125 9126 9127 9128 9129 9130 9131 9132 9133 9134 9135 9136 9137 9138 9139 9140 9141 9142 9143 9144 9145 9146 9147 9148 9149 9150 9151 9152 9153 9154 9155 9156 9157 9158 9159 9160 9161 9162 9163 9164 9165 9166 9167 9168 9169 9170 9171 9172 9173 9174 9175 9176 9177 9178 9179 9180 9181 9182 9183 9184 9185 9186 9187 9188 9190 9191 9192 9193 9194 9195 9196 9197 9198 9199 9200 9201 9202 9203 9204 9205 9206 9207 9208 9209 9210 9211 9212 9213 9214 9215 9216 9217 9218 9219 9220 9221 9222 9223 9224 9225 9226 9227 9228 9229 9230 9231 9232 9233 9234 9235 9236 9237 9238 9239 9240 9241 9242 9243 9244 9245 9246 9247 9248 9249 9250 9251 9252 9253 9254 9255 9256 9257 9258 9259 9260 9261 9262 9263 9264 9265 9266 9267 9268 9269 9270 9271 9272 9273 9274 9275 9276 9277 9278 9279 9280 9281 9282 9283 9284 9285 9286 9287 9288 9289 9290 9291 9292 9293 9294 9295 9296 9297 9298 9299 9300 9301 9302 9303 9304 9305 9306 9307 9308 9309 9310 9311 9312 9313 9314 9315 9316 9317 9318 9319 9320 9321 9322 10107 9323 9324 9325 9326 9327 9328 9329 9330 9331 9332 9333 9334 9335 9336 9337 9338 9339 9340 9341 9342 9343 9344 9345 9346 9347 9348 9349 9350 9351 9352 9353 9354 9355 9356 9357 9358 9359 9360 9361 9362 9363 9364 9365 9366 9367 9368 9369 9370 9371 9372 9373 9374 9375 9376 9377 9378 9379 9380 9381 9382 9383 9384 9385 9386 9387 9388 9389 9390 9391 9392 9393 9394 9395 9396 9397 9398 9399 9400 9401 9402 9403 9404 9405 9406 9407 9408 9409 9410 9411 9412 9413 9414 9415 9416 9417 9418 9419 9420 9421 9422 9423 9424 9425 9426 9427 9428 9429 9430 9431 9432 9433 9434 9435 9436 9437 9438 9439 9440 9441 9442 9443 9444 9445 9446 9447 9448 9449 9450 9451 9452 9453 9454 9455 9456 9457 9458 9459 9460 9461 9462 9463 9464 9465 9466 9467 9468 9469 9470 9471 9472 9473 9474 9475 9476 9477 9478 9479 9480 9481 9482 9483 9484 9485 9486 9487 9488 9489 9490 9491 9492 9493 9494 9495 9496 9497 9498 9499 9500 9501 9502 9503 9504 9505 9506 9507 9508 9509 9510 9511 9512 9513 9514 9515 9516 9517 9518 9519 9520 9521 9522 9523 9524 9525 9526 9527 9528 9529 9530 9531 9532 9533 9534 9535 9536 9537 9538 9539 9540 9541 9542 9543 9544 9545 9546 9547 9548 9549 9550 9551 9552 9553 9554 9555 9556 9557 9558 9559 9560 9561 9562 9563 9564 9565 9566 9567 9568 9569 9570 9571 9572 9573 9574 9575 9576 9577 9578 9579 9580 9581 9582 9583 9584 9585 9586 9587 9588 9589 9590 9591 9592 9593 9594 9595 9596 9597 9598 9599 9600 9601 9602 9603 9604 9605 9606 9607 9608 9609 9610 9611 9612 9613 9614 9615 9616 9617 9618 9619 9620 9621 9622 9623 9624 9625 9626 9627 9628 9629 9630 9631 9632 9633 9634 9635 9636 9637 9638 9639 9640 9641 9642 9643 9644 9645 9646 9647 9648 9649 9650 9651 9652 9653 9654 9655 9656 9657 9658 9659 9660 9661 9662 9663 9664 9665 9666 9667 9668 9669 9670 9671 9672 9673 9674 9675 9676 9677 9678 9679 9680 9681 9682 9683 9684 9685 9686 9687 9688 9689 9690 9691 9692 9693 9694 9695 9696 9697 9698 9699 9700 9701 9702 9703 9704 9705 9706 9707 9708 9709 9710 9711 9712 9713 9714 9715 9716 9717 9718 9719 9720 9721 9722 9723 9724 9725 9726 9727 9728 9729 9730 9731 9732 9733 9734 9735 9736 9737 9738 9739 9740 9741 9742 9743 9744 9745 9746 9747 9748 9749 9750 9751 9752 9753 9754 9755 9756 9757 9758 9759 9760 9761 9762 9763 9764 9765 9766 9767 9768 9769 9770 9771 9772 9773 9774 9775 9776 9777 9778 9779 9780 9781 9782 9783 9784 9785 9786 9787 9788 9789 9790 9791 9792 9793 9794 9795 9796 9797 9798 9799 9800 9801 9802 9803 9804 9805 9806 9807 9808 9809 9810 9811 9812 9813 9814 9815 9816 9817 9818 9819 9820 9821 9822 9823 9824 9825 9826 9827 9828 9829 9830 9831 9832 9833 9834 9835 9836 9837 9838 9839 9840 9841 9842 9843 9844 9845 9846 9847 9848 9849 9850 9851 9852 9853 9854 9855 9856 9857 9858 9859 9860 9861 9862 9863 9864 9865 9866 9867 9868 9869 9870 9871 9872 9873 9874 9875 9876 9877 9878 9879 9880 9881 9882 9883 9884 9885 9886 9887 9888 9889 9890 9891 9892 9893 9894 9895 9896 9897 9898 9899 9900 9901 9902 9903 9904 9905 9906 9907 9908 9909 9910 9911 9912 9913 9914 9915 9916 9917 9918 9919 9920 9921 9922 9923 9924 9925 9926 9927 9928 9929 9930 9931 9932 9933 9934 9935 9936 9937 9938 9939 9940 9941 9942 9943 9944 9945 9946 9947 9948 9949 9950 9951 9952 9953 9954 9955 9956 9957 9958 9959 9960 9961 9962 9963 9964 9965 9966 9967 9968 9969 9970 9971 9972 9973 9974 9975 9976 9977 9978 9979 9980 9981 9982 9983 9984 9985 9986 9987 9988 9989 9990 9991 9992 9993 9994 9995 9996 9997 9998 9999 10000 10001 10002 10003 10004 10005 10006 10007 10008 10009 10010 10011 10012 10013 10014 10015 10016 10017 10018 10019 10020 10021 10022 10023 10024 10025 10026 10027 10028 10029 10030 10031 10032 10033 10034 10035 10036 10037 10038 10039 10040 10041 10042 10043 10044 10045 10046 10047 10048 10049 10050 10051 10052 10053 10054 10055 10056 10057 10058 10059 10060 10061 10062 10063 10064 10065 10066 10067 10068 10069 10070 10071 10072 10073 10074 10075 10076 10077 10078 10079 10080 10081 10082 10083 10084 10085 10086 10087 10088 10089 10090 10091 10092 10093 10094 10095 10096 10097 10098 10099 10100 10101
Population went extinct at generation 74821
