// Initial random seed:
2738101178184

// RunInitializeCallbacks():
initializeSLiMModelType(modelType = 'nonWF');
initializeMutationType(1, 0.5, "f", 0);
initializeMutationType(2, 0.5, "g", -0.05, 0.23);
initializeMutationType(3, 0.5, "e", 0.001);
initializeGenomicElementType(1, c(m1, m2, m3), c(0, 0.99, 0.01));
initializeGenomicElement(g1, 0, 5000000);
initializeMutationRate(1e-07);
initializeRecombinationRate(1e-06);

// Starting run at tick <start>:
1 

WARNING: Population near extinction at generation 85752 with 3 individuals
#OUT: 85752 85752 A
Version: 4
Populations:
p1 3 H
Mutations:
757 74868 m2 517392 -3.57429453e-05 0.5 p1 88 6
3535 76581 m2 2397364 -7.81628628e-08 0.5 p1 90 6
685 86840 m2 466684 -7.24571873e-05 0.5 p1 102 6
5762 91638 m2 3939921 -3.74618976e-05 0.5 p1 108 6
6593 100542 m2 4526753 -0.00194722682 0.5 p1 119 6
3469 120629 m2 2338079 -0.000390548666 0.5 p1 144 6
4355 130804 m2 2965094 -0.000111733287 0.5 p1 157 6
4930 136541 m2 3365947 -0.000173003646 0.5 p1 164 6
508 155404 m2 337361 -5.51069579e-10 0.5 p1 188 6
316 170955 m2 193222 -0.000549300341 0.5 p1 208 6
6634 170971 m2 4555680 -3.11965669e-05 0.5 p1 208 6
2292 174346 m2 1553508 -1.19339191e-10 0.5 p1 213 6
6831 193044 m2 4698068 -5.45912577e-08 0.5 p1 236 6
3893 194339 m2 2649183 -9.3251665e-06 0.5 p1 238 6
2589 216010 m2 1755743 -6.11633659e-05 0.5 p1 266 6
6431 218165 m2 4397561 -0.000129616965 0.5 p1 269 6
6018 221021 m2 4142673 -0.000362608203 0.5 p1 273 6
4047 223630 m2 2744285 -1.19089748e-06 0.5 p1 276 6
4677 230746 m2 3209538 -2.90698572e-05 0.5 p1 286 6
4115 251522 m2 2786005 -2.99870553e-05 0.5 p1 313 6
7146 262429 m3 4910883 0.000395899377 0.5 p1 328 6
5098 297701 m2 3478432 -0.000456491107 0.5 p1 374 6
2300 305245 m2 1560020 -0.000754125882 0.5 p1 384 6
1638 355776 m2 1117302 -3.04254555e-09 0.5 p1 451 6
1678 357790 m2 1155943 -1.31862436e-07 0.5 p1 454 6
5526 363013 m2 3771406 -0.000113774273 0.5 p1 461 6
35 370897 m2 19529 -0.000668700028 0.5 p1 471 6
3573 372803 m2 2424536 -0.000347560039 0.5 p1 474 6
3375 381262 m2 2276384 -1.02735157e-05 0.5 p1 485 6
6415 384355 m2 4387733 -0.000521668524 0.5 p1 489 6
3932 402014 m2 2670060 -8.85254485e-06 0.5 p1 513 6
4139 413358 m2 2807079 -8.0055429e-08 0.5 p1 529 6
2619 414338 m2 1777178 -2.04048247e-05 0.5 p1 530 6
3308 423481 m2 2231349 -7.47549493e-05 0.5 p1 543 6
1093 427748 m2 736518 -1.47699723e-06 0.5 p1 548 6
6980 435507 m3 4792052 0.00050264952 0.5 p1 559 6
68 449555 m2 44226 -0.0016969674 0.5 p1 578 6
4081 462650 m2 2767377 -1.38080793e-06 0.5 p1 595 6
2724 476412 m2 1847399 -0.000316442165 0.5 p1 614 6
3441 478736 m2 2316181 -0.000106773994 0.5 p1 617 6
5618 496884 m2 3835117 -3.82606686e-06 0.5 p1 641 6
4536 501474 m2 3096399 -4.30201408e-06 0.5 p1 648 6
1554 532290 m3 1058537 3.4537079e-05 0.5 p1 689 6
1168 537586 m2 797477 -3.97411204e-05 0.5 p1 697 6
1990 539551 m2 1364508 -7.16121986e-06 0.5 p1 699 6
534 559377 m2 356002 -0.000306912872 0.5 p1 726 6
467 560426 m3 304971 0.00202848786 0.5 p1 727 6
6358 563155 m2 4358346 -0.000533089857 0.5 p1 731 6
550 568502 m2 367642 -1.39437715e-11 0.5 p1 738 6
4611 575360 m2 3154302 -1.33877666e-05 0.5 p1 747 6
4305 579154 m2 2930750 -4.32879332e-09 0.5 p1 752 6
5350 588263 m2 3650806 -0.00123329984 0.5 p1 765 6
7013 595735 m2 4824976 -0.00108616974 0.5 p1 775 6
6217 596601 m2 4257423 -2.05922279e-05 0.5 p1 776 6
7016 608142 m2 4826436 -4.27471332e-06 0.5 p1 792 6
702 618601 m2 482141 -0.000220607049 0.5 p1 806 6
4346 625163 m2 2958858 -4.81999377e-05 0.5 p1 816 6
4117 632134 m2 2788860 -3.52521874e-06 0.5 p1 825 6
2407 679836 m2 1618158 -1.83552558e-07 0.5 p1 891 6
146 688346 m2 96813 -3.39707344e-06 0.5 p1 902 6
3356 691668 m2 2265347 -0.000556804065 0.5 p1 907 6
3236 692644 m2 2188500 -1.78645296e-05 0.5 p1 908 6
6940 725620 m3 4766372 0.00207348284 0.5 p1 953 6
2840 736651 m2 1930924 -0.000653448806 0.5 p1 968 6
2859 736652 m3 1942392 0.000704435166 0.5 p1 968 6
3150 736719 m2 2134623 -9.97439503e-14 0.5 p1 968 6
5663 738803 m2 3872407 -4.26014458e-06 0.5 p1 971 6
5107 750561 m2 3484823 -0.000724115816 0.5 p1 987 6
4094 767725 m2 2776573 -2.124395e-05 0.5 p1 1011 6
2211 771230 m2 1498554 -0.000684234255 0.5 p1 1016 6
566 787458 m2 381177 -3.55546726e-05 0.5 p1 1039 6
2958 788612 m3 2004867 0.00169416633 0.5 p1 1040 6
3933 793692 m3 2670344 0.00235151406 0.5 p1 1047 6
6563 799751 m2 4505545 -0.00128508359 0.5 p1 1055 6
6024 804958 m2 4147873 -1.27110461e-05 0.5 p1 1062 6
6379 823653 m2 4367903 -4.91196715e-06 0.5 p1 1088 6
4586 829328 m2 3134759 -0.000289155316 0.5 p1 1096 6
7178 839337 m2 4939195 -1.535401e-07 0.5 p1 1110 6
3886 880909 m2 2645581 -0.000799435482 0.5 p1 1168 6
5646 891106 m2 3853570 -4.38515073e-08 0.5 p1 1182 6
2467 905786 m2 1662314 -0.000650480564 0.5 p1 1203 6
6201 928015 m2 4247996 -1.73748742e-06 0.5 p1 1233 6
3188 929738 m2 2164654 -0.000134581554 0.5 p1 1236 6
2676 933586 m2 1815947 -7.24478668e-05 0.5 p1 1241 6
2149 933625 m2 1461065 -0.000211058185 0.5 p1 1241 6
718 937974 m2 490061 -0.000115050367 0.5 p1 1247 6
1946 956141 m3 1338253 0.000808183162 0.5 p1 1272 6
6160 957067 m2 4224383 -1.43937104e-05 0.5 p1 1273 6
4187 973781 m2 2840828 -0.000232978215 0.5 p1 1296 6
471 1004276 m2 306772 -5.90737727e-07 0.5 p1 1339 6
2588 1010672 m2 1755046 -0.00175999431 0.5 p1 1348 6
5797 1037867 m2 3965348 -0.000982385362 0.5 p1 1386 6
5561 1040712 m2 3793057 -0.000506249198 0.5 p1 1390 6
6076 1046260 m2 4176899 -0.00143462641 0.5 p1 1398 6
2881 1056689 m2 1956186 -2.875471e-05 0.5 p1 1412 6
7260 1059059 m2 4988607 -0.000386797183 0.5 p1 1415 6
2399 1059485 m2 1614605 -1.44846999e-05 0.5 p1 1416 6
4387 1092290 m2 2984475 -5.80466462e-07 0.5 p1 1462 6
4507 1113909 m2 3080534 -1.51387867e-05 0.5 p1 1492 6
3341 1127550 m2 2251268 -5.34610496e-13 0.5 p1 1511 6
1426 1143101 m2 972196 -0.00204429147 0.5 p1 1533 6
7186 1144901 m2 4942756 -9.06686728e-06 0.5 p1 1535 6
2761 1147225 m2 1874612 -1.67139406e-05 0.5 p1 1539 6
7140 1179429 m3 4909131 0.000956247561 0.5 p1 1583 6
4597 1182205 m2 3145397 -0.00114343734 0.5 p1 1586 6
4184 1196071 m2 2838510 -3.49125075e-05 0.5 p1 1606 6
351 1197409 m2 217894 -8.51974391e-07 0.5 p1 1608 6
6821 1206150 m2 4691411 -6.24534223e-05 0.5 p1 1620 6
4023 1217878 m2 2726129 -1.48864558e-06 0.5 p1 1636 6
1285 1242659 m2 868071 -0.000553124759 0.5 p1 1670 6
1537 1249512 m2 1045765 -1.02815624e-10 0.5 p1 1680 6
1928 1249964 m2 1324352 -4.01251827e-06 0.5 p1 1680 6
3465 1262169 m2 2332270 -6.86202329e-05 0.5 p1 1698 6
3577 1265733 m2 2428348 -1.72032323e-05 0.5 p1 1702 6
3013 1269227 m2 2045915 -4.75913293e-05 0.5 p1 1707 6
770 1269816 m2 524460 -1.37721747e-06 0.5 p1 1708 6
4939 1271005 m3 3375394 0.00141905306 0.5 p1 1710 6
3905 1292067 m2 2654699 -2.8307025e-07 0.5 p1 1740 6
6597 1292778 m2 4530898 -9.85225051e-05 0.5 p1 1741 6
4124 1304672 m2 2795938 -3.28378665e-05 0.5 p1 1758 6
7206 1321693 m2 4957633 -1.55399757e-05 0.5 p1 1782 6
7035 1334567 m2 4839540 -0.000159932271 0.5 p1 1801 6
1513 1334823 m3 1031197 0.000352198374 0.5 p1 1801 6
1418 1343930 m2 968883 -1.45360286e-06 0.5 p1 1814 6
325 1362199 m2 200912 -0.000200106471 0.5 p1 1840 6
6949 1363154 m2 4771441 -4.31299741e-05 0.5 p1 1841 6
252 1368100 m2 160713 -2.73345062e-08 0.5 p1 1848 6
104 1370153 m2 69178 -2.30256828e-05 0.5 p1 1851 6
4128 1370447 m2 2797058 -0.000337909732 0.5 p1 1851 6
1846 1380380 m3 1260068 0.00281728897 0.5 p1 1866 6
1143 1380859 m2 773923 -1.68690372e-06 0.5 p1 1866 6
3623 1389058 m2 2462483 -8.63463574e-05 0.5 p1 1878 6
3467 1395411 m2 2332889 -6.73580416e-07 0.5 p1 1887 6
6868 1426044 m2 4717434 -3.53304131e-07 0.5 p1 1930 6
3132 1432425 m2 2123919 -0.00133868167 0.5 p1 1939 6
4861 1443630 m2 3326378 -3.91418544e-05 0.5 p1 1955 6
5922 1448118 m2 4055513 -0.000367589673 0.5 p1 1961 6
28 1449917 m2 15557 -0.000302478787 0.5 p1 1964 6
1776 1488726 m3 1209488 0.000246311916 0.5 p1 2019 6
573 1493467 m2 384745 -4.23478159e-05 0.5 p1 2026 6
1099 1496781 m2 739834 -8.19373599e-05 0.5 p1 2031 6
4723 1507629 m2 3239380 -0.000324630761 0.5 p1 2046 6
3569 1514492 m2 2424120 -0.000409962144 0.5 p1 2056 6
1802 1525612 m2 1226756 -0.000721181801 0.5 p1 2072 6
531 1531428 m2 353352 -8.32623045e-05 0.5 p1 2081 6
5929 1548581 m3 4058912 0.00028605829 0.5 p1 2106 6
2836 1572695 m2 1928886 -7.96880713e-08 0.5 p1 2140 6
4061 1574045 m3 2750131 8.82747045e-05 0.5 p1 2142 6
3411 1583662 m2 2296969 -0.000432411151 0.5 p1 2156 6
274 1600769 m2 173926 -0.000207906938 0.5 p1 2181 6
3167 1605028 m2 2147931 -2.33520332e-05 0.5 p1 2187 6
1208 1614273 m2 824514 -2.38582106e-05 0.5 p1 2201 6
1256 1636713 m2 853075 -2.4762001e-05 0.5 p1 2233 6
5543 1646170 m2 3782763 -2.15000855e-05 0.5 p1 2246 6
4463 1658946 m2 3047247 -7.30859529e-06 0.5 p1 2264 6
3145 1713320 m2 2129332 -1.5857048e-14 0.5 p1 2342 6
2903 1714865 m2 1970913 -8.82179592e-08 0.5 p1 2344 6
4744 1719138 m2 3252244 -0.00227346714 0.5 p1 2350 6
1044 1731355 m2 697933 -0.00208491227 0.5 p1 2368 6
4188 1733760 m2 2840914 -7.70339684e-05 0.5 p1 2371 6
6277 1746407 m2 4293525 -3.48072433e-07 0.5 p1 2390 6
895 1751525 m2 610114 -4.53318626e-06 0.5 p1 2397 6
3927 1751804 m2 2667244 -0.000335117424 0.5 p1 2397 6
6921 1761263 m2 4754620 -2.96843382e-07 0.5 p1 2411 6
4795 1773435 m3 3283132 0.000549265533 0.5 p1 2428 6
1695 1780950 m3 1165315 0.000583876797 0.5 p1 2439 6
7208 1783582 m3 4958510 0.00607115822 0.5 p1 2443 6
134 1786177 m3 89413 0.000382817729 0.5 p1 2446 6
877 1787782 m2 598395 -4.21238794e-10 0.5 p1 2448 6
6750 1809097 m2 4637188 -8.28160919e-05 0.5 p1 2479 6
3814 1828983 m2 2593556 -4.07336156e-05 0.5 p1 2507 6
3092 1828987 m2 2097440 -0.000237075525 0.5 p1 2507 6
5168 1829194 m2 3528417 -7.11013515e-09 0.5 p1 2507 6
7109 1833635 m2 4885203 -9.83033956e-08 0.5 p1 2514 6
1980 1836556 m2 1359362 -3.89211018e-05 0.5 p1 2518 6
1597 1840901 m2 1086666 -1.85605824e-08 0.5 p1 2524 6
6882 1849794 m2 4728542 -0.000816856511 0.5 p1 2537 6
3674 1866994 m2 2494200 -0.000641531253 0.5 p1 2561 6
6226 1883888 m2 4264276 -1.08639733e-05 0.5 p1 2586 6
739 1889522 m2 505616 -0.000341942156 0.5 p1 2594 6
6671 1892910 m2 4576531 -1.22744111e-12 0.5 p1 2599 6
6000 1906401 m2 4127677 -0.000106404848 0.5 p1 2618 6
886 1908548 m2 604958 -0.000136890492 0.5 p1 2621 6
1331 1917298 m2 899653 -2.1800799e-05 0.5 p1 2634 6
776 1923907 m3 531141 0.00294687762 0.5 p1 2643 6
3122 1928241 m2 2117634 -1.30354911e-05 0.5 p1 2650 6
1593 1941755 m2 1081421 -2.15373053e-08 0.5 p1 2669 6
3060 1944098 m2 2079644 -5.04077871e-05 0.5 p1 2672 6
4838 1947757 m2 3312218 -0.000299669831 0.5 p1 2677 6
5145 1948704 m2 3510655 -1.63333773e-08 0.5 p1 2679 6
3423 1953403 m2 2304676 -3.22852115e-20 0.5 p1 2686 6
6279 1959994 m2 4295358 -7.57275984e-06 0.5 p1 2695 6
4502 1965853 m2 3078101 -5.43037171e-10 0.5 p1 2703 6
6127 1967856 m2 4206834 -3.0081776e-07 0.5 p1 2706 6
2434 1986412 m2 1638731 -1.76525864e-05 0.5 p1 2733 6
3130 1995722 m2 2122255 -1.68982315e-05 0.5 p1 2746 6
6034 2018241 m2 4151230 -1.93130163e-05 0.5 p1 2778 6
493 2025248 m2 324299 -1.27630974e-05 0.5 p1 2788 6
3087 2042682 m2 2096592 -1.59818899e-06 0.5 p1 2813 6
57 2062427 m2 38008 -4.38658788e-07 0.5 p1 2841 6
2118 2070050 m2 1442563 -2.0277721e-05 0.5 p1 2852 6
589 2071568 m2 398446 -2.94527144e-05 0.5 p1 2854 6
2247 2090270 m2 1523695 -5.76876009e-05 0.5 p1 2881 6
6240 2105830 m2 4269354 -5.63738001e-10 0.5 p1 2903 6
2058 2112807 m2 1406689 -5.86422766e-06 0.5 p1 2913 6
638 2129711 m2 432744 -0.000528668868 0.5 p1 2937 6
4640 2132926 m2 3179354 -0.000191003652 0.5 p1 2942 6
1014 2136278 m2 680559 -3.060362e-05 0.5 p1 2946 6
4580 2141791 m2 3130859 -0.00146256597 0.5 p1 2954 6
6011 2158827 m2 4136689 -4.39645561e-07 0.5 p1 2979 6
51 2171738 m2 32940 -0.00023308456 0.5 p1 2997 6
7015 2175554 m2 4825959 -0.000680787547 0.5 p1 3002 6
5397 2188814 m2 3680495 -0.00157595496 0.5 p1 3021 6
2477 2202978 m2 1675831 -0.000341557927 0.5 p1 3041 6
1686 2209443 m2 1159902 -3.38041282e-05 0.5 p1 3050 6
2715 2217644 m2 1840137 -1.7040952e-09 0.5 p1 3062 6
518 2228137 m2 345678 -0.000680994417 0.5 p1 3077 6
3980 2235099 m2 2699939 -1.31861834e-05 0.5 p1 3087 6
1801 2244147 m2 1226441 -0.000677315693 0.5 p1 3101 6
3858 2254170 m2 2622869 -0.000331894611 0.5 p1 3115 6
2686 2263923 m2 1821535 -5.14561701e-12 0.5 p1 3129 6
3691 2282520 m2 2507725 -0.000871871074 0.5 p1 3156 6
5475 2285755 m2 3730924 -1.41841895e-06 0.5 p1 3161 6
1062 2294191 m2 713122 -8.34127422e-06 0.5 p1 3173 6
5015 2302956 m2 3423129 -4.06444487e-05 0.5 p1 3186 6
7069 2304815 m2 4854357 -0.00127370236 0.5 p1 3188 6
2742 2305318 m2 1862369 -1.54720419e-05 0.5 p1 3189 6
4692 2306745 m2 3217642 -1.48325489e-05 0.5 p1 3191 6
2266 2310961 m2 1535515 -3.53923646e-08 0.5 p1 3197 6
4371 2311748 m2 2973664 -0.000103746839 0.5 p1 3198 6
4106 2312103 m2 2782030 -6.34285834e-06 0.5 p1 3199 6
1171 2359075 m2 798874 -0.000553550548 0.5 p1 3266 6
2074 2365372 m2 1415615 -5.26821459e-05 0.5 p1 3275 6
1078 2381338 m2 723821 -2.42617944e-07 0.5 p1 3298 6
3572 2383197 m2 2424438 -0.000176992413 0.5 p1 3301 6
169 2389133 m2 109298 -0.000383949548 0.5 p1 3309 6
2312 2395517 m3 1566458 0.000878759078 0.5 p1 3318 6
5975 2406473 m2 4100567 -6.12478907e-05 0.5 p1 3334 6
2730 2414194 m2 1853073 -0.000554459868 0.5 p1 3345 6
1698 2417693 m2 1166260 -0.000104682797 0.5 p1 3350 6
5037 2437376 m2 3437362 -7.81584575e-09 0.5 p1 3377 6
1933 2453417 m2 1327451 -0.00158639648 0.5 p1 3400 6
4245 2467450 m3 2880084 0.0030397228 0.5 p1 3420 6
2020 2472352 m2 1378560 -0.000312790537 0.5 p1 3427 6
4054 2474478 m2 2746483 -7.82330462e-05 0.5 p1 3430 6
2518 2494921 m2 1703238 -0.00139446754 0.5 p1 3459 6
4690 2506609 m2 3217265 -1.02598369e-05 0.5 p1 3475 6
6222 2511214 m2 4260914 -3.31515025e-06 0.5 p1 3482 6
5211 2513770 m2 3562988 -0.000147616185 0.5 p1 3485 6
3454 2518396 m2 2325434 -1.30157687e-05 0.5 p1 3492 6
5817 2526798 m2 3981921 -3.46071756e-05 0.5 p1 3504 6
176 2554804 m2 115797 -0.00014886829 0.5 p1 3543 6
3014 2556745 m2 2045937 -1.95569555e-05 0.5 p1 3546 6
5170 2569296 m2 3530574 -0.000269193784 0.5 p1 3564 6
4917 2569393 m2 3360708 -0.000133226611 0.5 p1 3564 6
4960 2610788 m2 3389371 -3.0012809e-06 0.5 p1 3624 6
101 2612091 m2 67915 -0.000174719025 0.5 p1 3625 6
1587 2615038 m2 1075884 -0.00159091561 0.5 p1 3630 6
522 2619077 m2 347777 -0.000171169901 0.5 p1 3636 6
4084 2631130 m3 2769748 0.00255359267 0.5 p1 3653 6
4820 2637966 m2 3301728 -1.11431973e-05 0.5 p1 3663 6
6685 2638675 m2 4586211 -6.99384836e-05 0.5 p1 3664 6
4846 2640228 m2 3317518 -1.29100897e-07 0.5 p1 3666 6
385 2650513 m2 244957 -8.23272444e-07 0.5 p1 3681 6
1297 2665118 m2 875327 -0.000526770076 0.5 p1 3702 6
4818 2683003 m2 3301273 -1.79710253e-06 0.5 p1 3728 6
3377 2696877 m2 2280142 -4.37114096e-07 0.5 p1 3749 6
1273 2713491 m3 862217 0.000886503956 0.5 p1 3773 6
1469 2721804 m2 1003181 -0.000855082646 0.5 p1 3786 6
4313 2742625 m2 2934524 -5.99749819e-06 0.5 p1 3817 6
4233 2756549 m2 2875120 -6.13491147e-06 0.5 p1 3837 6
6408 2764438 m2 4383806 -0.000445796817 0.5 p1 3849 6
1874 2773520 m2 1282538 -0.0004580229 0.5 p1 3862 6
5092 2785247 m2 3475431 -0.000112977024 0.5 p1 3879 6
2586 2785638 m2 1753647 -0.00208068406 0.5 p1 3880 6
633 2785731 m2 429640 -0.000133073307 0.5 p1 3880 6
6135 2816472 m2 4208723 -6.14429973e-06 0.5 p1 3925 6
4641 2818920 m2 3179653 -3.16118858e-05 0.5 p1 3928 6
1974 2837382 m2 1356310 -4.74224144e-05 0.5 p1 3954 6
5046 2848753 m2 3443169 -3.17912491e-05 0.5 p1 3971 6
4658 2857335 m2 3195388 -3.50976954e-08 0.5 p1 3983 6
4727 2876138 m2 3241269 -9.87868631e-08 0.5 p1 4010 6
3172 2876931 m2 2150090 -3.55501606e-09 0.5 p1 4011 6
5590 2880851 m2 3817940 -6.23734331e-06 0.5 p1 4017 6
6148 2902991 m2 4217869 -2.43808629e-15 0.5 p1 4048 6
5580 2905728 m2 3812876 -1.74425747e-06 0.5 p1 4052 6
2502 2911560 m2 1691781 -3.61776001e-05 0.5 p1 4060 6
4749 2936854 m2 3256143 -1.09053408e-05 0.5 p1 4096 6
5034 2940747 m2 3432244 -7.65759978e-06 0.5 p1 4102 6
5696 2943515 m2 3895751 -0.000329689967 0.5 p1 4106 6
6870 2959146 m2 4717914 -8.74778834e-07 0.5 p1 4128 6
3849 2960439 m2 2615395 -0.000485346798 0.5 p1 4129 6
6589 2963492 m2 4524851 -1.94927143e-05 0.5 p1 4134 6
3648 2964367 m2 2479915 -0.000653126161 0.5 p1 4135 6
3153 2970735 m2 2137093 -5.6566023e-06 0.5 p1 4144 6
4788 2980360 m2 3279850 -1.49905982e-05 0.5 p1 4158 6
7030 2984309 m2 4838302 -1.63514798e-07 0.5 p1 4163 6
2198 2987046 m2 1493428 -0.00241205702 0.5 p1 4167 6
6917 2987877 m2 4752380 -9.92855712e-06 0.5 p1 4168 6
6737 3024643 m2 4624478 -0.000148107094 0.5 p1 4221 6
481 3027274 m2 312534 -5.08019078e-11 0.5 p1 4225 6
6382 3028281 m2 4370474 -6.45780119e-07 0.5 p1 4226 6
4541 3029161 m2 3101230 -1.37260326e-06 0.5 p1 4227 6
4229 3057169 m2 2873425 -0.000755446381 0.5 p1 4267 6
1676 3073545 m2 1155153 -0.000218186964 0.5 p1 4291 6
3528 3075577 m2 2390425 -0.000307074806 0.5 p1 4294 6
3710 3082526 m2 2517874 -0.000926785578 0.5 p1 4304 6
5068 3083532 m2 3453907 -0.000269723882 0.5 p1 4306 6
3904 3084704 m2 2653929 -2.97682931e-07 0.5 p1 4307 6
3882 3089615 m2 2640888 -0.000142103818 0.5 p1 4315 6
470 3094563 m2 306722 -4.98005538e-05 0.5 p1 4322 6
3035 3130474 m2 2057656 -0.00108808896 0.5 p1 4373 6
1231 3130546 m2 839217 -0.000238449386 0.5 p1 4373 6
6251 3139312 m2 4279683 -2.48028005e-06 0.5 p1 4385 6
4830 3152976 m2 3308428 -7.44931697e-07 0.5 p1 4405 6
7222 3162358 m2 4968017 -0.000150435255 0.5 p1 4418 6
7253 3165926 m2 4984586 -9.13660188e-05 0.5 p1 4423 6
7227 3166445 m2 4971205 -2.73408368e-05 0.5 p1 4424 6
1533 3170687 m2 1039957 -1.45697285e-07 0.5 p1 4429 6
2068 3177506 m2 1413342 -0.000165765334 0.5 p1 4439 6
2707 3178945 m2 1835840 -2.0544443e-05 0.5 p1 4441 6
1205 3196035 m2 822125 -9.26022494e-06 0.5 p1 4466 6
3437 3209340 m2 2312711 -1.70457388e-05 0.5 p1 4485 6
768 3209710 m2 523416 -2.51333909e-09 0.5 p1 4486 6
3427 3234961 m2 2306194 -2.63841483e-11 0.5 p1 4522 6
5533 3239908 m2 3776864 -6.04904293e-10 0.5 p1 4529 6
2045 3242517 m2 1400433 -5.97463079e-10 0.5 p1 4533 6
2564 3245196 m2 1735980 -0.000219632202 0.5 p1 4536 6
4663 3252603 m2 3202492 -6.85530831e-05 0.5 p1 4547 6
5117 3253811 m2 3491533 -0.000192452528 0.5 p1 4548 6
4006 3254679 m2 2716686 -0.000186170946 0.5 p1 4550 6
4227 3260109 m2 2871452 -0.000553559512 0.5 p1 4557 6
3345 3272348 m2 2256668 -0.0012821469 0.5 p1 4575 6
2261 3278684 m2 1533092 -0.00015069732 0.5 p1 4584 6
7091 3284272 m2 4873941 -9.49165315e-06 0.5 p1 4592 6
3198 3286374 m2 2171229 -0.000690229936 0.5 p1 4595 6
6927 3291977 m2 4759813 -1.34444881e-05 0.5 p1 4603 6
440 3295481 m2 280881 -1.72341913e-06 0.5 p1 4608 6
5436 3304221 m2 3707608 -0.000286764436 0.5 p1 4621 6
6524 3306672 m2 4472533 -1.62879078e-05 0.5 p1 4624 6
5109 3308133 m2 3485633 -0.00116852042 0.5 p1 4626 6
5507 3312725 m2 3753101 -0.000150780368 0.5 p1 4633 6
2592 3314919 m2 1758534 -1.34635201e-07 0.5 p1 4636 6
5187 3332677 m2 3547360 -1.61668831e-05 0.5 p1 4661 6
4455 3337309 m2 3040534 -0.000449953601 0.5 p1 4668 6
2265 3340912 m2 1534964 -0.00138733152 0.5 p1 4673 6
6604 3380403 m2 4533124 -0.000250449229 0.5 p1 4730 6
2442 3383444 m2 1647665 -0.000274510152 0.5 p1 4734 6
7192 3402691 m2 4949591 -1.90956252e-05 0.5 p1 4762 6
1110 3424076 m3 751986 0.00211284147 0.5 p1 4793 6
1825 3436095 m2 1244042 -4.10891872e-08 0.5 p1 4810 6
599 3456379 m2 404971 -1.2599869e-06 0.5 p1 4839 6
2706 3469237 m2 1835168 -2.38724052e-13 0.5 p1 4858 6
1651 3471033 m3 1132206 0.000967784785 0.5 p1 4860 6
4211 3471655 m2 2858330 -4.64857658e-05 0.5 p1 4861 6
6267 3478498 m2 4290181 -1.82366273e-06 0.5 p1 4871 6
1019 3479305 m2 682448 -1.52380253e-05 0.5 p1 4872 6
5643 3482665 m2 3852699 -3.16078786e-06 0.5 p1 4877 6
2061 3508578 m2 1407587 -1.15951782e-08 0.5 p1 4914 6
2773 3531301 m2 1883019 -8.88780249e-08 0.5 p1 4947 6
4888 3537585 m2 3343722 -0.000487043289 0.5 p1 4956 6
4264 3557362 m2 2898095 -0.000178960719 0.5 p1 4985 6
4553 3558129 m2 3107851 -0.000389827503 0.5 p1 4986 6
7006 3570566 m2 4820331 -0.00104906212 0.5 p1 5004 6
6620 3571182 m2 4546461 -0.000879171828 0.5 p1 5005 6
4938 3574787 m2 3374470 -3.05743497e-09 0.5 p1 5011 6
4445 3582241 m2 3034104 -0.00017430642 0.5 p1 5022 6
948 3591626 m3 642806 0.00131272373 0.5 p1 5035 6
2444 3605979 m2 1648724 -0.000169145249 0.5 p1 5056 6
2616 3608860 m2 1774007 -0.000698653341 0.5 p1 5060 6
1362 3619480 m2 923225 -2.80368931e-06 0.5 p1 5076 6
3508 3641413 m3 2370123 0.00306134392 0.5 p1 5109 6
6164 3677650 m3 4226286 0.000127377964 0.5 p1 5162 6
4009 3680104 m2 2719669 -3.03903198e-05 0.5 p1 5166 6
3940 3680775 m2 2674731 -0.000337945792 0.5 p1 5167 6
6916 3686574 m2 4752376 -7.4540153e-06 0.5 p1 5175 6
5990 3701229 m2 4116764 -1.87647444e-07 0.5 p1 5196 6
5695 3701878 m3 3894891 0.000571968267 0.5 p1 5197 6
211 3735304 m2 138577 -6.54652395e-05 0.5 p1 5246 6
3227 3736488 m2 2184040 -6.93866696e-06 0.5 p1 5247 6
4869 3750435 m2 3331130 -6.12853546e-05 0.5 p1 5267 6
5698 3761491 m2 3896734 -0.00010144429 0.5 p1 5284 6
6504 3764104 m2 4459385 -1.61138131e-10 0.5 p1 5288 6
3333 3777433 m2 2247677 -2.2541451e-06 0.5 p1 5307 6
4122 3784917 m2 2792221 -2.23452371e-05 0.5 p1 5318 6
3752 3786339 m2 2547501 -1.84403048e-11 0.5 p1 5320 6
3834 3799223 m2 2604578 -3.63514971e-07 0.5 p1 5339 6
5151 3800526 m2 3515877 -0.000389212684 0.5 p1 5341 6
162 3800890 m2 108028 -0.000562787754 0.5 p1 5342 6
5171 3805405 m2 3531640 -0.000898865808 0.5 p1 5348 6
5536 3812166 m2 3779423 -2.12645978e-06 0.5 p1 5358 6
4477 3818499 m2 3060027 -4.22884659e-06 0.5 p1 5367 6
2241 3825233 m2 1518967 -0.00010883854 0.5 p1 5377 6
5916 3840270 m2 4050489 -0.000140859396 0.5 p1 5399 6
4066 3843217 m2 2758341 -6.08957907e-06 0.5 p1 5404 6
2684 3844952 m2 1819970 -5.00641581e-05 0.5 p1 5406 6
3314 3848290 m2 2234838 -1.66664431e-05 0.5 p1 5411 6
273 3852006 m2 173714 -3.03914458e-05 0.5 p1 5416 6
369 3862271 m2 234973 -0.00113164564 0.5 p1 5431 6
495 3872566 m2 325505 -1.13166595e-06 0.5 p1 5447 6
6696 3875690 m2 4597710 -9.94894654e-05 0.5 p1 5451 6
7031 3909014 m2 4838614 -1.52844257e-06 0.5 p1 5499 6
3589 3909624 m2 2436336 -1.04792015e-08 0.5 p1 5500 6
1084 3929217 m2 730335 -1.81581236e-05 0.5 p1 5529 6
1441 3934510 m2 984401 -1.93480319e-11 0.5 p1 5537 6
424 3937643 m2 270878 -0.000512875966 0.5 p1 5542 6
973 3941344 m2 657734 -5.26203863e-08 0.5 p1 5547 6
3182 3956005 m2 2162607 -0.000351471681 0.5 p1 5568 6
6911 3975337 m2 4748289 -1.60879878e-08 0.5 p1 5597 6
3388 3983630 m3 2286424 0.00196781638 0.5 p1 5609 6
5667 3989603 m2 3874709 -8.6297085e-08 0.5 p1 5618 6
4539 3998217 m2 3100043 -0.000501842296 0.5 p1 5630 6
7128 4003386 m3 4898152 0.000865008973 0.5 p1 5638 6
6126 4056212 m2 4206692 -0.000256924803 0.5 p1 5716 6
2783 4068020 m2 1890442 -4.42766714e-06 0.5 p1 5734 6
1730 4084711 m2 1186505 -0.000112415102 0.5 p1 5758 6
3506 4087177 m2 2363461 -5.45502917e-05 0.5 p1 5762 6
863 4103252 m2 589175 -1.00805471e-08 0.5 p1 5786 6
2150 4104651 m2 1463042 -3.03712513e-13 0.5 p1 5788 6
822 4109527 m2 561187 -1.67380276e-05 0.5 p1 5796 6
4947 4140885 m2 3380134 -8.75100668e-05 0.5 p1 5842 6
2578 4146271 m2 1745756 -2.13761032e-05 0.5 p1 5850 6
142 4155945 m2 94289 -3.65617279e-06 0.5 p1 5864 6
5483 4159867 m3 3737015 0.00134689244 0.5 p1 5870 6
7056 4177035 m3 4850977 0.00327302143 0.5 p1 5896 6
6502 4188012 m2 4456902 -1.07248979e-05 0.5 p1 5912 6
688 4190983 m2 469888 -0.00184409646 0.5 p1 5917 6
4642 4194248 m2 3180558 -3.86623869e-05 0.5 p1 5921 6
6936 4202728 m3 4763100 0.000145695914 0.5 p1 5934 6
6998 4217743 m2 4810189 -4.45424303e-06 0.5 p1 5956 6
3351 4232215 m2 2260826 -7.85822886e-06 0.5 p1 5976 6
2887 4232699 m2 1959606 -0.000392941671 0.5 p1 5977 6
772 4236242 m2 527148 -6.35762731e-08 0.5 p1 5983 6
6257 4242264 m2 4284186 -9.54731004e-05 0.5 p1 5991 6
1038 4254547 m2 693555 -6.00680614e-05 0.5 p1 6009 6
1404 4267523 m2 958633 -0.00156644662 0.5 p1 6028 6
2999 4267683 m2 2034204 -1.01922378e-05 0.5 p1 6029 6
4373 4269336 m2 2975053 -0.00014506033 0.5 p1 6031 6
6929 4272147 m2 4760203 -0.000747233746 0.5 p1 6035 6
1252 4272955 m2 852131 -0.000520683592 0.5 p1 6036 6
766 4277981 m2 521881 -0.000670819602 0.5 p1 6044 6
4518 4294985 m3 3084726 0.000217826397 0.5 p1 6069 6
3529 4310949 m2 2390860 -0.000156897411 0.5 p1 6092 6
1715 4312886 m2 1177189 -1.38270721e-07 0.5 p1 6095 6
6070 4329230 m2 4175625 -9.46603541e-05 0.5 p1 6119 6
3312 4333931 m2 2233338 -0.00110300304 0.5 p1 6126 6
102 4348627 m2 68651 -8.73951503e-05 0.5 p1 6147 6
3771 4350977 m2 2562926 -6.20657302e-05 0.5 p1 6150 6
2991 4374171 m2 2028253 -1.48527424e-05 0.5 p1 6185 6
5383 4381781 m2 3674738 -1.9467243e-05 0.5 p1 6196 6
6902 4389516 m2 4738584 -0.000187787518 0.5 p1 6208 6
3159 4389963 m2 2140856 -5.38606884e-08 0.5 p1 6208 6
2868 4394063 m2 1948140 -2.62550238e-05 0.5 p1 6214 6
5174 4396198 m2 3533992 -0.00151296624 0.5 p1 6218 6
1986 4398884 m2 1363373 -0.000690522371 0.5 p1 6222 6
4782 4404359 m2 3274763 -0.000136017363 0.5 p1 6230 6
2974 4406422 m2 2014562 -2.99870826e-05 0.5 p1 6233 6
29 4410558 m2 16301 -0.000673188479 0.5 p1 6239 6
4621 4411865 m2 3164245 -1.80011557e-05 0.5 p1 6241 6
5017 4448958 m2 3423568 -7.08921704e-08 0.5 p1 6294 6
4763 4449960 m2 3264355 -0.000118971016 0.5 p1 6296 6
6643 4453013 m2 4560356 -1.59484352e-06 0.5 p1 6301 6
5150 4454778 m2 3514603 -7.35560918e-11 0.5 p1 6303 6
374 4456397 m2 237338 -9.45820091e-07 0.5 p1 6306 6
4850 4459037 m2 3320072 -0.000324878201 0.5 p1 6310 6
3400 4471944 m2 2291070 -4.97699191e-12 0.5 p1 6329 6
4421 4482026 m2 3009523 -1.61213338e-05 0.5 p1 6344 6
5393 4531779 m2 3679021 -1.83531358e-06 0.5 p1 6417 6
2354 4542825 m2 1586785 -7.75301459e-08 0.5 p1 6433 6
2745 4548822 m2 1862997 -3.0983274e-06 0.5 p1 6442 6
2325 4591828 m2 1573435 -1.80394454e-05 0.5 p1 6507 6
6673 4597333 m2 4578433 -4.33305214e-09 0.5 p1 6515 6
6133 4605867 m2 4208561 -3.70050657e-05 0.5 p1 6528 6
3322 4613216 m2 2239532 -7.05854882e-06 0.5 p1 6538 6
1634 4615647 m2 1114800 -0.000156130031 0.5 p1 6542 6
1052 4619920 m2 703876 -1.01472494e-06 0.5 p1 6548 6
2693 4621453 m2 1826114 -4.44325951e-06 0.5 p1 6550 6
721 4626624 m3 492120 0.000381452119 0.5 p1 6558 6
6896 4628919 m2 4737089 -5.72119063e-08 0.5 p1 6561 6
2115 4634319 m2 1439831 -0.000540349982 0.5 p1 6570 6
7175 4634940 m2 4937680 -2.89652762e-05 0.5 p1 6571 6
6681 4635548 m2 4584639 -0.00117230345 0.5 p1 6571 6
970 4653566 m2 656179 -0.000296074315 0.5 p1 6598 6
7138 4655513 m2 4908490 -6.74378171e-08 0.5 p1 6601 6
53 4659920 m2 35438 -1.22218022e-08 0.5 p1 6607 6
5361 4672404 m2 3660267 -6.88932996e-05 0.5 p1 6625 6
6218 4674147 m2 4257913 -7.41309123e-05 0.5 p1 6628 6
5941 4677683 m2 4072088 -0.000162019758 0.5 p1 6633 6
4832 4677860 m2 3309203 -3.47109162e-05 0.5 p1 6633 6
6259 4687345 m2 4284582 -0.000247718388 0.5 p1 6648 6
1265 4694637 m2 857666 -0.000178454502 0.5 p1 6658 6
521 4695492 m2 347581 -2.36588185e-05 0.5 p1 6659 6
4450 4697972 m2 3037353 -0.000151273882 0.5 p1 6663 6
484 4704540 m2 314448 -0.000134311442 0.5 p1 6673 6
338 4711844 m2 209992 -0.000605418871 0.5 p1 6684 6
2507 4712756 m3 1695455 0.000392114685 0.5 p1 6686 6
4785 4718050 m2 3279023 -0.000958974473 0.5 p1 6694 6
4235 4732181 m2 2875279 -0.00111224526 0.5 p1 6715 6
1669 4732829 m2 1149944 -2.45426435e-08 0.5 p1 6716 6
91 4733792 m2 59025 -5.60625449e-06 0.5 p1 6717 6
5770 4750811 m2 3944348 -1.42000567e-06 0.5 p1 6743 6
3502 4756965 m2 2362547 -0.000181794516 0.5 p1 6752 6
6318 4759729 m2 4332182 -0.000429281965 0.5 p1 6756 6
1885 4760616 m2 1291318 -5.83212204e-05 0.5 p1 6758 6
1229 4765336 m2 837361 -3.04368241e-05 0.5 p1 6765 6
6961 4776118 m2 4778186 -0.000108962835 0.5 p1 6781 6
2402 4776882 m2 1615748 -2.37541958e-10 0.5 p1 6782 6
1341 4779160 m2 905943 -6.09024573e-06 0.5 p1 6785 6
1929 4788533 m2 1324827 -1.34550701e-05 0.5 p1 6799 6
228 4795778 m2 143627 -0.00053190731 0.5 p1 6810 6
4793 4804697 m2 3282838 -1.23004966e-05 0.5 p1 6823 6
6075 4806477 m2 4176281 -4.05247814e-11 0.5 p1 6826 6
3662 4807753 m2 2488414 -1.37189493e-09 0.5 p1 6828 6
3151 4826599 m2 2135657 -2.52008649e-05 0.5 p1 6856 6
3608 4844433 m2 2449766 -0.000105650288 0.5 p1 6883 6
2995 4846638 m2 2030291 -0.00109845912 0.5 p1 6887 6
6194 4850103 m2 4245009 -8.71895693e-08 0.5 p1 6892 6
6451 4850872 m2 4416691 -4.4637567e-05 0.5 p1 6893 6
4523 4863067 m2 3086110 -3.74123132e-09 0.5 p1 6911 6
4503 4902028 m2 3078590 -0.000154112684 0.5 p1 6970 6
1004 4919799 m2 675384 -0.000101161539 0.5 p1 6996 6
4095 4937952 m2 2777090 -2.68192866e-06 0.5 p1 7023 6
2465 4941262 m2 1661706 -0.00143503875 0.5 p1 7028 6
3049 4955943 m2 2075515 -8.69139058e-06 0.5 p1 7051 6
1756 4960329 m2 1200133 -4.38237855e-08 0.5 p1 7057 6
4043 4961158 m2 2742753 -0.000119799632 0.5 p1 7058 6
1850 4961462 m2 1264613 -2.69067186e-05 0.5 p1 7059 6
5889 4982244 m3 4031640 0.000661376806 0.5 p1 7090 6
2072 4985734 m2 1414913 -0.00251486036 0.5 p1 7095 6
6652 5016160 m2 4565518 -8.59948216e-07 0.5 p1 7141 6
677 5024302 m2 460355 -0.000734613335 0.5 p1 7154 6
1956 5029275 m2 1342915 -5.49870663e-07 0.5 p1 7161 6
1739 5048247 m2 1190724 -1.55462658e-05 0.5 p1 7189 6
6623 5057978 m2 4547755 -1.05206227e-05 0.5 p1 7203 6
1643 5068625 m2 1121748 -2.30765181e-05 0.5 p1 7219 6
767 5086130 m2 522401 -4.38425559e-07 0.5 p1 7244 6
5278 5096264 m2 3603754 -3.09571005e-05 0.5 p1 7259 6
2017 5122351 m2 1375996 -1.22536958e-09 0.5 p1 7298 6
3811 5122467 m2 2590647 -3.16174519e-05 0.5 p1 7298 6
6099 5123409 m2 4189409 -1.0856279e-06 0.5 p1 7299 6
3043 5127532 m2 2066212 -0.000199893228 0.5 p1 7306 6
2781 5140783 m2 1889100 -4.76034018e-07 0.5 p1 7326 6
2186 5145149 m2 1486634 -1.68964325e-05 0.5 p1 7332 6
3373 5145582 m2 2275676 -9.28858324e-09 0.5 p1 7333 6
2696 5154160 m2 1827604 -1.12142743e-05 0.5 p1 7345 6
2500 5165624 m2 1690310 -0.000103328552 0.5 p1 7363 6
4312 5166775 m2 2933253 -2.29813249e-05 0.5 p1 7364 6
5826 5179021 m2 3989161 -3.02387463e-07 0.5 p1 7383 6
4089 5192789 m2 2773669 -1.22091069e-05 0.5 p1 7403 6
5549 5206258 m2 3787110 -9.43181192e-07 0.5 p1 7423 6
7166 5222151 m2 4932309 -2.11340694e-06 0.5 p1 7448 6
423 5241402 m2 270298 -3.89111228e-05 0.5 p1 7476 6
5613 5246967 m2 3832456 -0.000272998615 0.5 p1 7484 6
225 5258656 m2 142495 -4.82219377e-07 0.5 p1 7502 6
6721 5269188 m2 4613665 -5.34638639e-06 0.5 p1 7517 6
645 5272272 m2 439418 -9.42028346e-05 0.5 p1 7522 6
4733 5288759 m3 3246230 0.00561007671 0.5 p1 7547 6
92 5293761 m2 59905 -9.32742751e-06 0.5 p1 7554 6
290 5314850 m2 180962 -2.08451335e-14 0.5 p1 7586 6
6321 5325342 m2 4335142 -1.43122941e-06 0.5 p1 7602 6
601 5352899 m2 407457 -5.0841295e-06 0.5 p1 7643 6
326 5358566 m2 202381 -6.37375924e-05 0.5 p1 7652 6
5626 5367496 m2 3838979 -0.000284456764 0.5 p1 7666 6
205 5375079 m2 135210 -1.22409101e-05 0.5 p1 7677 6
5069 5394344 m2 3456053 -1.43722591e-05 0.5 p1 7707 6
2694 5400034 m2 1827119 -2.4703927e-06 0.5 p1 7715 6
3757 5400491 m2 2549781 -0.000215744236 0.5 p1 7716 6
855 5403771 m2 585910 -0.000175579931 0.5 p1 7721 6
2471 5405979 m2 1666535 -0.000364404841 0.5 p1 7725 6
5453 5410454 m2 3719244 -2.97198112e-05 0.5 p1 7731 6
2546 5411366 m2 1723865 -2.86457293e-06 0.5 p1 7733 6
4607 5430577 m2 3149643 -0.00109475211 0.5 p1 7762 6
4073 5436665 m2 2761286 -6.64496019e-06 0.5 p1 7772 6
7042 5436950 m2 4842128 -9.80986952e-05 0.5 p1 7772 6
670 5439799 m2 456316 -0.000881673535 0.5 p1 7776 6
1814 5449382 m2 1235218 -6.31550301e-06 0.5 p1 7791 6
6857 5452882 m2 4713044 -2.31352733e-05 0.5 p1 7796 6
5375 5477730 m2 3668262 -3.90388686e-06 0.5 p1 7834 6
783 5478269 m2 534467 -0.000858564861 0.5 p1 7834 6
6770 5479287 m2 4649506 -2.84287034e-05 0.5 p1 7836 6
1468 5480092 m2 1002457 -0.000150730324 0.5 p1 7837 6
2237 5481672 m2 1517078 -0.000800518668 0.5 p1 7839 6
125 5482222 m2 81674 -1.0550847e-07 0.5 p1 7840 6
452 5490726 m2 290792 -1.50924766e-08 0.5 p1 7853 6
2892 5500280 m2 1964830 -6.7302517e-06 0.5 p1 7867 6
3413 5501830 m2 2298080 -0.000806251715 0.5 p1 7869 6
6172 5506655 m2 4231564 -0.000921614643 0.5 p1 7877 6
163 5515874 m2 108122 -0.000253026141 0.5 p1 7891 6
5336 5516636 m2 3645367 -0.000533566228 0.5 p1 7892 6
2423 5517774 m2 1629631 -0.000191741827 0.5 p1 7893 6
5190 5518728 m2 3550033 -6.71713715e-05 0.5 p1 7895 6
878 5522655 m2 599312 -0.00190058234 0.5 p1 7901 6
5720 5543354 m2 3914084 -1.60374952e-07 0.5 p1 7931 6
4526 5549594 m2 3090023 -0.00049651257 0.5 p1 7940 6
420 5554136 m2 269350 -8.12599537e-05 0.5 p1 7947 6
2994 5565416 m2 2029604 -1.59648278e-06 0.5 p1 7964 6
4470 5567378 m2 3051717 -1.95323445e-12 0.5 p1 7967 6
5443 5567918 m2 3711818 -0.000314518053 0.5 p1 7968 6
257 5571680 m2 163127 -8.54462247e-12 0.5 p1 7973 6
6417 5572387 m2 4388915 -1.38077583e-09 0.5 p1 7974 6
1926 5572951 m2 1322012 -1.89825334e-06 0.5 p1 7975 6
1245 5575314 m2 843074 -0.00135426829 0.5 p1 7979 6
4594 5579076 m3 3143415 0.00245836773 0.5 p1 7985 6
2851 5584688 m2 1938956 -7.81766357e-06 0.5 p1 7993 6
6475 5588089 m2 4434242 -8.2923616e-06 0.5 p1 7999 6
2113 5592333 m2 1439176 -2.13862348e-12 0.5 p1 8005 6
5703 5593983 m2 3901777 -0.000100017081 0.5 p1 8007 6
4332 5595944 m2 2947063 -3.56345481e-07 0.5 p1 8010 6
2971 5616729 m2 2012392 -1.30798597e-07 0.5 p1 8042 6
2738 5621478 m2 1858352 -1.61302822e-07 0.5 p1 8049 6
6847 5630395 m2 4707954 -0.00156777469 0.5 p1 8063 6
1244 5634725 m3 843040 0.000431128603 0.5 p1 8070 6
4831 5636635 m2 3308765 -7.64939386e-07 0.5 p1 8073 6
4055 5648411 m2 2747579 -0.00049540319 0.5 p1 8090 6
6145 5653662 m2 4213620 -1.47978035e-05 0.5 p1 8098 6
6424 5665152 m2 4392181 -2.54777916e-07 0.5 p1 8115 6
2713 5670322 m2 1838218 -7.27116421e-05 0.5 p1 8123 6
5981 5671894 m2 4106062 -0.00011914588 0.5 p1 8125 6
422 5687026 m2 270114 -0.000326564506 0.5 p1 8148 6
3393 5689925 m2 2288701 -0.000472327287 0.5 p1 8153 6
553 5694540 m2 371335 -1.31053636e-15 0.5 p1 8160 6
2428 5703431 m2 1635077 -1.83448208e-06 0.5 p1 8173 6
2940 5710553 m2 1990891 -2.23082861e-06 0.5 p1 8184 6
6738 5713271 m2 4624682 -0.00140953448 0.5 p1 8188 6
2577 5723587 m2 1745547 -0.00111024419 0.5 p1 8203 6
2670 5736118 m2 1812379 -5.83380051e-06 0.5 p1 8222 6
4011 5737285 m2 2720918 -1.23413287e-07 0.5 p1 8224 6
662 5739239 m2 452499 -1.83679094e-05 0.5 p1 8227 6
903 5745184 m2 613970 -4.75243978e-05 0.5 p1 8236 6
3746 5753300 m2 2544417 -2.32827685e-17 0.5 p1 8248 6
5723 5755334 m2 3916301 -6.59874146e-08 0.5 p1 8251 6
2870 5757196 m2 1950041 -0.000111971116 0.5 p1 8254 6
4933 5766426 m2 3372345 -0.00066708948 0.5 p1 8268 6
463 5773296 m2 302693 -0.000166348298 0.5 p1 8278 6
5883 5780421 m2 4028078 -2.17954748e-05 0.5 p1 8289 6
4002 5784674 m2 2714875 -5.2678688e-06 0.5 p1 8295 6
2209 5807082 m2 1498080 -2.48529614e-06 0.5 p1 8329 6
2289 5815268 m3 1553003 0.00125656789 0.5 p1 8342 6
4221 5817336 m2 2863857 -0.000411640009 0.5 p1 8345 6
5477 5825113 m2 3731878 -0.000100778969 0.5 p1 8357 6
2579 5832239 m2 1745801 -9.43049381e-05 0.5 p1 8368 6
4050 5834091 m2 2744885 -4.7303467e-05 0.5 p1 8371 6
3202 5837892 m2 2172238 -0.000390703412 0.5 p1 8376 6
1793 5842318 m2 1221291 -3.67609516e-07 0.5 p1 8383 6
5202 5845259 m2 3558090 -0.00022009392 0.5 p1 8387 6
2690 5848574 m2 1822843 -5.94915264e-06 0.5 p1 8392 6
1050 5854233 m2 700791 -0.00101560669 0.5 p1 8401 6
5160 5860357 m2 3519150 -0.000394309696 0.5 p1 8410 6
4323 5899070 m2 2940739 -0.000143302372 0.5 p1 8470 6
6026 5899816 m2 4148408 -1.44056357e-05 0.5 p1 8471 6
2898 5928968 m2 1967418 -3.46320604e-07 0.5 p1 8516 6
6706 5933256 m2 4605053 -8.94714904e-05 0.5 p1 8522 6
7074 5935676 m2 4863075 -1.21380799e-06 0.5 p1 8526 6
5033 5937007 m2 3431647 -0.000183714801 0.5 p1 8528 6
5134 5940827 m2 3504438 -0.000639368373 0.5 p1 8534 6
815 5955616 m2 554187 -7.6479635e-05 0.5 p1 8557 6
2642 5956383 m2 1796696 -9.5825766e-05 0.5 p1 8558 6
6727 5977873 m2 4618208 -0.00267658592 0.5 p1 8591 6
6711 6009743 m2 4607983 -9.02885731e-05 0.5 p1 8640 6
4836 6025102 m2 3311519 -0.000789907994 0.5 p1 8664 6
734 6031762 m3 501521 0.000177583381 0.5 p1 8674 6
1068 6051331 m2 716378 -0.000229983212 0.5 p1 8704 6
41 6058710 m2 25940 -5.77579121e-05 0.5 p1 8715 6
1509 6072857 m2 1027704 -0.00136833149 0.5 p1 8737 6
492 6077350 m2 323585 -7.11359826e-05 0.5 p1 8744 6
7036 6079187 m2 4840149 -0.000344616157 0.5 p1 8747 6
4893 6084104 m2 3346531 -0.00077423465 0.5 p1 8754 6
6852 6085781 m2 4711707 -1.9562134e-07 0.5 p1 8757 6
1725 6089816 m2 1184104 -9.73119495e-06 0.5 p1 8763 6
2896 6105569 m2 1966963 -2.62229278e-05 0.5 p1 8787 6
194 6108072 m2 129771 -9.23090404e-09 0.5 p1 8791 6
4636 6122931 m2 3177201 -2.86751856e-05 0.5 p1 8814 6
309 6132361 m2 189350 -6.66882697e-05 0.5 p1 8828 6
2359 6133703 m2 1588245 -1.09222265e-06 0.5 p1 8830 6
1927 6134198 m2 1322156 -0.000768609985 0.5 p1 8831 6
6490 6140767 m2 4450287 -1.55104996e-08 0.5 p1 8841 6
2540 6155491 m2 1718210 -7.74656499e-08 0.5 p1 8864 6
2934 6168956 m3 1987936 0.00225063111 0.5 p1 8885 6
1713 6176080 m2 1175867 -1.29649583e-10 0.5 p1 8896 6
946 6182074 m2 642133 -5.21135934e-09 0.5 p1 8905 6
5891 6186692 m2 4032579 -1.24800181e-07 0.5 p1 8912 6
4737 6201995 m2 3249439 -0.000232075094 0.5 p1 8936 6
7176 6207804 m2 4937810 -2.94044821e-06 0.5 p1 8945 6
1257 6213663 m2 853443 -2.32915663e-05 0.5 p1 8954 6
1953 6218778 m2 1342501 -1.45160529e-05 0.5 p1 8961 6
3129 6231493 m2 2121361 -0.000117165931 0.5 p1 8981 6
6101 6237631 m2 4189567 -4.51548513e-05 0.5 p1 8990 6
5402 6260792 m2 3684443 -4.64269107e-07 0.5 p1 9026 6
417 6264936 m2 267102 -0.00120264781 0.5 p1 9032 6
4456 6268166 m2 3041342 -0.000531552243 0.5 p1 9037 6
3697 6274545 m3 2512379 0.00165393704 0.5 p1 9047 6
4158 6299253 m2 2821524 -4.03481693e-09 0.5 p1 9084 6
381 6313300 m2 242685 -1.69577675e-06 0.5 p1 9106 6
1999 6313889 m2 1369419 -1.39540828e-06 0.5 p1 9107 6
5828 6329625 m2 3989516 -0.000600375119 0.5 p1 9131 6
4288 6336231 m2 2918172 -0.00114925473 0.5 p1 9141 6
172 6374977 m2 110733 -1.41060454e-07 0.5 p1 9199 6
6836 6377789 m2 4700849 -7.55804697e-10 0.5 p1 9204 6
5716 6391389 m2 3910279 -6.09201743e-06 0.5 p1 9224 6
36 6394766 m2 19804 -0.000622470863 0.5 p1 9229 6
4978 6395986 m2 3397192 -4.93917742e-06 0.5 p1 9231 6
2306 6401890 m2 1564876 -1.98548628e-06 0.5 p1 9240 6
2309 6402446 m2 1566000 -2.52832622e-09 0.5 p1 9241 6
5035 6408367 m2 3434301 -0.00100767217 0.5 p1 9250 6
4600 6417619 m2 3146164 -0.000112731803 0.5 p1 9264 6
4837 6434348 m3 3312071 0.00186707906 0.5 p1 9290 6
1460 6436611 m2 996784 -5.10873942e-05 0.5 p1 9293 6
2969 6448761 m2 2010860 -0.000219012058 0.5 p1 9311 6
6128 6450020 m2 4207183 -4.20349388e-05 0.5 p1 9313 6
7043 6460134 m2 4842811 -0.000337337144 0.5 p1 9328 6
517 6484365 m2 344287 -6.90540558e-09 0.5 p1 9365 6
328 6524253 m2 203294 -2.0774758e-05 0.5 p1 9425 6
135 6548197 m3 90689 0.00268161925 0.5 p1 9461 6
6560 6555543 m2 4502309 -3.9601473e-05 0.5 p1 9473 6
4434 6555972 m2 3024464 -6.90252855e-05 0.5 p1 9473 6
6193 6558549 m2 4244930 -5.80878776e-08 0.5 p1 9477 6
2567 6583799 m2 1737949 -0.000348226342 0.5 p1 9516 6
4767 6601327 m2 3266079 -1.96551882e-05 0.5 p1 9543 6
5118 6628775 m3 3492406 0.00156632171 0.5 p1 9586 6
6500 6632207 m2 4456464 -0.000600719708 0.5 p1 9591 6
6454 6639855 m2 4422076 -3.27724993e-05 0.5 p1 9603 6
6700 6646568 m2 4600126 -0.000126306302 0.5 p1 9613 6
5306 6649523 m2 3625681 -0.000698798569 0.5 p1 9617 6
3981 6656070 m2 2699951 -6.18272752e-05 0.5 p1 9627 6
7159 6659044 m2 4923322 -0.000496432243 0.5 p1 9631 6
418 6685861 m2 267720 -1.35318862e-06 0.5 p1 9672 6
6350 6689032 m2 4351797 -7.5444339e-05 0.5 p1 9677 6
2079 6697637 m2 1416760 -2.87806927e-07 0.5 p1 9690 6
2632 6711603 m2 1786204 -0.000647654408 0.5 p1 9712 6
4589 6714194 m2 3139569 -0.000664628576 0.5 p1 9716 6
7255 6727832 m2 4985122 -0.00198520394 0.5 p1 9737 6
3350 6732700 m3 2259767 0.00162996142 0.5 p1 9744 6
355 6733685 m3 220185 0.000285075046 0.5 p1 9745 6
5013 6743933 m2 3422491 -6.07991808e-07 0.5 p1 9761 6
4753 6745229 m2 3258571 -1.86578382e-05 0.5 p1 9763 6
1024 6745716 m2 686065 -1.42358916e-08 0.5 p1 9764 6
3405 6764665 m2 2293981 -0.000466467405 0.5 p1 9793 6
4037 6766965 m2 2737914 -0.000186142672 0.5 p1 9797 6
6833 6781842 m2 4698647 -7.51950938e-06 0.5 p1 9820 6
2808 6784759 m2 1908600 -3.16038459e-05 0.5 p1 9824 6
337 6801626 m2 209884 -3.25104447e-05 0.5 p1 9850 6
2765 6807018 m2 1878131 -0.000361840357 0.5 p1 9859 6
2683 6819154 m2 1819906 -1.62826086e-10 0.5 p1 9878 6
6395 6832786 m2 4377591 -3.1247389e-06 0.5 p1 9899 6
6334 6843827 m2 4340922 -0.000114978619 0.5 p1 9917 6
6638 6844838 m2 4558052 -3.31495321e-05 0.5 p1 9918 6
2397 6846325 m2 1612656 -1.08445593e-05 0.5 p1 9920 6
6575 6855380 m2 4513834 -4.57492266e-09 0.5 p1 9934 6
393 6857800 m3 251140 0.000978780678 0.5 p1 9938 6
2614 6875214 m2 1772530 -5.0816725e-05 0.5 p1 9965 6
995 6887276 m2 668125 -6.43496533e-05 0.5 p1 9983 6
5197 6894996 m2 3555244 -0.00051107211 0.5 p1 9995 6
4700 6900869 m2 3224187 -5.90982972e-06 0.5 p1 10003 6
3733 6914141 m2 2534087 -6.64873078e-05 0.5 p1 10024 6
4010 6919620 m2 2720803 -0.00100364175 0.5 p1 10032 6
1640 6924349 m2 1119759 -7.74978304e-10 0.5 p1 10039 6
5081 6937124 m2 3465635 -7.88624893e-05 0.5 p1 10059 6
829 6968571 m3 567127 0.000778216228 0.5 p1 10108 6
3347 6976377 m2 2258480 -4.15483228e-05 0.5 p1 10120 6
3664 6977602 m2 2489535 -5.9486247e-08 0.5 p1 10122 6
357 6987709 m2 221767 -2.69206575e-05 0.5 p1 10137 6
3847 6990535 m2 2614362 -1.20614859e-05 0.5 p1 10142 6
3716 7003155 m2 2521247 -0.000242099064 0.5 p1 10161 6
1709 7013582 m2 1171905 -3.48500453e-06 0.5 p1 10177 6
3812 7018732 m2 2590858 -0.00030293694 0.5 p1 10185 6
6640 7020305 m2 4559598 -2.74094346e-05 0.5 p1 10187 6
446 7029131 m2 288056 -9.28893714e-05 0.5 p1 10201 6
5214 7056973 m2 3565087 -8.33562517e-05 0.5 p1 10243 6
3121 7069831 m2 2116938 -0.000342957064 0.5 p1 10263 6
2710 7090251 m2 1836668 -2.68794031e-09 0.5 p1 10294 6
1461 7092451 m2 997383 -0.00139063166 0.5 p1 10298 6
5781 7122868 m2 3953225 -0.00188702159 0.5 p1 10345 6
4363 7145529 m2 2971047 -0.000146150807 0.5 p1 10380 6
3365 7151226 m2 2269899 -9.49413061e-06 0.5 p1 10389 6
3656 7155440 m2 2485226 -5.12414999e-06 0.5 p1 10396 6
6937 7163884 m2 4764193 -0.00204621116 0.5 p1 10409 6
4338 7165620 m2 2952364 -9.70155088e-06 0.5 p1 10412 6
44 7184622 m2 27964 -0.000455432921 0.5 p1 10441 6
5546 7199285 m2 3785521 -7.2904302e-13 0.5 p1 10464 6
847 7209419 m2 580727 -1.58592557e-05 0.5 p1 10480 6
548 7217460 m2 366394 -0.000382182596 0.5 p1 10492 6
3515 7232588 m2 2375268 -0.000163244302 0.5 p1 10515 6
6443 7235404 m2 4407297 -7.17506339e-08 0.5 p1 10520 6
4675 7245055 m2 3209043 -1.15988132e-06 0.5 p1 10534 6
1021 7245421 m2 684147 -5.85074195e-05 0.5 p1 10535 6
1310 7246345 m2 886236 -0.00279152486 0.5 p1 10536 6
4566 7250948 m2 3120701 -4.81777715e-05 0.5 p1 10543 6
2948 7258547 m2 1996115 -0.000161951801 0.5 p1 10555 6
4567 7263125 m2 3121606 -1.35473306e-06 0.5 p1 10562 6
5649 7274472 m2 3856081 -6.31680741e-05 0.5 p1 10579 6
7055 7274975 m2 4850496 -2.91697215e-05 0.5 p1 10580 6
2430 7283122 m2 1635751 -0.000215145803 0.5 p1 10592 6
2343 7286240 m2 1580287 -4.56289655e-07 0.5 p1 10597 6
1841 7296401 m2 1256467 -0.000275083527 0.5 p1 10613 6
3760 7308427 m2 2551230 -1.68383503e-05 0.5 p1 10631 6
5143 7333052 m2 3509436 -1.10693582e-05 0.5 p1 10669 6
1512 7345995 m2 1030781 -2.51664405e-05 0.5 p1 10688 6
2776 7347946 m2 1885266 -3.9108734e-09 0.5 p1 10691 6
3197 7358414 m3 2171160 0.000647284091 0.5 p1 10708 6
612 7372777 m2 415839 -6.60743972e-05 0.5 p1 10730 6
6384 7376617 m2 4371362 -4.57051192e-06 0.5 p1 10736 6
4958 7385387 m2 3387275 -6.41098595e-05 0.5 p1 10750 6
6392 7388985 m2 4374571 -0.000651622831 0.5 p1 10755 6
5028 7396340 m2 3430702 -1.55044017e-05 0.5 p1 10767 6
2701 7397638 m2 1832024 -1.96029484e-10 0.5 p1 10769 6
7232 7401731 m2 4971990 -2.45165593e-05 0.5 p1 10776 6
1227 7413225 m2 835616 -4.10613757e-06 0.5 p1 10793 6
5845 7424571 m2 3998963 -8.18881654e-06 0.5 p1 10811 6
1556 7435181 m2 1059032 -0.00162471854 0.5 p1 10827 6
3859 7455612 m2 2624038 -0.000696263916 0.5 p1 10859 6
7259 7461383 m2 4988106 -3.57063463e-08 0.5 p1 10868 6
2297 7479672 m2 1557686 -3.51791209e-06 0.5 p1 10897 6
3803 7485421 m2 2586127 -1.10460678e-05 0.5 p1 10906 6
5064 7491357 m2 3449747 -2.52994141e-05 0.5 p1 10916 6
4063 7493411 m2 2751514 -3.21860571e-05 0.5 p1 10919 6
4336 7503896 m2 2951970 -4.92935897e-08 0.5 p1 10936 6
1058 7530001 m2 710255 -0.000192378182 0.5 p1 10976 6
1566 7540224 m2 1064554 -0.00048809679 0.5 p1 10992 6
1350 7545648 m2 913851 -1.17200761e-05 0.5 p1 11001 6
4542 7549791 m2 3103202 -2.46940745e-05 0.5 p1 11007 6
6441 7567684 m2 4405813 -6.51686496e-05 0.5 p1 11035 6
1489 7587866 m2 1017699 -0.00094184425 0.5 p1 11067 6
675 7596267 m2 459267 -1.18719392e-07 0.5 p1 11080 6
359 7598413 m2 222302 -1.18043218e-07 0.5 p1 11084 6
3386 7603882 m2 2285863 -5.9217232e-08 0.5 p1 11092 6
850 7635496 m2 582662 -4.83906035e-07 0.5 p1 11142 6
2128 7645330 m2 1447711 -0.000283555884 0.5 p1 11157 6
4624 7650850 m2 3165852 -4.25714461e-06 0.5 p1 11165 6
729 7658578 m2 496283 -0.000451403437 0.5 p1 11177 6
2422 7670854 m2 1628849 -0.000202487267 0.5 p1 11196 6
6300 7672870 m2 4322950 -4.78661955e-09 0.5 p1 11200 6
3875 7674157 m2 2635781 -0.000104503953 0.5 p1 11202 6
7154 7687034 m2 4920092 -1.38744296e-08 0.5 p1 11222 6
461 7690902 m2 302010 -0.00103688403 0.5 p1 11228 6
1495 7692736 m2 1021592 -0.000161093572 0.5 p1 11231 6
1692 7701117 m2 1164772 -0.000250765472 0.5 p1 11244 6
3566 7701578 m2 2422068 -4.92766267e-05 0.5 p1 11245 6
935 7710486 m2 639321 -0.000243147486 0.5 p1 11259 6
5564 7710829 m2 3794642 -1.75456123e-07 0.5 p1 11259 6
5714 7717409 m2 3908423 -1.73393455e-05 0.5 p1 11269 6
3513 7721825 m2 2374562 -0.000151285276 0.5 p1 11276 6
2466 7724975 m2 1662187 -1.65141355e-05 0.5 p1 11281 6
5628 7737904 m2 3843249 -7.02798716e-05 0.5 p1 11301 6
356 7747555 m2 220993 -0.000223783485 0.5 p1 11316 6
4889 7751322 m2 3343775 -0.000184492455 0.5 p1 11322 6
4879 7755831 m2 3339680 -0.000183792596 0.5 p1 11329 6
2395 7786122 m2 1612161 -2.49387256e-07 0.5 p1 11377 6
5537 7803941 m2 3779955 -4.36150585e-05 0.5 p1 11405 6
2372 7852334 m2 1596232 -0.00018419938 0.5 p1 11481 6
173 7876244 m2 110748 -0.000632474141 0.5 p1 11518 6
3358 7883807 m2 2265802 -3.83289989e-05 0.5 p1 11530 6
2890 7908197 m2 1964738 -5.83688013e-08 0.5 p1 11568 6
327 7917859 m2 202419 -1.29817436e-05 0.5 p1 11583 6
5452 7936388 m3 3716519 0.000909357623 0.5 p1 11612 6
352 7941083 m2 218262 -0.000441391545 0.5 p1 11619 6
1538 7943135 m2 1046708 -2.92289499e-08 0.5 p1 11622 6
4360 7949946 m2 2969978 -0.000256695726 0.5 p1 11632 6
7110 7959943 m2 4885422 -0.000121865094 0.5 p1 11648 6
2096 7969959 m2 1426444 -8.62607849e-05 0.5 p1 11663 6
3996 7973593 m2 2710433 -0.000540480192 0.5 p1 11669 6
4462 7982594 m2 3045970 -0.000117150514 0.5 p1 11683 6
3894 7984582 m2 2649693 -0.000897221908 0.5 p1 11686 6
3889 7986514 m2 2646504 -2.82659016e-06 0.5 p1 11689 6
1365 7995001 m2 927132 -0.00158941082 0.5 p1 11702 6
3765 8001013 m2 2555723 -5.17052968e-06 0.5 p1 11711 6
2793 8001698 m2 1900473 -0.000155661663 0.5 p1 11712 6
2660 8001706 m2 1805876 -2.18030164e-06 0.5 p1 11712 6
233 8002598 m2 147460 -0.000458087801 0.5 p1 11714 6
1829 8015426 m2 1246036 -2.08438333e-08 0.5 p1 11734 6
6523 8016373 m2 4471997 -0.00136353332 0.5 p1 11735 6
6234 8016445 m2 4266291 -4.91803487e-10 0.5 p1 11735 6
2767 8017823 m2 1880847 -0.00106982107 0.5 p1 11737 6
5045 8018024 m2 3442855 -0.000168557293 0.5 p1 11738 6
4150 8024322 m2 2814883 -1.08759446e-06 0.5 p1 11748 6
2884 8034313 m2 1958707 -0.000282693072 0.5 p1 11763 6
1602 8035908 m2 1091509 -0.00187664782 0.5 p1 11765 6
1645 8046179 m2 1122723 -0.000346471556 0.5 p1 11781 6
3512 8049149 m2 2374401 -1.1500385e-05 0.5 p1 11786 6
260 8050362 m2 164903 -5.26115509e-05 0.5 p1 11787 6
2522 8056112 m2 1705492 -0.000497250585 0.5 p1 11796 6
2331 8057137 m2 1578066 -7.10005997e-06 0.5 p1 11798 6
6067 8064299 m2 4173708 -4.14507558e-05 0.5 p1 11809 6
120 8064750 m2 78230 -9.11815003e-13 0.5 p1 11809 6
6801 8075719 m2 4677179 -0.000932737254 0.5 p1 11826 6
4379 8079651 m2 2979333 -0.00017894854 0.5 p1 11832 6
6628 8080041 m2 4551358 -3.58489105e-09 0.5 p1 11833 6
2333 8081246 m2 1578704 -2.33711805e-08 0.5 p1 11835 6
5601 8085204 m2 3826108 -2.80197287e-06 0.5 p1 11841 6
3720 8098072 m2 2524880 -0.000515406311 0.5 p1 11861 6
6951 8107448 m2 4772065 -0.000407104293 0.5 p1 11875 6
3306 8110820 m2 2230772 -1.43992247e-14 0.5 p1 11880 6
5287 8115248 m2 3609168 -9.65549134e-07 0.5 p1 11887 6
6256 8130109 m2 4281291 -2.0121437e-05 0.5 p1 11910 6
7063 8151563 m2 4852218 -1.64614402e-08 0.5 p1 11944 6
2376 8156495 m2 1598478 -3.60794429e-14 0.5 p1 11951 6
666 8157233 m2 454537 -4.3396547e-05 0.5 p1 11952 6
3029 8173498 m2 2053493 -4.09987599e-08 0.5 p1 11978 6
4203 8186535 m2 2854080 -9.6945274e-10 0.5 p1 11998 6
4120 8220082 m2 2791287 -9.18709819e-09 0.5 p1 12050 6
3642 8224244 m2 2474906 -0.000591335003 0.5 p1 12056 6
6364 8226747 m2 4361116 -6.01379652e-05 0.5 p1 12060 6
2626 8228270 m2 1781823 -1.03008574e-06 0.5 p1 12063 6
816 8256110 m2 554197 -0.00106682861 0.5 p1 12106 6
3539 8261077 m3 2401261 0.00445488142 0.5 p1 12113 6
6716 8262040 m2 4612402 -5.0827839e-05 0.5 p1 12115 6
2084 8263159 m2 1421405 -3.13100536e-05 0.5 p1 12116 6
4915 8268507 m2 3360113 -4.91925846e-07 0.5 p1 12125 6
6990 8269081 m2 4804895 -0.000543319969 0.5 p1 12125 6
5865 8278581 m2 4014765 -1.58979383e-05 0.5 p1 12140 6
3069 8279201 m2 2086283 -3.48241997e-07 0.5 p1 12141 6
4109 8305993 m2 2784206 -1.28145675e-05 0.5 p1 12182 6
7144 8306716 m2 4910328 -0.00129405956 0.5 p1 12184 6
5026 8311935 m2 3430433 -0.000779180962 0.5 p1 12191 6
6590 8345084 m3 4525216 0.000138802396 0.5 p1 12243 6
331 8350625 m2 205614 -8.4407824e-05 0.5 p1 12252 6
6140 8360977 m2 4210175 -1.46288767e-05 0.5 p1 12268 6
485 8376916 m2 315383 -0.000497421192 0.5 p1 12293 6
1540 8377974 m2 1047621 -0.000199000351 0.5 p1 12294 6
7085 8378103 m2 4868573 -0.000154851572 0.5 p1 12295 6
4596 8381890 m2 3145288 -0.000536124862 0.5 p1 12300 6
5751 8452731 m3 3933714 0.000175673733 0.5 p1 12412 6
2927 8453688 m2 1983861 -2.22740617e-08 0.5 p1 12413 6
3607 8454683 m2 2449622 -1.51759714e-05 0.5 p1 12415 6
4863 8468278 m2 3327823 -0.000797048036 0.5 p1 12436 6
3863 8484301 m2 2627733 -0.00145950983 0.5 p1 12461 6
1390 8491427 m2 949144 -2.03853623e-09 0.5 p1 12472 6
6323 8496484 m2 4335706 -0.000310998526 0.5 p1 12480 6
437 8509661 m2 278453 -0.00262046908 0.5 p1 12501 6
3972 8513939 m2 2697060 -1.50708797e-06 0.5 p1 12508 6
4942 8516540 m2 3377829 -0.000113922673 0.5 p1 12512 6
2769 8519546 m3 1881015 3.59187397e-05 0.5 p1 12517 6
564 8521110 m2 378798 -1.27502362e-05 0.5 p1 12519 6
6885 8522654 m2 4730002 -1.59521662e-07 0.5 p1 12522 6
2398 8545862 m2 1613239 -1.59273588e-06 0.5 p1 12559 6
6426 8567667 m2 4393484 -0.000849110482 0.5 p1 12594 6
4680 8578636 m2 3210265 -7.30741958e-05 0.5 p1 12611 6
6444 8585531 m2 4410001 -3.18137718e-05 0.5 p1 12622 6
5091 8590783 m2 3473969 -2.50373741e-05 0.5 p1 12630 6
2464 8597989 m2 1660481 -0.00011360646 0.5 p1 12641 6
7250 8598711 m2 4982027 -1.09473249e-05 0.5 p1 12642 6
546 8618725 m2 365316 -0.000202507741 0.5 p1 12673 6
50 8619982 m2 31841 -0.00111266796 0.5 p1 12675 6
4661 8621778 m2 3199277 -0.000123849095 0.5 p1 12678 6
106 8626011 m2 70510 -9.14707562e-06 0.5 p1 12685 6
3036 8641545 m2 2059667 -4.3289574e-06 0.5 p1 12710 6
3696 8643513 m2 2511294 -4.25523785e-06 0.5 p1 12713 6
4277 8643707 m2 2911041 -4.00343743e-06 0.5 p1 12713 6
4650 8645885 m2 3188984 -5.48782482e-05 0.5 p1 12717 6
6139 8659704 m2 4209998 -0.00025017708 0.5 p1 12738 6
432 8680984 m2 277369 -0.000780216884 0.5 p1 12772 6
3364 8684222 m2 2269549 -5.50547338e-05 0.5 p1 12777 6
118 8684322 m2 76400 -0.000108765409 0.5 p1 12777 6
1342 8690950 m2 908863 -0.000165737118 0.5 p1 12788 6
5063 8692371 m2 3449534 -7.00246892e-05 0.5 p1 12790 6
710 8692761 m2 485047 -3.24017785e-10 0.5 p1 12791 6
5284 8701251 m2 3608275 -0.00011110714 0.5 p1 12804 6
5245 8702780 m2 3582823 -0.000134872942 0.5 p1 12806 6
1760 8712096 m2 1201870 -0.000608374306 0.5 p1 12821 6
4495 8723269 m2 3074005 -0.00169757742 0.5 p1 12839 6
114 8726370 m2 75452 -7.89575861e-05 0.5 p1 12844 6
5782 8729265 m2 3953795 -2.4351416e-06 0.5 p1 12849 6
3235 8741136 m2 2187581 -5.49717981e-07 0.5 p1 12867 6
4593 8748126 m2 3143170 -0.000277111627 0.5 p1 12879 6
5820 8757336 m2 3985543 -4.8686303e-07 0.5 p1 12893 6
3219 8757924 m2 2179872 -0.00145508 0.5 p1 12894 6
5951 8765047 m2 4083901 -0.000680998142 0.5 p1 12906 6
5700 8797258 m2 3900432 -0.000182714401 0.5 p1 12956 6
2762 8800726 m2 1874953 -3.23644563e-05 0.5 p1 12962 6
6688 8816479 m3 4591022 6.18297126e-05 0.5 p1 12987 6
266 8831624 m2 168644 -2.261792e-05 0.5 p1 13011 6
1177 8836910 m2 802418 -2.27973524e-05 0.5 p1 13019 6
3584 8838345 m2 2434097 -1.58788467e-07 0.5 p1 13021 6
5235 8841766 m2 3578817 -1.36836448e-07 0.5 p1 13027 6
6956 8880045 m2 4774362 -0.000119431475 0.5 p1 13086 6
5135 8880936 m2 3504759 -6.49297149e-08 0.5 p1 13088 6
513 8882355 m2 340767 -9.20005477e-05 0.5 p1 13090 6
6346 8888011 m2 4350816 -0.000554997241 0.5 p1 13099 6
5645 8895167 m2 3853374 -9.07723825e-06 0.5 p1 13110 6
250 8914583 m2 159531 -0.000402799138 0.5 p1 13140 6
6729 8923404 m2 4618600 -0.00138101925 0.5 p1 13154 6
3215 8927725 m2 2177938 -5.12899969e-05 0.5 p1 13161 6
7120 8945416 m3 4894224 0.00272461679 0.5 p1 13189 6
1516 8951005 m2 1032958 -9.22188065e-06 0.5 p1 13198 6
2119 8952414 m2 1442604 -4.7352799e-07 0.5 p1 13200 6
6550 8953960 m2 4495580 -0.000116545569 0.5 p1 13203 6
3955 8958529 m2 2686217 -7.09686259e-12 0.5 p1 13211 6
1794 8959711 m2 1222643 -1.84383989e-05 0.5 p1 13212 6
3798 8982116 m2 2584133 -1.08738541e-05 0.5 p1 13248 6
6389 8996753 m2 4373014 -1.09499078e-05 0.5 p1 13271 6
4119 9003648 m2 2789173 -7.25348445e-06 0.5 p1 13282 6
7213 9019438 m2 4962397 -1.29028109e-07 0.5 p1 13307 6
930 9048907 m2 636603 -6.78020297e-05 0.5 p1 13354 6
2027 9052817 m2 1386193 -0.00021662045 0.5 p1 13360 6
6539 9085830 m2 4487655 -0.000194887121 0.5 p1 13413 6
5952 9120023 m2 4084661 -6.16213438e-05 0.5 p1 13468 6
3270 9126212 m2 2204441 -0.000293452351 0.5 p1 13477 6
2661 9138543 m2 1806104 -0.00106446818 0.5 p1 13498 6
322 9161454 m2 198937 -5.66977505e-08 0.5 p1 13535 6
4851 9167785 m2 3320204 -0.000288501062 0.5 p1 13545 6
5359 9178059 m2 3659958 -1.03226636e-08 0.5 p1 13561 6
4510 9190811 m2 3082362 -5.36913103e-06 0.5 p1 13582 6
1281 9192906 m2 866893 -0.000857942039 0.5 p1 13585 6
5415 9199829 m2 3695154 -6.46171611e-05 0.5 p1 13596 6
6225 9199927 m3 4263492 0.000954081188 0.5 p1 13597 6
2744 9217888 m2 1862811 -8.74675266e-08 0.5 p1 13626 6
2649 9219875 m2 1799841 -2.44591702e-05 0.5 p1 13629 6
6778 9220447 m2 4658999 -0.000443889643 0.5 p1 13630 6
1658 9225665 m2 1138643 -0.000648912974 0.5 p1 13638 6
4152 9227258 m2 2815041 -3.12351744e-07 0.5 p1 13641 6
1125 9231891 m2 760098 -3.38441314e-05 0.5 p1 13648 6
443 9237010 m2 284044 -2.71684598e-07 0.5 p1 13656 6
2151 9252328 m2 1463065 -2.94387173e-05 0.5 p1 13681 6
1741 9256786 m2 1191070 -0.000192722058 0.5 p1 13688 6
1581 9270104 m2 1072244 -2.64557031e-07 0.5 p1 13709 6
5757 9271216 m2 3936386 -3.5052351e-06 0.5 p1 13711 6
4414 9283472 m2 3004573 -3.5264877e-12 0.5 p1 13731 6
7060 9284990 m2 4851191 -0.000396603369 0.5 p1 13733 6
7038 9303974 m2 4841332 -4.40170152e-06 0.5 p1 13764 6
6485 9317891 m2 4446934 -0.000263882335 0.5 p1 13786 6
5919 9334335 m3 4053698 0.000654900272 0.5 p1 13812 6
2519 9341105 m2 1703497 -1.08333029e-06 0.5 p1 13823 6
3417 9349114 m2 2301630 -0.00174375356 0.5 p1 13836 6
5780 9365690 m2 3953140 -0.00054547505 0.5 p1 13862 6
715 9375179 m2 487075 -1.04301498e-05 0.5 p1 13877 6
3108 9377042 m2 2111795 -0.000418606738 0.5 p1 13880 6
148 9391594 m2 97735 -6.17075639e-05 0.5 p1 13902 6
1781 9392682 m2 1215397 -1.78492155e-05 0.5 p1 13904 6
1596 9398188 m2 1085860 -1.40628417e-05 0.5 p1 13913 6
3921 9414313 m2 2663906 -5.24846728e-05 0.5 p1 13938 6
2998 9421610 m2 2033318 -1.34160437e-05 0.5 p1 13950 6
1892 9423956 m2 1297423 -1.38427395e-05 0.5 p1 13953 6
664 9431441 m2 453685 -1.89020775e-05 0.5 p1 13965 6
3819 9439320 m2 2596251 -9.30265742e-05 0.5 p1 13978 6
5980 9456405 m2 4104312 -8.24544913e-05 0.5 p1 14005 6
5675 9457478 m2 3877834 -0.000681025849 0.5 p1 14006 6
3793 9472706 m2 2579629 -4.02571022e-05 0.5 p1 14031 6
4325 9480577 m3 2941346 0.00319755496 0.5 p1 14044 6
4038 9503192 m2 2738574 -0.000182814882 0.5 p1 14079 6
2239 9508136 m2 1518199 -0.000538897817 0.5 p1 14087 6
2740 9508954 m2 1859605 -1.88877473e-11 0.5 p1 14089 6
99 9523463 m2 66469 -1.2181074e-06 0.5 p1 14112 6
5316 9532902 m2 3631344 -2.18730226e-13 0.5 p1 14127 6
2482 9534923 m2 1680187 -0.000119099641 0.5 p1 14130 6
1431 9535000 m2 976244 -0.000665657397 0.5 p1 14130 6
2599 9536303 m2 1762436 -1.0989246e-06 0.5 p1 14132 6
4461 9536989 m2 3045392 -0.00148993172 0.5 p1 14133 6
4402 9537489 m2 2998290 -1.58709028e-07 0.5 p1 14134 6
760 9537947 m3 520380 0.0010261822 0.5 p1 14135 6
6851 9541305 m2 4709854 -1.69020041e-06 0.5 p1 14140 6
6063 9549980 m2 4172839 -0.000278092979 0.5 p1 14154 6
2414 9559151 m2 1624085 -0.000136534014 0.5 p1 14168 6
851 9559682 m2 584157 -4.17112642e-05 0.5 p1 14169 6
31 9562864 m2 17095 -9.15967746e-10 0.5 p1 14174 6
2600 9562998 m2 1763376 -6.1465078e-05 0.5 p1 14174 6
1613 9575409 m2 1102385 -3.60085414e-06 0.5 p1 14193 6
5423 9604426 m2 3701418 -0.000280363311 0.5 p1 14239 6
4248 9609047 m2 2882385 -9.20288414e-07 0.5 p1 14246 6
2408 9614524 m2 1619629 -7.08433299e-06 0.5 p1 14255 6
5754 9621605 m2 3935951 -4.67029349e-06 0.5 p1 14266 6
6230 9631591 m2 4265276 -6.32300771e-06 0.5 p1 14282 6
7272 9632854 m2 4996320 -0.000512365252 0.5 p1 14284 6
3097 9638024 m2 2100524 -0.00180445355 0.5 p1 14292 6
4595 9638791 m2 3143687 -7.55876712e-08 0.5 p1 14293 6
646 9639292 m2 441184 -0.00108925439 0.5 p1 14294 6
1543 9648699 m2 1049761 -7.74195652e-10 0.5 p1 14309 6
1090 9649844 m2 735686 -8.53796591e-05 0.5 p1 14310 6
3862 9654709 m2 2627544 -5.79388484e-07 0.5 p1 14318 6
2800 9656265 m2 1904675 -1.65104719e-09 0.5 p1 14320 6
291 9660026 m2 181590 -0.000152715686 0.5 p1 14326 6
141 9670345 m2 93958 -7.92440003e-11 0.5 p1 14342 6
4020 9673497 m2 2724735 -3.15026583e-09 0.5 p1 14347 6
3969 9692268 m2 2695233 -6.06260028e-06 0.5 p1 14377 6
400 9695933 m2 254579 -0.000255855091 0.5 p1 14383 6
6401 9725300 m2 4379972 -0.00165284693 0.5 p1 14430 6
852 9736384 m2 584198 -0.000297889084 0.5 p1 14448 6
6768 9743102 m2 4646280 -0.00170779554 0.5 p1 14459 6
5953 9769298 m2 4086203 -8.55383041e-05 0.5 p1 14501 6
643 9777087 m2 437471 -0.000100174388 0.5 p1 14513 6
3127 9779178 m2 2121115 -9.11073585e-06 0.5 p1 14517 6
1311 9791498 m2 887094 -0.000713604386 0.5 p1 14537 6
3246 9792323 m2 2192748 -5.37920097e-10 0.5 p1 14538 6
7182 9793918 m2 4940218 -1.27131031e-07 0.5 p1 14541 6
5709 9795233 m2 3904898 -0.00292033213 0.5 p1 14543 6
1594 9798492 m2 1081893 -8.49150547e-06 0.5 p1 14548 6
4056 9813251 m2 2748088 -0.000100369703 0.5 p1 14572 6
2336 9815985 m2 1579137 -0.000216297907 0.5 p1 14576 6
824 9817715 m3 562205 0.000409248081 0.5 p1 14579 6
4807 9821429 m2 3294386 -0.000141735305 0.5 p1 14585 6
2491 9836119 m2 1685500 -0.000384004146 0.5 p1 14608 6
5271 9846731 m2 3599538 -4.97216668e-08 0.5 p1 14625 6
3316 9860550 m2 2235893 -0.00113578886 0.5 p1 14647 6
4403 9870517 m2 2999160 -3.5619898e-05 0.5 p1 14662 6
4058 9877702 m2 2748757 -1.79655774e-06 0.5 p1 14674 6
563 9879581 m2 378283 -2.73142735e-08 0.5 p1 14676 6
3952 9882351 m2 2681780 -0.000906324945 0.5 p1 14681 6
2651 9889305 m2 1800391 -2.67823853e-11 0.5 p1 14693 6
4509 9891054 m2 3082331 -0.000619914674 0.5 p1 14696 6
4279 9893122 m2 2911396 -1.16799247e-05 0.5 p1 14699 6
3517 9900319 m2 2378321 -0.00018753219 0.5 p1 14710 6
6724 9925597 m2 4615023 -2.12711325e-06 0.5 p1 14751 6
3068 9926813 m2 2085354 -6.50377842e-07 0.5 p1 14753 6
4762 9928375 m2 3263994 -0.000791931583 0.5 p1 14756 6
1688 9931673 m2 1162483 -6.90509296e-07 0.5 p1 14761 6
2279 9962890 m3 1546941 0.000338335056 0.5 p1 14810 6
1415 9967821 m2 965254 -9.36649485e-06 0.5 p1 14818 6
1410 9972423 m2 960483 -0.000634803146 0.5 p1 14825 6
3990 9980708 m2 2706810 -2.3617547e-06 0.5 p1 14838 6
6210 9982551 m2 4253892 -3.793426e-05 0.5 p1 14841 6
5633 9996949 m2 3845425 -0.000281910325 0.5 p1 14864 6
5982 10001974 m2 4106870 -0.00196197815 0.5 p1 14872 6
3406 10013388 m2 2294555 -0.00143427867 0.5 p1 14890 6
4135 10028763 m2 2800193 -0.00113883498 0.5 p1 14915 6
5374 10033630 m2 3668249 -0.000109889661 0.5 p1 14922 6
732 10052895 m2 501204 -2.61715005e-08 0.5 p1 14953 6
3505 10063750 m2 2363383 -2.04980211e-06 0.5 p1 14970 6
4693 10074825 m2 3218375 -1.3533612e-06 0.5 p1 14987 6
6690 10075125 m2 4593090 -1.20505142e-11 0.5 p1 14988 6
3031 10086213 m2 2055300 -3.67349906e-09 0.5 p1 15005 6
1364 10094611 m2 925830 -0.000241989837 0.5 p1 15018 6
21 10098969 m3 13348 0.000802456867 0.5 p1 15025 6
4013 10123206 m2 2721912 -1.23768302e-07 0.5 p1 15063 6
2158 10130960 m2 1467756 -3.10412838e-06 0.5 p1 15076 6
6946 10145932 m2 4769945 -3.36550875e-05 0.5 p1 15099 6
1284 10151689 m2 867780 -0.000723279954 0.5 p1 15108 6
2357 10153474 m2 1587678 -6.31884323e-05 0.5 p1 15111 6
4557 10156016 m2 3110799 -2.66049628e-05 0.5 p1 15115 6
1765 10159574 m2 1203485 -9.40644168e-05 0.5 p1 15121 6
1454 10177567 m2 993223 -4.20201644e-07 0.5 p1 15150 6
4773 10197620 m2 3269693 -2.17500087e-06 0.5 p1 15181 6
4606 10211153 m2 3147490 -2.68343292e-10 0.5 p1 15203 6
1071 10215764 m2 717337 -2.77665686e-06 0.5 p1 15211 6
4439 10224891 m2 3028417 -0.000115076953 0.5 p1 15225 6
690 10231060 m2 471188 -1.91600611e-05 0.5 p1 15235 6
3304 10233054 m2 2230422 -0.000129828142 0.5 p1 15238 6
1735 10238592 m2 1188870 -7.17581713e-07 0.5 p1 15247 6
1835 10267694 m2 1250341 -0.00023896835 0.5 p1 15293 6
6166 10268062 m2 4227135 -3.17860281e-06 0.5 p1 15294 6
2221 10277863 m2 1502407 -6.26307883e-05 0.5 p1 15309 6
1116 10286937 m2 756846 -6.18940321e-05 0.5 p1 15324 6
4045 10298801 m2 2743504 -4.77992799e-05 0.5 p1 15343 6
6411 10300320 m2 4385070 -1.42259452e-07 0.5 p1 15345 6
4328 10311084 m2 2943045 -0.000822471455 0.5 p1 15362 6
987 10320206 m2 664651 -9.24649612e-06 0.5 p1 15377 6
3559 10322975 m2 2416567 -2.68108943e-05 0.5 p1 15381 6
3118 10328981 m2 2116736 -0.0011324886 0.5 p1 15391 6
605 10337051 m2 409183 -0.000228619712 0.5 p1 15404 6
3967 10362715 m2 2693473 -1.58595537e-08 0.5 p1 15445 6
4300 10374801 m2 2925596 -3.8637884e-09 0.5 p1 15464 6
2014 10387728 m2 1374672 -0.00020881361 0.5 p1 15485 6
3399 10389291 m2 2290718 -3.96092873e-05 0.5 p1 15488 6
3265 10391267 m2 2202570 -1.01068645e-05 0.5 p1 15491 6
3324 10404766 m2 2240516 -4.39601307e-11 0.5 p1 15513 6
785 10405296 m2 535040 -1.79992643e-08 0.5 p1 15514 6
6077 10407407 m2 4176972 -3.00213105e-05 0.5 p1 15517 6
5293 10415449 m2 3612865 -0.00265341206 0.5 p1 15531 6
5297 10417240 m2 3617473 -1.43727319e-09 0.5 p1 15534 6
6050 10445282 m2 4166277 -4.28581334e-05 0.5 p1 15579 6
2611 10445812 m2 1770496 -0.000437375827 0.5 p1 15580 6
7262 10464766 m2 4989185 -1.30809008e-06 0.5 p1 15610 6
2228 10464987 m2 1510132 -0.000251136807 0.5 p1 15611 6
5464 10466704 m2 3726234 -3.97189524e-06 0.5 p1 15613 6
498 10475195 m2 332457 -0.000123312668 0.5 p1 15628 6
5424 10483443 m2 3701812 -9.66794914e-07 0.5 p1 15641 6
1683 10484648 m2 1158105 -0.000136777075 0.5 p1 15643 6
319 10489368 m2 195727 -7.22772401e-14 0.5 p1 15651 6
2689 10489599 m2 1822308 -3.0724423e-11 0.5 p1 15651 6
2543 10496383 m2 1722319 -0.000687727705 0.5 p1 15662 6
3526 10511341 m2 2388031 -0.000650135393 0.5 p1 15687 6
955 10511708 m2 648321 -0.00117928931 0.5 p1 15688 6
2675 10535465 m2 1814579 -1.62285545e-07 0.5 p1 15726 6
2022 10535806 m2 1379767 -0.000254087267 0.5 p1 15727 6
3412 10543764 m2 2297716 -0.00251647457 0.5 p1 15740 6
2012 10550802 m2 1373092 -0.000370228197 0.5 p1 15751 6
741 10559488 m2 507439 -7.46594287e-06 0.5 p1 15765 6
6627 10559825 m2 4550495 -7.38964736e-05 0.5 p1 15766 6
742 10576866 m2 508565 -6.82265681e-06 0.5 p1 15793 6
2850 10593858 m3 1938191 0.000533533108 0.5 p1 15821 6
3392 10599827 m2 2288620 -0.000175771216 0.5 p1 15831 6
6233 10602981 m2 4266086 -0.000163545017 0.5 p1 15836 6
5525 10604331 m2 3771306 -5.78925465e-05 0.5 p1 15838 6
153 10604795 m2 102859 -2.05020888e-06 0.5 p1 15839 6
3077 10616367 m2 2090770 -0.000158956624 0.5 p1 15857 6
651 10624434 m2 446316 -0.000119691067 0.5 p1 15870 6
293 10640619 m2 182341 -1.60867899e-06 0.5 p1 15896 6
1685 10648401 m2 1159728 -0.000136814415 0.5 p1 15909 6
7276 10650842 m2 4999056 -6.23945089e-05 0.5 p1 15913 6
3804 10654437 m3 2587520 0.00112656888 0.5 p1 15919 6
248 10669802 m2 159022 -1.05837044e-05 0.5 p1 15943 6
64 10674432 m2 41243 -2.74267654e-06 0.5 p1 15951 6
7094 10677159 m2 4874743 -0.00102082733 0.5 p1 15955 6
2313 10679398 m2 1566651 -8.15536083e-09 0.5 p1 15959 6
4638 10682879 m2 3178657 -0.000738220813 0.5 p1 15964 6
5532 10683169 m2 3776235 -1.04158069e-13 0.5 p1 15965 6
5715 10704542 m2 3909335 -2.99798521e-05 0.5 p1 15999 6
621 10705411 m2 420882 -1.37083236e-06 0.5 p1 16000 6
3017 10711775 m2 2047018 -7.71225532e-05 0.5 p1 16010 6
2191 10714815 m2 1490395 -4.61920102e-08 0.5 p1 16015 6
2065 10715003 m2 1412280 -0.00040736259 0.5 p1 16015 6
958 10718926 m2 650165 -8.85249136e-08 0.5 p1 16022 6
1572 10746117 m2 1067562 -7.6574338e-07 0.5 p1 16066 6
4761 10754548 m2 3263629 -6.90425077e-06 0.5 p1 16080 6
4605 10763602 m2 3147414 -0.000213355583 0.5 p1 16094 6
6177 10775068 m2 4234546 -0.00022393027 0.5 p1 16113 6
2329 10775373 m2 1577304 -3.2683713e-06 0.5 p1 16113 6
6079 10784910 m2 4177796 -1.39901776e-05 0.5 p1 16129 6
3822 10803906 m2 2597326 -0.000107489483 0.5 p1 16159 6
963 10810088 m2 651980 -5.09594543e-07 0.5 p1 16169 6
3714 10816928 m2 2520784 -1.99819874e-06 0.5 p1 16181 6
817 10817120 m2 554832 -7.61373826e-07 0.5 p1 16181 6
6776 10826096 m2 4657321 -0.000135796654 0.5 p1 16196 6
993 10827411 m2 667127 -1.32994483e-05 0.5 p1 16198 6
2100 10848133 m2 1430663 -0.000646278088 0.5 p1 16231 6
1746 10852615 m2 1195915 -0.00111775706 0.5 p1 16238 6
7018 10859286 m2 4828213 -4.73270575e-06 0.5 p1 16249 6
5288 10859674 m2 3609217 -5.76698949e-06 0.5 p1 16250 6
1761 10882477 m3 1202158 0.00140618871 0.5 p1 16287 6
5090 10891571 m2 3473422 -3.81620707e-10 0.5 p1 16301 6
1051 10901464 m2 701227 -0.00153061352 0.5 p1 16317 6
874 10904056 m2 595765 -0.000481265539 0.5 p1 16322 6
6966 10914561 m2 4782063 -4.34185722e-06 0.5 p1 16339 6
975 10926361 m2 658597 -0.00145327672 0.5 p1 16358 6
7173 10932298 m2 4935151 -5.53271184e-06 0.5 p1 16368 6
1972 10936239 m3 1354442 0.00270637474 0.5 p1 16374 6
7153 10946618 m2 4918868 -8.32282058e-06 0.5 p1 16391 6
869 10951249 m2 593109 -5.90132856e-07 0.5 p1 16399 6
5372 10952359 m3 3667451 0.00528611243 0.5 p1 16400 6
1571 10953305 m3 1067499 0.000838905689 0.5 p1 16402 6
4935 10955367 m2 3372479 -2.07153548e-08 0.5 p1 16405 6
2396 10996348 m2 1612531 -0.000563035661 0.5 p1 16473 6
5469 10999174 m2 3728591 -4.09093582e-06 0.5 p1 16478 6
3598 11007251 m2 2444440 -0.000670975365 0.5 p1 16491 6
2455 11026845 m2 1656898 -0.0011696883 0.5 p1 16523 6
968 11028423 m2 655609 -2.32643302e-07 0.5 p1 16526 6
5650 11035033 m2 3857998 -0.000392563961 0.5 p1 16537 6
3157 11039074 m2 2139908 -0.000230091668 0.5 p1 16543 6
4711 11042654 m2 3230037 -0.000310327217 0.5 p1 16549 6
6250 11057389 m2 4278523 -1.55007251e-09 0.5 p1 16573 6
1135 11065688 m2 767141 -1.16132896e-05 0.5 p1 16587 6
3019 11070400 m2 2047836 -2.40512127e-05 0.5 p1 16595 6
2691 11072363 m2 1824165 -0.00233111437 0.5 p1 16598 6
1299 11083681 m2 876352 -0.000585284026 0.5 p1 16617 6
2908 11086924 m2 1971913 -0.00099599082 0.5 p1 16622 6
4118 11088075 m2 2789085 -0.0016486987 0.5 p1 16624 6
5099 11095002 m3 3478561 0.00403213967 0.5 p1 16636 6
5513 11096731 m2 3760091 -2.18433775e-06 0.5 p1 16639 6
6352 11108741 m2 4352160 -7.25758516e-12 0.5 p1 16659 6
5032 11117398 m2 3431206 -0.00123060285 0.5 p1 16674 6
3057 11129594 m2 2078141 -6.11605933e-10 0.5 p1 16694 6
747 11175031 m2 512122 -0.00148070056 0.5 p1 16772 6
1682 11196263 m2 1157888 -4.75626075e-06 0.5 p1 16809 6
4025 11200781 m2 2728074 -5.9332983e-09 0.5 p1 16817 6
5025 11215299 m2 3430126 -0.000154234993 0.5 p1 16843 6
796 11221459 m2 544938 -7.18176052e-09 0.5 p1 16853 6
4877 11247540 m2 3337669 -0.0002548091 0.5 p1 16899 6
2121 11262264 m2 1443860 -4.97177325e-06 0.5 p1 16924 6
3617 11274608 m2 2460917 -3.65443092e-10 0.5 p1 16946 6
473 11274724 m2 306969 -1.5720983e-13 0.5 p1 16946 6
4036 11294320 m2 2737566 -7.08572361e-06 0.5 p1 16980 6
1174 11301857 m2 801472 -2.78928223e-06 0.5 p1 16992 6
2774 11305960 m2 1884198 -2.54152326e-08 0.5 p1 16999 6
207 11311140 m2 136109 -0.00025571321 0.5 p1 17008 6
1815 11312261 m2 1236375 -0.000234490479 0.5 p1 17010 6
6036 11315451 m2 4151567 -0.00145766558 0.5 p1 17015 6
1652 11315749 m2 1132472 -5.37449182e-07 0.5 p1 17016 6
2605 11316310 m2 1768147 -1.09791252e-07 0.5 p1 17017 6
429 11317727 m2 277268 -1.10282468e-08 0.5 p1 17019 6
3064 11319380 m2 2082973 -8.85362679e-05 0.5 p1 17022 6
3171 11329530 m2 2150047 -3.97627531e-09 0.5 p1 17039 6
3126 11330370 m2 2120971 -0.000688895409 0.5 p1 17041 6
89 11331686 m2 58119 -6.21998925e-06 0.5 p1 17043 6
93 11337366 m2 60767 -1.3798669e-05 0.5 p1 17052 6
199 11372115 m2 131223 -2.70737928e-07 0.5 p1 17112 6
1063 11374947 m2 713871 -0.000738613599 0.5 p1 17117 6
6051 11396370 m2 4166291 -8.93011304e-07 0.5 p1 17153 6
771 11405346 m2 525607 -0.000253608887 0.5 p1 17168 6
865 11420082 m2 591078 -0.000136039249 0.5 p1 17193 6
5863 11422500 m2 4011027 -0.000922810519 0.5 p1 17198 6
2942 11426987 m2 1992132 -1.62630349e-05 0.5 p1 17205 6
6366 11430834 m2 4362780 -5.0536175e-05 0.5 p1 17212 6
4234 11431349 m2 2875155 -6.82784303e-05 0.5 p1 17213 6
3440 11445084 m2 2315836 -6.47346824e-05 0.5 p1 17237 6
5073 11445341 m2 3460511 -8.13077986e-06 0.5 p1 17237 6
2591 11455524 m2 1756725 -2.75860348e-05 0.5 p1 17255 6
6174 11455555 m2 4231633 -4.71258682e-06 0.5 p1 17255 6
4924 11458937 m2 3364230 -7.38671515e-05 0.5 p1 17261 6
321 11481270 m3 198560 0.00462692184 0.5 p1 17298 6
3950 11485057 m3 2680355 0.00119791646 0.5 p1 17305 6
4274 11487602 m2 2908044 -0.00041346153 0.5 p1 17309 6
4634 11506582 m2 3174164 -0.000711160421 0.5 p1 17342 6
1255 11510640 m2 852699 -0.00166107051 0.5 p1 17349 6
3103 11516566 m2 2106873 -8.09328139e-06 0.5 p1 17359 6
712 11517251 m2 486336 -0.000244307448 0.5 p1 17360 6
753 11524017 m2 516001 -0.000307948038 0.5 p1 17371 6
4311 11530973 m2 2933176 -2.82331507e-06 0.5 p1 17383 6
1639 11534032 m3 1118630 0.00147699646 0.5 p1 17388 6
5930 11536973 m2 4059269 -0.000102018304 0.5 p1 17393 6
2285 11538075 m2 1550630 -0.000818122528 0.5 p1 17395 6
866 11539783 m2 591280 -2.50298697e-08 0.5 p1 17398 6
2883 11543466 m2 1957413 -0.00122130895 0.5 p1 17404 6
2276 11543755 m2 1544150 -2.05233046e-05 0.5 p1 17405 6
1500 11548820 m2 1022478 -0.00109724863 0.5 p1 17414 6
6714 11573649 m3 4610933 0.000490587205 0.5 p1 17456 6
4698 11589394 m2 3223600 -0.000227481214 0.5 p1 17483 6
1959 11594232 m2 1344346 -3.93803878e-09 0.5 p1 17492 6
3128 11621736 m2 2121311 -1.06290248e-08 0.5 p1 17537 6
242 11630404 m2 154742 -6.833572e-07 0.5 p1 17552 6
3028 11647139 m3 2053205 0.0010582878 0.5 p1 17580 6
2445 11653927 m2 1649097 -1.69775217e-06 0.5 p1 17592 6
3966 11666478 m2 2693214 -0.000132767338 0.5 p1 17613 6
2647 11672902 m2 1798626 -3.1322983e-05 0.5 p1 17624 6
4138 11683740 m2 2806222 -0.000871867815 0.5 p1 17642 6
4710 11684239 m2 3227827 -3.6486028e-05 0.5 p1 17643 6
3371 11684493 m2 2272298 -8.57497895e-08 0.5 p1 17644 6
6760 11694917 m2 4643979 -1.60044223e-07 0.5 p1 17661 6
3907 11702518 m2 2654905 -2.19342564e-06 0.5 p1 17674 6
4786 11703086 m2 3279091 -5.18761299e-05 0.5 p1 17675 6
2758 11704655 m2 1872218 -5.69257027e-05 0.5 p1 17678 6
3544 11704889 m2 2405321 -8.03661209e-08 0.5 p1 17678 6
5208 11721810 m2 3561043 -3.28875899e-07 0.5 p1 17707 6
2448 11724717 m2 1649786 -0.000183091601 0.5 p1 17712 6
5529 11728794 m3 3774546 0.00304385903 0.5 p1 17719 6
2342 11738289 m2 1580275 -0.0011466468 0.5 p1 17735 6
4974 11739848 m2 3395403 -1.70029466e-08 0.5 p1 17738 6
533 11744125 m2 354216 -0.000752067717 0.5 p1 17745 6
2189 11753949 m2 1487482 -3.53742362e-05 0.5 p1 17762 6
7000 11759836 m2 4812893 -0.000321485277 0.5 p1 17772 6
5079 11764901 m2 3464009 -1.43928864e-05 0.5 p1 17781 6
5147 11769031 m2 3512909 -0.000236693857 0.5 p1 17788 6
6898 11778787 m2 4737351 -1.04563935e-09 0.5 p1 17804 6
4380 11779070 m3 2979951 0.000733039109 0.5 p1 17805 6
2615 11794574 m2 1773372 -1.64486319e-05 0.5 p1 17832 6
1749 11805860 m2 1196944 -1.57706893e-06 0.5 p1 17851 6
4162 11806884 m2 2825217 -3.14282822e-08 0.5 p1 17852 6
5999 11814094 m2 4126162 -0.000417487172 0.5 p1 17865 6
1626 11815602 m2 1110668 -2.80712731e-10 0.5 p1 17867 6
6904 11815770 m3 4739772 0.000945999345 0.5 p1 17868 6
4934 11819937 m2 3372405 -1.69696772e-08 0.5 p1 17875 6
6843 11823589 m2 4704880 -0.000320099323 0.5 p1 17881 6
794 11828060 m2 542990 -6.40378221e-06 0.5 p1 17889 6
6298 11828457 m2 4322139 -0.000203055781 0.5 p1 17889 6
1907 11829585 m2 1306378 -3.38082673e-09 0.5 p1 17891 6
3298 11838734 m2 2224138 -0.000699699682 0.5 p1 17906 6
2355 11842281 m2 1587369 -0.00016974537 0.5 p1 17912 6
1465 11846671 m2 999754 -1.66398691e-15 0.5 p1 17920 6
1033 11850859 m2 690668 -6.74681132e-06 0.5 p1 17927 6
1402 11862708 m2 957156 -2.90881894e-06 0.5 p1 17947 6
1853 11867542 m2 1265516 -2.09450718e-06 0.5 p1 17955 6
5461 11881741 m2 3725234 -0.000254318758 0.5 p1 17978 6
1742 11883190 m2 1193390 -1.35843807e-08 0.5 p1 17981 6
5777 11891420 m2 3949334 -7.00270903e-05 0.5 p1 17994 6
1561 11898980 m2 1061737 -0.0007217612 0.5 p1 18007 6
2459 11902221 m2 1658440 -1.39784291e-15 0.5 p1 18012 6
7071 11925267 m3 4856789 0.000388037995 0.5 p1 18051 6
519 11927940 m2 346163 -0.000102105252 0.5 p1 18056 6
4104 11937476 m2 2781687 -2.2379747e-05 0.5 p1 18072 6
4686 11939265 m2 3212975 -0.000151594024 0.5 p1 18075 6
5943 11941977 m2 4073289 -9.71683476e-05 0.5 p1 18080 6
2918 11953138 m2 1976318 -0.000140575066 0.5 p1 18099 6
5810 11961170 m2 3974471 -0.000578083855 0.5 p1 18112 6
6572 11970688 m2 4511590 -7.14723792e-05 0.5 p1 18129 6
2288 11979284 m2 1552737 -0.000388098793 0.5 p1 18143 6
5722 11993467 m2 3916047 -3.7987963e-08 0.5 p1 18166 6
4131 11994061 m2 2798335 -8.72609889e-05 0.5 p1 18168 6
4880 11995187 m2 3339837 -2.66987854e-06 0.5 p1 18169 6
1106 12022133 m3 747856 0.00204110867 0.5 p1 18215 6
5878 12032328 m2 4025316 -1.4153521e-07 0.5 p1 18233 6
2985 12032905 m2 2023756 -0.000724420417 0.5 p1 18233 6
6796 12047660 m2 4673038 -1.13909955e-05 0.5 p1 18259 6
4914 12057304 m2 3359414 -3.66629349e-09 0.5 p1 18275 6
7179 12068435 m2 4939463 -5.51671437e-05 0.5 p1 18295 6
4230 12079469 m2 2873460 -2.18015475e-06 0.5 p1 18313 6
5767 12084987 m2 3943510 -0.000113672482 0.5 p1 18323 6
1073 12090718 m2 719241 -0.000149454921 0.5 p1 18333 6
1599 12095537 m2 1086903 -2.24669193e-07 0.5 p1 18341 6
1732 12096450 m3 1187568 0.00128938374 0.5 p1 18343 6
4813 12099821 m2 3296662 -0.000592829892 0.5 p1 18348 6
456 12111053 m2 298004 -7.77359164e-05 0.5 p1 18367 6
536 12114772 m2 357033 -4.64596669e-05 0.5 p1 18373 6
5679 12140281 m2 3880783 -0.00118092541 0.5 p1 18416 6
3010 12167019 m2 2044354 -0.000106611224 0.5 p1 18461 6
2849 12172214 m2 1937451 -0.00028404253 0.5 p1 18470 6
3403 12173307 m2 2293216 -1.94300128e-06 0.5 p1 18472 6
3997 12193246 m2 2713008 -0.00142703054 0.5 p1 18506 6
1215 12203112 m2 829519 -1.02324179e-07 0.5 p1 18522 6
7114 12203199 m2 4887404 -0.000134838439 0.5 p1 18522 6
5903 12233616 m2 4041358 -0.000235826548 0.5 p1 18573 6
542 12239309 m2 363391 -3.60974423e-06 0.5 p1 18582 6
3685 12239872 m2 2502615 -0.000254827959 0.5 p1 18583 6
5508 12247775 m2 3755828 -0.000359655998 0.5 p1 18596 6
6497 12248178 m2 4454250 -0.000825668743 0.5 p1 18597 6
6294 12256871 m2 4313851 -0.00068091607 0.5 p1 18612 6
1788 12261782 m2 1220006 -1.65819742e-07 0.5 p1 18620 6
1800 12267787 m2 1225899 -7.09158428e-07 0.5 p1 18630 6
5763 12272115 m2 3941871 -1.93087799e-05 0.5 p1 18637 6
3080 12282072 m2 2092723 -5.66738845e-06 0.5 p1 18654 6
6985 12282856 m2 4798371 -0.000107758249 0.5 p1 18655 6
3788 12285617 m2 2578014 -9.48653633e-06 0.5 p1 18660 6
2863 12287263 m2 1943975 -0.000533888349 0.5 p1 18663 6
7003 12288616 m2 4816052 -0.000158627692 0.5 p1 18665 6
4678 12289439 m2 3209886 -0.000147142433 0.5 p1 18666 6
1518 12298901 m2 1034070 -6.07141992e-05 0.5 p1 18682 6
6008 12309643 m2 4135137 -1.28483396e-06 0.5 p1 18701 6
2064 12318824 m2 1411183 -2.86528048e-05 0.5 p1 18716 6
6296 12326484 m2 4318345 -2.33751379e-07 0.5 p1 18729 6
6452 12330182 m2 4417134 -1.91396284e-05 0.5 p1 18735 6
6319 12346701 m2 4332872 -0.000146266379 0.5 p1 18762 6
6892 12362886 m2 4733957 -7.77431633e-05 0.5 p1 18790 6
678 12386466 m2 460542 -1.83825014e-05 0.5 p1 18831 6
5631 12390744 m2 3844156 -5.10152495e-06 0.5 p1 18838 6
3956 12392392 m2 2686263 -1.26767839e-06 0.5 p1 18841 6
5437 12392962 m2 3708495 -0.000686578976 0.5 p1 18842 6
4322 12395322 m2 2940580 -0.000919034122 0.5 p1 18846 6
3821 12409410 m2 2597308 -0.00011706342 0.5 p1 18870 6
978 12421331 m2 659174 -3.04521327e-05 0.5 p1 18890 6
5413 12426340 m3 3693573 0.00349251437 0.5 p1 18899 6
7169 12426974 m2 4932823 -8.6472204e-07 0.5 p1 18900 6
1123 12427001 m3 759486 0.00172833842 0.5 p1 18900 6
48 12431236 m2 30518 -5.20744607e-06 0.5 p1 18907 6
4174 12432045 m2 2829740 -4.42767487e-06 0.5 p1 18909 6
7193 12438016 m2 4949699 -8.97909747e-09 0.5 p1 18919 6
2283 12440870 m2 1549637 -0.000528253266 0.5 p1 18924 6
2709 12445013 m2 1836192 -0.00059587328 0.5 p1 18931 6
2938 12449450 m3 1989285 0.000348126923 0.5 p1 18938 6
7267 12451670 m2 4990704 -0.000209137783 0.5 p1 18942 6
1233 12464749 m3 839548 0.00227493211 0.5 p1 18964 6
5055 12472684 m2 3446586 -0.000258187414 0.5 p1 18978 6
3479 12475405 m2 2344610 -6.64483878e-07 0.5 p1 18982 6
1221 12478261 m2 833410 -0.000275458908 0.5 p1 18987 6
1474 12488551 m2 1007786 -3.34587099e-07 0.5 p1 19005 6
2129 12492906 m2 1448346 -5.59361069e-07 0.5 p1 19013 6
6795 12495154 m2 4671049 -4.58572504e-05 0.5 p1 19017 6
363 12499865 m3 230327 0.000415826013 0.5 p1 19025 6
7242 12506108 m2 4976317 -0.000229724887 0.5 p1 19035 6
2489 12522493 m3 1683970 0.000939307443 0.5 p1 19063 6
5760 12523839 m2 3938155 -0.000446546619 0.5 p1 19065 6
1925 12529063 m2 1321593 -0.000679264078 0.5 p1 19074 6
2932 12529241 m2 1987325 -1.24278231e-05 0.5 p1 19074 6
6362 12535464 m3 4360136 0.000164056808 0.5 p1 19085 6
329 12550483 m2 204073 -7.49501225e-11 0.5 p1 19111 6
6945 12564601 m2 4769792 -7.99814552e-06 0.5 p1 19136 6
3058 12569217 m2 2078419 -1.06554401e-08 0.5 p1 19144 6
2290 12579278 m2 1553096 -0.000354404357 0.5 p1 19161 6
5846 12585826 m2 3999460 -6.97018277e-06 0.5 p1 19173 6
812 12586885 m2 552624 -4.76469431e-05 0.5 p1 19175 6
5933 12589634 m2 4063407 -7.78202391e-09 0.5 p1 19179 6
2206 12590065 m2 1496244 -4.29377942e-05 0.5 p1 19180 6
6512 12614992 m2 4465242 -5.16161253e-06 0.5 p1 19223 6
5867 12615277 m2 4018094 -0.00011095855 0.5 p1 19224 6
1401 12619579 m2 957066 -4.11041867e-07 0.5 p1 19231 6
2822 12619714 m2 1919488 -5.60443027e-07 0.5 p1 19232 6
3244 12623688 m2 2192053 -0.0011453199 0.5 p1 19239 6
2011 12624844 m2 1372981 -3.40000261e-05 0.5 p1 19241 6
4060 12629962 m2 2749226 -9.0064708e-07 0.5 p1 19250 6
5794 12637314 m3 3962576 0.000958996243 0.5 p1 19263 6
4249 12651145 m2 2886011 -0.000107425891 0.5 p1 19286 6
3679 12652532 m2 2496637 -3.50388149e-07 0.5 p1 19289 6
5370 12666273 m3 3667121 0.00370859727 0.5 p1 19313 6
1321 12669538 m2 895152 -3.72985414e-05 0.5 p1 19318 6
3551 12669615 m2 2409890 -2.39171113e-05 0.5 p1 19318 6
332 12681367 m3 206022 0.00630365545 0.5 p1 19339 6
5165 12683199 m2 3524120 -4.08436051e-07 0.5 p1 19343 6
5498 12685070 m2 3747182 -0.000111884903 0.5 p1 19346 6
1487 12689179 m2 1015679 -7.44668228e-07 0.5 p1 19353 6
1847 12691322 m2 1260339 -0.000152545457 0.5 p1 19356 6
4390 12697059 m2 2988451 -4.96298389e-06 0.5 p1 19366 6
5136 12712448 m2 3504828 -0.000881437853 0.5 p1 19393 6
1557 12723930 m2 1060060 -1.10932542e-05 0.5 p1 19412 6
6779 12741556 m2 4660740 -0.000169130479 0.5 p1 19443 6
4853 12744195 m2 3321571 -4.61988711e-05 0.5 p1 19447 6
7102 12745012 m2 4879006 -0.000168833503 0.5 p1 19449 6
6285 12746619 m2 4300193 -0.00050596759 0.5 p1 19451 6
280 12750556 m2 176990 -1.05937115e-05 0.5 p1 19458 6
2855 12755871 m2 1940416 -5.9365073e-05 0.5 p1 19467 6
6496 12773456 m2 4454091 -1.40281622e-06 0.5 p1 19497 6
701 12774825 m2 481095 -0.00013372369 0.5 p1 19499 6
3380 12775721 m2 2282256 -0.000233999745 0.5 p1 19501 6
3360 12775882 m2 2266276 -0.000132174217 0.5 p1 19501 6
6440 12776773 m2 4405228 -3.00829993e-06 0.5 p1 19503 6
1473 12780002 m2 1006680 -0.00055582705 0.5 p1 19508 6
503 12780605 m2 334616 -2.95229427e-07 0.5 p1 19509 6
139 12781060 m2 91376 -4.8468537e-05 0.5 p1 19510 6
3289 12787986 m2 2216485 -7.05180573e-05 0.5 p1 19522 6
1326 12791759 m2 897964 -9.93496257e-11 0.5 p1 19528 6
4484 12793565 m3 3065237 0.000469202991 0.5 p1 19531 6
6098 12800138 m2 4189291 -0.000830847945 0.5 p1 19543 6
3163 12808814 m2 2144031 -0.000107345229 0.5 p1 19557 6
1307 12819449 m2 884753 -2.53211624e-06 0.5 p1 19575 6
307 12822252 m2 187475 -0.000446487626 0.5 p1 19580 6
5067 12834825 m2 3452256 -3.54408476e-05 0.5 p1 19602 6
7256 12842731 m2 4986437 -0.000274156744 0.5 p1 19615 6
3396 12866281 m2 2289923 -5.60469289e-06 0.5 p1 19657 6
5674 12875066 m2 3877517 -0.000197861184 0.5 p1 19672 6
1526 12882273 m2 1037953 -0.000168073297 0.5 p1 19684 6
2263 12883943 m2 1534090 -2.27687437e-07 0.5 p1 19687 6
3699 12884130 m3 2512496 0.00308445841 0.5 p1 19687 6
2788 12893645 m2 1894070 -6.0595019e-05 0.5 p1 19704 6
5556 12899043 m3 3789585 0.000124082973 0.5 p1 19713 6
1254 12905398 m2 852698 -5.42914313e-05 0.5 p1 19724 6
6825 12917402 m2 4693094 -0.000868581177 0.5 p1 19744 6
7278 12918924 m2 4999870 -1.29438724e-10 0.5 p1 19747 6
2321 12920890 m2 1571721 -1.76220816e-09 0.5 p1 19750 6
2727 12924579 m2 1851706 -0.000125694394 0.5 p1 19756 6
2252 12972960 m2 1525300 -9.00518171e-06 0.5 p1 19838 6
3196 13003621 m3 2169093 0.00153416058 0.5 p1 19890 6
2861 13016894 m2 1942628 -0.00197933475 0.5 p1 19912 6
2845 13037658 m2 1935101 -7.46068981e-05 0.5 p1 19948 6
2656 13043011 m2 1802545 -1.8424098e-06 0.5 p1 19957 6
737 13058203 m2 504948 -0.00194406032 0.5 p1 19983 6
2768 13061027 m2 1880856 -3.0661482e-05 0.5 p1 19988 6
4988 13070079 m2 3406226 -1.06736961e-05 0.5 p1 20003 6
4603 13071284 m2 3146898 -5.35511463e-05 0.5 p1 20005 6
5979 13076427 m2 4103778 -0.00227211276 0.5 p1 20014 6
3147 13081648 m2 2133416 -7.34671412e-05 0.5 p1 20023 6
5466 13093989 m2 3726651 -0.000180351504 0.5 p1 20044 6
3279 13097324 m2 2206916 -1.36243045e-10 0.5 p1 20050 6
2843 13120615 m2 1932968 -0.000553068472 0.5 p1 20090 6
1505 13120853 m2 1024653 -0.000190790015 0.5 p1 20091 6
2233 13121828 m2 1513088 -3.60220099e-07 0.5 p1 20092 6
908 13127051 m2 614991 -3.08722492e-09 0.5 p1 20101 6
3511 13129973 m2 2373498 -9.13352778e-05 0.5 p1 20106 6
4374 13131581 m2 2976552 -0.000794075255 0.5 p1 20109 6
5808 13131699 m3 3971950 0.0029157158 0.5 p1 20109 6
3429 13149467 m2 2308593 -2.4013847e-05 0.5 p1 20141 6
2478 13153667 m2 1677090 -0.000100291058 0.5 p1 20148 6
7136 13159266 m2 4905648 -0.000181172203 0.5 p1 20157 6
2900 13163587 m2 1969827 -2.64371943e-06 0.5 p1 20165 6
6478 13168166 m2 4438189 -0.000147662111 0.5 p1 20173 6
1413 13173366 m2 964373 -0.000798144611 0.5 p1 20181 6
819 13201668 m2 556846 -3.1210277e-06 0.5 p1 20230 6
6543 13206783 m2 4489476 -0.00149546657 0.5 p1 20238 6
7099 13209761 m2 4877274 -0.000243505885 0.5 p1 20243 6
3568 13211394 m2 2424095 -1.27790927e-05 0.5 p1 20246 6
2393 13216465 m2 1611606 -0.000177024107 0.5 p1 20254 6
2609 13249442 m2 1768780 -0.000998379779 0.5 p1 20310 6
1223 13259227 m2 833820 -7.1656259e-06 0.5 p1 20327 6
3809 13264539 m2 2589287 -8.42972586e-05 0.5 p1 20336 6
1141 13270151 m2 771671 -0.000396311079 0.5 p1 20346 6
5795 13279795 m2 3962730 -1.63039147e-07 0.5 p1 20362 6
6055 13314778 m2 4169148 -0.000915374432 0.5 p1 20421 6
60 13315966 m2 38683 -0.000363951724 0.5 p1 20423 6
4855 13322065 m2 3321918 -5.71739065e-06 0.5 p1 20433 6
5422 13322342 m2 3700536 -2.58081911e-09 0.5 p1 20433 6
971 13332589 m2 656395 -4.18047512e-06 0.5 p1 20451 6
3085 13337143 m2 2095093 -2.72436773e-05 0.5 p1 20458 6
7152 13340750 m2 4917972 -0.00044140275 0.5 p1 20465 6
4478 13352096 m2 3060493 -0.00033687675 0.5 p1 20483 6
7053 13356882 m2 4847441 -3.80064341e-10 0.5 p1 20491 6
5926 13361591 m2 4057681 -7.07975278e-06 0.5 p1 20499 6
618 13366684 m2 418591 -0.000288772077 0.5 p1 20508 6
1444 13372240 m2 985388 -0.000161117685 0.5 p1 20517 6
1921 13386404 m2 1316719 -0.000117172392 0.5 p1 20541 6
311 13399106 m2 189420 -1.01569167e-05 0.5 p1 20562 6
2846 13403929 m2 1935322 -0.000112585381 0.5 p1 20570 6
1606 13418733 m2 1095254 -0.00056812109 0.5 p1 20595 6
4966 13436381 m2 3392600 -6.25859684e-05 0.5 p1 20625 6
6281 13436745 m2 4296415 -4.82639589e-05 0.5 p1 20625 6
2090 13441311 m2 1423738 -5.12788101e-05 0.5 p1 20633 6
1854 13444225 m2 1266418 -0.000555311562 0.5 p1 20638 6
6432 13445123 m2 4398283 -3.34050632e-09 0.5 p1 20639 6
86 13466519 m2 55062 -0.000172096596 0.5 p1 20674 6
6538 13477853 m2 4487300 -1.42945137e-05 0.5 p1 20693 6
5744 13478480 m2 3930176 -6.92720505e-06 0.5 p1 20695 6
7158 13478507 m2 4922661 -4.17305213e-09 0.5 p1 20695 6
1660 13496087 m3 1140192 0.0013486034 0.5 p1 20724 6
594 13501568 m2 402429 -0.000189293074 0.5 p1 20733 6
2035 13515324 m2 1393273 -0.000833033293 0.5 p1 20756 6
6261 13516300 m2 4285783 -0.00221272535 0.5 p1 20757 6
1897 13527378 m2 1299364 -3.56964119e-05 0.5 p1 20776 6
3223 13541452 m2 2182509 -7.53891314e-08 0.5 p1 20799 6
2820 13545738 m2 1918463 -2.85138467e-05 0.5 p1 20806 6
2919 13566700 m2 1976898 -0.000258933491 0.5 p1 20841 6
7058 13583550 m2 4851100 -1.92262542e-05 0.5 p1 20869 6
4970 13586461 m3 3393859 0.0013319389 0.5 p1 20874 6
5279 13588851 m2 3604102 -0.000352813513 0.5 p1 20878 6
7064 13593556 m2 4852567 -0.00034611611 0.5 p1 20886 6
4868 13601310 m2 3331088 -1.65949609e-06 0.5 p1 20899 6
6891 13614123 m2 4733339 -0.000306900794 0.5 p1 20921 6
6446 13617521 m2 4412216 -3.10700198e-05 0.5 p1 20927 6
2924 13642322 m2 1980658 -0.000212892221 0.5 p1 20970 6
5412 13657684 m2 3693305 -0.000162532553 0.5 p1 20995 6
7235 13662627 m2 4973951 -0.000115654831 0.5 p1 21003 6
909 13678554 m2 615022 -1.17847621e-05 0.5 p1 21031 6
6329 13692634 m2 4338840 -0.000187168815 0.5 p1 21055 6
6419 13710123 m2 4390601 -5.65795854e-05 0.5 p1 21084 6
5070 13710858 m2 3456850 -7.04209242e-06 0.5 p1 21086 6
6517 13710968 m2 4468612 -9.84350095e-07 0.5 p1 21086 6
1726 13719374 m2 1184267 -1.42428034e-05 0.5 p1 21100 6
989 13734087 m3 665159 0.00152477482 0.5 p1 21125 6
3872 13744045 m2 2632802 -2.36568189e-06 0.5 p1 21142 6
5471 13747561 m2 3729337 -0.000721511198 0.5 p1 21148 6
5489 13753582 m2 3739310 -0.000420983211 0.5 p1 21158 6
1060 13756445 m2 712698 -2.59346461e-06 0.5 p1 21163 6
4725 13756935 m2 3240835 -6.01093504e-08 0.5 p1 21164 6
3088 13761288 m2 2096626 -0.000382965489 0.5 p1 21171 6
3426 13771895 m2 2306159 -0.000547710399 0.5 p1 21189 6
3701 13783692 m2 2512872 -1.13343849e-05 0.5 p1 21209 6
1616 13795908 m2 1103469 -1.75296066e-07 0.5 p1 21230 6
1628 13800696 m2 1112616 -6.68860821e-07 0.5 p1 21239 6
1805 13803893 m2 1229330 -0.000169886698 0.5 p1 21244 6
4561 13827908 m2 3113855 -0.000604727771 0.5 p1 21286 6
5340 13852567 m2 3646360 -7.95430096e-05 0.5 p1 21328 6
5572 13871459 m2 3802047 -1.10971743e-09 0.5 p1 21360 6
4151 13872004 m2 2814940 -1.59168358e-05 0.5 p1 21361 6
5677 13879630 m2 3878109 -3.82175022e-05 0.5 p1 21374 6
5944 13908369 m2 4076598 -2.34660929e-05 0.5 p1 21423 6
6596 13912067 m2 4530678 -1.70324075e-08 0.5 p1 21429 6
6661 13921980 m2 4569876 -9.5108835e-06 0.5 p1 21446 6
2032 13925836 m2 1389843 -5.42124042e-07 0.5 p1 21452 6
2218 13926577 m2 1500884 -0.000153094617 0.5 p1 21453 6
3565 13930652 m2 2422026 -0.00256397133 0.5 p1 21460 6
7027 13931377 m2 4837317 -8.46872863e-05 0.5 p1 21461 6
1047 13935015 m2 699107 -0.000244480849 0.5 p1 21468 6
4166 13938481 m2 2826670 -5.95170953e-08 0.5 p1 21473 6
6179 13958880 m2 4234869 -5.01418754e-06 0.5 p1 21507 6
111 13969973 m2 72512 -0.000212195373 0.5 p1 21526 6
5659 13980308 m2 3865650 -9.52857226e-05 0.5 p1 21543 6
4383 13990479 m2 2981797 -0.000163858494 0.5 p1 21561 6
3560 13995266 m2 2417089 -0.000768266851 0.5 p1 21569 6
1943 13995636 m2 1334242 -0.000675776566 0.5 p1 21569 6
6501 13997249 m2 4456589 -0.000146178907 0.5 p1 21572 6
555 14008485 m2 371502 -0.000325189583 0.5 p1 21591 6
3074 14020594 m2 2090386 -6.04749221e-05 0.5 p1 21612 6
4252 14027890 m2 2886599 -0.000584311492 0.5 p1 21624 6
4639 14029954 m2 3179290 -1.10725601e-07 0.5 p1 21627 6
4498 14049634 m2 3075893 -2.08097044e-05 0.5 p1 21661 6
4080 14051754 m2 2767197 -2.14715619e-05 0.5 p1 21665 6
6520 14061825 m2 4469097 -2.84654675e-06 0.5 p1 21682 6
6405 14064684 m2 4382264 -0.000295578589 0.5 p1 21687 6
2910 14082033 m2 1973652 -0.00022671849 0.5 p1 21716 6
3066 14085501 m2 2085206 -3.66457898e-05 0.5 p1 21722 6
5387 14098579 m2 3675016 -7.56733061e-06 0.5 p1 21744 6
4582 14117022 m2 3132853 -1.23210493e-05 0.5 p1 21776 6
2374 14130246 m2 1597830 -2.51013626e-05 0.5 p1 21799 6
2978 14142399 m2 2020143 -1.87449309e-08 0.5 p1 21820 6
2964 14146949 m2 2008723 -0.000205257063 0.5 p1 21828 6
1591 14147707 m2 1080063 -0.000274070888 0.5 p1 21829 6
3443 14165867 m2 2316905 -1.90515475e-05 0.5 p1 21860 6
580 14178268 m2 391422 -2.90762547e-09 0.5 p1 21882 6
1313 14179735 m2 888533 -9.95502487e-05 0.5 p1 21884 6
2533 14189339 m2 1714274 -1.26659979e-05 0.5 p1 21901 6
6665 14193671 m2 4573869 -1.3943295e-05 0.5 p1 21908 6
691 14194415 m2 472715 -0.00029350695 0.5 p1 21909 6
1199 14205402 m2 819716 -4.31366661e-12 0.5 p1 21928 6
5260 14237174 m2 3594841 -6.86081767e-05 0.5 p1 21982 6
2426 14239955 m2 1633153 -5.51333733e-06 0.5 p1 21987 6
5484 14242242 m2 3737278 -3.30284678e-07 0.5 p1 21991 6
279 14264718 m2 176912 -0.000228309131 0.5 p1 22029 6
5310 14277514 m2 3629436 -0.0017055705 0.5 p1 22051 6
204 14288700 m2 134096 -0.000290336146 0.5 p1 22070 6
1449 14301595 m2 989512 -0.00013700017 0.5 p1 22092 6
3310 14303170 m2 2232390 -5.60379522e-06 0.5 p1 22095 6
4771 14325050 m2 3267765 -0.000192571941 0.5 p1 22132 6
3815 14337845 m2 2594275 -4.62368826e-06 0.5 p1 22154 6
925 14347203 m2 632871 -1.81538539e-07 0.5 p1 22170 6
5884 14354596 m2 4028197 -5.16100008e-05 0.5 p1 22183 6
4070 14360306 m2 2760557 -8.57174939e-07 0.5 p1 22193 6
7225 14366871 m2 4969024 -0.000216735192 0.5 p1 22204 6
5086 14377953 m2 3469451 -1.06903242e-08 0.5 p1 22223 6
7274 14390615 m2 4997172 -0.00247244537 0.5 p1 22245 6
6743 14396469 m2 4627639 -9.43547711e-05 0.5 p1 22255 6
3895 14397130 m2 2650166 -3.35746736e-05 0.5 p1 22256 6
4764 14398274 m2 3265315 -1.6816179e-07 0.5 p1 22258 6
2450 14413125 m2 1653925 -8.396868e-06 0.5 p1 22283 6
1857 14431660 m2 1269977 -1.38491687e-05 0.5 p1 22315 6
2735 14437952 m2 1856245 -2.79433461e-05 0.5 p1 22326 6
3748 14440408 m2 2546076 -7.26869658e-08 0.5 p1 22330 6
3438 14441348 m2 2314185 -2.65509925e-07 0.5 p1 22332 6
541 14442411 m2 361750 -4.96833891e-05 0.5 p1 22334 6
3722 14443521 m2 2525960 -2.67554442e-05 0.5 p1 22336 6
1184 14451357 m2 810855 -0.000299038977 0.5 p1 22350 6
4672 14461621 m2 3206935 -0.000562593748 0.5 p1 22368 6
376 14463683 m2 238531 -0.0003098991 0.5 p1 22372 6
3524 14470300 m2 2386211 -5.68252823e-08 0.5 p1 22383 6
7106 14479704 m2 4883409 -4.51993992e-06 0.5 p1 22400 6
3212 14489153 m2 2175208 -0.00203928421 0.5 p1 22416 6
4797 14499584 m2 3287322 -8.37567602e-12 0.5 p1 22434 6
3489 14504875 m3 2350811 0.000204250289 0.5 p1 22443 6
412 14512555 m2 262524 -0.00020850313 0.5 p1 22456 6
6561 14517392 m2 4504875 -1.65922334e-08 0.5 p1 22465 6
2238 14539571 m2 1517907 -0.00107155752 0.5 p1 22503 6
7248 14541461 m2 4978745 -5.28971723e-05 0.5 p1 22506 6
957 14559839 m3 649374 0.000159665899 0.5 p1 22537 6
2216 14564478 m2 1500119 -0.000145331331 0.5 p1 22545 6
6753 14571628 m2 4638614 -2.11224016e-08 0.5 p1 22558 6
6499 14571670 m3 4456007 0.000808311335 0.5 p1 22558 6
4558 14579517 m2 3111356 -8.51181467e-05 0.5 p1 22571 6
526 14580181 m2 350788 -0.000697254844 0.5 p1 22572 6
4413 14595061 m2 3004370 -0.000344367843 0.5 p1 22598 6
4681 14603907 m2 3210996 -4.53034909e-06 0.5 p1 22614 6
3533 14627714 m2 2397254 -3.81051536e-17 0.5 p1 22655 6
124 14629701 m2 81208 -1.17687449e-07 0.5 p1 22658 6
1598 14637708 m2 1086860 -0.000544014561 0.5 p1 22672 6
6005 14640603 m2 4132217 -5.7763021e-08 0.5 p1 22678 6
4284 14641292 m2 2916236 -3.15633315e-06 0.5 p1 22679 6
671 14654364 m2 456776 -2.40958664e-12 0.5 p1 22702 6
3713 14660445 m2 2518908 -7.82436182e-12 0.5 p1 22713 6
1671 14663696 m2 1151249 -7.02180987e-05 0.5 p1 22718 6
5657 14669198 m2 3862861 -2.81101875e-05 0.5 p1 22728 6
3753 14675675 m2 2547915 -6.69554429e-05 0.5 p1 22739 6
1275 14682814 m2 863106 -1.60011009e-08 0.5 p1 22752 6
4225 14687758 m2 2870520 -5.64209222e-06 0.5 p1 22761 6
1120 14700586 m2 757729 -0.00143066328 0.5 p1 22784 6
1172 14712564 m2 799101 -3.31028582e-06 0.5 p1 22804 6
6641 14714177 m2 4560082 -1.51054508e-07 0.5 p1 22807 6
4694 14733883 m2 3218963 -2.15514248e-07 0.5 p1 22841 6
6618 14739913 m2 4545897 -0.000773513224 0.5 p1 22851 6
2226 14740705 m2 1507290 -1.6020428e-07 0.5 p1 22853 6
2484 14760226 m2 1681196 -0.00118740159 0.5 p1 22886 6
2037 14779946 m2 1395008 -2.29960517e-09 0.5 p1 22921 6
7021 14795077 m3 4831254 0.00085513253 0.5 p1 22946 6
6666 14798589 m2 4574231 -0.000173539433 0.5 p1 22952 6
3548 14804066 m2 2408300 -0.000180417104 0.5 p1 22962 6
3596 14814692 m2 2443976 -6.41472507e-05 0.5 p1 22980 6
11 14836474 m2 8128 -0.00018391326 0.5 p1 23018 6
2552 14844363 m2 1726962 -0.000650887669 0.5 p1 23032 6
3998 14845255 m2 2713240 -0.000498611131 0.5 p1 23033 6
3416 14859052 m3 2300084 0.00537061505 0.5 p1 23058 6
3494 14862464 m2 2352916 -3.65106062e-05 0.5 p1 23064 6
1278 14884206 m2 864900 -3.33590655e-10 0.5 p1 23103 6
6615 14885668 m2 4544275 -7.95117958e-05 0.5 p1 23106 6
6359 14891328 m2 4359615 -0.00131707056 0.5 p1 23115 6
282 14892484 m2 177977 -7.2546392e-08 0.5 p1 23117 6
1485 14893483 m2 1014321 -1.30707895e-05 0.5 p1 23119 6
2034 14915540 m2 1392632 -1.42936378e-05 0.5 p1 23157 6
3488 14924478 m3 2350220 0.00178012811 0.5 p1 23173 6
3703 14924913 m2 2514106 -1.70321709e-06 0.5 p1 23174 6
6262 14928766 m2 4286055 -0.000574791688 0.5 p1 23181 6
2650 14931290 m2 1799930 -6.52689851e-05 0.5 p1 23185 6
180 14933002 m2 120401 -2.13632484e-06 0.5 p1 23188 6
6202 14944708 m2 4248567 -4.85347709e-06 0.5 p1 23209 6
4676 14947107 m2 3209331 -0.00011803399 0.5 p1 23213 6
5604 14958103 m2 3828552 -2.81017492e-06 0.5 p1 23232 6
511 14966610 m2 340534 -0.000294619211 0.5 p1 23247 6
2559 14990211 m2 1733410 -8.71390948e-05 0.5 p1 23289 6
4351 14992357 m2 2964171 -4.35227012e-05 0.5 p1 23293 6
2403 15001921 m2 1616446 -1.29942355e-05 0.5 p1 23310 6
5454 15019688 m2 3720150 -5.80727283e-05 0.5 p1 23341 6
6806 15020689 m2 4679316 -1.71961456e-05 0.5 p1 23343 6
902 15026608 m2 613766 -0.000161729156 0.5 p1 23353 6
7134 15027412 m2 4904401 -3.45099361e-05 0.5 p1 23355 6
240 15029184 m3 151981 0.000614464225 0.5 p1 23358 6
6284 15030129 m2 4299218 -1.9012278e-08 0.5 p1 23360 6
1575 15046886 m2 1069476 -0.000649654365 0.5 p1 23390 6
2366 15058955 m2 1592133 -7.35070227e-09 0.5 p1 23410 6
5636 15073205 m3 3848770 0.000383348292 0.5 p1 23435 6
4251 15077978 m2 2886204 -4.14154056e-06 0.5 p1 23444 6
2886 15080070 m2 1959229 -0.00125521154 0.5 p1 23447 6
5534 15084077 m2 3777096 -0.00181479019 0.5 p1 23454 6
2753 15085761 m2 1868749 -3.77829601e-05 0.5 p1 23457 6
1097 15090401 m2 739344 -0.000245515344 0.5 p1 23465 6
6372 15091195 m2 4365796 -1.14678078e-05 0.5 p1 23467 6
3846 15091333 m2 2612040 -0.00018983116 0.5 p1 23467 6
230 15106056 m2 144824 -1.5824524e-11 0.5 p1 23493 6
5672 15106859 m2 3876879 -7.69917051e-07 0.5 p1 23494 6
876 15107730 m2 596814 -1.88511749e-05 0.5 p1 23495 6
1408 15130915 m2 960034 -1.64799424e-10 0.5 p1 23536 6
3523 15152953 m2 2384055 -7.11993061e-06 0.5 p1 23576 6
1317 15158264 m2 891709 -0.000414548034 0.5 p1 23586 6
3460 15163879 m2 2328291 -2.76847186e-06 0.5 p1 23596 6
4347 15174238 m2 2959344 -0.000197073547 0.5 p1 23614 6
16 15179471 m2 11188 -0.000624008011 0.5 p1 23623 6
1479 15182595 m2 1010601 -6.50367667e-07 0.5 p1 23629 6
3652 15183155 m2 2481945 -3.54359055e-12 0.5 p1 23630 6
6271 15187417 m2 4291938 -1.28150714e-05 0.5 p1 23638 6
2197 15210899 m2 1493112 -3.06048132e-05 0.5 p1 23680 6
7127 15223767 m2 4898056 -0.000101523256 0.5 p1 23703 6
2682 15228003 m2 1819687 -2.5816355e-06 0.5 p1 23711 6
469 15232589 m2 305424 -8.96024085e-06 0.5 p1 23719 6
4881 15243851 m3 3340478 0.0028792501 0.5 p1 23739 6
143 15252858 m2 95035 -1.59495048e-05 0.5 p1 23756 6
629 15254725 m2 427205 -0.000524516508 0.5 p1 23759 6
6038 15254759 m2 4154869 -0.000106520878 0.5 p1 23759 6
7205 15264356 m2 4957089 -1.1993702e-08 0.5 p1 23776 6
3264 15267774 m2 2201930 -0.000304343092 0.5 p1 23782 6
2826 15279228 m2 1923724 -9.41115923e-06 0.5 p1 23802 6
2704 15284250 m2 1834088 -3.11129224e-05 0.5 p1 23811 6
3729 15297544 m3 2531302 0.000449504005 0.5 p1 23834 6
577 15301803 m2 390991 -4.42591991e-05 0.5 p1 23842 6
4916 15307480 m3 3360339 0.000871646393 0.5 p1 23851 6
1608 15314913 m3 1095420 0.00434480142 0.5 p1 23864 6
6457 15329375 m2 4423077 -6.62379236e-08 0.5 p1 23890 6
3102 15341973 m2 2105326 -2.94403981e-05 0.5 p1 23911 6
3201 15357042 m3 2172171 0.00372992246 0.5 p1 23938 6
5924 15378142 m2 4056882 -0.000495836663 0.5 p1 23975 6
272 15384755 m2 171556 -0.00170753384 0.5 p1 23986 6
2864 15386306 m2 1944070 -9.31036084e-06 0.5 p1 23989 6
1370 15387382 m2 932909 -3.41280174e-05 0.5 p1 23991 6
2648 15393676 m2 1798932 -6.29025135e-06 0.5 p1 24002 6
528 15404264 m2 351884 -0.000442057441 0.5 p1 24019 6
5418 15407165 m2 3698758 -1.06344112e-06 0.5 p1 24025 6
2792 15408334 m2 1899853 -0.000224083822 0.5 p1 24027 6
679 15417000 m2 461163 -0.000152227789 0.5 p1 24042 6
906 15427155 m2 614632 -0.000207928781 0.5 p1 24060 6
784 15430776 m3 534694 0.0002317045 0.5 p1 24066 6
2286 15439522 m2 1551227 -0.000271616736 0.5 p1 24081 6
3240 15462356 m2 2190928 -1.32322153e-10 0.5 p1 24120 6
1069 15464730 m2 716647 -0.000232899751 0.5 p1 24125 6
4550 15483770 m2 3106966 -0.000129665845 0.5 p1 24157 6
144 15485907 m2 96029 -1.32860816e-06 0.5 p1 24161 6
32 15492970 m2 17309 -1.08235154e-05 0.5 p1 24173 6
1107 15497922 m2 749214 -1.04949436e-06 0.5 p1 24182 6
3585 15509848 m2 2434476 -0.000570044911 0.5 p1 24203 6
4995 15509885 m2 3409743 -2.25087131e-08 0.5 p1 24203 6
4352 15510477 m3 2964176 0.000872262463 0.5 p1 24204 6
3639 15524361 m2 2471190 -0.000120472745 0.5 p1 24228 6
4314 15529161 m2 2934863 -0.000143766898 0.5 p1 24237 6
2472 15537803 m2 1667789 -5.83331541e-07 0.5 p1 24252 6
920 15542059 m2 630691 -0.000184711665 0.5 p1 24259 6
3191 15542600 m2 2165948 -2.84981652e-05 0.5 p1 24260 6
3478 15542901 m2 2343526 -5.88325292e-07 0.5 p1 24261 6
2251 15549979 m2 1524421 -0.000259966473 0.5 p1 24273 6
661 15557739 m2 451740 -0.000285015383 0.5 p1 24287 6
6307 15562047 m2 4329377 -0.000410219101 0.5 p1 24294 6
5557 15567228 m2 3790519 -0.000147727667 0.5 p1 24303 6
966 15568003 m3 654834 0.0011282037 0.5 p1 24305 6
4626 15568515 m2 3166480 -0.000499181857 0.5 p1 24306 6
6653 15576105 m2 4566055 -3.47451169e-06 0.5 p1 24319 6
2837 15579756 m2 1928896 -9.11648556e-07 0.5 p1 24325 6
4426 15584571 m2 3013460 -0.000368587353 0.5 p1 24333 6
6938 15584977 m3 4764825 0.00414889678 0.5 p1 24334 6
4875 15598431 m2 3336105 -0.000484763033 0.5 p1 24358 6
6072 15601629 m2 4175751 -5.08644682e-08 0.5 p1 24364 6
2780 15618224 m2 1887878 -0.000113662863 0.5 p1 24393 6
6695 15619984 m2 4596749 -9.66767693e-05 0.5 p1 24396 6
5266 15628214 m2 3597219 -0.000302143337 0.5 p1 24411 6
5879 15654284 m2 4025618 -0.000140172546 0.5 p1 24457 6
5027 15660926 m2 3430466 -0.000149835294 0.5 p1 24469 6
5243 15665062 m3 3581421 0.00105735473 0.5 p1 24476 6
3833 15685627 m2 2603867 -6.36167385e-07 0.5 p1 24513 6
1147 15687157 m2 778341 -1.12472685e-06 0.5 p1 24516 6
4716 15696089 m2 3234166 -6.98986551e-05 0.5 p1 24531 6
6104 15697064 m2 4192382 -2.09273776e-09 0.5 p1 24533 6
5346 15698931 m2 3648035 -0.000183404409 0.5 p1 24536 6
4715 15699323 m2 3233891 -6.79793777e-10 0.5 p1 24537 6
6078 15701435 m2 4177747 -8.96312395e-06 0.5 p1 24541 6
2438 15706068 m2 1641778 -0.00162543263 0.5 p1 24549 6
1705 15706936 m2 1169527 -6.94091432e-06 0.5 p1 24550 6
1722 15709817 m2 1183083 -0.000298575644 0.5 p1 24555 6
1659 15710208 m2 1139913 -2.89291643e-06 0.5 p1 24556 6
1984 15714448 m2 1361405 -0.000631006027 0.5 p1 24563 6
2370 15719418 m2 1595420 -9.86119485e-05 0.5 p1 24572 6
4501 15749991 m2 3077607 -8.32120895e-06 0.5 p1 24625 6
535 15757139 m2 356772 -0.000146033155 0.5 p1 24637 6
5644 15762393 m2 3853225 -7.96884123e-08 0.5 p1 24647 6
6835 15764019 m2 4700390 -0.000133747832 0.5 p1 24650 6
4301 15777243 m2 2926441 -3.00928186e-05 0.5 p1 24673 6
6973 15784340 m2 4785719 -8.6189757e-06 0.5 p1 24685 6
3829 15790394 m2 2601131 -9.096953e-05 0.5 p1 24696 6
6853 15801968 m3 4711969 0.000566468807 0.5 p1 24716 6
6764 15820719 m2 4644998 -0.0017953444 0.5 p1 24749 6
4696 15823528 m3 3221235 0.00233152206 0.5 p1 24754 6
3837 15825637 m2 2605953 -0.00111875497 0.5 p1 24757 6
7157 15826783 m3 4922416 0.00338594359 0.5 p1 24759 6
4840 15827702 m2 3313298 -0.000303384819 0.5 p1 24761 6
4422 15829566 m2 3010370 -7.79162929e-06 0.5 p1 24764 6
2042 15835164 m2 1398282 -0.0047917706 0.5 p1 24774 6
6601 15835658 m2 4532030 -3.68769179e-06 0.5 p1 24775 6
7033 15844004 m2 4838914 -1.18911903e-08 0.5 p1 24790 6
5395 15847929 m2 3679841 -1.13331801e-11 0.5 p1 24797 6
4100 15856268 m2 2779571 -9.46325542e-07 0.5 p1 24812 6
100 15876279 m2 67006 -6.57602359e-05 0.5 p1 24847 6
7257 15880346 m2 4986579 -1.04466338e-07 0.5 p1 24854 6
516 15886263 m2 341974 -4.66648042e-13 0.5 p1 24865 6
2858 15895704 m2 1941675 -0.000594931364 0.5 p1 24882 6
3030 15901455 m2 2055180 -1.46537346e-07 0.5 p1 24892 6
4504 15903090 m2 3079534 -5.536971e-05 0.5 p1 24895 6
5705 15912975 m2 3903555 -5.13082909e-08 0.5 p1 24912 6
3468 15917581 m2 2334029 -3.63848412e-05 0.5 p1 24920 6
4948 15931851 m2 3380189 -8.10858758e-09 0.5 p1 24946 6
5000 15941153 m2 3413292 -0.00041253792 0.5 p1 24962 6
6514 15943282 m2 4467934 -0.000134424001 0.5 p1 24966 6
2785 15966695 m2 1891611 -0.000459729257 0.5 p1 25007 6
6909 15972343 m2 4746692 -0.000271515048 0.5 p1 25017 6
5948 15986420 m2 4081904 -2.70770997e-08 0.5 p1 25041 6
2051 15987404 m2 1403407 -2.11130214e-07 0.5 p1 25043 6
6153 15998965 m2 4220515 -0.000220097805 0.5 p1 25063 6
1139 16020726 m2 769057 -0.000154267764 0.5 p1 25102 6
6935 16021374 m2 4763081 -5.1390638e-05 0.5 p1 25103 6
3250 16033457 m2 2194706 -0.000924098771 0.5 p1 25124 6
5829 16033817 m2 3990935 -3.55893426e-09 0.5 p1 25125 6
6506 16063789 m2 4461297 -0.000273892423 0.5 p1 25177 6
4827 16070996 m2 3307074 -0.000285840186 0.5 p1 25189 6
4017 16071439 m2 2723314 -1.92473772e-06 0.5 p1 25190 6
731 16074772 m2 499916 -5.07811287e-16 0.5 p1 25196 6
4069 16081846 m2 2759557 -3.6697394e-09 0.5 p1 25208 6
4784 16092248 m2 3278895 -0.000818393775 0.5 p1 25227 6
4717 16109222 m2 3234410 -1.58851753e-06 0.5 p1 25257 6
4618 16120569 m2 3161476 -0.00121065264 0.5 p1 25277 6
3204 16134068 m2 2172471 -1.2248729e-06 0.5 p1 25301 6
1271 16148524 m2 862042 -0.000105723484 0.5 p1 25326 6
2515 16155789 m2 1701847 -0.000129403837 0.5 p1 25339 6
6611 16164638 m2 4541147 -5.31211081e-05 0.5 p1 25354 6
2479 16167598 m2 1677248 -1.13564829e-06 0.5 p1 25359 6
2047 16170144 m2 1402229 -0.000238728579 0.5 p1 25364 6
1549 16177453 m2 1051837 -5.26120602e-05 0.5 p1 25376 6
5213 16238709 m2 3564595 -3.5806471e-07 0.5 p1 25484 6
1856 16251024 m2 1269343 -0.000484503718 0.5 p1 25506 6
5292 16251345 m2 3612557 -0.000500070746 0.5 p1 25507 6
4129 16251647 m2 2797226 -0.000260662724 0.5 p1 25507 6
1237 16256628 m2 841431 -1.40156799e-05 0.5 p1 25516 6
2997 16272905 m2 2031975 -0.000244074166 0.5 p1 25545 6
2124 16280538 m2 1446354 -8.80231426e-08 0.5 p1 25559 6
6718 16288553 m2 4612642 -0.00019715607 0.5 p1 25574 6
6874 16291117 m2 4721850 -1.71839662e-08 0.5 p1 25578 6
1427 16300016 m2 972456 -2.82099409e-05 0.5 p1 25594 6
7210 16308020 m2 4960262 -5.35191793e-05 0.5 p1 25608 6
7001 16321762 m2 4814442 -1.40104903e-05 0.5 p1 25633 6
6934 16321827 m2 4762791 -0.00032292516 0.5 p1 25633 6
2951 16332348 m2 1997604 -8.23945265e-06 0.5 p1 25652 6
1589 16335914 m2 1076623 -3.74834741e-09 0.5 p1 25658 6
3669 16340035 m2 2492032 -4.2030058e-07 0.5 p1 25666 6
1550 16342763 m2 1054293 -0.000880231673 0.5 p1 25671 6
244 16350787 m2 155356 -0.000883491652 0.5 p1 25686 6
1884 16350797 m2 1289494 -1.81164455e-06 0.5 p1 25686 6
1192 16359508 m2 815381 -0.000870391843 0.5 p1 25701 6
4532 16368733 m2 3095178 -0.000772234634 0.5 p1 25718 6
947 16370288 m2 642507 -1.60696472e-05 0.5 p1 25721 6
2984 16374779 m2 2022973 -1.05294407e-06 0.5 p1 25729 6
5914 16386793 m2 4049102 -0.00105610956 0.5 p1 25750 6
3935 16392690 m2 2671014 -0.000101442129 0.5 p1 25761 6
2955 16397154 m3 2001772 0.00234397035 0.5 p1 25769 6
1228 16397458 m2 837345 -9.58035089e-05 0.5 p1 25770 6
2298 16397459 m2 1558764 -7.81850104e-05 0.5 p1 25770 6
24 16412567 m2 14794 -6.7608712e-06 0.5 p1 25797 6
748 16414129 m2 512932 -4.44178909e-07 0.5 p1 25799 6
4735 16421289 m2 3246609 -3.65664164e-07 0.5 p1 25812 6
3107 16425567 m2 2109218 -2.73180431e-05 0.5 p1 25819 6
2698 16433913 m2 1827965 -0.00115254475 0.5 p1 25834 6
324 16434453 m2 200727 -0.000285442424 0.5 p1 25835 6
936 16435155 m3 639591 0.000607429596 0.5 p1 25836 6
567 16440198 m2 381847 -4.18790696e-05 0.5 p1 25845 6
6090 16441459 m2 4185486 -0.000235999221 0.5 p1 25847 6
6273 16442871 m2 4292577 -0.00192856044 0.5 p1 25850 6
676 16448934 m2 459750 -1.80379557e-05 0.5 p1 25860 6
5906 16455677 m2 4043513 -3.79571975e-05 0.5 p1 25872 6
2099 16460180 m2 1429214 -6.47840716e-06 0.5 p1 25880 6
6708 16462980 m2 4606951 -1.61561076e-09 0.5 p1 25885 6
5704 16472644 m2 3902323 -1.88110803e-07 0.5 p1 25903 6
5282 16475843 m2 3606612 -0.000875005382 0.5 p1 25909 6
2973 16496336 m2 2013027 -0.000195564833 0.5 p1 25946 6
3422 16502839 m2 2303881 -4.7493977e-05 0.5 p1 25958 6
1193 16504514 m2 815694 -0.000105184568 0.5 p1 25961 6
3332 16519750 m2 2247061 -1.00024442e-08 0.5 p1 25988 6
2862 16520232 m2 1943959 -6.33814489e-06 0.5 p1 25989 6
1910 16524326 m2 1309676 -0.000878315303 0.5 p1 25996 6
5641 16525229 m2 3850491 -2.42073074e-05 0.5 p1 25998 6
434 16525512 m2 277700 -0.000959304394 0.5 p1 25998 6
1319 16526015 m2 894176 -5.74208661e-06 0.5 p1 25999 6
1249 16530670 m2 848082 -0.0020163653 0.5 p1 26008 6
3522 16535411 m2 2383559 -5.24543964e-07 0.5 p1 26016 6
1514 16537090 m2 1031941 -0.000183666911 0.5 p1 26019 6
5512 16546744 m2 3759795 -0.000521347742 0.5 p1 26036 6
3675 16551172 m2 2494408 -4.18097528e-07 0.5 p1 26044 6
4706 16556537 m2 3226484 -8.69247074e-08 0.5 p1 26054 6
3776 16561967 m2 2566524 -0.00115934946 0.5 p1 26063 6
5745 16564029 m2 3930645 -0.000111072703 0.5 p1 26067 6
4004 16566341 m2 2715245 -1.1612864e-09 0.5 p1 26071 6
5655 16572144 m2 3862599 -8.29226465e-08 0.5 p1 26081 6
3917 16578192 m2 2661934 -4.88830556e-05 0.5 p1 26092 6
4469 16584649 m2 3051561 -7.52924871e-06 0.5 p1 26103 6
3911 16598609 m2 2658772 -0.000550265191 0.5 p1 26128 6
5588 16623565 m2 3817680 -0.000859586464 0.5 p1 26172 6
4459 16632942 m2 3041813 -1.69397808e-05 0.5 p1 26188 6
3471 16637787 m2 2339323 -1.69839177e-06 0.5 p1 26196 6
5120 16643033 m2 3492718 -0.00038939144 0.5 p1 26205 6
4750 16643272 m2 3257639 -0.000237384113 0.5 p1 26206 6
5872 16651226 m2 4020607 -0.000241206712 0.5 p1 26220 6
3725 16653613 m2 2527368 -3.56672172e-05 0.5 p1 26224 6
4796 16674317 m3 3284582 0.000354075921 0.5 p1 26261 6
7160 16690762 m2 4923714 -8.11939935e-06 0.5 p1 26290 6
3166 16693611 m2 2145845 -5.4765914e-10 0.5 p1 26295 6
6567 16708841 m2 4509858 -0.00038074606 0.5 p1 26322 6
1213 16758334 m2 828940 -8.10631609e-05 0.5 p1 26408 6
2988 16776458 m3 2026555 0.00088412466 0.5 p1 26440 6
3823 16776651 m2 2598060 -2.26552424e-06 0.5 p1 26440 6
5911 16782711 m3 4047567 0.00259615853 0.5 p1 26451 6
7244 16785121 m2 4976894 -2.45257303e-09 0.5 p1 26455 6
1758 16786747 m2 1200562 -0.000912971445 0.5 p1 26458 6
1293 16814969 m2 872739 -0.000723834732 0.5 p1 26508 6
1433 16815818 m2 978656 -5.23628041e-05 0.5 p1 26509 6
189 16815950 m2 128090 -2.50745379e-05 0.5 p1 26509 6
2595 16820361 m2 1761509 -0.000430821121 0.5 p1 26517 6
382 16837286 m2 243343 -0.000213755426 0.5 p1 26548 6
835 16843106 m2 570119 -0.00125222234 0.5 p1 26558 6
3184 16844163 m2 2163143 -4.61729323e-05 0.5 p1 26560 6
5305 16852872 m2 3623365 -1.31632896e-06 0.5 p1 26575 6
6272 16856440 m2 4292345 -0.000306890171 0.5 p1 26582 6
4079 16864671 m2 2765175 -0.000514285406 0.5 p1 26596 6
6693 16866241 m2 4596305 -0.000143005149 0.5 p1 26599 6
6850 16874962 m3 4709655 0.00287480024 0.5 p1 26614 6
1530 16878202 m2 1038827 -0.00563752372 0.5 p1 26620 6
804 16880156 m2 548919 -0.000192660184 0.5 p1 26623 6
3059 16887132 m2 2078524 -4.05161188e-07 0.5 p1 26635 6
1466 16891818 m2 1001144 -7.50920435e-06 0.5 p1 26644 6
1983 16900509 m2 1361259 -2.25525102e-11 0.5 p1 26659 6
5849 16912760 m2 4000871 -5.78005893e-05 0.5 p1 26681 6
2257 16917087 m2 1529312 -5.86290407e-05 0.5 p1 26688 6
2554 16963477 m2 1728540 -3.87548789e-05 0.5 p1 26771 6
1464 16968221 m2 999697 -0.000216920307 0.5 p1 26780 6
1560 16978598 m2 1061379 -0.000230994148 0.5 p1 26799 6
7220 16981609 m2 4967390 -0.000353568932 0.5 p1 26805 6
1488 16984612 m2 1016748 -0.000365955959 0.5 p1 26810 6
6088 16995343 m2 4184245 -2.43444397e-11 0.5 p1 26829 6
4886 17008076 m2 3343325 -0.000362770865 0.5 p1 26852 6
603 17024316 m2 408519 -0.000202362658 0.5 p1 26881 6
4823 17032516 m2 3302894 -4.62145545e-06 0.5 p1 26896 6
5547 17044172 m2 3786205 -0.000306950766 0.5 p1 26917 6
212 17054805 m2 139760 -0.000268325297 0.5 p1 26936 6
4427 17065850 m2 3014001 -0.000568012649 0.5 p1 26956 6
5146 17077788 m2 3512797 -1.15115256e-06 0.5 p1 26977 6
7238 17080703 m2 4974143 -6.86625299e-08 0.5 p1 26982 6
2207 17082565 m2 1497032 -0.000264077302 0.5 p1 26985 6
1260 17086086 m2 855515 -3.33984826e-05 0.5 p1 26992 6
2967 17087243 m2 2009775 -8.19790803e-05 0.5 p1 26994 6
3039 17098938 m3 2061208 0.0010719155 0.5 p1 27014 6
2277 17106321 m2 1544603 -0.00015755737 0.5 p1 27028 6
1477 17109709 m2 1008302 -1.58190305e-05 0.5 p1 27034 6
3015 17116004 m2 2046292 -0.00261176308 0.5 p1 27045 6
5441 17116876 m2 3711166 -3.17891907e-10 0.5 p1 27047 6
3343 17122114 m2 2252745 -0.00015719654 0.5 p1 27056 6
5448 17133340 m2 3712993 -4.76405376e-07 0.5 p1 27076 6
1131 17134691 m2 762427 -6.42407144e-07 0.5 p1 27079 6
398 17143166 m2 253135 -4.87876714e-05 0.5 p1 27094 6
2566 17146629 m3 1737849 0.00123485283 0.5 p1 27101 6
1238 17153048 m2 841574 -5.61640009e-05 0.5 p1 27112 6
3173 17160077 m2 2152485 -0.00012782398 0.5 p1 27125 6
6814 17162842 m2 4687828 -0.00215667184 0.5 p1 27130 6
4768 17166638 m3 3266278 0.000963823288 0.5 p1 27137 6
4629 17180872 m2 3170873 -1.55760002e-10 0.5 p1 27162 6
426 17183896 m2 273607 -2.46965119e-05 0.5 p1 27168 6
3117 17185358 m2 2115043 -1.56706687e-06 0.5 p1 27171 6
5680 17186235 m2 3880935 -3.51464864e-11 0.5 p1 27172 6
1452 17194580 m2 990981 -1.66141417e-05 0.5 p1 27188 6
3458 17199284 m2 2327022 -3.16889945e-08 0.5 p1 27196 6
5042 17205539 m2 3442081 -4.62140706e-05 0.5 p1 27208 6
2089 17211177 m2 1422864 -0.000214377331 0.5 p1 27218 6
5432 17211586 m3 3705875 0.00136631506 0.5 p1 27218 6
1570 17216135 m2 1067317 -2.37926179e-05 0.5 p1 27227 6
1748 17221819 m2 1196014 -0.000246244861 0.5 p1 27237 6
2993 17231204 m2 2029090 -4.33543141e-14 0.5 p1 27253 6
5504 17235574 m2 3748864 -0.00218888838 0.5 p1 27261 6
2320 17235825 m2 1571538 -0.000506019744 0.5 p1 27262 6
3724 17240192 m2 2526992 -1.79352625e-07 0.5 p1 27270 6
1270 17247011 m2 861898 -0.000197258385 0.5 p1 27283 6
236 17252012 m2 148874 -3.82474063e-05 0.5 p1 27292 6
5149 17257886 m2 3514001 -1.53691769e-06 0.5 p1 27303 6
4961 17259664 m2 3389766 -0.0015795026 0.5 p1 27306 6
3614 17268249 m2 2458251 -0.000195972185 0.5 p1 27322 6
1905 17277703 m2 1304398 -0.000311153475 0.5 p1 27339 6
5162 17284666 m2 3520440 -1.12354627e-07 0.5 p1 27352 6
4669 17288402 m2 3204968 -8.03698497e-10 0.5 p1 27358 6
477 17291668 m2 308178 -0.000766003272 0.5 p1 27364 6
5307 17308090 m2 3626498 -0.000722044788 0.5 p1 27394 6
6207 17315041 m2 4250864 -1.34573838e-07 0.5 p1 27407 6
4254 17321073 m2 2891388 -2.10663864e-09 0.5 p1 27418 6
1119 17324364 m2 757697 -0.000879781554 0.5 p1 27424 6
4562 17325089 m2 3116512 -2.72286238e-09 0.5 p1 27425 6
5949 17327074 m2 4082758 -4.10100877e-11 0.5 p1 27429 6
6619 17329217 m2 4546155 -6.55187833e-08 0.5 p1 27433 6
5339 17331406 m2 3646124 -2.79235508e-07 0.5 p1 27437 6
6066 17331862 m3 4173427 0.00318048103 0.5 p1 27438 6
361 17334059 m2 225078 -0.000130104934 0.5 p1 27442 6
6657 17356531 m2 4568063 -0.000152394336 0.5 p1 27483 6
4747 17359201 m2 3253972 -1.94880288e-12 0.5 p1 27488 6
6314 17363565 m2 4330889 -4.44544685e-06 0.5 p1 27496 6
3179 17368280 m2 2161173 -1.64534811e-06 0.5 p1 27504 6
5289 17372496 m2 3609316 -0.000706758932 0.5 p1 27512 6
4418 17376147 m2 3006856 -0.000300988497 0.5 p1 27518 6
858 17387539 m2 587774 -1.46761404e-05 0.5 p1 27539 6
1699 17393998 m2 1166507 -1.42834494e-06 0.5 p1 27551 6
3100 17398965 m2 2102684 -6.15285035e-06 0.5 p1 27560 6
61 17403052 m2 38935 -1.85724548e-05 0.5 p1 27567 6
2222 17408988 m2 1503454 -1.18517612e-07 0.5 p1 27578 6
320 17415054 m2 197219 -2.01157559e-06 0.5 p1 27589 6
775 17416978 m2 529783 -1.21957129e-07 0.5 p1 27592 6
4196 17432006 m2 2846952 -3.08462877e-05 0.5 p1 27619 6
1400 17442427 m2 956262 -0.00115168549 0.5 p1 27638 6
904 17451113 m2 614112 -7.31959744e-07 0.5 p1 27653 6
5864 17456601 m2 4012213 -0.00126373605 0.5 p1 27663 6
2828 17489011 m2 1924186 -1.14333798e-09 0.5 p1 27723 6
1899 17497585 m2 1299971 -0.000543631497 0.5 p1 27738 6
7005 17511583 m2 4817135 -4.49896788e-07 0.5 p1 27764 6
5389 17519544 m2 3676099 -0.000108367829 0.5 p1 27778 6
4408 17522933 m2 3002210 -0.0011284512 0.5 p1 27784 6
5329 17546092 m2 3641132 -0.000295671722 0.5 p1 27826 6
1138 17549996 m2 768849 -0.00163842016 0.5 p1 27833 6
4516 17550112 m2 3083924 -8.49005801e-07 0.5 p1 27834 6
4590 17557924 m2 3140345 -0.000438496616 0.5 p1 27848 6
3953 17558759 m2 2682799 -0.000385527295 0.5 p1 27850 6
4065 17562399 m2 2757738 -0.000753651198 0.5 p1 27856 6
1393 17566858 m3 950599 0.000836807536 0.5 p1 27864 6
7077 17588534 m2 4864543 -0.000825728988 0.5 p1 27904 6
1124 17593386 m2 759923 -7.75174716e-11 0.5 p1 27912 6
1089 17597002 m2 735202 -3.30804284e-07 0.5 p1 27919 6
6686 17606422 m2 4586714 -8.5394342e-05 0.5 p1 27936 6
5236 17619681 m2 3579194 -1.24963872e-05 0.5 p1 27959 6
2729 17624044 m2 1852666 -3.59410797e-06 0.5 p1 27967 6
3610 17638377 m3 2452025 0.000981215038 0.5 p1 27992 6
964 17639844 m3 652380 0.00321709621 0.5 p1 27995 6
2307 17641556 m2 1565466 -1.17315835e-06 0.5 p1 27998 6
5137 17646518 m2 3505027 -3.61643124e-08 0.5 p1 28007 6
4097 17647256 m2 2777925 -0.00140362594 0.5 p1 28008 6
4937 17648698 m2 3374338 -1.18468879e-08 0.5 p1 28011 6
3056 17664806 m2 2078108 -1.2418589e-05 0.5 p1 28040 6
3253 17669220 m2 2196023 -0.00203513587 0.5 p1 28048 6
6069 17670998 m2 4175578 -0.000241038695 0.5 p1 28051 6
2913 17676922 m2 1974773 -0.000548018899 0.5 p1 28061 6
2817 17678207 m2 1915552 -5.73413563e-05 0.5 p1 28064 6
6292 17685725 m2 4310559 -0.00262535876 0.5 p1 28077 6
5768 17691804 m2 3944013 -0.00044386962 0.5 p1 28088 6
2253 17693527 m2 1527002 -9.5517855e-08 0.5 p1 28091 6
1844 17695570 m2 1257710 -2.95934551e-05 0.5 p1 28095 6
4412 17703451 m2 3003837 -7.78535708e-11 0.5 p1 28109 6
4918 17707030 m2 3360802 -3.28485271e-06 0.5 p1 28116 6
4953 17713816 m2 3384008 -3.14985391e-06 0.5 p1 28128 6
5237 17720136 m2 3579385 -0.000220453512 0.5 p1 28140 6
2245 17723809 m2 1521212 -5.48301505e-05 0.5 p1 28147 6
6377 17725933 m2 4367223 -2.07939183e-06 0.5 p1 28151 6
5583 17726983 m2 3813596 -5.77606042e-05 0.5 p1 28153 6
215 17727079 m2 140520 -0.000731253705 0.5 p1 28153 6
4902 17729983 m2 3350111 -0.00029112742 0.5 p1 28158 6
6516 17735450 m2 4468420 -0.000303359353 0.5 p1 28168 6
5196 17739138 m2 3554627 -0.000169178427 0.5 p1 28176 6
5460 17740292 m2 3724739 -2.25433905e-05 0.5 p1 28178 6
7123 17743399 m2 4896049 -2.65164157e-08 0.5 p1 28184 6
297 17748489 m3 185091 0.00161866366 0.5 p1 28193 6
1387 17766923 m2 946524 -2.55138257e-05 0.5 p1 28228 6
4204 17770364 m2 2854419 -6.04893557e-07 0.5 p1 28234 6
6910 17773009 m3 4747998 0.00100847019 0.5 p1 28239 6
407 17774969 m2 259354 -2.13463954e-06 0.5 p1 28243 6
5987 17775645 m3 4113303 0.000504589523 0.5 p1 28244 6
302 17777853 m2 186284 -0.00152657996 0.5 p1 28248 6
3401 17778356 m2 2291355 -3.56481041e-06 0.5 p1 28249 6
733 17789768 m2 501502 -1.39971935e-05 0.5 p1 28270 6
3660 17815700 m2 2488084 -6.56866468e-05 0.5 p1 28318 6
6726 17819024 m2 4618020 -0.00127597945 0.5 p1 28324 6
3362 17819707 m2 2267584 -2.23463076e-06 0.5 p1 28326 6
458 17822308 m2 299881 -0.0023661789 0.5 p1 28330 6
4176 17825001 m2 2831260 -0.000556491024 0.5 p1 28335 6
1783 17825283 m2 1215680 -1.49640337e-05 0.5 p1 28336 6
383 17835331 m2 244537 -4.22787525e-05 0.5 p1 28354 6
2810 17836428 m2 1910466 -0.0001541292 0.5 p1 28356 6
2059 17837767 m2 1407228 -7.72332278e-05 0.5 p1 28359 6
6170 17854152 m2 4229099 -1.07514342e-09 0.5 p1 28389 6
1355 17854161 m2 919415 -6.14611636e-05 0.5 p1 28389 6
720 17857443 m2 491523 -1.61971075e-05 0.5 p1 28395 6
4922 17859064 m2 3363312 -0.000178587346 0.5 p1 28398 6
2050 17859749 m2 1403392 -1.35218561e-05 0.5 p1 28399 6
3493 17859934 m2 2352167 -0.000720594253 0.5 p1 28399 6
5531 17868473 m2 3775983 -5.14729845e-06 0.5 p1 28415 6
2270 17868977 m2 1538486 -0.00171712623 0.5 p1 28416 6
1971 17882208 m2 1353759 -0.000144491845 0.5 p1 28441 6
3359 17891343 m2 2265971 -0.000116812465 0.5 p1 28457 6
4570 17891359 m2 3122296 -2.70264864e-05 0.5 p1 28457 6
3792 17900746 m2 2579504 -0.000383350329 0.5 p1 28474 6
3190 17904019 m2 2165542 -4.36127493e-06 0.5 p1 28480 6
4181 17909267 m2 2835469 -2.54947508e-07 0.5 p1 28489 6
1896 17913137 m2 1298607 -0.00109956332 0.5 p1 28496 6
5784 17930162 m2 3954650 -0.00175269844 0.5 p1 28527 6
7237 17930199 m2 4974110 -1.9265857e-10 0.5 p1 28527 6
3006 17931148 m2 2039911 -0.000211575723 0.5 p1 28529 6
5702 17957610 m2 3901640 -1.96911429e-08 0.5 p1 28577 6
3770 17957898 m2 2562282 -0.000674818119 0.5 p1 28577 6
5566 17963135 m2 3795033 -1.18225309e-07 0.5 p1 28587 6
5905 17971338 m2 4042823 -3.18149214e-05 0.5 p1 28602 6
4044 17990814 m2 2742976 -2.79832038e-05 0.5 p1 28637 6
3586 17992514 m2 2434921 -2.02471165e-06 0.5 p1 28640 6
2007 17996182 m2 1371155 -1.03474894e-11 0.5 p1 28647 6
5516 17996383 m3 3763244 0.000680407684 0.5 p1 28647 6
4821 18010700 m2 3302180 -4.23062447e-05 0.5 p1 28673 6
6699 18016787 m2 4599408 -3.83339247e-05 0.5 p1 28683 6
5002 18031802 m2 3416742 -7.89466139e-05 0.5 p1 28710 6
833 18054375 m2 569102 -1.2410807e-07 0.5 p1 28751 6
3487 18065803 m2 2350170 -3.49670772e-05 0.5 p1 28771 6
6188 18065903 m2 4242258 -1.89442781e-05 0.5 p1 28772 6
1827 18074274 m3 1245278 2.92199766e-05 0.5 p1 28786 6
3425 18074802 m2 2305858 -0.000234297317 0.5 p1 28787 6
4157 18075383 m2 2821344 -0.000270625955 0.5 p1 28788 6
6838 18075999 m2 4701271 -0.000911495881 0.5 p1 28790 6
2734 18077744 m2 1855379 -0.00243152305 0.5 p1 28793 6
4259 18089080 m2 2894330 -0.00218865625 0.5 p1 28813 6
5354 18098106 m2 3656079 -0.000496672583 0.5 p1 28829 6
1975 18120581 m2 1357312 -2.65911439e-07 0.5 p1 28869 6
7196 18122011 m2 4952747 -0.00106592767 0.5 p1 28872 6
3574 18147381 m2 2427157 -0.000115079099 0.5 p1 28918 6
6469 18148396 m2 4432330 -1.06060418e-06 0.5 p1 28920 6
1710 18162074 m2 1173065 -7.4292584e-05 0.5 p1 28945 6
3583 18164315 m2 2433406 -4.32864681e-06 0.5 p1 28949 6
1851 18182352 m2 1264725 -0.000326639158 0.5 p1 28982 6
5749 18192443 m2 3931977 -5.68275427e-05 0.5 p1 29000 6
5535 18197311 m2 3779109 -8.40023745e-07 0.5 p1 29008 6
3576 18208293 m2 2428243 -0.000762138923 0.5 p1 29028 6
6899 18227969 m2 4738344 -0.000256018859 0.5 p1 29065 6
2606 18229302 m2 1768167 -2.80655277e-05 0.5 p1 29067 6
6791 18232034 m2 4668858 -2.10311646e-05 0.5 p1 29072 6
1361 18241313 m2 923163 -2.98827454e-05 0.5 p1 29090 6
3810 18242988 m2 2590431 -1.49126454e-05 0.5 p1 29093 6
6588 18248891 m2 4522979 -2.85516835e-05 0.5 p1 29104 6
6423 18251011 m2 4391995 -1.67821941e-06 0.5 p1 29108 6
187 18257778 m2 126361 -0.000344734348 0.5 p1 29120 6
90 18273406 m2 58596 -0.0015319857 0.5 p1 29149 6
38 18275731 m2 23957 -6.28038179e-05 0.5 p1 29153 6
2227 18296856 m2 1508290 -4.17874289e-05 0.5 p1 29192 6
5408 18303166 m2 3689221 -3.25493772e-07 0.5 p1 29204 6
4435 18313737 m2 3025147 -4.8167708e-06 0.5 p1 29224 6
3736 18328339 m3 2535886 0.00034269286 0.5 p1 29250 6
2674 18334291 m2 1814524 -1.21801293e-06 0.5 p1 29262 6
3222 18339870 m2 2181395 -0.00013426326 0.5 p1 29272 6
2975 18342769 m2 2015104 -3.42694366e-05 0.5 p1 29278 6
7172 18346726 m2 4934654 -0.00144897914 0.5 p1 29285 6
1894 18353534 m2 1298142 -0.00243490026 0.5 p1 29298 6
607 18360543 m2 410568 -0.000494592474 0.5 p1 29311 6
7264 18368449 m2 4990051 -1.9105204e-05 0.5 p1 29326 6
5843 18379686 m2 3998242 -8.80859297e-05 0.5 p1 29347 6
1903 18382107 m2 1302891 -0.00151053944 0.5 p1 29352 6
1997 18388812 m2 1367550 -0.00062087219 0.5 p1 29364 6
5737 18389040 m2 3926789 -0.000802674622 0.5 p1 29365 6
6564 18389247 m2 4506643 -0.000248735567 0.5 p1 29365 6
4180 18398236 m2 2833940 -8.56340284e-06 0.5 p1 29382 6
6568 18398303 m2 4509938 -0.000327195186 0.5 p1 29382 6
6915 18398640 m2 4752360 -0.0004442684 0.5 p1 29383 6
4806 18404882 m2 3294131 -4.43458812e-05 0.5 p1 29395 6
3334 18416300 m2 2249610 -5.72326826e-05 0.5 p1 29416 6
45 18430835 m2 29235 -7.69861003e-07 0.5 p1 29443 6
6988 18434184 m2 4803361 -0.000161331307 0.5 p1 29449 6
5259 18438175 m3 3594776 0.00011475823 0.5 p1 29457 6
1993 18441284 m2 1365476 -2.14702027e-07 0.5 p1 29463 6
1858 18466559 m2 1270111 -3.28688316e-06 0.5 p1 29509 6
3231 18481766 m2 2186247 -0.000644617656 0.5 p1 29538 6
5404 18490424 m2 3685766 -1.53432775e-05 0.5 p1 29554 6
2970 18498398 m2 2011690 -1.75112882e-06 0.5 p1 29569 6
1965 18504315 m2 1349192 -2.44137084e-07 0.5 p1 29580 6
5511 18509879 m2 3758488 -9.059072e-06 0.5 p1 29590 6
3073 18514064 m2 2089767 -1.04106293e-05 0.5 p1 29598 6
3727 18522462 m2 2528067 -4.76859022e-05 0.5 p1 29614 6
6800 18530299 m3 4675706 0.00197518105 0.5 p1 29628 6
4217 18539706 m2 2862546 -0.000236604916 0.5 p1 29646 6
1304 18541886 m2 883139 -4.91963838e-05 0.5 p1 29650 6
2532 18555808 m2 1714096 -0.000106792126 0.5 p1 29676 6
370 18556667 m2 234979 -1.06658138e-06 0.5 p1 29678 6
3658 18557064 m2 2486804 -3.99420514e-06 0.5 p1 29679 6
1296 18573952 m2 874786 -1.89988953e-06 0.5 p1 29710 6
2770 18581032 m2 1881486 -6.23838673e-07 0.5 p1 29724 6
6046 18589644 m2 4160390 -0.000133697424 0.5 p1 29740 6
6014 18594328 m2 4139438 -0.000544226205 0.5 p1 29749 6
6849 18605968 m2 4709335 -3.6460051e-07 0.5 p1 29771 6
1190 18607514 m2 814332 -1.02776801e-06 0.5 p1 29774 6
3525 18617335 m2 2386228 -1.24665996e-06 0.5 p1 29792 6
2624 18623937 m2 1780028 -1.3196169e-06 0.5 p1 29805 6
4365 18625098 m2 2971074 -5.7382611e-05 0.5 p1 29808 6
1395 18627984 m2 952029 -9.03774853e-05 0.5 p1 29813 6
7008 18628365 m2 4822115 -0.000381947029 0.5 p1 29813 6
1475 18630001 m2 1008060 -4.68996113e-05 0.5 p1 29817 6
27 18632632 m2 15430 -1.87797217e-12 0.5 p1 29822 6
7162 18634364 m2 4925522 -0.00108871388 0.5 p1 29825 6
4746 18640081 m2 3252807 -1.53558576e-05 0.5 p1 29836 6
2498 18647027 m2 1689656 -0.000281527406 0.5 p1 29850 6
5024 18648539 m2 3429497 -7.54525189e-08 0.5 p1 29853 6
1623 18660218 m2 1108505 -0.000757690636 0.5 p1 29874 6
2935 18661133 m2 1988485 -3.35986842e-05 0.5 p1 29876 6
3252 18663147 m2 2196001 -2.92769826e-08 0.5 p1 29880 6
4183 18663783 m2 2838214 -9.54438219e-05 0.5 p1 29881 6
4732 18663910 m2 3244893 -0.000478269125 0.5 p1 29882 6
7122 18667610 m3 4895871 0.0027831695 0.5 p1 29889 6
1494 18667655 m2 1021447 -0.000221857248 0.5 p1 29889 6
6326 18668967 m2 4338282 -2.0958843e-10 0.5 p1 29891 6
3640 18669403 m2 2472004 -0.00061157858 0.5 p1 29892 6
6434 18674784 m2 4400112 -0.000998410513 0.5 p1 29902 6
6931 18691325 m3 4760621 0.000680068682 0.5 p1 29933 6
1684 18694476 m2 1159457 -1.59099125e-06 0.5 p1 29939 6
6357 18696953 m2 4356289 -4.56158574e-07 0.5 p1 29944 6
530 18721713 m2 352706 -0.00140069635 0.5 p1 29991 6
3449 18739661 m2 2322911 -4.7735557e-05 0.5 p1 30025 6
2752 18748308 m2 1868624 -8.27691338e-08 0.5 p1 30041 6
898 18756015 m2 611964 -0.000423494581 0.5 p1 30056 6
4980 18771697 m2 3399000 -0.000482216099 0.5 p1 30085 6
3711 18777247 m2 2518187 -2.43589216e-06 0.5 p1 30096 6
3884 18778125 m2 2643877 -1.11672264e-07 0.5 p1 30098 6
1804 18794074 m2 1229179 -0.000166390193 0.5 p1 30128 6
6464 18794259 m2 4425695 -9.17867098e-08 0.5 p1 30128 6
3575 18798826 m2 2427812 -0.00156117941 0.5 p1 30137 6
6468 18805729 m2 4430651 -4.24444479e-05 0.5 p1 30150 6
5177 18808515 m2 3536044 -0.000493057189 0.5 p1 30155 6
391 18815345 m2 249789 -1.28362826e-05 0.5 p1 30168 6
1269 18816442 m2 861083 -9.93810027e-05 0.5 p1 30170 6
2236 18819045 m2 1515726 -0.000675884716 0.5 p1 30176 6
464 18826416 m2 303722 -0.000446676917 0.5 p1 30190 6
5078 18828644 m2 3462506 -2.28744466e-05 0.5 p1 30194 6
6551 18835738 m2 4496238 -0.000236264008 0.5 p1 30207 6
3808 18838752 m2 2589268 -7.30438915e-05 0.5 p1 30213 6
3764 18867930 m2 2555234 -0.00154854544 0.5 p1 30268 6
4193 18869141 m2 2843889 -0.000177735987 0.5 p1 30270 6
5591 18872794 m2 3818361 -5.29769804e-11 0.5 p1 30277 6
1095 18875982 m2 738380 -0.000323208369 0.5 p1 30283 6
2272 18879118 m2 1541917 -6.27676927e-05 0.5 p1 30289 6
5298 18888799 m2 3620941 -0.000619538943 0.5 p1 30307 6
6908 18891298 m2 4745588 -4.0197443e-05 0.5 p1 30312 6
6553 18900813 m2 4498065 -3.289088e-06 0.5 p1 30329 6
5772 18913737 m2 3945635 -0.00109759707 0.5 p1 30353 6
5848 18917874 m2 4000361 -1.50916222e-07 0.5 p1 30361 6
5274 18931136 m2 3601370 -0.000155825881 0.5 p1 30385 6
656 18937614 m2 448673 -8.24721724e-07 0.5 p1 30397 6
1778 18938856 m2 1213445 -3.52097871e-08 0.5 p1 30400 6
6116 18941856 m2 4201698 -9.00813362e-08 0.5 p1 30405 6
5180 18942054 m2 3537590 -0.000405102182 0.5 p1 30406 6
1137 18967114 m2 768558 -0.000122622572 0.5 p1 30452 6
3442 18967281 m2 2316308 -2.88240904e-06 0.5 p1 30452 6
1434 18967781 m2 978783 -0.000117554569 0.5 p1 30453 6
3313 18985420 m2 2234490 -3.02998319e-06 0.5 p1 30487 6
4565 18991123 m2 3120505 -0.000272936624 0.5 p1 30498 6
6495 18992523 m2 4453775 -0.00141618273 0.5 p1 30501 6
2945 18994895 m2 1994567 -3.70344605e-06 0.5 p1 30505 6
6507 18997957 m2 4462681 -3.63735562e-05 0.5 p1 30511 6
3301 19007062 m2 2226929 -1.08785741e-06 0.5 p1 30528 6
2268 19022809 m2 1538245 -0.000265311537 0.5 p1 30558 6
2103 19026640 m2 1433687 -2.29400613e-12 0.5 p1 30565 6
6614 19033552 m2 4543766 -6.01744841e-06 0.5 p1 30578 6
2929 19040034 m2 1985763 -0.000278402673 0.5 p1 30590 6
1407 19043596 m3 959804 0.00130043738 0.5 p1 30597 6
5661 19057442 m2 3869584 -2.19549111e-06 0.5 p1 30623 6
795 19057951 m2 543036 -0.000884628796 0.5 p1 30624 6
5102 19057975 m2 3480485 -0.000346971705 0.5 p1 30624 6
4059 19058915 m2 2748767 -0.000559446285 0.5 p1 30626 6
13 19059213 m2 9358 -1.08635495e-05 0.5 p1 30626 6
1030 19059510 m2 688327 -1.42533247e-08 0.5 p1 30627 6
2305 19079569 m2 1564202 -2.855415e-05 0.5 p1 30665 6
4026 19092893 m2 2729041 -5.67770803e-06 0.5 p1 30691 6
5819 19117905 m2 3982820 -6.06829235e-06 0.5 p1 30737 6
2327 19118702 m2 1574205 -4.07364405e-06 0.5 p1 30739 6
3540 19121468 m2 2402349 -1.75183068e-05 0.5 p1 30744 6
5018 19122835 m2 3425423 -0.00249366486 0.5 p1 30746 6
1912 19123140 m2 1309843 -0.00138781674 0.5 p1 30747 6
1904 19128753 m2 1304225 -1.36076137e-08 0.5 p1 30758 6
3084 19142087 m2 2094459 -7.05701823e-05 0.5 p1 30783 6
6582 19143885 m2 4520380 -0.000179876137 0.5 p1 30786 6
3185 19144792 m2 2163439 -2.28185781e-05 0.5 p1 30788 6
5205 19155867 m2 3560078 -5.37271951e-08 0.5 p1 30809 6
5785 19158814 m2 3955681 -0.000928026566 0.5 p1 30815 6
5783 19184872 m3 3954323 0.00299213314 0.5 p1 30863 6
2815 19193098 m2 1914499 -2.48230153e-05 0.5 p1 30879 6
4306 19193191 m2 2930990 -6.34021271e-05 0.5 p1 30879 6
5921 19202077 m2 4055240 -1.60019074e-08 0.5 p1 30895 6
807 19203406 m3 550955 0.00226597022 0.5 p1 30898 6
5376 19206554 m2 3668877 -7.57960166e-08 0.5 p1 30904 6
5474 19208951 m2 3730661 -0.000209974605 0.5 p1 30909 6
617 19220374 m2 417717 -4.30089603e-05 0.5 p1 30930 6
6449 19220999 m3 4415111 0.00342406495 0.5 p1 30931 6
5523 19223913 m2 3768957 -9.09156151e-05 0.5 p1 30937 6
1332 19230294 m2 900955 -4.74825384e-07 0.5 p1 30949 6
6324 19232716 m2 4335980 -3.47823989e-05 0.5 p1 30954 6
2028 19243019 m2 1387541 -0.000593858305 0.5 p1 30973 6
1960 19244734 m2 1344765 -7.4227553e-09 0.5 p1 30976 6
435 19247530 m2 278045 -1.22385046e-07 0.5 p1 30982 6
2431 19253256 m2 1636323 -0.000650649483 0.5 p1 30993 6
1266 19261049 m2 858899 -5.33101854e-07 0.5 p1 31008 6
299 19261926 m2 185481 -3.13079482e-07 0.5 p1 31009 6
3630 19270301 m2 2465335 -0.000182347037 0.5 p1 31025 6
2067 19277476 m3 1413224 0.000370547874 0.5 p1 31038 6
4896 19283363 m2 3347444 -1.40216398e-05 0.5 p1 31049 6
1738 19284377 m2 1189751 -0.00012082098 0.5 p1 31051 6
4673 19286339 m2 3207360 -1.53235673e-13 0.5 p1 31054 6
2750 19286396 m2 1867232 -1.64337052e-06 0.5 p1 31055 6
1203 19294645 m2 821804 -7.67031306e-05 0.5 p1 31070 6
2572 19297243 m2 1741704 -2.70598775e-06 0.5 p1 31075 6
1191 19322833 m2 815314 -8.3931096e-05 0.5 p1 31123 6
4491 19353178 m2 3070866 -0.000301980646 0.5 p1 31179 6
3007 19383719 m2 2040008 -8.40572247e-05 0.5 p1 31236 6
1356 19390211 m2 919577 -2.37684471e-05 0.5 p1 31248 6
4433 19405054 m2 3022771 -2.06014847e-05 0.5 p1 31277 6
684 19405640 m2 465999 -0.00027555431 0.5 p1 31278 6
6996 19407025 m2 4809528 -0.000177233567 0.5 p1 31280 6
849 19417935 m2 582023 -0.000329629984 0.5 p1 31301 6
5273 19424927 m2 3600606 -1.09123066e-05 0.5 p1 31314 6
1253 19441924 m2 852689 -0.000593870587 0.5 p1 31347 6
2731 19455279 m2 1854735 -0.000535927946 0.5 p1 31373 6
7029 19471301 m2 4838215 -8.02077295e-07 0.5 p1 31404 6
6872 19485580 m2 4720945 -0.000115629096 0.5 p1 31431 6
5440 19486359 m2 3709207 -0.000113611735 0.5 p1 31433 6
6840 19514276 m2 4704348 -0.000364968029 0.5 p1 31487 6
5904 19516133 m2 4042238 -0.000185244629 0.5 p1 31491 6
1236 19523831 m2 840197 -0.000188486316 0.5 p1 31506 6
1104 19528990 m2 745297 -0.00016544864 0.5 p1 31516 6
820 19534019 m2 558332 -6.11255527e-05 0.5 p1 31525 6
1780 19537350 m2 1214231 -3.15723787e-06 0.5 p1 31531 6
2136 19539102 m2 1451353 -5.61309976e-09 0.5 p1 31535 6
723 19545645 m2 493495 -0.000322372071 0.5 p1 31547 6
3988 19549500 m2 2706105 -0.00035353424 0.5 p1 31554 6
1490 19557395 m2 1018184 -7.62580839e-06 0.5 p1 31570 6
5231 19558206 m2 3572218 -0.000195414861 0.5 p1 31571 6
3915 19559061 m2 2661097 -5.29843874e-06 0.5 p1 31573 6
2681 19559802 m2 1818185 -8.70432268e-05 0.5 p1 31574 6
2771 19561914 m2 1882200 -0.000358414924 0.5 p1 31578 6
6762 19582358 m2 4644794 -2.98572081e-06 0.5 p1 31618 6
4688 19591887 m2 3213801 -5.02693592e-06 0.5 p1 31637 6
3409 19594497 m2 2295969 -3.07786249e-05 0.5 p1 31642 6
6865 19595759 m2 4716640 -0.000272828736 0.5 p1 31644 6
5255 19595990 m2 3590711 -6.36586847e-05 0.5 p1 31645 6
2621 19597606 m2 1778449 -7.48744933e-05 0.5 p1 31648 6
673 19609337 m2 457746 -1.08175309e-05 0.5 p1 31670 6
569 19612643 m2 381966 -6.85958948e-05 0.5 p1 31677 6
4307 19618121 m2 2931310 -0.000109472756 0.5 p1 31687 6
714 19629717 m2 487029 -1.01387127e-06 0.5 p1 31710 6
6394 19635369 m3 4375637 0.00405887747 0.5 p1 31721 6
1642 19639361 m2 1121583 -7.39590433e-08 0.5 p1 31729 6
1140 19651097 m2 769757 -3.79088742e-05 0.5 p1 31752 6
5476 19658685 m2 3731049 -0.000228488876 0.5 p1 31767 6
3280 19662821 m2 2210174 -0.000103182771 0.5 p1 31775 6
5939 19671830 m2 4071072 -0.00022648403 0.5 p1 31792 6
6353 19675040 m2 4352379 -8.81264859e-05 0.5 p1 31799 6
7105 19691740 m2 4882809 -0.000172205633 0.5 p1 31831 6
3745 19702851 m2 2543986 -0.000354098214 0.5 p1 31853 6
1769 19711392 m2 1206745 -7.18952288e-05 0.5 p1 31870 6
1627 19716237 m2 1112330 -9.97608549e-06 0.5 p1 31879 6
7125 19717183 m2 4896169 -0.000323889806 0.5 p1 31881 6
2514 19731537 m2 1701642 -1.44663745e-05 0.5 p1 31910 6
2476 19733706 m2 1675258 -3.11521409e-09 0.5 p1 31914 6
4101 19739166 m2 2779757 -2.7134749e-05 0.5 p1 31924 6
486 19750537 m2 315846 -2.09681493e-05 0.5 p1 31946 6
4385 19762275 m2 2984071 -7.20667686e-06 0.5 p1 31968 6
557 19763916 m2 372931 -3.68267356e-05 0.5 p1 31972 6
7171 19772076 m2 4933259 -0.000305588095 0.5 p1 31988 6
1043 19779208 m3 697709 0.000500015565 0.5 p1 32002 6
4140 19781898 m2 2807665 -9.69582197e-06 0.5 p1 32008 6
214 19782075 m2 140386 -3.20246244e-07 0.5 p1 32008 6
4573 19794967 m2 3122972 -2.19427129e-05 0.5 p1 32033 6
1345 19798356 m2 909614 -1.24006059e-08 0.5 p1 32040 6
3922 19804364 m2 2664658 -4.13404596e-05 0.5 p1 32052 6
5873 19826048 m2 4020956 -4.6279996e-07 0.5 p1 32093 6
1744 19826056 m2 1195057 -7.01042018e-06 0.5 p1 32093 6
1144 19826596 m2 774048 -3.3336546e-06 0.5 p1 32095 6
6557 19848683 m2 4499964 -2.25823369e-05 0.5 p1 32138 6
5494 19862060 m2 3741497 -8.30808702e-08 0.5 p1 32165 6
6109 19868066 m2 4196978 -1.80759453e-05 0.5 p1 32177 6
3649 19876506 m2 2480720 -0.000445254991 0.5 p1 32193 6
3481 19880344 m2 2345048 -0.00120392162 0.5 p1 32201 6
3311 19884575 m2 2232494 -4.12006329e-07 0.5 p1 32209 6
6522 19892087 m2 4471681 -1.91751897e-05 0.5 p1 32223 6
4981 19910919 m2 3399195 -9.46188666e-05 0.5 p1 32259 6
887 19911223 m2 605408 -7.49405954e-05 0.5 p1 32260 6
1067 19914942 m2 715173 -4.92394574e-05 0.5 p1 32267 6
3545 19915356 m2 2406737 -0.0012005954 0.5 p1 32268 6
2834 19916592 m2 1927307 -3.97899639e-05 0.5 p1 32270 6
5959 19921844 m2 4090013 -1.73591725e-05 0.5 p1 32280 6
5164 19925228 m3 3522728 0.00275012688 0.5 p1 32287 6
6418 19929681 m2 4390191 -0.000126612707 0.5 p1 32295 6
2109 19930286 m2 1436297 -2.27587265e-08 0.5 p1 32296 6
1632 19962568 m2 1114051 -1.58090732e-08 0.5 p1 32359 6
4702 19964342 m2 3224886 -0.000539510045 0.5 p1 32362 6
1151 19970979 m2 779229 -3.7296013e-07 0.5 p1 32375 6
3435 19971053 m2 2312122 -0.000782168645 0.5 p1 32375 6
1264 19986468 m2 857579 -0.000138415257 0.5 p1 32404 6
1703 19988204 m2 1168814 -0.001313532 0.5 p1 32408 6
6624 19989897 m2 4548593 -5.08874218e-05 0.5 p1 32411 6
348 20008119 m2 217307 -7.2660252e-05 0.5 p1 32447 6
3993 20015317 m2 2707335 -7.1428741e-07 0.5 p1 32461 6
5394 20016256 m2 3679170 -0.000164762794 0.5 p1 32463 6
7087 20016859 m2 4869968 -6.34238531e-05 0.5 p1 32464 6
6626 20043413 m2 4550016 -9.46612317e-08 0.5 p1 32516 6
7199 20044545 m2 4954468 -4.40062977e-05 0.5 p1 32518 6
2107 20049774 m2 1434807 -0.000339964754 0.5 p1 32528 6
4843 20077960 m2 3314180 -0.000187540718 0.5 p1 32581 6
5244 20079107 m2 3582738 -9.45567372e-05 0.5 p1 32583 6
4341 20080466 m2 2954824 -0.00130555197 0.5 p1 32586 6
2303 20084128 m2 1563882 -0.000314999925 0.5 p1 32593 6
6879 20101536 m2 4726966 -1.50842343e-08 0.5 p1 32627 6
2069 20108529 m3 1413506 0.0031399047 0.5 p1 32641 6
1074 20111720 m2 719798 -0.000172411572 0.5 p1 32647 6
77 20113376 m2 50496 -0.00036172301 0.5 p1 32650 6
4134 20116011 m2 2800068 -8.56719562e-05 0.5 p1 32655 6
6453 20119236 m2 4421041 -2.72018088e-08 0.5 p1 32661 6
1532 20131150 m2 1039449 -4.37511527e-10 0.5 p1 32685 6
1242 20133689 m2 842723 -7.94673324e-05 0.5 p1 32690 6
5155 20138044 m2 3516948 -7.89026444e-09 0.5 p1 32699 6
3120 20143357 m2 2116928 -1.09502514e-06 0.5 p1 32709 6
4538 20153576 m2 3098610 -1.98112371e-08 0.5 p1 32729 6
6220 20167513 m2 4260185 -0.000290999596 0.5 p1 32756 6
3050 20169485 m2 2075700 -8.50999349e-05 0.5 p1 32760 6
5731 20169832 m2 3922365 -7.98128985e-06 0.5 p1 32760 6
998 20173238 m2 669233 -8.32845544e-05 0.5 p1 32767 6
5447 20180562 m2 3712990 -9.43239229e-06 0.5 p1 32781 6
6773 20184811 m2 4655370 -6.78728975e-05 0.5 p1 32789 6
2941 20188050 m2 1991351 -0.00026327162 0.5 p1 32796 6
1979 20191394 m2 1358913 -0.000803460076 0.5 p1 32802 6
3673 20191470 m2 2494185 -1.56586866e-05 0.5 p1 32803 6
2568 20205608 m2 1738712 -4.47563343e-06 0.5 p1 32830 6
7145 20219501 m2 4910610 -1.1451549e-06 0.5 p1 32858 6
5429 20226991 m3 3705608 0.000672311115 0.5 p1 32873 6
4515 20244310 m2 3083877 -0.000325669855 0.5 p1 32907 6
1833 20250926 m2 1247911 -0.000517959765 0.5 p1 32920 6
3704 20252842 m2 2514381 -0.000362568942 0.5 p1 32924 6
6771 20259175 m2 4650972 -0.000144279082 0.5 p1 32936 6
2658 20260811 m2 1803425 -1.4164973e-06 0.5 p1 32939 6
3155 20263490 m2 2138037 -2.05471817e-08 0.5 p1 32944 6
655 20264472 m2 448501 -1.01736809e-07 0.5 p1 32946 6
1164 20274158 m2 791403 -0.000303687586 0.5 p1 32965 6
4789 20280546 m2 3280299 -0.000529180921 0.5 p1 32978 6
600 20285904 m2 406608 -0.00103001937 0.5 p1 32989 6
6206 20286653 m2 4250781 -1.74435013e-06 0.5 p1 32990 6
3315 20291765 m2 2234954 -1.26723774e-06 0.5 p1 33000 6
2877 20292509 m2 1953987 -0.000495585729 0.5 p1 33002 6
3688 20299863 m2 2504443 -0.000126582134 0.5 p1 33017 6
2379 20311023 m3 1599706 0.00188008195 0.5 p1 33039 6
857 20312747 m2 586966 -3.0757783e-06 0.5 p1 33042 6
2161 20316242 m2 1468967 -0.000963943137 0.5 p1 33049 6
4514 20320688 m2 3083669 -5.89251567e-06 0.5 p1 33058 6
3135 20325949 m2 2124402 -0.000759517308 0.5 p1 33068 6
4712 20330409 m2 3231509 -5.79611806e-05 0.5 p1 33077 6
6208 20334395 m3 4252755 0.000251157471 0.5 p1 33085 6
6060 20335170 m2 4171626 -6.58261627e-07 0.5 p1 33087 6
5152 20339727 m2 3516119 -6.55368353e-07 0.5 p1 33096 6
4205 20341949 m2 2855532 -0.00208507339 0.5 p1 33100 6
1403 20350603 m2 957529 -0.000972915732 0.5 p1 33117 6
867 20351668 m2 591883 -0.00123640895 0.5 p1 33119 6
5717 20368070 m2 3911677 -0.000916994351 0.5 p1 33151 6
2570 20390902 m2 1740513 -0.000141935961 0.5 p1 33197 6
7219 20392090 m2 4966190 -2.08977013e-08 0.5 p1 33199 6
4963 20396864 m2 3391866 -9.80709228e-05 0.5 p1 33209 6
3616 20399404 m3 2459449 0.00187230541 0.5 p1 33214 6
3476 20399850 m2 2341964 -8.04721276e-05 0.5 p1 33215 6
6157 20401201 m2 4221404 -0.000504758442 0.5 p1 33217 6
1796 20401551 m2 1223017 -0.00185076776 0.5 p1 33218 6
3004 20405661 m2 2039799 -0.000337431353 0.5 p1 33226 6
1360 20407898 m2 923036 -0.00405701483 0.5 p1 33231 6
1462 20409740 m2 997701 -0.00101039628 0.5 p1 33234 6
2001 20423920 m2 1369777 -2.85661758e-06 0.5 p1 33263 6
6040 20426299 m2 4157837 -0.00011994005 0.5 p1 33267 6
4755 20435274 m2 3260528 -1.55051075e-05 0.5 p1 33285 6
3453 20444982 m2 2325047 -8.35446481e-05 0.5 p1 33304 6
4891 20445489 m2 3345837 -1.57021756e-08 0.5 p1 33305 6
6555 20451317 m2 4499082 -7.76688194e-06 0.5 p1 33317 6
4660 20467832 m2 3199198 -2.04315279e-06 0.5 p1 33349 6
5775 20470167 m2 3948161 -2.55019295e-05 0.5 p1 33353 6
1987 20471248 m2 1363538 -7.33950947e-05 0.5 p1 33355 6
2026 20475449 m2 1385078 -1.07138694e-05 0.5 p1 33363 6
6087 20481047 m2 4183983 -0.000102178521 0.5 p1 33375 6
4847 20485171 m2 3318404 -0.000879719213 0.5 p1 33383 6
2009 20489446 m2 1371707 -0.000128892061 0.5 p1 33391 6
4971 20494184 m2 3394498 -0.000123734819 0.5 p1 33401 6
2125 20497681 m2 1446426 -5.70825569e-06 0.5 p1 33408 6
2736 20501602 m2 1857839 -0.00040117593 0.5 p1 33416 6
596 20507595 m2 403081 -1.08615495e-05 0.5 p1 33427 6
5337 20510761 m2 3645605 -8.22439219e-08 0.5 p1 33434 6
3730 20515351 m2 2532144 -1.95254052e-06 0.5 p1 33443 6
4537 20519763 m2 3097276 -0.000526041607 0.5 p1 33451 6
556 20523198 m2 372307 -0.000621784071 0.5 p1 33458 6
750 20527917 m2 514536 -0.000150003281 0.5 p1 33467 6
5652 20544125 m2 3860690 -1.00051773e-06 0.5 p1 33500 6
4571 20548608 m2 3122763 -0.00142592844 0.5 p1 33509 6
3964 20552253 m2 2692498 -0.000478659204 0.5 p1 33516 6
5480 20565058 m2 3733963 -7.93426516e-05 0.5 p1 33542 6
6900 20572513 m2 4738405 -6.38743503e-09 0.5 p1 33556 6
4598 20579662 m2 3145928 -3.78475233e-05 0.5 p1 33570 6
191 20590955 m2 129214 -1.78618663e-07 0.5 p1 33593 6
3552 20591673 m2 2410331 -9.96704912e-05 0.5 p1 33594 6
6687 20593399 m2 4587569 -2.04106296e-08 0.5 p1 33598 6
2000 20599979 m2 1369485 -0.000185538694 0.5 p1 33611 6
3991 20601545 m2 2707066 -1.92961185e-08 0.5 p1 33614 6
3158 20608451 m2 2140134 -1.00762758e-08 0.5 p1 33628 6
6894 20628013 m2 4735060 -0.00148497685 0.5 p1 33667 6
4682 20628820 m2 3211624 -0.00100793398 0.5 p1 33669 6
5844 20629940 m2 3998866 -5.72846159e-10 0.5 p1 33671 6
6328 20639397 m2 4338607 -0.000541257497 0.5 p1 33690 6
624 20666572 m2 423197 -1.81310179e-06 0.5 p1 33743 6
7241 20668398 m2 4976154 -0.00136848481 0.5 p1 33746 6
3976 20672008 m2 2699396 -1.5554253e-05 0.5 p1 33754 6
1924 20672591 m2 1321181 -1.79471584e-07 0.5 p1 33755 6
6150 20718134 m2 4218002 -2.39669043e-05 0.5 p1 33844 6
2633 20720013 m2 1787151 -5.2951018e-06 0.5 p1 33848 6
3742 20726227 m2 2542137 -0.000534488587 0.5 p1 33860 6
2794 20727342 m2 1901321 -0.000876604987 0.5 p1 33863 6
1480 20728174 m2 1011872 -3.00368083e-06 0.5 p1 33864 6
3407 20747183 m2 2295306 -0.000969393528 0.5 p1 33902 6
216 20748031 m2 140753 -0.000539437286 0.5 p1 33904 6
823 20758198 m2 561333 -2.49156183e-05 0.5 p1 33924 6
2574 20782057 m2 1743106 -9.72120517e-09 0.5 p1 33973 6
4703 20788254 m2 3224887 -0.000124288024 0.5 p1 33985 6
81 20790434 m2 52024 -6.48401037e-05 0.5 p1 33989 6
2778 20794681 m2 1885840 -0.000148794381 0.5 p1 33998 6
3372 20804744 m2 2272669 -0.000786240562 0.5 p1 34017 6
504 20807789 m2 334621 -0.00025553786 0.5 p1 34023 6
1250 20816518 m2 849279 -1.98481558e-07 0.5 p1 34040 6
3414 20820005 m2 2298534 -1.6007067e-06 0.5 p1 34047 6
1704 20825024 m2 1169421 -0.000153524568 0.5 p1 34057 6
6769 20829659 m2 4646813 -4.46712306e-07 0.5 p1 34066 6
5239 20844500 m2 3579928 -0.000171805776 0.5 p1 34095 6
6291 20849833 m2 4310407 -0.000212874409 0.5 p1 34106 6
2437 20854588 m3 1639496 0.000561480352 0.5 p1 34116 6
3885 20860726 m2 2644627 -0.00296602957 0.5 p1 34128 6
6705 20864166 m2 4604415 -4.94022743e-07 0.5 p1 34135 6
4524 20864800 m2 3086413 -6.13510656e-06 0.5 p1 34136 6
4671 20866112 m2 3206073 -6.96175339e-05 0.5 p1 34138 6
4343 20870094 m2 2957264 -5.76130697e-06 0.5 p1 34146 6
2838 20897348 m2 1929011 -6.76388154e-05 0.5 p1 34201 6
5277 20918439 m3 3603667 0.00166165456 0.5 p1 34243 6
571 20934122 m2 383710 -7.01088396e-08 0.5 p1 34275 6
4848 20943953 m2 3318465 -0.000260000234 0.5 p1 34294 6
5682 20944895 m2 3884223 -0.000874266319 0.5 p1 34296 6
6515 20959115 m2 4467977 -0.000551215722 0.5 p1 34325 6
7185 20959393 m2 4941086 -1.87017631e-05 0.5 p1 34325 6
6621 20965558 m2 4546505 -2.01575658e-05 0.5 p1 34337 6
4321 20966831 m2 2940199 -5.89715128e-05 0.5 p1 34340 6
373 20986546 m2 237230 -4.25942017e-06 0.5 p1 34379 6
3709 20986650 m2 2517659 -3.19716463e-07 0.5 p1 34380 6
4027 20992047 m2 2730038 -6.7021756e-05 0.5 p1 34391 6
5007 20996018 m2 3420561 -5.06587457e-06 0.5 p1 34399 6
5719 21004357 m2 3912938 -7.38886428e-08 0.5 p1 34416 6
2210 21006911 m2 1498470 -0.00174241036 0.5 p1 34421 6
3079 21007218 m2 2092192 -7.99749469e-05 0.5 p1 34421 6
915 21007878 m2 624635 -2.76185408e-10 0.5 p1 34423 6
7115 21008152 m2 4889393 -0.000129360487 0.5 p1 34423 6
4253 21009267 m2 2888799 -9.25475391e-11 0.5 p1 34426 6
3404 21011573 m3 2293662 0.00263877492 0.5 p1 34430 6
2349 21014348 m2 1584794 -5.38851891e-05 0.5 p1 34436 6
7072 21023560 m2 4858520 -3.55603538e-06 0.5 p1 34454 6
6535 21029519 m2 4484794 -8.09827179e-06 0.5 p1 34467 6
5736 21046673 m2 3926027 -1.82181211e-05 0.5 p1 34501 6
5524 21052967 m3 3769117 0.00386199262 0.5 p1 34514 6
4261 21053210 m2 2895333 -3.54645273e-08 0.5 p1 34514 6
6826 21058677 m2 4693319 -0.000613735174 0.5 p1 34525 6
3023 21065002 m2 2050167 -0.000476630492 0.5 p1 34537 6
3838 21096539 m2 2606090 -1.06617193e-07 0.5 p1 34599 6
5779 21099423 m2 3951703 -8.25832976e-05 0.5 p1 34605 6
1506 21109946 m2 1025615 -0.000369359972 0.5 p1 34626 6
1541 21111933 m3 1049238 0.00127547851 0.5 p1 34630 6
3352 21115003 m2 2261422 -5.14587191e-06 0.5 p1 34636 6
6165 21116415 m2 4227082 -3.47864739e-06 0.5 p1 34639 6
3635 21119039 m3 2468952 0.00082781259 0.5 p1 34644 6
3451 21121707 m2 2323004 -8.44610622e-06 0.5 p1 34649 6
5739 21121733 m2 3927572 -0.000191314015 0.5 p1 34649 6
3134 21129817 m2 2124265 -0.00155888416 0.5 p1 34666 6
5769 21132160 m2 3944333 -1.37835905e-05 0.5 p1 34670 6
6834 21141318 m2 4700267 -1.64588273e-05 0.5 p1 34689 6
6244 21141750 m2 4272010 -8.59767024e-05 0.5 p1 34690 6
5342 21142302 m2 3647250 -0.000207315577 0.5 p1 34691 6
6794 21148774 m2 4669879 -1.68706392e-05 0.5 p1 34704 6
6719 21151397 m2 4613016 -2.01126529e-08 0.5 p1 34709 6
2723 21158211 m2 1847267 -2.05926707e-08 0.5 p1 34723 6
5555 21162293 m2 3789220 -5.55134939e-05 0.5 p1 34731 6
668 21180067 m2 455486 -1.57914601e-05 0.5 p1 34767 6
706 21187360 m2 484129 -8.97188386e-07 0.5 p1 34781 6
2857 21189158 m2 1940731 -0.000270196615 0.5 p1 34785 6
6823 21209940 m2 4692646 -3.37289021e-06 0.5 p1 34826 6
614 21211637 m2 416335 -0.000312928634 0.5 p1 34829 6
8 21214593 m2 5866 -0.000111536945 0.5 p1 34835 6
5540 21235755 m2 3781200 -3.78184122e-05 0.5 p1 34877 6
4112 21248099 m2 2785046 -0.000183056181 0.5 p1 34902 6
436 21254617 m2 278155 -0.000730743282 0.5 p1 34915 6
3305 21255915 m2 2230534 -1.74429824e-05 0.5 p1 34918 6
2031 21263122 m2 1389660 -0.000683990947 0.5 p1 34932 6
489 21273833 m2 321101 -0.000169940235 0.5 p1 34953 6
6824 21277136 m2 4692964 -3.85823041e-05 0.5 p1 34960 6
648 21280229 m2 443708 -0.000113994967 0.5 p1 34966 6
4679 21280708 m2 3210259 -3.69172412e-05 0.5 p1 34967 6
4574 21285535 m2 3124847 -7.34293499e-05 0.5 p1 34977 6
1102 21289095 m2 741594 -1.57949853e-05 0.5 p1 34984 6
4297 21294357 m2 2920608 -1.92707844e-07 0.5 p1 34995 6
1650 21294477 m2 1126441 -1.55107296e-06 0.5 p1 34995 6
2470 21304335 m2 1665706 -0.000131104985 0.5 p1 35015 6
4064 21305409 m3 2757111 0.00110059197 0.5 p1 35017 6
1637 21306257 m2 1116243 -0.000357057404 0.5 p1 35019 6
3547 21309027 m2 2408274 -3.62054634e-05 0.5 p1 35024 6
241 21311673 m2 153803 -3.33137941e-05 0.5 p1 35030 6
6482 21322201 m2 4444415 -0.000159953357 0.5 p1 35051 6
5855 21325671 m2 4005896 -6.36791412e-07 0.5 p1 35058 6
1592 21326039 m2 1080956 -6.35958859e-05 0.5 p1 35059 6
2322 21339984 m2 1571778 -1.26730029e-05 0.5 p1 35087 6
3542 21373919 m2 2402945 -0.00116261677 0.5 p1 35156 6
5996 21379061 m2 4124837 -0.000218097834 0.5 p1 35166 6
5912 21380954 m2 4048497 -0.000122533835 0.5 p1 35170 6
3903 21387032 m2 2653608 -1.51900338e-06 0.5 p1 35183 6
5083 21390096 m2 3468524 -4.93059706e-05 0.5 p1 35189 6
5697 21398441 m2 3896224 -5.66670824e-05 0.5 p1 35205 6
1973 21419249 m2 1355354 -0.00190921035 0.5 p1 35247 6
2618 21420137 m2 1776310 -4.76435158e-09 0.5 p1 35249 6
2134 21422489 m2 1450874 -0.000927975052 0.5 p1 35254 6
1547 21427638 m2 1051339 -0.000883708941 0.5 p1 35264 6
6246 21435807 m2 4273807 -1.35961775e-08 0.5 p1 35280 6
2104 21436861 m2 1433850 -2.84334334e-08 0.5 p1 35282 6
1421 21483367 m2 970561 -9.33714182e-06 0.5 p1 35376 6
4446 21485143 m2 3034227 -0.000346495101 0.5 p1 35380 6
1185 21491000 m2 811516 -2.26433968e-07 0.5 p1 35391 6
5261 21499173 m2 3594872 -3.13570263e-06 0.5 p1 35408 6
4895 21519360 m2 3347344 -4.65067416e-08 0.5 p1 35448 6
2963 21531971 m2 2008532 -0.000419313612 0.5 p1 35473 6
4668 21536441 m2 3204905 -1.04782998e-06 0.5 p1 35481 6
1376 21536527 m2 938117 -5.69621716e-06 0.5 p1 35482 6
4540 21538771 m2 3100093 -0.000163024524 0.5 p1 35486 6
5755 21544375 m2 3935967 -0.000215587977 0.5 p1 35497 6
6660 21573192 m2 4569727 -0.000106090411 0.5 p1 35553 6
3706 21578406 m2 2515837 -1.51218519e-05 0.5 p1 35564 6
188 21579842 m2 126989 -0.000135007329 0.5 p1 35567 6
247 21584524 m2 158817 -0.0011424676 0.5 p1 35576 6
4674 21589049 m2 3208356 -0.000215581298 0.5 p1 35585 6
439 21594677 m2 279999 -0.000927839661 0.5 p1 35597 6
2190 21596698 m2 1489414 -0.000893064076 0.5 p1 35601 6
7249 21605418 m2 4980174 -0.00216495199 0.5 p1 35618 6
7067 21610193 m2 4853498 -7.81755944e-07 0.5 p1 35628 6
6540 21612612 m3 4487765 0.000791928149 0.5 p1 35632 6
220 21613731 m2 142041 -3.244443e-05 0.5 p1 35635 6
2531 21617830 m2 1712691 -3.30884802e-07 0.5 p1 35643 6
4032 21619258 m2 2732746 -0.000542612281 0.5 p1 35646 6
304 21648339 m2 186503 -2.63043694e-05 0.5 p1 35703 6
3747 21662323 m2 2545014 -0.00076998712 0.5 p1 35732 6
2173 21662926 m2 1480907 -2.27893306e-05 0.5 p1 35733 6
7104 21674562 m2 4882622 -9.28427544e-05 0.5 p1 35756 6
6061 21695505 m2 4172114 -3.13458054e-13 0.5 p1 35798 6
3735 21700531 m2 2535820 -1.84625591e-07 0.5 p1 35808 6
5548 21702484 m2 3786617 -7.8871999e-05 0.5 p1 35812 6
1108 21704991 m2 750641 -4.85562578e-06 0.5 p1 35817 6
1016 21705089 m2 681463 -0.00027366323 0.5 p1 35817 6
7051 21705727 m2 4846978 -0.000320868596 0.5 p1 35818 6
2174 21708226 m2 1481645 -4.75982561e-05 0.5 p1 35823 6
1775 21714548 m2 1208955 -2.05420871e-08 0.5 p1 35836 6
6545 21727434 m2 4492119 -0.000501335366 0.5 p1 35862 6
3387 21735293 m2 2286168 -0.000637087971 0.5 p1 35879 6
5689 21744139 m2 3887471 -2.34800082e-05 0.5 p1 35896 6
5014 21746745 m2 3422752 -8.69843643e-06 0.5 p1 35902 6
6554 21782439 m2 4498762 -9.22936863e-07 0.5 p1 35975 6
95 21792917 m2 61102 -7.54505672e-05 0.5 p1 35996 6
1039 21799047 m2 693596 -1.99955707e-07 0.5 p1 36008 6
2405 21800775 m2 1616789 -4.54344217e-07 0.5 p1 36012 6
1198 21803750 m2 819435 -2.72777072e-07 0.5 p1 36018 6
3756 21804181 m2 2549723 -0.00190999079 0.5 p1 36019 6
6830 21807669 m2 4695185 -4.23626261e-05 0.5 p1 36026 6
5382 21809936 m2 3673357 -0.000431181252 0.5 p1 36031 6
6258 21820875 m2 4284349 -8.69819269e-05 0.5 p1 36053 6
5740 21836444 m2 3928000 -0.00175821956 0.5 p1 36085 6
3965 21837034 m2 2692759 -2.50970942e-08 0.5 p1 36086 6
1306 21841651 m2 883245 -3.55168559e-05 0.5 p1 36096 6
6556 21846319 m2 4499520 -2.70523969e-06 0.5 p1 36105 6
2351 21851904 m2 1585209 -2.44398007e-06 0.5 p1 36117 6
1491 21861172 m2 1018310 -0.000333314616 0.5 p1 36135 6
3941 21870136 m2 2675552 -5.10820257e-07 0.5 p1 36153 6
4153 21871410 m2 2815944 -0.000392207265 0.5 p1 36156 6
6962 21872298 m2 4779576 -0.000345304754 0.5 p1 36157 6
7137 21879260 m2 4906830 -4.27065885e-07 0.5 p1 36171 6
6875 21889340 m2 4722286 -1.8711869e-06 0.5 p1 36192 6
5373 21890916 m2 3667973 -0.00103542651 0.5 p1 36195 6
3203 21920857 m2 2172427 -8.99925089e-06 0.5 p1 36256 6
5870 21928833 m2 4019009 -9.18858461e-15 0.5 p1 36272 6
4829 21929184 m2 3307852 -0.000787912577 0.5 p1 36272 6
1843 21936627 m2 1257572 -0.000410743232 0.5 p1 36288 6
6788 21942368 m2 4666075 -0.00035721634 0.5 p1 36299 6
5866 21947325 m2 4015960 -5.10208793e-07 0.5 p1 36309 6
5254 21954641 m2 3588986 -4.64949735e-05 0.5 p1 36324 6
2324 21958620 m2 1573116 -8.31972648e-05 0.5 p1 36332 6
2229 21959051 m2 1510201 -2.07556639e-09 0.5 p1 36333 6
5539 21965626 m2 3781137 -0.000713930873 0.5 p1 36346 6
5341 21965886 m2 3646375 -0.000901480147 0.5 p1 36347 6
6629 21968911 m3 4552384 0.00266704359 0.5 p1 36353 6
1559 21970450 m2 1060618 -1.55115993e-06 0.5 p1 36356 6
2081 21976365 m2 1418954 -0.00039279976 0.5 p1 36367 6
6858 21978386 m2 4713697 -8.05054981e-11 0.5 p1 36372 6
3960 21981867 m2 2689201 -0.000313951256 0.5 p1 36379 6
5319 21990654 m2 3633152 -0.00178415538 0.5 p1 36396 6
1180 22001940 m2 804326 -0.000756233523 0.5 p1 36418 6
4303 22025639 m2 2930149 -0.000231096245 0.5 p1 36465 6
6960 22043776 m2 4777408 -3.9483828e-05 0.5 p1 36502 6
5579 22055465 m2 3811090 -0.000181107927 0.5 p1 36526 6
6584 22065871 m2 4521039 -0.000992471701 0.5 p1 36547 6
2154 22066288 m2 1465280 -0.000472236279 0.5 p1 36548 6
6203 22070284 m2 4249131 -0.0004234144 0.5 p1 36556 6
6890 22074951 m2 4732675 -2.8566551e-06 0.5 p1 36566 6
5947 22086169 m2 4081431 -5.0264538e-05 0.5 p1 36589 6
2311 22087831 m2 1566291 -8.32586888e-10 0.5 p1 36592 6
3195 22088013 m2 2168965 -7.60200128e-05 0.5 p1 36592 6
6306 22093439 m2 4327832 -6.57044939e-06 0.5 p1 36603 6
2581 22094903 m2 1749764 -5.80807637e-06 0.5 p1 36606 6
404 22099505 m2 257445 -0.000174392379 0.5 p1 36615 6
1707 22105257 m2 1171210 -6.55679102e-08 0.5 p1 36627 6
6282 22108044 m2 4297001 -0.000858950312 0.5 p1 36633 6
2705 22116007 m2 1834235 -3.53659701e-13 0.5 p1 36649 6
3887 22117200 m2 2646018 -1.10758798e-07 0.5 p1 36651 6
6436 22119941 m3 4401639 0.00223110663 0.5 p1 36657 6
2688 22122706 m2 1821896 -2.84846863e-07 0.5 p1 36662 6
647 22131622 m2 443671 -0.000468488841 0.5 p1 36680 6
5220 22137108 m2 3567728 -1.14378929e-06 0.5 p1 36691 6
165 22155292 m2 108821 -4.91224773e-06 0.5 p1 36728 6
3914 22161008 m2 2660576 -0.000124630707 0.5 p1 36740 6
6062 22164715 m2 4172154 -2.90057051e-06 0.5 p1 36747 6
2019 22173471 m2 1378273 -0.000601214299 0.5 p1 36765 6
2185 22180123 m2 1486568 -0.00117596949 0.5 p1 36779 6
3892 22198216 m2 2649136 -0.0012531823 0.5 p1 36815 6
3612 22201621 m2 2455536 -2.47374624e-06 0.5 p1 36821 6
2235 22210151 m2 1514020 -0.000789497863 0.5 p1 36838 6
1860 22216438 m2 1272088 -3.19774299e-05 0.5 p1 36851 6
3726 22221580 m2 2527684 -0.00100173836 0.5 p1 36861 6
4359 22231064 m2 2968531 -2.27212804e-05 0.5 p1 36881 6
848 22232095 m2 580996 -0.000627139874 0.5 p1 36883 6
2301 22233512 m2 1563220 -1.45227968e-05 0.5 p1 36886 6
6970 22236243 m2 4783281 -0.00093250355 0.5 p1 36891 6
4549 22242803 m2 3106910 -3.21100451e-05 0.5 p1 36904 6
5333 22244918 m2 3643659 -8.31071247e-07 0.5 p1 36908 6
4475 22245045 m2 3058243 -9.87964177e-06 0.5 p1 36909 6
4071 22259177 m2 2761023 -0.000241180678 0.5 p1 36936 6
2461 22263360 m2 1659074 -4.24759928e-05 0.5 p1 36945 6
6519 22268248 m2 4468674 -5.84081463e-05 0.5 p1 36954 6
4263 22279038 m3 2896368 0.00125935883 0.5 p1 36976 6
6407 22280457 m2 4383276 -0.000119112148 0.5 p1 36979 6
821 22284740 m2 560089 -2.38970643e-09 0.5 p1 36988 6
4585 22287146 m2 3133902 -0.000491165672 0.5 p1 36993 6
1 22297251 m2 704 -0.000188630729 0.5 p1 37014 6
6566 22302200 m2 4508493 -1.71511474e-05 0.5 p1 37024 6
2194 22303257 m2 1491553 -0.000566496805 0.5 p1 37026 6
3945 22307661 m2 2678558 -1.12053984e-08 0.5 p1 37034 6
4814 22309981 m2 3297694 -5.84909066e-11 0.5 p1 37039 6
7010 22315185 m2 4823412 -0.00084631663 0.5 p1 37049 6
3919 22323976 m2 2663112 -0.000167728635 0.5 p1 37067 6
4334 22328820 m2 2950290 -3.07017245e-07 0.5 p1 37077 6
6536 22335641 m2 4485310 -6.62845123e-05 0.5 p1 37090 6
6037 22344224 m2 4151617 -0.000161108954 0.5 p1 37107 6
1277 22347250 m2 864743 -2.29971902e-05 0.5 p1 37113 6
5581 22348441 m2 3813311 -1.64348344e-11 0.5 p1 37116 6
751 22353560 m2 515778 -0.000593614939 0.5 p1 37126 6
4705 22354633 m2 3226226 -1.46168073e-08 0.5 p1 37128 6
5595 22356832 m2 3820723 -4.17071391e-08 0.5 p1 37133 6
3032 22363471 m2 2055624 -4.28869971e-05 0.5 p1 37146 6
5283 22368019 m2 3607652 -3.27654082e-09 0.5 p1 37155 6
4464 22372665 m2 3047935 -0.000139924523 0.5 p1 37164 6
4285 22377768 m2 2916400 -0.000818659668 0.5 p1 37175 6
3663 22379243 m2 2488961 -7.98084438e-05 0.5 p1 37178 6
149 22383243 m2 100921 -9.46776254e-06 0.5 p1 37186 6
26 22390242 m2 15296 -5.55732794e-14 0.5 p1 37200 6
5291 22392644 m2 3612541 -3.86956344e-05 0.5 p1 37205 6
523 22404639 m2 349426 -0.000269095268 0.5 p1 37230 6
6355 22408568 m2 4353353 -0.00063449156 0.5 p1 37238 6
2110 22424741 m2 1437868 -0.0001251215 0.5 p1 37272 6
6106 22426113 m2 4193554 -2.50425501e-06 0.5 p1 37275 6
2416 22430150 m2 1624947 -0.000638710568 0.5 p1 37283 6
2512 22433304 m2 1700489 -9.22522886e-05 0.5 p1 37289 6
6701 22439127 m2 4600596 -0.000389724941 0.5 p1 37301 6
5585 22442996 m2 3813707 -0.000125248494 0.5 p1 37309 6
1232 22446910 m2 839547 -0.000147652201 0.5 p1 37318 6
3496 22451520 m2 2355996 -2.2617005e-06 0.5 p1 37327 6
6425 22454010 m2 4393073 -9.74484501e-05 0.5 p1 37332 6
689 22458183 m2 470573 -4.86695262e-06 0.5 p1 37340 6
312 22462924 m2 189617 -6.25013035e-06 0.5 p1 37350 6
6245 22464309 m2 4273122 -0.000540482753 0.5 p1 37353 6
5935 22476378 m2 4065391 -6.87745269e-05 0.5 p1 37377 6
3537 22483106 m2 2398851 -8.77398122e-07 0.5 p1 37391 6
674 22486069 m2 459140 -0.00111085817 0.5 p1 37398 6
5204 22494395 m2 3558718 -6.06254871e-05 0.5 p1 37415 6
5181 22497874 m2 3538153 -0.000119904842 0.5 p1 37423 6
543 22498664 m2 363645 -1.09366397e-06 0.5 p1 37424 6
2387 22502507 m2 1605368 -5.22480414e-09 0.5 p1 37432 6
4244 22503570 m2 2880006 -1.68556028e-06 0.5 p1 37434 6
227 22521337 m2 143554 -7.84469194e-06 0.5 p1 37472 6
5362 22531146 m2 3663091 -0.000719156698 0.5 p1 37492 6
616 22552048 m2 417561 -0.000100173078 0.5 p1 37534 6
4016 22554386 m2 2722661 -0.000247136777 0.5 p1 37539 6
2249 22559291 m2 1523950 -3.0921305e-07 0.5 p1 37549 6
5742 22561090 m2 3928464 -0.00218488346 0.5 p1 37553 6
4921 22575030 m2 3362600 -6.70942882e-07 0.5 p1 37582 6
853 22580202 m2 584970 -0.00106423325 0.5 p1 37593 6
4453 22595451 m2 3040269 -2.1416119e-07 0.5 p1 37624 6
5148 22597070 m2 3513814 -0.00216083531 0.5 p1 37627 6
830 22598121 m2 567161 -2.52552909e-05 0.5 p1 37629 6
3275 22601299 m2 2205925 -1.31059942e-05 0.5 p1 37636 6
5224 22619397 m2 3569491 -4.00940644e-06 0.5 p1 37674 6
1714 22621681 m2 1176885 -0.000201086979 0.5 p1 37679 6
1558 22623392 m2 1060201 -1.69062764e-09 0.5 p1 37683 6
258 22623778 m2 163134 -8.21292048e-08 0.5 p1 37683 6
3580 22634514 m2 2432237 -0.00141811522 0.5 p1 37706 6
1054 22636676 m2 706025 -0.000233852217 0.5 p1 37710 6
3999 22643127 m2 2713368 -0.00114822248 0.5 p1 37724 6
3211 22647592 m2 2175154 -7.00043699e-07 0.5 p1 37733 6
4569 22652018 m2 3122236 -0.000185119628 0.5 p1 37742 6
2419 22657128 m2 1627446 -0.000117541655 0.5 p1 37752 6
2636 22659957 m2 1787688 -0.000619503146 0.5 p1 37758 6
4731 22666247 m2 3244073 -1.80865413e-07 0.5 p1 37771 6
5191 22669117 m2 3552747 -0.000182345 0.5 p1 37777 6
2052 22677433 m2 1403519 -4.09622771e-05 0.5 p1 37794 6
1773 22678751 m2 1208290 -2.16365297e-05 0.5 p1 37797 6
842 22679711 m2 577320 -0.000182574964 0.5 p1 37799 6
1262 22696003 m2 856080 -0.00121132412 0.5 p1 37833 6
6972 22696211 m2 4784421 -0.000248754484 0.5 p1 37833 6
3784 22703390 m2 2576060 -3.79404923e-07 0.5 p1 37848 6
3938 22709808 m2 2673503 -0.00297943503 0.5 p1 37861 6
500 22710896 m2 332980 -0.00273357611 0.5 p1 37863 6
2188 22723339 m2 1487235 -1.49370205e-08 0.5 p1 37889 6
2130 22733694 m2 1448659 -1.34589584e-06 0.5 p1 37910 6
2787 22736227 m2 1893476 -0.000368785608 0.5 p1 37916 6
33 22743619 m2 18754 -3.1310235e-06 0.5 p1 37932 6
4839 22755735 m2 3313233 -0.000505360542 0.5 p1 37957 6
318 22783694 m2 195623 -1.28225975e-05 0.5 p1 38015 6
3268 22788747 m2 2203655 -0.0016827099 0.5 p1 38025 6
4859 22797079 m2 3325777 -0.000147426181 0.5 p1 38043 6
3154 22819671 m2 2137869 -9.29158268e-05 0.5 p1 38090 6
1188 22822012 m2 814151 -3.24066662e-07 0.5 p1 38095 6
3600 22822652 m2 2445901 -7.53621935e-05 0.5 p1 38096 6
5388 22824079 m2 3675852 -0.000235351647 0.5 p1 38099 6
3959 22830287 m2 2688154 -0.00142234715 0.5 p1 38112 6
5707 22831052 m2 3904776 -1.64785108e-09 0.5 p1 38113 6
1768 22840168 m2 1206509 -0.000532881357 0.5 p1 38132 6
6092 22845269 m2 4186307 -0.000502792129 0.5 p1 38143 6
5514 22846094 m2 3760770 -6.20591265e-07 0.5 p1 38145 6
3989 22854712 m2 2706479 -9.51018683e-06 0.5 p1 38163 6
4142 22867903 m2 2809640 -3.71639653e-05 0.5 p1 38191 6
5182 22870625 m2 3539807 -1.51985461e-07 0.5 p1 38197 6
105 22871303 m2 69238 -3.3315726e-07 0.5 p1 38199 6
4398 22875712 m2 2995050 -2.37571703e-06 0.5 p1 38208 6
4890 22876520 m2 3344087 -4.31850167e-10 0.5 p1 38210 6
6105 22882373 m2 4192686 -0.00051147776 0.5 p1 38223 6
6923 22883190 m2 4755499 -0.000347351772 0.5 p1 38224 6
923 22886601 m2 631789 -4.36061441e-07 0.5 p1 38232 6
117 22891743 m2 76274 -0.000204833937 0.5 p1 38242 6
5263 22899893 m2 3596462 -0.00242205267 0.5 p1 38259 6
7073 22906101 m2 4861482 -8.58763524e-05 0.5 p1 38273 6
2643 22910506 m2 1796783 -0.000151700762 0.5 p1 38282 6
1272 22912098 m2 862121 -6.25061948e-05 0.5 p1 38285 6
3300 22923265 m2 2225095 -4.39282667e-06 0.5 p1 38308 6
2653 22923565 m2 1800778 -5.13962041e-05 0.5 p1 38308 6
6591 22934450 m2 4525890 -6.07407019e-05 0.5 p1 38331 6
3597 22937390 m3 2444032 0.00109615212 0.5 p1 38337 6
25 22939619 m2 15089 -4.31734115e-05 0.5 p1 38342 6
4391 22953404 m2 2989071 -9.98013184e-06 0.5 p1 38372 6
5360 22960490 m2 3660139 -5.23677045e-05 0.5 p1 38387 6
71 22968657 m2 44865 -1.7111276e-08 0.5 p1 38405 6
3140 22969803 m2 2126012 -6.96562736e-08 0.5 p1 38407 6
5161 22977988 m2 3520400 -3.88539484e-05 0.5 p1 38424 6
1706 22981202 m2 1169607 -5.78363768e-07 0.5 p1 38431 6
3985 22985370 m2 2703312 -1.30880085e-10 0.5 p1 38440 6
3418 22989158 m2 2302382 -0.000228497825 0.5 p1 38448 6
2108 22993912 m2 1434890 -1.56492677e-18 0.5 p1 38458 6
7041 22995695 m2 4841770 -7.42781776e-05 0.5 p1 38462 6
3850 22998496 m2 2617962 -0.000800767331 0.5 p1 38468 6
4329 23004915 m2 2944715 -5.48071184e-05 0.5 p1 38481 6
6045 23008921 m2 4159573 -3.0269764e-06 0.5 p1 38490 6
6783 23018384 m2 4662820 -0.000364186009 0.5 p1 38509 6
6704 23022775 m2 4603876 -0.000243031493 0.5 p1 38519 6
2043 23024724 m2 1398338 -0.00296413852 0.5 p1 38523 6
6461 23026744 m2 4424142 -3.86434185e-05 0.5 p1 38527 6
5481 23028764 m2 3735516 -0.00032947812 0.5 p1 38532 6
2204 23029393 m2 1495218 -3.87022192e-09 0.5 p1 38533 6
3943 23029660 m2 2676443 -7.51428047e-07 0.5 p1 38534 6
2217 23035264 m2 1500755 -3.00058537e-06 0.5 p1 38545 6
6313 23046929 m2 4330567 -0.00056774827 0.5 p1 38570 6
1673 23052536 m2 1151860 -3.71601683e-09 0.5 p1 38582 6
5216 23054702 m2 3565550 -6.14494566e-05 0.5 p1 38587 6
3570 23059407 m3 2424180 0.000421122299 0.5 p1 38597 6
6019 23065088 m2 4142740 -2.01007369e-05 0.5 p1 38609 6
171 23070565 m2 109691 -3.83604711e-05 0.5 p1 38621 6
7093 23084766 m2 4874531 -1.50099211e-07 0.5 p1 38651 6
5805 23088792 m2 3970519 -9.96507879e-05 0.5 p1 38659 6
5080 23091348 m2 3464734 -0.000520806294 0.5 p1 38664 6
1622 23092864 m2 1107702 -2.26453403e-06 0.5 p1 38668 6
7265 23093486 m2 4990453 -0.000139693482 0.5 p1 38669 6
5850 23108372 m2 4001143 -0.000839700573 0.5 p1 38701 6
6728 23127530 m2 4618469 -2.70760538e-05 0.5 p1 38742 6
2368 23133312 m2 1592222 -1.10587252e-05 0.5 p1 38754 6
2171 23145143 m2 1478926 -3.40917325e-07 0.5 p1 38780 6
3366 23155831 m2 2269959 -0.000444035337 0.5 p1 38802 6
7097 23161512 m2 4877189 -0.000196713241 0.5 p1 38814 6
6953 23163935 m2 4772429 -1.36046237e-05 0.5 p1 38819 6
1111 23172130 m3 752653 0.00189513224 0.5 p1 38836 6
14 23173632 m2 9728 -4.69032466e-06 0.5 p1 38839 6
4627 23181998 m3 3167927 0.00134595274 0.5 p1 38857 6
4393 23188405 m2 2991035 -7.37618677e-08 0.5 p1 38871 6
2962 23197773 m2 2008178 -0.000379752455 0.5 p1 38892 6
6676 23204221 m2 4580561 -6.92778849e-05 0.5 p1 38905 6
3033 23204734 m2 2056431 -0.0001411462 0.5 p1 38906 6
1189 23208056 m2 814259 -3.63585605e-05 0.5 p1 38913 6
341 23216940 m2 212404 -0.000324317953 0.5 p1 38932 6
4419 23225787 m2 3007781 -5.99380292e-05 0.5 p1 38951 6
3888 23255911 m2 2646309 -2.51141901e-05 0.5 p1 39016 6
1351 23256976 m2 914083 -2.52521545e-07 0.5 p1 39018 6
4192 23263323 m2 2843863 -1.43515081e-05 0.5 p1 39032 6
224 23276646 m2 142355 -3.9970706e-05 0.5 p1 39060 6
6123 23280348 m2 4204894 -0.000971574569 0.5 p1 39068 6
6023 23285300 m2 4147259 -2.95565428e-07 0.5 p1 39078 6
4787 23287145 m2 3279781 -0.00018054439 0.5 p1 39082 6
5793 23320484 m2 3962440 -0.00020351728 0.5 p1 39154 6
4858 23320660 m2 3324732 -0.000184065633 0.5 p1 39154 6
380 23324595 m2 241868 -0.000604946574 0.5 p1 39163 6
6299 23327463 m2 4322342 -3.4637178e-05 0.5 p1 39168 6
7246 23332100 m2 4978159 -0.000298621861 0.5 p1 39178 6
5334 23333845 m2 3644892 -1.59316365e-08 0.5 p1 39182 6
6999 23341883 m2 4811719 -4.62296754e-07 0.5 p1 39200 6
1388 23346163 m2 947445 -0.00136306637 0.5 p1 39209 6
2603 23348703 m2 1765578 -3.26268346e-05 0.5 p1 39214 6
1792 23360450 m2 1221068 -1.24270832e-06 0.5 p1 39240 6
1282 23367036 m2 866972 -2.19581111e-07 0.5 p1 39254 6
5065 23372706 m2 3449860 -2.67384621e-05 0.5 p1 39266 6
2427 23382046 m2 1634270 -5.36284574e-07 0.5 p1 39287 6
4389 23384288 m2 2987751 -3.82570988e-07 0.5 p1 39291 6
6191 23385575 m2 4244234 -0.000548692129 0.5 p1 39294 6
387 23390318 m2 245883 -1.73032655e-09 0.5 p1 39304 6
2278 23390520 m2 1545738 -0.000253876671 0.5 p1 39304 6
6549 23392038 m2 4495026 -4.63235406e-09 0.5 p1 39308 6
4049 23396016 m2 2744861 -0.00184615329 0.5 p1 39316 6
3384 23408898 m2 2284452 -0.000114052375 0.5 p1 39343 6
1962 23418216 m2 1347158 -6.30196228e-05 0.5 p1 39363 6
4587 23424983 m2 3135076 -0.000133035865 0.5 p1 39377 6
4041 23427447 m2 2741258 -7.11272005e-05 0.5 p1 39382 6
778 23436171 m2 532959 -6.39648806e-06 0.5 p1 39401 6
267 23448258 m2 169235 -5.79069001e-06 0.5 p1 39427 6
6180 23449580 m2 4235557 -1.10369074e-05 0.5 p1 39429 6
2147 23449732 m2 1459367 -1.07482965e-05 0.5 p1 39430 6
2179 23450555 m2 1484177 -0.000564864255 0.5 p1 39431 6
667 23461902 m2 454804 -0.000256431347 0.5 p1 39455 6
65 23467022 m2 41249 -2.11032898e-06 0.5 p1 39466 6
3789 23467150 m2 2578912 -3.59583282e-06 0.5 p1 39466 6
1437 23468297 m2 982285 -4.93625585e-09 0.5 p1 39469 6
3293 23471971 m2 2219487 -0.000113862923 0.5 p1 39476 6
2956 23477749 m2 2001793 -0.000120265169 0.5 p1 39489 6
3070 23477750 m2 2086950 -9.78919772e-08 0.5 p1 39489 6
5406 23478225 m2 3687608 -0.00452006375 0.5 p1 39490 6
1711 23487034 m2 1174541 -0.000112774913 0.5 p1 39508 6
3896 23488270 m2 2650678 -0.000412681809 0.5 p1 39511 6
3785 23495980 m2 2576084 -4.91859782e-06 0.5 p1 39527 6
2330 23509126 m2 1577597 -1.49313777e-07 0.5 p1 39554 6
3975 23517003 m2 2698522 -0.000147991348 0.5 p1 39570 6
2904 23526200 m2 1970965 -0.00151610281 0.5 p1 39589 6
306 23530716 m2 187118 -3.159896e-05 0.5 p1 39599 6
1397 23535843 m2 952328 -0.000302097207 0.5 p1 39610 6
3061 23546400 m2 2082138 -5.94530502e-06 0.5 p1 39632 6
6254 23558169 m2 4280980 -4.92359595e-06 0.5 p1 39658 6
1422 23558186 m2 971062 -5.70005759e-05 0.5 p1 39658 6
4720 23562961 m2 3237820 -2.25578241e-08 0.5 p1 39668 6
1958 23565099 m2 1343612 -4.7046301e-06 0.5 p1 39673 6
7236 23565578 m2 4973964 -1.26444129e-05 0.5 p1 39674 6
6739 23573763 m2 4625033 -4.48983515e-13 0.5 p1 39691 6
1808 23576994 m2 1231513 -0.000738648989 0.5 p1 39698 6
5761 23578028 m2 3938174 -2.71166016e-07 0.5 p1 39700 6
4083 23588509 m3 2768819 0.000712847628 0.5 p1 39722 6
5765 23591150 m2 3942935 -0.000277727668 0.5 p1 39728 6
3731 23592637 m2 2532197 -0.000468816288 0.5 p1 39731 6
5599 23597807 m2 3825676 -0.000532511389 0.5 p1 39742 6
1358 23606590 m2 921640 -0.000609114533 0.5 p1 39761 6
4113 23613313 m2 2785057 -1.92497082e-05 0.5 p1 39776 6
6802 23615279 m2 4677591 -6.27314294e-05 0.5 p1 39780 6
6781 23615655 m2 4661848 -1.37710884e-07 0.5 p1 39781 6
3485 23618603 m2 2346320 -0.00113920309 0.5 p1 39788 6
4548 23621974 m2 3106469 -2.62111553e-06 0.5 p1 39795 6
5358 23626074 m2 3659538 -0.0021161004 0.5 p1 39803 6
5988 23632356 m2 4113403 -9.78560274e-05 0.5 p1 39817 6
7044 23634524 m2 4843779 -0.00175519881 0.5 p1 39822 6
6924 23637158 m2 4758018 -0.000152986089 0.5 p1 39827 6
7116 23643013 m2 4891143 -0.00278227357 0.5 p1 39839 6
907 23652231 m2 614711 -1.90712129e-07 0.5 p1 39859 6
6383 23654838 m2 4370531 -7.74099753e-05 0.5 p1 39865 6
3273 23657502 m2 2205741 -1.06134053e-08 0.5 p1 39870 6
1503 23674461 m3 1023753 0.00231560343 0.5 p1 39907 6
1736 23683224 m2 1189008 -4.55130476e-08 0.5 p1 39925 6
5349 23690121 m2 3650267 -1.13337228e-05 0.5 p1 39940 6
6747 23694741 m3 4635302 0.000204140728 0.5 p1 39950 6
7202 23714459 m2 4955352 -2.41980597e-05 0.5 p1 39993 6
5251 23722034 m2 3587279 -4.63098586e-05 0.5 p1 40009 6
1263 23723381 m2 856246 -0.000269363198 0.5 p1 40011 6
4604 23725873 m2 3146961 -0.000388344866 0.5 p1 40017 6
213 23726884 m2 140312 -5.35181982e-07 0.5 p1 40019 6
4451 23732665 m3 3038041 0.00126675912 0.5 p1 40031 6
765 23737206 m2 521216 -0.000187153229 0.5 p1 40041 6
4375 23746873 m2 2977348 -4.71020698e-08 0.5 p1 40061 6
6121 23749025 m2 4202997 -4.6203934e-09 0.5 p1 40066 6
893 23758439 m2 608628 -0.000536307925 0.5 p1 40086 6
2169 23759117 m2 1478625 -0.00067656528 0.5 p1 40087 6
5094 23762741 m2 3475987 -3.78284058e-05 0.5 p1 40095 6
5173 23764102 m2 3533609 -8.67227718e-05 0.5 p1 40098 6
5835 23764130 m2 3993912 -0.000243784933 0.5 p1 40098 6
983 23783901 m2 662120 -5.20823619e-07 0.5 p1 40140 6
4709 23784685 m2 3227646 -0.000273374142 0.5 p1 40142 6
1553 23802007 m2 1057069 -2.80552331e-06 0.5 p1 40179 6
3419 23804897 m2 2302742 -0.000263196562 0.5 p1 40185 6
3457 23813883 m2 2326635 -0.000274084217 0.5 p1 40205 6
2055 23815977 m2 1405415 -1.12671977e-07 0.5 p1 40210 6
914 23838799 m2 624334 -3.34606902e-08 0.5 p1 40259 6
7229 23840042 m2 4971443 -0.000172326909 0.5 p1 40262 6
379 23840259 m2 240917 -0.000333594857 0.5 p1 40262 6
3461 23844655 m2 2330013 -0.000219568057 0.5 p1 40272 6
1565 23849896 m2 1063918 -0.000413563655 0.5 p1 40283 6
6280 23850867 m2 4295700 -0.000556933286 0.5 p1 40285 6
3876 23853892 m2 2636039 -0.000321675761 0.5 p1 40292 6
5343 23860897 m2 3647428 -0.00121319096 0.5 p1 40307 6
491 23863121 m2 322900 -8.96807649e-07 0.5 p1 40312 6
5256 23866229 m2 3591606 -2.44729417e-05 0.5 p1 40318 6
6893 23875763 m2 4734242 -0.000330329669 0.5 p1 40339 6
6243 23879786 m2 4271218 -0.000314301607 0.5 p1 40347 6
3816 23884431 m2 2595228 -0.000110998139 0.5 p1 40357 6
1288 23890535 m2 869842 -3.3486408e-06 0.5 p1 40371 6
4356 23891448 m2 2965346 -6.28223745e-07 0.5 p1 40373 6
4499 23891907 m2 3076420 -5.81575989e-07 0.5 p1 40374 6
4856 23892650 m2 3323072 -0.000112135291 0.5 p1 40375 6
1696 23894222 m2 1165342 -0.0023212193 0.5 p1 40379 6
1809 23896965 m2 1231732 -2.48647592e-13 0.5 p1 40385 6
2469 23901929 m2 1663862 -0.000179522525 0.5 p1 40395 6
5048 23908696 m2 3444281 -0.00170828099 0.5 p1 40410 6
6944 23912803 m2 4769597 -0.000553103629 0.5 p1 40419 6
421 23913706 m2 269698 -8.1491693e-05 0.5 p1 40421 6
2824 23917861 m2 1921639 -0.00158149854 0.5 p1 40429 6
5522 23922410 m3 3767507 0.000952595146 0.5 p1 40439 6
6044 23927065 m2 4158909 -1.59986115e-07 0.5 p1 40449 6
4397 23928351 m2 2993636 -0.000806096534 0.5 p1 40452 6
6965 23938991 m2 4780179 -0.000138470394 0.5 p1 40475 6
1318 23940340 m2 892383 -0.000317210797 0.5 p1 40478 6
2340 23948492 m2 1579976 -0.00114214129 0.5 p1 40496 6
1911 23958879 m2 1309796 -0.000771223567 0.5 p1 40519 6
6952 23961577 m2 4772196 -1.39901276e-05 0.5 p1 40525 6
5920 23968900 m2 4054936 -7.54928075e-13 0.5 p1 40541 6
3464 23976583 m3 2332058 0.00212783669 0.5 p1 40558 6
259 23979437 m2 163899 -1.42300632e-06 0.5 p1 40564 6
3678 23980111 m2 2495848 -1.80660809e-05 0.5 p1 40566 6
5473 23997996 m2 3729727 -3.1049924e-06 0.5 p1 40605 6
4743 23998331 m2 3251708 -0.000205623073 0.5 p1 40606 6
2145 24004013 m3 1457686 0.00286417082 0.5 p1 40618 6
6694 24005728 m2 4596313 -2.87157472e-05 0.5 p1 40622 6
6143 24005764 m2 4211677 -2.36933238e-06 0.5 p1 40622 6
660 24009129 m2 450776 -5.08485318e-05 0.5 p1 40629 6
6756 24017522 m2 4642141 -0.000331558898 0.5 p1 40647 6
2175 24019105 m2 1481905 -0.000741781783 0.5 p1 40650 6
1691 24022240 m2 1164560 -6.3007559e-07 0.5 p1 40657 6
6842 24025159 m2 4704798 -4.94547654e-13 0.5 p1 40663 6
1708 24027675 m2 1171874 -0.00139092805 0.5 p1 40668 6
5796 24035822 m2 3965107 -6.62887922e-09 0.5 p1 40686 6
3005 24036110 m2 2039840 -1.22368483e-05 0.5 p1 40686 6
1584 24037641 m2 1073206 -0.00070030248 0.5 p1 40690 6
4945 24066972 m2 3378618 -3.42122441e-10 0.5 p1 40753 6
4986 24070427 m2 3404683 -3.95866518e-05 0.5 p1 40761 6
4602 24084876 m2 3146798 -2.85701117e-05 0.5 p1 40793 6
4395 24095462 m2 2992548 -0.000206350509 0.5 p1 40816 6
19 24096496 m2 11773 -4.84761722e-06 0.5 p1 40818 6
730 24114926 m2 496456 -2.69909215e-05 0.5 p1 40858 6
6459 24119197 m2 4423515 -9.1629423e-05 0.5 p1 40867 6
78 24124240 m2 50706 -7.13782089e-10 0.5 p1 40879 6
2733 24124505 m2 1855008 -1.44700252e-05 0.5 p1 40879 6
5670 24128768 m2 3875528 -7.31089949e-06 0.5 p1 40889 6
4563 24144219 m2 3117975 -7.17811345e-05 0.5 p1 40923 6
2271 24155430 m2 1539862 -0.00142011803 0.5 p1 40947 6
608 24167113 m2 411848 -6.63725132e-07 0.5 p1 40973 6
1879 24180625 m2 1285679 -7.20249363e-06 0.5 p1 41002 6
305 24187077 m2 186758 -2.04983941e-08 0.5 p1 41016 6
6221 24199159 m2 4260617 -0.000359354221 0.5 p1 41043 6
4508 24204483 m2 3082268 -7.71915154e-07 0.5 p1 41054 6
2610 24222845 m2 1769286 -3.97176869e-08 0.5 p1 41094 6
7080 24225822 m2 4866195 -8.25824391e-05 0.5 p1 41101 6
5728 24226095 m2 3919723 -0.000242702183 0.5 p1 41101 6
6503 24231648 m2 4458597 -0.000398549018 0.5 p1 41114 6
2669 24241593 m2 1812369 -0.000180733696 0.5 p1 41135 6
4145 24241922 m2 2811024 -0.000170591884 0.5 p1 41136 6
5690 24246612 m2 3888128 -0.00080737978 0.5 p1 41146 6
4842 24262798 m2 3313858 -1.77019156e-05 0.5 p1 41181 6
5365 24277700 m2 3664485 -3.2598839e-06 0.5 p1 41214 6
1114 24283399 m2 754527 -0.000156705821 0.5 p1 41227 6
3296 24284709 m2 2223173 -0.000255120773 0.5 p1 41229 6
3131 24290641 m2 2123001 -0.00125249149 0.5 p1 41242 6
1577 24296035 m2 1070330 -0.000144610443 0.5 p1 41254 6
3248 24325328 m2 2193277 -3.56333949e-08 0.5 p1 41319 6
782 24329170 m2 534351 -6.87167776e-05 0.5 p1 41328 6
353 24329571 m2 218282 -0.000677516975 0.5 p1 41329 6
6742 24329810 m2 4626895 -0.000818621658 0.5 p1 41329 6
4318 24332258 m2 2938183 -2.11419847e-05 0.5 p1 41334 6
3152 24344599 m2 2136389 -0.000112839909 0.5 p1 41361 6
6028 24362744 m2 4148989 -0.00202631275 0.5 p1 41403 6
3424 24373954 m2 2305316 -7.95165533e-08 0.5 p1 41428 6
2493 24387528 m2 1685765 -0.000710287655 0.5 p1 41458 6
2328 24390945 m2 1574508 -0.00122790644 0.5 p1 41466 6
6678 24391463 m2 4582691 -0.00029088615 0.5 p1 41467 6
174 24396882 m2 112701 -1.35687769e-05 0.5 p1 41479 6
4185 24407649 m2 2839391 -2.26691259e-06 0.5 p1 41503 6
2791 24414924 m2 1899526 -9.37922124e-15 0.5 p1 41519 6
1258 24417366 m2 854058 -0.00276927394 0.5 p1 41524 6
276 24430897 m2 175223 -9.3820825e-05 0.5 p1 41554 6
5686 24434781 m2 3885917 -8.93653009e-07 0.5 p1 41563 6
5519 24443423 m2 3765149 -9.60382618e-09 0.5 p1 41583 6
3509 24447406 m2 2370668 -3.3894554e-07 0.5 p1 41592 6
4228 24449379 m2 2872492 -2.10039034e-05 0.5 p1 41596 6
6926 24451458 m2 4758837 -4.75789903e-07 0.5 p1 41601 6
294 24462371 m2 182971 -3.59166134e-11 0.5 p1 41626 6
388 24473634 m2 245934 -5.32747181e-05 0.5 p1 41650 6
3561 24475294 m2 2417135 -4.87256768e-09 0.5 p1 41654 6
4530 24480959 m2 3092785 -2.67891828e-05 0.5 p1 41667 6
2679 24483395 m2 1817189 -3.20882201e-08 0.5 p1 41672 6
6368 24486881 m2 4363431 -6.05040259e-05 0.5 p1 41680 6
4296 24493209 m2 2920435 -8.52414944e-11 0.5 p1 41695 6
3633 24501773 m2 2468152 -0.000490147271 0.5 p1 41714 6
5931 24503019 m2 4060294 -0.000325219502 0.5 p1 41717 6
70 24503636 m2 44599 -1.29300297e-05 0.5 p1 41718 6
3125 24512830 m2 2120916 -0.000335202727 0.5 p1 41739 6
4754 24513892 m2 3259322 -2.56234586e-07 0.5 p1 41741 6
4825 24513993 m2 3305253 -1.60119198e-05 0.5 p1 41741 6
1574 24530305 m2 1068729 -3.33378681e-12 0.5 p1 41779 6
334 24540978 m2 208013 -3.29783288e-05 0.5 p1 41802 6
650 24559334 m2 444818 -8.61696608e-05 0.5 p1 41843 6
6476 24560115 m2 4434707 -6.16901962e-05 0.5 p1 41845 6
4766 24562072 m3 3266016 0.00113375299 0.5 p1 41849 6
6091 24575457 m2 4185517 -0.000547189731 0.5 p1 41879 6
754 24575968 m2 516673 -0.000327012793 0.5 p1 41881 6
2655 24589263 m2 1802161 -1.35418334e-08 0.5 p1 41911 6
4438 24591022 m2 3028097 -6.93783932e-06 0.5 p1 41915 6
1438 24601837 m2 982902 -6.88319924e-05 0.5 p1 41940 6
4194 24607027 m2 2844888 -0.000147168583 0.5 p1 41952 6
2620 24607121 m2 1778266 -0.000378165481 0.5 p1 41952 6
3702 24618972 m2 2513703 -0.000785216689 0.5 p1 41980 6
2666 24619981 m2 1808686 -7.3345069e-07 0.5 p1 41982 6
1702 24630319 m2 1167950 -3.8294079e-09 0.5 p1 42006 6
2004 24640687 m2 1370688 -5.26975555e-07 0.5 p1 42030 6
6438 24642353 m2 4404043 -1.00215584e-06 0.5 p1 42033 6
6437 24645704 m2 4403981 -0.00172089005 0.5 p1 42041 6
1799 24650512 m2 1224994 -5.48100672e-07 0.5 p1 42052 6
6886 24668762 m2 4731161 -0.000531309692 0.5 p1 42094 6
168 24677139 m2 109159 -3.85323146e-05 0.5 p1 42113 6
3588 24688225 m2 2435863 -0.00019930485 0.5 p1 42138 6
4769 24692090 m2 3266886 -3.45004264e-05 0.5 p1 42147 6
2474 24705487 m2 1672303 -1.00532756e-10 0.5 p1 42177 6
5638 24708052 m2 3849785 -3.02130647e-05 0.5 p1 42183 6
6147 24710579 m2 4215270 -0.00066389516 0.5 p1 42188 6
2917 24712275 m2 1976059 -8.0103435e-09 0.5 p1 42192 6
3025 24713848 m2 2050253 -0.000123081816 0.5 p1 42195 6
1031 24717710 m2 688556 -5.74244659e-05 0.5 p1 42205 6
1751 24721021 m2 1197476 -0.00218402757 0.5 p1 42212 6
6754 24728060 m2 4639022 -0.000308469404 0.5 p1 42228 6
3269 24728642 m2 2204342 -0.000759065093 0.5 p1 42229 6
6134 24750659 m2 4208712 -0.000235131214 0.5 p1 42279 6
6784 24753685 m2 4663123 -1.86347563e-06 0.5 p1 42286 6
2645 24753816 m2 1797779 -5.61930927e-12 0.5 p1 42286 6
4734 24765443 m2 3246450 -3.01508353e-05 0.5 p1 42313 6
6807 24765903 m3 4679687 0.00383954193 0.5 p1 42313 6
4107 24767359 m2 2783349 -2.02994961e-05 0.5 p1 42316 6
264 24774040 m2 167957 -0.00067169877 0.5 p1 42331 6
5062 24803112 m2 3449414 -2.41235341e-07 0.5 p1 42396 6
4857 24803836 m2 3323298 -9.52970183e-08 0.5 p1 42398 6
4108 24810127 m2 2784164 -1.87023161e-07 0.5 p1 42412 6
695 24811401 m2 477003 -0.000478452333 0.5 p1 42415 6
6644 24823662 m2 4560502 -0.000294121681 0.5 p1 42443 6
5380 24827023 m2 3672466 -7.2690068e-06 0.5 p1 42450 6
5265 24830359 m2 3596860 -1.022373e-06 0.5 p1 42458 6
5918 24835558 m2 4052574 -5.9636659e-05 0.5 p1 42470 6
2223 24838503 m2 1503706 -2.26089895e-07 0.5 p1 42477 6
3206 24842489 m2 2173181 -5.60133969e-07 0.5 p1 42486 6
3555 24844775 m2 2412828 -0.000934913289 0.5 p1 42491 6
372 24845375 m2 236099 -0.000287361909 0.5 p1 42493 6
4493 24846185 m2 3073527 -7.94182488e-05 0.5 p1 42494 6
2544 24849459 m2 1722653 -0.000109497036 0.5 p1 42502 6
4704 24853519 m2 3225336 -6.311692e-07 0.5 p1 42511 6
4951 24857652 m2 3382480 -0.000109574226 0.5 p1 42520 6
5299 24875835 m2 3621297 -0.000537020678 0.5 p1 42562 6
665 24880424 m2 454112 -0.000740460877 0.5 p1 42572 6
1152 24881175 m3 779900 0.00190693687 0.5 p1 42574 6
4756 24887372 m2 3261053 -6.38803103e-05 0.5 p1 42588 6
3556 24888662 m2 2414041 -9.90165638e-09 0.5 p1 42591 6
2772 24889657 m2 1882246 -0.00114720839 0.5 p1 42594 6
6414 24890619 m2 4386585 -9.28867939e-06 0.5 p1 42596 6
6925 24892171 m2 4758117 -1.07129188e-06 0.5 p1 42600 6
4617 24894382 m2 3160845 -9.11656969e-07 0.5 p1 42605 6
1212 24894914 m2 827944 -0.000205273158 0.5 p1 42606 6
5798 24902999 m2 3965466 -1.01650894e-05 0.5 p1 42625 6
900 24913078 m2 613030 -5.12977094e-05 0.5 p1 42648 6
6905 24913378 m2 4740263 -1.30711848e-13 0.5 p1 42649 6
1733 24920219 m2 1187593 -0.000158199575 0.5 p1 42665 6
6912 24935837 m2 4748322 -0.000128079686 0.5 p1 42701 6
5089 24940288 m2 3472598 -2.23259553e-06 0.5 p1 42711 6
918 24950132 m2 629168 -0.000115433955 0.5 p1 42734 6
6489 24954673 m2 4448820 -7.32841386e-07 0.5 p1 42745 6
2212 24962232 m3 1498950 0.000138475225 0.5 p1 42762 6
4186 24969649 m2 2839628 -2.52986556e-05 0.5 p1 42779 6
5482 24971913 m2 3736253 -2.01830153e-05 0.5 p1 42784 6
137 24972112 m2 90934 -2.23959887e-05 0.5 p1 42785 6
5158 24973725 m2 3518359 -0.000818757748 0.5 p1 42789 6
4448 24975045 m2 3036480 -0.00164770067 0.5 p1 42792 6
5401 24976038 m3 3682245 0.00084633159 0.5 p1 42794 6
2814 24978144 m2 1912325 -4.76903951e-05 0.5 p1 42799 6
2142 24980946 m2 1455929 -1.37436091e-05 0.5 p1 42805 6
6775 24981104 m2 4657276 -3.13771841e-17 0.5 p1 42805 6
196 24997330 m2 130114 -0.000285793009 0.5 p1 42843 6
5901 25001566 m2 4040125 -1.37772349e-06 0.5 p1 42853 6
4480 25002672 m2 3062010 -2.76230838e-09 0.5 p1 42855 6
6650 25005073 m2 4564926 -8.54191526e-08 0.5 p1 42861 6
2152 25006024 m2 1463629 -6.80081712e-06 0.5 p1 42863 6
5774 25007559 m2 3947191 -2.70025975e-08 0.5 p1 42867 6
2711 25010340 m2 1836783 -0.000464949757 0.5 p1 42873 6
4835 25015811 m2 3310393 -0.00110371353 0.5 p1 42886 6
6144 25016039 m2 4213560 -0.00136846374 0.5 p1 42886 6
1624 25016296 m2 1109388 -1.17305027e-10 0.5 p1 42887 6
4136 25020271 m2 2804288 -1.30321476e-10 0.5 p1 42896 6
2550 25033204 m2 1725402 -1.03721891e-06 0.5 p1 42925 6
586 25042246 m2 396815 -1.86239176e-05 0.5 p1 42946 6
5159 25042650 m2 3518798 -1.02982149e-05 0.5 p1 42947 6
6939 25043557 m2 4766085 -0.000194690481 0.5 p1 42949 6
7251 25048645 m2 4983114 -9.8787641e-05 0.5 p1 42961 6
6059 25052783 m2 4171288 -0.00109778077 0.5 p1 42971 6
658 25053462 m2 449316 -5.79383741e-05 0.5 p1 42972 6
5840 25053634 m2 3997546 -0.000175942027 0.5 p1 42973 6
5998 25061357 m2 4125041 -3.0349409e-07 0.5 p1 42990 6
1234 25068606 m2 839712 -1.78631183e-06 0.5 p1 43007 6
108 25070505 m2 71645 -0.00263957912 0.5 p1 43011 6
1241 25071954 m2 842540 -2.44370817e-08 0.5 p1 43015 6
719 25084001 m2 490143 -3.78185199e-08 0.5 p1 43041 6
1276 25097370 m2 863486 -0.000258704444 0.5 p1 43072 6
7228 25102146 m2 4971350 -2.17761608e-05 0.5 p1 43082 6
5824 25103207 m2 3987548 -4.42271703e-05 0.5 p1 43085 6
1098 25103488 m2 739346 -3.02886074e-05 0.5 p1 43085 6
2627 25103499 m2 1781900 -5.13414307e-05 0.5 p1 43085 6
6746 25106579 m3 4634330 0.000672930211 0.5 p1 43092 6
4367 25120376 m2 2971557 -5.78707986e-05 0.5 p1 43123 6
6609 25120387 m2 4538697 -2.5350479e-08 0.5 p1 43123 6
3751 25143729 m2 2547062 -3.64371931e-06 0.5 p1 43177 6
1323 25144436 m2 895715 -0.00117188005 0.5 p1 43178 6
2483 25146335 m2 1680795 -7.95922759e-08 0.5 p1 43183 6
2779 25148640 m2 1887864 -0.000105949985 0.5 p1 43188 6
2075 25161059 m2 1415931 -9.32426628e-05 0.5 p1 43216 6
2127 25182771 m2 1447241 -1.6433612e-06 0.5 p1 43266 6
6532 25184723 m3 4482554 0.000946019485 0.5 p1 43270 6
3486 25184989 m2 2350104 -0.00260821404 0.5 p1 43271 6
6186 25189610 m2 4239982 -0.000552413345 0.5 p1 43281 6
1094 25194389 m2 738338 -0.000295735575 0.5 p1 43292 6
2950 25194702 m2 1997146 -2.95238679e-05 0.5 p1 43293 6
6474 25201470 m2 4433695 -5.56951054e-05 0.5 p1 43308 6
49 25206544 m2 31393 -2.08183646e-05 0.5 p1 43320 6
2492 25211246 m2 1685716 -0.00030518297 0.5 p1 43331 6
5308 25215073 m2 3627510 -0.00156051654 0.5 p1 43339 6
3284 25217940 m2 2212840 -0.00125106599 0.5 p1 43346 6
7103 25227383 m2 4882508 -3.87301384e-07 0.5 p1 43367 6
3817 25245781 m2 2595243 -5.8268568e-05 0.5 p1 43409 6
2839 25252596 m2 1929645 -5.63241883e-06 0.5 p1 43424 6
6809 25257006 m2 4682918 -5.48083844e-05 0.5 p1 43434 6
5312 25268549 m2 3629681 -3.7939084e-05 0.5 p1 43461 6
6169 25273105 m2 4228847 -1.63681743e-05 0.5 p1 43472 6
3105 25276083 m2 2107792 -7.49572382e-06 0.5 p1 43479 6
2510 25285940 m2 1698040 -2.66005736e-06 0.5 p1 43500 6
1308 25293449 m2 884904 -1.98148246e-06 0.5 p1 43518 6
110 25296961 m2 72284 -0.00106915378 0.5 p1 43526 6
3480 25297822 m2 2345003 -0.000502477691 0.5 p1 43528 6
1283 25299270 m2 867268 -5.93380501e-05 0.5 p1 43531 6
4147 25301130 m2 2813548 -3.40305242e-08 0.5 p1 43535 6
913 25306461 m2 622374 -0.000601438107 0.5 p1 43547 6
615 25311401 m2 416472 -0.000104328021 0.5 p1 43558 6
4568 25311761 m2 3121874 -3.17355511e-06 0.5 p1 43559 6
2033 25315866 m2 1390054 -0.00012200624 0.5 p1 43569 6
459 25336424 m2 300969 -0.000124919097 0.5 p1 43615 6
6913 25342425 m2 4748572 -0.00133527827 0.5 p1 43629 6
3337 25348027 m2 2250371 -3.30243784e-05 0.5 p1 43642 6
281 25349116 m2 177857 -2.56551311e-06 0.5 p1 43644 6
6465 25356858 m2 4426970 -1.68165659e-08 0.5 p1 43662 6
1194 25359757 m2 815958 -0.00023081855 0.5 p1 43669 6
4250 25359825 m2 2886088 -0.00040558583 0.5 p1 43669 6
4828 25360959 m2 3307743 -4.00480218e-07 0.5 p1 43671 6
5881 25373834 m2 4026895 -1.40874918e-05 0.5 p1 43701 6
2077 25374032 m2 1416216 -0.000111994224 0.5 p1 43702 6
7089 25376117 m2 4871805 -0.000281412125 0.5 p1 43706 6
4182 25412704 m2 2837520 -3.77350466e-06 0.5 p1 43789 6
2264 25415393 m2 1534609 -9.77082454e-05 0.5 p1 43796 6
1807 25419508 m2 1230127 -3.51804351e-06 0.5 p1 43805 6
3719 25430781 m2 2524714 -6.66538544e-05 0.5 p1 43832 6
339 25431233 m2 211642 -5.86492388e-05 0.5 p1 43833 6
3871 25433209 m2 2631470 -3.79362427e-05 0.5 p1 43838 6
3644 25434808 m3 2476657 0.00391024677 0.5 p1 43841 6
6056 25438735 m2 4169879 -0.000225584343 0.5 p1 43851 6
7211 25441080 m3 4961485 0.000150059554 0.5 p1 43856 6
6725 25441773 m2 4615160 -1.03922475e-05 0.5 p1 43858 6
3536 25446638 m2 2397589 -8.07574543e-05 0.5 p1 43869 6
4584 25446716 m2 3133612 -3.97273908e-10 0.5 p1 43869 6
2452 25449081 m2 1655321 -6.73588584e-05 0.5 p1 43875 6
1721 25456376 m2 1182325 -1.82951663e-08 0.5 p1 43892 6
2652 25461508 m2 1800393 -5.43033821e-05 0.5 p1 43904 6
3357 25467372 m2 2265363 -1.48810032e-05 0.5 p1 43918 6
2830 25468502 m2 1925490 -0.00241281651 0.5 p1 43920 6
1525 25470044 m2 1037899 -3.77749274e-07 0.5 p1 43924 6
84 25473210 m2 53163 -0.000553060381 0.5 p1 43931 6
6367 25481001 m3 4362953 0.002105664 0.5 p1 43950 6
4308 25481871 m2 2931463 -0.000323688088 0.5 p1 43952 6
3288 25495305 m2 2215030 -0.000628123642 0.5 p1 43984 6
1863 25496109 m2 1274104 -5.88434195e-05 0.5 p1 43986 6
761 25497371 m2 520393 -3.56087937e-09 0.5 p1 43989 6
483 25497629 m2 313229 -4.54891124e-05 0.5 p1 43990 6
3609 25506209 m2 2451861 -0.000270543009 0.5 p1 44010 6
5671 25517334 m2 3875690 -0.000153828209 0.5 p1 44036 6
4033 25522049 m2 2733016 -0.000968298584 0.5 p1 44047 6
3482 25535213 m2 2345076 -1.33477329e-06 0.5 p1 44078 6
7007 25555142 m2 4821513 -0.00207703211 0.5 p1 44123 6
2953 25560174 m2 2000658 -7.5271586e-05 0.5 p1 44134 6
2345 25563742 m2 1580662 -7.09938977e-05 0.5 p1 44142 6
4076 25570997 m2 2762425 -0.00268366677 0.5 p1 44158 6
2708 25571885 m2 1835883 -0.000594838639 0.5 p1 44160 6
3554 25573032 m2 2410555 -0.000359288213 0.5 p1 44163 6
1551 25581248 m2 1054578 -1.44362343e-06 0.5 p1 44181 6
3761 25583915 m3 2551755 3.00831289e-05 0.5 p1 44187 6
4417 25585196 m2 3005593 -8.38314918e-07 0.5 p1 44190 6
2296 25587630 m2 1556265 -8.91242325e-06 0.5 p1 44196 6
4319 25599091 m2 2939157 -0.000819576962 0.5 p1 44221 6
6339 25608322 m2 4344971 -1.2572932e-22 0.5 p1 44242 6
3899 25623713 m2 2651772 -1.1881732e-06 0.5 p1 44277 6
1322 25627571 m2 895368 -0.000132372807 0.5 p1 44286 6
4931 25629084 m2 3366787 -0.000401987112 0.5 p1 44290 6
5138 25631423 m2 3505434 -0.000536568754 0.5 p1 44295 6
6869 25650595 m2 4717773 -2.50318863e-05 0.5 p1 44340 6
2441 25652686 m2 1642392 -9.84821381e-05 0.5 p1 44344 6
5847 25661895 m2 3999496 -0.000855635095 0.5 p1 44366 6
195 25665743 m2 130024 -0.00396851823 0.5 p1 44375 6
6616 25675309 m2 4545047 -0.000520192261 0.5 p1 44396 6
6403 25678444 m2 4381662 -0.000562873087 0.5 p1 44403 6
6957 25687449 m2 4776050 -0.000388264743 0.5 p1 44424 6
6320 25687545 m2 4333226 -8.60608243e-13 0.5 p1 44424 6
5693 25690290 m2 3893578 -7.57106e-06 0.5 p1 44430 6
2338 25701132 m3 1579626 0.00119263388 0.5 p1 44456 6
4298 25704291 m3 2921669 0.00173889031 0.5 p1 44463 6
6816 25708997 m2 4689295 -1.36853569e-05 0.5 p1 44474 6
854 25710480 m2 585187 -0.000158238065 0.5 p1 44477 6
758 25714018 m2 517676 -7.6146016e-06 0.5 p1 44485 6
3390 25714467 m2 2287954 -1.86410831e-10 0.5 p1 44487 6
1939 25716399 m2 1331953 -0.000232350183 0.5 p1 44491 6
4777 25721511 m2 3271393 -8.07640902e-07 0.5 p1 44503 6
4751 25731382 m2 3257874 -3.09015559e-06 0.5 p1 44526 6
4276 25732113 m2 2909651 -2.34672939e-06 0.5 p1 44528 6
156 25733418 m2 104212 -0.000254618411 0.5 p1 44531 6
4320 25734665 m2 2939945 -1.2182106e-07 0.5 p1 44534 6
1976 25735249 m2 1357336 -6.73007321e-07 0.5 p1 44535 6
1839 25743690 m2 1255609 -0.000232072009 0.5 p1 44555 6
609 25745007 m2 412484 -8.3801438e-12 0.5 p1 44558 6
4399 25765238 m2 2996375 -1.73590433e-05 0.5 p1 44604 6
122 25766780 m2 79122 -0.000780330272 0.5 p1 44608 6
1633 25779585 m2 1114070 -2.706445e-06 0.5 p1 44637 6
7212 25780492 m2 4961552 -2.61615151e-05 0.5 p1 44639 6
5973 25792179 m2 4100016 -4.3926766e-06 0.5 p1 44666 6
2702 25795249 m2 1832316 -0.000342466665 0.5 p1 44674 6
5405 25805634 m2 3686662 -6.66628475e-05 0.5 p1 44698 6
3670 25815786 m2 2492355 -1.46947166e-09 0.5 p1 44723 6
5750 25821262 m2 3933012 -9.83593636e-05 0.5 p1 44736 6
529 25823657 m2 351966 -7.79859621e-10 0.5 p1 44742 6
6249 25841648 m2 4276973 -6.40091166e-05 0.5 p1 44784 6
336 25846947 m2 209578 -0.00203389022 0.5 p1 44797 6
3136 25847373 m2 2125089 -9.5054078e-05 0.5 p1 44798 6
2095 25853113 m3 1425124 0.000468983519 0.5 p1 44812 6
406 25855889 m2 258391 -0.00111533306 0.5 p1 44818 6
6672 25864174 m3 4577418 0.00121160981 0.5 p1 44837 6
2365 25864184 m2 1591256 -0.000239677465 0.5 p1 44837 6
6548 25865570 m2 4494567 -2.56439216e-06 0.5 p1 44840 6
1970 25866522 m2 1352490 -1.45521838e-07 0.5 p1 44842 6
113 25869872 m2 73882 -1.34872769e-09 0.5 p1 44850 6
6730 25881799 m2 4619847 -2.57799502e-06 0.5 p1 44878 6
2551 25885594 m2 1726389 -0.000389579393 0.5 p1 44887 6
315 25887682 m2 191035 -0.000441721466 0.5 p1 44891 6
1096 25902321 m2 738409 -1.25577117e-06 0.5 p1 44925 6
5331 25904070 m2 3641526 -0.000837229134 0.5 p1 44929 6
3027 25909248 m2 2052934 -7.75508524e-05 0.5 p1 44941 6
2659 25912660 m2 1804870 -0.0005881369 0.5 p1 44949 6
5357 25924792 m2 3657732 -1.70737746e-09 0.5 p1 44978 6
3175 25928721 m2 2152706 -0.0032734233 0.5 p1 44987 6
155 25929800 m2 103626 -0.00102228543 0.5 p1 44990 6
430 25948609 m2 277268 -3.30592266e-05 0.5 p1 45034 6
451 25954742 m2 290043 -0.000775562308 0.5 p1 45049 6
1327 25959307 m2 899042 -1.47047613e-05 0.5 p1 45060 6
3954 25963298 m2 2683014 -5.0101545e-07 0.5 p1 45069 6
6107 25967894 m2 4194436 -0.000299501233 0.5 p1 45081 6
6763 25974296 m2 4644820 -1.65594213e-06 0.5 p1 45096 6
4512 25984709 m2 3083296 -0.000897164864 0.5 p1 45121 6
5005 25986786 m2 3419354 -3.11643333e-09 0.5 p1 45126 6
1088 25988650 m2 734720 -0.000517885375 0.5 p1 45130 6
2819 25989727 m2 1918061 -0.000513049948 0.5 p1 45132 6
3963 25993726 m2 2692407 -9.15200144e-06 0.5 p1 45142 6
5491 25999955 m2 3740181 -1.85632928e-06 0.5 p1 45156 6
3646 26007193 m2 2478222 -0.00100875983 0.5 p1 45173 6
6083 26013778 m2 4182875 -0.000129897235 0.5 p1 45189 6
6204 26014229 m2 4249250 -0.000406792504 0.5 p1 45191 6
3910 26021795 m2 2657770 -2.50525113e-06 0.5 p1 45209 6
5326 26028879 m2 3638948 -3.47269679e-06 0.5 p1 45226 6
1872 26034720 m2 1281133 -2.27945984e-05 0.5 p1 45240 6
4411 26037479 m2 3003213 -2.75929605e-14 0.5 p1 45246 6
5818 26039487 m3 3982328 0.00158420426 0.5 p1 45251 6
6594 26044037 m2 4530476 -0.000673637376 0.5 p1 45262 6
5366 26046745 m2 3665732 -5.66778981e-05 0.5 p1 45268 6
634 26050279 m2 430494 -2.85340934e-06 0.5 p1 45277 6
1118 26052851 m2 757414 -9.56889562e-05 0.5 p1 45283 6
7139 26060082 m2 4908873 -3.49309848e-05 0.5 p1 45300 6
2807 26060362 m2 1908582 -3.28538445e-05 0.5 p1 45301 6
1520 26063047 m2 1035002 -0.00135598588 0.5 p1 45307 6
6648 26068453 m2 4564385 -4.9492035e-05 0.5 p1 45320 6
4091 26079303 m2 2774849 -0.000118721415 0.5 p1 45346 6
1145 26082668 m2 774653 -1.87650367e-05 0.5 p1 45354 6
397 26086926 m2 253123 -0.000563651032 0.5 p1 45365 6
5688 26090165 m2 3886723 -0.000465132209 0.5 p1 45372 6
2692 26093262 m2 1825433 -8.89413932e-05 0.5 p1 45380 6
1535 26100223 m2 1042923 -5.01916074e-05 0.5 p1 45397 6
6049 26101893 m2 4165553 -2.3481582e-06 0.5 p1 45401 6
2377 26111224 m2 1599312 -1.9066021e-10 0.5 p1 45424 6
6820 26111954 m2 4691390 -1.7994124e-09 0.5 p1 45426 6
5616 26115536 m2 3834001 -0.000699114986 0.5 p1 45434 6
1010 26117633 m2 679124 -8.71123848e-06 0.5 p1 45439 6
5917 26119937 m2 4050982 -0.000641790975 0.5 p1 45444 6
4262 26122067 m2 2896263 -0.000786438643 0.5 p1 45450 6
4913 26127297 m2 3358977 -0.000883651897 0.5 p1 45462 6
4713 26127598 m2 3232160 -4.6095887e-17 0.5 p1 45463 6
6470 26127787 m2 4432964 -2.65690403e-07 0.5 p1 45463 6
3878 26131364 m2 2638027 -0.00067415589 0.5 p1 45472 6
7121 26135079 m2 4895476 -0.000181834519 0.5 p1 45481 6
697 26135638 m2 478123 -9.78337908e-08 0.5 p1 45482 6
4525 26139390 m2 3089420 -2.75797674e-09 0.5 p1 45491 6
3942 26141649 m2 2676193 -0.000127531937 0.5 p1 45496 6
5637 26144217 m2 3849170 -2.65727886e-06 0.5 p1 45503 6
5625 26154571 m2 3837941 -0.00015610909 0.5 p1 45528 6
1504 26156251 m2 1023954 -0.00109704398 0.5 p1 45532 6
2451 26156678 m2 1654295 -0.000738472037 0.5 p1 45533 6
5276 26163215 m2 3603315 -0.000255422172 0.5 p1 45550 6
6396 26168235 m2 4377781 -0.000822479371 0.5 p1 45563 6
4339 26168648 m2 2952414 -0.000110485453 0.5 p1 45564 6
5860 26172100 m2 4009197 -2.45540804e-07 0.5 p1 45572 6
828 26172983 m2 566756 -8.36554022e-07 0.5 p1 45575 6
5994 26175344 m2 4124439 -0.000382633763 0.5 p1 45580 6
3047 26180960 m2 2072336 -7.60881012e-05 0.5 p1 45594 6
5801 26188079 m2 3967732 -1.36942866e-08 0.5 p1 45611 6
6080 26190470 m2 4179264 -3.23217978e-06 0.5 p1 45617 6
992 26193298 m2 666372 -0.000217523804 0.5 p1 45623 6
3715 26194005 m2 2521156 -8.72366145e-05 0.5 p1 45625 6
2172 26202670 m2 1479944 -5.43987917e-05 0.5 p1 45645 6
6178 26206282 m2 4234779 -7.56420135e-11 0.5 p1 45654 6
1079 26211230 m2 723973 -0.000430781685 0.5 p1 45665 6
700 26218817 m2 480626 -4.40452595e-06 0.5 p1 45683 6
3200 26231670 m2 2171772 -9.64377378e-09 0.5 p1 45713 6
5710 26232874 m2 3905650 -6.21267554e-06 0.5 p1 45716 6
6265 26234371 m3 4289609 0.00266231364 0.5 p1 45720 6
3603 26238180 m2 2447946 -4.04983657e-05 0.5 p1 45729 6
5384 26239140 m2 3674873 -1.02100739e-06 0.5 p1 45732 6
7061 26239845 m2 4851363 -0.000715196773 0.5 p1 45733 6
3883 26243755 m2 2642557 -9.74709619e-05 0.5 p1 45743 6
2123 26249157 m2 1445215 -2.90440548e-05 0.5 p1 45756 6
3619 26250027 m2 2461162 -2.55928535e-05 0.5 p1 45758 6
2503 26258006 m2 1692310 -3.06128722e-09 0.5 p1 45777 6
4333 26258054 m2 2949258 -0.000261412031 0.5 p1 45777 6
709 26260716 m2 484694 -0.00377250789 0.5 p1 45783 6
4759 26265520 m2 3262686 -7.75127555e-05 0.5 p1 45795 6
6094 26266055 m2 4186916 -3.18115235e-05 0.5 p1 45796 6
2347 26267936 m2 1582327 -6.60559308e-05 0.5 p1 45800 6
2473 26268084 m2 1667912 -0.00107436022 0.5 p1 45801 6
5113 26268645 m2 3488209 -4.3170985e-06 0.5 p1 45802 6
7164 26268667 m2 4929631 -1.11574545e-05 0.5 p1 45802 6
6854 26270526 m2 4712085 -0.000203983771 0.5 p1 45807 6
4275 26288356 m2 2908201 -5.91378084e-05 0.5 p1 45851 6
5501 26289587 m2 3748129 -8.42963891e-06 0.5 p1 45853 6
6084 26290634 m2 4182906 -6.25191454e-09 0.5 p1 45856 6
219 26299947 m2 142005 -1.59763602e-09 0.5 p1 45879 6
2029 26300343 m2 1387754 -9.96723148e-09 0.5 p1 45880 6
5338 26308157 m2 3646076 -0.000195824075 0.5 p1 45899 6
5140 26309152 m2 3506546 -0.00148567802 0.5 p1 45901 6
5758 26310536 m2 3937134 -5.33710143e-09 0.5 p1 45904 6
5946 26318383 m2 4079239 -0.000401504745 0.5 p1 45923 6
2549 26318985 m2 1725249 -8.77767974e-08 0.5 p1 45924 6
6146 26332592 m2 4214855 -0.000813564926 0.5 p1 45957 6
474 26343204 m2 307076 -0.00113864534 0.5 p1 45982 6
818 26347376 m2 555351 -6.61136655e-05 0.5 p1 45992 6
3622 26353991 m2 2462210 -2.09180098e-06 0.5 p1 46008 6
793 26356341 m2 542728 -4.38169809e-06 0.5 p1 46014 6
2746 26367645 m2 1863828 -3.05788781e-05 0.5 p1 46040 6
4198 26370976 m2 2851129 -4.02819978e-06 0.5 p1 46048 6
773 26372055 m2 527256 -0.000611347379 0.5 p1 46051 6
4440 26374572 m2 3030897 -0.000128004976 0.5 p1 46056 6
5888 26389902 m2 4029488 -9.20663479e-06 0.5 p1 46092 6
3582 26392501 m2 2433240 -0.000365241081 0.5 p1 46098 6
3541 26404994 m2 2402855 -4.87939189e-07 0.5 p1 46128 6
4651 26419495 m2 3189107 -2.4020455e-08 0.5 p1 46162 6
6181 26420488 m2 4237608 -3.90138257e-06 0.5 p1 46165 6
3835 26421003 m2 2604886 -0.0018355319 0.5 p1 46166 6
4331 26422453 m2 2945794 -0.000329459959 0.5 p1 46169 6
826 26425070 m2 563095 -0.000209292208 0.5 p1 46175 6
2008 26427752 m2 1371672 -1.32055939e-05 0.5 p1 46182 6
5812 26428687 m2 3979660 -2.14720649e-06 0.5 p1 46184 6
910 26433465 m2 618761 -0.0007866862 0.5 p1 46195 6
3376 26434582 m2 2276761 -1.37636187e-06 0.5 p1 46198 6
480 26441828 m2 311166 -1.71297279e-06 0.5 p1 46215 6
5144 26443066 m2 3509753 -1.93004034e-05 0.5 p1 46219 6
2436 26444654 m2 1639251 -4.68237782e-10 0.5 p1 46223 6
6846 26449826 m2 4707382 -1.35673781e-06 0.5 p1 46235 6
2447 26451719 m2 1649706 -9.90302524e-08 0.5 p1 46240 6
1797 26453576 m3 1223996 0.000198030364 0.5 p1 46244 6
1935 26463949 m2 1329508 -0.00103000971 0.5 p1 46269 6
4994 26464064 m2 3409638 -3.37798847e-05 0.5 p1 46269 6
4062 26466836 m2 2750736 -4.73491157e-09 0.5 p1 46276 6
3474 26483482 m2 2340020 -4.60817409e-06 0.5 p1 46316 6
1552 26490885 m2 1054674 -1.42644458e-05 0.5 p1 46333 6
4467 26523058 m2 3050342 -0.000167991573 0.5 p1 46410 6
3655 26524222 m2 2484206 -0.00243387953 0.5 p1 46413 6
943 26524379 m2 641473 -2.87211733e-05 0.5 p1 46414 6
3591 26529870 m2 2438131 -2.85176394e-09 0.5 p1 46427 6
6016 26535753 m2 4141439 -5.83922599e-07 0.5 p1 46441 6
4093 26559304 m2 2776428 -0.00117736636 0.5 p1 46498 6
6089 26562810 m2 4184857 -1.51178778e-10 0.5 p1 46507 6
344 26564785 m2 215915 -7.63625212e-05 0.5 p1 46512 6
699 26565348 m2 479980 -9.09541995e-06 0.5 p1 46513 6
2126 26570309 m2 1446733 -8.3427738e-05 0.5 p1 46525 6
6599 26573538 m2 4531308 -0.000276183913 0.5 p1 46533 6
5574 26574236 m2 3803315 -0.00259877462 0.5 p1 46534 6
4822 26574250 m2 3302736 -0.00021901475 0.5 p1 46534 6
3213 26578499 m2 2176314 -1.13416945e-07 0.5 p1 46545 6
3826 26582569 m3 2599565 0.000474567845 0.5 p1 46555 6
3740 26587108 m2 2539097 -7.65367325e-09 0.5 p1 46566 6
2925 26587985 m2 1981213 -1.37732141e-05 0.5 p1 46568 6
2475 26593430 m2 1674590 -0.000156561393 0.5 p1 46581 6
5313 26595960 m2 3630395 -1.46029109e-07 0.5 p1 46587 6
115 26598423 m2 75453 -0.000669232337 0.5 p1 46593 6
4436 26612178 m2 3025676 -1.43799681e-07 0.5 p1 46627 6
4178 26614805 m2 2831832 -1.30327471e-09 0.5 p1 46633 6
2361 26615459 m2 1589786 -1.26377964e-09 0.5 p1 46635 6
3501 26617498 m2 2362169 -0.00197105412 0.5 p1 46639 6
4739 26617859 m2 3250502 -1.67081635e-05 0.5 p1 46640 6
6592 26618603 m3 4526087 0.00059400039 0.5 p1 46642 6
4632 26622379 m2 3173364 -0.000158878131 0.5 p1 46651 6
3096 26622521 m2 2099782 -0.000310908828 0.5 p1 46652 6
2400 26625444 m2 1615187 -7.33112682e-10 0.5 p1 46658 6
5010 26626009 m2 3421916 -0.000565053604 0.5 p1 46660 6
6100 26637588 m2 4189506 -0.000739918323 0.5 p1 46687 6
7167 26644491 m2 4932438 -2.85294021e-07 0.5 p1 46704 6
5195 26651942 m2 3553505 -0.000380827842 0.5 p1 46722 6
223 26654134 m2 142296 -2.80320073e-05 0.5 p1 46727 6
5047 26654576 m3 3443276 0.000502086186 0.5 p1 46728 6
2053 26655048 m2 1403743 -1.25488796e-05 0.5 p1 46729 6
1930 26657924 m2 1325590 -6.49636661e-07 0.5 p1 46736 6
3290 26664519 m2 2216659 -0.0016257466 0.5 p1 46751 6
7130 26668885 m2 4900695 -1.65512156e-05 0.5 p1 46761 6
2716 26670173 m2 1840958 -4.92988228e-08 0.5 p1 46764 6
4919 26671901 m2 3361306 -0.00051911932 0.5 p1 46768 6
4396 26673315 m2 2993605 -1.32094538e-05 0.5 p1 46772 6
735 26677491 m2 501862 -0.000758588838 0.5 p1 46782 6
5258 26687964 m2 3593796 -0.000520393893 0.5 p1 46807 6
4242 26688165 m2 2879587 -3.78810619e-05 0.5 p1 46807 6
5470 26694057 m2 3728907 -2.47722687e-06 0.5 p1 46822 6
3233 26695077 m2 2187156 -0.000256503758 0.5 p1 46824 6
5694 26704722 m2 3893992 -2.59068293e-05 0.5 p1 46848 6
6715 26710134 m2 4612001 -7.94051991e-10 0.5 p1 46861 6
2880 26713184 m2 1956006 -0.00101413089 0.5 p1 46869 6
6195 26717192 m2 4245386 -0.000931539573 0.5 p1 46879 6
6856 26719884 m3 4712765 0.000122993981 0.5 p1 46885 6
1115 26723182 m2 755096 -0.00127638888 0.5 p1 46893 6
6907 26725514 m2 4743530 -5.08629114e-07 0.5 p1 46899 6
2635 26726581 m2 1787373 -2.99402495e-06 0.5 p1 46902 6
5314 26730543 m2 3630935 -2.61144032e-05 0.5 p1 46912 6
3947 26730795 m2 2678927 -1.92294083e-05 0.5 p1 46912 6
4199 26732162 m2 2851745 -0.00101599132 0.5 p1 46916 6
5183 26742456 m2 3540863 -0.00177553669 0.5 p1 46941 6
2526 26743609 m2 1706632 -1.42436647e-05 0.5 p1 46944 6
3908 26753826 m2 2656868 -0.00176832813 0.5 p1 46970 6
1947 26755974 m2 1339194 -2.66659263e-05 0.5 p1 46975 6
3796 26767669 m2 2581651 -0.00186338148 0.5 p1 47005 6
6235 26768518 m2 4267585 -0.000214955769 0.5 p1 47007 6
158 26774513 m2 105093 -1.53270193e-07 0.5 p1 47022 6
7111 26794774 m2 4886092 -0.000114877068 0.5 p1 47074 6
6068 26805005 m2 4174097 -6.45390946e-06 0.5 p1 47100 6
3951 26806691 m2 2680551 -0.000528028293 0.5 p1 47104 6
5606 26806966 m2 3829262 -0.000213586973 0.5 p1 47104 6
1218 26811982 m2 831816 -0.0012663044 0.5 p1 47117 6
1329 26812623 m2 899359 -9.33329193e-06 0.5 p1 47119 6
1963 26824914 m2 1347714 -0.000252181053 0.5 p1 47151 6
6920 26829543 m2 4754416 -0.000189017082 0.5 p1 47162 6
5021 26830681 m2 3428066 -1.57345966e-07 0.5 p1 47165 6
4309 26836701 m2 2932810 -0.00013137763 0.5 p1 47180 6
7132 26837831 m2 4902734 -2.14737429e-05 0.5 p1 47183 6
4189 26839158 m3 2841082 0.00168551225 0.5 p1 47186 6
4535 26850570 m2 3096180 -0.000233488259 0.5 p1 47215 6
5827 26854159 m2 3989261 -0.00137311989 0.5 p1 47224 6
30 26859130 m2 16328 -0.000494272041 0.5 p1 47236 6
2049 26861306 m2 1402600 -1.24373764e-06 0.5 p1 47241 6
6530 26863994 m2 4481028 -4.12812915e-05 0.5 p1 47248 6
1728 26864109 m2 1185974 -0.000812474231 0.5 p1 47248 6
1723 26866562 m2 1183886 -1.8967663e-05 0.5 p1 47254 6
6941 26874835 m2 4766438 -4.26361839e-06 0.5 p1 47274 6
6697 26884794 m2 4597826 -2.03343589e-07 0.5 p1 47299 6
20 26885400 m2 12333 -0.000181227471 0.5 p1 47301 6
2946 26895006 m2 1994694 -0.000112956535 0.5 p1 47325 6
1398 26895060 m2 953008 -2.19740414e-05 0.5 p1 47325 6
6361 26904879 m2 4359966 -5.82458995e-07 0.5 p1 47351 6
6505 26909485 m2 4460638 -0.00349107035 0.5 p1 47362 6
3110 26910098 m2 2112310 -1.17415839e-05 0.5 p1 47364 6
4664 26915654 m2 3202817 -0.000362443854 0.5 p1 47378 6
7086 26916132 m2 4869493 -1.12870907e-06 0.5 p1 47379 6
4265 26919716 m2 2898184 -9.8479768e-06 0.5 p1 47389 6
3759 26930278 m2 2550591 -0.000213652995 0.5 p1 47415 6
6667 26938125 m2 4574597 -0.000608162896 0.5 p1 47435 6
834 26942883 m2 569505 -2.7962928e-08 0.5 p1 47447 6
6772 26952774 m3 4652698 0.00474027172 0.5 p1 47472 6
3677 26962491 m2 2495484 -0.000431091583 0.5 p1 47496 6
5575 26964682 m2 3806018 -0.000100063378 0.5 p1 47501 6
2386 26968586 m2 1603634 -0.00109424058 0.5 p1 47511 6
2341 26969767 m2 1580257 -0.000156432987 0.5 p1 47514 6
6583 26984923 m2 4520619 -6.32917654e-05 0.5 p1 47552 6
4973 26986019 m2 3395153 -8.8341958e-06 0.5 p1 47555 6
6479 26986690 m2 4439663 -0.000273396523 0.5 p1 47556 6
5791 27002811 m2 3961454 -2.84409343e-05 0.5 p1 47596 6
7156 27009412 m2 4920507 -0.000130644097 0.5 p1 47613 6
3149 27036201 m2 2134258 -0.0014380666 0.5 p1 47680 6
859 27038922 m2 588603 -9.91372644e-07 0.5 p1 47687 6
5003 27040987 m2 3417443 -1.72437287e-09 0.5 p1 47692 6
3243 27057749 m2 2191570 -1.9123604e-06 0.5 p1 47734 6
965 27062144 m3 652463 8.09234698e-05 0.5 p1 47746 6
150 27062971 m2 101528 -0.00192420208 0.5 p1 47748 6
623 27065658 m2 422060 -5.32384588e-11 0.5 p1 47754 6
5490 27069825 m2 3739501 -0.000352913485 0.5 p1 47765 6
1457 27072658 m2 994068 -0.00324423914 0.5 p1 47772 6
1197 27076751 m2 819119 -5.9416725e-06 0.5 p1 47783 6
3278 27077109 m2 2206493 -0.000208406578 0.5 p1 47784 6
5741 27080224 m2 3928365 -0.000103747858 0.5 p1 47792 6
6085 27081045 m3 4183054 0.00100620952 0.5 p1 47794 6
4765 27091730 m2 3265322 -1.42205981e-05 0.5 p1 47822 6
1448 27094978 m2 988539 -8.35958926e-05 0.5 p1 47830 6
6977 27095120 m2 4788108 -0.000402937352 0.5 p1 47830 6
2558 27096290 m2 1733359 -1.11076288e-05 0.5 p1 47833 6
1996 27102926 m2 1366967 -0.00229989854 0.5 p1 47850 6
7207 27104959 m2 4957835 -4.05931387e-05 0.5 p1 47855 6
5950 27122753 m2 4083536 -5.74208316e-05 0.5 p1 47899 6
2120 27122776 m2 1443180 -0.00112235721 0.5 p1 47899 6
3775 27126350 m2 2566242 -0.000532410108 0.5 p1 47909 6
109 27138087 m2 72009 -3.97306831e-05 0.5 p1 47938 6
5269 27138916 m2 3598834 -2.44760031e-05 0.5 p1 47939 6
800 27139497 m2 546934 -1.0846976e-06 0.5 p1 47941 6
1585 27141953 m2 1074765 -0.000312196818 0.5 p1 47947 6
3500 27150348 m2 2359301 -5.14245402e-16 0.5 p1 47967 6
2078 27155658 m2 1416508 -0.000317538506 0.5 p1 47980 6
6546 27157705 m2 4493743 -0.000294477155 0.5 p1 47985 6
7170 27159500 m2 4932902 -1.71369834e-07 0.5 p1 47990 6
3668 27165780 m3 2491942 0.00081351219 0.5 p1 48005 6
4172 27167534 m2 2829114 -0.00041208422 0.5 p1 48009 6
5132 27173973 m2 3502477 -0.000611463969 0.5 p1 48025 6
1379 27175277 m3 940113 0.000310284755 0.5 p1 48028 6
2016 27176973 m2 1375705 -6.65510524e-05 0.5 p1 48033 6
2280 27178133 m2 1547511 -5.17286992e-07 0.5 p1 48036 6
6409 27182101 m2 4384206 -0.00010398119 0.5 p1 48046 6
5267 27212593 m2 3598387 -0.00355133554 0.5 p1 48122 6
2596 27213417 m2 1761892 -0.000428581232 0.5 p1 48124 6
5403 27215804 m2 3685656 -2.33904285e-10 0.5 p1 48131 6
2135 27216821 m2 1451252 -7.47853992e-05 0.5 p1 48133 6
6605 27221636 m2 4533289 -1.87687917e-07 0.5 p1 48145 6
2524 27232949 m2 1706172 -0.000554287864 0.5 p1 48174 6
4266 27235066 m2 2898463 -4.08336209e-09 0.5 p1 48180 6
7052 27240715 m2 4847212 -1.76375227e-06 0.5 p1 48194 6
202 27240992 m2 133086 -0.00018624714 0.5 p1 48195 6
478 27250007 m2 309913 -0.00230240542 0.5 p1 48217 6
5499 27251162 m2 3747966 -2.08298479e-05 0.5 p1 48220 6
2356 27274696 m2 1587418 -0.000631000788 0.5 p1 48278 6
6288 27274708 m2 4307748 -0.00398893282 0.5 p1 48278 6
836 27282155 m3 570326 0.0006088519 0.5 p1 48297 6
145 27282699 m2 96688 -0.00185659132 0.5 p1 48298 6
5 27294227 m2 4180 -0.000171310297 0.5 p1 48328 6
1555 27306966 m2 1058830 -1.65254824e-05 0.5 p1 48360 6
2048 27313104 m2 1402265 -1.36226981e-05 0.5 p1 48376 6
7201 27313732 m2 4954634 -0.00089858711 0.5 p1 48378 6
4878 27321311 m2 3339267 -1.00978423e-06 0.5 p1 48397 6
1482 27330528 m2 1012550 -0.00149981014 0.5 p1 48421 6
7277 27334357 m2 4999608 -0.000736055197 0.5 p1 48430 6
1950 27337206 m2 1342003 -0.000118154523 0.5 p1 48438 6
1423 27342865 m2 971125 -1.12638983e-08 0.5 p1 48452 6
6374 27347956 m2 4366140 -9.58190526e-07 0.5 p1 48465 6
5410 27351089 m2 3690211 -1.2152189e-12 0.5 p1 48473 6
6216 27357262 m2 4256820 -7.84664444e-05 0.5 p1 48488 6
1949 27362407 m2 1341284 -1.52704956e-07 0.5 p1 48501 6
3881 27362686 m2 2640488 -0.000788150355 0.5 p1 48502 6
6003 27387807 m2 4130475 -9.21879064e-07 0.5 p1 48565 6
6057 27389108 m2 4170723 -3.2080552e-06 0.5 p1 48568 6
3295 27390152 m2 2222031 -0.000399529439 0.5 p1 48571 6
3946 27391118 m2 2678634 -0.000235442421 0.5 p1 48574 6
6527 27395825 m2 4477941 -6.64789057e-10 0.5 p1 48586 6
5832 27397838 m2 3992264 -0.000179366136 0.5 p1 48591 6
2392 27412152 m2 1610987 -5.85674843e-06 0.5 p1 48627 6
649 27422220 m2 443903 -1.95931027e-09 0.5 p1 48653 6
1679 27423318 m2 1156125 -0.00132867834 0.5 p1 48656 6
2364 27424073 m2 1590833 -2.28735607e-05 0.5 p1 48658 6
5317 27428778 m2 3632227 -0.00280235941 0.5 p1 48670 6
6360 27430919 m2 4359626 -0.000235448446 0.5 p1 48675 6
1166 27433444 m2 796614 -9.94174934e-06 0.5 p1 48682 6
1734 27436390 m2 1188825 -3.85666644e-05 0.5 p1 48690 6
5221 27448652 m2 3567767 -0.00025053529 0.5 p1 48722 6
4975 27454815 m2 3395809 -0.000115587034 0.5 p1 48738 6
3860 27455789 m2 2624137 -4.21735785e-06 0.5 p1 48740 6
6386 27459297 m2 4372231 -9.48062661e-05 0.5 p1 48749 6
4654 27469419 m2 3190516 -0.00189125491 0.5 p1 48775 6
3824 27476883 m2 2599199 -0.00167879602 0.5 p1 48793 6
2242 27493340 m2 1519198 -5.18941815e-05 0.5 p1 48836 6
2097 27496813 m2 1427138 -1.3962258e-06 0.5 p1 48845 6
1289 27503778 m2 870351 -0.000656112272 0.5 p1 48862 6
2490 27512890 m2 1685345 -0.00231775688 0.5 p1 48885 6
5989 27515226 m2 4113560 -0.000426557148 0.5 p1 48891 6
5478 27524554 m2 3732174 -6.19074115e-07 0.5 p1 48915 6
3354 27526975 m2 2264041 -4.18180298e-06 0.5 p1 48921 6
6848 27529550 m2 4708272 -3.95182542e-06 0.5 p1 48928 6
4908 27529840 m2 3352079 -4.44213953e-07 0.5 p1 48929 6
6654 27555390 m2 4566223 -0.000610472925 0.5 p1 48995 6
5908 27556699 m2 4044421 -3.96644427e-05 0.5 p1 48999 6
7039 27559855 m2 4841362 -1.29412842e-06 0.5 p1 49007 6
3363 27562750 m2 2269371 -0.00192197191 0.5 p1 49015 6
6691 27565502 m2 4593160 -8.70149743e-05 0.5 p1 49023 6
3686 27573970 m2 2503184 -0.000112043439 0.5 p1 49045 6
981 27580629 m2 660595 -3.07243226e-06 0.5 p1 49062 6
4423 27582700 m2 3010569 -7.60060811e-06 0.5 p1 49068 6
991 27582981 m2 666218 -7.56799491e-05 0.5 p1 49068 6
2672 27595295 m2 1813724 -3.93991431e-05 0.5 p1 49101 6
3621 27595911 m2 2462136 -0.0006481366 0.5 p1 49102 6
2646 27605236 m2 1798206 -1.98111757e-05 0.5 p1 49126 6
5776 27608034 m2 3949245 -1.05627146e-10 0.5 p1 49134 6
4057 27608080 m2 2748316 -0.00178373989 0.5 p1 49134 6
1340 27609600 m2 905836 -2.51678557e-06 0.5 p1 49137 6
5114 27610434 m2 3488324 -1.42051857e-13 0.5 p1 49139 6
2024 27611870 m2 1383379 -2.06183781e-08 0.5 p1 49143 6
681 27615274 m2 462642 -0.000102280974 0.5 p1 49152 6
6115 27619430 m2 4201682 -1.59141709e-05 0.5 p1 49163 6
7083 27624183 m2 4868066 -2.28201043e-05 0.5 p1 49175 6
3257 27627801 m2 2199033 -4.37539529e-05 0.5 p1 49184 6
3281 27630067 m3 2210860 0.0032513435 0.5 p1 49190 6
4804 27630555 m2 3293198 -2.18506324e-10 0.5 p1 49191 6
6260 27631506 m2 4285637 -0.00023027815 0.5 p1 49194 6
5324 27631689 m2 3636276 -5.38263157e-05 0.5 p1 49194 6
2966 27633231 m2 2009131 -7.66801168e-05 0.5 p1 49198 6
4377 27640350 m2 2977634 -0.000285648508 0.5 p1 49217 6
1641 27642007 m2 1120917 -1.14532575e-07 0.5 p1 49221 6
5226 27645375 m2 3569771 -7.93879663e-05 0.5 p1 49230 6
1286 27649829 m2 868383 -1.3325772e-06 0.5 p1 49241 6
4053 27652345 m2 2746357 -5.72220415e-05 0.5 p1 49248 6
3081 27660352 m2 2092811 -6.20228957e-06 0.5 p1 49268 6
237 27662282 m2 149247 -3.95511051e-05 0.5 p1 49273 6
6755 27664685 m2 4639417 -0.00012826921 0.5 p1 49280 6
6455 27672287 m2 4422243 -4.38129973e-06 0.5 p1 49300 6
6983 27672696 m2 4793909 -1.69543109e-05 0.5 p1 49301 6
803 27674504 m2 548652 -3.05225853e-06 0.5 p1 49306 6
1309 27676369 m2 886230 -0.000406174688 0.5 p1 49310 6
3462 27677101 m2 2330192 -1.39890499e-08 0.5 p1 49312 6
3045 27679276 m2 2069496 -9.33631839e-07 0.5 p1 49318 6
6278 27684507 m2 4294093 -2.01319672e-08 0.5 p1 49332 6
979 27688137 m2 659558 -0.000266681978 0.5 p1 49341 6
1049 27688381 m2 700289 -0.000468132232 0.5 p1 49342 6
1880 27691792 m2 1286764 -1.39805506e-05 0.5 p1 49351 6
1522 27694752 m2 1035751 -0.00128335122 0.5 p1 49358 6
5789 27695977 m2 3957517 -1.7593291e-05 0.5 p1 49361 6
1109 27704290 m2 751263 -0.000199603222 0.5 p1 49383 6
3986 27708349 m2 2705513 -0.000129242369 0.5 p1 49393 6
1303 27716788 m3 881631 0.000803080853 0.5 p1 49415 6
1013 27718592 m2 679699 -0.00282635493 0.5 p1 49420 6
1601 27722528 m2 1090289 -2.54008519e-05 0.5 p1 49430 6
3111 27724938 m2 2113815 -2.66072607e-06 0.5 p1 49436 6
527 27725658 m2 350818 -3.73470188e-09 0.5 p1 49437 6
2070 27729301 m2 1414205 -0.000335013057 0.5 p1 49447 6
2529 27732755 m2 1709070 -0.00116619584 0.5 p1 49455 6
889 27741415 m2 605781 -9.55692144e-07 0.5 p1 49478 6
4659 27746317 m2 3195961 -0.000376943906 0.5 p1 49491 6
3052 27748107 m2 2076611 -2.40402456e-16 0.5 p1 49495 6
755 27751246 m2 517107 -1.90567098e-05 0.5 p1 49504 6
6325 27753096 m2 4338118 -5.75491185e-06 0.5 p1 49508 6
5630 27767850 m2 3843612 -8.08178629e-06 0.5 p1 49546 6
6541 27769761 m2 4488005 -0.00308043906 0.5 p1 49551 6
4962 27771485 m2 3390243 -1.77041382e-09 0.5 p1 49555 6
5857 27774651 m2 4006107 -0.000443555851 0.5 p1 49564 6
5743 27777203 m2 3928810 -0.000192439416 0.5 p1 49570 6
2879 27789263 m2 1955504 -5.8383273e-07 0.5 p1 49602 6
2751 27789753 m2 1867592 -1.22494139e-08 0.5 p1 49603 6
4748 27794211 m2 3255370 -3.31308684e-07 0.5 p1 49615 6
6293 27794765 m2 4313052 -0.000230995996 0.5 p1 49616 6
725 27797692 m2 493706 -0.000145385391 0.5 p1 49624 6
55 27803935 m2 36557 -0.000982755329 0.5 p1 49641 6
2525 27804627 m2 1706442 -1.83769941e-06 0.5 p1 49643 6
2308 27806846 m2 1565943 -0.00011880487 0.5 p1 49648 6
4364 27809805 m2 2971052 -1.37566649e-05 0.5 p1 49656 6
2764 27821079 m2 1877481 -1.39787417e-07 0.5 p1 49685 6
6871 27821160 m2 4719294 -6.54505347e-05 0.5 p1 49686 6
5179 27829589 m2 3536411 -0.000396108633 0.5 p1 49708 6
6782 27841018 m2 4662113 -0.00227273139 0.5 p1 49738 6
3498 27845254 m2 2356813 -8.77194584e-09 0.5 p1 49749 6
4876 27852891 m2 3337156 -1.48487679e-05 0.5 p1 49768 6
6529 27870623 m2 4479041 -0.000172028769 0.5 p1 49813 6
6369 27876372 m2 4363949 -3.2236624e-08 0.5 p1 49829 6
6537 27891368 m2 4486006 -0.00128551805 0.5 p1 49869 6
2010 27893715 m2 1372637 -4.63142342e-08 0.5 p1 49875 6
5124 27897783 m2 3498379 -3.75300033e-06 0.5 p1 49886 6
5272 27898467 m2 3600214 -5.45137027e-07 0.5 p1 49887 6
1536 27900607 m2 1045283 -2.36158698e-07 0.5 p1 49893 6
3199 27900754 m2 2171310 -0.00101827807 0.5 p1 49893 6
591 27906605 m2 400620 -0.000285076792 0.5 p1 49909 6
3361 27913061 m2 2267437 -1.91426989e-05 0.5 p1 49926 6
5009 27913643 m2 3421416 -0.000512244762 0.5 p1 49927 6
3632 27917998 m2 2467452 -0.00124595698 0.5 p1 49939 6
4860 27922576 m2 3325910 -1.35418509e-06 0.5 p1 49951 6
1012 27926871 m2 679622 -2.56611747e-05 0.5 p1 49962 6
73 27929894 m2 47279 -3.89620254e-06 0.5 p1 49970 6
1000 27932434 m2 671390 -0.000565336028 0.5 p1 49977 6
5972 27946036 m2 4099641 -0.000478974544 0.5 p1 50013 6
2258 27955739 m2 1530109 -0.000205960503 0.5 p1 50038 6
6375 27956281 m2 4366401 -0.000758935232 0.5 p1 50040 6
6027 27956920 m2 4148978 -0.000104318926 0.5 p1 50041 6
3095 27961039 m3 2098896 0.000134870075 0.5 p1 50052 6
3285 27968044 m2 2212867 -1.35514622e-08 0.5 p1 50070 6
6342 27969226 m2 4348307 -3.14555814e-06 0.5 p1 50073 6
5871 27972409 m2 4019382 -3.45439219e-07 0.5 p1 50082 6
802 27977469 m2 547996 -0.00224730233 0.5 p1 50096 6
839 27978825 m2 574016 -0.00069872319 0.5 p1 50099 6
7187 27980479 m2 4943302 -0.000261835463 0.5 p1 50103 6
2565 27980679 m2 1736333 -0.000127312145 0.5 p1 50104 6
2637 27982434 m2 1788102 -4.6018944e-05 0.5 p1 50108 6
3274 27995926 m2 2205801 -0.000856345112 0.5 p1 50144 6
4001 27998317 m2 2714287 -3.71831775e-05 0.5 p1 50150 6
705 28001750 m2 484091 -0.000414190377 0.5 p1 50160 6
696 28014307 m3 477678 5.69906979e-06 0.5 p1 50193 6
5862 28021567 m3 4010474 0.0018418812 0.5 p1 50212 6
6971 28022650 m2 4783317 -0.000269522861 0.5 p1 50215 6
4392 28028149 m2 2989855 -1.01614669e-05 0.5 p1 50229 6
6317 28040612 m2 4332098 -1.24087833e-08 0.5 p1 50262 6
972 28043164 m2 656973 -4.84957345e-05 0.5 p1 50269 6
6095 28051992 m2 4187137 -4.4031645e-09 0.5 p1 50292 6
6734 28054041 m2 4623014 -0.000115210227 0.5 p1 50298 6
2122 28054186 m2 1444294 -6.66495034e-05 0.5 p1 50298 6
6159 28058641 m2 4223736 -0.000125208098 0.5 p1 50310 6
5207 28070929 m2 3561018 -0.000340871309 0.5 p1 50343 6
653 28071001 m2 447007 -0.000110643676 0.5 p1 50343 6
6406 28076278 m2 4383039 -0.000570925535 0.5 p1 50357 6
2220 28077265 m2 1502112 -0.000292612822 0.5 p1 50360 6
4350 28083174 m2 2961892 -5.48881417e-06 0.5 p1 50376 6
4340 28086368 m2 2953730 -3.50287119e-05 0.5 p1 50384 6
4810 28088966 m2 3295816 -8.88778686e-06 0.5 p1 50391 6
7275 28100973 m2 4997808 -0.00242649904 0.5 p1 50424 6
7198 28111036 m2 4953744 -0.000105096158 0.5 p1 50451 6
401 28122436 m2 254738 -2.16045883e-05 0.5 p1 50482 6
2352 28125136 m2 1585642 -2.74848717e-05 0.5 p1 50489 6
5582 28148604 m3 3813502 0.000460126525 0.5 p1 50551 6
6761 28148923 m2 4644552 -1.16469027e-06 0.5 p1 50552 6
1988 28152645 m2 1363958 -0.00166982156 0.5 p1 50561 6
6187 28155810 m2 4241295 -0.00020862557 0.5 p1 50570 6
6646 28163592 m2 4562088 -0.000249937177 0.5 p1 50591 6
6130 28169918 m2 4207411 -5.06298165e-05 0.5 p1 50607 6
1955 28174774 m2 1342907 -1.39624902e-07 0.5 p1 50620 6
3183 28175567 m2 2162660 -0.000905251363 0.5 p1 50622 6
1467 28176835 m2 1002050 -0.000491827959 0.5 p1 50625 6
2316 28183923 m2 1569534 -0.000342955609 0.5 p1 50644 6
6766 28183979 m2 4645903 -2.91108478e-07 0.5 p1 50644 6
5286 28184085 m2 3608442 -2.82013207e-05 0.5 p1 50644 6
4707 28197385 m2 3227048 -4.77969024e-06 0.5 p1 50680 6
1915 28201213 m2 1311733 -0.000448302453 0.5 p1 50690 6
2417 28211002 m2 1625001 -4.56921896e-08 0.5 p1 50717 6
3503 28212525 m2 2362827 -0.000112818459 0.5 p1 50721 6
2818 28226745 m2 1917199 -0.00104953931 0.5 p1 50759 6
805 28228876 m2 549996 -1.03556337e-08 0.5 p1 50765 6
588 28234984 m2 397929 -0.000681382488 0.5 p1 50782 6
2965 28239310 m2 2008957 -4.96894572e-05 0.5 p1 50793 6
4159 28240348 m2 2822806 -5.35831314e-05 0.5 p1 50796 6
5966 28249712 m3 4095402 0.0047457316 0.5 p1 50821 6
1795 28252486 m2 1222874 -6.40022627e-05 0.5 p1 50828 6
5648 28253877 m2 3854549 -5.4658658e-06 0.5 p1 50832 6
2353 28261381 m2 1585790 -3.81867949e-06 0.5 p1 50853 6
2981 28265566 m2 2021337 -1.56973711e-05 0.5 p1 50865 6
2949 28270464 m2 1996370 -0.00012308739 0.5 p1 50879 6
4684 28270793 m2 3212400 -0.00194520073 0.5 p1 50879 6
6897 28273131 m2 4737108 -0.000234315652 0.5 p1 50886 6
5194 28275421 m2 3553422 -0.000270012475 0.5 p1 50892 6
5497 28278404 m2 3743755 -9.80665936e-05 0.5 p1 50900 6
5075 28278617 m2 3461491 -0.000681251404 0.5 p1 50901 6
1346 28280916 m2 911811 -5.80330561e-05 0.5 p1 50907 6
5131 28284829 m2 3502302 -5.32564457e-07 0.5 p1 50917 6
5892 28285965 m2 4032975 -2.48008728e-05 0.5 p1 50920 6
6472 28286936 m3 4433428 0.00409590825 0.5 p1 50923 6
4578 28299836 m3 3128217 0.000497895526 0.5 p1 50957 6
3 28307812 m2 899 -9.39235106e-05 0.5 p1 50978 6
217 28311999 m2 141087 -3.38823447e-05 0.5 p1 50989 6
1789 28318883 m2 1220086 -0.000338480779 0.5 p1 51007 6
4601 28329921 m2 3146518 -1.07500673e-05 0.5 p1 51036 6
5974 28344378 m2 4100266 -0.000598272309 0.5 p1 51075 6
4854 28346099 m2 3321651 -0.000421138393 0.5 p1 51080 6
1425 28357353 m2 972120 -0.00114149333 0.5 p1 51111 6
5563 28360401 m2 3794206 -4.25842472e-06 0.5 p1 51119 6
2583 28366548 m2 1752434 -4.42274068e-05 0.5 p1 51136 6
6786 28370753 m2 4664436 -0.000237494183 0.5 p1 51148 6
875 28371195 m2 595861 -6.27125337e-05 0.5 p1 51149 6
841 28380343 m2 577174 -0.000140605669 0.5 p1 51175 6
6571 28383580 m2 4511589 -1.84993064e-06 0.5 p1 51184 6
3698 28393463 m2 2512394 -0.00313679711 0.5 p1 51211 6
2401 28396167 m2 1615265 -7.96448418e-09 0.5 p1 51219 6
1325 28419834 m2 897687 -0.000419180986 0.5 p1 51284 6
6163 28421761 m2 4225655 -0.000931510935 0.5 p1 51290 6
5887 28428870 m2 4029190 -0.000104379171 0.5 p1 51309 6
5894 28433819 m2 4033476 -0.000542054884 0.5 p1 51322 6
2749 28438981 m2 1866846 -0.000245584233 0.5 p1 51336 6
1812 28440111 m2 1232124 -8.26583273e-05 0.5 p1 51339 6
620 28443338 m2 418844 -3.68490801e-05 0.5 p1 51348 6
5596 28443432 m2 3820936 -3.20746658e-05 0.5 p1 51349 6
97 28445693 m2 64085 -4.86629415e-06 0.5 p1 51355 6
5421 28448450 m2 3700435 -2.92533258e-07 0.5 p1 51362 6
254 28448850 m2 161930 -2.60016964e-06 0.5 p1 51363 6
3342 28450504 m2 2252650 -2.13685653e-05 0.5 p1 51368 6
2920 28456266 m2 1977093 -0.000845609175 0.5 p1 51383 6
2699 28468328 m2 1829166 -0.000196367066 0.5 p1 51416 6
2979 28476715 m2 2020265 -0.000159329531 0.5 p1 51440 6
4449 28477113 m3 3036602 0.000379873905 0.5 p1 51441 6
6428 28477938 m2 4394000 -0.000336380705 0.5 p1 51443 6
6039 28486536 m2 4157827 -7.38340677e-05 0.5 p1 51467 6
1762 28486945 m2 1202354 -1.85763014e-08 0.5 p1 51468 6
856 28498497 m2 586625 -0.000435288792 0.5 p1 51500 6
7240 28500775 m2 4975919 -0.00130594021 0.5 p1 51506 6
3818 28510291 m2 2596229 -5.60621884e-05 0.5 p1 51533 6
2409 28520259 m2 1620172 -3.46023192e-08 0.5 p1 51560 6
6162 28522063 m2 4224954 -0.000101728627 0.5 p1 51565 6
3446 28528870 m2 2321953 -0.000286162132 0.5 p1 51584 6
2494 28531651 m2 1686802 -0.00516529428 0.5 p1 51592 6
7131 28536830 m2 4900787 -1.02366675e-05 0.5 p1 51606 6
1886 28537428 m2 1291918 -7.46435899e-06 0.5 p1 51608 6
3369 28538909 m2 2271459 -0.000480467192 0.5 p1 51612 6
347 28543393 m2 217170 -2.13351668e-05 0.5 p1 51625 6
2972 28544270 m2 2012806 -0.000966352993 0.5 p1 51627 6
2091 28545127 m2 1423818 -0.000107245913 0.5 p1 51630 6
5029 28554203 m2 3430783 -0.000447231752 0.5 p1 51655 6
2066 28555539 m2 1412599 -1.04316999e-08 0.5 p1 51659 6
4993 28557841 m2 3409469 -0.000258531887 0.5 p1 51665 6
881 28577212 m2 600342 -4.38715324e-05 0.5 p1 51720 6
4519 28577923 m2 3084820 -0.000792868552 0.5 p1 51722 6
3780 28578876 m2 2570385 -7.01062891e-05 0.5 p1 51725 6
2872 28578883 m2 1952476 -2.05786018e-05 0.5 p1 51725 6
2274 28579810 m2 1543852 -0.000819108798 0.5 p1 51727 6
3113 28583263 m2 2114184 -0.000720236683 0.5 p1 51737 6
131 28584916 m2 86370 -6.71458156e-06 0.5 p1 51741 6
5212 28587444 m2 3563813 -9.26305574e-07 0.5 p1 51749 6
1586 28587739 m2 1075013 -0.000152807988 0.5 p1 51749 6
6199 28590554 m2 4246547 -0.00176425208 0.5 p1 51757 6
669 28597565 m2 455846 -7.14410788e-08 0.5 p1 51777 6
4270 28600294 m2 2907478 -0.000293972524 0.5 p1 51784 6
2231 28600716 m2 1510764 -6.30299084e-08 0.5 p1 51785 6
1967 28604627 m3 1349429 4.16894682e-06 0.5 p1 51796 6
1580 28605542 m2 1072180 -0.000170876607 0.5 p1 51799 6
6562 28614266 m2 4504935 -0.000177180089 0.5 p1 51822 6
1848 28622459 m2 1261311 -0.000942223298 0.5 p1 51845 6
3483 28626724 m2 2345638 -0.000297371269 0.5 p1 51856 6
6709 28629659 m2 4606972 -0.00119502877 0.5 p1 51864 6
1200 28632987 m2 820117 -0.000183012176 0.5 p1 51873 6
3169 28634610 m2 2148583 -6.82076173e-10 0.5 p1 51877 6
4337 28637982 m2 2952319 -1.13882163e-06 0.5 p1 51886 6
6674 28638299 m2 4578806 -0.00107462634 0.5 p1 51887 6
4021 28639213 m2 2725639 -0.000104700375 0.5 p1 51890 6
5281 28642056 m2 3606150 -0.00222547189 0.5 p1 51898 6
659 28643758 m2 450708 -0.000303139648 0.5 p1 51902 6
4400 28644283 m2 2997029 -0.000153348752 0.5 p1 51904 6
5895 28645380 m2 4035470 -9.08590882e-05 0.5 p1 51907 6
1630 28645809 m2 1113364 -1.15325417e-06 0.5 p1 51908 6
6805 28651251 m2 4679053 -0.000109636021 0.5 p1 51922 6
3254 28658010 m2 2196625 -0.00121198932 0.5 p1 51941 6
4046 28661741 m2 2743713 -0.000211625142 0.5 p1 51950 6
5465 28661896 m2 3726373 -3.08640156e-05 0.5 p1 51951 6
4957 28665402 m2 3386272 -0.000932219729 0.5 p1 51960 6
1248 28673674 m2 847845 -1.74327636e-06 0.5 p1 51982 6
2165 28680658 m2 1473901 -6.00134342e-09 0.5 p1 52001 6
1891 28681341 m3 1297032 0.00109984074 0.5 p1 52003 6
4927 28683780 m3 3365515 3.4139437e-05 0.5 p1 52010 6
4431 28687890 m2 3021704 -2.13456997e-06 0.5 p1 52021 6
5428 28691338 m2 3704951 -0.000193868269 0.5 p1 52030 6
3602 28694074 m3 2447745 6.7761328e-05 0.5 p1 52038 6
5651 28696918 m2 3858281 -1.19688855e-06 0.5 p1 52045 6
6345 28703924 m2 4350375 -0.00125604891 0.5 p1 52065 6
5049 28721835 m2 3444362 -1.27289138e-06 0.5 p1 52114 6
592 28726468 m2 400746 -0.000916090736 0.5 p1 52127 6
1542 28727822 m2 1049709 -0.00094765611 0.5 p1 52131 6
3626 28735601 m2 2464390 -0.000679013203 0.5 p1 52152 6
333 28737074 m2 206287 -6.2872612e-05 0.5 p1 52156 6
1957 28746487 m2 1342954 -0.000611966476 0.5 p1 52182 6
5367 28760603 m2 3665750 -0.000682260958 0.5 p1 52221 6
1492 28761778 m2 1018788 -3.65893538e-05 0.5 p1 52225 6
565 28763195 m2 380757 -5.32034562e-07 0.5 p1 52229 6
6047 28770531 m2 4162290 -0.000477613037 0.5 p1 52250 6
4522 28776059 m2 3086066 -1.28769761e-06 0.5 p1 52265 6
6744 28781213 m2 4629827 -2.65566751e-08 0.5 p1 52279 6
2952 28782751 m3 2000489 3.4547902e-05 0.5 p1 52284 6
996 28782913 m2 668299 -0.000343080697 0.5 p1 52284 6
1619 28789640 m2 1105369 -5.2965268e-05 0.5 p1 52303 6
1664 28792481 m2 1145361 -1.2028634e-05 0.5 p1 52311 6
442 28793477 m3 282523 0.000646989443 0.5 p1 52314 6
3247 28797615 m2 2192825 -7.19859543e-07 0.5 p1 52325 6
221 28801219 m2 142050 -0.000538984081 0.5 p1 52335 6
1290 28802910 m2 871049 -8.89159764e-06 0.5 p1 52340 6
5198 28804553 m2 3555968 -0.0021132112 0.5 p1 52344 6
1210 28806284 m2 826144 -0.000160182521 0.5 p1 52349 6
3091 28810864 m2 2097389 -3.80229225e-12 0.5 p1 52362 6
6735 28810892 m2 4623241 -1.78328023e-07 0.5 p1 52362 6
5248 28811580 m2 3586327 -3.79036865e-05 0.5 p1 52364 6
7066 28813814 m2 4853067 -0.000778691669 0.5 p1 52370 6
1944 28819625 m2 1336992 -8.6502012e-05 0.5 p1 52387 6
2030 28824627 m2 1389524 -0.000137202456 0.5 p1 52401 6
7266 28827844 m2 4990566 -9.03547459e-07 0.5 p1 52409 6
4816 28829142 m2 3300201 -1.18415885e-11 0.5 p1 52413 6
879 28830679 m2 599322 -7.11498842e-06 0.5 p1 52417 6
3840 28837679 m2 2606555 -0.00217550434 0.5 p1 52436 6
2617 28851952 m2 1774395 -5.54278886e-05 0.5 p1 52478 6
1655 28860357 m2 1134818 -0.000207960635 0.5 p1 52502 6
3684 28862534 m2 2501696 -0.0012109814 0.5 p1 52508 6
4967 28865990 m3 3392882 0.0025717942 0.5 p1 52518 6
2232 28869281 m2 1511017 -2.80713812e-06 0.5 p1 52528 6
2187 28885642 m2 1487175 -5.18489687e-05 0.5 p1 52575 6
2687 28886053 m2 1821759 -3.68238034e-07 0.5 p1 52576 6
4496 28891294 m2 3075055 -0.000266164745 0.5 p1 52591 6
5156 28894525 m2 3516977 -3.75144765e-07 0.5 p1 52601 6
2634 28899043 m2 1787323 -0.00217330037 0.5 p1 52613 6
3601 28905546 m2 2447136 -0.000137925701 0.5 p1 52632 6
6677 28909297 m2 4581551 -2.15678497e-08 0.5 p1 52643 6
726 28910310 m2 493875 -0.000173411143 0.5 p1 52646 6
5455 28910338 m2 3721747 -0.000570170989 0.5 p1 52646 6
4335 28914706 m2 2951542 -7.12272085e-05 0.5 p1 52658 6
1767 28920746 m2 1204895 -0.000301847933 0.5 p1 52676 6
4892 28922377 m2 3346261 -2.48063969e-07 0.5 p1 52681 6
1636 28924207 m2 1115998 -1.16059903e-06 0.5 p1 52686 6
2799 28926697 m2 1903466 -4.43274388e-07 0.5 p1 52693 6
6785 28932897 m2 4663548 -0.000807356089 0.5 p1 52711 6
2117 28948595 m2 1441277 -1.17641071e-06 0.5 p1 52755 6
5666 28951509 m2 3874113 -0.000282714027 0.5 p1 52763 6
389 28961003 m2 248502 -0.000654593459 0.5 p1 52789 6
249 28976873 m2 159092 -0.00037081074 0.5 p1 52833 6
1937 28978100 m2 1331429 -9.19151148e-07 0.5 p1 52837 6
5463 28979030 m2 3726197 -1.99389524e-05 0.5 p1 52840 6
132 28979673 m2 87418 -2.28026984e-05 0.5 p1 52841 6
4907 28984836 m2 3351915 -0.000432507426 0.5 p1 52855 6
959 28984875 m2 650532 -0.000347910303 0.5 p1 52856 6
921 28989297 m2 631521 -0.000328376278 0.5 p1 52868 6
1455 28990492 m2 993295 -9.96174822e-06 0.5 p1 52871 6
5960 28993348 m2 4090294 -1.7250788e-05 0.5 p1 52879 6
4506 28995726 m2 3080499 -2.98687496e-06 0.5 p1 52885 6
4098 28997491 m2 2778713 -0.000612176023 0.5 p1 52890 6
3217 28998263 m2 2178913 -0.00227200054 0.5 p1 52892 6
597 29001576 m2 403164 -1.6372918e-06 0.5 p1 52902 6
640 29011989 m2 434518 -5.91993626e-07 0.5 p1 52931 6
6200 29013794 m2 4246660 -5.14960584e-06 0.5 p1 52936 6
1607 29017072 m2 1095372 -5.3776097e-05 0.5 p1 52945 6
6376 29028658 m2 4367153 -1.50267123e-08 0.5 p1 52978 6
3645 29030931 m2 2478173 -2.48610331e-06 0.5 p1 52984 6
265 29031457 m3 168407 0.00157785485 0.5 p1 52985 6
3879 29045377 m2 2638229 -4.1914016e-05 0.5 p1 53025 6
756 29047466 m2 517153 -5.57396488e-05 0.5 p1 53031 6
1977 29051079 m2 1358016 -3.0057965e-08 0.5 p1 53041 6
6103 29056260 m2 4190887 -1.55438772e-06 0.5 p1 53056 6
3802 29057246 m2 2585734 -0.000152564564 0.5 p1 53059 6
1157 29058661 m2 786031 -0.000435965281 0.5 p1 53063 6
5876 29059796 m2 4022525 -2.60788911e-05 0.5 p1 53066 6
4007 29064310 m2 2718306 -2.66450488e-08 0.5 p1 53079 6
901 29067343 m2 613313 -0.0013590696 0.5 p1 53088 6
6274 29071000 m2 4293016 -0.000154456706 0.5 p1 53098 6
5962 29077546 m2 4092189 -6.66407432e-05 0.5 p1 53117 6
6429 29078255 m2 4394288 -3.57913507e-07 0.5 p1 53119 6
4191 29081800 m2 2843730 -1.26448458e-06 0.5 p1 53130 6
6236 29086385 m2 4267721 -9.7279451e-07 0.5 p1 53143 6
3902 29088992 m2 2652496 -0.000182188815 0.5 p1 53150 6
4370 29096688 m2 2973106 -6.09350437e-08 0.5 p1 53172 6
6413 29099627 m2 4386520 -0.00126629323 0.5 p1 53180 6
3613 29106446 m2 2457746 -0.000963378523 0.5 p1 53200 6
2569 29111695 m2 1739930 -8.97630071e-06 0.5 p1 53215 6
4887 29114726 m2 3343329 -0.00159536977 0.5 p1 53224 6
1072 29119218 m2 718702 -0.00019162512 0.5 p1 53237 6
4871 29122026 m3 3332402 0.00104473275 0.5 p1 53245 6
6013 29130545 m2 4138739 -0.00168925198 0.5 p1 53269 6
4466 29130952 m2 3049984 -0.00025228766 0.5 p1 53270 6
2878 29134996 m2 1954087 -1.79346407e-05 0.5 p1 53282 6
1025 29142894 m2 686612 -0.00337306689 0.5 p1 53304 6
4742 29151460 m2 3251569 -0.000830685138 0.5 p1 53329 6
54 29166581 m2 36331 -2.88372894e-06 0.5 p1 53371 6
1451 29175072 m2 990978 -1.42811611e-08 0.5 p1 53395 6
4552 29176934 m2 3107310 -1.10016574e-08 0.5 p1 53400 6
813 29179734 m2 553584 -0.00266018766 0.5 p1 53408 6
4048 29182769 m2 2744420 -3.39913095e-05 0.5 p1 53417 6
3611 29189596 m2 2452957 -2.24155938e-05 0.5 p1 53436 6
7046 29190513 m2 4845322 -0.000170461382 0.5 p1 53439 6
1159 29196952 m2 788290 -0.000999867916 0.5 p1 53456 6
7163 29199825 m2 4926088 -0.000175135981 0.5 p1 53464 6
5154 29200264 m2 3516371 -4.79293298e-12 0.5 p1 53466 6
6108 29201806 m2 4196373 -0.00115813874 0.5 p1 53470 6
6860 29208299 m2 4714837 -0.000921570871 0.5 p1 53489 6
717 29214597 m2 489407 -0.00011594002 0.5 p1 53507 6
345 29225958 m2 216502 -0.000375779899 0.5 p1 53540 6
5502 29227414 m2 3748136 -8.99254155e-05 0.5 p1 53544 6
4141 29229471 m2 2808487 -0.00208516442 0.5 p1 53550 6
3853 29232635 m3 2619915 0.0018794043 0.5 p1 53559 6
2446 29233377 m2 1649311 -0.000973710907 0.5 p1 53561 6
1510 29233763 m2 1028175 -0.000145483558 0.5 p1 53562 6
2625 29240930 m2 1780851 -0.000277271989 0.5 p1 53583 6
631 29244048 m2 428203 -0.000367905945 0.5 p1 53592 6
5790 29246794 m2 3959740 -0.000233453422 0.5 p1 53600 6
301 29252017 m2 186271 -1.90613082e-06 0.5 p1 53615 6
630 29257255 m2 428097 -0.000635699893 0.5 p1 53629 6
562 29261116 m2 375056 -4.85765759e-06 0.5 p1 53640 6
5576 29264109 m2 3806742 -2.73978571e-07 0.5 p1 53648 6
5668 29271505 m2 3875191 -1.00392356e-06 0.5 p1 53669 6
1161 29273066 m2 789119 -1.88437124e-08 0.5 p1 53674 6
4619 29274524 m2 3161948 -0.000596507336 0.5 p1 53677 6
1226 29274818 m2 835468 -4.15574597e-08 0.5 p1 53678 6
1764 29288066 m2 1203031 -0.00029122518 0.5 p1 53715 6
5748 29301810 m2 3931911 -0.000873912068 0.5 p1 53753 6
5734 29302976 m2 3925357 -0.000117944386 0.5 p1 53757 6
1590 29306939 m2 1077822 -1.13973746e-08 0.5 p1 53768 6
5527 29308917 m2 3774114 -2.19130743e-06 0.5 p1 53774 6
6082 29323659 m3 4181444 0.00229465007 0.5 p1 53816 6
6270 29327372 m2 4291328 -8.28708289e-06 0.5 p1 53826 6
6598 29327523 m2 4531258 -6.00992189e-06 0.5 p1 53827 6
7108 29328623 m2 4884806 -7.76354398e-07 0.5 p1 53830 6
6430 29330078 m2 4395940 -3.49785999e-11 0.5 p1 53834 6
5986 29331711 m2 4112202 -0.000767678197 0.5 p1 53838 6
2629 29332096 m2 1783483 -0.000126053521 0.5 p1 53839 6
5521 29343893 m2 3765952 -0.000386440748 0.5 p1 53873 6
2521 29346795 m2 1703812 -0.00130943535 0.5 p1 53881 6
4555 29353860 m2 3109827 -0.000560576445 0.5 p1 53901 6
3170 29354127 m2 2148995 -0.000115017494 0.5 p1 53902 6
4964 29366726 m2 3392443 -3.03324726e-12 0.5 p1 53936 6
924 29369057 m2 632207 -5.87706527e-05 0.5 p1 53943 6
4123 29377117 m2 2794743 -1.60762102e-05 0.5 p1 53966 6
6421 29381385 m2 4391632 -7.9463025e-05 0.5 p1 53978 6
2425 29382291 m2 1632655 -9.09082871e-07 0.5 p1 53981 6
6 29383426 m2 5143 -1.21655603e-05 0.5 p1 53984 6
7183 29386709 m2 4940921 -0.000113540635 0.5 p1 53993 6
2508 29388733 m2 1697102 -1.80392483e-08 0.5 p1 53999 6
6197 29392657 m2 4246075 -0.000509145495 0.5 p1 54011 6
46 29398356 m2 29539 -8.89736111e-05 0.5 p1 54027 6
1439 29407304 m2 983316 -0.00127634581 0.5 p1 54054 6
6168 29411637 m3 4227640 0.00111310207 0.5 p1 54066 6
6790 29416561 m2 4667740 -0.000306574337 0.5 p1 54080 6
3086 29429651 m2 2095702 -2.40854388e-05 0.5 p1 54118 6
3654 29437243 m3 2483087 0.00225158432 0.5 p1 54140 6
262 29440612 m2 166471 -0.000360839447 0.5 p1 54150 6
1481 29452632 m2 1012337 -0.000600822328 0.5 p1 54185 6
3161 29454072 m2 2142229 -2.06106688e-06 0.5 p1 54189 6
686 29457174 m2 467731 -0.00242902944 0.5 p1 54199 6
790 29478279 m2 540911 -0.00183207984 0.5 p1 54261 6
2631 29482356 m2 1784876 -7.20707758e-05 0.5 p1 54273 6
5587 29484500 m2 3816522 -0.000116025483 0.5 p1 54280 6
1002 29486586 m2 673510 -0.00119217578 0.5 p1 54286 6
4376 29492961 m2 2977621 -0.000701657613 0.5 p1 54305 6
378 29494860 m2 240703 -0.00041326668 0.5 p1 54310 6
3624 29496082 m2 2463571 -0.00166588149 0.5 p1 54314 6
6338 29497417 m2 4344669 -0.000622194319 0.5 p1 54318 6
5965 29498748 m2 4095025 -0.000319014303 0.5 p1 54321 6
6645 29508280 m2 4561871 -2.26376091e-08 0.5 p1 54349 6
5970 29510882 m2 4098621 -4.96532326e-09 0.5 p1 54357 6
4237 29513533 m2 2876211 -2.55070081e-05 0.5 p1 54365 6
2273 29522547 m2 1542929 -0.000264600327 0.5 p1 54391 6
3225 29523122 m2 2183534 -8.71797529e-05 0.5 p1 54392 6
3682 29523775 m3 2499370 0.000265886512 0.5 p1 54394 6
5815 29524964 m2 3980729 -0.00033247369 0.5 p1 54398 6
4171 29525897 m2 2828928 -0.000282477704 0.5 p1 54400 6
6268 29531017 m2 4290476 -4.865749e-05 0.5 p1 54415 6
1982 29536346 m2 1361124 -1.8693423e-05 0.5 p1 54430 6
2509 29542709 m2 1697552 -0.00155987975 0.5 p1 54448 6
2547 29544315 m2 1724074 -4.35949078e-05 0.5 p1 54453 6
5611 29545675 m2 3832025 -0.000439643423 0.5 p1 54457 6
4775 29547435 m2 3269863 -0.00130024413 0.5 p1 54462 6
1029 29553747 m2 688242 -1.16903763e-12 0.5 p1 54480 6
4447 29560095 m2 3036226 -0.00304263621 0.5 p1 54498 6
6602 29573587 m2 4532198 -2.06922437e-06 0.5 p1 54536 6
4778 29576026 m2 3272064 -4.66613045e-07 0.5 p1 54543 6
2054 29581116 m2 1403996 -4.69731276e-05 0.5 p1 54557 6
1396 29584702 m2 952094 -9.85355291e-06 0.5 p1 54568 6
781 29592368 m2 534240 -7.46960213e-05 0.5 p1 54590 6
2719 29600624 m2 1845340 -8.21921421e-05 0.5 p1 54613 6
67 29607380 m2 42195 -1.65483125e-05 0.5 p1 54633 6
6986 29607946 m2 4799608 -1.8052657e-06 0.5 p1 54634 6
5321 29612364 m2 3634130 -7.98941073e-07 0.5 p1 54647 6
2160 29629115 m2 1468328 -2.25017866e-05 0.5 p1 54696 6
1869 29631798 m2 1279554 -1.08108061e-05 0.5 p1 54704 6
7019 29635065 m2 4828448 -1.03808657e-06 0.5 p1 54714 6
4873 29636325 m2 3335871 -0.000147472107 0.5 p1 54717 6
1243 29637605 m2 842852 -4.35829061e-05 0.5 p1 54721 6
3072 29641485 m2 2088850 -0.00027897823 0.5 p1 54733 6
2739 29646931 m2 1859087 -3.80067213e-05 0.5 p1 54749 6
3112 29648864 m2 2114072 -9.77646323e-07 0.5 p1 54755 6
323 29653472 m3 199463 0.000298375351 0.5 p1 54768 6
5323 29655566 m3 3635504 0.00294823921 0.5 p1 54774 6
6129 29659804 m2 4207246 -3.09459792e-05 0.5 p1 54787 6
724 29663526 m2 493689 -5.01648356e-05 0.5 p1 54797 6
154 29665719 m2 102983 -2.92991399e-06 0.5 p1 54804 6
4780 29668309 m2 3274189 -0.000750019914 0.5 p1 54811 6
1295 29674922 m2 874287 -1.16565207e-05 0.5 p1 54831 6
5834 29676362 m2 3993675 -1.594335e-06 0.5 p1 54835 6
3335 29676642 m2 2250288 -5.2991235e-14 0.5 p1 54836 6
6042 29686637 m2 4158291 -0.00017854129 0.5 p1 54865 6
2432 29688409 m2 1636805 -0.00187206734 0.5 p1 54870 6
6491 29691609 m2 4451671 -2.26185766e-05 0.5 p1 54879 6
10 29692225 m2 6969 -0.000286814175 0.5 p1 54881 6
5057 29695597 m2 3448356 -0.000474643864 0.5 p1 54891 6
1498 29699281 m2 1022317 -0.000165459351 0.5 p1 54902 6
130 29703681 m2 86202 -0.00012245524 0.5 p1 54914 6
1662 29709242 m2 1141710 -5.80394101e-07 0.5 p1 54931 6
6723 29710377 m2 4614172 -2.1026824e-07 0.5 p1 54934 6
1409 29722572 m2 960046 -7.01821457e-12 0.5 p1 54970 6
2957 29738444 m2 2003509 -5.28734108e-06 0.5 p1 55017 6
3916 29740194 m2 2661466 -1.31188213e-10 0.5 p1 55022 6
5726 29741280 m2 3919017 -8.83330797e-10 0.5 p1 55025 6
1917 29751936 m3 1314506 0.000970516237 0.5 p1 55056 6
1302 29752292 m2 881450 -5.86092028e-05 0.5 p1 55057 6
310 29758280 m2 189367 -0.00024587175 0.5 p1 55074 6
5023 29759673 m2 3429473 -0.000125190258 0.5 p1 55079 6
6670 29761010 m2 4575278 -0.00560112251 0.5 p1 55083 6
764 29761951 m2 521118 -9.16209319e-05 0.5 p1 55085 6
4752 29764690 m2 3258006 -0.000161565971 0.5 p1 55094 6
2835 29766147 m2 1927738 -1.33967058e-06 0.5 p1 55098 6
2797 29769286 m2 1902336 -0.000831430254 0.5 p1 55108 6
3912 29771709 m2 2660185 -0.000991305453 0.5 p1 55115 6
1873 29772396 m2 1281318 -0.00058554922 0.5 p1 55117 6
6102 29773666 m2 4189961 -1.21237872e-05 0.5 p1 55120 6
1207 29779653 m2 823644 -2.79234791e-05 0.5 p1 55138 6
4909 29784087 m2 3353117 -1.38218375e-05 0.5 p1 55150 6
6513 29790513 m2 4467699 -0.000357000361 0.5 p1 55169 6
3520 29792705 m2 2382065 -0.000362810824 0.5 p1 55176 6
5629 29792746 m2 3843582 -2.82743567e-05 0.5 p1 55176 6
3620 29799714 m2 2461588 -3.01397018e-10 0.5 p1 55196 6
2720 29807573 m2 1845491 -3.24727553e-05 0.5 p1 55220 6
3370 29812121 m2 2272269 -0.000627524918 0.5 p1 55234 6
4867 29829380 m2 3330175 -0.00235228031 0.5 p1 55285 6
7020 29830422 m2 4829837 -0.00137900282 0.5 p1 55288 6
2443 29832514 m2 1648565 -1.8400553e-05 0.5 p1 55294 6
5166 29836381 m2 3526795 -0.000468621729 0.5 p1 55306 6
1429 29843795 m2 974332 -2.81472749e-05 0.5 p1 55328 6
5352 29855305 m2 3653870 -2.06023657e-07 0.5 p1 55362 6
3925 29855322 m2 2666316 -1.780598e-05 0.5 p1 55362 6
1435 29856399 m2 981197 -1.57659736e-06 0.5 p1 55365 6
1810 29863691 m2 1231821 -1.74161687e-06 0.5 p1 55387 6
716 29864641 m2 487129 -8.93313313e-07 0.5 p1 55390 6
713 29868259 m2 486912 -2.03318359e-06 0.5 p1 55401 6
1009 29873403 m2 678144 -0.00255336892 0.5 p1 55416 6
982 29880826 m2 660914 -2.84912653e-06 0.5 p1 55439 6
1042 29881123 m2 697191 -0.00415499834 0.5 p1 55440 6
2506 29886594 m2 1695005 -0.000150461099 0.5 p1 55456 6
5738 29900250 m2 3927467 -3.85834619e-06 0.5 p1 55499 6
6131 29901557 m2 4208204 -7.02015723e-06 0.5 p1 55503 6
6717 29906390 m2 4612573 -4.99277292e-07 0.5 p1 55517 6
3063 29906458 m2 2082596 -7.10555378e-06 0.5 p1 55517 6
6881 29911794 m2 4727228 -0.000549888238 0.5 p1 55534 6
6508 29912524 m2 4463450 -0.000706266728 0.5 p1 55536 6
7271 29915918 m2 4995725 -2.4526646e-06 0.5 p1 55546 6
4989 29926532 m2 3407185 -0.000111949652 0.5 p1 55578 6
3420 29926780 m2 2302789 -5.43671774e-07 0.5 p1 55579 6
6610 29927277 m2 4540064 -0.000599916268 0.5 p1 55580 6
5605 29930156 m2 3828702 -2.28617155e-05 0.5 p1 55589 6
7095 29930301 m2 4875898 -0.000307700917 0.5 p1 55590 6
5188 29931474 m2 3549156 -0.00060336676 0.5 p1 55593 6
7263 29932564 m2 4989305 -0.00255372492 0.5 p1 55597 6
3220 29932852 m2 2179878 -0.000711618981 0.5 p1 55598 6
6793 29933393 m2 4669284 -0.00343154534 0.5 p1 55599 6
2756 29937032 m2 1871896 -1.90296823e-11 0.5 p1 55611 6
2497 29937276 m2 1689536 -0.000215765045 0.5 p1 55611 6
3867 29939501 m2 2630245 -3.32960481e-05 0.5 p1 55618 6
990 29942555 m3 665788 0.00195527659 0.5 p1 55627 6
5426 29951868 m2 3704052 -0.00427386863 0.5 p1 55655 6
4125 29954442 m2 2795960 -2.24453593e-08 0.5 p1 55663 6
2725 29954579 m2 1848040 -1.61406115e-05 0.5 p1 55663 6
6002 29963917 m2 4129453 -6.8789559e-05 0.5 p1 55691 6
83 29964890 m2 53129 -3.0914598e-05 0.5 p1 55694 6
1665 29970842 m2 1146295 -1.27099865e-05 0.5 p1 55712 6
5833 29975423 m2 3993529 -0.000372972951 0.5 p1 55726 6
3666 29978386 m2 2490998 -6.09920514e-09 0.5 p1 55735 6
5708 29981785 m2 3904847 -0.000282508612 0.5 p1 55745 6
2202 29986744 m2 1493819 -0.000277500629 0.5 p1 55760 6
4103 29989872 m2 2780125 -0.000999701093 0.5 p1 55769 6
2373 29990956 m2 1597789 -8.91607428e-08 0.5 p1 55772 6
4458 29993691 m2 3041626 -0.00411812821 0.5 p1 55781 6
2041 30000887 m2 1397692 -5.90206173e-06 0.5 p1 55802 6
2418 30001021 m2 1626709 -2.53760888e-08 0.5 p1 55802 6
3628 30001677 m2 2464676 -2.0899166e-05 0.5 p1 55804 6
308 30003653 m2 187714 -0.000729846943 0.5 p1 55810 6
1895 30005515 m2 1298437 -0.000182058386 0.5 p1 55815 6
5100 30006004 m2 3478603 -6.66360665e-06 0.5 p1 55817 6
5061 30011519 m2 3449369 -2.53047074e-06 0.5 p1 55833 6
160 30012927 m2 106328 -0.000173045628 0.5 p1 55838 6
2613 30012997 m2 1771408 -4.38674688e-05 0.5 p1 55838 6
4554 30018128 m2 3109459 -2.76157584e-06 0.5 p1 55853 6
896 30018919 m2 611169 -1.52593926e-09 0.5 p1 55856 6
6752 30031201 m2 4638332 -0.0014674752 0.5 p1 55892 6
1845 30032740 m2 1258917 -4.48565406e-05 0.5 p1 55896 6
4591 30034842 m2 3142024 -0.000563524081 0.5 p1 55903 6
1952 30037706 m2 1342346 -1.3807329e-07 0.5 p1 55911 6
5882 30038909 m2 4027837 -2.96506869e-06 0.5 p1 55915 6
6427 30044776 m2 4393931 -0.00106801477 0.5 p1 55933 6
2326 30046326 m2 1573998 -5.92624872e-07 0.5 p1 55938 6
4471 30046747 m2 3052157 -0.000426193525 0.5 p1 55939 6
7098 30053141 m2 4877267 -4.39043049e-07 0.5 p1 55958 6
5803 30056047 m2 3968565 -6.41257003e-09 0.5 p1 55967 6
1430 30062133 m3 975448 0.00183954136 0.5 p1 55985 6
4148 30064105 m2 2814157 -1.58400053e-05 0.5 p1 55991 6
5347 30084076 m2 3649104 -0.000629345188 0.5 p1 56052 6
6607 30084256 m2 4536035 -0.000329989649 0.5 p1 56052 6
578 30091713 m2 391158 -2.59977787e-05 0.5 p1 56075 6
3773 30095744 m2 2564096 -4.83203792e-07 0.5 p1 56087 6
6789 30096077 m2 4666405 -0.000774887041 0.5 p1 56088 6
505 30101053 m2 335016 -5.23040399e-06 0.5 p1 56103 6
4210 30104221 m2 2857991 -0.000905116438 0.5 p1 56113 6
2087 30113419 m2 1422213 -2.48698684e-09 0.5 p1 56142 6
5503 30114649 m2 3748674 -0.000308167335 0.5 p1 56145 6
4494 30115787 m2 3073822 -0.00013983043 0.5 p1 56149 6
7059 30123666 m2 4851143 -1.69385403e-05 0.5 p1 56173 6
811 30124598 m2 551726 -0.000573860249 0.5 p1 56176 6
6439 30136489 m2 4404784 -0.00494972523 0.5 p1 56212 6
3531 30139742 m2 2394672 -3.42326507e-06 0.5 p1 56222 6
922 30145509 m2 631524 -1.84288922e-07 0.5 p1 56240 6
5111 30152188 m2 3486244 -0.000117179989 0.5 p1 56261 6
3944 30154142 m2 2678058 -0.00123446085 0.5 p1 56267 6
1876 30154434 m2 1282935 -3.9755605e-06 0.5 p1 56268 6
2842 30158989 m2 1931558 -0.000485026627 0.5 p1 56282 6
1653 30166398 m2 1132675 -0.00334710674 0.5 p1 56305 6
3958 30167430 m2 2688056 -6.59372335e-10 0.5 p1 56309 6
6528 30170993 m2 4478644 -0.00282407831 0.5 p1 56319 6
899 30173125 m2 612081 -2.21022816e-07 0.5 p1 56326 6
7174 30181293 m2 4936732 -5.6672161e-07 0.5 p1 56351 6
2866 30181560 m2 1946497 -0.00103960012 0.5 p1 56352 6
4256 30192163 m3 2893503 0.00141984911 0.5 p1 56386 6
5746 30195674 m2 3931208 -1.70851217e-05 0.5 p1 56397 6
2453 30198047 m2 1655698 -0.000994455302 0.5 p1 56404 6
6154 30202493 m2 4220536 -1.35596323e-09 0.5 p1 56417 6
3665 30207809 m2 2490758 -4.82320303e-12 0.5 p1 56434 6
3672 30208940 m2 2493506 -6.49038556e-09 0.5 p1 56437 6
1384 30209057 m2 944849 -1.97407298e-05 0.5 p1 56438 6
1463 30210721 m2 999581 -2.79453088e-05 0.5 p1 56443 6
6467 30214422 m2 4430518 -4.29932015e-06 0.5 p1 56454 6
5565 30215109 m2 3794762 -3.54957047e-05 0.5 p1 56456 6
593 30218313 m2 401839 -0.00114249252 0.5 p1 56466 6
3065 30222686 m2 2085153 -2.66690131e-06 0.5 p1 56479 6
3800 30226824 m2 2584399 -0.000568623422 0.5 p1 56492 6
4940 30227106 m2 3376623 -0.000286208844 0.5 p1 56493 6
7221 30227516 m2 4967940 -0.000961123034 0.5 p1 56494 6
1909 30229166 m2 1307823 -0.00199114368 0.5 p1 56499 6
1196 30232288 m2 817308 -0.000703502854 0.5 p1 56509 6
5280 30234208 m2 3605629 -2.75326206e-09 0.5 p1 56515 6
448 30242366 m2 288119 -0.00137754437 0.5 p1 56540 6
911 30247926 m2 619529 -4.13204252e-05 0.5 p1 56557 6
2116 30249046 m2 1440228 -2.28710974e-06 0.5 p1 56560 6
365 30251762 m2 231368 -0.000849966309 0.5 p1 56568 6
1367 30252195 m2 928189 -5.52389756e-05 0.5 p1 56570 6
405 30254339 m2 257788 -3.00154643e-05 0.5 p1 56577 6
6167 30254948 m2 4227455 -4.66662605e-05 0.5 p1 56579 6
5369 30263066 m2 3665957 -8.47537791e-08 0.5 p1 56604 6
561 30265402 m3 374394 0.00198987406 0.5 p1 56611 6
5890 30266346 m2 4032308 -0.0012791534 0.5 p1 56614 6
1209 30268555 m2 826040 -1.54253121e-05 0.5 p1 56620 6
4697 30273845 m2 3222056 -3.68771907e-06 0.5 p1 56636 6
2823 30274545 m2 1921520 -0.00095686398 0.5 p1 56639 6
6058 30275974 m2 4171103 -7.99185718e-11 0.5 p1 56643 6
6205 30277134 m2 4250158 -2.67418545e-05 0.5 p1 56646 6
704 30277557 m2 482702 -0.000390594185 0.5 p1 56648 6
1862 30288424 m2 1274084 -2.36491651e-05 0.5 p1 56681 6
5344 30288971 m2 3647782 -0.00648319954 0.5 p1 56683 6
1122 30293176 m2 759066 -0.000477961323 0.5 p1 56696 6
2457 30295713 m2 1658174 -7.44983408e-09 0.5 p1 56703 6
2989 30297531 m2 2026900 -6.2950849e-09 0.5 p1 56709 6
3762 30305805 m2 2552550 -0.000249857258 0.5 p1 56736 6
6192 30306198 m2 4244802 -0.00112498458 0.5 p1 56737 6
868 30309174 m2 592164 -0.000534320483 0.5 p1 56746 6
1798 30312904 m2 1224522 -5.02693547e-06 0.5 p1 56758 6
2085 30313216 m2 1421943 -2.10255057e-05 0.5 p1 56759 6
1045 30316546 m2 698451 -5.96096896e-08 0.5 p1 56770 6
769 30318843 m2 524276 -3.31928285e-09 0.5 p1 56777 6
3162 30323819 m2 2142616 -0.000149746236 0.5 p1 56793 6
4612 30325607 m2 3156669 -1.2089597e-06 0.5 p1 56798 6
5620 30325826 m2 3836002 -0.00474338047 0.5 p1 56799 6
6978 30330168 m2 4790758 -0.0001794493 0.5 p1 56812 6
1770 30338452 m2 1206963 -0.000163384539 0.5 p1 56838 6
777 30340905 m2 531482 -6.88009459e-05 0.5 p1 56846 6
4454 30344903 m2 3040331 -1.1194297e-08 0.5 p1 56858 6
6837 30347092 m2 4701173 -0.000198549838 0.5 p1 56866 6
5396 30371255 m2 3680016 -1.25726829e-05 0.5 p1 56942 6
814 30372964 m2 554100 -3.16822877e-07 0.5 p1 56947 6
2662 30374577 m2 1806500 -0.000169152278 0.5 p1 56952 6
384 30374885 m2 244796 -0.00261392258 0.5 p1 56953 6
3320 30375190 m2 2239062 -3.913197e-05 0.5 p1 56954 6
2481 30375209 m2 1679768 -3.49765969e-06 0.5 p1 56954 6
5238 30378828 m2 3579811 -5.24942061e-06 0.5 p1 56965 6
6114 30379456 m3 4200054 0.00253794086 0.5 p1 56967 6
1214 30385828 m2 829232 -0.00208776304 0.5 p1 56987 6
3276 30387042 m2 2205972 -0.00122976 0.5 p1 56991 6
164 30388388 m2 108798 -1.66903921e-11 0.5 p1 56995 6
4579 30395393 m2 3129662 -0.000147441198 0.5 p1 57017 6
6964 30395824 m2 4779917 -7.59587565e-05 0.5 p1 57018 6
275 30397485 m2 174380 -6.51788359e-05 0.5 p1 57023 6
4437 30400040 m2 3026052 -7.90339982e-05 0.5 p1 57031 6
2111 30400152 m2 1438408 -1.33801802e-06 0.5 p1 57031 6
6297 30401819 m2 4319055 -1.30114904e-06 0.5 p1 57036 6
572 30407223 m2 384154 -0.00515024457 0.5 p1 57053 6
3543 30407305 m2 2404749 -0.000667436281 0.5 p1 57053 6
1716 30410362 m2 1177198 -0.000399496028 0.5 p1 57062 6
4581 30425993 m2 3131577 -8.89787586e-08 0.5 p1 57110 6
6303 30426538 m2 4323988 -2.44542935e-06 0.5 p1 57112 6
520 30426791 m2 347077 -0.00405574311 0.5 p1 57112 6
1416 30429790 m2 965888 -2.81342745e-05 0.5 p1 57121 6
4169 30432074 m2 2827655 -2.97872504e-07 0.5 p1 57128 6
395 30438495 m2 251271 -0.000209064223 0.5 p1 57149 6
2323 30442129 m2 1572631 -4.29795977e-09 0.5 p1 57160 6
1936 30442162 m2 1330479 -0.0015518599 0.5 p1 57160 6
7084 30447140 m2 4868407 -3.38662204e-07 0.5 p1 57176 6
6832 30448595 m3 4698593 0.000578407897 0.5 p1 57180 6
6731 30450981 m2 4620127 -1.67760245e-05 0.5 p1 57188 6
6410 30451979 m2 4384558 -1.51562304e-07 0.5 p1 57191 6
5915 30453303 m2 4049429 -0.000720765791 0.5 p1 57195 6
5175 30458145 m2 3535422 -2.66313964e-06 0.5 p1 57210 6
6096 30458202 m2 4188248 -0.0014309067 0.5 p1 57210 6
4577 30465021 m2 3127906 -0.000372024748 0.5 p1 57231 6
944 30468228 m2 641748 -0.000644307176 0.5 p1 57241 6
2496 30478008 m2 1687530 -3.0646337e-08 0.5 p1 57272 6
2590 30479614 m2 1756011 -0.000219095498 0.5 p1 57277 6
2986 30481391 m2 2024513 -0.000392931077 0.5 p1 57283 6
3650 30484774 m2 2481753 -0.000132049958 0.5 p1 57293 6
4644 30491133 m2 3181414 -1.97222607e-06 0.5 p1 57314 6
6182 30497883 m2 4237699 -0.00037364944 0.5 p1 57335 6
263 30500962 m2 167019 -0.000628948794 0.5 p1 57344 6
5121 30502423 m2 3495784 -5.78260479e-05 0.5 p1 57349 6
5552 30504894 m2 3788113 -0.000397253461 0.5 p1 57356 6
468 30508691 m2 304977 -7.31256659e-05 0.5 p1 57369 6
843 30510275 m2 577824 -1.54000063e-05 0.5 p1 57374 6
1772 30511824 m2 1208284 -1.20961977e-06 0.5 p1 57379 6
3519 30512544 m2 2381599 -0.000715726346 0.5 p1 57381 6
5230 30525894 m2 3571030 -0.000631273375 0.5 p1 57423 6
5725 30527663 m2 3918199 -0.000116186202 0.5 p1 57429 6
1881 30531590 m2 1287781 -0.000246367592 0.5 p1 57442 6
5861 30536337 m2 4009880 -1.7721419e-06 0.5 p1 57457 6
6124 30537745 m2 4205956 -0.000711649598 0.5 p1 57461 6
5958 30539399 m2 4088995 -2.64664395e-05 0.5 p1 57467 6
6151 30541104 m2 4218191 -0.00137309427 0.5 p1 57472 6
5275 30557508 m2 3602225 -0.000204658572 0.5 p1 57524 6
1484 30560543 m3 1013197 1.9785808e-05 0.5 p1 57533 6
17 30565197 m2 11385 -0.000159106829 0.5 p1 57548 6
3286 30567506 m2 2213423 -0.000751140411 0.5 p1 57555 6
1948 30569914 m2 1340712 -1.63376353e-05 0.5 p1 57563 6
12 30573126 m2 8687 -1.25748102e-05 0.5 p1 57573 6
6488 30575376 m2 4448801 -3.04183762e-10 0.5 p1 57580 6
3794 30578707 m2 2579953 -0.00218934449 0.5 p1 57592 6
283 30578933 m3 178006 0.000783363823 0.5 p1 57592 6
2440 30580850 m2 1642071 -6.76116179e-05 0.5 p1 57598 6
3957 30583207 m2 2686347 -9.13794702e-06 0.5 p1 57606 6
5854 30586788 m2 4005701 -0.000110501802 0.5 p1 57617 6
3331 30587295 m2 2246859 -0.000166105689 0.5 p1 57619 6
1888 30589697 m2 1294095 -1.93564247e-05 0.5 p1 57627 6
4667 30591222 m2 3204747 -3.53345495e-05 0.5 p1 57632 6
6531 30596484 m2 4481999 -0.000695593597 0.5 p1 57649 6
245 30598151 m2 156442 -4.87645011e-05 0.5 p1 57654 6
799 30598182 m3 546026 0.000582799548 0.5 p1 57654 6
5837 30599783 m2 3996124 -0.000785778742 0.5 p1 57659 6
3534 30600830 m2 2397301 -3.33196084e-08 0.5 p1 57663 6
5699 30602747 m2 3900140 -0.000285813265 0.5 p1 57669 6
2937 30603901 m2 1989206 -5.07050318e-05 0.5 p1 57672 6
962 30604902 m2 651390 -0.00012414364 0.5 p1 57676 6
861 30615630 m2 588964 -1.28947477e-05 0.5 p1 57710 6
2587 30617220 m2 1754878 -0.000986802974 0.5 p1 57716 6
4699 30620329 m2 3224143 -0.000106057756 0.5 p1 57725 6
2677 30623204 m2 1816527 -4.70261002e-05 0.5 p1 57735 6
6792 30623311 m2 4668992 -1.70241705e-07 0.5 p1 57735 6
7126 30632595 m2 4897035 -0.000199662667 0.5 p1 57765 6
3448 30634926 m2 2322134 -0.000191847881 0.5 p1 57772 6
4096 30637653 m2 2777605 -0.000575321435 0.5 p1 57781 6
6780 30638252 m2 4660838 -7.19590098e-05 0.5 p1 57783 6
6639 30639392 m2 4559365 -2.92580489e-06 0.5 p1 57787 6
4281 30639676 m2 2915194 -0.00130069547 0.5 p1 57788 6
694 30645794 m2 475718 -1.10932797e-05 0.5 p1 57808 6
4583 30646807 m2 3133454 -7.93338986e-05 0.5 p1 57811 6
2931 30654173 m2 1987100 -0.000336048077 0.5 p1 57835 6
2992 30659414 m2 2028793 -6.3137154e-06 0.5 p1 57852 6
4722 30664010 m2 3239020 -3.83758161e-05 0.5 p1 57867 6
2192 30665526 m2 1490527 -7.37310813e-07 0.5 p1 57872 6
3431 30665724 m2 2309428 -6.57450028e-06 0.5 p1 57873 6
1035 30675228 m2 691882 -0.000274633581 0.5 p1 57903 6
1534 30691523 m2 1040963 -0.000254750397 0.5 p1 57955 6
3176 30693159 m3 2155905 0.0023343307 0.5 p1 57961 6
1113 30697555 m2 753630 -0.000285646238 0.5 p1 57975 6
6484 30698259 m2 4445976 -0.000839790271 0.5 p1 57978 6
157 30702581 m3 104487 0.00247896696 0.5 p1 57992 6
7245 30710836 m2 4977782 -6.12373769e-05 0.5 p1 58019 6
798 30712658 m2 545984 -0.000123971811 0.5 p1 58024 6
4348 30729136 m2 2960538 -5.25793876e-05 0.5 p1 58077 6
138 30731694 m2 91074 -1.93741089e-05 0.5 p1 58084 6
3119 30732283 m2 2116896 -5.48985142e-08 0.5 p1 58086 6
3180 30736555 m2 2162155 -0.000360973732 0.5 p1 58100 6
4405 30737955 m2 3000404 -3.22103588e-05 0.5 p1 58105 6
2527 30744898 m2 1706657 -1.39029351e-06 0.5 p1 58127 6
4206 30745721 m2 2856204 -2.07745583e-12 0.5 p1 58130 6
544 30746346 m2 363876 -0.00111350545 0.5 p1 58132 6
5853 30750185 m2 4004526 -0.00138847053 0.5 p1 58145 6
1206 30751571 m2 822172 -1.68062838e-11 0.5 p1 58149 6
4482 30752012 m2 3063248 -0.000362962135 0.5 p1 58151 6
3189 30761533 m2 2165156 -0.000171973035 0.5 p1 58182 6
4646 30762991 m2 3183410 -1.95343958e-07 0.5 p1 58187 6
377 30769114 m2 240246 -5.43710712e-06 0.5 p1 58206 6
3037 30773519 m2 2059749 -0.00590304239 0.5 p1 58221 6
7180 30773691 m2 4939767 -0.000405091094 0.5 p1 58221 6
7092 30780421 m2 4873948 -6.78893741e-07 0.5 p1 58243 6
2608 30781448 m2 1768261 -5.59546223e-08 0.5 p1 58246 6
792 30782442 m2 542691 -0.000204751981 0.5 p1 58249 6
2517 30786048 m2 1703228 -9.5505693e-06 0.5 p1 58261 6
7045 30788536 m2 4844272 -1.34114128e-12 0.5 p1 58269 6
1508 30789320 m2 1027526 -4.93115022e-06 0.5 p1 58272 6
2623 30795026 m2 1778877 -6.87111014e-06 0.5 p1 58291 6
2275 30798773 m2 1544002 -0.000813884602 0.5 p1 58303 6
6707 30802801 m2 4606346 -0.000954470423 0.5 p1 58315 6
5518 30810288 m2 3764086 -4.82672658e-05 0.5 p1 58340 6
6888 30811910 m2 4731528 -0.000756777183 0.5 p1 58345 6
7149 30815285 m2 4912529 -0.00104685733 0.5 p1 58356 6
6308 30816818 m2 4329468 -9.10839299e-06 0.5 p1 58361 6
4008 30818314 m2 2718392 -0.000342727173 0.5 p1 58366 6
3187 30818431 m2 2164215 -1.11177496e-06 0.5 p1 58366 6
5105 30820917 m2 3483926 -8.3886036e-05 0.5 p1 58374 6
5054 30823419 m2 3446447 -0.000441998796 0.5 p1 58382 6
942 30824604 m2 641185 -1.30265168e-08 0.5 p1 58386 6
1117 30831296 m2 756965 -4.58915093e-11 0.5 p1 58408 6
2700 30838818 m3 1830858 0.00158377842 0.5 p1 58432 6
5416 30841135 m2 3696071 -0.000232265171 0.5 p1 58440 6
3078 30846049 m2 2091851 -0.00298727653 0.5 p1 58456 6
6137 30846450 m2 4209499 -0.00103720592 0.5 p1 58457 6
752 30848636 m2 515834 -0.000902840169 0.5 p1 58464 6
1381 30852453 m2 942384 -8.75197074e-05 0.5 p1 58477 6
3168 30855665 m2 2148246 -0.000577880535 0.5 p1 58487 6
6074 30856730 m2 4175959 -0.000108776992 0.5 p1 58491 6
88 30858694 m2 56415 -9.20072398e-06 0.5 p1 58497 6
3071 30860393 m2 2088221 -6.81728579e-06 0.5 p1 58502 6
6347 30861112 m3 4350985 3.51408235e-05 0.5 p1 58505 6
5240 30865094 m2 3580232 -5.71012424e-06 0.5 p1 58518 6
1968 30867887 m2 1351726 -0.000687375257 0.5 p1 58527 6
506 30872128 m2 336036 -0.000364886306 0.5 p1 58541 6
6526 30879588 m2 4477590 -1.65260531e-07 0.5 p1 58566 6
2916 30882964 m2 1976010 -0.000426420447 0.5 p1 58578 6
7037 30884988 m2 4840932 -5.78402978e-06 0.5 p1 58584 6
2714 30886648 m3 1839614 0.000783032505 0.5 p1 58590 6
4898 30887526 m2 3347985 -7.41946621e-07 0.5 p1 58593 6
5434 30889258 m2 3707110 -4.30663422e-05 0.5 p1 58599 6
4662 30890152 m2 3202078 -5.52886013e-05 0.5 p1 58602 6
1731 30901770 m2 1186934 -2.35519883e-06 0.5 p1 58640 6
4369 30901984 m2 2972207 -0.000297456951 0.5 p1 58641 6
1914 30915760 m2 1311701 -5.67507486e-05 0.5 p1 58687 6
4085 30919549 m2 2770715 -0.0013284256 0.5 p1 58699 6
5031 30924004 m2 3431152 -0.000167926453 0.5 p1 58714 6
3249 30924151 m2 2193614 -7.10354087e-09 0.5 p1 58714 6
1034 30924482 m2 690689 -6.34260346e-07 0.5 p1 58715 6
1121 30928763 m2 758476 -6.56901684e-05 0.5 p1 58729 6
5571 30929078 m2 3799531 -1.5959624e-07 0.5 p1 58730 6
4473 30935926 m2 3056752 -5.5232241e-09 0.5 p1 58752 6
4545 30936313 m3 3105326 0.000118613403 0.5 p1 58754 6
933 30939330 m2 638610 -0.000384965475 0.5 p1 58764 6
5457 30942606 m2 3722810 -0.00235079462 0.5 p1 58775 6
2537 30943402 m2 1715735 -4.05015817e-06 0.5 p1 58777 6
428 30955343 m2 277190 -1.49611179e-09 0.5 p1 58817 6
5938 30957490 m3 4066293 0.00215617963 0.5 p1 58824 6
5066 30959551 m2 3450338 -1.07081974e-07 0.5 p1 58831 6
75 30962399 m2 48730 -9.50129834e-05 0.5 p1 58841 6
787 30962589 m2 536278 -4.68988247e-07 0.5 p1 58841 6
937 30963353 m2 639854 -0.000322843203 0.5 p1 58844 6
5995 30967853 m2 4124754 -5.89608353e-05 0.5 p1 58859 6
5977 30969905 m2 4100827 -1.69187704e-08 0.5 p1 58866 6
261 30976847 m2 165024 -0.000307582173 0.5 p1 58889 6
1889 30978057 m2 1295693 -0.00390630821 0.5 p1 58893 6
5505 30978971 m2 3750689 -5.79169537e-05 0.5 p1 58896 6
635 30980287 m2 431920 -6.70529587e-08 0.5 p1 58900 6
3774 30981585 m2 2564814 -2.32729781e-05 0.5 p1 58904 6
6767 30995859 m2 4646105 -0.000210846774 0.5 p1 58951 6
4102 30996076 m2 2780118 -1.08580468e-06 0.5 p1 58952 6
342 30997581 m2 213294 -0.000492116611 0.5 p1 58957 6
4969 30998174 m2 3393729 -0.000729132851 0.5 p1 58959 6
953 30999625 m2 646505 -0.00045839863 0.5 p1 58964 6
368 31003829 m2 233407 -4.6435387e-05 0.5 p1 58978 6
7040 31007559 m2 4841436 -0.00366198178 0.5 p1 58990 6
85 31010115 m2 54664 -6.10029747e-05 0.5 p1 58999 6
415 31012664 m2 265445 -0.000408919033 0.5 p1 59007 6
4260 31024954 m2 2894684 -0.00136725814 0.5 p1 59050 6
698 31028043 m2 478312 -0.000373297109 0.5 p1 59060 6
2561 31032956 m2 1735198 -0.000789327838 0.5 p1 59077 6
1620 31033653 m2 1106204 -0.00172878115 0.5 p1 59079 6
5022 31038662 m2 3429182 -0.000541030313 0.5 p1 59096 6
1169 31041174 m2 798674 -0.000375381875 0.5 p1 59104 6
94 31046352 m2 60866 -4.0092038e-10 0.5 p1 59122 6
203 31048818 m2 133512 -3.98469915e-08 0.5 p1 59130 6
5199 31055205 m2 3556015 -0.00405119592 0.5 p1 59152 6
5823 31056365 m2 3987482 -0.000569934258 0.5 p1 59156 6
4086 31056663 m2 2771474 -0.000190918872 0.5 p1 59157 6
5203 31065833 m2 3558466 -1.31096167e-09 0.5 p1 59188 6
4304 31066738 m2 2930457 -0.00013891235 0.5 p1 59191 6
3177 31068438 m2 2158568 -6.27923964e-06 0.5 p1 59197 6
2930 31069855 m3 1986289 0.000287714123 0.5 p1 59202 6
403 31073484 m2 257150 -5.82405792e-18 0.5 p1 59214 6
4087 31073587 m2 2772906 -6.59256739e-06 0.5 p1 59215 6
6680 31075350 m2 4584173 -2.13871044e-05 0.5 p1 59221 6
5624 31076820 m2 3837352 -1.42196285e-07 0.5 p1 59226 6
1656 31080257 m2 1134909 -0.000765172823 0.5 p1 59238 6
3913 31083319 m2 2660374 -3.33983953e-05 0.5 p1 59248 6
2936 31085056 m2 1988624 -0.00248332648 0.5 p1 59254 6
2573 31085669 m2 1742434 -1.05122888e-09 0.5 p1 59256 6
1754 31086938 m2 1198887 -2.90451553e-05 0.5 p1 59260 6
2201 31089249 m2 1493805 -3.35147771e-10 0.5 p1 59268 6
7231 31089633 m2 4971655 -1.2866094e-05 0.5 p1 59269 6
210 31092551 m2 137730 -0.00143339403 0.5 p1 59279 6
5335 31097969 m2 3644942 -9.88457032e-05 0.5 p1 59297 6
2906 31103702 m2 1971517 -4.00069257e-06 0.5 p1 59316 6
5647 31118519 m2 3853866 -2.84573019e-07 0.5 p1 59365 6
270 31119597 m2 171043 -1.96213259e-05 0.5 p1 59369 6
6391 31139775 m2 4374469 -2.53310327e-06 0.5 p1 59437 6
2146 31144226 m2 1458657 -0.00293026329 0.5 p1 59452 6
1548 31150491 m2 1051596 -1.61394667e-07 0.5 p1 59473 6
5444 31153003 m2 3712229 -0.00214544265 0.5 p1 59482 6
5303 31158707 m2 3621817 -5.950168e-08 0.5 p1 59501 6
2922 31160196 m2 1978352 -7.41025506e-05 0.5 p1 59505 6
5142 31164652 m2 3508946 -0.000157019167 0.5 p1 59521 6
1998 31167077 m2 1368395 -0.000685764418 0.5 p1 59529 6
5639 31168784 m2 3849984 -5.73196012e-05 0.5 p1 59535 6
558 31170981 m3 373394 0.00118978263 0.5 p1 59542 6
2697 31171133 m3 1827905 0.000836163876 0.5 p1 59543 6
2802 31174944 m2 1905717 -0.000984503073 0.5 p1 59556 6
4724 31174998 m2 3240605 -1.57424929e-05 0.5 p1 59556 6
7188 31176903 m2 4946430 -2.80643926e-05 0.5 p1 59562 6
7100 31186692 m2 4878128 -2.66923166e-06 0.5 p1 59596 6
6309 31187177 m2 4329927 -0.000280879263 0.5 p1 59597 6
5673 31188222 m3 3877237 0.00189791201 0.5 p1 59601 6
7143 31190463 m2 4909962 -0.00137195352 0.5 p1 59608 6
6119 31199241 m2 4202646 -1.18255491e-06 0.5 p1 59639 6
845 31199667 m3 579611 0.00274759135 0.5 p1 59640 6
5493 31202885 m2 3741406 -2.50839621e-05 0.5 p1 59651 6
499 31212985 m2 332691 -0.000262883405 0.5 p1 59686 6
2755 31215677 m2 1870235 -0.000232481267 0.5 p1 59695 6
3928 31218193 m2 2668107 -3.39572798e-05 0.5 p1 59704 6
4488 31218540 m2 3067078 -5.60539193e-05 0.5 p1 59705 6
6412 31220726 m2 4386057 -4.5991402e-07 0.5 p1 59712 6
2760 31231670 m2 1874351 -4.74290918e-09 0.5 p1 59750 6
6509 31233165 m2 4464486 -6.30611248e-05 0.5 p1 59755 6
3238 31239340 m2 2189557 -0.000465560879 0.5 p1 59777 6
1471 31241199 m2 1005551 -8.43447712e-09 0.5 p1 59783 6
5874 31241654 m2 4021419 -3.51348206e-07 0.5 p1 59785 6
3631 31254700 m2 2465729 -5.05790132e-10 0.5 p1 59829 6
5724 31258151 m2 3916603 -9.37073596e-12 0.5 p1 59841 6
1412 31260123 m2 962767 -0.000332462834 0.5 p1 59848 6
2346 31260574 m2 1581660 -2.27265482e-05 0.5 p1 59849 6
711 31260905 m2 486032 -0.00177709002 0.5 p1 59850 6
3041 31262278 m2 2062653 -0.00018482632 0.5 p1 59855 6
3398 31263329 m2 2290140 -0.00326769752 0.5 p1 59858 6
3845 31264385 m2 2612002 -0.000196894704 0.5 p1 59862 6
4729 31267878 m2 3243347 -0.000284712733 0.5 p1 59873 6
763 31271130 m2 520996 -0.000849026896 0.5 p1 59884 6
2909 31273023 m2 1972057 -0.000362525432 0.5 p1 59890 6
4268 31273446 m2 2901244 -0.00186256028 0.5 p1 59891 6
1178 31275455 m2 803165 -7.34520768e-07 0.5 p1 59898 6
4894 31283318 m2 3346872 -2.15440969e-06 0.5 p1 59926 6
3949 31284229 m2 2679226 -6.91020177e-05 0.5 p1 59929 6
5654 31287317 m2 3860886 -0.000281337532 0.5 p1 59939 6
3968 31292024 m2 2693510 -2.44004896e-05 0.5 p1 59955 6
5126 31292870 m2 3500995 -0.00187321089 0.5 p1 59958 6
1922 31293414 m2 1317130 -1.04571272e-05 0.5 p1 59960 6
637 31297111 m2 432586 -0.00044095653 0.5 p1 59973 6
547 31298393 m2 366056 -6.19533125e-07 0.5 p1 59977 6
7148 31299375 m2 4912042 -3.63905383e-05 0.5 p1 59981 6
1579 31303544 m2 1071770 -1.21226685e-06 0.5 p1 59995 6
5056 31308227 m2 3447161 -6.49247568e-06 0.5 p1 60010 6
4622 31315392 m2 3164748 -2.35287052e-06 0.5 p1 60035 6
515 31315851 m2 341944 -3.49289439e-06 0.5 p1 60037 6
7009 31316442 m2 4822754 -1.95997177e-06 0.5 p1 60039 6
3755 31317423 m2 2548880 -9.09753112e-07 0.5 p1 60042 6
5420 31322529 m2 3700369 -1.88834781e-06 0.5 p1 60060 6
3936 31323626 m2 2671590 -6.19927305e-05 0.5 p1 60064 6
7200 31326609 m2 4954620 -0.000216477682 0.5 p1 60074 6
1578 31332741 m2 1070943 -4.17889896e-06 0.5 p1 60096 6
5311 31333167 m2 3629663 -0.000867631694 0.5 p1 60098 6
2299 31333758 m2 1559253 -6.88101682e-06 0.5 p1 60100 6
5913 31334297 m2 4049074 -0.000401375582 0.5 p1 60102 6
5041 31341336 m2 3441931 -0.000830595265 0.5 p1 60127 6
2005 31343803 m2 1370972 -5.40531764e-05 0.5 p1 60136 6
4805 31344656 m2 3294024 -1.9266264e-07 0.5 p1 60139 6
2534 31355657 m2 1714836 -1.06095047e-06 0.5 p1 60178 6
317 31360309 m2 193869 -1.56416718e-07 0.5 p1 60194 6
3615 31367063 m2 2458570 -0.00109954271 0.5 p1 60219 6
3637 31369000 m2 2470165 -2.14867232e-05 0.5 p1 60226 6
6422 31376793 m2 4391955 -0.000351888186 0.5 p1 60253 6
950 31377099 m2 644556 -0.00028577901 0.5 p1 60254 6
5411 31379636 m2 3691385 -4.22373378e-05 0.5 p1 60263 6
860 31380659 m2 588631 -9.47155513e-06 0.5 p1 60266 6
3229 31392390 m3 2185153 0.000219029273 0.5 p1 60309 6
3873 31394639 m2 2633522 -6.84316256e-05 0.5 p1 60317 6
1156 31395628 m2 785939 -6.77553398e-05 0.5 p1 60320 6
1865 31396990 m2 1275596 -3.003446e-05 0.5 p1 60325 6
460 31406015 m2 301379 -0.000383709033 0.5 p1 60358 6
7233 31411599 m2 4972297 -0.00053395849 0.5 p1 60378 6
497 31424660 m2 332252 -1.97602799e-06 0.5 p1 60424 6
2246 31428196 m2 1521914 -1.00351758e-06 0.5 p1 60437 6
6642 31432746 m2 4560287 -6.86598942e-05 0.5 p1 60453 6
3259 31433320 m2 2200525 -4.86576355e-05 0.5 p1 60455 6
6399 31436321 m2 4378744 -1.99017722e-06 0.5 p1 60466 6
295 31438814 m2 184827 -0.0017035139 0.5 p1 60475 6
7165 31440578 m2 4930267 -1.70517324e-05 0.5 p1 60482 6
4576 31440797 m2 3127288 -0.000256571017 0.5 p1 60483 6
4486 31441113 m2 3066352 -0.00049726828 0.5 p1 60484 6
3530 31449845 m2 2392001 -0.00178468484 0.5 p1 60516 6
977 31455907 m2 658936 -1.63887694e-06 0.5 p1 60538 6
3239 31455973 m2 2189712 -0.000303948502 0.5 p1 60538 6
3749 31457456 m2 2546510 -0.000142513702 0.5 p1 60543 6
2911 31466376 m2 1973914 -0.000494448061 0.5 p1 60575 6
6388 31466660 m2 4372867 -6.42991363e-05 0.5 p1 60576 6
598 31468657 m2 403164 -0.00335624442 0.5 p1 60583 6
4273 31474388 m2 2907935 -0.000143426441 0.5 p1 60604 6
626 31483051 m2 423518 -0.00293687289 0.5 p1 60635 6
779 31483703 m2 533327 -0.000228128178 0.5 p1 60638 6
3261 31488083 m2 2201158 -1.85894373e-06 0.5 p1 60654 6
4946 31490413 m3 3379505 0.000571931247 0.5 p1 60661 6
5262 31493121 m2 3596215 -6.97799845e-15 0.5 p1 60671 6
5446 31498753 m2 3712435 -0.000218998481 0.5 p1 60691 6
7054 31500475 m2 4849101 -1.0393308e-05 0.5 p1 60697 6
6041 31501100 m2 4157927 -0.00136191305 0.5 p1 60700 6
3447 31501736 m2 2322066 -0.000362932158 0.5 p1 60702 6
1821 31501748 m2 1238792 -0.000153356843 0.5 p1 60702 6
5257 31506824 m2 3592649 -4.78388392e-05 0.5 p1 60721 6
2923 31508720 m2 1979046 -0.00143609499 0.5 p1 60728 6
1981 31515098 m2 1360771 -3.81809368e-05 0.5 p1 60751 6
5052 31519762 m3 3445658 0.00514335884 0.5 p1 60768 6
1391 31520794 m2 949163 -4.15440882e-05 0.5 p1 60771 6
3683 31534084 m2 2501605 -3.46649904e-05 0.5 p1 60819 6
6081 31539110 m2 4179663 -0.0022979239 0.5 p1 60837 6
4315 31540701 m2 2935825 -0.000124606537 0.5 p1 60842 6
4028 31543842 m2 2730113 -0.000302532513 0.5 p1 60853 6
606 31545287 m2 409377 -0.000488882652 0.5 p1 60859 6
7096 31546591 m2 4876693 -1.46448956e-05 0.5 p1 60864 6
3287 31552228 m2 2213767 -1.34969714e-05 0.5 p1 60885 6
4643 31553365 m2 3180738 -6.22747439e-06 0.5 p1 60889 6
2539 31556555 m2 1717283 -0.00154873193 0.5 p1 60901 6
4272 31562048 m2 2907785 -1.85835734e-06 0.5 p1 60921 6
4529 31564776 m2 3092739 -7.67959227e-06 0.5 p1 60932 6
6498 31565177 m2 4455376 -0.000693844282 0.5 p1 60933 6
4714 31565938 m2 3233199 -0.00166059134 0.5 p1 60936 6
1539 31566727 m2 1047160 -0.00232198648 0.5 p1 60939 6
7050 31567571 m2 4846953 -0.00169058435 0.5 p1 60942 6
123 31576040 m2 81000 -4.1601958e-10 0.5 p1 60973 6
3813 31579342 m3 2591824 0.00102582423 0.5 p1 60985 6
4623 31588217 m2 3165054 -0.000511317048 0.5 p1 61017 6
1146 31593787 m2 775192 -0.00118452031 0.5 p1 61037 6
5712 31594035 m2 3907861 -0.000496692199 0.5 p1 61038 6
825 31618236 m2 562249 -1.2696697e-08 0.5 p1 61128 6
5676 31619627 m2 3878082 -0.000227653669 0.5 p1 61132 6
1902 31622303 m2 1301876 -8.52361409e-05 0.5 p1 61142 6
5228 31623050 m2 3570305 -0.000100237194 0.5 p1 61145 6
5800 31624645 m2 3967029 -9.68476161e-05 0.5 p1 61151 6
7216 31634348 m2 4964894 -0.000421892968 0.5 p1 61187 6
1511 31637035 m2 1029327 -1.8616485e-09 0.5 p1 61197 6
2208 31639716 m2 1497546 -6.40994331e-05 0.5 p1 61207 6
2073 31640656 m2 1415288 -0.00147999637 0.5 p1 61210 6
447 31650447 m2 288073 -0.000279504166 0.5 p1 61245 6
7181 31650644 m2 4939796 -0.000239737696 0.5 p1 61245 6
1941 31657289 m3 1332140 0.00251641963 0.5 p1 61268 6
2056 31657791 m2 1405455 -0.000271767407 0.5 p1 61270 6
4215 31677250 m2 2861116 -0.00124205544 0.5 p1 61340 6
728 31681249 m2 494419 -1.43408461e-05 0.5 p1 61354 6
2230 31682296 m2 1510584 -0.000506699667 0.5 p1 61358 6
5327 31688042 m2 3639918 -0.00108847721 0.5 p1 61378 6
4353 31690694 m2 2964348 -3.93071641e-05 0.5 p1 61387 6
6481 31693469 m2 4442659 -9.76888487e-07 0.5 p1 61397 6
7273 31695993 m2 4996779 -5.03689953e-05 0.5 p1 61405 6
5877 31697871 m2 4024886 -3.18725797e-05 0.5 p1 61412 6
3681 31701294 m2 2497905 -3.98778695e-07 0.5 p1 61424 6
209 31706773 m2 137679 -1.49123453e-05 0.5 p1 61444 6
4528 31708735 m2 3092553 -3.59598644e-08 0.5 p1 61451 6
524 31710178 m2 349567 -2.18451501e-09 0.5 p1 61456 6
6332 31713742 m2 4340449 -7.86103349e-10 0.5 p1 61469 6
2044 31715884 m2 1398836 -0.00140524516 0.5 p1 61476 6
3327 31717475 m2 2243854 -2.46550426e-05 0.5 p1 61482 6
1086 31721460 m2 731511 -2.23244115e-07 0.5 p1 61496 6
4394 31735611 m2 2991810 -7.82227944e-05 0.5 p1 61547 6
1165 31736332 m2 795128 -3.57300621e-07 0.5 p1 61550 6
7204 31737115 m2 4956544 -9.86175941e-09 0.5 p1 61553 6
2516 31737266 m2 1702159 -0.000336665049 0.5 p1 61553 6
5825 31741506 m2 3988215 -2.58342698e-05 0.5 p1 61568 6
5201 31742763 m2 3556942 -0.00129576202 0.5 p1 61573 6
4826 31744406 m2 3306764 -0.000100909187 0.5 p1 61579 6
4088 31745603 m2 2772987 -2.83165874e-12 0.5 p1 61583 6
1130 31752734 m2 762170 -0.000320520165 0.5 p1 61610 6
6373 31753547 m2 4366083 -0.000154899273 0.5 p1 61613 6
5928 31755540 m2 4058686 -1.08913014e-06 0.5 p1 61621 6
5568 31756095 m2 3797131 -0.000627457339 0.5 p1 61622 6
3115 31759735 m2 2114831 -7.44409817e-06 0.5 p1 61636 6
1179 31759939 m2 803709 -0.000464720011 0.5 p1 61636 6
441 31766533 m2 282258 -0.000805743854 0.5 p1 61661 6
6658 31769006 m2 4568120 -3.9953602e-06 0.5 p1 61670 6
890 31779492 m2 606700 -0.00128185411 0.5 p1 61708 6
6878 31782474 m2 4726890 -1.37633716e-09 0.5 p1 61719 6
1154 31790564 m2 782571 -2.52360377e-09 0.5 p1 61749 6
7209 31791337 m2 4959821 -0.00072027382 0.5 p1 61752 6
6954 31798749 m2 4773633 -1.31869001e-05 0.5 p1 61780 6
2520 31800499 m2 1703502 -0.00178483385 0.5 p1 61787 6
1531 31802854 m3 1038861 0.00202870741 0.5 p1 61796 6
5597 31804583 m2 3824438 -5.01963359e-06 0.5 p1 61802 6
5438 31805251 m2 3708714 -5.25447904e-05 0.5 p1 61804 6
5296 31812006 m2 3617390 -0.000921207597 0.5 p1 61830 6
2360 31815679 m2 1589045 -0.00071634393 0.5 p1 61844 6
3054 31816282 m2 2077235 -7.25884157e-18 0.5 p1 61846 6
232 31829396 m2 146508 -0.000572158722 0.5 p1 61894 6
5831 31830769 m2 3991459 -0.000669181638 0.5 p1 61899 6
1868 31832897 m2 1278991 -0.000758762413 0.5 p1 61907 6
1344 31833538 m2 909330 -2.75594539e-05 0.5 p1 61910 6
3012 31837608 m2 2045502 -2.90892554e-08 0.5 p1 61924 6
1085 31840579 m2 731077 -1.48494646e-05 0.5 p1 61935 6
4801 31852929 m2 3291447 -0.00103983213 0.5 p1 61981 6
1059 31854374 m2 710673 -3.75870659e-05 0.5 p1 61987 6
5167 31859171 m2 3528266 -5.71508245e-08 0.5 p1 62005 6
6812 31861030 m2 4686422 -2.67433705e-07 0.5 p1 62012 6
3421 31862800 m2 2303014 -3.1725844e-07 0.5 p1 62018 6
5377 31863706 m2 3668917 -5.65855407e-05 0.5 p1 62021 6
5058 31865013 m2 3448928 -0.00267786602 0.5 p1 62026 6
1964 31873369 m2 1348835 -7.45528232e-05 0.5 p1 62057 6
873 31877982 m2 594461 -1.06479029e-05 0.5 p1 62073 6
759 31881666 m2 519095 -3.77781544e-05 0.5 p1 62088 6
42 31885602 m2 26174 -0.000574914506 0.5 p1 62103 6
5778 31889979 m2 3951453 -8.01745337e-05 0.5 p1 62119 6
4114 31890397 m2 2785423 -1.05098025e-05 0.5 p1 62121 6
3329 31891219 m2 2245804 -3.93059927e-05 0.5 p1 62124 6
1757 31891854 m2 1200188 -9.80239347e-05 0.5 p1 62126 6
7189 31892150 m2 4947042 -0.00226984429 0.5 p1 62127 6
4105 31894527 m2 2781747 -0.000924937543 0.5 p1 62136 6
625 31894874 m2 423490 -0.00304234773 0.5 p1 62137 6
6713 31895013 m2 4610457 -6.32011506e-07 0.5 p1 62138 6
5232 31898724 m2 3574989 -0.000280475477 0.5 p1 62152 6
4344 31899176 m2 2958335 -0.000562153698 0.5 p1 62153 6
2317 31900848 m2 1570285 -5.48330775e-07 0.5 p1 62160 6
1954 31902661 m2 1342906 -0.00080667896 0.5 p1 62166 6
1786 31905978 m2 1217829 -1.14122786e-05 0.5 p1 62179 6
6637 31906024 m2 4557614 -2.78080297e-05 0.5 p1 62179 6
1453 31909950 m2 992986 -0.00315247057 0.5 p1 62193 6
5112 31913866 m2 3486981 -6.16726879e-07 0.5 p1 62207 6
5584 31914093 m2 3813679 -1.33894729e-10 0.5 p1 62208 6
1075 31915064 m2 720093 -1.04193632e-05 0.5 p1 62212 6
1493 31921419 m2 1020583 -0.00225003297 0.5 p1 62234 6
837 31923395 m2 570945 -2.39954923e-09 0.5 p1 62242 6
4944 31928756 m2 3378523 -1.01714095e-08 0.5 p1 62262 6
2071 31935091 m2 1414521 -1.25694199e-09 0.5 p1 62285 6
346 31936204 m3 216528 0.00173312495 0.5 p1 62289 6
5687 31939272 m2 3886079 -8.17117098e-07 0.5 p1 62300 6
4781 31944908 m2 3274621 -8.26962059e-05 0.5 p1 62321 6
4689 31955950 m2 3214580 -0.000824751856 0.5 p1 62363 6
6025 31957572 m2 4148265 -0.00109113206 0.5 p1 62369 6
4190 31958735 m2 2841478 -0.00096243748 0.5 p1 62373 6
512 31960463 m2 340763 -3.54763415e-07 0.5 p1 62380 6
4362 31961789 m2 2970814 -0.000227659155 0.5 p1 62385 6
801 31964894 m2 547957 -0.000239930901 0.5 p1 62397 6
6573 31966683 m2 4511678 -0.00332434732 0.5 p1 62404 6
5088 31967768 m2 3472578 -0.000117994772 0.5 p1 62408 6
375 31972065 m2 238184 -2.21709859e-10 0.5 p1 62424 6
1654 31975839 m2 1133298 -8.41266883e-05 0.5 p1 62438 6
4637 31976731 m2 3177616 -1.64983638e-09 0.5 p1 62441 6
2996 31980090 m2 2030808 -5.31830592e-05 0.5 p1 62454 6
1040 31987203 m2 696881 -3.80983374e-06 0.5 p1 62480 6
929 31993589 m2 635117 -7.01708677e-06 0.5 p1 62504 6
1219 31997354 m2 832241 -0.000912035059 0.5 p1 62518 6
4000 31999885 m2 2713949 -1.01838458e-08 0.5 p1 62528 6
2987 32001635 m2 2025015 -0.000205002434 0.5 p1 62534 6
6914 32004432 m2 4751526 -1.13008298e-06 0.5 p1 62545 6
6518 32007519 m2 4468625 -2.44497023e-05 0.5 p1 62557 6
5771 32008593 m2 3945375 -0.000203586344 0.5 p1 62560 6
1529 32012267 m2 1038360 -2.55583036e-05 0.5 p1 62575 6
6012 32014632 m2 4137616 -0.000150527499 0.5 p1 62583 6
1036 32017698 m2 692000 -2.77084471e-08 0.5 p1 62594 6
6976 32021334 m2 4788078 -0.00101371866 0.5 p1 62608 6
1724 32022718 m2 1184017 -0.000341084145 0.5 p1 62612 6
3874 32031198 m2 2633693 -5.60446315e-05 0.5 p1 62644 6
6994 32038788 m2 4809208 -1.75901285e-08 0.5 p1 62672 6
4258 32039410 m2 2894233 -0.000403204147 0.5 p1 62675 6
2177 32039893 m2 1482495 -2.40234822e-05 0.5 p1 62677 6
3224 32040230 m3 2183006 0.00221042521 0.5 p1 62678 6
6462 32044096 m2 4425085 -0.000366617634 0.5 p1 62693 6
6448 32048005 m2 4414210 -3.18884439e-08 0.5 p1 62707 6
6844 32048808 m2 4705758 -0.000815256673 0.5 p1 62710 6
7119 32058212 m2 4892987 -5.64586789e-13 0.5 p1 62746 6
4625 32059502 m2 3165864 -6.13569428e-05 0.5 p1 62751 6
6242 32064126 m2 4270218 -9.79586839e-05 0.5 p1 62768 6
1823 32064745 m2 1243071 -7.60766261e-06 0.5 p1 62770 6
5544 32067389 m2 3783967 -8.52364901e-05 0.5 p1 62779 6
2203 32067497 m2 1494834 -0.000753426226 0.5 p1 62780 6
4500 32068265 m2 3077109 -7.35380752e-07 0.5 p1 62783 6
1989 32072993 m3 1364133 0.00350079918 0.5 p1 62800 6
4144 32076510 m2 2810493 -2.96525504e-05 0.5 p1 62812 6
1316 32080102 m2 891410 -0.000347145979 0.5 p1 62826 6
5617 32085240 m2 3834079 -0.00430240203 0.5 p1 62845 6
6120 32085784 m2 4202895 -9.72073977e-09 0.5 p1 62847 6
47 32085934 m2 30317 -6.37717523e-09 0.5 p1 62847 6
5713 32090818 m2 3908207 -0.000181176976 0.5 p1 62865 6
4175 32094461 m2 2830844 -1.16584423e-10 0.5 p1 62878 6
490 32095600 m2 321612 -0.000100856982 0.5 p1 62883 6
6344 32095938 m2 4348959 -9.28436639e-05 0.5 p1 62884 6
6702 32115317 m2 4601536 -0.000559810025 0.5 p1 62956 6
234 32126899 m2 148100 -2.6399232e-06 0.5 p1 62998 6
4872 32129380 m2 3334935 -4.54689543e-05 0.5 p1 63007 6
514 32130321 m2 341719 -0.000131497072 0.5 p1 63011 6
7218 32134523 m2 4966122 -0.00299918815 0.5 p1 63027 6
251 32137308 m2 160085 -6.94126584e-06 0.5 p1 63037 6
4160 32144287 m2 2822875 -0.000368114968 0.5 p1 63062 6
7076 32148420 m2 4863759 -5.12342422e-06 0.5 p1 63077 6
6335 32150466 m2 4341601 -0.000496401452 0.5 p1 63084 6
239 32156329 m2 151735 -0.000892065756 0.5 p1 63106 6
1442 32156441 m2 984502 -0.00029131645 0.5 p1 63106 6
2105 32162502 m2 1434008 -6.26527753e-06 0.5 p1 63128 6
3346 32163222 m2 2256857 -2.04688467e-06 0.5 p1 63131 6
501 32163829 m2 333797 -0.00382515416 0.5 p1 63133 6
949 32165405 m2 643370 -0.00153907237 0.5 p1 63139 6
3790 32165947 m2 2579153 -2.19437304e-08 0.5 p1 63141 6
5880 32167958 m2 4025974 -0.00020935449 0.5 p1 63149 6
7147 32169643 m2 4911057 -9.13633176e-06 0.5 p1 63155 6
6948 32171159 m2 4770568 -4.6630042e-09 0.5 p1 63160 6
3767 32183377 m2 2556938 -0.00182256673 0.5 p1 63205 6
5378 32185204 m2 3669320 -1.527793e-08 0.5 p1 63213 6
3782 32186992 m2 2574083 -0.000862267043 0.5 p1 63219 6
5609 32186993 m2 3830223 -0.0013494927 0.5 p1 63219 6
994 32189740 m2 667836 -0.000112399634 0.5 p1 63230 6
5077 32189743 m2 3461998 -0.000671189104 0.5 p1 63230 6
4255 32191028 m2 2892915 -0.000162804252 0.5 p1 63234 6
2928 32192944 m2 1985740 -2.79614082e-10 0.5 p1 63241 6
278 32193013 m2 176722 -0.00172045734 0.5 p1 63241 6
3141 32193931 m2 2126730 -7.33727404e-07 0.5 p1 63244 6
1399 32196251 m2 954114 -9.06949822e-08 0.5 p1 63253 6
1092 32196393 m2 736437 -9.31462728e-06 0.5 p1 63254 6
2914 32200921 m2 1975261 -0.00188620831 0.5 p1 63270 6
4018 32202359 m2 2723323 -0.000175369831 0.5 p1 63275 6
3653 32205038 m2 2482526 -7.9523219e-05 0.5 p1 63285 6
864 32207607 m2 589214 -0.000100989586 0.5 p1 63295 6
1389 32207616 m2 948809 -4.79884257e-08 0.5 p1 63295 6
919 32208839 m2 629641 -2.96386725e-06 0.5 p1 63299 6
39 32220547 m2 24315 -0.00100104499 0.5 p1 63341 6
6442 32233755 m2 4406038 -3.81953003e-09 0.5 p1 63391 6
4132 32233917 m2 2799849 -0.000523557304 0.5 p1 63391 6
5993 32235858 m2 4124025 -2.54579968e-10 0.5 p1 63399 6
3282 32236215 m2 2211549 -4.51748638e-05 0.5 p1 63400 6
330 32236432 m2 204100 -0.000301535765 0.5 p1 63401 6
2640 32242974 m2 1794184 -0.00286466605 0.5 p1 63426 6
5852 32244053 m2 4003943 -0.000397330266 0.5 p1 63430 6
6266 32254657 m2 4290070 -9.70600809e-08 0.5 p1 63470 6
2485 32257608 m2 1681225 -0.000704734062 0.5 p1 63480 6
2234 32257685 m2 1513344 -0.000580322114 0.5 p1 63481 6
4979 32261524 m2 3398236 -0.000105975829 0.5 p1 63495 6
6315 32263979 m2 4331303 -4.68118078e-09 0.5 p1 63505 6
885 32269285 m2 604319 -0.000496255874 0.5 p1 63524 6
5923 32271484 m2 4056108 -0.000172845263 0.5 p1 63533 6
1065 32273288 m2 714317 -8.85693444e-05 0.5 p1 63539 6
1294 32275500 m2 873982 -0.000105882056 0.5 p1 63548 6
2511 32277440 m2 1699070 -0.000582928013 0.5 p1 63555 6
2871 32281232 m2 1952459 -0.000133396214 0.5 p1 63570 6
3763 32282668 m2 2552846 -7.31105899e-07 0.5 p1 63576 6
4090 32284473 m2 2774186 -1.41810115e-05 0.5 p1 63583 6
916 32286457 m2 624639 -0.0017358117 0.5 p1 63590 6
2580 32291091 m2 1749686 -0.000893092772 0.5 p1 63608 6
6097 32294761 m2 4188900 -2.4133662e-05 0.5 p1 63621 6
4472 32296148 m2 3055454 -0.00090600882 0.5 p1 63627 6
1032 32297202 m2 689376 -7.28516034e-06 0.5 p1 63631 6
3344 32297739 m2 2255731 -8.42447753e-06 0.5 p1 63633 6
945 32297972 m2 641904 -2.22336666e-06 0.5 p1 63634 6
2968 32305162 m2 2010539 -0.000488221558 0.5 p1 63661 6
4521 32307582 m2 3085356 -8.03401053e-05 0.5 p1 63669 6
1813 32307705 m2 1233712 -8.55046746e-05 0.5 p1 63670 6
1700 32311218 m2 1167659 -4.11218025e-07 0.5 p1 63682 6
5792 32312228 m2 3961738 -2.79062424e-05 0.5 p1 63686 6
884 32316263 m2 603685 -1.28549127e-05 0.5 p1 63701 6
2571 32321428 m2 1740989 -1.5770647e-08 0.5 p1 63720 6
3214 32322915 m2 2177633 -4.54556066e-05 0.5 p1 63726 6
6184 32332389 m2 4238199 -0.00039726196 0.5 p1 63762 6
6733 32332908 m2 4622521 -0.00275730342 0.5 p1 63764 6
5169 32333298 m2 3529792 -2.44578935e-09 0.5 p1 63766 6
1938 32337188 m2 1331543 -3.94231574e-06 0.5 p1 63781 6
6580 32341740 m2 4517451 -0.00352376676 0.5 p1 63798 6
7026 32341905 m2 4836667 -0.000101819896 0.5 p1 63799 6
672 32343770 m2 457018 -6.1042175e-07 0.5 p1 63806 6
1230 32350478 m2 838479 -4.77375417e-10 0.5 p1 63831 6
5976 32359503 m2 4100601 -0.000633965887 0.5 p1 63865 6
2854 32360248 m2 1940033 -4.12151458e-05 0.5 p1 63868 6
1091 32360436 m2 736357 -0.00100615143 0.5 p1 63869 6
5909 32362419 m2 4046017 -0.00176529062 0.5 p1 63876 6
2284 32363808 m2 1549651 -4.02324167e-06 0.5 p1 63881 6
182 32364383 m2 121530 -0.00141207303 0.5 p1 63884 6
2139 32364546 m2 1452591 -1.40420049e-08 0.5 p1 63884 6
5071 32365024 m2 3457983 -5.56474843e-05 0.5 p1 63886 6
1617 32365743 m2 1104529 -5.50442965e-05 0.5 p1 63889 6
1163 32380118 m2 790501 -3.15479338e-05 0.5 p1 63944 6
2170 32382337 m2 1478734 -0.000535916828 0.5 p1 63952 6
4809 32386501 m2 3295764 -7.39433381e-05 0.5 p1 63968 6
4932 32394729 m2 3371355 -4.93875586e-06 0.5 p1 64000 6
4216 32401802 m2 2862442 -0.000243285627 0.5 p1 64028 6
453 32403761 m2 292319 -0.00188103935 0.5 p1 64035 6
5594 32407783 m2 3820086 -2.70926103e-05 0.5 p1 64051 6
4976 32409845 m2 3395959 -2.71965433e-07 0.5 p1 64058 6
4406 32411856 m2 3001718 -1.20712862e-08 0.5 p1 64066 6
3987 32412036 m2 2705694 -8.14058967e-06 0.5 p1 64066 6
6343 32415518 m2 4348461 -2.67032756e-05 0.5 p1 64080 6
3124 32421099 m2 2120244 -6.8453287e-06 0.5 p1 64100 6
1349 32421946 m3 913655 0.00438900292 0.5 p1 64103 6
7141 32422897 m3 4909566 0.00275068614 0.5 p1 64107 6
4505 32423182 m2 3079615 -0.00052447035 0.5 p1 64108 6
4410 32424530 m2 3003036 -5.56290797e-06 0.5 p1 64113 6
4791 32433555 m2 3281415 -1.6535509e-07 0.5 p1 64147 6
4022 32433638 m2 2725955 -0.00014559101 0.5 p1 64147 6
1771 32436332 m2 1207639 -0.00082816463 0.5 p1 64157 6
5945 32440136 m2 4078238 -1.77626607e-08 0.5 p1 64172 6
5509 32445075 m2 3756299 -0.000236624124 0.5 p1 64190 6
4683 32446516 m2 3212354 -3.08415423e-07 0.5 p1 64195 6
1202 32447309 m2 821246 -3.19950141e-06 0.5 p1 64198 6
1564 32448656 m2 1062599 -0.00585499266 0.5 p1 64203 6
3521 32458570 m2 2383256 -1.02275033e-06 0.5 p1 64242 6
1824 32459789 m2 1243364 -0.000367417408 0.5 p1 64247 6
1657 32459846 m2 1136022 -0.000100218902 0.5 p1 64247 6
7014 32461791 m2 4825626 -1.10617311e-05 0.5 p1 64254 6
4647 32462527 m2 3184717 -7.85756674e-06 0.5 p1 64257 6
6606 32464437 m2 4533367 -0.00264830817 0.5 p1 64265 6
4290 32468779 m2 2918235 -6.06573958e-05 0.5 p1 64281 6
3410 32469744 m2 2295998 -0.000768939499 0.5 p1 64285 6
5807 32473036 m2 3971764 -0.000147570521 0.5 p1 64298 6
4247 32473336 m2 2882358 -0.000319358631 0.5 p1 64299 6
2291 32476940 m2 1553480 -4.43213412e-06 0.5 p1 64313 6
797 32476972 m2 545447 -1.43338198e-07 0.5 p1 64313 6
7 32484257 m2 5465 -0.000966557651 0.5 p1 64341 6
1015 32488358 m2 681364 -0.000160613607 0.5 p1 64356 6
1280 32489283 m2 866351 -8.23315349e-06 0.5 p1 64360 6
6255 32493883 m2 4281202 -0.000134405709 0.5 p1 64377 6
1383 32496939 m2 944802 -0.000630683149 0.5 p1 64389 6
3778 32501383 m2 2566943 -0.000268195086 0.5 p1 64406 6
5936 32502031 m2 4065883 -0.000612143835 0.5 p1 64408 6
1878 32512012 m2 1283606 -0.000223292547 0.5 p1 64446 6
4620 32513509 m3 3162543 0.00145006331 0.5 p1 64452 6
5036 32517941 m2 3436950 -1.05435788e-06 0.5 p1 64469 6
4665 32518303 m2 3203862 -0.000582679291 0.5 p1 64470 6
1779 32523081 m2 1214028 -3.87395994e-05 0.5 p1 64489 6
6171 32526997 m2 4231479 -0.00102662144 0.5 p1 64503 6
4645 32527746 m2 3181891 -5.02854598e-11 0.5 p1 64506 6
6175 32533372 m2 4231870 -6.48750893e-06 0.5 p1 64527 6
300 32539923 m2 186056 -0.000322010776 0.5 p1 64552 6
3186 32539987 m2 2163521 -0.00833470002 0.5 p1 64552 6
466 32542718 m2 304820 -4.23636375e-05 0.5 p1 64562 6
2224 32547935 m2 1503722 -1.8783745e-05 0.5 p1 64583 6
3336 32549086 m2 2250312 -0.000240231398 0.5 p1 64587 6
4019 32550104 m2 2723481 -4.97562869e-05 0.5 p1 64591 6
2460 32553443 m2 1658708 -2.09581458e-07 0.5 p1 64604 6
6995 32561345 m2 4809417 -0.000132890986 0.5 p1 64635 6
4588 32564662 m2 3135946 -0.00101574266 0.5 p1 64648 6
3741 32567457 m2 2542127 -0.00495165028 0.5 p1 64658 6
5642 32568151 m2 3851031 -1.99364305e-16 0.5 p1 64661 6
3937 32571591 m2 2672570 -0.000770478917 0.5 p1 64674 6
2678 32579223 m2 1816637 -0.00053143088 0.5 p1 64704 6
6774 32581147 m2 4656178 -3.33596145e-05 0.5 p1 64711 6
5614 32585893 m2 3832545 -1.08386274e-07 0.5 p1 64729 6
2954 32588377 m2 2000958 -0.000455098692 0.5 p1 64739 6
5215 32591009 m2 3565237 -6.63667597e-05 0.5 p1 64749 6
6736 32601536 m2 4624323 -4.23919528e-06 0.5 p1 64790 6
3456 32607237 m2 2325952 -0.000102734732 0.5 p1 64811 6
683 32607673 m2 464910 -3.79579687e-05 0.5 p1 64813 6
1287 32616733 m2 868426 -4.64362165e-06 0.5 p1 64848 6
5001 32621959 m2 3416689 -2.35265922e-08 0.5 p1 64869 6
6659 32624048 m2 4568870 -9.18146359e-09 0.5 p1 64877 6
63 32627654 m2 40095 -0.00448706234 0.5 p1 64891 6
6901 32629482 m2 4738405 -0.000145351674 0.5 p1 64898 6
2766 32631371 m2 1880426 -6.91650212e-06 0.5 p1 64906 6
6544 32634170 m2 4489786 -0.000317171915 0.5 p1 64917 6
6349 32634629 m2 4351681 -0.000291777105 0.5 p1 64919 6
3869 32640347 m2 2631150 -0.00106246478 0.5 p1 64941 6
1150 32642358 m2 779064 -4.23186648e-05 0.5 p1 64948 6
5217 32643922 m2 3565573 -8.71824741e-05 0.5 p1 64954 6
1406 32644350 m2 959435 -0.00105940958 0.5 p1 64956 6
1871 32650488 m2 1280599 -0.000546112249 0.5 p1 64981 6
2553 32652661 m2 1727214 -0.000422348297 0.5 p1 64989 6
3094 32654598 m2 2098279 -8.47295541e-06 0.5 p1 64996 6
4197 32655006 m2 2847190 -7.43427455e-13 0.5 p1 64998 6
7239 32656586 m2 4975003 -1.17521204e-05 0.5 p1 65004 6
1882 32660579 m2 1287880 -0.00026725154 0.5 p1 65019 6
5130 32664600 m2 3501757 -0.00021300088 0.5 p1 65035 6
6136 32666578 m2 4209351 -4.77949191e-09 0.5 p1 65042 6
6073 32667197 m2 4175940 -1.86635063e-09 0.5 p1 65045 6
3721 32671841 m2 2525152 -0.000204570781 0.5 p1 65063 6
6231 32673307 m2 4265669 -0.00078458502 0.5 p1 65068 6
4631 32673535 m2 3173338 -0.00151430804 0.5 p1 65069 6
3842 32676342 m2 2608164 -1.07549931e-05 0.5 p1 65080 6
6864 32682053 m2 4716096 -1.29959221e-06 0.5 p1 65103 6
15 32687994 m2 10381 -8.4953637e-14 0.5 p1 65126 6
3328 32689403 m2 2244964 -0.000384581537 0.5 p1 65132 6
5971 32691029 m2 4099294 -2.71481099e-06 0.5 p1 65139 6
6122 32692782 m2 4204451 -8.16863667e-06 0.5 p1 65145 6
1920 32693596 m2 1316300 -1.11677818e-05 0.5 p1 65149 6
3924 32696333 m3 2665032 0.00190061016 0.5 p1 65160 6
1569 32697549 m2 1067313 -0.000359729835 0.5 p1 65164 6
4900 32700408 m2 3349336 -0.00168504193 0.5 p1 65176 6
6595 32704346 m2 4530545 -1.1633836e-05 0.5 p1 65191 6
6176 32704775 m2 4233678 -0.000143118319 0.5 p1 65193 6
6552 32706112 m2 4496413 -1.88245267e-10 0.5 p1 65198 6
4149 32708285 m2 2814617 -7.57435625e-09 0.5 p1 65207 6
4691 32708718 m2 3217567 -0.000218641027 0.5 p1 65208 6
1991 32709093 m2 1364942 -0.00190710183 0.5 p1 65210 6
4126 32711195 m3 2796100 0.00288837077 0.5 p1 65218 6
692 32714139 m2 472778 -0.000608058122 0.5 p1 65230 6
5486 32723923 m2 3738378 -1.15161329e-05 0.5 p1 65269 6
3477 32738528 m2 2343375 -7.06976948e-07 0.5 p1 65327 6
1867 32738746 m2 1278491 -0.00705621298 0.5 p1 65328 6
4444 32742743 m2 3033816 -0.00513484841 0.5 p1 65344 6
6348 32743048 m2 4351485 -3.82907856e-05 0.5 p1 65346 6
7032 32775110 m2 4838854 -0.000179786686 0.5 p1 65473 6
3553 32778915 m2 2410550 -4.29469446e-06 0.5 p1 65488 6
427 32781114 m2 276173 -9.4257819e-05 0.5 p1 65496 6
1666 32781836 m2 1148190 -2.3258001e-06 0.5 p1 65499 6
112 32785019 m2 73265 -0.000293334073 0.5 p1 65512 6
2894 32785485 m2 1965092 -7.39612051e-06 0.5 p1 65514 6
4592 32786846 m2 3143005 -0.000796925509 0.5 p1 65519 6
349 32787523 m2 217343 -9.97728785e-05 0.5 p1 65522 6
6477 32787960 m2 4436779 -9.28418958e-05 0.5 p1 65523 6
6015 32790716 m2 4139462 -0.000294839469 0.5 p1 65534 6
4666 32790935 m2 3204665 -4.4086465e-10 0.5 p1 65535 6
6378 32794796 m2 4367476 -0.00136024761 0.5 p1 65550 6
1445 32804220 m2 985774 -0.000146434628 0.5 p1 65588 6
4685 32811681 m2 3212885 -0.000779284688 0.5 p1 65618 6
1160 32814187 m2 788495 -0.000173057124 0.5 p1 65629 6
410 32814465 m2 261307 -0.000924682128 0.5 p1 65630 6
2809 32819806 m2 1909208 -0.000480143237 0.5 p1 65651 6
4051 32823422 m2 2744942 -9.34301424e-05 0.5 p1 65666 6
1527 32834879 m2 1037975 -5.65767095e-06 0.5 p1 65711 6
1787 32835039 m2 1219910 -0.000891037809 0.5 p1 65712 6
413 32842401 m2 264209 -0.000283688598 0.5 p1 65742 6
1507 32851649 m2 1025800 -2.27148266e-05 0.5 p1 65781 6
4615 32851911 m2 3160462 -1.5761374e-05 0.5 p1 65782 6
6943 32856760 m2 4767399 -2.34531944e-06 0.5 p1 65802 6
1392 32860226 m2 949926 -9.81832054e-05 0.5 p1 65816 6
1859 32861169 m2 1271982 -0.00381090725 0.5 p1 65820 6
3218 32864999 m2 2178997 -0.000636939192 0.5 p1 65835 6
5538 32868563 m2 3780025 -0.00013082815 0.5 p1 65850 6
4972 32873098 m2 3394782 -0.0022960233 0.5 p1 65869 6
2143 32875222 m2 1456843 -1.75024832e-06 0.5 p1 65877 6
390 32881213 m3 249203 0.00155218667 0.5 p1 65903 6
6622 32883714 m2 4547152 -0.00085686543 0.5 p1 65913 6
3470 32884566 m2 2339109 -0.000427934254 0.5 p1 65917 6
1759 32886561 m2 1200745 -0.000188320992 0.5 p1 65925 6
2358 32887773 m2 1588080 -2.09687892e-06 0.5 p1 65930 6
364 32890955 m2 230625 -0.00149317936 0.5 p1 65943 6
121 32892499 m3 78854 5.95519367e-08 0.5 p1 65949 6
140 32896667 m2 92300 -5.62347959e-05 0.5 p1 65966 6
2737 32897658 m2 1858089 -1.96052479e-05 0.5 p1 65970 6
2841 32899446 m2 1931106 -7.81812469e-06 0.5 p1 65978 6
231 32901168 m2 145484 -0.000482050033 0.5 p1 65985 6
808 32903046 m2 551154 -0.00053531205 0.5 p1 65992 6
2390 32910749 m2 1609306 -5.72989557e-05 0.5 p1 66024 6
4357 32915634 m2 2967850 -6.93738839e-05 0.5 p1 66044 6
2086 32919022 m2 1422089 -0.00014116602 0.5 p1 66059 6
2435 32923803 m2 1639170 -0.000319160725 0.5 p1 66078 6
472 32924054 m2 306900 -0.000267155148 0.5 p1 66079 6
2088 32924223 m2 1422250 -0.000562757428 0.5 p1 66080 6
6065 32928893 m2 4173259 -1.25191903e-07 0.5 p1 66100 6
539 32932812 m2 358054 -1.08555914e-05 0.5 p1 66117 6
5764 32935441 m2 3942325 -2.01598427e-09 0.5 p1 66128 6
2015 32939975 m2 1374676 -0.00162076601 0.5 p1 66148 6
2454 32941253 m2 1656868 -0.000438448304 0.5 p1 66153 6
6632 32941907 m2 4553931 -0.000553479942 0.5 p1 66156 6
6354 32945210 m2 4352915 -0.000601083564 0.5 p1 66170 6
5250 32947353 m2 3586742 -0.000484697608 0.5 p1 66179 6
6492 32948997 m2 4452821 -8.38102278e-06 0.5 p1 66186 6
6385 32950264 m2 4371837 -0.000116639487 0.5 p1 66191 6
5186 32953645 m2 3545122 -0.00182243087 0.5 p1 66206 6
1456 32955765 m2 993631 -0.00228889403 0.5 p1 66215 6
3861 32957231 m2 2626192 -0.000164023688 0.5 p1 66221 6
7079 32957336 m2 4865393 -9.58475175e-06 0.5 p1 66222 6
7118 32957988 m2 4892061 -0.00020524241 0.5 p1 66225 6
4984 32968301 m2 3401922 -0.00244141044 0.5 p1 66267 6
6906 32968928 m2 4740413 -3.57146678e-06 0.5 p1 66269 6
6656 32974557 m2 4567719 -0.00353855151 0.5 p1 66293 6
1175 32977153 m2 801546 -0.000225873999 0.5 p1 66304 6
268 32978627 m2 170012 -0.000248537865 0.5 p1 66310 6
2106 32983156 m2 1434581 -0.000142907084 0.5 p1 66330 6
6398 32986507 m2 4378052 -7.71120176e-05 0.5 p1 66344 6
1562 32987377 m2 1061786 -1.18766337e-07 0.5 p1 66348 6
6247 32998486 m2 4274333 -5.49028227e-05 0.5 p1 66395 6
5125 32999106 m2 3499056 -1.95351731e-07 0.5 p1 66398 6
570 33000431 m2 382477 -0.00267696078 0.5 p1 66403 6
5108 33000777 m2 3485576 -0.000191942134 0.5 p1 66405 6
2337 33001791 m2 1579501 -7.44256613e-05 0.5 p1 66409 6
7107 33001894 m2 4883680 -7.96802706e-05 0.5 p1 66409 6
4862 33004588 m2 3327493 -5.96340669e-07 0.5 p1 66421 6
4833 33007170 m2 3309292 -2.51674392e-05 0.5 p1 66432 6
3995 33009469 m2 2707440 -2.10435746e-06 0.5 p1 66442 6
3546 33012563 m2 2408055 -0.000122848491 0.5 p1 66456 6
6363 33012776 m2 4360225 -8.16263146e-09 0.5 p1 66457 6
2856 33013192 m2 1940682 -0.000498042151 0.5 p1 66458 6
1001 33016274 m2 672423 -8.41026631e-05 0.5 p1 66472 6
2899 33018953 m2 1968164 -0.00189941528 0.5 p1 66484 6
5353 33020546 m2 3655794 -0.000120951881 0.5 p1 66492 6
6759 33021650 m2 4643772 -0.00106624141 0.5 p1 66496 6
3587 33023384 m2 2434943 -0.00615372229 0.5 p1 66504 6
3897 33031147 m2 2651358 -0.000468493847 0.5 p1 66537 6
1101 33031964 m2 741373 -0.00026115746 0.5 p1 66540 6
5295 33033537 m2 3614402 -4.19984717e-05 0.5 p1 66547 6
4517 33038262 m2 3084393 -1.90027342e-13 0.5 p1 66568 6
1458 33038938 m2 994807 -6.78107597e-07 0.5 p1 66571 6
3146 33041754 m2 2129709 -0.00100809219 0.5 p1 66583 6
243 33050651 m2 154875 -0.00113047694 0.5 p1 66622 6
4824 33054592 m2 3304742 -0.000468397513 0.5 p1 66639 6
2795 33056287 m2 1901626 -0.000437548821 0.5 p1 66646 6
6433 33062259 m2 4398744 -0.00262150262 0.5 p1 66673 6
116 33068214 m2 75665 -5.35185245e-05 0.5 p1 66698 6
4167 33076373 m2 2826823 -0.000136786606 0.5 p1 66734 6
4327 33078048 m2 2941753 -1.90231098e-09 0.5 p1 66741 6
6214 33079205 m2 4256695 -0.000733372115 0.5 p1 66746 6
1066 33082545 m2 714552 -0.00063879753 0.5 p1 66761 6
2060 33084691 m2 1407473 -0.00031312395 0.5 p1 66770 6
1828 33085065 m2 1245794 -7.32098633e-05 0.5 p1 66772 6
3558 33086288 m2 2416513 -1.76433878e-06 0.5 p1 66777 6
5320 33086828 m2 3633245 -5.75351641e-11 0.5 p1 66780 6
5051 33088612 m2 3444848 -0.000641966704 0.5 p1 66787 6
3083 33088622 m2 2093995 -0.000741398777 0.5 p1 66787 6
4652 33091885 m2 3189275 -4.94014712e-05 0.5 p1 66801 6
2860 33093251 m2 1942563 -0.000262070651 0.5 p1 66808 6
1501 33093860 m3 1023326 0.00032948266 0.5 p1 66810 6
74 33096758 m2 48305 -5.21798429e-05 0.5 p1 66822 6
3207 33097624 m2 2173499 -1.60839548e-07 0.5 p1 66826 6
3294 33098388 m2 2221339 -0.00101329002 0.5 p1 66829 6
2685 33100133 m2 1820114 -0.00879746862 0.5 p1 66837 6
4040 33101119 m2 2740770 -1.99167039e-06 0.5 p1 66842 6
7070 33103237 m2 4856052 -6.73077739e-05 0.5 p1 66851 6
6855 33103821 m2 4712691 -9.35000062e-05 0.5 p1 66854 6
5097 33104739 m2 3478360 -8.29073178e-05 0.5 p1 66857 6
939 33104744 m2 640413 -1.12204805e-06 0.5 p1 66857 6
5495 33106296 m2 3741499 -0.0066303662 0.5 p1 66864 6
2371 33106671 m2 1595507 -6.40853614e-06 0.5 p1 66866 6
4485 33107241 m2 3065581 -2.2491059e-10 0.5 p1 66869 6
1105 33111305 m2 747085 -0.000114769471 0.5 p1 66886 6
5602 33111360 m2 3827440 -0.00188682671 0.5 p1 66886 6
1374 33113107 m2 936463 -3.27994849e-06 0.5 p1 66894 6
340 33117071 m2 212157 -5.907385e-06 0.5 p1 66911 6
905 33124704 m2 614536 -3.01155942e-05 0.5 p1 66944 6
5040 33127240 m2 3440225 -1.37137177e-12 0.5 p1 66955 6
7195 33129738 m2 4952612 -0.00120738917 0.5 p1 66966 6
582 33130391 m2 393478 -0.00350085762 0.5 p1 66969 6
6862 33131615 m2 4715638 -7.00491728e-05 0.5 p1 66974 6
4985 33134357 m2 3402966 -4.43130732e-12 0.5 p1 66986 6
6576 33134455 m2 4514214 -0.000914878852 0.5 p1 66987 6
2391 33134548 m2 1610628 -4.86344761e-05 0.5 p1 66987 6
1588 33136038 m2 1076351 -2.6230884e-05 0.5 p1 66994 6
3076 33138028 m2 2090622 -0.00115568773 0.5 p1 67002 6
4282 33139717 m2 2915761 -0.00130278221 0.5 p1 67010 6
5813 33142637 m2 3979776 -0.000700965407 0.5 p1 67023 6
4943 33145586 m2 3378294 -0.000678969896 0.5 p1 67036 6
218 33146962 m2 141494 -3.22797256e-08 0.5 p1 67042 6
960 33150712 m2 650721 -1.16433512e-05 0.5 p1 67058 6
3974 33154649 m2 2697579 -0.000633560412 0.5 p1 67075 6
5153 33161992 m2 3516229 -1.58839419e-09 0.5 p1 67107 6
5468 33164400 m2 3727595 -0.00222427677 0.5 p1 67117 6
3877 33166977 m3 2637670 0.00117369753 0.5 p1 67129 6
2334 33167053 m2 1578806 -0.000121717836 0.5 p1 67129 6
2741 33172549 m2 1861438 -1.56954467e-11 0.5 p1 67153 6
3491 33174058 m2 2351287 -2.96757094e-07 0.5 p1 67160 6
1070 33176289 m2 717283 -0.000450735883 0.5 p1 67170 6
2889 33177394 m2 1963538 -0.00010361235 0.5 p1 67174 6
66 33178010 m2 41651 -1.18114338e-06 0.5 p1 67177 6
5898 33182396 m2 4038437 -3.71865499e-05 0.5 p1 67196 6
5462 33183325 m2 3726017 -1.42159729e-06 0.5 p1 67200 6
59 33184115 m2 38343 -1.56392871e-05 0.5 p1 67204 6
2523 33184192 m2 1705901 -0.000653095602 0.5 p1 67204 6
6152 33185818 m2 4220052 -0.00187246746 0.5 p1 67211 6
6370 33186216 m2 4363999 -0.000577643514 0.5 p1 67212 6
4740 33189997 m2 3250570 -0.000285052782 0.5 p1 67229 6
6636 33192383 m2 4556714 -1.44062751e-05 0.5 p1 67240 6
6330 33195282 m2 4339992 -4.74113494e-06 0.5 p1 67253 6
5400 33202190 m2 3681663 -4.56819944e-05 0.5 p1 67283 6
4287 33202769 m2 2917869 -0.00110313995 0.5 p1 67286 6
2907 33205073 m2 1971754 -6.32291858e-07 0.5 p1 67296 6
4401 33205310 m2 2997064 -0.000718583295 0.5 p1 67297 6
4885 33206915 m2 3343024 -8.49305782e-12 0.5 p1 67304 6
6841 33208493 m2 4704656 -9.72309135e-05 0.5 p1 67310 6
5804 33208649 m2 3969550 -1.08131126e-05 0.5 p1 67311 6
5684 33209431 m2 3885416 -0.0052512954 0.5 p1 67315 6
1610 33209468 m2 1097809 -9.54980442e-06 0.5 p1 67315 6
5449 33210382 m2 3713365 -7.40267933e-06 0.5 p1 67319 6
5586 33215554 m2 3815560 -2.45748402e-06 0.5 p1 67342 6
3734 33219181 m2 2535175 -0.00013039686 0.5 p1 67358 6
644 33219935 m2 437917 -2.14104972e-07 0.5 p1 67362 6
3592 33222297 m2 2438152 -0.000271845754 0.5 p1 67372 6
6295 33224058 m2 4315921 -0.00387622882 0.5 p1 67380 6
6579 33225163 m2 4517336 -8.09531866e-06 0.5 p1 67385 6
2536 33225674 m3 1715566 0.00090677978 0.5 p1 67387 6
4608 33226811 m2 3152489 -1.01002133e-05 0.5 p1 67392 6
7226 33228782 m2 4970064 -0.000769383041 0.5 p1 67401 6
2243 33238157 m3 1520687 0.000584841415 0.5 p1 67443 6
6132 33240269 m2 4208385 -2.41743479e-08 0.5 p1 67454 6
846 33247765 m2 580322 -3.18462548e-06 0.5 p1 67488 6
414 33248466 m2 264407 -1.57098626e-07 0.5 p1 67492 6
3820 33250562 m2 2596755 -0.000354734191 0.5 p1 67501 6
4852 33258954 m2 3320983 -5.24388383e-07 0.5 p1 67539 6
465 33261763 m2 303919 -0.000254378305 0.5 p1 67552 6
2777 33262429 m2 1885519 -3.06581787e-05 0.5 p1 67555 6
152 33266860 m2 102659 -8.53827878e-05 0.5 p1 67575 6
1806 33268172 m2 1229451 -2.7021415e-06 0.5 p1 67581 6
190 33271420 m2 128378 -0.000600465981 0.5 p1 67596 6
5992 33272496 m2 4118917 -2.61594071e-08 0.5 p1 67600 6
5506 33273693 m2 3752854 -6.77282515e-05 0.5 p1 67606 6
4236 33274277 m2 2875621 -0.000509031001 0.5 p1 67608 6
3009 33275617 m2 2043643 -4.54097017e-06 0.5 p1 67614 6
3563 33277743 m2 2418765 -0.000463548844 0.5 p1 67623 6
4416 33279495 m2 3005436 -0.000151920191 0.5 p1 67631 6
5756 33279609 m2 3936036 -0.000523043447 0.5 p1 67632 6
3781 33286039 m2 2573294 -9.0575968e-06 0.5 p1 67660 6
5038 33286276 m2 3439376 -2.53347298e-06 0.5 p1 67661 6
4012 33288697 m3 2721497 0.00439769821 0.5 p1 67672 6
4783 33289951 m2 3277545 -0.0010445494 0.5 p1 67677 6
0 33290717 m2 608 -0.00268989615 0.5 p1 67680 6
5634 33291144 m2 3845970 -4.1942938e-05 0.5 p1 67682 6
6883 33292137 m2 4728719 -0.00031114617 0.5 p1 67686 6
3260 33292717 m2 2200864 -1.46688664e-13 0.5 p1 67689 6
6155 33295677 m2 4220892 -0.00272529619 0.5 p1 67703 6
5419 33298658 m2 3699233 -0.000190724022 0.5 p1 67716 6
5379 33298666 m2 3670467 -2.67732821e-06 0.5 p1 67716 6
1411 33302385 m3 962181 0.00182658364 0.5 p1 67733 6
7224 33302510 m2 4969003 -0.000265437033 0.5 p1 67734 6
2002 33302523 m2 1369863 -0.00224012067 0.5 p1 67734 6
6997 33303197 m2 4810149 -1.28569782e-05 0.5 p1 67737 6
1368 33303703 m2 930102 -0.000818933826 0.5 p1 67739 6
1023 33303851 m2 685087 -1.99965669e-07 0.5 p1 67740 6
680 33308269 m2 461760 -0.000684754981 0.5 p1 67760 6
1267 33311003 m2 858936 -0.0010353172 0.5 p1 67772 6
4372 33312738 m3 2974293 0.0011031921 0.5 p1 67779 6
1003 33320671 m2 674573 -0.000922054227 0.5 p1 67815 6
6600 33324439 m2 4531988 -1.90652258e-07 0.5 p1 67832 6
2902 33332449 m2 1970674 -8.62394609e-06 0.5 p1 67867 6
5600 33334565 m3 3825898 0.00115571148 0.5 p1 67876 6
2790 33337737 m2 1894553 -2.03020136e-06 0.5 p1 67890 6
4286 33338934 m2 2916427 -8.68715233e-06 0.5 p1 67895 6
4342 33341994 m2 2955130 -1.03798202e-05 0.5 p1 67909 6
3455 33342357 m2 2325554 -4.88177029e-05 0.5 p1 67910 6
576 33346015 m2 390486 -0.000515128369 0.5 p1 67927 6
5806 33347296 m2 3971412 -0.00018413362 0.5 p1 67932 6
2601 33352925 m2 1764004 -0.000149271116 0.5 p1 67957 6
6887 33353297 m2 4731363 -1.62951054e-07 0.5 p1 67959 6
3562 33357102 m2 2417581 -0.000992977759 0.5 p1 67976 6
4923 33362618 m2 3364211 -3.32790115e-08 0.5 p1 68001 6
4179 33363562 m2 2832043 -0.00159621926 0.5 p1 68005 6
4544 33364673 m2 3104435 -0.00351111917 0.5 p1 68010 6
3368 33366665 m2 2270343 -0.00173658982 0.5 p1 68019 6
6275 33376660 m2 4293159 -0.00016238945 0.5 p1 68065 6
6241 33380139 m2 4270033 -0.00119049102 0.5 p1 68081 6
540 33380620 m2 358056 -1.08068934e-05 0.5 p1 68084 6
7113 33380804 m2 4887174 -0.000383559236 0.5 p1 68085 6
6032 33384121 m2 4150750 -8.98939034e-05 0.5 p1 68100 6
3676 33388838 m2 2495148 -1.06996918e-10 0.5 p1 68122 6
3865 33388979 m2 2628840 -3.92157599e-05 0.5 p1 68123 6
6933 33394298 m2 4761968 -8.19156867e-06 0.5 p1 68146 6
2763 33403550 m2 1877220 -0.000976325653 0.5 p1 68190 6
6974 33404224 m2 4787009 -1.21548169e-06 0.5 p1 68193 6
5567 33404636 m2 3795606 -0.00585705601 0.5 p1 68194 6
6009 33407211 m2 4135411 -7.51404241e-06 0.5 p1 68206 6
6684 33408583 m2 4585674 -8.77678263e-10 0.5 p1 68212 6
2449 33408892 m2 1653904 -5.43656881e-07 0.5 p1 68213 6
5788 33410535 m2 3957091 -4.38214147e-06 0.5 p1 68221 6
4219 33415821 m3 2863602 0.00272523891 0.5 p1 68244 6
2178 33417080 m2 1483463 -2.08766451e-05 0.5 p1 68250 6
5325 33417452 m2 3636277 -3.10706082e-06 0.5 p1 68251 6
1133 33417475 m2 765322 -0.00183085469 0.5 p1 68251 6
1618 33425242 m2 1105214 -0.000773003965 0.5 p1 68285 6
2847 33427394 m2 1936329 -0.000240376481 0.5 p1 68296 6
1942 33427720 m2 1333574 -9.49459063e-05 0.5 p1 68297 6
4161 33428446 m2 2824942 -4.6582194e-05 0.5 p1 68300 6
255 33429459 m3 162142 0.000565160357 0.5 p1 68305 6
1478 33430251 m3 1008340 0.00252002454 0.5 p1 68309 6
976 33430435 m2 658657 -0.000478746166 0.5 p1 68310 6
3349 33433607 m2 2259529 -0.000189004029 0.5 p1 68324 6
1300 33434573 m2 879982 -9.36215727e-08 0.5 p1 68328 6
1470 33436686 m2 1005491 -7.96294989e-06 0.5 p1 68338 6
3430 33437189 m2 2309221 -1.32896432e-08 0.5 p1 68340 6
433 33437439 m2 277370 -0.00010145086 0.5 p1 68342 6
1053 33440106 m2 704407 -0.000836837513 0.5 p1 68354 6
3473 33440754 m2 2339880 -4.46841462e-08 0.5 p1 68357 6
246 33441217 m2 158520 -7.26578e-05 0.5 p1 68360 6
2585 33443876 m2 1753568 -6.13419179e-05 0.5 p1 68372 6
3538 33450156 m2 2399071 -1.19579067e-06 0.5 p1 68401 6
4959 33451055 m2 3388999 -2.50665067e-07 0.5 p1 68405 6
5390 33451661 m2 3676601 -8.09256733e-07 0.5 p1 68408 6
622 33452208 m2 421847 -1.46867051e-05 0.5 p1 68411 6
3309 33452819 m2 2231804 -0.000165458754 0.5 p1 68414 6
2827 33453302 m2 1923765 -1.70908902e-06 0.5 p1 68416 6
6947 33454391 m2 4770458 -0.00188832555 0.5 p1 68421 6
3791 33455768 m2 2579480 -1.30637841e-06 0.5 p1 68427 6
2006 33458737 m3 1371055 0.00150079629 0.5 p1 68441 6
6581 33461254 m2 4520261 -0.000968323031 0.5 p1 68453 6
5252 33466197 m2 3587980 -1.73336332e-08 0.5 p1 68475 6
5500 33466546 m2 3748124 -1.20556464e-07 0.5 p1 68477 6
5669 33469202 m2 3875299 -1.73765116e-07 0.5 p1 68489 6
3750 33471877 m2 2546840 -0.00130383205 0.5 p1 68501 6
3758 33474333 m2 2549975 -0.00288339704 0.5 p1 68512 6
3629 33474602 m2 2465328 -5.12883735e-10 0.5 p1 68513 6
5012 33475366 m2 3422415 -3.17758509e-06 0.5 p1 68517 6
4173 33478791 m2 2829568 -1.9917703e-05 0.5 p1 68533 6
6113 33483512 m2 4199661 -3.27228648e-15 0.5 p1 68554 6
3051 33486644 m2 2076595 -1.21619328e-08 0.5 p1 68569 6
1763 33487119 m2 1202982 -0.00497673033 0.5 p1 68571 6
1849 33490952 m2 1262562 -0.00577463862 0.5 p1 68589 6
6447 33497782 m2 4414147 -2.17653633e-05 0.5 p1 68621 6
3868 33499885 m2 2630478 -5.8103933e-06 0.5 p1 68630 6
3330 33503829 m2 2245985 -7.65209784e-10 0.5 p1 68647 6
6861 33510115 m2 4715633 -6.7273163e-06 0.5 p1 68675 6
5729 33510309 m2 3921466 -3.90974037e-06 0.5 p1 68676 6
838 33514621 m2 572555 -0.000116763564 0.5 p1 68697 6
4280 33516809 m2 2912448 -0.000270253891 0.5 p1 68706 6
488 33520520 m2 316244 -0.00426171767 0.5 p1 68723 6
3391 33521609 m2 2287973 -0.000443545083 0.5 p1 68728 6
3712 33522173 m2 2518194 -1.05432252e-09 0.5 p1 68731 6
1646 33523392 m2 1123538 -0.000128816231 0.5 p1 68737 6
2982 33524072 m2 2021391 -4.7078683e-07 0.5 p1 68741 6
1497 33524965 m2 1022295 -0.000263930444 0.5 p1 68745 6
1348 33526227 m2 913346 -0.00127936678 0.5 p1 68750 6
2411 33526449 m2 1623163 -1.605374e-06 0.5 p1 68751 6
5991 33528620 m2 4118498 -6.50206744e-07 0.5 p1 68762 6
431 33534578 m2 277286 -0.00246254378 0.5 p1 68789 6
5681 33535641 m2 3881949 -0.000130948436 0.5 p1 68794 6
6612 33540332 m2 4541999 -0.000991178676 0.5 p1 68816 6
1864 33541334 m2 1275202 -0.00186483411 0.5 p1 68820 6
6416 33543750 m2 4388267 -4.03237152e-07 0.5 p1 68831 6
479 33547971 m2 310729 -7.43285316e-13 0.5 p1 68851 6
7258 33549520 m2 4987281 -0.000187433616 0.5 p1 68859 6
2304 33550657 m2 1564081 -0.00144437677 0.5 p1 68864 6
3825 33553084 m2 2599335 -0.0010879538 0.5 p1 68876 6
3089 33556083 m2 2096661 -1.77484068e-07 0.5 p1 68890 6
2853 33557008 m2 1939830 -4.46885724e-06 0.5 p1 68895 6
4200 33560568 m2 2852976 -0.000130253597 0.5 p1 68911 6
4034 33565499 m2 2734043 -3.17893773e-06 0.5 p1 68934 6
2501 33569195 m2 1691548 -9.24107553e-07 0.5 p1 68952 6
2295 33569560 m2 1555779 -0.00441074139 0.5 p1 68953 6
1486 33571254 m2 1014795 -6.97519572e-05 0.5 p1 68961 6
6033 33573955 m2 4150934 -0.000108907589 0.5 p1 68974 6
2168 33574283 m2 1477114 -8.26171527e-06 0.5 p1 68976 6
4212 33576736 m2 2859572 -0.000362745253 0.5 p1 68987 6
7177 33578667 m2 4938183 -5.14748499e-05 0.5 p1 68997 6
3000 33580502 m2 2036830 -0.000109672008 0.5 p1 69005 6
3318 33580545 m2 2237523 -4.34986214e-05 0.5 p1 69005 6
4912 33582041 m2 3356029 -0.000555551378 0.5 p1 69012 6
5184 33582267 m2 3543240 -3.40435058e-08 0.5 p1 69013 6
5897 33586028 m3 4038436 0.000124190221 0.5 p1 69031 6
4146 33587096 m2 2813487 -0.000147800223 0.5 p1 69036 6
4635 33591621 m2 3174249 -0.000398759061 0.5 p1 69057 6
5692 33591625 m2 3893137 -2.61009525e-09 0.5 p1 69057 6
5442 33594541 m2 3711786 -0.00140295911 0.5 p1 69070 6
2166 33599328 m2 1474631 -0.000740587537 0.5 p1 69092 6
3452 33601094 m2 2324101 -5.3965683e-05 0.5 p1 69100 6
2362 33602400 m2 1589853 -7.24218189e-05 0.5 p1 69106 6
4465 33602561 m2 3048357 -0.000640543993 0.5 p1 69107 6
5485 33604861 m2 3737909 -5.66328706e-10 0.5 p1 69117 6
3625 33606276 m2 2463730 -4.17165393e-05 0.5 p1 69124 6
4599 33608851 m2 3146115 -1.29029183e-06 0.5 p1 69136 6
2262 33617766 m2 1533850 -0.00116905489 0.5 p1 69177 6
2381 33619285 m2 1601569 -2.0291609e-05 0.5 p1 69184 6
2083 33620017 m2 1419549 -0.00272336206 0.5 p1 69187 6
159 33622393 m2 105372 -1.15100946e-07 0.5 p1 69198 6
3230 33623872 m2 2186074 -2.89142605e-07 0.5 p1 69205 6
6333 33626172 m2 4340861 -0.000191165891 0.5 p1 69215 6
1417 33626651 m2 968759 -0.000150972672 0.5 p1 69217 6
3321 33629002 m2 2239450 -0.00316405296 0.5 p1 69228 6
3340 33630726 m2 2250787 -2.91158671e-07 0.5 p1 69236 6
507 33631128 m2 337093 -4.26416336e-05 0.5 p1 69238 6
5355 33633036 m2 3656304 -0.00040522209 0.5 p1 69247 6
6525 33639208 m2 4475959 -0.000387808686 0.5 p1 69277 6
5753 33640298 m2 3934267 -0.00112407259 0.5 p1 69282 6
4220 33640422 m2 2863691 -8.23231767e-06 0.5 p1 69282 6
1235 33640892 m3 839731 0.000424827624 0.5 p1 69285 6
1371 33642348 m2 934550 -0.00180496869 0.5 p1 69291 6
7268 33646893 m2 4991440 -0.00013288745 0.5 p1 69313 6
6968 33648502 m2 4782688 -0.00114407891 0.5 p1 69320 6
5954 33650480 m2 4086779 -1.12167129e-08 0.5 p1 69330 6
652 33654857 m2 446636 -0.000115606679 0.5 p1 69350 6
5787 33656076 m2 3956107 -3.71436568e-06 0.5 p1 69356 6
7022 33659269 m2 4833937 -4.89233059e-07 0.5 p1 69371 6
3557 33659659 m2 2414143 -0.00370909879 0.5 p1 69372 6
3830 33660487 m2 2602228 -6.3880434e-05 0.5 p1 69377 6
1890 33667981 m2 1295759 -0.00159750076 0.5 p1 69413 6
6932 33670472 m2 4761936 -4.40345866e-06 0.5 p1 69425 6
6822 33671524 m2 4692614 -1.61123899e-06 0.5 p1 69430 6
5685 33676654 m2 3885569 -0.000162217213 0.5 p1 69455 6
1832 33681579 m2 1247380 -1.64461642e-06 0.5 p1 69479 6
6020 33681747 m2 4143538 -4.03419153e-06 0.5 p1 69479 6
3067 33683965 m2 2085291 -0.00019445816 0.5 p1 69490 6
2182 33686181 m2 1485664 -1.37699317e-05 0.5 p1 69501 6
2789 33689409 m2 1894328 -8.78788849e-13 0.5 p1 69516 6
5371 33691724 m2 3667188 -1.62703611e-06 0.5 p1 69527 6
780 33697141 m2 534220 -0.0035604944 0.5 p1 69553 6
4195 33697363 m2 2846100 -3.66072823e-06 0.5 p1 69554 6
392 33698852 m2 249892 -0.000337996316 0.5 p1 69561 6
6223 33700004 m2 4261013 -0.000534893828 0.5 p1 69566 6
4511 33702014 m2 3083056 -0.000680561061 0.5 p1 69576 6
5223 33707150 m2 3568562 -4.84628117e-07 0.5 p1 69601 6
177 33708381 m2 116586 -0.000120240526 0.5 p1 69606 6
6093 33711523 m2 4186535 -0.000592342461 0.5 p1 69621 6
3962 33712203 m2 2690092 -0.00129844528 0.5 p1 69625 6
2804 33716767 m2 1908188 -4.46013037e-05 0.5 p1 69647 6
6839 33717662 m2 4703812 -0.0034522966 0.5 p1 69651 6
2562 33719062 m2 1735629 -0.00366790593 0.5 p1 69657 6
1279 33723797 m2 866072 -0.00363872712 0.5 p1 69680 6
4653 33724054 m2 3189381 -0.000553079997 0.5 p1 69681 6
238 33726050 m2 151186 -0.000213796535 0.5 p1 69691 6
2943 33730700 m2 1992741 -7.22215145e-06 0.5 p1 69714 6
2101 33731587 m2 1430781 -2.89893649e-07 0.5 p1 69718 6
3046 33733221 m2 2071175 -5.11704566e-05 0.5 p1 69726 6
5656 33740125 m2 3862827 -0.00186765776 0.5 p1 69759 6
1694 33740709 m2 1165116 -7.95907567e-07 0.5 p1 69762 6
3737 33740771 m2 2537332 -3.25204601e-05 0.5 p1 69762 6
3106 33741112 m2 2108443 -0.000133331792 0.5 p1 69764 6
4154 33745358 m2 2818968 -0.000777972105 0.5 p1 69784 6
3805 33748704 m2 2587568 -1.66328721e-06 0.5 p1 69800 6
844 33750286 m2 578728 -0.00248236395 0.5 p1 69808 6
3137 33751578 m2 2125217 -5.25158441e-07 0.5 p1 69814 6
6547 33753175 m2 4494384 -0.000128731888 0.5 p1 69821 6
1674 33755748 m2 1152513 -0.000256072555 0.5 p1 69833 6
1816 33758672 m2 1236613 -4.04075718e-06 0.5 p1 69847 6
1729 33760874 m2 1186130 -1.96196415e-05 0.5 p1 69857 6
1647 33762376 m2 1123559 -0.000295888807 0.5 p1 69864 6
1790 33763894 m2 1220252 -0.00133776618 0.5 p1 69871 6
1852 33767591 m2 1264987 -1.17268382e-06 0.5 p1 69889 6
7048 33768836 m2 4846355 -1.69571522e-05 0.5 p1 69895 6
6828 33769912 m2 4694436 -4.99401503e-05 0.5 p1 69900 6
6029 33770202 m2 4149563 -1.9443858e-05 0.5 p1 69901 6
4366 33771315 m2 2971546 -2.31718968e-05 0.5 p1 69907 6
897 33772914 m2 611277 -6.26038175e-13 0.5 p1 69914 6
6919 33773953 m2 4753974 -5.11137523e-06 0.5 p1 69920 6
4324 33776193 m2 2941279 -0.00155484152 0.5 p1 69931 6
6031 33778796 m2 4150584 -0.000171514403 0.5 p1 69943 6
5640 33780392 m2 3850135 -0.0113164987 0.5 p1 69950 6
2112 33781418 m2 1439085 -0.00467896648 0.5 p1 69956 6
2244 33782920 m2 1520834 -1.48785631e-07 0.5 p1 69964 6
2487 33782940 m2 1683332 -9.79758843e-05 0.5 p1 69964 6
7025 33783424 m2 4835562 -0.00297577772 0.5 p1 69966 6
3507 33783934 m2 2366322 -4.87282387e-06 0.5 p1 69969 6
1424 33786647 m3 971311 0.00397523213 0.5 p1 69983 6
5253 33786784 m2 3588293 -3.02115609e-06 0.5 p1 69983 6
5985 33790968 m2 4110553 -7.11393068e-06 0.5 p1 70003 6
3920 33792749 m2 2663115 -5.7945912e-05 0.5 p1 70012 6
3011 33798058 m2 2045159 -0.00150209805 0.5 p1 70038 6
4718 33798360 m2 3234423 -0.000182997959 0.5 p1 70040 6
3971 33800326 m2 2696845 -1.6507895e-06 0.5 p1 70050 6
5730 33802096 m2 3922321 -0.000180587682 0.5 p1 70059 6
5115 33802771 m2 3489475 -0.000573924743 0.5 p1 70062 6
457 33808319 m2 299245 -0.0018341901 0.5 p1 70090 6
3900 33809229 m2 2651933 -0.000337357342 0.5 p1 70094 6
6017 33812224 m2 4142377 -0.000267350581 0.5 p1 70109 6
366 33814041 m2 231406 -0.00102993648 0.5 p1 70118 6
2499 33814710 m2 1690121 -2.98753957e-06 0.5 p1 70122 6
1670 33815236 m2 1149992 -0.000145703452 0.5 p1 70124 6
5752 33819423 m2 3933931 -0.000805016782 0.5 p1 70146 6
5095 33820896 m2 3476111 -8.06081246e-09 0.5 p1 70153 6
1216 33822010 m2 830099 -2.49608584e-05 0.5 p1 70159 6
6286 33822786 m2 4303135 -0.000524508941 0.5 p1 70163 6
3848 33824631 m2 2614636 -0.000630390889 0.5 p1 70173 6
1994 33828754 m2 1366525 -0.00245025242 0.5 p1 70194 6
3977 33828817 m2 2699550 -2.95800073e-05 0.5 p1 70195 6
386 33829840 m2 245524 -0.00154227018 0.5 p1 70200 6
7075 33829932 m2 4863440 -0.00180147763 0.5 p1 70200 6
3732 33830374 m2 2533487 -0.000851953751 0.5 p1 70202 6
6487 33830803 m2 4448628 -1.92841853e-05 0.5 p1 70205 6
6305 33831459 m2 4327691 -0.00827237498 0.5 p1 70208 6
1333 33841584 m2 902245 -7.93663457e-06 0.5 p1 70260 6
3627 33841925 m2 2464481 -1.62113992e-07 0.5 p1 70262 6
2040 33843309 m2 1397425 -0.000605427136 0.5 p1 70269 6
4039 33849458 m2 2740146 -6.13423424e-07 0.5 p1 70301 6
1076 33850868 m2 720895 -0.000265693117 0.5 p1 70308 6
5084 33852221 m2 3468996 -1.5965195e-06 0.5 p1 70315 6
1777 33854625 m2 1209555 -9.3920996e-11 0.5 p1 70328 6
5517 33856704 m2 3764013 -0.000607135938 0.5 p1 70339 6
3001 33859722 m2 2037476 -0.000184283126 0.5 p1 70355 6
2140 33860142 m2 1454974 -9.5766045e-06 0.5 p1 70357 6
5322 33861161 m2 3634303 -5.71924611e-05 0.5 p1 70363 6
96 33862830 m2 61411 -7.65676702e-07 0.5 p1 70372 6
4950 33865332 m2 3380591 -0.00016469993 0.5 p1 70386 6
6310 33866413 m2 4330019 -6.91786918e-05 0.5 p1 70392 6
2597 33867043 m2 1762143 -0.000412916037 0.5 p1 70396 6
3374 33867126 m2 2276383 -3.09381503e-05 0.5 p1 70396 6
3787 33869270 m2 2577859 -1.10754183e-06 0.5 p1 70408 6
1037 33870054 m2 693041 -6.6767052e-07 0.5 p1 70412 6
762 33870075 m2 520989 -0.00166487799 0.5 p1 70413 6
4841 33870583 m3 3313833 0.00154005364 0.5 p1 70415 6
5851 33873195 m2 4003776 -1.20418179e-06 0.5 p1 70429 6
1324 33878807 m3 895757 0.000894637837 0.5 p1 70459 6
6351 33880210 m2 4351932 -1.30573437e-06 0.5 p1 70466 6
5234 33880850 m2 3577975 -1.97364734e-05 0.5 p1 70470 6
6356 33880892 m2 4353432 -0.00172656192 0.5 p1 70470 6
3934 33885920 m2 2670922 -0.000419834454 0.5 p1 70497 6
6302 33888599 m2 4323500 -2.47401832e-09 0.5 p1 70511 6
5417 33888878 m2 3697399 -6.60136079e-09 0.5 p1 70513 6
1026 33896968 m2 686972 -0.000239268964 0.5 p1 70555 6
5116 33896992 m2 3490384 -6.53762027e-06 0.5 p1 70555 6
3599 33897302 m2 2445493 -1.89051505e-07 0.5 p1 70556 6
2901 33897957 m2 1970490 -3.72236573e-05 0.5 p1 70560 6
1081 33897958 m2 728093 -6.84924162e-05 0.5 p1 70560 6
4616 33899957 m2 3160654 -1.34674547e-05 0.5 p1 70571 6
1336 33901790 m2 903025 -0.00542670023 0.5 p1 70580 6
1817 33904601 m2 1237016 -0.00439882791 0.5 p1 70595 6
1496 33907660 m2 1021865 -0.00471435534 0.5 p1 70612 6
2439 33908031 m2 1641921 -1.96079222e-10 0.5 p1 70614 6
786 33909669 m3 535153 0.000227205412 0.5 p1 70623 6
2092 33913445 m2 1423838 -9.83646146e-07 0.5 p1 70642 6
5351 33914591 m2 3651752 -0.00210184557 0.5 p1 70648 6
6473 33918824 m3 4433599 0.00103873084 0.5 p1 70671 6
4330 33924808 m2 2945648 -5.09367146e-06 0.5 p1 70703 6
5612 33933139 m2 3832026 -5.35414802e-05 0.5 p1 70748 6
7203 33933671 m3 4955960 0.000894846919 0.5 p1 70751 6
941 33934961 m2 640859 -0.00132549438 0.5 p1 70757 6
3018 33936280 m2 2047812 -8.59294715e-08 0.5 p1 70764 6
3606 33936789 m2 2449137 -0.000442943157 0.5 p1 70767 6
584 33938083 m2 395690 -0.000109875909 0.5 p1 70774 6
3142 33943517 m2 2127605 -0.000174185698 0.5 p1 70803 6
6682 33947223 m2 4584895 -0.000213306164 0.5 p1 70823 6
6649 33948328 m2 4564750 -0.000594692363 0.5 p1 70828 6
3651 33949838 m2 2481893 -2.86703689e-10 0.5 p1 70836 6
6209 33949869 m2 4252942 -6.51481387e-05 0.5 p1 70836 6
4457 33950766 m2 3041406 -0.000341755425 0.5 p1 70841 6
5315 33950787 m2 3631058 -9.61978515e-08 0.5 p1 70841 6
7151 33951606 m2 4915488 -0.000354931602 0.5 p1 70846 6
1359 33960433 m2 922774 -1.04976584e-06 0.5 p1 70894 6
1100 33960742 m2 740480 -1.20437065e-07 0.5 p1 70895 6
3383 33962641 m2 2283693 -3.87362743e-05 0.5 p1 70905 6
1545 33965541 m2 1050877 -5.21918446e-06 0.5 p1 70921 6
4168 33965958 m2 2827167 -3.78030052e-09 0.5 p1 70923 6
6371 33966442 m2 4365756 -1.14710772e-07 0.5 p1 70925 6
3026 33968957 m2 2051107 -2.47063312e-08 0.5 p1 70939 6
358 33971418 m2 221952 -2.55256061e-09 0.5 p1 70953 6
4035 33971717 m2 2736067 -4.65787657e-08 0.5 p1 70954 6
2332 33978558 m3 1578458 0.00112297514 0.5 p1 70991 6
3008 33978748 m2 2040493 -8.81726407e-07 0.5 p1 70992 6
627 33981643 m2 423686 -0.0032857249 0.5 p1 71008 6
2545 33983189 m2 1723267 -0.000710365712 0.5 p1 71016 6
3841 33985964 m2 2607133 -0.00320765981 0.5 p1 71031 6
4271 33987368 m2 2907616 -4.14362603e-06 0.5 p1 71039 6
7112 33987814 m2 4886798 -0.000965639891 0.5 p1 71042 6
1432 33989155 m2 977157 -0.000486595993 0.5 p1 71049 6
6895 33992895 m2 4736032 -0.000441572862 0.5 p1 71070 6
986 33994283 m2 663982 -0.0011200296 0.5 p1 71077 6
5302 33996092 m2 3621638 -0.000532908947 0.5 p1 71087 6
6692 33998654 m2 4593805 -6.42452796e-05 0.5 p1 71102 6
545 34000786 m3 365217 0.00267711375 0.5 p1 71113 6
1604 34001884 m2 1094963 -8.45607246e-06 0.5 p1 71119 6
6111 34004255 m2 4197906 -0.000547332282 0.5 p1 71131 6
1011 34006777 m2 679551 -2.88998081e-06 0.5 p1 71146 6
746 34009660 m2 511759 -0.000527993194 0.5 p1 71161 6
496 34010845 m2 331404 -0.000996913994 0.5 p1 71168 6
1887 34012559 m2 1292579 -1.27079729e-05 0.5 p1 71176 6
6765 34015904 m2 4645814 -5.78032541e-06 0.5 p1 71193 6
1337 34022259 m2 903593 -4.76371824e-05 0.5 p1 71228 6
1261 34025046 m2 855599 -1.98990783e-05 0.5 p1 71243 6
1803 34026557 m2 1227758 -0.000731499167 0.5 p1 71251 6
6679 34026710 m2 4583719 -0.000489948085 0.5 p1 71252 6
3048 34030872 m2 2074212 -1.40311158e-06 0.5 p1 71275 6
2225 34034173 m2 1506883 -4.21197183e-05 0.5 p1 71292 6
4998 34037298 m2 3412358 -1.25410793e-06 0.5 p1 71309 6
2657 34038140 m2 1803065 -0.000358187332 0.5 p1 71314 6
1898 34044198 m2 1299449 -7.53608049e-07 0.5 p1 71346 6
4452 34045659 m2 3039260 -0.00271975482 0.5 p1 71354 6
3381 34046171 m2 2282296 -0.00193267176 0.5 p1 71357 6
7223 34046685 m2 4968879 -0.00144960906 0.5 p1 71360 6
1932 34047305 m2 1327306 -2.13255225e-05 0.5 p1 71363 6
3139 34048106 m2 2126010 -2.77211626e-07 0.5 p1 71367 6
5368 34051858 m2 3665854 -4.35514667e-05 0.5 p1 71387 6
4170 34052737 m2 2827965 -1.02099e-06 0.5 p1 71392 6
4 34053481 m2 3047 -3.97460497e-07 0.5 p1 71396 6
2062 34060770 m2 1410546 -1.29466798e-07 0.5 p1 71435 6
288 34065332 m2 179524 -0.000274423597 0.5 p1 71459 6
3323 34067541 m2 2239637 -8.80382049e-06 0.5 p1 71471 6
2775 34068733 m2 1884832 -2.57262527e-05 0.5 p1 71477 6
4294 34071035 m2 2920015 -0.000196289941 0.5 p1 71489 6
2874 34081195 m2 1952852 -0.000516510976 0.5 p1 71543 6
271 34083406 m2 171547 -7.05165576e-06 0.5 p1 71555 6
2167 34086343 m2 1475144 -0.00123603002 0.5 p1 71571 6
2378 34087447 m2 1599435 -0.000816086016 0.5 p1 71577 6
980 34088024 m2 660079 -4.91153696e-05 0.5 p1 71580 6
3766 34088056 m2 2555981 -0.000713542395 0.5 p1 71580 6
1006 34090651 m2 677189 -5.85987582e-05 0.5 p1 71594 6
2796 34093906 m2 1902309 -1.44016531e-05 0.5 p1 71611 6
4670 34096291 m2 3205165 -0.000198453577 0.5 p1 71624 6
1225 34098911 m2 834534 -6.38342681e-05 0.5 p1 71638 6
2215 34099753 m2 1500042 -0.000258005603 0.5 p1 71642 6
129 34100943 m2 85664 -0.00318186521 0.5 p1 71649 6
2680 34107211 m2 1818167 -5.00774422e-06 0.5 p1 71683 6
3283 34109888 m2 2212215 -0.00199554022 0.5 p1 71698 6
4487 34110899 m2 3066550 -3.33785749e-07 0.5 p1 71703 6
6955 34111048 m2 4773851 -6.90259014e-08 0.5 p1 71704 6
3099 34111905 m2 2102306 -0.000191220955 0.5 p1 71709 6
3472 34113182 m2 2339323 -0.000863483583 0.5 p1 71715 6
5479 34114253 m2 3733048 -4.83400254e-05 0.5 p1 71721 6
551 34115338 m3 367879 0.000833813567 0.5 p1 71727 6
4386 34115472 m2 2984180 -1.33231913e-06 0.5 p1 71728 6
2663 34116505 m2 1807961 -0.000475338165 0.5 p1 71734 6
6745 34119254 m2 4631466 -2.81593082e-09 0.5 p1 71749 6
2181 34120261 m2 1485236 -0.000100231431 0.5 p1 71754 6
6876 34122027 m2 4723557 -5.09460406e-05 0.5 p1 71763 6
5635 34127517 m2 3847332 -2.19526373e-05 0.5 p1 71794 6
4420 34128499 m2 3008224 -0.00310387695 0.5 p1 71800 6
1007 34130446 m2 677628 -0.000145822196 0.5 p1 71811 6
3258 34130503 m2 2199518 -2.13285603e-06 0.5 p1 71811 6
2644 34134482 m2 1797334 -0.000114821181 0.5 p1 71833 6
6689 34137626 m2 4592576 -0.00208922592 0.5 p1 71851 6
5515 34137864 m2 3762465 -0.000186141013 0.5 p1 71852 6
2098 34137965 m2 1428419 -0.00066849892 0.5 p1 71852 6
6404 34139124 m3 4382158 0.00236350042 0.5 p1 71859 6
3839 34141572 m2 2606149 -0.00197647093 0.5 p1 71872 6
2420 34144201 m2 1628389 -0.00114268588 0.5 p1 71886 6
1923 34145695 m2 1320301 -0.00037665217 0.5 p1 71894 6
2256 34146698 m2 1528611 -1.4167485e-08 0.5 p1 71899 6
4067 34148191 m2 2758867 -7.08994605e-07 0.5 p1 71907 6
2162 34149519 m2 1471100 -8.53513266e-05 0.5 p1 71914 6
1681 34152478 m2 1157546 -3.01235534e-12 0.5 p1 71930 6
3801 34155411 m2 2585179 -1.00010897e-08 0.5 p1 71946 6
4354 34155761 m2 2964912 -2.57772513e-06 0.5 p1 71948 6
744 34157293 m2 510080 -1.15399644e-05 0.5 p1 71957 6
2816 34157804 m2 1914584 -7.47474623e-05 0.5 p1 71960 6
4815 34158173 m2 3298647 -0.000890008698 0.5 p1 71962 6
1028 34158746 m2 687415 -0.000931348302 0.5 p1 71965 6
928 34158785 m2 634468 -9.66370499e-06 0.5 p1 71965 6
4920 34159758 m2 3362249 -4.51903652e-05 0.5 p1 71970 6
4779 34162940 m2 3273861 -9.30285314e-05 0.5 p1 71987 6
6311 34162942 m3 4330232 0.000517119188 0.5 p1 71987 6
2038 34163065 m2 1395244 -8.41289075e-05 0.5 p1 71988 6
6483 34165489 m2 4445677 -0.000304141518 0.5 p1 72001 6
1544 34167961 m2 1050015 -3.64203447e-06 0.5 p1 72014 6
6316 34169681 m2 4331324 -0.00129904272 0.5 p1 72023 6
7190 34171898 m2 4948234 -0.00261745695 0.5 p1 72036 6
6161 34171926 m2 4224782 -1.08875027e-11 0.5 p1 72036 6
4883 34174559 m2 3342340 -0.000268823962 0.5 p1 72050 6
3181 34176216 m2 2162382 -4.95552194e-06 0.5 p1 72059 6
5615 34176443 m2 3833601 -3.80717538e-05 0.5 p1 72061 6
4137 34178477 m2 2805193 -1.33609101e-05 0.5 p1 72072 6
3795 34179214 m2 2580510 -0.000119137498 0.5 p1 72077 6
6237 34179256 m2 4268014 -2.34738422e-07 0.5 p1 72077 6
6117 34182518 m2 4201998 -1.64736084e-05 0.5 p1 72095 6
3385 34183191 m2 2285226 -1.63268342e-05 0.5 p1 72099 6
367 34184661 m2 233153 -4.27584457e-09 0.5 p1 72107 6
107 34187523 m2 70857 -0.000988173415 0.5 p1 72123 6
1446 34187899 m2 986291 -3.79513549e-05 0.5 p1 72126 6
917 34190896 m2 624903 -5.98190081e-06 0.5 p1 72143 6
197 34192544 m2 130792 -8.28577959e-06 0.5 p1 72153 6
2384 34193508 m2 1602489 -9.86342711e-05 0.5 p1 72158 6
6918 34194844 m2 4753339 -0.00124859042 0.5 p1 72166 6
2784 34195854 m2 1891457 -0.000997248106 0.5 p1 72172 6
6276 34196653 m2 4293398 -1.37410925e-05 0.5 p1 72176 6
5773 34196685 m2 3946844 -9.29434023e-08 0.5 p1 72176 6
3160 34197760 m2 2141345 -0.00296581746 0.5 p1 72182 6
3854 34198082 m2 2620596 -0.000392745424 0.5 p1 72184 6
1027 34198331 m2 687277 -7.41909025e-05 0.5 p1 72185 6
1343 34201286 m2 909084 -0.000135688621 0.5 p1 72202 6
2293 34202148 m2 1554440 -0.00159077439 0.5 p1 72207 6
287 34204989 m2 179277 -1.7291361e-06 0.5 p1 72224 6
2302 34205778 m2 1563303 -2.88020565e-05 0.5 p1 72228 6
5875 34210310 m2 4021473 -0.000224328411 0.5 p1 72253 6
6993 34210942 m2 4808417 -0.00134687789 0.5 p1 72256 6
892 34212634 m2 607198 -1.86310808e-05 0.5 p1 72266 6
2721 34213815 m2 1845557 -5.2730393e-11 0.5 p1 72272 6
2732 34219050 m2 1854958 -0.000361087994 0.5 p1 72302 6
103 34222974 m2 68651 -1.47710139e-07 0.5 p1 72324 6
3044 34225447 m2 2066335 -6.12826843e-05 0.5 p1 72339 6
4291 34226137 m2 2918519 -7.5880489e-06 0.5 p1 72343 6
1112 34226308 m2 753497 -1.2612305e-05 0.5 p1 72344 6
4741 34226310 m2 3251229 -3.27678287e-14 0.5 p1 72344 6
4317 34228069 m2 2937026 -0.00162053283 0.5 p1 72354 6
5285 34228245 m2 3608296 -1.58096827e-06 0.5 p1 72355 6
827 34229083 m2 564268 -4.00853795e-09 0.5 p1 72360 6
3855 34229088 m2 2621387 -1.26649627e-06 0.5 p1 72360 6
4223 34229162 m2 2866713 -2.45504452e-05 0.5 p1 72360 6
1818 34232587 m2 1237138 -7.09790311e-06 0.5 p1 72380 6
6969 34232847 m2 4782694 -0.000609240262 0.5 p1 72381 6
6238 34233324 m2 4268245 -3.14355711e-05 0.5 p1 72384 6
445 34233571 m2 286325 -4.04958519e-05 0.5 p1 72385 6
5219 34235851 m2 3566066 -0.000125471866 0.5 p1 72399 6
1268 34238241 m2 860755 -0.000130489032 0.5 p1 72413 6
292 34238323 m2 181730 -4.39141104e-06 0.5 p1 72414 6
585 34250817 m2 396064 -0.00172090589 0.5 p1 72487 6
3689 34251943 m2 2505015 -0.000137834737 0.5 p1 72494 6
4384 34254926 m2 2983969 -0.000713080401 0.5 p1 72510 6
3843 34260050 m2 2611074 -0.002209845 0.5 p1 72540 6
1222 34261043 m2 833449 -4.90474017e-09 0.5 p1 72546 6
1837 34261607 m2 1254499 -2.61787449e-07 0.5 p1 72549 6
313 34262168 m2 190216 -2.05957476e-05 0.5 p1 72552 6
4483 34262418 m2 3063445 -0.00495104399 0.5 p1 72553 6
185 34264012 m2 124823 -2.17297469e-07 0.5 p1 72562 6
3271 34264358 m2 2204848 -0.000810580153 0.5 p1 72564 6
1217 34265932 m2 830316 -0.000144494901 0.5 p1 72573 6
175 34266037 m2 114173 -0.00102025608 0.5 p1 72574 6
538 34268282 m2 357527 -0.00336988899 0.5 p1 72587 6
5701 34268600 m2 3901191 -0.00011594937 0.5 p1 72588 6
2869 34268717 m2 1949879 -2.08649271e-05 0.5 p1 72589 6
186 34271516 m2 126059 -0.00180456915 0.5 p1 72605 6
3827 34272728 m2 2600046 -0.00208377885 0.5 p1 72612 6
3367 34273273 m2 2270201 -2.27897007e-10 0.5 p1 72615 6
1966 34276512 m2 1349223 -0.000747572747 0.5 p1 72634 6
3021 34279521 m2 2048095 -0.000166647747 0.5 p1 72652 6
1752 34283295 m2 1198040 -7.90909871e-06 0.5 p1 72674 6
7269 34291290 m2 4995025 -0.00283939391 0.5 p1 72719 6
494 34291332 m2 324931 -0.000210296115 0.5 p1 72720 6
3302 34291554 m2 2229237 -4.03687084e-09 0.5 p1 72721 6
6400 34292784 m2 4379529 -0.000447407219 0.5 p1 72728 6
5902 34294144 m2 4040212 -7.64160141e-05 0.5 p1 72736 6
2584 34294984 m2 1753189 -1.34309026e-08 0.5 p1 72741 6
1718 34296157 m2 1178129 -2.43698196e-07 0.5 p1 72748 6
5133 34296658 m2 3502817 -1.10615429e-06 0.5 p1 72751 6
6635 34298842 m2 4556359 -0.000178424802 0.5 p1 72764 6
888 34300433 m2 605739 -1.36139761e-06 0.5 p1 72774 6
984 34302738 m2 663436 -0.000109672139 0.5 p1 72787 6
3251 34303583 m2 2195567 -2.59632117e-07 0.5 p1 72792 6
4121 34305640 m2 2792123 -8.14349005e-06 0.5 p1 72804 6
462 34306296 m2 302612 -0.00123671838 0.5 p1 72809 6
7191 34307956 m2 4949513 -0.000395376439 0.5 p1 72819 6
575 34309931 m2 388577 -0.000365089305 0.5 p1 72831 6
2959 34314773 m2 2005311 -2.43529712e-06 0.5 p1 72860 6
5662 34317442 m2 3871648 -1.110276e-06 0.5 p1 72876 6
3851 34318164 m2 2619018 -1.08783247e-07 0.5 p1 72880 6
2193 34319123 m2 1490972 -0.00392248435 0.5 p1 72886 6
235 34319604 m2 148765 -2.08093631e-09 0.5 p1 72888 6
5907 34320153 m2 4044192 -0.00103184278 0.5 p1 72891 6
482 34322061 m2 312742 -0.00152811245 0.5 p1 72902 6
6664 34325965 m2 4573211 -0.000777088688 0.5 p1 72925 6
5967 34327053 m2 4095786 -4.11331541e-07 0.5 p1 72931 6
5658 34327813 m2 3864291 -0.00302679813 0.5 p1 72935 6
4987 34327829 m2 3406017 -0.000881137908 0.5 p1 72935 6
2947 34329056 m2 1995162 -4.29911879e-12 0.5 p1 72942 6
3514 34330266 m2 2374734 -7.58691385e-05 0.5 p1 72950 6
7184 34330560 m2 4940929 -0.000387532724 0.5 p1 72952 6
3226 34331411 m2 2183695 -0.000421967939 0.5 p1 72956 6
6312 34333191 m2 4330334 -0.000150886888 0.5 p1 72967 6
3901 34334823 m2 2652415 -6.53169045e-05 0.5 p1 72977 6
3700 34335599 m2 2512575 -0.000564070302 0.5 p1 72982 6
1838 34338398 m2 1254975 -1.20674642e-07 0.5 p1 72999 6
2200 34339419 m2 1493609 -9.48408342e-06 0.5 p1 73004 6
727 34339449 m2 494366 -2.80776044e-06 0.5 p1 73004 6
6030 34339631 m2 4149707 -0.000367643253 0.5 p1 73005 6
5718 34340828 m2 3912472 -0.000205371398 0.5 p1 73012 6
4349 34342351 m2 2961620 -2.0054427e-09 0.5 p1 73022 6
56 34344638 m2 38005 -3.65051669e-08 0.5 p1 73035 6
4929 34345996 m2 3365733 -4.75521556e-05 0.5 p1 73044 6
5129 34354254 m2 3501544 -1.95756074e-05 0.5 p1 73092 6
5607 34358173 m2 3829950 -0.00513531687 0.5 p1 73115 6
6340 34358174 m2 4345369 -0.000338217156 0.5 p1 73115 6
5968 34360980 m2 4096484 -0.000134770758 0.5 p1 73131 6
3890 34362617 m2 2646653 -3.55478369e-10 0.5 p1 73141 6
3578 34363490 m2 2428774 -1.75690675e-05 0.5 p1 73146 6
5431 34364227 m2 3705820 -1.29122668e-06 0.5 p1 73150 6
6569 34365150 m2 4510575 -4.80561648e-05 0.5 p1 73156 6
4441 34368323 m2 3031431 -1.50782432e-06 0.5 p1 73175 6
5934 34369154 m2 4064475 -1.76557398e-06 0.5 p1 73179 6
5859 34374115 m2 4007607 -0.000312760065 0.5 p1 73209 6
2612 34382144 m2 1770699 -0.000138855758 0.5 p1 73257 6
408 34384919 m2 259388 -2.00051909e-06 0.5 p1 73273 6
416 34385885 m2 266718 -0.00125316787 0.5 p1 73279 6
7168 34387318 m2 4932641 -0.000336670462 0.5 p1 73287 6
5799 34388937 m2 3966463 -7.19701347e-05 0.5 p1 73297 6
23 34389875 m2 14568 -1.32337791e-05 0.5 p1 73303 6
5622 34390147 m2 3837128 -0.00442891708 0.5 p1 73304 6
2747 34390370 m2 1866460 -0.000641496212 0.5 p1 73306 6
2184 34393173 m2 1486417 -0.00114197377 0.5 p1 73323 6
6950 34398322 m2 4771741 -0.000271721452 0.5 p1 73353 6
3590 34401211 m2 2437332 -0.000518853893 0.5 p1 73370 6
4068 34405859 m2 2759079 -0.000395757699 0.5 p1 73398 6
3667 34410235 m3 2491028 0.000497616827 0.5 p1 73424 6
3994 34411649 m2 2707369 -2.69946066e-09 0.5 p1 73432 6
3262 34414050 m2 2201681 -3.67893875e-07 0.5 p1 73446 6
6393 34414913 m2 4374913 -0.00131989317 0.5 p1 73451 6
181 34417221 m2 120519 -5.0539089e-05 0.5 p1 73465 6
2977 34417680 m2 2018775 -4.2958367e-05 0.5 p1 73468 6
1420 34418851 m2 969575 -0.00273872656 0.5 p1 73475 6
4936 34419148 m2 3374089 -2.62951635e-05 0.5 p1 73477 6
6283 34419476 m2 4297394 -0.00116501446 0.5 p1 73479 6
7124 34421437 m2 4896150 -6.33701056e-05 0.5 p1 73491 6
2805 34421920 m2 1908245 -0.00133260328 0.5 p1 73494 6
6574 34423151 m2 4512693 -6.01988904e-06 0.5 p1 73502 6
3510 34424381 m2 2371262 -0.00415053545 0.5 p1 73509 6
3348 34425359 m2 2258876 -1.5515966e-06 0.5 p1 73515 6
6758 34428241 m2 4643318 -8.76141348e-06 0.5 p1 73532 6
2671 34430151 m2 1813706 -0.000687998428 0.5 p1 73544 6
1301 34430519 m2 879986 -9.09811133e-05 0.5 p1 73546 6
3291 34435569 m2 2218917 -0.00138768076 0.5 p1 73576 6
3594 34436936 m2 2439131 -0.000167804857 0.5 p1 73584 6
4378 34437423 m2 2978238 -8.0315458e-06 0.5 p1 73587 6
1822 34440025 m2 1240692 -0.00116832706 0.5 p1 73604 6
6289 34440886 m2 4308746 -9.14815246e-08 0.5 p1 73609 6
1380 34440905 m2 941590 -0.00180317683 0.5 p1 73609 6
5386 34441059 m2 3674903 -0.000682326558 0.5 p1 73610 6
6578 34441628 m2 4516247 -0.000340848783 0.5 p1 73614 6
2976 34444584 m2 2016170 -3.21481457e-06 0.5 p1 73631 6
119 34445100 m2 77488 -9.99427243e-08 0.5 p1 73634 6
708 34445101 m2 484423 -7.38070739e-05 0.5 p1 73634 6
6930 34446470 m2 4760460 -0.00403464865 0.5 p1 73643 6
7065 34447352 m2 4852574 -6.91987088e-06 0.5 p1 73648 6
4997 34448362 m2 3410893 -0.000262890622 0.5 p1 73654 6
2757 34449566 m2 1872107 -0.00060945889 0.5 p1 73661 6
277 34450722 m2 175579 -9.85338193e-06 0.5 p1 73668 6
2639 34450925 m2 1792366 -0.000122603451 0.5 p1 73669 6
5294 34451342 m2 3613174 -1.0955174e-06 0.5 p1 73672 6
5053 34452311 m2 3446223 -0.000131634049 0.5 p1 73678 6
1020 34456512 m2 682629 -3.34232682e-05 0.5 p1 73703 6
2018 34458980 m2 1378179 -0.00197985373 0.5 p1 73718 6
2538 34459007 m2 1716094 -0.00180787162 0.5 p1 73718 6
3961 34460890 m2 2689996 -0.000524854171 0.5 p1 73729 6
5206 34463270 m2 3560385 -0.00276778336 0.5 p1 73744 6
2593 34463931 m2 1758713 -1.52787209e-07 0.5 p1 73749 6
2664 34467935 m2 1808018 -0.00109363208 0.5 p1 73773 6
5407 34468388 m3 3688973 0.000677588047 0.5 p1 73776 6
5030 34469421 m2 3431123 -3.4839695e-14 0.5 p1 73782 6
4368 34471938 m2 2971820 -0.0057770554 0.5 p1 73798 6
6751 34472327 m2 4638157 -1.71220893e-06 0.5 p1 73800 6
2314 34474523 m2 1568552 -0.00178864144 0.5 p1 73814 6
1791 34474825 m2 1220518 -3.3450911e-07 0.5 p1 73816 6
3687 34475205 m2 2503964 -0.0010434835 0.5 p1 73818 6
3647 34478865 m2 2478747 -5.30027937e-05 0.5 p1 73840 6
3379 34478900 m2 2282084 -0.000438520452 0.5 p1 73841 6
4648 34479003 m2 3188216 -0.000828168821 0.5 p1 73841 6
4052 34479568 m2 2746272 -8.4107618e-05 0.5 p1 73845 6
788 34481959 m2 537833 -0.000342635787 0.5 p1 73860 6
1720 34485550 m2 1180278 -5.45920057e-06 0.5 p1 73882 6
6341 34485551 m2 4347414 -7.68824975e-05 0.5 p1 73882 6
810 34487785 m2 551511 -0.000282167835 0.5 p1 73895 6
682 34489163 m2 463601 -0.000650628412 0.5 p1 73903 6
3605 34489399 m2 2448483 -2.76020887e-06 0.5 p1 73904 6
2882 34494294 m2 1956989 -0.00266611739 0.5 p1 73933 6
2844 34495126 m2 1933269 -0.000998333329 0.5 p1 73939 6
7047 34503539 m2 4845352 -0.000595196674 0.5 p1 73989 6
4803 34503636 m2 3292734 -0.00314970873 0.5 p1 73990 6
5391 34504324 m2 3677278 -0.00125910912 0.5 p1 73994 6
6669 34504720 m2 4575086 -0.000260057335 0.5 p1 73996 6
2082 34505364 m2 1419000 -0.000245706615 0.5 p1 74000 6
4738 34506954 m3 3250009 0.000555781764 0.5 p1 74009 6
4925 34509949 m2 3364272 -2.32362117e-06 0.5 p1 74027 6
3832 34510583 m2 2603629 -0.000924026303 0.5 p1 74031 6
1005 34511633 m2 676366 -0.000533223734 0.5 p1 74038 6
3550 34512566 m2 2409695 -6.18399717e-05 0.5 p1 74044 6
5209 34513752 m2 3561609 -8.07338074e-05 0.5 p1 74051 6
487 34515017 m2 315987 -0.00084367505 0.5 p1 74059 6
2164 34515084 m2 1472073 -5.15103205e-09 0.5 p1 74059 6
3326 34515369 m2 2242188 -1.44087908e-05 0.5 p1 74061 6
6185 34515525 m2 4238559 -0.00144177768 0.5 p1 74062 6
5004 34518981 m2 3418124 -0.000724947196 0.5 p1 74083 6
3593 34522512 m2 2438581 -5.36496964e-06 0.5 p1 74104 6
7057 34526180 m2 4851088 -7.04575141e-05 0.5 p1 74127 6
2046 34529048 m2 1401056 -6.78226843e-13 0.5 p1 74144 6
6922 34529118 m2 4754952 -9.89363036e-10 0.5 p1 74145 6
4792 34534198 m2 3281959 -3.01631808e-05 0.5 p1 74175 6
3034 34536946 m2 2057276 -0.000129686625 0.5 p1 74192 6
1055 34539070 m2 707199 -0.000246282405 0.5 p1 74204 6
5229 34544339 m2 3570670 -0.000538313063 0.5 p1 74238 6
1582 34546524 m2 1072332 -4.22604853e-06 0.5 p1 74251 6
6022 34546987 m2 4146663 -0.000403556507 0.5 p1 74254 6
2673 34547824 m2 1814213 -0.000673255883 0.5 p1 74260 6
5856 34548020 m2 4005930 -0.000294701371 0.5 p1 74261 6
583 34548544 m2 394209 -8.94938203e-05 0.5 p1 74264 6
509 34549824 m2 339603 -2.63425079e-07 0.5 p1 74272 6
4983 34550891 m2 3401196 -1.60404724e-07 0.5 p1 74279 6
2141 34554439 m2 1455284 -0.000857506122 0.5 p1 74301 6
4657 34554722 m2 3195385 -0.000200045717 0.5 p1 74302 6
3174 34557791 m2 2152682 -0.00024945222 0.5 p1 74322 6
2159 34558069 m2 1467841 -0.00010498293 0.5 p1 74323 6
4533 34561460 m2 3095283 -0.00186166959 0.5 p1 74345 6
1717 34562144 m2 1177302 -8.78496867e-05 0.5 p1 74349 6
6493 34563148 m2 4452997 -0.00015030356 0.5 p1 74355 6
2093 34563928 m2 1424187 -7.90848026e-06 0.5 p1 74360 6
4911 34564525 m2 3354876 -0.000165220685 0.5 p1 74364 6
4295 34564810 m2 2920181 -0.00421052892 0.5 p1 74365 6
5957 34565909 m2 4088783 -0.00428061653 0.5 p1 74372 6
4201 34566423 m2 2853443 -0.00090401835 0.5 p1 74376 6
4479 34566938 m2 3061949 -1.08769136e-05 0.5 p1 74379 6
2983 34568619 m2 2021889 -1.08988796e-09 0.5 p1 74389 6
1524 34569851 m2 1037585 -1.40879524e-06 0.5 p1 74397 6
4776 34571720 m2 3270989 -0.00173795316 0.5 p1 74408 6
5430 34572909 m2 3705740 -0.000618768856 0.5 p1 74416 6
2319 34573131 m2 1571038 -0.000369129702 0.5 p1 74417 6
1041 34573235 m2 697149 -0.000564354821 0.5 p1 74418 6
3984 34576247 m2 2702249 -5.77240522e-09 0.5 p1 74436 6
1211 34583456 m2 827238 -7.07855143e-05 0.5 p1 74480 6
6613 34584801 m2 4543171 -1.18482489e-11 0.5 p1 74489 6
4078 34586674 m2 2763552 -2.90714688e-05 0.5 p1 74500 6
6873 34588150 m2 4721267 -3.34895776e-05 0.5 p1 74509 6
2852 34588160 m2 1939661 -1.97702299e-08 0.5 p1 74509 6
4721 34590506 m2 3238063 -1.71947158e-06 0.5 p1 74524 6
5398 34592693 m2 3680616 -0.000941972423 0.5 p1 74538 6
4292 34592800 m2 2918565 -2.98447508e-12 0.5 p1 74538 6
5610 34592905 m2 3832022 -6.94401024e-07 0.5 p1 74539 6
3657 34594729 m2 2486223 -0.000654239149 0.5 p1 74550 6
3564 34595707 m3 2419361 0.000867311319 0.5 p1 74555 6
2722 34597388 m2 1846563 -1.68246899e-07 0.5 p1 74566 6
4757 34597884 m2 3261607 -0.000824148126 0.5 p1 74569 6
1753 34602714 m2 1198683 -0.000195369154 0.5 p1 74600 6
419 34603313 m2 268210 -0.000398048753 0.5 p1 74603 6
1158 34604290 m2 788155 -1.52261046e-05 0.5 p1 74610 6
5839 34604408 m2 3997545 -0.001133185 0.5 p1 74611 6
5039 34606600 m2 3439488 -4.31888258e-09 0.5 p1 74624 6
4633 34607160 m2 3173645 -0.000356593955 0.5 p1 74628 6
4127 34607193 m2 2796634 -0.00260647922 0.5 p1 74629 6
7247 34607721 m2 4978468 -3.75430063e-05 0.5 p1 74632 6
3595 34609612 m2 2440085 -0.000139258031 0.5 p1 74644 6
2406 34611747 m2 1618022 -0.00296832202 0.5 p1 74658 6
2094 34614194 m2 1424427 -0.000109651824 0.5 p1 74674 6
222 34615432 m2 142122 -0.00110947306 0.5 p1 74682 6
3499 34616230 m2 2358672 -0.000343856344 0.5 p1 74687 6
619 34616356 m2 418602 -0.00203283411 0.5 p1 74687 6
611 34617273 m2 414832 -0.000259082677 0.5 p1 74693 6
58 34617747 m2 38141 -0.000474770641 0.5 p1 74696 6
5978 34619205 m2 4101319 -0.00180897582 0.5 p1 74704 6
1382 34621722 m2 943686 -0.000100783451 0.5 p1 74720 6
1644 34621939 m2 1122680 -0.0029178902 0.5 p1 74721 6
5545 34623028 m2 3784484 -0.000522205955 0.5 p1 74728 6
6798 34624120 m2 4674574 -2.66911866e-06 0.5 p1 74734 6
6190 34624773 m2 4243526 -0.000476014684 0.5 p1 74738 6
1583 34627839 m2 1072963 -0.00726219267 0.5 p1 74758 6
4042 34627913 m2 2741976 -0.000525608542 0.5 p1 74758 6
4310 34630705 m2 2933052 -0.00126098865 0.5 p1 74776 6
639 34632891 m2 434466 -0.000368399546 0.5 p1 74789 6
5087 34633505 m2 3469493 -0.00011807734 0.5 p1 74794 6
1675 34634235 m2 1154746 -3.73833196e-08 0.5 p1 74798 6
256 34635895 m2 163031 -6.30607519e-06 0.5 p1 74809 6
2458 34636949 m2 1658435 -0.00226129359 0.5 p1 74815 6
602 34639574 m2 408105 -0.000459166447 0.5 p1 74831 6
4527 34639907 m2 3090055 -7.34261452e-09 0.5 p1 74833 6
5193 34644462 m2 3552944 -0.000411484303 0.5 p1 74861 6
6125 34646463 m2 4206019 -0.00192161056 0.5 p1 74874 6
3495 34646883 m2 2354546 -0.000313089899 0.5 p1 74877 6
4213 34648095 m2 2860113 -0.0102668582 0.5 p1 74884 6
2726 34648500 m2 1850366 -9.94734437e-05 0.5 p1 74887 6
4099 34649053 m2 2779125 -0.000112059803 0.5 p1 74890 6
1521 34649655 m2 1035405 -0.000418793119 0.5 p1 74894 6
4430 34650812 m2 3021617 -0.000204509197 0.5 p1 74901 6
3728 34652727 m2 2528756 -7.63786545e-08 0.5 p1 74913 6
1056 34654679 m2 709676 -0.00178235222 0.5 p1 74925 6
1204 34656597 m2 821906 -0.00239416887 0.5 p1 74937 6
1377 34657048 m2 939058 -0.000815729785 0.5 p1 74940 6
4687 34657979 m2 3213702 -6.21218493e-11 0.5 p1 74946 6
4845 34659545 m2 3317471 -0.00703963777 0.5 p1 74956 6
5439 34659769 m2 3709107 -3.13325432e-09 0.5 p1 74957 6
6981 34659924 m2 4793258 -8.81448664e-11 0.5 p1 74958 6
4143 34660811 m2 2810016 -0.000341575156 0.5 p1 74964 6
5885 34665028 m2 4028333 -1.17400159e-05 0.5 p1 74992 6
1149 34667639 m2 778861 -0.000515695836 0.5 p1 75008 6
5559 34671148 m2 3792450 -0.000904315559 0.5 p1 75032 6
2668 34672288 m2 1812207 -2.0118885e-05 0.5 p1 75039 6
3717 34674142 m2 2521711 -8.51490313e-07 0.5 p1 75051 6
3210 34675932 m2 2173723 -0.00629688241 0.5 p1 75062 6
1528 34676498 m2 1038022 -0.000391801877 0.5 p1 75066 6
5541 34676608 m2 3782348 -0.000263460301 0.5 p1 75067 6
749 34677738 m2 513475 -5.35149047e-05 0.5 p1 75075 6
5381 34678760 m2 3672701 -0.000454786466 0.5 p1 75081 6
5356 34679517 m2 3656580 -0.00146252848 0.5 p1 75086 6
4014 34680757 m2 2721927 -4.87925172e-05 0.5 p1 75094 6
6142 34691422 m2 4211356 -0.000334213662 0.5 p1 75162 6
6631 34691862 m2 4552783 -0.000469069608 0.5 p1 75165 6
80 34693239 m2 51569 -0.00402485207 0.5 p1 75175 6
3768 34696475 m2 2558483 -0.0054585347 0.5 p1 75196 6
587 34696685 m2 397620 -1.50927187e-11 0.5 p1 75197 6
4425 34697618 m2 3013033 -0.000245912059 0.5 p1 75204 6
2335 34697949 m2 1579089 -0.00170371728 0.5 p1 75206 6
3397 34699292 m2 2290134 -0.00104826177 0.5 p1 75215 6
974 34700076 m2 658446 -8.19463537e-07 0.5 p1 75221 6
3234 34701152 m2 2187348 -0.000428045314 0.5 p1 75228 6
1155 34702006 m2 782637 -2.11822171e-05 0.5 p1 75234 6
4492 34703782 m2 3071092 -0.00552768074 0.5 p1 75245 6
1866 34706251 m2 1277695 -0.0011927681 0.5 p1 75262 6
4481 34706446 m2 3062113 -3.55901335e-07 0.5 p1 75263 6
6189 34706871 m2 4242980 -0.000121043158 0.5 p1 75266 6
6196 34711227 m2 4245439 -6.50574213e-13 0.5 p1 75295 6
4928 34713434 m2 3365528 -5.50802724e-07 0.5 p1 75310 6
4770 34716559 m2 3267285 -0.00413691206 0.5 p1 75331 6
4257 34719280 m2 2893937 -1.90818969e-06 0.5 p1 75350 6
3221 34719795 m3 2180415 0.000478841248 0.5 p1 75353 6
3567 34722704 m2 2423269 -5.10586106e-05 0.5 p1 75373 6
636 34722921 m2 431934 -4.2558856e-08 0.5 p1 75374 6
2385 34724564 m2 1603036 -0.000398014148 0.5 p1 75385 6
4613 34724910 m2 3156727 -0.0018723699 0.5 p1 75388 6
4177 34726170 m2 2831668 -1.11445331e-06 0.5 p1 75397 6
1750 34728525 m2 1197125 -0.00130742544 0.5 p1 75413 6
891 34728743 m2 606981 -0.00286889542 0.5 p1 75415 6
6086 34730272 m2 4183454 -9.48902956e-10 0.5 p1 75426 6
5392 34731413 m2 3678837 -0.00193430844 0.5 p1 75434 6
4474 34731666 m2 3057691 -5.99194361e-10 0.5 p1 75435 6
4077 34742398 m2 2762563 -0.000441266951 0.5 p1 75510 6
4246 34745329 m2 2880268 -6.39731225e-05 0.5 p1 75530 6
967 34746398 m2 655231 -7.56841629e-08 0.5 p1 75538 6
6903 34748847 m2 4738608 -2.39801381e-07 0.5 p1 75554 6
5309 34750172 m2 3627947 -5.11222287e-10 0.5 p1 75563 6
2294 34753190 m2 1555536 -5.09592546e-09 0.5 p1 75584 6
4388 34754072 m2 2986206 -0.000202198426 0.5 p1 75590 6
1450 34754851 m2 989760 -2.12999687e-10 0.5 p1 75595 6
3772 34756142 m2 2563818 -7.57880116e-05 0.5 p1 75604 6
208 34757186 m2 136308 -0.00345460325 0.5 p1 75611 6
7194 34757414 m2 4952410 -0.000223523617 0.5 p1 75613 6
6054 34758746 m2 4168473 -0.000105721665 0.5 p1 75622 6
7012 34760611 m2 4824933 -0.0052007786 0.5 p1 75636 6
6213 34761365 m2 4256335 -0.00037143589 0.5 p1 75641 6
4468 34761373 m2 3051022 -0.000890373718 0.5 p1 75641 6
2137 34763741 m2 1452309 -0.000251781457 0.5 p1 75658 6
3783 34764830 m2 2575774 -2.53551161e-06 0.5 p1 75666 6
2535 34766384 m2 1715287 -5.08125764e-09 0.5 p1 75676 6
882 34767213 m2 602497 -2.67095347e-05 0.5 p1 75682 6
343 34767602 m2 214802 -0.000118831318 0.5 p1 75685 6
610 34767872 m2 414282 -0.00264340313 0.5 p1 75687 6
5858 34768861 m2 4007352 -0.000184624994 0.5 p1 75693 6
883 34769046 m2 602570 -4.69918937e-10 0.5 p1 75694 6
3208 34771487 m2 2173615 -8.46616895e-05 0.5 p1 75712 6
4278 34773534 m2 2911263 -0.000159016927 0.5 p1 75726 6
5093 34775319 m2 3475953 -7.93905474e-06 0.5 p1 75738 6
5969 34775541 m2 4096589 -0.000200277966 0.5 p1 75740 6
1008 34776035 m2 677780 -0.000274544174 0.5 p1 75743 6
6608 34776130 m2 4537349 -0.000254793616 0.5 p1 75744 6
4844 34777817 m2 3315365 -1.29531127e-05 0.5 p1 75756 6
3923 34779026 m2 2664843 -6.17756177e-06 0.5 p1 75765 6
6559 34783185 m2 4501382 -1.53203418e-05 0.5 p1 75794 6
5300 34783571 m2 3621363 -0.000182679854 0.5 p1 75797 6
1784 34790576 m2 1216555 -2.7739386e-06 0.5 p1 75846 6
7068 34791440 m2 4854066 -2.31378381e-05 0.5 p1 75852 6
6683 34792257 m2 4585382 -0.00140334258 0.5 p1 75858 6
87 34792518 m2 55438 -0.000342766521 0.5 p1 75860 6
1128 34794636 m2 761782 -0.00300050783 0.5 p1 75875 6
5983 34796833 m2 4109897 -8.35305673e-06 0.5 p1 75890 6
3799 34797908 m2 2584321 -0.000302461616 0.5 p1 75898 6
6035 34799521 m2 4151565 -0.000292048848 0.5 p1 75909 6
3101 34800039 m2 2102812 -0.000159660616 0.5 p1 75913 6
3982 34800063 m2 2701024 -0.00117452 0.5 p1 75914 6
4164 34802976 m2 2826377 -2.12952445e-13 0.5 p1 75935 6
3909 34805724 m2 2657155 -0.000752388791 0.5 p1 75955 6
2213 34806459 m2 1499188 -0.000368183682 0.5 p1 75960 6
663 34806612 m2 452550 -0.00632304093 0.5 p1 75961 6
4991 34807584 m2 3408530 -0.000499346177 0.5 p1 75968 6
5592 34809679 m2 3818805 -2.69201405e-06 0.5 p1 75982 6
4772 34810588 m2 3269278 -1.27346951e-08 0.5 p1 75989 6
6043 34813096 m2 4158574 -2.21424107e-05 0.5 p1 76006 6
2250 34814126 m2 1523952 -0.00555741228 0.5 p1 76013 6
5249 34815602 m2 3586645 -2.11342613e-05 0.5 p1 76024 6
6984 34816787 m2 4794437 -1.4117694e-07 0.5 p1 76032 6
394 34819951 m2 251156 -0.00016726405 0.5 p1 76055 6
2867 34821099 m2 1946755 -0.00175111718 0.5 p1 76063 6
5345 34821541 m2 3647939 -6.82747747e-10 0.5 p1 76066 6
4614 34822523 m2 3157486 -0.000156025068 0.5 p1 76073 6
3445 34824521 m2 2320796 -0.000153614819 0.5 p1 76088 6
5242 34826723 m2 3581359 -0.0010528866 0.5 p1 76105 6
7004 34827060 m2 4816235 -3.32466286e-08 0.5 p1 76107 6
997 34828610 m2 669151 -7.38702511e-07 0.5 p1 76118 6
166 34829752 m2 108856 -0.000579919724 0.5 p1 76127 6
6511 34833070 m2 4464758 -0.00455420651 0.5 p1 76152 6
1372 34834460 m2 935002 -0.000301289692 0.5 p1 76162 6
1181 34836913 m2 805643 -3.92314178e-06 0.5 p1 76180 6
2875 34840610 m3 1953560 0.00235013827 0.5 p1 76207 6
3490 34841996 m2 2351190 -0.0012136451 0.5 p1 76216 6
6331 34842028 m2 4340306 -0.000682525279 0.5 p1 76217 6
2912 34843077 m2 1974641 -0.0128994277 0.5 p1 76225 6
7133 34843574 m2 4903477 -0.000121118901 0.5 p1 76229 6
1352 34844430 m2 915446 -0.00257923943 0.5 p1 76235 6
6183 34853166 m2 4237877 -0.000121369325 0.5 p1 76298 6
2897 34853344 m2 1967159 -0.000781520794 0.5 p1 76299 6
3532 34854714 m2 2394978 -5.15436986e-05 0.5 p1 76310 6
167 34855576 m2 108916 -6.21391973e-06 0.5 p1 76316 6
5011 34855724 m2 3422300 -8.90329029e-05 0.5 p1 76317 6
2582 34857681 m2 1750454 -0.000127531239 0.5 p1 76332 6
7081 34858200 m2 4866470 -0.000532888924 0.5 p1 76336 6
2638 34862010 m2 1789353 -9.02630636e-05 0.5 p1 76365 6
350 34862765 m2 217494 -0.000838692067 0.5 p1 76371 6
3475 34862881 m2 2340635 -9.04693422e-08 0.5 p1 76371 6
4899 34867817 m2 3348674 -0.000150211621 0.5 p1 76408 6
3844 34868292 m2 2611548 -0.000553182268 0.5 p1 76412 6
2344 34868559 m2 1580415 -0.000112521833 0.5 p1 76413 6
4240 34869202 m2 2877601 -0.000105783511 0.5 p1 76418 6
4432 34872508 m2 3022420 -3.1657888e-05 0.5 p1 76440 6
5893 34872821 m2 4033047 -0.00405283133 0.5 p1 76443 6
3504 34873880 m2 2363338 -0.00138104311 0.5 p1 76451 6
5060 34879157 m2 3449333 -2.98878058e-06 0.5 p1 76487 6
3266 34879496 m2 2203079 -3.89761908e-06 0.5 p1 76490 6
2576 34879651 m2 1744903 -0.000925949775 0.5 p1 76491 6
2214 34879885 m2 1499886 -0.00192387402 0.5 p1 76493 6
399 34882671 m2 253655 -7.33899506e-05 0.5 p1 76512 6
1609 34882672 m2 1096190 -3.02051303e-05 0.5 p1 76512 6
5301 34883019 m2 3621542 -0.00244669057 0.5 p1 76515 6
1148 34884442 m2 778803 -7.05310886e-05 0.5 p1 76525 6
628 34884485 m2 426936 -0.000332287484 0.5 p1 76526 6
2287 34888377 m2 1552135 -8.46777084e-08 0.5 p1 76555 6
5836 34890551 m2 3994105 -1.59555518e-12 0.5 p1 76572 6
2560 34891921 m2 1734971 -0.000620185689 0.5 p1 76583 6
4424 34894109 m2 3011538 -0.000262610702 0.5 p1 76600 6
1603 34894587 m2 1094382 -0.00359982136 0.5 p1 76604 6
2468 34895561 m2 1663663 -0.00101149094 0.5 p1 76611 6
940 34896264 m2 640794 -0.000746232807 0.5 p1 76616 6
4977 34898747 m2 3396753 -0.000196838533 0.5 p1 76635 6
5678 34899104 m2 3880552 -0.000656893768 0.5 p1 76637 6
5044 34901415 m2 3442794 -2.51472102e-05 0.5 p1 76655 6
6494 34902865 m2 4453315 -1.69710987e-07 0.5 p1 76666 6
2831 34903183 m2 1926264 -0.00069765083 0.5 p1 76669 6
37 34904970 m2 20840 -0.00379750412 0.5 p1 76683 6
5227 34907596 m2 3570297 -3.47528367e-05 0.5 p1 76702 6
4799 34907645 m2 3289187 -0.000562297064 0.5 p1 76703 6
1546 34908119 m2 1051040 -4.40041294e-05 0.5 p1 76707 6
2036 34910500 m2 1394589 -0.00356835756 0.5 p1 76723 6
6232 34910764 m2 4265972 -2.51358215e-05 0.5 p1 76725 6
3428 34911207 m2 2308569 -0.00041706115 0.5 p1 76728 6
4214 34912037 m2 2860141 -0.00141557166 0.5 p1 76735 6
7011 34915342 m2 4824053 -0.00403690804 0.5 p1 76760 6
2076 34916777 m2 1416182 -0.00222256919 0.5 p1 76770 6
1132 34917965 m2 763369 -7.4780987e-10 0.5 p1 76779 6
1648 34918900 m2 1123574 -0.000803162518 0.5 p1 76785 6
1600 34919047 m2 1088017 -0.00034903863 0.5 p1 76786 6
3992 34919414 m2 2707119 -0.00122917606 0.5 p1 76789 6
6982 34919885 m2 4793699 -4.90764718e-09 0.5 p1 76792 6
6219 34924949 m2 4259615 -0.00575349014 0.5 p1 76829 6
3104 34925989 m2 2107137 -0.00246002059 0.5 p1 76836 6
6811 34930164 m2 4686112 -9.3286971e-08 0.5 p1 76868 6
1048 34930189 m2 699391 -0.00355281378 0.5 p1 76868 6
5085 34930198 m2 3469181 -4.46191166e-07 0.5 p1 76868 6
3857 34931379 m2 2622642 -1.45028582e-06 0.5 p1 76877 6
1515 34936363 m2 1032927 -0.00254698866 0.5 p1 76914 6
1766 34937671 m2 1204685 -0.00170957658 0.5 p1 76923 6
4982 34939440 m2 3400001 -0.000565681665 0.5 p1 76937 6
1354 34939923 m2 916344 -8.60216169e-05 0.5 p1 76940 6
5553 34940660 m2 3788206 -0.000375678355 0.5 p1 76946 6
1563 34943130 m2 1062473 -0.00311567727 0.5 p1 76965 6
1913 34947232 m2 1310701 -0.00236620801 0.5 p1 76997 6
1187 34948184 m2 813639 -0.000256245548 0.5 p1 77004 6
6889 34948544 m2 4732109 -2.18016557e-05 0.5 p1 77007 6
1523 34949103 m2 1036374 -0.000130191111 0.5 p1 77011 6
5942 34949439 m2 4072637 -0.000442742952 0.5 p1 77013 6
604 34949714 m2 408984 -1.61793139e-08 0.5 p1 77015 6
3891 34953359 m2 2647701 -0.00101016089 0.5 p1 77041 6
4559 34954720 m2 3112374 -0.00828666426 0.5 p1 77051 6
2456 34955000 m2 1658107 -3.54769054e-06 0.5 p1 77054 6
2281 34955445 m2 1548185 -1.49779307e-05 0.5 p1 77057 6
6720 34956953 m2 4613601 -1.75960597e-08 0.5 p1 77068 6
3156 34957403 m2 2138265 -0.00180951168 0.5 p1 77072 6
3527 34958321 m2 2390098 -0.000569604977 0.5 p1 77078 6
654 34963506 m2 447931 -3.47339665e-05 0.5 p1 77118 6
7217 34969938 m2 4965834 -6.46180115e-06 0.5 p1 77169 6
1519 34969962 m2 1034693 -8.40503053e-05 0.5 p1 77170 6
161 34970694 m3 107307 0.0016537559 0.5 p1 77175 6
5496 34973398 m2 3741622 -0.00186318485 0.5 p1 77197 6
2025 34976293 m2 1384145 -0.00058026344 0.5 p1 77221 6
6521 34976568 m2 4469300 -3.53183538e-07 0.5 p1 77223 6
3926 34978274 m2 2666581 -5.19673051e-07 0.5 p1 77237 6
3450 34980356 m2 2322970 -8.5005749e-16 0.5 p1 77253 6
1836 34980602 m2 1253619 -2.48776487e-05 0.5 p1 77255 6
6445 34980800 m2 4412034 -1.03211551e-05 0.5 p1 77257 6
2813 34982575 m2 1911675 -1.29978298e-05 0.5 p1 77272 6
5141 34983481 m2 3507370 -6.96081726e-09 0.5 p1 77279 6
5964 34984514 m3 4094820 0.000454959198 0.5 p1 77287 6
9 34984991 m2 6205 -2.94685432e-08 0.5 p1 77291 6
5619 34987648 m2 3835205 -1.55412199e-05 0.5 p1 77312 6
455 34988246 m2 294978 -0.00135175081 0.5 p1 77317 6
5593 34988336 m2 3818966 -0.000107096377 0.5 p1 77317 6
5006 34992168 m2 3419368 -0.000495666813 0.5 p1 77348 6
2267 34998232 m2 1537870 -0.00172816997 0.5 p1 77395 6
2782 34998874 m2 1889498 -0.000477751368 0.5 p1 77400 6
147 34999938 m2 97542 -0.00063736114 0.5 p1 77409 6
1995 35000665 m2 1366903 -0.00179376639 0.5 p1 77415 6
4758 35000725 m2 3261913 -0.00769814476 0.5 p1 77416 6
3807 35002175 m2 2587785 -0.000223733005 0.5 p1 77427 6
128 35002936 m2 84704 -0.00296659186 0.5 p1 77434 6
3466 35004377 m2 2332769 -0.00425053155 0.5 p1 77445 6
6863 35004946 m2 4715993 -0.0017442744 0.5 p1 77450 6
1220 35007668 m2 832582 -4.3947562e-08 0.5 p1 77472 6
2622 35009303 m2 1778546 -4.29333932e-06 0.5 p1 77486 6
1334 35009309 m2 902256 -0.00120221858 0.5 p1 77486 6
4130 35011812 m2 2797428 -0.000306792615 0.5 p1 77506 6
1747 35012984 m2 1195994 -2.4173507e-05 0.5 p1 77516 6
3492 35014267 m2 2351437 -0.00112216745 0.5 p1 77527 6
360 35014869 m2 223094 -0.000449628307 0.5 p1 77532 6
3828 35015187 m2 2600633 -2.11151246e-06 0.5 p1 77534 6
4316 35018142 m2 2936961 -0.00326976134 0.5 p1 77558 6
722 35019054 m2 492950 -0.00174137298 0.5 p1 77566 6
3463 35019079 m2 2331991 -0.000881459098 0.5 p1 77566 6
3708 35019232 m2 2517030 -0.00726393191 0.5 p1 77567 6
52 35019966 m2 35148 -0.000285624759 0.5 p1 77573 6
3353 35020839 m2 2263697 -0.000704695529 0.5 p1 77580 6
1472 35022098 m2 1006313 -4.07432344e-05 0.5 p1 77591 6
954 35025251 m2 648311 -0.00058523292 0.5 p1 77615 6
7150 35026065 m2 4914662 -0.00028098718 0.5 p1 77622 6
1127 35026453 m2 761265 -0.000554380647 0.5 p1 77625 6
1951 35026501 m2 1342254 -0.000640978687 0.5 p1 77625 6
6712 35028802 m2 4608177 -2.25653675e-05 0.5 p1 77643 6
5683 35029453 m2 3884592 -0.00252521923 0.5 p1 77649 6
6741 35029938 m2 4625564 -0.00213229889 0.5 p1 77653 6
6884 35030197 m3 4729254 0.00179385126 0.5 p1 77656 6
253 35030624 m3 160801 0.00240453286 0.5 p1 77659 6
1378 35030662 m2 939303 -0.00023730738 0.5 p1 77660 6
738 35030877 m2 505142 -8.12867074e-05 0.5 p1 77662 6
3255 35031237 m2 2197984 -2.43417144e-05 0.5 p1 77664 6
3194 35032564 m2 2168919 -0.0002623529 0.5 p1 77675 6
1292 35039166 m2 871374 -0.00010095202 0.5 p1 77730 6
4513 35041751 m2 3083592 -5.66359922e-05 0.5 p1 77752 6
7252 35041904 m2 4984414 -0.0011838373 0.5 p1 77754 6
126 35042063 m2 82853 -0.000354752759 0.5 p1 77755 6
6248 35042289 m2 4275098 -0.00694142748 0.5 p1 77757 6
1129 35042641 m2 762058 -7.96515087e-06 0.5 p1 77760 6
7002 35042830 m2 4815315 -2.45547999e-05 0.5 p1 77761 6
4407 35043515 m2 3001776 -2.83103236e-06 0.5 p1 77767 6
3718 35044537 m2 2523799 -2.75096627e-05 0.5 p1 77777 6
6992 35046141 m2 4807159 -0.000491029059 0.5 p1 77790 6
3133 35046992 m2 2124166 -0.000544304727 0.5 p1 77798 6
3143 35052926 m2 2128013 -0.00024410781 0.5 p1 77852 6
5101 35053254 m2 3478620 -0.000474027853 0.5 p1 77854 6
6570 35053309 m2 4511138 -5.32379045e-06 0.5 p1 77855 6
371 35053844 m2 236096 -0.000397091586 0.5 p1 77859 6
4429 35053873 m2 3017102 -0.00848208461 0.5 p1 77860 6
6229 35055420 m2 4265219 -0.00188273098 0.5 p1 77873 6
3042 35055480 m2 2063075 -5.5658802e-05 0.5 p1 77873 6
5821 35057791 m2 3985897 -0.000300483167 0.5 p1 77893 6
4224 35059207 m3 2868474 0.000501773669 0.5 p1 77906 6
4460 35059350 m2 3042290 -0.000120109595 0.5 p1 77907 6
1931 35061255 m2 1326731 -0.000725137477 0.5 p1 77923 6
5020 35061726 m2 3426219 -0.00409124233 0.5 p1 77926 6
5598 35063058 m2 3825088 -0.00211556186 0.5 p1 77937 6
449 35063485 m2 289821 -9.36842337e-09 0.5 p1 77941 6
5363 35067858 m2 3664063 -3.77689175e-05 0.5 p1 77980 6
4800 35070279 m3 3289338 0.00152874412 0.5 p1 78001 6
1126 35070824 m2 760135 -7.89135738e-05 0.5 p1 78006 6
6942 35071987 m2 4767085 -3.30454964e-06 0.5 p1 78017 6
3870 35073211 m2 2631177 -0.000190633655 0.5 p1 78028 6
1369 35073812 m2 930648 -1.89302921e-06 0.5 p1 78034 6
926 35073965 m3 633837 0.000555188861 0.5 p1 78035 6
703 35074126 m2 482695 -8.6731372e-05 0.5 p1 78037 6
7234 35075467 m2 4973137 -9.21877963e-10 0.5 p1 78049 6
6004 35075806 m2 4131790 -0.00189708266 0.5 p1 78053 6
1385 35076098 m2 945301 -0.000273118261 0.5 p1 78055 6
3571 35076547 m2 2424283 -3.22389933e-05 0.5 p1 78059 6
2367 35082132 m2 1592221 -0.000674989249 0.5 p1 78112 6
5578 35082980 m2 3809662 -1.919985e-12 0.5 p1 78120 6
5786 35083321 m2 3955721 -0.00139632076 0.5 p1 78123 6
5632 35083675 m2 3844177 -0.0074854251 0.5 p1 78126 6
1018 35084233 m2 681719 -2.59021363e-05 0.5 p1 78132 6
5328 35084333 m2 3640836 -0.0110506825 0.5 p1 78133 6
1080 35085263 m2 725927 -0.00149184908 0.5 p1 78142 6
1476 35085608 m2 1008199 -2.11558163e-05 0.5 p1 78145 6
1405 35086913 m2 958818 -0.00262084114 0.5 p1 78156 6
2801 35087685 m2 1904885 -0.00344873965 0.5 p1 78163 6
745 35087894 m2 510842 -0.0103326812 0.5 p1 78165 6
3661 35089203 m2 2488341 -1.9597185e-07 0.5 p1 78177 6
4489 35093015 m2 3067157 -0.000168719343 0.5 p1 78213 6
151 35093784 m2 101841 -0.00184855878 0.5 p1 78220 6
1153 35093998 m2 782363 -7.28639498e-05 0.5 p1 78222 6
1811 35094926 m2 1232033 -0.00083698798 0.5 p1 78230 6
4736 35096248 m2 3247824 -0.00315659004 0.5 p1 78243 6
2712 35097216 m2 1837688 -0.000102958897 0.5 p1 78251 6
6633 35097406 m2 4554144 -0.000533199229 0.5 p1 78253 6
3777 35097500 m2 2566923 -7.98135659e-07 0.5 p1 78254 6
6138 35097959 m2 4209535 -0.000177693815 0.5 p1 78258 6
7117 35098060 m2 4891292 -7.58803653e-05 0.5 p1 78259 6
6808 35099128 m2 4681147 -1.06085158e-08 0.5 p1 78269 6
1834 35099621 m2 1248439 -3.27936419e-07 0.5 p1 78272 6
1992 35100622 m2 1364945 -3.77460063e-09 0.5 p1 78282 6
6867 35100685 m2 4717338 -0.000102202641 0.5 p1 78282 6
4381 35101427 m2 2980222 -7.01811732e-05 0.5 p1 78289 6
2102 35101811 m2 1431334 -0.000221281996 0.5 p1 78292 6
1649 35101821 m2 1124555 -0.000744579127 0.5 p1 78292 6
560 35103833 m2 374054 -7.31698231e-15 0.5 p1 78311 6
2891 35105667 m2 1964802 -0.000287053728 0.5 p1 78328 6
170 35105939 m2 109678 -2.12009112e-07 0.5 p1 78331 6
6967 35106465 m2 4782436 -0.00250011473 0.5 p1 78336 6
1576 35109957 m2 1070127 -4.8627431e-09 0.5 p1 78368 6
18 35110888 m2 11759 -1.31494708e-08 0.5 p1 78376 6
6565 35111793 m2 4507659 -3.56258374e-06 0.5 p1 78385 6
1017 35112115 m2 681685 -7.15872147e-06 0.5 p1 78388 6
6337 35112341 m2 4343904 -7.52349661e-06 0.5 p1 78391 6
5510 35112963 m2 3757607 -1.91321291e-07 0.5 p1 78397 6
3062 35113411 m2 2082247 -1.95651737e-05 0.5 p1 78401 6
3693 35114828 m2 2508648 -0.000129471708 0.5 p1 78413 6
1573 35115365 m2 1067712 -0.00591173442 0.5 p1 78418 6
1567 35115638 m2 1064686 -1.3982838e-08 0.5 p1 78421 6
4999 35115973 m2 3412984 -0.00125808455 0.5 p1 78424 6
6322 35118580 m2 4335317 -0.00314712408 0.5 p1 78448 6
5016 35118752 m2 3423550 -0.000409333472 0.5 p1 78450 6
6287 35120344 m3 4303142 0.00146838662 0.5 p1 78464 6
4955 35120527 m2 3385160 -3.06468593e-07 0.5 p1 78466 6
6010 35122711 m2 4135737 -6.61031227e-05 0.5 p1 78486 6
2926 35123184 m2 1983550 -6.97331852e-05 0.5 p1 78490 6
4897 35123785 m2 3347522 -1.45475292e-06 0.5 p1 78496 6
5558 35126503 m2 3791456 -0.000137391486 0.5 p1 78521 6
1314 35127753 m2 889091 -0.00208893674 0.5 p1 78532 6
6542 35128392 m2 4488752 -0.000112558402 0.5 p1 78538 6
3579 35129249 m2 2428965 -1.97427781e-07 0.5 p1 78546 6
2628 35130001 m2 1782162 -0.000476819929 0.5 p1 78553 6
6749 35130218 m2 4637057 -9.46188084e-05 0.5 p1 78555 6
1883 35131093 m2 1288173 -8.90877927e-05 0.5 p1 78563 6
2798 35132412 m2 1903437 -3.26451955e-05 0.5 p1 78574 6
1690 35132798 m2 1164438 -0.00310854707 0.5 p1 78578 6
3983 35133707 m2 2702213 -2.92065128e-09 0.5 p1 78586 6
4695 35134265 m2 3221104 -0.00287683099 0.5 p1 78591 6
3786 35134630 m2 2576408 -3.14699828e-05 0.5 p1 78594 6
3164 35137477 m2 2145474 -2.50721058e-07 0.5 p1 78619 6
6252 35137840 m2 4280796 -1.74808629e-05 0.5 p1 78623 6
3192 35138750 m2 2166033 -0.00107565871 0.5 p1 78631 6
3024 35143516 m2 2050220 -1.27119911e-05 0.5 p1 78674 6
3144 35145304 m2 2128064 -0.000594121579 0.5 p1 78690 6
6304 35145320 m2 4326720 -2.73260939e-05 0.5 p1 78691 6
1338 35146820 m2 903718 -0.00420394633 0.5 p1 78705 6
6987 35147393 m2 4801562 -2.86884506e-06 0.5 p1 78710 6
6958 35149879 m2 4776559 -0.0017102533 0.5 p1 78733 6
6797 35155780 m2 4674557 -0.00227945158 0.5 p1 78788 6
1394 35157861 m2 951226 -3.12222837e-05 0.5 p1 78808 6
6450 35158208 m2 4416309 -1.38945113e-08 0.5 p1 78811 6
1908 35159668 m2 1306812 -0.000743302284 0.5 p1 78824 6
969 35163179 m2 656008 -0.00341139664 0.5 p1 78855 6
4209 35163713 m2 2857667 -0.00194240606 0.5 p1 78860 6
409 35165134 m2 260993 -0.00206971122 0.5 p1 78874 6
98 35165221 m2 66107 -3.75298464e-06 0.5 p1 78874 6
6021 35165423 m2 4144715 -0.000443060911 0.5 p1 78876 6
6963 35167486 m2 4779579 -0.0019809017 0.5 p1 78896 6
1357 35167872 m2 921429 -0.000729363819 0.5 p1 78899 6
4990 35168713 m2 3407283 -0.000871602504 0.5 p1 78907 6
3806 35169431 m2 2587708 -2.68015028e-05 0.5 p1 78914 6
5425 35170707 m2 3702460 -0.00044733673 0.5 p1 78926 6
7088 35172481 m2 4870018 -0.000210931132 0.5 p1 78943 6
1687 35177829 m2 1160385 -0.000954607036 0.5 p1 78993 6
1595 35178503 m2 1084029 -5.08635523e-10 0.5 p1 79000 6
2811 35179031 m2 1910950 -0.000351619325 0.5 p1 79004 6
1875 35180701 m3 1282674 0.00116280781 0.5 p1 79020 6
6071 35181702 m2 4175747 -5.55873259e-09 0.5 p1 79030 6
3634 35183702 m2 2468479 -0.00318528246 0.5 p1 79049 6
2254 35183813 m2 1527133 -0.00042663046 0.5 p1 79050 6
2806 35187889 m2 1908318 -8.39081185e-05 0.5 p1 79089 6
402 35190218 m2 257045 -0.000197608926 0.5 p1 79112 6
5706 35190245 m2 3903985 -0.000241675021 0.5 p1 79112 6
5445 35193166 m3 3712394 0.00152710883 0.5 p1 79139 6
1366 35193382 m2 927727 -0.00355911138 0.5 p1 79142 6
4155 35193690 m2 2819605 -2.12853065e-05 0.5 p1 79144 6
4904 35194195 m2 3350625 -0.000289711403 0.5 p1 79150 6
7161 35194756 m2 4923715 -0.000256647676 0.5 p1 79155 6
6211 35195093 m2 4254502 -0.000383837556 0.5 p1 79158 6
5348 35195333 m2 3649972 -0.000289987598 0.5 p1 79161 6
4269 35196587 m2 2906437 -0.00485720998 0.5 p1 79172 6
4941 35196643 m2 3376858 -0.00254316162 0.5 p1 79173 6
5123 35198257 m2 3496347 -0.000120279721 0.5 p1 79189 6
1201 35199570 m2 820915 -3.92981838e-06 0.5 p1 79202 6
3116 35199914 m2 2114834 -0.000651001814 0.5 p1 79205 6
6625 35200667 m2 4549938 -5.13084269e-05 0.5 p1 79213 6
5050 35201520 m2 3444569 -0.00351591129 0.5 p1 79221 6
5200 35202368 m2 3556925 -0.000551365723 0.5 p1 79229 6
5589 35204234 m2 3817747 -7.09772939e-06 0.5 p1 79247 6
5869 35208002 m2 4018963 -2.37909171e-06 0.5 p1 79281 6
289 35209670 m2 179695 -1.35638065e-05 0.5 p1 79296 6
3339 35210010 m2 2250785 -0.00128369161 0.5 p1 79300 6
2429 35211336 m2 1635168 -0.000367866043 0.5 p1 79312 6
3216 35212100 m2 2178583 -8.33899356e-12 0.5 p1 79319 6
6387 35212707 m2 4372235 -1.50698916e-05 0.5 p1 79325 6
2131 35213350 m2 1448923 -6.20264657e-08 0.5 p1 79331 6
3003 35213761 m2 2038151 -0.00177200546 0.5 p1 79334 6
2339 35214330 m2 1579834 -0.000138097239 0.5 p1 79339 6
4926 35216323 m2 3365205 -1.03427446e-05 0.5 p1 79358 6
657 35217511 m2 449077 -0.00049970299 0.5 p1 79368 6
4865 35218042 m2 3330071 -0.00030786774 0.5 p1 79373 6
2825 35218920 m2 1922198 -7.96894019e-05 0.5 p1 79381 6
3831 35219193 m2 2602561 -3.10021414e-06 0.5 p1 79384 6
1978 35219471 m2 1358368 -4.98984191e-05 0.5 p1 79387 6
3797 35219538 m2 2582869 -0.00129897008 0.5 p1 79387 6
4409 35219607 m2 3002527 -0.000123623031 0.5 p1 79388 6
6064 35221603 m2 4172970 -1.55449334e-06 0.5 p1 79406 6
931 35222013 m2 637371 -0.000160158233 0.5 p1 79410 6
7017 35222041 m2 4827628 -0.00152488146 0.5 p1 79410 6
6975 35222406 m2 4787930 -0.000607246184 0.5 p1 79414 6
6815 35223689 m2 4688245 -8.55420183e-07 0.5 p1 79426 6
5189 35224678 m2 3549536 -0.000241723508 0.5 p1 79436 6
1737 35225639 m2 1189042 -0.000389942725 0.5 p1 79444 6
5841 35226077 m2 3997931 -0.00173252181 0.5 p1 79448 6
1945 35226214 m2 1337225 -5.6944458e-09 0.5 p1 79449 6
4442 35227257 m2 3031568 -0.000457992166 0.5 p1 79459 6
1961 35227490 m2 1345366 -0.00107007928 0.5 p1 79462 6
6651 35227898 m2 4565225 -0.00212205271 0.5 p1 79466 6
3307 35228050 m2 2231271 -0.00125653401 0.5 p1 79467 6
5451 35228786 m2 3715766 -3.02156963e-07 0.5 p1 79475 6
2350 35229577 m2 1585136 -0.0013551116 0.5 p1 79482 6
832 35230374 m2 568489 -0.000211220278 0.5 p1 79490 6
2163 35230738 m2 1471101 -8.67905037e-05 0.5 p1 79493 6
6991 35230789 m2 4806208 -2.63610718e-06 0.5 p1 79494 6
2786 35230866 m2 1891693 -0.00178232254 0.5 p1 79495 6
4564 35231944 m2 3118297 -7.49168994e-09 0.5 p1 79505 6
5932 35232423 m2 4062668 -1.11157567e-06 0.5 p1 79510 6
2240 35233795 m2 1518775 -0.000483265205 0.5 p1 79523 6
1483 35235170 m2 1013127 -0.000490346632 0.5 p1 79536 6
5577 35236178 m2 3808517 -6.96194547e-06 0.5 p1 79546 6
5157 35238028 m2 3517917 -0.00731340796 0.5 p1 79563 6
6722 35240215 m2 4613821 -0.000400472869 0.5 p1 79584 6
1689 35242029 m2 1164215 -0.000766020559 0.5 p1 79601 6
5247 35244264 m2 3584473 -3.91010835e-05 0.5 p1 79621 6
2486 35245060 m2 1682789 -0.00166153908 0.5 p1 79629 6
6866 35246097 m2 4717174 -0.000122617479 0.5 p1 79638 6
6215 35250088 m2 4256811 -0.00197416404 0.5 p1 79678 6
3090 35250793 m2 2096734 -1.3477237e-06 0.5 p1 79684 6
5233 35253029 m2 3576444 -0.00144828099 0.5 p1 79705 6
1826 35253509 m2 1244504 -0.00422740588 0.5 p1 79710 6
4956 35253691 m3 3386134 0.00214754324 0.5 p1 79711 6
3382 35255672 m2 2283521 -0.000170413492 0.5 p1 79731 6
1499 35256036 m2 1022458 -4.41466218e-05 0.5 p1 79735 6
2410 35256177 m2 1622441 -0.00039779424 0.5 p1 79736 6
5766 35256191 m2 3943032 -0.00233989232 0.5 p1 79736 6
1246 35259915 m2 844232 -0.000889984658 0.5 p1 79772 6
927 35260106 m2 634006 -9.75449075e-05 0.5 p1 79774 6
1900 35260700 m2 1300078 -0.00161737308 0.5 p1 79779 6
2195 35262995 m2 1492758 -0.00201558857 0.5 p1 79801 6
4082 35263086 m2 2768297 -0.00490257144 0.5 p1 79802 6
4547 35263998 m2 3105903 -5.95116489e-06 0.5 p1 79811 6
5264 35264044 m2 3596605 -8.66604282e-08 0.5 p1 79811 6
2598 35264395 m2 1762151 -0.00276766252 0.5 p1 79814 6
2404 35265108 m2 1616779 -7.64923194e-11 0.5 p1 79821 6
1170 35265116 m2 798698 -0.0154418005 0.5 p1 79821 6
206 35265164 m2 136023 -0.000558681029 0.5 p1 79822 6
1697 35265261 m2 1165872 -0.00945017487 0.5 p1 79823 6
3237 35266318 m2 2188891 -0.000324279245 0.5 p1 79832 6
2248 35266452 m2 1523934 -5.22000568e-11 0.5 p1 79833 6
5433 35267425 m2 3706682 -1.97882605e-06 0.5 p1 79842 6
6827 35267748 m2 4694124 -0.000296404032 0.5 p1 79845 6
3338 35268406 m2 2250442 -0.007123244 0.5 p1 79852 6
574 35269238 m2 387547 -0.000534131716 0.5 p1 79860 6
1755 35270499 m2 1200085 -0.00673488574 0.5 p1 79873 6
4267 35270559 m2 2898605 -0.00197832496 0.5 p1 79874 6
2282 35271252 m2 1549551 -0.00195886847 0.5 p1 79880 6
3022 35271620 m2 2049129 -0.000738732691 0.5 p1 79884 6
5691 35272273 m2 3893058 -1.25598643e-08 0.5 p1 79891 6
5074 35272932 m2 3460624 -8.99853436e-09 0.5 p1 79897 6
872 35272978 m2 594362 -0.000377464021 0.5 p1 79898 6
2961 35274218 m2 2005619 -3.83380353e-07 0.5 p1 79911 6
1061 35274570 m2 713075 -1.77843285e-05 0.5 p1 79914 6
2812 35275051 m2 1911374 -1.44046646e-06 0.5 p1 79920 6
5955 35275389 m2 4086839 -3.68740372e-10 0.5 p1 79924 6
5665 35279328 m2 3873379 -0.00243027019 0.5 p1 79965 6
2219 35280302 m2 1501219 -7.72627518e-11 0.5 p1 79974 6
743 35281245 m3 509264 0.00168163236 0.5 p1 79983 6
4404 35281701 m2 2999487 -0.000161857082 0.5 p1 79988 6
6228 35282184 m2 4264823 -0.00104932208 0.5 p1 79993 6
6239 35282185 m2 4268312 -0.00214104773 0.5 p1 79993 6
5332 35284575 m2 3641794 -0.00186337274 0.5 p1 80019 6
5385 35285098 m2 3674888 -1.97219649e-07 0.5 p1 80025 6
5330 35286512 m2 3641390 -5.94733792e-05 0.5 p1 80040 6
6053 35286632 m2 4167286 -0.000639284786 0.5 p1 80041 6
5110 35287037 m2 3486044 -0.0024269009 0.5 p1 80046 6
4382 35288197 m2 2981022 -0.0020731301 0.5 p1 80057 6
1629 35289623 m2 1113048 -0.0174449701 0.5 p1 80074 6
6253 35289659 m2 4280949 -0.000661814294 0.5 p1 80074 6
6804 35290228 m2 4678773 -4.60680639e-07 0.5 p1 80081 6
6110 35291288 m2 4197428 -7.41285203e-06 0.5 p1 80093 6
3484 35293067 m2 2346285 -8.46770709e-10 0.5 p1 80113 6
6732 35294581 m2 4622238 -0.00275539095 0.5 p1 80129 6
1693 35295094 m2 1165029 -0.00950968731 0.5 p1 80135 6
314 35295558 m2 190678 -5.97666549e-05 0.5 p1 80140 6
6048 35295792 m2 4164334 -0.000713853398 0.5 p1 80142 6
5603 35298467 m2 3827796 -4.49166037e-05 0.5 p1 80173 6
1443 35299593 m2 984521 -0.00131657405 0.5 p1 80184 6
1502 35299936 m2 1023411 -0.0106656719 0.5 p1 80187 6
6703 35301742 m3 4603488 0.000303526467 0.5 p1 80208 6
6819 35302533 m2 4690159 -0.000164264289 0.5 p1 80217 6
3973 35303679 m2 2697504 -3.86633747e-06 0.5 p1 80229 6
1335 35305134 m2 902674 -0.000460996729 0.5 p1 80246 6
6435 35305909 m2 4401347 -2.30640217e-05 0.5 p1 80254 6
1785 35306135 m2 1216966 -0.00157532177 0.5 p1 80257 6
6748 35306317 m2 4635531 -0.00375608332 0.5 p1 80259 6
5072 35306471 m2 3458166 -0.00100333965 0.5 p1 80260 6
5104 35306712 m2 3483308 -0.0064573898 0.5 p1 80263 6
3148 35310133 m2 2133961 -0.00100883387 0.5 p1 80300 6
3738 35310970 m2 2538918 -7.11741677e-06 0.5 p1 80309 6
3093 35311136 m2 2098083 -3.66669788e-08 0.5 p1 80311 6
2604 35311635 m2 1765710 -1.73417648e-05 0.5 p1 80316 6
3114 35311716 m2 2114620 -0.00448205322 0.5 p1 80317 6
7215 35313270 m2 4964282 -3.56270834e-06 0.5 p1 80335 6
502 35313803 m2 334125 -0.00188133726 0.5 p1 80341 6
3978 35315638 m2 2699633 -0.00037624684 0.5 p1 80362 6
4874 35316578 m2 3335981 -0.000255042571 0.5 p1 80373 6
7023 35316665 m2 4834135 -0.00169204618 0.5 p1 80374 6
5467 35318158 m2 3727483 -0.000482574716 0.5 p1 80390 6
5732 35318299 m2 3923488 -6.3426919e-06 0.5 p1 80392 6
1680 35318543 m2 1156702 -0.00168736605 0.5 p1 80394 6
5560 35319717 m2 3792515 -3.20796753e-05 0.5 p1 80407 6
6173 35320120 m2 4231584 -0.000542858616 0.5 p1 80412 6
5542 35321130 m2 3782614 -4.33626628e-05 0.5 p1 80423 6
1745 35321134 m2 1195449 -0.000188967184 0.5 p1 80423 6
6740 35321414 m2 4625423 -0.00147090026 0.5 p1 80425 6
5900 35321639 m2 4039970 -0.00780886319 0.5 p1 80428 6
2363 35322768 m2 1590783 -0.00013828688 0.5 p1 80440 6
2829 35324833 m2 1925168 -0.0185869914 0.5 p1 80462 6
6533 35326295 m2 4483068 -0.00521257753 0.5 p1 80477 6
1046 35326862 m2 698791 -6.18335309e-17 0.5 p1 80484 6
3389 35327170 m2 2287269 -0.0013282164 0.5 p1 80488 6
985 35327522 m2 663930 -0.00864874665 0.5 p1 80491 6
4794 35327720 m2 3283049 -0.000150996624 0.5 p1 80494 6
4239 35327960 m2 2877196 -2.58007367e-06 0.5 p1 80497 6
1830 35329041 m2 1246561 -0.000236924854 0.5 p1 80509 6
2748 35330129 m3 1866700 0.0018445442 0.5 p1 80523 6
2255 35330933 m2 1528517 -0.000146868726 0.5 p1 80532 6
3930 35331064 m2 2668779 -1.86138095e-05 0.5 p1 80534 6
5096 35331908 m3 3477794 0.00105767383 0.5 p1 80544 6
2318 35332274 m2 1570468 -0.00570807233 0.5 p1 80548 6
4819 35332385 m2 3301641 -0.00209575146 0.5 p1 80550 6
5842 35332600 m2 3998080 -0.00087429164 0.5 p1 80552 6
6486 35333018 m2 4448237 -0.00298896013 0.5 p1 80557 6
476 35333070 m2 308126 -2.459592e-08 0.5 p1 80558 6
3692 35333218 m2 2508598 -2.55740645e-07 0.5 p1 80559 6
284 35333651 m2 178796 -0.000482255215 0.5 p1 80564 6
4656 35334123 m2 3194037 -5.73541259e-09 0.5 p1 80569 6
201 35335133 m2 132830 -0.00124903966 0.5 p1 80581 6
3739 35335601 m2 2538984 -0.000872443547 0.5 p1 80586 6
1330 35338475 m2 899461 -0.000564787944 0.5 p1 80619 6
1312 35340025 m2 887209 -6.90045408e-06 0.5 p1 80636 6
6617 35340218 m2 4545134 -1.87542428e-05 0.5 p1 80639 6
1436 35340684 m2 981441 -2.61237659e-07 0.5 p1 80644 6
3299 35340894 m2 2224765 -7.33125344e-05 0.5 p1 80647 6
2803 35342011 m2 1907326 -0.000768921978 0.5 p1 80660 6
5218 35344131 m2 3565893 -1.95051643e-06 0.5 p1 80687 6
5472 35344252 m2 3729432 -4.40810036e-05 0.5 p1 80688 6
4075 35344316 m2 2761967 -0.000122710131 0.5 p1 80689 6
4952 35344808 m2 3383734 -0.00208285055 0.5 p1 80695 6
1969 35345789 m2 1352417 -2.3163755e-05 0.5 p1 80706 6
1667 35346403 m2 1149673 -9.90856392e-07 0.5 p1 80713 6
69 35346405 m2 44490 -0.00224517542 0.5 p1 80713 6
1136 35347092 m2 768219 -0.00338323694 0.5 p1 80721 6
3695 35347419 m2 2509169 -0.000562910049 0.5 p1 80725 6
4546 35347531 m2 3105813 -1.69235515e-16 0.5 p1 80726 6
6586 35348668 m2 4522933 -8.21831918e-08 0.5 p1 80739 6
40 35348733 m2 24399 -0.00112261309 0.5 p1 80740 6
3267 35348838 m2 2203310 -0.00228685723 0.5 p1 80741 6
1916 35349013 m2 1314067 -0.00170969719 0.5 p1 80743 6
4774 35349727 m2 3269742 -0.000364692387 0.5 p1 80752 6
6006 35350140 m3 4134032 0.000878319552 0.5 p1 80756 6
269 35350238 m2 170957 -2.24228461e-05 0.5 p1 80757 6
5059 35351161 m2 3449181 -0.0024889484 0.5 p1 80767 6
1440 35351303 m2 983925 -0.000147822167 0.5 p1 80769 6
2269 35352075 m2 1538277 -1.75677584e-07 0.5 p1 80777 6
568 35353186 m2 381960 -0.000364261534 0.5 p1 80791 6
1919 35355332 m2 1314676 -0.000803085219 0.5 p1 80816 6
552 35356228 m2 371231 -4.09793211e-05 0.5 p1 80826 6
613 35356741 m2 415965 -5.12440579e-08 0.5 p1 80833 6
6227 35357253 m2 4264518 -0.000854786776 0.5 p1 80838 6
184 35357362 m2 122820 -6.89798485e-09 0.5 p1 80840 6
3864 35357406 m2 2628348 -0.000912704272 0.5 p1 80840 6
4630 35358973 m2 3171410 -3.62339961e-05 0.5 p1 80858 6
510 35359103 m2 340137 -3.16601268e-06 0.5 p1 80860 6
5608 35359372 m2 3830116 -0.00256459834 0.5 p1 80863 6
1614 35359986 m2 1103061 -0.000639597769 0.5 p1 80869 6
5210 35360055 m2 3562981 -0.000892829092 0.5 p1 80870 6
934 35361265 m2 638971 -0.000838934211 0.5 p1 80885 6
5163 35361361 m2 3520785 -0.00201552524 0.5 p1 80886 6
7214 35361564 m2 4963763 -2.5564284e-06 0.5 p1 80888 6
1373 35363492 m2 935699 -3.07584487e-05 0.5 p1 80912 6
454 35364646 m2 293767 -1.67875669e-06 0.5 p1 80927 6
4572 35365252 m2 3122878 -3.51587119e-07 0.5 p1 80935 6
1819 35365353 m2 1237730 -5.61933632e-07 0.5 p1 80936 6
3317 35366989 m2 2236940 -0.00635785516 0.5 p1 80956 6
3165 35368679 m2 2145734 -6.32676019e-05 0.5 p1 80976 6
2388 35369280 m2 1605524 -6.63427491e-05 0.5 p1 80983 6
3303 35370187 m2 2229246 -8.84207402e-05 0.5 p1 80995 6
3743 35370562 m2 2542986 -1.15556169e-07 0.5 p1 80999 6
2389 35370588 m2 1606499 -1.43444486e-05 0.5 p1 81000 6
22 35372010 m2 14474 -0.00857636333 0.5 p1 81017 6
1672 35372572 m2 1151551 -0.000873643206 0.5 p1 81025 6
6585 35373065 m2 4522908 -0.000320923573 0.5 p1 81030 6
3232 35373324 m2 2187137 -0.00320085953 0.5 p1 81034 6
7078 35374281 m3 4865162 0.000448273204 0.5 p1 81045 6
7270 35374685 m2 4995031 -0.00124385406 0.5 p1 81051 6
2960 35376399 m2 2005512 -0.0082515385 0.5 p1 81072 6
1259 35377959 m2 854744 -8.65475013e-05 0.5 p1 81090 6
3680 35378216 m2 2497498 -1.86903198e-05 0.5 p1 81093 6
2915 35379701 m2 1975819 -9.37604273e-06 0.5 p1 81111 6
6813 35381224 m2 4687391 -5.56969235e-06 0.5 p1 81130 6
7230 35381633 m2 4971536 -0.000226800694 0.5 p1 81136 6
3355 35383850 m2 2264711 -0.00620410033 0.5 p1 81163 6
2 35384149 m2 768 -0.00571513036 0.5 p1 81167 6
2176 35385018 m2 1482197 -2.78759921e-06 0.5 p1 81178 6
127 35385722 m2 84599 -1.28562015e-05 0.5 p1 81186 6
2183 35385806 m2 1486412 -0.000156461872 0.5 p1 81187 6
4798 35387587 m2 3288122 -2.49280312e-08 0.5 p1 81209 6
43 35388506 m2 26202 -0.00115600927 0.5 p1 81221 6
5886 35388621 m2 4029145 -1.69375362e-05 0.5 p1 81222 6
6466 35388857 m2 4429564 -0.000262928661 0.5 p1 81225 6
1893 35388992 m2 1297431 -0.00126783596 0.5 p1 81226 6
642 35389002 m2 435751 -0.00251446175 0.5 p1 81227 6
2980 35389505 m2 2020347 -9.45244756e-06 0.5 p1 81233 6
1901 35389534 m2 1301397 -9.16182835e-05 0.5 p1 81233 6
4802 35392473 m2 3292086 -0.000165999605 0.5 p1 81271 6
5076 35392587 m2 3461531 -0.0034034925 0.5 p1 81272 6
5822 35394523 m2 3986131 -0.00144032552 0.5 p1 81297 6
4903 35396309 m2 3350159 -0.00478644809 0.5 p1 81320 6
7135 35396443 m2 4905450 -8.24066592e-05 0.5 p1 81322 6
2759 35396901 m2 1872383 -4.64213798e-07 0.5 p1 81328 6
1298 35399301 m2 876051 -0.00647877529 0.5 p1 81359 6
6787 35399451 m2 4665024 -3.27197602e-10 0.5 p1 81361 6
1057 35400784 m2 709887 -0.000627228816 0.5 p1 81378 6
72 35401107 m2 45703 -0.000103912214 0.5 p1 81383 6
1274 35401212 m2 862401 -0.00196652324 0.5 p1 81384 6
5925 35402072 m2 4057059 -3.44581676e-05 0.5 p1 81396 6
1918 35403563 m2 1314608 -9.77299496e-05 0.5 p1 81416 6
5814 35404195 m2 3980501 -4.06878753e-05 0.5 p1 81424 6
3002 35406594 m2 2037673 -1.75199093e-05 0.5 p1 81457 6
6655 35406678 m2 4567571 -3.99593414e-10 0.5 p1 81458 6
4238 35407689 m2 2876417 -1.50433125e-05 0.5 p1 81471 6
3906 35407958 m2 2654718 -5.40252768e-05 0.5 p1 81475 6
1774 35408067 m2 1208887 -4.94660198e-05 0.5 p1 81477 6
3228 35408251 m2 2184672 -0.000183202355 0.5 p1 81479 6
6112 35411139 m2 4198506 -0.00490037259 0.5 p1 81517 6
2718 35412606 m2 1844742 -1.44104546e-11 0.5 p1 81537 6
4745 35412627 m2 3252521 -0.00225369446 0.5 p1 81537 6
1870 35412718 m2 1280072 -0.00888533611 0.5 p1 81538 6
4156 35413403 m2 2820829 -0.000206880679 0.5 p1 81547 6
7082 35414218 m2 4867860 -0.000207566729 0.5 p1 81557 6
6158 35416546 m2 4222569 -7.49058745e-05 0.5 p1 81588 6
3325 35417188 m2 2241891 -8.57513555e-07 0.5 p1 81597 6
3123 35418162 m2 2120051 -0.00032165795 0.5 p1 81610 6
2199 35418791 m2 1493506 -0.00111756136 0.5 p1 81617 6
1183 35420686 m2 810253 -0.00122891844 0.5 p1 81641 6
2375 35422105 m2 1598276 -0.000224047268 0.5 p1 81659 6
2728 35422382 m2 1852245 -0.00065689045 0.5 p1 81663 6
3948 35422453 m2 2679073 -9.54904026e-05 0.5 p1 81664 6
1134 35422672 m2 765584 -0.00663820142 0.5 p1 81667 6
2148 35425667 m2 1460020 -4.98598893e-05 0.5 p1 81706 6
2641 35427200 m2 1796268 -0.0042046993 0.5 p1 81726 6
1082 35428296 m2 729031 -1.36474327e-07 0.5 p1 81740 6
2155 35428873 m2 1465775 -0.0003533251 0.5 p1 81749 6
3245 35429499 m2 2192379 -1.24905224e-08 0.5 p1 81757 6
4965 35429761 m2 3392580 -0.00148027495 0.5 p1 81761 6
1740 35429988 m2 1190834 -0.000149584419 0.5 p1 81764 6
5225 35430201 m2 3569613 -0.000718736323 0.5 p1 81767 6
3297 35430704 m2 2224118 -0.00934033748 0.5 p1 81773 6
3178 35431076 m2 2158600 -0.00728577375 0.5 p1 81779 6
5458 35431903 m2 3723133 -2.72907137e-08 0.5 p1 81791 6
4996 35432037 m2 3410708 -7.3307674e-05 0.5 p1 81793 6
5733 35432430 m2 3925281 -0.000145183483 0.5 p1 81798 6
1339 35433099 m2 903943 -0.000260960456 0.5 p1 81807 6
6380 35433136 m2 4369608 -5.09722122e-06 0.5 p1 81807 6
2665 35433243 m2 1808412 -0.00079410366 0.5 p1 81809 6
5318 35433627 m2 3632502 -0.000168686223 0.5 p1 81814 6
4202 35433690 m2 2853942 -4.40214826e-05 0.5 p1 81815 6
3549 35435206 m2 2408648 -0.00152667798 0.5 p1 81836 6
2821 35435219 m3 1919259 0.000576126098 0.5 p1 81837 6
2505 35435610 m2 1694156 -1.09409293e-05 0.5 p1 81842 6
880 35436825 m2 599862 -0.00248705084 0.5 p1 81860 6
831 35436861 m3 567823 3.63162108e-05 0.5 p1 81861 6
809 35437095 m2 551162 -0.00429748232 0.5 p1 81864 6
6460 35437604 m2 4423980 -1.19707897e-06 0.5 p1 81872 6
1661 35437957 m2 1141146 -0.00423005642 0.5 p1 81877 6
3098 35439363 m2 2100598 -0.00262778485 0.5 p1 81896 6
178 35439949 m2 117793 -0.000240309368 0.5 p1 81904 6
2157 35440738 m2 1467338 -9.40945171e-08 0.5 p1 81914 6
3444 35441362 m2 2318382 -0.000698713469 0.5 p1 81923 6
4241 35441555 m2 2878115 -0.00119457603 0.5 p1 81926 6
4110 35442276 m2 2784392 -0.000298229512 0.5 p1 81937 6
3581 35443302 m2 2433149 -1.6977142e-06 0.5 p1 81952 6
1315 35443339 m2 890859 -0.00116440468 0.5 p1 81953 6
4092 35444777 m2 2775848 -0.000628849084 0.5 p1 81974 6
4811 35444907 m2 3296033 -0.000890441414 0.5 p1 81975 6
2114 35446350 m2 1439816 -0.000472839252 0.5 p1 81995 6
5868 35447295 m2 4018813 -5.43257102e-06 0.5 p1 82010 6
4029 35447327 m3 2730203 0.000856714905 0.5 p1 82010 6
6390 35447618 m2 4374022 -2.15693739e-12 0.5 p1 82014 6
1320 35447668 m2 894504 -0.000527738826 0.5 p1 82015 6
4207 35448136 m2 2856256 -0.00509265112 0.5 p1 82022 6
6818 35448850 m2 4689944 -1.71040192e-05 0.5 p1 82032 6
3641 35449271 m2 2472059 -0.00385527988 0.5 p1 82039 6
5569 35450223 m2 3797706 -0.00246471749 0.5 p1 82052 6
4575 35450243 m2 3125312 -0.000886153372 0.5 p1 82052 6
6052 35450310 m2 4166589 -0.0024370118 0.5 p1 82053 6
3638 35450455 m2 2470595 -0.00549791474 0.5 p1 82056 6
34 35450662 m2 19057 -2.4867868e-06 0.5 p1 82058 6
3256 35450962 m2 2198032 -0.00261993078 0.5 p1 82063 6
932 35451048 m2 638396 -3.53089054e-05 0.5 p1 82064 6
6290 35451373 m2 4309630 -0.00242949789 0.5 p1 82069 6
1176 35452553 m2 801639 -0.00119151257 0.5 p1 82085 6
4165 35455536 m2 2826476 -0.000103083643 0.5 p1 82127 6
5961 35455932 m2 4090792 -3.06636248e-05 0.5 p1 82132 6
3744 35456572 m2 2543499 -6.92212925e-05 0.5 p1 82141 6
1363 35456986 m2 924131 -4.8869344e-05 0.5 p1 82148 6
5627 35460386 m2 3841417 -0.000455759699 0.5 p1 82195 6
4116 35462038 m2 2786020 -0.000741165655 0.5 p1 82217 6
3690 35462523 m2 2505776 -0.00273781852 0.5 p1 82224 6
1251 35464188 m2 850299 -0.0022191254 0.5 p1 82246 6
1247 35464517 m2 845236 -0.000125272665 0.5 p1 82250 6
999 35464768 m2 670501 -0.00216645584 0.5 p1 82253 6
2382 35465360 m2 1602023 -0.00140709511 0.5 p1 82262 6
5984 35466680 m2 4110202 -0.000519470836 0.5 p1 82280 6
3852 35468024 m2 2619092 -1.06530661e-05 0.5 p1 82297 6
2462 35468404 m2 1659320 -0.000326227135 0.5 p1 82302 6
5963 35468603 m2 4093436 -7.08837376e-07 0.5 p1 82305 6
4024 35468689 m2 2726829 -4.55199833e-09 0.5 p1 82306 6
4443 35469972 m2 3031926 -9.46809067e-08 0.5 p1 82325 6
2895 35470306 m2 1965874 -5.41275804e-05 0.5 p1 82329 6
1186 35470389 m2 812271 -0.0186649114 0.5 p1 82331 6
1328 35470619 m2 899181 -0.00396769308 0.5 p1 82334 6
6757 35471290 m2 4642507 -7.04445574e-06 0.5 p1 82343 6
1142 35471543 m3 772671 0.0004306474 0.5 p1 82347 6
475 35471835 m2 307439 -0.000175821435 0.5 p1 82352 6
6662 35472756 m2 4570152 -0.000162729761 0.5 p1 82365 6
4476 35472851 m2 3059937 -0.000301696913 0.5 p1 82367 6
1386 35473516 m2 945479 -2.22871972e-06 0.5 p1 82376 6
4901 35473782 m2 3349338 -0.000127918858 0.5 p1 82379 6
4015 35474125 m2 2722414 -5.70951897e-07 0.5 p1 82384 6
4358 35475057 m2 2968095 -0.000110493915 0.5 p1 82399 6
296 35475324 m2 184957 -0.00175447378 0.5 p1 82403 6
1635 35476095 m2 1115422 -0.00013095219 0.5 p1 82413 6
1831 35476265 m2 1246711 -0.00318937027 0.5 p1 82416 6
2873 35476593 m2 1952834 -6.32741139e-05 0.5 p1 82420 6
1611 35478293 m2 1097910 -0.00146347494 0.5 p1 82444 6
1305 35479627 m2 883217 -0.00622300152 0.5 p1 82462 6
525 35479842 m2 350780 -0.00169717462 0.5 p1 82466 6
4163 35480743 m2 2825413 -0.000171817519 0.5 p1 82479 6
4283 35481402 m2 2916184 -0.00568240136 0.5 p1 82488 6
3707 35481675 m2 2516168 -0.00819959305 0.5 p1 82492 6
632 35482681 m2 428917 -0.000732468034 0.5 p1 82506 6
6198 35482905 m2 4246228 -0.00947614945 0.5 p1 82509 6
6880 35483246 m2 4727021 -0.00144714606 0.5 p1 82514 6
5435 35484806 m2 3707497 -0.0294228718 0.5 p1 82539 6
3705 35485309 m2 2514963 -0.00183572434 0.5 p1 82546 6
6803 35487878 m2 4678173 -4.78567692e-08 0.5 p1 82584 6
198 35488504 m2 131138 -0.00133152911 0.5 p1 82593 6
2893 35489202 m2 1965078 -0.00129280554 0.5 p1 82604 6
3408 35489647 m2 2295702 -1.67266569e-06 0.5 p1 82610 6
3402 35490179 m2 2291913 -0.000229129626 0.5 p1 82619 6
871 35490490 m2 594167 -0.00172556611 0.5 p1 82624 6
2528 35491858 m3 1706939 4.30808541e-05 0.5 p1 82647 6
7101 35492041 m2 4878751 -0.000948965782 0.5 p1 82650 6
5414 35492224 m2 3693879 -0.000178363378 0.5 p1 82653 6
4812 35492475 m2 3296518 -0.00124747073 0.5 p1 82658 6
5364 35492607 m2 3664389 -0.00188285857 0.5 p1 82660 6
687 35493811 m2 469372 -0.00072157965 0.5 p1 82681 6
6587 35494806 m2 4522939 -0.000154058856 0.5 p1 82697 6
2039 35494942 m2 1396116 -0.00314150099 0.5 p1 82699 6
4708 35495187 m2 3227234 -4.65647754e-05 0.5 p1 82703 6
4905 35495494 m2 3351544 -0.000193598215 0.5 p1 82708 6
4968 35495894 m2 3393618 -0.000250111829 0.5 p1 82714 6
4218 35496269 m2 2863200 -2.83577792e-05 0.5 p1 82719 6
2921 35496522 m2 1978298 -0.00227922224 0.5 p1 82723 6
3242 35497165 m2 2191481 -1.44973558e-06 0.5 p1 82733 6
6829 35497388 m2 4694806 -0.00638910476 0.5 p1 82737 6
4628 35497716 m2 3168079 -0.00031658262 0.5 p1 82742 6
3319 35498047 m2 2238100 -1.7335029e-05 0.5 p1 82747 6
7034 35499312 m2 4839472 -0.000337019184 0.5 p1 82767 6
1605 35499469 m2 1095153 -0.000499170797 0.5 p1 82770 6
6668 35500280 m2 4574994 -0.0024366756 0.5 p1 82782 6
6534 35501396 m2 4484063 -4.56147205e-07 0.5 p1 82800 6
7129 35502023 m2 4900257 -0.000466128811 0.5 p1 82811 6
6979 35502735 m2 4791751 -0.00189028983 0.5 p1 82822 6
183 35503391 m2 122479 -2.03076542e-08 0.5 p1 82833 6
1840 35503835 m2 1256098 -0.00147158222 0.5 p1 82840 6
5119 35504827 m2 3492643 -0.00499314815 0.5 p1 82856 6
1195 35505059 m3 816514 0.00295665371 0.5 p1 82859 6
6471 35506261 m2 4433403 -0.000468041457 0.5 p1 82878 6
4551 35506584 m2 3107190 -0.00425825734 0.5 p1 82884 6
3434 35506818 m3 2310915 0.00245551718 0.5 p1 82888 6
2433 35508344 m2 1637642 -0.0055922037 0.5 p1 82912 6
595 35508722 m3 403022 0.00100324594 0.5 p1 82917 6
581 35509788 m2 392309 -0.000206161756 0.5 p1 82935 6
2003 35510073 m2 1370085 -0.00278808386 0.5 p1 82939 6
1855 35510571 m2 1268088 -2.40293102e-05 0.5 p1 82948 6
3970 35510893 m2 2695612 -5.55505139e-05 0.5 p1 82953 6
2021 35510917 m2 1379491 -8.90816398e-09 0.5 p1 82954 6
5127 35511375 m2 3501106 -0.0157307554 0.5 p1 82962 6
3694 35511600 m2 2508922 -0.000229784055 0.5 p1 82965 6
5811 35511737 m2 3974704 -0.00109216571 0.5 p1 82967 6
5241 35512003 m2 3581065 -7.02235993e-05 0.5 p1 82972 6
6959 35512709 m2 4777068 -0.000100496472 0.5 p1 82983 6
1022 35512881 m2 684656 -0.00111633306 0.5 p1 82986 6
1677 35513467 m2 1155479 -0.00247491291 0.5 p1 82997 6
5551 35514150 m2 3787286 -1.14688294e-06 0.5 p1 83007 6
2602 35514266 m2 1764713 -3.41615814e-05 0.5 p1 83009 6
1077 35514284 m2 721627 -0.000458941417 0.5 p1 83009 6
3931 35514997 m2 2669174 -0.00130831264 0.5 p1 83020 6
5623 35515861 m2 3837237 -0.00390737178 0.5 p1 83035 6
3459 35516161 m3 2328026 0.000747984566 0.5 p1 83040 6
4222 35516528 m2 2865120 -0.000463627483 0.5 p1 83045 6
438 35517316 m2 279486 -0.000256591564 0.5 p1 83059 6
1615 35517318 m2 1103255 -5.11723053e-10 0.5 p1 83059 6
4520 35518308 m2 3084847 -0.00580607262 0.5 p1 83075 6
1087 35518613 m2 731611 -0.00698231766 0.5 p1 83080 6
2832 35519055 m2 1926584 -0.00134463387 0.5 p1 83087 6
3109 35520227 m2 2111887 -0.00088510121 0.5 p1 83107 6
5562 35520437 m2 3793312 -1.62478344e-07 0.5 p1 83111 6
3277 35520645 m2 2206317 -0.00207112962 0.5 p1 83115 6
2885 35520788 m3 1958751 0.000987038715 0.5 p1 83118 6
2888 35520789 m2 1959920 -0.000269903801 0.5 p1 83118 6
5103 35520953 m2 3482631 -0.000412584399 0.5 p1 83121 6
6989 35521038 m2 4803627 -8.64963681e-07 0.5 p1 83122 6
5802 35521159 m3 3968416 0.00143022614 0.5 p1 83124 6
5838 35521318 m2 3997024 -5.96088394e-05 0.5 p1 83127 6
5664 35521425 m2 3872456 -0.00630185381 0.5 p1 83129 6
740 35522024 m2 506346 -4.99779853e-05 0.5 p1 83139 6
938 35522101 m2 640030 -0.000105144165 0.5 p1 83140 6
193 35522483 m2 129736 -0.000703977013 0.5 p1 83148 6
6269 35522547 m2 4290833 -0.0101342136 0.5 p1 83149 6
3516 35522869 m3 2377443 0.00128745788 0.5 p1 83154 6
3433 35523208 m2 2309871 -0.00222787447 0.5 p1 83159 6
1414 35523373 m2 965125 -0.00370709761 0.5 p1 83162 6
1224 35523635 m2 833968 -0.000859523076 0.5 p1 83166 6
6149 35524127 m2 4217949 -0.000128937623 0.5 p1 83174 6
286 35524353 m2 179065 -0.0013493388 0.5 p1 83178 6
229 35524575 m2 144212 -0.00561286788 0.5 p1 83182 6
6698 35524792 m3 4598859 0.000606559333 0.5 p1 83185 6
226 35526064 m2 142637 -2.06557197e-05 0.5 p1 83208 6
3432 35526338 m2 2309726 -1.81578398e-05 0.5 p1 83213 6
2138 35526414 m2 1452535 -0.000825883297 0.5 p1 83214 6
5487 35527139 m2 3738584 -0.000341257168 0.5 p1 83227 6
4133 35527242 m2 2799864 -9.15940655e-06 0.5 p1 83228 6
6877 35527599 m2 4724117 -4.45078058e-06 0.5 p1 83235 6
335 35528262 m2 208614 -9.02806914e-06 0.5 p1 83247 6
1182 35528812 m2 806446 -0.0018170391 0.5 p1 83257 6
4005 35529106 m2 2716204 -0.00224698242 0.5 p1 83262 6
1291 35530468 m2 871191 -0.000726802624 0.5 p1 83285 6
2156 35531300 m2 1466734 -3.67361572e-05 0.5 p1 83299 6
6463 35531307 m2 4425313 -0.0154245878 0.5 p1 83299 6
5528 35531710 m2 3774133 -0.00118356769 0.5 p1 83307 6
3618 35533915 m2 2461084 -0.000238519686 0.5 p1 83346 6
2848 35534933 m2 1936780 -0.0109200366 0.5 p1 83364 6
3929 35536762 m2 2668692 -0.000495078624 0.5 p1 83397 6
2944 35536865 m2 1993973 -0.000745374011 0.5 p1 83399 6
1447 35536874 m2 987217 -9.47939043e-07 0.5 p1 83399 6
2023 35537334 m2 1380538 -0.00106896274 0.5 p1 83407 6
4243 35537674 m2 2879944 -0.00452913949 0.5 p1 83413 6
5492 35537675 m2 3740302 -0.0129701523 0.5 p1 83413 6
1162 35537763 m2 789739 -1.90329146e-07 0.5 p1 83415 6
2153 35537783 m2 1464041 -0.000225012016 0.5 p1 83415 6
6402 35538647 m2 4380532 -0.000334455865 0.5 p1 83430 6
4531 35538773 m2 3094618 -0.000657982193 0.5 p1 83432 6
5139 35538860 m2 3505884 -0.000127281179 0.5 p1 83434 6
6647 35539883 m2 4564337 -0.00296609104 0.5 p1 83452 6
6630 35540256 m2 4552763 -0.00264707487 0.5 p1 83459 6
2905 35540588 m2 1971485 -0.0168214701 0.5 p1 83465 6
590 35540954 m2 400215 -0.00119116239 0.5 p1 83472 6
1353 35541374 m2 916268 -1.23598147e-05 0.5 p1 83481 6
2754 35541738 m2 1869751 -0.000598538783 0.5 p1 83488 6
5043 35541964 m2 3442303 -3.0961993e-09 0.5 p1 83493 6
1631 35542264 m2 1114027 -8.81863962e-05 0.5 p1 83498 6
4610 35542479 m2 3153245 -0.00118903012 0.5 p1 83503 6
5122 35543624 m2 3495832 -3.97999756e-05 0.5 p1 83526 6
7197 35543804 m2 4953172 -0.014509582 0.5 p1 83528 6
6397 35545617 m2 4377879 -1.28468347e-10 0.5 p1 83562 6
3939 35546532 m2 2674457 -1.13258398e-06 0.5 p1 83579 6
4003 35547538 m2 2714928 -0.00250397273 0.5 p1 83597 6
5573 35549308 m2 3802670 -5.93308812e-07 0.5 p1 83632 6
4232 35550131 m2 2875110 -1.4191879e-07 0.5 p1 83648 6
2133 35550223 m2 1449855 -7.11058601e-05 0.5 p1 83649 6
7261 35550351 m2 4989077 -0.000467442471 0.5 p1 83652 6
2196 35550391 m2 1493053 -5.37307897e-05 0.5 p1 83652 6
1375 35550567 m2 937423 -4.43255703e-05 0.5 p1 83656 6
4834 35550874 m2 3309377 -0.0121689411 0.5 p1 83662 6
5019 35550901 m2 3425967 -0.000424751081 0.5 p1 83662 6
6336 35550958 m2 4343460 -6.31109651e-06 0.5 p1 83663 6
3643 35551554 m2 2475390 -0.00763952732 0.5 p1 83675 6
537 35551883 m2 357350 -0.000745751138 0.5 p1 83681 6
3138 35551961 m2 2125451 -0.00511187315 0.5 p1 83682 6
5290 35552045 m2 3612241 -6.02803652e-07 0.5 p1 83684 6
2348 35552120 m2 1582346 -0.00850889552 0.5 p1 83686 6
3769 35554736 m2 2559523 -9.59371804e-10 0.5 p1 83733 6
862 35554794 m2 589001 -0.0106733767 0.5 p1 83735 6
6381 35554868 m2 4370386 -0.000101304635 0.5 p1 83736 6
3415 35555131 m2 2299714 -6.97371433e-05 0.5 p1 83741 6
4870 35555639 m2 3332350 -0.00459857145 0.5 p1 83750 6
3020 35555718 m2 2047838 -0.00273056561 0.5 p1 83752 6
4719 35556070 m2 3234428 -0.00357292942 0.5 p1 83759 6
2557 35556263 m2 1730749 -0.00298686558 0.5 p1 83763 6
2424 35556490 m2 1631111 -0.000921123661 0.5 p1 83767 6
354 35556681 m2 218443 -0.00436576037 0.5 p1 83771 6
2876 35557386 m2 1953836 -0.000199624948 0.5 p1 83784 6
5172 35557834 m2 3531822 -0.0224279519 0.5 p1 83794 6
1239 35558055 m2 842030 -0.00774459727 0.5 p1 83798 6
1064 35558430 m2 714296 -0.000915464305 0.5 p1 83805 6
4074 35559056 m2 2761526 -0.000347904192 0.5 p1 83817 6
5570 35559458 m2 3798360 -0.00351066724 0.5 p1 83825 6
6007 35559617 m2 4134360 -0.000800190493 0.5 p1 83828 6
3659 35560078 m2 2487619 -0.00100789301 0.5 p1 83837 6
303 35560375 m2 186382 -0.00122445018 0.5 p1 83844 6
3193 35560643 m2 2168255 -0.00176968181 0.5 p1 83849 6
3075 35560750 m2 2090420 -0.000450477324 0.5 p1 83852 6
641 35560866 m2 434980 -0.00549286837 0.5 p1 83854 6
6118 35561803 m2 4202631 -0.000235238505 0.5 p1 83872 6
4428 35561925 m2 3014596 -8.38425549e-05 0.5 p1 83874 6
1167 35562211 m2 797020 -1.57783529e-06 0.5 p1 83880 6
1861 35562315 m2 1273647 -0.000757396861 0.5 p1 83882 6
4609 35562346 m2 3152985 -0.00322124199 0.5 p1 83883 6
1612 35562803 m2 1100665 -0.00779502094 0.5 p1 83894 6
5711 35562928 m2 3906537 -0.000662076345 0.5 p1 83897 6
4299 35563438 m2 2923775 -7.70478073e-06 0.5 p1 83909 6
4730 35563439 m2 3243741 -1.16454032e-06 0.5 p1 83909 6
4864 35563702 m2 3329416 -0.00571865309 0.5 p1 83914 6
5554 35563853 m2 3788227 -0.000403693615 0.5 p1 83918 6
2833 35563963 m2 1927135 -0.0347207598 0.5 p1 83920 6
2530 35564298 m2 1711600 -0.017380299 0.5 p1 83928 6
2695 35565247 m2 1827399 -1.79363706e-05 0.5 p1 83949 6
3439 35565359 m2 2315417 -4.99297312e-06 0.5 p1 83952 6
774 35565597 m2 527283 -0.00688198768 0.5 p1 83957 6
6603 35565821 m2 4532368 -0.00213600602 0.5 p1 83962 6
2463 35566100 m2 1659792 -0.00357714156 0.5 p1 83969 6
1173 35566246 m2 799723 -0.000255484367 0.5 p1 83972 6
2513 35566303 m2 1700983 -1.77663042e-05 0.5 p1 83973 6
4655 35566688 m2 3193789 -0.00671799295 0.5 p1 83982 6
3263 35566752 m2 2201833 -0.000597526436 0.5 p1 83984 6
2594 35566863 m2 1759210 -0.00144928822 0.5 p1 83987 6
4910 35567201 m2 3353348 -1.12885537e-05 0.5 p1 83994 6
6212 35567254 m2 4255248 -1.39633627e-07 0.5 p1 83995 6
2703 35567539 m2 1834064 -1.33714948e-05 0.5 p1 84001 6
1820 35567835 m2 1238282 -2.67279916e-06 0.5 p1 84008 6
6365 35568027 m2 4362155 -0.00500639854 0.5 p1 84012 6
1719 35568191 m2 1179914 -2.62994007e-07 0.5 p1 84015 6
4226 35568550 m2 2870806 -0.0231500436 0.5 p1 84023 6
1347 35569555 m2 912653 -0.00227238284 0.5 p1 84045 6
411 35569919 m2 261768 -5.39851226e-06 0.5 p1 84054 6
3016 35569937 m2 2046526 -0.00478628464 0.5 p1 84054 6
5759 35570676 m2 3937957 -3.72737091e-10 0.5 p1 84072 6
2063 35571101 m2 1410817 -0.000317515893 0.5 p1 84082 6
4231 35571535 m2 2874346 -6.52586386e-05 0.5 p1 84092 6
298 35571955 m2 185252 -0.000188166799 0.5 p1 84102 6
5721 35572829 m2 3914975 -0.0026002822 0.5 p1 84122 6
5520 35572897 m2 3765792 -0.00277835736 0.5 p1 84124 6
4293 35573095 m2 2918660 -2.71359113e-05 0.5 p1 84129 6
5530 35573616 m2 3774633 -0.00134944101 0.5 p1 84142 6
789 35574552 m2 540322 -0.0115602426 0.5 p1 84166 6
6799 35574605 m2 4674901 -5.23395647e-06 0.5 p1 84167 6
4543 35574984 m2 3103297 -0.0300332997 0.5 p1 84176 6
7062 35575096 m2 4852022 -0.0107751284 0.5 p1 84178 6
450 35575502 m2 289906 -0.00900699291 0.5 p1 84188 6
2144 35575680 m2 1457410 -0.00607926026 0.5 p1 84193 6
362 35576356 m2 226663 -0.000810653204 0.5 p1 84210 6
179 35576490 m2 119559 -0.0113995848 0.5 p1 84214 6
1727 35576571 m2 1185054 -0.0012248311 0.5 p1 84216 6
192 35577520 m2 129659 -0.000501153932 0.5 p1 84239 6
4866 35577538 m2 3330100 -0.000244302209 0.5 p1 84240 6
1985 35577579 m2 1361773 -0.000618371356 0.5 p1 84241 6
5304 35578795 m2 3623021 -0.00582434656 0.5 p1 84273 6
1621 35578869 m2 1106367 -0.00630370295 0.5 p1 84275 6
4345 35579497 m2 2958596 -2.15302672e-11 0.5 p1 84291 6
4882 35579599 m2 3340933 -9.02417833e-06 0.5 p1 84293 6
2495 35579611 m2 1687219 -1.46216053e-06 0.5 p1 84293 6
6420 35579842 m2 4391008 -3.80767688e-06 0.5 p1 84299 6
4497 35580313 m2 3075555 -0.00922885444 0.5 p1 84313 6
5660 35580765 m2 3865759 -0.0166649204 0.5 p1 84325 6
1517 35581004 m2 1033699 -0.0204669759 0.5 p1 84330 6
6845 35581791 m2 4706435 -0.000155534814 0.5 p1 84349 6
952 35582262 m2 645451 -0.000575396407 0.5 p1 84362 6
4992 35582451 m2 3409194 -0.00233601709 0.5 p1 84368 6
6301 35582615 m2 4323400 -0.0017690541 0.5 p1 84372 6
3038 35582684 m2 2060495 -0.000808527169 0.5 p1 84374 6
4728 35583305 m2 3242417 -0.00463135727 0.5 p1 84392 6
4560 35583522 m2 3113165 -0.00281159603 0.5 p1 84398 6
3918 35583832 m2 2662788 -2.49435561e-06 0.5 p1 84407 6
4111 35584013 m2 2784971 -0.0108494097 0.5 p1 84413 6
3292 35584272 m2 2219188 -0.00992773287 0.5 p1 84420 6
2413 35584597 m2 1623814 -0.000919610553 0.5 p1 84429 6
5816 35584856 m2 3981690 -0.000774962478 0.5 p1 84437 6
2380 35585079 m2 1600425 -4.08083433e-05 0.5 p1 84443 6
1842 35585202 m2 1256717 -9.98577088e-05 0.5 p1 84447 6
3394 35585249 m2 2288729 -0.00893958844 0.5 p1 84449 6
5082 35585387 m2 3468478 -0.0235840622 0.5 p1 84452 6
5399 35586420 m2 3681566 -0.00147876423 0.5 p1 84482 6
2421 35586480 m2 1628403 -0.0109609496 0.5 p1 84483 6
3779 35586740 m2 2567611 -0.000997492694 0.5 p1 84490 6
4760 35587109 m2 3263227 -5.52383117e-09 0.5 p1 84501 6
5409 35587110 m2 3690104 -7.53757558e-05 0.5 p1 84501 6
2013 35587217 m2 1374398 -1.52145708e-06 0.5 p1 84504 6
5956 35587267 m2 4088359 -0.000115781571 0.5 p1 84505 6
2259 35587405 m2 1530151 -0.00312176137 0.5 p1 84511 6
840 35587471 m2 574217 -1.28507645e-06 0.5 p1 84512 6
3209 35587472 m2 2173623 -0.00383410952 0.5 p1 84512 6
3723 35587671 m3 2526174 0.000537344546 0.5 p1 84518 6
559 35587700 m2 373615 -0.0242631566 0.5 p1 84519 6
5997 35587832 m2 4124956 -0.000663533399 0.5 p1 84523 6
3518 35588242 m2 2380743 -4.540386e-05 0.5 p1 84535 6
6859 35588373 m2 4714035 -0.00193292357 0.5 p1 84540 6
5653 35588849 m2 3860748 -1.15391568e-11 0.5 p1 84554 6
579 35588880 m2 391218 -0.000760858296 0.5 p1 84555 6
6001 35588963 m2 4129014 -0.000737264694 0.5 p1 84558 6
7254 35589578 m2 4984634 -6.60491969e-06 0.5 p1 84577 6
7028 35590093 m2 4837317 -8.26745102e-18 0.5 p1 84593 6
7049 35590238 m2 4846749 -0.00108111906 0.5 p1 84598 6
4726 35590589 m2 3241129 -0.000174027824 0.5 p1 84611 6
3241 35590590 m2 2191310 -4.10755689e-07 0.5 p1 84611 6
6558 35590934 m2 4501326 -0.000365451269 0.5 p1 84621 6
444 35591766 m2 284284 -2.59727244e-06 0.5 p1 84645 6
3671 35592048 m2 2493284 -8.1056045e-05 0.5 p1 84654 6
1663 35592117 m2 1144678 -2.71910133e-10 0.5 p1 84656 6
1568 35592118 m2 1065665 -2.64771552e-05 0.5 p1 84656 6
4031 35592253 m2 2731726 -0.00196674303 0.5 p1 84661 6
6141 35592415 m2 4210434 -4.27976238e-06 0.5 p1 84665 6
1934 35592656 m2 1328740 -0.0165320989 0.5 p1 84671 6
791 35592734 m2 541046 -0.0287631378 0.5 p1 84673 6
76 35592917 m2 49827 -1.71669599e-05 0.5 p1 84680 6
4490 35592954 m2 3069492 -4.28390813e-05 0.5 p1 84681 6
3979 35593182 m2 2699784 -0.0110073406 0.5 p1 84687 6
133 35593183 m2 88009 -2.60875538e-07 0.5 p1 84687 6
6156 35593575 m2 4220952 -0.000550980214 0.5 p1 84699 6
5128 35593726 m2 3501113 -0.00321480888 0.5 p1 84704 6
4906 35593799 m2 3351825 -0.00685204938 0.5 p1 84706 6
3866 35594010 m2 2630062 -4.17354422e-05 0.5 p1 84712 6
3055 35594040 m2 2077263 -7.62270247e-07 0.5 p1 84713 6
3378 35594115 m2 2281073 -0.00135677273 0.5 p1 84715 6
5940 35594143 m2 4071704 -8.47000905e-08 0.5 p1 84716 6
5727 35594246 m2 3919192 -0.000365020445 0.5 p1 84720 6
912 35594503 m2 620742 -0.000713163987 0.5 p1 84729 6
5747 35594572 m2 3931323 -2.86016802e-06 0.5 p1 84731 6
5809 35594757 m2 3974158 -0.000695266295 0.5 p1 84737 6
4361 35595006 m2 2970489 -0.0010948556 0.5 p1 84744 6
7024 35595093 m2 4835323 -2.71994122e-06 0.5 p1 84747 6
3856 35595252 m2 2622587 -1.10090738e-07 0.5 p1 84753 6
1419 35595492 m2 969230 -0.00270759687 0.5 p1 84762 6
425 35595670 m2 272826 -0.000306936912 0.5 p1 84769 6
2556 35596277 m2 1729269 -1.14256027e-08 0.5 p1 84792 6
4808 35596501 m2 3295497 -0.000419827731 0.5 p1 84799 6
5427 35596801 m2 3704263 -0.00195024197 0.5 p1 84809 6
5222 35596888 m2 3568120 -3.25385081e-05 0.5 p1 84811 6
4208 35596980 m2 2857565 -0.000756314839 0.5 p1 84814 6
7155 35597051 m2 4920290 -0.00713534188 0.5 p1 84817 6
4556 35597431 m2 3110571 -0.000144037229 0.5 p1 84828 6
2865 35597459 m2 1946450 -0.00133494043 0.5 p1 84829 6
5621 35597619 m2 3836661 -4.8405589e-05 0.5 p1 84833 6
988 35598009 m2 664917 -0.010308478 0.5 p1 84844 6
4949 35598017 m2 3380291 -0.00970581267 0.5 p1 84844 6
6456 35598031 m2 4422873 -3.46493096e-07 0.5 p1 84845 6
1625 35598265 m2 1110638 -0.00203696708 0.5 p1 84852 6
82 35598612 m3 52556 0.000876257836 0.5 p1 84862 6
5176 35598673 m2 3535450 -2.86457016e-05 0.5 p1 84864 6
5735 35598872 m2 3925796 -3.88947932e-08 0.5 p1 84871 6
4534 35598956 m2 3096158 -6.52104354e-05 0.5 p1 84873 6
2080 35598988 m2 1416865 -0.00507318974 0.5 p1 84874 6
6458 35599070 m2 4423319 -0.0031658907 0.5 p1 84876 6
2488 35599261 m2 1683783 -8.58154672e-05 0.5 p1 84882 6
2205 35599497 m2 1495740 -0.0298545007 0.5 p1 84890 6
5268 35599716 m2 3598745 -0.000399716402 0.5 p1 84899 6
2563 35600169 m2 1735753 -1.96893707e-05 0.5 p1 84913 6
5008 35601351 m3 3420768 0.0013504891 0.5 p1 84956 6
1782 35601414 m2 1215440 -8.29855011e-08 0.5 p1 84959 6
2504 35602051 m2 1692579 -0.00394125469 0.5 p1 84979 6
3040 35602052 m2 2062115 -0.00021522888 0.5 p1 84979 6
2310 35602115 m2 1566175 -0.000660340709 0.5 p1 84981 6
956 35602235 m2 649177 -0.0140643995 0.5 p1 84986 6
1877 35602257 m2 1283026 -0.000104128769 0.5 p1 84987 6
4072 35602472 m2 2761071 -0.0145829795 0.5 p1 84995 6
2383 35603060 m2 1602345 -0.0117292544 0.5 p1 85015 6
2180 35603252 m2 1484822 -5.62568312e-05 0.5 p1 85022 6
2369 35603355 m2 1594225 -0.00126268377 0.5 p1 85026 6
6263 35603452 m2 4287585 -0.0248441119 0.5 p1 85029 6
4790 35603616 m2 3281315 -0.00197118171 0.5 p1 85036 6
2415 35603814 m2 1624507 -0.0236750208 0.5 p1 85043 6
2990 35603890 m2 2027194 -0.000202268551 0.5 p1 85046 6
5896 35604225 m2 4036302 -0.0166538637 0.5 p1 85056 6
2717 35604292 m2 1842059 -0.0011009489 0.5 p1 85058 6
3395 35604342 m2 2289910 -0.0252305549 0.5 p1 85060 6
5899 35604787 m2 4039949 -0.0237797331 0.5 p1 85077 6
4289 35604825 m2 2918174 -2.27357468e-05 0.5 p1 85078 6
3053 35605012 m2 2076961 -0.00944810174 0.5 p1 85086 6
1083 35605029 m2 730134 -0.000974015216 0.5 p1 85087 6
136 35605161 m2 90854 -0.000491490122 0.5 p1 85092 6
285 35605597 m2 178868 -2.72085089e-07 0.5 p1 85113 6
2939 35605687 m2 1990043 -0.0107737379 0.5 p1 85116 6
2260 35605763 m2 1530315 -0.00132447062 0.5 p1 85119 6
2654 35605768 m2 1802024 -0.00246202201 0.5 p1 85119 6
3272 35606151 m2 2205538 -0.0143781928 0.5 p1 85137 6
3205 35606327 m2 2172913 -1.48184495e-06 0.5 p1 85145 6
2630 35606598 m2 1784376 -4.78824862e-11 0.5 p1 85157 6
6663 35606631 m2 4572111 -0.0240706094 0.5 p1 85158 6
961 35606674 m2 651256 -0.0117546907 0.5 p1 85160 6
1701 35606675 m2 1167716 -0.0175501257 0.5 p1 85160 6
2743 35607058 m2 1862716 -0.0189129822 0.5 p1 85175 6
2394 35607106 m2 1612160 -0.0272536632 0.5 p1 85177 6
1940 35607296 m2 1331954 -0.00202762196 0.5 p1 85186 6
5488 35607992 m2 3738594 -0.00213399925 0.5 p1 85220 6
532 35608085 m2 354136 -0.00135840091 0.5 p1 85225 6
4849 35608092 m2 3318811 -5.59224645e-05 0.5 p1 85225 6
736 35608306 m2 504772 -0.00455208262 0.5 p1 85235 6
2412 35608385 m2 1623501 -2.71831203e-11 0.5 p1 85238 6
3636 35608773 m2 2469206 -0.057571616 0.5 p1 85255 6
5456 35609025 m2 3722548 -0.000138235584 0.5 p1 85266 6
2667 35609076 m2 1811217 -0.00552902929 0.5 p1 85269 6
6710 35609181 m2 4607356 -0.000495459244 0.5 p1 85273 6
4302 35609242 m2 2929073 -0.000390814617 0.5 p1 85276 6
4030 35609264 m2 2730694 -0.000469879247 0.5 p1 85277 6
4884 35609628 m2 3342620 -0.00225132215 0.5 p1 85295 6
2555 35609643 m2 1728895 -0.000449662708 0.5 p1 85296 6
806 35609749 m2 550591 -0.0163257904 0.5 p1 85301 6
5830 35610087 m2 3991148 -0.000392999063 0.5 p1 85319 6
5927 35610282 m2 4057820 -5.34852079e-05 0.5 p1 85330 6
6577 35610308 m2 4514619 -0.000789322658 0.5 p1 85331 6
5246 35610346 m2 3583430 -0.00610996224 0.5 p1 85333 6
6327 35610628 m2 4338374 -4.94087217e-05 0.5 p1 85350 6
5450 35610728 m2 3715205 -0.019739978 0.5 p1 85356 6
7142 35610807 m2 4909599 -0.0039680656 0.5 p1 85359 6
1103 35611237 m2 744240 -0.00288376701 0.5 p1 85381 6
3436 35611548 m2 2312191 -0.00133869215 0.5 p1 85398 6
4817 35612171 m2 3300937 -0.000766722369 0.5 p1 85437 6
2541 35612191 m2 1718943 -0.000520456524 0.5 p1 85438 6
5937 35612265 m2 4066083 -0.00388489012 0.5 p1 85442 6
6777 35612266 m2 4658217 -5.30030242e-08 0.5 p1 85442 6
1428 35612303 m2 974246 -0.00268732361 0.5 p1 85445 6
1906 35612320 m2 1305004 -0.00286145532 0.5 p1 85446 6
4701 35612552 m2 3224255 -0.00359927048 0.5 p1 85460 6
707 35612616 m2 484193 -0.00516016921 0.5 p1 85463 6
6810 35612618 m2 4683501 -3.59050375e-07 0.5 p1 85463 6
3497 35612666 m2 2356626 -0.00241641933 0.5 p1 85465 6
7090 35612927 m2 4872297 -0.00549190631 0.5 p1 85480 6
1743 35613060 m2 1194625 -0.0201237388 0.5 p1 85487 6
5178 35613117 m2 3536170 -0.0083235316 0.5 p1 85491 6
6264 35613129 m2 4288615 -0.00811836403 0.5 p1 85492 6
4954 35613171 m2 3384659 -0.01180855 0.5 p1 85494 6
5550 35613199 m2 3787185 -0.0039213947 0.5 p1 85496 6
4326 35613222 m2 2941747 -4.33963123e-06 0.5 p1 85497 6
1668 35613309 m2 1149894 -0.0926725417 0.5 p1 85502 6
3836 35613484 m2 2604924 -0.0174465701 0.5 p1 85511 6
2315 35613525 m2 1568693 -9.11962851e-15 0.5 p1 85513 6
4649 35613861 m3 3188950 0.00212254794 0.5 p1 85534 6
2542 35613947 m2 1720257 -0.00146225141 0.5 p1 85539 6
6224 35613961 m2 4262514 -0.0356511176 0.5 p1 85540 6
951 35613992 m2 644654 -1.86279976e-06 0.5 p1 85543 6
2548 35613994 m2 1724153 -0.00561701693 0.5 p1 85543 6
2575 35614119 m2 1744099 -0.000180221192 0.5 p1 85553 6
6675 35614149 m2 4580344 -0.0188782495 0.5 p1 85554 6
870 35614227 m2 593917 -0.00811025873 0.5 p1 85559 6
1712 35614281 m2 1174910 -3.59073749e-09 0.5 p1 85562 6
2933 35614297 m2 1987768 -0.0104275653 0.5 p1 85563 6
5192 35614358 m2 3552926 -0.00242135301 0.5 p1 85566 6
6928 35614398 m2 4760063 -0.0118875466 0.5 p1 85569 6
6480 35614430 m2 4440702 -5.52545862e-05 0.5 p1 85571 6
3880 35614494 m2 2639259 -1.2538575e-05 0.5 p1 85577 6
1459 35614511 m2 994989 -0.000897563063 0.5 p1 85578 6
554 35614568 m2 371473 -0.0443827137 0.5 p1 85581 6
5270 35614617 m2 3599304 -2.39266615e-06 0.5 p1 85584 6
693 35614815 m2 473740 -0.00614673877 0.5 p1 85596 6
2480 35615003 m2 1679353 -0.00756053766 0.5 p1 85611 6
894 35615058 m2 610007 -0.0311254431 0.5 p1 85615 6
2057 35615071 m2 1406199 -0.0222743768 0.5 p1 85616 6
4415 35615221 m2 3004818 -0.00109894236 0.5 p1 85627 6
6817 35615225 m2 4689480 -0.000926324341 0.5 p1 85627 6
7287 35615273 m2 4962159 -0.00382808666 0.5 p1 85631 3
2607 35615281 m2 1768219 -0.0275770295 0.5 p1 85631 6
3898 35615313 m2 2651371 -0.000906914822 0.5 p1 85634 6
3082 35615488 m2 2093611 -6.93686843e-06 0.5 p1 85647 6
5185 35615510 m2 3544338 -0.0035518005 0.5 p1 85649 6
200 35615602 m2 131408 -3.56326163e-10 0.5 p1 85655 6
2132 35615759 m2 1449472 -0.0586880296 0.5 p1 85668 6
62 35615765 m2 39130 -0.0644395873 0.5 p1 85669 6
1240 35615906 m2 842434 -0.000611925032 0.5 p1 85680 6
3604 35616006 m2 2448287 -0.0210366175 0.5 p1 85688 4
549 35616044 m2 366765 -1.20155403e-06 0.5 p1 85691 6
396 35616053 m2 252289 -7.42228221e-05 0.5 p1 85692 1
7284 35616152 m2 1863143 -2.39742417e-06 0.5 p1 85702 2
7294 35616153 m2 3050130 -0.109220952 0.5 p1 85702 2
79 35616178 m2 51300 -1.59964038e-05 0.5 p1 85704 6
7243 35616180 m2 4976862 -0.00583608728 0.5 p1 85704 3
7279 35616231 m2 903297 -1.30687602e-06 0.5 p1 85707 5
5910 35616233 m2 4047526 -0.00476336153 0.5 p1 85707 6
5459 35616248 m2 3724315 -8.7944791e-08 0.5 p1 85708 5
5106 35616250 m2 3484072 -0.000446719059 0.5 p1 85708 6
7288 35616254 m2 869150 -0.00294572208 0.5 p1 85709 2
7280 35616265 m2 948799 -7.76337129e-06 0.5 p1 85710 5
6510 35616377 m2 4464601 -0.00888827816 0.5 p1 85720 3
7281 35616419 m2 1122118 -0.00722920429 0.5 p1 85725 2
7290 35616453 m2 1667512 -0.00299357111 0.5 p1 85728 2
7296 35616471 m2 129918 -0.0284921136 0.5 p1 85730 1
7285 35616486 m2 2307611 -5.70946013e-10 0.5 p1 85732 2
7291 35616545 m2 4401036 -0.00298082642 0.5 p1 85738 2
7282 35616577 m2 1333432 -0.0761259869 0.5 p1 85742 2
7293 35616579 m2 639358 -0.0323902816 0.5 p1 85742 2
7289 35616583 m2 1130609 -0.000193738568 0.5 p1 85743 2
3754 35616584 m2 2548496 -0.000325657747 0.5 p1 85743 6
7286 35616587 m2 3779024 -0.0166084114 0.5 p1 85743 1
7297 35616593 m2 1505189 -0.0331134722 0.5 p1 85744 1
7283 35616619 m2 1529999 -0.213116899 0.5 p1 85746 1
7299 35616626 m2 3608962 -0.000315595709 0.5 p1 85747 1
7298 35616633 m2 1585245 -0.159042791 0.5 p1 85748 1
7292 35616653 m2 4574427 -0.00163110823 0.5 p1 85750 1
7295 35616657 m2 173084 -0.0326676853 0.5 p1 85751 1
Individuals:
p1:i0 H p1:0 p1:1 3
p1:i1 H p1:2 p1:3 2
p1:i2 H p1:4 p1:5 0
Genomes:
p1:0 A 0 1 2 3 4 5 6 7 8 9 10 11 12 13 14 15 16 17 18 19 20 21 22 23 24 25 26 27 28 29 30 31 32 33 34 35 36 37 38 39 40 41 42 43 44 45 46 47 48 49 50 51 52 53 54 55 56 57 58 59 60 61 62 63 64 65 66 67 68 69 70 71 72 73 74 75 76 77 78 79 80 81 82 83 84 85 86 87 88 89 90 91 92 93 94 95 96 97 98 99 100 101 102 103 104 105 106 107 108 109 110 111 112 113 114 115 116 117 118 119 120 121 122 123 124 125 126 127 128 129 130 131 132 133 134 135 136 137 138 139 140 141 142 143 144 145 146 147 148 149 150 151 152 153 154 155 156 157 158 159 160 161 162 163 164 165 166 167 168 169 170 171 172 173 174 175 176 177 178 179 180 181 182 183 184 185 186 187 188 189 190 191 192 193 194 195 196 197 198 199 200 201 202 203 204 205 206 207 208 209 210 211 212 213 214 215 216 217 218 219 220 221 222 223 224 225 226 227 228 229 230 231 232 233 234 235 236 237 238 239 240 241 242 243 244 245 246 247 248 249 250 251 252 253 254 255 256 257 258 259 260 261 262 263 264 265 266 267 268 269 270 271 272 273 274 275 276 277 278 279 280 281 282 283 284 285 286 287 288 289 290 291 292 293 294 295 296 297 298 299 300 301 302 303 304 305 306 307 308 309 310 311 312 313 314 315 316 317 318 319 320 321 322 323 324 325 326 327 328 329 330 331 332 333 334 335 336 337 338 339 340 341 342 343 344 345 346 347 348 349 350 351 352 353 354 355 356 357 358 359 360 361 362 363 364 365 366 367 368 369 370 371 372 373 374 375 376 377 378 379 380 381 382 383 384 385 386 387 388 389 390 391 392 393 394 395 396 397 398 399 400 401 402 403 404 405 406 407 408 409 410 411 412 413 414 415 416 417 418 419 420 421 422 423 424 425 426 427 428 429 430 431 432 433 434 435 436 437 438 439 440 441 442 443 444 445 446 447 448 449 450 451 452 453 454 455 456 457 458 459 460 461 462 463 464 465 466 467 468 469 470 471 472 473 474 475 476 477 478 479 480 481 482 483 484 485 486 487 488 489 490 491 492 493 494 495 496 497 498 499 500 501 502 503 504 505 506 507 508 509 510 511 512 513 514 515 516 517 518 519 520 521 522 523 524 525 526 527 528 529 530 531 532 533 534 535 536 537 538 539 540 541 542 543 544 545 546 547 548 549 550 551 552 553 554 555 556 557 558 559 560 561 562 563 564 565 566 567 568 569 570 571 572 573 574 575 576 577 578 579 580 581 582 583 584 585 586 587 588 589 590 591 592 593 594 595 596 597 598 599 600 601 602 603 604 605 606 607 608 609 610 611 612 613 614 615 616 617 618 619 620 621 622 623 624 625 626 627 628 629 630 631 632 633 634 635 636 637 638 639 640 641 642 643 644 645 646 647 648 649 650 651 652 653 654 655 656 657 658 659 660 661 662 663 664 665 666 667 668 669 670 671 672 673 674 675 676 677 678 679 680 681 682 683 684 685 686 687 688 689 690 691 692 693 694 695 696 697 698 699 700 701 702 703 704 705 706 707 708 709 710 711 712 713 714 715 716 717 718 719 720 721 722 723 724 725 726 727 728 729 730 731 732 733 734 735 736 737 738 739 740 741 742 743 744 745 746 747 748 749 750 751 752 753 754 755 756 757 758 759 760 761 762 763 764 765 766 767 768 769 770 771 772 773 774 775 776 777 778 779 780 781 782 783 784 785 786 787 788 789 790 791 792 793 794 795 796 797 798 799 800 801 802 803 804 805 806 807 808 809 810 811 812 813 814 815 816 817 818 819 820 821 822 823 824 825 826 827 828 829 830 831 832 833 834 835 836 837 838 839 840 841 842 843 844 845 846 847 848 849 850 851 852 853 854 855 856 857 858 859 860 861 862 863 864 865 866 867 868 869 870 871 872 873 874 875 876 877 878 879 880 881 882 883 884 885 886 887 888 889 890 891 892 893 894 895 896 897 898 899 900 901 902 903 904 905 906 907 908 909 910 911 912 913 914 915 916 917 918 919 920 921 922 923 924 925 926 927 928 929 930 931 932 933 934 935 936 937 938 939 940 941 942 943 944 945 946 947 948 949 950 951 952 953 954 955 956 957 958 959 960 961 962 963 964 965 966 967 968 969 970 971 972 973 974 975 976 977 978 979 980 981 982 983 984 985 986 987 988 989 990 991 992 993 994 995 996 997 998 999 1000 1001 1002 1003 1004 1005 1006 1007 1008 1009 1010 1011 1012 1013 1014 1015 1016 1017 1018 1019 1020 1021 1022 1023 1024 1025 1026 1027 1028 1029 1030 1031 1032 1033 1034 1035 1036 1037 1038 1039 1040 1041 1042 1043 1044 1045 1046 1047 1048 1049 1050 1051 1052 1053 1054 1055 1056 1057 1058 1059 1060 1061 1062 1063 1064 1065 1066 1067 1068 1069 1070 1071 1072 1073 1074 1075 1076 1077 1078 1079 1080 1081 1082 1083 1084 1085 1086 1087 1088 1089 1090 1091 1092 1093 1094 1095 1096 1097 1098 1099 1100 1101 1102 1103 1104 1105 1106 1107 1108 1109 1110 1111 1112 1113 1114 1115 1116 1117 1118 1119 1120 1121 1122 1123 1124 1125 1126 1127 1128 1129 1130 1131 1132 1133 1134 1135 1136 1137 1138 1139 1140 1141 1142 1143 1144 1145 1146 1147 1148 1149 1150 1151 1152 1153 1154 1155 1156 1157 1158 1159 1160 1161 1162 1163 1164 1165 1166 1167 1168 1169 1170 1171 1172 1173 1174 1175 1176 1177 1178 1179 1180 1181 1182 1183 1184 1185 1186 1187 1188 1189 1190 1191 1192 1193 1194 1195 1196 1197 1198 1199 1200 1201 1202 1203 1204 1205 1206 1207 1208 1209 1210 1211 1212 1213 1214 1215 1216 1217 1218 1219 1220 1221 1222 1223 1224 1225 1226 1227 1228 1229 1230 1231 1232 1233 1234 1235 1236 1237 1238 1239 1240 1241 1242 1243 1244 1245 1246 1247 1248 1249 1250 1251 1252 1253 1254 1255 1256 1257 1258 1259 1260 1261 1262 1263 1264 1265 1266 1267 1268 1269 1270 1271 1272 1273 1274 1275 1276 1277 1278 1279 1280 1281 1282 1283 1284 1285 1286 1287 1288 1289 1290 1291 1292 1293 1294 1295 1296 1297 1298 1299 1300 1301 1302 1303 1304 1305 1306 1307 1308 1309 1310 1311 1312 1313 1314 1315 1316 1317 1318 1319 1320 1321 1322 1323 1324 1325 1326 1327 1328 1329 1330 1331 1332 1333 1334 1335 1336 1337 1338 1339 1340 1341 1342 1343 1344 1345 1346 1347 1348 1349 1350 1351 1352 1353 1354 1355 1356 1357 1358 1359 1360 1361 1362 1363 1364 1365 1366 1367 1368 1369 1370 1371 1372 1373 1374 1375 1376 1377 1378 1379 1380 1381 1382 1383 1384 1385 1386 1387 1388 1389 1390 1391 1392 1393 1394 1395 1396 1397 1398 1399 1400 1401 1402 1403 1404 1405 1406 1407 1408 1409 1410 1411 1412 1413 1414 1415 1416 1417 1418 1419 1420 1421 1422 1423 1424 1425 1426 1427 1428 1429 1430 1431 1432 1433 1434 1435 1436 1437 1438 1439 1440 1441 1442 1443 1444 1445 1446 1447 1448 1449 1450 1451 1452 1453 1454 1455 1456 1457 1458 1459 1460 1461 1462 1463 1464 1465 1466 1467 1468 1469 1470 1471 1472 1473 1474 1475 1476 1477 1478 1479 1480 1481 1482 1483 1484 1485 1486 1487 1488 1489 1490 1491 1492 1493 1494 1495 1496 1497 1498 1499 1500 1501 1502 1503 1504 1505 1506 1507 1508 1509 1510 1511 1512 1513 1514 1515 1516 1517 1518 1519 1520 1521 1522 1523 1524 1525 1526 1527 1528 1529 1530 1531 1532 1533 1534 1535 1536 1537 1538 1539 1540 1541 1542 1543 1544 1545 1546 1547 1548 1549 1550 1551 1552 1553 1554 1555 1556 1557 1558 1559 1560 1561 1562 1563 1564 1565 1566 1567 1568 1569 1570 1571 1572 1573 1574 1575 1576 1577 1578 1579 1580 1581 1582 1583 1584 1585 1586 1587 1588 1589 1590 1591 1592 1593 1594 1595 1596 1597 1598 1599 1600 1601 1602 1603 1604 1605 1606 1607 1608 1609 1610 1611 1612 1613 1614 1615 1616 1617 1618 1619 1620 1621 1622 1623 1624 1625 1626 1627 1628 1629 1630 1631 1632 1633 1634 1635 1636 1637 1638 1639 1640 1641 1642 1643 1644 1645 1646 1647 1648 1649 1650 1651 1652 1653 1654 1655 1656 1657 1658 1659 1660 1661 1662 1663 1664 1665 1666 1667 1668 1669 1670 1671 1672 1673 1674 1675 1676 1677 1678 1679 1680 1681 1682 1683 1684 1685 1686 1687 1688 1689 1690 1691 1692 1693 1694 1695 1696 1697 1698 1699 1700 1701 1702 1703 1704 1705 1706 1707 1708 1709 1710 1711 1712 1713 1714 1715 1716 1717 1718 1719 1720 1721 1722 1723 1724 1725 1726 1727 1728 1729 1730 1731 1732 1733 1734 1735 1736 1737 1738 1739 1740 1741 1742 1743 1744 1745 1746 1747 1748 1749 1750 1751 1752 1753 1754 1755 1756 1757 1758 1759 1760 1761 1762 1763 1764 1765 1766 1767 1768 1769 1770 1771 1772 1773 1774 1775 1776 1777 1778 1779 1780 1781 1782 1783 1784 1785 1786 1787 1788 1789 1790 1791 1792 1793 1794 1795 1796 1797 1798 1799 1800 1801 1802 1803 1804 1805 1806 1807 1808 1809 1810 1811 1812 1813 1814 1815 1816 1817 1818 1819 1820 1821 1822 1823 1824 1825 1826 1827 1828 1829 1830 1831 1832 1833 1834 1835 1836 1837 1838 1839 1840 1841 1842 1843 1844 1845 1846 1847 1848 1849 1850 1851 1852 1853 1854 1855 1856 1857 1858 1859 1860 1861 1862 1863 1864 1865 1866 1867 1868 1869 1870 1871 1872 1873 1874 1875 1876 1877 1878 1879 1880 1881 1882 1883 1884 1885 1886 1887 1888 1889 1890 1891 1892 1893 1894 1895 1896 1897 1898 1899 1900 1901 1902 1903 1904 1905 1906 1907 1908 1909 1910 1911 1912 1913 1914 1915 1916 1917 1918 1919 1920 1921 1922 1923 1924 1925 1926 1927 1928 1929 1930 1931 1932 1933 1934 1935 1936 1937 1938 1939 1940 1941 1942 1943 1944 1945 1946 1947 1948 1949 1950 1951 1952 1953 1954 1955 1956 1957 1958 1959 1960 1961 1962 1963 1964 1965 1966 1967 1968 1969 1970 1971 1972 1973 1974 1975 1976 1977 1978 1979 1980 1981 1982 1983 1984 1985 1986 1987 1988 1989 1990 1991 1992 1993 1994 1995 1996 1997 1998 1999 2000 2001 2002 2003 2004 2005 2006 2007 2008 2009 2010 2011 2012 2013 2014 2015 2016 2017 2018 2019 2020 2021 2022 2023 2024 2025 2026 2027 2028 2029 2030 2031 2032 2033 2034 2035 2036 2037 2038 2039 2040 2041 2042 2043 2044 2045 2046 2047 2048 2049 2050 2051 2052 2053 2054 2055 2056 2057 2058 2059 2060 2061 2062 2063 2064 2065 2066 2067 2068 2069 2070 2071 2072 2073 2074 2075 2076 2077 2078 2079 2080 2081 2082 2083 2084 2085 2086 2087 2088 2089 2090 2091 2092 2093 2094 2095 2096 2097 2098 2099 2100 2101 2102 2103 2104 2105 2106 2107 2108 2109 2110 2111 2112 2113 2114 2115 2116 2117 2118 2119 2120 2121 2122 2123 2124 2125 2126 2127 2128 2129 2130 2131 2132 2133 2134 2135 2136 2137 2138 2139 2140 2141 2142 2143 2144 2145 2146 2147 2148 2149 2150 2151 2152 2153 2154 2155 2156 2157 2158 2159 2160 2161 2162 2163 2164 2165 2166 2167 2168 2169 2170 2171 2172 2173 2174 2175 2176 2177 2178 2179 2180 2181 2182 2183 2184 2185 2186 2187 2188 2189 2190 2191 2192 2193 2194 2195 2196 2197 2198 2199 2200 2201 2202 2203 2204 2205 2206 2207 2208 2209 2210 2211 2212 2213 2214 2215 2216 2217 2218 2219 2220 2221 2222 2223 2224 2225 2226 2227 2228 2229 2230 2231 2232 2233 2234 2235 2236 2237 2238 2239 2240 2241 2242 2243 2244 2245 2246 2247 2248 2249 2250 2251 2252 2253 2254 2255 2256 2257 2258 2259 2260 2261 2262 2263 2264 2265 2266 2267 2268 2269 2270 2271 2272 2273 2274 2275 2276 2277 2278 2279 2280 2281 2282 2283 2284 2285 2286 2287 2288 2289 2290 2291 2292 2293 2294 2295 2296 2297 2298 2299 2300 2301 2302 2303 2304 2305 2306 2307 2308 2309 2310 2311 2312 2313 2314 2315 2316 2317 2318 2319 2320 2321 2322 2323 2324 2325 2326 2327 2328 2329 2330 2331 2332 2333 2334 2335 2336 2337 2338 2339 2340 2341 2342 2343 2344 2345 2346 2347 2348 2349 2350 2351 2352 2353 2354 2355 2356 2357 2358 2359 2360 2361 2362 2363 2364 2365 2366 2367 2368 2369 2370 2371 2372 2373 2374 2375 2376 2377 2378 2379 2380 2381 2382 2383 2384 2385 2386 2387 2388 2389 2390 2391 2392 2393 2394 2395 2396 2397 2398 2399 2400 2401 2402 2403 2404 2405 2406 2407 2408 2409 2410 2411 2412 2413 2414 2415 2416 2417 2418 2419 2420 2421 2422 2423 2424 2425 2426 2427 2428 2429 2430 2431 2432 2433 2434 2435 2436 2437 2438 2439 2440 2441 2442 2443 2444 2445 2446 2447 2448 2449 2450 2451 2452 2453 2454 2455 2456 2457 2458 2459 2460 2461 2462 2463 2464 2465 2466 2467 2468 2469 2470 2471 2472 2473 2474 2475 2476 2477 2478 2479 2480 2481 2482 2483 2484 2485 2486 2487 2488 2489 2490 2491 2492 2493 2494 2495 2496 2497 2498 2499 2500 2501 2502 2503 2504 2505 2506 2507 2508 2509 2510 2511 2512 2513 2514 2515 2516 2517 2518 2519 2520 2521 2522 2523 2524 2525 2526 2527 2528 2529 2530 2531 2532 2533 2534 2535 2536 2537 2538 2539 2540 2541 2542 2543 2544 2545 2546 2547 2548 2549 2550 2551 2552 2553 2554 2555 2556 2557 2558 2559 2560 2561 2562 2563 2564 2565 2566 2567 2568 2569 2570 2571 2572 2573 2574 2575 2576 2577 2578 2579 2580 2581 2582 2583 2584 2585 2586 2587 2588 2589 2590 2591 2592 2593 2594 2595 2596 2597 2598 2599 2600 2601 2602 2603 2604 2605 2606 2607 2608 2609 2610 2611 2612 2613 2614 2615 2616 2617 2618 2619 2620 2621 2622 2623 2624 2625 2626 2627 2628 2629 2630 2631 2632 2633 2634 2635 2636 2637 2638 2639 2640 2641 2642 2643 2644 2645 2646 2647 2648 2649 2650 2651 2652 2653 2654 2655 2656 2657 2658 2659 2660 2661 2662 2663 2664 2665 2666 2667 2668 2669 2670 2671 2672 2673 2674 2675 2676 2677 2678 2679 2680 2681 2682 2683 2684 2685 2686 2687 2688 2689 2690 2691 2692 2693 2694 2695 2696 2697 2698 2699 2700 2701 2702 2703 2704 2705 2706 2707 2708 2709 2710 2711 2712 2713 2714 2715 2716 2717 2718 2719 2720 2721 2722 2723 2724 2725 2726 2727 2728 2729 2730 2731 2732 2733 2734 2735 2736 2737 2738 2739 2740 2741 2742 2743 2744 2745 2746 2747 2748 2749 2750 2751 2752 2753 2754 2755 2756 2757 2758 2759 2760 2761 2762 2763 2764 2765 2766 2767 2768 2769 2770 2771 2772 2773 2774 2775 2776 2777 2778 2779 2780 2781 2782 2783 2784 2785 2786 2787 2788 2789 2790 2791 2792 2793 2794 2795 2796 2797 2798 2799 2800 2801 2802 2803 2804 2805 2806 2807 2808 2809 2810 2811 2812 2813 2814 2815 2816 2817 2818 2819 2820 2821 2822 2823 2824 2825 2826 2827 2828 2829 2830 2831 2832 2833 2834 2835 2836 2837 2838 2839 2840 2841 2842 2843 2844 2845 2846 2847 2848 2849 2850 2851 2852 2853 2854 2855 2856 2857 2858 2859 2860 2861 2862 2863 2864 2865 2866 2867 2868 2869 2870 2871 2872 2873 2874 2875 2876 2877 2878 2879 2880 2881 2882 2883 2884 2885 2886 2887 2888 2889 2890 2891 2892 2893 2894 2895 2896 2897 2898 2899 2900 2901 2902 2903 2904 2905 2906 2907 2908 2909 2910 2911 2912 2913 2914 2915 2916 2917 2918 2919 2920 2921 2922 2923 2924 2925 2926 2927 2928 2929 2930 2931 2932 2933 2934 2935 2936 2937 2938 2939 2940 2941 2942 2943 2944 2945 2946 2947 2948 2949 2950 2951 2952 2953 2954 2955 2956 2957 2958 2959 2960 2961 2962 2963 2964 2965 2966 2967 2968 2969 2970 2971 2972 2973 2974 2975 2976 2977 2978 2979 2980 2981 2982 2983 2984 2985 2986 2987 2988 2989 2990 2991 2992 2993 2994 2995 2996 2997 2998 2999 3000 3001 3002 3003 3004 3005 3006 3007 3008 3009 3010 3011 3012 3013 3014 3015 3016 3017 3018 3019 3020 3021 3022 3023 3024 3025 3026 3027 3028 3029 3030 3031 3032 3033 3034 3035 3036 3037 3038 3039 3040 3041 3042 3043 3044 3045 3046 3047 3048 3049 3050 3051 3052 3053 3054 3055 3056 3057 3058 3059 3060 3061 3062 3063 3064 3065 3066 3067 3068 3069 3070 3071 3072 3073 3074 3075 3076 3077 3078 3079 3080 3081 3082 3083 3084 3085 3086 3087 3088 3089 3090 3091 3092 3093 3094 3095 3096 3097 3098 3099 3100 3101 3102 3103 3104 3105 3106 3107 3108 3109 3110 3111 3112 3113 3114 3115 3116 3117 3118 3119 3120 3121 3122 3123 3124 3125 3126 3127 3128 3129 3130 3131 3132 3133 3134 3135 3136 3137 3138 3139 3140 3141 3142 3143 3144 3145 3146 3147 3148 3149 3150 3151 3152 3153 3154 3155 3156 3157 3158 3159 3160 3161 3162 3163 3164 3165 3166 3167 3168 3169 3170 3171 3172 3173 3174 3175 3176 3177 3178 3179 3180 3181 3182 3183 3184 3185 3186 3187 3188 3189 3190 3191 3192 3193 3194 3195 3196 3197 3198 3199 3200 3201 3202 3203 3204 3205 3206 3207 3208 3209 3210 3211 3212 3213 3214 3215 3216 3217 3218 3219 3220 3221 3222 3223 3224 3225 3226 3227 3228 3229 3230 3231 3232 3233 3234 3235 3236 3237 3238 3239 3240 3241 3242 3243 3244 3245 3246 3247 3248 3249 3250 3251 3252 3253 3254 3255 3256 3257 3258 3259 3260 3261 3262 3263 3264 3265 3266 3267 3268 3269 3270 3271 3272 3273 3274 3275 3276 3277 3278 3279 3280 3281 3282 3283 3284 3285 3286 3287 3288 3289 3290 3291 3292 3293 3294 3295 3296 3297 3298 3299 3300 3301 3302 3303 3304 3305 3306 3307 3308 3309 3310 3311 3312 3313 3314 3315 3316 3317 3318 3319 3320 3321 3322 3323 3324 3325 3326 3327 3328 3329 3330 3331 3332 3333 3334 3335 3336 3337 3338 3339 3340 3341 3342 3343 3344 3345 3346 3347 3348 3349 3350 3351 3352 3353 3354 3355 3356 3357 3358 3359 3360 3361 3362 3363 3364 3365 3366 3367 3368 3369 3370 3371 3372 3373 3374 3375 3376 3377 3378 3379 3380 3381 3382 3383 3384 3385 3386 3387 3388 3389 3390 3391 3392 3393 3394 3395 3396 3397 3398 3399 3400 3401 3402 3403 3404 3405 3406 3407 3408 3409 3410 3411 3412 3413 3414 3415 3416 3417 3418 3419 3420 3421 3422 3423 3424 3425 3426 3427 3428 3429 3430 3431 3432 3433 3434 3435 3436 3437 3438 3439 3440 3441 3442 3443 3444 3445 3446 3447 3448 3449 3450 3451 3452 3453 3454 3455 3456 3457 3458 3459 3460 3461 3462 3463 3464 3465 3466 3467 3468 3469 3470 3471 3472 3473 3474 3475 3476 3477 3478 3479 3480 3481 3482 3483 3484 3485 3486 3487 3488 3489 3490 3491 3492 3493 3494 3495 3496 3497 3498 3499 3500 3501 3502 3503 3504 3505 3506 3507 3508 3509 3510 3511 3512 3513 3514 3515 3516 3517 3518 3519 3520 3521 3522 3523 3524 3525 3526 3527 3528 3529 3530 3531 3532 3533 3534 3535 3536 3537 3538 3539 3540 3541 3542 3543 3544 3545 3546 3547 3548 3549 3550 3551 3552 3553 3554 3555 3556 3557 3558 3559 3560 3561 3562 3563 3564 3565 3566 3567 3568 3569 3570 3571 3572 3573 3574 3575 3576 3577 3578 3579 3580 3581 3582 3583 3584 3585 3586 3587 3588 3589 3590 3591 3592 3593 3594 3595 3596 3597 3598 3599 3600 3601 3602 3603 3604 3605 3606 3607 3608 3609 3610 3611 3612 3613 3614 3615 3616 3617 3618 3619 3620 3621 3622 3623 3624 3625 3626 3627 3628 3629 3630 3631 3632 3633 3634 3635 3636 3637 3638 3639 3640 3641 3642 3643 3644 3645 3646 3647 3648 3649 3650 3651 3652 3653 3654 3655 3656 3657 3658 3659 3660 3661 3662 3663 3664 3665 3666 3667 3668 3669 3670 3671 3672 3673 3674 3675 3676 3677 3678 3679 3680 3681 3682 3683 3684 3685 3686 3687 3688 3689 3690 3691 3692 3693 3694 3695 3696 3697 3698 3699 3700 3701 3702 3703 3704 3705 3706 3707 3708 3709 3710 3711 3712 3713 3714 3715 3716 3717 3718 3719 3720 3721 3722 3723 3724 3725 3726 3727 3728 3729 3730 3731 3732 3733 3734 3735 3736 3737 3738 3739 3740 3741 3742 3743 3744 3745 3746 3747 3748 3749 3750 3751 3752 3753 3754 3755 3756 3757 3758 3759 3760 3761 3762 3763 3764 3765 3766 3767 3768 3769 3770 3771 3772 3773 3774 3775 3776 3777 3778 3779 3780 3781 3782 3783 3784 3785 3786 3787 3788 3789 3790 3791 3792 3793 3794 3795 3796 3797 3798 3799 3800 3801 3802 3803 3804 3805 3806 3807 3808 3809 3810 3811 3812 3813 3814 3815 3816 3817 3818 3819 3820 3821 3822 3823 3824 3825 3826 3827 3828 3829 3830 3831 3832 3833 3834 3835 3836 3837 3838 3839 3840 3841 3842 3843 3844 3845 3846 3847 3848 3849 3850 3851 3852 3853 3854 3855 3856 3857 3858 3859 3860 3861 3862 3863 3864 3865 3866 3867 3868 3869 3870 3871 3872 3873 3874 3875 3876 3877 3878 3879 3880 3881 3882 3883 3884 3885 3886 3887 3888 3889 3890 3891 3892 3893 3894 3895 3896 3897 3898 3899 3900 3901 3902 3903 3904 3905 3906 3907 3908 3909 3910 3911 3912 3913 3914 3915 3916 3917 3918 3919 3920 3921 3922 3923 3924 3925 3926 3927 3928 3929 3930 3931 3932 3933 3934 3935 3936 3937 3938 3939 3940 3941 3942 3943 3944 3945 3946 3947 3948 3949 3950 3951 3952 3953 3954 3955 3956 3957 3958 3959 3960 3961 3962 3963 3964 3965 3966 3967 3968 3969 3970 3971 3972 3973 3974 3975 3976 3977 3978 3979 3980 3981 3982 3983 3984 3985 3986 3987 3988 3989 3990 3991 3992 3993 3994 3995 3996 3997 3998 3999 4000 4001 4002 4003 4004 4005 4006 4007 4008 4009 4010 4011 4012 4013 4014 4015 4016 4017 4018 4019 4020 4021 4022 4023 4024 4025 4026 4027 4028 4029 4030 4031 4032 4033 4034 4035 4036 4037 4038 4039 4040 4041 4042 4043 4044 4045 4046 4047 4048 4049 4050 4051 4052 4053 4054 4055 4056 4057 4058 4059 4060 4061 4062 4063 4064 4065 4066 4067 4068 4069 4070 4071 4072 4073 4074 4075 4076 4077 4078 4079 4080 4081 4082 4083 4084 4085 4086 4087 4088 4089 4090 4091 4092 4093 4094 4095 4096 4097 4098 4099 4100 4101 4102 4103 4104 4105 4106 4107 4108 4109 4110 4111 4112 4113 4114 4115 4116 4117 4118 4119 4120 4121 4122 4123 4124 4125 4126 4127 4128 4129 4130 4131 4132 4133 4134 4135 4136 4137 4138 4139 4140 4141 4142 4143 4144 4145 4146 4147 4148 4149 4150 4151 4152 4153 4154 4155 4156 4157 4158 4159 4160 4161 4162 4163 4164 4165 4166 4167 4168 4169 4170 4171 4172 4173 4174 4175 4176 4177 4178 4179 4180 4181 4182 4183 4184 4185 4186 4187 4188 4189 4190 4191 4192 4193 4194 4195 4196 4197 4198 4199 4200 4201 4202 4203 4204 4205 4206 4207 4208 4209 4210 4211 4212 4213 4214 4215 4216 4217 4218 4219 4220 4221 4222 4223 4224 4225 4226 4227 4228 4229 4230 4231 4232 4233 4234 4235 4236 4237 4238 4239 4240 4241 4242 4243 4244 4245 4246 4247 4248 4249 4250 4251 4252 4253 4254 4255 4256 4257 4258 4259 4260 4261 4262 4263 4264 4265 4266 4267 4268 4269 4270 4271 4272 4273 4274 4275 4276 4277 4278 4279 4280 4281 4282 4283 4284 4285 4286 4287 4288 4289 4290 4291 4292 4293 4294 4295 4296 4297 4298 4299 4300 4301 4302 4303 4304 4305 4306 4307 4308 4309 4310 4311 4312 4313 4314 4315 4316 4317 4318 4319 4320 4321 4322 4323 4324 4325 4326 4327 4328 4329 4330 4331 4332 4333 4334 4335 4336 4337 4338 4339 4340 4341 4342 4343 4344 4345 4346 4347 4348 4349 4350 4351 4352 4353 4354 4355 4356 4357 4358 4359 4360 4361 4362 4363 4364 4365 4366 4367 4368 4369 4370 4371 4372 4373 4374 4375 4376 4377 4378 4379 4380 4381 4382 4383 4384 4385 4386 4387 4388 4389 4390 4391 4392 4393 4394 4395 4396 4397 4398 4399 4400 4401 4402 4403 4404 4405 4406 4407 4408 4409 4410 4411 4412 4413 4414 4415 4416 4417 4418 4419 4420 4421 4422 4423 4424 4425 4426 4427 4428 4429 4430 4431 4432 4433 4434 4435 4436 4437 4438 4439 4440 4441 4442 4443 4444 4445 4446 4447 4448 4449 4450 4451 4452 4453 4454 4455 4456 4457 4458 4459 4460 4461 4462 4463 4464 4465 4466 4467 4468 4469 4470 4471 4472 4473 4474 4475 4476 4477 4478 4479 4480 4481 4482 4483 4484 4485 4486 4487 4488 4489 4490 4491 4492 4493 4494 4495 4496 4497 4498 4499 4500 4501 4502 4503 4504 4505 4506 4507 4508 4509 4510 4511 4512 4513 4514 4515 4516 4517 4518 4519 4520 4521 4522 4523 4524 4525 4526 4527 4528 4529 4530 4531 4532 4533 4534 4535 4536 4537 4538 4539 4540 4541 4542 4543 4544 4545 4546 4547 4548 4549 4550 4551 4552 4553 4554 4555 4556 4557 4558 4559 4560 4561 4562 4563 4564 4565 4566 4567 4568 4569 4570 4571 4572 4573 4574 4575 4576 4577 4578 4579 4580 4581 4582 4583 4584 4585 4586 4587 4588 4589 4590 4591 4592 4593 4594 4595 4596 4597 4598 4599 4600 4601 4602 4603 4604 4605 4606 4607 4608 4609 4610 4611 4612 4613 4614 4615 4616 4617 4618 4619 4620 4621 4622 4623 4624 4625 4626 4627 4628 4629 4630 4631 4632 4633 4634 4635 4636 4637 4638 4639 4640 4641 4642 4643 4644 4645 4646 4647 4648 4649 4650 4651 4652 4653 4654 4655 4656 4657 4658 4659 4660 4661 4662 4663 4664 4665 4666 4667 4668 4669 4670 4671 4672 4673 4674 4675 4676 4677 4678 4679 4680 4681 4682 4683 4684 4685 4686 4687 4688 4689 4690 4691 4692 4693 4694 4695 4696 4697 4698 4699 4700 4701 4702 4703 4704 4705 4706 4707 4708 4709 4710 4711 4712 4713 4714 4715 4716 4717 4718 4719 4720 4721 4722 4723 4724 4725 4726 4727 4728 4729 4730 4731 4732 4733 4734 4735 4736 4737 4738 4739 4740 4741 4742 4743 4744 4745 4746 4747 4748 4749 4750 4751 4752 4753 4754 4755 4756 4757 4758 4759 4760 4761 4762 4763 4764 4765 4766 4767 4768 4769 4770 4771 4772 4773 4774 4775 4776 4777 4778 4779 4780 4781 4782 4783 4784 4785 4786 4787 4788 4789 4790 4791 4792 4793 4794 4795 4796 4797 4798 4799 4800 4801 4802 4803 4804 4805 4806 4807 4808 4809 4810 4811 4812 4813 4814 4815 4816 4817 4818 4819 4820 4821 4822 4823 4824 4825 4826 4827 4828 4829 4830 4831 4832 4833 4834 4835 4836 4837 4838 4839 4840 4841 4842 4843 4844 4845 4846 4847 4848 4849 4850 4851 4852 4853 4854 4855 4856 4857 4858 4859 4860 4861 4862 4863 4864 4865 4866 4867 4868 4869 4870 4871 4872 4873 4874 4875 4876 4877 4878 4879 4880 4881 4882 4883 4884 4885 4886 4887 4888 4889 4890 4891 4892 4893 4894 4895 4896 4897 4898 4899 4900 4901 4902 4903 4904 4905 4906 4907 4908 4909 4910 4911 4912 4913 4914 4915 4916 4917 4918 4919 4920 4921 4922 4923 4924 4925 4926 4927 4928 4929 4930 4931 4932 4933 4934 4935 4936 4937 4938 4939 4940 4941 4942 4943 4944 4945 4946 4947 4948 4949 4950 4951 4952 4953 4954 4955 4956 4957 4958 4959 4960 4961 4962 4963 4964 4965 4966 4967 4968 4969 4970 4971 4972 4973 4974 4975 4976 4977 4978 4979 4980 4981 4982 4983 4984 4985 4986 4987 4988 4989 4990 4991 4992 4993 4994 4995 4996 4997 4998 4999 5000 5001 5002 5003 5004 5005 5006 5007 5008 5009 5010 5011 5012 5013 5014 5015 5016 5017 5018 5019 5020 5021 5022 5023 5024 5025 5026 5027 5028 5029 5030 5031 5032 5033 5034 5035 5036 5037 5038 5039 5040 5041 5042 5043 5044 5045 5046 5047 5048 5049 5050 5051 5052 5053 5054 5055 5056 5057 5058 5059 5060 5061 5062 5063 5064 5065 5066 5067 5068 5069 5070 5071 5072 5073 5074 5075 5076 5077 5078 5079 5080 5081 5082 5083 5084 5085 5086 5087 5088 5089 5090 5091 5092 5093 5094 5095 5096 5097 5098 5099 5100 5101 5102 5103 5104 5105 5106 5107 5108 5109 5110 5111 5112 5113 5114 5115 5116 5117 5118 5119 5120 5121 5122 5123 5124 5125 5126 5127 5128 5129 5130 5131 5132 5133 5134 5135 5136 5137 5138 5139 5140 5141 5142 5143 5144 5145 5146 5147 5148 5149 5150 5151 5152 5153 5154 5155 5156 5157 5158 5159 5160 5161 5162 5163 5164 5165 5166 5167 5168 5169 5170 5171 5172 5173 5174 5175 5176 5177 5178 5179 5180 5181 5182 5183 5184 5185 5186 5187 5188 5189 5190 5191 5192 5193 5194 5195 5196 5197 5198 5199 5200 5201 5202 5203 5204 5205 5206 5207 5208 5209 5210 5211 5212 5213 5214 5215 5216 5217 5218 5219 5220 5221 5222 5223 5224 5225 5226 5227 5228 5229 5230 5231 5232 5233 5234 5235 5236 5237 5238 5239 5240 5241 5242 5243 5244 5245 5246 5247 5248 5249 5250 5251 5252 5253 5254 5255 5256 5257 5258 5259 5260 5261 5262 5263 5264 5265 5266 5267 5268 5269 5270 5271 5272 5273 5274 5275 5276 5277 5278 5279 5280 5281 5282 5283 5284 5285 5286 5287 5288 5289 5290 5291 5292 5293 5294 5295 5296 5297 5298 5299 5300 5301 5302 5303 5304 5305 5306 5307 5308 5309 5310 5311 5312 5313 5314 5315 5316 5317 5318 5319 5320 5321 5322 5323 5324 5325 5326 5327 5328 5329 5330 5331 5332 5333 5334 5335 5336 5337 5338 5339 5340 5341 5342 5343 5344 5345 5346 5347 5348 5349 5350 5351 5352 5353 5354 5355 5356 5357 5358 5359 5360 5361 5362 5363 5364 5365 5366 5367 5368 5369 5370 5371 5372 5373 5374 5375 5376 5377 5378 5379 5380 5381 5382 5383 5384 5385 5386 5387 5388 5389 5390 5391 5392 5393 5394 5395 5396 5397 5398 5399 5400 5401 5402 5403 5404 5405 5406 5407 5408 5409 5410 5411 5412 5413 5414 5415 5416 5417 5418 5419 5420 5421 5422 5423 5424 5425 5426 5427 5428 5429 5430 5431 5432 5433 5434 5435 5436 5437 5438 5439 5440 5441 5442 5443 5444 5445 5446 5447 5448 5449 5450 5451 5452 5453 5454 5455 5456 5457 5458 5459 5460 5461 5462 5463 5464 5465 5466 5467 5468 5469 5470 5471 5472 5473 5474 5475 5476 5477 5478 5479 5480 5481 5482 5483 5484 5485 5486 5487 5488 5489 5490 5491 5492 5493 5494 5495 5496 5497 5498 5499 5500 5501 5502 5503 5504 5505 5506 5507 5508 5509 5510 5511 5512 5513 5514 5515 5516 5517 5518 5519 5520 5521 5522 5523 5524 5525 5526 5527 5528 5529 5530 5531 5532 5533 5534 5535 5536 5537 5538 5539 5540 5541 5542 5543 5544 5545 5546 5547 5548 5549 5550 5551 5552 5553 5554 5555 5556 5557 5558 5559 5560 5561 5562 5563 5564 5565 5566 5567 5568 5569 5570 5571 5572 5573 5574 5575 5576 5577 5578 5579 5580 5581 5582 5583 5584 5585 5586 5587 5588 5589 5590 5591 5592 5593 5594 5595 5596 5597 5598 5599 5600 5601 5602 5603 5604 5605 5606 5607 5608 5609 5610 5611 5612 5613 5614 5615 5616 5617 5618 5619 5620 5621 5622 5623 5624 5625 5626 5627 5628 5629 5630 5631 5632 5633 5634 5635 5636 5637 5638 5639 5640 5641 5642 5643 5644 5645 5646 5647 5648 5649 5650 5651 5652 5653 5654 5655 5656 5657 5658 5659 5660 5661 5662 5663 5664 5665 5666 5667 5668 5669 5670 5671 5672 5673 5674 5675 5676 5677 5678 5679 5680 5681 5682 5683 5684 5685 5686 5687 5688 5689 5690 5691 5692 5693 5694 5695 5696 5697 5698 5699 5700 5701 5702 5703 5704 5705 5706 5707 5708 5709 5710 5711 5712 5713 5714 5715 5716 5717 5718 5719 5720 5721 5722 5723 5724 5725 5726 5727 5728 5729 5730 5731 5732 5733 5734 5735 5736 5737 5738 5739 5740 5741 5742 5743 5744 5745 5746 5747 5748 5749 5750 5751 5752 5753 5754 5755 5756 5757 5758 5759 5760 5761 5762 5763 5764 5765 5766 5767 5768 5769 5770 5771 5772 5773 5774 5775 5776 5777 5778 5779 5780 5781 5782 5783 5784 5785 5786 5787 5788 5789 5790 5791 5792 5793 5794 5795 5796 5797 5798 5799 5800 5801 5802 5803 5804 5805 5806 5807 5808 5809 5810 5811 5812 5813 5814 5815 5816 5817 5818 5819 5820 5821 5822 5823 5824 5825 5826 5827 5828 5829 5830 5831 5832 5833 5834 5835 5836 5837 5838 5839 5840 5841 5842 5843 5844 5845 5846 5847 5848 5849 5850 5851 5852 5853 5854 5855 5856 5857 5858 5859 5860 5861 5862 5863 5864 5865 5866 5867 5868 5869 5870 5871 5872 5873 5874 5875 5876 5877 5878 5879 5880 5881 5882 5883 5884 5885 5886 5887 5888 5889 5890 5891 5892 5893 5894 5895 5896 5897 5898 5899 5900 5901 5902 5903 5904 5905 5906 5907 5908 5909 5910 5911 5912 5913 5914 5915 5916 5917 5918 5919 5920 5921 5922 5923 5924 5925 5926 5927 5928 5929 5930 5931 5932 5933 5934 5935 5936 5937 5938 5939 5940 5941 5942 5943 5944 5945 5946 5947 5948 5949 5950 5951 5952 5953 5954 5955 5956 5957 5958 5959 5960 5961 5962 5963 5964 5965 5966 5967 5968 5969 5970 5971 5972 5973 5974 5975 5976 5977 5978 5979 5980 5981 5982 5983 5984 5985 5986 5987 5988 5989 5990 5991 5992 5993 5994 5995 5996 5997 5998 5999 6000 6001 6002 6003 6004 6005 6006 6007 6008 6009 6010 6011 6012 6013 6014 6015 6016 6017 6018 6019 6020 6021 6022 6023 6024 6025 6026 6027 6028 6029 6030 6031 6032 6033 6034 6035 6036 6037 6038 6039 6040 6041 6042 6043 6044 6045 6046 6047 6048 6049 6050 6051 6052 6053 6054 6055 6056 6057 6058 6059 6060 6061 6062 6063 6064 6065 6066 6067 6068 6069 6070 6071 6072 6073 6074 6075 6076 6077 6078 6079 6080 6081 6082 6083 6084 6085 6086 6087 6088 6089 6090 6091 6092 6093 6094 6095 6096 6097 6098 6099 6100 6101 6102 6103 6104 6105 6106 6107 6108 6109 6110 6111 6112 6113 6114 6115 6116 6117 6118 6119 6120 6121 6122 6123 6124 6125 6126 6127 6128 6129 6130 6131 6132 6133 6134 6135 6136 6137 6138 6139 6140 6141 6142 6143 6144 6145 6146 6147 6148 6149 6150 6151 6152 6153 6154 6155 6156 6157 6158 6159 6160 6161 6162 6163 6164 6165 6166 6167 6168 6169 6170 6171 6172 6173 6174 6175 6176 6177 6178 6179 6180 6181 6182 6183 6184 6185 6186 6187 6188 6189 6190 6191 6192 6193 6194 6195 6196 6197 6198 6199 6200 6201 6202 6203 6204 6205 6206 6207 6208 6209 6210 6211 6212 6213 6214 6215 6216 6217 6218 6219 6220 6221 6222 6223 6224 6225 6226 6227 6228 6229 6230 6231 6232 6233 6234 6235 6236 6237 6238 6239 6240 6241 6242 6243 6244 6245 6246 6247 6248 6249 6250 6251 6252 6253 6254 6255 6256 6257 6258 6259 6260 6261 6262 6263 6264 6265 6266 6267 6268 6269 6270 6271 6272 6273 6274 6275 6276 6277 6278 6279 6280 6281 6282 6283 6284 6285 6286 6287 6288 6289 6290 6291 6292 6293 6294 6295 6296 6297 6298 6299 6300 6301 6302 6303 6304 6305 6306 6307 6308 6309 6310 6311 6312 6313 6314 6315 6316 6317 6318 6319 6320 6321 6322 6323 6324 6325 6326 6327 6328 6329 6330 6331 6332 6333 6334 6335 6336 6337 6338 6339 6340 6341 6342 6343 6344 6345 6346 6347 6348 6349 6350 6351 6352 6353 6354 6355 6356 6357 6358 6359 6360 6361 6362 6363 6364 6365 6366 6367 6368 6369 6370 6371 6372 6373 6374 6375 6376 6377 6378 6379 6380 6381 6382 6383 6384 6385 6386 6387 6388 6389 6390 6391 6392 6393 6394 6395 6396 6397 6398 6399 6400 6401 6402 6403 6404 6405 6406 6407 6408 6409 6410 6411 6412 6413 6414 6415 6416 6417 6418 6419 6420 6421 6422 6423 6424 6425 6426 6427 6428 6429 6430 6431 6432 6433 6434 6435 6436 6437 6438 6439 6440 6441 6442 6443 6444 6445 6446 6447 6448 6449 6450 6451 6452 6453 6454 6455 6456 6457 6458 6459 6460 6461 6462 6463 6464 6465 6466 6467 6468 6469 6470 6471 6472 6473 6474 6475 6476 6477 6478 6479 6480 6481 6482 6483 6484 6485 6486 6487 6488 6489 6490 6491 6492 6493 6494 6495 6496 6497 6498 6499 6500 6501 6502 6503 6504 6505 6506 6507 6508 6509 6510 6511 6512 6513 6514 6515 6516 6517 6518 6519 6520 6521 6522 6523 6524 6525 6526 6527 6528 6529 6530 6531 6532 6533 6534 6535 6536 6537 6538 6539 6540 6541 6542 6543 6544 6545 6546 6547 6548 6549 6550 6551 6552 6553 6554 6555 6556 6557 6558 6559 6560 6561 6562 6563 6564 6565 6566 6567 6568 6569 6570 6571 6572 6573 6574 6575 6576 6577 6578 6579 6580 6581 6582 6583 6584 6585 6586 6587 6588 6589 6590 6591 6592 6593 6594 6595 6596 6597 6598 6599 6600 6601 6602 6603 6604 6605 6606 6607 6608 6609 6610 6611 6612 6613 6614 6615 6616 6617 6618 6619 6620 6621 6622 6623 6624 6625 6626 6627 6628 6629 6630 6631 6632 6633 6634 6635 6636 6637 6638 6639 6640 6641 6642 6643 6644 6645 6646 6647 6648 6649 6650 6651 6652 6653 6654 6655 6656 6657 6658 6659 6660 6661 6662 6663 6664 6665 6666 6667 6668 6669 6670 6671 6672 6673 6674 6675 6676 6677 6678 6679 6680 6681 6682 6683 6684 6685 6686 6687 6688 6689 6690 6691 6692 6693 6694 6695 6696 6697 6698 6699 6700 6701 6702 6703 6704 6705 6706 6707 6708 6709 6710 6711 6712 6713 6714 6715 6716 6717 6718 6719 6720 6721 6722 6723 6724 6725 6726 6727 6728 6729 6730 6731 6732 6733 6734 6735 6736 6737 6738 6739 6740 6741 6742 6743 6744 6745 6746 6747 6748 6749 6750 6751 6752 6753 6754 6755 6756 6757 6758 6759 6760 6761 6762 6763 6764 6765 6766 6767 6768 6769 6770 6771 6772 6773 6774 6775 6776 6777 6778 6779 6780 6781 6782 6783 6784 6785 6786 6787 6788 6789 6790 6791 6792 6793 6794 6795 6796 6797 6798 6799 6800 6801 6802 6803 6804 6805 6806 6807 6808 6809 6810 6811 6812 6813 6814 6815 6816 6817 6818 6819 6820 6821 6822 6823 6824 6825 6826 6827 6828 6829 6830 6831 6832 6833 6834 6835 6836 6837 6838 6839 6840 6841 6842 6843 6844 6845 6846 6847 6848 6849 6850 6851 6852 6853 6854 6855 6856 6857 6858 6859 6860 6861 6862 6863 6864 6865 6866 6867 6868 6869 6870 6871 6872 6873 6874 6875 6876 6877 6878 6879 6880 6881 6882 6883 6884 6885 6886 6887 6888 6889 6890 6891 6892 6893 6894 6895 6896 6897 6898 6899 6900 6901 6902 6903 6904 6905 6906 6907 6908 6909 6910 6911 6912 6913 6914 6915 6916 6917 6918 6919 6920 6921 6922 6923 6924 6925 6926 6927 6928 6929 6930 6931 6932 6933 6934 6935 6936 6937 6938 6939 6940 6941 6942 6943 6944 6945 6946 6947 6948 6949 6950 6951 6952 6953 6954 6955 6956 6957 6958 6959 6960 6961 6962 6963 6964 6965 6966 6967 6968 6969 6970 6971 6972 6973 6974 6975 6976 6977 6978 6979 6980 6981 6982 6983 6984 6985 6986 6987 6988 6989 6990 6991 6992 6993 6994 6995 6996 6997 6998 6999 7000 7001 7002 7003 7004 7005 7006 7007 7008 7009 7010 7011 7012 7013 7014 7015 7016 7017 7018 7019 7020 7021 7022 7023 7024 7025 7026 7027 7028 7029 7030 7031 7032 7033 7034 7035 7036 7037 7038 7039 7040 7041 7042 7043 7044 7045 7046 7047 7048 7049 7050 7051 7052 7053 7054 7055 7056 7057 7058 7059 7060 7061 7062 7063 7064 7065 7066 7067 7068 7069 7070 7071 7072 7073 7074 7075 7076 7077 7078 7079 7080 7081 7082 7083 7084 7085 7086 7087 7088 7089 7090 7091 7092 7093 7094 7095 7096 7097 7098 7099 7100 7101 7102 7103 7104 7105 7106 7107 7108 7109 7110 7111 7112 7113 7114 7115 7116 7117 7118 7119 7120 7121 7122 7123 7124 7125 7126 7127 7128 7129 7130 7131 7132 7133 7134 7135 7136 7137 7138 7139 7140 7141 7142 7143 7144 7145 7146 7147 7148 7149 7150 7151 7152 7153 7154 7155 7156 7157 7158 7159 7160 7161 7162 7163 7164 7165 7166 7167 7168 7169 7170 7171 7172 7173 7174 7175 7176 7177 7178 7179 7180 7181 7182 7183 7184 7185 7186 7187 7188 7189 7190 7191 7192 7193 7194 7195 7196 7197 7198 7199 7200 7201 7202 7203 7204 7205 7206 7207 7208 7209 7210 7211 7212 7213 7214 7215 7216 7217 7218 7219 7220 7221 7222 7223 7224 7225 7226 7227 7228 7229 7230 7231 7232 7233 7234 7235 7236 7237 7238 7239 7240 7241 7242 7243 7244 7245 7246 7247 7248 7249 7250 7251 7252 7253 7254 7255 7256 7257 7258 7259 7260 7261 7262 7263 7264 7265 7266 7267 7268 7269 7270 7271 7272 7273 7274 7275 7276 7277 7278
p1:1 A 0 1 2 3 4 5 6 7 8 9 10 11 12 13 14 15 16 17 18 19 20 21 22 23 24 25 26 27 28 29 30 31 32 33 34 35 36 37 38 39 40 41 42 43 44 45 46 47 48 49 50 51 52 53 54 55 56 57 58 59 60 61 62 63 64 65 66 67 68 69 70 71 72 73 74 75 76 77 78 79 80 81 82 83 84 85 86 87 88 89 90 91 92 93 94 95 96 97 98 99 100 101 102 103 104 105 106 107 108 109 110 111 112 113 114 115 116 117 118 119 120 121 122 123 124 125 126 127 128 129 130 131 132 133 134 135 136 137 138 139 140 141 142 143 144 145 146 147 148 149 150 151 152 153 154 155 156 157 158 159 160 161 162 163 164 165 166 167 168 169 170 171 172 173 174 175 176 177 178 179 180 181 182 183 184 185 186 187 188 189 190 191 192 193 194 195 196 197 198 199 200 201 202 203 204 205 206 207 208 209 210 211 212 213 214 215 216 217 218 219 220 221 222 223 224 225 226 227 228 229 230 231 232 233 234 235 236 237 238 239 240 241 242 243 244 245 246 247 248 249 250 251 252 253 254 255 256 257 258 259 260 261 262 263 264 265 266 267 268 269 270 271 272 273 274 275 276 277 278 279 280 281 282 283 284 285 286 287 288 289 290 291 292 293 294 295 296 297 298 299 300 301 302 303 304 305 306 307 308 309 310 311 312 313 314 315 316 317 318 319 320 321 322 323 324 325 326 327 328 329 330 331 332 333 334 335 336 337 338 339 340 341 342 343 344 345 346 347 348 349 350 351 352 353 354 355 356 357 358 359 360 361 362 363 364 365 366 367 368 369 370 371 372 373 374 375 376 377 378 379 380 381 382 383 384 385 386 387 388 389 390 391 392 393 394 395 397 398 399 400 401 402 403 404 405 406 407 408 409 410 411 412 413 414 415 416 417 418 419 420 421 422 423 424 425 426 427 428 429 430 431 432 433 434 435 436 437 438 439 440 441 442 443 444 445 446 447 448 449 450 451 452 453 454 455 456 457 458 459 460 461 462 463 464 465 466 467 468 469 470 471 472 473 474 475 476 477 478 479 480 481 482 483 484 485 486 487 488 489 490 491 492 493 494 495 496 497 498 499 500 501 502 503 504 505 506 507 508 509 510 511 512 513 514 515 516 517 518 519 520 521 522 523 524 525 526 527 528 529 530 531 532 533 534 535 536 537 538 539 540 541 542 543 544 545 546 547 548 549 550 551 552 553 554 555 556 557 558 559 560 561 562 563 564 565 566 567 568 569 570 571 572 573 574 575 576 577 578 579 580 581 582 583 584 585 586 587 588 589 590 591 592 593 594 595 596 597 598 599 600 601 602 603 604 605 606 607 608 609 610 611 612 613 614 615 616 617 618 619 620 621 622 623 624 625 626 627 628 629 630 631 632 633 634 635 636 637 638 639 640 641 642 643 644 645 646 647 648 649 650 651 652 653 654 655 656 657 658 659 660 661 662 663 664 665 666 667 668 669 670 671 672 673 674 675 676 677 678 679 680 681 682 683 684 685 686 687 688 689 690 691 692 693 694 695 696 697 698 699 700 701 702 703 704 705 706 707 708 709 710 711 712 713 714 715 716 717 718 719 720 721 722 723 724 725 726 727 728 729 730 731 732 733 734 735 736 737 738 739 740 741 742 743 744 745 746 747 748 749 750 751 752 753 754 755 756 757 758 759 760 761 762 763 764 765 766 767 768 769 770 771 772 773 774 775 776 777 778 779 780 781 782 783 784 785 786 787 788 789 790 791 792 793 794 795 796 797 798 799 800 801 802 803 804 805 806 807 808 809 810 811 812 813 814 815 816 817 818 819 820 821 822 823 824 825 826 827 828 829 830 831 832 833 834 835 836 837 838 839 840 841 842 843 844 845 846 847 848 849 850 851 852 853 854 855 856 857 858 859 860 861 862 863 864 865 866 867 868 869 870 871 872 873 874 875 876 877 878 879 880 881 882 883 884 885 886 887 888 889 890 891 892 893 894 895 896 897 898 899 900 901 902 903 904 905 906 907 908 909 910 911 912 913 914 915 916 917 918 919 920 921 922 923 924 925 926 927 928 929 930 931 932 933 934 935 936 937 938 939 940 941 942 943 944 945 946 947 948 949 950 951 952 953 954 955 956 957 958 959 960 961 962 963 964 965 966 967 968 969 970 971 972 973 974 975 976 977 978 979 980 981 982 983 984 985 986 987 988 989 990 991 992 993 994 995 996 997 998 999 1000 1001 1002 1003 1004 1005 1006 1007 1008 1009 1010 1011 1012 1013 1014 1015 1016 1017 1018 1019 1020 1021 1022 1023 1024 1025 1026 1027 1028 1029 1030 1031 1032 1033 1034 1035 1036 1037 1038 1039 1040 1041 1042 1043 1044 1045 1046 1047 1048 1049 1050 1051 1052 1053 1054 1055 1056 1057 1058 1059 1060 1061 1062 1063 1064 1065 1066 1067 1068 1069 1070 1071 1072 1073 1074 1075 1076 1077 1078 1079 1080 1081 1082 1083 1084 1085 1086 1087 1088 1089 1090 1091 1092 1093 1094 1095 1096 1097 1098 1099 1100 1101 1102 1103 1104 1105 1106 1107 1108 1109 1110 1111 1112 1113 1114 1115 1116 1117 1118 1119 1120 1121 1122 1123 1124 1125 1126 1127 1128 1129 1130 1131 1132 1133 1134 1135 1136 1137 1138 1139 1140 1141 1142 1143 1144 1145 1146 1147 1148 1149 1150 1151 1152 1153 1154 1155 1156 1157 1158 1159 1160 1161 1162 1163 1164 1165 1166 1167 1168 1169 1170 1171 1172 1173 1174 1175 1176 1177 1178 1179 1180 1181 1182 1183 1184 1185 1186 1187 1188 1189 1190 1191 1192 1193 1194 1195 1196 1197 1198 1199 1200 1201 1202 1203 1204 1205 1206 1207 1208 1209 1210 1211 1212 1213 1214 1215 1216 1217 1218 1219 1220 1221 1222 1223 1224 1225 1226 1227 1228 1229 1230 1231 1232 1233 1234 1235 1236 1237 1238 1239 1240 1241 1242 1243 1244 1245 1246 1247 1248 1249 1250 1251 1252 1253 1254 1255 1256 1257 1258 1259 1260 1261 1262 1263 1264 1265 1266 1267 1268 1269 1270 1271 1272 1273 1274 1275 1276 1277 1278 1279 1280 1281 1282 1283 1284 1285 1286 1287 1288 1289 1290 1291 1292 1293 1294 1295 1296 1297 1298 1299 1300 1301 1302 1303 1304 1305 1306 1307 1308 1309 1310 1311 1312 1313 1314 1315 1316 1317 1318 1319 1320 1321 1322 1323 1324 1325 1326 1327 1328 1329 1330 1331 1332 1333 1334 1335 1336 7279 1337 1338 1339 1340 1341 1342 1343 1344 1345 1346 1347 1348 1349 1350 1351 1352 1353 1354 1355 1356 1357 1358 1359 1360 1361 1362 1363 1364 1365 1366 1367 1368 1369 1370 1371 1372 1373 1374 1375 1376 1377 1378 1379 1380 1381 1382 1383 1384 1385 1386 1387 1388 7280 1389 1390 1391 1392 1393 1394 1395 1396 1397 1398 1399 1400 1401 1402 1403 1404 1405 1406 1407 1408 1409 1410 1411 1412 1413 1414 1415 1416 1417 1418 1419 1420 1421 1422 1423 1424 1425 1426 1427 1428 1429 1430 1431 1432 1433 1434 1435 1436 1437 1438 1439 1440 1441 1442 1443 1444 1445 1446 1447 1448 1449 1450 1451 1452 1453 1454 1455 1456 1457 1458 1459 1460 1461 1462 1463 1464 1465 1466 1467 1468 1469 1470 1471 1472 1473 1474 1475 1476 1477 1478 1479 1480 1481 1482 1483 1484 1485 1486 1487 1488 1489 1490 1491 1492 1493 1494 1495 1496 1497 1498 1499 1500 1501 1502 1503 1504 1505 1506 1507 1508 1509 1510 1511 1512 1513 1514 1515 1516 1517 1518 1519 1520 1521 1522 1523 1524 1525 1526 1527 1528 1529 1530 1531 1532 1533 1534 1535 1536 1537 1538 1539 1540 1541 1542 1543 1544 1545 1546 1547 1548 1549 1550 1551 1552 1553 1554 1555 1556 1557 1558 1559 1560 1561 1562 1563 1564 1565 1566 1567 1568 1569 1570 1571 1572 1573 1574 1575 1576 1577 1578 1579 1580 1581 1582 1583 1584 1585 1586 1587 1588 1589 1590 1591 1592 1593 1594 1595 1596 1597 1598 1599 1600 1601 1602 1603 1604 1605 1606 1607 1608 1609 1610 1611 1612 1613 1614 1615 1616 1617 1618 1619 1620 1621 1622 1623 1624 1625 1626 1627 1628 1629 1630 1631 1632 1633 1634 1635 1636 1637 1638 1639 1640 1641 1642 1643 7281 1644 1645 1646 1647 1648 1649 1650 1651 1652 1653 1654 1655 1656 1657 1658 1659 1660 1661 1662 1663 1664 1665 1666 1667 1668 1669 1670 1671 1672 1673 1674 1675 1676 1677 1678 1679 1680 1681 1682 1683 1684 1685 1686 1687 1688 1689 1690 1691 1692 1693 1694 1695 1696 1697 1698 1699 1700 1701 1702 1703 1704 1705 1706 1707 1708 1709 1710 1711 1712 1713 1714 1715 1716 1717 1718 1719 1720 1721 1722 1723 1724 1725 1726 1727 1728 1729 1730 1731 1732 1733 1734 1735 1736 1737 1738 1739 1740 1741 1742 1743 1744 1745 1746 1747 1748 1749 1750 1751 1752 1753 1754 1755 1756 1757 1758 1759 1760 1761 1762 1763 1764 1765 1766 1767 1768 1769 1770 1771 1772 1773 1774 1775 1776 1777 1778 1779 1780 1781 1782 1783 1784 1785 1786 1787 1788 1789 1790 1791 1792 1793 1794 1795 1796 1797 1798 1799 1800 1801 1802 1803 1804 1805 1806 1807 1808 1809 1810 1811 1812 1813 1814 1815 1816 1817 1818 1819 1820 1821 1822 1823 1824 1825 1826 1827 1828 1829 1830 1831 1832 1833 1834 1835 1836 1837 1838 1839 1840 1841 1842 1843 1844 1845 1846 1847 1848 1849 1850 1851 1852 1853 1854 1855 1856 1857 1858 1859 1860 1861 1862 1863 1864 1865 1866 1867 1868 1869 1870 1871 1872 1873 1874 1875 1876 1877 1878 1879 1880 1881 1882 1883 1884 1885 1886 1887 1888 1889 1890 1891 1892 1893 1894 1895 1896 1897 1898 1899 1900 1901 1902 1903 1904 1905 1906 1907 1908 1909 1910 1911 1912 1913 1914 1915 1916 1917 1918 1919 1920 1921 1922 1923 1924 1925 1926 1927 1928 1929 1930 1931 1932 1933 1934 1935 1936 1937 1938 1939 1940 1941 7282 1942 1943 1944 1945 1946 1947 1948 1949 1950 1951 1952 1953 1954 1955 1956 1957 1958 1959 1960 1961 1962 1963 1964 1965 1966 1967 1968 1969 1970 1971 1972 1973 1974 1975 1976 1977 1978 1979 1980 1981 1982 1983 1984 1985 1986 1987 1988 1989 1990 1991 1992 1993 1994 1995 1996 1997 1998 1999 2000 2001 2002 2003 2004 2005 2006 2007 2008 2009 2010 2011 2012 2013 2014 2015 2016 2017 2018 2019 2020 2021 2022 2023 2024 2025 2026 2027 2028 2029 2030 2031 2032 2033 2034 2035 2036 2037 2038 2039 2040 2041 2042 2043 2044 2045 2046 2047 2048 2049 2050 2051 2052 2053 2054 2055 2056 2057 2058 2059 2060 2061 2062 2063 2064 2065 2066 2067 2068 2069 2070 2071 2072 2073 2074 2075 2076 2077 2078 2079 2080 2081 2082 2083 2084 2085 2086 2087 2088 2089 2090 2091 2092 2093 2094 2095 2096 2097 2098 2099 2100 2101 2102 2103 2104 2105 2106 2107 2108 2109 2110 2111 2112 2113 2114 2115 2116 2117 2118 2119 2120 2121 2122 2123 2124 2125 2126 2127 2128 2129 2130 2131 2132 2133 2134 2135 2136 2137 2138 2139 2140 2141 2142 2143 2144 2145 2146 2147 2148 2149 2150 2151 2152 2153 2154 2155 2156 2157 2158 2159 2160 2161 2162 2163 2164 2165 2166 2167 2168 2169 2170 2171 2172 2173 2174 2175 2176 2177 2178 2179 2180 2181 2182 2183 2184 2185 2186 2187 2188 2189 2190 2191 2192 2193 2194 2195 2196 2197 2198 2199 2200 2201 2202 2203 2204 2205 2206 2207 2208 2209 2210 2211 2212 2213 2214 2215 2216 2217 2218 2219 2220 2221 2222 2223 2224 2225 2226 2227 2228 2229 2230 2231 2232 2233 2234 2235 2236 2237 2238 2239 2240 2241 2242 2243 2244 2245 2246 2247 2248 2249 2250 2251 2252 2253 2254 2255 2256 2257 7283 2258 2259 2260 2261 2262 2263 2264 2265 2266 2267 2268 2269 2270 2271 2272 2273 2274 2275 2276 2277 2278 2279 2280 2281 2282 2283 2284 2285 2286 2287 2288 2289 2290 2291 2292 2293 2294 2295 2296 2297 2298 2299 2300 2301 2302 2303 2304 2305 2306 2307 2308 2309 2310 2311 2312 2313 2314 2315 2316 2317 2318 2319 2320 2321 2322 2323 2324 2325 2326 2327 2328 2329 2330 2331 2332 2333 2334 2335 2336 2337 2338 2339 2340 2341 2342 2343 2344 2345 2346 2347 2348 2349 2350 2351 2352 2353 2354 2355 2356 2357 2358 2359 2360 2361 2362 2363 2364 2365 2366 2367 2368 2369 2370 2371 2372 2373 2374 2375 2376 2377 2378 2379 2380 2381 2382 2383 2384 2385 2386 2387 2388 2389 2390 2391 2392 2393 2394 2395 2396 2397 2398 2399 2400 2401 2402 2403 2404 2405 2406 2407 2408 2409 2410 2411 2412 2413 2414 2415 2416 2417 2418 2419 2420 2421 2422 2423 2424 2425 2426 2427 2428 2429 2430 2431 2432 2433 2434 2435 2436 2437 2438 2439 2440 2441 2442 2443 2444 2445 2446 2447 2448 2449 2450 2451 2452 2453 2454 2455 2456 2457 2458 2459 2460 2461 2462 2463 2464 2465 2466 2467 2468 2469 2470 2471 2472 2473 2474 2475 2476 2477 2478 2479 2480 2481 2482 2483 2484 2485 2486 2487 2488 2489 2490 2491 2492 2493 2494 2495 2496 2497 2498 2499 2500 2501 2502 2503 2504 2505 2506 2507 2508 2509 2510 2511 2512 2513 2514 2515 2516 2517 2518 2519 2520 2521 2522 2523 2524 2525 2526 2527 2528 2529 2530 2531 2532 2533 2534 2535 2536 2537 2538 2539 2540 2541 2542 2543 2544 2545 2546 2547 2548 2549 2550 2551 2552 2553 2554 2555 2556 2557 2558 2559 2560 2561 2562 2563 2564 2565 2566 2567 2568 2569 2570 2571 2572 2573 2574 2575 2576 2577 2578 2579 2580 2581 2582 2583 2584 2585 2586 2587 2588 2589 2590 2591 2592 2593 2594 2595 2596 2597 2598 2599 2600 2601 2602 2603 2604 2605 2606 2607 2608 2609 2610 2611 2612 2613 2614 2615 2616 2617 2618 2619 2620 2621 2622 2623 2624 2625 2626 2627 2628 2629 2630 2631 2632 2633 2634 2635 2636 2637 2638 2639 2640 2641 2642 2643 2644 2645 2646 2647 2648 2649 2650 2651 2652 2653 2654 2655 2656 2657 2658 2659 2660 2661 2662 2663 2664 2665 2666 2667 2668 2669 2670 2671 2672 2673 2674 2675 2676 2677 2678 2679 2680 2681 2682 2683 2684 2685 2686 2687 2688 2689 2690 2691 2692 2693 2694 2695 2696 2697 2698 2699 2700 2701 2702 2703 2704 2705 2706 2707 2708 2709 2710 2711 2712 2713 2714 2715 2716 2717 2718 2719 2720 2721 2722 2723 2724 2725 2726 2727 2728 2729 2730 2731 2732 2733 2734 2735 2736 2737 2738 2739 2740 2741 2742 2743 2744 2745 7284 2746 2747 2748 2749 2750 2751 2752 2753 2754 2755 2756 2757 2758 2759 2760 2761 2762 2763 2764 2765 2766 2767 2768 2769 2770 2771 2772 2773 2774 2775 2776 2777 2778 2779 2780 2781 2782 2783 2784 2785 2786 2787 2788 2789 2790 2791 2792 2793 2794 2795 2796 2797 2798 2799 2800 2801 2802 2803 2804 2805 2806 2807 2808 2809 2810 2811 2812 2813 2814 2815 2816 2817 2818 2819 2820 2821 2822 2823 2824 2825 2826 2827 2828 2829 2830 2831 2832 2833 2834 2835 2836 2837 2838 2839 2840 2841 2842 2843 2844 2845 2846 2847 2848 2849 2850 2851 2852 2853 2854 2855 2856 2857 2858 2859 2860 2861 2862 2863 2864 2865 2866 2867 2868 2869 2870 2871 2872 2873 2874 2875 2876 2877 2878 2879 2880 2881 2882 2883 2884 2885 2886 2887 2888 2889 2890 2891 2892 2893 2894 2895 2896 2897 2898 2899 2900 2901 2902 2903 2904 2905 2906 2907 2908 2909 2910 2911 2912 2913 2914 2915 2916 2917 2918 2919 2920 2921 2922 2923 2924 2925 2926 2927 2928 2929 2930 2931 2932 2933 2934 2935 2936 2937 2938 2939 2940 2941 2942 2943 2944 2945 2946 2947 2948 2949 2950 2951 2952 2953 2954 2955 2956 2957 2958 2959 2960 2961 2962 2963 2964 2965 2966 2967 2968 2969 2970 2971 2972 2973 2974 2975 2976 2977 2978 2979 2980 2981 2982 2983 2984 2985 2986 2987 2988 2989 2990 2991 2992 2993 2994 2995 2996 2997 2998 2999 3000 3001 3002 3003 3004 3005 3006 3007 3008 3009 3010 3011 3012 3013 3014 3015 3016 3017 3018 3019 3020 3021 3022 3023 3024 3025 3026 3027 3028 3029 3030 3031 3032 3033 3034 3035 3036 3037 3038 3039 3040 3041 3042 3043 3044 3045 3046 3047 3048 3049 3050 3051 3052 3053 3054 3055 3056 3057 3058 3059 3060 3061 3062 3063 3064 3065 3066 3067 3068 3069 3070 3071 3072 3073 3074 3075 3076 3077 3078 3079 3080 3081 3082 3083 3084 3085 3086 3087 3088 3089 3090 3091 3092 3093 3094 3095 3096 3097 3098 3099 3100 3101 3102 3103 3104 3105 3106 3107 3108 3109 3110 3111 3112 3113 3114 3115 3116 3117 3118 3119 3120 3121 3122 3123 3124 3125 3126 3127 3128 3129 3130 3131 3132 3133 3134 3135 3136 3137 3138 3139 3140 3141 3142 3143 3144 3145 3146 3147 3148 3149 3150 3151 3152 3153 3154 3155 3156 3157 3158 3159 3160 3161 3162 3163 3164 3165 3166 3167 3168 3169 3170 3171 3172 3173 3174 3175 3176 3177 3178 3179 3180 3181 3182 3183 3184 3185 3186 3187 3188 3189 3190 3191 3192 3193 3194 3195 3196 3197 3198 3199 3200 3201 3202 3203 3204 3205 3206 3207 3208 3209 3210 3211 3212 3213 3214 3215 3216 3217 3218 3219 3220 3221 3222 3223 3224 3225 3226 3227 3228 3229 3230 3231 3232 3233 3234 3235 3236 3237 3238 3239 3240 3241 3242 3243 3244 3245 3246 3247 3248 3249 3250 3251 3252 3253 3254 3255 3256 3257 3258 3259 3260 3261 3262 3263 3264 3265 3266 3267 3268 3269 3270 3271 3272 3273 3274 3275 3276 3277 3278 3279 3280 3281 3282 3283 3284 3285 3286 3287 3288 3289 3290 3291 3292 3293 3294 3295 3296 3297 3298 3299 3300 3301 3302 3303 3304 3305 3306 3307 3308 3309 3310 3311 3312 3313 3314 3315 3316 3317 3318 3319 3320 3321 3322 3323 3324 3325 3326 3327 3328 3329 3330 3331 3332 3333 3334 3335 3336 3337 3338 3339 3340 3341 3342 3343 3344 3345 3346 3347 3348 3349 3350 3351 3352 3353 3354 3355 3356 3357 3358 3359 3360 3361 3362 3363 3364 3365 3366 3367 3368 3369 3370 3371 3372 3373 3374 3375 3376 3377 3378 3379 3380 3381 3382 3383 3384 3385 3386 3387 3388 3389 3390 3391 3392 3393 3394 3395 3396 3397 3398 3399 3400 3401 3402 3403 3404 3405 3406 3407 3408 3409 3410 3411 3412 3413 3414 3415 3416 3417 3418 3419 3420 3421 3422 3423 3424 3425 3426 3427 7285 3428 3429 3430 3431 3432 3433 3434 3435 3436 3437 3438 3439 3440 3441 3442 3443 3444 3445 3446 3447 3448 3449 3450 3451 3452 3453 3454 3455 3456 3457 3458 3459 3460 3461 3462 3463 3464 3465 3466 3467 3468 3469 3470 3471 3472 3473 3474 3475 3476 3477 3478 3479 3480 3481 3482 3483 3484 3485 3486 3487 3488 3489 3490 3491 3492 3493 3494 3495 3496 3497 3498 3499 3500 3501 3502 3503 3504 3505 3506 3507 3508 3509 3510 3511 3512 3513 3514 3515 3516 3517 3518 3519 3520 3521 3522 3523 3524 3525 3526 3527 3528 3529 3530 3531 3532 3533 3534 3535 3536 3537 3538 3539 3540 3541 3542 3543 3544 3545 3546 3547 3548 3549 3550 3551 3552 3553 3554 3555 3556 3557 3558 3559 3560 3561 3562 3563 3564 3565 3566 3567 3568 3569 3570 3571 3572 3573 3574 3575 3576 3577 3578 3579 3580 3581 3582 3583 3584 3585 3586 3587 3588 3589 3590 3591 3592 3593 3594 3595 3596 3597 3598 3599 3600 3601 3602 3603 3604 3605 3606 3607 3608 3609 3610 3611 3612 3613 3614 3615 3616 3617 3618 3619 3620 3621 3622 3623 3624 3625 3626 3627 3628 3629 3630 3631 3632 3633 3634 3635 3636 3637 3638 3639 3640 3641 3642 3643 3644 3645 3646 3647 3648 3649 3650 3651 3652 3653 3654 3655 3656 3657 3658 3659 3660 3661 3662 3663 3664 3665 3666 3667 3668 3669 3670 3671 3672 3673 3674 3675 3676 3677 3678 3679 3680 3681 3682 3683 3684 3685 3686 3687 3688 3689 3690 3691 3692 3693 3694 3695 3696 3697 3698 3699 3700 3701 3702 3703 3704 3705 3706 3707 3708 3709 3710 3711 3712 3713 3714 3715 3716 3717 3718 3719 3720 3721 3722 3723 3724 3725 3726 3727 3728 3729 3730 3731 3732 3733 3734 3735 3736 3737 3738 3739 3740 3741 3742 3743 3744 3745 3746 3747 3748 3749 3750 3751 3752 3753 3754 3755 3756 3757 3758 3759 3760 3761 3762 3763 3764 3765 3766 3767 3768 3769 3770 3771 3772 3773 3774 3775 3776 3777 3778 3779 3780 3781 3782 3783 3784 3785 3786 3787 3788 3789 3790 3791 3792 3793 3794 3795 3796 3797 3798 3799 3800 3801 3802 3803 3804 3805 3806 3807 3808 3809 3810 3811 3812 3813 3814 3815 3816 3817 3818 3819 3820 3821 3822 3823 3824 3825 3826 3827 3828 3829 3830 3831 3832 3833 3834 3835 3836 3837 3838 3839 3840 3841 3842 3843 3844 3845 3846 3847 3848 3849 3850 3851 3852 3853 3854 3855 3856 3857 3858 3859 3860 3861 3862 3863 3864 3865 3866 3867 3868 3869 3870 3871 3872 3873 3874 3875 3876 3877 3878 3879 3880 3881 3882 3883 3884 3885 3886 3887 3888 3889 3890 3891 3892 3893 3894 3895 3896 3897 3898 3899 3900 3901 3902 3903 3904 3905 3906 3907 3908 3909 3910 3911 3912 3913 3914 3915 3916 3917 3918 3919 3920 3921 3922 3923 3924 3925 3926 3927 3928 3929 3930 3931 3932 3933 3934 3935 3936 3937 3938 3939 3940 3941 3942 3943 3944 3945 3946 3947 3948 3949 3950 3951 3952 3953 3954 3955 3956 3957 3958 3959 3960 3961 3962 3963 3964 3965 3966 3967 3968 3969 3970 3971 3972 3973 3974 3975 3976 3977 3978 3979 3980 3981 3982 3983 3984 3985 3986 3987 3988 3989 3990 3991 3992 3993 3994 3995 3996 3997 3998 3999 4000 4001 4002 4003 4004 4005 4006 4007 4008 4009 4010 4011 4012 4013 4014 4015 4016 4017 4018 4019 4020 4021 4022 4023 4024 4025 4026 4027 4028 4029 4030 4031 4032 4033 4034 4035 4036 4037 4038 4039 4040 4041 4042 4043 4044 4045 4046 4047 4048 4049 4050 4051 4052 4053 4054 4055 4056 4057 4058 4059 4060 4061 4062 4063 4064 4065 4066 4067 4068 4069 4070 4071 4072 4073 4074 4075 4076 4077 4078 4079 4080 4081 4082 4083 4084 4085 4086 4087 4088 4089 4090 4091 4092 4093 4094 4095 4096 4097 4098 4099 4100 4101 4102 4103 4104 4105 4106 4107 4108 4109 4110 4111 4112 4113 4114 4115 4116 4117 4118 4119 4120 4121 4122 4123 4124 4125 4126 4127 4128 4129 4130 4131 4132 4133 4134 4135 4136 4137 4138 4139 4140 4141 4142 4143 4144 4145 4146 4147 4148 4149 4150 4151 4152 4153 4154 4155 4156 4157 4158 4159 4160 4161 4162 4163 4164 4165 4166 4167 4168 4169 4170 4171 4172 4173 4174 4175 4176 4177 4178 4179 4180 4181 4182 4183 4184 4185 4186 4187 4188 4189 4190 4191 4192 4193 4194 4195 4196 4197 4198 4199 4200 4201 4202 4203 4204 4205 4206 4207 4208 4209 4210 4211 4212 4213 4214 4215 4216 4217 4218 4219 4220 4221 4222 4223 4224 4225 4226 4227 4228 4229 4230 4231 4232 4233 4234 4235 4236 4237 4238 4239 4240 4241 4242 4243 4244 4245 4246 4247 4248 4249 4250 4251 4252 4253 4254 4255 4256 4257 4258 4259 4260 4261 4262 4263 4264 4265 4266 4267 4268 4269 4270 4271 4272 4273 4274 4275 4276 4277 4278 4279 4280 4281 4282 4283 4284 4285 4286 4287 4288 4289 4290 4291 4292 4293 4294 4295 4296 4297 4298 4299 4300 4301 4302 4303 4304 4305 4306 4307 4308 4309 4310 4311 4312 4313 4314 4315 4316 4317 4318 4319 4320 4321 4322 4323 4324 4325 4326 4327 4328 4329 4330 4331 4332 4333 4334 4335 4336 4337 4338 4339 4340 4341 4342 4343 4344 4345 4346 4347 4348 4349 4350 4351 4352 4353 4354 4355 4356 4357 4358 4359 4360 4361 4362 4363 4364 4365 4366 4367 4368 4369 4370 4371 4372 4373 4374 4375 4376 4377 4378 4379 4380 4381 4382 4383 4384 4385 4386 4387 4388 4389 4390 4391 4392 4393 4394 4395 4396 4397 4398 4399 4400 4401 4402 4403 4404 4405 4406 4407 4408 4409 4410 4411 4412 4413 4414 4415 4416 4417 4418 4419 4420 4421 4422 4423 4424 4425 4426 4427 4428 4429 4430 4431 4432 4433 4434 4435 4436 4437 4438 4439 4440 4441 4442 4443 4444 4445 4446 4447 4448 4449 4450 4451 4452 4453 4454 4455 4456 4457 4458 4459 4460 4461 4462 4463 4464 4465 4466 4467 4468 4469 4470 4471 4472 4473 4474 4475 4476 4477 4478 4479 4480 4481 4482 4483 4484 4485 4486 4487 4488 4489 4490 4491 4492 4493 4494 4495 4496 4497 4498 4499 4500 4501 4502 4503 4504 4505 4506 4507 4508 4509 4510 4511 4512 4513 4514 4515 4516 4517 4518 4519 4520 4521 4522 4523 4524 4525 4526 4527 4528 4529 4530 4531 4532 4533 4534 4535 4536 4537 4538 4539 4540 4541 4542 4543 4544 4545 4546 4547 4548 4549 4550 4551 4552 4553 4554 4555 4556 4557 4558 4559 4560 4561 4562 4563 4564 4565 4566 4567 4568 4569 4570 4571 4572 4573 4574 4575 4576 4577 4578 4579 4580 4581 4582 4583 4584 4585 4586 4587 4588 4589 4590 4591 4592 4593 4594 4595 4596 4597 4598 4599 4600 4601 4602 4603 4604 4605 4606 4607 4608 4609 4610 4611 4612 4613 4614 4615 4616 4617 4618 4619 4620 4621 4622 4623 4624 4625 4626 4627 4628 4629 4630 4631 4632 4633 4634 4635 4636 4637 4638 4639 4640 4641 4642 4643 4644 4645 4646 4647 4648 4649 4650 4651 4652 4653 4654 4655 4656 4657 4658 4659 4660 4661 4662 4663 4664 4665 4666 4667 4668 4669 4670 4671 4672 4673 4674 4675 4676 4677 4678 4679 4680 4681 4682 4683 4684 4685 4686 4687 4688 4689 4690 4691 4692 4693 4694 4695 4696 4697 4698 4699 4700 4701 4702 4703 4704 4705 4706 4707 4708 4709 4710 4711 4712 4713 4714 4715 4716 4717 4718 4719 4720 4721 4722 4723 4724 4725 4726 4727 4728 4729 4730 4731 4732 4733 4734 4735 4736 4737 4738 4739 4740 4741 4742 4743 4744 4745 4746 4747 4748 4749 4750 4751 4752 4753 4754 4755 4756 4757 4758 4759 4760 4761 4762 4763 4764 4765 4766 4767 4768 4769 4770 4771 4772 4773 4774 4775 4776 4777 4778 4779 4780 4781 4782 4783 4784 4785 4786 4787 4788 4789 4790 4791 4792 4793 4794 4795 4796 4797 4798 4799 4800 4801 4802 4803 4804 4805 4806 4807 4808 4809 4810 4811 4812 4813 4814 4815 4816 4817 4818 4819 4820 4821 4822 4823 4824 4825 4826 4827 4828 4829 4830 4831 4832 4833 4834 4835 4836 4837 4838 4839 4840 4841 4842 4843 4844 4845 4846 4847 4848 4849 4850 4851 4852 4853 4854 4855 4856 4857 4858 4859 4860 4861 4862 4863 4864 4865 4866 4867 4868 4869 4870 4871 4872 4873 4874 4875 4876 4877 4878 4879 4880 4881 4882 4883 4884 4885 4886 4887 4888 4889 4890 4891 4892 4893 4894 4895 4896 4897 4898 4899 4900 4901 4902 4903 4904 4905 4906 4907 4908 4909 4910 4911 4912 4913 4914 4915 4916 4917 4918 4919 4920 4921 4922 4923 4924 4925 4926 4927 4928 4929 4930 4931 4932 4933 4934 4935 4936 4937 4938 4939 4940 4941 4942 4943 4944 4945 4946 4947 4948 4949 4950 4951 4952 4953 4954 4955 4956 4957 4958 4959 4960 4961 4962 4963 4964 4965 4966 4967 4968 4969 4970 4971 4972 4973 4974 4975 4976 4977 4978 4979 4980 4981 4982 4983 4984 4985 4986 4987 4988 4989 4990 4991 4992 4993 4994 4995 4996 4997 4998 4999 5000 5001 5002 5003 5004 5005 5006 5007 5008 5009 5010 5011 5012 5013 5014 5015 5016 5017 5018 5019 5020 5021 5022 5023 5024 5025 5026 5027 5028 5029 5030 5031 5032 5033 5034 5035 5036 5037 5038 5039 5040 5041 5042 5043 5044 5045 5046 5047 5048 5049 5050 5051 5052 5053 5054 5055 5056 5057 5058 5059 5060 5061 5062 5063 5064 5065 5066 5067 5068 5069 5070 5071 5072 5073 5074 5075 5076 5077 5078 5079 5080 5081 5082 5083 5084 5085 5086 5087 5088 5089 5090 5091 5092 5093 5094 5095 5096 5097 5098 5099 5100 5101 5102 5103 5104 5105 5106 5107 5108 5109 5110 5111 5112 5113 5114 5115 5116 5117 5118 5119 5120 5121 5122 5123 5124 5125 5126 5127 5128 5129 5130 5131 5132 5133 5134 5135 5136 5137 5138 5139 5140 5141 5142 5143 5144 5145 5146 5147 5148 5149 5150 5151 5152 5153 5154 5155 5156 5157 5158 5159 5160 5161 5162 5163 5164 5165 5166 5167 5168 5169 5170 5171 5172 5173 5174 5175 5176 5177 5178 5179 5180 5181 5182 5183 5184 5185 5186 5187 5188 5189 5190 5191 5192 5193 5194 5195 5196 5197 5198 5199 5200 5201 5202 5203 5204 5205 5206 5207 5208 5209 5210 5211 5212 5213 5214 5215 5216 5217 5218 5219 5220 5221 5222 5223 5224 5225 5226 5227 5228 5229 5230 5231 5232 5233 5234 5235 5236 5237 5238 5239 5240 5241 5242 5243 5244 5245 5246 5247 5248 5249 5250 5251 5252 5253 5254 5255 5256 5257 5258 5259 5260 5261 5262 5263 5264 5265 5266 5267 5268 5269 5270 5271 5272 5273 5274 5275 5276 5277 5278 5279 5280 5281 5282 5283 5284 5285 5286 5287 5288 5289 5290 5291 5292 5293 5294 5295 5296 5297 5298 5299 5300 5301 5302 5303 5304 5305 5306 5307 5308 5309 5310 5311 5312 5313 5314 5315 5316 5317 5318 5319 5320 5321 5322 5323 5324 5325 5326 5327 5328 5329 5330 5331 5332 5333 5334 5335 5336 5337 5338 5339 5340 5341 5342 5343 5344 5345 5346 5347 5348 5349 5350 5351 5352 5353 5354 5355 5356 5357 5358 5359 5360 5361 5362 5363 5364 5365 5366 5367 5368 5369 5370 5371 5372 5373 5374 5375 5376 5377 5378 5379 5380 5381 5382 5383 5384 5385 5386 5387 5388 5389 5390 5391 5392 5393 5394 5395 5396 5397 5398 5399 5400 5401 5402 5403 5404 5405 5406 5407 5408 5409 5410 5411 5412 5413 5414 5415 5416 5417 5418 5419 5420 5421 5422 5423 5424 5425 5426 5427 5428 5429 5430 5431 5432 5433 5434 5435 5436 5437 5438 5439 5440 5441 5442 5443 5444 5445 5446 5447 5448 5449 5450 5451 5452 5453 5454 5455 5456 5457 5458 5459 5460 5461 5462 5463 5464 5465 5466 5467 5468 5469 5470 5471 5472 5473 5474 5475 5476 5477 5478 5479 5480 5481 5482 5483 5484 5485 5486 5487 5488 5489 5490 5491 5492 5493 5494 5495 5496 5497 5498 5499 5500 5501 5502 5503 5504 5505 5506 5507 5508 5509 5510 5511 5512 5513 5514 5515 5516 5517 5518 5519 5520 5521 5522 5523 5524 5525 5526 5527 5528 5529 5530 5531 5532 5533 5534 7286 5535 5536 5537 5538 5539 5540 5541 5542 5543 5544 5545 5546 5547 5548 5549 5550 5551 5552 5553 5554 5555 5556 5557 5558 5559 5560 5561 5562 5563 5564 5565 5566 5567 5568 5569 5570 5571 5572 5573 5574 5575 5576 5577 5578 5579 5580 5581 5582 5583 5584 5585 5586 5587 5588 5589 5590 5591 5592 5593 5594 5595 5596 5597 5598 5599 5600 5601 5602 5603 5604 5605 5606 5607 5608 5609 5610 5611 5612 5613 5614 5615 5616 5617 5618 5619 5620 5621 5622 5623 5624 5625 5626 5627 5628 5629 5630 5631 5632 5633 5634 5635 5636 5637 5638 5639 5640 5641 5642 5643 5644 5645 5646 5647 5648 5649 5650 5651 5652 5653 5654 5655 5656 5657 5658 5659 5660 5661 5662 5663 5664 5665 5666 5667 5668 5669 5670 5671 5672 5673 5674 5675 5676 5677 5678 5679 5680 5681 5682 5683 5684 5685 5686 5687 5688 5689 5690 5691 5692 5693 5694 5695 5696 5697 5698 5699 5700 5701 5702 5703 5704 5705 5706 5707 5708 5709 5710 5711 5712 5713 5714 5715 5716 5717 5718 5719 5720 5721 5722 5723 5724 5725 5726 5727 5728 5729 5730 5731 5732 5733 5734 5735 5736 5737 5738 5739 5740 5741 5742 5743 5744 5745 5746 5747 5748 5749 5750 5751 5752 5753 5754 5755 5756 5757 5758 5759 5760 5761 5762 5763 5764 5765 5766 5767 5768 5769 5770 5771 5772 5773 5774 5775 5776 5777 5778 5779 5780 5781 5782 5783 5784 5785 5786 5787 5788 5789 5790 5791 5792 5793 5794 5795 5796 5797 5798 5799 5800 5801 5802 5803 5804 5805 5806 5807 5808 5809 5810 5811 5812 5813 5814 5815 5816 5817 5818 5819 5820 5821 5822 5823 5824 5825 5826 5827 5828 5829 5830 5831 5832 5833 5834 5835 5836 5837 5838 5839 5840 5841 5842 5843 5844 5845 5846 5847 5848 5849 5850 5851 5852 5853 5854 5855 5856 5857 5858 5859 5860 5861 5862 5863 5864 5865 5866 5867 5868 5869 5870 5871 5872 5873 5874 5875 5876 5877 5878 5879 5880 5881 5882 5883 5884 5885 5886 5887 5888 5889 5890 5891 5892 5893 5894 5895 5896 5897 5898 5899 5900 5901 5902 5903 5904 5905 5906 5907 5908 5909 5910 5911 5912 5913 5914 5915 5916 5917 5918 5919 5920 5921 5922 5923 5924 5925 5926 5927 5928 5929 5930 5931 5932 5933 5934 5935 5936 5937 5938 5939 5940 5941 5942 5943 5944 5945 5946 5947 5948 5949 5950 5951 5952 5953 5954 5955 5956 5957 5958 5959 5960 5961 5962 5963 5964 5965 5966 5967 5968 5969 5970 5971 5972 5973 5974 5975 5976 5977 5978 5979 5980 5981 5982 5983 5984 5985 5986 5987 5988 5989 5990 5991 5992 5993 5994 5995 5996 5997 5998 5999 6000 6001 6002 6003 6004 6005 6006 6007 6008 6009 6010 6011 6012 6013 6014 6015 6016 6017 6018 6019 6020 6021 6022 6023 6024 6025 6026 6027 6028 6029 6030 6031 6032 6033 6034 6035 6036 6037 6038 6039 6040 6041 6042 6043 6044 6045 6046 6047 6048 6049 6050 6051 6052 6053 6054 6055 6056 6057 6058 6059 6060 6061 6062 6063 6064 6065 6066 6067 6068 6069 6070 6071 6072 6073 6074 6075 6076 6077 6078 6079 6080 6081 6082 6083 6084 6085 6086 6087 6088 6089 6090 6091 6092 6093 6094 6095 6096 6097 6098 6099 6100 6101 6102 6103 6104 6105 6106 6107 6108 6109 6110 6111 6112 6113 6114 6115 6116 6117 6118 6119 6120 6121 6122 6123 6124 6125 6126 6127 6128 6129 6130 6131 6132 6133 6134 6135 6136 6137 6138 6139 6140 6141 6142 6143 6144 6145 6146 6147 6148 6149 6150 6151 6152 6153 6154 6155 6156 6157 6158 6159 6160 6161 6162 6163 6164 6165 6166 6167 6168 6169 6170 6171 6172 6173 6174 6175 6176 6177 6178 6179 6180 6181 6182 6183 6184 6185 6186 6187 6188 6189 6190 6191 6192 6193 6194 6195 6196 6197 6198 6199 6200 6201 6202 6203 6204 6205 6206 6207 6208 6209 6210 6211 6212 6213 6214 6215 6216 6217 6218 6219 6220 6221 6222 6223 6224 6225 6226 6227 6228 6229 6230 6231 6232 6233 6234 6235 6236 6237 6238 6239 6240 6241 6242 6243 6244 6245 6246 6247 6248 6249 6250 6251 6252 6253 6254 6255 6256 6257 6258 6259 6260 6261 6262 6263 6264 6265 6266 6267 6268 6269 6270 6271 6272 6273 6274 6275 6276 6277 6278 6279 6280 6281 6282 6283 6284 6285 6286 6287 6288 6289 6290 6291 6292 6293 6294 6295 6296 6297 6298 6299 6300 6301 6302 6303 6304 6305 6306 6307 6308 6309 6310 6311 6312 6313 6314 6315 6316 6317 6318 6319 6320 6321 6322 6323 6324 6325 6326 6327 6328 6329 6330 6331 6332 6333 6334 6335 6336 6337 6338 6339 6340 6341 6342 6343 6344 6345 6346 6347 6348 6349 6350 6351 6352 6353 6354 6355 6356 6357 6358 6359 6360 6361 6362 6363 6364 6365 6366 6367 6368 6369 6370 6371 6372 6373 6374 6375 6376 6377 6378 6379 6380 6381 6382 6383 6384 6385 6386 6387 6388 6389 6390 6391 6392 6393 6394 6395 6396 6397 6398 6399 6400 6401 6402 6403 6404 6405 6406 6407 6408 6409 6410 6411 6412 6413 6414 6415 6416 6417 6418 6419 6420 6421 6422 6423 6424 6425 6426 6427 6428 6429 6430 6431 6432 6433 6434 6435 6436 6437 6438 6439 6440 6441 6442 6443 6444 6445 6446 6447 6448 6449 6450 6451 6452 6453 6454 6455 6456 6457 6458 6459 6460 6461 6462 6463 6464 6465 6466 6467 6468 6469 6470 6471 6472 6473 6474 6475 6476 6477 6478 6479 6480 6481 6482 6483 6484 6485 6486 6487 6488 6489 6490 6491 6492 6493 6494 6495 6496 6497 6498 6499 6500 6501 6502 6503 6504 6505 6506 6507 6508 6509 6510 6511 6512 6513 6514 6515 6516 6517 6518 6519 6520 6521 6522 6523 6524 6525 6526 6527 6528 6529 6530 6531 6532 6533 6534 6535 6536 6537 6538 6539 6540 6541 6542 6543 6544 6545 6546 6547 6548 6549 6550 6551 6552 6553 6554 6555 6556 6557 6558 6559 6560 6561 6562 6563 6564 6565 6566 6567 6568 6569 6570 6571 6572 6573 6574 6575 6576 6577 6578 6579 6580 6581 6582 6583 6584 6585 6586 6587 6588 6589 6590 6591 6592 6593 6594 6595 6596 6597 6598 6599 6600 6601 6602 6603 6604 6605 6606 6607 6608 6609 6610 6611 6612 6613 6614 6615 6616 6617 6618 6619 6620 6621 6622 6623 6624 6625 6626 6627 6628 6629 6630 6631 6632 6633 6634 6635 6636 6637 6638 6639 6640 6641 6642 6643 6644 6645 6646 6647 6648 6649 6650 6651 6652 6653 6654 6655 6656 6657 6658 6659 6660 6661 6662 6663 6664 6665 6666 6667 6668 6669 6670 6671 6672 6673 6674 6675 6676 6677 6678 6679 6680 6681 6682 6683 6684 6685 6686 6687 6688 6689 6690 6691 6692 6693 6694 6695 6696 6697 6698 6699 6700 6701 6702 6703 6704 6705 6706 6707 6708 6709 6710 6711 6712 6713 6714 6715 6716 6717 6718 6719 6720 6721 6722 6723 6724 6725 6726 6727 6728 6729 6730 6731 6732 6733 6734 6735 6736 6737 6738 6739 6740 6741 6742 6743 6744 6745 6746 6747 6748 6749 6750 6751 6752 6753 6754 6755 6756 6757 6758 6759 6760 6761 6762 6763 6764 6765 6766 6767 6768 6769 6770 6771 6772 6773 6774 6775 6776 6777 6778 6779 6780 6781 6782 6783 6784 6785 6786 6787 6788 6789 6790 6791 6792 6793 6794 6795 6796 6797 6798 6799 6800 6801 6802 6803 6804 6805 6806 6807 6808 6809 6810 6811 6812 6813 6814 6815 6816 6817 6818 6819 6820 6821 6822 6823 6824 6825 6826 6827 6828 6829 6830 6831 6832 6833 6834 6835 6836 6837 6838 6839 6840 6841 6842 6843 6844 6845 6846 6847 6848 6849 6850 6851 6852 6853 6854 6855 6856 6857 6858 6859 6860 6861 6862 6863 6864 6865 6866 6867 6868 6869 6870 6871 6872 6873 6874 6875 6876 6877 6878 6879 6880 6881 6882 6883 6884 6885 6886 6887 6888 6889 6890 6891 6892 6893 6894 6895 6896 6897 6898 6899 6900 6901 6902 6903 6904 6905 6906 6907 6908 6909 6910 6911 6912 6913 6914 6915 6916 6917 6918 6919 6920 6921 6922 6923 6924 6925 6926 6927 6928 6929 6930 6931 6932 6933 6934 6935 6936 6937 6938 6939 6940 6941 6942 6943 6944 6945 6946 6947 6948 6949 6950 6951 6952 6953 6954 6955 6956 6957 6958 6959 6960 6961 6962 6963 6964 6965 6966 6967 6968 6969 6970 6971 6972 6973 6974 6975 6976 6977 6978 6979 6980 6981 6982 6983 6984 6985 6986 6987 6988 6989 6990 6991 6992 6993 6994 6995 6996 6997 6998 6999 7000 7001 7002 7003 7004 7005 7006 7007 7008 7009 7010 7011 7012 7013 7014 7015 7016 7017 7018 7019 7020 7021 7022 7023 7024 7025 7026 7027 7028 7029 7030 7031 7032 7033 7034 7035 7036 7037 7038 7039 7040 7041 7042 7043 7044 7045 7046 7047 7048 7049 7050 7051 7052 7053 7054 7055 7056 7057 7058 7059 7060 7061 7062 7063 7064 7065 7066 7067 7068 7069 7070 7071 7072 7073 7074 7075 7076 7077 7078 7079 7080 7081 7082 7083 7084 7085 7086 7087 7088 7089 7090 7091 7092 7093 7094 7095 7096 7097 7098 7099 7100 7101 7102 7103 7104 7105 7106 7107 7108 7109 7110 7111 7112 7113 7114 7115 7116 7117 7118 7119 7120 7121 7122 7123 7124 7125 7126 7127 7128 7129 7130 7131 7132 7133 7134 7135 7136 7137 7138 7139 7140 7141 7142 7143 7144 7145 7146 7147 7148 7149 7150 7151 7152 7153 7154 7155 7156 7157 7158 7159 7160 7161 7162 7163 7164 7165 7166 7167 7168 7169 7170 7171 7172 7173 7174 7175 7176 7177 7178 7179 7180 7181 7182 7183 7184 7185 7186 7187 7188 7189 7190 7191 7192 7193 7194 7195 7196 7197 7198 7199 7200 7201 7202 7203 7204 7205 7206 7207 7208 7209 7210 7211 7212 7287 7213 7214 7215 7216 7217 7218 7219 7220 7221 7222 7223 7224 7225 7226 7227 7228 7229 7230 7231 7232 7233 7234 7235 7236 7237 7238 7239 7240 7241 7242 7244 7245 7246 7247 7248 7249 7250 7251 7252 7253 7254 7255 7256 7257 7258 7259 7260 7261 7262 7263 7264 7265 7266 7267 7268 7269 7270 7271 7272 7273 7274 7275 7276 7277 7278
p1:2 A 0 1 2 3 4 5 6 7 8 9 10 11 12 13 14 15 16 17 18 19 20 21 22 23 24 25 26 27 28 29 30 31 32 33 34 35 36 37 38 39 40 41 42 43 44 45 46 47 48 49 50 51 52 53 54 55 56 57 58 59 60 61 62 63 64 65 66 67 68 69 70 71 72 73 74 75 76 77 78 79 80 81 82 83 84 85 86 87 88 89 90 91 92 93 94 95 96 97 98 99 100 101 102 103 104 105 106 107 108 109 110 111 112 113 114 115 116 117 118 119 120 121 122 123 124 125 126 127 128 129 130 131 132 133 134 135 136 137 138 139 140 141 142 143 144 145 146 147 148 149 150 151 152 153 154 155 156 157 158 159 160 161 162 163 164 165 166 167 168 169 170 171 172 173 174 175 176 177 178 179 180 181 182 183 184 185 186 187 188 189 190 191 192 193 194 195 196 197 198 199 200 201 202 203 204 205 206 207 208 209 210 211 212 213 214 215 216 217 218 219 220 221 222 223 224 225 226 227 228 229 230 231 232 233 234 235 236 237 238 239 240 241 242 243 244 245 246 247 248 249 250 251 252 253 254 255 256 257 258 259 260 261 262 263 264 265 266 267 268 269 270 271 272 273 274 275 276 277 278 279 280 281 282 283 284 285 286 287 288 289 290 291 292 293 294 295 296 297 298 299 300 301 302 303 304 305 306 307 308 309 310 311 312 313 314 315 316 317 318 319 320 321 322 323 324 325 326 327 328 329 330 331 332 333 334 335 336 337 338 339 340 341 342 343 344 345 346 347 348 349 350 351 352 353 354 355 356 357 358 359 360 361 362 363 364 365 366 367 368 369 370 371 372 373 374 375 376 377 378 379 380 381 382 383 384 385 386 387 388 389 390 391 392 393 394 395 397 398 399 400 401 402 403 404 405 406 407 408 409 410 411 412 413 414 415 416 417 418 419 420 421 422 423 424 425 426 427 428 429 430 431 432 433 434 435 436 437 438 439 440 441 442 443 444 445 446 447 448 449 450 451 452 453 454 455 456 457 458 459 460 461 462 463 464 465 466 467 468 469 470 471 472 473 474 475 476 477 478 479 480 481 482 483 484 485 486 487 488 489 490 491 492 493 494 495 496 497 498 499 500 501 502 503 504 505 506 507 508 509 510 511 512 513 514 515 516 517 518 519 520 521 522 523 524 525 526 527 528 529 530 531 532 533 534 535 536 537 538 539 540 541 542 543 544 545 546 547 548 549 550 551 552 553 554 555 556 557 558 559 560 561 562 563 564 565 566 567 568 569 570 571 572 573 574 575 576 577 578 579 580 581 582 583 584 585 586 587 588 589 590 591 592 593 594 595 596 597 598 599 600 601 602 603 604 605 606 607 608 609 610 611 612 613 614 615 616 617 618 619 620 621 622 623 624 625 626 627 628 629 630 631 632 633 634 635 636 637 638 639 640 641 642 643 644 645 646 647 648 649 650 651 652 653 654 655 656 657 658 659 660 661 662 663 664 665 666 667 668 669 670 671 672 673 674 675 676 677 678 679 680 681 682 683 684 685 686 687 688 689 690 691 692 693 694 695 696 697 698 699 700 701 702 703 704 705 706 707 708 709 710 711 712 713 714 715 716 717 718 719 720 721 722 723 724 725 726 727 728 729 730 731 732 733 734 735 736 737 738 739 740 741 742 743 744 745 746 747 748 749 750 751 752 753 754 755 756 757 758 759 760 761 762 763 764 765 766 767 768 769 770 771 772 773 774 775 776 777 778 779 780 781 782 783 784 785 786 787 788 789 790 791 792 793 794 795 796 797 798 799 800 801 802 803 804 805 806 807 808 809 810 811 812 813 814 815 816 817 818 819 820 821 822 823 824 825 826 827 828 829 830 831 832 833 834 835 836 837 838 839 840 841 842 843 844 845 846 847 848 849 850 851 852 853 854 855 856 857 858 859 860 861 862 863 864 865 866 867 868 869 870 871 872 873 874 875 876 877 878 879 880 881 882 883 884 885 886 887 888 889 890 891 892 893 894 895 896 897 898 899 900 901 902 903 904 905 906 907 908 909 910 911 912 913 914 915 916 917 918 919 920 921 922 923 924 925 926 927 928 929 930 931 932 933 934 935 936 937 938 939 940 941 942 943 944 945 946 947 948 949 950 951 952 953 954 955 956 957 958 959 960 961 962 963 964 965 966 967 968 969 970 971 972 973 974 975 976 977 978 979 980 981 982 983 984 985 986 987 988 989 990 991 992 993 994 995 996 997 998 999 1000 1001 1002 1003 1004 1005 1006 1007 1008 1009 1010 1011 1012 1013 1014 1015 1016 1017 1018 1019 1020 1021 1022 1023 1024 1025 1026 1027 1028 1029 1030 1031 1032 1033 1034 1035 1036 1037 1038 1039 1040 1041 1042 1043 1044 1045 1046 1047 1048 1049 1050 1051 1052 1053 1054 1055 1056 1057 1058 1059 1060 1061 1062 1063 1064 1065 1066 1067 1068 1069 1070 1071 1072 1073 1074 1075 1076 1077 1078 1079 1080 1081 1082 1083 1084 1085 1086 1087 1088 1089 1090 1091 1092 1093 1094 1095 1096 1097 1098 1099 1100 1101 1102 1103 1104 1105 1106 1107 1108 1109 1110 1111 1112 1113 1114 1115 1116 1117 1118 1119 1120 1121 1122 1123 1124 1125 1126 1127 1128 1129 1130 1131 1132 1133 1134 1135 1136 1137 1138 1139 1140 1141 1142 1143 1144 1145 1146 1147 1148 1149 1150 1151 1152 1153 1154 1155 1156 1157 1158 1159 1160 1161 1162 1163 1164 1165 1166 1167 1168 1169 1170 1171 1172 1173 1174 1175 1176 1177 1178 1179 1180 1181 1182 1183 1184 1185 1186 1187 1188 1189 1190 1191 1192 1193 1194 1195 1196 1197 1198 1199 1200 1201 1202 1203 1204 1205 1206 1207 1208 1209 1210 1211 1212 1213 1214 1215 1216 1217 1218 1219 1220 1221 1222 1223 1224 1225 1226 1227 1228 1229 1230 1231 1232 1233 1234 1235 1236 1237 1238 1239 1240 1241 1242 1243 1244 1245 1246 1247 1248 1249 1250 1251 1252 1253 1254 1255 1256 1257 1258 1259 1260 1261 1262 1263 1264 1265 1266 1267 1268 1269 1270 1271 1272 1273 1274 1275 1276 1277 1278 1279 1280 1281 1282 1283 1284 1285 1286 1287 7288 1288 1289 1290 1291 1292 1293 1294 1295 1296 1297 1298 1299 1300 1301 1302 1303 1304 1305 1306 1307 1308 1309 1310 1311 1312 1313 1314 1315 1316 1317 1318 1319 1320 1321 1322 1323 1324 1325 1326 1327 1328 1329 1330 1331 1332 1333 1334 1335 1336 7279 1337 1338 1339 1340 1341 1342 1343 1344 1345 1346 1347 1348 1349 1350 1351 1352 1353 1354 1355 1356 1357 1358 1359 1360 1361 1362 1363 1364 1365 1366 1367 1368 1369 1370 1371 1372 1373 1374 1375 1376 1377 1378 1379 1380 1381 1382 1383 1384 1385 1386 1387 1388 7280 1389 1390 1391 1392 1393 1394 1395 1396 1397 1398 1399 1400 1401 1402 1403 1404 1405 1406 1407 1408 1409 1410 1411 1412 1413 1414 1415 1416 1417 1418 1419 1420 1421 1422 1423 1424 1425 1426 1427 1428 1429 1430 1431 1432 1433 1434 1435 1436 1437 1438 1439 1440 1441 1442 1443 1444 1445 1446 1447 1448 1449 1450 1451 1452 1453 1454 1455 1456 1457 1458 1459 1460 1461 1462 1463 1464 1465 1466 1467 1468 1469 1470 1471 1472 1473 1474 1475 1476 1477 1478 1479 1480 1481 1482 1483 1484 1485 1486 1487 1488 1489 1490 1491 1492 1493 1494 1495 1496 1497 1498 1499 1500 1501 1502 1503 1504 1505 1506 1507 1508 1509 1510 1511 1512 1513 1514 1515 1516 1517 1518 1519 1520 1521 1522 1523 1524 1525 1526 1527 1528 1529 1530 1531 1532 1533 1534 1535 1536 1537 1538 1539 1540 1541 1542 1543 1544 1545 1546 1547 1548 1549 1550 1551 1552 1553 1554 1555 1556 1557 1558 1559 1560 1561 1562 1563 1564 1565 1566 1567 1568 1569 1570 1571 1572 1573 1574 1575 1576 1577 1578 1579 1580 1581 1582 1583 1584 1585 1586 1587 1588 1589 1590 1591 1592 1593 1594 1595 1596 1597 1598 1599 1600 1601 1602 1603 1604 1605 1606 1607 1608 1609 1610 1611 1612 1613 1614 1615 1616 1617 1618 1619 1620 1621 1622 1623 1624 1625 1626 1627 1628 1629 1630 1631 1632 1633 1634 1635 1636 1637 1638 1639 1640 1641 1642 1643 1644 1645 1646 1647 1648 1649 1650 7289 1651 1652 1653 1654 1655 1656 1657 1658 1659 1660 1661 1662 1663 1664 1665 1666 1667 1668 1669 1670 1671 1672 1673 1674 1675 1676 1677 1678 1679 1680 1681 1682 1683 1684 1685 1686 1687 1688 1689 1690 1691 1692 1693 1694 1695 1696 1697 1698 1699 1700 1701 1702 1703 1704 1705 1706 1707 1708 1709 1710 1711 1712 1713 1714 1715 1716 1717 1718 1719 1720 1721 1722 1723 1724 1725 1726 1727 1728 1729 1730 1731 1732 1733 1734 1735 1736 1737 1738 1739 1740 1741 1742 1743 1744 1745 1746 1747 1748 1749 1750 1751 1752 1753 1754 1755 1756 1757 1758 1759 1760 1761 1762 1763 1764 1765 1766 1767 1768 1769 1770 1771 1772 1773 1774 1775 1776 1777 1778 1779 1780 1781 1782 1783 1784 1785 1786 1787 1788 1789 1790 1791 1792 1793 1794 1795 1796 1797 1798 1799 1800 1801 1802 1803 1804 1805 1806 1807 1808 1809 1810 1811 1812 1813 1814 1815 1816 1817 1818 1819 1820 1821 1822 1823 1824 1825 1826 1827 1828 1829 1830 1831 1832 1833 1834 1835 1836 1837 1838 1839 1840 1841 1842 1843 1844 1845 1846 1847 1848 1849 1850 1851 1852 1853 1854 1855 1856 1857 1858 1859 1860 1861 1862 1863 1864 1865 1866 1867 1868 1869 1870 1871 1872 1873 1874 1875 1876 1877 1878 1879 1880 1881 1882 1883 1884 1885 1886 1887 1888 1889 1890 1891 1892 1893 1894 1895 1896 1897 1898 1899 1900 1901 1902 1903 1904 1905 1906 1907 1908 1909 1910 1911 1912 1913 1914 1915 1916 1917 1918 1919 1920 1921 1922 1923 1924 1925 1926 1927 1928 1929 1930 1931 1932 1933 1934 1935 1936 1937 1938 1939 1940 1941 7282 1942 1943 1944 1945 1946 1947 1948 1949 1950 1951 1952 1953 1954 1955 1956 1957 1958 1959 1960 1961 1962 1963 1964 1965 1966 1967 1968 1969 1970 1971 1972 1973 1974 1975 1976 1977 1978 1979 1980 1981 1982 1983 1984 1985 1986 1987 1988 1989 1990 1991 1992 1993 1994 1995 1996 1997 1998 1999 2000 2001 2002 2003 2004 2005 2006 2007 2008 2009 2010 2011 2012 2013 2014 2015 2016 2017 2018 2019 2020 2021 2022 2023 2024 2025 2026 2027 2028 2029 2030 2031 2032 2033 2034 2035 2036 2037 2038 2039 2040 2041 2042 2043 2044 2045 2046 2047 2048 2049 2050 2051 2052 2053 2054 2055 2056 2057 2058 2059 2060 2061 2062 2063 2064 2065 2066 2067 2068 2069 2070 2071 2072 2073 2074 2075 2076 2077 2078 2079 2080 2081 2082 2083 2084 2085 2086 2087 2088 2089 2090 2091 2092 2093 2094 2095 2096 2097 2098 2099 2100 2101 2102 2103 2104 2105 2106 2107 2108 2109 2110 2111 2112 2113 2114 2115 2116 2117 2118 2119 2120 2121 2122 2123 2124 2125 2126 2127 2128 2129 2130 2131 2132 2133 2134 2135 2136 2137 2138 2139 2140 2141 2142 2143 2144 2145 2146 2147 2148 2149 2150 2151 2152 2153 2154 2155 2156 2157 2158 2159 2160 2161 2162 2163 2164 2165 2166 2167 2168 2169 2170 2171 2172 2173 2174 2175 2176 2177 2178 2179 2180 2181 2182 2183 2184 2185 2186 2187 2188 2189 2190 2191 2192 2193 2194 2195 2196 2197 2198 2199 2200 2201 2202 2203 2204 2205 2206 2207 2208 2209 2210 2211 2212 2213 2214 2215 2216 2217 2218 2219 2220 2221 2222 2223 2224 2225 2226 2227 2228 2229 2230 2231 2232 2233 2234 2235 2236 2237 2238 2239 2240 2241 2242 2243 2244 2245 2246 2247 2248 2249 2250 2251 2252 2253 2254 2255 2256 2257 2258 2259 2260 2261 2262 2263 2264 2265 2266 2267 2268 2269 2270 2271 2272 2273 2274 2275 2276 2277 2278 2279 2280 2281 2282 2283 2284 2285 2286 2287 2288 2289 2290 2291 2292 2293 2294 2295 2296 2297 2298 2299 2300 2301 2302 2303 2304 2305 2306 2307 2308 2309 2310 2311 2312 2313 2314 2315 2316 2317 2318 2319 2320 2321 2322 2323 2324 2325 2326 2327 2328 2329 2330 2331 2332 2333 2334 2335 2336 2337 2338 2339 2340 2341 2342 2343 2344 2345 2346 2347 2348 2349 2350 2351 2352 2353 2354 2355 2356 2357 2358 2359 2360 2361 2362 2363 2364 2365 2366 2367 2368 2369 2370 2371 2372 2373 2374 2375 2376 2377 2378 2379 2380 2381 2382 2383 2384 2385 2386 2387 2388 2389 2390 2391 2392 2393 2394 2395 2396 2397 2398 2399 2400 2401 2402 2403 2404 2405 2406 2407 2408 2409 2410 2411 2412 2413 2414 2415 2416 2417 2418 2419 2420 2421 2422 2423 2424 2425 2426 2427 2428 2429 2430 2431 2432 2433 2434 2435 2436 2437 2438 2439 2440 2441 2442 2443 2444 2445 2446 2447 2448 2449 2450 2451 2452 2453 2454 2455 2456 2457 2458 2459 2460 2461 2462 2463 2464 2465 2466 2467 2468 2469 2470 2471 7290 2472 2473 2474 2475 2476 2477 2478 2479 2480 2481 2482 2483 2484 2485 2486 2487 2488 2489 2490 2491 2492 2493 2494 2495 2496 2497 2498 2499 2500 2501 2502 2503 2504 2505 2506 2507 2508 2509 2510 2511 2512 2513 2514 2515 2516 2517 2518 2519 2520 2521 2522 2523 2524 2525 2526 2527 2528 2529 2530 2531 2532 2533 2534 2535 2536 2537 2538 2539 2540 2541 2542 2543 2544 2545 2546 2547 2548 2549 2550 2551 2552 2553 2554 2555 2556 2557 2558 2559 2560 2561 2562 2563 2564 2565 2566 2567 2568 2569 2570 2571 2572 2573 2574 2575 2576 2577 2578 2579 2580 2581 2582 2583 2584 2585 2586 2587 2588 2589 2590 2591 2592 2593 2594 2595 2596 2597 2598 2599 2600 2601 2602 2603 2604 2605 2606 2607 2608 2609 2610 2611 2612 2613 2614 2615 2616 2617 2618 2619 2620 2621 2622 2623 2624 2625 2626 2627 2628 2629 2630 2631 2632 2633 2634 2635 2636 2637 2638 2639 2640 2641 2642 2643 2644 2645 2646 2647 2648 2649 2650 2651 2652 2653 2654 2655 2656 2657 2658 2659 2660 2661 2662 2663 2664 2665 2666 2667 2668 2669 2670 2671 2672 2673 2674 2675 2676 2677 2678 2679 2680 2681 2682 2683 2684 2685 2686 2687 2688 2689 2690 2691 2692 2693 2694 2695 2696 2697 2698 2699 2700 2701 2702 2703 2704 2705 2706 2707 2708 2709 2710 2711 2712 2713 2714 2715 2716 2717 2718 2719 2720 2721 2722 2723 2724 2725 2726 2727 2728 2729 2730 2731 2732 2733 2734 2735 2736 2737 2738 2739 2740 2741 2742 2743 2744 2745 2746 2747 2748 2749 2750 2751 2752 2753 2754 2755 2756 2757 2758 2759 2760 2761 2762 2763 2764 2765 2766 2767 2768 2769 2770 2771 2772 2773 2774 2775 2776 2777 2778 2779 2780 2781 2782 2783 2784 2785 2786 2787 2788 2789 2790 2791 2792 2793 2794 2795 2796 2797 2798 2799 2800 2801 2802 2803 2804 2805 2806 2807 2808 2809 2810 2811 2812 2813 2814 2815 2816 2817 2818 2819 2820 2821 2822 2823 2824 2825 2826 2827 2828 2829 2830 2831 2832 2833 2834 2835 2836 2837 2838 2839 2840 2841 2842 2843 2844 2845 2846 2847 2848 2849 2850 2851 2852 2853 2854 2855 2856 2857 2858 2859 2860 2861 2862 2863 2864 2865 2866 2867 2868 2869 2870 2871 2872 2873 2874 2875 2876 2877 2878 2879 2880 2881 2882 2883 2884 2885 2886 2887 2888 2889 2890 2891 2892 2893 2894 2895 2896 2897 2898 2899 2900 2901 2902 2903 2904 2905 2906 2907 2908 2909 2910 2911 2912 2913 2914 2915 2916 2917 2918 2919 2920 2921 2922 2923 2924 2925 2926 2927 2928 2929 2930 2931 2932 2933 2934 2935 2936 2937 2938 2939 2940 2941 2942 2943 2944 2945 2946 2947 2948 2949 2950 2951 2952 2953 2954 2955 2956 2957 2958 2959 2960 2961 2962 2963 2964 2965 2966 2967 2968 2969 2970 2971 2972 2973 2974 2975 2976 2977 2978 2979 2980 2981 2982 2983 2984 2985 2986 2987 2988 2989 2990 2991 2992 2993 2994 2995 2996 2997 2998 2999 3000 3001 3002 3003 3004 3005 3006 3007 3008 3009 3010 3011 3012 3013 3014 3015 3016 3017 3018 3019 3020 3021 3022 3023 3024 3025 3026 3027 3028 3029 3030 3031 3032 3033 3034 3035 3036 3037 3038 3039 3040 3041 3042 3043 3044 3045 3046 3047 3048 3049 3050 3051 3052 3053 3054 3055 3056 3057 3058 3059 3060 3061 3062 3063 3064 3065 3066 3067 3068 3069 3070 3071 3072 3073 3074 3075 3076 3077 3078 3079 3080 3081 3082 3083 3084 3085 3086 3087 3088 3089 3090 3091 3092 3093 3094 3095 3096 3097 3098 3099 3100 3101 3102 3103 3104 3105 3106 3107 3108 3109 3110 3111 3112 3113 3114 3115 3116 3117 3118 3119 3120 3121 3122 3123 3124 3125 3126 3127 3128 3129 3130 3131 3132 3133 3134 3135 3136 3137 3138 3139 3140 3141 3142 3143 3144 3145 3146 3147 3148 3149 3150 3151 3152 3153 3154 3155 3156 3157 3158 3159 3160 3161 3162 3163 3164 3165 3166 3167 3168 3169 3170 3171 3172 3173 3174 3175 3176 3177 3178 3179 3180 3181 3182 3183 3184 3185 3186 3187 3188 3189 3190 3191 3192 3193 3194 3195 3196 3197 3198 3199 3200 3201 3202 3203 3204 3205 3206 3207 3208 3209 3210 3211 3212 3213 3214 3215 3216 3217 3218 3219 3220 3221 3222 3223 3224 3225 3226 3227 3228 3229 3230 3231 3232 3233 3234 3235 3236 3237 3238 3239 3240 3241 3242 3243 3244 3245 3246 3247 3248 3249 3250 3251 3252 3253 3254 3255 3256 3257 3258 3259 3260 3261 3262 3263 3264 3265 3266 3267 3268 3269 3270 3271 3272 3273 3274 3275 3276 3277 3278 3279 3280 3281 3282 3283 3284 3285 3286 3287 3288 3289 3290 3291 3292 3293 3294 3295 3296 3297 3298 3299 3300 3301 3302 3303 3304 3305 3306 3307 3308 3309 3310 3311 3312 3313 3314 3315 3316 3317 3318 3319 3320 3321 3322 3323 3324 3325 3326 3327 3328 3329 3330 3331 3332 3333 3334 3335 3336 3337 3338 3339 3340 3341 3342 3343 3344 3345 3346 3347 3348 3349 3350 3351 3352 3353 3354 3355 3356 3357 3358 3359 3360 3361 3362 3363 3364 3365 3366 3367 3368 3369 3370 3371 3372 3373 3374 3375 3376 3377 3378 3379 3380 3381 3382 3383 3384 3385 3386 3387 3388 3389 3390 3391 3392 3393 3394 3395 3396 3397 3398 3399 3400 3401 3402 3403 3404 3405 3406 3407 3408 3409 3410 3411 3412 3413 3414 3415 3416 3417 3418 3419 3420 3421 3422 3423 3424 3425 3426 3427 3428 3429 3430 3431 3432 3433 3434 3435 3436 3437 3438 3439 3440 3441 3442 3443 3444 3445 3446 3447 3448 3449 3450 3451 3452 3453 3454 3455 3456 3457 3458 3459 3460 3461 3462 3463 3464 3465 3466 3467 3468 3469 3470 3471 3472 3473 3474 3475 3476 3477 3478 3479 3480 3481 3482 3483 3484 3485 3486 3487 3488 3489 3490 3491 3492 3493 3494 3495 3496 3497 3498 3499 3500 3501 3502 3503 3504 3505 3506 3507 3508 3509 3510 3511 3512 3513 3514 3515 3516 3517 3518 3519 3520 3521 3522 3523 3524 3525 3526 3527 3528 3529 3530 3531 3532 3533 3534 3535 3536 3537 3538 3539 3540 3541 3542 3543 3544 3545 3546 3547 3548 3549 3550 3551 3552 3553 3554 3555 3556 3557 3558 3559 3560 3561 3562 3563 3564 3565 3566 3567 3568 3569 3570 3571 3572 3573 3574 3575 3576 3577 3578 3579 3580 3581 3582 3583 3584 3585 3586 3587 3588 3589 3590 3591 3592 3593 3594 3595 3596 3597 3598 3599 3600 3601 3602 3603 3605 3606 3607 3608 3609 3610 3611 3612 3613 3614 3615 3616 3617 3618 3619 3620 3621 3622 3623 3624 3625 3626 3627 3628 3629 3630 3631 3632 3633 3634 3635 3636 3637 3638 3639 3640 3641 3642 3643 3644 3645 3646 3647 3648 3649 3650 3651 3652 3653 3654 3655 3656 3657 3658 3659 3660 3661 3662 3663 3664 3665 3666 3667 3668 3669 3670 3671 3672 3673 3674 3675 3676 3677 3678 3679 3680 3681 3682 3683 3684 3685 3686 3687 3688 3689 3690 3691 3692 3693 3694 3695 3696 3697 3698 3699 3700 3701 3702 3703 3704 3705 3706 3707 3708 3709 3710 3711 3712 3713 3714 3715 3716 3717 3718 3719 3720 3721 3722 3723 3724 3725 3726 3727 3728 3729 3730 3731 3732 3733 3734 3735 3736 3737 3738 3739 3740 3741 3742 3743 3744 3745 3746 3747 3748 3749 3750 3751 3752 3753 3754 3755 3756 3757 3758 3759 3760 3761 3762 3763 3764 3765 3766 3767 3768 3769 3770 3771 3772 3773 3774 3775 3776 3777 3778 3779 3780 3781 3782 3783 3784 3785 3786 3787 3788 3789 3790 3791 3792 3793 3794 3795 3796 3797 3798 3799 3800 3801 3802 3803 3804 3805 3806 3807 3808 3809 3810 3811 3812 3813 3814 3815 3816 3817 3818 3819 3820 3821 3822 3823 3824 3825 3826 3827 3828 3829 3830 3831 3832 3833 3834 3835 3836 3837 3838 3839 3840 3841 3842 3843 3844 3845 3846 3847 3848 3849 3850 3851 3852 3853 3854 3855 3856 3857 3858 3859 3860 3861 3862 3863 3864 3865 3866 3867 3868 3869 3870 3871 3872 3873 3874 3875 3876 3877 3878 3879 3880 3881 3882 3883 3884 3885 3886 3887 3888 3889 3890 3891 3892 3893 3894 3895 3896 3897 3898 3899 3900 3901 3902 3903 3904 3905 3906 3907 3908 3909 3910 3911 3912 3913 3914 3915 3916 3917 3918 3919 3920 3921 3922 3923 3924 3925 3926 3927 3928 3929 3930 3931 3932 3933 3934 3935 3936 3937 3938 3939 3940 3941 3942 3943 3944 3945 3946 3947 3948 3949 3950 3951 3952 3953 3954 3955 3956 3957 3958 3959 3960 3961 3962 3963 3964 3965 3966 3967 3968 3969 3970 3971 3972 3973 3974 3975 3976 3977 3978 3979 3980 3981 3982 3983 3984 3985 3986 3987 3988 3989 3990 3991 3992 3993 3994 3995 3996 3997 3998 3999 4000 4001 4002 4003 4004 4005 4006 4007 4008 4009 4010 4011 4012 4013 4014 4015 4016 4017 4018 4019 4020 4021 4022 4023 4024 4025 4026 4027 4028 4029 4030 4031 4032 4033 4034 4035 4036 4037 4038 4039 4040 4041 4042 4043 4044 4045 4046 4047 4048 4049 4050 4051 4052 4053 4054 4055 4056 4057 4058 4059 4060 4061 4062 4063 4064 4065 4066 4067 4068 4069 4070 4071 4072 4073 4074 4075 4076 4077 4078 4079 4080 4081 4082 4083 4084 4085 4086 4087 4088 4089 4090 4091 4092 4093 4094 4095 4096 4097 4098 4099 4100 4101 4102 4103 4104 4105 4106 4107 4108 4109 4110 4111 4112 4113 4114 4115 4116 4117 4118 4119 4120 4121 4122 4123 4124 4125 4126 4127 4128 4129 4130 4131 4132 4133 4134 4135 4136 4137 4138 4139 4140 4141 4142 4143 4144 4145 4146 4147 4148 4149 4150 4151 4152 4153 4154 4155 4156 4157 4158 4159 4160 4161 4162 4163 4164 4165 4166 4167 4168 4169 4170 4171 4172 4173 4174 4175 4176 4177 4178 4179 4180 4181 4182 4183 4184 4185 4186 4187 4188 4189 4190 4191 4192 4193 4194 4195 4196 4197 4198 4199 4200 4201 4202 4203 4204 4205 4206 4207 4208 4209 4210 4211 4212 4213 4214 4215 4216 4217 4218 4219 4220 4221 4222 4223 4224 4225 4226 4227 4228 4229 4230 4231 4232 4233 4234 4235 4236 4237 4238 4239 4240 4241 4242 4243 4244 4245 4246 4247 4248 4249 4250 4251 4252 4253 4254 4255 4256 4257 4258 4259 4260 4261 4262 4263 4264 4265 4266 4267 4268 4269 4270 4271 4272 4273 4274 4275 4276 4277 4278 4279 4280 4281 4282 4283 4284 4285 4286 4287 4288 4289 4290 4291 4292 4293 4294 4295 4296 4297 4298 4299 4300 4301 4302 4303 4304 4305 4306 4307 4308 4309 4310 4311 4312 4313 4314 4315 4316 4317 4318 4319 4320 4321 4322 4323 4324 4325 4326 4327 4328 4329 4330 4331 4332 4333 4334 4335 4336 4337 4338 4339 4340 4341 4342 4343 4344 4345 4346 4347 4348 4349 4350 4351 4352 4353 4354 4355 4356 4357 4358 4359 4360 4361 4362 4363 4364 4365 4366 4367 4368 4369 4370 4371 4372 4373 4374 4375 4376 4377 4378 4379 4380 4381 4382 4383 4384 4385 4386 4387 4388 4389 4390 4391 4392 4393 4394 4395 4396 4397 4398 4399 4400 4401 4402 4403 4404 4405 4406 4407 4408 4409 4410 4411 4412 4413 4414 4415 4416 4417 4418 4419 4420 4421 4422 4423 4424 4425 4426 4427 4428 4429 4430 4431 4432 4433 4434 4435 4436 4437 4438 4439 4440 4441 4442 4443 4444 4445 4446 4447 4448 4449 4450 4451 4452 4453 4454 4455 4456 4457 4458 4459 4460 4461 4462 4463 4464 4465 4466 4467 4468 4469 4470 4471 4472 4473 4474 4475 4476 4477 4478 4479 4480 4481 4482 4483 4484 4485 4486 4487 4488 4489 4490 4491 4492 4493 4494 4495 4496 4497 4498 4499 4500 4501 4502 4503 4504 4505 4506 4507 4508 4509 4510 4511 4512 4513 4514 4515 4516 4517 4518 4519 4520 4521 4522 4523 4524 4525 4526 4527 4528 4529 4530 4531 4532 4533 4534 4535 4536 4537 4538 4539 4540 4541 4542 4543 4544 4545 4546 4547 4548 4549 4550 4551 4552 4553 4554 4555 4556 4557 4558 4559 4560 4561 4562 4563 4564 4565 4566 4567 4568 4569 4570 4571 4572 4573 4574 4575 4576 4577 4578 4579 4580 4581 4582 4583 4584 4585 4586 4587 4588 4589 4590 4591 4592 4593 4594 4595 4596 4597 4598 4599 4600 4601 4602 4603 4604 4605 4606 4607 4608 4609 4610 4611 4612 4613 4614 4615 4616 4617 4618 4619 4620 4621 4622 4623 4624 4625 4626 4627 4628 4629 4630 4631 4632 4633 4634 4635 4636 4637 4638 4639 4640 4641 4642 4643 4644 4645 4646 4647 4648 4649 4650 4651 4652 4653 4654 4655 4656 4657 4658 4659 4660 4661 4662 4663 4664 4665 4666 4667 4668 4669 4670 4671 4672 4673 4674 4675 4676 4677 4678 4679 4680 4681 4682 4683 4684 4685 4686 4687 4688 4689 4690 4691 4692 4693 4694 4695 4696 4697 4698 4699 4700 4701 4702 4703 4704 4705 4706 4707 4708 4709 4710 4711 4712 4713 4714 4715 4716 4717 4718 4719 4720 4721 4722 4723 4724 4725 4726 4727 4728 4729 4730 4731 4732 4733 4734 4735 4736 4737 4738 4739 4740 4741 4742 4743 4744 4745 4746 4747 4748 4749 4750 4751 4752 4753 4754 4755 4756 4757 4758 4759 4760 4761 4762 4763 4764 4765 4766 4767 4768 4769 4770 4771 4772 4773 4774 4775 4776 4777 4778 4779 4780 4781 4782 4783 4784 4785 4786 4787 4788 4789 4790 4791 4792 4793 4794 4795 4796 4797 4798 4799 4800 4801 4802 4803 4804 4805 4806 4807 4808 4809 4810 4811 4812 4813 4814 4815 4816 4817 4818 4819 4820 4821 4822 4823 4824 4825 4826 4827 4828 4829 4830 4831 4832 4833 4834 4835 4836 4837 4838 4839 4840 4841 4842 4843 4844 4845 4846 4847 4848 4849 4850 4851 4852 4853 4854 4855 4856 4857 4858 4859 4860 4861 4862 4863 4864 4865 4866 4867 4868 4869 4870 4871 4872 4873 4874 4875 4876 4877 4878 4879 4880 4881 4882 4883 4884 4885 4886 4887 4888 4889 4890 4891 4892 4893 4894 4895 4896 4897 4898 4899 4900 4901 4902 4903 4904 4905 4906 4907 4908 4909 4910 4911 4912 4913 4914 4915 4916 4917 4918 4919 4920 4921 4922 4923 4924 4925 4926 4927 4928 4929 4930 4931 4932 4933 4934 4935 4936 4937 4938 4939 4940 4941 4942 4943 4944 4945 4946 4947 4948 4949 4950 4951 4952 4953 4954 4955 4956 4957 4958 4959 4960 4961 4962 4963 4964 4965 4966 4967 4968 4969 4970 4971 4972 4973 4974 4975 4976 4977 4978 4979 4980 4981 4982 4983 4984 4985 4986 4987 4988 4989 4990 4991 4992 4993 4994 4995 4996 4997 4998 4999 5000 5001 5002 5003 5004 5005 5006 5007 5008 5009 5010 5011 5012 5013 5014 5015 5016 5017 5018 5019 5020 5021 5022 5023 5024 5025 5026 5027 5028 5029 5030 5031 5032 5033 5034 5035 5036 5037 5038 5039 5040 5041 5042 5043 5044 5045 5046 5047 5048 5049 5050 5051 5052 5053 5054 5055 5056 5057 5058 5059 5060 5061 5062 5063 5064 5065 5066 5067 5068 5069 5070 5071 5072 5073 5074 5075 5076 5077 5078 5079 5080 5081 5082 5083 5084 5085 5086 5087 5088 5089 5090 5091 5092 5093 5094 5095 5096 5097 5098 5099 5100 5101 5102 5103 5104 5105 5106 5107 5108 5109 5110 5111 5112 5113 5114 5115 5116 5117 5118 5119 5120 5121 5122 5123 5124 5125 5126 5127 5128 5129 5130 5131 5132 5133 5134 5135 5136 5137 5138 5139 5140 5141 5142 5143 5144 5145 5146 5147 5148 5149 5150 5151 5152 5153 5154 5155 5156 5157 5158 5159 5160 5161 5162 5163 5164 5165 5166 5167 5168 5169 5170 5171 5172 5173 5174 5175 5176 5177 5178 5179 5180 5181 5182 5183 5184 5185 5186 5187 5188 5189 5190 5191 5192 5193 5194 5195 5196 5197 5198 5199 5200 5201 5202 5203 5204 5205 5206 5207 5208 5209 5210 5211 5212 5213 5214 5215 5216 5217 5218 5219 5220 5221 5222 5223 5224 5225 5226 5227 5228 5229 5230 5231 5232 5233 5234 5235 5236 5237 5238 5239 5240 5241 5242 5243 5244 5245 5246 5247 5248 5249 5250 5251 5252 5253 5254 5255 5256 5257 5258 5259 5260 5261 5262 5263 5264 5265 5266 5267 5268 5269 5270 5271 5272 5273 5274 5275 5276 5277 5278 5279 5280 5281 5282 5283 5284 5285 5286 5287 5288 5289 5290 5291 5292 5293 5294 5295 5296 5297 5298 5299 5300 5301 5302 5303 5304 5305 5306 5307 5308 5309 5310 5311 5312 5313 5314 5315 5316 5317 5318 5319 5320 5321 5322 5323 5324 5325 5326 5327 5328 5329 5330 5331 5332 5333 5334 5335 5336 5337 5338 5339 5340 5341 5342 5343 5344 5345 5346 5347 5348 5349 5350 5351 5352 5353 5354 5355 5356 5357 5358 5359 5360 5361 5362 5363 5364 5365 5366 5367 5368 5369 5370 5371 5372 5373 5374 5375 5376 5377 5378 5379 5380 5381 5382 5383 5384 5385 5386 5387 5388 5389 5390 5391 5392 5393 5394 5395 5396 5397 5398 5399 5400 5401 5402 5403 5404 5405 5406 5407 5408 5409 5410 5411 5412 5413 5414 5415 5416 5417 5418 5419 5420 5421 5422 5423 5424 5425 5426 5427 5428 5429 5430 5431 5432 5433 5434 5435 5436 5437 5438 5439 5440 5441 5442 5443 5444 5445 5446 5447 5448 5449 5450 5451 5452 5453 5454 5455 5456 5457 5458 5460 5461 5462 5463 5464 5465 5466 5467 5468 5469 5470 5471 5472 5473 5474 5475 5476 5477 5478 5479 5480 5481 5482 5483 5484 5485 5486 5487 5488 5489 5490 5491 5492 5493 5494 5495 5496 5497 5498 5499 5500 5501 5502 5503 5504 5505 5506 5507 5508 5509 5510 5511 5512 5513 5514 5515 5516 5517 5518 5519 5520 5521 5522 5523 5524 5525 5526 5527 5528 5529 5530 5531 5532 5533 5534 5535 5536 5537 5538 5539 5540 5541 5542 5543 5544 5545 5546 5547 5548 5549 5550 5551 5552 5553 5554 5555 5556 5557 5558 5559 5560 5561 5562 5563 5564 5565 5566 5567 5568 5569 5570 5571 5572 5573 5574 5575 5576 5577 5578 5579 5580 5581 5582 5583 5584 5585 5586 5587 5588 5589 5590 5591 5592 5593 5594 5595 5596 5597 5598 5599 5600 5601 5602 5603 5604 5605 5606 5607 5608 5609 5610 5611 5612 5613 5614 5615 5616 5617 5618 5619 5620 5621 5622 5623 5624 5625 5626 5627 5628 5629 5630 5631 5632 5633 5634 5635 5636 5637 5638 5639 5640 5641 5642 5643 5644 5645 5646 5647 5648 5649 5650 5651 5652 5653 5654 5655 5656 5657 5658 5659 5660 5661 5662 5663 5664 5665 5666 5667 5668 5669 5670 5671 5672 5673 5674 5675 5676 5677 5678 5679 5680 5681 5682 5683 5684 5685 5686 5687 5688 5689 5690 5691 5692 5693 5694 5695 5696 5697 5698 5699 5700 5701 5702 5703 5704 5705 5706 5707 5708 5709 5710 5711 5712 5713 5714 5715 5716 5717 5718 5719 5720 5721 5722 5723 5724 5725 5726 5727 5728 5729 5730 5731 5732 5733 5734 5735 5736 5737 5738 5739 5740 5741 5742 5743 5744 5745 5746 5747 5748 5749 5750 5751 5752 5753 5754 5755 5756 5757 5758 5759 5760 5761 5762 5763 5764 5765 5766 5767 5768 5769 5770 5771 5772 5773 5774 5775 5776 5777 5778 5779 5780 5781 5782 5783 5784 5785 5786 5787 5788 5789 5790 5791 5792 5793 5794 5795 5796 5797 5798 5799 5800 5801 5802 5803 5804 5805 5806 5807 5808 5809 5810 5811 5812 5813 5814 5815 5816 5817 5818 5819 5820 5821 5822 5823 5824 5825 5826 5827 5828 5829 5830 5831 5832 5833 5834 5835 5836 5837 5838 5839 5840 5841 5842 5843 5844 5845 5846 5847 5848 5849 5850 5851 5852 5853 5854 5855 5856 5857 5858 5859 5860 5861 5862 5863 5864 5865 5866 5867 5868 5869 5870 5871 5872 5873 5874 5875 5876 5877 5878 5879 5880 5881 5882 5883 5884 5885 5886 5887 5888 5889 5890 5891 5892 5893 5894 5895 5896 5897 5898 5899 5900 5901 5902 5903 5904 5905 5906 5907 5908 5909 5910 5911 5912 5913 5914 5915 5916 5917 5918 5919 5920 5921 5922 5923 5924 5925 5926 5927 5928 5929 5930 5931 5932 5933 5934 5935 5936 5937 5938 5939 5940 5941 5942 5943 5944 5945 5946 5947 5948 5949 5950 5951 5952 5953 5954 5955 5956 5957 5958 5959 5960 5961 5962 5963 5964 5965 5966 5967 5968 5969 5970 5971 5972 5973 5974 5975 5976 5977 5978 5979 5980 5981 5982 5983 5984 5985 5986 5987 5988 5989 5990 5991 5992 5993 5994 5995 5996 5997 5998 5999 6000 6001 6002 6003 6004 6005 6006 6007 6008 6009 6010 6011 6012 6013 6014 6015 6016 6017 6018 6019 6020 6021 6022 6023 6024 6025 6026 6027 6028 6029 6030 6031 6032 6033 6034 6035 6036 6037 6038 6039 6040 6041 6042 6043 6044 6045 6046 6047 6048 6049 6050 6051 6052 6053 6054 6055 6056 6057 6058 6059 6060 6061 6062 6063 6064 6065 6066 6067 6068 6069 6070 6071 6072 6073 6074 6075 6076 6077 6078 6079 6080 6081 6082 6083 6084 6085 6086 6087 6088 6089 6090 6091 6092 6093 6094 6095 6096 6097 6098 6099 6100 6101 6102 6103 6104 6105 6106 6107 6108 6109 6110 6111 6112 6113 6114 6115 6116 6117 6118 6119 6120 6121 6122 6123 6124 6125 6126 6127 6128 6129 6130 6131 6132 6133 6134 6135 6136 6137 6138 6139 6140 6141 6142 6143 6144 6145 6146 6147 6148 6149 6150 6151 6152 6153 6154 6155 6156 6157 6158 6159 6160 6161 6162 6163 6164 6165 6166 6167 6168 6169 6170 6171 6172 6173 6174 6175 6176 6177 6178 6179 6180 6181 6182 6183 6184 6185 6186 6187 6188 6189 6190 6191 6192 6193 6194 6195 6196 6197 6198 6199 6200 6201 6202 6203 6204 6205 6206 6207 6208 6209 6210 6211 6212 6213 6214 6215 6216 6217 6218 6219 6220 6221 6222 6223 6224 6225 6226 6227 6228 6229 6230 6231 6232 6233 6234 6235 6236 6237 6238 6239 6240 6241 6242 6243 6244 6245 6246 6247 6248 6249 6250 6251 6252 6253 6254 6255 6256 6257 6258 6259 6260 6261 6262 6263 6264 6265 6266 6267 6268 6269 6270 6271 6272 6273 6274 6275 6276 6277 6278 6279 6280 6281 6282 6283 6284 6285 6286 6287 6288 6289 6290 6291 6292 6293 6294 6295 6296 6297 6298 6299 6300 6301 6302 6303 6304 6305 6306 6307 6308 6309 6310 6311 6312 6313 6314 6315 6316 6317 6318 6319 6320 6321 6322 6323 6324 6325 6326 6327 6328 6329 6330 6331 6332 6333 6334 6335 6336 6337 6338 6339 6340 6341 6342 6343 6344 6345 6346 6347 6348 6349 6350 6351 6352 6353 6354 6355 6356 6357 6358 6359 6360 6361 6362 6363 6364 6365 6366 6367 6368 6369 6370 6371 6372 6373 6374 6375 6376 6377 6378 6379 6380 6381 6382 6383 6384 6385 6386 6387 6388 6389 6390 6391 6392 6393 6394 6395 6396 6397 6398 6399 6400 6401 6402 6403 6404 6405 6406 6407 6408 6409 6410 6411 6412 6413 6414 6415 6416 6417 6418 6419 6420 6421 6422 6423 6424 6425 6426 6427 6428 6429 6430 6431 6432 6433 6434 7291 6435 6436 6437 6438 6439 6440 6441 6442 6443 6444 6445 6446 6447 6448 6449 6450 6451 6452 6453 6454 6455 6456 6457 6458 6459 6460 6461 6462 6463 6464 6465 6466 6467 6468 6469 6470 6471 6472 6473 6474 6475 6476 6477 6478 6479 6480 6481 6482 6483 6484 6485 6486 6487 6488 6489 6490 6491 6492 6493 6494 6495 6496 6497 6498 6499 6500 6501 6502 6503 6504 6505 6506 6507 6508 6509 6511 6512 6513 6514 6515 6516 6517 6518 6519 6520 6521 6522 6523 6524 6525 6526 6527 6528 6529 6530 6531 6532 6533 6534 6535 6536 6537 6538 6539 6540 6541 6542 6543 6544 6545 6546 6547 6548 6549 6550 6551 6552 6553 6554 6555 6556 6557 6558 6559 6560 6561 6562 6563 6564 6565 6566 6567 6568 6569 6570 6571 6572 6573 6574 6575 6576 6577 6578 6579 6580 6581 6582 6583 6584 6585 6586 6587 6588 6589 6590 6591 6592 6593 6594 6595 6596 6597 6598 6599 6600 6601 6602 6603 6604 6605 6606 6607 6608 6609 6610 6611 6612 6613 6614 6615 6616 6617 6618 6619 6620 6621 6622 6623 6624 6625 6626 6627 6628 6629 6630 6631 6632 6633 6634 6635 6636 6637 6638 6639 6640 6641 6642 6643 6644 6645 6646 6647 6648 6649 6650 6651 6652 6653 6654 6655 6656 6657 6658 6659 6660 6661 6662 6663 6664 6665 6666 7292 6667 6668 6669 6670 6671 6672 6673 6674 6675 6676 6677 6678 6679 6680 6681 6682 6683 6684 6685 6686 6687 6688 6689 6690 6691 6692 6693 6694 6695 6696 6697 6698 6699 6700 6701 6702 6703 6704 6705 6706 6707 6708 6709 6710 6711 6712 6713 6714 6715 6716 6717 6718 6719 6720 6721 6722 6723 6724 6725 6726 6727 6728 6729 6730 6731 6732 6733 6734 6735 6736 6737 6738 6739 6740 6741 6742 6743 6744 6745 6746 6747 6748 6749 6750 6751 6752 6753 6754 6755 6756 6757 6758 6759 6760 6761 6762 6763 6764 6765 6766 6767 6768 6769 6770 6771 6772 6773 6774 6775 6776 6777 6778 6779 6780 6781 6782 6783 6784 6785 6786 6787 6788 6789 6790 6791 6792 6793 6794 6795 6796 6797 6798 6799 6800 6801 6802 6803 6804 6805 6806 6807 6808 6809 6810 6811 6812 6813 6814 6815 6816 6817 6818 6819 6820 6821 6822 6823 6824 6825 6826 6827 6828 6829 6830 6831 6832 6833 6834 6835 6836 6837 6838 6839 6840 6841 6842 6843 6844 6845 6846 6847 6848 6849 6850 6851 6852 6853 6854 6855 6856 6857 6858 6859 6860 6861 6862 6863 6864 6865 6866 6867 6868 6869 6870 6871 6872 6873 6874 6875 6876 6877 6878 6879 6880 6881 6882 6883 6884 6885 6886 6887 6888 6889 6890 6891 6892 6893 6894 6895 6896 6897 6898 6899 6900 6901 6902 6903 6904 6905 6906 6907 6908 6909 6910 6911 6912 6913 6914 6915 6916 6917 6918 6919 6920 6921 6922 6923 6924 6925 6926 6927 6928 6929 6930 6931 6932 6933 6934 6935 6936 6937 6938 6939 6940 6941 6942 6943 6944 6945 6946 6947 6948 6949 6950 6951 6952 6953 6954 6955 6956 6957 6958 6959 6960 6961 6962 6963 6964 6965 6966 6967 6968 6969 6970 6971 6972 6973 6974 6975 6976 6977 6978 6979 6980 6981 6982 6983 6984 6985 6986 6987 6988 6989 6990 6991 6992 6993 6994 6995 6996 6997 6998 6999 7000 7001 7002 7003 7004 7005 7006 7007 7008 7009 7010 7011 7012 7013 7014 7015 7016 7017 7018 7019 7020 7021 7022 7023 7024 7025 7026 7027 7028 7029 7030 7031 7032 7033 7034 7035 7036 7037 7038 7039 7040 7041 7042 7043 7044 7045 7046 7047 7048 7049 7050 7051 7052 7053 7054 7055 7056 7057 7058 7059 7060 7061 7062 7063 7064 7065 7066 7067 7068 7069 7070 7071 7072 7073 7074 7075 7076 7077 7078 7079 7080 7081 7082 7083 7084 7085 7086 7087 7088 7089 7090 7091 7092 7093 7094 7095 7096 7097 7098 7099 7100 7101 7102 7103 7104 7105 7106 7107 7108 7109 7110 7111 7112 7113 7114 7115 7116 7117 7118 7119 7120 7121 7122 7123 7124 7125 7126 7127 7128 7129 7130 7131 7132 7133 7134 7135 7136 7137 7138 7139 7140 7141 7142 7143 7144 7145 7146 7147 7148 7149 7150 7151 7152 7153 7154 7155 7156 7157 7158 7159 7160 7161 7162 7163 7164 7165 7166 7167 7168 7169 7170 7171 7172 7173 7174 7175 7176 7177 7178 7179 7180 7181 7182 7183 7184 7185 7186 7187 7188 7189 7190 7191 7192 7193 7194 7195 7196 7197 7198 7199 7200 7201 7202 7203 7204 7205 7206 7207 7208 7209 7210 7211 7212 7213 7214 7215 7216 7217 7218 7219 7220 7221 7222 7223 7224 7225 7226 7227 7228 7229 7230 7231 7232 7233 7234 7235 7236 7237 7238 7239 7240 7241 7242 7243 7244 7245 7246 7247 7248 7249 7250 7251 7252 7253 7254 7255 7256 7257 7258 7259 7260 7261 7262 7263 7264 7265 7266 7267 7268 7269 7270 7271 7272 7273 7274 7275 7276 7277 7278
p1:3 A 0 1 2 3 4 5 6 7 8 9 10 11 12 13 14 15 16 17 18 19 20 21 22 23 24 25 26 27 28 29 30 31 32 33 34 35 36 37 38 39 40 41 42 43 44 45 46 47 48 49 50 51 52 53 54 55 56 57 58 59 60 61 62 63 64 65 66 67 68 69 70 71 72 73 74 75 76 77 78 79 80 81 82 83 84 85 86 87 88 89 90 91 92 93 94 95 96 97 98 99 100 101 102 103 104 105 106 107 108 109 110 111 112 113 114 115 116 117 118 119 120 121 122 123 124 125 126 127 128 129 130 131 132 133 134 135 136 137 138 139 140 141 142 143 144 145 146 147 148 149 150 151 152 153 154 155 156 157 158 159 160 161 162 163 164 165 166 167 168 169 170 171 172 173 174 175 176 177 178 179 180 181 182 183 184 185 186 187 188 189 190 191 192 193 194 195 196 197 198 199 200 201 202 203 204 205 206 207 208 209 210 211 212 213 214 215 216 217 218 219 220 221 222 223 224 225 226 227 228 229 230 231 232 233 234 235 236 237 238 239 240 241 242 243 244 245 246 247 248 249 250 251 252 253 254 255 256 257 258 259 260 261 262 263 264 265 266 267 268 269 270 271 272 273 274 275 276 277 278 279 280 281 282 283 284 285 286 287 288 289 290 291 292 293 294 295 296 297 298 299 300 301 302 303 304 305 306 307 308 309 310 311 312 313 314 315 316 317 318 319 320 321 322 323 324 325 326 327 328 329 330 331 332 333 334 335 336 337 338 339 340 341 342 343 344 345 346 347 348 349 350 351 352 353 354 355 356 357 358 359 360 361 362 363 364 365 366 367 368 369 370 371 372 373 374 375 376 377 378 379 380 381 382 383 384 385 386 387 388 389 390 391 392 393 394 395 397 398 399 400 401 402 403 404 405 406 407 408 409 410 411 412 413 414 415 416 417 418 419 420 421 422 423 424 425 426 427 428 429 430 431 432 433 434 435 436 437 438 439 440 441 442 443 444 445 446 447 448 449 450 451 452 453 454 455 456 457 458 459 460 461 462 463 464 465 466 467 468 469 470 471 472 473 474 475 476 477 478 479 480 481 482 483 484 485 486 487 488 489 490 491 492 493 494 495 496 497 498 499 500 501 502 503 504 505 506 507 508 509 510 511 512 513 514 515 516 517 518 519 520 521 522 523 524 525 526 527 528 529 530 531 532 533 534 535 536 537 538 539 540 541 542 543 544 545 546 547 548 549 550 551 552 553 554 555 556 557 558 559 560 561 562 563 564 565 566 567 568 569 570 571 572 573 574 575 576 577 578 579 580 581 582 583 584 585 586 587 588 589 590 591 592 593 594 595 596 597 598 599 600 601 602 603 604 605 606 607 608 609 610 611 612 613 614 615 616 617 618 619 620 621 622 623 624 625 626 627 628 629 630 631 632 633 634 635 636 637 638 639 640 641 642 643 644 645 646 647 648 649 650 651 652 653 654 655 656 657 658 659 660 661 662 663 664 665 666 667 668 669 670 671 672 673 674 675 676 677 678 679 680 681 682 683 684 685 686 687 688 689 690 691 692 693 694 695 696 697 698 699 700 701 702 703 704 705 706 707 708 709 710 711 712 713 714 715 716 717 718 719 720 721 722 723 724 725 726 727 728 729 730 731 732 733 734 735 736 737 738 739 740 741 742 743 744 745 746 747 748 749 750 751 752 753 754 755 756 757 758 759 760 761 762 763 764 765 766 767 768 769 770 771 772 773 774 775 776 777 778 779 780 781 782 783 784 785 786 787 788 789 790 791 792 793 794 795 796 797 798 799 800 801 802 803 804 805 806 807 808 809 810 811 812 813 814 815 816 817 818 819 820 821 822 823 824 825 826 827 828 829 830 831 832 833 834 835 836 837 838 839 840 841 842 843 844 845 846 847 848 849 850 851 852 853 854 855 856 857 858 859 860 861 862 863 864 865 866 867 868 869 870 871 872 873 874 875 876 877 878 879 880 881 882 883 884 885 886 887 888 889 890 891 892 893 894 895 896 897 898 899 900 901 902 903 904 905 906 907 908 909 910 911 912 913 914 915 916 917 918 919 920 921 922 923 924 925 926 927 928 929 930 931 932 933 934 935 7293 936 937 938 939 940 941 942 943 944 945 946 947 948 949 950 951 952 953 954 955 956 957 958 959 960 961 962 963 964 965 966 967 968 969 970 971 972 973 974 975 976 977 978 979 980 981 982 983 984 985 986 987 988 989 990 991 992 993 994 995 996 997 998 999 1000 1001 1002 1003 1004 1005 1006 1007 1008 1009 1010 1011 1012 1013 1014 1015 1016 1017 1018 1019 1020 1021 1022 1023 1024 1025 1026 1027 1028 1029 1030 1031 1032 1033 1034 1035 1036 1037 1038 1039 1040 1041 1042 1043 1044 1045 1046 1047 1048 1049 1050 1051 1052 1053 1054 1055 1056 1057 1058 1059 1060 1061 1062 1063 1064 1065 1066 1067 1068 1069 1070 1071 1072 1073 1074 1075 1076 1077 1078 1079 1080 1081 1082 1083 1084 1085 1086 1087 1088 1089 1090 1091 1092 1093 1094 1095 1096 1097 1098 1099 1100 1101 1102 1103 1104 1105 1106 1107 1108 1109 1110 1111 1112 1113 1114 1115 1116 1117 1118 1119 1120 1121 1122 1123 1124 1125 1126 1127 1128 1129 1130 1131 1132 1133 1134 1135 1136 1137 1138 1139 1140 1141 1142 1143 1144 1145 1146 1147 1148 1149 1150 1151 1152 1153 1154 1155 1156 1157 1158 1159 1160 1161 1162 1163 1164 1165 1166 1167 1168 1169 1170 1171 1172 1173 1174 1175 1176 1177 1178 1179 1180 1181 1182 1183 1184 1185 1186 1187 1188 1189 1190 1191 1192 1193 1194 1195 1196 1197 1198 1199 1200 1201 1202 1203 1204 1205 1206 1207 1208 1209 1210 1211 1212 1213 1214 1215 1216 1217 1218 1219 1220 1221 1222 1223 1224 1225 1226 1227 1228 1229 1230 1231 1232 1233 1234 1235 1236 1237 1238 1239 1240 1241 1242 1243 1244 1245 1246 1247 1248 1249 1250 1251 1252 1253 1254 1255 1256 1257 1258 1259 1260 1261 1262 1263 1264 1265 1266 1267 1268 1269 1270 1271 1272 1273 1274 1275 1276 1277 1278 1279 1280 1281 1282 1283 1284 1285 1286 1287 7288 1288 1289 1290 1291 1292 1293 1294 1295 1296 1297 1298 1299 1300 1301 1302 1303 1304 1305 1306 1307 1308 1309 1310 1311 1312 1313 1314 1315 1316 1317 1318 1319 1320 1321 1322 1323 1324 1325 1326 1327 1328 1329 1330 1331 1332 1333 1334 1335 1336 7279 1337 1338 1339 1340 1341 1342 1343 1344 1345 1346 1347 1348 1349 1350 1351 1352 1353 1354 1355 1356 1357 1358 1359 1360 1361 1362 1363 1364 1365 1366 1367 1368 1369 1370 1371 1372 1373 1374 1375 1376 1377 1378 1379 1380 1381 1382 1383 1384 1385 1386 1387 1388 7280 1389 1390 1391 1392 1393 1394 1395 1396 1397 1398 1399 1400 1401 1402 1403 1404 1405 1406 1407 1408 1409 1410 1411 1412 1413 1414 1415 1416 1417 1418 1419 1420 1421 1422 1423 1424 1425 1426 1427 1428 1429 1430 1431 1432 1433 1434 1435 1436 1437 1438 1439 1440 1441 1442 1443 1444 1445 1446 1447 1448 1449 1450 1451 1452 1453 1454 1455 1456 1457 1458 1459 1460 1461 1462 1463 1464 1465 1466 1467 1468 1469 1470 1471 1472 1473 1474 1475 1476 1477 1478 1479 1480 1481 1482 1483 1484 1485 1486 1487 1488 1489 1490 1491 1492 1493 1494 1495 1496 1497 1498 1499 1500 1501 1502 1503 1504 1505 1506 1507 1508 1509 1510 1511 1512 1513 1514 1515 1516 1517 1518 1519 1520 1521 1522 1523 1524 1525 1526 1527 1528 1529 1530 1531 1532 1533 1534 1535 1536 1537 1538 1539 1540 1541 1542 1543 1544 1545 1546 1547 1548 1549 1550 1551 1552 1553 1554 1555 1556 1557 1558 1559 1560 1561 1562 1563 1564 1565 1566 1567 1568 1569 1570 1571 1572 1573 1574 1575 1576 1577 1578 1579 1580 1581 1582 1583 1584 1585 1586 1587 1588 1589 1590 1591 1592 1593 1594 1595 1596 1597 1598 1599 1600 1601 1602 1603 1604 1605 1606 1607 1608 1609 1610 1611 1612 1613 1614 1615 1616 1617 1618 1619 1620 1621 1622 1623 1624 1625 1626 1627 1628 1629 1630 1631 1632 1633 1634 1635 1636 1637 1638 1639 1640 1641 1642 1643 1644 1645 1646 1647 1648 1649 1650 7289 1651 1652 1653 1654 1655 1656 1657 1658 1659 1660 1661 1662 1663 1664 1665 1666 1667 1668 1669 1670 1671 1672 1673 1674 1675 1676 1677 1678 1679 1680 1681 1682 1683 1684 1685 1686 1687 1688 1689 1690 1691 1692 1693 1694 1695 1696 1697 1698 1699 1700 1701 1702 1703 1704 1705 1706 1707 1708 1709 1710 1711 1712 1713 1714 1715 1716 1717 1718 1719 1720 1721 1722 1723 1724 1725 1726 1727 1728 1729 1730 1731 1732 1733 1734 1735 1736 1737 1738 1739 1740 1741 1742 1743 1744 1745 1746 1747 1748 1749 1750 1751 1752 1753 1754 1755 1756 1757 1758 1759 1760 1761 1762 1763 1764 1765 1766 1767 1768 1769 1770 1771 1772 1773 1774 1775 1776 1777 1778 1779 1780 1781 1782 1783 1784 1785 1786 1787 1788 1789 1790 1791 1792 1793 1794 1795 1796 1797 1798 1799 1800 1801 1802 1803 1804 1805 1806 1807 1808 1809 1810 1811 1812 1813 1814 1815 1816 1817 1818 1819 1820 1821 1822 1823 1824 1825 1826 1827 1828 1829 1830 1831 1832 1833 1834 1835 1836 1837 1838 1839 1840 1841 1842 1843 1844 1845 1846 1847 1848 1849 1850 1851 1852 1853 1854 1855 1856 1857 1858 1859 1860 1861 1862 1863 1864 1865 1866 1867 1868 1869 1870 1871 1872 1873 1874 1875 1876 1877 1878 1879 1880 1881 1882 1883 1884 1885 1886 1887 1888 1889 1890 1891 1892 1893 1894 1895 1896 1897 1898 1899 1900 1901 1902 1903 1904 1905 1906 1907 1908 1909 1910 1911 1912 1913 1914 1915 1916 1917 1918 1919 1920 1921 1922 1923 1924 1925 1926 1927 1928 1929 1930 1931 1932 1933 1934 1935 1936 1937 1938 1939 1940 1941 1942 1943 1944 1945 1946 1947 1948 1949 1950 1951 1952 1953 1954 1955 1956 1957 1958 1959 1960 1961 1962 1963 1964 1965 1966 1967 1968 1969 1970 1971 1972 1973 1974 1975 1976 1977 1978 1979 1980 1981 1982 1983 1984 1985 1986 1987 1988 1989 1990 1991 1992 1993 1994 1995 1996 1997 1998 1999 2000 2001 2002 2003 2004 2005 2006 2007 2008 2009 2010 2011 2012 2013 2014 2015 2016 2017 2018 2019 2020 2021 2022 2023 2024 2025 2026 2027 2028 2029 2030 2031 2032 2033 2034 2035 2036 2037 2038 2039 2040 2041 2042 2043 2044 2045 2046 2047 2048 2049 2050 2051 2052 2053 2054 2055 2056 2057 2058 2059 2060 2061 2062 2063 2064 2065 2066 2067 2068 2069 2070 2071 2072 2073 2074 2075 2076 2077 2078 2079 2080 2081 2082 2083 2084 2085 2086 2087 2088 2089 2090 2091 2092 2093 2094 2095 2096 2097 2098 2099 2100 2101 2102 2103 2104 2105 2106 2107 2108 2109 2110 2111 2112 2113 2114 2115 2116 2117 2118 2119 2120 2121 2122 2123 2124 2125 2126 2127 2128 2129 2130 2131 2132 2133 2134 2135 2136 2137 2138 2139 2140 2141 2142 2143 2144 2145 2146 2147 2148 2149 2150 2151 2152 2153 2154 2155 2156 2157 2158 2159 2160 2161 2162 2163 2164 2165 2166 2167 2168 2169 2170 2171 2172 2173 2174 2175 2176 2177 2178 2179 2180 2181 2182 2183 2184 2185 2186 2187 2188 2189 2190 2191 2192 2193 2194 2195 2196 2197 2198 2199 2200 2201 2202 2203 2204 2205 2206 2207 2208 2209 2210 2211 2212 2213 2214 2215 2216 2217 2218 2219 2220 2221 2222 2223 2224 2225 2226 2227 2228 2229 2230 2231 2232 2233 2234 2235 2236 2237 2238 2239 2240 2241 2242 2243 2244 2245 2246 2247 2248 2249 2250 2251 2252 2253 2254 2255 2256 2257 2258 2259 2260 2261 2262 2263 2264 2265 2266 2267 2268 2269 2270 2271 2272 2273 2274 2275 2276 2277 2278 2279 2280 2281 2282 2283 2284 2285 2286 2287 2288 2289 2290 2291 2292 2293 2294 2295 2296 2297 2298 2299 2300 2301 2302 2303 2304 2305 2306 2307 2308 2309 2310 2311 2312 2313 2314 2315 2316 2317 2318 2319 2320 2321 2322 2323 2324 2325 2326 2327 2328 2329 2330 2331 2332 2333 2334 2335 2336 2337 2338 2339 2340 2341 2342 2343 2344 2345 2346 2347 2348 2349 2350 2351 2352 2353 2354 2355 2356 2357 2358 2359 2360 2361 2362 2363 2364 2365 2366 2367 2368 2369 2370 2371 2372 2373 2374 2375 2376 2377 2378 2379 2380 2381 2382 2383 2384 2385 2386 2387 2388 2389 2390 2391 2392 2393 2394 2395 2396 2397 2398 2399 2400 2401 2402 2403 2404 2405 2406 2407 2408 2409 2410 2411 2412 2413 2414 2415 2416 2417 2418 2419 2420 2421 2422 2423 2424 2425 2426 2427 2428 2429 2430 2431 2432 2433 2434 2435 2436 2437 2438 2439 2440 2441 2442 2443 2444 2445 2446 2447 2448 2449 2450 2451 2452 2453 2454 2455 2456 2457 2458 2459 2460 2461 2462 2463 2464 2465 2466 2467 2468 2469 2470 2471 2472 2473 2474 2475 2476 2477 2478 2479 2480 2481 2482 2483 2484 2485 2486 2487 2488 2489 2490 2491 2492 2493 2494 2495 2496 2497 2498 2499 2500 2501 2502 2503 2504 2505 2506 2507 2508 2509 2510 2511 2512 2513 2514 2515 2516 2517 2518 2519 2520 2521 2522 2523 2524 2525 2526 2527 2528 2529 2530 2531 2532 2533 2534 2535 2536 2537 2538 2539 2540 2541 2542 2543 2544 2545 2546 2547 2548 2549 2550 2551 2552 2553 2554 2555 2556 2557 2558 2559 2560 2561 2562 2563 2564 2565 2566 2567 2568 2569 2570 2571 2572 2573 2574 2575 2576 2577 2578 2579 2580 2581 2582 2583 2584 2585 2586 2587 2588 2589 2590 2591 2592 2593 2594 2595 2596 2597 2598 2599 2600 2601 2602 2603 2604 2605 2606 2607 2608 2609 2610 2611 2612 2613 2614 2615 2616 2617 2618 2619 2620 2621 2622 2623 2624 2625 2626 2627 2628 2629 2630 2631 2632 2633 2634 2635 2636 2637 2638 2639 2640 2641 2642 2643 2644 2645 2646 2647 2648 2649 2650 2651 2652 2653 2654 2655 2656 2657 2658 2659 2660 2661 2662 2663 2664 2665 2666 2667 2668 2669 2670 2671 2672 2673 2674 2675 2676 2677 2678 2679 2680 2681 2682 2683 2684 2685 2686 2687 2688 2689 2690 2691 2692 2693 2694 2695 2696 2697 2698 2699 2700 2701 2702 2703 2704 2705 2706 2707 2708 2709 2710 2711 2712 2713 2714 2715 2716 2717 2718 2719 2720 2721 2722 2723 2724 2725 2726 2727 2728 2729 2730 2731 2732 2733 2734 2735 2736 2737 2738 2739 2740 2741 2742 2743 2744 2745 2746 2747 2748 2749 2750 2751 2752 2753 2754 2755 2756 2757 2758 2759 2760 2761 2762 2763 2764 2765 2766 2767 2768 2769 2770 2771 2772 2773 2774 2775 2776 2777 2778 2779 2780 2781 2782 2783 2784 2785 2786 2787 2788 2789 2790 2791 2792 2793 2794 2795 2796 2797 2798 2799 2800 2801 2802 2803 2804 2805 2806 2807 2808 2809 2810 2811 2812 2813 2814 2815 2816 2817 2818 2819 2820 2821 2822 2823 2824 2825 2826 2827 2828 2829 2830 2831 2832 2833 2834 2835 2836 2837 2838 2839 2840 2841 2842 2843 2844 2845 2846 2847 2848 2849 2850 2851 2852 2853 2854 2855 2856 2857 2858 2859 2860 2861 2862 2863 2864 2865 2866 2867 2868 2869 2870 2871 2872 2873 2874 2875 2876 2877 2878 2879 2880 2881 2882 2883 2884 2885 2886 2887 2888 2889 2890 2891 2892 2893 2894 2895 2896 2897 2898 2899 2900 2901 2902 2903 2904 2905 2906 2907 2908 2909 2910 2911 2912 2913 2914 2915 2916 2917 2918 2919 2920 2921 2922 2923 2924 2925 2926 2927 2928 2929 2930 2931 2932 2933 2934 2935 2936 2937 2938 2939 2940 2941 2942 2943 2944 2945 2946 2947 2948 2949 2950 2951 2952 2953 2954 2955 2956 2957 2958 2959 2960 2961 2962 2963 2964 2965 2966 2967 2968 2969 2970 2971 2972 2973 2974 2975 2976 2977 2978 2979 2980 2981 2982 2983 2984 2985 2986 2987 2988 2989 2990 2991 2992 2993 2994 2995 2996 2997 2998 2999 3000 3001 3002 3003 3004 3005 3006 3007 3008 3009 3010 3011 3012 3013 3014 3015 3016 3017 3018 3019 3020 3021 3022 3023 3024 3025 3026 3027 3028 3029 3030 3031 3032 3033 3034 3035 3036 3037 3038 3039 3040 3041 3042 3043 3044 3045 3046 3047 3048 3049 3050 3051 3052 3053 3054 3055 3056 3057 3058 3059 3060 3061 3062 3063 3064 3065 3066 3067 3068 3069 3070 3071 3072 3073 3074 3075 3076 3077 3078 3079 3080 3081 3082 3083 3084 3085 3086 3087 3088 3089 3090 3091 3092 3093 3094 3095 3096 3097 3098 3099 3100 3101 3102 3103 3104 3105 3106 3107 3108 3109 3110 3111 3112 3113 3114 3115 3116 3117 3118 3119 3120 3121 3122 3123 3124 3125 3126 3127 3128 3129 3130 3131 3132 3133 3134 3135 3136 3137 3138 3139 3140 3141 3142 3143 3144 3145 3146 3147 3148 3149 3150 3151 3152 3153 3154 3155 3156 3157 3158 3159 3160 3161 3162 3163 3164 3165 3166 3167 3168 3169 3170 3171 3172 3173 3174 3175 3176 3177 3178 3179 3180 3181 3182 3183 3184 3185 3186 3187 3188 3189 3190 3191 3192 3193 3194 3195 3196 3197 3198 3199 3200 3201 3202 3203 3204 3205 3206 3207 3208 3209 3210 3211 3212 3213 3214 3215 3216 3217 3218 3219 3220 3221 3222 3223 3224 3225 3226 3227 3228 3229 3230 3231 3232 3233 3234 3235 3236 3237 3238 3239 3240 3241 3242 3243 3244 3245 3246 3247 3248 3249 3250 3251 3252 3253 3254 3255 3256 3257 3258 3259 3260 3261 3262 3263 3264 3265 3266 3267 3268 3269 3270 3271 3272 3273 3274 3275 3276 3277 3278 3279 3280 3281 3282 3283 3284 3285 3286 3287 3288 3289 3290 3291 3292 3293 3294 3295 3296 3297 3298 3299 3300 3301 3302 3303 3304 3305 3306 3307 3308 3309 3310 3311 3312 3313 3314 3315 3316 3317 3318 3319 3320 3321 3322 3323 3324 3325 3326 3327 3328 3329 3330 3331 3332 3333 3334 3335 3336 3337 3338 3339 3340 3341 3342 3343 3344 3345 3346 3347 3348 3349 3350 3351 3352 3353 3354 3355 3356 3357 3358 3359 3360 3361 3362 3363 3364 3365 3366 3367 3368 3369 3370 3371 3372 3373 3374 3375 3376 3377 3378 3379 3380 3381 3382 3383 3384 3385 3386 3387 3388 3389 3390 3391 3392 3393 3394 3395 3396 3397 3398 3399 3400 3401 3402 3403 3404 3405 3406 3407 3408 3409 3410 3411 3412 3413 3414 3415 3416 3417 3418 3419 3420 3421 3422 3423 3424 3425 3426 3427 3428 3429 3430 3431 3432 3433 3434 3435 3436 3437 3438 3439 3440 3441 3442 3443 3444 3445 3446 3447 3448 3449 3450 3451 3452 3453 3454 3455 3456 3457 3458 3459 3460 3461 3462 3463 3464 3465 3466 3467 3468 3469 3470 3471 3472 3473 3474 3475 3476 3477 3478 3479 3480 3481 3482 3483 3484 3485 3486 3487 3488 3489 3490 3491 3492 3493 3494 3495 3496 3497 3498 3499 3500 3501 3502 3503 3504 3505 3506 3507 3508 3509 3510 3511 3512 3513 3514 3515 3516 3517 3518 3519 3520 3521 3522 3523 3524 3525 3526 3527 3528 3529 3530 3531 3532 3533 3534 3535 3536 3537 3538 3539 3540 3541 3542 3543 3544 3545 3546 3547 3548 3549 3550 3551 3552 3553 3554 3555 3556 3557 3558 3559 3560 3561 3562 3563 3564 3565 3566 3567 3568 3569 3570 3571 3572 3573 3574 3575 3576 3577 3578 3579 3580 3581 3582 3583 3584 3585 3586 3587 3588 3589 3590 3591 3592 3593 3594 3595 3596 3597 3598 3599 3600 3601 3602 3603 3605 3606 3607 3608 3609 3610 3611 3612 3613 3614 3615 3616 3617 3618 3619 3620 3621 3622 3623 3624 3625 3626 3627 3628 3629 3630 3631 3632 3633 3634 3635 3636 3637 3638 3639 3640 3641 3642 3643 3644 3645 3646 3647 3648 3649 3650 3651 3652 3653 3654 3655 3656 3657 3658 3659 3660 3661 3662 3663 3664 3665 3666 3667 3668 3669 3670 3671 3672 3673 3674 3675 3676 3677 3678 3679 3680 3681 3682 3683 3684 3685 3686 3687 3688 3689 3690 3691 3692 3693 3694 3695 3696 3697 3698 3699 3700 3701 3702 3703 3704 3705 3706 3707 3708 3709 3710 3711 3712 3713 3714 3715 3716 3717 3718 3719 3720 3721 3722 3723 3724 3725 3726 3727 3728 3729 3730 3731 3732 3733 3734 3735 3736 3737 3738 3739 3740 3741 3742 3743 3744 3745 3746 3747 3748 3749 3750 3751 3752 3753 3754 3755 3756 3757 3758 3759 3760 3761 3762 3763 3764 3765 3766 3767 3768 3769 3770 3771 3772 3773 3774 3775 3776 3777 3778 3779 3780 3781 3782 3783 3784 3785 3786 3787 3788 3789 3790 3791 3792 3793 3794 3795 3796 3797 3798 3799 3800 3801 3802 3803 3804 3805 3806 3807 3808 3809 3810 3811 3812 3813 3814 3815 3816 3817 3818 3819 3820 3821 3822 3823 3824 3825 3826 3827 3828 3829 3830 3831 3832 3833 3834 3835 3836 3837 3838 3839 3840 3841 3842 3843 3844 3845 3846 3847 3848 3849 3850 3851 3852 3853 3854 3855 3856 3857 3858 3859 3860 3861 3862 3863 3864 3865 3866 3867 3868 3869 3870 3871 3872 3873 3874 3875 3876 3877 3878 3879 3880 3881 3882 3883 3884 3885 3886 3887 3888 3889 3890 3891 3892 3893 3894 3895 3896 3897 3898 3899 3900 3901 3902 3903 3904 3905 3906 3907 3908 3909 3910 3911 3912 3913 3914 3915 3916 3917 3918 3919 3920 3921 3922 3923 3924 3925 3926 3927 3928 3929 3930 3931 3932 3933 3934 3935 3936 3937 3938 3939 3940 3941 3942 3943 3944 3945 3946 3947 3948 3949 3950 3951 3952 3953 3954 3955 3956 3957 3958 3959 3960 3961 3962 3963 3964 3965 3966 3967 3968 3969 3970 3971 3972 3973 3974 3975 3976 3977 3978 3979 3980 3981 3982 3983 3984 3985 3986 3987 3988 3989 3990 3991 3992 3993 3994 3995 3996 3997 3998 3999 4000 4001 4002 4003 4004 4005 4006 4007 4008 4009 4010 4011 4012 4013 4014 4015 4016 4017 4018 4019 4020 4021 4022 4023 4024 4025 4026 4027 4028 4029 4030 4031 4032 4033 4034 4035 4036 4037 4038 4039 4040 4041 4042 4043 4044 4045 4046 4047 4048 4049 4050 4051 4052 4053 4054 4055 4056 4057 4058 4059 4060 4061 4062 4063 4064 4065 4066 4067 4068 4069 4070 4071 4072 4073 4074 4075 4076 4077 4078 4079 4080 4081 4082 4083 4084 4085 4086 4087 4088 4089 4090 4091 4092 4093 4094 4095 4096 4097 4098 4099 4100 4101 4102 4103 4104 4105 4106 4107 4108 4109 4110 4111 4112 4113 4114 4115 4116 4117 4118 4119 4120 4121 4122 4123 4124 4125 4126 4127 4128 4129 4130 4131 4132 4133 4134 4135 4136 4137 4138 4139 4140 4141 4142 4143 4144 4145 4146 4147 4148 4149 4150 4151 4152 4153 4154 4155 4156 4157 4158 4159 4160 4161 4162 4163 4164 4165 4166 4167 4168 4169 4170 4171 4172 4173 4174 4175 4176 4177 4178 4179 4180 4181 4182 4183 4184 4185 4186 4187 4188 4189 4190 4191 4192 4193 4194 4195 4196 4197 4198 4199 4200 4201 4202 4203 4204 4205 4206 4207 4208 4209 4210 4211 4212 4213 4214 4215 4216 4217 4218 4219 4220 4221 4222 4223 4224 4225 4226 4227 4228 4229 4230 4231 4232 4233 4234 4235 4236 4237 4238 4239 4240 4241 4242 4243 4244 4245 4246 4247 4248 4249 4250 4251 4252 4253 4254 4255 4256 4257 4258 4259 4260 4261 4262 4263 4264 4265 4266 4267 4268 4269 4270 4271 4272 4273 4274 4275 4276 4277 4278 4279 4280 4281 4282 4283 4284 4285 4286 4287 4288 4289 4290 4291 4292 4293 4294 4295 4296 4297 4298 4299 4300 4301 4302 4303 4304 4305 4306 4307 4308 4309 4310 4311 4312 4313 4314 4315 4316 4317 4318 4319 4320 4321 4322 4323 4324 4325 4326 4327 4328 4329 4330 4331 4332 4333 4334 4335 4336 4337 4338 4339 4340 4341 4342 4343 4344 4345 4346 4347 4348 4349 4350 4351 4352 4353 4354 4355 4356 4357 4358 4359 4360 4361 4362 4363 4364 4365 4366 4367 4368 4369 4370 4371 4372 4373 4374 4375 4376 4377 4378 4379 4380 4381 4382 4383 4384 4385 4386 4387 4388 4389 4390 4391 4392 4393 4394 4395 4396 4397 4398 4399 4400 4401 4402 4403 4404 4405 4406 4407 4408 4409 4410 4411 4412 4413 4414 4415 4416 4417 4418 4419 4420 4421 4422 4423 4424 4425 4426 4427 4428 4429 4430 4431 4432 4433 4434 4435 4436 4437 4438 4439 4440 4441 4442 4443 4444 4445 4446 4447 4448 4449 4450 4451 4452 4453 4454 4455 4456 4457 4458 4459 4460 4461 4462 4463 4464 4465 4466 7294 4467 4468 4469 4470 4471 4472 4473 4474 4475 4476 4477 4478 4479 4480 4481 4482 4483 4484 4485 4486 4487 4488 4489 4490 4491 4492 4493 4494 4495 4496 4497 4498 4499 4500 4501 4502 4503 4504 4505 4506 4507 4508 4509 4510 4511 4512 4513 4514 4515 4516 4517 4518 4519 4520 4521 4522 4523 4524 4525 4526 4527 4528 4529 4530 4531 4532 4533 4534 4535 4536 4537 4538 4539 4540 4541 4542 4543 4544 4545 4546 4547 4548 4549 4550 4551 4552 4553 4554 4555 4556 4557 4558 4559 4560 4561 4562 4563 4564 4565 4566 4567 4568 4569 4570 4571 4572 4573 4574 4575 4576 4577 4578 4579 4580 4581 4582 4583 4584 4585 4586 4587 4588 4589 4590 4591 4592 4593 4594 4595 4596 4597 4598 4599 4600 4601 4602 4603 4604 4605 4606 4607 4608 4609 4610 4611 4612 4613 4614 4615 4616 4617 4618 4619 4620 4621 4622 4623 4624 4625 4626 4627 4628 4629 4630 4631 4632 4633 4634 4635 4636 4637 4638 4639 4640 4641 4642 4643 4644 4645 4646 4647 4648 4649 4650 4651 4652 4653 4654 4655 4656 4657 4658 4659 4660 4661 4662 4663 4664 4665 4666 4667 4668 4669 4670 4671 4672 4673 4674 4675 4676 4677 4678 4679 4680 4681 4682 4683 4684 4685 4686 4687 4688 4689 4690 4691 4692 4693 4694 4695 4696 4697 4698 4699 4700 4701 4702 4703 4704 4705 4706 4707 4708 4709 4710 4711 4712 4713 4714 4715 4716 4717 4718 4719 4720 4721 4722 4723 4724 4725 4726 4727 4728 4729 4730 4731 4732 4733 4734 4735 4736 4737 4738 4739 4740 4741 4742 4743 4744 4745 4746 4747 4748 4749 4750 4751 4752 4753 4754 4755 4756 4757 4758 4759 4760 4761 4762 4763 4764 4765 4766 4767 4768 4769 4770 4771 4772 4773 4774 4775 4776 4777 4778 4779 4780 4781 4782 4783 4784 4785 4786 4787 4788 4789 4790 4791 4792 4793 4794 4795 4796 4797 4798 4799 4800 4801 4802 4803 4804 4805 4806 4807 4808 4809 4810 4811 4812 4813 4814 4815 4816 4817 4818 4819 4820 4821 4822 4823 4824 4825 4826 4827 4828 4829 4830 4831 4832 4833 4834 4835 4836 4837 4838 4839 4840 4841 4842 4843 4844 4845 4846 4847 4848 4849 4850 4851 4852 4853 4854 4855 4856 4857 4858 4859 4860 4861 4862 4863 4864 4865 4866 4867 4868 4869 4870 4871 4872 4873 4874 4875 4876 4877 4878 4879 4880 4881 4882 4883 4884 4885 4886 4887 4888 4889 4890 4891 4892 4893 4894 4895 4896 4897 4898 4899 4900 4901 4902 4903 4904 4905 4906 4907 4908 4909 4910 4911 4912 4913 4914 4915 4916 4917 4918 4919 4920 4921 4922 4923 4924 4925 4926 4927 4928 4929 4930 4931 4932 4933 4934 4935 4936 4937 4938 4939 4940 4941 4942 4943 4944 4945 4946 4947 4948 4949 4950 4951 4952 4953 4954 4955 4956 4957 4958 4959 4960 4961 4962 4963 4964 4965 4966 4967 4968 4969 4970 4971 4972 4973 4974 4975 4976 4977 4978 4979 4980 4981 4982 4983 4984 4985 4986 4987 4988 4989 4990 4991 4992 4993 4994 4995 4996 4997 4998 4999 5000 5001 5002 5003 5004 5005 5006 5007 5008 5009 5010 5011 5012 5013 5014 5015 5016 5017 5018 5019 5020 5021 5022 5023 5024 5025 5026 5027 5028 5029 5030 5031 5032 5033 5034 5035 5036 5037 5038 5039 5040 5041 5042 5043 5044 5045 5046 5047 5048 5049 5050 5051 5052 5053 5054 5055 5056 5057 5058 5059 5060 5061 5062 5063 5064 5065 5066 5067 5068 5069 5070 5071 5072 5073 5074 5075 5076 5077 5078 5079 5080 5081 5082 5083 5084 5085 5086 5087 5088 5089 5090 5091 5092 5093 5094 5095 5096 5097 5098 5099 5100 5101 5102 5103 5104 5105 5106 5107 5108 5109 5110 5111 5112 5113 5114 5115 5116 5117 5118 5119 5120 5121 5122 5123 5124 5125 5126 5127 5128 5129 5130 5131 5132 5133 5134 5135 5136 5137 5138 5139 5140 5141 5142 5143 5144 5145 5146 5147 5148 5149 5150 5151 5152 5153 5154 5155 5156 5157 5158 5159 5160 5161 5162 5163 5164 5165 5166 5167 5168 5169 5170 5171 5172 5173 5174 5175 5176 5177 5178 5179 5180 5181 5182 5183 5184 5185 5186 5187 5188 5189 5190 5191 5192 5193 5194 5195 5196 5197 5198 5199 5200 5201 5202 5203 5204 5205 5206 5207 5208 5209 5210 5211 5212 5213 5214 5215 5216 5217 5218 5219 5220 5221 5222 5223 5224 5225 5226 5227 5228 5229 5230 5231 5232 5233 5234 5235 5236 5237 5238 5239 5240 5241 5242 5243 5244 5245 5246 5247 5248 5249 5250 5251 5252 5253 5254 5255 5256 5257 5258 5259 5260 5261 5262 5263 5264 5265 5266 5267 5268 5269 5270 5271 5272 5273 5274 5275 5276 5277 5278 5279 5280 5281 5282 5283 5284 5285 5286 5287 5288 5289 5290 5291 5292 5293 5294 5295 5296 5297 5298 5299 5300 5301 5302 5303 5304 5305 5306 5307 5308 5309 5310 5311 5312 5313 5314 5315 5316 5317 5318 5319 5320 5321 5322 5323 5324 5325 5326 5327 5328 5329 5330 5331 5332 5333 5334 5335 5336 5337 5338 5339 5340 5341 5342 5343 5344 5345 5346 5347 5348 5349 5350 5351 5352 5353 5354 5355 5356 5357 5358 5359 5360 5361 5362 5363 5364 5365 5366 5367 5368 5369 5370 5371 5372 5373 5374 5375 5376 5377 5378 5379 5380 5381 5382 5383 5384 5385 5386 5387 5388 5389 5390 5391 5392 5393 5394 5395 5396 5397 5398 5399 5400 5401 5402 5403 5404 5405 5406 5407 5408 5409 5410 5411 5412 5413 5414 5415 5416 5417 5418 5419 5420 5421 5422 5423 5424 5425 5426 5427 5428 5429 5430 5431 5432 5433 5434 5435 5436 5437 5438 5439 5440 5441 5442 5443 5444 5445 5446 5447 5448 5449 5450 5451 5452 5453 5454 5455 5456 5457 5458 5459 5460 5461 5462 5463 5464 5465 5466 5467 5468 5469 5470 5471 5472 5473 5474 5475 5476 5477 5478 5479 5480 5481 5482 5483 5484 5485 5486 5487 5488 5489 5490 5491 5492 5493 5494 5495 5496 5497 5498 5499 5500 5501 5502 5503 5504 5505 5506 5507 5508 5509 5510 5511 5512 5513 5514 5515 5516 5517 5518 5519 5520 5521 5522 5523 5524 5525 5526 5527 5528 5529 5530 5531 5532 5533 5534 5535 5536 5537 5538 5539 5540 5541 5542 5543 5544 5545 5546 5547 5548 5549 5550 5551 5552 5553 5554 5555 5556 5557 5558 5559 5560 5561 5562 5563 5564 5565 5566 5567 5568 5569 5570 5571 5572 5573 5574 5575 5576 5577 5578 5579 5580 5581 5582 5583 5584 5585 5586 5587 5588 5589 5590 5591 5592 5593 5594 5595 5596 5597 5598 5599 5600 5601 5602 5603 5604 5605 5606 5607 5608 5609 5610 5611 5612 5613 5614 5615 5616 5617 5618 5619 5620 5621 5622 5623 5624 5625 5626 5627 5628 5629 5630 5631 5632 5633 5634 5635 5636 5637 5638 5639 5640 5641 5642 5643 5644 5645 5646 5647 5648 5649 5650 5651 5652 5653 5654 5655 5656 5657 5658 5659 5660 5661 5662 5663 5664 5665 5666 5667 5668 5669 5670 5671 5672 5673 5674 5675 5676 5677 5678 5679 5680 5681 5682 5683 5684 5685 5686 5687 5688 5689 5690 5691 5692 5693 5694 5695 5696 5697 5698 5699 5700 5701 5702 5703 5704 5705 5706 5707 5708 5709 5710 5711 5712 5713 5714 5715 5716 5717 5718 5719 5720 5721 5722 5723 5724 5725 5726 5727 5728 5729 5730 5731 5732 5733 5734 5735 5736 5737 5738 5739 5740 5741 5742 5743 5744 5745 5746 5747 5748 5749 5750 5751 5752 5753 5754 5755 5756 5757 5758 5759 5760 5761 5762 5763 5764 5765 5766 5767 5768 5769 5770 5771 5772 5773 5774 5775 5776 5777 5778 5779 5780 5781 5782 5783 5784 5785 5786 5787 5788 5789 5790 5791 5792 5793 5794 5795 5796 5797 5798 5799 5800 5801 5802 5803 5804 5805 5806 5807 5808 5809 5810 5811 5812 5813 5814 5815 5816 5817 5818 5819 5820 5821 5822 5823 5824 5825 5826 5827 5828 5829 5830 5831 5832 5833 5834 5835 5836 5837 5838 5839 5840 5841 5842 5843 5844 5845 5846 5847 5848 5849 5850 5851 5852 5853 5854 5855 5856 5857 5858 5859 5860 5861 5862 5863 5864 5865 5866 5867 5868 5869 5870 5871 5872 5873 5874 5875 5876 5877 5878 5879 5880 5881 5882 5883 5884 5885 5886 5887 5888 5889 5890 5891 5892 5893 5894 5895 5896 5897 5898 5899 5900 5901 5902 5903 5904 5905 5906 5907 5908 5909 5910 5911 5912 5913 5914 5915 5916 5917 5918 5919 5920 5921 5922 5923 5924 5925 5926 5927 5928 5929 5930 5931 5932 5933 5934 5935 5936 5937 5938 5939 5940 5941 5942 5943 5944 5945 5946 5947 5948 5949 5950 5951 5952 5953 5954 5955 5956 5957 5958 5959 5960 5961 5962 5963 5964 5965 5966 5967 5968 5969 5970 5971 5972 5973 5974 5975 5976 5977 5978 5979 5980 5981 5982 5983 5984 5985 5986 5987 5988 5989 5990 5991 5992 5993 5994 5995 5996 5997 5998 5999 6000 6001 6002 6003 6004 6005 6006 6007 6008 6009 6010 6011 6012 6013 6014 6015 6016 6017 6018 6019 6020 6021 6022 6023 6024 6025 6026 6027 6028 6029 6030 6031 6032 6033 6034 6035 6036 6037 6038 6039 6040 6041 6042 6043 6044 6045 6046 6047 6048 6049 6050 6051 6052 6053 6054 6055 6056 6057 6058 6059 6060 6061 6062 6063 6064 6065 6066 6067 6068 6069 6070 6071 6072 6073 6074 6075 6076 6077 6078 6079 6080 6081 6082 6083 6084 6085 6086 6087 6088 6089 6090 6091 6092 6093 6094 6095 6096 6097 6098 6099 6100 6101 6102 6103 6104 6105 6106 6107 6108 6109 6110 6111 6112 6113 6114 6115 6116 6117 6118 6119 6120 6121 6122 6123 6124 6125 6126 6127 6128 6129 6130 6131 6132 6133 6134 6135 6136 6137 6138 6139 6140 6141 6142 6143 6144 6145 6146 6147 6148 6149 6150 6151 6152 6153 6154 6155 6156 6157 6158 6159 6160 6161 6162 6163 6164 6165 6166 6167 6168 6169 6170 6171 6172 6173 6174 6175 6176 6177 6178 6179 6180 6181 6182 6183 6184 6185 6186 6187 6188 6189 6190 6191 6192 6193 6194 6195 6196 6197 6198 6199 6200 6201 6202 6203 6204 6205 6206 6207 6208 6209 6210 6211 6212 6213 6214 6215 6216 6217 6218 6219 6220 6221 6222 6223 6224 6225 6226 6227 6228 6229 6230 6231 6232 6233 6234 6235 6236 6237 6238 6239 6240 6241 6242 6243 6244 6245 6246 6247 6248 6249 6250 6251 6252 6253 6254 6255 6256 6257 6258 6259 6260 6261 6262 6263 6264 6265 6266 6267 6268 6269 6270 6271 6272 6273 6274 6275 6276 6277 6278 6279 6280 6281 6282 6283 6284 6285 6286 6287 6288 6289 6290 6291 6292 6293 6294 6295 6296 6297 6298 6299 6300 6301 6302 6303 6304 6305 6306 6307 6308 6309 6310 6311 6312 6313 6314 6315 6316 6317 6318 6319 6320 6321 6322 6323 6324 6325 6326 6327 6328 6329 6330 6331 6332 6333 6334 6335 6336 6337 6338 6339 6340 6341 6342 6343 6344 6345 6346 6347 6348 6349 6350 6351 6352 6353 6354 6355 6356 6357 6358 6359 6360 6361 6362 6363 6364 6365 6366 6367 6368 6369 6370 6371 6372 6373 6374 6375 6376 6377 6378 6379 6380 6381 6382 6383 6384 6385 6386 6387 6388 6389 6390 6391 6392 6393 6394 6395 6396 6397 6398 6399 6400 6401 6402 6403 6404 6405 6406 6407 6408 6409 6410 6411 6412 6413 6414 6415 6416 6417 6418 6419 6420 6421 6422 6423 6424 6425 6426 6427 6428 6429 6430 6431 6432 6433 6434 6435 6436 6437 6438 6439 6440 6441 6442 6443 6444 6445 6446 6447 6448 6449 6450 6451 6452 6453 6454 6455 6456 6457 6458 6459 6460 6461 6462 6463 6464 6465 6466 6467 6468 6469 6470 6471 6472 6473 6474 6475 6476 6477 6478 6479 6480 6481 6482 6483 6484 6485 6486 6487 6488 6489 6490 6491 6492 6493 6494 6495 6496 6497 6498 6499 6500 6501 6502 6503 6504 6505 6506 6507 6508 6509 6511 6512 6513 6514 6515 6516 6517 6518 6519 6520 6521 6522 6523 6524 6525 6526 6527 6528 6529 6530 6531 6532 6533 6534 6535 6536 6537 6538 6539 6540 6541 6542 6543 6544 6545 6546 6547 6548 6549 6550 6551 6552 6553 6554 6555 6556 6557 6558 6559 6560 6561 6562 6563 6564 6565 6566 6567 6568 6569 6570 6571 6572 6573 6574 6575 6576 6577 6578 6579 6580 6581 6582 6583 6584 6585 6586 6587 6588 6589 6590 6591 6592 6593 6594 6595 6596 6597 6598 6599 6600 6601 6602 6603 6604 6605 6606 6607 6608 6609 6610 6611 6612 6613 6614 6615 6616 6617 6618 6619 6620 6621 6622 6623 6624 6625 6626 6627 6628 6629 6630 6631 6632 6633 6634 6635 6636 6637 6638 6639 6640 6641 6642 6643 6644 6645 6646 6647 6648 6649 6650 6651 6652 6653 6654 6655 6656 6657 6658 6659 6660 6661 6662 6663 6664 6665 6666 6667 6668 6669 6670 6671 6672 6673 6674 6675 6676 6677 6678 6679 6680 6681 6682 6683 6684 6685 6686 6687 6688 6689 6690 6691 6692 6693 6694 6695 6696 6697 6698 6699 6700 6701 6702 6703 6704 6705 6706 6707 6708 6709 6710 6711 6712 6713 6714 6715 6716 6717 6718 6719 6720 6721 6722 6723 6724 6725 6726 6727 6728 6729 6730 6731 6732 6733 6734 6735 6736 6737 6738 6739 6740 6741 6742 6743 6744 6745 6746 6747 6748 6749 6750 6751 6752 6753 6754 6755 6756 6757 6758 6759 6760 6761 6762 6763 6764 6765 6766 6767 6768 6769 6770 6771 6772 6773 6774 6775 6776 6777 6778 6779 6780 6781 6782 6783 6784 6785 6786 6787 6788 6789 6790 6791 6792 6793 6794 6795 6796 6797 6798 6799 6800 6801 6802 6803 6804 6805 6806 6807 6808 6809 6810 6811 6812 6813 6814 6815 6816 6817 6818 6819 6820 6821 6822 6823 6824 6825 6826 6827 6828 6829 6830 6831 6832 6833 6834 6835 6836 6837 6838 6839 6840 6841 6842 6843 6844 6845 6846 6847 6848 6849 6850 6851 6852 6853 6854 6855 6856 6857 6858 6859 6860 6861 6862 6863 6864 6865 6866 6867 6868 6869 6870 6871 6872 6873 6874 6875 6876 6877 6878 6879 6880 6881 6882 6883 6884 6885 6886 6887 6888 6889 6890 6891 6892 6893 6894 6895 6896 6897 6898 6899 6900 6901 6902 6903 6904 6905 6906 6907 6908 6909 6910 6911 6912 6913 6914 6915 6916 6917 6918 6919 6920 6921 6922 6923 6924 6925 6926 6927 6928 6929 6930 6931 6932 6933 6934 6935 6936 6937 6938 6939 6940 6941 6942 6943 6944 6945 6946 6947 6948 6949 6950 6951 6952 6953 6954 6955 6956 6957 6958 6959 6960 6961 6962 6963 6964 6965 6966 6967 6968 6969 6970 6971 6972 6973 6974 6975 6976 6977 6978 6979 6980 6981 6982 6983 6984 6985 6986 6987 6988 6989 6990 6991 6992 6993 6994 6995 6996 6997 6998 6999 7000 7001 7002 7003 7004 7005 7006 7007 7008 7009 7010 7011 7012 7013 7014 7015 7016 7017 7018 7019 7020 7021 7022 7023 7024 7025 7026 7027 7028 7029 7030 7031 7032 7033 7034 7035 7036 7037 7038 7039 7040 7041 7042 7043 7044 7045 7046 7047 7048 7049 7050 7051 7052 7053 7054 7055 7056 7057 7058 7059 7060 7061 7062 7063 7064 7065 7066 7067 7068 7069 7070 7071 7072 7073 7074 7075 7076 7077 7078 7079 7080 7081 7082 7083 7084 7085 7086 7087 7088 7089 7090 7091 7092 7093 7094 7095 7096 7097 7098 7099 7100 7101 7102 7103 7104 7105 7106 7107 7108 7109 7110 7111 7112 7113 7114 7115 7116 7117 7118 7119 7120 7121 7122 7123 7124 7125 7126 7127 7128 7129 7130 7131 7132 7133 7134 7135 7136 7137 7138 7139 7140 7141 7142 7143 7144 7145 7146 7147 7148 7149 7150 7151 7152 7153 7154 7155 7156 7157 7158 7159 7160 7161 7162 7163 7164 7165 7166 7167 7168 7169 7170 7171 7172 7173 7174 7175 7176 7177 7178 7179 7180 7181 7182 7183 7184 7185 7186 7187 7188 7189 7190 7191 7192 7193 7194 7195 7196 7197 7198 7199 7200 7201 7202 7203 7204 7205 7206 7207 7208 7209 7210 7211 7212 7287 7213 7214 7215 7216 7217 7218 7219 7220 7221 7222 7223 7224 7225 7226 7227 7228 7229 7230 7231 7232 7233 7234 7235 7236 7237 7238 7239 7240 7241 7242 7244 7245 7246 7247 7248 7249 7250 7251 7252 7253 7254 7255 7256 7257 7258 7259 7260 7261 7262 7263 7264 7265 7266 7267 7268 7269 7270 7271 7272 7273 7274 7275 7276 7277 7278
p1:4 A 0 1 2 3 4 5 6 7 8 9 10 11 12 13 14 15 16 17 18 19 20 21 22 23 24 25 26 27 28 29 30 31 32 33 34 35 36 37 38 39 40 41 42 43 44 45 46 47 48 49 50 51 52 53 54 55 56 57 58 59 60 61 62 63 64 65 66 67 68 69 70 71 72 73 74 75 76 77 78 79 80 81 82 83 84 85 86 87 88 89 90 91 92 93 94 95 96 97 98 99 100 101 102 103 104 105 106 107 108 109 110 111 112 113 114 115 116 117 118 119 120 121 122 123 124 125 126 127 128 129 130 131 132 133 134 135 136 137 138 139 140 141 142 143 144 145 146 147 148 149 150 151 152 153 154 155 156 157 158 159 160 161 162 163 164 165 166 167 168 169 170 171 172 173 174 175 176 177 178 179 180 181 182 183 184 185 186 187 188 189 190 191 192 193 194 195 196 197 198 199 200 201 202 203 204 205 206 207 208 209 210 211 212 213 214 215 216 217 218 219 220 221 222 223 224 225 226 227 228 229 230 231 232 233 234 235 236 237 238 239 240 241 242 243 244 245 246 247 248 249 250 251 252 253 254 255 256 257 258 259 260 261 262 263 264 265 266 267 268 269 270 271 272 7295 273 274 275 276 277 278 279 280 281 282 283 284 285 286 287 288 289 290 291 292 293 294 295 296 297 298 299 300 301 302 303 304 305 306 307 308 309 310 311 312 313 314 315 316 317 318 319 320 321 322 323 324 325 326 327 328 329 330 331 332 333 334 335 336 337 338 339 340 341 342 343 344 345 346 347 348 349 350 351 352 353 354 355 356 357 358 359 360 361 362 363 364 365 366 367 368 369 370 371 372 373 374 375 376 377 378 379 380 381 382 383 384 385 386 387 388 389 390 391 392 393 394 395 397 398 399 400 401 402 403 404 405 406 407 408 409 410 411 412 413 414 415 416 417 418 419 420 421 422 423 424 425 426 427 428 429 430 431 432 433 434 435 436 437 438 439 440 441 442 443 444 445 446 447 448 449 450 451 452 453 454 455 456 457 458 459 460 461 462 463 464 465 466 467 468 469 470 471 472 473 474 475 476 477 478 479 480 481 482 483 484 485 486 487 488 489 490 491 492 493 494 495 496 497 498 499 500 501 502 503 504 505 506 507 508 509 510 511 512 513 514 515 516 517 518 519 520 521 522 523 524 525 526 527 528 529 530 531 532 533 534 535 536 537 538 539 540 541 542 543 544 545 546 547 548 549 550 551 552 553 554 555 556 557 558 559 560 561 562 563 564 565 566 567 568 569 570 571 572 573 574 575 576 577 578 579 580 581 582 583 584 585 586 587 588 589 590 591 592 593 594 595 596 597 598 599 600 601 602 603 604 605 606 607 608 609 610 611 612 613 614 615 616 617 618 619 620 621 622 623 624 625 626 627 628 629 630 631 632 633 634 635 636 637 638 639 640 641 642 643 644 645 646 647 648 649 650 651 652 653 654 655 656 657 658 659 660 661 662 663 664 665 666 667 668 669 670 671 672 673 674 675 676 677 678 679 680 681 682 683 684 685 686 687 688 689 690 691 692 693 694 695 696 697 698 699 700 701 702 703 704 705 706 707 708 709 710 711 712 713 714 715 716 717 718 719 720 721 722 723 724 725 726 727 728 729 730 731 732 733 734 735 736 737 738 739 740 741 742 743 744 745 746 747 748 749 750 751 752 753 754 755 756 757 758 759 760 761 762 763 764 765 766 767 768 769 770 771 772 773 774 775 776 777 778 779 780 781 782 783 784 785 786 787 788 789 790 791 792 793 794 795 796 797 798 799 800 801 802 803 804 805 806 807 808 809 810 811 812 813 814 815 816 817 818 819 820 821 822 823 824 825 826 827 828 829 830 831 832 833 834 835 836 837 838 839 840 841 842 843 844 845 846 847 848 849 850 851 852 853 854 855 856 857 858 859 860 861 862 863 864 865 866 867 868 869 870 871 872 873 874 875 876 877 878 879 880 881 882 883 884 885 886 887 888 889 890 891 892 893 894 895 896 897 898 899 900 901 902 903 904 905 906 907 908 909 910 911 912 913 914 915 916 917 918 919 920 921 922 923 924 925 926 927 928 929 930 931 932 933 934 935 936 937 938 939 940 941 942 943 944 945 946 947 948 949 950 951 952 953 954 955 956 957 958 959 960 961 962 963 964 965 966 967 968 969 970 971 972 973 974 975 976 977 978 979 980 981 982 983 984 985 986 987 988 989 990 991 992 993 994 995 996 997 998 999 1000 1001 1002 1003 1004 1005 1006 1007 1008 1009 1010 1011 1012 1013 1014 1015 1016 1017 1018 1019 1020 1021 1022 1023 1024 1025 1026 1027 1028 1029 1030 1031 1032 1033 1034 1035 1036 1037 1038 1039 1040 1041 1042 1043 1044 1045 1046 1047 1048 1049 1050 1051 1052 1053 1054 1055 1056 1057 1058 1059 1060 1061 1062 1063 1064 1065 1066 1067 1068 1069 1070 1071 1072 1073 1074 1075 1076 1077 1078 1079 1080 1081 1082 1083 1084 1085 1086 1087 1088 1089 1090 1091 1092 1093 1094 1095 1096 1097 1098 1099 1100 1101 1102 1103 1104 1105 1106 1107 1108 1109 1110 1111 1112 1113 1114 1115 1116 1117 1118 1119 1120 1121 1122 1123 1124 1125 1126 1127 1128 1129 1130 1131 1132 1133 1134 1135 1136 1137 1138 1139 1140 1141 1142 1143 1144 1145 1146 1147 1148 1149 1150 1151 1152 1153 1154 1155 1156 1157 1158 1159 1160 1161 1162 1163 1164 1165 1166 1167 1168 1169 1170 1171 1172 1173 1174 1175 1176 1177 1178 1179 1180 1181 1182 1183 1184 1185 1186 1187 1188 1189 1190 1191 1192 1193 1194 1195 1196 1197 1198 1199 1200 1201 1202 1203 1204 1205 1206 1207 1208 1209 1210 1211 1212 1213 1214 1215 1216 1217 1218 1219 1220 1221 1222 1223 1224 1225 1226 1227 1228 1229 1230 1231 1232 1233 1234 1235 1236 1237 1238 1239 1240 1241 1242 1243 1244 1245 1246 1247 1248 1249 1250 1251 1252 1253 1254 1255 1256 1257 1258 1259 1260 1261 1262 1263 1264 1265 1266 1267 1268 1269 1270 1271 1272 1273 1274 1275 1276 1277 1278 1279 1280 1281 1282 1283 1284 1285 1286 1287 1288 1289 1290 1291 1292 1293 1294 1295 1296 1297 1298 1299 1300 1301 1302 1303 1304 1305 1306 1307 1308 1309 1310 1311 1312 1313 1314 1315 1316 1317 1318 1319 1320 1321 1322 1323 1324 1325 1326 1327 1328 1329 1330 1331 1332 1333 1334 1335 1336 7279 1337 1338 1339 1340 1341 1342 1343 1344 1345 1346 1347 1348 1349 1350 1351 1352 1353 1354 1355 1356 1357 1358 1359 1360 1361 1362 1363 1364 1365 1366 1367 1368 1369 1370 1371 1372 1373 1374 1375 1376 1377 1378 1379 1380 1381 1382 1383 1384 1385 1386 1387 1388 7280 1389 1390 1391 1392 1393 1394 1395 1396 1397 1398 1399 1400 1401 1402 1403 1404 1405 1406 1407 1408 1409 1410 1411 1412 1413 1414 1415 1416 1417 1418 1419 1420 1421 1422 1423 1424 1425 1426 1427 1428 1429 1430 1431 1432 1433 1434 1435 1436 1437 1438 1439 1440 1441 1442 1443 1444 1445 1446 1447 1448 1449 1450 1451 1452 1453 1454 1455 1456 1457 1458 1459 1460 1461 1462 1463 1464 1465 1466 1467 1468 1469 1470 1471 1472 1473 1474 1475 1476 1477 1478 1479 1480 1481 1482 1483 1484 1485 1486 1487 1488 1489 1490 1491 1492 1493 1494 1495 1496 1497 1498 1499 1500 1501 1502 1503 1504 1505 1506 1507 1508 1509 1510 1511 1512 1513 1514 1515 1516 1517 1518 1519 1520 1521 1522 1523 1524 1525 1526 1527 1528 1529 1530 1531 1532 1533 1534 1535 1536 1537 1538 1539 1540 1541 1542 1543 1544 1545 1546 1547 1548 1549 1550 1551 1552 1553 1554 1555 1556 1557 1558 1559 1560 1561 1562 1563 1564 1565 1566 1567 1568 1569 1570 1571 1572 1573 1574 1575 1576 1577 1578 1579 1580 1581 1582 1583 1584 1585 1586 1587 1588 1589 1590 1591 1592 1593 1594 1595 1596 1597 1598 1599 1600 1601 1602 1603 1604 1605 1606 1607 1608 1609 1610 1611 1612 1613 1614 1615 1616 1617 1618 1619 1620 1621 1622 1623 1624 1625 1626 1627 1628 1629 1630 1631 1632 1633 1634 1635 1636 1637 1638 1639 1640 1641 1642 1643 1644 1645 1646 1647 1648 1649 1650 1651 1652 1653 1654 1655 1656 1657 1658 1659 1660 1661 1662 1663 1664 1665 1666 1667 1668 1669 1670 1671 1672 1673 1674 1675 1676 1677 1678 1679 1680 1681 1682 1683 1684 1685 1686 1687 1688 1689 1690 1691 1692 1693 1694 1695 1696 1697 1698 1699 1700 1701 1702 1703 1704 1705 1706 1707 1708 1709 1710 1711 1712 1713 1714 1715 1716 1717 1718 1719 1720 1721 1722 1723 1724 1725 1726 1727 1728 1729 1730 1731 1732 1733 1734 1735 1736 1737 1738 1739 1740 1741 1742 1743 1744 1745 1746 1747 1748 1749 1750 1751 1752 1753 1754 1755 1756 1757 1758 1759 1760 1761 1762 1763 1764 1765 1766 1767 1768 1769 1770 1771 1772 1773 1774 1775 1776 1777 1778 1779 1780 1781 1782 1783 1784 1785 1786 1787 1788 1789 1790 1791 1792 1793 1794 1795 1796 1797 1798 1799 1800 1801 1802 1803 1804 1805 1806 1807 1808 1809 1810 1811 1812 1813 1814 1815 1816 1817 1818 1819 1820 1821 1822 1823 1824 1825 1826 1827 1828 1829 1830 1831 1832 1833 1834 1835 1836 1837 1838 1839 1840 1841 1842 1843 1844 1845 1846 1847 1848 1849 1850 1851 1852 1853 1854 1855 1856 1857 1858 1859 1860 1861 1862 1863 1864 1865 1866 1867 1868 1869 1870 1871 1872 1873 1874 1875 1876 1877 1878 1879 1880 1881 1882 1883 1884 1885 1886 1887 1888 1889 1890 1891 1892 1893 1894 1895 1896 1897 1898 1899 1900 1901 1902 1903 1904 1905 1906 1907 1908 1909 1910 1911 1912 1913 1914 1915 1916 1917 1918 1919 1920 1921 1922 1923 1924 1925 1926 1927 1928 1929 1930 1931 1932 1933 1934 1935 1936 1937 1938 1939 1940 1941 1942 1943 1944 1945 1946 1947 1948 1949 1950 1951 1952 1953 1954 1955 1956 1957 1958 1959 1960 1961 1962 1963 1964 1965 1966 1967 1968 1969 1970 1971 1972 1973 1974 1975 1976 1977 1978 1979 1980 1981 1982 1983 1984 1985 1986 1987 1988 1989 1990 1991 1992 1993 1994 1995 1996 1997 1998 1999 2000 2001 2002 2003 2004 2005 2006 2007 2008 2009 2010 2011 2012 2013 2014 2015 2016 2017 2018 2019 2020 2021 2022 2023 2024 2025 2026 2027 2028 2029 2030 2031 2032 2033 2034 2035 2036 2037 2038 2039 2040 2041 2042 2043 2044 2045 2046 2047 2048 2049 2050 2051 2052 2053 2054 2055 2056 2057 2058 2059 2060 2061 2062 2063 2064 2065 2066 2067 2068 2069 2070 2071 2072 2073 2074 2075 2076 2077 2078 2079 2080 2081 2082 2083 2084 2085 2086 2087 2088 2089 2090 2091 2092 2093 2094 2095 2096 2097 2098 2099 2100 2101 2102 2103 2104 2105 2106 2107 2108 2109 2110 2111 2112 2113 2114 2115 2116 2117 2118 2119 2120 2121 2122 2123 2124 2125 2126 2127 2128 2129 2130 2131 2132 2133 2134 2135 2136 2137 2138 2139 2140 2141 2142 2143 2144 2145 2146 2147 2148 2149 2150 2151 2152 2153 2154 2155 2156 2157 2158 2159 2160 2161 2162 2163 2164 2165 2166 2167 2168 2169 2170 2171 2172 2173 2174 2175 2176 2177 2178 2179 2180 2181 2182 2183 2184 2185 2186 2187 2188 2189 2190 2191 2192 2193 2194 2195 2196 2197 2198 2199 2200 2201 2202 2203 2204 2205 2206 2207 2208 2209 2210 2211 2212 2213 2214 2215 2216 2217 2218 2219 2220 2221 2222 2223 2224 2225 2226 2227 2228 2229 2230 2231 2232 2233 2234 2235 2236 2237 2238 2239 2240 2241 2242 2243 2244 2245 2246 2247 2248 2249 2250 2251 2252 2253 2254 2255 2256 2257 2258 2259 2260 2261 2262 2263 2264 2265 2266 2267 2268 2269 2270 2271 2272 2273 2274 2275 2276 2277 2278 2279 2280 2281 2282 2283 2284 2285 2286 2287 2288 2289 2290 2291 2292 2293 2294 2295 2296 2297 2298 2299 2300 2301 2302 2303 2304 2305 2306 2307 2308 2309 2310 2311 2312 2313 2314 2315 2316 2317 2318 2319 2320 2321 2322 2323 2324 2325 2326 2327 2328 2329 2330 2331 2332 2333 2334 2335 2336 2337 2338 2339 2340 2341 2342 2343 2344 2345 2346 2347 2348 2349 2350 2351 2352 2353 2354 2355 2356 2357 2358 2359 2360 2361 2362 2363 2364 2365 2366 2367 2368 2369 2370 2371 2372 2373 2374 2375 2376 2377 2378 2379 2380 2381 2382 2383 2384 2385 2386 2387 2388 2389 2390 2391 2392 2393 2394 2395 2396 2397 2398 2399 2400 2401 2402 2403 2404 2405 2406 2407 2408 2409 2410 2411 2412 2413 2414 2415 2416 2417 2418 2419 2420 2421 2422 2423 2424 2425 2426 2427 2428 2429 2430 2431 2432 2433 2434 2435 2436 2437 2438 2439 2440 2441 2442 2443 2444 2445 2446 2447 2448 2449 2450 2451 2452 2453 2454 2455 2456 2457 2458 2459 2460 2461 2462 2463 2464 2465 2466 2467 2468 2469 2470 2471 2472 2473 2474 2475 2476 2477 2478 2479 2480 2481 2482 2483 2484 2485 2486 2487 2488 2489 2490 2491 2492 2493 2494 2495 2496 2497 2498 2499 2500 2501 2502 2503 2504 2505 2506 2507 2508 2509 2510 2511 2512 2513 2514 2515 2516 2517 2518 2519 2520 2521 2522 2523 2524 2525 2526 2527 2528 2529 2530 2531 2532 2533 2534 2535 2536 2537 2538 2539 2540 2541 2542 2543 2544 2545 2546 2547 2548 2549 2550 2551 2552 2553 2554 2555 2556 2557 2558 2559 2560 2561 2562 2563 2564 2565 2566 2567 2568 2569 2570 2571 2572 2573 2574 2575 2576 2577 2578 2579 2580 2581 2582 2583 2584 2585 2586 2587 2588 2589 2590 2591 2592 2593 2594 2595 2596 2597 2598 2599 2600 2601 2602 2603 2604 2605 2606 2607 2608 2609 2610 2611 2612 2613 2614 2615 2616 2617 2618 2619 2620 2621 2622 2623 2624 2625 2626 2627 2628 2629 2630 2631 2632 2633 2634 2635 2636 2637 2638 2639 2640 2641 2642 2643 2644 2645 2646 2647 2648 2649 2650 2651 2652 2653 2654 2655 2656 2657 2658 2659 2660 2661 2662 2663 2664 2665 2666 2667 2668 2669 2670 2671 2672 2673 2674 2675 2676 2677 2678 2679 2680 2681 2682 2683 2684 2685 2686 2687 2688 2689 2690 2691 2692 2693 2694 2695 2696 2697 2698 2699 2700 2701 2702 2703 2704 2705 2706 2707 2708 2709 2710 2711 2712 2713 2714 2715 2716 2717 2718 2719 2720 2721 2722 2723 2724 2725 2726 2727 2728 2729 2730 2731 2732 2733 2734 2735 2736 2737 2738 2739 2740 2741 2742 2743 2744 2745 2746 2747 2748 2749 2750 2751 2752 2753 2754 2755 2756 2757 2758 2759 2760 2761 2762 2763 2764 2765 2766 2767 2768 2769 2770 2771 2772 2773 2774 2775 2776 2777 2778 2779 2780 2781 2782 2783 2784 2785 2786 2787 2788 2789 2790 2791 2792 2793 2794 2795 2796 2797 2798 2799 2800 2801 2802 2803 2804 2805 2806 2807 2808 2809 2810 2811 2812 2813 2814 2815 2816 2817 2818 2819 2820 2821 2822 2823 2824 2825 2826 2827 2828 2829 2830 2831 2832 2833 2834 2835 2836 2837 2838 2839 2840 2841 2842 2843 2844 2845 2846 2847 2848 2849 2850 2851 2852 2853 2854 2855 2856 2857 2858 2859 2860 2861 2862 2863 2864 2865 2866 2867 2868 2869 2870 2871 2872 2873 2874 2875 2876 2877 2878 2879 2880 2881 2882 2883 2884 2885 2886 2887 2888 2889 2890 2891 2892 2893 2894 2895 2896 2897 2898 2899 2900 2901 2902 2903 2904 2905 2906 2907 2908 2909 2910 2911 2912 2913 2914 2915 2916 2917 2918 2919 2920 2921 2922 2923 2924 2925 2926 2927 2928 2929 2930 2931 2932 2933 2934 2935 2936 2937 2938 2939 2940 2941 2942 2943 2944 2945 2946 2947 2948 2949 2950 2951 2952 2953 2954 2955 2956 2957 2958 2959 2960 2961 2962 2963 2964 2965 2966 2967 2968 2969 2970 2971 2972 2973 2974 2975 2976 2977 2978 2979 2980 2981 2982 2983 2984 2985 2986 2987 2988 2989 2990 2991 2992 2993 2994 2995 2996 2997 2998 2999 3000 3001 3002 3003 3004 3005 3006 3007 3008 3009 3010 3011 3012 3013 3014 3015 3016 3017 3018 3019 3020 3021 3022 3023 3024 3025 3026 3027 3028 3029 3030 3031 3032 3033 3034 3035 3036 3037 3038 3039 3040 3041 3042 3043 3044 3045 3046 3047 3048 3049 3050 3051 3052 3053 3054 3055 3056 3057 3058 3059 3060 3061 3062 3063 3064 3065 3066 3067 3068 3069 3070 3071 3072 3073 3074 3075 3076 3077 3078 3079 3080 3081 3082 3083 3084 3085 3086 3087 3088 3089 3090 3091 3092 3093 3094 3095 3096 3097 3098 3099 3100 3101 3102 3103 3104 3105 3106 3107 3108 3109 3110 3111 3112 3113 3114 3115 3116 3117 3118 3119 3120 3121 3122 3123 3124 3125 3126 3127 3128 3129 3130 3131 3132 3133 3134 3135 3136 3137 3138 3139 3140 3141 3142 3143 3144 3145 3146 3147 3148 3149 3150 3151 3152 3153 3154 3155 3156 3157 3158 3159 3160 3161 3162 3163 3164 3165 3166 3167 3168 3169 3170 3171 3172 3173 3174 3175 3176 3177 3178 3179 3180 3181 3182 3183 3184 3185 3186 3187 3188 3189 3190 3191 3192 3193 3194 3195 3196 3197 3198 3199 3200 3201 3202 3203 3204 3205 3206 3207 3208 3209 3210 3211 3212 3213 3214 3215 3216 3217 3218 3219 3220 3221 3222 3223 3224 3225 3226 3227 3228 3229 3230 3231 3232 3233 3234 3235 3236 3237 3238 3239 3240 3241 3242 3243 3244 3245 3246 3247 3248 3249 3250 3251 3252 3253 3254 3255 3256 3257 3258 3259 3260 3261 3262 3263 3264 3265 3266 3267 3268 3269 3270 3271 3272 3273 3274 3275 3276 3277 3278 3279 3280 3281 3282 3283 3284 3285 3286 3287 3288 3289 3290 3291 3292 3293 3294 3295 3296 3297 3298 3299 3300 3301 3302 3303 3304 3305 3306 3307 3308 3309 3310 3311 3312 3313 3314 3315 3316 3317 3318 3319 3320 3321 3322 3323 3324 3325 3326 3327 3328 3329 3330 3331 3332 3333 3334 3335 3336 3337 3338 3339 3340 3341 3342 3343 3344 3345 3346 3347 3348 3349 3350 3351 3352 3353 3354 3355 3356 3357 3358 3359 3360 3361 3362 3363 3364 3365 3366 3367 3368 3369 3370 3371 3372 3373 3374 3375 3376 3377 3378 3379 3380 3381 3382 3383 3384 3385 3386 3387 3388 3389 3390 3391 3392 3393 3394 3395 3396 3397 3398 3399 3400 3401 3402 3403 3404 3405 3406 3407 3408 3409 3410 3411 3412 3413 3414 3415 3416 3417 3418 3419 3420 3421 3422 3423 3424 3425 3426 3427 3428 3429 3430 3431 3432 3433 3434 3435 3436 3437 3438 3439 3440 3441 3442 3443 3444 3445 3446 3447 3448 3449 3450 3451 3452 3453 3454 3455 3456 3457 3458 3459 3460 3461 3462 3463 3464 3465 3466 3467 3468 3469 3470 3471 3472 3473 3474 3475 3476 3477 3478 3479 3480 3481 3482 3483 3484 3485 3486 3487 3488 3489 3490 3491 3492 3493 3494 3495 3496 3497 3498 3499 3500 3501 3502 3503 3504 3505 3506 3507 3508 3509 3510 3511 3512 3513 3514 3515 3516 3517 3518 3519 3520 3521 3522 3523 3524 3525 3526 3527 3528 3529 3530 3531 3532 3533 3534 3535 3536 3537 3538 3539 3540 3541 3542 3543 3544 3545 3546 3547 3548 3549 3550 3551 3552 3553 3554 3555 3556 3557 3558 3559 3560 3561 3562 3563 3564 3565 3566 3567 3568 3569 3570 3571 3572 3573 3574 3575 3576 3577 3578 3579 3580 3581 3582 3583 3584 3585 3586 3587 3588 3589 3590 3591 3592 3593 3594 3595 3596 3597 3598 3599 3600 3601 3602 3603 3604 3605 3606 3607 3608 3609 3610 3611 3612 3613 3614 3615 3616 3617 3618 3619 3620 3621 3622 3623 3624 3625 3626 3627 3628 3629 3630 3631 3632 3633 3634 3635 3636 3637 3638 3639 3640 3641 3642 3643 3644 3645 3646 3647 3648 3649 3650 3651 3652 3653 3654 3655 3656 3657 3658 3659 3660 3661 3662 3663 3664 3665 3666 3667 3668 3669 3670 3671 3672 3673 3674 3675 3676 3677 3678 3679 3680 3681 3682 3683 3684 3685 3686 3687 3688 3689 3690 3691 3692 3693 3694 3695 3696 3697 3698 3699 3700 3701 3702 3703 3704 3705 3706 3707 3708 3709 3710 3711 3712 3713 3714 3715 3716 3717 3718 3719 3720 3721 3722 3723 3724 3725 3726 3727 3728 3729 3730 3731 3732 3733 3734 3735 3736 3737 3738 3739 3740 3741 3742 3743 3744 3745 3746 3747 3748 3749 3750 3751 3752 3753 3754 3755 3756 3757 3758 3759 3760 3761 3762 3763 3764 3765 3766 3767 3768 3769 3770 3771 3772 3773 3774 3775 3776 3777 3778 3779 3780 3781 3782 3783 3784 3785 3786 3787 3788 3789 3790 3791 3792 3793 3794 3795 3796 3797 3798 3799 3800 3801 3802 3803 3804 3805 3806 3807 3808 3809 3810 3811 3812 3813 3814 3815 3816 3817 3818 3819 3820 3821 3822 3823 3824 3825 3826 3827 3828 3829 3830 3831 3832 3833 3834 3835 3836 3837 3838 3839 3840 3841 3842 3843 3844 3845 3846 3847 3848 3849 3850 3851 3852 3853 3854 3855 3856 3857 3858 3859 3860 3861 3862 3863 3864 3865 3866 3867 3868 3869 3870 3871 3872 3873 3874 3875 3876 3877 3878 3879 3880 3881 3882 3883 3884 3885 3886 3887 3888 3889 3890 3891 3892 3893 3894 3895 3896 3897 3898 3899 3900 3901 3902 3903 3904 3905 3906 3907 3908 3909 3910 3911 3912 3913 3914 3915 3916 3917 3918 3919 3920 3921 3922 3923 3924 3925 3926 3927 3928 3929 3930 3931 3932 3933 3934 3935 3936 3937 3938 3939 3940 3941 3942 3943 3944 3945 3946 3947 3948 3949 3950 3951 3952 3953 3954 3955 3956 3957 3958 3959 3960 3961 3962 3963 3964 3965 3966 3967 3968 3969 3970 3971 3972 3973 3974 3975 3976 3977 3978 3979 3980 3981 3982 3983 3984 3985 3986 3987 3988 3989 3990 3991 3992 3993 3994 3995 3996 3997 3998 3999 4000 4001 4002 4003 4004 4005 4006 4007 4008 4009 4010 4011 4012 4013 4014 4015 4016 4017 4018 4019 4020 4021 4022 4023 4024 4025 4026 4027 4028 4029 4030 4031 4032 4033 4034 4035 4036 4037 4038 4039 4040 4041 4042 4043 4044 4045 4046 4047 4048 4049 4050 4051 4052 4053 4054 4055 4056 4057 4058 4059 4060 4061 4062 4063 4064 4065 4066 4067 4068 4069 4070 4071 4072 4073 4074 4075 4076 4077 4078 4079 4080 4081 4082 4083 4084 4085 4086 4087 4088 4089 4090 4091 4092 4093 4094 4095 4096 4097 4098 4099 4100 4101 4102 4103 4104 4105 4106 4107 4108 4109 4110 4111 4112 4113 4114 4115 4116 4117 4118 4119 4120 4121 4122 4123 4124 4125 4126 4127 4128 4129 4130 4131 4132 4133 4134 4135 4136 4137 4138 4139 4140 4141 4142 4143 4144 4145 4146 4147 4148 4149 4150 4151 4152 4153 4154 4155 4156 4157 4158 4159 4160 4161 4162 4163 4164 4165 4166 4167 4168 4169 4170 4171 4172 4173 4174 4175 4176 4177 4178 4179 4180 4181 4182 4183 4184 4185 4186 4187 4188 4189 4190 4191 4192 4193 4194 4195 4196 4197 4198 4199 4200 4201 4202 4203 4204 4205 4206 4207 4208 4209 4210 4211 4212 4213 4214 4215 4216 4217 4218 4219 4220 4221 4222 4223 4224 4225 4226 4227 4228 4229 4230 4231 4232 4233 4234 4235 4236 4237 4238 4239 4240 4241 4242 4243 4244 4245 4246 4247 4248 4249 4250 4251 4252 4253 4254 4255 4256 4257 4258 4259 4260 4261 4262 4263 4264 4265 4266 4267 4268 4269 4270 4271 4272 4273 4274 4275 4276 4277 4278 4279 4280 4281 4282 4283 4284 4285 4286 4287 4288 4289 4290 4291 4292 4293 4294 4295 4296 4297 4298 4299 4300 4301 4302 4303 4304 4305 4306 4307 4308 4309 4310 4311 4312 4313 4314 4315 4316 4317 4318 4319 4320 4321 4322 4323 4324 4325 4326 4327 4328 4329 4330 4331 4332 4333 4334 4335 4336 4337 4338 4339 4340 4341 4342 4343 4344 4345 4346 4347 4348 4349 4350 4351 4352 4353 4354 4355 4356 4357 4358 4359 4360 4361 4362 4363 4364 4365 4366 4367 4368 4369 4370 4371 4372 4373 4374 4375 4376 4377 4378 4379 4380 4381 4382 4383 4384 4385 4386 4387 4388 4389 4390 4391 4392 4393 4394 4395 4396 4397 4398 4399 4400 4401 4402 4403 4404 4405 4406 4407 4408 4409 4410 4411 4412 4413 4414 4415 4416 4417 4418 4419 4420 4421 4422 4423 4424 4425 4426 4427 4428 4429 4430 4431 4432 4433 4434 4435 4436 4437 4438 4439 4440 4441 4442 4443 4444 4445 4446 4447 4448 4449 4450 4451 4452 4453 4454 4455 4456 4457 4458 4459 4460 4461 4462 4463 4464 4465 4466 4467 4468 4469 4470 4471 4472 4473 4474 4475 4476 4477 4478 4479 4480 4481 4482 4483 4484 4485 4486 4487 4488 4489 4490 4491 4492 4493 4494 4495 4496 4497 4498 4499 4500 4501 4502 4503 4504 4505 4506 4507 4508 4509 4510 4511 4512 4513 4514 4515 4516 4517 4518 4519 4520 4521 4522 4523 4524 4525 4526 4527 4528 4529 4530 4531 4532 4533 4534 4535 4536 4537 4538 4539 4540 4541 4542 4543 4544 4545 4546 4547 4548 4549 4550 4551 4552 4553 4554 4555 4556 4557 4558 4559 4560 4561 4562 4563 4564 4565 4566 4567 4568 4569 4570 4571 4572 4573 4574 4575 4576 4577 4578 4579 4580 4581 4582 4583 4584 4585 4586 4587 4588 4589 4590 4591 4592 4593 4594 4595 4596 4597 4598 4599 4600 4601 4602 4603 4604 4605 4606 4607 4608 4609 4610 4611 4612 4613 4614 4615 4616 4617 4618 4619 4620 4621 4622 4623 4624 4625 4626 4627 4628 4629 4630 4631 4632 4633 4634 4635 4636 4637 4638 4639 4640 4641 4642 4643 4644 4645 4646 4647 4648 4649 4650 4651 4652 4653 4654 4655 4656 4657 4658 4659 4660 4661 4662 4663 4664 4665 4666 4667 4668 4669 4670 4671 4672 4673 4674 4675 4676 4677 4678 4679 4680 4681 4682 4683 4684 4685 4686 4687 4688 4689 4690 4691 4692 4693 4694 4695 4696 4697 4698 4699 4700 4701 4702 4703 4704 4705 4706 4707 4708 4709 4710 4711 4712 4713 4714 4715 4716 4717 4718 4719 4720 4721 4722 4723 4724 4725 4726 4727 4728 4729 4730 4731 4732 4733 4734 4735 4736 4737 4738 4739 4740 4741 4742 4743 4744 4745 4746 4747 4748 4749 4750 4751 4752 4753 4754 4755 4756 4757 4758 4759 4760 4761 4762 4763 4764 4765 4766 4767 4768 4769 4770 4771 4772 4773 4774 4775 4776 4777 4778 4779 4780 4781 4782 4783 4784 4785 4786 4787 4788 4789 4790 4791 4792 4793 4794 4795 4796 4797 4798 4799 4800 4801 4802 4803 4804 4805 4806 4807 4808 4809 4810 4811 4812 4813 4814 4815 4816 4817 4818 4819 4820 4821 4822 4823 4824 4825 4826 4827 4828 4829 4830 4831 4832 4833 4834 4835 4836 4837 4838 4839 4840 4841 4842 4843 4844 4845 4846 4847 4848 4849 4850 4851 4852 4853 4854 4855 4856 4857 4858 4859 4860 4861 4862 4863 4864 4865 4866 4867 4868 4869 4870 4871 4872 4873 4874 4875 4876 4877 4878 4879 4880 4881 4882 4883 4884 4885 4886 4887 4888 4889 4890 4891 4892 4893 4894 4895 4896 4897 4898 4899 4900 4901 4902 4903 4904 4905 4906 4907 4908 4909 4910 4911 4912 4913 4914 4915 4916 4917 4918 4919 4920 4921 4922 4923 4924 4925 4926 4927 4928 4929 4930 4931 4932 4933 4934 4935 4936 4937 4938 4939 4940 4941 4942 4943 4944 4945 4946 4947 4948 4949 4950 4951 4952 4953 4954 4955 4956 4957 4958 4959 4960 4961 4962 4963 4964 4965 4966 4967 4968 4969 4970 4971 4972 4973 4974 4975 4976 4977 4978 4979 4980 4981 4982 4983 4984 4985 4986 4987 4988 4989 4990 4991 4992 4993 4994 4995 4996 4997 4998 4999 5000 5001 5002 5003 5004 5005 5006 5007 5008 5009 5010 5011 5012 5013 5014 5015 5016 5017 5018 5019 5020 5021 5022 5023 5024 5025 5026 5027 5028 5029 5030 5031 5032 5033 5034 5035 5036 5037 5038 5039 5040 5041 5042 5043 5044 5045 5046 5047 5048 5049 5050 5051 5052 5053 5054 5055 5056 5057 5058 5059 5060 5061 5062 5063 5064 5065 5066 5067 5068 5069 5070 5071 5072 5073 5074 5075 5076 5077 5078 5079 5080 5081 5082 5083 5084 5085 5086 5087 5088 5089 5090 5091 5092 5093 5094 5095 5096 5097 5098 5099 5100 5101 5102 5103 5104 5105 5106 5107 5108 5109 5110 5111 5112 5113 5114 5115 5116 5117 5118 5119 5120 5121 5122 5123 5124 5125 5126 5127 5128 5129 5130 5131 5132 5133 5134 5135 5136 5137 5138 5139 5140 5141 5142 5143 5144 5145 5146 5147 5148 5149 5150 5151 5152 5153 5154 5155 5156 5157 5158 5159 5160 5161 5162 5163 5164 5165 5166 5167 5168 5169 5170 5171 5172 5173 5174 5175 5176 5177 5178 5179 5180 5181 5182 5183 5184 5185 5186 5187 5188 5189 5190 5191 5192 5193 5194 5195 5196 5197 5198 5199 5200 5201 5202 5203 5204 5205 5206 5207 5208 5209 5210 5211 5212 5213 5214 5215 5216 5217 5218 5219 5220 5221 5222 5223 5224 5225 5226 5227 5228 5229 5230 5231 5232 5233 5234 5235 5236 5237 5238 5239 5240 5241 5242 5243 5244 5245 5246 5247 5248 5249 5250 5251 5252 5253 5254 5255 5256 5257 5258 5259 5260 5261 5262 5263 5264 5265 5266 5267 5268 5269 5270 5271 5272 5273 5274 5275 5276 5277 5278 5279 5280 5281 5282 5283 5284 5285 5286 5287 5288 5289 5290 5291 5292 5293 5294 5295 5296 5297 5298 5299 5300 5301 5302 5303 5304 5305 5306 5307 5308 5309 5310 5311 5312 5313 5314 5315 5316 5317 5318 5319 5320 5321 5322 5323 5324 5325 5326 5327 5328 5329 5330 5331 5332 5333 5334 5335 5336 5337 5338 5339 5340 5341 5342 5343 5344 5345 5346 5347 5348 5349 5350 5351 5352 5353 5354 5355 5356 5357 5358 5359 5360 5361 5362 5363 5364 5365 5366 5367 5368 5369 5370 5371 5372 5373 5374 5375 5376 5377 5378 5379 5380 5381 5382 5383 5384 5385 5386 5387 5388 5389 5390 5391 5392 5393 5394 5395 5396 5397 5398 5399 5400 5401 5402 5403 5404 5405 5406 5407 5408 5409 5410 5411 5412 5413 5414 5415 5416 5417 5418 5419 5420 5421 5422 5423 5424 5425 5426 5427 5428 5429 5430 5431 5432 5433 5434 5435 5436 5437 5438 5439 5440 5441 5442 5443 5444 5445 5446 5447 5448 5449 5450 5451 5452 5453 5454 5455 5456 5457 5458 5459 5460 5461 5462 5463 5464 5465 5466 5467 5468 5469 5470 5471 5472 5473 5474 5475 5476 5477 5478 5479 5480 5481 5482 5483 5484 5485 5486 5487 5488 5489 5490 5491 5492 5493 5494 5495 5496 5497 5498 5499 5500 5501 5502 5503 5504 5505 5506 5507 5508 5509 5510 5511 5512 5513 5514 5515 5516 5517 5518 5519 5520 5521 5522 5523 5524 5525 5526 5527 5528 5529 5530 5531 5532 5533 5534 5535 5536 5537 5538 5539 5540 5541 5542 5543 5544 5545 5546 5547 5548 5549 5550 5551 5552 5553 5554 5555 5556 5557 5558 5559 5560 5561 5562 5563 5564 5565 5566 5567 5568 5569 5570 5571 5572 5573 5574 5575 5576 5577 5578 5579 5580 5581 5582 5583 5584 5585 5586 5587 5588 5589 5590 5591 5592 5593 5594 5595 5596 5597 5598 5599 5600 5601 5602 5603 5604 5605 5606 5607 5608 5609 5610 5611 5612 5613 5614 5615 5616 5617 5618 5619 5620 5621 5622 5623 5624 5625 5626 5627 5628 5629 5630 5631 5632 5633 5634 5635 5636 5637 5638 5639 5640 5641 5642 5643 5644 5645 5646 5647 5648 5649 5650 5651 5652 5653 5654 5655 5656 5657 5658 5659 5660 5661 5662 5663 5664 5665 5666 5667 5668 5669 5670 5671 5672 5673 5674 5675 5676 5677 5678 5679 5680 5681 5682 5683 5684 5685 5686 5687 5688 5689 5690 5691 5692 5693 5694 5695 5696 5697 5698 5699 5700 5701 5702 5703 5704 5705 5706 5707 5708 5709 5710 5711 5712 5713 5714 5715 5716 5717 5718 5719 5720 5721 5722 5723 5724 5725 5726 5727 5728 5729 5730 5731 5732 5733 5734 5735 5736 5737 5738 5739 5740 5741 5742 5743 5744 5745 5746 5747 5748 5749 5750 5751 5752 5753 5754 5755 5756 5757 5758 5759 5760 5761 5762 5763 5764 5765 5766 5767 5768 5769 5770 5771 5772 5773 5774 5775 5776 5777 5778 5779 5780 5781 5782 5783 5784 5785 5786 5787 5788 5789 5790 5791 5792 5793 5794 5795 5796 5797 5798 5799 5800 5801 5802 5803 5804 5805 5806 5807 5808 5809 5810 5811 5812 5813 5814 5815 5816 5817 5818 5819 5820 5821 5822 5823 5824 5825 5826 5827 5828 5829 5830 5831 5832 5833 5834 5835 5836 5837 5838 5839 5840 5841 5842 5843 5844 5845 5846 5847 5848 5849 5850 5851 5852 5853 5854 5855 5856 5857 5858 5859 5860 5861 5862 5863 5864 5865 5866 5867 5868 5869 5870 5871 5872 5873 5874 5875 5876 5877 5878 5879 5880 5881 5882 5883 5884 5885 5886 5887 5888 5889 5890 5891 5892 5893 5894 5895 5896 5897 5898 5899 5900 5901 5902 5903 5904 5905 5906 5907 5908 5909 5910 5911 5912 5913 5914 5915 5916 5917 5918 5919 5920 5921 5922 5923 5924 5925 5926 5927 5928 5929 5930 5931 5932 5933 5934 5935 5936 5937 5938 5939 5940 5941 5942 5943 5944 5945 5946 5947 5948 5949 5950 5951 5952 5953 5954 5955 5956 5957 5958 5959 5960 5961 5962 5963 5964 5965 5966 5967 5968 5969 5970 5971 5972 5973 5974 5975 5976 5977 5978 5979 5980 5981 5982 5983 5984 5985 5986 5987 5988 5989 5990 5991 5992 5993 5994 5995 5996 5997 5998 5999 6000 6001 6002 6003 6004 6005 6006 6007 6008 6009 6010 6011 6012 6013 6014 6015 6016 6017 6018 6019 6020 6021 6022 6023 6024 6025 6026 6027 6028 6029 6030 6031 6032 6033 6034 6035 6036 6037 6038 6039 6040 6041 6042 6043 6044 6045 6046 6047 6048 6049 6050 6051 6052 6053 6054 6055 6056 6057 6058 6059 6060 6061 6062 6063 6064 6065 6066 6067 6068 6069 6070 6071 6072 6073 6074 6075 6076 6077 6078 6079 6080 6081 6082 6083 6084 6085 6086 6087 6088 6089 6090 6091 6092 6093 6094 6095 6096 6097 6098 6099 6100 6101 6102 6103 6104 6105 6106 6107 6108 6109 6110 6111 6112 6113 6114 6115 6116 6117 6118 6119 6120 6121 6122 6123 6124 6125 6126 6127 6128 6129 6130 6131 6132 6133 6134 6135 6136 6137 6138 6139 6140 6141 6142 6143 6144 6145 6146 6147 6148 6149 6150 6151 6152 6153 6154 6155 6156 6157 6158 6159 6160 6161 6162 6163 6164 6165 6166 6167 6168 6169 6170 6171 6172 6173 6174 6175 6176 6177 6178 6179 6180 6181 6182 6183 6184 6185 6186 6187 6188 6189 6190 6191 6192 6193 6194 6195 6196 6197 6198 6199 6200 6201 6202 6203 6204 6205 6206 6207 6208 6209 6210 6211 6212 6213 6214 6215 6216 6217 6218 6219 6220 6221 6222 6223 6224 6225 6226 6227 6228 6229 6230 6231 6232 6233 6234 6235 6236 6237 6238 6239 6240 6241 6242 6243 6244 6245 6246 6247 6248 6249 6250 6251 6252 6253 6254 6255 6256 6257 6258 6259 6260 6261 6262 6263 6264 6265 6266 6267 6268 6269 6270 6271 6272 6273 6274 6275 6276 6277 6278 6279 6280 6281 6282 6283 6284 6285 6286 6287 6288 6289 6290 6291 6292 6293 6294 6295 6296 6297 6298 6299 6300 6301 6302 6303 6304 6305 6306 6307 6308 6309 6310 6311 6312 6313 6314 6315 6316 6317 6318 6319 6320 6321 6322 6323 6324 6325 6326 6327 6328 6329 6330 6331 6332 6333 6334 6335 6336 6337 6338 6339 6340 6341 6342 6343 6344 6345 6346 6347 6348 6349 6350 6351 6352 6353 6354 6355 6356 6357 6358 6359 6360 6361 6362 6363 6364 6365 6366 6367 6368 6369 6370 6371 6372 6373 6374 6375 6376 6377 6378 6379 6380 6381 6382 6383 6384 6385 6386 6387 6388 6389 6390 6391 6392 6393 6394 6395 6396 6397 6398 6399 6400 6401 6402 6403 6404 6405 6406 6407 6408 6409 6410 6411 6412 6413 6414 6415 6416 6417 6418 6419 6420 6421 6422 6423 6424 6425 6426 6427 6428 6429 6430 6431 6432 6433 6434 6435 6436 6437 6438 6439 6440 6441 6442 6443 6444 6445 6446 6447 6448 6449 6450 6451 6452 6453 6454 6455 6456 6457 6458 6459 6460 6461 6462 6463 6464 6465 6466 6467 6468 6469 6470 6471 6472 6473 6474 6475 6476 6477 6478 6479 6480 6481 6482 6483 6484 6485 6486 6487 6488 6489 6490 6491 6492 6493 6494 6495 6496 6497 6498 6499 6500 6501 6502 6503 6504 6505 6506 6507 6508 6509 6510 6511 6512 6513 6514 6515 6516 6517 6518 6519 6520 6521 6522 6523 6524 6525 6526 6527 6528 6529 6530 6531 6532 6533 6534 6535 6536 6537 6538 6539 6540 6541 6542 6543 6544 6545 6546 6547 6548 6549 6550 6551 6552 6553 6554 6555 6556 6557 6558 6559 6560 6561 6562 6563 6564 6565 6566 6567 6568 6569 6570 6571 6572 6573 6574 6575 6576 6577 6578 6579 6580 6581 6582 6583 6584 6585 6586 6587 6588 6589 6590 6591 6592 6593 6594 6595 6596 6597 6598 6599 6600 6601 6602 6603 6604 6605 6606 6607 6608 6609 6610 6611 6612 6613 6614 6615 6616 6617 6618 6619 6620 6621 6622 6623 6624 6625 6626 6627 6628 6629 6630 6631 6632 6633 6634 6635 6636 6637 6638 6639 6640 6641 6642 6643 6644 6645 6646 6647 6648 6649 6650 6651 6652 6653 6654 6655 6656 6657 6658 6659 6660 6661 6662 6663 6664 6665 6666 6667 6668 6669 6670 6671 6672 6673 6674 6675 6676 6677 6678 6679 6680 6681 6682 6683 6684 6685 6686 6687 6688 6689 6690 6691 6692 6693 6694 6695 6696 6697 6698 6699 6700 6701 6702 6703 6704 6705 6706 6707 6708 6709 6710 6711 6712 6713 6714 6715 6716 6717 6718 6719 6720 6721 6722 6723 6724 6725 6726 6727 6728 6729 6730 6731 6732 6733 6734 6735 6736 6737 6738 6739 6740 6741 6742 6743 6744 6745 6746 6747 6748 6749 6750 6751 6752 6753 6754 6755 6756 6757 6758 6759 6760 6761 6762 6763 6764 6765 6766 6767 6768 6769 6770 6771 6772 6773 6774 6775 6776 6777 6778 6779 6780 6781 6782 6783 6784 6785 6786 6787 6788 6789 6790 6791 6792 6793 6794 6795 6796 6797 6798 6799 6800 6801 6802 6803 6804 6805 6806 6807 6808 6809 6810 6811 6812 6813 6814 6815 6816 6817 6818 6819 6820 6821 6822 6823 6824 6825 6826 6827 6828 6829 6830 6831 6832 6833 6834 6835 6836 6837 6838 6839 6840 6841 6842 6843 6844 6845 6846 6847 6848 6849 6850 6851 6852 6853 6854 6855 6856 6857 6858 6859 6860 6861 6862 6863 6864 6865 6866 6867 6868 6869 6870 6871 6872 6873 6874 6875 6876 6877 6878 6879 6880 6881 6882 6883 6884 6885 6886 6887 6888 6889 6890 6891 6892 6893 6894 6895 6896 6897 6898 6899 6900 6901 6902 6903 6904 6905 6906 6907 6908 6909 6910 6911 6912 6913 6914 6915 6916 6917 6918 6919 6920 6921 6922 6923 6924 6925 6926 6927 6928 6929 6930 6931 6932 6933 6934 6935 6936 6937 6938 6939 6940 6941 6942 6943 6944 6945 6946 6947 6948 6949 6950 6951 6952 6953 6954 6955 6956 6957 6958 6959 6960 6961 6962 6963 6964 6965 6966 6967 6968 6969 6970 6971 6972 6973 6974 6975 6976 6977 6978 6979 6980 6981 6982 6983 6984 6985 6986 6987 6988 6989 6990 6991 6992 6993 6994 6995 6996 6997 6998 6999 7000 7001 7002 7003 7004 7005 7006 7007 7008 7009 7010 7011 7012 7013 7014 7015 7016 7017 7018 7019 7020 7021 7022 7023 7024 7025 7026 7027 7028 7029 7030 7031 7032 7033 7034 7035 7036 7037 7038 7039 7040 7041 7042 7043 7044 7045 7046 7047 7048 7049 7050 7051 7052 7053 7054 7055 7056 7057 7058 7059 7060 7061 7062 7063 7064 7065 7066 7067 7068 7069 7070 7071 7072 7073 7074 7075 7076 7077 7078 7079 7080 7081 7082 7083 7084 7085 7086 7087 7088 7089 7090 7091 7092 7093 7094 7095 7096 7097 7098 7099 7100 7101 7102 7103 7104 7105 7106 7107 7108 7109 7110 7111 7112 7113 7114 7115 7116 7117 7118 7119 7120 7121 7122 7123 7124 7125 7126 7127 7128 7129 7130 7131 7132 7133 7134 7135 7136 7137 7138 7139 7140 7141 7142 7143 7144 7145 7146 7147 7148 7149 7150 7151 7152 7153 7154 7155 7156 7157 7158 7159 7160 7161 7162 7163 7164 7165 7166 7167 7168 7169 7170 7171 7172 7173 7174 7175 7176 7177 7178 7179 7180 7181 7182 7183 7184 7185 7186 7187 7188 7189 7190 7191 7192 7193 7194 7195 7196 7197 7198 7199 7200 7201 7202 7203 7204 7205 7206 7207 7208 7209 7210 7211 7212 7287 7213 7214 7215 7216 7217 7218 7219 7220 7221 7222 7223 7224 7225 7226 7227 7228 7229 7230 7231 7232 7233 7234 7235 7236 7237 7238 7239 7240 7241 7242 7244 7245 7246 7247 7248 7249 7250 7251 7252 7253 7254 7255 7256 7257 7258 7259 7260 7261 7262 7263 7264 7265 7266 7267 7268 7269 7270 7271 7272 7273 7274 7275 7276 7277 7278
p1:5 A 0 1 2 3 4 5 6 7 8 9 10 11 12 13 14 15 16 17 18 19 20 21 22 23 24 25 26 27 28 29 30 31 32 33 34 35 36 37 38 39 40 41 42 43 44 45 46 47 48 49 50 51 52 53 54 55 56 57 58 59 60 61 62 63 64 65 66 67 68 69 70 71 72 73 74 75 76 77 78 79 80 81 82 83 84 85 86 87 88 89 90 91 92 93 94 95 96 97 98 99 100 101 102 103 104 105 106 107 108 109 110 111 112 113 114 115 116 117 118 119 120 121 122 123 124 125 126 127 128 129 130 131 132 133 134 135 136 137 138 139 140 141 142 143 144 145 146 147 148 149 150 151 152 153 154 155 156 157 158 159 160 161 162 163 164 165 166 167 168 169 170 171 172 173 174 175 176 177 178 179 180 181 182 183 184 185 186 187 188 189 190 191 192 193 194 7296 195 196 197 198 199 200 201 202 203 204 205 206 207 208 209 210 211 212 213 214 215 216 217 218 219 220 221 222 223 224 225 226 227 228 229 230 231 232 233 234 235 236 237 238 239 240 241 242 243 244 245 246 247 248 249 250 251 252 253 254 255 256 257 258 259 260 261 262 263 264 265 266 267 268 269 270 271 272 273 274 275 276 277 278 279 280 281 282 283 284 285 286 287 288 289 290 291 292 293 294 295 296 297 298 299 300 301 302 303 304 305 306 307 308 309 310 311 312 313 314 315 316 317 318 319 320 321 322 323 324 325 326 327 328 329 330 331 332 333 334 335 336 337 338 339 340 341 342 343 344 345 346 347 348 349 350 351 352 353 354 355 356 357 358 359 360 361 362 363 364 365 366 367 368 369 370 371 372 373 374 375 376 377 378 379 380 381 382 383 384 385 386 387 388 389 390 391 392 393 394 395 397 398 399 400 401 402 403 404 405 406 407 408 409 410 411 412 413 414 415 416 417 418 419 420 421 422 423 424 425 426 427 428 429 430 431 432 433 434 435 436 437 438 439 440 441 442 443 444 445 446 447 448 449 450 451 452 453 454 455 456 457 458 459 460 461 462 463 464 465 466 467 468 469 470 471 472 473 474 475 476 477 478 479 480 481 482 483 484 485 486 487 488 489 490 491 492 493 494 495 496 497 498 499 500 501 502 503 504 505 506 507 508 509 510 511 512 513 514 515 516 517 518 519 520 521 522 523 524 525 526 527 528 529 530 531 532 533 534 535 536 537 538 539 540 541 542 543 544 545 546 547 548 549 550 551 552 553 554 555 556 557 558 559 560 561 562 563 564 565 566 567 568 569 570 571 572 573 574 575 576 577 578 579 580 581 582 583 584 585 586 587 588 589 590 591 592 593 594 595 596 597 598 599 600 601 602 603 604 605 606 607 608 609 610 611 612 613 614 615 616 617 618 619 620 621 622 623 624 625 626 627 628 629 630 631 632 633 634 635 636 637 638 639 640 641 642 643 644 645 646 647 648 649 650 651 652 653 654 655 656 657 658 659 660 661 662 663 664 665 666 667 668 669 670 671 672 673 674 675 676 677 678 679 680 681 682 683 684 685 686 687 688 689 690 691 692 693 694 695 696 697 698 699 700 701 702 703 704 705 706 707 708 709 710 711 712 713 714 715 716 717 718 719 720 721 722 723 724 725 726 727 728 729 730 731 732 733 734 735 736 737 738 739 740 741 742 743 744 745 746 747 748 749 750 751 752 753 754 755 756 757 758 759 760 761 762 763 764 765 766 767 768 769 770 771 772 773 774 775 776 777 778 779 780 781 782 783 784 785 786 787 788 789 790 791 792 793 794 795 796 797 798 799 800 801 802 803 804 805 806 807 808 809 810 811 812 813 814 815 816 817 818 819 820 821 822 823 824 825 826 827 828 829 830 831 832 833 834 835 836 837 838 839 840 841 842 843 844 845 846 847 848 849 850 851 852 853 854 855 856 857 858 859 860 861 862 863 864 865 866 867 868 869 870 871 872 873 874 875 876 877 878 879 880 881 882 883 884 885 886 887 888 889 890 891 892 893 894 895 896 897 898 899 900 901 902 903 904 905 906 907 908 909 910 911 912 913 914 915 916 917 918 919 920 921 922 923 924 925 926 927 928 929 930 931 932 933 934 935 7293 936 937 938 939 940 941 942 943 944 945 946 947 948 949 950 951 952 953 954 955 956 957 958 959 960 961 962 963 964 965 966 967 968 969 970 971 972 973 974 975 976 977 978 979 980 981 982 983 984 985 986 987 988 989 990 991 992 993 994 995 996 997 998 999 1000 1001 1002 1003 1004 1005 1006 1007 1008 1009 1010 1011 1012 1013 1014 1015 1016 1017 1018 1019 1020 1021 1022 1023 1024 1025 1026 1027 1028 1029 1030 1031 1032 1033 1034 1035 1036 1037 1038 1039 1040 1041 1042 1043 1044 1045 1046 1047 1048 1049 1050 1051 1052 1053 1054 1055 1056 1057 1058 1059 1060 1061 1062 1063 1064 1065 1066 1067 1068 1069 1070 1071 1072 1073 1074 1075 1076 1077 1078 1079 1080 1081 1082 1083 1084 1085 1086 1087 1088 1089 1090 1091 1092 1093 1094 1095 1096 1097 1098 1099 1100 1101 1102 1103 1104 1105 1106 1107 1108 1109 1110 1111 1112 1113 1114 1115 1116 1117 1118 1119 1120 1121 1122 1123 1124 1125 1126 1127 1128 1129 1130 1131 1132 1133 1134 1135 1136 1137 1138 1139 1140 1141 1142 1143 1144 1145 1146 1147 1148 1149 1150 1151 1152 1153 1154 1155 1156 1157 1158 1159 1160 1161 1162 1163 1164 1165 1166 1167 1168 1169 1170 1171 1172 1173 1174 1175 1176 1177 1178 1179 1180 1181 1182 1183 1184 1185 1186 1187 1188 1189 1190 1191 1192 1193 1194 1195 1196 1197 1198 1199 1200 1201 1202 1203 1204 1205 1206 1207 1208 1209 1210 1211 1212 1213 1214 1215 1216 1217 1218 1219 1220 1221 1222 1223 1224 1225 1226 1227 1228 1229 1230 1231 1232 1233 1234 1235 1236 1237 1238 1239 1240 1241 1242 1243 1244 1245 1246 1247 1248 1249 1250 1251 1252 1253 1254 1255 1256 1257 1258 1259 1260 1261 1262 1263 1264 1265 1266 1267 1268 1269 1270 1271 1272 1273 1274 1275 1276 1277 1278 1279 1280 1281 1282 1283 1284 1285 1286 1287 1288 1289 1290 1291 1292 1293 1294 1295 1296 1297 1298 1299 1300 1301 1302 1303 1304 1305 1306 1307 1308 1309 1310 1311 1312 1313 1314 1315 1316 1317 1318 1319 1320 1321 1322 1323 1324 1325 1326 1327 1328 1329 1330 1331 1332 1333 1334 1335 1336 7279 1337 1338 1339 1340 1341 1342 1343 1344 1345 1346 1347 1348 1349 1350 1351 1352 1353 1354 1355 1356 1357 1358 1359 1360 1361 1362 1363 1364 1365 1366 1367 1368 1369 1370 1371 1372 1373 1374 1375 1376 1377 1378 1379 1380 1381 1382 1383 1384 1385 1386 1387 1388 7280 1389 1390 1391 1392 1393 1394 1395 1396 1397 1398 1399 1400 1401 1402 1403 1404 1405 1406 1407 1408 1409 1410 1411 1412 1413 1414 1415 1416 1417 1418 1419 1420 1421 1422 1423 1424 1425 1426 1427 1428 1429 1430 1431 1432 1433 1434 1435 1436 1437 1438 1439 1440 1441 1442 1443 1444 1445 1446 1447 1448 1449 1450 1451 1452 1453 1454 1455 1456 1457 1458 1459 1460 1461 1462 1463 1464 1465 1466 1467 1468 1469 1470 1471 1472 1473 1474 1475 1476 1477 1478 1479 1480 1481 1482 1483 1484 1485 1486 1487 1488 1489 1490 1491 1492 1493 1494 1495 1496 1497 1498 1499 1500 1501 1502 1503 1504 1505 1506 1507 1508 1509 1510 1511 1512 1513 1514 1515 1516 1517 1518 1519 1520 1521 1522 1523 1524 1525 1526 1527 1528 1529 1530 1531 1532 1533 1534 1535 1536 1537 1538 1539 1540 1541 1542 1543 1544 1545 1546 1547 1548 1549 1550 1551 1552 1553 1554 1555 1556 1557 1558 1559 1560 1561 1562 1563 1564 1565 1566 1567 1568 1569 1570 1571 1572 1573 1574 1575 1576 1577 1578 1579 1580 1581 1582 1583 1584 1585 1586 1587 1588 1589 1590 1591 1592 1593 1594 1595 1596 1597 1598 1599 1600 1601 1602 1603 1604 1605 1606 1607 1608 1609 1610 1611 1612 1613 1614 1615 1616 1617 1618 1619 1620 1621 1622 1623 1624 1625 1626 1627 1628 1629 1630 1631 1632 1633 1634 1635 1636 1637 1638 1639 1640 1641 1642 1643 7281 1644 1645 1646 1647 1648 1649 1650 1651 1652 1653 1654 1655 1656 1657 1658 1659 1660 1661 1662 1663 1664 1665 1666 1667 1668 1669 1670 1671 1672 1673 1674 1675 1676 1677 1678 1679 1680 1681 1682 1683 1684 1685 1686 1687 1688 1689 1690 1691 1692 1693 1694 1695 1696 1697 1698 1699 1700 1701 1702 1703 1704 1705 1706 1707 1708 1709 1710 1711 1712 1713 1714 1715 1716 1717 1718 1719 1720 1721 1722 1723 1724 1725 1726 1727 1728 1729 1730 1731 1732 1733 1734 1735 1736 1737 1738 1739 1740 1741 1742 1743 1744 1745 1746 1747 1748 1749 1750 1751 1752 1753 1754 1755 1756 1757 1758 1759 1760 1761 1762 1763 1764 1765 1766 1767 1768 1769 1770 1771 1772 1773 1774 1775 1776 1777 1778 1779 1780 1781 1782 1783 1784 1785 1786 1787 1788 1789 1790 1791 1792 1793 1794 1795 1796 1797 1798 1799 1800 1801 1802 1803 1804 1805 1806 1807 1808 1809 1810 1811 1812 1813 1814 1815 1816 1817 1818 1819 1820 1821 1822 1823 1824 1825 1826 1827 1828 1829 1830 1831 1832 1833 1834 1835 1836 1837 1838 1839 1840 1841 1842 1843 1844 1845 1846 1847 1848 1849 1850 1851 1852 1853 1854 1855 1856 1857 1858 1859 1860 1861 1862 1863 1864 1865 1866 1867 1868 1869 1870 1871 1872 1873 1874 1875 1876 1877 1878 1879 1880 1881 1882 1883 1884 1885 1886 1887 1888 1889 1890 1891 1892 1893 1894 1895 1896 1897 1898 1899 1900 1901 1902 1903 1904 1905 1906 1907 1908 1909 1910 1911 1912 1913 1914 1915 1916 1917 1918 1919 1920 1921 1922 1923 1924 1925 1926 1927 1928 1929 1930 1931 1932 1933 1934 1935 1936 1937 1938 1939 1940 1941 1942 1943 1944 1945 1946 1947 1948 1949 1950 1951 1952 1953 1954 1955 1956 1957 1958 1959 1960 1961 1962 1963 1964 1965 1966 1967 1968 1969 1970 1971 1972 1973 1974 1975 1976 1977 1978 1979 1980 1981 1982 1983 1984 1985 1986 1987 1988 1989 1990 1991 1992 1993 1994 1995 1996 1997 1998 1999 2000 2001 2002 2003 2004 2005 2006 2007 2008 2009 2010 2011 2012 2013 2014 2015 2016 2017 2018 2019 2020 2021 2022 2023 2024 2025 2026 2027 2028 2029 2030 2031 2032 2033 2034 2035 2036 2037 2038 2039 2040 2041 2042 2043 2044 2045 2046 2047 2048 2049 2050 2051 2052 2053 2054 2055 2056 2057 2058 2059 2060 2061 2062 2063 2064 2065 2066 2067 2068 2069 2070 2071 2072 2073 2074 2075 2076 2077 2078 2079 2080 2081 2082 2083 2084 2085 2086 2087 2088 2089 2090 2091 2092 2093 2094 2095 2096 2097 2098 2099 2100 2101 2102 2103 2104 2105 2106 2107 2108 2109 2110 2111 2112 2113 2114 2115 2116 2117 2118 2119 2120 2121 2122 2123 2124 2125 2126 2127 2128 2129 2130 2131 2132 2133 2134 2135 2136 2137 2138 2139 2140 2141 2142 2143 2144 2145 2146 2147 2148 2149 2150 2151 2152 2153 2154 2155 2156 2157 2158 2159 2160 2161 2162 2163 2164 2165 2166 2167 2168 2169 2170 2171 2172 2173 2174 2175 2176 2177 2178 2179 2180 2181 2182 2183 2184 2185 2186 2187 2188 2189 2190 2191 2192 2193 2194 2195 2196 2197 2198 2199 2200 2201 2202 2203 2204 2205 2206 2207 2208 2209 2210 2211 2212 2213 2214 2215 2216 2217 2218 2219 2220 2221 2222 2223 2224 7297 2225 2226 2227 2228 2229 2230 2231 2232 2233 2234 2235 2236 2237 2238 2239 2240 2241 2242 2243 2244 2245 2246 2247 2248 2249 2250 2251 2252 2253 2254 2255 2256 2257 2258 2259 2260 2261 2262 2263 2264 2265 2266 2267 2268 2269 2270 2271 2272 2273 2274 2275 2276 2277 2278 2279 2280 2281 2282 2283 2284 2285 2286 2287 2288 2289 2290 2291 2292 2293 2294 2295 2296 2297 2298 2299 2300 2301 2302 2303 2304 2305 2306 2307 2308 2309 2310 2311 2312 2313 2314 2315 2316 2317 2318 2319 2320 2321 2322 2323 2324 2325 2326 2327 2328 2329 2330 2331 2332 2333 2334 2335 2336 2337 2338 2339 2340 2341 2342 2343 2344 2345 2346 2347 2348 2349 2350 2351 7298 2352 2353 2354 2355 2356 2357 2358 2359 2360 2361 2362 2363 2364 2365 2366 2367 2368 2369 2370 2371 2372 2373 2374 2375 2376 2377 2378 2379 2380 2381 2382 2383 2384 2385 2386 2387 2388 2389 2390 2391 2392 2393 2394 2395 2396 2397 2398 2399 2400 2401 2402 2403 2404 2405 2406 2407 2408 2409 2410 2411 2412 2413 2414 2415 2416 2417 2418 2419 2420 2421 2422 2423 2424 2425 2426 2427 2428 2429 2430 2431 2432 2433 2434 2435 2436 2437 2438 2439 2440 2441 2442 2443 2444 2445 2446 2447 2448 2449 2450 2451 2452 2453 2454 2455 2456 2457 2458 2459 2460 2461 2462 2463 2464 2465 2466 2467 2468 2469 2470 2471 7290 2472 2473 2474 2475 2476 2477 2478 2479 2480 2481 2482 2483 2484 2485 2486 2487 2488 2489 2490 2491 2492 2493 2494 2495 2496 2497 2498 2499 2500 2501 2502 2503 2504 2505 2506 2507 2508 2509 2510 2511 2512 2513 2514 2515 2516 2517 2518 2519 2520 2521 2522 2523 2524 2525 2526 2527 2528 2529 2530 2531 2532 2533 2534 2535 2536 2537 2538 2539 2540 2541 2542 2543 2544 2545 2546 2547 2548 2549 2550 2551 2552 2553 2554 2555 2556 2557 2558 2559 2560 2561 2562 2563 2564 2565 2566 2567 2568 2569 2570 2571 2572 2573 2574 2575 2576 2577 2578 2579 2580 2581 2582 2583 2584 2585 2586 2587 2588 2589 2590 2591 2592 2593 2594 2595 2596 2597 2598 2599 2600 2601 2602 2603 2604 2605 2606 2607 2608 2609 2610 2611 2612 2613 2614 2615 2616 2617 2618 2619 2620 2621 2622 2623 2624 2625 2626 2627 2628 2629 2630 2631 2632 2633 2634 2635 2636 2637 2638 2639 2640 2641 2642 2643 2644 2645 2646 2647 2648 2649 2650 2651 2652 2653 2654 2655 2656 2657 2658 2659 2660 2661 2662 2663 2664 2665 2666 2667 2668 2669 2670 2671 2672 2673 2674 2675 2676 2677 2678 2679 2680 2681 2682 2683 2684 2685 2686 2687 2688 2689 2690 2691 2692 2693 2694 2695 2696 2697 2698 2699 2700 2701 2702 2703 2704 2705 2706 2707 2708 2709 2710 2711 2712 2713 2714 2715 2716 2717 2718 2719 2720 2721 2722 2723 2724 2725 2726 2727 2728 2729 2730 2731 2732 2733 2734 2735 2736 2737 2738 2739 2740 2741 2742 2743 2744 2745 7284 2746 2747 2748 2749 2750 2751 2752 2753 2754 2755 2756 2757 2758 2759 2760 2761 2762 2763 2764 2765 2766 2767 2768 2769 2770 2771 2772 2773 2774 2775 2776 2777 2778 2779 2780 2781 2782 2783 2784 2785 2786 2787 2788 2789 2790 2791 2792 2793 2794 2795 2796 2797 2798 2799 2800 2801 2802 2803 2804 2805 2806 2807 2808 2809 2810 2811 2812 2813 2814 2815 2816 2817 2818 2819 2820 2821 2822 2823 2824 2825 2826 2827 2828 2829 2830 2831 2832 2833 2834 2835 2836 2837 2838 2839 2840 2841 2842 2843 2844 2845 2846 2847 2848 2849 2850 2851 2852 2853 2854 2855 2856 2857 2858 2859 2860 2861 2862 2863 2864 2865 2866 2867 2868 2869 2870 2871 2872 2873 2874 2875 2876 2877 2878 2879 2880 2881 2882 2883 2884 2885 2886 2887 2888 2889 2890 2891 2892 2893 2894 2895 2896 2897 2898 2899 2900 2901 2902 2903 2904 2905 2906 2907 2908 2909 2910 2911 2912 2913 2914 2915 2916 2917 2918 2919 2920 2921 2922 2923 2924 2925 2926 2927 2928 2929 2930 2931 2932 2933 2934 2935 2936 2937 2938 2939 2940 2941 2942 2943 2944 2945 2946 2947 2948 2949 2950 2951 2952 2953 2954 2955 2956 2957 2958 2959 2960 2961 2962 2963 2964 2965 2966 2967 2968 2969 2970 2971 2972 2973 2974 2975 2976 2977 2978 2979 2980 2981 2982 2983 2984 2985 2986 2987 2988 2989 2990 2991 2992 2993 2994 2995 2996 2997 2998 2999 3000 3001 3002 3003 3004 3005 3006 3007 3008 3009 3010 3011 3012 3013 3014 3015 3016 3017 3018 3019 3020 3021 3022 3023 3024 3025 3026 3027 3028 3029 3030 3031 3032 3033 3034 3035 3036 3037 3038 3039 3040 3041 3042 3043 3044 3045 3046 3047 3048 3049 3050 3051 3052 3053 3054 3055 3056 3057 3058 3059 3060 3061 3062 3063 3064 3065 3066 3067 3068 3069 3070 3071 3072 3073 3074 3075 3076 3077 3078 3079 3080 3081 3082 3083 3084 3085 3086 3087 3088 3089 3090 3091 3092 3093 3094 3095 3096 3097 3098 3099 3100 3101 3102 3103 3104 3105 3106 3107 3108 3109 3110 3111 3112 3113 3114 3115 3116 3117 3118 3119 3120 3121 3122 3123 3124 3125 3126 3127 3128 3129 3130 3131 3132 3133 3134 3135 3136 3137 3138 3139 3140 3141 3142 3143 3144 3145 3146 3147 3148 3149 3150 3151 3152 3153 3154 3155 3156 3157 3158 3159 3160 3161 3162 3163 3164 3165 3166 3167 3168 3169 3170 3171 3172 3173 3174 3175 3176 3177 3178 3179 3180 3181 3182 3183 3184 3185 3186 3187 3188 3189 3190 3191 3192 3193 3194 3195 3196 3197 3198 3199 3200 3201 3202 3203 3204 3205 3206 3207 3208 3209 3210 3211 3212 3213 3214 3215 3216 3217 3218 3219 3220 3221 3222 3223 3224 3225 3226 3227 3228 3229 3230 3231 3232 3233 3234 3235 3236 3237 3238 3239 3240 3241 3242 3243 3244 3245 3246 3247 3248 3249 3250 3251 3252 3253 3254 3255 3256 3257 3258 3259 3260 3261 3262 3263 3264 3265 3266 3267 3268 3269 3270 3271 3272 3273 3274 3275 3276 3277 3278 3279 3280 3281 3282 3283 3284 3285 3286 3287 3288 3289 3290 3291 3292 3293 3294 3295 3296 3297 3298 3299 3300 3301 3302 3303 3304 3305 3306 3307 3308 3309 3310 3311 3312 3313 3314 3315 3316 3317 3318 3319 3320 3321 3322 3323 3324 3325 3326 3327 3328 3329 3330 3331 3332 3333 3334 3335 3336 3337 3338 3339 3340 3341 3342 3343 3344 3345 3346 3347 3348 3349 3350 3351 3352 3353 3354 3355 3356 3357 3358 3359 3360 3361 3362 3363 3364 3365 3366 3367 3368 3369 3370 3371 3372 3373 3374 3375 3376 3377 3378 3379 3380 3381 3382 3383 3384 3385 3386 3387 3388 3389 3390 3391 3392 3393 3394 3395 3396 3397 3398 3399 3400 3401 3402 3403 3404 3405 3406 3407 3408 3409 3410 3411 3412 3413 3414 3415 3416 3417 3418 3419 3420 3421 3422 3423 3424 3425 3426 3427 7285 3428 3429 3430 3431 3432 3433 3434 3435 3436 3437 3438 3439 3440 3441 3442 3443 3444 3445 3446 3447 3448 3449 3450 3451 3452 3453 3454 3455 3456 3457 3458 3459 3460 3461 3462 3463 3464 3465 3466 3467 3468 3469 3470 3471 3472 3473 3474 3475 3476 3477 3478 3479 3480 3481 3482 3483 3484 3485 3486 3487 3488 3489 3490 3491 3492 3493 3494 3495 3496 3497 3498 3499 3500 3501 3502 3503 3504 3505 3506 3507 3508 3509 3510 3511 3512 3513 3514 3515 3516 3517 3518 3519 3520 3521 3522 3523 3524 3525 3526 3527 3528 3529 3530 3531 3532 3533 3534 3535 3536 3537 3538 3539 3540 3541 3542 3543 3544 3545 3546 3547 3548 3549 3550 3551 3552 3553 3554 3555 3556 3557 3558 3559 3560 3561 3562 3563 3564 3565 3566 3567 3568 3569 3570 3571 3572 3573 3574 3575 3576 3577 3578 3579 3580 3581 3582 3583 3584 3585 3586 3587 3588 3589 3590 3591 3592 3593 3594 3595 3596 3597 3598 3599 3600 3601 3602 3603 3604 3605 3606 3607 3608 3609 3610 3611 3612 3613 3614 3615 3616 3617 3618 3619 3620 3621 3622 3623 3624 3625 3626 3627 3628 3629 3630 3631 3632 3633 3634 3635 3636 3637 3638 3639 3640 3641 3642 3643 3644 3645 3646 3647 3648 3649 3650 3651 3652 3653 3654 3655 3656 3657 3658 3659 3660 3661 3662 3663 3664 3665 3666 3667 3668 3669 3670 3671 3672 3673 3674 3675 3676 3677 3678 3679 3680 3681 3682 3683 3684 3685 3686 3687 3688 3689 3690 3691 3692 3693 3694 3695 3696 3697 3698 3699 3700 3701 3702 3703 3704 3705 3706 3707 3708 3709 3710 3711 3712 3713 3714 3715 3716 3717 3718 3719 3720 3721 3722 3723 3724 3725 3726 3727 3728 3729 3730 3731 3732 3733 3734 3735 3736 3737 3738 3739 3740 3741 3742 3743 3744 3745 3746 3747 3748 3749 3750 3751 3752 3753 3754 3755 3756 3757 3758 3759 3760 3761 3762 3763 3764 3765 3766 3767 3768 3769 3770 3771 3772 3773 3774 3775 3776 3777 3778 3779 3780 3781 3782 3783 3784 3785 3786 3787 3788 3789 3790 3791 3792 3793 3794 3795 3796 3797 3798 3799 3800 3801 3802 3803 3804 3805 3806 3807 3808 3809 3810 3811 3812 3813 3814 3815 3816 3817 3818 3819 3820 3821 3822 3823 3824 3825 3826 3827 3828 3829 3830 3831 3832 3833 3834 3835 3836 3837 3838 3839 3840 3841 3842 3843 3844 3845 3846 3847 3848 3849 3850 3851 3852 3853 3854 3855 3856 3857 3858 3859 3860 3861 3862 3863 3864 3865 3866 3867 3868 3869 3870 3871 3872 3873 3874 3875 3876 3877 3878 3879 3880 3881 3882 3883 3884 3885 3886 3887 3888 3889 3890 3891 3892 3893 3894 3895 3896 3897 3898 3899 3900 3901 3902 3903 3904 3905 3906 3907 3908 3909 3910 3911 3912 3913 3914 3915 3916 3917 3918 3919 3920 3921 3922 3923 3924 3925 3926 3927 3928 3929 3930 3931 3932 3933 3934 3935 3936 3937 3938 3939 3940 3941 3942 3943 3944 3945 3946 3947 3948 3949 3950 3951 3952 3953 3954 3955 3956 3957 3958 3959 3960 3961 3962 3963 3964 3965 3966 3967 3968 3969 3970 3971 3972 3973 3974 3975 3976 3977 3978 3979 3980 3981 3982 3983 3984 3985 3986 3987 3988 3989 3990 3991 3992 3993 3994 3995 3996 3997 3998 3999 4000 4001 4002 4003 4004 4005 4006 4007 4008 4009 4010 4011 4012 4013 4014 4015 4016 4017 4018 4019 4020 4021 4022 4023 4024 4025 4026 4027 4028 4029 4030 4031 4032 4033 4034 4035 4036 4037 4038 4039 4040 4041 4042 4043 4044 4045 4046 4047 4048 4049 4050 4051 4052 4053 4054 4055 4056 4057 4058 4059 4060 4061 4062 4063 4064 4065 4066 4067 4068 4069 4070 4071 4072 4073 4074 4075 4076 4077 4078 4079 4080 4081 4082 4083 4084 4085 4086 4087 4088 4089 4090 4091 4092 4093 4094 4095 4096 4097 4098 4099 4100 4101 4102 4103 4104 4105 4106 4107 4108 4109 4110 4111 4112 4113 4114 4115 4116 4117 4118 4119 4120 4121 4122 4123 4124 4125 4126 4127 4128 4129 4130 4131 4132 4133 4134 4135 4136 4137 4138 4139 4140 4141 4142 4143 4144 4145 4146 4147 4148 4149 4150 4151 4152 4153 4154 4155 4156 4157 4158 4159 4160 4161 4162 4163 4164 4165 4166 4167 4168 4169 4170 4171 4172 4173 4174 4175 4176 4177 4178 4179 4180 4181 4182 4183 4184 4185 4186 4187 4188 4189 4190 4191 4192 4193 4194 4195 4196 4197 4198 4199 4200 4201 4202 4203 4204 4205 4206 4207 4208 4209 4210 4211 4212 4213 4214 4215 4216 4217 4218 4219 4220 4221 4222 4223 4224 4225 4226 4227 4228 4229 4230 4231 4232 4233 4234 4235 4236 4237 4238 4239 4240 4241 4242 4243 4244 4245 4246 4247 4248 4249 4250 4251 4252 4253 4254 4255 4256 4257 4258 4259 4260 4261 4262 4263 4264 4265 4266 4267 4268 4269 4270 4271 4272 4273 4274 4275 4276 4277 4278 4279 4280 4281 4282 4283 4284 4285 4286 4287 4288 4289 4290 4291 4292 4293 4294 4295 4296 4297 4298 4299 4300 4301 4302 4303 4304 4305 4306 4307 4308 4309 4310 4311 4312 4313 4314 4315 4316 4317 4318 4319 4320 4321 4322 4323 4324 4325 4326 4327 4328 4329 4330 4331 4332 4333 4334 4335 4336 4337 4338 4339 4340 4341 4342 4343 4344 4345 4346 4347 4348 4349 4350 4351 4352 4353 4354 4355 4356 4357 4358 4359 4360 4361 4362 4363 4364 4365 4366 4367 4368 4369 4370 4371 4372 4373 4374 4375 4376 4377 4378 4379 4380 4381 4382 4383 4384 4385 4386 4387 4388 4389 4390 4391 4392 4393 4394 4395 4396 4397 4398 4399 4400 4401 4402 4403 4404 4405 4406 4407 4408 4409 4410 4411 4412 4413 4414 4415 4416 4417 4418 4419 4420 4421 4422 4423 4424 4425 4426 4427 4428 4429 4430 4431 4432 4433 4434 4435 4436 4437 4438 4439 4440 4441 4442 4443 4444 4445 4446 4447 4448 4449 4450 4451 4452 4453 4454 4455 4456 4457 4458 4459 4460 4461 4462 4463 4464 4465 4466 7294 4467 4468 4469 4470 4471 4472 4473 4474 4475 4476 4477 4478 4479 4480 4481 4482 4483 4484 4485 4486 4487 4488 4489 4490 4491 4492 4493 4494 4495 4496 4497 4498 4499 4500 4501 4502 4503 4504 4505 4506 4507 4508 4509 4510 4511 4512 4513 4514 4515 4516 4517 4518 4519 4520 4521 4522 4523 4524 4525 4526 4527 4528 4529 4530 4531 4532 4533 4534 4535 4536 4537 4538 4539 4540 4541 4542 4543 4544 4545 4546 4547 4548 4549 4550 4551 4552 4553 4554 4555 4556 4557 4558 4559 4560 4561 4562 4563 4564 4565 4566 4567 4568 4569 4570 4571 4572 4573 4574 4575 4576 4577 4578 4579 4580 4581 4582 4583 4584 4585 4586 4587 4588 4589 4590 4591 4592 4593 4594 4595 4596 4597 4598 4599 4600 4601 4602 4603 4604 4605 4606 4607 4608 4609 4610 4611 4612 4613 4614 4615 4616 4617 4618 4619 4620 4621 4622 4623 4624 4625 4626 4627 4628 4629 4630 4631 4632 4633 4634 4635 4636 4637 4638 4639 4640 4641 4642 4643 4644 4645 4646 4647 4648 4649 4650 4651 4652 4653 4654 4655 4656 4657 4658 4659 4660 4661 4662 4663 4664 4665 4666 4667 4668 4669 4670 4671 4672 4673 4674 4675 4676 4677 4678 4679 4680 4681 4682 4683 4684 4685 4686 4687 4688 4689 4690 4691 4692 4693 4694 4695 4696 4697 4698 4699 4700 4701 4702 4703 4704 4705 4706 4707 4708 4709 4710 4711 4712 4713 4714 4715 4716 4717 4718 4719 4720 4721 4722 4723 4724 4725 4726 4727 4728 4729 4730 4731 4732 4733 4734 4735 4736 4737 4738 4739 4740 4741 4742 4743 4744 4745 4746 4747 4748 4749 4750 4751 4752 4753 4754 4755 4756 4757 4758 4759 4760 4761 4762 4763 4764 4765 4766 4767 4768 4769 4770 4771 4772 4773 4774 4775 4776 4777 4778 4779 4780 4781 4782 4783 4784 4785 4786 4787 4788 4789 4790 4791 4792 4793 4794 4795 4796 4797 4798 4799 4800 4801 4802 4803 4804 4805 4806 4807 4808 4809 4810 4811 4812 4813 4814 4815 4816 4817 4818 4819 4820 4821 4822 4823 4824 4825 4826 4827 4828 4829 4830 4831 4832 4833 4834 4835 4836 4837 4838 4839 4840 4841 4842 4843 4844 4845 4846 4847 4848 4849 4850 4851 4852 4853 4854 4855 4856 4857 4858 4859 4860 4861 4862 4863 4864 4865 4866 4867 4868 4869 4870 4871 4872 4873 4874 4875 4876 4877 4878 4879 4880 4881 4882 4883 4884 4885 4886 4887 4888 4889 4890 4891 4892 4893 4894 4895 4896 4897 4898 4899 4900 4901 4902 4903 4904 4905 4906 4907 4908 4909 4910 4911 4912 4913 4914 4915 4916 4917 4918 4919 4920 4921 4922 4923 4924 4925 4926 4927 4928 4929 4930 4931 4932 4933 4934 4935 4936 4937 4938 4939 4940 4941 4942 4943 4944 4945 4946 4947 4948 4949 4950 4951 4952 4953 4954 4955 4956 4957 4958 4959 4960 4961 4962 4963 4964 4965 4966 4967 4968 4969 4970 4971 4972 4973 4974 4975 4976 4977 4978 4979 4980 4981 4982 4983 4984 4985 4986 4987 4988 4989 4990 4991 4992 4993 4994 4995 4996 4997 4998 4999 5000 5001 5002 5003 5004 5005 5006 5007 5008 5009 5010 5011 5012 5013 5014 5015 5016 5017 5018 5019 5020 5021 5022 5023 5024 5025 5026 5027 5028 5029 5030 5031 5032 5033 5034 5035 5036 5037 5038 5039 5040 5041 5042 5043 5044 5045 5046 5047 5048 5049 5050 5051 5052 5053 5054 5055 5056 5057 5058 5059 5060 5061 5062 5063 5064 5065 5066 5067 5068 5069 5070 5071 5072 5073 5074 5075 5076 5077 5078 5079 5080 5081 5082 5083 5084 5085 5086 5087 5088 5089 5090 5091 5092 5093 5094 5095 5096 5097 5098 5099 5100 5101 5102 5103 5104 5105 5106 5107 5108 5109 5110 5111 5112 5113 5114 5115 5116 5117 5118 5119 5120 5121 5122 5123 5124 5125 5126 5127 5128 5129 5130 5131 5132 5133 5134 5135 5136 5137 5138 5139 5140 5141 5142 5143 5144 5145 5146 5147 5148 5149 5150 5151 5152 5153 5154 5155 5156 5157 5158 5159 5160 5161 5162 5163 5164 5165 5166 5167 5168 5169 5170 5171 5172 5173 5174 5175 5176 5177 5178 5179 5180 5181 5182 5183 5184 5185 5186 5187 5188 5189 5190 5191 5192 5193 5194 5195 5196 5197 5198 5199 5200 5201 5202 5203 5204 5205 5206 5207 5208 5209 5210 5211 5212 5213 5214 5215 5216 5217 5218 5219 5220 5221 5222 5223 5224 5225 5226 5227 5228 5229 5230 5231 5232 5233 5234 5235 5236 5237 5238 5239 5240 5241 5242 5243 5244 5245 5246 5247 5248 5249 5250 5251 5252 5253 5254 5255 5256 5257 5258 5259 5260 5261 5262 5263 5264 5265 5266 5267 5268 5269 5270 5271 5272 5273 5274 5275 5276 5277 5278 5279 5280 5281 5282 5283 5284 5285 5286 7299 5287 5288 5289 5290 5291 5292 5293 5294 5295 5296 5297 5298 5299 5300 5301 5302 5303 5304 5305 5306 5307 5308 5309 5310 5311 5312 5313 5314 5315 5316 5317 5318 5319 5320 5321 5322 5323 5324 5325 5326 5327 5328 5329 5330 5331 5332 5333 5334 5335 5336 5337 5338 5339 5340 5341 5342 5343 5344 5345 5346 5347 5348 5349 5350 5351 5352 5353 5354 5355 5356 5357 5358 5359 5360 5361 5362 5363 5364 5365 5366 5367 5368 5369 5370 5371 5372 5373 5374 5375 5376 5377 5378 5379 5380 5381 5382 5383 5384 5385 5386 5387 5388 5389 5390 5391 5392 5393 5394 5395 5396 5397 5398 5399 5400 5401 5402 5403 5404 5405 5406 5407 5408 5409 5410 5411 5412 5413 5414 5415 5416 5417 5418 5419 5420 5421 5422 5423 5424 5425 5426 5427 5428 5429 5430 5431 5432 5433 5434 5435 5436 5437 5438 5439 5440 5441 5442 5443 5444 5445 5446 5447 5448 5449 5450 5451 5452 5453 5454 5455 5456 5457 5458 5459 5460 5461 5462 5463 5464 5465 5466 5467 5468 5469 5470 5471 5472 5473 5474 5475 5476 5477 5478 5479 5480 5481 5482 5483 5484 5485 5486 5487 5488 5489 5490 5491 5492 5493 5494 5495 5496 5497 5498 5499 5500 5501 5502 5503 5504 5505 5506 5507 5508 5509 5510 5511 5512 5513 5514 5515 5516 5517 5518 5519 5520 5521 5522 5523 5524 5525 5526 5527 5528 5529 5530 5531 5532 5533 5534 5535 5536 5537 5538 5539 5540 5541 5542 5543 5544 5545 5546 5547 5548 5549 5550 5551 5552 5553 5554 5555 5556 5557 5558 5559 5560 5561 5562 5563 5564 5565 5566 5567 5568 5569 5570 5571 5572 5573 5574 5575 5576 5577 5578 5579 5580 5581 5582 5583 5584 5585 5586 5587 5588 5589 5590 5591 5592 5593 5594 5595 5596 5597 5598 5599 5600 5601 5602 5603 5604 5605 5606 5607 5608 5609 5610 5611 5612 5613 5614 5615 5616 5617 5618 5619 5620 5621 5622 5623 5624 5625 5626 5627 5628 5629 5630 5631 5632 5633 5634 5635 5636 5637 5638 5639 5640 5641 5642 5643 5644 5645 5646 5647 5648 5649 5650 5651 5652 5653 5654 5655 5656 5657 5658 5659 5660 5661 5662 5663 5664 5665 5666 5667 5668 5669 5670 5671 5672 5673 5674 5675 5676 5677 5678 5679 5680 5681 5682 5683 5684 5685 5686 5687 5688 5689 5690 5691 5692 5693 5694 5695 5696 5697 5698 5699 5700 5701 5702 5703 5704 5705 5706 5707 5708 5709 5710 5711 5712 5713 5714 5715 5716 5717 5718 5719 5720 5721 5722 5723 5724 5725 5726 5727 5728 5729 5730 5731 5732 5733 5734 5735 5736 5737 5738 5739 5740 5741 5742 5743 5744 5745 5746 5747 5748 5749 5750 5751 5752 5753 5754 5755 5756 5757 5758 5759 5760 5761 5762 5763 5764 5765 5766 5767 5768 5769 5770 5771 5772 5773 5774 5775 5776 5777 5778 5779 5780 5781 5782 5783 5784 5785 5786 5787 5788 5789 5790 5791 5792 5793 5794 5795 5796 5797 5798 5799 5800 5801 5802 5803 5804 5805 5806 5807 5808 5809 5810 5811 5812 5813 5814 5815 5816 5817 5818 5819 5820 5821 5822 5823 5824 5825 5826 5827 5828 5829 5830 5831 5832 5833 5834 5835 5836 5837 5838 5839 5840 5841 5842 5843 5844 5845 5846 5847 5848 5849 5850 5851 5852 5853 5854 5855 5856 5857 5858 5859 5860 5861 5862 5863 5864 5865 5866 5867 5868 5869 5870 5871 5872 5873 5874 5875 5876 5877 5878 5879 5880 5881 5882 5883 5884 5885 5886 5887 5888 5889 5890 5891 5892 5893 5894 5895 5896 5897 5898 5899 5900 5901 5902 5903 5904 5905 5906 5907 5908 5909 5910 5911 5912 5913 5914 5915 5916 5917 5918 5919 5920 5921 5922 5923 5924 5925 5926 5927 5928 5929 5930 5931 5932 5933 5934 5935 5936 5937 5938 5939 5940 5941 5942 5943 5944 5945 5946 5947 5948 5949 5950 5951 5952 5953 5954 5955 5956 5957 5958 5959 5960 5961 5962 5963 5964 5965 5966 5967 5968 5969 5970 5971 5972 5973 5974 5975 5976 5977 5978 5979 5980 5981 5982 5983 5984 5985 5986 5987 5988 5989 5990 5991 5992 5993 5994 5995 5996 5997 5998 5999 6000 6001 6002 6003 6004 6005 6006 6007 6008 6009 6010 6011 6012 6013 6014 6015 6016 6017 6018 6019 6020 6021 6022 6023 6024 6025 6026 6027 6028 6029 6030 6031 6032 6033 6034 6035 6036 6037 6038 6039 6040 6041 6042 6043 6044 6045 6046 6047 6048 6049 6050 6051 6052 6053 6054 6055 6056 6057 6058 6059 6060 6061 6062 6063 6064 6065 6066 6067 6068 6069 6070 6071 6072 6073 6074 6075 6076 6077 6078 6079 6080 6081 6082 6083 6084 6085 6086 6087 6088 6089 6090 6091 6092 6093 6094 6095 6096 6097 6098 6099 6100 6101 6102 6103 6104 6105 6106 6107 6108 6109 6110 6111 6112 6113 6114 6115 6116 6117 6118 6119 6120 6121 6122 6123 6124 6125 6126 6127 6128 6129 6130 6131 6132 6133 6134 6135 6136 6137 6138 6139 6140 6141 6142 6143 6144 6145 6146 6147 6148 6149 6150 6151 6152 6153 6154 6155 6156 6157 6158 6159 6160 6161 6162 6163 6164 6165 6166 6167 6168 6169 6170 6171 6172 6173 6174 6175 6176 6177 6178 6179 6180 6181 6182 6183 6184 6185 6186 6187 6188 6189 6190 6191 6192 6193 6194 6195 6196 6197 6198 6199 6200 6201 6202 6203 6204 6205 6206 6207 6208 6209 6210 6211 6212 6213 6214 6215 6216 6217 6218 6219 6220 6221 6222 6223 6224 6225 6226 6227 6228 6229 6230 6231 6232 6233 6234 6235 6236 6237 6238 6239 6240 6241 6242 6243 6244 6245 6246 6247 6248 6249 6250 6251 6252 6253 6254 6255 6256 6257 6258 6259 6260 6261 6262 6263 6264 6265 6266 6267 6268 6269 6270 6271 6272 6273 6274 6275 6276 6277 6278 6279 6280 6281 6282 6283 6284 6285 6286 6287 6288 6289 6290 6291 6292 6293 6294 6295 6296 6297 6298 6299 6300 6301 6302 6303 6304 6305 6306 6307 6308 6309 6310 6311 6312 6313 6314 6315 6316 6317 6318 6319 6320 6321 6322 6323 6324 6325 6326 6327 6328 6329 6330 6331 6332 6333 6334 6335 6336 6337 6338 6339 6340 6341 6342 6343 6344 6345 6346 6347 6348 6349 6350 6351 6352 6353 6354 6355 6356 6357 6358 6359 6360 6361 6362 6363 6364 6365 6366 6367 6368 6369 6370 6371 6372 6373 6374 6375 6376 6377 6378 6379 6380 6381 6382 6383 6384 6385 6386 6387 6388 6389 6390 6391 6392 6393 6394 6395 6396 6397 6398 6399 6400 6401 6402 6403 6404 6405 6406 6407 6408 6409 6410 6411 6412 6413 6414 6415 6416 6417 6418 6419 6420 6421 6422 6423 6424 6425 6426 6427 6428 6429 6430 6431 6432 6433 6434 7291 6435 6436 6437 6438 6439 6440 6441 6442 6443 6444 6445 6446 6447 6448 6449 6450 6451 6452 6453 6454 6455 6456 6457 6458 6459 6460 6461 6462 6463 6464 6465 6466 6467 6468 6469 6470 6471 6472 6473 6474 6475 6476 6477 6478 6479 6480 6481 6482 6483 6484 6485 6486 6487 6488 6489 6490 6491 6492 6493 6494 6495 6496 6497 6498 6499 6500 6501 6502 6503 6504 6505 6506 6507 6508 6509 6511 6512 6513 6514 6515 6516 6517 6518 6519 6520 6521 6522 6523 6524 6525 6526 6527 6528 6529 6530 6531 6532 6533 6534 6535 6536 6537 6538 6539 6540 6541 6542 6543 6544 6545 6546 6547 6548 6549 6550 6551 6552 6553 6554 6555 6556 6557 6558 6559 6560 6561 6562 6563 6564 6565 6566 6567 6568 6569 6570 6571 6572 6573 6574 6575 6576 6577 6578 6579 6580 6581 6582 6583 6584 6585 6586 6587 6588 6589 6590 6591 6592 6593 6594 6595 6596 6597 6598 6599 6600 6601 6602 6603 6604 6605 6606 6607 6608 6609 6610 6611 6612 6613 6614 6615 6616 6617 6618 6619 6620 6621 6622 6623 6624 6625 6626 6627 6628 6629 6630 6631 6632 6633 6634 6635 6636 6637 6638 6639 6640 6641 6642 6643 6644 6645 6646 6647 6648 6649 6650 6651 6652 6653 6654 6655 6656 6657 6658 6659 6660 6661 6662 6663 6664 6665 6666 6667 6668 6669 6670 6671 6672 6673 6674 6675 6676 6677 6678 6679 6680 6681 6682 6683 6684 6685 6686 6687 6688 6689 6690 6691 6692 6693 6694 6695 6696 6697 6698 6699 6700 6701 6702 6703 6704 6705 6706 6707 6708 6709 6710 6711 6712 6713 6714 6715 6716 6717 6718 6719 6720 6721 6722 6723 6724 6725 6726 6727 6728 6729 6730 6731 6732 6733 6734 6735 6736 6737 6738 6739 6740 6741 6742 6743 6744 6745 6746 6747 6748 6749 6750 6751 6752 6753 6754 6755 6756 6757 6758 6759 6760 6761 6762 6763 6764 6765 6766 6767 6768 6769 6770 6771 6772 6773 6774 6775 6776 6777 6778 6779 6780 6781 6782 6783 6784 6785 6786 6787 6788 6789 6790 6791 6792 6793 6794 6795 6796 6797 6798 6799 6800 6801 6802 6803 6804 6805 6806 6807 6808 6809 6810 6811 6812 6813 6814 6815 6816 6817 6818 6819 6820 6821 6822 6823 6824 6825 6826 6827 6828 6829 6830 6831 6832 6833 6834 6835 6836 6837 6838 6839 6840 6841 6842 6843 6844 6845 6846 6847 6848 6849 6850 6851 6852 6853 6854 6855 6856 6857 6858 6859 6860 6861 6862 6863 6864 6865 6866 6867 6868 6869 6870 6871 6872 6873 6874 6875 6876 6877 6878 6879 6880 6881 6882 6883 6884 6885 6886 6887 6888 6889 6890 6891 6892 6893 6894 6895 6896 6897 6898 6899 6900 6901 6902 6903 6904 6905 6906 6907 6908 6909 6910 6911 6912 6913 6914 6915 6916 6917 6918 6919 6920 6921 6922 6923 6924 6925 6926 6927 6928 6929 6930 6931 6932 6933 6934 6935 6936 6937 6938 6939 6940 6941 6942 6943 6944 6945 6946 6947 6948 6949 6950 6951 6952 6953 6954 6955 6956 6957 6958 6959 6960 6961 6962 6963 6964 6965 6966 6967 6968 6969 6970 6971 6972 6973 6974 6975 6976 6977 6978 6979 6980 6981 6982 6983 6984 6985 6986 6987 6988 6989 6990 6991 6992 6993 6994 6995 6996 6997 6998 6999 7000 7001 7002 7003 7004 7005 7006 7007 7008 7009 7010 7011 7012 7013 7014 7015 7016 7017 7018 7019 7020 7021 7022 7023 7024 7025 7026 7027 7028 7029 7030 7031 7032 7033 7034 7035 7036 7037 7038 7039 7040 7041 7042 7043 7044 7045 7046 7047 7048 7049 7050 7051 7052 7053 7054 7055 7056 7057 7058 7059 7060 7061 7062 7063 7064 7065 7066 7067 7068 7069 7070 7071 7072 7073 7074 7075 7076 7077 7078 7079 7080 7081 7082 7083 7084 7085 7086 7087 7088 7089 7090 7091 7092 7093 7094 7095 7096 7097 7098 7099 7100 7101 7102 7103 7104 7105 7106 7107 7108 7109 7110 7111 7112 7113 7114 7115 7116 7117 7118 7119 7120 7121 7122 7123 7124 7125 7126 7127 7128 7129 7130 7131 7132 7133 7134 7135 7136 7137 7138 7139 7140 7141 7142 7143 7144 7145 7146 7147 7148 7149 7150 7151 7152 7153 7154 7155 7156 7157 7158 7159 7160 7161 7162 7163 7164 7165 7166 7167 7168 7169 7170 7171 7172 7173 7174 7175 7176 7177 7178 7179 7180 7181 7182 7183 7184 7185 7186 7187 7188 7189 7190 7191 7192 7193 7194 7195 7196 7197 7198 7199 7200 7201 7202 7203 7204 7205 7206 7207 7208 7209 7210 7211 7212 7213 7214 7215 7216 7217 7218 7219 7220 7221 7222 7223 7224 7225 7226 7227 7228 7229 7230 7231 7232 7233 7234 7235 7236 7237 7238 7239 7240 7241 7242 7243 7244 7245 7246 7247 7248 7249 7250 7251 7252 7253 7254 7255 7256 7257 7258 7259 7260 7261 7262 7263 7264 7265 7266 7267 7268 7269 7270 7271 7272 7273 7274 7275 7276 7277 7278
Population went extinct at generation 86104
