cycle,Population_size,Deleterious_muts,Beneficial_muts,Mean_fitness,Intrinsic_fitness
1,1000,0,0,1.0,1.0
101,695,1259,4,0.548942,0.381515
201,689,1440,1,0.523042,0.360376
301,651,1408,4,0.539239,0.351045
401,687,1425,4,0.545183,0.374541
501,687,1444,2,0.56324,0.386946
601,675,1455,4,0.549093,0.370638
701,654,1451,6,0.593193,0.387948
801,696,1482,4,0.572244,0.398282
901,654,1383,6,0.575045,0.376079
1001,653,1390,4,0.551347,0.360029
1101,699,1444,6,0.571864,0.399733
1201,657,1461,8,0.538943,0.354086
1301,641,1418,6,0.543422,0.348333
1401,682,1511,9,0.546192,0.372503
1501,670,1520,10,0.559251,0.374698
1601,646,1568,13,0.541757,0.349975
1701,660,1450,4,0.553167,0.36509
1801,651,1450,5,0.541192,0.352316
1901,650,1473,10,0.587155,0.381651
2001,654,1437,8,0.550692,0.360153
2101,671,1507,6,0.546444,0.366664
2201,630,1463,7,0.554261,0.349185
2301,675,1510,4,0.549912,0.371191
2401,665,1466,7,0.541732,0.360252
2501,640,1425,4,0.558237,0.357271
2601,649,1483,9,0.525964,0.341351
2701,668,1530,6,0.525364,0.350943
2801,633,1450,6,0.5614,0.355366
2901,644,1452,5,0.560125,0.360721
3001,641,1489,7,0.546064,0.350027
3101,644,1521,5,0.567751,0.365631
3201,686,1471,8,0.544092,0.373247
3301,654,1482,5,0.558078,0.364983
3401,648,1453,10,0.556124,0.360368
3501,646,1469,6,0.559052,0.361148
3601,646,1510,9,0.565693,0.365437
3701,666,1525,8,0.549691,0.366094
3801,654,1548,8,0.546895,0.357669
3901,633,1514,7,0.569195,0.360301
4001,626,1502,10,0.562766,0.352291
4101,637,1493,7,0.544682,0.346963
4201,632,1514,7,0.555963,0.351369
4301,652,1551,8,0.568267,0.37051
4401,698,1500,8,0.553871,0.386602
4501,664,1547,7,0.56777,0.376999
4601,644,1502,7,0.568336,0.366009
4701,660,1477,8,0.568043,0.374909
4801,658,1466,9,0.5623,0.369993
4901,680,1504,7,0.548016,0.372651
5001,650,1474,10,0.540996,0.351647
5101,683,1503,7,0.563641,0.384966
5201,668,1537,7,0.57213,0.382183
5301,637,1544,9,0.58527,0.372817
5401,666,1518,8,0.589635,0.392697
5501,668,1495,8,0.566383,0.378344
5601,620,1464,10,0.547218,0.339275
5701,686,1441,10,0.547501,0.375585
5801,703,1528,10,0.541949,0.38099
5901,676,1482,14,0.565799,0.38248
6001,676,1519,9,0.546807,0.369642
6101,655,1558,8,0.571393,0.374263
6201,681,1518,11,0.541071,0.36847
6301,640,1463,15,0.540319,0.345804
6401,629,1509,10,0.536967,0.337752
6501,629,1468,12,0.543488,0.341854
6601,605,1494,11,0.544029,0.329137
6701,666,1571,10,0.575693,0.383411
6801,649,1490,11,0.570737,0.370408
6901,663,1522,12,0.564701,0.374397
7001,644,1477,13,0.551511,0.355173
7101,635,1526,8,0.545175,0.346186
7201,633,1493,12,0.542164,0.34319
7301,650,1477,11,0.54516,0.354354
7401,631,1481,11,0.576733,0.363918
7501,683,1507,13,0.575991,0.393402
7601,654,1518,10,0.549723,0.359519
7701,638,1502,8,0.570858,0.364207
7801,646,1491,12,0.531624,0.343429
7901,681,1586,9,0.546843,0.3724
8001,671,1536,8,0.561951,0.377069
8101,618,1478,10,0.555306,0.343179
8201,681,1440,12,0.541768,0.368944
8301,657,1470,13,0.557491,0.366271
8401,617,1559,7,0.580499,0.358168
8501,654,1551,10,0.557407,0.364544
8601,680,1518,10,0.543857,0.369823
8701,646,1496,7,0.520806,0.336441
8801,641,1516,9,0.548763,0.351757
8901,660,1479,7,0.583908,0.38538
9001,686,1482,7,0.572832,0.392963
9101,647,1496,7,0.550974,0.35648
9201,620,1527,10,0.535603,0.332074
9301,645,1527,9,0.589508,0.380233
9401,680,1514,8,0.561674,0.381938
9501,641,1530,11,0.544469,0.349005
9601,622,1532,9,0.557036,0.346476
9701,673,1557,12,0.567834,0.382152
9801,612,1512,11,0.557966,0.341475
9901,635,1556,11,0.570541,0.362293
10001,655,1539,12,0.557593,0.365223
10101,621,1537,12,0.532159,0.330471
10201,655,1585,15,0.538945,0.353009
10301,668,1551,11,0.535402,0.357648
10401,696,1595,10,0.542407,0.377516
10501,620,1590,9,0.567648,0.351942
10601,636,1554,12,0.529908,0.337021
10701,624,1545,13,0.562441,0.350963
10801,677,1532,12,0.56919,0.385341
10901,633,1535,12,0.530509,0.335812
11001,638,1571,14,0.574333,0.366425
11101,640,1547,13,0.551252,0.352801
11201,624,1523,12,0.56208,0.350738
11301,617,1573,12,0.566738,0.349678
11401,636,1527,13,0.563522,0.3584
11501,605,1514,15,0.562579,0.340361
11601,635,1529,9,0.55718,0.35381
11701,651,1554,13,0.54765,0.35652
11801,625,1461,13,0.545113,0.340696
11901,636,1553,16,0.524062,0.333303
12001,663,1575,15,0.543237,0.360166
12101,673,1545,13,0.548402,0.369075
12201,657,1513,13,0.553036,0.363345
12301,633,1407,12,0.550434,0.348425
12401,660,1545,14,0.52629,0.347351
12501,621,1504,18,0.537393,0.333721
12601,629,1487,14,0.554068,0.348509
12701,635,1490,14,0.557874,0.35425
12801,640,1479,13,0.545516,0.34913
12901,678,1611,14,0.543708,0.368634
13001,661,1547,16,0.552374,0.365119
13101,676,1587,17,0.57751,0.390397
13201,624,1518,14,0.581479,0.362843
13301,648,1526,16,0.547554,0.354815
13401,632,1506,13,0.542458,0.342833
13501,688,1613,14,0.551559,0.379472
13601,664,1529,16,0.585483,0.388761
13701,659,1487,14,0.560023,0.369055
13801,699,1531,13,0.571828,0.399707
13901,650,1493,14,0.53957,0.35072
14001,680,1516,13,0.553604,0.376451
14101,666,1598,11,0.532083,0.354368
14201,661,1508,13,0.586924,0.387957
14301,661,1573,13,0.557819,0.368718
14401,689,1574,14,0.554139,0.381802
14501,652,1491,15,0.52781,0.344132
14601,658,1514,19,0.575432,0.378634
14701,654,1552,16,0.553366,0.361901
14801,651,1549,15,0.561136,0.365299
14901,656,1608,14,0.561086,0.368072
15001,636,1538,13,0.560149,0.356255
15101,659,1549,13,0.619232,0.408074
15201,674,1544,14,0.565276,0.380996
15301,679,1543,15,0.557131,0.378292
15401,686,1624,13,0.56244,0.385834
15501,705,1555,15,0.555618,0.39171
15601,655,1515,15,0.549826,0.360136
15701,658,1488,12,0.547573,0.360303
15801,643,1516,13,0.56647,0.36424
15901,652,1551,13,0.565081,0.368433
16001,659,1515,12,0.572225,0.377096
16101,642,1496,15,0.546168,0.35064
16201,643,1461,15,0.550195,0.353776
16301,648,1517,14,0.552211,0.357833
16401,639,1507,17,0.554094,0.354066
16501,635,1521,14,0.565656,0.359191
16601,631,1604,18,0.56059,0.353732
16701,643,1448,15,0.585436,0.376435
16801,654,1500,15,0.576503,0.377033
16901,635,1502,18,0.552646,0.35093
17001,658,1558,18,0.578395,0.380584
17101,632,1562,15,0.555906,0.351332
17201,648,1490,15,0.550615,0.356798
17301,679,1550,17,0.547672,0.371869
17401,629,1512,21,0.589822,0.370998
17501,646,1602,16,0.537828,0.347437
17601,644,1553,15,0.535846,0.345085
17701,638,1547,16,0.58261,0.371705
17801,635,1540,14,0.529091,0.335972
17901,662,1587,18,0.534148,0.353606
18001,629,1539,20,0.551925,0.347161
18101,638,1581,18,0.550033,0.350921
18201,623,1535,21,0.549866,0.342567
18301,619,1562,22,0.559969,0.346621
18401,645,1464,21,0.569387,0.367255
18501,653,1591,19,0.570221,0.372354
18601,632,1588,17,0.538449,0.3403
18701,602,1503,21,0.543121,0.326959
18801,667,1572,19,0.545574,0.363898
18901,650,1501,19,0.56305,0.365982
19001,660,1534,18,0.577143,0.380915
19101,640,1525,18,0.572522,0.366414
19201,653,1532,16,0.569121,0.371636
19301,646,1524,15,0.558378,0.360712
19401,633,1499,16,0.57179,0.361943
19501,670,1610,21,0.563745,0.377709
19601,635,1505,16,0.560435,0.355876
19701,639,1554,18,0.541814,0.346219
19801,646,1540,17,0.563575,0.36407
19901,689,1600,17,0.549682,0.378731
20001,638,1556,20,0.580811,0.370557
20101,608,1557,17,0.540958,0.328903
20201,647,1475,17,0.552621,0.357546
20301,638,1491,16,0.584935,0.373188
20401,647,1586,16,0.556861,0.360289
20501,623,1547,17,0.572564,0.356707
20601,671,1627,17,0.552841,0.370956
20701,651,1584,20,0.564209,0.3673
20801,613,1494,17,0.57772,0.354143
20901,647,1561,18,0.577618,0.373719
21001,663,1544,19,0.543598,0.360405
21101,656,1591,17,0.525401,0.344663
21201,647,1574,19,0.556435,0.360014
21301,629,1562,21,0.55163,0.346975
21401,638,1540,20,0.566149,0.361203
21501,644,1557,19,0.566519,0.364838
21601,652,1508,19,0.552812,0.360433
21701,659,1613,19,0.560826,0.369584
21801,636,1562,21,0.554044,0.352372
21901,673,1548,19,0.5589,0.37614
22001,648,1602,18,0.53842,0.348896
22101,653,1629,18,0.534972,0.349337
22201,635,1579,16,0.555418,0.35269
22301,658,1614,16,0.565473,0.372082
22401,669,1583,18,0.554604,0.37103
22501,623,1585,17,0.529056,0.329602
22601,629,1486,15,0.587649,0.369631
22701,681,1622,15,0.5702,0.388306
22801,656,1560,18,0.575086,0.377256
22901,608,1496,18,0.590223,0.358855
23001,629,1541,20,0.544265,0.342343
23101,635,1545,15,0.605504,0.384495
23201,649,1586,16,0.561843,0.364636
23301,635,1533,17,0.569451,0.361601
23401,659,1612,18,0.55337,0.364671
23501,621,1555,18,0.560546,0.348099
23601,645,1534,14,0.563864,0.363692
23701,596,1562,14,0.547912,0.326556
23801,634,1633,18,0.563223,0.357083
23901,618,1599,15,0.541128,0.334417
24001,622,1578,13,0.572963,0.356383
24101,672,1488,15,0.596665,0.400959
24201,618,1548,19,0.559808,0.345961
24301,636,1558,16,0.541709,0.344527
24401,620,1546,16,0.531524,0.329545
24501,641,1582,19,0.585903,0.375564
24601,666,1554,17,0.577259,0.384455
24701,639,1482,16,0.557862,0.356474
24801,645,1607,18,0.544392,0.351133
24901,645,1595,15,0.600336,0.387216
25001,629,1585,17,0.543348,0.341766
25101,640,1542,19,0.572327,0.366289
25201,647,1576,19,0.540903,0.349964
25301,656,1583,17,0.569692,0.373718
25401,637,1621,15,0.559145,0.356175
25501,632,1551,16,0.558293,0.352841
25601,681,1616,14,0.541691,0.368891
25701,654,1574,19,0.555675,0.363412
25801,644,1567,19,0.561268,0.361457
25901,637,1562,21,0.555985,0.354162
26001,638,1571,17,0.561655,0.358336
26101,645,1549,20,0.558951,0.360523
26201,631,1623,16,0.572571,0.361292
26301,632,1561,19,0.566665,0.358132
26401,623,1575,20,0.582599,0.362959
26501,642,1643,21,0.550242,0.353256
26601,651,1591,20,0.55613,0.362041
26701,648,1568,17,0.565735,0.366596
26801,647,1559,20,0.57693,0.373274
26901,629,1604,17,0.541553,0.340637
27001,621,1544,18,0.550326,0.341752
27101,633,1651,17,0.523606,0.331442
27201,617,1567,15,0.55463,0.342207
27301,642,1620,17,0.545227,0.350036
27401,649,1612,18,0.561831,0.364628
27501,623,1583,16,0.554962,0.345741
27601,643,1553,15,0.556356,0.357737
27701,628,1602,18,0.589511,0.370213
27801,593,1561,16,0.530121,0.314362
27901,604,1632,18,0.547597,0.330749
28001,668,1587,21,0.566135,0.378178
28101,646,1563,19,0.592315,0.382635
28201,621,1566,15,0.556768,0.345753
28301,616,1553,20,0.578212,0.356179
28401,660,1581,18,0.533616,0.352186
28501,605,1551,18,0.557011,0.336992
28601,634,1601,18,0.539089,0.341782
28701,630,1565,17,0.565466,0.356244
28801,615,1577,17,0.541406,0.332965
28901,612,1551,17,0.552718,0.338264
29001,619,1514,19,0.555139,0.343631
29101,612,1609,17,0.544087,0.332981
29201,630,1591,19,0.577496,0.363823
29301,647,1548,16,0.558293,0.361215
29401,636,1583,16,0.534936,0.340219
29501,632,1589,17,0.573136,0.362222
29601,639,1542,21,0.575779,0.367923
29701,605,1564,19,0.522108,0.315876
29801,650,1600,20,0.541454,0.351945
29901,652,1611,18,0.49963,0.325759
30001,615,1499,19,0.564557,0.347203
30101,600,1550,17,0.567226,0.340335
30201,632,1661,17,0.567395,0.358593
30301,627,1602,21,0.560801,0.351622
30401,648,1629,19,0.570782,0.369867
30501,627,1581,20,0.531489,0.333243
30601,577,1589,18,0.545214,0.314588
30701,595,1642,20,0.554609,0.329992
30801,642,1588,19,0.56949,0.365613
30901,603,1569,22,0.563813,0.339979
31001,597,1609,16,0.555038,0.331358
31101,638,1575,20,0.56266,0.358977
31201,621,1544,18,0.568459,0.353013
31301,620,1566,17,0.552583,0.342601
31401,632,1643,19,0.58167,0.367616
31501,610,1514,20,0.561118,0.342282
31601,601,1583,17,0.566392,0.340402
31701,614,1552,18,0.545559,0.334973
31801,629,1535,21,0.553169,0.347943
31901,638,1551,20,0.563254,0.359356
32001,642,1577,19,0.548851,0.352362
32101,584,1564,21,0.564904,0.329904
32201,637,1572,18,0.564752,0.359747
32301,601,1631,19,0.532457,0.320007
32401,616,1517,18,0.584751,0.360207
32501,622,1611,19,0.5462,0.339737
32601,596,1617,19,0.581708,0.346698
32701,668,1660,17,0.555188,0.370866
32801,655,1616,19,0.561076,0.367505
32901,662,1569,15,0.539194,0.356946
33001,640,1642,19,0.514641,0.32937
33101,614,1618,19,0.549638,0.337477
33201,626,1602,20,0.550417,0.344561
33301,585,1499,20,0.552655,0.323303
33401,604,1576,17,0.575435,0.347563
33501,610,1554,20,0.569546,0.347423
33601,592,1546,19,0.548259,0.32457
33701,633,1628,21,0.525807,0.332836
33801,639,1624,17,0.571313,0.365069
33901,633,1611,19,0.567288,0.359094
34001,606,1608,17,0.5466,0.331239
34101,618,1558,17,0.581932,0.359634
34201,611,1670,16,0.573779,0.350579
34301,642,1584,17,0.574339,0.368726
34401,617,1672,16,0.552977,0.341187
34501,632,1602,17,0.538334,0.340227
34601,615,1515,19,0.552185,0.339594
34701,639,1661,18,0.572134,0.365594
34801,609,1625,24,0.579432,0.352874
34901,621,1574,24,0.560126,0.347839
35001,625,1500,19,0.56645,0.354032
35101,627,1577,22,0.585498,0.367107
35201,644,1663,21,0.57266,0.368793
35301,652,1618,20,0.575842,0.375449
35401,640,1609,20,0.54376,0.348006
35501,646,1558,18,0.556211,0.359312
35601,603,1612,20,0.546101,0.329299
35701,612,1549,22,0.530419,0.324616
35801,620,1552,24,0.547258,0.3393
35901,626,1540,20,0.556294,0.34824
36001,600,1548,22,0.546597,0.327958
36101,638,1685,20,0.576533,0.367828
36201,637,1582,20,0.569579,0.362822
36301,645,1655,26,0.549048,0.354136
36401,599,1620,21,0.569286,0.341002
36501,646,1636,20,0.539891,0.34877
36601,623,1636,19,0.560056,0.348915
36701,637,1684,21,0.540734,0.344448
36801,623,1617,21,0.567897,0.3538
36901,613,1601,19,0.575632,0.352862
37001,630,1747,21,0.535959,0.337654
37101,618,1611,21,0.563707,0.348371
37201,614,1640,18,0.545035,0.334651
37301,599,1602,18,0.538875,0.322786
37401,633,1578,17,0.546131,0.345701
37501,606,1580,17,0.591146,0.358235
37601,622,1636,20,0.564846,0.351334
37701,610,1592,16,0.565384,0.344884
37801,621,1623,20,0.570881,0.354517
37901,626,1491,16,0.567505,0.355258
38001,627,1623,19,0.552821,0.346618
38101,642,1650,18,0.572203,0.367354
38201,622,1580,17,0.567442,0.352949
38301,619,1537,20,0.572672,0.354484
38401,620,1572,18,0.552914,0.342807
38501,583,1514,18,0.577145,0.336475
38601,613,1592,20,0.555043,0.340241
38701,586,1604,16,0.527108,0.308885
38801,617,1604,17,0.538481,0.332243
38901,618,1568,18,0.557784,0.344711
39001,574,1558,19,0.570342,0.327376
39101,604,1555,15,0.54472,0.329011
39201,626,1638,15,0.55775,0.349151
39301,623,1576,19,0.572344,0.35657
39401,636,1584,17,0.558502,0.355207
39501,644,1573,19,0.552805,0.356006
39601,624,1570,17,0.564956,0.352532
39701,580,1551,20,0.586007,0.339884
39801,580,1596,18,0.533249,0.309284
39901,624,1589,19,0.587968,0.366892
40001,604,1680,19,0.530951,0.320694
40101,620,1644,19,0.56426,0.349841
40201,643,1655,20,0.535522,0.344341
40301,611,1608,17,0.581054,0.355024
40401,609,1591,20,0.588846,0.358607
40501,595,1558,19,0.540924,0.32185
40601,609,1620,19,0.552393,0.336407
40701,625,1637,21,0.574743,0.359214
40801,618,1541,19,0.57823,0.357346
40901,596,1587,21,0.576305,0.343478
41001,582,1506,20,0.554672,0.322819
41101,608,1645,18,0.551825,0.335509
41201,623,1614,19,0.590877,0.368117
41301,610,1661,21,0.537073,0.327614
41401,603,1624,23,0.556445,0.335536
41501,636,1618,20,0.581459,0.369808
41601,612,1567,21,0.55418,0.339158
41701,629,1630,20,0.543105,0.341613
41801,616,1635,22,0.533926,0.328898
41901,605,1600,20,0.550733,0.333193
42001,620,1636,23,0.548481,0.340058
42101,636,1652,22,0.563639,0.358475
42201,602,1606,23,0.558245,0.336064
42301,609,1611,24,0.555213,0.338125
42401,618,1593,22,0.590042,0.364646
42501,634,1591,25,0.568703,0.360558
42601,626,1626,27,0.597419,0.373984
42701,593,1639,26,0.552192,0.32745
42801,628,1608,24,0.538427,0.338132
42901,625,1645,26,0.558454,0.349033
43001,617,1713,20,0.534929,0.330051
43101,591,1623,19,0.589573,0.348438
43201,599,1628,24,0.57274,0.343071
43301,604,1621,20,0.52806,0.318948
43401,618,1672,20,0.595842,0.368231
43501,602,1571,23,0.569443,0.342805
43601,604,1616,19,0.562264,0.339607
43701,578,1581,24,0.55045,0.31816
43801,615,1590,24,0.580468,0.356988
43901,594,1535,25,0.547998,0.325511
44001,646,1556,23,0.570386,0.36847
44101,583,1581,27,0.534551,0.311643
44201,599,1579,26,0.534571,0.320208
44301,635,1589,24,0.581511,0.369259
44401,605,1588,24,0.555877,0.336306
44501,646,1653,24,0.543141,0.350869
44601,597,1530,23,0.567739,0.33894
44701,581,1662,25,0.535062,0.310871
44801,639,1656,25,0.559423,0.357471
44901,601,1609,24,0.541259,0.325297
45001,609,1570,23,0.581158,0.353925
45101,594,1623,24,0.554039,0.329099
45201,606,1608,25,0.531702,0.322211
45301,602,1628,24,0.541014,0.32569
45401,598,1636,22,0.560733,0.335319
45501,599,1653,25,0.556502,0.333345
45601,588,1621,24,0.581899,0.342157
45701,623,1600,23,0.540854,0.336952
45801,614,1624,26,0.543421,0.33366
45901,590,1604,27,0.568428,0.335373
46001,602,1646,25,0.56339,0.339161
46101,633,1630,25,0.552781,0.349911
46201,608,1574,24,0.560081,0.340529
46301,605,1581,28,0.557922,0.337543
46401,617,1665,26,0.559599,0.345272
46501,620,1657,27,0.554324,0.343681
46601,604,1644,25,0.526935,0.318269
46701,607,1623,26,0.53832,0.32676
46801,594,1578,24,0.556988,0.330851
46901,583,1621,23,0.555676,0.323959
47001,615,1668,26,0.532802,0.327673
47101,613,1686,27,0.549816,0.337037
47201,586,1580,24,0.523523,0.306785
47301,627,1533,23,0.587793,0.368546
47401,608,1638,23,0.547507,0.332884
47501,573,1591,28,0.546565,0.313182
47601,596,1528,27,0.556989,0.331965
47701,596,1587,26,0.547147,0.3261
47801,614,1598,26,0.562343,0.345278
47901,665,1629,25,0.58324,0.387854
48001,579,1558,29,0.552248,0.319752
48101,624,1615,25,0.579692,0.361728
48201,579,1598,25,0.552226,0.319739
48301,590,1652,26,0.516431,0.304694
48401,595,1620,25,0.538407,0.320352
48501,610,1540,26,0.574314,0.350332
48601,619,1623,26,0.549191,0.339949
48701,589,1650,25,0.561893,0.330955
48801,602,1714,28,0.525907,0.316596
48901,625,1612,30,0.541582,0.338489
49001,596,1653,27,0.532318,0.317262
49101,596,1671,30,0.547113,0.326079
49201,615,1740,29,0.543594,0.33431
49301,598,1657,28,0.540846,0.323426
49401,583,1640,27,0.557554,0.325054
49501,615,1630,28,0.540697,0.332529
49601,578,1627,26,0.546664,0.315972
49701,611,1675,31,0.543543,0.332105
49801,569,1649,34,0.569167,0.323856
49901,596,1626,29,0.571203,0.340437
50001,592,1647,29,0.542852,0.321369
50101,589,1656,29,0.547756,0.322628
50201,588,1621,28,0.550548,0.323722
50301,621,1621,26,0.547735,0.340144
50401,605,1624,27,0.562579,0.34036
50501,623,1666,24,0.555943,0.346352
50601,588,1631,26,0.564106,0.331694
50701,582,1679,28,0.532012,0.309631
50801,633,1574,24,0.578296,0.366061
50901,603,1680,27,0.567062,0.341939
51001,623,1686,27,0.552293,0.344079
51101,609,1561,27,0.569678,0.346934
51201,621,1660,29,0.549853,0.341459
51301,581,1629,34,0.536799,0.31188
51401,556,1640,29,0.555384,0.308794
51501,580,1637,33,0.554562,0.321646
51601,572,1620,31,0.551065,0.315209
51701,596,1618,32,0.571873,0.340836
51801,611,1604,29,0.584507,0.357134
51901,601,1583,28,0.544978,0.327532
52001,605,1592,28,0.550493,0.333048
52101,602,1574,28,0.553186,0.333018
52201,599,1733,27,0.535177,0.320571
52301,575,1638,26,0.575704,0.33103
52401,597,1631,26,0.53781,0.321072
52501,588,1660,28,0.576042,0.338713
52601,610,1693,30,0.558457,0.340659
52701,636,1614,31,0.564051,0.358736
52801,609,1719,29,0.541816,0.329966
52901,588,1651,31,0.531191,0.31234
53001,598,1653,26,0.553067,0.330734
53101,572,1615,28,0.56128,0.321052
53201,586,1605,28,0.561576,0.329084
53301,575,1627,29,0.538718,0.309763
53401,585,1613,30,0.552705,0.323332
53501,629,1629,27,0.553957,0.348439
53601,585,1656,29,0.546789,0.319871
53701,599,1689,32,0.544851,0.326366
53801,565,1639,29,0.547496,0.309335
53901,587,1645,29,0.523704,0.307414
54001,590,1633,33,0.605751,0.357393
54101,579,1636,30,0.552358,0.319816
54201,588,1585,27,0.550266,0.323557
54301,623,1683,29,0.573937,0.357563
54401,607,1586,28,0.586386,0.355936
54501,602,1664,28,0.534972,0.322053
54601,574,1627,27,0.576923,0.331154
54701,596,1674,26,0.554736,0.330622
54801,585,1643,26,0.554233,0.324226
54901,613,1673,27,0.553755,0.339452
55001,600,1630,27,0.558725,0.335235
55101,614,1672,27,0.569448,0.349641
55201,611,1667,31,0.543793,0.332258
55301,583,1666,32,0.554569,0.323314
55401,566,1651,29,0.556427,0.314938
55501,579,1673,27,0.570485,0.330311
55601,595,1651,30,0.556627,0.331193
55701,589,1658,28,0.541042,0.318674
55801,591,1624,27,0.54443,0.321758
55901,593,1575,29,0.545286,0.323355
56001,608,1622,29,0.576686,0.350625
56101,604,1664,30,0.531782,0.321196
56201,604,1681,28,0.559403,0.33788
56301,597,1640,26,0.546688,0.326373
56401,591,1695,26,0.545434,0.322351
56501,554,1651,27,0.560545,0.310542
56601,605,1649,27,0.554082,0.335219
56701,617,1679,27,0.551767,0.34044
56801,580,1625,28,0.577173,0.33476
56901,569,1563,26,0.578781,0.329326
57001,585,1693,26,0.550444,0.322009
57101,611,1609,27,0.569219,0.347793
57201,577,1629,27,0.576926,0.332886
57301,599,1654,31,0.545533,0.326774
57401,544,1584,31,0.576753,0.313753
57501,606,1683,29,0.52712,0.319435
57601,578,1669,30,0.545734,0.315434
57701,615,1722,29,0.52791,0.324665
57801,562,1652,35,0.545206,0.306406
57901,593,1708,30,0.552961,0.327906
58001,588,1627,29,0.540554,0.317846
58101,596,1667,28,0.538296,0.320824
58201,601,1742,29,0.561227,0.337298
58301,598,1719,31,0.554531,0.331609
58401,606,1670,35,0.570009,0.345425
58501,566,1702,29,0.539861,0.305561
58601,582,1725,29,0.542693,0.315848
58701,607,1722,32,0.57872,0.351283
58801,575,1733,32,0.542085,0.311699
58901,581,1652,30,0.592919,0.344486
59001,604,1687,29,0.563948,0.340624
59101,586,1610,32,0.583593,0.341985
59201,586,1651,30,0.575534,0.337263
59301,641,1689,28,0.558035,0.3577
59401,552,1663,31,0.545773,0.301267
59501,568,1690,28,0.556315,0.315987
59601,584,1703,30,0.550801,0.321668
59701,615,1707,29,0.57024,0.350698
59801,588,1672,32,0.562966,0.331024
59901,566,1632,30,0.56079,0.317407
60001,610,1710,29,0.573371,0.349757
60101,575,1710,28,0.552161,0.317493
60201,583,1684,28,0.541803,0.315871
60301,596,1656,30,0.589979,0.351627
60401,569,1699,32,0.552638,0.314451
60501,604,1696,35,0.564632,0.341038
60601,619,1702,29,0.592855,0.366977
60701,599,1653,31,0.538817,0.322751
60801,591,1769,32,0.557687,0.329593
60901,556,1665,33,0.551871,0.30684
61001,569,1668,30,0.540875,0.307758
61101,572,1685,31,0.53453,0.305751
61201,547,1599,32,0.567866,0.310623
61301,592,1614,32,0.553301,0.327554
61401,592,1656,33,0.588959,0.348664
61501,585,1675,28,0.563255,0.329504
61601,545,1626,29,0.544449,0.296725
61701,579,1705,28,0.564586,0.326896
61801,593,1691,28,0.539796,0.320099
61901,612,1660,30,0.558146,0.341585
62001,596,1632,31,0.541923,0.322986
62101,567,1632,31,0.546728,0.309995
62201,562,1629,29,0.53149,0.298697
62301,561,1681,29,0.587581,0.329633
62401,567,1683,30,0.592902,0.336176
62501,584,1703,30,0.581278,0.339466
62601,620,1753,30,0.526355,0.32634
62701,607,1746,30,0.541794,0.328869
62801,596,1658,32,0.544384,0.324453
62901,558,1693,32,0.554521,0.309423
63001,555,1679,31,0.52683,0.292391
63101,575,1664,32,0.557725,0.320692
63201,572,1746,29,0.527468,0.301712
63301,592,1675,29,0.562173,0.332806
63401,583,1701,33,0.563438,0.328485
63501,587,1671,29,0.549705,0.322677
63601,565,1650,28,0.533819,0.301608
63701,574,1660,29,0.550987,0.316267
63801,596,1705,29,0.584015,0.348073
63901,606,1667,29,0.553101,0.335179
64001,588,1706,31,0.55968,0.329092
64101,568,1684,33,0.559793,0.317962
64201,599,1743,33,0.592892,0.355142
64301,580,1666,33,0.565687,0.328099
64401,560,1703,33,0.531635,0.297715
64501,583,1698,32,0.519592,0.302922
64601,574,1683,35,0.573677,0.32929
64701,600,1720,33,0.54941,0.329646
64801,603,1669,33,0.559857,0.337594
64901,571,1653,34,0.555029,0.316922
65001,588,1687,34,0.590991,0.347503
65101,575,1687,33,0.553694,0.318374
65201,582,1746,32,0.534101,0.310847
65301,551,1674,34,0.577225,0.318051
65401,566,1678,30,0.575421,0.325688
65501,614,1702,31,0.60528,0.371642
65601,589,1637,31,0.562163,0.331114
65701,550,1661,30,0.566526,0.311589
65801,565,1689,31,0.541813,0.306125
65901,603,1731,33,0.517098,0.31181
66001,546,1633,32,0.568972,0.310659
66101,549,1586,29,0.563011,0.309093
66201,549,1668,33,0.544457,0.298907
66301,583,1764,35,0.563161,0.328323
66401,526,1701,32,0.547704,0.288092
66501,577,1741,32,0.56688,0.32709
66601,607,1757,32,0.540985,0.328378
66701,615,1743,30,0.568437,0.349589
66801,572,1708,32,0.563712,0.322443
66901,587,1727,31,0.581979,0.341622
67001,627,1709,31,0.588831,0.369197
67101,581,1763,32,0.549959,0.319526
67201,589,1694,30,0.55817,0.328762
67301,548,1717,33,0.554298,0.303756
67401,593,1648,32,0.594329,0.352437
67501,603,1686,34,0.532635,0.321179
67601,578,1660,31,0.576843,0.333415
67701,594,1704,34,0.570418,0.338828
67801,571,1685,34,0.591867,0.337956
67901,574,1724,34,0.564441,0.323989
68001,583,1717,32,0.553865,0.322903
68101,578,1666,33,0.547576,0.316499
68201,551,1744,33,0.54003,0.297556
68301,560,1669,34,0.558677,0.312859
68401,556,1735,32,0.567096,0.315305
68501,571,1668,34,0.561361,0.320537
68601,557,1649,33,0.581106,0.323676
68701,581,1696,31,0.561368,0.326155
68801,569,1662,32,0.559714,0.318477
68901,572,1729,33,0.528948,0.302558
69001,580,1716,32,0.553134,0.320818
69101,597,1734,32,0.584613,0.349014
69201,577,1694,28,0.594397,0.342967
69301,551,1688,31,0.571197,0.31473
69401,612,1718,28,0.561647,0.343728
69501,578,1705,32,0.576654,0.333306
69601,562,1712,33,0.538854,0.302836
69701,540,1649,34,0.556009,0.300245
69801,563,1728,29,0.555156,0.312553
69901,561,1747,29,0.551933,0.309635
70001,588,1718,29,0.551585,0.324332
70101,569,1695,29,0.569383,0.323979
70201,569,1723,29,0.553905,0.315172
70301,580,1789,31,0.561603,0.32573
70401,533,1713,32,0.559273,0.298093
70501,552,1747,31,0.615377,0.339688
70601,553,1709,30,0.578223,0.319757
70701,540,1697,35,0.540211,0.291714
70801,573,1740,33,0.523656,0.300055
70901,563,1674,33,0.542904,0.305655
71001,576,1682,37,0.572529,0.329777
71101,569,1690,35,0.59632,0.339306
71201,603,1748,35,0.577375,0.348157
71301,589,1680,38,0.603311,0.35535
71401,589,1760,37,0.576177,0.339368
71501,565,1679,33,0.58265,0.329197
71601,571,1690,34,0.55486,0.316825
71701,568,1673,35,0.574618,0.326383
71801,574,1683,34,0.570325,0.327366
71901,617,1730,36,0.550126,0.339428
72001,545,1716,36,0.542665,0.295752
72101,576,1717,34,0.526322,0.303162
72201,567,1658,36,0.54874,0.311136
72301,586,1718,33,0.549204,0.321833
72401,567,1772,37,0.559871,0.317447
72501,551,1669,38,0.568643,0.313322
72601,600,1713,38,0.545613,0.327368
72701,545,1678,40,0.585863,0.319295
72801,596,1819,34,0.543427,0.323882
72901,546,1664,35,0.572724,0.312707
73001,572,1705,35,0.531615,0.304084
73101,566,1740,37,0.555254,0.314274
73201,571,1725,35,0.56383,0.321947
73301,590,1704,35,0.530658,0.313088
73401,564,1658,37,0.556525,0.31388
73501,553,1795,35,0.567543,0.313851
73601,580,1754,39,0.568663,0.329825
73701,583,1723,38,0.548012,0.319491
73801,559,1679,38,0.539245,0.301438
73901,566,1766,34,0.545118,0.308537
74001,561,1688,33,0.556569,0.312235
74101,592,1757,37,0.550819,0.326085
74201,548,1754,34,0.55236,0.302694
74301,605,1763,34,0.551344,0.333563
74401,591,1759,33,0.54356,0.321244
74501,576,1735,33,0.585358,0.337166
74601,571,1705,37,0.568899,0.324841
74701,594,1767,34,0.55239,0.32812
74801,563,1731,34,0.57602,0.324299
74901,577,1742,35,0.587156,0.338789
75001,539,1749,37,0.5775,0.311272
75101,586,1786,37,0.555452,0.325495
75201,563,1725,38,0.57797,0.325397
75301,544,1671,39,0.550045,0.299224
75401,555,1720,37,0.579511,0.321629
75501,576,1711,43,0.557988,0.321401
75601,535,1681,39,0.569337,0.304595
75701,550,1668,38,0.57203,0.314616
75801,521,1751,38,0.552843,0.288031
75901,550,1733,39,0.557714,0.306743
76001,577,1718,37,0.557329,0.321579
76101,551,1744,39,0.55888,0.307943
76201,559,1721,39,0.566444,0.316642
76301,551,1684,39,0.553586,0.305026
76401,589,1724,38,0.590538,0.347827
76501,585,1753,41,0.571227,0.334168
76601,564,1728,36,0.572768,0.323041
76701,605,1783,34,0.556992,0.33698
76801,612,1752,41,0.532805,0.326077
76901,587,1692,38,0.521131,0.305904
77001,557,1739,38,0.546056,0.304153
77101,561,1775,39,0.559307,0.313771
77201,564,1784,37,0.518637,0.292511
77301,562,1741,40,0.534752,0.30053
77401,547,1750,37,0.534217,0.292217
77501,600,1781,37,0.545622,0.327373
77601,575,1696,38,0.595496,0.34241
77701,559,1726,36,0.551577,0.308331
77801,585,1697,40,0.544322,0.318428
77901,542,1730,36,0.606086,0.328499
78001,557,1728,35,0.562714,0.313432
78101,574,1771,37,0.58594,0.33633
78201,545,1739,39,0.544695,0.296859
78301,550,1632,42,0.577973,0.317885
78401,553,1743,39,0.564974,0.312431
78501,543,1733,39,0.542503,0.294579
78601,566,1746,41,0.550162,0.311392
78701,564,1721,40,0.576804,0.325318
78801,551,1731,40,0.560457,0.308812
78901,583,1779,39,0.575315,0.335409
79001,606,1781,40,0.549432,0.332956
79101,576,1708,38,0.600774,0.346046
79201,553,1728,39,0.578146,0.319715
79301,572,1815,38,0.529311,0.302766
79401,560,1703,38,0.562857,0.3152
79501,570,1804,38,0.5476,0.312132
79601,577,1708,38,0.546585,0.31538
79701,535,1666,40,0.56201,0.300675
79801,595,1796,36,0.561957,0.334364
79901,537,1645,39,0.573547,0.307995
80001,564,1808,41,0.569814,0.321375
80101,541,1751,38,0.548593,0.296789
80201,575,1725,40,0.534385,0.307271
80301,561,1760,36,0.567094,0.31814
80401,521,1716,36,0.578542,0.301421
80501,622,1738,37,0.545449,0.339269
80601,559,1749,36,0.562192,0.314265
80701,586,1759,37,0.521456,0.305573
80801,578,1768,37,0.548407,0.31698
80901,517,1751,42,0.538913,0.278618
81001,549,1748,38,0.557465,0.306048
81101,562,1808,38,0.532935,0.29951
81201,562,1683,39,0.577113,0.324337
81301,564,1728,40,0.561609,0.316748
81401,551,1784,38,0.535556,0.295091
81501,555,1785,38,0.577554,0.320542
81601,554,1735,39,0.578941,0.320734
81701,573,1786,38,0.569756,0.32647
81801,562,1728,39,0.593172,0.333363
81901,579,1727,39,0.589459,0.341297
82001,550,1750,40,0.558628,0.307245
82101,549,1738,40,0.583366,0.320268
82201,560,1822,39,0.517589,0.28985
82301,571,1858,38,0.5297,0.302459
82401,589,1792,41,0.566563,0.333705
82501,558,1750,37,0.567797,0.316831
82601,559,1762,40,0.548354,0.30653
82701,556,1775,38,0.532664,0.296161
82801,564,1787,39,0.549225,0.309763
82901,566,1728,37,0.569356,0.322255
83001,517,1710,39,0.575293,0.297426
83101,538,1719,39,0.564161,0.303518
83201,564,1708,40,0.564018,0.318106
83301,553,1739,38,0.550253,0.30429
83401,579,1732,37,0.564212,0.326678
83501,584,1752,38,0.555498,0.324411
83601,578,1767,40,0.554436,0.320464
83701,568,1755,40,0.565521,0.321216
83801,550,1764,42,0.544755,0.299615
83901,543,1761,39,0.530567,0.288098
84001,546,1739,41,0.556529,0.303865
84101,545,1794,40,0.569729,0.310502
84201,549,1805,40,0.542168,0.29765
84301,569,1781,38,0.56543,0.32173
84401,570,1806,39,0.572155,0.326129
84501,541,1828,39,0.548576,0.29678
84601,550,1726,37,0.543644,0.299004
84701,553,1806,41,0.557323,0.308199
84801,557,1742,39,0.565362,0.314907
84901,600,1854,39,0.535543,0.321326
85001,543,1726,37,0.570526,0.309796
85101,540,1776,38,0.560614,0.302732
85201,552,1740,37,0.580667,0.320528
85301,555,1689,38,0.559113,0.310308
85401,558,1725,39,0.567327,0.316568
85501,555,1796,41,0.544803,0.302366
85601,575,1754,38,0.541131,0.31115
85701,550,1778,41,0.560237,0.30813
85801,560,1808,41,0.572748,0.320739
85901,553,1813,44,0.576218,0.318648
86001,530,1744,40,0.533793,0.28291
86101,549,1760,37,0.556988,0.305786
86201,580,1862,38,0.573899,0.332862
86301,527,1797,37,0.565667,0.298107
86401,571,1814,39,0.567601,0.3241
86501,540,1763,40,0.562587,0.303797
86601,536,1741,39,0.5493,0.294425
86701,548,1766,42,0.579267,0.317439
86801,549,1836,39,0.565383,0.310395
86901,589,1784,40,0.544592,0.320765
87001,549,1800,41,0.575,0.315675
87101,556,1783,41,0.564002,0.313585
87201,562,1750,42,0.570251,0.320481
87301,573,1795,40,0.571897,0.327697
87401,573,1758,40,0.581243,0.333052
87501,549,1749,42,0.534432,0.293403
87601,542,1695,42,0.546473,0.296189
87701,574,1818,43,0.552776,0.317293
87801,577,1690,43,0.563412,0.325089
87901,548,1759,42,0.526663,0.288611
88001,552,1775,41,0.562506,0.310503
88101,546,1763,46,0.579461,0.316386
88201,559,1757,43,0.566666,0.316766
88301,538,1776,44,0.59028,0.317571
88401,593,1755,43,0.579886,0.343873
88501,529,1723,45,0.557622,0.294982
88601,558,1734,50,0.536157,0.299176
88701,523,1720,43,0.568992,0.297583
88801,540,1735,45,0.555611,0.30003
88901,530,1737,46,0.562398,0.298071
89001,538,1776,45,0.563433,0.303127
89101,569,1756,43,0.553298,0.314827
89201,534,1785,41,0.561141,0.299649
89301,581,1808,43,0.578263,0.335971
89401,504,1689,43,0.556198,0.280324
89501,561,1815,40,0.563633,0.316198
89601,558,1844,41,0.530983,0.296289
89701,564,1819,46,0.544753,0.307241
89801,542,1767,41,0.594341,0.322133
89901,566,1805,43,0.566309,0.320531
90001,582,1753,47,0.543975,0.316593
90101,572,1815,43,0.520977,0.297999
90201,534,1754,47,0.575694,0.30742
90301,532,1726,43,0.555853,0.295714
90401,571,1771,44,0.571363,0.326248
90501,538,1759,44,0.543445,0.292373
90601,560,1830,45,0.565139,0.316478
90701,559,1806,44,0.567787,0.317393
90801,543,1747,43,0.546393,0.296692
90901,522,1774,44,0.546323,0.285181
91001,571,1827,44,0.550491,0.31433
91101,573,1723,43,0.598343,0.34285
91201,551,1759,42,0.552968,0.304686
91301,553,1746,44,0.544798,0.301273
91401,577,1872,43,0.575145,0.331859
91501,545,1857,44,0.559415,0.304881
91601,581,1806,47,0.571739,0.33218
91701,540,1768,44,0.593534,0.320508
91801,556,1807,46,0.565051,0.314169
91901,529,1737,45,0.561887,0.297238
92001,546,1792,47,0.576588,0.314817
92101,559,1774,46,0.566146,0.316475
92201,546,1745,44,0.570022,0.311232
92301,552,1794,46,0.54783,0.302402
92401,566,1793,45,0.535373,0.303021
92501,558,1789,45,0.554202,0.309245
92601,530,1760,42,0.583307,0.309153
92701,527,1837,42,0.536033,0.282489
92801,510,1820,44,0.590738,0.301276
92901,547,1778,44,0.560716,0.306712
93001,567,1811,48,0.546791,0.31003
93101,580,1785,51,0.536407,0.311116
93201,552,1804,45,0.543228,0.299862
93301,538,1805,49,0.558416,0.300428
93401,548,1746,46,0.568779,0.311691
93501,593,1851,47,0.566487,0.335927
93601,550,1757,46,0.571336,0.314235
93701,568,1796,48,0.562365,0.319423
93801,543,1782,48,0.541217,0.293881
93901,571,1819,45,0.546592,0.312104
94001,540,1746,47,0.542992,0.293216
94101,577,1855,45,0.552145,0.318588
94201,539,1772,49,0.583609,0.314565
94301,568,1793,45,0.574286,0.326195
94401,519,1753,45,0.562649,0.292015
94501,571,1823,50,0.587411,0.335411
94601,562,1757,46,0.553035,0.310806
94701,565,1814,48,0.565359,0.319428
94801,548,1853,50,0.543518,0.297848
94901,537,1811,48,0.554073,0.297537
95001,562,1853,44,0.552659,0.310594
95101,579,1865,50,0.546956,0.316688
95201,566,1880,47,0.52446,0.296844
95301,539,1802,47,0.549331,0.296089
95401,538,1798,49,0.563886,0.303371
95501,551,1856,47,0.536813,0.295784
95601,558,1874,46,0.560149,0.312563
95701,522,1804,48,0.53957,0.281656
95801,563,1833,48,0.551958,0.310752
95901,529,1793,49,0.546115,0.288895
96001,546,1826,49,0.583227,0.318442
96101,561,1805,49,0.565359,0.317166
96201,546,1785,49,0.557587,0.304442
96301,538,1836,50,0.577344,0.310611
96401,531,1777,50,0.567631,0.301412
96501,547,1806,48,0.598945,0.327623
96601,507,1778,48,0.572786,0.290403
96701,544,1797,47,0.534178,0.290593
96801,562,1861,48,0.542009,0.304609
96901,550,1862,51,0.564324,0.310378
97001,528,1844,48,0.575819,0.304033
97101,535,1836,48,0.582882,0.311842
97201,552,1843,49,0.58477,0.322793
97301,534,1825,51,0.572995,0.305979
97401,519,1779,48,0.57915,0.300579
97501,534,1840,49,0.534898,0.285636
97601,564,1815,49,0.567134,0.319863
97701,567,1803,48,0.537738,0.304898
97801,549,1860,50,0.544781,0.299085
97901,520,1765,50,0.579718,0.301453
98001,539,1806,48,0.586698,0.31623
98101,567,1872,48,0.537596,0.304817
98201,515,1899,48,0.549683,0.283087
98301,480,1814,49,0.548387,0.263226
98401,530,1857,49,0.608011,0.322246
98501,533,1839,52,0.554949,0.295788
98601,506,1852,52,0.530865,0.268617
98701,558,1835,53,0.55587,0.310175
98801,557,1821,53,0.574777,0.320151
98901,529,1821,51,0.587271,0.310666
99001,566,1850,51,0.553291,0.313163
99101,525,1772,53,0.5743,0.301508
99201,531,1834,53,0.585652,0.310981
99301,531,1869,52,0.569311,0.302304
99401,553,1817,51,0.548192,0.30315
99501,564,1902,50,0.598033,0.33729
99601,519,1828,52,0.551054,0.285997
99701,550,1870,50,0.59131,0.32522
99801,539,1846,51,0.513812,0.276944
99901,533,1865,51,0.557403,0.297096
100001,552,1794,52,0.551334,0.304336
100101,525,1820,50,0.580759,0.304899
100201,550,1814,54,0.555082,0.305295
100301,561,1828,49,0.524555,0.294275
100401,541,1832,51,0.547176,0.296022
100501,562,1913,51,0.563575,0.316729
100601,544,1828,52,0.587554,0.31963
100701,520,1838,52,0.559856,0.291125
100801,544,1824,49,0.593655,0.322948
100901,547,1828,49,0.590402,0.32295
101001,567,1847,50,0.545004,0.309017
101101,578,1896,50,0.56344,0.325668
101201,520,1860,49,0.561987,0.292233
101301,578,1851,49,0.561303,0.324433
101401,565,1859,53,0.54017,0.305196
101501,553,1806,52,0.626075,0.346219
101601,547,1861,55,0.552436,0.302183
101701,516,1842,54,0.535544,0.276341
101801,510,1818,53,0.536806,0.273771
101901,544,1869,50,0.530834,0.288774
102001,546,1851,53,0.545166,0.297661
102101,550,1843,51,0.562956,0.309626
102201,543,1824,49,0.545417,0.296161
102301,528,1785,49,0.552123,0.291521
102401,550,1886,48,0.582893,0.320591
102501,548,1814,49,0.53514,0.293257
102601,537,1868,50,0.589215,0.316408
102701,535,1853,48,0.522905,0.279754
102801,577,1873,52,0.573936,0.331161
102901,500,1831,51,0.592227,0.296114
103001,554,1878,51,0.570993,0.31633
103101,555,1817,50,0.533638,0.296169
103201,558,1892,54,0.566799,0.316274
103301,531,1893,53,0.546945,0.290428
103401,520,1898,51,0.566042,0.294342
103501,555,1844,52,0.526965,0.292465
103601,548,1835,50,0.572655,0.313815
103701,563,1870,52,0.535375,0.301416
103801,577,1921,51,0.551234,0.318062
103901,547,1853,51,0.564026,0.308522
104001,513,1817,52,0.534976,0.274443
104101,554,1827,53,0.537608,0.297835
104201,499,1786,53,0.567144,0.283005
104301,564,1792,54,0.560289,0.316003
104401,494,1831,52,0.547063,0.270249
104501,555,1884,52,0.528597,0.293371
104601,550,1859,51,0.552699,0.303984
104701,511,1813,56,0.565806,0.289127
104801,545,1856,51,0.565074,0.307965
104901,545,1864,54,0.547485,0.298379
105001,542,1830,52,0.611955,0.33168
105101,525,1882,53,0.550534,0.28903
105201,543,1847,54,0.566961,0.30786
105301,526,1867,52,0.586322,0.308405
105401,494,1805,52,0.525581,0.259637
105501,521,1850,56,0.535349,0.278917
105601,558,1848,52,0.549898,0.306843
105701,544,1813,52,0.560605,0.304969
105801,550,1822,51,0.585193,0.321856
105901,558,1846,53,0.555803,0.310138
106001,528,1854,52,0.502745,0.26545
106101,533,1870,54,0.54565,0.290832
106201,540,1818,53,0.559653,0.302213
106301,553,1860,53,0.537839,0.297425
106401,533,1838,55,0.595245,0.317266
106501,544,1852,51,0.522736,0.284368
106601,544,1864,53,0.56489,0.3073
106701,536,1814,54,0.532299,0.285312
106801,538,1825,56,0.542741,0.291994
106901,529,1860,57,0.556255,0.294259
107001,545,1941,57,0.552021,0.300852
107101,515,1825,55,0.54669,0.281545
107201,528,1857,54,0.524602,0.27699
107301,526,1866,55,0.545054,0.286699
107401,536,1844,55,0.569365,0.305179
107501,561,1869,51,0.546837,0.306775
107601,517,1825,53,0.568476,0.293902
107701,570,1902,54,0.580259,0.330748
107801,528,1856,52,0.564736,0.29818
107901,532,1903,53,0.552112,0.293724
108001,543,1822,54,0.578558,0.314157
108101,538,1899,53,0.544389,0.292881
108201,538,1856,53,0.569637,0.306465
108301,539,1857,54,0.540801,0.291492
108401,510,1898,53,0.538101,0.274431
108501,510,1864,52,0.53409,0.272386
108601,540,1868,56,0.548819,0.296362
108701,519,1790,58,0.559397,0.290327
108801,503,1854,59,0.572496,0.287966
108901,549,1890,53,0.553792,0.304032
109001,533,1861,52,0.55008,0.293192
109101,544,1851,52,0.557966,0.303534
109201,508,1814,56,0.571967,0.290559
109301,523,1849,54,0.543476,0.284238
109401,519,1840,52,0.562379,0.291875
109501,514,1876,54,0.546411,0.280855
109601,546,1886,53,0.56061,0.306093
109701,520,1864,55,0.550098,0.286051
109801,508,1851,55,0.553433,0.281144
109901,527,1876,55,0.542045,0.285658
110001,535,1852,53,0.605579,0.323985
110101,537,1820,53,0.56856,0.305317
110201,536,1842,51,0.575148,0.308279
110301,537,1856,52,0.53343,0.286452
110401,539,1796,55,0.541735,0.291995
110501,515,1845,52,0.533738,0.274875
110601,520,1798,54,0.551981,0.28703
110701,529,1802,52,0.558834,0.295623
110801,529,1907,55,0.525502,0.277991
110901,515,1832,55,0.551625,0.284087
111001,514,1882,54,0.54264,0.278917
111101,539,1862,56,0.569131,0.306762
111201,535,1882,55,0.561877,0.300604
111301,528,1819,55,0.56575,0.298716
111401,550,1845,53,0.558421,0.307131
111501,503,1900,52,0.534153,0.268679
111601,541,1858,56,0.590664,0.319549
111701,528,1833,57,0.591374,0.312245
111801,516,1885,57,0.585204,0.301965
111901,527,1835,57,0.570088,0.300436
112001,528,1930,54,0.555408,0.293256
112101,539,1888,55,0.563434,0.303691
112201,562,1890,57,0.543116,0.305231
112301,523,1869,54,0.574261,0.300339
112401,488,1894,55,0.537073,0.262091
112501,509,1858,58,0.567546,0.288881
112601,518,1902,55,0.553156,0.286535
112701,530,1880,60,0.55894,0.296238
112801,537,1834,57,0.551171,0.295979
112901,531,1871,54,0.553844,0.294091
113001,518,1878,52,0.553502,0.286714
113101,549,1890,57,0.534303,0.293332
113201,525,1884,56,0.560049,0.294026
113301,506,1878,57,0.565619,0.286203
113401,532,1962,56,0.577177,0.307058
113501,510,1822,55,0.600912,0.306465
113601,520,1860,57,0.560467,0.291443
113701,519,1901,57,0.562631,0.292005
113801,511,1902,57,0.554293,0.283244
113901,496,1914,56,0.521688,0.258757
114001,550,1982,58,0.531064,0.292085
114101,524,1883,57,0.534475,0.280065
114201,514,1946,56,0.538123,0.276595
114301,530,1925,59,0.553948,0.293592
114401,513,1836,54,0.548666,0.281465
114501,538,1855,57,0.549189,0.295464
114601,515,1869,59,0.535775,0.275924
114701,512,1940,57,0.529868,0.271293
114801,526,1892,58,0.553121,0.290942
114901,561,1852,58,0.539548,0.302687
115001,535,1897,58,0.591118,0.316248
115101,515,1869,58,0.575928,0.296603
115201,525,1934,62,0.557725,0.292806
115301,522,1946,56,0.552421,0.288364
115401,530,1885,56,0.553017,0.293099
115501,512,1821,55,0.575803,0.294811
115601,505,1930,55,0.546921,0.276195
115701,521,1958,54,0.544826,0.283854
115801,520,1886,58,0.528371,0.274753
115901,519,1863,55,0.5453,0.283011
116001,527,1830,55,0.567446,0.299044
116101,522,1900,55,0.597024,0.311647
116201,521,1884,53,0.551789,0.287482
116301,501,1824,53,0.575446,0.288299
116401,508,1925,56,0.527573,0.268007
116501,499,1913,55,0.549846,0.274373
116601,522,1832,55,0.555469,0.289955
116701,491,1932,54,0.545214,0.2677
116801,530,1908,54,0.561142,0.297405
116901,512,1876,53,0.581279,0.297615
117001,515,1861,55,0.565981,0.29148
117101,510,1868,58,0.549567,0.280279
117201,519,1872,55,0.565676,0.293586
117301,505,1958,55,0.576172,0.290967
117401,495,1933,57,0.581215,0.287702
117501,527,1925,56,0.545286,0.287366
117601,495,1859,56,0.557943,0.276182
117701,526,1884,58,0.53432,0.281052
117801,518,1886,59,0.549117,0.284443
117901,503,1859,57,0.580944,0.292215
118001,510,1876,55,0.572607,0.292029
118101,516,1880,55,0.576414,0.297429
118201,508,1848,55,0.56063,0.2848
118301,502,1821,55,0.565498,0.28388
118401,501,1847,56,0.552403,0.276754
118501,546,1888,55,0.54992,0.300256
118601,536,1871,55,0.560684,0.300527
118701,506,1937,57,0.531994,0.269189
118801,501,1944,55,0.578036,0.289596
118901,516,1865,58,0.568268,0.293227
119001,500,1854,54,0.539139,0.269569
119101,513,1926,55,0.57009,0.292456
119201,500,1889,55,0.583787,0.291894
119301,511,1877,55,0.557881,0.285077
119401,502,1811,54,0.549465,0.275832
119501,527,1888,55,0.558939,0.294561
119601,517,1892,54,0.520691,0.269197
119701,502,1872,55,0.552299,0.277254
119801,509,1897,53,0.561166,0.285634
119901,516,1944,54,0.558104,0.287982
120001,502,1936,54,0.540274,0.271217
120101,527,1871,56,0.570891,0.30086
120201,503,1886,54,0.547286,0.275285
120301,540,1890,54,0.560426,0.30263
120401,537,1955,61,0.557329,0.299286
120501,490,1857,61,0.574524,0.281517
120601,517,1896,59,0.568891,0.294117
120701,514,1921,59,0.569405,0.292674
120801,523,1882,61,0.549031,0.287143
120901,509,1874,56,0.557849,0.283945
121001,497,1905,59,0.56547,0.281038
121101,527,1905,59,0.588702,0.310246
121201,506,1930,56,0.555126,0.280894
121301,528,1936,57,0.570523,0.301236
121401,510,1876,58,0.545825,0.278371
121501,486,1893,57,0.544531,0.264642
121601,521,1879,57,0.549508,0.286294
121701,484,1937,58,0.54297,0.262798
121801,519,1899,58,0.556168,0.288651
121901,492,1871,58,0.557468,0.274274
122001,495,1902,57,0.567306,0.280817
122101,519,1978,57,0.544559,0.282626
122201,514,1911,58,0.563442,0.289609
122301,529,1981,58,0.54698,0.289352
122401,521,1911,58,0.573001,0.298533
122501,537,1956,58,0.564371,0.303067
122601,512,1962,57,0.532795,0.272791
122701,514,1894,56,0.562221,0.288982
122801,511,1960,59,0.596132,0.304623
122901,515,1929,61,0.555277,0.285968
123001,477,1961,58,0.540429,0.257784
123101,515,1894,57,0.59154,0.304643
123201,503,1983,58,0.573753,0.288598
123301,503,1905,59,0.57794,0.290704
123401,532,1919,60,0.564275,0.300194
123501,512,1937,64,0.56698,0.290294
123601,545,1968,58,0.554972,0.30246
123701,495,1945,57,0.539198,0.266903
123801,505,1935,59,0.557014,0.281292
123901,523,1921,62,0.588228,0.307643
124001,497,1932,56,0.557665,0.27716
124101,511,1914,59,0.585493,0.299187
124201,523,1968,58,0.527535,0.275901
124301,503,1900,58,0.557758,0.280552
124401,543,1980,60,0.545369,0.296136
124501,519,1993,58,0.548665,0.284757
124601,512,1914,58,0.532227,0.2725
124701,487,1878,57,0.567963,0.276598
124801,509,1982,58,0.545705,0.277764
124901,496,1909,55,0.546106,0.270869
125001,533,1921,56,0.566153,0.301759
125101,498,1888,58,0.560078,0.278919
125201,506,1905,58,0.54691,0.276736
125301,527,1887,57,0.575084,0.303069
125401,498,1886,58,0.572744,0.285227
125501,498,1932,58,0.515021,0.256481
125601,540,1888,56,0.543502,0.293491
125701,508,1893,58,0.56531,0.287177
125801,530,1958,58,0.55054,0.291786
125901,523,1944,56,0.565246,0.295624
126001,509,1894,59,0.525603,0.267532
126101,521,1940,57,0.576339,0.300273
126201,526,2002,58,0.576211,0.303087
126301,487,1920,57,0.544034,0.264945
126401,524,1981,57,0.53421,0.279926
126501,519,1955,57,0.565216,0.293347
126601,507,1928,58,0.540671,0.27412
126701,506,1903,58,0.564796,0.285787
126801,474,1874,60,0.590716,0.28
126901,522,1922,60,0.574075,0.299667
127001,531,1961,57,0.523111,0.277772
127101,481,1896,58,0.551933,0.26548
127201,531,1943,60,0.526351,0.279492
127301,499,1929,60,0.541439,0.270178
127401,501,1879,61,0.599597,0.300398
127501,503,1931,59,0.546456,0.274867
127601,476,1944,60,0.566772,0.269784
127701,509,1901,58,0.547718,0.278788
127801,500,1913,60,0.585352,0.292676
127901,506,1951,58,0.54402,0.275274
128001,506,1990,60,0.53848,0.272471
128101,492,1885,61,0.587886,0.28924
128201,532,1947,60,0.546654,0.29082
128301,502,1897,59,0.58613,0.294238
128401,519,1913,63,0.552154,0.286568
128501,488,1952,59,0.541583,0.264293
128601,488,1926,59,0.547545,0.267202
128701,518,1921,62,0.55874,0.289427
128801,500,1915,62,0.533453,0.266727
128901,496,1882,59,0.537488,0.266594
129001,467,1887,60,0.585247,0.27331
129101,495,1917,58,0.573582,0.283923
129201,511,1923,58,0.538076,0.274957
129301,513,1922,63,0.562838,0.288736
129401,492,1955,61,0.526389,0.258983
129501,515,1964,63,0.536816,0.27646
129601,497,1886,62,0.52521,0.26103
129701,495,1949,59,0.56443,0.279393
129801,520,1917,61,0.541609,0.281636
129901,499,1917,61,0.566165,0.282516
130001,527,2014,62,0.579141,0.305207
130101,519,1893,61,0.540473,0.280505
130201,470,1906,60,0.563337,0.264768
130301,501,1967,59,0.580482,0.290821
130401,500,1938,60,0.552756,0.276378
130501,512,1968,63,0.547422,0.28028
130601,489,1921,59,0.549366,0.26864
130701,500,1930,58,0.583165,0.291582
130801,494,1946,58,0.565141,0.27918
130901,505,2018,58,0.544345,0.274894
131001,478,1937,58,0.553962,0.264794
131101,482,1899,56,0.52678,0.253908
131201,514,1932,60,0.576319,0.296228
131301,507,1934,62,0.525417,0.266386
131401,476,1926,62,0.546348,0.260062
131501,483,1884,63,0.565937,0.273348
131601,503,1933,61,0.566078,0.284737
131701,474,1899,59,0.562762,0.266749
131801,528,1940,62,0.561249,0.29634
131901,474,1991,59,0.531166,0.251773
132001,490,1924,61,0.562954,0.275847
132101,502,1938,60,0.554104,0.27816
132201,447,1886,59,0.57615,0.257539
132301,489,1980,60,0.537482,0.262829
132401,491,1936,61,0.591422,0.290388
132501,478,1951,63,0.580171,0.277322
132601,496,1944,61,0.556119,0.275835
132701,497,2015,60,0.55404,0.275358
132801,491,1902,60,0.560889,0.275396
132901,489,1880,61,0.575593,0.281465
133001,483,1935,62,0.579613,0.279953
133101,489,1884,61,0.565472,0.276516
133201,478,1918,63,0.56125,0.268277
133301,498,1941,61,0.558066,0.277917
133401,486,1949,63,0.558167,0.271269
133501,489,1958,63,0.542831,0.265444
133601,479,1962,64,0.583203,0.279354
133701,479,1922,62,0.559383,0.267944
133801,491,1992,65,0.529894,0.260178
133901,499,1932,63,0.538694,0.268808
134001,489,1967,62,0.542042,0.265059
134101,471,1930,62,0.56516,0.26619
134201,514,1973,61,0.549986,0.282693
134301,497,1959,63,0.589382,0.292923
134401,516,1980,63,0.531532,0.27427
134501,480,1989,62,0.55246,0.265181
134601,515,1979,61,0.543975,0.280147
134701,493,1976,62,0.546408,0.269379
134801,500,1950,62,0.568285,0.284142
134901,518,1991,62,0.562894,0.291579
135001,509,1948,61,0.546974,0.27841
135101,506,1972,63,0.562036,0.28439
135201,484,1975,61,0.559115,0.270612
135301,484,1929,64,0.600479,0.290632
135401,503,1949,66,0.553869,0.278596
135501,519,2072,66,0.539414,0.279956
135601,483,1964,62,0.599581,0.289598
135701,473,1967,64,0.55362,0.261862
135801,486,1957,65,0.550044,0.267321
135901,512,1903,62,0.582032,0.298
136001,496,1976,62,0.555744,0.275649
136101,468,1922,62,0.569745,0.266641
136201,479,1975,63,0.60365,0.289148
136301,491,2011,63,0.539812,0.265048
136401,492,1943,62,0.571273,0.281066
136501,474,1923,63,0.553596,0.262404
136601,478,1987,65,0.543843,0.259957
136701,493,2005,62,0.552006,0.272139
136801,508,1979,62,0.571585,0.290365
136901,477,1968,67,0.567364,0.270633
137001,487,1991,66,0.53247,0.259313
137101,504,2008,69,0.559199,0.281836
137201,504,1970,67,0.537053,0.270675
137301,477,1960,68,0.548507,0.261638
137401,479,1985,66,0.540265,0.258787
137501,455,1953,70,0.556581,0.253244
137601,494,1971,65,0.549909,0.271655
137701,492,2012,66,0.542087,0.266707
137801,495,2025,69,0.544758,0.269655
137901,486,1965,64,0.556444,0.270432
138001,464,1951,66,0.581333,0.269739
138101,472,1925,65,0.555074,0.261995
138201,477,1901,65,0.562628,0.268374
138301,484,1994,66,0.596321,0.288619
138401,488,1959,63,0.573044,0.279645
138501,485,1977,64,0.529255,0.256688
138601,504,1964,63,0.537649,0.270975
138701,460,2014,66,0.551729,0.253795
138801,501,1980,65,0.540859,0.270971
138901,499,1977,67,0.558037,0.27846
139001,466,1994,66,0.528427,0.246247
139101,491,1951,68,0.571563,0.280637
139201,453,1973,64,0.538591,0.243982
139301,496,1955,66,0.568077,0.281766
139401,474,1999,63,0.556308,0.26369
139501,469,1929,69,0.579292,0.271688
139601,451,1983,66,0.547121,0.246752
139701,462,1960,66,0.530462,0.245074
139801,482,2003,64,0.553862,0.266962
139901,499,1985,64,0.59324,0.296027
140001,459,1921,64,0.581248,0.266793
140101,471,1958,62,0.570916,0.268901
140201,507,1958,62,0.558699,0.28326
140301,485,1972,63,0.574636,0.278698
140401,487,2032,63,0.519037,0.252771
140501,479,2027,66,0.545071,0.261089
140601,494,2019,64,0.570749,0.28195
140701,482,1948,67,0.54631,0.263322
140801,473,1973,63,0.553545,0.261827
140901,478,1969,65,0.598517,0.286091
141001,497,1951,64,0.530634,0.263725
141101,453,1939,65,0.576827,0.261302
141201,455,1937,67,0.543619,0.247347
141301,466,2000,65,0.532744,0.248259
141401,474,1952,65,0.533214,0.252743
141501,458,1937,68,0.533144,0.24418
141601,473,2014,68,0.547442,0.25894
141701,511,1989,67,0.523762,0.267643
141801,493,1997,65,0.562731,0.277426
141901,476,2004,67,0.553119,0.263284
142001,470,1948,68,0.578464,0.271878
142101,493,1982,71,0.541137,0.26678
142201,481,1969,69,0.536794,0.258198
142301,490,1954,66,0.565023,0.276861
142401,471,1980,67,0.550151,0.259121
142501,474,2026,66,0.572535,0.271382
142601,467,2013,69,0.540741,0.252526
142701,494,2004,65,0.591228,0.292067
142801,479,1975,66,0.537932,0.257669
142901,494,1965,67,0.570397,0.281776
143001,462,2004,65,0.546979,0.252704
143101,429,1932,65,0.60459,0.259369
143201,471,1982,68,0.561075,0.264266
143301,478,2018,68,0.539634,0.257945
143401,474,1965,69,0.580283,0.275054
143501,469,2006,67,0.539294,0.252929
143601,492,1950,66,0.55775,0.274413
143701,463,1962,67,0.579198,0.268169
143801,485,1974,70,0.568627,0.275784
143901,477,1977,69,0.551122,0.262885
144001,450,1979,67,0.567201,0.255241
144101,512,1995,70,0.556498,0.284927
144201,475,2021,69,0.551849,0.262128
144301,478,2001,69,0.561206,0.268256
144401,463,1987,71,0.583134,0.269991
144501,433,1974,71,0.53886,0.233326
144601,500,1999,69,0.536876,0.268438
144701,479,2009,70,0.579048,0.277364
144801,507,2041,70,0.523116,0.26522
144901,454,1949,71,0.571018,0.259242
145001,469,1940,69,0.599572,0.281199
145101,470,1980,71,0.534435,0.251185
145201,479,2041,71,0.568278,0.272205
145301,481,2024,71,0.565136,0.27183
145401,454,1982,71,0.554905,0.251927
145501,460,1982,74,0.583361,0.268346
145601,476,1985,75,0.564123,0.268523
145701,446,1962,71,0.564576,0.251801
145801,473,1991,69,0.569684,0.269461
145901,463,2004,69,0.582461,0.26968
146001,458,1976,69,0.559391,0.256201
146101,453,1987,71,0.546934,0.247761
146201,487,2040,69,0.547936,0.266845
146301,483,2019,69,0.545778,0.263611
146401,460,2030,68,0.572366,0.263288
146501,471,2003,70,0.570322,0.268622
146601,466,2069,71,0.575527,0.268196
146701,490,1976,71,0.570933,0.279757
146801,479,2000,69,0.561654,0.269032
146901,461,1971,71,0.565513,0.260701
147001,476,2009,72,0.559064,0.266115
147101,483,1976,73,0.585213,0.282658
147201,455,2026,70,0.546379,0.248603
147301,467,2016,73,0.542442,0.25332
147401,447,2027,71,0.565517,0.252786
147501,449,2049,72,0.563893,0.253188
147601,474,2048,71,0.548042,0.259772
147701,459,2046,73,0.564737,0.259214
147801,475,1983,72,0.560439,0.266209
147901,455,1979,73,0.578794,0.263351
148001,450,1932,72,0.538472,0.242312
148101,453,2052,73,0.523978,0.237362
148201,450,1956,72,0.552365,0.248564
148301,467,2027,72,0.563817,0.263302
148401,485,2012,73,0.546289,0.26495
148501,457,1977,71,0.582073,0.266007
148601,466,1996,73,0.586013,0.273082
148701,424,1968,72,0.559868,0.237384
148801,475,2017,71,0.573334,0.272334
148901,461,1984,70,0.58367,0.269072
149001,469,1983,71,0.569584,0.267135
149101,478,2026,73,0.556376,0.265948
149201,470,1990,69,0.549494,0.258262
149301,462,1995,70,0.566804,0.261864
149401,478,2031,71,0.540991,0.258594
149501,457,2028,72,0.568899,0.259987
149601,450,2053,72,0.558209,0.251194
149701,468,2019,70,0.59037,0.276293
149801,483,1985,68,0.560626,0.270782
149901,452,2051,70,0.554341,0.250562
150001,452,1959,69,0.545077,0.246375
150101,461,2016,68,0.56539,0.260645
150201,464,2004,69,0.58053,0.269366
150301,421,2004,74,0.535625,0.225498
150401,466,2042,69,0.568576,0.264956
150501,475,1981,68,0.599189,0.284615
150601,440,1944,68,0.548658,0.241409
150701,443,2014,68,0.554493,0.24564
150801,457,2039,70,0.556132,0.254152
150901,454,1975,70,0.540073,0.245193
151001,453,2056,70,0.526533,0.238519
151101,441,2010,72,0.576421,0.254202
151201,458,2020,71,0.523329,0.239685
151301,461,2043,71,0.550902,0.253966
151401,436,1969,72,0.594361,0.259141
151501,466,1988,73,0.551032,0.256781
151601,475,2076,72,0.529547,0.251535
151701,437,2020,74,0.556836,0.243337
151801,451,1970,75,0.55781,0.251573
151901,446,1961,72,0.591081,0.263622
152001,451,2017,73,0.518453,0.233822
152101,476,2074,71,0.537369,0.255788
152201,452,2010,72,0.55296,0.249938
152301,465,1981,77,0.578459,0.268984
152401,484,2023,75,0.563858,0.272907
152501,476,2045,71,0.568847,0.270771
152601,445,1961,74,0.590269,0.26267
152701,478,1962,71,0.555162,0.265367
152801,458,2032,73,0.541516,0.248014
152901,461,2026,75,0.556088,0.256356
153001,453,2034,72,0.588962,0.2668
153101,469,2045,75,0.590875,0.27712
153201,452,1983,74,0.541736,0.244865
153301,457,1978,72,0.574703,0.262639
153401,481,2010,73,0.55482,0.266869
153501,465,2044,72,0.563726,0.262133
153601,468,2035,73,0.579581,0.271244
153701,462,1972,72,0.54612,0.252307
153801,447,2029,73,0.586762,0.262282
153901,447,2033,78,0.565725,0.252879
154001,475,2048,75,0.571208,0.271324
154101,464,2082,74,0.535209,0.248337
154201,451,2050,76,0.536372,0.241904
154301,444,2070,77,0.537121,0.238482
154401,480,2054,76,0.52796,0.253421
154501,513,2080,73,0.534801,0.274353
154601,477,2057,72,0.564944,0.269479
154701,467,2039,73,0.54809,0.255958
154801,487,2077,73,0.534119,0.260116
154901,444,2044,74,0.535049,0.237562
155001,432,2053,75,0.526983,0.227657
155101,451,2005,75,0.566619,0.255545
155201,428,2031,73,0.511514,0.218928
155301,488,2056,76,0.547846,0.267349
155401,471,2003,74,0.53695,0.252904
155501,470,2042,71,0.574211,0.269879
155601,453,2033,71,0.591507,0.267953
155701,443,2009,71,0.517907,0.229433
155801,455,2043,72,0.576831,0.262458
155901,485,2012,77,0.582773,0.282645
156001,455,2021,74,0.533218,0.242614
156101,462,2008,73,0.56275,0.259991
156201,453,2068,75,0.555513,0.251647
156301,487,2067,73,0.594556,0.289549
156401,457,2026,76,0.549256,0.25101
156501,442,2008,77,0.579802,0.256273
156601,460,2039,74,0.541459,0.249071
156701,439,1987,76,0.557678,0.244821
156801,493,2044,75,0.566988,0.279525
156901,473,2105,75,0.543409,0.257032
157001,448,2085,75,0.575531,0.257838
157101,435,2013,74,0.541089,0.235374
157201,455,2019,76,0.562866,0.256104
157301,477,2087,76,0.561146,0.267667
157401,473,2036,77,0.586994,0.277648
157501,467,1996,75,0.549605,0.256666
157601,450,2085,76,0.550493,0.247722
157701,454,2029,75,0.591808,0.268681
157801,437,2025,75,0.558955,0.244264
157901,439,2045,75,0.606858,0.266411
158001,454,2009,75,0.591032,0.268329
158101,450,2045,74,0.545628,0.245532
158201,430,2063,75,0.599512,0.25779
158301,449,2066,75,0.552564,0.248101
158401,487,2000,76,0.533032,0.259587
158501,447,2062,78,0.588509,0.263063
158601,460,2081,77,0.516268,0.237483
158701,418,2041,75,0.536833,0.224396
158801,451,2046,73,0.560098,0.252604
158901,477,2071,74,0.553066,0.263813
159001,427,2005,77,0.553078,0.236164
159101,441,1971,72,0.605188,0.266888
159201,451,2059,74,0.54631,0.246386
159301,462,2058,75,0.545916,0.252213
159401,442,1998,72,0.543073,0.240038
159501,444,2069,73,0.553941,0.24595
159601,438,2039,72,0.574756,0.251743
159701,450,2030,73,0.549556,0.2473
159801,478,2085,72,0.563242,0.26923
159901,435,1998,75,0.574026,0.249701
160001,434,2039,73,0.574588,0.249371
160101,466,2085,74,0.571165,0.266163
160201,458,2074,75,0.561856,0.25733
160301,448,2076,74,0.586988,0.262971
160401,465,2102,77,0.552879,0.257089
160501,446,2045,76,0.551713,0.246064
160601,440,1996,77,0.572674,0.251976
160701,446,2059,77,0.55722,0.24852
160801,451,2092,78,0.535059,0.241311
160901,485,2085,78,0.5582,0.270727
161001,451,2028,76,0.562249,0.253574
161101,468,2087,76,0.593618,0.277813
161201,445,2071,77,0.580253,0.258213
161301,469,2080,78,0.573571,0.269005
161401,403,1954,73,0.571402,0.230275
161501,443,2132,76,0.524141,0.232194
161601,425,2071,73,0.513803,0.218366
161701,435,2077,72,0.538552,0.23427
161801,437,2086,73,0.530301,0.231741
161901,450,2057,74,0.573921,0.258265
162001,406,2016,73,0.578241,0.234766
162101,442,2047,71,0.517438,0.228708
162201,451,2062,73,0.526331,0.237375
162301,455,2100,75,0.565338,0.257229
162401,419,2013,71,0.579762,0.24292
162501,446,2088,72,0.569451,0.253975
162601,445,2068,74,0.53894,0.239828
162701,452,2062,75,0.580879,0.262558
162801,431,2060,74,0.563563,0.242895
162901,452,2063,74,0.546328,0.24694
163001,443,2049,73,0.583297,0.2584
163101,449,2067,74,0.537227,0.241215
163201,456,2078,73,0.537977,0.245318
163301,432,2070,77,0.572065,0.247132
163401,462,2107,75,0.537809,0.248468
163501,436,2062,76,0.578779,0.252348
163601,421,2068,74,0.541679,0.228047
163701,410,2096,76,0.553042,0.226747
163801,452,2094,75,0.552273,0.249627
163901,414,2030,75,0.571889,0.236762
164001,416,2070,77,0.558467,0.232322
164101,427,2058,76,0.591666,0.252641
164201,435,2049,79,0.537874,0.233975
164301,464,2100,76,0.543838,0.252341
164401,459,2076,76,0.563838,0.258802
164501,428,2076,78,0.549348,0.235121
164601,443,2086,75,0.552908,0.244938
164701,438,2048,78,0.560792,0.245627
164801,442,2101,79,0.560723,0.24784
164901,463,2081,76,0.588293,0.27238
165001,418,2049,77,0.557395,0.232991
165101,405,2034,77,0.525208,0.212709
165201,425,2094,77,0.575691,0.244669
165301,430,2082,75,0.518179,0.222817
165401,429,2135,75,0.547309,0.234795
165501,457,2079,77,0.553282,0.25285
165601,446,2062,78,0.549555,0.245101
165701,446,2073,80,0.568671,0.253627
165801,434,2079,77,0.575729,0.249867
165901,458,2079,76,0.611894,0.280247
166001,439,2029,78,0.58422,0.256472
166101,464,2054,77,0.550111,0.255251
166201,425,2038,78,0.560242,0.238103
166301,444,2085,76,0.54867,0.24361
166401,441,2085,79,0.542858,0.2394
166501,439,2092,78,0.539782,0.236964
166601,453,2077,75,0.550015,0.249157
166701,421,2092,77,0.579843,0.244114
166801,437,2105,77,0.550821,0.240709
166901,420,2084,77,0.535612,0.224957
167001,438,2108,76,0.529908,0.2321
167101,436,2084,76,0.558938,0.243697
167201,420,2092,76,0.55413,0.232735
167301,462,2099,80,0.540565,0.249741
167401,420,2120,79,0.509827,0.214128
167501,466,2090,83,0.556089,0.259137
167601,438,2045,76,0.650943,0.285113
167701,444,2148,81,0.548486,0.243528
167801,434,2083,79,0.524826,0.227775
167901,440,2076,80,0.547483,0.240892
168001,438,2073,80,0.566834,0.248273
168101,411,2034,80,0.554217,0.227783
168201,457,2071,81,0.548265,0.250557
168301,452,2115,78,0.563351,0.254635
168401,460,2079,77,0.530782,0.24416
168501,439,2151,78,0.514998,0.226084
168601,461,2082,79,0.581082,0.267879
168701,450,2130,77,0.564789,0.254155
168801,434,2103,78,0.569229,0.247045
168901,424,2089,78,0.549042,0.232794
169001,436,2100,77,0.577745,0.251897
169101,430,2048,78,0.550772,0.236832
169201,428,2030,80,0.581975,0.249085
169301,429,2098,79,0.561975,0.241087
169401,451,2083,79,0.581783,0.262384
169501,420,2098,77,0.535206,0.224786
169601,442,2114,79,0.578115,0.255527
169701,427,2077,79,0.57004,0.243407
169801,433,2099,80,0.505461,0.218865
169901,448,2130,80,0.573011,0.256709
170001,455,2091,79,0.549451,0.25
170101,433,2069,78,0.561748,0.243237
170201,453,2081,79,0.525952,0.238256
170301,459,2050,78,0.555354,0.254907
170401,430,2046,78,0.564812,0.242869
170501,436,2117,77,0.542796,0.236659
170601,460,2119,77,0.552621,0.254205
170701,426,2102,77,0.577279,0.245921
170801,425,2064,78,0.558027,0.237161
170901,430,2064,80,0.582981,0.250682
171001,441,2113,79,0.580142,0.255843
171101,445,2093,79,0.550484,0.244965
171201,434,2110,78,0.554596,0.240695
171301,451,2152,79,0.602923,0.271918
171401,468,2134,78,0.560796,0.262453
171501,420,2095,78,0.568752,0.238876
171601,446,2140,78,0.548842,0.244783
171701,407,2095,81,0.555431,0.22606
171801,436,2133,83,0.552539,0.240907
171901,440,2078,78,0.548459,0.241322
172001,451,2123,81,0.52785,0.23806
172101,421,2090,83,0.542598,0.228434
172201,425,2106,79,0.569649,0.242101
172301,430,2106,81,0.573668,0.246677
172401,446,2099,81,0.564657,0.251837
172501,453,2103,84,0.542644,0.245818
172601,435,2100,82,0.529642,0.230394
172701,442,2049,81,0.559167,0.247152
172801,404,2033,81,0.572778,0.231402
172901,420,2019,81,0.57841,0.242932
173001,439,2104,82,0.563954,0.247576
173101,428,2152,81,0.575675,0.246389
173201,435,2159,82,0.535278,0.232846
173301,433,2083,80,0.515636,0.22327
173401,422,2080,81,0.549017,0.231685
173501,439,2074,81,0.556121,0.244137
173601,427,2052,80,0.532745,0.227482
173701,455,2114,81,0.534963,0.243408
173801,438,2102,82,0.52762,0.231098
173901,416,2054,82,0.55892,0.232511
174001,446,2124,80,0.540204,0.240931
174101,426,2130,81,0.535193,0.227992
174201,442,2139,81,0.544569,0.2407
174301,455,2125,84,0.52083,0.236978
174401,428,2068,83,0.549911,0.235362
174501,440,2081,81,0.562981,0.247711
174601,438,2132,86,0.548106,0.240071
174701,434,2158,85,0.562801,0.244256
174801,470,2158,80,0.592061,0.278269
174901,417,2108,80,0.558559,0.232919
175001,411,2153,79,0.532286,0.21877
175101,436,2086,78,0.561271,0.244714
175201,439,2117,81,0.57115,0.250735
175301,422,2084,79,0.598876,0.252726
175401,433,2115,82,0.561018,0.242921
175501,424,2128,78,0.536972,0.227676
175601,412,2118,80,0.583354,0.240342
175701,414,2133,79,0.590236,0.244358
175801,439,2113,78,0.552765,0.242664
175901,410,2143,80,0.534365,0.21909
176001,407,2136,79,0.520888,0.212001
176101,432,2124,81,0.59289,0.256129
176201,430,2127,80,0.539692,0.232067
176301,430,2068,81,0.538133,0.231397
176401,432,2100,79,0.538613,0.232681
176501,422,2105,83,0.529145,0.223299
176601,433,2112,81,0.531822,0.230279
176701,431,2095,81,0.581224,0.250508
176801,436,2150,82,0.545363,0.237778
176901,435,2147,79,0.539132,0.234522
177001,446,2145,80,0.568501,0.253552
177101,421,2143,82,0.568662,0.239407
177201,443,2128,81,0.603268,0.267248
177301,409,2136,82,0.524971,0.214713
177401,417,2174,80,0.558165,0.232755
177501,421,2147,80,0.568961,0.239532
177601,444,2169,80,0.579313,0.257215
177701,444,2224,80,0.518924,0.230402
177801,437,2130,82,0.569765,0.248987
177901,455,2127,85,0.519451,0.23635
178001,422,2112,82,0.53032,0.223795
178101,434,2197,82,0.53548,0.232398
178201,411,2133,80,0.549221,0.22573
178301,408,2090,82,0.537209,0.219181
178401,442,2124,79,0.598705,0.264627
178501,405,2129,78,0.570572,0.231082
178601,414,2111,79,0.551482,0.228313
178701,454,2203,82,0.54074,0.245496
178801,411,2152,82,0.571725,0.234979
178901,395,2129,79,0.546429,0.215839
179001,421,2119,78,0.599408,0.252351
179101,434,2205,79,0.535884,0.232573
179201,451,2198,78,0.533363,0.240547
179301,445,2131,81,0.595869,0.265162
179401,410,2124,82,0.558901,0.229149
179501,417,2123,80,0.582448,0.242881
179601,401,2074,81,0.569051,0.228189
179701,411,2120,82,0.552523,0.227087
179801,417,2105,80,0.517095,0.215628
179901,408,2124,80,0.557299,0.227378
180001,452,2140,81,0.538568,0.243433
180101,372,2043,80,0.577706,0.214907
180201,406,2085,81,0.550597,0.223542
180301,439,2099,82,0.595279,0.261328
180401,405,2089,81,0.565288,0.228942
180501,398,2104,83,0.533288,0.212249
180601,398,2104,81,0.564308,0.224595
180701,436,2159,80,0.58285,0.254122
180801,414,2139,83,0.552729,0.22883
180901,417,2173,84,0.537292,0.224051
181001,411,2105,85,0.54228,0.222877
181101,458,2104,85,0.558652,0.255863
181201,439,2146,85,0.563291,0.247285
181301,444,2179,84,0.546178,0.242503
181401,438,2109,82,0.61276,0.268389
181501,401,2082,83,0.526044,0.210944
181601,458,2130,85,0.541644,0.248073
181701,434,2162,83,0.532951,0.231301
181801,425,2145,84,0.554354,0.2356
181901,429,2182,81,0.540031,0.231673
182001,411,2181,81,0.523787,0.215277
182101,433,2107,82,0.560903,0.242871
182201,425,2112,82,0.55371,0.235327
182301,422,2085,83,0.548917,0.231643
182401,429,2087,83,0.565644,0.242661
182501,429,2156,84,0.558222,0.239477
182601,432,2159,84,0.556629,0.240464
182701,385,2136,83,0.541956,0.208653
182801,403,2159,84,0.548246,0.220943
182901,392,2112,84,0.555744,0.217852
183001,422,2176,84,0.554406,0.233959
183101,436,2088,83,0.551512,0.240459
183201,440,2137,81,0.56923,0.250461
183301,460,2141,84,0.579453,0.266549
183401,414,2139,81,0.56033,0.231977
183501,431,2193,83,0.508068,0.218977
183601,424,2179,84,0.565447,0.23975
183701,416,2129,82,0.582565,0.242347
183801,399,2140,82,0.513789,0.205002
183901,434,2189,82,0.561364,0.243632
184001,412,2132,81,0.562807,0.231877
184101,427,2181,82,0.522685,0.223186
184201,406,2106,83,0.565389,0.229548
184301,448,2237,83,0.538762,0.241365
184401,419,2119,85,0.539901,0.226219
184501,422,2147,86,0.574986,0.242644
184601,405,2163,84,0.532859,0.215808
184701,409,2134,84,0.53287,0.217944
184801,409,2157,83,0.576648,0.235849
184901,400,2166,83,0.539098,0.215639
185001,409,2186,84,0.57518,0.235249
185101,426,2111,83,0.566684,0.241407
185201,420,2198,83,0.516094,0.216759
185301,402,2203,85,0.537526,0.216085
185401,392,2140,83,0.588282,0.230606
185501,413,2182,83,0.563579,0.232758
185601,438,2149,82,0.546117,0.239199
185701,406,2107,82,0.557422,0.226313
185801,413,2113,82,0.558415,0.230625
185901,388,2147,83,0.572057,0.221958
186001,410,2203,82,0.557158,0.228435
186101,383,2105,81,0.555779,0.212863
186201,394,2132,84,0.573839,0.226093
186301,420,2178,82,0.568964,0.238965
186401,426,2163,84,0.539862,0.229981
186501,404,2141,81,0.544612,0.220023
186601,431,2172,83,0.541406,0.233346
186701,380,2151,84,0.55794,0.212017
186801,419,2124,82,0.574437,0.240689
186901,386,2125,82,0.560053,0.21618
187001,414,2147,84,0.523729,0.216824
187101,414,2216,84,0.546895,0.226414
187201,392,2174,86,0.544112,0.213292
187301,392,2122,86,0.572073,0.224253
187401,412,2216,82,0.581609,0.239623
187501,409,2182,84,0.565851,0.231433
187601,395,2168,85,0.555306,0.219346
187701,382,2146,87,0.554776,0.211924
187801,416,2136,82,0.537958,0.223791
187901,409,2202,82,0.568185,0.232388
188001,357,2161,83,0.564435,0.201503
188101,362,2117,82,0.569065,0.206001
188201,399,2184,85,0.571642,0.228085
188301,406,2165,87,0.544989,0.221265
188401,403,2190,85,0.586694,0.236438
188501,402,2192,85,0.586799,0.235893
188601,394,2147,85,0.584788,0.230406
188701,417,2179,84,0.531933,0.221816
188801,375,2169,83,0.551327,0.206747
188901,358,2154,84,0.516565,0.18493
189001,384,2176,86,0.568471,0.218293
189101,406,2145,85,0.544112,0.22091
189201,366,2123,85,0.562349,0.20582
189301,418,2170,85,0.559814,0.234002
189401,408,2137,86,0.538433,0.219681
189501,407,2143,84,0.545657,0.222082
189601,403,2175,83,0.588524,0.237175
189701,415,2158,84,0.551126,0.228717
189801,390,2113,85,0.571514,0.22289
189901,391,2144,83,0.579446,0.226563
190001,413,2195,85,0.563017,0.232526
190101,404,2087,86,0.611407,0.247009
190201,375,2101,87,0.581197,0.217949
190301,403,2173,86,0.525822,0.211906
190401,380,2104,88,0.60274,0.229041
190501,396,2111,86,0.603558,0.239009
190601,358,2156,86,0.549029,0.196552
190701,382,2246,86,0.547968,0.209324
190801,401,2187,86,0.563981,0.226156
190901,367,2171,86,0.540104,0.198218
191001,410,2179,87,0.533053,0.218552
191101,396,2165,86,0.532291,0.210787
191201,382,2137,86,0.590638,0.225624
191301,403,2131,88,0.599845,0.241737
191401,409,2138,85,0.554284,0.226702
191501,411,2153,86,0.503134,0.206788
191601,400,2133,85,0.557422,0.222969
191701,404,2147,85,0.565205,0.228343
191801,410,2179,86,0.596329,0.244495
191901,422,2135,86,0.548287,0.231377
192001,403,2141,84,0.54426,0.219337
192101,417,2109,86,0.556389,0.232014
192201,391,2121,89,0.595108,0.232687
192301,369,2086,87,0.548311,0.202327
192401,395,2130,86,0.526235,0.207863
192501,392,2150,88,0.553743,0.217067
192601,386,2130,86,0.597183,0.230513
192701,397,2119,87,0.557168,0.221196
192801,368,2096,86,0.545997,0.200927
192901,394,2143,85,0.556981,0.219451
193001,382,2143,86,0.562691,0.214948
193101,345,2156,85,0.555337,0.191591
193201,415,2227,86,0.561895,0.233186
193301,384,2199,90,0.535732,0.205721
193401,373,2143,87,0.584415,0.217987
193501,369,2155,85,0.553758,0.204337
193601,379,2167,86,0.584408,0.22149
193701,360,2095,87,0.542624,0.195345
193801,399,2186,86,0.549855,0.219392
193901,383,2188,88,0.536831,0.205606
194001,391,2142,86,0.594457,0.232433
194101,398,2181,88,0.548695,0.218381
194201,383,2198,84,0.53269,0.20402
194301,418,2172,85,0.547849,0.229001
194401,379,2153,86,0.544922,0.206525
194501,345,2097,90,0.547951,0.189043
194601,361,2116,87,0.560186,0.202227
194701,384,2154,87,0.542515,0.208326
194801,392,2164,88,0.588505,0.230694
194901,387,2135,86,0.574006,0.22214
195001,379,2180,86,0.578486,0.219246
195101,388,2156,87,0.542882,0.210638
195201,374,2132,87,0.559112,0.209108
195301,384,2181,87,0.526077,0.202014
195401,373,2168,85,0.597387,0.222825
195501,403,2197,85,0.536467,0.216196
195601,363,2103,86,0.585943,0.212697
195701,382,2168,88,0.555633,0.212252
195801,381,2110,86,0.538209,0.205058
195901,374,2154,86,0.562917,0.210531
196001,374,2198,87,0.553001,0.206822
196101,373,2195,86,0.571054,0.213003
196201,373,2205,89,0.540162,0.20148
196301,412,2162,91,0.572591,0.235908
196401,353,2167,89,0.553777,0.195483
196501,376,2200,87,0.55197,0.207541
196601,355,2232,86,0.549496,0.195071
196701,370,2210,89,0.544121,0.201325
196801,392,2174,86,0.551582,0.21622
196901,371,2180,89,0.555841,0.206217
197001,386,2141,88,0.552677,0.213333
197101,385,2108,89,0.583291,0.224567
197201,383,2145,87,0.545055,0.208756
197301,385,2154,87,0.562722,0.216648
197401,399,2157,93,0.554378,0.221197
197501,404,2175,87,0.523656,0.211557
197601,371,2196,90,0.551274,0.204523
197701,382,2149,90,0.571856,0.218449
197801,377,2116,91,0.572925,0.215993
197901,394,2177,91,0.549279,0.216416
198001,380,2202,91,0.568945,0.216199
198101,386,2199,90,0.524051,0.202284
198201,335,2156,93,0.559687,0.187495
198301,384,2210,91,0.575242,0.220893
198401,375,2171,89,0.540114,0.202543
198501,361,2179,88,0.554508,0.200177
198601,394,2180,90,0.543188,0.214016
198701,392,2197,89,0.526647,0.206446
198801,391,2218,89,0.51955,0.203144
198901,360,2167,91,0.546999,0.19692
199001,349,2143,89,0.563567,0.196685
199101,376,2164,87,0.585435,0.220124
199201,385,2220,91,0.504651,0.194291
199301,354,2198,91,0.531889,0.188289
199401,360,2167,92,0.540323,0.194516
199501,369,2177,89,0.533381,0.196817
199601,362,2159,89,0.557174,0.201697
199701,363,2133,90,0.565698,0.205348
199801,366,2153,89,0.536832,0.196481
199901,346,2165,89,0.562232,0.194532
200001,365,2164,90,0.628785,0.229506
200101,379,2216,90,0.534139,0.202439
200201,386,2137,89,0.584457,0.2256
200301,384,2212,90,0.565157,0.21702
200401,345,2168,90,0.549047,0.189421
200501,366,2187,90,0.565813,0.207088
200601,391,2142,88,0.571261,0.223363
200701,367,2167,89,0.539627,0.198043
200801,366,2224,88,0.530649,0.194218
200901,358,2153,89,0.600117,0.214842
201001,345,2166,88,0.614832,0.212117
201101,372,2212,88,0.5222,0.194258
201201,352,2211,88,0.594072,0.209114
201301,364,2179,89,0.570703,0.207736
201401,377,2183,89,0.569638,0.214754
201501,360,2252,91,0.516411,0.185908
201601,375,2171,87,0.533261,0.199973
201701,342,2152,87,0.552919,0.189098
201801,384,2196,87,0.544531,0.2091
201901,349,2214,89,0.543445,0.189662
202001,337,2194,88,0.511603,0.17241
202101,387,2176,92,0.614054,0.237639
202201,358,2188,90,0.560388,0.200619
202301,372,2202,87,0.514491,0.191391
202401,358,2153,89,0.545944,0.195448
202501,348,2138,89,0.548669,0.190937
202601,365,2190,90,0.571009,0.208418
202701,381,2207,91,0.561927,0.214094
202801,346,2162,94,0.581491,0.201196
202901,361,2203,92,0.531271,0.191789
203001,368,2153,91,0.543203,0.199899
203101,341,2157,90,0.554127,0.188957
203201,365,2193,89,0.543831,0.198498
203301,386,2222,89,0.550845,0.212626
203401,360,2216,91,0.524536,0.188833
203501,367,2197,90,0.563736,0.206891
203601,366,2227,91,0.559304,0.204705
203701,343,2136,88,0.560216,0.192154
203801,366,2203,88,0.582326,0.213131
203901,338,2215,87,0.553229,0.186991
204001,355,2165,88,0.549098,0.19493
204101,344,2153,92,0.549044,0.188871
204201,332,2173,90,0.554136,0.183973
204301,354,2196,88,0.562969,0.199291
204401,361,2221,91,0.542563,0.195865
204501,359,2259,90,0.554603,0.199102
204601,342,2171,92,0.5565,0.190323
204701,324,2184,91,0.513223,0.166284
204801,364,2187,89,0.572679,0.208455
204901,349,2210,89,0.541263,0.188901
205001,335,2169,90,0.546135,0.182955
205101,368,2193,94,0.529119,0.194716
205201,341,2173,91,0.518958,0.176965
205301,344,2125,90,0.569202,0.195805
205401,347,2159,87,0.546767,0.189728
205501,349,2183,89,0.571401,0.199419
205601,348,2161,89,0.581716,0.202437
205701,351,2156,89,0.574414,0.201619
205801,362,2166,88,0.567533,0.205447
205901,362,2229,89,0.527695,0.191025
206001,335,2157,88,0.577309,0.193399
206101,372,2204,90,0.552223,0.205427
206201,372,2238,88,0.548901,0.204191
206301,357,2231,91,0.545892,0.194883
206401,388,2245,92,0.523848,0.203253
206501,360,2221,88,0.554532,0.199631
206601,330,2182,91,0.560526,0.184974
206701,346,2235,90,0.571765,0.197831
206801,360,2173,93,0.599709,0.215895
206901,364,2228,89,0.542384,0.197428
207001,342,2187,89,0.54934,0.187874
207101,335,2160,90,0.540331,0.181011
207201,346,2200,90,0.594967,0.205859
207301,337,2185,88,0.577271,0.19454
207401,368,2180,90,0.578178,0.21277
207501,379,2215,88,0.565025,0.214144
207601,348,2266,89,0.569203,0.198083
207701,321,2184,91,0.544037,0.174636
207801,380,2187,88,0.565737,0.21498
207901,313,2141,89,0.605078,0.189389
208001,346,2229,88,0.578005,0.19999
208101,380,2243,90,0.570713,0.216871
208201,360,2208,92,0.56961,0.20506
208301,347,2229,91,0.546764,0.189727
208401,355,2228,93,0.571386,0.202842
208501,352,2216,91,0.57344,0.201851
208601,348,2180,90,0.555647,0.193365
208701,353,2250,91,0.532976,0.18814
208801,375,2241,89,0.540723,0.202771
208901,343,2227,89,0.528056,0.181123
209001,346,2185,88,0.582711,0.201618
209101,322,2181,90,0.572007,0.184186
209201,330,2151,92,0.543235,0.179268
209301,362,2233,92,0.582832,0.210985
209401,357,2203,90,0.552778,0.197342
209501,377,2176,90,0.578398,0.218056
209601,355,2227,94,0.535562,0.190125
209701,351,2168,92,0.551869,0.193706
209801,322,2167,89,0.534861,0.172225
209901,338,2187,89,0.5343,0.180593
210001,346,2182,89,0.537518,0.185981
210101,354,2188,89,0.578322,0.204726
210201,382,2196,93,0.557761,0.213065
210301,344,2194,88,0.541404,0.186243
210401,357,2216,89,0.558332,0.199325
210501,356,2207,88,0.566473,0.201664
210601,331,2207,87,0.567195,0.187741
210701,336,2208,89,0.551477,0.185296
210801,355,2196,90,0.572341,0.203181
210901,350,2220,89,0.561178,0.196412
211001,347,2234,92,0.576953,0.200203
211101,345,2256,89,0.550471,0.189913
211201,304,2184,90,0.525735,0.159824
211301,353,2215,89,0.604549,0.213406
211401,387,2226,90,0.540726,0.209261
211501,382,2266,87,0.592343,0.226275
211601,365,2213,89,0.567662,0.207197
211701,340,2249,90,0.582664,0.198106
211801,328,2208,87,0.588233,0.19294
211901,363,2275,88,0.548251,0.199015
212001,341,2140,89,0.571405,0.194849
212101,320,2220,89,0.528099,0.168992
212201,315,2166,89,0.584819,0.184218
212301,359,2222,88,0.515987,0.185239
212401,327,2185,87,0.561482,0.183605
212501,329,2190,89,0.622661,0.204855
212601,349,2266,89,0.544091,0.189888
212701,322,2253,88,0.569896,0.183506
212801,353,2217,88,0.553598,0.19542
212901,368,2229,88,0.545018,0.200567
213001,341,2191,88,0.581635,0.198338
213101,336,2249,88,0.549913,0.184771
213201,368,2277,88,0.566031,0.208299
213301,345,2220,87,0.572114,0.197379
213401,339,2241,90,0.537187,0.182106
213501,367,2224,87,0.577196,0.211831
213601,345,2217,87,0.564092,0.194612
213701,326,2258,90,0.580717,0.189314
213801,342,2231,89,0.599313,0.204965
213901,348,2218,88,0.593734,0.206619
214001,330,2217,88,0.57884,0.191017
214101,350,2304,88,0.52635,0.184222
214201,329,2230,88,0.565631,0.186093
214301,315,2233,89,0.602624,0.189827
214401,327,2307,93,0.534301,0.174716
214501,346,2262,88,0.578865,0.200287
214601,329,2245,88,0.548959,0.180608
214701,318,2220,88,0.563194,0.179096
214801,313,2176,88,0.561747,0.175827
214901,333,2261,90,0.577145,0.192189
215001,356,2254,91,0.545165,0.194079
215101,359,2278,92,0.532101,0.191024
215201,329,2203,91,0.574515,0.189015
215301,333,2220,90,0.553,0.184149
215401,346,2252,92,0.56639,0.195971
215501,336,2207,92,0.560419,0.188301
215601,340,2261,92,0.569428,0.193606
215701,338,2227,92,0.539753,0.182436
215801,334,2245,93,0.573071,0.191406
215901,366,2243,89,0.590991,0.216303
216001,340,2219,91,0.552342,0.187796
216101,323,2241,91,0.577757,0.186616
216201,332,2213,89,0.549716,0.182506
216301,346,2244,92,0.559088,0.193444
216401,340,2213,90,0.550497,0.187169
216501,328,2224,90,0.577191,0.189319
216601,345,2236,92,0.603168,0.208093
216701,342,2280,91,0.592243,0.202547
216801,326,2216,90,0.529715,0.172687
216901,351,2249,90,0.571312,0.200531
217001,343,2284,89,0.549261,0.188397
217101,319,2255,91,0.566879,0.180835
217201,340,2281,90,0.566865,0.192734
217301,341,2247,91,0.600725,0.204847
217401,338,2259,89,0.542963,0.183522
217501,329,2243,92,0.597568,0.1966
217601,341,2258,90,0.523055,0.178362
217701,343,2287,91,0.547315,0.187729
217801,323,2203,91,0.597327,0.192937
217901,317,2266,92,0.521047,0.165172
218001,332,2247,90,0.535819,0.177892
218101,343,2299,91,0.550747,0.188906
218201,320,2309,91,0.552049,0.176656
218301,321,2250,91,0.581815,0.186762
218401,344,2210,90,0.588114,0.202311
218501,355,2201,91,0.569172,0.202056
218601,335,2256,93,0.557558,0.186782
218701,303,2237,91,0.519305,0.157349
218801,351,2297,93,0.57931,0.203338
218901,342,2232,91,0.609933,0.208597
219001,314,2229,93,0.544577,0.170997
219101,305,2204,93,0.589429,0.179776
219201,329,2231,93,0.553125,0.181978
219301,349,2203,91,0.575897,0.200988
219401,323,2252,91,0.57739,0.186497
219501,326,2276,90,0.54644,0.178139
219601,321,2194,90,0.55716,0.178848
219701,324,2248,92,0.524549,0.169954
219801,319,2238,90,0.573038,0.182799
219901,335,2312,91,0.581451,0.194786
220001,333,2277,91,0.544605,0.181354
220101,335,2254,90,0.554095,0.185622
220201,312,2264,90,0.560994,0.17503
220301,319,2239,93,0.558512,0.178165
220401,341,2290,90,0.571009,0.194714
220501,322,2280,91,0.522836,0.168353
220601,311,2182,92,0.5788,0.180007
220701,311,2240,95,0.554966,0.172595
220801,325,2212,91,0.542204,0.176216
220901,315,2245,93,0.545395,0.171799
221001,319,2235,93,0.520202,0.165944
221101,330,2266,92,0.507159,0.167363
221201,341,2242,91,0.584391,0.199277
221301,329,2253,92,0.541696,0.178218
221401,331,2293,92,0.558836,0.184975
221501,302,2264,96,0.542012,0.163688
221601,329,2227,91,0.575712,0.189409
221701,291,2256,92,0.584332,0.170041
221801,323,2195,94,0.56147,0.181355
221901,344,2221,93,0.541944,0.186429
222001,293,2207,91,0.554284,0.162405
222101,328,2232,91,0.53156,0.174352
222201,356,2261,91,0.562495,0.200248
222301,344,2292,91,0.571962,0.196755
222401,348,2272,92,0.572082,0.199084
222501,345,2305,95,0.556751,0.192079
222601,326,2273,93,0.578115,0.188465
222701,333,2291,93,0.558054,0.185832
222801,324,2219,92,0.543896,0.176222
222901,309,2248,90,0.566865,0.175161
223001,332,2248,91,0.558305,0.185357
223101,343,2278,92,0.566911,0.194451
223201,344,2302,92,0.542915,0.186763
223301,317,2258,93,0.565559,0.179282
223401,313,2233,92,0.556533,0.174195
223501,335,2252,93,0.548676,0.183806
223601,290,2228,92,0.590186,0.171154
223701,322,2239,92,0.563464,0.181435
223801,317,2325,92,0.515569,0.163435
223901,336,2237,92,0.578316,0.194314
224001,333,2254,90,0.568662,0.189365
224101,290,2233,92,0.535929,0.155419
224201,316,2277,92,0.588826,0.186069
224301,336,2251,97,0.553455,0.185961
224401,352,2245,92,0.57314,0.201745
224501,318,2231,90,0.609658,0.193871
224601,321,2231,92,0.537741,0.172615
224701,337,2319,91,0.567975,0.191408
224801,308,2268,92,0.544463,0.167695
224901,308,2249,92,0.593944,0.182935
225001,319,2265,92,0.573597,0.182977
225101,325,2265,95,0.549644,0.178634
225201,307,2239,93,0.557526,0.171161
225301,317,2345,93,0.542979,0.172124
225401,303,2251,93,0.530845,0.160846
225501,316,2278,95,0.550902,0.174085
225601,327,2256,93,0.526677,0.172223
225701,311,2253,92,0.58478,0.181867
225801,305,2255,92,0.546545,0.166696
225901,305,2269,95,0.527044,0.160748
226001,305,2241,95,0.563818,0.171964
226101,306,2261,94,0.552102,0.168943
226201,297,2286,95,0.549329,0.163151
226301,317,2249,97,0.580187,0.183919
226401,310,2226,96,0.536427,0.166292
226501,300,2259,94,0.547922,0.164377
226601,322,2255,95,0.578614,0.186314
226701,320,2252,93,0.569589,0.182268
226801,309,2297,94,0.540121,0.166897
226901,325,2299,96,0.572472,0.186053
227001,329,2378,94,0.540824,0.177931
227101,301,2238,92,0.529131,0.159269
227201,301,2278,94,0.524496,0.157873
227301,300,2301,94,0.608069,0.182421
227401,296,2303,96,0.536672,0.158855
227501,302,2266,96,0.585044,0.176683
227601,301,2259,94,0.54191,0.163115
227701,325,2258,92,0.581438,0.188967
227801,303,2266,93,0.574944,0.174208
227901,317,2283,96,0.548543,0.173888
228001,323,2277,94,0.539177,0.174154
228101,313,2267,95,0.526373,0.164755
228201,317,2228,93,0.544571,0.172629
228301,312,2296,93,0.530003,0.165361
228401,303,2285,94,0.545648,0.165331
228501,299,2244,95,0.563692,0.168544
228601,304,2286,95,0.575503,0.174953
228701,313,2265,95,0.545469,0.170732
228801,307,2278,95,0.547844,0.168188
228901,297,2258,94,0.534988,0.158891
229001,309,2274,93,0.529252,0.163539
229101,315,2265,92,0.584032,0.18397
229201,294,2273,93,0.540412,0.158881
229301,317,2313,93,0.58762,0.186276
229401,296,2218,96,0.558758,0.165392
229501,313,2284,93,0.568568,0.177962
229601,305,2289,93,0.562387,0.171528
229701,295,2297,94,0.5756,0.169802
229801,298,2252,94,0.568302,0.169354
229901,318,2302,98,0.546022,0.173635
230001,305,2254,93,0.554782,0.169208
230101,321,2289,95,0.552841,0.177462
230201,328,2314,92,0.53997,0.17711
230301,324,2294,93,0.552339,0.178958
230401,313,2304,92,0.565166,0.176897
230501,308,2247,93,0.560402,0.172604
230601,287,2256,94,0.515293,0.147889
230701,309,2271,92,0.55113,0.170299
230801,305,2291,92,0.580891,0.177172
230901,300,2250,93,0.572198,0.171659
231001,325,2306,91,0.578938,0.188155
231101,297,2292,91,0.545408,0.161986
231201,315,2241,92,0.57446,0.180955
231301,318,2236,91,0.572573,0.182078
231401,294,2281,93,0.531662,0.156309
231501,324,2322,93,0.558538,0.180966
231601,301,2279,94,0.5512,0.165911
231701,294,2283,93,0.538069,0.158192
231801,303,2301,93,0.56304,0.170601
231901,297,2247,92,0.582382,0.172967
232001,301,2279,92,0.531128,0.15987
232101,305,2306,94,0.555409,0.1694
232201,282,2320,93,0.588022,0.165822
232301,310,2311,94,0.547786,0.169814
232401,287,2283,92,0.575993,0.16531
232501,309,2305,91,0.539135,0.166593
232601,299,2341,91,0.5623,0.168128
232701,303,2274,92,0.564803,0.171135
232801,300,2303,93,0.529637,0.158891
232901,304,2347,92,0.544525,0.165535
233001,273,2222,92,0.550402,0.15026
233101,295,2268,92,0.573526,0.16919
233201,305,2299,93,0.558975,0.170487
233301,275,2293,95,0.531373,0.146128
233401,283,2290,93,0.509477,0.144182
233501,312,2270,95,0.536106,0.167265
233601,296,2307,95,0.569727,0.168639
233701,283,2301,95,0.532516,0.150702
233801,272,2311,92,0.564876,0.153646
233901,325,2344,96,0.544516,0.176968
234001,306,2350,93,0.581509,0.177942
234101,293,2332,95,0.547609,0.160449
234201,304,2279,95,0.536735,0.163167
234301,284,2313,96,0.534713,0.151858
234401,306,2361,98,0.541045,0.16556
234501,292,2309,101,0.579639,0.169255
234601,309,2299,96,0.558334,0.172525
234701,292,2293,96,0.567353,0.165667
234801,282,2286,101,0.569771,0.160675
234901,308,2247,98,0.566328,0.174429
235001,292,2262,95,0.576265,0.16827
235101,293,2304,97,0.532703,0.156082
235201,294,2273,101,0.547561,0.160983
235301,297,2313,100,0.529453,0.157248
235401,332,2362,98,0.510901,0.169619
235501,292,2375,98,0.511641,0.149399
235601,330,2372,97,0.517664,0.170829
235701,299,2278,96,0.577467,0.172663
235801,292,2317,97,0.560229,0.163587
235901,307,2323,97,0.530701,0.162925
236001,305,2270,98,0.551859,0.168317
236101,287,2343,98,0.528025,0.151543
236201,303,2385,99,0.584687,0.17716
236301,287,2306,98,0.51222,0.147007
236401,276,2284,96,0.581205,0.160413
236501,300,2345,95,0.546158,0.163847
236601,294,2302,99,0.569105,0.167317
236701,290,2310,97,0.547355,0.158733
236801,285,2299,96,0.542672,0.154662
236901,292,2331,96,0.534782,0.156156
237001,295,2303,98,0.605365,0.178583
237101,282,2298,98,0.60959,0.171904
237201,269,2270,98,0.548151,0.147453
237301,295,2315,96,0.589978,0.174044
237401,283,2342,97,0.527456,0.14927
237501,291,2291,98,0.556139,0.161836
237601,290,2344,97,0.520118,0.150834
237701,286,2308,96,0.498537,0.142581
237801,285,2284,98,0.606978,0.172989
237901,275,2329,96,0.517758,0.142383
238001,268,2310,96,0.542942,0.145509
238101,287,2307,97,0.585809,0.168127
238201,261,2318,96,0.535498,0.139765
238301,291,2343,97,0.555646,0.161693
238401,306,2288,98,0.540616,0.165429
238501,280,2348,99,0.565171,0.158248
238601,287,2307,97,0.647452,0.185819
238701,292,2303,97,0.523253,0.15279
238801,257,2292,96,0.543416,0.139658
238901,306,2360,96,0.557473,0.170587
239001,264,2288,96,0.566431,0.149538
239101,292,2342,98,0.553785,0.161705
239201,295,2335,100,0.539001,0.159005
239301,300,2312,96,0.552829,0.165849
239401,265,2322,95,0.542505,0.143764
239501,284,2359,98,0.551884,0.156735
239601,275,2331,99,0.548046,0.150713
239701,281,2345,96,0.553972,0.155666
239801,263,2328,98,0.549663,0.144561
239901,279,2352,95,0.548714,0.153091
240001,274,2355,96,0.535634,0.146764
240101,288,2300,96,0.60771,0.17502
240201,281,2350,95,0.570079,0.160192
240301,283,2370,95,0.521399,0.147556
240401,274,2314,97,0.593537,0.162629
240501,287,2339,97,0.55856,0.160307
240601,274,2307,99,0.592941,0.162466
240701,266,2332,97,0.574122,0.152716
240801,278,2310,97,0.51924,0.144349
240901,271,2312,97,0.574122,0.155587
241001,278,2305,99,0.556191,0.154621
241101,307,2342,101,0.544837,0.167265
241201,250,2324,97,0.57465,0.143662
241301,276,2309,98,0.579038,0.159815
241401,278,2300,96,0.570905,0.158712
241501,291,2344,97,0.598439,0.174146
241601,269,2313,96,0.549013,0.147685
241701,297,2284,98,0.623382,0.185145
241801,267,2313,96,0.563005,0.150322
241901,279,2295,96,0.556962,0.155392
242001,288,2345,99,0.516687,0.148806
242101,290,2383,97,0.59174,0.171605
242201,261,2315,96,0.563793,0.14715
242301,286,2333,98,0.580993,0.166164
242401,304,2318,96,0.559875,0.170202
242501,270,2339,97,0.57256,0.154591
242601,242,2305,98,0.561393,0.135857
242701,291,2330,98,0.53402,0.1554
242801,264,2342,100,0.567273,0.14976
242901,278,2332,100,0.600302,0.166884
243001,276,2346,99,0.62908,0.173626
243101,276,2346,99,0.529115,0.146036
243201,275,2341,98,0.537528,0.14782
243301,263,2303,98,0.585334,0.153943
243401,296,2403,98,0.559333,0.165562
243501,278,2374,97,0.541636,0.150575
243601,281,2338,97,0.551536,0.154982
243701,287,2341,100,0.593265,0.170267
243801,271,2338,100,0.553249,0.14993
243901,270,2353,102,0.571852,0.1544
244001,256,2344,102,0.540831,0.138453
244101,259,2289,101,0.581793,0.150684
244201,262,2296,101,0.560385,0.146821
244301,268,2324,101,0.512699,0.137403
244401,273,2345,99,0.580357,0.158437
244501,244,2318,101,0.525945,0.128331
244601,282,2327,101,0.521234,0.146988
244701,276,2282,102,0.565952,0.156203
244801,258,2354,101,0.530978,0.136992
244901,284,2349,99,0.532416,0.151206
245001,271,2317,100,0.547077,0.148258
245101,266,2359,99,0.560934,0.149209
245201,250,2266,101,0.579435,0.144859
245301,266,2334,99,0.579488,0.154144
245401,273,2390,101,0.527919,0.144122
245501,273,2356,101,0.56267,0.153609
245601,267,2311,99,0.505557,0.134984
245701,282,2375,99,0.594462,0.167638
245801,253,2290,100,0.566734,0.143384
245901,265,2326,99,0.555264,0.147145
246001,264,2384,100,0.529694,0.139839
246101,262,2362,97,0.556508,0.145805
246201,269,2298,99,0.561006,0.150911
246301,277,2376,99,0.543571,0.150569
246401,251,2340,97,0.540222,0.135596
246501,239,2322,98,0.545942,0.13048
246601,265,2347,98,0.585917,0.155268
246701,277,2386,99,0.584774,0.161983
246801,249,2369,97,0.565138,0.140719
246901,262,2375,98,0.578231,0.151496
247001,258,2338,100,0.546974,0.141119
247101,249,2373,99,0.557873,0.13891
247201,254,2317,100,0.584509,0.148465
247301,278,2364,100,0.562837,0.156469
247401,259,2345,98,0.557731,0.144452
247501,261,2408,98,0.558606,0.145796
247601,259,2337,99,0.554556,0.14363
247701,236,2321,98,0.553533,0.130634
247801,271,2329,101,0.57921,0.156966
247901,253,2356,103,0.556579,0.140815
248001,274,2363,101,0.517736,0.14186
248101,248,2345,102,0.540167,0.133961
248201,281,2402,102,0.553991,0.155671
248301,282,2324,102,0.596975,0.168347
248401,262,2342,102,0.55899,0.146455
248501,262,2337,100,0.528335,0.138424
248601,256,2352,101,0.537763,0.137667
248701,236,2371,102,0.509206,0.120173
248801,253,2367,101,0.542767,0.13732
248901,258,2373,101,0.527082,0.135987
249001,254,2352,99,0.603968,0.153408
249101,257,2363,102,0.545143,0.140102
249201,273,2287,99,0.510287,0.139308
249301,273,2390,101,0.604823,0.165117
249401,245,2381,102,0.526817,0.12907
249501,246,2337,102,0.574087,0.141226
249601,276,2362,102,0.545171,0.150467
249701,265,2366,102,0.508504,0.134754
249801,289,2385,103,0.530352,0.153272
249901,256,2377,103,0.572275,0.146502
250001,264,2395,102,0.545288,0.143956
250101,248,2351,104,0.584681,0.145001
250201,247,2372,106,0.572302,0.141359
250301,274,2386,104,0.557693,0.152808
250401,247,2310,105,0.571176,0.141081
250501,264,2373,105,0.569031,0.150224
250601,259,2324,105,0.58314,0.151033
250701,234,2303,107,0.625854,0.14645
250801,250,2347,106,0.582525,0.145631
250901,266,2363,105,0.581338,0.154636
251001,246,2414,104,0.529567,0.130274
251101,257,2361,106,0.528065,0.135713
251201,266,2377,106,0.555116,0.147661
251301,252,2376,104,0.578598,0.145807
251401,270,2364,104,0.517344,0.139683
251501,248,2362,105,0.540083,0.13394
251601,255,2339,104,0.586379,0.149527
251701,267,2383,105,0.586502,0.156596
251801,276,2395,105,0.528767,0.14594
251901,266,2415,105,0.568522,0.151227
252001,242,2363,103,0.541707,0.131093
252101,253,2422,104,0.57645,0.145842
252201,247,2399,102,0.553465,0.136706
252301,273,2379,104,0.593873,0.162127
252401,236,2381,102,0.570748,0.134697
252501,270,2330,103,0.589116,0.159061
252601,246,2360,103,0.547067,0.134578
252701,264,2413,103,0.543909,0.143592
252801,245,2339,103,0.617389,0.15126
252901,229,2362,103,0.524119,0.120023
253001,241,2341,103,0.576778,0.139003
253101,254,2400,105,0.556969,0.14147
253201,244,2408,104,0.53603,0.130791
253301,234,2380,103,0.588297,0.137662
253401,235,2377,105,0.533198,0.125302
253501,252,2413,103,0.514178,0.129573
253601,242,2357,104,0.56792,0.137437
253701,228,2369,104,0.626999,0.142956
253801,248,2420,105,0.502222,0.124551
253901,238,2425,105,0.549657,0.130818
254001,238,2375,106,0.53756,0.127939
254101,233,2356,103,0.523273,0.121923
254201,243,2394,104,0.569101,0.138291
254301,237,2386,103,0.540671,0.128139
254401,259,2422,103,0.537351,0.139174
254501,237,2355,104,0.568825,0.134812
254601,240,2422,103,0.559417,0.13426
254701,238,2351,103,0.573667,0.136533
254801,226,2435,103,0.560843,0.12675
254901,241,2406,103,0.59406,0.143168
255001,243,2380,104,0.58944,0.143234
255101,240,2407,104,0.577433,0.138584
255201,237,2393,107,0.565585,0.134044
255301,233,2390,104,0.588004,0.137005
255401,247,2383,103,0.592681,0.146392
255501,233,2375,103,0.548285,0.12775
255601,222,2357,104,0.533932,0.118533
255701,252,2401,103,0.612934,0.154459
255801,235,2347,105,0.636333,0.149538
255901,232,2390,104,0.527439,0.122366
256001,228,2361,105,0.605913,0.138148
256101,242,2389,103,0.549154,0.132895
256201,238,2381,104,0.548154,0.130461
256301,229,2412,104,0.541494,0.124002
256401,225,2392,104,0.613335,0.138
256501,245,2415,105,0.559639,0.137112
256601,234,2393,104,0.57972,0.135654
256701,237,2392,104,0.514881,0.122027
256801,215,2381,105,0.609148,0.130967
256901,236,2407,106,0.560467,0.13227
257001,242,2356,105,0.581154,0.140639
257101,241,2446,106,0.53109,0.127993
257201,240,2380,106,0.513016,0.123124
257301,241,2411,107,0.54545,0.131453
257401,212,2444,107,0.629217,0.133394
257501,239,2398,105,0.536148,0.128139
257601,247,2385,107,0.575569,0.142166
257701,232,2391,105,0.579485,0.13444
257801,226,2364,104,0.533424,0.120554
257901,217,2381,106,0.540359,0.117258
258001,220,2397,104,0.574457,0.12638
258101,213,2398,104,0.51279,0.109224
258201,235,2440,105,0.513468,0.120665
258301,222,2344,104,0.560159,0.124355
258401,246,2402,105,0.639229,0.15725
258501,213,2374,105,0.566381,0.120639
258601,229,2369,106,0.550682,0.126106
258701,217,2379,106,0.587048,0.127389
258801,226,2437,104,0.578012,0.130631
258901,219,2370,105,0.591572,0.129554
259001,230,2359,104,0.5926,0.136298
259101,224,2414,104,0.598516,0.134068
259201,218,2399,105,0.551813,0.120295
259301,225,2415,106,0.56514,0.127157
259401,211,2457,107,0.527756,0.111356
259501,204,2378,108,0.602786,0.122968
259601,209,2383,106,0.52329,0.109368
259701,238,2373,107,0.563485,0.134109
259801,231,2385,107,0.611937,0.141357
259901,231,2406,107,0.594278,0.137278
260001,237,2420,107,0.586022,0.138887
260101,218,2429,106,0.523787,0.114185
260201,222,2387,106,0.517597,0.114906
260301,235,2433,105,0.567788,0.13343
260401,231,2418,106,0.539017,0.124513
260501,235,2405,105,0.563922,0.132522
260601,233,2389,105,0.568174,0.132385
260701,213,2408,108,0.562486,0.119809
260801,205,2406,105,0.513905,0.10535
260901,206,2409,106,0.528654,0.108903
261001,238,2406,108,0.551843,0.131339
261101,241,2403,107,0.522021,0.125807
261201,221,2422,106,0.527183,0.116507
261301,224,2399,108,0.638467,0.143017
261401,230,2397,106,0.568189,0.130683
261501,228,2357,106,0.590579,0.134652
261601,228,2403,105,0.550069,0.125416
261701,220,2354,107,0.596702,0.131274
261801,227,2404,106,0.54842,0.124491
261901,220,2370,107,0.553627,0.121798
262001,247,2419,109,0.581123,0.143537
262101,215,2403,106,0.628209,0.135065
262201,235,2420,107,0.507062,0.11916
262301,204,2381,106,0.542374,0.110644
262401,230,2388,105,0.561336,0.129107
262501,226,2388,107,0.542191,0.122535
262601,227,2406,106,0.50674,0.11503
262701,225,2445,105,0.496979,0.11182
262801,213,2427,107,0.490795,0.104539
262901,197,2398,105,0.607544,0.119686
263001,198,2382,105,0.567614,0.112388
263101,216,2393,105,0.564352,0.1219
263201,237,2419,105,0.517706,0.122696
263301,210,2396,106,0.565699,0.118797
263401,240,2395,107,0.579897,0.139175
263501,213,2427,107,0.56031,0.119346
263601,242,2408,109,0.568369,0.137545
263701,212,2385,107,0.581513,0.123281
263801,222,2386,107,0.581993,0.129203
263901,238,2406,107,0.547342,0.130267
264001,228,2414,106,0.579743,0.132181
264101,218,2406,105,0.590466,0.128722
264201,226,2412,105,0.53241,0.120325
264301,199,2386,106,0.565822,0.112599
264401,202,2364,106,0.534225,0.107913
264501,208,2415,108,0.565069,0.117534
264601,227,2370,105,0.583815,0.132526
264701,221,2416,106,0.548141,0.121139
264801,193,2387,105,0.579137,0.111774
264901,241,2426,106,0.515911,0.124334
265001,219,2427,107,0.534118,0.116972
265101,247,2421,105,0.543097,0.134145
265201,206,2387,105,0.568438,0.117098
265301,217,2412,107,0.559729,0.121461
265401,196,2405,105,0.500626,0.0981227
265501,192,2412,105,0.490014,0.0940827
265601,209,2435,105,0.52697,0.110137
265701,211,2394,105,0.523449,0.110448
265801,203,2418,106,0.500198,0.10154
265901,213,2400,106,0.534877,0.113929
266001,201,2408,106,0.511561,0.102824
266101,227,2450,107,0.541332,0.122882
266201,208,2386,105,0.555367,0.115516
266301,222,2412,105,0.558317,0.123946
266401,212,2406,107,0.599116,0.127013
266501,201,2408,105,0.550127,0.110575
266601,186,2452,105,0.559371,0.104043
266701,220,2444,105,0.546197,0.120163
266801,205,2451,106,0.537479,0.110183
266901,205,2385,105,0.611305,0.125318
267001,205,2425,105,0.524818,0.107588
267101,204,2407,105,0.570368,0.116355
267201,195,2431,106,0.55164,0.10757
267301,217,2455,105,0.553122,0.120027
267401,207,2447,105,0.52917,0.109538
267501,188,2458,105,0.50572,0.0950753
267601,189,2450,105,0.581024,0.109814
267701,189,2409,107,0.611904,0.11565
267801,207,2419,105,0.58542,0.121182
267901,205,2401,105,0.591585,0.121275
268001,215,2405,106,0.541285,0.116376
268101,206,2458,106,0.539414,0.111119
268201,189,2408,106,0.546824,0.10335
268301,203,2416,106,0.559041,0.113485
268401,196,2442,105,0.61396,0.120336
268501,198,2439,105,0.552259,0.109347
268601,196,2419,105,0.550926,0.107981
268701,190,2453,108,0.538736,0.10236
268801,197,2398,106,0.539262,0.106235
268901,188,2398,106,0.621041,0.116756
269001,191,2434,107,0.568847,0.10865
269101,219,2459,106,0.54499,0.119353
269201,197,2459,106,0.581056,0.114468
269301,188,2422,106,0.590461,0.111007
269401,195,2418,106,0.545364,0.106346
269501,178,2460,106,0.544672,0.0969517
269601,213,2412,105,0.541323,0.115302
269701,199,2438,106,0.572413,0.11391
269801,213,2441,106,0.579866,0.123512
269901,189,2434,106,0.58886,0.111295
270001,200,2439,105,0.535511,0.107102
270101,212,2451,106,0.627639,0.133059
270201,193,2446,106,0.523428,0.101022
270301,172,2438,107,0.501184,0.0862036
270401,181,2451,106,0.543291,0.0983356
270501,198,2444,108,0.568886,0.112639
270601,186,2424,107,0.544259,0.101232
270701,177,2478,108,0.544811,0.0964315
270801,190,2457,107,0.516782,0.0981886
270901,171,2417,108,0.5549,0.0948878
271001,183,2472,107,0.552925,0.101185
271101,195,2424,107,0.605041,0.117983
271201,204,2432,109,0.571007,0.116485
271301,192,2459,106,0.514533,0.0987904
271401,186,2451,106,0.55074,0.102438
271501,186,2404,106,0.52059,0.0968297
271601,197,2403,106,0.629962,0.124102
271701,175,2433,106,0.551938,0.0965891
271801,187,2404,107,0.527518,0.0986458
271901,201,2436,106,0.67634,0.135944
272001,178,2459,107,0.525088,0.0934657
272101,160,2440,108,0.523511,0.0837618
272201,168,2414,106,0.559285,0.0939598
272301,195,2436,106,0.59948,0.116899
272401,196,2442,107,0.567119,0.111155
272501,171,2433,108,0.525946,0.0899367
272601,191,2397,110,0.557707,0.106522
272701,195,2413,106,0.558268,0.108862
272801,194,2424,106,0.563437,0.109307
272901,183,2437,106,0.528492,0.0967141
273001,192,2442,106,0.561369,0.107783
273101,198,2426,108,0.532723,0.105479
273201,201,2422,107,0.579304,0.11644
273301,181,2425,107,0.5065,0.0916764
273401,205,2434,108,0.50251,0.103015
273501,190,2491,107,0.522411,0.0992582
273601,173,2439,108,0.518057,0.0896238
273701,173,2422,108,0.549789,0.0951134
273801,185,2434,109,0.534508,0.0988839
273901,183,2394,111,0.602549,0.110266
274001,175,2445,107,0.551571,0.096525
274101,178,2450,108,0.522792,0.0930569
274201,187,2408,108,0.601561,0.112492
274301,174,2446,107,0.549328,0.0955831
274401,187,2478,108,0.550483,0.10294
274501,191,2467,107,0.640957,0.122423
274601,190,2419,108,0.570956,0.108482
274701,168,2426,108,0.52211,0.0877145
274801,187,2431,108,0.54886,0.102637
274901,185,2433,108,0.563464,0.104241
275001,184,2384,107,0.576927,0.106155
275101,199,2423,107,0.517044,0.102892
275201,176,2410,109,0.552831,0.0972983
275301,192,2450,109,0.57265,0.109949
275401,157,2442,110,0.493756,0.0775197
275501,172,2453,110,0.571773,0.0983449
275601,175,2451,108,0.55944,0.0979019
275701,197,2490,113,0.602306,0.118654
275801,194,2485,110,0.556641,0.107988
275901,159,2437,108,0.522579,0.0830901
276001,179,2442,109,0.537439,0.0962015
276101,162,2433,109,0.547414,0.088681
276201,179,2407,109,0.588535,0.105348
276301,175,2438,108,0.598161,0.104678
276401,182,2466,108,0.579552,0.105479
276501,170,2423,108,0.594168,0.101009
276601,167,2414,111,0.56784,0.0948293
276701,176,2428,109,0.601953,0.105944
276801,186,2441,108,0.541185,0.10066
276901,170,2432,108,0.563678,0.0958253
277001,179,2444,108,0.578445,0.103542
277101,175,2431,109,0.496094,0.0868165
277201,176,2432,108,0.546769,0.0962314
277301,167,2444,109,0.51434,0.0858947
277401,163,2463,108,0.527886,0.0860454
277501,162,2449,108,0.565775,0.0916555
277601,164,2431,108,0.576899,0.0946114
277701,168,2473,108,0.502062,0.0843464
277801,163,2433,110,0.538207,0.0877277
277901,180,2446,109,0.653073,0.117553
278001,162,2490,108,0.54235,0.0878606
278101,181,2473,108,0.567652,0.102745
278201,164,2435,109,0.561646,0.09211
278301,170,2437,109,0.556823,0.0946599
278401,161,2446,109,0.534486,0.0860523
278501,175,2450,109,0.602802,0.10549
278601,165,2434,109,0.552949,0.0912365
278701,168,2459,109,0.569364,0.0956531
278801,185,2450,109,0.544203,0.100678
278901,161,2455,110,0.539217,0.0868139
279001,150,2438,110,0.583061,0.0874591
279101,162,2470,110,0.540177,0.0875086
279201,158,2468,109,0.570385,0.0901208
279301,173,2450,108,0.627195,0.108505
279401,182,2466,108,0.535461,0.0974539
279501,174,2450,108,0.552543,0.0961425
279601,176,2488,108,0.600157,0.105628
279701,164,2492,109,0.549494,0.090117
279801,160,2455,109,0.58742,0.0939872
279901,152,2452,111,0.523477,0.0795685
280001,175,2520,111,0.519193,0.0908588
280101,172,2474,110,0.514814,0.0885481
280201,166,2496,110,0.530125,0.0880008
280301,176,2520,109,0.582242,0.102475
280401,151,2446,112,0.544678,0.0822463
280501,161,2442,110,0.561318,0.0903722
280601,159,2478,111,0.622232,0.0989349
280701,162,2469,110,0.522577,0.0846575
280801,171,2455,110,0.62951,0.107646
280901,181,2485,110,0.583633,0.105638
281001,154,2461,109,0.563646,0.0868016
281101,150,2496,110,0.599608,0.0899412
281201,159,2498,110,0.535742,0.085183
281301,164,2474,109,0.588412,0.0964996
281401,152,2477,110,0.548471,0.0833676
281501,160,2494,112,0.618876,0.0990201
281601,161,2487,112,0.546587,0.0880005
281701,164,2481,111,0.563713,0.0924489
281801,152,2467,111,0.548164,0.083321
281901,186,2517,110,0.611187,0.113681
282001,155,2498,113,0.567518,0.0879652
282101,143,2496,111,0.555459,0.0794307
282201,160,2500,112,0.549017,0.0878427
282301,152,2499,112,0.559498,0.0850437
282401,144,2469,113,0.586578,0.0844672
282501,166,2490,113,0.500091,0.083015
282601,168,2480,111,0.527782,0.0886673
282701,151,2463,111,0.507642,0.076654
282801,179,2448,112,0.578842,0.103613
282901,163,2511,112,0.547096,0.0891766
283001,158,2497,112,0.557487,0.0880829
283101,159,2507,113,0.584831,0.0929882
283201,161,2504,113,0.571626,0.0920318
283301,151,2496,112,0.505611,0.0763472
283401,153,2489,113,0.559927,0.0856688
283501,151,2514,113,0.564328,0.0852135
283601,158,2483,116,0.575727,0.0909649
283701,153,2518,115,0.592389,0.0906354
283801,158,2519,114,0.564286,0.0891571
283901,167,2493,115,0.621752,0.103833
284001,157,2489,113,0.564663,0.0886521
284101,175,2481,114,0.520926,0.091162
284201,155,2517,115,0.519138,0.0804664
284301,156,2495,114,0.52591,0.082042
284401,148,2486,113,0.549936,0.0813905
284501,160,2487,113,0.544674,0.0871479
284601,146,2491,114,0.560732,0.0818668
284701,162,2486,113,0.540846,0.087617
284801,148,2470,112,0.623746,0.0923144
284901,165,2491,113,0.51857,0.085564
285001,151,2490,115,0.544589,0.082233
285101,169,2507,114,0.611862,0.103405
285201,155,2516,113,0.545879,0.0846112
285301,145,2477,115,0.580224,0.0841324
285401,146,2478,114,0.563703,0.0823006
285501,147,2521,114,0.533228,0.0783845
285601,169,2526,113,0.557306,0.0941847
285701,152,2499,115,0.56052,0.0851991
285801,152,2479,114,0.529066,0.0804181
285901,144,2486,114,0.562742,0.0810348
286001,131,2509,115,0.564741,0.073981
286101,164,2525,115,0.554896,0.0910029
286201,148,2490,114,0.573554,0.084886
286301,146,2529,114,0.591092,0.0862994
286401,141,2508,114,0.550144,0.0775703
286501,141,2501,116,0.540542,0.0762164
286601,146,2518,115,0.546308,0.079761
286701,142,2493,114,0.639828,0.0908555
286801,153,2480,114,0.521477,0.0797859
286901,146,2522,116,0.56727,0.0828215
287001,144,2544,114,0.528132,0.0760511
287101,140,2529,114,0.559008,0.0782611
287201,148,2527,114,0.518761,0.0767766
287301,143,2547,114,0.532739,0.0761817
287401,151,2533,114,0.55159,0.0832901
287501,136,2478,115,0.543602,0.0739299
287601,140,2527,116,0.553148,0.0774408
287701,137,2497,115,0.593026,0.0812446
287801,136,2464,115,0.521413,0.0709121
287901,145,2519,115,0.579256,0.0839921
288001,141,2539,116,0.572935,0.0807839
288101,120,2493,115,0.546738,0.0656085
288201,150,2511,116,0.54518,0.0817769
288301,145,2515,117,0.530618,0.0769396
288401,132,2513,115,0.65922,0.0870171
288501,146,2509,114,0.546842,0.0798389
288601,135,2508,115,0.514023,0.0693931
288701,143,2514,114,0.571874,0.0817779
288801,142,2532,115,0.619232,0.0879309
288901,147,2531,114,0.514764,0.0756704
289001,148,2510,114,0.535648,0.0792759
289101,132,2494,114,0.585858,0.0773333
289201,147,2535,114,0.555963,0.0817266
289301,134,2519,114,0.580706,0.0778146
289401,130,2490,114,0.550463,0.0715601
289501,113,2478,116,0.587708,0.066411
289601,139,2596,115,0.496703,0.0690418
289701,141,2531,114,0.557199,0.078565
289801,122,2527,114,0.522975,0.063803
289901,131,2518,114,0.566373,0.0741949
290001,128,2534,114,0.630377,0.0806883
290101,128,2498,114,0.537215,0.0687635
290201,123,2528,114,0.514839,0.0633252
290301,111,2482,114,0.550574,0.0611137
290401,120,2514,115,0.504495,0.0605394
290501,112,2498,117,0.567313,0.0635391
290601,113,2517,114,0.544566,0.061536
290701,119,2510,114,0.581826,0.0692373
290801,126,2533,115,0.545609,0.0687467
290901,109,2505,114,0.616656,0.0672155
291001,116,2501,115,0.547847,0.0635502
291101,119,2543,117,0.58304,0.0693817
291201,121,2522,118,0.515829,0.0624152
291301,125,2524,117,0.590546,0.0738182
291401,126,2533,115,0.550146,0.0693184
291501,104,2536,115,0.539329,0.0560902
291601,114,2539,116,0.576616,0.0657342
291701,110,2483,115,0.613735,0.0675109
291801,127,2525,115,0.528224,0.0670844
291901,112,2534,115,0.531777,0.0595591
292001,116,2536,115,0.586296,0.0680103
292101,121,2525,115,0.572599,0.0692845
292201,116,2552,115,0.541507,0.0628148
292301,108,2511,115,0.64967,0.0701643
292401,115,2524,116,0.542722,0.062413
292501,121,2546,115,0.511078,0.0618405
292601,127,2522,115,0.643987,0.0817864
292701,115,2522,116,0.533915,0.0614002
292801,109,2549,115,0.625352,0.0681634
292901,109,2543,115,0.571265,0.0622679
293001,118,2535,115,0.589458,0.069556
293101,122,2551,116,0.532601,0.0649773
293201,116,2528,115,0.542799,0.0629647
293301,110,2552,115,0.524744,0.0577219
293401,99,2497,116,0.523288,0.0518055
293501,118,2536,116,0.600682,0.0708805
293601,109,2563,115,0.530697,0.0578459
293701,107,2520,115,0.552115,0.0590763
293801,108,2552,116,0.522862,0.0564691
293901,112,2531,117,0.539294,0.0604009
294001,111,2564,116,0.522679,0.0580174
294101,109,2522,115,0.583507,0.0636023
294201,102,2541,115,0.476333,0.048586
294301,109,2536,115,0.624156,0.068033
294401,118,2576,115,0.507846,0.0599259
294501,109,2561,115,0.600373,0.0654407
294601,115,2532,117,0.507432,0.0583547
294701,110,2529,116,0.526846,0.0579531
294801,106,2535,115,0.628969,0.0666708
294901,94,2540,115,0.509563,0.047899
295001,105,2558,116,0.516482,0.0542306
295101,98,2553,115,0.490128,0.0480325
295201,119,2548,116,0.634741,0.0755342
295301,108,2527,115,0.585076,0.0631882
295401,88,2524,115,0.510345,0.0449103
295501,116,2544,115,0.549519,0.0637442
295601,90,2524,117,0.546051,0.0491446
295701,106,2555,115,0.595636,0.0631374
295801,100,2577,115,0.592768,0.0592768
295901,99,2554,115,0.535378,0.0530024
296001,93,2568,115,0.616888,0.0573706
296101,97,2562,116,0.58034,0.056293
296201,100,2520,115,0.51292,0.051292
296301,106,2530,115,0.590486,0.0625915
296401,105,2537,116,0.477077,0.0500931
296501,100,2557,115,0.587525,0.0587525
296601,110,2555,116,0.493998,0.0543398
296701,79,2538,115,0.532875,0.0420971
296801,98,2546,115,0.616582,0.060425
296901,86,2545,115,0.558467,0.0480282
297001,102,2556,115,0.4381,0.0446862
297101,109,2573,117,0.528059,0.0575585
297201,85,2563,116,0.550855,0.0468227
297301,93,2541,117,0.501193,0.046611
297401,80,2570,115,0.527773,0.0422218
297501,98,2600,116,0.518466,0.0508096
297601,89,2557,116,0.607418,0.0540602
297701,101,2589,115,0.601741,0.0607758
297801,93,2584,115,0.533765,0.0496401
297901,84,2539,116,0.592001,0.0497281
298001,89,2573,117,0.546273,0.0486183
298101,90,2540,116,0.583831,0.0525448
298201,95,2580,118,0.650008,0.0617508
298301,89,2583,118,0.513196,0.0456744
298401,82,2574,118,0.535674,0.0439253
298501,81,2600,117,0.499741,0.040479
298601,81,2547,117,0.526341,0.0426336
298701,100,2559,117,0.590265,0.0590265
298801,91,2555,119,0.526454,0.0479073
298901,101,2574,117,0.502676,0.0507703
299001,79,2592,118,0.550391,0.0434809
299101,82,2566,117,0.531931,0.0436183
299201,93,2577,118,0.540094,0.0502288
299301,82,2559,117,0.564253,0.0462687
299401,80,2591,117,0.493926,0.0395141
299501,85,2566,118,0.516299,0.0438854
299601,75,2560,117,0.483056,0.0362292
299701,67,2567,118,0.564753,0.0378384
299801,86,2569,117,0.564818,0.0485744
299901,85,2565,118,0.570397,0.0484838
