// Initial random seed:
2739930956889

// RunInitializeCallbacks():
initializeSLiMModelType(modelType = 'nonWF');
initializeMutationType(1, 0.5, "f", 0);
initializeMutationType(2, 0.2, "g", -0.05, 0.23);
initializeMutationType(3, 0.5, "e", 0.001);
initializeGenomicElementType(1, c(m1, m2, m3), c(0, 0.999, 0.001));
initializeGenomicElement(g1, 0, 5000000);
initializeMutationRate(1e-07);
initializeRecombinationRate(1e-06);

// Starting run at tick <start>:
1 

WARNING: Population near extinction at generation 48635 with 4 individuals
#OUT: 48635 48635 A
Version: 4
Populations:
p1 4 H
Mutations:
1749 18715 m2 1975804 -0.00134134921 0.200000003 p1 21 8
3179 35587 m2 3599461 -0.000578136533 0.200000003 p1 39 8
3405 42680 m2 3832893 -0.00083706819 0.200000003 p1 47 8
2460 45177 m2 2787292 -3.29474778e-06 0.200000003 p1 50 8
2693 45923 m2 3061859 -0.00105173013 0.200000003 p1 51 8
2638 49025 m2 2988929 -2.68938311e-06 0.200000003 p1 55 8
47 55417 m2 54885 -4.65688998e-07 0.200000003 p1 62 8
3331 89775 m2 3757940 -1.99844405e-10 0.200000003 p1 102 8
4018 99014 m2 4536157 -0.00026666242 0.200000003 p1 112 8
1003 100874 m2 1083181 -0.000453438028 0.200000003 p1 115 8
645 115247 m2 688094 -1.36861045e-05 0.200000003 p1 131 8
3463 116740 m2 3901412 -0.000245762669 0.200000003 p1 133 8
1444 125509 m2 1606446 -6.10353818e-05 0.200000003 p1 144 8
1103 166802 m2 1194974 -0.000222208648 0.200000003 p1 194 8
2838 179762 m2 3241246 -0.000462253724 0.200000003 p1 210 8
3028 191517 m2 3433921 -2.06867935e-05 0.200000003 p1 224 8
3763 211427 m2 4255898 -3.51990493e-05 0.200000003 p1 249 8
549 219698 m2 587562 -1.47471401e-05 0.200000003 p1 259 8
3948 227897 m2 4456518 -1.65987221e-05 0.200000003 p1 269 8
963 243955 m2 1056235 -3.26368809e-06 0.200000003 p1 289 8
2506 253032 m2 2831723 -0.00020190666 0.200000003 p1 300 8
4001 274152 m2 4517195 -3.97040731e-06 0.200000003 p1 327 8
1889 275716 m2 2162181 -0.000848913915 0.200000003 p1 329 8
4394 276108 m2 4988169 -3.46976412e-05 0.200000003 p1 330 8
3757 279839 m2 4251316 -2.05217784e-05 0.200000003 p1 334 8
2898 299522 m2 3292948 -5.48821336e-05 0.200000003 p1 359 8
3908 304057 m2 4407773 -1.90353676e-05 0.200000003 p1 365 8
2553 328808 m2 2883554 -1.26958339e-05 0.200000003 p1 396 8
617 335993 m2 665771 -6.24073527e-06 0.200000003 p1 405 8
239 352525 m2 270827 -5.22555929e-05 0.200000003 p1 426 8
856 369021 m2 933279 -9.94514138e-10 0.200000003 p1 447 8
3022 394554 m2 3429866 -0.00040924683 0.200000003 p1 480 8
3171 396224 m2 3586022 -1.78358459e-05 0.200000003 p1 482 8
3613 396611 m2 4077511 -1.72978773e-07 0.200000003 p1 483 8
4222 405898 m2 4776934 -0.00193746784 0.200000003 p1 495 8
1625 420528 m2 1811245 -3.67013854e-05 0.200000003 p1 514 8
400 428036 m2 438842 -1.74661927e-05 0.200000003 p1 523 8
2195 432405 m2 2502800 -3.73675721e-05 0.200000003 p1 529 8
3600 452960 m2 4064743 -2.59984972e-05 0.200000003 p1 556 8
3487 453791 m2 3935048 -0.000219812064 0.200000003 p1 557 8
1826 457214 m2 2091415 -9.66803636e-05 0.200000003 p1 562 8
3702 489946 m2 4199316 -4.1800693e-05 0.200000003 p1 605 8
82 490553 m2 87322 -1.65412312e-05 0.200000003 p1 605 8
1577 497950 m2 1758974 -3.7998098e-09 0.200000003 p1 615 8
2108 506533 m2 2417086 -0.000211831342 0.200000003 p1 627 8
8 530972 m2 8433 -2.12489049e-09 0.200000003 p1 659 8
3333 536242 m2 3758351 -0.00149658101 0.200000003 p1 666 8
2059 537413 m2 2358832 -1.86176894e-05 0.200000003 p1 667 8
2704 540853 m2 3075630 -2.3293623e-08 0.200000003 p1 672 8
866 562191 m2 945938 -0.000155761707 0.200000003 p1 700 8
2681 562724 m2 3042674 -0.000967422384 0.200000003 p1 701 8
2327 570397 m2 2637942 -4.7537751e-06 0.200000003 p1 711 8
3368 571850 m2 3789005 -9.68420136e-05 0.200000003 p1 712 8
3360 573222 m2 3780764 -4.14172609e-06 0.200000003 p1 714 8
1811 587564 m2 2072118 -0.000131265391 0.200000003 p1 733 8
4382 587660 m2 4972908 -6.40894723e-05 0.200000003 p1 733 8
3798 598575 m2 4304308 -0.000527104479 0.200000003 p1 747 8
2350 603890 m2 2665433 -0.00222318224 0.200000003 p1 754 8
2747 624475 m2 3119587 -5.38921885e-09 0.200000003 p1 782 8
3755 640962 m2 4250839 -0.000843158341 0.200000003 p1 803 8
4383 671511 m2 4973845 -2.04908261e-07 0.200000003 p1 844 8
902 675367 m2 985675 -9.82905985e-05 0.200000003 p1 849 8
1714 692240 m2 1927477 -5.5392311e-06 0.200000003 p1 872 8
751 696085 m2 816502 -3.50264895e-06 0.200000003 p1 877 8
115 702106 m2 127907 -1.76093745e-05 0.200000003 p1 885 8
1367 702219 m2 1505047 -0.00248139282 0.200000003 p1 885 8
2950 712773 m2 3343562 -1.18666287e-06 0.200000003 p1 899 8
3840 725894 m2 4343321 -1.44340834e-06 0.200000003 p1 917 8
1165 753697 m2 1261510 -0.00107825268 0.200000003 p1 955 8
11 764642 m2 10118 -7.44812223e-06 0.200000003 p1 970 8
1691 766424 m2 1894823 -9.30069873e-05 0.200000003 p1 972 8
203 776066 m2 234342 -6.15539611e-05 0.200000003 p1 985 8
501 778934 m2 542240 -8.18082026e-06 0.200000003 p1 989 8
1037 803155 m2 1123544 -2.01068924e-05 0.200000003 p1 1022 8
349 836152 m2 384977 -0.000210602404 0.200000003 p1 1066 8
1937 844196 m2 2208479 -0.000147076949 0.200000003 p1 1077 8
2027 864548 m2 2316500 -6.89664375e-05 0.200000003 p1 1105 8
1024 881792 m2 1108588 -0.000516134663 0.200000003 p1 1128 8
4316 883665 m2 4886399 -1.69906307e-05 0.200000003 p1 1130 8
3478 892164 m2 3921365 -0.00267525017 0.200000003 p1 1142 8
1895 913326 m2 2166525 -0.00132469984 0.200000003 p1 1170 8
2946 920483 m2 3341485 -0.00053005066 0.200000003 p1 1180 8
2212 931151 m2 2514428 -0.000913541007 0.200000003 p1 1195 8
4289 943024 m2 4859414 -1.7312309e-06 0.200000003 p1 1211 8
4267 958940 m2 4842448 -6.25937391e-09 0.200000003 p1 1232 8
3486 963098 m2 3934266 -6.48826972e-05 0.200000003 p1 1238 8
1704 970502 m2 1914791 -8.72496821e-05 0.200000003 p1 1248 8
3959 982031 m2 4465922 -5.96375793e-09 0.200000003 p1 1264 8
4126 986483 m2 4683907 -0.000172727945 0.200000003 p1 1270 8
1455 988843 m2 1616958 -1.49574976e-06 0.200000003 p1 1273 8
397 1001182 m2 436939 -0.000354584306 0.200000003 p1 1289 8
3039 1003289 m2 3444221 -4.81981115e-05 0.200000003 p1 1292 8
2438 1010638 m2 2760868 -2.8665786e-06 0.200000003 p1 1302 8
219 1019221 m2 252434 -0.000288774754 0.200000003 p1 1314 8
2400 1029695 m2 2725887 -7.98448382e-05 0.200000003 p1 1328 8
879 1033910 m2 961785 -0.000486122997 0.200000003 p1 1333 8
792 1040502 m2 865807 -0.000187896119 0.200000003 p1 1342 8
2685 1047673 m2 3045305 -2.39541787e-05 0.200000003 p1 1352 8
3713 1079657 m2 4210052 -7.58342649e-05 0.200000003 p1 1395 8
4179 1092986 m2 4734785 -3.61290113e-05 0.200000003 p1 1414 8
1056 1107325 m2 1141015 -0.000104636332 0.200000003 p1 1433 8
497 1107346 m2 537902 -3.93457776e-05 0.200000003 p1 1433 8
187 1119650 m2 207180 -0.000508124998 0.200000003 p1 1450 8
1449 1124746 m2 1611110 -2.01170769e-09 0.200000003 p1 1457 8
2299 1127158 m2 2614066 -5.15042643e-07 0.200000003 p1 1460 8
3326 1129807 m2 3751995 -0.000136503731 0.200000003 p1 1464 8
1772 1141565 m2 2006827 -0.000737342692 0.200000003 p1 1480 8
1437 1142803 m2 1600891 -1.39602241e-06 0.200000003 p1 1482 8
358 1172030 m2 394213 -1.75135592e-05 0.200000003 p1 1522 8
4212 1176963 m2 4765013 -4.01001301e-07 0.200000003 p1 1529 8
3120 1182038 m2 3532843 -2.49943644e-09 0.200000003 p1 1537 8
976 1196436 m2 1061480 -0.000165865829 0.200000003 p1 1557 8
837 1197469 m2 909555 -0.00125932461 0.200000003 p1 1558 8
2714 1198674 m2 3088621 -0.00154398428 0.200000003 p1 1560 8
2778 1206279 m2 3149479 -0.00101483706 0.200000003 p1 1570 8
1608 1240726 m2 1792781 -0.000648233865 0.200000003 p1 1618 8
139 1245061 m2 156226 -3.11481676e-06 0.200000003 p1 1624 8
1458 1249185 m2 1618008 -0.000560333487 0.200000003 p1 1630 8
2727 1251729 m2 3104730 -8.14198842e-08 0.200000003 p1 1633 8
3002 1274038 m2 3411031 -0.00010308659 0.200000003 p1 1664 8
3995 1290575 m2 4510539 -0.000250400219 0.200000003 p1 1687 8
896 1291806 m2 980388 -0.000459889765 0.200000003 p1 1688 8
451 1297055 m2 490819 -0.000899912498 0.200000003 p1 1696 8
2033 1298931 m2 2328960 -1.51885331e-06 0.200000003 p1 1698 8
3072 1322161 m2 3476417 -0.000355576747 0.200000003 p1 1730 8
3059 1323003 m2 3465710 -0.000586755632 0.200000003 p1 1732 8
2918 1330179 m3 3314151 8.53426827e-05 0.5 p1 1742 8
1652 1332628 m2 1834640 -1.79482562e-09 0.200000003 p1 1745 8
1687 1335957 m2 1892092 -3.32673335e-05 0.200000003 p1 1749 8
4067 1341085 m2 4611878 -2.1940964e-06 0.200000003 p1 1756 8
2782 1352876 m2 3155349 -1.55347198e-06 0.200000003 p1 1773 8
2093 1383186 m2 2396778 -3.87627479e-05 0.200000003 p1 1815 8
220 1389908 m2 252440 -0.00169284618 0.200000003 p1 1824 8
3761 1408819 m2 4252510 -2.87897565e-05 0.200000003 p1 1850 8
3699 1439690 m2 4196956 -0.000411181216 0.200000003 p1 1893 8
1760 1440115 m2 1989860 -0.00019507212 0.200000003 p1 1894 8
3119 1458537 m2 3532393 -2.67571522e-05 0.200000003 p1 1920 8
259 1459241 m2 289795 -0.000774709508 0.200000003 p1 1921 8
3283 1462180 m2 3699519 -0.000313063356 0.200000003 p1 1925 8
292 1464415 m2 323704 -3.65130581e-05 0.200000003 p1 1928 8
1125 1480112 m2 1220959 -6.42042505e-06 0.200000003 p1 1951 8
3780 1486155 m2 4277838 -0.000661325699 0.200000003 p1 1959 8
1485 1495487 m2 1667377 -1.53324454e-05 0.200000003 p1 1973 8
4031 1506264 m2 4552135 -0.000264848117 0.200000003 p1 1988 8
4321 1509737 m2 4891201 -2.87889434e-05 0.200000003 p1 1993 8
1139 1522702 m2 1239331 -2.50634616e-06 0.200000003 p1 2010 8
31 1542564 m2 33394 -0.00178370462 0.200000003 p1 2038 8
2116 1559207 m2 2427071 -1.12692924e-05 0.200000003 p1 2062 8
4226 1560076 m2 4779514 -0.000306365167 0.200000003 p1 2063 8
992 1560920 m2 1071749 -0.000447787606 0.200000003 p1 2064 8
1663 1576080 m2 1858246 -0.00116110884 0.200000003 p1 2086 8
3152 1579316 m2 3566359 -0.000322991225 0.200000003 p1 2090 8
931 1580857 m2 1021627 -2.19081794e-05 0.200000003 p1 2092 8
3455 1598429 m2 3893700 -2.5180002e-06 0.200000003 p1 2117 8
3201 1599610 m2 3617653 -3.8541291e-08 0.200000003 p1 2118 8
1517 1600675 m2 1699052 -0.00011554973 0.200000003 p1 2120 8
2201 1603637 m2 2508302 -5.29754425e-06 0.200000003 p1 2124 8
4401 1606481 m2 4992109 -0.000808964309 0.200000003 p1 2128 8
2547 1610976 m2 2876616 -3.13487762e-05 0.200000003 p1 2134 8
4010 1613778 m2 4526807 -6.29506758e-05 0.200000003 p1 2138 8
3606 1618496 m2 4069038 -0.000429388601 0.200000003 p1 2144 8
2026 1637720 m2 2314956 -1.30939688e-05 0.200000003 p1 2171 8
3575 1657531 m2 4042508 -1.49838788e-05 0.200000003 p1 2199 8
3036 1666074 m2 3442380 -7.54506118e-06 0.200000003 p1 2211 8
1573 1667250 m2 1755451 -1.9357978e-07 0.200000003 p1 2212 8
2165 1667267 m2 2477616 -3.79503899e-06 0.200000003 p1 2213 8
3729 1671937 m2 4225736 -0.000671856396 0.200000003 p1 2219 8
2564 1672269 m2 2894084 -0.000190591571 0.200000003 p1 2220 8
4395 1676028 m2 4988400 -0.00145302387 0.200000003 p1 2225 8
3265 1679206 m2 3677950 -6.68418579e-05 0.200000003 p1 2229 8
1081 1702109 m2 1170722 -3.3560118e-05 0.200000003 p1 2261 8
3211 1704284 m2 3625804 -2.21285404e-07 0.200000003 p1 2265 8
905 1705589 m2 989646 -5.23301686e-08 0.200000003 p1 2266 8
3318 1711875 m2 3738266 -0.00034541433 0.200000003 p1 2275 8
1595 1714270 m2 1776381 -0.000796974287 0.200000003 p1 2279 8
3922 1725455 m2 4422268 -9.76870069e-07 0.200000003 p1 2294 8
3107 1745175 m2 3517435 -1.19348522e-08 0.200000003 p1 2323 8
658 1761628 m2 706213 -5.44729482e-05 0.200000003 p1 2346 8
559 1762417 m2 607820 -0.00010885216 0.200000003 p1 2347 8
1418 1767854 m2 1582247 -4.08490912e-08 0.200000003 p1 2354 8
3633 1780379 m2 4101850 -0.000388149696 0.200000003 p1 2372 8
3315 1789411 m2 3732079 -3.03299288e-07 0.200000003 p1 2385 8
1116 1794868 m2 1207382 -0.000925383472 0.200000003 p1 2393 8
2664 1806753 m2 3018499 -0.000209567472 0.200000003 p1 2409 8
3596 1823746 m2 4061940 -0.000282224151 0.200000003 p1 2433 8
2928 1842638 m2 3322223 -0.00048742193 0.200000003 p1 2460 8
1960 1851336 m2 2231949 -2.42926353e-06 0.200000003 p1 2472 8
3092 1861067 m2 3499702 -4.00302369e-08 0.200000003 p1 2486 8
507 1869259 m2 546028 -5.80625929e-05 0.200000003 p1 2497 8
2819 1871754 m2 3218877 -0.00114521571 0.200000003 p1 2500 8
4144 1878734 m2 4703013 -0.000616897829 0.200000003 p1 2510 8
882 1889953 m2 964962 -6.69576195e-07 0.200000003 p1 2526 8
1093 1896773 m2 1183114 -0.000607518072 0.200000003 p1 2535 8
2987 1931126 m2 3393646 -3.34368974e-06 0.200000003 p1 2583 8
135 1936290 m2 146539 -0.0018988736 0.200000003 p1 2590 8
1443 1936751 m2 1606057 -0.000105613006 0.200000003 p1 2591 8
2210 1942003 m2 2514192 -0.000382278085 0.200000003 p1 2599 8
1696 1958101 m2 1902587 -9.42178303e-06 0.200000003 p1 2621 8
735 1959146 m2 803363 -0.000186266276 0.200000003 p1 2622 8
845 1965055 m2 916674 -0.000128218831 0.200000003 p1 2630 8
4022 1967575 m2 4546802 -1.19563447e-05 0.200000003 p1 2634 8
1218 1980856 m2 1332574 -0.00086459436 0.200000003 p1 2653 8
3796 1981196 m2 4300836 -9.33063575e-07 0.200000003 p1 2653 8
1988 1985939 m2 2265766 -1.30200373e-09 0.200000003 p1 2660 8
1057 1998140 m2 1142050 -7.00798779e-08 0.200000003 p1 2678 8
1446 2019399 m2 1607745 -7.30218304e-08 0.200000003 p1 2709 8
3654 2032507 m2 4140515 -2.46737031e-09 0.200000003 p1 2727 8
2075 2034918 m2 2377634 -0.000204668948 0.200000003 p1 2731 8
1150 2039454 m2 1246805 -1.26750502e-11 0.200000003 p1 2737 8
3296 2048911 m2 3717555 -0.000241857648 0.200000003 p1 2751 8
2517 2050081 m2 2844641 -6.21265087e-07 0.200000003 p1 2753 8
2966 2084682 m2 3364333 -0.000143998113 0.200000003 p1 2804 8
2817 2095680 m2 3213471 -5.38318382e-05 0.200000003 p1 2820 8
2625 2103233 m2 2973932 -2.62975864e-05 0.200000003 p1 2831 8
1637 2131699 m2 1820877 -0.000922774954 0.200000003 p1 2872 8
744 2161479 m2 813234 -0.00147980882 0.200000003 p1 2915 8
3044 2170049 m2 3448838 -2.20784898e-07 0.200000003 p1 2927 8
1628 2171631 m2 1813626 -0.000241490532 0.200000003 p1 2930 8
1613 2176754 m2 1800182 -1.26213865e-06 0.200000003 p1 2937 8
1853 2180490 m2 2126580 -0.000138649979 0.200000003 p1 2943 8
2828 2182311 m2 3233114 -1.02309485e-07 0.200000003 p1 2945 8
2719 2191358 m2 3093082 -1.73581427e-07 0.200000003 p1 2958 8
3868 2192827 m2 4364789 -2.44360251e-07 0.200000003 p1 2960 8
841 2199919 m2 913938 -0.000738470233 0.200000003 p1 2971 8
747 2207916 m2 815001 -0.000723214063 0.200000003 p1 2982 8
742 2221706 m2 810878 -0.000376870099 0.200000003 p1 3002 8
3787 2248738 m2 4284662 -5.28680284e-05 0.200000003 p1 3041 8
24 2260378 m2 26989 -0.00130498118 0.200000003 p1 3058 8
1924 2261898 m2 2192965 -0.000608057773 0.200000003 p1 3060 8
2996 2271543 m2 3402539 -0.00237132935 0.200000003 p1 3074 8
476 2277030 m2 508000 -2.92509327e-07 0.200000003 p1 3082 8
4329 2287774 m2 4900741 -0.00123297761 0.200000003 p1 3097 8
4167 2316323 m2 4726146 -8.2138853e-05 0.200000003 p1 3138 8
1914 2328708 m2 2183914 -2.18354401e-07 0.200000003 p1 3156 8
547 2330268 m2 586628 -3.47872703e-10 0.200000003 p1 3158 8
2002 2333498 m2 2285754 -0.000170811501 0.200000003 p1 3163 8
21 2335462 m2 24065 -0.000460126641 0.200000003 p1 3166 8
3324 2347602 m2 3746445 -5.20699223e-06 0.200000003 p1 3184 8
743 2349763 m2 812999 -1.07824052e-08 0.200000003 p1 3187 8
2803 2364686 m2 3188004 -0.000627608155 0.200000003 p1 3209 8
3029 2377486 m2 3434945 -0.000519596273 0.200000003 p1 3228 8
432 2387482 m2 468290 -4.38565075e-06 0.200000003 p1 3243 8
3756 2396863 m2 4251056 -0.000191511455 0.200000003 p1 3257 8
4229 2412322 m2 4780919 -1.91098e-08 0.200000003 p1 3280 8
2933 2424092 m2 3326380 -0.000426221552 0.200000003 p1 3297 8
2899 2432056 m2 3292987 -0.000286433555 0.200000003 p1 3309 8
513 2437106 m2 550366 -0.00395302474 0.200000003 p1 3316 8
3220 2441037 m2 3636531 -8.63219248e-06 0.200000003 p1 3322 8
1941 2442756 m2 2213712 -1.28040592e-05 0.200000003 p1 3325 8
3710 2446678 m2 4208137 -2.65823328e-05 0.200000003 p1 3330 8
388 2455290 m2 430700 -6.43891508e-06 0.200000003 p1 3343 8
2395 2485759 m2 2713576 -0.000703148951 0.200000003 p1 3388 8
2414 2489459 m2 2741838 -6.22353618e-05 0.200000003 p1 3393 8
2322 2493411 m2 2632496 -0.000151109358 0.200000003 p1 3399 8
1501 2498562 m2 1684588 -3.23232416e-05 0.200000003 p1 3407 8
595 2503903 m2 645552 -5.33010391e-09 0.200000003 p1 3414 8
306 2504391 m2 336296 -0.000268444681 0.200000003 p1 3415 8
1808 2516025 m2 2070192 -0.000170237661 0.200000003 p1 3432 8
3262 2523918 m2 3674673 -0.00165300071 0.200000003 p1 3444 8
287 2540573 m2 319540 -2.923247e-07 0.200000003 p1 3469 8
686 2540619 m2 734931 -0.00204872084 0.200000003 p1 3469 8
2004 2541991 m2 2290420 -0.000191502273 0.200000003 p1 3471 8
984 2548889 m2 1065153 -1.09236545e-07 0.200000003 p1 3481 8
1514 2556618 m2 1694989 -0.0004252074 0.200000003 p1 3493 8
2486 2581097 m2 2815204 -1.68299619e-06 0.200000003 p1 3528 8
3062 2583028 m2 3466971 -3.56517849e-05 0.200000003 p1 3531 8
911 2590051 m2 992359 -0.000218910311 0.200000003 p1 3542 8
1503 2593062 m2 1685270 -0.000130730448 0.200000003 p1 3546 8
454 2619445 m2 492192 -8.88828345e-06 0.200000003 p1 3585 8
2732 2625012 m2 3108761 -0.000284814887 0.200000003 p1 3593 8
418 2630547 m2 460024 -0.000154307665 0.200000003 p1 3602 8
3615 2648998 m2 4079293 -1.46574928e-06 0.200000003 p1 3629 8
1454 2652525 m2 1615479 -2.16114022e-05 0.200000003 p1 3634 8
2172 2652645 m2 2486964 -0.00215832191 0.200000003 p1 3634 8
1558 2672225 m2 1738121 -0.000103480983 0.200000003 p1 3663 8
3169 2680336 m2 3584806 -3.83623774e-05 0.200000003 p1 3675 8
3050 2680540 m2 3456682 -1.77985839e-05 0.200000003 p1 3676 8
75 2707581 m2 82026 -7.0019282e-11 0.200000003 p1 3715 8
15 2710730 m2 16415 -0.00145955419 0.200000003 p1 3720 8
2308 2711693 m2 2620649 -7.11842586e-05 0.200000003 p1 3721 8
3813 2712377 m2 4319513 -7.53878066e-06 0.200000003 p1 3722 8
1207 2716721 m2 1319347 -4.01612233e-05 0.200000003 p1 3728 8
1441 2731903 m2 1604944 -7.67253823e-07 0.200000003 p1 3751 8
4079 2735072 m2 4620445 -0.000778814254 0.200000003 p1 3755 8
4080 2744102 m2 4623171 -2.63191487e-05 0.200000003 p1 3768 8
1756 2756665 m2 1984193 -0.00175506319 0.200000003 p1 3787 8
2597 2767155 m2 2935216 -1.76259629e-09 0.200000003 p1 3802 8
3516 2787125 m2 3966189 -7.05290677e-06 0.200000003 p1 3831 8
1203 2803786 m2 1313389 -0.000181833442 0.200000003 p1 3855 8
846 2804892 m2 918169 -8.60182823e-08 0.200000003 p1 3857 8
614 2807831 m2 658827 -0.00014350815 0.200000003 p1 3861 8
1048 2809402 m2 1130800 -1.88005924e-05 0.200000003 p1 3863 8
3190 2814906 m2 3606401 -0.000320662279 0.200000003 p1 3871 8
2065 2817472 m2 2365250 -2.4066494e-05 0.200000003 p1 3875 8
4297 2825125 m2 4866652 -1.32615838e-08 0.200000003 p1 3887 8
1944 2831151 m2 2215787 -0.000638526457 0.200000003 p1 3895 8
3676 2840804 m2 4174107 -1.30260077e-07 0.200000003 p1 3909 8
1263 2867547 m2 1383603 -2.44337098e-05 0.200000003 p1 3949 8
2118 2869417 m2 2429449 -0.000103659651 0.200000003 p1 3952 8
620 2886726 m2 667799 -0.000853432808 0.200000003 p1 3977 8
143 2889596 m2 160355 -7.85263001e-06 0.200000003 p1 3982 8
3744 2894517 m2 4237672 -0.000110615787 0.200000003 p1 3989 8
98 2895120 m2 107244 -5.82959501e-06 0.200000003 p1 3990 8
3667 2895323 m2 4165889 -2.96474155e-07 0.200000003 p1 3990 8
2368 2907583 m2 2683022 -3.32770099e-07 0.200000003 p1 4008 8
994 2909605 m2 1075202 -0.000330712093 0.200000003 p1 4011 8
3544 2921273 m2 4011792 -3.72150462e-05 0.200000003 p1 4028 8
551 2942212 m2 590568 -5.08773519e-05 0.200000003 p1 4059 8
4129 2971993 m2 4685697 -5.44598925e-06 0.200000003 p1 4103 8
2846 2983731 m2 3247291 -0.000384158717 0.200000003 p1 4120 8
87 2984481 m2 93791 -2.29161704e-10 0.200000003 p1 4121 8
4093 2984684 m2 4635170 -1.29111254e-06 0.200000003 p1 4122 8
4105 2986807 m2 4659289 -3.83498627e-06 0.200000003 p1 4125 8
1349 2996780 m2 1484614 -0.000363793719 0.200000003 p1 4140 8
2446 3024221 m2 2771277 -2.44184685e-05 0.200000003 p1 4181 8
4283 3040496 m2 4856155 -1.32251884e-07 0.200000003 p1 4205 8
364 3041018 m2 403033 -3.26463123e-05 0.200000003 p1 4206 8
4345 3051209 m2 4926141 -0.00117129006 0.200000003 p1 4221 8
3566 3052828 m2 4032393 -9.81767444e-05 0.200000003 p1 4224 8
1966 3062108 m2 2241853 -5.12364204e-05 0.200000003 p1 4237 8
3393 3083671 m2 3815575 -3.05527356e-05 0.200000003 p1 4268 8
1423 3122450 m2 1587237 -3.79021071e-06 0.200000003 p1 4326 8
3864 3124000 m2 4360853 -1.71434544e-06 0.200000003 p1 4328 8
2851 3151594 m2 3250745 -0.000545744551 0.200000003 p1 4369 8
1907 3160020 m2 2179078 -0.000206590688 0.200000003 p1 4382 8
885 3186534 m2 968356 -0.000442431075 0.200000003 p1 4422 8
4020 3199602 m2 4539777 -8.87542337e-05 0.200000003 p1 4441 8
2764 3201456 m2 3137269 -9.27954716e-06 0.200000003 p1 4444 8
3365 3204270 m2 3786483 -0.000196459005 0.200000003 p1 4448 8
1475 3218972 m2 1652810 -5.9798982e-05 0.200000003 p1 4470 8
2644 3223599 m2 2996448 -6.19488318e-08 0.200000003 p1 4478 8
836 3226271 m2 909014 -0.00171406101 0.200000003 p1 4482 8
2748 3232664 m2 3122794 -3.25610898e-07 0.200000003 p1 4492 8
1638 3233108 m2 1821502 -0.000113949296 0.200000003 p1 4492 8
4259 3241672 m2 4833328 -3.23693302e-13 0.200000003 p1 4505 8
436 3248835 m2 475679 -0.000173785607 0.200000003 p1 4516 8
1783 3251150 m2 2029700 -0.000555078906 0.200000003 p1 4520 8
1182 3255857 m2 1292249 -4.60040683e-05 0.200000003 p1 4527 8
2180 3268374 m2 2493726 -5.84767258e-05 0.200000003 p1 4546 8
2823 3272279 m2 3228885 -0.000116538111 0.200000003 p1 4552 8
1289 3288593 m2 1415421 -4.6238918e-05 0.200000003 p1 4577 8
3214 3303239 m2 3628306 -0.0001471617 0.200000003 p1 4600 8
2149 3322469 m2 2461968 -9.99441636e-06 0.200000003 p1 4629 8
4351 3324680 m2 4934922 -8.48890068e-07 0.200000003 p1 4633 8
873 3325540 m2 953545 -1.40406132e-06 0.200000003 p1 4634 8
104 3327117 m2 112604 -0.00101195066 0.200000003 p1 4636 8
716 3334030 m2 777830 -3.47749869e-06 0.200000003 p1 4647 8
781 3349707 m2 852106 -0.000972320791 0.200000003 p1 4670 8
1814 3354588 m2 2079233 -0.000124923114 0.200000003 p1 4678 8
1700 3364633 m2 1907502 -1.06191607e-07 0.200000003 p1 4693 8
1693 3365647 m2 1898540 -0.000131530367 0.200000003 p1 4695 8
1933 3368890 m2 2206898 -4.78854736e-06 0.200000003 p1 4700 8
2789 3369367 m2 3165189 -0.000327673915 0.200000003 p1 4700 8
3361 3378879 m2 3782726 -1.05733946e-07 0.200000003 p1 4715 8
5 3380896 m2 5939 -0.000120154742 0.200000003 p1 4718 8
3727 3412742 m2 4223545 -0.00039110519 0.200000003 p1 4766 8
2836 3418584 m2 3240927 -5.21690779e-09 0.200000003 p1 4775 8
4060 3422317 m2 4602317 -0.000307755225 0.200000003 p1 4781 8
3580 3424470 m2 4050420 -9.33374249e-05 0.200000003 p1 4784 8
1938 3433502 m2 2212020 -0.000189855913 0.200000003 p1 4798 8
1893 3468321 m2 2163811 -7.90226125e-08 0.200000003 p1 4852 8
2574 3475165 m2 2902890 -0.00015327557 0.200000003 p1 4863 8
928 3476229 m2 1014962 -0.000249542325 0.200000003 p1 4864 8
2929 3479592 m2 3323001 -0.000168486265 0.200000003 p1 4869 8
529 3498360 m2 558544 -2.90011703e-05 0.200000003 p1 4898 8
1771 3500548 m2 2004891 -0.000153846937 0.200000003 p1 4901 8
943 3502013 m2 1035493 -3.37014062e-05 0.200000003 p1 4903 8
392 3512906 m2 433202 -3.04018295e-06 0.200000003 p1 4920 8
3245 3513462 m2 3659107 -0.000180934308 0.200000003 p1 4921 8
2289 3515954 m2 2603534 -1.44411461e-08 0.200000003 p1 4925 8
1032 3517667 m2 1119686 -0.000960117031 0.200000003 p1 4927 8
3158 3539093 m2 3572294 -0.000267504918 0.200000003 p1 4960 8
1041 3540382 m2 1126710 -3.95264635e-07 0.200000003 p1 4962 8
4073 3556476 m2 4616931 -0.000266304298 0.200000003 p1 4987 8
438 3560776 m2 477426 -0.000102008045 0.200000003 p1 4994 8
496 3569380 m2 536592 -4.45410333e-05 0.200000003 p1 5007 8
3399 3571047 m2 3825878 -8.37506559e-06 0.200000003 p1 5010 8
835 3583248 m2 907775 -0.000395104231 0.200000003 p1 5029 8
3224 3584768 m2 3639032 -0.000133863781 0.200000003 p1 5032 8
1319 3585841 m2 1456031 -0.000287311967 0.200000003 p1 5033 8
3305 3594493 m2 3722016 -0.00026868729 0.200000003 p1 5047 8
1521 3618999 m2 1700890 -0.000134376824 0.200000003 p1 5085 8
173 3627823 m2 193370 -0.000167958948 0.200000003 p1 5099 8
3466 3635318 m2 3905226 -1.75668811e-05 0.200000003 p1 5111 8
3627 3640696 m2 4097187 -0.000114377384 0.200000003 p1 5119 8
3717 3648191 m2 4213775 -0.000123712016 0.200000003 p1 5131 8
1405 3648277 m2 1567175 -0.00058983569 0.200000003 p1 5131 8
2481 3655572 m2 2808899 -5.38293989e-06 0.200000003 p1 5142 8
2482 3667610 m2 2810357 -2.95848058e-05 0.200000003 p1 5161 8
2022 3681631 m2 2311610 -3.17617305e-05 0.200000003 p1 5183 8
3661 3692515 m2 4159288 -4.65443918e-05 0.200000003 p1 5200 8
2920 3695898 m2 3315997 -1.02908785e-07 0.200000003 p1 5205 8
1901 3698631 m2 2176750 -1.84125365e-05 0.200000003 p1 5209 8
1410 3701586 m2 1577193 -3.3312906e-06 0.200000003 p1 5214 8
1256 3710699 m2 1376819 -0.000160083189 0.200000003 p1 5227 8
4115 3711685 m2 4673693 -2.54941915e-05 0.200000003 p1 5229 8
3287 3714577 m2 3702536 -0.00032320217 0.200000003 p1 5233 8
64 3724745 m2 68878 -0.000204635551 0.200000003 p1 5249 8
1192 3734123 m2 1302705 -5.66570852e-05 0.200000003 p1 5264 8
2861 3741651 m2 3263278 -3.67685118e-07 0.200000003 p1 5275 8
3434 3748496 m2 3867073 -0.000264906354 0.200000003 p1 5286 8
2196 3757248 m2 2503236 -1.41274228e-08 0.200000003 p1 5299 8
2449 3757674 m2 2778531 -1.5615582e-05 0.200000003 p1 5300 8
4300 3758064 m2 4872242 -0.000165715712 0.200000003 p1 5301 8
3891 3759560 m2 4382116 -0.00142752018 0.200000003 p1 5303 8
3142 3759608 m2 3558203 -0.000310318661 0.200000003 p1 5303 8
4003 3761796 m2 4518629 -7.51886517e-08 0.200000003 p1 5306 8
1498 3762660 m2 1678006 -3.93512673e-05 0.200000003 p1 5308 8
3595 3771212 m2 4061713 -4.03846883e-07 0.200000003 p1 5321 8
2561 3778824 m2 2889735 -6.32136278e-07 0.200000003 p1 5333 8
1513 3778871 m2 1693835 -0.000868037576 0.200000003 p1 5333 8
1267 3796697 m2 1385645 -3.42069285e-07 0.200000003 p1 5360 8
1508 3803442 m2 1690904 -1.59433682e-06 0.200000003 p1 5371 8
3498 3821471 m2 3945850 -5.46755566e-13 0.200000003 p1 5398 8
66 3826080 m2 71616 -1.04840337e-05 0.200000003 p1 5405 8
1070 3828602 m2 1158915 -0.000138645817 0.200000003 p1 5409 8
1773 3833286 m2 2007618 -0.000207941455 0.200000003 p1 5417 8
2580 3845877 m2 2912911 -0.000727055012 0.200000003 p1 5436 8
1656 3865877 m2 1839016 -1.39017106e-06 0.200000003 p1 5467 8
3966 3874171 m2 4468670 -0.000457568909 0.200000003 p1 5480 8
3115 3875376 m2 3525719 -0.00024412894 0.200000003 p1 5481 8
4376 3886324 m2 4964170 -4.92251063e-14 0.200000003 p1 5498 8
3314 3908164 m2 3730562 -0.00014173724 0.200000003 p1 5531 8
1601 3927242 m2 1785372 -0.000386962842 0.200000003 p1 5560 8
3638 3932350 m2 4107802 -0.000164943543 0.200000003 p1 5567 8
640 3943802 m2 685865 -0.00122430595 0.200000003 p1 5585 8
4340 3945100 m2 4919911 -0.00155089819 0.200000003 p1 5587 8
1015 3973387 m2 1100985 -7.19019663e-05 0.200000003 p1 5630 8
3177 3975851 m2 3596023 -0.000147903003 0.200000003 p1 5634 8
3021 3979893 m2 3429551 -6.3774205e-06 0.200000003 p1 5640 8
1358 3981260 m2 1493126 -1.14301629e-05 0.200000003 p1 5642 8
467 3992470 m2 499507 -2.25475385e-11 0.200000003 p1 5659 8
661 4033581 m2 707849 -2.32152814e-07 0.200000003 p1 5723 8
204 4052232 m2 237197 -1.71935941e-08 0.200000003 p1 5751 8
2092 4061626 m2 2396363 -2.37167351e-05 0.200000003 p1 5765 8
1673 4063790 m3 1871331 0.00184631988 0.5 p1 5769 8
2363 4076496 m2 2677945 -8.53623703e-07 0.200000003 p1 5788 8
1507 4077670 m2 1690901 -2.53829458e-05 0.200000003 p1 5790 8
486 4087416 m2 522012 -2.04368425e-15 0.200000003 p1 5805 8
3470 4094237 m2 3908496 -0.000614539837 0.200000003 p1 5815 8
2952 4104611 m2 3346352 -8.05357413e-05 0.200000003 p1 5831 8
2307 4111034 m2 2620152 -1.28742677e-05 0.200000003 p1 5841 8
649 4112700 m2 691428 -1.39190035e-06 0.200000003 p1 5843 8
884 4127580 m2 965993 -3.8649956e-05 0.200000003 p1 5866 8
3778 4135301 m2 4276190 -0.000120082485 0.200000003 p1 5878 8
1816 4141764 m2 2082731 -9.59102472e-05 0.200000003 p1 5888 8
2198 4151933 m2 2507130 -1.39065097e-08 0.200000003 p1 5904 8
258 4154679 m2 288554 -1.7715692e-08 0.200000003 p1 5908 8
2248 4158585 m2 2549610 -0.000161621618 0.200000003 p1 5914 8
1523 4175859 m2 1701399 -9.56144618e-07 0.200000003 p1 5940 8
1661 4178299 m2 1855350 -2.83682731e-08 0.200000003 p1 5944 8
4350 4182208 m2 4934200 -1.18041653e-05 0.200000003 p1 5950 8
1162 4189267 m2 1259614 -4.0967876e-05 0.200000003 p1 5961 8
2317 4196263 m2 2628034 -4.29830123e-07 0.200000003 p1 5972 8
3188 4199616 m2 3604763 -3.42241742e-06 0.200000003 p1 5977 8
2598 4201554 m2 2935253 -2.97800767e-07 0.200000003 p1 5980 8
1776 4205335 m2 2014354 -1.84382887e-09 0.200000003 p1 5986 8
556 4206444 m2 601142 -1.35456304e-07 0.200000003 p1 5988 8
1169 4209437 m2 1267440 -0.000588359428 0.200000003 p1 5992 8
3140 4211341 m2 3556229 -4.77115179e-07 0.200000003 p1 5995 8
331 4214874 m2 363996 -3.64804364e-05 0.200000003 p1 6001 8
477 4222075 m2 510142 -6.8454483e-08 0.200000003 p1 6012 8
1211 4229286 m2 1324183 -3.48781164e-08 0.200000003 p1 6023 8
1576 4251945 m2 1758364 -5.00249826e-07 0.200000003 p1 6058 8
3742 4264978 m2 4236066 -0.000146913473 0.200000003 p1 6078 8
918 4268148 m2 998349 -0.000835865212 0.200000003 p1 6082 8
1195 4269440 m2 1305016 -5.19421413e-08 0.200000003 p1 6084 8
3841 4270603 m2 4343437 -7.02365287e-05 0.200000003 p1 6086 8
3132 4280598 m2 3548098 -0.000252415775 0.200000003 p1 6101 8
3682 4302620 m2 4180292 -0.000236141364 0.200000003 p1 6135 8
116 4308138 m2 129654 -0.000326044159 0.200000003 p1 6143 8
4406 4321016 m2 4993768 -0.000135961876 0.200000003 p1 6163 8
3437 4321140 m2 3871734 -2.05109109e-06 0.200000003 p1 6163 8
2163 4326693 m2 2474424 -6.99410236e-07 0.200000003 p1 6172 8
1675 4341408 m2 1871585 -0.000609960407 0.200000003 p1 6194 8
2007 4347352 m2 2292698 -0.000152377077 0.200000003 p1 6203 8
683 4352477 m2 731272 -0.000217253255 0.200000003 p1 6211 8
2278 4353023 m2 2583160 -2.18153455e-05 0.200000003 p1 6212 8
2150 4392222 m2 2462557 -7.25772843e-05 0.200000003 p1 6272 8
2010 4411226 m2 2294379 -3.05706849e-11 0.200000003 p1 6300 8
2014 4417194 m2 2305699 -0.000183851676 0.200000003 p1 6310 8
4120 4419153 m2 4681125 -0.0017196543 0.200000003 p1 6313 8
989 4426952 m2 1070787 -4.08457672e-05 0.200000003 p1 6324 8
3759 4434507 m2 4251686 -0.000180858973 0.200000003 p1 6336 8
3680 4435374 m2 4178514 -0.000346322544 0.200000003 p1 6337 8
1293 4437875 m2 1417342 -8.79178406e-05 0.200000003 p1 6341 8
787 4448754 m2 858898 -2.18987398e-11 0.200000003 p1 6358 8
3309 4465077 m2 3725995 -1.51386723e-06 0.200000003 p1 6383 8
3814 4481461 m2 4319670 -3.22529422e-06 0.200000003 p1 6408 8
3075 4484036 m2 3478465 -5.18474371e-06 0.200000003 p1 6412 8
726 4508035 m2 789413 -2.48284415e-08 0.200000003 p1 6450 8
888 4512807 m2 972426 -4.98323907e-08 0.200000003 p1 6457 8
4066 4512959 m2 4610999 -0.00133310258 0.200000003 p1 6457 8
2435 4520624 m2 2759681 -2.07284211e-06 0.200000003 p1 6469 8
3087 4525197 m2 3489180 -5.29566714e-05 0.200000003 p1 6476 8
2164 4529765 m2 2477349 -1.44210098e-05 0.200000003 p1 6484 8
654 4536849 m2 700746 -0.000464736368 0.200000003 p1 6495 8
2247 4538837 m2 2549263 -3.02812805e-05 0.200000003 p1 6498 8
2887 4541883 m2 3285127 -0.000283296424 0.200000003 p1 6503 8
2298 4563564 m2 2611977 -0.00313355261 0.200000003 p1 6537 8
766 4571565 m2 831104 -0.00165343191 0.200000003 p1 6550 8
2622 4579907 m2 2973183 -0.000992061105 0.200000003 p1 6562 8
3261 4587423 m2 3673965 -0.000127221487 0.200000003 p1 6574 8
3988 4627106 m2 4500733 -3.35135337e-05 0.200000003 p1 6637 8
1049 4645124 m2 1130964 -0.00208151061 0.200000003 p1 6665 8
3872 4648608 m2 4366893 -1.44110872e-05 0.200000003 p1 6670 8
1998 4651744 m2 2279811 -0.00188015588 0.200000003 p1 6675 8
1897 4657713 m2 2172265 -5.26608588e-08 0.200000003 p1 6684 8
3268 4659844 m2 3681726 -5.60902627e-05 0.200000003 p1 6688 8
3371 4668731 m2 3790524 -0.000545837742 0.200000003 p1 6701 8
2509 4673686 m2 2836413 -0.000349926064 0.200000003 p1 6709 8
2583 4676609 m3 2917631 0.000861358771 0.5 p1 6714 8
2552 4713331 m2 2880865 -0.000223078649 0.200000003 p1 6772 8
3017 4720262 m2 3424680 -2.53367907e-05 0.200000003 p1 6783 8
1882 4722404 m2 2157981 -0.0016161236 0.200000003 p1 6786 8
2784 4726062 m2 3159560 -2.74196964e-07 0.200000003 p1 6792 8
3739 4729169 m2 4234793 -5.42681882e-08 0.200000003 p1 6797 8
4178 4732464 m2 4734770 -0.00217815582 0.200000003 p1 6802 8
715 4733562 m2 775665 -9.70139718e-06 0.200000003 p1 6804 8
3730 4748171 m2 4226513 -6.23682135e-05 0.200000003 p1 6827 8
4034 4748528 m2 4555423 -1.4901656e-05 0.200000003 p1 6828 8
3387 4753963 m2 3806465 -1.09413456e-07 0.200000003 p1 6836 8
3969 4790330 m2 4474439 -2.15520186e-06 0.200000003 p1 6894 8
532 4790989 m2 562437 -0.00102754356 0.200000003 p1 6895 8
3574 4796944 m2 4042069 -5.88828734e-05 0.200000003 p1 6904 8
544 4802504 m2 579125 -0.000178890434 0.200000003 p1 6913 8
265 4810037 m2 294134 -0.00021238382 0.200000003 p1 6925 8
2643 4813439 m2 2993070 -0.000228990582 0.200000003 p1 6930 8
1313 4819516 m2 1448781 -7.77802139e-13 0.200000003 p1 6940 8
2044 4821535 m2 2338908 -1.60701495e-06 0.200000003 p1 6943 8
3227 4836395 m2 3642093 -1.10858318e-05 0.200000003 p1 6967 8
3403 4836689 m2 3829929 -0.000180515752 0.200000003 p1 6967 8
2035 4850039 m2 2330330 -1.41147711e-06 0.200000003 p1 6988 8
2775 4872283 m2 3147507 -3.36960657e-05 0.200000003 p1 7023 8
4006 4885635 m2 4520051 -7.18963711e-05 0.200000003 p1 7044 8
1692 4896759 m2 1895366 -0.00012234399 0.200000003 p1 7061 8
1848 4932036 m2 2121148 -3.4996272e-05 0.200000003 p1 7116 8
3931 4938063 m2 4432611 -0.000208188649 0.200000003 p1 7125 8
3157 4939196 m2 3571762 -3.80200538e-09 0.200000003 p1 7127 8
1429 4986360 m2 1591400 -0.000800070819 0.200000003 p1 7200 8
4327 4986916 m2 4900351 -0.000103683808 0.200000003 p1 7201 8
231 5012179 m2 262180 -0.00132862537 0.200000003 p1 7240 8
2522 5014150 m2 2850188 -0.00086916727 0.200000003 p1 7243 8
2690 5022275 m2 3056118 -9.71529371e-05 0.200000003 p1 7256 8
1797 5029165 m2 2053464 -0.000107108695 0.200000003 p1 7267 8
2956 5036182 m2 3353292 -0.000632834621 0.200000003 p1 7277 8
2762 5039652 m2 3136874 -5.38280567e-08 0.200000003 p1 7283 8
439 5048882 m2 477871 -0.00106132322 0.200000003 p1 7297 8
141 5049167 m2 156749 -2.70298437e-06 0.200000003 p1 7298 8
1946 5054938 m2 2219177 -2.27406787e-12 0.200000003 p1 7307 8
3310 5055093 m2 3729143 -0.000230113903 0.200000003 p1 7307 8
2192 5067818 m2 2501174 -5.35375989e-07 0.200000003 p1 7327 8
581 5073083 m2 633017 -2.42108058e-07 0.200000003 p1 7335 8
3657 5091759 m2 4152048 -5.16914088e-06 0.200000003 p1 7365 8
853 5095918 m2 927974 -1.02488835e-08 0.200000003 p1 7372 8
3118 5099553 m2 3531914 -0.000857509265 0.200000003 p1 7377 8
1008 5107717 m2 1090929 -0.000102282349 0.200000003 p1 7390 8
457 5114891 m2 493053 -1.28027281e-07 0.200000003 p1 7401 8
1674 5132502 m2 1871402 -0.000146561957 0.200000003 p1 7429 8
1624 5137580 m2 1810565 -7.76176821e-05 0.200000003 p1 7437 8
3921 5141278 m2 4421974 -1.28694821e-09 0.200000003 p1 7443 8
4062 5141750 m2 4605068 -4.81369455e-07 0.200000003 p1 7444 8
1723 5143064 m2 1942445 -0.000157479037 0.200000003 p1 7446 8
3708 5177472 m2 4207293 -8.56242841e-05 0.200000003 p1 7501 8
2159 5181863 m2 2469747 -0.000117481533 0.200000003 p1 7508 8
3163 5188251 m2 3577185 -0.000274393446 0.200000003 p1 7518 8
3646 5190211 m2 4123497 -1.30828687e-06 0.200000003 p1 7521 8
2292 5208039 m2 2607851 -8.91035816e-05 0.200000003 p1 7549 8
1534 5210536 m2 1710368 -0.00169884576 0.200000003 p1 7553 8
2720 5218185 m2 3094582 -2.12368235e-07 0.200000003 p1 7565 8
4024 5219661 m2 4548115 -1.4967326e-05 0.200000003 p1 7567 8
1965 5234154 m2 2241635 -0.000850169221 0.200000003 p1 7590 8
337 5234579 m2 371625 -0.000115320108 0.200000003 p1 7591 8
3779 5236563 m2 4276481 -0.00118464127 0.200000003 p1 7594 8
4391 5238894 m2 4985468 -0.000681947626 0.200000003 p1 7598 8
449 5255923 m2 487996 -5.81630138e-06 0.200000003 p1 7625 8
3230 5261699 m2 3644071 -0.000287489092 0.200000003 p1 7634 8
3448 5264843 m2 3888363 -3.09557909e-05 0.200000003 p1 7639 8
3524 5272625 m2 3975507 -0.000209664198 0.200000003 p1 7651 8
2786 5287778 m2 3161291 -3.97132226e-06 0.200000003 p1 7675 8
2244 5315893 m2 2548268 -1.38699243e-05 0.200000003 p1 7720 8
752 5336845 m2 818244 -0.000330779352 0.200000003 p1 7753 8
3339 5337817 m2 3762438 -2.97999431e-10 0.200000003 p1 7755 8
3332 5345191 m2 3758099 -0.000155504531 0.200000003 p1 7767 8
778 5368613 m2 849062 -5.83698384e-05 0.200000003 p1 7804 8
1 5376628 m2 2710 -1.76286999e-10 0.200000003 p1 7817 8
23 5381062 m2 25662 -3.77493416e-06 0.200000003 p1 7824 8
2889 5387917 m2 3285589 -0.000861655921 0.200000003 p1 7835 8
1400 5398550 m2 1564201 -0.00114029099 0.200000003 p1 7852 8
162 5408533 m2 178965 -0.000952235772 0.200000003 p1 7868 8
3790 5414290 m2 4293299 -0.000125403734 0.200000003 p1 7877 8
2153 5420482 m2 2465081 -0.00030249366 0.200000003 p1 7887 8
1586 5423627 m2 1766578 -8.24483959e-06 0.200000003 p1 7892 8
344 5427651 m2 380182 -0.00107655558 0.200000003 p1 7898 8
1102 5437330 m2 1193449 -1.11609879e-11 0.200000003 p1 7914 8
2776 5440319 m2 3147571 -2.8902472e-05 0.200000003 p1 7919 8
3083 5448918 m2 3484563 -0.000848409079 0.200000003 p1 7932 8
2102 5452555 m2 2406340 -6.81232486e-05 0.200000003 p1 7938 8
870 5462476 m2 949597 -0.000108534317 0.200000003 p1 7954 8
3569 5469133 m2 4033551 -2.84166181e-05 0.200000003 p1 7965 8
3153 5472994 m2 3567374 -1.54517621e-09 0.200000003 p1 7972 8
4211 5473211 m2 4764954 -0.000641631195 0.200000003 p1 7972 8
3527 5473539 m2 3978997 -2.40679725e-08 0.200000003 p1 7972 8
4096 5487132 m2 4640901 -4.40423475e-09 0.200000003 p1 7995 8
4198 5498418 m2 4753265 -3.75349305e-06 0.200000003 p1 8013 8
3586 5500199 m2 4055748 -0.000166066311 0.200000003 p1 8016 8
2827 5502539 m2 3232408 -4.16801449e-05 0.200000003 p1 8019 8
560 5509328 m2 608498 -1.02137862e-13 0.200000003 p1 8030 8
2386 5511504 m2 2700012 -8.11916761e-05 0.200000003 p1 8034 8
2361 5512484 m2 2676672 -0.000113122165 0.200000003 p1 8035 8
1898 5523295 m2 2172507 -1.81694588e-06 0.200000003 p1 8053 8
1075 5524603 m2 1161537 -2.47592525e-05 0.200000003 p1 8055 8
1875 5531863 m2 2149178 -0.000142200981 0.200000003 p1 8066 8
2862 5538952 m2 3265663 -1.99112016e-09 0.200000003 p1 8078 8
1495 5548352 m2 1677228 -0.000135845636 0.200000003 p1 8093 8
2133 5600762 m2 2446456 -1.9520005e-06 0.200000003 p1 8177 8
4227 5609349 m2 4779682 -2.65035453e-07 0.200000003 p1 8191 8
2711 5621139 m2 3082115 -0.00282449299 0.200000003 p1 8210 8
4388 5621533 m2 4978688 -0.000994228874 0.200000003 p1 8211 8
3854 5624335 m2 4354044 -0.00010900222 0.200000003 p1 8215 8
2283 5631084 m2 2589739 -1.78832363e-06 0.200000003 p1 8226 8
3058 5644688 m2 3464760 -3.80189181e-06 0.200000003 p1 8247 8
517 5673381 m2 551596 -0.000306439208 0.200000003 p1 8293 8
2216 5695867 m2 2518687 -0.00118398922 0.200000003 p1 8329 8
216 5713313 m2 245734 -9.87710519e-05 0.200000003 p1 8357 8
2374 5725865 m2 2685757 -2.56599492e-07 0.200000003 p1 8377 8
2025 5727707 m2 2314011 -8.73637473e-05 0.200000003 p1 8380 8
1035 5767849 m3 1123258 0.000673256291 0.5 p1 8444 8
4097 5774869 m2 4643218 -3.43685247e-10 0.200000003 p1 8456 8
588 5792391 m2 638583 -1.282526e-08 0.200000003 p1 8485 8
3906 5801134 m3 4403813 0.00151496881 0.5 p1 8499 8
2194 5801310 m2 2502202 -5.56409873e-07 0.200000003 p1 8499 8
1104 5805438 m2 1195589 -3.50798109e-05 0.200000003 p1 8506 8
1466 5810072 m2 1632886 -0.000272723992 0.200000003 p1 8513 8
4304 5840704 m2 4879104 -1.15569787e-06 0.200000003 p1 8563 8
329 5878292 m2 362677 -1.66609752e-05 0.200000003 p1 8623 8
1353 5878429 m2 1488747 -2.42825099e-05 0.200000003 p1 8623 8
299 5884592 m2 328355 -0.000107442931 0.200000003 p1 8633 8
447 5890587 m2 486803 -0.00213710219 0.200000003 p1 8643 8
1662 5893442 m2 1857864 -0.000512438302 0.200000003 p1 8647 8
3902 5908368 m2 4400090 -2.81150161e-08 0.200000003 p1 8671 8
1173 5916741 m2 1272768 -0.000399454992 0.200000003 p1 8685 8
631 5926690 m2 677665 -1.27296488e-07 0.200000003 p1 8701 8
1636 5926862 m2 1820349 -0.000215628519 0.200000003 p1 8701 8
874 5928165 m2 954839 -1.65040547e-06 0.200000003 p1 8703 8
1306 5928518 m2 1436976 -4.89816694e-06 0.200000003 p1 8704 8
1646 5930568 m2 1830724 -0.000429055246 0.200000003 p1 8707 8
50 5936779 m2 55760 -0.000103381084 0.200000003 p1 8717 8
1088 5937783 m2 1178844 -5.03575029e-06 0.200000003 p1 8718 8
1820 5939418 m2 2084897 -3.63264552e-09 0.200000003 p1 8721 8
762 5947460 m2 827252 -2.09905966e-06 0.200000003 p1 8734 8
3621 5957190 m2 4086651 -0.000271090859 0.200000003 p1 8750 8
469 5967015 m2 500695 -0.000611004012 0.200000003 p1 8766 8
3850 5983361 m2 4351603 -0.000238516077 0.200000003 p1 8791 8
171 5986658 m2 192100 -0.000230970632 0.200000003 p1 8797 8
240 5991543 m2 274296 -0.000129551234 0.200000003 p1 8804 8
3944 5993061 m2 4451658 -2.90239619e-08 0.200000003 p1 8807 8
1770 5998230 m2 2004698 -0.000370601803 0.200000003 p1 8815 8
4233 6006570 m2 4785510 -0.000248458527 0.200000003 p1 8828 8
3951 6014313 m2 4460126 -6.42567011e-06 0.200000003 p1 8840 8
2042 6024425 m2 2336452 -0.00051248871 0.200000003 p1 8857 8
966 6028540 m2 1057607 -0.000141914657 0.200000003 p1 8863 8
1520 6053386 m2 1700730 -6.54573548e-11 0.200000003 p1 8902 8
37 6065750 m2 40333 -0.000118550561 0.200000003 p1 8922 8
1809 6071395 m2 2072041 -0.00181180506 0.200000003 p1 8930 8
294 6090390 m2 323864 -1.37836787e-05 0.200000003 p1 8960 8
4053 6114480 m2 4592343 -0.00014192221 0.200000003 p1 8998 8
899 6116028 m2 981618 -0.00122267916 0.200000003 p1 9000 8
2177 6129229 m2 2491938 -0.000445030193 0.200000003 p1 9021 8
168 6135041 m2 184114 -7.98429246e-05 0.200000003 p1 9030 8
2965 6137323 m2 3364309 -1.10910187e-05 0.200000003 p1 9033 8
1005 6139077 m2 1084200 -1.45630202e-05 0.200000003 p1 9036 8
1354 6143237 m2 1490078 -0.000472196378 0.200000003 p1 9043 8
1378 6145700 m2 1526423 -8.05393441e-08 0.200000003 p1 9047 8
110 6190380 m2 122442 -2.56552135e-09 0.200000003 p1 9118 8
3720 6201940 m2 4217459 -0.000244107156 0.200000003 p1 9137 8
3833 6202066 m2 4335700 -2.61553832e-05 0.200000003 p1 9137 8
587 6203030 m2 638335 -8.81071713e-08 0.200000003 p1 9139 8
4402 6230049 m2 4992802 -0.00150825107 0.200000003 p1 9182 8
594 6240116 m2 645469 -4.16006829e-13 0.200000003 p1 9198 8
1518 6249213 m2 1699829 -6.0141665e-05 0.200000003 p1 9212 8
799 6254286 m2 871780 -1.63975383e-05 0.200000003 p1 9220 8
200 6268953 m2 228836 -0.00091812585 0.200000003 p1 9244 8
3942 6275304 m2 4450999 -7.17608555e-06 0.200000003 p1 9254 8
1610 6276704 m2 1795555 -0.000173672102 0.200000003 p1 9256 8
1697 6287936 m2 1903852 -0.000161304779 0.200000003 p1 9274 8
2218 6292215 m2 2519938 -4.13315756e-05 0.200000003 p1 9281 8
2576 6295773 m2 2903400 -2.92404748e-05 0.200000003 p1 9286 8
99 6296981 m2 107384 -6.49806316e-05 0.200000003 p1 9288 8
2735 6304586 m2 3109957 -1.10741321e-05 0.200000003 p1 9300 8
3904 6318584 m2 4401857 -2.4466839e-05 0.200000003 p1 9322 8
2913 6332734 m2 3311360 -1.5321997e-09 0.200000003 p1 9345 8
3407 6333679 m2 3836259 -4.39518715e-08 0.200000003 p1 9346 8
1935 6339149 m2 2207701 -0.000666786393 0.200000003 p1 9355 8
576 6344611 m2 625264 -0.000314310542 0.200000003 p1 9364 8
167 6361018 m2 183840 -8.721396e-13 0.200000003 p1 9391 8
3279 6369535 m2 3696813 -1.06672314e-05 0.200000003 p1 9405 8
3352 6396930 m2 3774883 -0.00168125518 0.200000003 p1 9448 8
711 6407078 m2 761903 -2.523023e-07 0.200000003 p1 9465 8
213 6414258 m2 242464 -0.00134801387 0.200000003 p1 9476 8
3497 6414303 m2 3943671 -2.23274674e-06 0.200000003 p1 9476 8
707 6421759 m2 756389 -0.000224836433 0.200000003 p1 9488 8
4298 6445189 m2 4869417 -1.5342288e-05 0.200000003 p1 9526 8
682 6447563 m2 730148 -3.32281161e-05 0.200000003 p1 9530 8
952 6447678 m2 1041122 -5.69252393e-07 0.200000003 p1 9530 8
4295 6456017 m2 4864196 -0.0037368671 0.200000003 p1 9543 8
1253 6464883 m2 1372648 -0.000701981829 0.200000003 p1 9558 8
1380 6469806 m2 1528617 -0.00117769686 0.200000003 p1 9565 8
4078 6476222 m2 4618525 -0.000371984643 0.200000003 p1 9576 8
709 6487315 m2 758801 -3.97810312e-10 0.200000003 p1 9594 8
852 6498420 m2 925491 -2.70711467e-07 0.200000003 p1 9612 8
2430 6505457 m2 2754948 -1.27426665e-06 0.200000003 p1 9623 8
341 6506422 m2 378645 -0.000540102134 0.200000003 p1 9625 8
759 6508006 m2 824320 -0.00339933881 0.200000003 p1 9628 8
3479 6511835 m2 3924384 -5.19815693e-08 0.200000003 p1 9634 8
78 6513827 m2 82634 -0.000315514044 0.200000003 p1 9637 8
1359 6517465 m2 1496485 -4.12503459e-06 0.200000003 p1 9643 8
3817 6527066 m2 4321440 -1.97882059e-06 0.200000003 p1 9658 8
2757 6558498 m2 3131621 -8.6802725e-09 0.200000003 p1 9709 8
1741 6568804 m2 1967771 -1.35837963e-08 0.200000003 p1 9726 8
2170 6571473 m2 2484157 -9.32196144e-06 0.200000003 p1 9730 8
3330 6575902 m2 3754534 -1.48731315e-05 0.200000003 p1 9737 8
784 6579662 m2 854636 -0.00031848895 0.200000003 p1 9743 8
1745 6581751 m2 1971759 -9.16283369e-12 0.200000003 p1 9747 8
1022 6595816 m2 1105794 -3.46597404e-12 0.200000003 p1 9770 8
737 6610012 m2 807676 -0.000134299713 0.200000003 p1 9793 8
3469 6610656 m2 3906886 -2.57094216e-05 0.200000003 p1 9794 8
2514 6616589 m2 2841442 -0.000660409452 0.200000003 p1 9803 8
540 6664816 m2 572875 -9.93576396e-05 0.200000003 p1 9882 8
996 6666767 m2 1076254 -1.64968955e-10 0.200000003 p1 9886 8
3451 6707946 m2 3892087 -0.000151729473 0.200000003 p1 9953 8
1494 6720001 m2 1676787 -9.57617012e-05 0.200000003 p1 9973 8
230 6726197 m2 262167 -1.47240025e-05 0.200000003 p1 9983 8
3839 6735653 m2 4342822 -4.73148211e-05 0.200000003 p1 9999 8
4242 6737746 m2 4804394 -0.00165384833 0.200000003 p1 10002 8
3510 6749611 m2 3957583 -6.97050791e-06 0.200000003 p1 10022 8
178 6750255 m2 197148 -0.00025884129 0.200000003 p1 10023 8
1940 6769287 m2 2213175 -8.68856809e-09 0.200000003 p1 10055 8
3712 6769553 m2 4209086 -2.37256464e-10 0.200000003 p1 10056 8
3642 6796423 m2 4117349 -4.18863747e-05 0.200000003 p1 10101 8
2496 6803353 m2 2821507 -6.75827541e-05 0.200000003 p1 10113 8
696 6804112 m2 749263 -3.60483064e-05 0.200000003 p1 10114 8
1868 6810428 m2 2141010 -1.18599621e-06 0.200000003 p1 10125 8
485 6813408 m2 520851 -1.05703746e-09 0.200000003 p1 10130 8
4186 6814103 m2 4740746 -0.0032774047 0.200000003 p1 10131 8
1259 6822224 m2 1380085 -0.000387229462 0.200000003 p1 10145 8
3935 6830239 m2 4437186 -0.00025136082 0.200000003 p1 10159 8
3048 6834341 m2 3451975 -3.76998469e-06 0.200000003 p1 10166 8
1451 6834949 m2 1612340 -1.08912459e-07 0.200000003 p1 10166 8
2944 6848590 m3 3339495 3.92358452e-05 0.5 p1 10190 8
3427 6856336 m3 3863611 0.00150055019 0.5 p1 10202 8
1045 6873568 m2 1129453 -0.000320225605 0.200000003 p1 10230 8
4271 6877676 m2 4847013 -0.000139432464 0.200000003 p1 10237 8
2005 6878139 m2 2291031 -2.13324211e-06 0.200000003 p1 10238 8
2387 6911830 m2 2701072 -1.6041844e-05 0.200000003 p1 10294 8
1402 6957930 m2 1565212 -4.54629626e-05 0.200000003 p1 10370 8
406 6959045 m2 442814 -2.67848486e-06 0.200000003 p1 10372 8
3617 6959628 m2 4081227 -1.39173619e-06 0.200000003 p1 10373 8
2372 6965050 m2 2684325 -9.38736957e-06 0.200000003 p1 10382 8
1479 6974595 m2 1656240 -2.63103384e-09 0.200000003 p1 10398 8
3089 6989685 m2 3491807 -5.63126605e-06 0.200000003 p1 10423 8
2257 7010340 m2 2558005 -3.62340802e-09 0.200000003 p1 10456 8
1473 7015317 m2 1651607 -7.86960736e-05 0.200000003 p1 10464 8
152 7015815 m2 166843 -2.30892283e-06 0.200000003 p1 10465 8
4369 7016736 m2 4957016 -8.93982041e-11 0.200000003 p1 10467 8
1076 7027743 m2 1163077 -3.04413241e-08 0.200000003 p1 10485 8
805 7032916 m2 875981 -0.000883002416 0.200000003 p1 10494 8
1910 7041723 m2 2183191 -1.62025128e-06 0.200000003 p1 10508 8
3741 7053564 m2 4235307 -0.00209666183 0.200000003 p1 10528 8
2499 7070974 m2 2823117 -2.26993361e-05 0.200000003 p1 10557 8
1794 7077426 m2 2049013 -0.000124298444 0.200000003 p1 10568 8
3526 7105745 m2 3976575 -3.0361432e-06 0.200000003 p1 10615 8
677 7111039 m2 723526 -9.67304077e-05 0.200000003 p1 10624 8
94 7119478 m2 103025 -4.52841107e-07 0.200000003 p1 10638 8
1778 7123401 m2 2016290 -0.000826398085 0.200000003 p1 10645 8
3240 7124613 m2 3651974 -0.00262799673 0.200000003 p1 10647 8
393 7143523 m2 434566 -3.79040248e-05 0.200000003 p1 10678 8
1288 7143659 m2 1414934 -0.000111124842 0.200000003 p1 10678 8
2855 7166072 m2 3256439 -2.96369617e-05 0.200000003 p1 10716 8
3519 7170767 m2 3971639 -1.02460662e-08 0.200000003 p1 10724 8
1083 7177282 m2 1172144 -0.00202159514 0.200000003 p1 10735 8
3853 7180754 m2 4352597 -0.000127996434 0.200000003 p1 10741 8
3890 7186215 m2 4381353 -0.000459541712 0.200000003 p1 10750 8
916 7202800 m2 995028 -1.14626732e-06 0.200000003 p1 10778 8
354 7203056 m2 390092 -9.99453641e-06 0.200000003 p1 10778 8
488 7205122 m2 525934 -1.75801333e-07 0.200000003 p1 10781 8
519 7207407 m2 552644 -0.000445786427 0.200000003 p1 10785 8
3477 7215639 m2 3918001 -0.00101111201 0.200000003 p1 10799 8
1840 7216683 m2 2108000 -5.0858358e-05 0.200000003 p1 10801 8
3077 7234859 m2 3479822 -0.000441084412 0.200000003 p1 10831 8
1660 7246002 m2 1849371 -0.000102343423 0.200000003 p1 10850 8
1531 7253396 m2 1707104 -1.37179532e-05 0.200000003 p1 10862 8
399 7259196 m2 437873 -0.000468806335 0.200000003 p1 10872 8
247 7268315 m2 279746 -9.80677868e-08 0.200000003 p1 10887 8
2691 7272275 m2 3056816 -7.87640693e-06 0.200000003 p1 10893 8
3133 7272400 m2 3548325 -5.32464384e-08 0.200000003 p1 10893 8
534 7274699 m2 563610 -4.75975103e-05 0.200000003 p1 10897 8
2519 7280792 m2 2846435 -1.76498305e-09 0.200000003 p1 10907 8
1142 7284907 m2 1241068 -4.7839163e-05 0.200000003 p1 10915 8
3189 7288550 m2 3605364 -2.36891211e-07 0.200000003 p1 10921 8
1228 7297351 m2 1342581 -0.000213037201 0.200000003 p1 10936 8
1448 7300252 m2 1610359 -0.00167889846 0.200000003 p1 10940 8
3272 7307134 m2 3683968 -5.09601499e-08 0.200000003 p1 10952 8
3616 7318309 m2 4080855 -3.75104982e-11 0.200000003 p1 10971 8
2262 7330382 m2 2567907 -2.58519703e-05 0.200000003 p1 10991 8
51 7331041 m2 56065 -3.28279981e-07 0.200000003 p1 10992 8
3027 7337015 m2 3432946 -0.000116055729 0.200000003 p1 11002 8
511 7339355 m2 549489 -3.5258347e-07 0.200000003 p1 11006 8
3548 7342706 m2 4013316 -0.000362329039 0.200000003 p1 11011 8
1568 7348878 m2 1748873 -5.55548286e-06 0.200000003 p1 11022 8
122 7351541 m3 137582 0.00252042408 0.5 p1 11026 8
1633 7352196 m2 1818205 -0.000130707573 0.200000003 p1 11027 8
2376 7368681 m2 2687909 -0.00011129924 0.200000003 p1 11055 8
1767 7376157 m2 1997801 -0.00091889227 0.200000003 p1 11068 8
1249 7382461 m2 1368902 -8.11876816e-06 0.200000003 p1 11078 8
2882 7392100 m2 3282080 -2.57847987e-05 0.200000003 p1 11095 8
3423 7392653 m2 3855383 -0.000521839247 0.200000003 p1 11096 8
2160 7393356 m2 2470515 -3.77189936e-05 0.200000003 p1 11097 8
3863 7394512 m2 4359607 -1.83879019e-05 0.200000003 p1 11099 8
2767 7394645 m2 3141331 -5.72103818e-05 0.200000003 p1 11099 8
3053 7409490 m2 3460154 -3.7474656e-05 0.200000003 p1 11125 8
431 7425421 m2 467619 -0.00143004279 0.200000003 p1 11152 8
3898 7441880 m2 4396236 -2.31475039e-09 0.200000003 p1 11180 8
100 7456134 m2 109522 -9.42837432e-05 0.200000003 p1 11204 8
3473 7463149 m2 3910151 -0.00215161825 0.200000003 p1 11215 8
2865 7466977 m2 3268338 -1.62106644e-05 0.200000003 p1 11222 8
1413 7469154 m2 1579435 -0.000103405226 0.200000003 p1 11226 8
412 7475843 m2 451144 -0.000104318104 0.200000003 p1 11237 8
815 7485512 m2 886919 -1.4108432e-05 0.200000003 p1 11253 8
3578 7490704 m2 4046985 -0.000597233244 0.200000003 p1 11262 8
3238 7509174 m2 3650676 -2.96566299e-07 0.200000003 p1 11294 8
1308 7509950 m2 1438843 -0.000770801329 0.200000003 p1 11295 8
4358 7517264 m2 4945282 -3.93896335e-05 0.200000003 p1 11307 8
2341 7522018 m2 2652681 -8.86957714e-05 0.200000003 p1 11316 8
1046 7525492 m2 1129852 -1.00371786e-07 0.200000003 p1 11322 8
1322 7542388 m2 1458175 -5.6318946e-05 0.200000003 p1 11350 8
1622 7557357 m3 1808974 6.87653446e-05 0.5 p1 11375 8
761 7563120 m2 824577 -0.000133685695 0.200000003 p1 11384 8
174 7571741 m2 194274 -0.000396975753 0.200000003 p1 11399 8
3882 7580661 m2 4375632 -2.37441844e-09 0.200000003 p1 11414 8
2405 7587248 m2 2731749 -4.10264038e-05 0.200000003 p1 11425 8
2146 7589813 m2 2456910 -1.47740529e-05 0.200000003 p1 11429 8
199 7608189 m2 228667 -0.00243493519 0.200000003 p1 11460 8
3856 7619722 m2 4356827 -0.000535800529 0.200000003 p1 11479 8
965 7628516 m2 1057446 -1.58451246e-06 0.200000003 p1 11494 8
3967 7635101 m2 4470439 -1.37999933e-07 0.200000003 p1 11505 8
817 7642093 m2 890731 -0.000240306574 0.200000003 p1 11516 8
1031 7642749 m2 1119344 -0.000681302394 0.200000003 p1 11518 8
3005 7652629 m2 3412297 -0.000448624516 0.200000003 p1 11534 8
4213 7652786 m2 4766423 -1.72789642e-05 0.200000003 p1 11535 8
850 7655009 m2 922847 -0.00102331501 0.200000003 p1 11538 8
3024 7663334 m2 3431009 -2.77774781e-08 0.200000003 p1 11552 8
2304 7664273 m2 2619065 -6.88673344e-06 0.200000003 p1 11554 8
2497 7674940 m2 2821609 -2.03838431e-06 0.200000003 p1 11572 8
4177 7683811 m2 4733988 -9.01860631e-07 0.200000003 p1 11587 8
4195 7696210 m2 4743954 -3.80589222e-06 0.200000003 p1 11608 8
988 7700768 m2 1070779 -1.74808174e-05 0.200000003 p1 11616 8
4251 7703773 m2 4814503 -0.000294939702 0.200000003 p1 11621 8
1223 7705749 m2 1339175 -0.000995093258 0.200000003 p1 11624 8
310 7722657 m2 343182 -7.63228581e-06 0.200000003 p1 11653 8
379 7729657 m2 421440 -0.000182943651 0.200000003 p1 11665 8
1271 7730955 m2 1387406 -0.000148128413 0.200000003 p1 11667 8
3945 7737763 m2 4453250 -1.90723513e-05 0.200000003 p1 11679 8
2175 7743369 m2 2488660 -1.97139593e-06 0.200000003 p1 11688 8
3554 7762874 m2 4016940 -0.000636004843 0.200000003 p1 11722 8
889 7763579 m2 972769 -0.000136091505 0.200000003 p1 11723 8
1799 7778981 m2 2054502 -2.18042842e-07 0.200000003 p1 11749 8
1957 7786402 m2 2229713 -8.23610868e-09 0.200000003 p1 11762 8
2968 7792436 m2 3367666 -0.000228640813 0.200000003 p1 11773 8
3056 7797545 m2 3463423 -0.000294823491 0.200000003 p1 11781 8
2215 7819822 m2 2518286 -1.02959666e-05 0.200000003 p1 11819 8
1328 7823631 m2 1464384 -3.71599199e-05 0.200000003 p1 11825 8
1795 7825691 m2 2049482 -2.86689537e-05 0.200000003 p1 11829 8
3650 7839027 m2 4134751 -3.18927014e-05 0.200000003 p1 11851 8
1260 7846826 m2 1380366 -0.000951432972 0.200000003 p1 11864 8
2746 7852021 m2 3119108 -6.99373345e-07 0.200000003 p1 11873 8
1141 7865665 m2 1240751 -4.59409591e-07 0.200000003 p1 11896 8
3070 7890259 m2 3473791 -1.91501542e-07 0.200000003 p1 11937 8
773 7901855 m2 840996 -8.31815578e-06 0.200000003 p1 11957 8
1973 7902745 m2 2247473 -4.53865113e-07 0.200000003 p1 11959 8
3419 7910112 m2 3852777 -0.000176893969 0.200000003 p1 11971 8
2265 7941995 m2 2569544 -6.58257377e-08 0.200000003 p1 12026 8
3385 7948153 m2 3805791 -2.23596198e-05 0.200000003 p1 12037 8
227 7957101 m2 257871 -1.83449515e-07 0.200000003 p1 12052 8
2359 7957476 m2 2674661 -0.000293725723 0.200000003 p1 12053 8
1733 7957653 m2 1958117 -3.57149111e-05 0.200000003 p1 12053 8
616 7959375 m2 661950 -0.000457311631 0.200000003 p1 12056 8
2453 7962485 m2 2782011 -3.21663447e-06 0.200000003 p1 12062 8
4223 7962747 m2 4777233 -0.00144734699 0.200000003 p1 12062 8
800 7970432 m2 872886 -1.02655586e-05 0.200000003 p1 12076 8
1059 7977964 m2 1144212 -2.52473939e-07 0.200000003 p1 12089 8
3955 7985351 m2 4461764 -3.86758438e-05 0.200000003 p1 12101 8
1557 8000186 m2 1736106 -0.000105198269 0.200000003 p1 12126 8
53 8000376 m2 60309 -4.93244421e-12 0.200000003 p1 12127 8
810 8020132 m2 881932 -3.64183553e-12 0.200000003 p1 12161 8
1781 8021584 m2 2021664 -3.84299756e-06 0.200000003 p1 12163 8
1582 8023871 m2 1764350 -1.64506648e-08 0.200000003 p1 12167 8
1362 8027188 m2 1501131 -5.69787735e-05 0.200000003 p1 12173 8
3485 8029528 m2 3932178 -9.10089966e-06 0.200000003 p1 12177 8
169 8047435 m2 184504 -3.77306719e-07 0.200000003 p1 12208 8
2569 8056412 m2 2896317 -0.000849014148 0.200000003 p1 12224 8
1641 8056857 m2 1823705 -5.94673679e-08 0.200000003 p1 12225 8
1899 8057566 m2 2174023 -2.56836881e-08 0.200000003 p1 12226 8
3003 8060502 m2 3411204 -7.79338225e-05 0.200000003 p1 12231 8
643 8061876 m2 686824 -0.000694989518 0.200000003 p1 12234 8
2476 8065403 m2 2804658 -0.00047728463 0.200000003 p1 12239 8
2310 8072173 m2 2621306 -2.26081556e-06 0.200000003 p1 12251 8
1871 8075940 m2 2143019 -3.82224374e-12 0.200000003 p1 12258 8
3322 8077573 m2 3745713 -3.04224759e-05 0.200000003 p1 12260 8
518 8096253 m2 552057 -0.000233667597 0.200000003 p1 12293 8
3412 8096885 m2 3848889 -1.92705393e-05 0.200000003 p1 12294 8
2314 8107015 m2 2625712 -0.00028261228 0.200000003 p1 12311 8
498 8110300 m2 540499 -4.65100093e-05 0.200000003 p1 12317 8
1740 8116891 m2 1963043 -0.000642226078 0.200000003 p1 12328 8
681 8141995 m2 727647 -6.50465381e-07 0.200000003 p1 12372 8
2731 8144005 m2 3108399 -8.0304344e-05 0.200000003 p1 12375 8
1528 8158930 m2 1704518 -0.000243745584 0.200000003 p1 12401 8
296 8163721 m2 325530 -2.7018948e-06 0.200000003 p1 12409 8
1970 8168675 m2 2244647 -4.39563195e-07 0.200000003 p1 12418 8
1247 8206174 m2 1363098 -1.89878592e-05 0.200000003 p1 12481 8
3404 8207378 m2 3830646 -0.00111175969 0.200000003 p1 12483 8
462 8207968 m2 495896 -1.47931033e-07 0.200000003 p1 12485 8
4076 8210184 m2 4618183 -1.4639445e-05 0.200000003 p1 12488 8
3607 8218727 m2 4069862 -0.000356476929 0.200000003 p1 12503 8
1837 8219330 m2 2103715 -0.000289797899 0.200000003 p1 12504 8
425 8240680 m2 463252 -7.74738226e-07 0.200000003 p1 12541 8
4052 8267427 m2 4591918 -0.000163183038 0.200000003 p1 12588 8
4367 8268391 m2 4954978 -2.02394893e-10 0.200000003 p1 12590 8
45 8277469 m2 54552 -0.000850922952 0.200000003 p1 12605 8
1956 8278990 m2 2229090 -5.18942143e-05 0.200000003 p1 12608 8
3173 8282209 m2 3588730 -1.05431134e-07 0.200000003 p1 12613 8
1658 8287348 m2 1840260 -0.00024768812 0.200000003 p1 12622 8
1167 8289436 m2 1266437 -1.87621907e-07 0.200000003 p1 12626 8
3081 8292602 m2 3482132 -1.28859767e-07 0.200000003 p1 12631 8
208 8293341 m2 239866 -0.000321363012 0.200000003 p1 12633 8
782 8297826 m2 852685 -9.00011912e-07 0.200000003 p1 12640 8
4138 8300991 m2 4696472 -3.48148242e-05 0.200000003 p1 12646 8
1819 8311667 m2 2084751 -9.73329952e-05 0.200000003 p1 12664 8
3471 8332660 m2 3909240 -0.000141221753 0.200000003 p1 12700 8
3721 8335870 m2 4217589 -1.0269503e-05 0.200000003 p1 12705 8
1813 8339177 m2 2076947 -0.000641324674 0.200000003 p1 12711 8
3443 8355635 m2 3881172 -6.2486406e-06 0.200000003 p1 12739 8
1476 8403202 m2 1653390 -1.18687349e-05 0.200000003 p1 12820 8
577 8411992 m2 626295 -7.61023739e-06 0.200000003 p1 12835 8
3835 8428230 m2 4337650 -2.74970713e-14 0.200000003 p1 12862 8
3458 8428998 m2 3897605 -3.35005607e-05 0.200000003 p1 12864 8
2648 8431399 m2 3001602 -0.00201448728 0.200000003 p1 12868 8
1438 8432540 m2 1602765 -0.000225388678 0.200000003 p1 12870 8
3928 8439326 m2 4430130 -1.54755007e-13 0.200000003 p1 12882 8
2599 8450497 m2 2937146 -4.58623228e-09 0.200000003 p1 12901 8
196 8467168 m2 224934 -0.000250265875 0.200000003 p1 12930 8
2114 8471758 m2 2424733 -0.000267848227 0.200000003 p1 12938 8
1377 8476053 m2 1522717 -0.00010607703 0.200000003 p1 12946 8
3264 8492958 m2 3676141 -1.66213031e-05 0.200000003 p1 12974 8
641 8499798 m2 685902 -0.00106014835 0.200000003 p1 12986 8
3481 8501259 m2 3927247 -7.99093323e-05 0.200000003 p1 12989 8
1743 8504572 m2 1969095 -0.000537992979 0.200000003 p1 12994 8
1119 8504670 m2 1209810 -0.00112234335 0.200000003 p1 12995 8
4140 8507883 m2 4697467 -0.00019178084 0.200000003 p1 13000 8
3127 8515086 m2 3541834 -3.51255669e-09 0.200000003 p1 13013 8
779 8528124 m2 850190 -2.15988603e-05 0.200000003 p1 13036 8
3000 8536846 m2 3407919 -0.000111648871 0.200000003 p1 13051 8
371 8537325 m2 412258 -0.00119664706 0.200000003 p1 13052 8
26 8544397 m2 28209 -2.01304151e-09 0.200000003 p1 13065 8
3851 8553060 m2 4351689 -2.78546878e-07 0.200000003 p1 13080 8
1332 8560237 m2 1466159 -0.000895115256 0.200000003 p1 13092 8
3097 8570861 m2 3506871 -2.96947874e-05 0.200000003 p1 13111 8
3675 8576836 m2 4173554 -3.9216261e-06 0.200000003 p1 13122 8
2305 8580958 m2 2619471 -2.25011546e-12 0.200000003 p1 13129 8
732 8588372 m2 795447 -1.86063925e-12 0.200000003 p1 13142 8
739 8594909 m2 808932 -0.000103589482 0.200000003 p1 13154 8
1296 8610199 m2 1420294 -3.4470952e-06 0.200000003 p1 13181 8
1629 8624022 m2 1814918 -0.000376440526 0.200000003 p1 13205 8
3088 8632261 m2 3491557 -0.000744719116 0.200000003 p1 13220 8
2633 8635638 m2 2983551 -7.17539297e-05 0.200000003 p1 13226 8
1273 8640036 m2 1391888 -0.000509888167 0.200000003 p1 13234 8
4352 8640052 m2 4935708 -0.000105490937 0.200000003 p1 13234 8
2222 8671050 m2 2528142 -5.95159422e-10 0.200000003 p1 13289 8
233 8674919 m2 262830 -1.00048993e-07 0.200000003 p1 13295 8
933 8678699 m2 1023963 -1.56261592e-07 0.200000003 p1 13302 8
843 8698515 m2 914887 -0.000153310641 0.200000003 p1 13337 8
3038 8699462 m2 3443096 -1.1778925e-05 0.200000003 p1 13339 8
3869 8705472 m2 4365359 -2.25362555e-06 0.200000003 p1 13350 8
811 8712906 m2 883253 -6.35169818e-06 0.200000003 p1 13363 8
3323 8715196 m2 3745928 -0.000197098459 0.200000003 p1 13367 8
3064 8724785 m2 3467927 -7.1061339e-09 0.200000003 p1 13384 8
333 8728923 m2 365342 -2.30188516e-06 0.200000003 p1 13391 8
3960 8731673 m2 4466150 -9.67949309e-05 0.200000003 p1 13395 8
1999 8737195 m2 2281060 -7.63183707e-05 0.200000003 p1 13405 8
750 8745865 m2 815926 -0.000212326471 0.200000003 p1 13421 8
1902 8752137 m2 2176931 -1.56640734e-09 0.200000003 p1 13432 8
3502 8754322 m2 3950454 -4.36993997e-10 0.200000003 p1 13436 8
359 8759111 m2 395147 -0.000868072384 0.200000003 p1 13444 8
794 8762631 m2 866155 -0.000559669395 0.200000003 p1 13451 8
935 8768844 m2 1026051 -0.000384561834 0.200000003 p1 13462 8
2125 8773854 m2 2435968 -5.33038519e-06 0.200000003 p1 13470 8
4098 8778219 m2 4645270 -6.19927087e-05 0.200000003 p1 13478 8
4208 8778408 m2 4761429 -0.00117370894 0.200000003 p1 13478 8
3894 8789168 m2 4392164 -8.55153412e-05 0.200000003 p1 13497 8
3663 8802181 m2 4162083 -0.00027286046 0.200000003 p1 13520 8
821 8811116 m2 897111 -2.21235059e-05 0.200000003 p1 13536 8
17 8819796 m2 17911 -0.000683706254 0.200000003 p1 13551 8
3695 8823228 m2 4192244 -2.16361434e-12 0.200000003 p1 13558 8
4185 8829050 m2 4740647 -3.88186294e-07 0.200000003 p1 13568 8
464 8838863 m2 497507 -1.00430825e-05 0.200000003 p1 13585 8
2500 8842463 m2 2823255 -0.000115978786 0.200000003 p1 13591 8
3870 8851990 m2 4365531 -4.51118831e-05 0.200000003 p1 13608 8
4346 8853418 m2 4932149 -0.000264464266 0.200000003 p1 13610 8
1136 8854202 m2 1235746 -0.000531622558 0.200000003 p1 13612 8
4163 8859967 m2 4723114 -0.0013806707 0.200000003 p1 13622 8
3276 8860200 m2 3692320 -1.09270868e-05 0.200000003 p1 13623 8
2854 8870809 m2 3254226 -0.000510448765 0.200000003 p1 13642 8
3788 8883415 m2 4287082 -0.000420839846 0.200000003 p1 13665 8
4309 8894351 m2 4882242 -6.21749205e-05 0.200000003 p1 13684 8
1695 8912360 m2 1901592 -0.000293534598 0.200000003 p1 13716 8
503 8917166 m2 542818 -0.000174680928 0.200000003 p1 13725 8
4296 8922492 m2 4864370 -0.00381836179 0.200000003 p1 13735 8
3965 8938095 m2 4467836 -3.09159674e-07 0.200000003 p1 13763 8
2410 8938617 m2 2735419 -0.00031636632 0.200000003 p1 13764 8
4385 8986637 m2 4975931 -4.4334576e-09 0.200000003 p1 13849 8
144 8994026 m2 160805 -0.00021269561 0.200000003 p1 13862 8
3844 8999698 m2 4345888 -0.000185151803 0.200000003 p1 13872 8
3178 9019530 m2 3596927 -0.000120346493 0.200000003 p1 13907 8
4323 9030544 m2 4893475 -1.43501513e-08 0.200000003 p1 13927 8
1385 9034407 m2 1538385 -1.37186744e-05 0.200000003 p1 13934 8
908 9035156 m2 990911 -0.000144120335 0.200000003 p1 13935 8
346 9061817 m2 380872 -7.24676008e-09 0.200000003 p1 13982 8
4330 9065289 m2 4901623 -1.41157795e-06 0.200000003 p1 13988 8
3705 9068778 m2 4203934 -1.81595694e-09 0.200000003 p1 13994 8
3154 9077759 m2 3567377 -1.77124075e-05 0.200000003 p1 14010 8
1017 9105993 m2 1101638 -2.53136045e-06 0.200000003 p1 14060 8
3711 9112771 m2 4208548 -1.13435772e-05 0.200000003 p1 14071 8
315 9120697 m2 350094 -0.00347202923 0.200000003 p1 14085 8
2555 9133041 m2 2885079 -0.000189918617 0.200000003 p1 14107 8
1148 9144393 m2 1245449 -1.41046812e-05 0.200000003 p1 14126 8
4187 9148299 m2 4741183 -1.69536563e-07 0.200000003 p1 14133 8
41 9152987 m2 46845 -3.59176178e-09 0.200000003 p1 14141 8
541 9156209 m2 576337 -5.87403157e-08 0.200000003 p1 14147 8
4092 9156861 m2 4634259 -0.000397582917 0.200000003 p1 14149 8
1762 9167801 m2 1993402 -9.12641553e-06 0.200000003 p1 14168 8
3821 9171323 m2 4326033 -2.07146957e-08 0.200000003 p1 14174 8
201 9171592 m2 233033 -1.09393213e-05 0.200000003 p1 14175 8
3905 9176582 m2 4402882 -0.000364965439 0.200000003 p1 14183 8
2148 9181937 m2 2461616 -0.000280626351 0.200000003 p1 14193 8
1321 9186897 m2 1457014 -4.21072036e-06 0.200000003 p1 14201 8
1274 9193553 m2 1393259 -3.39664462e-06 0.200000003 p1 14213 8
3549 9194511 m2 4015483 -0.000118872682 0.200000003 p1 14215 8
3585 9196105 m2 4053949 -4.49277504e-05 0.200000003 p1 14218 8
2829 9202473 m2 3233973 -0.000191472311 0.200000003 p1 14229 8
4119 9207268 m2 4678684 -1.02072961e-09 0.200000003 p1 14238 8
816 9212333 m2 889017 -2.88577098e-07 0.200000003 p1 14247 8
625 9216004 m2 670866 -0.000253274513 0.200000003 p1 14253 8
4012 9226090 m2 4529279 -0.000342820742 0.200000003 p1 14271 8
3482 9226629 m2 3928613 -6.01586726e-06 0.200000003 p1 14272 8
206 9229845 m2 238782 -0.000481474359 0.200000003 p1 14278 8
942 9245768 m2 1035234 -5.01484865e-05 0.200000003 p1 14306 8
402 9248506 m2 439725 -0.000116149902 0.200000003 p1 14310 8
2144 9248785 m2 2455269 -4.16620824e-05 0.200000003 p1 14311 8
2504 9254151 m2 2826248 -0.000375633012 0.200000003 p1 14320 8
322 9266546 m2 355875 -3.11614531e-06 0.200000003 p1 14342 8
3267 9267021 m2 3679654 -0.00103124627 0.200000003 p1 14343 8
1255 9280368 m2 1375015 -4.68566945e-08 0.200000003 p1 14366 8
4331 9288772 m2 4901699 -1.43944121e-07 0.200000003 p1 14381 8
1401 9307906 m2 1565102 -1.24367843e-05 0.200000003 p1 14415 8
2680 9313771 m2 3042130 -0.00013563603 0.200000003 p1 14426 8
1026 9330396 m2 1109657 -6.99821884e-12 0.200000003 p1 14456 8
3949 9332782 m2 4458813 -3.21486127e-08 0.200000003 p1 14460 8
570 9339524 m2 617837 -0.000111896385 0.200000003 p1 14472 8
2791 9345961 m2 3166422 -0.000199517526 0.200000003 p1 14483 8
3641 9351325 m2 4116619 -0.000330192503 0.200000003 p1 14493 8
3726 9352139 m2 4222941 -0.00165655487 0.200000003 p1 14494 8
2570 9354697 m2 2897262 -9.95974333e-05 0.200000003 p1 14499 8
2976 9371941 m2 3381278 -0.000172795451 0.200000003 p1 14530 8
3879 9384102 m2 4374585 -5.78124082e-06 0.200000003 p1 14551 8
3063 9388815 m2 3467460 -0.000122840211 0.200000003 p1 14559 8
2911 9395752 m2 3307543 -9.41195685e-05 0.200000003 p1 14572 8
3626 9402308 m2 4096645 -1.37920288e-05 0.200000003 p1 14583 8
3269 9403502 m2 3682179 -9.05821289e-05 0.200000003 p1 14586 8
3736 9418425 m2 4234190 -8.54926014e-08 0.200000003 p1 14613 8
1571 9422865 m2 1750627 -4.29219472e-05 0.200000003 p1 14620 8
3195 9425633 m2 3611201 -2.10677811e-07 0.200000003 p1 14625 8
731 9447493 m2 794402 -1.83573011e-05 0.200000003 p1 14665 8
73 9464559 m2 78226 -0.000335447869 0.200000003 p1 14696 8
687 9479183 m2 737825 -4.8033985e-06 0.200000003 p1 14722 8
3462 9485076 m2 3900994 -0.000150569933 0.200000003 p1 14733 8
3102 9485966 m2 3510887 -0.000777875073 0.200000003 p1 14734 8
1680 9489604 m2 1877751 -0.000216978544 0.200000003 p1 14741 8
1981 9490817 m2 2261261 -0.00242420915 0.200000003 p1 14743 8
3461 9498832 m2 3900557 -0.000400049641 0.200000003 p1 14757 8
4063 9523281 m2 4605482 -5.34049577e-05 0.200000003 p1 14802 8
3873 9527093 m2 4368930 -0.00125586602 0.200000003 p1 14809 8
133 9549482 m2 146046 -0.000133183668 0.200000003 p1 14849 8
4264 9552891 m2 4838997 -0.000205793534 0.200000003 p1 14855 8
278 9555912 m2 304042 -8.60604723e-06 0.200000003 p1 14861 8
1294 9569587 m2 1417720 -0.00261233631 0.200000003 p1 14886 8
426 9569620 m2 464423 -0.000363778148 0.200000003 p1 14886 8
1238 9569821 m2 1352910 -0.00059265137 0.200000003 p1 14886 8
3410 9574017 m2 3848558 -2.39079814e-08 0.200000003 p1 14894 8
4077 9574025 m2 4618385 -2.93228204e-05 0.200000003 p1 14894 8
1779 9575385 m2 2018548 -1.72703712e-05 0.200000003 p1 14896 8
2073 9585326 m2 2375661 -0.000159933814 0.200000003 p1 14915 8
223 9587218 m2 255095 -2.28718169e-10 0.200000003 p1 14918 8
2432 9593959 m2 2756052 -0.000280168169 0.200000003 p1 14931 8
635 9599834 m2 680855 -0.000734265253 0.200000003 p1 14941 8
2922 9602343 m2 3317673 -0.000505715609 0.200000003 p1 14946 8
1928 9607938 m2 2195751 -0.000184138044 0.200000003 p1 14956 8
3018 9612140 m2 3425329 -2.0409999e-07 0.200000003 p1 14964 8
2362 9616749 m2 2677620 -5.54528697e-07 0.200000003 p1 14972 8
1883 9624244 m2 2158794 -5.38671111e-06 0.200000003 p1 14985 8
190 9627044 m2 217613 -0.000498309266 0.200000003 p1 14990 8
4252 9648529 m2 4817686 -0.000144844656 0.200000003 p1 15030 8
3588 9649364 m2 4058337 -0.00153301074 0.200000003 p1 15031 8
4412 9652589 m2 4997895 -0.000797165849 0.200000003 p1 15037 8
4353 9653702 m2 4941342 -0.000763632008 0.200000003 p1 15039 8
370 9656130 m2 408972 -4.14499618e-06 0.200000003 p1 15043 8
3910 9663338 m2 4408880 -0.0001184332 0.200000003 p1 15055 8
2444 9670509 m2 2767622 -1.00241982e-06 0.200000003 p1 15068 8
1254 9672091 m2 1372979 -0.000236314809 0.200000003 p1 15071 8
1828 9672268 m2 2092410 -1.12443331e-05 0.200000003 p1 15071 8
921 9675008 m2 1001382 -0.00106326735 0.200000003 p1 15076 8
186 9677814 m2 206390 -1.47113087e-06 0.200000003 p1 15082 8
1480 9686374 m2 1657225 -1.04536093e-06 0.200000003 p1 15097 8
1108 9696364 m2 1199646 -9.54728057e-06 0.200000003 p1 15114 8
244 9702427 m2 277688 -0.00180562597 0.200000003 p1 15125 8
667 9717586 m2 715845 -1.70233375e-06 0.200000003 p1 15153 8
2016 9720208 m2 2308265 -0.000330989016 0.200000003 p1 15158 8
335 9721783 m2 367055 -1.16162764e-05 0.200000003 p1 15161 8
3209 9726682 m2 3621813 -4.65218955e-06 0.200000003 p1 15170 8
2869 9746103 m2 3271588 -6.52664978e-10 0.200000003 p1 15206 8
523 9753781 m2 553975 -0.00115793536 0.200000003 p1 15220 8
4023 9756987 m2 4547936 -3.02768422e-05 0.200000003 p1 15226 8
2398 9767226 m2 2719721 -1.03210311e-06 0.200000003 p1 15245 8
1460 9767626 m2 1621032 -2.22273866e-09 0.200000003 p1 15246 8
972 9787252 m2 1059221 -0.000298840372 0.200000003 p1 15282 8
3958 9789641 m2 4465688 -5.6743047e-06 0.200000003 p1 15287 8
193 9791937 m2 220884 -3.92226575e-05 0.200000003 p1 15291 8
702 9822869 m2 752656 -5.43979866e-07 0.200000003 p1 15349 8
2290 9823624 m2 2604387 -0.000198123904 0.200000003 p1 15350 8
868 9828735 m2 947156 -3.56589758e-11 0.200000003 p1 15360 8
2294 9847723 m2 2610004 -0.000471690175 0.200000003 p1 15395 8
2251 9854792 m2 2551863 -0.000145293016 0.200000003 p1 15408 8
1122 9862890 m2 1213485 -0.000204521362 0.200000003 p1 15423 8
4054 9866320 m2 4592504 -4.28005617e-11 0.200000003 p1 15430 8
2037 9868990 m2 2333255 -3.13655109e-05 0.200000003 p1 15435 8
3523 9878791 m2 3975269 -0.000871300464 0.200000003 p1 15454 8
3228 9883732 m2 3643998 -7.03949718e-06 0.200000003 p1 15463 8
311 9889671 m2 344436 -0.000781586976 0.200000003 p1 15474 8
1538 9890610 m2 1715425 -4.1257058e-06 0.200000003 p1 15476 8
1561 9897846 m2 1740005 -0.000546095544 0.200000003 p1 15490 8
1530 9899350 m2 1707033 -0.00186466996 0.200000003 p1 15493 8
1858 9905490 m2 2131466 -2.06426947e-08 0.200000003 p1 15504 8
2758 9906259 m2 3131828 -0.000955901633 0.200000003 p1 15505 8
755 9918364 m2 821355 -9.82276333e-07 0.200000003 p1 15528 8
1987 9921089 m2 2265446 -0.00102399103 0.200000003 p1 15533 8
710 9925738 m2 758992 -8.06393707e-09 0.200000003 p1 15541 8
4206 9931859 m2 4758877 -0.000400672492 0.200000003 p1 15553 8
1850 9934943 m3 2125906 0.0033847962 0.5 p1 15559 8
802 9939634 m2 875122 -0.000194528388 0.200000003 p1 15567 8
573 9944161 m2 621781 -9.02961474e-05 0.200000003 p1 15576 8
1416 9947441 m2 1581727 -0.000607576047 0.200000003 p1 15582 8
3587 9949679 m2 4057315 -0.000887248432 0.200000003 p1 15586 8
4157 9950486 m2 4716884 -0.000111119254 0.200000003 p1 15588 8
1205 9951913 m2 1318292 -0.00108603039 0.200000003 p1 15590 8
3141 9962840 m2 3557041 -7.34024143e-05 0.200000003 p1 15611 8
978 9962905 m2 1061956 -4.83471922e-07 0.200000003 p1 15611 8
1176 9966658 m2 1281021 -0.00015086343 0.200000003 p1 15618 8
2715 9967844 m2 3091672 -2.03414515e-06 0.200000003 p1 15620 8
2657 9977668 m2 3008505 -1.46893417e-05 0.200000003 p1 15638 8
1339 9982275 m2 1472086 -2.25292188e-05 0.200000003 p1 15646 8
1373 9985214 m2 1515855 -1.85091467e-05 0.200000003 p1 15652 8
142 9986601 m2 159809 -0.000162420838 0.200000003 p1 15654 8
3824 10009341 m2 4328954 -0.000487303914 0.200000003 p1 15697 8
1269 10013250 m2 1386022 -0.000137738651 0.200000003 p1 15704 8
4302 10016520 m2 4873974 -0.00157833868 0.200000003 p1 15710 8
2036 10019271 m2 2331316 -0.000939767575 0.200000003 p1 15715 8
1996 10023320 m2 2274146 -1.62163388e-07 0.200000003 p1 15723 8
3186 10032869 m2 3603932 -1.69215255e-13 0.200000003 p1 15741 8
4136 10035319 m2 4693875 -0.000527996279 0.200000003 p1 15746 8
3210 10043791 m2 3625136 -0.000142437231 0.200000003 p1 15761 8
2769 10056055 m2 3142071 -0.000141088458 0.200000003 p1 15784 8
2473 10064751 m2 2799955 -4.15420163e-06 0.200000003 p1 15800 8
3078 10066435 m2 3481097 -1.43262412e-07 0.200000003 p1 15803 8
3822 10068114 m2 4327218 -3.16758378e-05 0.200000003 p1 15806 8
1492 10079372 m2 1672931 -2.84563697e-07 0.200000003 p1 15827 8
2100 10081989 m2 2404446 -5.0852924e-07 0.200000003 p1 15832 8
3631 10087255 m2 4099695 -0.000509490899 0.200000003 p1 15841 8
3648 10091915 m2 4133351 -0.00125059322 0.200000003 p1 15850 8
971 10099570 m2 1059123 -6.49874564e-05 0.200000003 p1 15864 8
633 10105955 m2 678498 -1.07114492e-05 0.200000003 p1 15876 8
446 10123058 m2 486526 -9.47241188e-06 0.200000003 p1 15908 8
760 10126402 m2 824413 -0.0010543142 0.200000003 p1 15914 8
3639 10126425 m2 4110965 -0.000102221151 0.200000003 p1 15914 8
2771 10133833 m2 3144050 -0.000411104586 0.200000003 p1 15928 8
3250 10136413 m3 3663254 0.00137565623 0.5 p1 15933 8
2543 10174354 m2 2873403 -0.000204083874 0.200000003 p1 16005 8
1177 10184756 m2 1281659 -2.61485802e-05 0.200000003 p1 16024 8
4220 10197477 m2 4775032 -0.000289942225 0.200000003 p1 16049 8
1851 10198977 m2 2125984 -0.000978591386 0.200000003 p1 16052 8
2520 10202002 m2 2846966 -0.000525621057 0.200000003 p1 16057 8
553 10208436 m2 594710 -5.19346088e-07 0.200000003 p1 16069 8
2471 10221260 m2 2797980 -1.54169285e-07 0.200000003 p1 16094 8
181 10225986 m2 199661 -1.13448384e-09 0.200000003 p1 16102 8
3051 10226791 m2 3458147 -3.15531656e-10 0.200000003 p1 16104 8
4337 10258498 m2 4916515 -0.00118161587 0.200000003 p1 16164 8
858 10265874 m2 935249 -0.000321025349 0.200000003 p1 16178 8
1388 10274088 m2 1550351 -0.000118509073 0.200000003 p1 16194 8
2647 10282480 m2 2998214 -2.29231048e-07 0.200000003 p1 16210 8
148 10290208 m2 162689 -1.98093821e-05 0.200000003 p1 16225 8
2510 10298620 m2 2836444 -5.04295749e-05 0.200000003 p1 16241 8
4292 10305093 m2 4862479 -2.71150064e-11 0.200000003 p1 16253 8
4176 10311381 m2 4733520 -0.000298799423 0.200000003 p1 16265 8
3149 10313519 m2 3563983 -5.98028491e-05 0.200000003 p1 16270 8
4363 10316085 m2 4949800 -3.51287645e-06 0.200000003 p1 16274 8
1272 10317514 m2 1391015 -4.585243e-06 0.200000003 p1 16277 8
3252 10320152 m2 3667293 -0.000139576819 0.200000003 p1 16282 8
4057 10357451 m2 4596013 -1.02987553e-06 0.200000003 p1 16352 8
1863 10358122 m2 2135969 -5.07722871e-05 0.200000003 p1 16353 8
2401 10359694 m2 2727004 -7.12959958e-09 0.200000003 p1 16356 8
3246 10368643 m2 3659230 -8.34079972e-10 0.200000003 p1 16373 8
1384 10375469 m2 1535713 -0.000202024472 0.200000003 p1 16386 8
35 10377792 m2 39352 -9.36671495e-05 0.200000003 p1 16390 8
1602 10393887 m2 1786369 -7.56540176e-05 0.200000003 p1 16420 8
3722 10397293 m2 4217840 -1.55664875e-05 0.200000003 p1 16426 8
3771 10404947 m2 4270036 -0.000361689541 0.200000003 p1 16441 8
3289 10405151 m2 3704571 -0.000498689129 0.200000003 p1 16441 8
177 10421777 m2 196727 -0.000383778533 0.200000003 p1 16472 8
1275 10423935 m2 1398297 -4.43513017e-07 0.200000003 p1 16476 8
1044 10426724 m2 1129348 -0.000330793089 0.200000003 p1 16482 8
1664 10431070 m2 1859265 -5.54512837e-07 0.200000003 p1 16490 8
3293 10431479 m2 3713712 -4.16157127e-05 0.200000003 p1 16491 8
4361 10431562 m2 4947560 -0.000559281732 0.200000003 p1 16491 8
1908 10432116 m2 2181056 -6.27647896e-05 0.200000003 p1 16492 8
3610 10434988 m2 4076179 -1.69933246e-05 0.200000003 p1 16497 8
3336 10451321 m2 3760031 -0.000213140753 0.200000003 p1 16528 8
480 10457180 m2 511941 -0.000766645884 0.200000003 p1 16539 8
2619 10457996 m2 2971800 -2.20676861e-06 0.200000003 p1 16540 8
4306 10486527 m2 4879778 -0.000486455887 0.200000003 p1 16592 8
2255 10493276 m2 2556481 -8.67919789e-06 0.200000003 p1 16605 8
2772 10497935 m2 3147040 -0.000200853436 0.200000003 p1 16613 8
3457 10506599 m2 3897007 -0.000119875112 0.200000003 p1 16629 8
840 10514284 m2 913451 -0.000228330522 0.200000003 p1 16644 8
864 10517035 m2 942979 -5.68420437e-05 0.200000003 p1 16649 8
4276 10519745 m2 4851687 -5.46698296e-08 0.200000003 p1 16654 8
3420 10522616 m2 3853182 -0.000594615412 0.200000003 p1 16660 8
1029 10531825 m2 1117097 -4.26634466e-12 0.200000003 p1 16677 8
2773 10534001 m2 3147219 -4.27474653e-11 0.200000003 p1 16681 8
2013 10539939 m2 2303723 -1.78675634e-07 0.200000003 p1 16692 8
3217 10571341 m2 3630913 -8.64051401e-07 0.200000003 p1 16752 8
522 10575306 m2 553572 -0.000199939925 0.200000003 p1 16760 8
2413 10575694 m2 2741674 -2.15453028e-07 0.200000003 p1 16761 8
429 10589072 m2 465834 -0.00153761019 0.200000003 p1 16787 8
2661 10594030 m2 3015975 -0.000902129163 0.200000003 p1 16796 8
161 10596263 m2 177843 -1.61450959e-08 0.200000003 p1 16800 8
2891 10601924 m2 3286131 -0.0024651112 0.200000003 p1 16811 8
2900 10606624 m2 3297023 -1.08315469e-07 0.200000003 p1 16820 8
2457 10608837 m2 2785739 -1.33324249e-07 0.200000003 p1 16824 8
2462 10621348 m2 2788194 -0.000797970162 0.200000003 p1 16848 8
4183 10636038 m2 4738214 -3.51031449e-05 0.200000003 p1 16876 8
3745 10646486 m2 4240560 -0.001742583 0.200000003 p1 16896 8
4131 10667548 m2 4688083 -2.87996158e-06 0.200000003 p1 16936 8
4030 10701415 m2 4551811 -0.00038587398 0.200000003 p1 17001 8
4362 10715457 m2 4949197 -1.21399168e-07 0.200000003 p1 17026 8
2682 10729089 m2 3043248 -0.00044844189 0.200000003 p1 17052 8
1213 10737268 m2 1326774 -0.00194411399 0.200000003 p1 17067 8
2199 10739937 m2 2507450 -1.48709132e-05 0.200000003 p1 17072 8
1761 10746108 m2 1991739 -9.82986182e-16 0.200000003 p1 17084 8
1974 10774432 m2 2247890 -0.00146309915 0.200000003 p1 17138 8
1985 10775122 m2 2263970 -2.24712458e-05 0.200000003 p1 17140 8
409 10775671 m2 447098 -0.000995402806 0.200000003 p1 17141 8
2858 10780784 m2 3261652 -1.55696921e-06 0.200000003 p1 17151 8
414 10782437 m2 452104 -0.000774752174 0.200000003 p1 17154 8
1248 10791891 m2 1364016 -0.000170984145 0.200000003 p1 17172 8
1290 10795153 m2 1415714 -1.15682672e-08 0.200000003 p1 17178 8
1398 10799746 m2 1560845 -0.00208580331 0.200000003 p1 17187 8
3001 10823838 m2 3408801 -2.23203278e-05 0.200000003 p1 17233 8
738 10834208 m2 808693 -1.6312365e-06 0.200000003 p1 17253 8
256 10834280 m2 287556 -1.63803713e-06 0.200000003 p1 17253 8
1204 10839605 m2 1313833 -7.07438312e-06 0.200000003 p1 17263 8
1543 10841154 m2 1721146 -2.02894938e-07 0.200000003 p1 17266 8
1348 10842624 m2 1479831 -2.5041345e-05 0.200000003 p1 17269 8
2812 10842879 m2 3208207 -0.00047554195 0.200000003 p1 17269 8
1722 10845030 m2 1941543 -1.38277692e-08 0.200000003 p1 17274 8
4269 10846583 m2 4844309 -1.10376561e-08 0.200000003 p1 17276 8
2380 10859696 m2 2694667 -8.59745123e-05 0.200000003 p1 17301 8
2975 10865116 m2 3380757 -1.01984914e-12 0.200000003 p1 17312 8
3723 10879165 m2 4219672 -0.00145009684 0.200000003 p1 17339 8
789 10893523 m2 861691 -0.000119824312 0.200000003 p1 17366 8
1587 10904910 m2 1767115 -2.44806397e-05 0.200000003 p1 17388 8
2296 10906389 m2 2611106 -0.000772434752 0.200000003 p1 17391 8
3609 10909333 m2 4074867 -4.90091406e-05 0.200000003 p1 17397 8
1326 10910093 m2 1459821 -0.000481684285 0.200000003 p1 17399 8
2246 10915981 m2 2548867 -0.000779969909 0.200000003 p1 17410 8
3418 10925261 m2 3852189 -0.00161801558 0.200000003 p1 17428 8
2927 10932206 m2 3322071 -0.000104376399 0.200000003 p1 17442 8
3288 10935518 m2 3704451 -3.68520119e-07 0.200000003 p1 17449 8
398 10963232 m2 436973 -6.05228706e-06 0.200000003 p1 17504 8
293 10964423 m2 323819 -3.226951e-11 0.200000003 p1 17506 8
1844 10969059 m2 2118802 -3.45162925e-06 0.200000003 p1 17515 8
2254 10971956 m2 2555849 -7.13455665e-05 0.200000003 p1 17521 8
2184 10981419 m2 2497365 -5.36877792e-07 0.200000003 p1 17540 8
3978 10992461 m2 4491888 -2.8758555e-07 0.200000003 p1 17562 8
3809 11002673 m2 4312366 -0.000120880024 0.200000003 p1 17581 8
844 11012798 m2 915072 -2.83114623e-05 0.200000003 p1 17601 8
4239 11020719 m2 4797429 -8.8451292e-05 0.200000003 p1 17616 8
302 11028381 m2 333382 -2.07765352e-05 0.200000003 p1 17631 8
809 11070281 m2 880477 -0.000309957424 0.200000003 p1 17711 8
3570 11073330 m2 4033921 -1.67201655e-10 0.200000003 p1 17716 8
2860 11075227 m2 3263219 -9.39523161e-05 0.200000003 p1 17720 8
343 11075915 m2 379840 -0.000471490581 0.200000003 p1 17721 8
3406 11076664 m2 3834763 -2.35923153e-06 0.200000003 p1 17723 8
2608 11090565 m2 2949700 -3.25915406e-11 0.200000003 p1 17749 8
1589 11094298 m2 1769441 -1.61884353e-10 0.200000003 p1 17757 8
1011 11103644 m2 1093159 -0.000373332063 0.200000003 p1 17775 8
4181 11114647 m2 4735405 -1.22553001e-05 0.200000003 p1 17795 8
923 11133347 m2 1002306 -7.65186579e-19 0.200000003 p1 17831 8
2202 11142544 m2 2508571 -0.00082004664 0.200000003 p1 17848 8
2266 11143091 m2 2571569 -2.13911917e-05 0.200000003 p1 17850 8
3353 11159768 m2 3775226 -3.01554974e-05 0.200000003 p1 17882 8
2055 11163095 m2 2349553 -2.30343286e-10 0.200000003 p1 17888 8
289 11168783 m2 320638 -3.60513368e-05 0.200000003 p1 17900 8
1239 11171608 m2 1353623 -0.00129126862 0.200000003 p1 17905 8
2260 11175385 m2 2565652 -0.000275509461 0.200000003 p1 17913 8
1329 11186519 m2 1464516 -5.56610576e-06 0.200000003 p1 17934 8
2061 11188097 m2 2363250 -3.08840777e-06 0.200000003 p1 17937 8
647 11204640 m2 690382 -0.000699621101 0.200000003 p1 17970 8
960 11220346 m2 1052801 -2.11962629e-06 0.200000003 p1 18000 8
3770 11222015 m2 4269407 -1.71384841e-07 0.200000003 p1 18003 8
2030 11237415 m2 2322912 -0.000927419111 0.200000003 p1 18033 8
4281 11241298 m2 4855788 -0.000728430867 0.200000003 p1 18041 8
4272 11260488 m2 4848209 -2.34157415e-05 0.200000003 p1 18078 8
1113 11280718 m2 1204219 -9.18397709e-14 0.200000003 p1 18116 8
3345 11285942 m2 3765991 -2.82724977e-06 0.200000003 p1 18127 8
3491 11288670 m2 3939306 -1.49562611e-05 0.200000003 p1 18132 8
1548 11301283 m2 1724822 -4.35800894e-06 0.200000003 p1 18157 8
2300 11323641 m2 2614475 -1.45621289e-05 0.200000003 p1 18200 8
3383 11329048 m2 3801057 -0.000285427755 0.200000003 p1 18211 8
504 11330174 m2 543328 -0.000903792505 0.200000003 p1 18213 8
3861 11334311 m2 4358701 -5.61970191e-05 0.200000003 p1 18221 8
1018 11334344 m2 1103248 -0.000239115601 0.200000003 p1 18221 8
4314 11336197 m2 4885550 -0.0012026754 0.200000003 p1 18225 8
1334 11336255 m2 1468385 -0.00149560615 0.200000003 p1 18225 8
3359 11338063 m2 3780689 -7.22043023e-06 0.200000003 p1 18228 8
4207 11340550 m2 4759806 -2.48263814e-06 0.200000003 p1 18233 8
3292 11341525 m2 3712175 -9.94664442e-05 0.200000003 p1 18235 8
1062 11342430 m2 1149135 -0.000291053118 0.200000003 p1 18237 8
2837 11343769 m2 3241198 -1.28511847e-05 0.200000003 p1 18240 8
2868 11352121 m2 3271062 -1.36204974e-07 0.200000003 p1 18256 8
3968 11352914 m2 4474311 -1.2831581e-06 0.200000003 p1 18258 8
2409 11354498 m2 2735120 -7.92421924e-05 0.200000003 p1 18261 8
3495 11382049 m2 3941802 -0.00071235263 0.200000003 p1 18313 8
3363 11384236 m2 3783557 -5.63864978e-06 0.200000003 p1 18318 8
3539 11396544 m2 3996932 -0.00175836612 0.200000003 p1 18342 8
1611 11430390 m2 1797620 -5.03384311e-15 0.200000003 p1 18409 8
2179 11436051 m2 2493673 -5.63987856e-10 0.200000003 p1 18420 8
1152 11466974 m2 1247592 -9.20076673e-06 0.200000003 p1 18480 8
4317 11471173 m2 4887125 -9.12135034e-10 0.200000003 p1 18488 8
1351 11471815 m2 1487271 -7.95541766e-09 0.200000003 p1 18490 8
1415 11475246 m2 1581488 -4.58377194e-08 0.200000003 p1 18496 8
1670 11481106 m2 1868217 -0.000523590075 0.200000003 p1 18508 8
2616 11496971 m2 2967713 -2.8852528e-06 0.200000003 p1 18538 8
4047 11498082 m2 4586411 -5.19073451e-10 0.200000003 p1 18541 8
652 11500137 m2 695655 -5.4333841e-06 0.200000003 p1 18545 8
3896 11500689 m2 4393574 -0.000295883568 0.200000003 p1 18546 8
434 11506642 m2 469257 -3.88863882e-05 0.200000003 p1 18557 8
4015 11514893 m2 4532149 -0.000231036858 0.200000003 p1 18573 8
2666 11533778 m2 3022525 -3.54293006e-05 0.200000003 p1 18611 8
1194 11534455 m2 1304109 -4.70193118e-06 0.200000003 p1 18612 8
4017 11540560 m2 4534592 -3.94335666e-06 0.200000003 p1 18625 8
2418 11544459 m2 2748543 -0.00165095879 0.200000003 p1 18633 8
1214 11545156 m2 1328169 -3.97244912e-05 0.200000003 p1 18634 8
326 11553041 m2 360664 -1.85091121e-05 0.200000003 p1 18649 8
300 11554864 m2 329348 -0.000908992661 0.200000003 p1 18653 8
1436 11564124 m2 1599496 -0.00063304801 0.200000003 p1 18672 8
1497 11568156 m2 1677910 -0.000197590824 0.200000003 p1 18680 8
1930 11570877 m2 2204907 -8.5303991e-06 0.200000003 p1 18685 8
1299 11580026 m2 1421882 -5.57877902e-05 0.200000003 p1 18703 8
2847 11581633 m2 3247850 -0.000463254313 0.200000003 p1 18707 8
1913 11586453 m2 2183745 -1.38624806e-10 0.200000003 p1 18716 8
3507 11589569 m2 3956281 -0.000311334094 0.200000003 p1 18722 8
1180 11598091 m2 1287692 -0.000501279486 0.200000003 p1 18739 8
1532 11604069 m2 1708551 -0.000271465047 0.200000003 p1 18750 8
1342 11605550 m2 1473126 -1.04361413e-06 0.200000003 p1 18753 8
1110 11606547 m2 1201921 -0.00332027813 0.200000003 p1 18755 8
2356 11607576 m2 2669945 -0.000452887034 0.200000003 p1 18757 8
307 11610846 m2 340288 -7.21561155e-05 0.200000003 p1 18763 8
1894 11611134 m2 2164560 -0.000224248928 0.200000003 p1 18764 8
2544 11613597 m2 2874329 -6.06458307e-05 0.200000003 p1 18769 8
4170 11621703 m2 4728942 -0.00117219251 0.200000003 p1 18785 8
1286 11623005 m2 1413824 -3.12699522e-05 0.200000003 p1 18787 8
4056 11624482 m2 4595472 -0.000391971174 0.200000003 p1 18790 8
1737 11628156 m2 1961339 -2.2312177e-05 0.200000003 p1 18797 8
3564 11636326 m2 4030440 -9.6448297e-05 0.200000003 p1 18813 8
2285 11637057 m2 2598044 -1.49121695e-06 0.200000003 p1 18815 8
3679 11639631 m2 4176226 -0.000163047225 0.200000003 p1 18820 8
2739 11644053 m2 3112424 -1.12401415e-06 0.200000003 p1 18829 8
934 11648840 m2 1025695 -2.38825322e-07 0.200000003 p1 18838 8
3937 11648862 m2 4442306 -0.00243428699 0.200000003 p1 18838 8
4132 11662825 m2 4689009 -4.91586934e-06 0.200000003 p1 18866 8
1399 11663598 m2 1563039 -3.44134096e-05 0.200000003 p1 18868 8
2810 11667804 m2 3200310 -0.00116666581 0.200000003 p1 18876 8
3797 11671308 m2 4302065 -0.000230266422 0.200000003 p1 18883 8
1903 11687070 m2 2177234 -0.000751882966 0.200000003 p1 18914 8
4248 11693096 m2 4809063 -8.99792155e-07 0.200000003 p1 18926 8
740 11697206 m2 809313 -1.84302316e-05 0.200000003 p1 18934 8
4033 11698065 m2 4555195 -2.74841186e-05 0.200000003 p1 18936 8
1684 11702068 m2 1886219 -2.47079988e-05 0.200000003 p1 18944 8
2548 11707760 m2 2876791 -0.000721419754 0.200000003 p1 18955 8
3669 11708610 m2 4167156 -0.000311127777 0.200000003 p1 18957 8
4048 11709930 m2 4586508 -0.0017647614 0.200000003 p1 18959 8
862 11712459 m2 939770 -0.00152533641 0.200000003 p1 18964 8
2342 11718348 m2 2653231 -0.00112744258 0.200000003 p1 18976 8
4068 11719643 m2 4612219 -0.000335469493 0.200000003 p1 18979 8
3940 11732515 m2 4449216 -2.46892228e-07 0.200000003 p1 19004 8
1919 11735954 m2 2189660 -0.000173008026 0.200000003 p1 19011 8
1627 11743707 m2 1812842 -0.000635567529 0.200000003 p1 19026 8
1323 11746001 m2 1458648 -5.97423991e-07 0.200000003 p1 19031 8
1542 11747794 m2 1720016 -0.000415016257 0.200000003 p1 19035 8
819 11751956 m2 894768 -1.33635139e-08 0.200000003 p1 19043 8
4008 11774444 m2 4523034 -8.03583607e-05 0.200000003 p1 19088 8
3774 11775520 m2 4272017 -0.00513231894 0.200000003 p1 19090 8
1417 11778548 m2 1582043 -1.19620824e-11 0.200000003 p1 19097 8
3816 11791115 m2 4321303 -3.66611894e-05 0.200000003 p1 19122 8
3306 11792254 m2 3722683 -0.00154988468 0.200000003 p1 19124 8
1989 11794257 m2 2266448 -5.64023828e-10 0.200000003 p1 19128 8
1866 11800028 m2 2137452 -1.10405463e-05 0.200000003 p1 19140 8
2081 11803491 m2 2381947 -5.23077033e-05 0.200000003 p1 19147 8
826 11805363 m2 900372 -8.74937484e-07 0.200000003 p1 19151 8
4379 11808213 m2 4967990 -5.70931588e-05 0.200000003 p1 19157 8
2028 11815921 m2 2318431 -2.19174982e-12 0.200000003 p1 19173 8
2490 11815960 m2 2818040 -2.05907597e-07 0.200000003 p1 19173 8
246 11816271 m2 279454 -0.000779829104 0.200000003 p1 19173 8
2611 11829875 m2 2958747 -4.21714816e-07 0.200000003 p1 19201 8
4393 11832405 m2 4987447 -7.11863759e-05 0.200000003 p1 19206 8
2347 11832973 m2 2659764 -2.77214513e-05 0.200000003 p1 19207 8
4172 11848943 m2 4729859 -5.30528596e-05 0.200000003 p1 19241 8
2572 11859250 m2 2901649 -0.000502780953 0.200000003 p1 19262 8
301 11874649 m2 332905 -0.000145794722 0.200000003 p1 19295 8
1234 11877449 m2 1349557 -0.00169304479 0.200000003 p1 19300 8
215 11880954 m2 245376 -0.000194816035 0.200000003 p1 19308 8
721 11881978 m2 782533 -5.21067989e-07 0.200000003 p1 19310 8
2176 11882459 m2 2491635 -0.000461926218 0.200000003 p1 19311 8
538 11893309 m2 569707 -2.60283068e-05 0.200000003 p1 19333 8
2659 11903648 m2 3011619 -0.000208371421 0.200000003 p1 19354 8
1994 11904808 m2 2272396 -2.75105231e-06 0.200000003 p1 19357 8
4235 11925310 m2 4789486 -0.00216743723 0.200000003 p1 19399 8
1719 11930652 m2 1934512 -3.57790941e-06 0.200000003 p1 19410 8
842 11934320 m2 914130 -0.000180665011 0.200000003 p1 19418 8
4027 11940374 m2 4548827 -3.93440387e-05 0.200000003 p1 19431 8
867 11940828 m2 946681 -4.47128778e-09 0.200000003 p1 19432 8
2001 11958782 m2 2283376 -8.67461051e-12 0.200000003 p1 19469 8
3886 11961558 m2 4377586 -4.17870112e-08 0.200000003 p1 19474 8
753 11968378 m2 819035 -1.54960663e-14 0.200000003 p1 19488 8
316 11983362 m2 350596 -0.00153635885 0.200000003 p1 19519 8
3054 11988885 m2 3460864 -0.000577539264 0.200000003 p1 19530 8
103 12006897 m2 112472 -0.00197895663 0.200000003 p1 19566 8
1138 12010810 m2 1236668 -0.000109764733 0.200000003 p1 19574 8
3124 12011285 m2 3536785 -0.000897533318 0.200000003 p1 19575 8
3815 12015617 m2 4319804 -0.00104891765 0.200000003 p1 19583 8
831 12016763 m2 905277 -0.000107583743 0.200000003 p1 19586 8
93 12017209 m2 101625 -0.000110170069 0.200000003 p1 19587 8
224 12020830 m2 255669 -3.98916018e-05 0.200000003 p1 19594 8
2269 12028944 m2 2573636 -2.4085532e-06 0.200000003 p1 19610 8
2103 12032770 m2 2406373 -0.000261736423 0.200000003 p1 19618 8
903 12046036 m2 987610 -2.00313516e-05 0.200000003 p1 19644 8
3508 12048955 m2 3956320 -0.000132871399 0.200000003 p1 19650 8
2358 12056463 m2 2673771 -1.38834757e-05 0.200000003 p1 19666 8
2649 12070594 m2 3001686 -0.000125431776 0.200000003 p1 19694 8
1033 12085180 m2 1122494 -8.74374109e-07 0.200000003 p1 19723 8
1600 12093510 m2 1783356 -1.73318014e-07 0.200000003 p1 19740 8
1724 12093712 m2 1945242 -0.000525220938 0.200000003 p1 19741 8
1918 12105864 m2 2188778 -3.09954121e-05 0.200000003 p1 19765 8
941 12106107 m2 1034346 -0.000167233578 0.200000003 p1 19765 8
1648 12114791 m2 1833554 -0.000237325643 0.200000003 p1 19783 8
3417 12124714 m2 3851078 -4.55418103e-06 0.200000003 p1 19803 8
3909 12133473 m2 4407961 -1.435449e-08 0.200000003 p1 19820 8
675 12158443 m2 720875 -0.000680149707 0.200000003 p1 19870 8
795 12164656 m2 867657 -0.000676528667 0.200000003 p1 19882 8
3232 12170128 m2 3645352 -0.00132825761 0.200000003 p1 19893 8
3375 12170694 m2 3792456 -0.000119629221 0.200000003 p1 19894 8
1831 12172839 m2 2094289 -0.000156051959 0.200000003 p1 19899 8
1821 12179527 m2 2085083 -5.72660852e-09 0.200000003 p1 19912 8
1949 12197232 m2 2221187 -0.000892395619 0.200000003 p1 19949 8
132 12208591 m2 145920 -0.00127052411 0.200000003 p1 19973 8
3900 12214251 m2 4397722 -2.36261627e-07 0.200000003 p1 19984 8
1707 12215397 m2 1918818 -0.000532884267 0.200000003 p1 19987 8
604 12222053 m2 653549 -0.000131188455 0.200000003 p1 20000 8
1750 12231152 m2 1976007 -3.11473158e-09 0.200000003 p1 20018 8
1535 12234463 m2 1710641 -0.000601447828 0.200000003 p1 20025 8
4263 12236232 m2 4837286 -1.91263407e-05 0.200000003 p1 20029 8
2 12238726 m2 2790 -3.74796855e-06 0.200000003 p1 20034 8
624 12240972 m2 670072 -9.03497275e-05 0.200000003 p1 20039 8
3377 12256510 m2 3795000 -3.61353773e-06 0.200000003 p1 20070 8
336 12266284 m2 371617 -2.06397249e-06 0.200000003 p1 20090 8
3782 12268747 m2 4278170 -4.53101734e-07 0.200000003 p1 20095 8
878 12272707 m2 960456 -9.81731937e-05 0.200000003 p1 20104 8
849 12273384 m2 920645 -1.48189955e-07 0.200000003 p1 20105 8
3015 12277277 m2 3423764 -3.19872524e-05 0.200000003 p1 20113 8
3885 12280159 m2 4377099 -3.00089312e-07 0.200000003 p1 20119 8
798 12295749 m2 871643 -0.000372021401 0.200000003 p1 20152 8
730 12298916 m2 794052 -3.23416606e-11 0.200000003 p1 20158 8
276 12300352 m2 303376 -1.59438343e-07 0.200000003 p1 20161 8
2744 12301194 m2 3117116 -5.42011294e-05 0.200000003 p1 20163 8
3389 12303059 m2 3809546 -0.000204447962 0.200000003 p1 20167 8
3701 12304045 m2 4198074 -5.61166416e-05 0.200000003 p1 20169 8
1759 12306837 m2 1989764 -1.94039493e-10 0.200000003 p1 20174 8
165 12309492 m2 180856 -1.53189728e-08 0.200000003 p1 20180 8
1990 12326210 m2 2268904 -0.000854215352 0.200000003 p1 20214 8
1583 12326597 m2 1764380 -0.00292600854 0.200000003 p1 20215 8
1356 12332402 m2 1491895 -5.54651251e-07 0.200000003 p1 20227 8
4294 12334073 m2 4862783 -0.00132998475 0.200000003 p1 20231 8
1598 12340451 m2 1780520 -0.00057330163 0.200000003 p1 20244 8
2040 12346874 m2 2335137 -0.00035669998 0.200000003 p1 20257 8
1533 12355666 m2 1708732 -2.70035798e-05 0.200000003 p1 20275 8
3916 12360400 m2 4414206 -0.0026285355 0.200000003 p1 20285 8
2730 12366171 m2 3108027 -0.000208944417 0.200000003 p1 20297 8
3349 12366821 m2 3771616 -3.85259142e-07 0.200000003 p1 20298 8
2258 12369010 m2 2558421 -6.41655151e-06 0.200000003 p1 20303 8
2357 12373092 m2 2670136 -4.42198689e-05 0.200000003 p1 20311 8
62 12376074 m2 67928 -0.000123705177 0.200000003 p1 20317 8
2811 12380409 m2 3206389 -1.49681437e-05 0.200000003 p1 20326 8
1243 12382338 m2 1360893 -0.000465813035 0.200000003 p1 20331 8
1552 12389584 m2 1731849 -8.38321212e-05 0.200000003 p1 20346 8
2240 12393137 m2 2546179 -0.00277617108 0.200000003 p1 20353 8
680 12396591 m2 726390 -4.09011882e-05 0.200000003 p1 20360 8
1575 12396846 m2 1756227 -0.000139051219 0.200000003 p1 20361 8
2988 12399434 m2 3394173 -2.91516341e-15 0.200000003 p1 20366 8
3492 12403221 m2 3939784 -0.000160319119 0.200000003 p1 20374 8
4398 12406231 m2 4990377 -2.31255603e-06 0.200000003 p1 20381 8
3104 12412706 m2 3512301 -4.15483519e-05 0.200000003 p1 20394 8
4135 12419391 m2 4692519 -2.156759e-05 0.200000003 p1 20408 8
154 12420121 m2 167084 -1.40606971e-07 0.200000003 p1 20410 8
3589 12420122 m2 4058339 -0.000448522536 0.200000003 p1 20410 8
562 12422241 m2 610998 -8.71278427e-09 0.200000003 p1 20414 8
2979 12426666 m2 3383627 -2.71310892e-05 0.200000003 p1 20424 8
2329 12428004 m2 2638954 -0.00103611033 0.200000003 p1 20426 8
1087 12432376 m2 1177447 -0.000550239172 0.200000003 p1 20435 8
2334 12441712 m2 2643220 -0.00222957903 0.200000003 p1 20455 8
1551 12444892 m2 1731843 -1.26396117e-05 0.200000003 p1 20462 8
793 12447150 m2 866115 -0.0001236018 0.200000003 p1 20467 8
285 12447296 m2 316855 -6.21997315e-05 0.200000003 p1 20467 8
3282 12447495 m2 3699159 -0.000611567637 0.200000003 p1 20468 8
1782 12456579 m2 2023540 -7.60219627e-05 0.200000003 p1 20487 8
1235 12459590 m2 1350912 -0.00158026931 0.200000003 p1 20493 8
2921 12459885 m2 3317178 -0.000385114923 0.200000003 p1 20494 8
456 12464665 m2 492875 -3.69305199e-05 0.200000003 p1 20504 8
919 12467207 m2 998377 -2.18176706e-06 0.200000003 p1 20509 8
4082 12471397 m2 4623913 -8.49272874e-06 0.200000003 p1 20518 8
3483 12480466 m2 3930637 -6.76221168e-09 0.200000003 p1 20537 8
437 12485833 m2 475947 -0.000853172329 0.200000003 p1 20549 8
1397 12487888 m2 1560259 -3.32231939e-05 0.200000003 p1 20553 8
1616 12502353 m2 1802662 -0.000939653954 0.200000003 p1 20583 8
97 12510392 m2 106946 -4.77374942e-06 0.200000003 p1 20601 8
1958 12515302 m2 2229758 -0.000759209332 0.200000003 p1 20611 8
1430 12519845 m2 1593161 -2.78879475e-10 0.200000003 p1 20620 8
257 12525161 m2 287733 -9.20698858e-06 0.200000003 p1 20631 8
2706 12529502 m2 3075951 -5.60049411e-05 0.200000003 p1 20641 8
4151 12532564 m2 4711742 -8.84966357e-05 0.200000003 p1 20648 8
997 12538178 m2 1077028 -1.35983601e-05 0.200000003 p1 20660 8
2850 12550586 m2 3249693 -1.34882748e-06 0.200000003 p1 20686 8
3703 12550867 m2 4201185 -1.40075213e-06 0.200000003 p1 20687 8
4102 12564916 m2 4650721 -7.05683169e-06 0.200000003 p1 20716 8
4147 12573946 m2 4705227 -3.339049e-05 0.200000003 p1 20735 8
3243 12576563 m2 3652473 -0.000444875768 0.200000003 p1 20741 8
367 12595321 m2 408175 -0.00116034306 0.200000003 p1 20781 8
138 12602682 m2 149861 -1.77989489e-06 0.200000003 p1 20796 8
4399 12609277 m2 4991145 -0.000368208566 0.200000003 p1 20810 8
320 12610307 m2 355432 -0.000108234613 0.200000003 p1 20812 8
4389 12613499 m2 4982424 -1.24709604e-05 0.200000003 p1 20818 8
345 12614211 m2 380471 -2.36156268e-07 0.200000003 p1 20820 8
377 12616095 m2 419279 -2.35922671e-05 0.200000003 p1 20824 8
54 12616870 m2 61026 -0.00391079672 0.200000003 p1 20825 8
2523 12618650 m3 2850413 0.00113892707 0.5 p1 20829 8
3161 12624271 m2 3575307 -1.65844885e-05 0.200000003 p1 20841 8
2651 12636592 m2 3002713 -0.000650290574 0.200000003 p1 20867 8
1838 12639363 m2 2104216 -0.000904948509 0.200000003 p1 20872 8
3716 12650184 m2 4213741 -1.82186359e-05 0.200000003 p1 20895 8
3571 12651177 m2 4040238 -0.000480892922 0.200000003 p1 20897 8
3572 12652618 m2 4040628 -0.000707373372 0.200000003 p1 20900 8
4355 12672355 m2 4942962 -1.70631465e-05 0.200000003 p1 20941 8
3674 12673239 m2 4172361 -2.50526227e-05 0.200000003 p1 20943 8
3576 12674812 m2 4043358 -1.86864986e-06 0.200000003 p1 20946 8
2321 12682106 m2 2630353 -7.19740543e-12 0.200000003 p1 20961 8
1911 12686013 m2 2183206 -3.83312759e-08 0.200000003 p1 20970 8
211 12686593 m2 241758 -1.51186941e-05 0.200000003 p1 20971 8
542 12691299 m2 577755 -2.65264148e-08 0.200000003 p1 20981 8
2120 12694162 m2 2430554 -2.37300883e-05 0.200000003 p1 20987 8
2528 12707919 m2 2858307 -3.23889981e-06 0.200000003 p1 21016 8
3602 12708266 m2 4065342 -6.8633658e-06 0.200000003 p1 21016 8
1155 12714103 m2 1252372 -8.42907775e-06 0.200000003 p1 21029 8
914 12716581 m2 993723 -2.947045e-06 0.200000003 p1 21034 8
2335 12730853 m2 2644079 -4.51108735e-06 0.200000003 p1 21064 8
3226 12734446 m2 3640209 -0.00175996521 0.200000003 p1 21072 8
618 12736227 m2 665884 -1.73160952e-08 0.200000003 p1 21075 8
4332 12736283 m2 4905410 -0.000174311674 0.200000003 p1 21075 8
2436 12743576 m2 2759751 -2.7780759e-06 0.200000003 p1 21091 8
4357 12749281 m2 4944120 -0.000167434162 0.200000003 p1 21103 8
1747 12755371 m2 1974581 -8.33274753e-05 0.200000003 p1 21116 8
76 12758588 m2 82118 -1.7545166e-05 0.200000003 p1 21122 8
2323 12763592 m2 2633050 -7.57423049e-06 0.200000003 p1 21133 8
3709 12763689 m2 4208110 -2.21843425e-06 0.200000003 p1 21133 8
1080 12774976 m2 1167871 -0.000339065329 0.200000003 p1 21158 8
3521 12776659 m2 3973355 -0.00047582158 0.200000003 p1 21161 8
2315 12783143 m2 2626761 -0.00067125546 0.200000003 p1 21175 8
2337 12793460 m2 2644838 -1.15674119e-07 0.200000003 p1 21197 8
4070 12797142 m2 4613447 -6.84250117e-05 0.200000003 p1 21205 8
4051 12805400 m2 4589225 -0.00118058117 0.200000003 p1 21222 8
2912 12819692 m2 3308756 -3.57654535e-05 0.200000003 p1 21252 8
656 12822395 m2 702413 -1.46314715e-05 0.200000003 p1 21258 8
71 12839650 m2 75468 -0.000463598728 0.200000003 p1 21294 8
1524 12846017 m2 1701724 -3.26572575e-07 0.200000003 p1 21307 8
1034 12856807 m2 1123078 -0.000395780749 0.200000003 p1 21331 8
3789 12857597 m2 4288276 -2.72109755e-05 0.200000003 p1 21332 8
2281 12858464 m2 2587880 -3.60884587e-06 0.200000003 p1 21334 8
491 12860428 m2 529703 -0.000479591748 0.200000003 p1 21339 8
3808 12863102 m2 4311647 -7.38037897e-06 0.200000003 p1 21345 8
1841 12877066 m2 2112158 -0.000100138983 0.200000003 p1 21375 8
1394 12877706 m2 1557718 -7.80528353e-06 0.200000003 p1 21376 8
2980 12890661 m2 3384437 -4.39715659e-05 0.200000003 p1 21404 8
3764 12896973 m2 4257479 -1.472641e-05 0.200000003 p1 21418 8
3223 12899799 m2 3638874 -1.87308132e-07 0.200000003 p1 21424 8
959 12910428 m2 1051995 -0.000127432591 0.200000003 p1 21448 8
1758 12911793 m2 1988118 -0.000232056962 0.200000003 p1 21451 8
3953 12912189 m2 4460934 -8.7663858e-07 0.200000003 p1 21451 8
2221 12914464 m2 2525208 -0.00104668457 0.200000003 p1 21456 8
2039 12914552 m2 2334375 -2.07242124e-06 0.200000003 p1 21456 8
3984 12918169 m3 4497907 0.000146823717 0.5 p1 21464 8
3842 12918261 m2 4345209 -5.16765203e-06 0.200000003 p1 21464 8
3553 12927597 m2 4016514 -2.24210543e-13 0.200000003 p1 21484 8
2542 12928998 m2 2873301 -2.30891492e-05 0.200000003 p1 21487 8
1806 12943610 m2 2068800 -0.00206639618 0.200000003 p1 21519 8
3985 12945103 m2 4498032 -4.04479979e-05 0.200000003 p1 21522 8
1732 12949755 m2 1956478 -0.00303645362 0.200000003 p1 21532 8
3834 12957404 m2 4336286 -0.000523219991 0.200000003 p1 21549 8
1581 12965215 m2 1763681 -0.000367141824 0.200000003 p1 21567 8
189 12967948 m2 211959 -0.000315795129 0.200000003 p1 21573 8
4121 12969837 m2 4681158 -2.60215324e-06 0.200000003 p1 21577 8
2017 12972077 m2 2308931 -1.8130529e-06 0.200000003 p1 21582 8
4360 12991929 m2 4945822 -3.66598251e-05 0.200000003 p1 21624 8
2753 12995261 m2 3126834 -0.000743339828 0.200000003 p1 21631 8
3871 13005202 m2 4366860 -1.74819852e-05 0.200000003 p1 21652 8
422 13006431 m2 461893 -0.000125447419 0.200000003 p1 21655 8
1390 13007201 m2 1551860 -0.00215356261 0.200000003 p1 21657 8
1519 13008828 m2 1700401 -0.000981533085 0.200000003 p1 21660 8
881 13010400 m2 964872 -0.000820987916 0.200000003 p1 21664 8
3704 13012257 m2 4202648 -7.11997345e-05 0.200000003 p1 21668 8
3196 13013331 m2 3612882 -0.000427097606 0.200000003 p1 21670 8
2939 13018099 m2 3329200 -0.000727741339 0.200000003 p1 21680 8
1588 13022906 m2 1768088 -2.52110732e-09 0.200000003 p1 21690 8
1768 13031941 m2 1999572 -1.26343969e-06 0.200000003 p1 21709 8
3499 13037925 m2 3946504 -0.00213977904 0.200000003 p1 21722 8
2229 13054318 m2 2535698 -0.00121549342 0.200000003 p1 21756 8
4149 13058329 m2 4709865 -0.000588830677 0.200000003 p1 21765 8
3698 13072715 m2 4192745 -1.29907676e-08 0.200000003 p1 21795 8
2286 13075618 m2 2599937 -0.00207512057 0.200000003 p1 21801 8
1258 13078067 m2 1379113 -0.000136519608 0.200000003 p1 21807 8
4341 13094134 m2 4920299 -4.22775229e-05 0.200000003 p1 21842 8
1549 13096988 m2 1727979 -0.000109812456 0.200000003 p1 21848 8
3254 13103784 m2 3667480 -0.0015853782 0.200000003 p1 21863 8
102 13122608 m2 110294 -9.58510441e-07 0.200000003 p1 21904 8
947 13123459 m2 1037055 -7.33991837e-05 0.200000003 p1 21906 8
2019 13131992 m2 2309872 -1.7591492e-06 0.200000003 p1 21924 8
123 13133281 m2 138251 -0.000506030978 0.200000003 p1 21927 8
2551 13140716 m2 2880301 -8.91234656e-12 0.200000003 p1 21943 8
1188 13143583 m2 1299765 -4.70557243e-05 0.200000003 p1 21948 8
2382 13143907 m2 2697734 -6.13867769e-07 0.200000003 p1 21949 8
982 13145101 m2 1063271 -0.0010229022 0.200000003 p1 21952 8
1856 13153046 m2 2129525 -4.04523744e-05 0.200000003 p1 21968 8
3445 13157771 m2 3881258 -4.79674236e-05 0.200000003 p1 21978 8
40 13159532 m2 45730 -2.42942951e-06 0.200000003 p1 21982 8
1649 13160611 m2 1834213 -3.60164086e-05 0.200000003 p1 21984 8
2894 13163789 m2 3289803 -0.00220549246 0.200000003 p1 21991 8
3823 13164261 m2 4328874 -0.000245254021 0.200000003 p1 21992 8
4011 13166621 m2 4528550 -3.64159496e-06 0.200000003 p1 21997 8
1212 13169970 m2 1326754 -0.000950462418 0.200000003 p1 22004 8
4231 13183583 m2 4782288 -2.2440625e-07 0.200000003 p1 22032 8
3672 13186913 m2 4168627 -2.77241179e-06 0.200000003 p1 22039 8
2663 13200910 m2 3018113 -0.000525090145 0.200000003 p1 22069 8
4365 13203236 m2 4951358 -3.68218616e-06 0.200000003 p1 22074 8
3184 13209130 m2 3602131 -1.07445295e-07 0.200000003 p1 22087 8
3388 13213894 m2 3806616 -2.54416796e-06 0.200000003 p1 22098 8
1434 13231855 m2 1596037 -0.00118349015 0.200000003 p1 22136 8
1886 13233984 m2 2160248 -0.00016035272 0.200000003 p1 22140 8
4039 13244977 m2 4566550 -6.56144839e-05 0.200000003 p1 22164 8
4075 13255262 m2 4617753 -0.00126206619 0.200000003 p1 22185 8
1909 13256873 m2 2182032 -0.00142358465 0.200000003 p1 22188 8
468 13260259 m2 500450 -1.93212628e-07 0.200000003 p1 22196 8
2140 13273010 m2 2453098 -0.00258607557 0.200000003 p1 22223 8
2041 13274016 m2 2336311 -0.000905139663 0.200000003 p1 22226 8
1803 13283816 m2 2057745 -1.04235234e-08 0.200000003 p1 22247 8
325 13286308 m2 359795 -2.92118057e-06 0.200000003 p1 22252 8
2888 13293943 m2 3285216 -2.31019676e-05 0.200000003 p1 22268 8
693 13294545 m2 743933 -1.35519285e-05 0.200000003 p1 22269 8
4373 13296397 m2 4963057 -0.00153676991 0.200000003 p1 22273 8
4021 13298653 m2 4544786 -2.14636401e-07 0.200000003 p1 22278 8
1387 13307807 m2 1549512 -0.000285177812 0.200000003 p1 22298 8
268 13312287 m2 295920 -7.75494991e-05 0.200000003 p1 22308 8
3582 13319385 m2 4051805 -0.000666984182 0.200000003 p1 22323 8
1383 13320472 m2 1534572 -1.19011495e-10 0.200000003 p1 22325 8
1917 13321330 m2 2188299 -5.59929788e-07 0.200000003 p1 22327 8
4152 13328433 m2 4712818 -0.000664957741 0.200000003 p1 22343 8
4192 13330341 m2 4742886 -0.000979380216 0.200000003 p1 22347 8
1391 13340079 m2 1552448 -5.65195478e-07 0.200000003 p1 22369 8
2110 13343402 m2 2418616 -0.000619169732 0.200000003 p1 22376 8
2454 13358966 m2 2783429 -0.00107109244 0.200000003 p1 22411 8
1094 13360504 m2 1183815 -0.000565205759 0.200000003 p1 22414 8
3831 13362717 m2 4335006 -6.82848404e-05 0.200000003 p1 22419 8
1904 13365842 m2 2177975 -0.000944628322 0.200000003 p1 22426 8
1309 13369950 m2 1443510 -0.00057209644 0.200000003 p1 22435 8
2897 13370342 m2 3292731 -0.000214259286 0.200000003 p1 22436 8
1144 13377523 m2 1242335 -1.17132622e-05 0.200000003 p1 22452 8
1805 13377875 m2 2067842 -4.33063093e-07 0.200000003 p1 22452 8
2429 13378102 m2 2754489 -0.0022688699 0.200000003 p1 22453 8
3425 13386432 m2 3858124 -2.2569624e-05 0.200000003 p1 22471 8
472 13386810 m2 502721 -0.00184403628 0.200000003 p1 22471 8
2098 13397625 m2 2403195 -7.28102823e-05 0.200000003 p1 22495 8
3535 13398964 m2 3987988 -3.76519807e-07 0.200000003 p1 22498 8
286 13399491 m2 318165 -0.000307384267 0.200000003 p1 22499 8
659 13406353 m2 706673 -0.000945795502 0.200000003 p1 22513 8
1993 13410169 m2 2270145 -7.16631575e-07 0.200000003 p1 22522 8
3568 13413266 m2 4033317 -6.53834013e-06 0.200000003 p1 22528 8
2839 13415137 m2 3241280 -0.000261826848 0.200000003 p1 22532 8
2795 13428060 m2 3174581 -1.98030869e-13 0.200000003 p1 22560 8
4303 13432978 m2 4874529 -0.000186640726 0.200000003 p1 22571 8
2697 13438810 m2 3070596 -0.000237820059 0.200000003 p1 22584 8
4328 13441074 m2 4900699 -4.77593821e-05 0.200000003 p1 22589 8
2046 13441120 m2 2339625 -8.79903518e-14 0.200000003 p1 22589 8
3131 13443452 m2 3547526 -0.000805550895 0.200000003 p1 22594 8
964 13447450 m2 1056276 -3.35259174e-05 0.200000003 p1 22603 8
145 13451199 m2 160956 -3.23623362e-06 0.200000003 p1 22611 8
3762 13466691 m2 4254003 -0.00273856218 0.200000003 p1 22645 8
3281 13471850 m2 3697673 -8.01298199e-07 0.200000003 p1 22656 8
2489 13471865 m2 2817658 -0.000289288175 0.200000003 p1 22656 8
598 13473994 m2 647333 -4.48785504e-05 0.200000003 p1 22661 8
3147 13475067 m2 3563156 -4.59936973e-06 0.200000003 p1 22663 8
2303 13482045 m2 2616296 -2.33704122e-06 0.200000003 p1 22679 8
967 13486629 m2 1058133 -1.87730495e-12 0.200000003 p1 22689 8
3659 13492573 m2 4154267 -5.92531023e-07 0.200000003 p1 22702 8
1500 13494297 m2 1680112 -2.70793578e-07 0.200000003 p1 22706 8
3009 13495295 m2 3418405 -5.95354322e-06 0.200000003 p1 22708 8
4189 13499876 m2 4742118 -6.68260254e-05 0.200000003 p1 22718 8
3433 13500306 m2 3866777 -0.000915848243 0.200000003 p1 22719 8
1972 13501719 m2 2247148 -0.000488262362 0.200000003 p1 22722 8
1276 13507082 m2 1398569 -0.000384389656 0.200000003 p1 22734 8
2815 13508615 m2 3209527 -0.00263147824 0.200000003 p1 22737 8
295 13512935 m2 324265 -0.000303040724 0.200000003 p1 22747 8
1160 13515515 m2 1256759 -0.000205588585 0.200000003 p1 22752 8
3450 13517125 m2 3890497 -0.000178382063 0.200000003 p1 22756 8
1929 13532847 m2 2199262 -4.20972574e-05 0.200000003 p1 22791 8
1078 13533414 m2 1166033 -0.000715196307 0.200000003 p1 22792 8
3855 13535992 m2 4355706 -0.00058982597 0.200000003 p1 22797 8
2375 13537013 m2 2687268 -5.40828218e-08 0.200000003 p1 22800 8
1244 13537615 m2 1361713 -0.00291282241 0.200000003 p1 22801 8
1009 13545421 m2 1091130 -0.00066265167 0.200000003 p1 22818 8
2191 13546878 m2 2500475 -0.000381856808 0.200000003 p1 22821 8
3974 13547164 m2 4483768 -4.31690423e-05 0.200000003 p1 22822 8
124 13550424 m2 138994 -1.89550756e-05 0.200000003 p1 22829 8
2667 13556582 m2 3023584 -3.00737588e-06 0.200000003 p1 22842 8
797 13563289 m2 870881 -9.08258371e-05 0.200000003 p1 22857 8
1683 13593681 m2 1884557 -4.69302977e-05 0.200000003 p1 22923 8
4320 13614536 m2 4889747 -0.000174317189 0.200000003 p1 22970 8
184 13621072 m2 204236 -0.000181419557 0.200000003 p1 22985 8
455 13626455 m2 492810 -6.67680652e-05 0.200000003 p1 22996 8
3920 13627244 m2 4421435 -3.75898708e-05 0.200000003 p1 22998 8
1166 13630037 m2 1265045 -0.000791942293 0.200000003 p1 23004 8
3067 13632731 m2 3468839 -1.35144518e-07 0.200000003 p1 23010 8
463 13636166 m2 496919 -2.52500904e-05 0.200000003 p1 23018 8
3219 13647029 m2 3635166 -2.16173976e-06 0.200000003 p1 23041 8
981 13650511 m2 1063267 -0.000291482167 0.200000003 p1 23049 8
217 13655161 m2 250747 -0.000992210349 0.200000003 p1 23059 8
3093 13675069 m2 3502551 -6.51594519e-07 0.200000003 p1 23102 8
4191 13676333 m2 4742807 -0.000245554344 0.200000003 p1 23104 8
2238 13678977 m2 2541616 -8.3074774e-06 0.200000003 p1 23110 8
3136 13683028 m2 3551851 -0.000193463435 0.200000003 p1 23120 8
2478 13686042 m2 2805805 -5.44810564e-06 0.200000003 p1 23126 8
2634 13692397 m2 2983576 -0.00105581735 0.200000003 p1 23140 8
255 13696921 m2 285667 -0.000408338557 0.200000003 p1 23150 8
546 13698695 m2 584665 -2.28581666e-06 0.200000003 p1 23154 8
1790 13698771 m2 2045007 -1.28890042e-06 0.200000003 p1 23154 8
4274 13700068 m2 4850669 -4.94707933e-07 0.200000003 p1 23157 8
2972 13704089 m2 3374252 -0.000226165357 0.200000003 p1 23166 8
2236 13705778 m2 2539831 -2.35222851e-05 0.200000003 p1 23169 8
4148 13707788 m2 4708992 -0.000318274047 0.200000003 p1 23174 8
353 13711035 m2 388786 -5.50244249e-06 0.200000003 p1 23181 8
2617 13724490 m2 2968696 -0.000407839951 0.200000003 p1 23210 8
3129 13725544 m2 3543184 -6.86194544e-05 0.200000003 p1 23213 8
1634 13727158 m2 1819740 -0.000228571764 0.200000003 p1 23216 8
968 13728060 m2 1058196 -0.000118057651 0.200000003 p1 23218 8
3447 13736994 m2 3885859 -1.64175271e-10 0.200000003 p1 23237 8
1945 13757395 m2 2216064 -0.000179877519 0.200000003 p1 23282 8
2885 13763189 m2 3283386 -2.51950842e-05 0.200000003 p1 23295 8
508 13765831 m2 546743 -9.42700444e-06 0.200000003 p1 23301 8
4247 13768768 m2 4808791 -0.000112996575 0.200000003 p1 23308 8
796 13771100 m2 869425 -0.000242285343 0.200000003 p1 23313 8
678 13774884 m2 723962 -0.000369516405 0.200000003 p1 23321 8
210 13777996 m2 241640 -5.12986453e-09 0.200000003 p1 23328 8
4312 13789012 m2 4884455 -2.92125187e-05 0.200000003 p1 23352 8
708 13791879 m2 757617 -9.28699956e-05 0.200000003 p1 23359 8
2601 13795562 m2 2943992 -3.85349631e-05 0.200000003 p1 23367 8
883 13797700 m2 965973 -6.19810453e-05 0.200000003 p1 23372 8
3239 13802123 m2 3651710 -5.46907722e-05 0.200000003 p1 23381 8
2916 13815058 m2 3313907 -1.44984381e-06 0.200000003 p1 23410 8
4184 13820200 m2 4738938 -5.72200953e-15 0.200000003 p1 23422 8
3987 13825811 m2 4500099 -0.00173171889 0.200000003 p1 23434 8
772 13827592 m2 840780 -0.00134539127 0.200000003 p1 23438 8
629 13841811 m2 674807 -2.06749448e-07 0.200000003 p1 23469 8
2183 13845872 m2 2495091 -6.7686211e-05 0.200000003 p1 23478 8
3490 13854753 m2 3938283 -3.73301737e-12 0.200000003 p1 23498 8
3628 13858939 m2 4097639 -0.00154964975 0.200000003 p1 23507 8
3635 13882798 m2 4105411 -9.79477118e-05 0.200000003 p1 23560 8
1878 13900451 m2 2152355 -0.000367622153 0.200000003 p1 23599 8
2545 13900753 m2 2874504 -0.000111792629 0.200000003 p1 23600 8
1453 13910413 m2 1613314 -0.000381251331 0.200000003 p1 23621 8
3533 13913287 m2 3982920 -0.000629508984 0.200000003 p1 23627 8
2480 13914903 m2 2808592 -0.000537941349 0.200000003 p1 23631 8
2973 13918708 m2 3379312 -9.26261346e-05 0.200000003 p1 23639 8
430 13932107 m2 466149 -4.52019704e-05 0.200000003 p1 23669 8
3302 13933869 m2 3720476 -1.4304743e-06 0.200000003 p1 23673 8
1164 13936804 m2 1260370 -5.11754661e-05 0.200000003 p1 23679 8
2227 13943421 m2 2533566 -0.000753834262 0.200000003 p1 23694 8
2431 13946141 m2 2755025 -0.0003433206 0.200000003 p1 23700 8
1669 13946352 m2 1867709 -0.000146532344 0.200000003 p1 23700 8
2641 13948538 m2 2990799 -0.00103068713 0.200000003 p1 23705 8
3069 13952684 m2 3471259 -0.0011329758 0.200000003 p1 23715 8
1159 13959196 m2 1256491 -1.02442388e-09 0.200000003 p1 23729 8
3693 13969418 m2 4189525 -0.000146051534 0.200000003 p1 23752 8
4215 13977039 m2 4769193 -0.000846350857 0.200000003 p1 23768 8
2051 13979823 m2 2346567 -0.000172943677 0.200000003 p1 23774 8
3843 13984114 m2 4345457 -3.08722301e-05 0.200000003 p1 23784 8
1792 13985987 m2 2046676 -7.20186222e-07 0.200000003 p1 23788 8
3328 13991688 m2 3753170 -1.17422621e-06 0.200000003 p1 23801 8
3098 13995160 m2 3507747 -0.000129385051 0.200000003 p1 23809 8
3964 14008076 m2 4467542 -7.60660332e-05 0.200000003 p1 23838 8
1000 14029353 m2 1081023 -0.000158630603 0.200000003 p1 23887 8
2443 14029595 m2 2765967 -0.000721083372 0.200000003 p1 23887 8
4142 14030435 m2 4697796 -5.75016602e-05 0.200000003 p1 23889 8
1020 14038409 m2 1105264 -7.02598118e-05 0.200000003 p1 23907 8
610 14039640 m2 656139 -0.00142104214 0.200000003 p1 23910 8
754 14045713 m2 821171 -0.00049692404 0.200000003 p1 23924 8
3159 14054328 m2 3574185 -0.00211898889 0.200000003 p1 23944 8
1997 14054780 m2 2274146 -8.24401936e-10 0.200000003 p1 23945 8
1780 14065825 m2 2020572 -0.00202035205 0.200000003 p1 23970 8
4155 14067278 m2 4714127 -0.000876136764 0.200000003 p1 23974 8
3045 14067356 m2 3450017 -0.00209035235 0.200000003 p1 23974 8
2692 14070309 m2 3061425 -1.32812402e-05 0.200000003 p1 23981 8
3343 14080930 m2 3765207 -5.38586664e-06 0.200000003 p1 24005 8
2721 14084709 m2 3098543 -1.36101398e-05 0.200000003 p1 24013 8
428 14085283 m2 465560 -1.11745209e-07 0.200000003 p1 24015 8
3346 14103408 m2 3766490 -0.000528157398 0.200000003 p1 24056 8
3513 14105104 m2 3960022 -2.13271123e-05 0.200000003 p1 24061 8
2256 14106840 m2 2557471 -1.23219224e-09 0.200000003 p1 24065 8
2399 14108521 m2 2725161 -6.19013119e-10 0.200000003 p1 24069 8
1735 14110723 m2 1960113 -0.000993824098 0.200000003 p1 24074 8
638 14112804 m2 684155 -0.000490828941 0.200000003 p1 24079 8
1621 14113246 m2 1808413 -3.05250524e-07 0.200000003 p1 24080 8
3961 14115704 m2 4466175 -7.68887821e-06 0.200000003 p1 24085 8
2086 14117259 m2 2389860 -5.14438807e-06 0.200000003 p1 24089 8
3783 14119422 m2 4278427 -3.46536915e-08 0.200000003 p1 24094 8
2330 14120022 m2 2639964 -0.000972706068 0.200000003 p1 24095 8
2020 14121495 m2 2309885 -0.000630025752 0.200000003 p1 24099 8
2901 14133962 m2 3297074 -3.05850954e-05 0.200000003 p1 24127 8
4380 14139948 m2 4971207 -0.000560118642 0.200000003 p1 24141 8
720 14140257 m2 779785 -0.00181921211 0.200000003 p1 24142 8
3911 14140870 m2 4409476 -0.000713013753 0.200000003 p1 24144 8
770 14142101 m2 839373 -5.69760668e-05 0.200000003 p1 24147 8
1145 14142167 m2 1242695 -0.00132425153 0.200000003 p1 24147 8
2554 14150572 m2 2885039 -0.00620310055 0.200000003 p1 24166 8
1604 14159814 m2 1788526 -0.00028674808 0.200000003 p1 24187 8
3079 14163245 m2 3481574 -3.89998212e-09 0.200000003 p1 24195 8
2456 14168755 m2 2785649 -0.0032247724 0.200000003 p1 24208 8
1874 14170325 m2 2147950 -0.000408276799 0.200000003 p1 24212 8
3715 14170688 m2 4212459 -9.8050361e-05 0.200000003 p1 24212 8
1550 14173675 m2 1731694 -1.46890952e-05 0.200000003 p1 24219 8
929 14176574 m2 1017416 -0.00317700952 0.200000003 p1 24226 8
1462 14186995 m2 1630037 -0.000228811798 0.200000003 p1 24250 8
1754 14190040 m2 1983186 -5.40375404e-05 0.200000003 p1 24257 8
2734 14190686 m2 3109109 -4.45903652e-08 0.200000003 p1 24259 8
606 14191331 m2 654831 -6.92655817e-07 0.200000003 p1 24260 8
1464 14203031 m2 1631698 -0.000108466134 0.200000003 p1 24288 8
3114 14204554 m2 3524853 -1.37000679e-05 0.200000003 p1 24292 8
2596 14205543 m2 2935196 -1.22422662e-05 0.200000003 p1 24294 8
3236 14211511 m2 3649114 -0.00119941519 0.200000003 p1 24308 8
1459 14228009 m2 1618796 -1.54666679e-11 0.200000003 p1 24346 8
1285 14230813 m2 1412849 -2.43563907e-08 0.200000003 p1 24353 8
1178 14230838 m2 1285276 -0.000227647484 0.200000003 p1 24353 8
1199 14231112 m2 1309283 -0.000281969347 0.200000003 p1 24353 8
3917 14232352 m2 4417012 -0.00133973849 0.200000003 p1 24356 8
2354 14232798 m2 2668170 -1.33656094e-05 0.200000003 p1 24357 8
2676 14234006 m2 3037879 -0.000107397871 0.200000003 p1 24360 8
3162 14234490 m2 3576280 -0.00637808582 0.200000003 p1 24361 8
2048 14237473 m2 2343121 -8.54478858e-05 0.200000003 p1 24368 8
4386 14250379 m2 4977578 -1.04514538e-05 0.200000003 p1 24398 8
3494 14255395 m2 3941137 -0.000482738396 0.200000003 p1 24410 8
401 14256418 m2 438911 -1.10469282e-05 0.200000003 p1 24412 8
2780 14257571 m2 3151808 -8.71858938e-05 0.200000003 p1 24415 8
3828 14259634 m2 4330296 -0.000768137048 0.200000003 p1 24420 8
69 14261603 m2 73935 -0.0015613758 0.200000003 p1 24424 8
3820 14274345 m2 4324651 -6.43293363e-10 0.200000003 p1 24454 8
483 14275951 m2 515547 -4.61791969e-05 0.200000003 p1 24458 8
4374 14281143 m2 4963592 -0.000151911023 0.200000003 p1 24470 8
4342 14285819 m3 4922308 0.000749428931 0.5 p1 24481 8
648 14293438 m2 691173 -4.1313595e-07 0.200000003 p1 24499 8
81 14296818 m2 85495 -0.000102786842 0.200000003 p1 24507 8
786 14297365 m2 857665 -5.12035626e-07 0.200000003 p1 24508 8
1221 14297539 m2 1336511 -0.000678194163 0.200000003 p1 24508 8
221 14302338 m2 252854 -1.45148865e-10 0.200000003 p1 24520 8
2424 14302645 m2 2751197 -2.97939863e-07 0.200000003 p1 24520 8
3826 14307529 m2 4330123 -5.83868132e-06 0.200000003 p1 24532 8
1499 14309728 m2 1678568 -2.28085105e-06 0.200000003 p1 24537 8
3170 14316048 m2 3585772 -0.00238174177 0.200000003 p1 24551 8
1457 14319142 m2 1617755 -8.539634e-10 0.200000003 p1 24558 8
727 14323097 m2 790157 -0.00341730937 0.200000003 p1 24567 8
1746 14326264 m2 1973280 -4.04762704e-06 0.200000003 p1 24574 8
1596 14332293 m2 1778914 -7.47778088e-08 0.200000003 p1 24588 8
602 14333054 m2 649486 -0.00369105465 0.200000003 p1 24590 8
1355 14342274 m2 1490628 -0.000107248525 0.200000003 p1 24612 8
1393 14345945 m2 1557373 -7.34612149e-09 0.200000003 p1 24620 8
2507 14349070 m2 2832004 -0.000841167406 0.200000003 p1 24628 8
3146 14351583 m2 3561608 -3.119638e-06 0.200000003 p1 24634 8
2168 14358636 m2 2482709 -1.23602051e-09 0.200000003 p1 24650 8
3567 14359574 m2 4032717 -0.000179382187 0.200000003 p1 24652 8
1545 14365289 m2 1722912 -0.00131759234 0.200000003 p1 24666 8
2982 14370539 m2 3388511 -0.0026507033 0.200000003 p1 24678 8
2886 14372629 m2 3284148 -0.000955947035 0.200000003 p1 24683 8
1947 14373441 m2 2219312 -8.05868549e-05 0.200000003 p1 24685 8
3534 14375116 m2 3983792 -0.000667254324 0.200000003 p1 24688 8
4025 14378176 m2 4548548 -0.000843805319 0.200000003 p1 24695 8
986 14378716 m2 1066151 -6.2312786e-08 0.200000003 p1 24697 8
1502 14386853 m2 1684642 -3.11027626e-09 0.200000003 p1 24716 8
543 14387084 m2 578500 -4.00189819e-08 0.200000003 p1 24716 8
234 14390686 m2 263087 -8.53451565e-05 0.200000003 p1 24725 8
101 14393694 m2 110081 -1.82105505e-05 0.200000003 p1 24732 8
2464 14401222 m2 2791477 -7.36920556e-05 0.200000003 p1 24749 8
4069 14404492 m2 4612518 -1.17409274e-06 0.200000003 p1 24757 8
545 14410633 m2 580903 -1.77128967e-07 0.200000003 p1 24772 8
1869 14412338 m2 2141108 -1.54197805e-05 0.200000003 p1 24776 8
623 14420687 m2 669563 -0.00160711491 0.200000003 p1 24796 8
3008 14420886 m2 3417372 -0.00138994039 0.200000003 p1 24796 8
586 14427064 m2 637186 -0.000209371894 0.200000003 p1 24811 8
1612 14430408 m2 1797930 -0.000117688316 0.200000003 p1 24819 8
2023 14448235 m2 2312133 -0.000510516285 0.200000003 p1 24861 8
1344 14450063 m2 1478118 -2.31340636e-08 0.200000003 p1 24866 8
2467 14451257 m2 2792583 -7.01042154e-05 0.200000003 p1 24869 8
1427 14455421 m2 1588980 -6.05461973e-05 0.200000003 p1 24879 8
2297 14461248 m2 2611714 -5.99695413e-05 0.200000003 p1 24893 8
2223 14462519 m2 2528756 -1.64305111e-05 0.200000003 p1 24896 8
892 14467516 m2 977255 -0.000189427141 0.200000003 p1 24908 8
3446 14467517 m2 3884495 -1.19708055e-09 0.200000003 p1 24908 8
2969 14468784 m2 3367849 -7.95287488e-05 0.200000003 p1 24911 8
2518 14469721 m2 2845901 -0.000538041932 0.200000003 p1 24913 8
1132 14471330 m2 1228437 -1.15425053e-06 0.200000003 p1 24917 8
569 14473442 m2 616862 -0.00514675817 0.200000003 p1 24923 8
1839 14474474 m2 2106152 -1.38716359e-05 0.200000003 p1 24925 8
2280 14476011 m2 2587827 -1.6106344e-06 0.200000003 p1 24929 8
1593 14488185 m2 1773356 -0.000713232788 0.200000003 p1 24958 8
937 14490347 m2 1027598 -6.56595556e-10 0.200000003 p1 24963 8
3919 14491722 m2 4418575 -0.00180892658 0.200000003 p1 24966 8
1365 14499279 m2 1503912 -2.65738613e-08 0.200000003 p1 24984 8
2008 14505321 m2 2294106 -1.60224289e-09 0.200000003 p1 24999 8
1832 14521438 m2 2096495 -0.0012181584 0.200000003 p1 25039 8
1181 14526414 m2 1289405 -2.38648845e-05 0.200000003 p1 25051 8
3144 14531201 m2 3559214 -5.50100376e-05 0.200000003 p1 25063 8
3620 14539390 m2 4086403 -0.000140090619 0.200000003 p1 25083 8
1172 14545854 m2 1269954 -0.000218873072 0.200000003 p1 25099 8
4325 14550224 m2 4898985 -1.51609402e-05 0.200000003 p1 25109 8
2959 14556938 m2 3356082 -1.82878523e-07 0.200000003 p1 25126 8
2840 14564478 m2 3242502 -2.98561282e-08 0.200000003 p1 25144 8
1775 14567489 m2 2013288 -3.25263477e-06 0.200000003 p1 25152 8
4146 14578117 m2 4704855 -1.16755148e-08 0.200000003 p1 25177 8
494 14587862 m2 534140 -0.00381469098 0.200000003 p1 25201 8
3474 14595194 m2 3910221 -3.94743038e-05 0.200000003 p1 25220 8
1156 14600043 m2 1252429 -2.65450296e-07 0.200000003 p1 25231 8
3665 14602798 m2 4163370 -0.000102723643 0.200000003 p1 25238 8
2423 14603538 m2 2750244 -4.33174282e-05 0.200000003 p1 25240 8
3286 14614284 m2 3702460 -2.21841697e-06 0.200000003 p1 25266 8
3614 14617744 m2 4078933 -1.26137129e-05 0.200000003 p1 25274 8
1471 14619796 m2 1650598 -3.28542911e-13 0.200000003 p1 25280 8
3936 14619923 m2 4440664 -0.000970748719 0.200000003 p1 25280 8
3348 14634158 m2 3769978 -0.000390664325 0.200000003 p1 25314 8
1766 14639423 m2 1997285 -0.00150543149 0.200000003 p1 25327 8
1788 14640019 m2 2041146 -2.18432724e-05 0.200000003 p1 25329 8
126 14644354 m2 139966 -0.000489704136 0.200000003 p1 25339 8
3459 14656997 m2 3899756 -0.000488313672 0.200000003 p1 25370 8
3884 14673183 m2 4376879 -5.25077849e-05 0.200000003 p1 25409 8
3732 14677203 m2 4229115 -0.000524934381 0.200000003 p1 25419 8
2277 14677439 m2 2582227 -2.81022567e-05 0.200000003 p1 25419 8
3795 14691113 m2 4300484 -0.0039136 0.200000003 p1 25453 8
1855 14703391 m2 2128608 -1.12704347e-05 0.200000003 p1 25484 8
3181 14707205 m2 3601870 -4.12615939e-14 0.200000003 p1 25494 8
1175 14708000 m2 1280264 -0.00209898734 0.200000003 p1 25496 8
2271 14708689 m2 2578351 -0.000550600758 0.200000003 p1 25497 8
665 14713035 m2 714167 -2.88837668e-07 0.200000003 p1 25508 8
4171 14716650 m2 4729858 -0.00459976727 0.200000003 p1 25517 8
59 14721470 m2 65415 -0.000104414677 0.200000003 p1 25529 8
1786 14726548 m2 2034585 -4.84694792e-05 0.200000003 p1 25541 8
3350 14744207 m2 3774060 -3.80207936e-08 0.200000003 p1 25584 8
3234 14755453 m2 3647414 -3.34099592e-09 0.200000003 p1 25612 8
2124 14758118 m2 2434762 -9.0765061e-05 0.200000003 p1 25619 8
3259 14758599 m2 3672171 -1.40808525e-05 0.200000003 p1 25620 8
1215 14764662 m2 1329446 -2.59730609e-06 0.200000003 p1 25635 8
3408 14770428 m2 3836710 -1.04618439e-05 0.200000003 p1 25649 8
2349 14772574 m2 2665323 -0.000834254664 0.200000003 p1 25654 8
3837 14781656 m2 4339161 -0.000562124478 0.200000003 p1 25676 8
3042 14786791 m2 3445964 -0.00182253064 0.200000003 p1 25688 8
4055 14792762 m2 4592823 -1.4121304e-05 0.200000003 p1 25703 8
77 14797148 m2 82461 -0.00175020844 0.200000003 p1 25714 8
2415 14797265 m2 2746947 -0.00111610664 0.200000003 p1 25714 8
4094 14799341 m2 4636334 -0.00268442021 0.200000003 p1 25719 8
1694 14801074 m2 1898722 -0.00412408169 0.200000003 p1 25723 8
89 14804228 m2 98804 -0.000885896094 0.200000003 p1 25731 8
3738 14806053 m2 4234630 -9.59980898e-05 0.200000003 p1 25736 8
3033 14812654 m2 3439824 -0.00085750554 0.200000003 p1 25753 8
2628 14813294 m2 2978651 -5.09690734e-10 0.200000003 p1 25754 8
134 14814525 m2 146274 -0.000141251105 0.200000003 p1 25757 8
3525 14815105 m2 3976086 -5.28574456e-05 0.200000003 p1 25759 8
1072 14816536 m2 1160233 -0.000665921369 0.200000003 p1 25762 8
3846 14820273 m2 4347632 -0.000781237497 0.200000003 p1 25772 8
3191 14821608 m2 3608387 -6.0207185e-06 0.200000003 p1 25775 8
2157 14826170 m2 2469445 -0.0022135973 0.200000003 p1 25787 8
2567 14828225 m2 2895108 -4.84910997e-05 0.200000003 p1 25792 8
2408 14829332 m2 2733201 -0.000795619213 0.200000003 p1 25795 8
3235 14831914 m2 3648356 -4.02736759e-06 0.200000003 p1 25802 8
1705 14832615 m2 1915263 -3.11881195e-07 0.200000003 p1 25804 8
2702 14833930 m2 3074768 -0.00126567285 0.200000003 p1 25807 8
4241 14836641 m2 4802671 -3.74020055e-05 0.200000003 p1 25814 8
2521 14838198 m2 2849880 -3.75431009e-05 0.200000003 p1 25818 8
4407 14839734 m2 4994469 -3.64482585e-05 0.200000003 p1 25822 8
95 14841808 m2 104505 -0.000465782883 0.200000003 p1 25827 8
365 14844359 m2 405009 -8.72273461e-07 0.200000003 p1 25833 8
1089 14844893 m2 1180193 -1.43276554e-06 0.200000003 p1 25835 8
4045 14850077 m2 4585708 -1.32837986e-05 0.200000003 p1 25847 8
80 14852072 m2 84898 -0.000696862116 0.200000003 p1 25852 8
2115 14853418 m2 2425932 -6.7382578e-05 0.200000003 p1 25856 8
2783 14857193 m2 3157899 -0.000642894767 0.200000003 p1 25865 8
2535 14862597 m2 2865043 -5.12652946e-07 0.200000003 p1 25879 8
3877 14872499 m2 4372192 -0.000210707105 0.200000003 p1 25905 8
1280 14875174 m2 1403372 -6.53091138e-06 0.200000003 p1 25912 8
1563 14887933 m2 1741162 -3.59253354e-05 0.200000003 p1 25944 8
421 14901257 m2 460595 -0.00299522467 0.200000003 p1 25977 8
1879 14908577 m2 2152947 -2.47592789e-06 0.200000003 p1 25995 8
938 14913586 m2 1029974 -0.000316357502 0.200000003 p1 26008 8
2147 14922626 m2 2459653 -4.62195794e-06 0.200000003 p1 26030 8
1092 14922804 m2 1182932 -0.00369921885 0.200000003 p1 26031 8
3416 14932600 m2 3850316 -0.000994486269 0.200000003 p1 26056 8
969 14941441 m2 1058244 -0.00103597972 0.200000003 p1 26077 8
2713 14945353 m2 3085064 -0.000146499937 0.200000003 p1 26088 8
1834 14945712 m2 2098158 -0.00040461414 0.200000003 p1 26089 8
3892 14954860 m2 4384448 -0.000992912799 0.200000003 p1 26112 8
2054 14955777 m2 2348302 -5.51800767e-05 0.200000003 p1 26114 8
484 14961331 m2 519294 -1.66931877e-05 0.200000003 p1 26129 8
2768 14965976 m2 3141360 -0.000606031797 0.200000003 p1 26141 8
1645 14973686 m2 1830300 -0.000508288329 0.200000003 p1 26160 8
2683 14973803 m2 3044625 -0.000335772667 0.200000003 p1 26161 8
906 14977141 m2 989682 -0.000554889441 0.200000003 p1 26169 8
566 14982614 m2 616358 -9.29915132e-06 0.200000003 p1 26183 8
192 14984493 m2 219939 -4.50497419e-06 0.200000003 p1 26188 8
2230 15011897 m2 2536569 -9.54775743e-08 0.200000003 p1 26256 8
347 15014923 m2 383324 -7.64761062e-05 0.200000003 p1 26264 8
924 15018883 m2 1006996 -1.04684523e-05 0.200000003 p1 26274 8
3031 15032295 m2 3435479 -5.12698625e-06 0.200000003 p1 26309 8
2722 15037778 m2 3101201 -0.000830681063 0.200000003 p1 26323 8
1818 15038406 m2 2084599 -0.000225474665 0.200000003 p1 26324 8
2525 15043492 m2 2851814 -0.000288313546 0.200000003 p1 26337 8
1967 15049759 m2 2242795 -0.00048171659 0.200000003 p1 26353 8
653 15053895 m2 698736 -1.72283635e-05 0.200000003 p1 26364 8
2600 15054990 m2 2943553 -3.13334425e-09 0.200000003 p1 26367 8
272 15056340 m2 298380 -2.60807901e-05 0.200000003 p1 26370 8
558 15060901 m2 604580 -1.31847983e-05 0.200000003 p1 26382 8
3847 15063133 m2 4347818 -1.17552656e-06 0.200000003 p1 26388 8
2890 15063383 m2 3286059 -2.00434692e-06 0.200000003 p1 26389 8
3271 15072090 m2 3683883 -0.000989109976 0.200000003 p1 26412 8
1764 15080751 m2 1995241 -0.000286845636 0.200000003 p1 26434 8
1316 15088034 m2 1453468 -1.56235528e-05 0.200000003 p1 26454 8
3930 15094644 m2 4432461 -0.000321918196 0.200000003 p1 26471 8
2539 15098492 m2 2868530 -8.13815362e-08 0.200000003 p1 26481 8
2047 15100897 m2 2341195 -3.56666133e-05 0.200000003 p1 26487 8
2873 15105802 m2 3274302 -2.90009319e-11 0.200000003 p1 26499 8
1426 15109402 m2 1588467 -0.00366715784 0.200000003 p1 26509 8
3999 15116366 m2 4515368 -1.04761455e-07 0.200000003 p1 26527 8
2167 15126915 m2 2481049 -3.94544752e-09 0.200000003 p1 26555 8
4348 15137791 m2 4933909 -0.000589048257 0.200000003 p1 26584 8
2626 15138522 m2 2975715 -0.00143783691 0.200000003 p1 26586 8
2856 15144532 m2 3258497 -9.39250167e-05 0.200000003 p1 26602 8
666 15147554 m2 715494 -0.00051118416 0.200000003 p1 26609 8
314 15150816 m2 347013 -7.32880835e-07 0.200000003 p1 26618 8
3743 15152899 m2 4236792 -1.33979329e-05 0.200000003 p1 26623 8
3023 15156193 m2 3429896 -2.43860613e-05 0.200000003 p1 26632 8
279 15158378 m2 304416 -1.41177478e-11 0.200000003 p1 26637 8
4218 15159229 m2 4773120 -0.00531020062 0.200000003 p1 26639 8
3085 15172871 m2 3487816 -1.87325668e-07 0.200000003 p1 26675 8
3845 15175322 m2 4346643 -1.50992264e-06 0.200000003 p1 26681 8
197 15178066 m2 227217 -8.31756097e-06 0.200000003 p1 26688 8
3321 15178778 m2 3742805 -0.00171925081 0.200000003 p1 26690 8
4273 15181134 m2 4849089 -0.00200055121 0.200000003 p1 26697 8
3888 15181733 m2 4379309 -3.4114044e-05 0.200000003 p1 26698 8
701 15183291 m2 752438 -0.000660514692 0.200000003 p1 26702 8
183 15183727 m2 202778 -0.0010058867 0.200000003 p1 26703 8
4139 15183776 m2 4697352 -1.69664727e-08 0.200000003 p1 26704 8
3128 15191002 m2 3541867 -1.37448196e-05 0.200000003 p1 26722 8
3391 15193821 m2 3811187 -0.000213837469 0.200000003 p1 26729 8
741 15208373 m2 810224 -7.31761902e-05 0.200000003 p1 26767 8
3880 15210179 m2 4375004 -6.86671819e-06 0.200000003 p1 26772 8
3156 15219070 m2 3569738 -0.00335285626 0.200000003 p1 26794 8
691 15224116 m2 741076 -6.27435338e-06 0.200000003 p1 26808 8
4085 15230815 m2 4625010 -0.00315260375 0.200000003 p1 26825 8
4005 15231499 m2 4519218 -3.57679564e-05 0.200000003 p1 26827 8
3168 15239320 m2 3584142 -0.000185988596 0.200000003 p1 26848 8
1702 15241014 m2 1912526 -2.59409285e-06 0.200000003 p1 26852 8
748 15245921 m2 815523 -0.00498604542 0.200000003 p1 26865 8
2756 15246798 m2 3131498 -1.6407319e-05 0.200000003 p1 26867 8
2787 15253976 m2 3162959 -5.2271509e-05 0.200000003 p1 26886 8
1607 15261989 m2 1791028 -0.000228986391 0.200000003 p1 26907 8
2905 15266031 m2 3300570 -6.9921241e-10 0.200000003 p1 26918 8
2318 15268921 m2 2628355 -8.42137581e-07 0.200000003 p1 26925 8
1406 15272433 m2 1573387 -3.27885573e-06 0.200000003 p1 26934 8
824 15273102 m2 898970 -5.07964614e-06 0.200000003 p1 26936 8
3803 15287035 m2 4307973 -0.000840185443 0.200000003 p1 26972 8
2906 15287699 m2 3301226 -0.000143297279 0.200000003 p1 26974 8
2777 15293272 m2 3148474 -0.000346734363 0.200000003 p1 26989 8
3099 15296269 m2 3508044 -0.000128500251 0.200000003 p1 26996 8
4354 15296345 m2 4942928 -0.000523471739 0.200000003 p1 26997 8
4160 15309633 m2 4718163 -7.60905968e-05 0.200000003 p1 27031 8
1953 15309635 m2 2226957 -8.19832792e-07 0.200000003 p1 27031 8
3636 15317806 m2 4106098 -8.77692727e-08 0.200000003 p1 27053 8
2267 15323444 m2 2573342 -0.000741638069 0.200000003 p1 27068 8
1338 15340147 m2 1471441 -3.98671818e-06 0.200000003 p1 27113 8
2097 15343350 m2 2403117 -0.000413672213 0.200000003 p1 27121 8
3185 15346876 m2 3602259 -8.05608288e-05 0.200000003 p1 27131 8
1270 15349500 m2 1386299 -3.97437325e-05 0.200000003 p1 27138 8
1763 15350563 m2 1994388 -8.32154274e-06 0.200000003 p1 27141 8
3340 15354987 m2 3762519 -2.04992957e-05 0.200000003 p1 27153 8
3785 15356778 m2 4282496 -9.06725836e-05 0.200000003 p1 27158 8
3057 15360583 m2 3463899 -2.84806574e-05 0.200000003 p1 27168 8
3402 15367889 m2 3828297 -3.17381746e-05 0.200000003 p1 27188 8
4032 15372992 m2 4552231 -1.14375531e-07 0.200000003 p1 27202 8
3924 15380993 m2 4424180 -1.59737112e-10 0.200000003 p1 27223 8
2128 15392767 m2 2441566 -2.44886489e-09 0.200000003 p1 27255 8
695 15396636 m2 747524 -9.60908295e-08 0.200000003 p1 27265 8
3192 15401812 m2 3608692 -4.05053215e-05 0.200000003 p1 27278 8
4130 15402326 m2 4686338 -0.000179416646 0.200000003 p1 27280 8
1564 15409414 m2 1741761 -3.01232506e-09 0.200000003 p1 27298 8
3750 15410646 m2 4243961 -2.22552018e-07 0.200000003 p1 27302 8
2585 15412246 m2 2919931 -0.00231072214 0.200000003 p1 27306 8
4118 15412865 m2 4678604 -0.000117255076 0.200000003 p1 27307 8
2492 15415582 m2 2819255 -2.31064096e-05 0.200000003 p1 27314 8
2346 15419207 m2 2659284 -1.0923541e-09 0.200000003 p1 27324 8
1314 15420620 m2 1449092 -8.13790684e-05 0.200000003 p1 27328 8
1698 15425038 m2 1905381 -0.00561489537 0.200000003 p1 27339 8
3754 15425255 m2 4250076 -0.000563233276 0.200000003 p1 27340 8
1224 15426090 m2 1339591 -0.00070381281 0.200000003 p1 27342 8
1252 15426208 m2 1371522 -2.8779931e-07 0.200000003 p1 27342 8
250 15432616 m2 281819 -0.000253955834 0.200000003 p1 27359 8
4013 15432864 m2 4530109 -1.99974311e-05 0.200000003 p1 27360 8
2162 15442343 m2 2471360 -4.98598092e-06 0.200000003 p1 27385 8
729 15451964 m2 791891 -0.000502405455 0.200000003 p1 27411 8
3982 15461542 m2 4495579 -6.10475327e-05 0.200000003 p1 27437 8
1431 15464501 m2 1593878 -5.13829e-05 0.200000003 p1 27445 8
374 15470693 m2 417611 -2.58922701e-05 0.200000003 p1 27462 8
4375 15481774 m2 4963955 -3.60017066e-06 0.200000003 p1 27492 8
3060 15481857 m2 3466135 -0.0001803833 0.200000003 p1 27492 8
2761 15482710 m2 3136413 -4.39238356e-05 0.200000003 p1 27494 8
1052 15484565 m2 1133228 -4.69134511e-06 0.200000003 p1 27499 8
2452 15487098 m2 2780558 -0.0016417033 0.200000003 p1 27506 8
664 15494178 m2 711095 -7.49004248e-05 0.200000003 p1 27525 8
515 15501844 m2 550775 -5.33117927e-05 0.200000003 p1 27546 8
2235 15513326 m2 2539125 -0.000530380988 0.200000003 p1 27576 8
2985 15514614 m2 3391134 -1.0039701e-05 0.200000003 p1 27580 8
1537 15514960 m2 1714877 -0.00121968472 0.200000003 p1 27581 8
946 15516308 m2 1036966 -9.69888845e-08 0.200000003 p1 27584 8
3248 15520213 m2 3662628 -0.00368933124 0.200000003 p1 27595 8
1653 15528854 m2 1835689 -3.41585888e-08 0.200000003 p1 27618 8
603 15531704 m2 651656 -1.17268598e-06 0.200000003 p1 27626 8
1842 15537874 m2 2113224 -1.28644233e-05 0.200000003 p1 27642 8
4409 15538333 m2 4995647 -3.47309875e-10 0.200000003 p1 27643 8
1635 15539328 m2 1820011 -0.00170006661 0.200000003 p1 27646 8
2024 15542871 m2 2312955 -1.72875062e-07 0.200000003 p1 27655 8
4193 15544862 m2 4743373 -2.71511702e-09 0.200000003 p1 27660 8
2403 15553840 m2 2727765 -0.000720831391 0.200000003 p1 27684 8
2962 15564861 m2 3360589 -8.08533878e-05 0.200000003 p1 27713 8
6 15568706 m2 6347 -2.67452123e-07 0.200000003 p1 27723 8
3766 15570612 m2 4265285 -8.66976006e-06 0.200000003 p1 27729 8
4392 15573212 m2 4986746 -0.000530491117 0.200000003 p1 27736 8
443 15575441 m2 478947 -2.17936918e-06 0.200000003 p1 27741 8
3488 15583582 m2 3936430 -1.86798798e-06 0.200000003 p1 27764 8
3983 15583834 m2 4497388 -0.00116166053 0.200000003 p1 27764 8
4270 15587345 m2 4844863 -1.43823945e-05 0.200000003 p1 27774 8
4232 15591318 m2 4783753 -4.77982503e-05 0.200000003 p1 27785 8
3825 15595897 m2 4329767 -0.00128449639 0.200000003 p1 27797 8
4173 15600565 m2 4730749 -0.000614222372 0.200000003 p1 27810 8
745 15603218 m2 813300 -5.876258e-05 0.200000003 p1 27817 8
2808 15604069 m2 3194762 -1.6698246e-07 0.200000003 p1 27820 8
2123 15612716 m2 2431992 -4.16230772e-10 0.200000003 p1 27843 8
3810 15616467 m2 4314509 -6.65070038e-05 0.200000003 p1 27853 8
2226 15618760 m2 2531931 -0.000577196362 0.200000003 p1 27860 8
3681 15619674 m2 4178815 -9.45114007e-05 0.200000003 p1 27862 8
3467 15619717 m2 3906695 -2.21362981e-07 0.200000003 p1 27862 8
2820 15620265 m2 3222247 -1.27721148e-06 0.200000003 p1 27864 8
1318 15620805 m2 1455562 -7.45593061e-05 0.200000003 p1 27865 8
2977 15623941 m2 3381964 -0.000170189975 0.200000003 p1 27874 8
3862 15624336 m2 4358901 -0.00169670279 0.200000003 p1 27875 8
954 15625422 m2 1043489 -0.00192133954 0.200000003 p1 27878 8
1559 15626019 m2 1738529 -1.02164895e-05 0.200000003 p1 27880 8
833 15626243 m2 906277 -0.00177881389 0.200000003 p1 27880 8
524 15629563 m2 554980 -1.27139452e-10 0.200000003 p1 27889 8
2117 15630887 m2 2428953 -0.000121168188 0.200000003 p1 27893 8
785 15638391 m2 855619 -0.00390125113 0.200000003 p1 27913 8
3765 15640471 m2 4260375 -4.85658529e-05 0.200000003 p1 27918 8
1861 15641700 m2 2133629 -0.000126451501 0.200000003 p1 27922 8
2206 15643747 m2 2510803 -0.000268220145 0.200000003 p1 27927 8
3593 15653645 m2 4059040 -0.00041543378 0.200000003 p1 27955 8
876 15658698 m2 957161 -0.00019444972 0.200000003 p1 27969 8
3180 15659092 m2 3601433 -0.00108764786 0.200000003 p1 27970 8
4411 15660938 m2 4996895 -0.000146855047 0.200000003 p1 27975 8
775 15663407 m2 844030 -2.31247577e-06 0.200000003 p1 27982 8
3034 15666882 m2 3440087 -0.000135469716 0.200000003 p1 27992 8
4049 15667339 m2 4587498 -0.000717510993 0.200000003 p1 27993 8
2703 15670893 m2 3074949 -0.00152341393 0.200000003 p1 28003 8
1124 15672775 m2 1215450 -0.00420276867 0.200000003 p1 28009 8
851 15688608 m2 923984 -1.28083029e-05 0.200000003 p1 28053 8
2239 15689125 m2 2541761 -0.0019552852 0.200000003 p1 28054 8
1647 15690711 m2 1832445 -0.000315283862 0.200000003 p1 28059 8
644 15695425 m2 687955 -1.75676966e-08 0.200000003 p1 28072 8
597 15718438 m2 646659 -0.0001431438 0.200000003 p1 28135 8
1474 15719087 m2 1652631 -1.37872594e-05 0.200000003 p1 28137 8
1137 15727720 m2 1236625 -0.00240853988 0.200000003 p1 28161 8
381 15728898 m2 425438 -3.02044759e-06 0.200000003 p1 28165 8
3430 15738759 m2 3864577 -1.7403197e-06 0.200000003 p1 28193 8
1196 15738793 m2 1305458 -6.26705287e-07 0.200000003 p1 28193 8
830 15739768 m2 904978 -7.59925842e-06 0.200000003 p1 28195 8
3260 15741955 m2 3673147 -0.00216765585 0.200000003 p1 28201 8
3244 15746792 m2 3657835 -1.74919368e-08 0.200000003 p1 28214 8
2752 15756888 m2 3126642 -0.000499316433 0.200000003 p1 28241 8
1036 15758361 m2 1123513 -2.30758587e-06 0.200000003 p1 28246 8
1544 15767772 m2 1721831 -0.000978643424 0.200000003 p1 28271 8
2655 15769346 m2 3007466 -2.85684507e-08 0.200000003 p1 28275 8
552 15771460 m2 592738 -0.00109875237 0.200000003 p1 28281 8
3591 15775328 m2 4058831 -0.000804915966 0.200000003 p1 28292 8
61 15775997 m2 67428 -5.39714028e-06 0.200000003 p1 28294 8
4111 15779059 m2 4663970 -0.000521892565 0.200000003 p1 28302 8
1721 15782450 m2 1940298 -0.00295742694 0.200000003 p1 28311 8
1064 15783318 m2 1152711 -0.000118056167 0.200000003 p1 28313 8
2502 15783405 m2 2825811 -9.29847577e-09 0.200000003 p1 28314 8
1916 15789694 m2 2185741 -0.00223355903 0.200000003 p1 28331 8
875 15791309 m2 956813 -0.000119806282 0.200000003 p1 28335 8
3242 15797966 m2 3652365 -5.78474392e-05 0.200000003 p1 28354 8
1163 15803067 m2 1259888 -7.44120771e-05 0.200000003 p1 28368 8
2396 15810605 m2 2717191 -3.09857728e-06 0.200000003 p1 28388 8
2112 15815875 m2 2422905 -9.93613212e-05 0.200000003 p1 28402 8
1681 15819723 m2 1883306 -0.000436238304 0.200000003 p1 28413 8
1350 15836176 m2 1486138 -0.00104344392 0.200000003 p1 28458 8
1433 15836565 m2 1594757 -1.40185148e-06 0.200000003 p1 28459 8
2853 15838044 m2 3253419 -3.3813792e-11 0.200000003 p1 28463 8
1817 15849799 m2 2083400 -1.13299166e-08 0.200000003 p1 28495 8
2937 15851603 m2 3327629 -2.44063784e-07 0.200000003 p1 28500 8
378 15853762 m2 420487 -1.0124777e-06 0.200000003 p1 28506 8
975 15859922 m2 1061004 -9.62352933e-05 0.200000003 p1 28523 8
3605 15862851 m2 4068197 -1.79145245e-05 0.200000003 p1 28532 8
3007 15869582 m2 3416204 -0.00168743264 0.200000003 p1 28550 8
4116 15873113 m2 4675480 -0.000500853814 0.200000003 p1 28560 8
3865 15882004 m2 4362455 -0.000147880841 0.200000003 p1 28585 8
312 15886388 m2 345260 -0.000617627869 0.200000003 p1 28596 8
1689 15888878 m2 1892942 -1.32659252e-07 0.200000003 p1 28603 8
3061 15890696 m2 3466317 -4.72068568e-05 0.200000003 p1 28609 8
860 15891261 m2 936608 -6.17089754e-05 0.200000003 p1 28610 8
3555 15894132 m2 4017472 -0.000519364025 0.200000003 p1 28618 8
3915 15897134 m2 4410768 -3.14644749e-05 0.200000003 p1 28626 8
2018 15900833 m2 2309290 -0.000313202647 0.200000003 p1 28637 8
380 15901692 m2 421725 -9.16118152e-05 0.200000003 p1 28639 8
2200 15908675 m2 2507871 -2.23679144e-05 0.200000003 p1 28659 8
676 15910649 m2 722453 -0.000121694997 0.200000003 p1 28665 8
2963 15912321 m2 3361276 -0.000319372281 0.200000003 p1 28670 8
3076 15912437 m2 3479011 -0.00211185636 0.200000003 p1 28670 8
269 15914298 m2 296775 -4.48004721e-05 0.200000003 p1 28675 8
2699 15937683 m2 3071655 -2.67166547e-06 0.200000003 p1 28741 8
1317 15937828 m2 1453760 -0.000511999067 0.200000003 p1 28742 8
3706 15940144 m2 4203937 -0.000671009824 0.200000003 p1 28748 8
1569 15947801 m2 1750234 -1.01282967e-06 0.200000003 p1 28770 8
3981 15949970 m2 4494844 -9.64677611e-07 0.200000003 p1 28776 8
1793 15958338 m2 2048382 -1.21932644e-07 0.200000003 p1 28800 8
646 15965624 m2 689556 -5.25409893e-09 0.200000003 p1 28821 8
1120 15965634 m2 1210676 -3.75294817e-09 0.200000003 p1 28821 8
1098 15972579 m2 1189752 -5.57203293e-06 0.200000003 p1 28841 8
2119 15973240 m2 2430144 -3.36092053e-05 0.200000003 p1 28843 8
4042 15978144 m2 4581670 -1.59357933e-06 0.200000003 p1 28858 8
3914 15982988 m2 4410345 -7.81019753e-06 0.200000003 p1 28872 8
736 15983097 m2 805847 -3.56989034e-08 0.200000003 p1 28872 8
3838 15984991 m2 4341405 -0.000412311521 0.200000003 p1 28878 8
1135 15990494 m2 1234585 -4.33235027e-06 0.200000003 p1 28894 8
1077 15991722 m2 1165190 -8.58233543e-05 0.200000003 p1 28897 8
1067 15994381 m2 1157977 -4.2167e-18 0.200000003 p1 28905 8
2915 15997869 m2 3313139 -4.17022829e-06 0.200000003 p1 28915 8
2263 16004500 m2 2568357 -7.36642833e-05 0.200000003 p1 28934 8
951 16007310 m2 1040640 -0.000613643904 0.200000003 p1 28942 8
214 16007630 m2 244867 -0.000270912307 0.200000003 p1 28943 8
3429 16007998 m2 3864063 -0.000152759283 0.200000003 p1 28944 8
490 16011084 m2 527446 -5.94794001e-05 0.200000003 p1 28953 8
3777 16015463 m2 4276072 -6.1149882e-07 0.200000003 p1 28966 8
583 16018702 m2 633439 -5.13639643e-20 0.200000003 p1 28975 8
829 16019700 m2 903084 -0.000485151773 0.200000003 p1 28978 8
1905 16020486 m2 2178164 -0.00234954711 0.200000003 p1 28981 8
1539 16026658 m2 1716258 -0.000113567265 0.200000003 p1 28999 8
423 16032122 m2 461917 -0.00167227804 0.200000003 p1 29014 8
1409 16045177 m2 1575682 -4.56830967e-05 0.200000003 p1 29052 8
4318 16045215 m3 4888659 0.0015641012 0.5 p1 29052 8
2161 16047513 m2 2471132 -0.0011406414 0.200000003 p1 29059 8
478 16047775 m2 510536 -7.4853604e-05 0.200000003 p1 29060 8
628 16049201 m2 674525 -9.25120531e-08 0.200000003 p1 29064 8
4265 16054953 m2 4840768 -0.000290642201 0.200000003 p1 29082 8
1655 16063679 m2 1837853 -1.58525651e-07 0.200000003 p1 29107 8
2907 16064283 m2 3301590 -0.000879669329 0.200000003 p1 29109 8
2586 16065006 m2 2920486 -1.20667517e-06 0.200000003 p1 29111 8
3095 16065349 m2 3505126 -8.73601493e-06 0.200000003 p1 29112 8
1512 16070489 m2 1693403 -0.000596673985 0.200000003 p1 29127 8
2573 16072671 m2 2902597 -0.000945177453 0.200000003 p1 29134 8
4000 16075506 m2 4516167 -0.000304750545 0.200000003 p1 29142 8
3753 16076549 m2 4248503 -0.000630927738 0.200000003 p1 29145 8
2910 16082110 m2 3305510 -8.83466419e-05 0.200000003 p1 29161 8
1757 16086855 m2 1986468 -0.00572506292 0.200000003 p1 29175 8
3428 16087503 m2 3863871 -0.000669910107 0.200000003 p1 29177 8
2958 16090540 m2 3355544 -0.000194647277 0.200000003 p1 29186 8
4387 16090935 m2 4977741 -8.31768503e-08 0.200000003 p1 29187 8
3537 16095016 m2 3992827 -1.47183357e-06 0.200000003 p1 29199 8
2940 16098157 m2 3331895 -0.00222988566 0.200000003 p1 29208 8
1079 16109137 m2 1166088 -0.000501302711 0.200000003 p1 29239 8
324 16109553 m2 359589 -4.22231415e-06 0.200000003 p1 29241 8
2712 16120274 m2 3082449 -0.000463558012 0.200000003 p1 29272 8
1852 16121276 m2 2126126 -6.19926652e-07 0.200000003 p1 29275 8
49 16124415 m2 55541 -6.06904769e-06 0.200000003 p1 29284 8
1926 16135523 m2 2194673 -0.000148287945 0.200000003 p1 29317 8
1186 16138711 m2 1297720 -9.90818361e-09 0.200000003 p1 29327 8
20 16139224 m2 20530 -0.000267928321 0.200000003 p1 29328 8
1526 16141374 m2 1701848 -3.05647927e-06 0.200000003 p1 29334 8
3370 16147942 m2 3790327 -1.42271494e-06 0.200000003 p1 29353 8
3484 16154121 m2 3930846 -3.30234262e-09 0.200000003 p1 29371 8
1465 16158321 m2 1632223 -1.13469696e-05 0.200000003 p1 29383 8
2373 16161001 m2 2684683 -0.00489221886 0.200000003 p1 29390 8
2591 16165456 m2 2930521 -3.24429711e-05 0.200000003 p1 29404 8
898 16175538 m2 980882 -0.000685659063 0.200000003 p1 29433 8
3291 16181104 m2 3706684 -1.13531132e-05 0.200000003 p1 29450 8
3122 16181234 m2 3533032 -4.25655761e-11 0.200000003 p1 29450 8
128 16182167 m2 144086 -1.65792044e-05 0.200000003 p1 29453 8
607 16184370 m2 655813 -0.00115635747 0.200000003 p1 29459 8
194 16184986 m2 222884 -5.7901417e-07 0.200000003 p1 29461 8
461 16192831 m2 495448 -6.60905053e-10 0.200000003 p1 29484 8
3378 16193541 m2 3795583 -8.71851171e-07 0.200000003 p1 29486 8
525 16195822 m2 555573 -0.000540797133 0.200000003 p1 29493 8
2807 16196720 m2 3193476 -0.000262777961 0.200000003 p1 29495 8
2379 16203720 m2 2694080 -0.00260292925 0.200000003 p1 29516 8
1810 16223019 m2 2072048 -1.32238611e-07 0.200000003 p1 29572 8
757 16228513 m2 823409 -0.00020900977 0.200000003 p1 29588 8
10 16232739 m2 9978 -0.000335815654 0.200000003 p1 29601 8
3150 16238039 m2 3565832 -1.79324067e-09 0.200000003 p1 29617 8
372 16238042 m2 413691 -0.000708052248 0.200000003 p1 29617 8
4381 16241962 m2 4972091 -0.000270951394 0.200000003 p1 29628 8
4366 16248846 m2 4954807 -1.26464585e-07 0.200000003 p1 29648 8
2232 16255883 m2 2537374 -6.3282946e-06 0.200000003 p1 29668 8
4305 16258315 m2 4879511 -3.57809513e-05 0.200000003 p1 29675 8
1509 16258596 m2 1691805 -0.000578986888 0.200000003 p1 29676 8
445 16259189 m2 485303 -6.29453862e-05 0.200000003 p1 29678 8
4159 16259253 m2 4718081 -0.000290149328 0.200000003 p1 29678 8
3298 16259378 m2 3718608 -3.488121e-05 0.200000003 p1 29679 8
2513 16260952 m2 2840778 -0.000154848516 0.200000003 p1 29683 8
185 16263442 m2 205583 -3.49979309e-05 0.200000003 p1 29691 8
2645 16269148 m2 2997132 -0.000493119995 0.200000003 p1 29707 8
3366 16273058 m2 3787853 -0.00367551809 0.200000003 p1 29719 8
1489 16275120 m2 1670435 -1.77879742e-11 0.200000003 p1 29725 8
2072 16277882 m2 2374938 -0.00219239923 0.200000003 p1 29733 8
1265 16278556 m2 1384392 -0.00142317393 0.200000003 p1 29735 8
39 16281072 m2 44305 -0.000610855641 0.200000003 p1 29743 8
2501 16281588 m2 2825415 -0.00021523326 0.200000003 p1 29744 8
348 16284462 m2 384744 -0.00171808747 0.200000003 p1 29753 8
3396 16286990 m2 3819165 -0.00127125147 0.200000003 p1 29760 8
2233 16290330 m2 2538379 -0.00138198386 0.200000003 p1 29771 8
575 16294268 m2 624996 -0.000378844357 0.200000003 p1 29782 8
806 16295930 m2 876486 -8.62152501e-06 0.200000003 p1 29787 8
3899 16296236 m2 4397316 -0.000212558167 0.200000003 p1 29788 8
1800 16299672 m2 2056053 -8.67216295e-05 0.200000003 p1 29799 8
2813 16310178 m2 3208945 -0.000676045718 0.200000003 p1 29831 8
2274 16312118 m2 2580853 -3.44602041e-10 0.200000003 p1 29837 8
1331 16312880 m2 1465805 -0.000703447789 0.200000003 p1 29839 8
2796 16317064 m2 3175515 -3.72166178e-05 0.200000003 p1 29851 8
1063 16318515 m2 1150044 -7.63722483e-07 0.200000003 p1 29856 8
43 16323833 m2 53122 -3.00679343e-11 0.200000003 p1 29872 8
2259 16324749 m2 2564359 -0.000496697961 0.200000003 p1 29874 8
812 16324915 m2 883542 -0.00160799769 0.200000003 p1 29875 8
2635 16326071 m2 2987695 -2.27225082e-05 0.200000003 p1 29878 8
2422 16328262 m2 2750206 -3.36381745e-05 0.200000003 p1 29885 8
1477 16328349 m2 1653412 -7.72103215e-12 0.200000003 p1 29885 8
3728 16335434 m2 4224458 -1.82409591e-11 0.200000003 p1 29906 8
2282 16337598 m2 2589392 -0.00162948517 0.200000003 p1 29912 8
3047 16343711 m2 3451872 -0.000930609822 0.200000003 p1 29930 8
1615 16344793 m2 1802661 -2.09215273e-07 0.200000003 p1 29934 8
3125 16347670 m2 3540371 -3.93333139e-05 0.200000003 p1 29942 8
4293 16348631 m2 4862753 -2.76411174e-05 0.200000003 p1 29945 8
4084 16355179 m2 4624652 -0.000557940337 0.200000003 p1 29964 8
3685 16356008 m2 4182787 -6.09561255e-08 0.200000003 p1 29967 8
4244 16364326 m2 4805442 -6.05964078e-06 0.200000003 p1 29991 8
1482 16367654 m2 1661678 -8.15613312e-05 0.200000003 p1 30001 8
2629 16371380 m2 2979375 -0.00125602761 0.200000003 p1 30012 8
3687 16371567 m2 4185442 -1.44367586e-05 0.200000003 p1 30013 8
3538 16384602 m2 3994489 -0.00110680249 0.200000003 p1 30053 8
2173 16386519 m2 2487727 -2.26789538e-07 0.200000003 p1 30058 8
1305 16399787 m2 1435030 -0.00052291766 0.200000003 p1 30096 8
3380 16401875 m2 3797360 -0.000361493294 0.200000003 p1 30102 8
111 16403998 m2 123045 -8.63837486e-05 0.200000003 p1 30109 8
936 16407284 m2 1026768 -0.000164947633 0.200000003 p1 30119 8
32 16410677 m2 34361 -1.45599559e-08 0.200000003 p1 30129 8
3511 16412810 m2 3957933 -0.000104822968 0.200000003 p1 30135 8
3229 16413228 m2 3644019 -1.33888562e-07 0.200000003 p1 30137 8
2328 16415851 m2 2637962 -7.64123251e-06 0.200000003 p1 30144 8
1784 16416614 m2 2032488 -9.44880867e-08 0.200000003 p1 30147 8
72 16421231 m2 78113 -0.000167211765 0.200000003 p1 30161 8
1560 16423096 m2 1739319 -0.000139355281 0.200000003 p1 30166 8
3629 16423146 m2 4099529 -0.000642906409 0.200000003 p1 30167 8
2656 16436145 m2 3007482 -0.000892601674 0.200000003 p1 30206 8
1618 16437536 m2 1803739 -0.000397113821 0.200000003 p1 30210 8
788 16438553 m2 861102 -2.85916268e-09 0.200000003 p1 30213 8
2080 16441775 m2 2380830 -0.00284539023 0.200000003 p1 30224 8
3174 16443885 m2 3590911 -0.00418291474 0.200000003 p1 30230 8
4122 16444546 m2 4682584 -0.00370815257 0.200000003 p1 30232 8
1050 16445628 m2 1131361 -0.000294938014 0.200000003 p1 30235 8
4256 16449918 m2 4827600 -0.000117363204 0.200000003 p1 30249 8
2779 16451875 m2 3150106 -0.00174338801 0.200000003 p1 30255 8
245 16473680 m2 277821 -1.40861675e-05 0.200000003 p1 30322 8
1069 16478287 m2 1158666 -0.000213230451 0.200000003 p1 30337 8
1118 16478466 m2 1209696 -0.000189994476 0.200000003 p1 30337 8
3859 16480807 m2 4357966 -0.000143225276 0.200000003 p1 30344 8
3608 16481400 m2 4072014 -0.000128518601 0.200000003 p1 30346 8
3439 16482462 m2 3875252 -0.00021216381 0.200000003 p1 30350 8
2089 16483941 m2 2392416 -0.000463600125 0.200000003 p1 30354 8
3297 16484909 m2 3717935 -0.000115977396 0.200000003 p1 30357 8
1712 16486216 m2 1925622 -1.84792001e-13 0.200000003 p1 30361 8
527 16486392 m2 557159 -0.000162846292 0.200000003 p1 30362 8
136 16492303 m2 147769 -2.46016008e-09 0.200000003 p1 30380 8
3623 16496022 m2 4091036 -1.79877031e-06 0.200000003 p1 30392 8
572 16501718 m2 621313 -1.33734757e-05 0.200000003 p1 30409 8
636 16504383 m2 681626 -0.00240479154 0.200000003 p1 30418 8
2849 16509575 m2 3248557 -8.59308329e-06 0.200000003 p1 30434 8
962 16515578 m2 1055272 -1.35162472e-05 0.200000003 p1 30452 8
1277 16517992 m2 1399055 -0.000268333213 0.200000003 p1 30460 8
3273 16521110 m2 3687700 -3.28015104e-09 0.200000003 p1 30469 8
2071 16525464 m2 2371520 -1.74089309e-05 0.200000003 p1 30483 8
3312 16527281 m2 3730141 -0.000147245635 0.200000003 p1 30488 8
3655 16531079 m2 4146119 -0.000154727677 0.200000003 p1 30500 8
3848 16531355 m2 4348654 -0.0013409208 0.200000003 p1 30501 8
3747 16534362 m2 4241405 -0.000127243227 0.200000003 p1 30510 8
2407 16534421 m2 2732991 -2.93521589e-05 0.200000003 p1 30510 8
3724 16542706 m2 4220538 -9.99922577e-07 0.200000003 p1 30536 8
506 16547323 m2 545824 -0.00218320964 0.200000003 p1 30550 8
313 16551206 m2 346642 -3.81675858e-10 0.200000003 p1 30562 8
2101 16556335 m2 2405849 -0.000470013299 0.200000003 p1 30578 8
2348 16564607 m2 2660075 -0.00160759955 0.200000003 p1 30603 8
4230 16570444 m2 4782073 -9.85299484e-05 0.200000003 p1 30621 8
1927 16570812 m2 2195289 -0.000180122064 0.200000003 p1 30622 8
2378 16577579 m2 2689333 -4.38019829e-11 0.200000003 p1 30644 8
3073 16583839 m2 3476737 -3.40987681e-05 0.200000003 p1 30663 8
4201 16586480 m2 4755431 -0.000358644873 0.200000003 p1 30671 8
983 16586807 m2 1063904 -8.24926065e-14 0.200000003 p1 30672 8
3653 16588284 m2 4138842 -3.86885185e-05 0.200000003 p1 30677 8
1171 16589562 m2 1269663 -1.09093197e-08 0.200000003 p1 30681 8
2579 16598406 m2 2909837 -0.00065559271 0.200000003 p1 30709 8
2437 16604980 m2 2760368 -0.000223932308 0.200000003 p1 30729 8
706 16605537 m2 755350 -0.000481762108 0.200000003 p1 30731 8
2012 16608379 m2 2298105 -0.00292094448 0.200000003 p1 30740 8
1992 16616098 m2 2269162 -2.70614782e-05 0.200000003 p1 30764 8
2394 16617433 m2 2709488 -2.76557387e-07 0.200000003 p1 30768 8
2726 16625709 m2 3104677 -2.39954858e-07 0.200000003 p1 30795 8
253 16626613 m2 283317 -0.000204908225 0.200000003 p1 30798 8
834 16627546 m2 906359 -1.66268837e-05 0.200000003 p1 30800 8
1836 16630832 m2 2101205 -0.000774830056 0.200000003 p1 30811 8
2469 16631871 m2 2795286 -0.00025791931 0.200000003 p1 30814 8
4217 16634502 m2 4770934 -0.000156399008 0.200000003 p1 30822 8
2390 16635594 m2 2705843 -4.70955046e-12 0.200000003 p1 30825 8
2632 16638111 m2 2981748 -0.000597247621 0.200000003 p1 30833 8
1515 16641193 m2 1698208 -0.00025846163 0.200000003 p1 30843 8
1297 16641886 m2 1420751 -0.000130101296 0.200000003 p1 30845 8
2158 16672233 m2 2469578 -0.000153476532 0.200000003 p1 30938 8
2351 16673531 m2 2666122 -0.000265136332 0.200000003 p1 30942 8
1065 16677162 m2 1155608 -0.000786849589 0.200000003 p1 30954 8
2440 16677977 m2 2763512 -0.00130976259 0.200000003 p1 30956 8
717 16678810 m2 778435 -0.00032593307 0.200000003 p1 30959 8
533 16681000 m2 562701 -0.00175438565 0.200000003 p1 30966 8
2069 16685723 m2 2368608 -5.64473703e-06 0.200000003 p1 30980 8
4091 16686758 m2 4631804 -3.1781733e-06 0.200000003 p1 30984 8
3769 16694116 m2 4269354 -2.59541655e-09 0.200000003 p1 31007 8
2964 16697827 m2 3363507 -9.1501006e-06 0.200000003 p1 31019 8
2766 16704012 m2 3141199 -0.000305089517 0.200000003 p1 31039 8
4124 16706475 m2 4683399 -1.55889556e-05 0.200000003 p1 31047 8
121 16706562 m2 136816 -0.000369856076 0.200000003 p1 31048 8
1074 16709052 m2 1161432 -0.000196723631 0.200000003 p1 31056 8
1346 16709199 m2 1479039 -0.000388838205 0.200000003 p1 31056 8
1456 16710439 m2 1617736 -1.7364348e-06 0.200000003 p1 31060 8
2253 16710487 m2 2555017 -0.00122651923 0.200000003 p1 31060 8
2527 16710794 m2 2854998 -6.7319833e-10 0.200000003 p1 31061 8
505 16711461 m2 545664 -5.86006672e-06 0.200000003 p1 31063 8
4014 16715325 m2 4530348 -0.00203493284 0.200000003 p1 31076 8
2197 16716254 m2 2505736 -0.00221060636 0.200000003 p1 31079 8
749 16717967 m2 815863 -0.000676718308 0.200000003 p1 31084 8
869 16718451 m2 948761 -4.79149804e-08 0.200000003 p1 31086 8
3784 16718648 m2 4281933 -0.000168050232 0.200000003 p1 31086 8
361 16719576 m2 400345 -1.4863348e-05 0.200000003 p1 31089 8
1208 16729932 m2 1320038 -2.64497487e-07 0.200000003 p1 31122 8
3913 16730154 m2 4409644 -0.000120263248 0.200000003 p1 31123 8
2799 16736053 m2 3182208 -0.00241163676 0.200000003 p1 31142 8
2056 16737482 m2 2351633 -0.00103167526 0.200000003 p1 31147 8
3284 16739968 m2 3701072 -0.000549903081 0.200000003 p1 31154 8
3094 16748103 m2 3504013 -4.46300874e-06 0.200000003 p1 31180 8
2582 16748905 m2 2917070 -0.0020013093 0.200000003 p1 31183 8
1936 16754231 m2 2208391 -0.00173585198 0.200000003 p1 31201 8
722 16761040 m2 784256 -0.00108008855 0.200000003 p1 31223 8
1209 16762566 m2 1322505 -0.000774107233 0.200000003 p1 31228 8
4112 16765990 m2 4665183 -6.31076136e-06 0.200000003 p1 31239 8
3677 16767133 m2 4175089 -0.00793003198 0.200000003 p1 31242 8
140 16767791 m2 156746 -4.87787329e-05 0.200000003 p1 31245 8
3673 16768000 m2 4171212 -0.000844824943 0.200000003 p1 31245 8
557 16769301 m2 603507 -7.56448435e-06 0.200000003 p1 31250 8
4257 16769439 m2 4828697 -8.95021335e-10 0.200000003 p1 31250 8
3991 16771244 m2 4504165 -2.59246576e-06 0.200000003 p1 31256 8
164 16779527 m2 180052 -2.19687138e-07 0.200000003 p1 31283 8
4384 16786735 m2 4974670 -5.81029092e-09 0.200000003 p1 31306 8
2559 16788113 m2 2886895 -0.000425708597 0.200000003 p1 31310 8
3436 16788663 m2 3870297 -5.5715067e-05 0.200000003 p1 31312 8
2562 16791201 m2 2892070 -5.20349276e-05 0.200000003 p1 31320 8
2474 16792439 m2 2801786 -0.00230553281 0.200000003 p1 31325 8
235 16797324 m2 265911 -2.50813059e-07 0.200000003 p1 31340 8
4210 16797596 m2 4763514 -3.1272787e-08 0.200000003 p1 31341 8
229 16804804 m2 261105 -8.29923665e-05 0.200000003 p1 31365 8
780 16805810 m2 851811 -3.40946572e-05 0.200000003 p1 31368 8
2365 16808004 m2 2680594 -1.03438794e-07 0.200000003 p1 31375 8
2088 16808184 m2 2391582 -0.000255749706 0.200000003 p1 31376 8
3374 16813856 m2 3792054 -8.66132541e-06 0.200000003 p1 31394 8
961 16815132 m2 1054189 -0.000141839177 0.200000003 p1 31398 8
3934 16818187 m2 4436617 -7.4060921e-08 0.200000003 p1 31407 8
2126 16818328 m2 2438558 -0.000237480708 0.200000003 p1 31408 8
2636 16841597 m2 2988182 -0.000190640305 0.200000003 p1 31481 8
2908 16843304 m2 3302046 -1.57005597e-05 0.200000003 p1 31487 8
1815 16848328 m2 2082316 -3.44919158e-06 0.200000003 p1 31502 8
1701 16856542 m2 1909988 -0.000695659022 0.200000003 p1 31529 8
330 16858571 m2 363510 -2.58143956e-07 0.200000003 p1 31535 8
1481 16865078 m2 1657884 -4.91736319e-05 0.200000003 p1 31556 8
1594 16872065 m2 1774894 -5.91836288e-05 0.200000003 p1 31578 8
1246 16875219 m2 1363090 -0.00375141902 0.200000003 p1 31588 8
719 16880790 m2 779628 -0.000225840704 0.200000003 p1 31606 8
4347 16882966 m2 4932216 -0.000543711125 0.200000003 p1 31612 8
690 16887120 m2 740509 -0.0030684201 0.200000003 p1 31625 8
4209 16896681 m2 4761811 -0.000176809408 0.200000003 p1 31657 8
351 16901680 m2 387828 -1.30653852e-05 0.200000003 p1 31673 8
3080 16905073 m2 3481953 -0.000195932254 0.200000003 p1 31684 8
3175 16910320 m2 3591262 -0.000552814687 0.200000003 p1 31701 8
479 16917529 m2 511123 -3.40030826e-09 0.200000003 p1 31725 8
291 16922124 m2 322548 -3.01761042e-06 0.200000003 p1 31740 8
1713 16923960 m2 1927282 -4.2751949e-06 0.200000003 p1 31746 8
2770 16925441 m2 3142543 -0.000579063257 0.200000003 p1 31750 8
1490 16925495 m2 1671219 -3.81414111e-07 0.200000003 p1 31751 8
3199 16926695 m2 3616046 -0.000127224528 0.200000003 p1 31755 8
2537 16928560 m2 2865603 -0.000834428589 0.200000003 p1 31761 8
3563 16950871 m2 4028147 -0.00014233074 0.200000003 p1 31835 8
1422 16953059 m2 1585962 -3.26450645e-05 0.200000003 p1 31842 8
2556 16960509 m2 2885471 -2.82396413e-05 0.200000003 p1 31867 8
2978 16960873 m2 3382558 -1.9024975e-06 0.200000003 p1 31868 8
106 16960888 m2 116610 -0.000153740359 0.200000003 p1 31868 8
2293 16963887 m2 2609719 -0.00442863302 0.200000003 p1 31878 8
1566 16967305 m2 1746363 -2.67140549e-05 0.200000003 p1 31889 8
3342 16970414 m2 3764310 -2.79328542e-05 0.200000003 p1 31900 8
3836 16970415 m2 4337672 -0.000404844701 0.200000003 p1 31900 8
3649 16980880 m2 4133596 -4.94026551e-07 0.200000003 p1 31935 8
4134 16983154 m2 4692037 -0.00100367854 0.200000003 p1 31942 8
692 16984944 m2 741173 -1.49283211e-10 0.200000003 p1 31948 8
536 16985294 m2 565489 -9.43267059e-06 0.200000003 p1 31950 8
550 16985295 m2 588754 -0.0029051418 0.200000003 p1 31950 8
668 16987336 m2 715915 -2.79369932e-08 0.200000003 p1 31957 8
1054 16987701 m2 1138413 -1.83399861e-05 0.200000003 p1 31958 8
3881 16990437 m2 4375232 -0.000743365148 0.200000003 p1 31967 8
3536 16996953 m2 3990331 -2.27088299e-06 0.200000003 p1 31989 8
1671 16998282 m2 1869109 -0.000172509637 0.200000003 p1 31993 8
2914 17002507 m2 3311397 -0.00206155214 0.200000003 p1 32007 8
2388 17007213 m3 2701436 0.0023243709 0.5 p1 32023 8
1765 17009180 m2 1995678 -3.19571745e-06 0.200000003 p1 32029 8
2104 17012492 m2 2409178 -0.000351543131 0.200000003 p1 32040 8
1830 17013862 m2 2093392 -0.000931634975 0.200000003 p1 32045 8
2924 17015523 m2 3319806 -0.000278617954 0.200000003 p1 32050 8
516 17016866 m2 550900 -3.10030168e-06 0.200000003 p1 32055 8
2503 17039632 m2 2826189 -9.30078531e-05 0.200000003 p1 32131 8
1580 17041448 m2 1762628 -5.54217877e-05 0.200000003 p1 32137 8
4143 17042208 m2 4702606 -0.00167780113 0.200000003 p1 32139 8
2068 17045471 m2 2368165 -2.8936222e-07 0.200000003 p1 32150 8
1217 17051286 m2 1332571 -3.88316312e-06 0.200000003 p1 32170 8
4338 17051785 m2 4917055 -7.50253048e-06 0.200000003 p1 32171 8
2416 17052160 m2 2747372 -4.77811852e-08 0.200000003 p1 32173 8
2083 17053730 m2 2382547 -0.00249701855 0.200000003 p1 32178 8
1004 17057972 m2 1083362 -0.000260299625 0.200000003 p1 32193 8
3866 17064705 m2 4362669 -4.58405225e-09 0.200000003 p1 32215 8
3307 17066957 m2 3724565 -0.000611113443 0.200000003 p1 32223 8
3630 17068069 m2 4099536 -4.20960896e-06 0.200000003 p1 32226 8
1962 17071670 m2 2233571 -1.63577333e-05 0.200000003 p1 32238 8
1128 17072027 m2 1222565 -6.33627849e-07 0.200000003 p1 32239 8
1900 17072511 m2 2175223 -0.000395223062 0.200000003 p1 32241 8
1300 17074888 m2 1427281 -0.000254713668 0.200000003 p1 32249 8
4095 17076626 m2 4637658 -0.00101618632 0.200000003 p1 32254 8
2275 17079707 m2 2581306 -7.52118368e-09 0.200000003 p1 32264 8
956 17082460 m2 1044816 -0.000342214422 0.200000003 p1 32273 8
4238 17082752 m2 4791995 -3.04822443e-05 0.200000003 p1 32274 8
2190 17086840 m2 2499769 -0.00167983503 0.200000003 p1 32287 8
3316 17087313 m2 3732968 -7.30549873e-05 0.200000003 p1 32289 8
1109 17089040 m2 1201385 -4.06097897e-05 0.200000003 p1 32295 8
3622 17090379 m2 4088833 -0.00139981601 0.200000003 p1 32299 8
1121 17094542 m2 1211957 -0.00309584662 0.200000003 p1 32312 8
3275 17094956 m2 3692125 -0.00038540989 0.200000003 p1 32314 8
3241 17098654 m2 3652277 -1.09903376e-05 0.200000003 p1 32326 8
913 17100700 m2 992948 -2.22167978e-06 0.200000003 p1 32332 8
318 17109021 m2 353418 -2.99113276e-06 0.200000003 p1 32359 8
471 17109268 m2 502135 -4.42439268e-05 0.200000003 p1 32360 8
3025 17113100 m2 3431500 -2.69066362e-07 0.200000003 p1 32373 8
3560 17113356 m2 4026733 -0.00266209594 0.200000003 p1 32374 8
2590 17114951 m2 2923400 -0.00113326579 0.200000003 p1 32379 8
1226 17115407 m2 1342023 -0.000423526246 0.200000003 p1 32380 8
1111 17116905 m2 1202435 -1.7770757e-05 0.200000003 p1 32385 8
1345 17116986 m2 1478446 -0.000109382388 0.200000003 p1 32386 8
697 17120184 m2 749290 -8.63833804e-09 0.200000003 p1 32396 8
827 17122631 m2 901014 -0.0026873264 0.200000003 p1 32404 8
651 17129805 m2 695453 -0.000380195532 0.200000003 p1 32429 8
3561 17132330 m2 4027140 -6.48565507e-11 0.200000003 p1 32437 8
4158 17135320 m2 4717521 -3.34003053e-05 0.200000003 p1 32447 8
4344 17148916 m2 4925422 -0.000747944112 0.200000003 p1 32493 8
2684 17150789 m2 3045084 -0.00147441274 0.200000003 p1 32499 8
4089 17151426 m2 4627724 -0.000283947331 0.200000003 p1 32501 8
3032 17151616 m2 3439524 -1.99489732e-05 0.200000003 p1 32502 8
3950 17153140 m2 4459863 -3.15607467e-05 0.200000003 p1 32507 8
2364 17153532 m2 2680507 -7.34830028e-05 0.200000003 p1 32508 8
3584 17153665 m2 4053916 -1.75481528e-05 0.200000003 p1 32509 8
3876 17159117 m2 4371695 -1.95338976e-06 0.200000003 p1 32526 8
1421 17166357 m2 1583749 -0.000130172615 0.200000003 p1 32551 8
1143 17174783 m2 1241506 -9.49061203e-08 0.200000003 p1 32580 8
264 17175352 m2 293769 -0.00135414128 0.200000003 p1 32582 8
489 17175529 m2 526920 -0.00121227745 0.200000003 p1 32582 8
2132 17176728 m2 2442513 -8.60367527e-06 0.200000003 p1 32586 8
2785 17179023 m2 3160392 -0.000325672328 0.200000003 p1 32594 8
3160 17179444 m2 3574595 -8.92847467e-08 0.200000003 p1 32595 8
1667 17182668 m2 1865190 -0.000321448722 0.200000003 p1 32607 8
3923 17182826 m2 4423070 -5.99297323e-07 0.200000003 p1 32607 8
1685 17182956 m2 1886895 -1.236759e-05 0.200000003 p1 32608 8
2665 17190819 m2 3022070 -3.12965796e-08 0.200000003 p1 32635 8
1791 17192293 m2 2045113 -7.96061431e-05 0.200000003 p1 32640 8
444 17192509 m2 483858 -0.00220285496 0.200000003 p1 32641 8
578 17193842 m2 626333 -6.90427896e-06 0.200000003 p1 32645 8
3694 17195759 m2 4191221 -0.000213158273 0.200000003 p1 32652 8
4113 17195941 m2 4666452 -6.27017944e-05 0.200000003 p1 32652 8
4246 17204075 m2 4806237 -0.000762407493 0.200000003 p1 32680 8
4359 17205981 m2 4945476 -0.000109802168 0.200000003 p1 32687 8
2312 17211274 m2 2622773 -0.000297443185 0.200000003 p1 32704 8
2053 17211515 m2 2347545 -0.000255127845 0.200000003 p1 32705 8
1302 17218189 m2 1429389 -0.00179585605 0.200000003 p1 32728 8
2881 17222265 m2 3281428 -2.26120367e-08 0.200000003 p1 32741 8
338 17225190 m2 375126 -3.73125986e-05 0.200000003 p1 32751 8
4284 17235868 m2 4856970 -3.14620302e-05 0.200000003 p1 32787 8
2045 17242601 m2 2339287 -0.00122540747 0.200000003 p1 32810 8
2389 17248072 m2 2703422 -1.9262272e-05 0.200000003 p1 32828 8
2111 17253028 m2 2420548 -0.00334530696 0.200000003 p1 32845 8
2136 17253611 m2 2450928 -0.000195823406 0.200000003 p1 32847 8
4099 17259380 m2 4648795 -9.6179072e-05 0.200000003 p1 32867 8
2287 17264344 m2 2600274 -1.6142917e-07 0.200000003 p1 32884 8
4123 17266224 m2 4683290 -9.12342148e-06 0.200000003 p1 32890 8
1404 17266963 m2 1566505 -5.91695404e-09 0.200000003 p1 32893 8
1644 17266979 m2 1828906 -0.00838068966 0.200000003 p1 32893 8
4356 17267012 m2 4943505 -0.000722119992 0.200000003 p1 32893 8
252 17268960 m2 283289 -8.37274565e-05 0.200000003 p1 32900 8
3990 17269963 m2 4503369 -8.56425613e-05 0.200000003 p1 32904 8
394 17274355 m2 435122 -4.58507611e-06 0.200000003 p1 32919 8
2324 17279861 m2 2633710 -0.00024289795 0.200000003 p1 32938 8
990 17283583 m2 1070888 -1.84245414e-06 0.200000003 p1 32951 8
1333 17286127 m2 1467401 -0.000289571588 0.200000003 p1 32960 8
2189 17296585 m2 2499016 -5.56546584e-05 0.200000003 p1 32995 8
637 17296872 m2 683767 -5.47161449e-07 0.200000003 p1 32996 8
2831 17297491 m2 3234848 -1.59792286e-08 0.200000003 p1 32998 8
3812 17298095 m2 4315128 -1.10962719e-06 0.200000003 p1 33000 8
2610 17301767 m2 2953727 -9.70384235e-07 0.200000003 p1 33013 8
60 17304011 m2 66529 -0.000122952231 0.200000003 p1 33021 8
4339 17313854 m2 4917546 -0.000729942927 0.200000003 p1 33054 8
1522 17316944 m2 1701289 -0.00122311839 0.200000003 p1 33064 8
725 17318807 m2 789083 -0.000262386107 0.200000003 p1 33071 8
2801 17321850 m2 3186590 -0.000489235448 0.200000003 p1 33081 8
3016 17326520 m2 3424475 -0.00137773668 0.200000003 p1 33097 8
1556 17327762 m2 1735364 -3.76993768e-07 0.200000003 p1 33101 8
2826 17334530 m2 3231586 -1.60472246e-05 0.200000003 p1 33125 8
1734 17335462 m2 1960076 -0.00036205916 0.200000003 p1 33128 8
2593 17339370 m2 2930962 -0.00424869312 0.200000003 p1 33142 8
3065 17350102 m2 3468687 -0.000199098751 0.200000003 p1 33180 8
2006 17353578 m2 2291893 -2.16691439e-11 0.200000003 p1 33192 8
1376 17354904 m2 1519637 -0.000313103112 0.200000003 p1 33197 8
1825 17364711 m2 2089612 -0.000329506292 0.200000003 p1 33232 8
1470 17371673 m2 1647699 -6.54400428e-05 0.200000003 p1 33256 8
4059 17372660 m2 4600781 -0.000121725847 0.200000003 p1 33259 8
2947 17372706 m2 3342469 -0.000366435619 0.200000003 p1 33259 8
107 17373441 m2 116989 -8.86743976e-07 0.200000003 p1 33262 8
317 17375109 m2 352919 -1.06838543e-05 0.200000003 p1 33267 8
149 17375167 m2 164486 -0.00151917164 0.200000003 p1 33268 8
2345 17375700 m2 2658252 -7.72987332e-05 0.200000003 p1 33269 8
1915 17379720 m2 2184679 -1.53791632e-06 0.200000003 p1 33283 8
3529 17382097 m2 3980132 -0.000482810516 0.200000003 p1 33291 8
4334 17382714 m2 4911257 -1.74640115e-06 0.200000003 p1 33294 8
2090 17386408 m2 2394462 -0.000144219535 0.200000003 p1 33307 8
2938 17386881 m2 3328401 -0.00060954201 0.200000003 p1 33308 8
4114 17390594 m2 4669051 -0.00122245844 0.200000003 p1 33321 8
117 17402141 m2 132673 -1.59193423e-05 0.200000003 p1 33363 8
243 17403313 m2 277094 -0.00149494386 0.200000003 p1 33367 8
2417 17408649 m2 2747531 -1.02549693e-05 0.200000003 p1 33386 8
1140 17411513 m2 1240172 -1.85808076e-05 0.200000003 p1 33396 8
2243 17413943 m2 2547937 -0.0022640808 0.200000003 p1 33406 8
1824 17417610 m2 2087714 -0.000598952523 0.200000003 p1 33419 8
2234 17427511 m2 2538949 -7.5702917e-07 0.200000003 p1 33455 8
355 17434916 m2 391177 -0.00214784779 0.200000003 p1 33481 8
4243 17436901 m2 4804908 -0.00324850506 0.200000003 p1 33488 8
813 17437394 m2 884014 -0.000181997457 0.200000003 p1 33489 8
980 17447602 m2 1062883 -0.000833965314 0.200000003 p1 33525 8
1407 17452185 m2 1573582 -6.90191371e-08 0.200000003 p1 33541 8
3518 17455731 m2 3969507 -0.00220836326 0.200000003 p1 33553 8
861 17455935 m2 938180 -0.00220826408 0.200000003 p1 33554 8
4279 17458689 m2 4852796 -4.34536744e-08 0.200000003 p1 33564 8
2660 17461994 m2 3014027 -0.00182225555 0.200000003 p1 33575 8
2142 17463257 m2 2454344 -4.26968472e-05 0.200000003 p1 33580 8
385 17465022 m2 428410 -2.83282079e-05 0.200000003 p1 33587 8
4199 17466916 m2 4753291 -2.07179291e-05 0.200000003 p1 33593 8
3013 17475093 m2 3422159 -1.09152197e-05 0.200000003 p1 33623 8
3579 17479045 m2 4049329 -0.000211148552 0.200000003 p1 33637 8
4133 17487074 m2 4690602 -1.01214033e-08 0.200000003 p1 33665 8
863 17488898 m2 941521 -0.00633223262 0.200000003 p1 33672 8
1703 17489649 m2 1914155 -0.00139620318 0.200000003 p1 33675 8
2338 17491805 m2 2648127 -2.43807472e-06 0.200000003 p1 33683 8
1654 17492411 m2 1837021 -0.000315884099 0.200000003 p1 33685 8
3381 17492794 m2 3799132 -1.17757884e-06 0.200000003 p1 33687 8
669 17493147 m2 716367 -0.0003032682 0.200000003 p1 33688 8
4378 17493925 m2 4967705 -0.000835416024 0.200000003 p1 33690 8
3426 17495435 m2 3858856 -2.27887972e-06 0.200000003 p1 33696 8
605 17506368 m2 654205 -0.000119157587 0.200000003 p1 33734 8
3849 17507715 m2 4350786 -6.42400133e-10 0.200000003 p1 33739 8
1184 17508071 m2 1296459 -0.00192696543 0.200000003 p1 33740 8
1922 17511090 m2 2191395 -2.69870525e-05 0.200000003 p1 33750 8
3335 17519639 m2 3759119 -0.00152498449 0.200000003 p1 33782 8
887 17521826 m2 972016 -7.72830845e-06 0.200000003 p1 33790 8
3718 17523904 m2 4214418 -0.000110376881 0.200000003 p1 33797 8
920 17523921 m2 1000368 -8.19513048e-07 0.200000003 p1 33797 8
655 17541177 m2 701013 -3.86429222e-10 0.200000003 p1 33860 8
1439 17547150 m2 1603723 -4.01203508e-15 0.200000003 p1 33882 8
1572 17548003 m2 1755286 -0.000491255603 0.200000003 p1 33885 8
3372 17549661 m2 3791588 -3.19794053e-05 0.200000003 p1 33892 8
2003 17550493 m2 2287617 -1.82098211e-06 0.200000003 p1 33895 8
2050 17554674 m2 2346556 -1.49815332e-05 0.200000003 p1 33911 8
4043 17563693 m2 4582529 -0.000836964755 0.200000003 p1 33944 8
2749 17565536 m2 3123561 -0.0017944657 0.200000003 p1 33951 8
3006 17572934 m2 3412330 -1.01515316e-05 0.200000003 p1 33978 8
2654 17573264 m2 3005825 -0.000385159918 0.200000003 p1 33979 8
3725 17573735 m2 4222155 -3.85858563e-08 0.200000003 p1 33981 8
433 17574012 m2 468671 -0.00368742901 0.200000003 p1 33982 8
3776 17575606 m2 4274363 -2.30996164e-08 0.200000003 p1 33988 8
3540 17575915 m2 3998600 -7.767893e-09 0.200000003 p1 33989 8
4035 17576549 m2 4557524 -2.24705605e-06 0.200000003 p1 33991 8
321 17588072 m2 355544 -7.49073524e-06 0.200000003 p1 34033 8
273 17600579 m2 300025 -0.000179455878 0.200000003 p1 34077 8
460 17604827 m2 495424 -5.68368463e-10 0.200000003 p1 34092 8
608 17605277 m2 655993 -0.000447850412 0.200000003 p1 34093 8
2129 17606000 m2 2441651 -0.000476310466 0.200000003 p1 34096 8
271 17607234 m2 297742 -2.8566521e-05 0.200000003 p1 34100 8
2852 17607438 m2 3250910 -0.000669725414 0.200000003 p1 34101 8
1310 17610488 m2 1446111 -1.06188281e-06 0.200000003 p1 34112 8
2211 17621575 m2 2514201 -0.000286773342 0.200000003 p1 34152 8
4307 17629100 m2 4880374 -0.000576645019 0.200000003 p1 34178 8
1071 17630203 m2 1159748 -0.00110984931 0.200000003 p1 34182 8
2077 17637357 m2 2379416 -2.64138926e-05 0.200000003 p1 34208 8
1812 17642328 m2 2074638 -0.000731142587 0.200000003 p1 34225 8
771 17643419 m2 840658 -0.000279027037 0.200000003 p1 34229 8
3193 17647234 m2 3609575 -9.16106583e-05 0.200000003 p1 34242 8
2426 17648571 m2 2753371 -7.11775954e-08 0.200000003 p1 34247 8
2465 17649412 m2 2791934 -0.000194278851 0.200000003 p1 34250 8
2178 17650525 m2 2493481 -0.000745767145 0.200000003 p1 34254 8
1117 17651046 m2 1208177 -0.000660758116 0.200000003 p1 34256 8
2369 17651136 m2 2683044 -0.00252199615 0.200000003 p1 34256 8
2678 17652897 m2 3039866 -0.000427107414 0.200000003 p1 34263 8
492 17657500 m2 530062 -0.000119688884 0.200000003 p1 34279 8
4038 17660132 m2 4565325 -0.000146850289 0.200000003 p1 34289 8
3109 17662277 m2 3518256 -0.00043199744 0.200000003 p1 34297 8
389 17664977 m2 430820 -0.00454074657 0.200000003 p1 34307 8
419 17670871 m2 460029 -0.000896678073 0.200000003 p1 34328 8
3369 17675244 m2 3789356 -1.26186762e-06 0.200000003 p1 34345 8
2620 17675491 m2 2972857 -0.000171661304 0.200000003 p1 34346 8
2366 17676504 m2 2681002 -5.58119318e-05 0.200000003 p1 34350 8
3542 17679147 m2 4006943 -1.3802962e-07 0.200000003 p1 34360 8
4225 17680294 m2 4778728 -6.1455321e-05 0.200000003 p1 34364 8
1971 17682796 m2 2246893 -0.00149005186 0.200000003 p1 34373 8
591 17682912 m2 641992 -2.71781458e-13 0.200000003 p1 34373 8
22 17684262 m2 25590 -4.35769434e-05 0.200000003 p1 34378 8
4397 17686067 m2 4989572 -0.000600207131 0.200000003 p1 34385 8
3573 17690145 m2 4041637 -5.96744997e-07 0.200000003 p1 34400 8
2377 17691601 m2 2688503 -0.000899807666 0.200000003 p1 34405 8
2404 17692961 m2 2728080 -1.92967178e-07 0.200000003 p1 34410 8
3110 17700612 m2 3519918 -0.0012050533 0.200000003 p1 34437 8
783 17701073 m2 853842 -0.000861842243 0.200000003 p1 34438 8
1115 17704684 m2 1205886 -0.00126884622 0.200000003 p1 34452 8
1833 17706585 m2 2096578 -2.42033991e-07 0.200000003 p1 34458 8
2604 17711329 m2 2945493 -0.00267680245 0.200000003 p1 34475 8
2188 17711768 m2 2498831 -3.39881495e-07 0.200000003 p1 34477 8
3218 17712310 m2 3633323 -0.00982016046 0.200000003 p1 34479 8
2060 17713021 m2 2360918 -0.0024933524 0.200000003 p1 34482 8
2461 17713931 m2 2787528 -8.7478249e-05 0.200000003 p1 34485 8
2276 17717366 m2 2581996 -8.20937639e-05 0.200000003 p1 34497 8
1197 17723307 m2 1306708 -0.000729515101 0.200000003 p1 34518 8
2439 17726096 m2 2762740 -0.000119129567 0.200000003 p1 34528 8
3384 17727446 m2 3803435 -4.90345337e-05 0.200000003 p1 34533 8
1964 17728599 m2 2236381 -1.51989143e-05 0.200000003 p1 34538 8
1424 17732321 m2 1587536 -3.66511376e-05 0.200000003 p1 34552 8
1578 17732686 m2 1759101 -0.0010502775 0.200000003 p1 34553 8
2671 17732714 m2 3030561 -0.000107497312 0.200000003 p1 34553 8
890 17737498 m2 974692 -0.00133309641 0.200000003 p1 34571 8
157 17740402 m2 172942 -4.21256955e-05 0.200000003 p1 34581 8
3172 17745001 m2 3587732 -0.000146463004 0.200000003 p1 34598 8
2923 17745951 m2 3318333 -7.9206693e-05 0.200000003 p1 34601 8
3793 17748836 m2 4296846 -1.47993774e-06 0.200000003 p1 34612 8
1505 17755271 m2 1689616 -0.00651923474 0.200000003 p1 34636 8
2759 17758078 m2 3132294 -2.26993635e-07 0.200000003 p1 34646 8
3413 17761950 m2 3849345 -0.000129314605 0.200000003 p1 34660 8
2584 17762346 m2 2919813 -0.0014057823 0.200000003 p1 34661 8
1787 17767800 m2 2039979 -0.00123462349 0.200000003 p1 34682 8
1340 17769317 m2 1472300 -0.000333381875 0.200000003 p1 34687 8
1364 17769577 m2 1503170 -0.00146552245 0.200000003 p1 34688 8
4101 17771751 m2 4650594 -0.000993382535 0.200000003 p1 34696 8
2571 17778125 m2 2900686 -0.000514937914 0.200000003 p1 34719 8
1100 17789682 m2 1190429 -6.6112591e-07 0.200000003 p1 34762 8
390 17789922 m2 432403 -0.00535641378 0.200000003 p1 34763 8
4319 17793669 m2 4888893 -2.81143493e-05 0.200000003 p1 34777 8
2821 17800840 m2 3226580 -0.00323432265 0.200000003 p1 34804 8
4286 17804364 m2 4858652 -6.62825259e-05 0.200000003 p1 34817 8
458 17804581 m2 493505 -7.20357129e-05 0.200000003 p1 34818 8
1872 17806468 m2 2144803 -7.25377788e-07 0.200000003 p1 34825 8
3300 17807073 m2 3719796 -6.38033043e-07 0.200000003 p1 34827 8
949 17807613 m2 1039599 -5.60363833e-06 0.200000003 p1 34829 8
33 17809063 m2 35485 -0.00163689954 0.200000003 p1 34834 8
3547 17810364 m2 4012332 -0.00183565426 0.200000003 p1 34839 8
3926 17811182 m2 4427947 -4.18294439e-05 0.200000003 p1 34843 8
4313 17813681 m2 4884575 -2.04470147e-08 0.200000003 p1 34852 8
3640 17818049 m2 4116402 -0.00127888413 0.200000003 p1 34868 8
2530 17818798 m2 2858683 -5.2941079e-05 0.200000003 p1 34871 8
589 17820509 m2 640242 -1.4444276e-08 0.200000003 p1 34877 8
1876 17826821 m2 2150369 -0.00127023156 0.200000003 p1 34901 8
1934 17833008 m2 2207103 -0.00095028826 0.200000003 p1 34925 8
159 17833630 m2 175778 -0.00132906146 0.200000003 p1 34927 8
1262 17838659 m2 1380758 -0.00222023996 0.200000003 p1 34947 8
3046 17840338 m2 3451741 -1.97381155e-06 0.200000003 p1 34953 8
396 17846229 m2 436081 -1.03841485e-05 0.200000003 p1 34975 8
2412 17856532 m2 2739430 -1.98837333e-05 0.200000003 p1 35015 8
593 17856677 m2 645174 -0.00105028006 0.200000003 p1 35015 8
3546 17857341 m2 4012205 -0.000227085824 0.200000003 p1 35018 8
910 17859379 m2 992330 -0.000953089911 0.200000003 p1 35026 8
2949 17859999 m2 3343149 -4.19491357e-07 0.200000003 p1 35028 8
1968 17860218 m2 2243103 -0.000112562826 0.200000003 p1 35029 8
3373 17860872 m2 3791638 -3.87658038e-05 0.200000003 p1 35032 8
46 17863589 m2 54650 -0.000510539801 0.200000003 p1 35042 8
991 17872043 m2 1071713 -2.07241428e-05 0.200000003 p1 35076 8
2479 17884999 m2 2806871 -7.41200129e-05 0.200000003 p1 35126 8
3155 17888434 m2 3569532 -0.000160669821 0.200000003 p1 35139 8
4326 17889869 m2 4899483 -3.13625169e-05 0.200000003 p1 35145 8
2870 17890911 m2 3272355 -0.000510489277 0.200000003 p1 35149 8
3453 17895099 m2 3893300 -3.02732424e-05 0.200000003 p1 35165 8
3197 17895222 m2 3614105 -6.18975173e-05 0.200000003 p1 35165 8
2524 17896782 m2 2850982 -2.49538562e-06 0.200000003 p1 35172 8
2707 17899100 m2 3077128 -6.10074267e-06 0.200000003 p1 35181 8
4254 17907312 m2 4823575 -1.0210917e-05 0.200000003 p1 35213 8
2740 17918989 m2 3112662 -0.000767017133 0.200000003 p1 35258 8
3068 17919444 m2 3470807 -2.59664512e-06 0.200000003 p1 35260 8
3113 17920463 m2 3524101 -1.14023487e-05 0.200000003 p1 35264 8
1614 17926812 m2 1800202 -6.72004026e-05 0.200000003 p1 35289 8
3933 17928982 m2 4435887 -1.02027329e-07 0.200000003 p1 35297 8
2884 17929820 m2 3282830 -0.000607220689 0.200000003 p1 35301 8
1301 17933869 m2 1428063 -8.81818232e-06 0.200000003 p1 35317 8
3299 17935151 m2 3718667 -0.000231817801 0.200000003 p1 35322 8
3035 17935893 m2 3440283 -3.27260636e-06 0.200000003 p1 35325 8
3971 17940337 m2 4477344 -1.16636514e-08 0.200000003 p1 35343 8
2455 17947082 m2 2784934 -3.39883854e-08 0.200000003 p1 35368 8
4311 17953042 m2 4884025 -0.000978400698 0.200000003 p1 35391 8
763 17955017 m2 828652 -0.00163064653 0.200000003 p1 35398 8
4050 17959121 m2 4589174 -0.000203938864 0.200000003 p1 35414 8
410 17960621 m2 447333 -0.000680174737 0.200000003 p1 35420 8
3558 17963625 m2 4023285 -0.000104859479 0.200000003 p1 35432 8
261 17964036 m2 291564 -0.00118015334 0.200000003 p1 35434 8
2669 17967140 m2 3028847 -0.00101918261 0.200000003 p1 35445 8
3735 17968949 m2 4231414 -0.00445170794 0.200000003 p1 35452 8
1283 17972874 m2 1409543 -0.00688841194 0.200000003 p1 35467 8
4285 17973318 m2 4857428 -0.000434267859 0.200000003 p1 35469 8
3912 17975252 m2 4409493 -0.000877238635 0.200000003 p1 35477 8
453 17977222 m2 492102 -6.07033598e-06 0.200000003 p1 35484 8
2484 17980142 m2 2812340 -1.36270064e-05 0.200000003 p1 35496 8
2953 17980368 m2 3349075 -0.00452477904 0.200000003 p1 35497 8
1690 17982572 m2 1893067 -2.91489323e-05 0.200000003 p1 35506 8
1847 17982590 m2 2120947 -2.84270991e-05 0.200000003 p1 35506 8
125 17983884 m2 139305 -0.000136954084 0.200000003 p1 35511 8
2672 17990631 m2 3034672 -6.17727949e-07 0.200000003 p1 35537 8
1206 17996621 m2 1318394 -0.00171822589 0.200000003 p1 35561 8
3137 17996652 m2 3552401 -9.03299394e-07 0.200000003 p1 35561 8
1303 17999146 m2 1430217 -5.44214026e-06 0.200000003 p1 35571 8
2806 18001228 m2 3190296 -0.000247723598 0.200000003 p1 35579 8
2487 18001930 m2 2815327 -1.67611381e-06 0.200000003 p1 35582 8
3592 18003638 m2 4058845 -6.9628557e-05 0.200000003 p1 35589 8
909 18005059 m2 991977 -0.00259009004 0.200000003 p1 35594 8
950 18005719 m2 1040018 -3.57253302e-05 0.200000003 p1 35597 8
1959 18008541 m2 2231139 -0.000224840682 0.200000003 p1 35609 8
2765 18016684 m2 3137872 -7.37663194e-11 0.200000003 p1 35642 8
1527 18016989 m2 1704081 -0.000540282403 0.200000003 p1 35643 8
2515 18018881 m2 2841672 -0.000464240642 0.200000003 p1 35651 8
774 18019603 m2 843873 -0.000239000234 0.200000003 p1 35654 8
3565 18021325 m2 4030996 -0.00202341657 0.200000003 p1 35660 8
1891 18021452 m2 2163043 -0.00116392877 0.200000003 p1 35661 8
912 18021471 m2 992772 -0.000129659296 0.200000003 p1 35661 8
30 18022440 m2 33281 -1.45390359e-05 0.200000003 p1 35665 8
4310 18024547 m2 4883874 -1.95763496e-05 0.200000003 p1 35673 8
459 18028417 m2 494093 -0.00195982913 0.200000003 p1 35688 8
4175 18030425 m2 4732008 -1.5993642e-09 0.200000003 p1 35696 8
3671 18031155 m2 4168262 -0.00012796263 0.200000003 p1 35699 8
176 18032452 m2 195097 -0.00385434739 0.200000003 p1 35704 8
2926 18038118 m2 3320790 -2.21398767e-11 0.200000003 p1 35727 8
1114 18042131 m2 1204303 -1.80737261e-05 0.200000003 p1 35744 8
2717 18043137 m2 3092451 -0.000764786906 0.200000003 p1 35748 8
2009 18045318 m2 2294110 -0.00101586396 0.200000003 p1 35757 8
3643 18047469 m2 4117688 -3.71887245e-06 0.200000003 p1 35765 8
3918 18050939 m2 4417589 -0.000134653339 0.200000003 p1 35779 8
238 18055899 m2 270677 -0.000122635742 0.200000003 p1 35800 8
4322 18060670 m2 4892622 -0.000964923704 0.200000003 p1 35819 8
1279 18061053 m2 1400812 -2.13609064e-06 0.200000003 p1 35821 8
2835 18068309 m2 3240287 -6.45181046e-08 0.200000003 p1 35850 8
2723 18078109 m2 3101773 -0.000169327235 0.200000003 p1 35890 8
1718 18082069 m2 1932853 -6.58033696e-06 0.200000003 p1 35906 8
977 18082284 m2 1061835 -9.50398203e-07 0.200000003 p1 35907 8
4214 18085266 m2 4767212 -0.000298006489 0.200000003 p1 35920 8
685 18087916 m2 734179 -0.000925313972 0.200000003 p1 35931 8
3400 18102394 m2 3827723 -0.00258318963 0.200000003 p1 35992 8
1986 18104263 m2 2264110 -1.04173444e-06 0.200000003 p1 36000 8
776 18106704 m2 846773 -0.000182217205 0.200000003 p1 36010 8
3354 18108922 m2 3775720 -1.54286481e-05 0.200000003 p1 36019 8
3182 18113157 m2 3602004 -0.000170558022 0.200000003 p1 36036 8
535 18117564 m2 563910 -4.87424677e-06 0.200000003 p1 36055 8
1278 18118230 m2 1399829 -0.00120527111 0.200000003 p1 36057 8
1058 18118556 m2 1142859 -0.000261327077 0.200000003 p1 36059 8
1371 18119087 m2 1512570 -0.000923144806 0.200000003 p1 36061 8
2825 18121618 m2 3230297 -0.000351461815 0.200000003 p1 36071 8
4236 18122042 m2 4790599 -0.00101723429 0.200000003 p1 36073 8
2992 18123188 m2 3397241 -4.65301824e-08 0.200000003 p1 36077 8
1315 18128046 m2 1449883 -7.13783152e-07 0.200000003 p1 36097 8
4291 18128709 m2 4862438 -0.000111149835 0.200000003 p1 36100 8
1969 18129906 m2 2243107 -0.00251017255 0.200000003 p1 36105 8
1375 18131835 m2 1518710 -0.0015666344 0.200000003 p1 36113 8
1149 18132186 m2 1246376 -0.00407066243 0.200000003 p1 36115 8
4182 18133538 m2 4737542 -0.000133808935 0.200000003 p1 36120 8
1487 18140147 m2 1667803 -0.000427725899 0.200000003 p1 36148 8
3668 18143942 m2 4166180 -3.76083017e-06 0.200000003 p1 36163 8
2313 18144239 m2 2624193 -0.00102751062 0.200000003 p1 36165 8
3327 18144457 m2 3752732 -0.000915868965 0.200000003 p1 36166 8
1324 18147454 m2 1459136 -0.000120782308 0.200000003 p1 36178 8
1227 18149095 m2 1342449 -9.21511764e-06 0.200000003 p1 36185 8
539 18149229 m2 572630 -0.000197871617 0.200000003 p1 36186 8
2107 18157588 m2 2416433 -0.000416278868 0.200000003 p1 36221 8
2793 18158458 m2 3171858 -8.9138457e-06 0.200000003 p1 36224 8
2306 18162915 m2 2619980 -7.02582256e-05 0.200000003 p1 36242 8
1292 18163793 m2 1416726 -0.000414726004 0.200000003 p1 36246 8
3664 18178152 m2 4163302 -3.44310974e-05 0.200000003 p1 36306 8
3435 18178361 m2 3867138 -0.000855253253 0.200000003 p1 36306 8
3198 18185078 m2 3615175 -0.00704888999 0.200000003 p1 36335 8
932 18185136 m2 1022531 -0.000343465334 0.200000003 p1 36335 8
3441 18191177 m2 3878496 -0.00105271745 0.200000003 p1 36361 8
2291 18191563 m2 2607452 -0.00179364264 0.200000003 p1 36362 8
2360 18192127 m2 2675636 -6.75622941e-05 0.200000003 p1 36365 8
375 18194534 m2 417798 -1.35632044e-05 0.200000003 p1 36375 8
3781 18203292 m2 4277982 -1.22989485e-09 0.200000003 p1 36411 8
2470 18203337 m2 2797139 -0.00357062742 0.200000003 p1 36412 8
3347 18203870 m2 3767929 -6.83691906e-05 0.200000003 p1 36414 8
1785 18203936 m2 2034095 -2.07769899e-05 0.200000003 p1 36414 8
1486 18205339 m2 1667637 -3.17456568e-07 0.200000003 p1 36420 8
3819 18206815 m2 4323024 -0.0019114638 0.200000003 p1 36426 8
3514 18209745 m2 3963590 -8.26698306e-05 0.200000003 p1 36438 8
3973 18211643 m2 4483211 -0.00124035182 0.200000003 p1 36447 8
3496 18213246 m2 3942850 -5.48458156e-05 0.200000003 p1 36454 8
4280 18214730 m2 4854990 -0.00128745078 0.200000003 p1 36460 8
3386 18214777 m2 3806446 -6.12461179e-07 0.200000003 p1 36460 8
1975 18215844 m2 2251539 -1.83208911e-07 0.200000003 p1 36465 8
7 18217417 m2 6621 -0.000786778575 0.200000003 p1 36472 8
2494 18217620 m2 2819372 -5.16293294e-05 0.200000003 p1 36472 8
2320 18218884 m2 2629896 -0.000121153775 0.200000003 p1 36478 8
1603 18219391 m2 1788381 -0.00234685629 0.200000003 p1 36480 8
2472 18220197 m2 2798466 -0.0047842809 0.200000003 p1 36484 8
3792 18221041 m2 4296344 -2.68096153e-11 0.200000003 p1 36487 8
2961 18225683 m2 3359571 -0.00552505814 0.200000003 p1 36507 8
2558 18233221 m2 2886463 -4.32619418e-05 0.200000003 p1 36540 8
3644 18235840 m2 4119627 -0.00915005524 0.200000003 p1 36551 8
342 18237822 m2 379376 -1.08700488e-06 0.200000003 p1 36560 8
4278 18238904 m2 4852600 -1.18066069e-11 0.200000003 p1 36565 8
1216 18241362 m2 1329667 -8.49347373e-07 0.200000003 p1 36575 8
4196 18242612 m2 4744914 -4.54605642e-09 0.200000003 p1 36581 8
1884 18245363 m2 2159345 -0.000780297676 0.200000003 p1 36593 8
948 18245803 m2 1037988 -3.4383047e-05 0.200000003 p1 36595 8
105 18246800 m2 113626 -2.05289674e-09 0.200000003 p1 36599 8
2099 18247993 m2 2403858 -0.00133995165 0.200000003 p1 36605 8
3543 18248850 m2 4007611 -0.000976953772 0.200000003 p1 36609 8
3927 18255283 m2 4429130 -2.71679768e-09 0.200000003 p1 36637 8
2774 18257316 m2 3147247 -0.000446800143 0.200000003 p1 36647 8
1984 18258543 m2 2263493 -8.7798282e-05 0.200000003 p1 36652 8
3489 18260658 m2 3937509 -8.65329284e-08 0.200000003 p1 36662 8
2830 18266194 m2 3234631 -0.000935544784 0.200000003 p1 36687 8
3590 18266243 m2 4058347 -2.67859633e-07 0.200000003 p1 36687 8
790 18270170 m2 861785 -0.00243055564 0.200000003 p1 36705 8
3811 18273002 m2 4314969 -8.62430412e-08 0.200000003 p1 36717 8
1379 18274143 m2 1527139 -0.000773022708 0.200000003 p1 36723 8
584 18275836 m2 634667 -0.000895167817 0.200000003 p1 36730 8
3791 18278700 m2 4293486 -1.64192457e-07 0.200000003 p1 36743 8
3108 18279974 m2 3517475 -8.72315431e-05 0.200000003 p1 36749 8
1597 18280506 m2 1780101 -0.000269851676 0.200000003 p1 36751 8
630 18283544 m2 675486 -4.14870419e-06 0.200000003 p1 36764 8
86 18288351 m2 92645 -0.000167606457 0.200000003 p1 36787 8
592 18292011 m2 642141 -0.00118591019 0.200000003 p1 36803 8
2245 18294251 m2 2548475 -9.40057726e-06 0.200000003 p1 36814 8
305 18296030 m2 334710 -1.89582024e-05 0.200000003 p1 36822 8
2512 18296416 m2 2838460 -0.00371218496 0.200000003 p1 36824 8
2991 18296620 m2 3396758 -1.35653115e-08 0.200000003 p1 36825 8
3696 18298438 m2 4192282 -1.74993068e-06 0.200000003 p1 36833 8
3233 18300318 m2 3646235 -1.65035399e-05 0.200000003 p1 36841 8
2895 18300677 m2 3291893 -0.0010754168 0.200000003 p1 36843 8
3772 18302555 m2 4270168 -2.76536127e-07 0.200000003 p1 36851 8
4282 18304247 m2 4856003 -0.00133467151 0.200000003 p1 36859 8
2181 18304314 m2 2493883 -0.000198981594 0.200000003 p1 36860 8
3106 18305657 m2 3517025 -8.51991717e-05 0.200000003 p1 36865 8
2209 18316285 m2 2513851 -0.000656485208 0.200000003 p1 36912 8
4107 18317084 m2 4660190 -1.74036704e-05 0.200000003 p1 36915 8
382 18318144 m2 427272 -1.66617113e-07 0.200000003 p1 36920 8
2384 18318585 m2 2699673 -0.000485448807 0.200000003 p1 36922 8
3249 18322674 m2 3662752 -0.00142900844 0.200000003 p1 36939 8
3074 18324541 m2 3477276 -7.3659583e-05 0.200000003 p1 36948 8
2087 18325694 m2 2390146 -1.9478106e-05 0.200000003 p1 36953 8
4090 18325695 m2 4629837 -0.00108519814 0.200000003 p1 36953 8
3683 18328319 m2 4181071 -0.00110531226 0.200000003 p1 36965 8
2652 18328956 m2 3002993 -2.19333451e-05 0.200000003 p1 36968 8
1890 18329458 m2 2162755 -1.71506622e-06 0.200000003 p1 36970 8
465 18329757 m2 498112 -0.000273095327 0.200000003 p1 36972 8
3733 18333365 m2 4229703 -6.57976216e-06 0.200000003 p1 36987 8
4404 18333871 m2 4993129 -1.85600385e-07 0.200000003 p1 36989 8
1478 18334916 m2 1653700 -0.00178184058 0.200000003 p1 36994 8
3100 18335127 m2 3510055 -7.18826811e-08 0.200000003 p1 36995 8
814 18336846 m2 884634 -1.30116368e-05 0.200000003 p1 37003 8
3432 18344389 m2 3866315 -8.08491404e-06 0.200000003 p1 37037 8
473 18344507 m2 504516 -0.000193705418 0.200000003 p1 37037 8
2138 18349268 m2 2452788 -0.00488499738 0.200000003 p1 37059 8
2568 18351922 m2 2895706 -5.61085017e-07 0.200000003 p1 37072 8
1606 18357330 m2 1789614 -1.69538782e-06 0.200000003 p1 37096 8
2208 18359221 m2 2513418 -1.99231981e-05 0.200000003 p1 37105 8
4202 18360674 m2 4755795 -4.30345472e-06 0.200000003 p1 37112 8
1043 18360929 m2 1128111 -0.000823802897 0.200000003 p1 37113 8
2311 18362306 m2 2622290 -1.27522071e-05 0.200000003 p1 37119 8
2781 18372591 m2 3153803 -0.000548455573 0.200000003 p1 37167 8
1447 18376628 m2 1607887 -2.93653902e-05 0.200000003 p1 37186 8
1755 18378413 m2 1983190 -5.70949453e-07 0.200000003 p1 37194 8
2673 18379097 m2 3036100 -0.000141950542 0.200000003 p1 37197 8
2609 18382674 m2 2953176 -2.55607913e-11 0.200000003 p1 37214 8
3415 18383539 m2 3850218 -4.37290794e-07 0.200000003 p1 37218 8
531 18387904 m2 562406 -0.00362463994 0.200000003 p1 37239 8
2577 18390890 m2 2906716 -0.00428746827 0.200000003 p1 37253 8
3200 18393527 m2 3617240 -0.000556784857 0.200000003 p1 37265 8
2284 18398060 m2 2590497 -2.43906896e-07 0.200000003 p1 37286 8
2062 18398834 m2 2363526 -0.00109533372 0.200000003 p1 37289 8
2883 18399340 m2 3282463 -1.62652977e-05 0.200000003 p1 37291 8
2268 18401651 m2 2573511 -3.76284588e-05 0.200000003 p1 37302 8
3515 18401895 m2 3964697 -4.12977097e-05 0.200000003 p1 37303 8
2603 18402285 m2 2944873 -0.000264887203 0.200000003 p1 37305 8
2674 18406886 m2 3036246 -7.70096709e-10 0.200000003 p1 37325 8
528 18408203 m2 557756 -0.000180293573 0.200000003 p1 37330 8
2011 18409138 m2 2294758 -9.17675698e-06 0.200000003 p1 37335 8
4221 18409789 m2 4776907 -0.000668615277 0.200000003 p1 37338 8
2670 18410562 m2 3029359 -0.000308266346 0.200000003 p1 37341 8
3830 18413096 m2 4334211 -3.61456623e-05 0.200000003 p1 37353 8
435 18413311 m2 471202 -6.10806183e-06 0.200000003 p1 37354 8
4166 18413339 m2 4725085 -2.09902555e-05 0.200000003 p1 37354 8
823 18416358 m2 898187 -0.000107454944 0.200000003 p1 37368 8
424 18418466 m2 462967 -8.47681658e-05 0.200000003 p1 37377 8
266 18419190 m2 294966 -0.000586781127 0.200000003 p1 37380 8
4150 18420611 m2 4710330 -0.00121986342 0.200000003 p1 37387 8
554 18421158 m2 595092 -2.04284679e-05 0.200000003 p1 37390 8
1888 18422925 m2 2161886 -6.68523353e-05 0.200000003 p1 37398 8
1727 18423517 m2 1950037 -0.00522304559 0.200000003 p1 37401 8
3026 18424605 m2 3432621 -9.66739535e-05 0.200000003 p1 37406 8
182 18434101 m2 201410 -0.00101994583 0.200000003 p1 37450 8
1425 18437528 m2 1587662 -0.00121336314 0.200000003 p1 37465 8
3501 18447611 m2 3950090 -1.73195573e-08 0.200000003 p1 37511 8
4288 18448566 m2 4859311 -1.43697089e-05 0.200000003 p1 37515 8
44 18449037 m2 54146 -7.01803292e-05 0.200000003 p1 37517 8
4301 18455186 m2 4873385 -3.0727208e-06 0.200000003 p1 37545 8
723 18457260 m2 784613 -0.00145713333 0.200000003 p1 37554 8
2393 18458565 m2 2706667 -3.08646668e-06 0.200000003 p1 37561 8
2333 18460355 m2 2642426 -0.00554559287 0.200000003 p1 37569 8
1822 18462750 m2 2085984 -3.34038195e-05 0.200000003 p1 37580 8
1096 18464298 m2 1186450 -0.00387537037 0.200000003 p1 37587 8
96 18465658 m2 106173 -5.5637056e-06 0.200000003 p1 37593 8
3688 18471421 m2 4185588 -6.50938858e-09 0.200000003 p1 37620 8
555 18472423 m2 599371 -0.000297904888 0.200000003 p1 37624 8
2934 18473213 m2 3326685 -2.02668089e-05 0.200000003 p1 37628 8
1639 18474333 m2 1823258 -0.00226453878 0.200000003 p1 37633 8
2488 18474948 m2 2815428 -1.13271064e-07 0.200000003 p1 37636 8
2532 18479230 m2 2861805 -0.0015311609 0.200000003 p1 37655 8
500 18479346 m2 541564 -0.000425913138 0.200000003 p1 37656 8
2653 18483095 m2 3003947 -0.00115354452 0.200000003 p1 37673 8
627 18484440 m2 672721 -0.000971927773 0.200000003 p1 37679 8
452 18487807 m2 491259 -0.00202403171 0.200000003 p1 37694 8
2295 18487897 m2 2610694 -3.00515921e-07 0.200000003 p1 37695 8
309 18489544 m2 342096 -0.00142843043 0.200000003 p1 37702 8
1709 18491196 m2 1922681 -2.01725888e-05 0.200000003 p1 37710 8
2057 18491635 m2 2352309 -0.00031544792 0.200000003 p1 37712 8
282 18492731 m2 309666 -0.000290652883 0.200000003 p1 37717 8
2339 18495235 m2 2648235 -0.000201692121 0.200000003 p1 37728 8
2316 18499239 m2 2627344 -0.000836994848 0.200000003 p1 37746 8
3887 18500293 m2 4378828 -7.68538739e-05 0.200000003 p1 37751 8
818 18501595 m2 893113 -0.00235751271 0.200000003 p1 37757 8
3135 18502349 m2 3551329 -7.83692485e-06 0.200000003 p1 37760 8
2909 18503015 m2 3302133 -1.50789489e-07 0.200000003 p1 37763 8
2536 18503671 m2 2865205 -0.000112837683 0.200000003 p1 37766 8
1516 18504996 m2 1698693 -5.83316933e-06 0.200000003 p1 37772 8
427 18506027 m2 465334 -6.14597123e-11 0.200000003 p1 37776 8
363 18507247 m2 403030 -9.21311827e-09 0.200000003 p1 37782 8
2034 18507809 m2 2330267 -0.00364692509 0.200000003 p1 37784 8
56 18510721 m2 64240 -1.81434612e-09 0.200000003 p1 37798 8
281 18512020 m2 305616 -0.00444801711 0.200000003 p1 37803 8
612 18514248 m2 657303 -6.85156629e-05 0.200000003 p1 37813 8
3337 18514614 m2 3761189 -5.61450952e-06 0.200000003 p1 37815 8
1158 18514615 m2 1255857 -0.00028006424 0.200000003 p1 37815 8
1553 18515773 m2 1733218 -3.64243569e-08 0.200000003 p1 37820 8
1827 18516196 m2 2092280 -0.000260458735 0.200000003 p1 37822 8
3689 18520841 m2 4187397 -0.00140786055 0.200000003 p1 37844 8
1979 18523043 m2 2256896 -6.62507591e-05 0.200000003 p1 37854 8
2385 18523133 m2 2699777 -0.00300933397 0.200000003 p1 37854 8
1190 18523330 m2 1299950 -0.00128160289 0.200000003 p1 37855 8
1666 18523534 m2 1860096 -1.91402796e-06 0.200000003 p1 37856 8
1554 18524771 m2 1733498 -3.71564201e-05 0.200000003 p1 37862 8
1001 18525816 m2 1081181 -0.000290574593 0.200000003 p1 37867 8
156 18528180 m2 171148 -0.000219167545 0.200000003 p1 37878 8
1261 18528567 m2 1380581 -0.00128664728 0.200000003 p1 37880 8
2079 18532828 m2 2380489 -0.000222105024 0.200000003 p1 37900 8
1912 18533706 m2 2183735 -1.41710404e-06 0.200000003 p1 37904 8
2728 18536957 m2 3106747 -0.00334701966 0.200000003 p1 37919 8
1748 18537098 m2 1974649 -0.00566591462 0.200000003 p1 37919 8
3225 18538464 m2 3639776 -9.2908238e-05 0.200000003 p1 37926 8
2904 18541434 m2 3300195 -0.000250201032 0.200000003 p1 37939 8
1027 18543792 m2 1111590 -0.000153063113 0.200000003 p1 37951 8
1657 18544355 m2 1839261 -0.000109910994 0.200000003 p1 37953 8
237 18545433 m2 270032 -0.000319043233 0.200000003 p1 37958 8
1042 18545732 m2 1127227 -6.00265957e-05 0.200000003 p1 37960 8
3692 18547138 m2 4188491 -3.92155744e-06 0.200000003 p1 37967 8
4266 18549335 m2 4841779 -3.58644902e-05 0.200000003 p1 37977 8
3804 18552739 m2 4309737 -0.000264856353 0.200000003 p1 37992 8
3690 18561472 m2 4187481 -0.000728499785 0.200000003 p1 38034 8
1134 18562464 m2 1229122 -0.00252453843 0.200000003 p1 38039 8
3895 18565072 m2 4393145 -0.000157932693 0.200000003 p1 38051 8
2805 18567901 m2 3188989 -2.18769947e-05 0.200000003 p1 38065 8
4004 18568929 m2 4518794 -0.00048693156 0.200000003 p1 38070 8
3807 18570344 m2 4310800 -1.14654731e-05 0.200000003 p1 38077 8
3480 18572972 m2 3927232 -0.000654023432 0.200000003 p1 38089 8
3748 18573258 m2 4242445 -2.18154952e-08 0.200000003 p1 38090 8
327 18574219 m2 361061 -0.00108416856 0.200000003 p1 38095 8
1592 18575602 m2 1771713 -6.72617587e-11 0.200000003 p1 38101 8
4224 18578376 m2 4777751 -9.53335402e-05 0.200000003 p1 38115 8
1222 18579141 m2 1338666 -0.000381126563 0.200000003 p1 38118 8
4261 18579485 m2 4835205 -2.06628471e-07 0.200000003 p1 38120 8
1570 18582225 m2 1750415 -0.000934925221 0.200000003 p1 38133 8
3452 18588899 m2 3893181 -0.00114848372 0.200000003 p1 38165 8
1386 18593530 m2 1545102 -0.000837782165 0.200000003 p1 38187 8
19 18594195 m2 20527 -0.00154076039 0.200000003 p1 38190 8
147 18595394 m2 161528 -3.13837201e-09 0.200000003 p1 38196 8
3545 18596658 m2 4011912 -0.00137427449 0.200000003 p1 38202 8
29 18597283 m2 32564 -0.00344751403 0.200000003 p1 38205 8
3014 18598620 m2 3423337 -0.0008656563 0.200000003 p1 38211 8
689 18599306 m2 738940 -0.000387106847 0.200000003 p1 38214 8
1555 18601995 m2 1734166 -0.00194681715 0.200000003 p1 38226 8
1200 18602916 m2 1309471 -0.00102771493 0.200000003 p1 38231 8
1085 18607752 m2 1174361 -0.00698265294 0.200000003 p1 38255 8
2131 18609120 m2 2442180 -0.00178068795 0.200000003 p1 38262 8
3637 18609654 m2 4106843 -3.82473672e-06 0.200000003 p1 38264 8
3139 18610722 m2 3555583 -1.59380324e-05 0.200000003 p1 38269 8
3992 18613786 m2 4505346 -0.00163879257 0.200000003 p1 38285 8
3612 18622670 m2 4077466 -0.00411507301 0.200000003 p1 38327 8
1706 18625332 m2 1918351 -3.34937722e-05 0.200000003 p1 38340 8
1976 18625548 m2 2253138 -4.61774871e-05 0.200000003 p1 38341 8
1952 18626137 m2 2223388 -0.000201256422 0.200000003 p1 38343 8
1047 18626846 m2 1130604 -8.87689922e-10 0.200000003 p1 38347 8
1504 18626893 m2 1688342 -2.83363279e-05 0.200000003 p1 38347 8
1932 18629722 m2 2205699 -0.000233579733 0.200000003 p1 38360 8
3308 18634516 m2 3724986 -3.09029492e-05 0.200000003 p1 38383 8
3734 18635272 m2 4231227 -0.000687173801 0.200000003 p1 38387 8
2824 18636041 m2 3229140 -2.25247163e-07 0.200000003 p1 38390 8
1240 18637437 m2 1354100 -5.7634843e-05 0.200000003 p1 38397 8
1751 18640463 m2 1976586 -0.00588049972 0.200000003 p1 38412 8
420 18640517 m2 460538 -0.000613506709 0.200000003 p1 38412 8
1864 18640597 m2 2136708 -0.00105785148 0.200000003 p1 38412 8
574 18641547 m2 623096 -0.0022575981 0.200000003 p1 38417 8
2998 18646554 m2 3407442 -0.000899312727 0.200000003 p1 38440 8
2406 18646720 m2 2732339 -0.00106493919 0.200000003 p1 38441 8
3247 18648811 m2 3659711 -0.000723582983 0.200000003 p1 38451 8
2698 18652352 m2 3071498 -2.01345074e-06 0.200000003 p1 38468 8
1920 18653519 m2 2190098 -4.10261237e-05 0.200000003 p1 38474 8
808 18657702 m2 878839 -6.72951355e-05 0.200000003 p1 38495 8
328 18658270 m2 362630 -1.37382085e-05 0.200000003 p1 38498 8
1242 18659012 m2 1357807 -0.000370614696 0.200000003 p1 38501 8
1546 18660706 m2 1723129 -6.75229603e-05 0.200000003 p1 38510 8
2397 18663773 m2 2718994 -0.000583848858 0.200000003 p1 38525 8
2867 18673143 m2 3271018 -0.00623736344 0.200000003 p1 38573 8
303 18674061 m2 333435 -3.33317901e-10 0.200000003 p1 38578 8
226 18674180 m2 257297 -0.00164538005 0.200000003 p1 38578 8
4219 18675324 m2 4773416 -6.59064681e-05 0.200000003 p1 38584 8
3977 18681349 m2 4488184 -6.25722969e-05 0.200000003 p1 38614 8
4240 18683114 m2 4800870 -0.00300831511 0.200000003 p1 38623 8
34 18683651 m2 35928 -3.02893068e-06 0.200000003 p1 38625 8
1450 18684582 m2 1611716 -0.00100520323 0.200000003 p1 38630 8
2067 18685569 m2 2367924 -0.00318464939 0.200000003 p1 38635 8
2624 18686139 m2 2973716 -0.000839554588 0.200000003 p1 38638 8
704 18687774 m2 754269 -1.77750294e-07 0.200000003 p1 38646 8
2526 18689559 m2 2853358 -0.000118651296 0.200000003 p1 38655 8
3551 18696880 m2 4015890 -0.00350138568 0.200000003 p1 38692 8
4410 18698642 m2 4996725 -2.05185152e-05 0.200000003 p1 38701 8
2848 18699908 m2 3248119 -5.54276157e-05 0.200000003 p1 38708 8
3604 18700755 m2 4066477 -0.00410309155 0.200000003 p1 38712 8
4333 18700948 m2 4906074 -0.00260633184 0.200000003 p1 38713 8
1951 18701283 m2 2222504 -6.66410506e-06 0.200000003 p1 38715 8
91 18701326 m2 99500 -5.26432959e-05 0.200000003 p1 38715 8
1168 18701547 m2 1267358 -0.000414696202 0.200000003 p1 38716 8
2864 18704059 m2 3267490 -1.63296399e-09 0.200000003 p1 38729 8
4234 18704189 m2 4787442 -4.36233404e-06 0.200000003 p1 38730 8
2477 18706262 m2 2805244 -0.00496007083 0.200000003 p1 38740 8
1802 18707990 m2 2056777 -6.43215753e-05 0.200000003 p1 38749 8
839 18708743 m2 913319 -3.22044116e-06 0.200000003 p1 38752 8
3237 18710032 m2 3649903 -1.92506211e-12 0.200000003 p1 38758 8
2802 18710223 m2 3186979 -0.00267166574 0.200000003 p1 38759 8
514 18710459 m2 550576 -0.000238864566 0.200000003 p1 38761 8
1632 18714733 m2 1817983 -1.74750676e-05 0.200000003 p1 38782 8
262 18715156 m2 293054 -1.57341819e-05 0.200000003 p1 38784 8
2207 18715694 m2 2512485 -1.72398759e-05 0.200000003 p1 38787 8
1368 18716874 m2 1509072 -0.00188995362 0.200000003 p1 38792 8
2794 18719682 m2 3174209 -0.00848914403 0.200000003 p1 38806 8
2463 18720901 m2 2788196 -1.60772402e-06 0.200000003 p1 38812 8
945 18721750 m2 1036890 -2.88760366e-05 0.200000003 p1 38816 8
871 18725475 m2 949877 -1.50505912e-06 0.200000003 p1 38835 8
3130 18727385 m2 3545274 -0.000297591905 0.200000003 p1 38844 8
2491 18729978 m2 2818507 -4.54791962e-06 0.200000003 p1 38858 8
2594 18730830 m2 2931793 -2.05619813e-06 0.200000003 p1 38862 8
2139 18731714 m2 2452836 -3.9478673e-05 0.200000003 p1 38866 8
2279 18731724 m2 2584057 -6.88758591e-05 0.200000003 p1 38866 8
2742 18734519 m2 3114154 -0.00304055028 0.200000003 p1 38880 8
1245 18735520 m2 1362150 -2.73866485e-09 0.200000003 p1 38885 8
2859 18737311 m2 3262743 -0.000751429237 0.200000003 p1 38894 8
118 18737545 m2 133119 -9.85956358e-05 0.200000003 p1 38896 8
2833 18738189 m2 3238837 -0.000748329039 0.200000003 p1 38899 8
3313 18739171 m2 3730194 -0.000471809093 0.200000003 p1 38904 8
1126 18742413 m2 1221039 -4.28934363e-05 0.200000003 p1 38922 8
3652 18744781 m2 4137454 -0.00289528328 0.200000003 p1 38934 8
2993 18745076 m2 3398516 -4.91885694e-05 0.200000003 p1 38935 8
1506 18745981 m2 1690429 -0.00245695235 0.200000003 p1 38940 8
705 18747178 m2 754309 -0.00119967747 0.200000003 p1 38946 8
3096 18747837 m2 3505927 -1.8655042e-08 0.200000003 p1 38949 8
1948 18749978 m2 2219598 -8.87370035e-08 0.200000003 p1 38960 8
158 18754800 m2 174159 -0.000683219288 0.200000003 p1 38985 8
1127 18755631 m2 1221603 -0.00797215756 0.200000003 p1 38989 8
1682 18758297 m2 1884357 -0.00111929607 0.200000003 p1 39003 8
897 18758806 m2 980837 -0.00398350181 0.200000003 p1 39006 8
4162 18760979 m2 4721522 -7.49703941e-06 0.200000003 p1 39017 8
2113 18762965 m2 2423816 -0.00207455154 0.200000003 p1 39027 8
3421 18763141 m2 3854551 -8.28373049e-06 0.200000003 p1 39028 8
1237 18763754 m2 1351267 -0.000986630796 0.200000003 p1 39032 8
1307 18770276 m2 1437344 -0.0020895889 0.200000003 p1 39067 8
2790 18773980 m2 3165718 -0.0019331784 0.200000003 p1 39086 8
3351 18776096 m2 3774177 -1.05142653e-05 0.200000003 p1 39098 8
3829 18779984 m2 4331148 -0.00100572559 0.200000003 p1 39119 8
611 18783374 m2 657264 -0.000259418826 0.200000003 p1 39137 8
801 18783375 m2 874728 -6.06916801e-05 0.200000003 p1 39137 8
3624 18784096 m2 4092077 -0.000403527549 0.200000003 p1 39141 8
828 18787251 m2 901718 -9.54656207e-05 0.200000003 p1 39158 8
2733 18787413 m2 3109052 -0.000726920553 0.200000003 p1 39159 8
2631 18787782 m2 2980589 -0.00330879376 0.200000003 p1 39161 8
1320 18793004 m2 1456610 -0.0032676179 0.200000003 p1 39187 8
2273 18796052 m2 2580594 -0.000668901543 0.200000003 p1 39203 8
3601 18799980 m2 4065282 -0.000731581647 0.200000003 p1 39224 8
2066 18800502 m2 2366807 -3.90106607e-06 0.200000003 p1 39227 8
2367 18802544 m2 2682844 -0.00162399828 0.200000003 p1 39238 8
4087 18802811 m2 4626456 -0.000266305666 0.200000003 p1 39239 8
146 18805116 m2 161412 -1.48097697e-05 0.200000003 p1 39252 8
1708 18805255 m2 1921061 -3.33493381e-06 0.200000003 p1 39253 8
2581 18805536 m2 2916916 -4.82340765e-05 0.200000003 p1 39254 8
2428 18811210 m2 2753850 -0.00234321319 0.200000003 p1 39285 8
3111 18811861 m2 3521726 -0.0003510479 0.200000003 p1 39288 8
1463 18812274 m2 1630067 -8.24898052e-06 0.200000003 p1 39291 8
2971 18812721 m2 3371039 -9.08018137e-07 0.200000003 p1 39293 8
1411 18813893 m2 1578789 -2.98192361e-07 0.200000003 p1 39299 8
1880 18815695 m2 2153365 -1.56620717e-05 0.200000003 p1 39309 8
1185 18816993 m2 1297406 -0.000675865565 0.200000003 p1 39316 8
2505 18817848 m2 2827199 -6.60177824e-09 0.200000003 p1 39320 8
2064 18820498 m2 2365009 -6.50910943e-06 0.200000003 p1 39335 8
1630 18820648 m2 1816672 -0.000814458297 0.200000003 p1 39336 8
4204 18820668 m2 4756988 -0.00243045366 0.200000003 p1 39336 8
3020 18821195 m2 3426011 -0.00281287311 0.200000003 p1 39339 8
4161 18821321 m2 4720414 -0.000458820083 0.200000003 p1 39340 8
3598 18823496 m2 4062926 -1.72783639e-05 0.200000003 p1 39351 8
2193 18828281 m2 2502122 -8.35131061e-07 0.200000003 p1 39377 8
55 18828617 m2 62920 -0.000779105932 0.200000003 p1 39379 8
4009 18831340 m2 4525796 -0.0047734445 0.200000003 p1 39394 8
1744 18838540 m2 1969489 -1.15676203e-05 0.200000003 p1 39435 8
2186 18850221 m2 2498445 -5.98468396e-05 0.200000003 p1 39498 8
3530 18851674 m2 3980404 -1.1918825e-07 0.200000003 p1 39506 8
2832 18852929 m2 3236176 -1.55515045e-05 0.200000003 p1 39512 8
1590 18853126 m2 1769872 -5.93881389e-09 0.200000003 p1 39514 8
383 18853420 m2 427396 -5.81070858e-10 0.200000003 p1 39515 8
2485 18854091 m2 2812380 -5.46229712e-05 0.200000003 p1 39519 8
1978 18856716 m2 2253904 -3.69066977e-09 0.200000003 p1 39534 8
3603 18858538 m2 4066099 -6.51117516e-05 0.200000003 p1 39544 8
509 18859522 m2 546787 -0.000326918467 0.200000003 p1 39549 8
2451 18861117 m2 2780275 -0.000538629189 0.200000003 p1 39558 8
3117 18861537 m2 3527464 -1.72891632e-05 0.200000003 p1 39560 8
1236 18866046 m2 1350937 -2.17826823e-09 0.200000003 p1 39585 8
2696 18866659 m2 3069059 -5.76133716e-05 0.200000003 p1 39589 8
207 18873087 m2 239185 -0.000194080014 0.200000003 p1 39624 8
1084 18873953 m2 1172566 -0.00199933769 0.200000003 p1 39629 8
3255 18875318 m2 3668345 -0.000104798186 0.200000003 p1 39637 8
109 18875936 m2 121406 -6.34207609e-05 0.200000003 p1 39641 8
765 18878450 m2 830351 -1.56590359e-05 0.200000003 p1 39655 8
1060 18879545 m2 1144216 -0.00121577596 0.200000003 p1 39662 8
4165 18880048 m2 4724710 -0.00409582304 0.200000003 p1 39665 8
130 18882049 m2 144982 -1.28121237e-05 0.200000003 p1 39676 8
3231 18882310 m2 3644707 -2.16910848e-05 0.200000003 p1 39677 8
767 18883032 m3 834225 0.00557507388 0.5 p1 39682 8
3043 18884411 m2 3448306 -0.00457263831 0.200000003 p1 39689 8
2592 18884457 m2 2930693 -4.35417284e-08 0.200000003 p1 39689 8
3947 18885056 m2 4453872 -0.0120359017 0.200000003 p1 39693 8
3504 18886105 m2 3951284 -6.71000578e-07 0.200000003 p1 39699 8
9 18890362 m2 9016 -0.00468521845 0.200000003 p1 39723 8
724 18894960 m2 787070 -1.95563325e-06 0.200000003 p1 39749 8
3512 18894962 m2 3959320 -0.00103693339 0.200000003 p1 39749 8
3086 18895664 m2 3488494 -5.78189474e-06 0.200000003 p1 39753 8
3597 18895682 m2 4062361 -0.000969680084 0.200000003 p1 39753 8
3344 18896037 m2 3765370 -5.98316547e-05 0.200000003 p1 39755 8
1105 18899919 m2 1195697 -5.67910547e-07 0.200000003 p1 39777 8
2578 18901211 m2 2909732 -1.1224588e-06 0.200000003 p1 39784 8
2174 18903042 m2 2488029 -0.00108621072 0.200000003 p1 39794 8
4200 18903743 m2 4753964 -5.36781772e-06 0.200000003 p1 39798 8
4315 18903933 m2 4886039 -0.0011698358 0.200000003 p1 39799 8
1777 18904887 m2 2015191 -0.000577060564 0.200000003 p1 39805 8
404 18907041 m2 439836 -8.423076e-06 0.200000003 p1 39817 8
4026 18907510 m2 4548723 -0.00166321709 0.200000003 p1 39820 8
195 18910553 m2 223963 -2.73341684e-05 0.200000003 p1 39837 8
4290 18911612 m2 4860277 -2.40200471e-10 0.200000003 p1 39843 8
3338 18913548 m2 3762071 -5.60604276e-05 0.200000003 p1 39854 8
3746 18919943 m2 4241318 -2.65677613e-06 0.200000003 p1 39889 8
3438 18921336 m2 3872928 -0.000595907564 0.200000003 p1 39896 8
2402 18922153 m2 2727242 -0.001243865 0.200000003 p1 39901 8
3656 18927551 m2 4149274 -1.23529153e-05 0.200000003 p1 39931 8
3103 18928186 m2 3511022 -0.000315277401 0.200000003 p1 39934 8
3274 18930202 m2 3691404 -3.91873436e-06 0.200000003 p1 39945 8
2534 18930828 m2 2864714 -0.00110126112 0.200000003 p1 39949 8
2798 18932060 m2 3177460 -0.000159018076 0.200000003 p1 39956 8
1312 18933557 m2 1448035 -0.000276630308 0.200000003 p1 39964 8
3071 18942402 m2 3475155 -3.9031318e-05 0.200000003 p1 40012 8
590 18942524 m2 640450 -4.98562695e-05 0.200000003 p1 40013 8
3392 18944829 m2 3815346 -9.52642149e-05 0.200000003 p1 40026 8
373 18945746 m2 414913 -3.71750466e-05 0.200000003 p1 40032 8
3767 18947368 m2 4267908 -0.000303082488 0.200000003 p1 40041 8
1241 18948624 m2 1357073 -0.00153505395 0.200000003 p1 40048 8
267 18949133 m2 295098 -8.65287511e-05 0.200000003 p1 40050 8
3925 18949323 m2 4426676 -1.67114337e-07 0.200000003 p1 40051 8
2716 18951486 m2 3091673 -3.9417742e-07 0.200000003 p1 40063 8
68 18954110 m2 73143 -6.98612257e-06 0.200000003 p1 40078 8
3472 18954578 m2 3909483 -8.42045665e-06 0.200000003 p1 40081 8
2615 18959382 m2 2966866 -3.56477685e-05 0.200000003 p1 40108 8
3531 18959414 m2 3980764 -8.49611581e-09 0.200000003 p1 40108 8
2392 18960339 m2 2706553 -0.000279613916 0.200000003 p1 40113 8
3952 18961002 m2 4460366 -1.19367351e-05 0.200000003 p1 40117 8
3645 18961024 m2 4120933 -3.66809254e-05 0.200000003 p1 40117 8
1845 18961135 m2 2119721 -4.15789182e-05 0.200000003 p1 40118 8
901 18968268 m2 985481 -0.000205733129 0.200000003 p1 40160 8
129 18968809 m2 144771 -3.17326908e-06 0.200000003 p1 40163 8
3773 18970117 m2 4271255 -1.9519797e-07 0.200000003 p1 40170 8
2070 18973908 m2 2369117 -5.79665516e-09 0.200000003 p1 40192 8
1720 18974275 m2 1935517 -6.84933665e-09 0.200000003 p1 40194 8
2589 18975962 m2 2923217 -4.05450473e-09 0.200000003 p1 40203 8
3290 18977291 m2 3705170 -0.00453584408 0.200000003 p1 40211 8
4046 18977633 m2 4585792 -8.16121756e-05 0.200000003 p1 40213 8
242 18979135 m2 275416 -0.00723332167 0.200000003 p1 40221 8
1341 18979850 m2 1472913 -0.0103570633 0.200000003 p1 40225 8
499 18981448 m2 541272 -1.24626547e-06 0.200000003 p1 40234 8
228 18981775 m2 257931 -3.10137739e-06 0.200000003 p1 40236 8
2169 18983226 m2 2484052 -9.54138377e-05 0.200000003 p1 40244 8
1881 18987769 m2 2156390 -0.00182504742 0.200000003 p1 40270 8
3989 18989309 m2 4502147 -0.000106990417 0.200000003 p1 40279 8
3379 18992650 m2 3796839 -0.00205081631 0.200000003 p1 40298 8
3066 18993784 m2 3468796 -8.24012022e-06 0.200000003 p1 40304 8
362 18995784 m2 400876 -2.41917206e-08 0.200000003 p1 40315 8
4335 18998653 m2 4915711 -0.00128220837 0.200000003 p1 40331 8
4110 18999431 m2 4663351 -1.00992183e-05 0.200000003 p1 40336 8
1885 19001486 m2 2159958 -0.00913902372 0.200000003 p1 40348 8
448 19002064 m2 487402 -0.000336843746 0.200000003 p1 40351 8
3465 19003938 m2 3905209 -0.00090200972 0.200000003 p1 40362 8
1330 19004949 m2 1465515 -1.33710828e-05 0.200000003 p1 40368 8
3143 19005207 m2 3558374 -0.000322645035 0.200000003 p1 40369 8
580 19005456 m2 631580 -6.98292115e-06 0.200000003 p1 40371 8
403 19006006 m2 439823 -2.16015796e-05 0.200000003 p1 40374 8
3151 19008304 m2 3565890 -0.00495856814 0.200000003 p1 40387 8
1491 19009669 m2 1671348 -7.84040779e-08 0.200000003 p1 40396 8
2970 19011014 m2 3369755 -0.0028581873 0.200000003 p1 40404 8
3394 19011155 m2 3816326 -7.28886007e-05 0.200000003 p1 40405 8
3632 19013438 m2 4099907 -0.000906392233 0.200000003 p1 40418 8
304 19014517 m2 334314 -7.27454608e-05 0.200000003 p1 40425 8
4205 19017101 m2 4757592 -0.00182691379 0.200000003 p1 40440 8
1605 19017404 m2 1789098 -6.16538102e-07 0.200000003 p1 40442 8
1251 19018457 m2 1370640 -4.02156256e-05 0.200000003 p1 40448 8
3752 19018560 m2 4245763 -0.000530601072 0.200000003 p1 40449 8
2074 19022613 m2 2376116 -4.67578411e-06 0.200000003 p1 40473 8
67 19023398 m2 72972 -7.61385309e-07 0.200000003 p1 40477 8
3505 19024514 m2 3954364 -0.000524544215 0.200000003 p1 40484 8
915 19028642 m2 994547 -0.000376907323 0.200000003 p1 40508 8
3082 19031405 m2 3482263 -0.000680388534 0.200000003 p1 40524 8
679 19031788 m2 725244 -0.000920506893 0.200000003 p1 40526 8
1408 19032234 m2 1574493 -0.000743691053 0.200000003 p1 40528 8
1414 19032235 m2 1579884 -3.20144954e-06 0.200000003 p1 40528 8
671 19033249 m2 718632 -0.000183476179 0.200000003 p1 40534 8
4016 19039422 m2 4533982 -0.000744872261 0.200000003 p1 40570 8
3401 19040334 m2 3827796 -0.000857825507 0.200000003 p1 40575 8
1643 19040517 m2 1828080 -0.00689410279 0.200000003 p1 40577 8
2383 19043299 m2 2698498 -8.8388008e-10 0.200000003 p1 40593 8
670 19044109 m2 717642 -2.31312811e-06 0.200000003 p1 40597 8
2498 19044615 m2 2822353 -0.0010533476 0.200000003 p1 40600 8
3503 19046505 m2 3950891 -0.000163286008 0.200000003 p1 40611 8
3583 19046519 m2 4053556 -0.00274220482 0.200000003 p1 40611 8
2903 19048586 m2 3299791 -0.00811074674 0.200000003 p1 40623 8
2741 19052031 m2 3113186 -6.00241328e-05 0.200000003 p1 40643 8
3700 19053618 m2 4197148 -2.31127865e-06 0.200000003 p1 40653 8
1073 19056754 m2 1160269 -0.000107081134 0.200000003 p1 40671 8
1672 19057680 m2 1870121 -6.24385793e-05 0.200000003 p1 40677 8
1774 19057681 m2 2008824 -1.07262137e-08 0.200000003 p1 40677 8
3164 19058128 m2 3581225 -2.6403859e-06 0.200000003 p1 40680 8
470 19060923 m2 501426 -7.70178849e-06 0.200000003 p1 40696 8
2710 19061919 m2 3080148 -1.60083488e-07 0.200000003 p1 40702 8
3285 19063841 m2 3701416 -0.000982611557 0.200000003 p1 40713 8
734 19068947 m2 796472 -0.000167523249 0.200000003 p1 40744 8
1403 19070952 m2 1565722 -0.000208437472 0.200000003 p1 40757 8
1129 19079915 m2 1223470 -0.000446464575 0.200000003 p1 40811 8
1620 19081155 m2 1807033 -0.00117211277 0.200000003 p1 40819 8
855 19081793 m2 929874 -0.000150127948 0.200000003 p1 40823 8
3651 19082295 m2 4135055 -0.00475713564 0.200000003 p1 40826 8
700 19084269 m2 750303 -0.00126047968 0.200000003 p1 40838 8
2875 19088906 m2 3276306 -0.00112223206 0.200000003 p1 40866 8
3134 19090863 m2 3548918 -2.89241198e-05 0.200000003 p1 40877 8
4071 19091996 m2 4613558 -3.51709859e-05 0.200000003 p1 40884 8
1467 19092975 m2 1636361 -2.18611518e-07 0.200000003 p1 40890 8
567 19095131 m2 616369 -1.01601081e-05 0.200000003 p1 40903 8
1420 19095566 m2 1583655 -0.00151068182 0.200000003 p1 40906 8
3165 19103357 m2 3583029 -7.5023745e-05 0.200000003 p1 40953 8
1282 19104886 m2 1408730 -0.00452225376 0.200000003 p1 40962 8
350 19106893 m2 386576 -0.00241933716 0.200000003 p1 40975 8
2217 19108477 m2 2519340 -0.000729335821 0.200000003 p1 40984 8
4262 19108586 m2 4835747 -0.0023984639 0.200000003 p1 40985 8
2270 19111445 m2 2575248 -2.98391822e-09 0.200000003 p1 41002 8
880 19115538 m2 964121 -5.2578398e-05 0.200000003 p1 41028 8
120 19115808 m2 136665 -7.27265142e-05 0.200000003 p1 41030 8
2650 19116677 m2 3001804 -0.000103272723 0.200000003 p1 41035 8
2043 19118852 m2 2337633 -7.9524958e-05 0.200000003 p1 41049 8
1295 19119155 m2 1419859 -8.84188266e-05 0.200000003 p1 41051 8
1030 19119160 m2 1117961 -0.00564526301 0.200000003 p1 41051 8
1717 19119876 m2 1931841 -0.00513263093 0.200000003 p1 41055 8
275 19121831 m2 303025 -0.00382335065 0.200000003 p1 41067 8
2326 19123649 m2 2637937 -8.51704485e-10 0.200000003 p1 41078 8
1511 19127011 m2 1692800 -0.000190579492 0.200000003 p1 41100 8
1728 19127177 m2 1950603 -1.05353065e-05 0.200000003 p1 41101 8
1977 19127198 m2 2253781 -0.000235969404 0.200000003 p1 41102 8
2986 19127360 m2 3391546 -0.000329028378 0.200000003 p1 41102 8
3301 19128421 m2 3720097 -1.60800013e-07 0.200000003 p1 41109 8
3691 19129341 m2 4187656 -0.000195148707 0.200000003 p1 41114 8
495 19130874 m2 536546 -4.01588835e-07 0.200000003 p1 41124 8
440 19131384 m2 477881 -0.000751039071 0.200000003 p1 41127 8
1068 19135447 m2 1158358 -3.44617074e-05 0.200000003 p1 41151 8
170 19139201 m2 191757 -3.29691097e-09 0.200000003 p1 41175 8
957 19139682 m2 1047172 -4.74166518e-05 0.200000003 p1 41178 8
927 19140596 m2 1011250 -0.000582592736 0.200000003 p1 41185 8
2984 19143267 m2 3390728 -6.79994287e-07 0.200000003 p1 41201 8
4370 19143782 m2 4962412 -1.08256581e-09 0.200000003 p1 41205 8
1187 19145259 m2 1299341 -2.3580069e-05 0.200000003 p1 41214 8
2880 19146842 m2 3280726 -0.00159353169 0.200000003 p1 41224 8
2495 19147303 m2 2820452 -3.22423186e-12 0.200000003 p1 41228 8
2203 19148521 m2 2508957 -0.00023292964 0.200000003 p1 41235 8
1579 19152214 m2 1759932 -0.00106442545 0.200000003 p1 41259 8
1789 19152563 m2 2041719 -4.80081462e-06 0.200000003 p1 41261 8
3475 19153006 m2 3912809 -7.12825858e-05 0.200000003 p1 41264 8
2754 19155976 m2 3128784 -5.23865992e-06 0.200000003 p1 41282 8
2751 19156310 m2 3125292 -0.0014178917 0.200000003 p1 41284 8
673 19160173 m2 718827 -0.000570119184 0.200000003 p1 41309 8
2618 19160297 m2 2970133 -4.12921679e-08 0.200000003 p1 41310 8
3138 19163505 m2 3554510 -9.05049546e-07 0.200000003 p1 41330 8
3052 19163511 m2 3459789 -4.46981467e-05 0.200000003 p1 41330 8
2450 19164766 m2 2779973 -0.000259323744 0.200000003 p1 41338 8
163 19166036 m2 179161 -0.000337406876 0.200000003 p1 41346 8
1954 19167037 m2 2227435 -0.000884514826 0.200000003 p1 41353 8
288 19167179 m2 320093 -0.000267680531 0.200000003 p1 41354 8
3994 19168870 m2 4509638 -0.00169641839 0.200000003 p1 41364 8
917 19171893 m2 996284 -0.000458914757 0.200000003 p1 41383 8
2587 19172720 m2 2921508 -0.00189779769 0.200000003 p1 41388 8
2302 19173331 m2 2615969 -0.000138314135 0.200000003 p1 41392 8
2458 19175094 m2 2786251 -0.00034699688 0.200000003 p1 41404 8
634 19175921 m2 678520 -0.00575040886 0.200000003 p1 41409 8
650 19177903 m2 694165 -0.000178566625 0.200000003 p1 41422 8
4336 19178636 m2 4916047 -0.00152487378 0.200000003 p1 41427 8
2541 19180235 m2 2871823 -0.0043672584 0.200000003 p1 41437 8
2863 19182233 m2 3266382 -3.92372658e-06 0.200000003 p1 41450 8
2637 19185339 m2 2988605 -0.000614176563 0.200000003 p1 41469 8
803 19185348 m2 875704 -0.00134297716 0.200000003 p1 41469 8
1963 19187353 m2 2235567 -1.979092e-09 0.200000003 p1 41482 8
2094 19188315 m2 2396863 -0.0027269295 0.200000003 p1 41488 8
4268 19188588 m2 4842484 -3.75739401e-05 0.200000003 p1 41489 8
4408 19190127 m2 4995619 -0.0107970536 0.200000003 p1 41499 8
1591 19192248 m2 1770846 -2.48428341e-06 0.200000003 p1 41513 8
979 19193204 m2 1062506 -0.000741957396 0.200000003 p1 41519 8
3329 19193468 m2 3753326 -9.6755798e-07 0.200000003 p1 41520 8
1202 19194031 m2 1312380 -5.93023542e-05 0.200000003 p1 41524 8
4041 19196428 m2 4572074 -0.000251113757 0.200000003 p1 41539 8
1016 19199681 m2 1101477 -0.00306560821 0.200000003 p1 41559 8
3358 19202716 m2 3779661 -3.73065154e-06 0.200000003 p1 41577 8
1189 19204647 m2 1299800 -0.000824790215 0.200000003 p1 41589 8
2997 19205167 m2 3402734 -0.000633533695 0.200000003 p1 41593 8
1298 19206842 m2 1421492 -1.61415883e-05 0.200000003 p1 41603 8
769 19208540 m2 837918 -0.000176354675 0.200000003 p1 41614 8
521 19208550 m2 552878 -0.000972475449 0.200000003 p1 41614 8
2630 19211587 m2 2979697 -3.7711568e-06 0.200000003 p1 41633 8
758 19216854 m2 823476 -1.22874098e-06 0.200000003 p1 41666 8
1567 19217607 m2 1747096 -0.000466212048 0.200000003 p1 41671 8
2588 19217720 m2 2921656 -4.57950264e-05 0.200000003 p1 41672 8
2325 19223296 m2 2637775 -5.70360498e-06 0.200000003 p1 41707 8
3932 19223900 m2 4434258 -0.000161777105 0.200000003 p1 41711 8
1325 19225681 m2 1459753 -0.000115944509 0.200000003 p1 41723 8
198 19227028 m2 227911 -0.00126749126 0.200000003 p1 41732 8
3883 19228841 m2 4376352 -0.00102025387 0.200000003 p1 41744 8
1028 19229500 m2 1114159 -0.000948580389 0.200000003 p1 41749 8
1617 19230575 m2 1803015 -3.11053554e-06 0.200000003 p1 41756 8
1699 19232488 m2 1907024 -2.72900015e-05 0.200000003 p1 41768 8
12 19232607 m2 11671 -0.000504247786 0.200000003 p1 41769 8
1229 19234446 m2 1344845 -0.00391909294 0.200000003 p1 41781 8
4044 19238782 m2 4584500 -0.000568532152 0.200000003 p1 41811 8
3294 19240221 m2 3714028 -0.000207078745 0.200000003 p1 41820 8
3216 19241025 m2 3630594 -0.00196297793 0.200000003 p1 41826 8
3867 19243287 m2 4363219 -0.00218152557 0.200000003 p1 41841 8
83 19245299 m2 87764 -0.0010425105 0.200000003 p1 41854 8
2352 19245447 m2 2666488 -0.000997787225 0.200000003 p1 41855 8
3183 19247519 m2 3602040 -2.0395204e-05 0.200000003 p1 41870 8
1123 19248761 m2 1214294 -1.81941062e-09 0.200000003 p1 41878 8
3506 19249215 m2 3956163 -6.76705022e-05 0.200000003 p1 41881 8
2662 19250719 m2 3016749 -0.000994514325 0.200000003 p1 41891 8
1906 19252107 m2 2179046 -9.45362845e-05 0.200000003 p1 41900 8
3011 19253241 m2 3421300 -8.92075249e-08 0.200000003 p1 41907 8
1130 19253723 m2 1225649 -1.24895962e-07 0.200000003 p1 41910 8
1942 19255053 m3 2213742 0.00095873425 0.5 p1 41919 8
4368 19256629 m2 4956844 -0.000244110634 0.200000003 p1 41930 8
334 19257198 m2 366945 -2.43892623e-06 0.200000003 p1 41934 8
1369 19257409 m2 1511024 -5.96873979e-05 0.200000003 p1 41935 8
2877 19257533 m2 3278891 -4.23823758e-06 0.200000003 p1 41936 8
3552 19257633 m2 4015942 -3.23117355e-09 0.200000003 p1 41937 8
260 19258797 m2 291106 -4.361621e-06 0.200000003 p1 41945 8
1688 19259558 m2 1892451 -0.00160172232 0.200000003 p1 41950 8
530 19260187 m2 561444 -0.000112829315 0.200000003 p1 41954 8
474 19261217 m2 504899 -6.47250431e-07 0.200000003 p1 41961 8
2483 19264127 m2 2811116 -0.000969597662 0.200000003 p1 41981 8
450 19264664 m2 488722 -0.000358272577 0.200000003 p1 41985 8
1291 19264828 m2 1416156 -5.40813107e-06 0.200000003 p1 41986 8
2675 19266330 m2 3037031 -5.76108317e-09 0.200000003 p1 41997 8
1343 19266604 m2 1475852 -0.000231099402 0.200000003 p1 41998 8
84 19267341 m2 88172 -0.00235690875 0.200000003 p1 42003 8
65 19267575 m2 71517 -6.73253671e-05 0.200000003 p1 42005 8
2448 19270946 m2 2776105 -0.000573946047 0.200000003 p1 42027 8
493 19271252 m2 531079 -7.24435665e-07 0.200000003 p1 42029 8
571 19271709 m2 619117 -1.88517436e-06 0.200000003 p1 42032 8
3957 19271889 m2 4465297 -0.000236112261 0.200000003 p1 42033 8
356 19275352 m2 392254 -0.00248704455 0.200000003 p1 42056 8
2459 19276697 m2 2786918 -1.32192568e-08 0.200000003 p1 42065 8
3295 19278164 m2 3716408 -0.000193864849 0.200000003 p1 42075 8
2843 19278185 m2 3244655 -3.17262929e-05 0.200000003 p1 42075 8
1440 19278558 m2 1604698 -0.000564745569 0.200000003 p1 42077 8
2925 19279564 m2 3320698 -2.42931264e-07 0.200000003 p1 42084 8
3123 19281196 m2 3534349 -0.00176324998 0.200000003 p1 42096 8
284 19284909 m2 316823 -0.00079681183 0.200000003 p1 42121 8
1939 19286461 m2 2212541 -0.000495873508 0.200000003 p1 42133 8
3794 19286539 m2 4297112 -0.000650093658 0.200000003 p1 42133 8
263 19290806 m2 293615 -0.00342583121 0.200000003 p1 42163 8
1857 19291654 m2 2131079 -0.000624337234 0.200000003 p1 42169 8
297 19291902 m2 326883 -7.27807173e-06 0.200000003 p1 42171 8
92 19292215 m2 100677 -3.90603782e-05 0.200000003 p1 42173 8
2241 19292246 m2 2546559 -0.000291979377 0.200000003 p1 42173 8
1090 19292256 m2 1180193 -0.00114122278 0.200000003 p1 42173 8
1995 19293163 m2 2272532 -0.000813929597 0.200000003 p1 42179 8
1631 19294467 m2 1817878 -6.84800398e-05 0.200000003 p1 42188 8
2857 19294539 m2 3258848 -0.0144944303 0.200000003 p1 42189 8
2182 19295662 m2 2494783 -0.00712764356 0.200000003 p1 42197 8
1862 19299026 m2 2134498 -0.000548801792 0.200000003 p1 42220 8
13 19303797 m2 12250 -2.44529183e-05 0.200000003 p1 42253 8
3998 19303855 m2 4514964 -0.000122703568 0.200000003 p1 42254 8
4390 19304759 m2 4984388 -0.00280517642 0.200000003 p1 42260 8
582 19304792 m2 633320 -0.00372595317 0.200000003 p1 42260 8
3946 19305403 m2 4453851 -1.34002812e-05 0.200000003 p1 42264 8
3611 19306595 m2 4076328 -2.82021392e-05 0.200000003 p1 42273 8
2052 19307570 m2 2347218 -0.00180286902 0.200000003 p1 42280 8
2566 19307721 m2 2894452 -3.77214232e-11 0.200000003 p1 42281 8
4100 19311687 m2 4650103 -0.00151265413 0.200000003 p1 42310 8
3970 19312542 m2 4476464 -0.000401785714 0.200000003 p1 42315 8
4058 19313718 m2 4597663 -3.37322454e-08 0.200000003 p1 42323 8
1231 19313743 m2 1347175 -0.000103876038 0.200000003 p1 42323 8
925 19315966 m2 1008669 -9.23045906e-09 0.200000003 p1 42339 8
3207 19316401 m2 3620058 -0.00179746805 0.200000003 p1 42342 8
4169 19318690 m2 4728260 -0.00148482446 0.200000003 p1 42359 8
1452 19319109 m2 1612547 -7.79940237e-05 0.200000003 p1 42362 8
2425 19319626 m2 2752196 -0.0010442913 0.200000003 p1 42365 8
3398 19319743 m2 3824931 -6.2169164e-07 0.200000003 p1 42366 8
4275 19323113 m2 4851491 -0.000847799703 0.200000003 p1 42390 8
2084 19324651 m2 2383378 -0.000411611429 0.200000003 p1 42402 8
585 19324735 m2 635993 -0.000944182335 0.200000003 p1 42403 8
1210 19324898 m2 1323929 -0.00110173423 0.200000003 p1 42404 8
3409 19326819 m2 3847130 -0.0017239541 0.200000003 p1 42418 8
2015 19327351 m2 2307884 -2.27201622e-06 0.200000003 p1 42421 8
2252 19328752 m2 2553120 -0.000153632107 0.200000003 p1 42431 8
1225 19329078 m2 1340472 -2.72457473e-11 0.200000003 p1 42434 8
2841 19331993 m2 3243069 -3.05553076e-05 0.200000003 p1 42456 8
2943 19332189 m2 3336894 -2.54309566e-06 0.200000003 p1 42457 8
3167 19332459 m2 3583360 -0.00117152918 0.200000003 p1 42459 8
3684 19335854 m2 4181468 -3.66586587e-11 0.200000003 p1 42484 8
970 19341257 m2 1058460 -1.26573152e-09 0.200000003 p1 42524 8
2531 19341279 m2 2860758 -0.000973963644 0.200000003 p1 42524 8
366 19343889 m2 407791 -6.52782319e-06 0.200000003 p1 42544 8
2032 19344594 m2 2328720 -5.57071971e-08 0.200000003 p1 42549 8
865 19345162 m2 944498 -0.00357786706 0.200000003 p1 42553 8
733 19346940 m2 796157 -0.00123101263 0.200000003 p1 42567 8
1432 19347152 m2 1594035 -7.76293891e-05 0.200000003 p1 42568 8
4249 19348066 m2 4813913 -0.00181693211 0.200000003 p1 42575 8
38 19349630 m2 43076 -0.00753864832 0.200000003 p1 42586 8
2792 19351276 m2 3171362 -0.00184097211 0.200000003 p1 42599 8
3903 19351414 m2 4400558 -0.00161944714 0.200000003 p1 42600 8
703 19352968 m2 753284 -0.00093386916 0.200000003 p1 42611 8
1435 19355388 m2 1596937 -2.38755088e-13 0.200000003 p1 42629 8
3476 19358786 m2 3916533 -1.83439824e-05 0.200000003 p1 42656 8
3528 19359526 m2 3979946 -2.99042142e-07 0.200000003 p1 42661 8
277 19362716 m2 303710 -0.000566509669 0.200000003 p1 42685 8
4128 19363782 m3 4684916 0.000151520173 0.5 p1 42693 8
1230 19366342 m2 1347138 -2.23292045e-05 0.200000003 p1 42712 8
2695 19366652 m2 3063147 -0.000993033522 0.200000003 p1 42715 8
1002 19367597 m2 1082928 -3.75427662e-05 0.200000003 p1 42722 8
1686 19367810 m2 1889831 -0.000707560161 0.200000003 p1 42724 8
2049 19369700 m2 2344502 -0.00081043801 0.200000003 p1 42737 8
1097 19370733 m2 1187143 -3.09500615e-06 0.200000003 p1 42746 8
1468 19371564 m2 1636442 -1.86239849e-05 0.200000003 p1 42753 8
405 19372292 m3 440084 0.000966851425 0.5 p1 42758 8
386 19372505 m2 429089 -0.0173900258 0.200000003 p1 42760 8
1336 19373095 m2 1470753 -0.000759927963 0.200000003 p1 42764 8
1311 19375966 m2 1447701 -2.62779995e-05 0.200000003 p1 42786 8
3176 19376599 m2 3592515 -7.35117137e-05 0.200000003 p1 42791 8
3341 19377846 m2 3763617 -1.74346326e-06 0.200000003 p1 42801 8
3731 19381669 m2 4228280 -6.47850538e-06 0.200000003 p1 42830 8
1419 19383805 m2 1582651 -2.4365423e-09 0.200000003 p1 42847 8
2809 19384127 m2 3199685 -0.00253940886 0.200000003 p1 42849 8
3277 19384726 m2 3692494 -0.000425571197 0.200000003 p1 42854 8
180 19386670 m2 198450 -0.000209004371 0.200000003 p1 42869 8
2214 19387781 m2 2518203 -0.00100107118 0.200000003 p1 42877 8
150 19389044 m2 164599 -0.00456489343 0.200000003 p1 42886 8
1896 19390153 m2 2168784 -0.00193968811 0.200000003 p1 42895 8
3280 19392051 m2 3697295 -6.08552727e-05 0.200000003 p1 42910 8
2866 19392934 m2 3269689 -2.22571616e-05 0.200000003 p1 42918 8
4343 19395975 m2 4925110 -0.00367785594 0.200000003 p1 42940 8
1710 19396263 m2 1924210 -0.000996639836 0.200000003 p1 42943 8
3258 19398039 m2 3671829 -0.000227191777 0.200000003 p1 42956 8
3509 19398598 m2 3956429 -1.44199366e-05 0.200000003 p1 42961 8
1191 19402601 m2 1301948 -0.00725048035 0.200000003 p1 42992 8
3012 19403388 m2 3421622 -3.81896052e-06 0.200000003 p1 42997 8
1877 19403863 m2 2151275 -0.00136992976 0.200000003 p1 43001 8
395 19404123 m2 435711 -1.37250709e-05 0.200000003 p1 43003 8
79 19404794 m2 84798 -0.00310240453 0.200000003 p1 43009 8
1174 19406180 m2 1275251 -8.9858273e-05 0.200000003 p1 43020 8
1233 19407273 m2 1349397 -0.0124841174 0.200000003 p1 43029 8
2219 19410644 m2 2523065 -0.000156667811 0.200000003 p1 43054 8
674 19411261 m2 719026 -0.000223867013 0.200000003 p1 43059 8
3662 19411828 m2 4160743 -2.63387591e-07 0.200000003 p1 43063 8
3084 19412448 m2 3484748 -0.00109734526 0.200000003 p1 43068 8
3980 19413533 m2 4494071 -0.000240185997 0.200000003 p1 43076 8
2788 19414193 m2 3165001 -0.00465669157 0.200000003 p1 43081 8
3800 19414270 m2 4304488 -5.27239592e-07 0.200000003 p1 43082 8
1665 19414792 m2 1859785 -0.000289349002 0.200000003 p1 43086 8
2640 19415470 m2 2990311 -0.000461470219 0.200000003 p1 43091 8
3897 19415478 m2 4394300 -0.00159064506 0.200000003 p1 43091 8
4037 19416019 m2 4565052 -5.76483581e-05 0.200000003 p1 43095 8
2814 19416071 m2 3209428 -0.00541597791 0.200000003 p1 43095 8
764 19417986 m2 829925 -0.000173752895 0.200000003 p1 43110 8
368 19419972 m2 408488 -0.000994902919 0.200000003 p1 43126 8
1943 19420538 m2 2214194 -0.000274106889 0.200000003 p1 43130 8
2421 19422110 m2 2749440 -9.15139196e-07 0.200000003 p1 43142 8
1053 19422796 m2 1134471 -0.00017636393 0.200000003 p1 43148 8
922 19423758 m2 1001718 -7.64823824e-07 0.200000003 p1 43155 8
3270 19424434 m2 3682450 -0.00447728438 0.200000003 p1 43161 8
1484 19426697 m2 1663932 -1.74997003e-05 0.200000003 p1 43179 8
3357 19427134 m2 3779638 -0.000457224116 0.200000003 p1 43182 8
4405 19428261 m2 4993461 -1.13794786e-05 0.200000003 p1 43190 8
657 19428387 m2 704031 -4.57145907e-05 0.200000003 p1 43191 8
1716 19428926 m2 1929874 -0.000289457559 0.200000003 p1 43196 8
955 19429417 m2 1044249 -0.00797430519 0.200000003 p1 43200 8
3758 19429605 m2 4251381 -0.000471875013 0.200000003 p1 43201 8
3878 19430099 m2 4373497 -0.000298403931 0.200000003 p1 43205 8
3520 19430105 m2 3972387 -8.07029778e-07 0.200000003 p1 43205 8
3091 19430554 m2 3496784 -2.63410733e-08 0.200000003 p1 43209 8
621 19431765 m2 668168 -0.000144283113 0.200000003 p1 43218 8
3799 19434190 m2 4304486 -1.75572712e-08 0.200000003 p1 43237 8
3618 19437644 m2 4084801 -0.000401007885 0.200000003 p1 43262 8
2546 19438514 m2 2875037 -2.68899257e-05 0.200000003 p1 43269 8
2121 19439579 m2 2430643 -0.000984920305 0.200000003 p1 43278 8
804 19439729 m2 875717 -0.00391873065 0.200000003 p1 43279 8
2242 19442097 m2 2547521 -7.45537909e-05 0.200000003 p1 43298 8
4400 19442872 m2 4991498 -0.00060385064 0.200000003 p1 43304 8
3678 19443282 m2 4175487 -0.000406282314 0.200000003 p1 43307 8
2575 19445387 m2 2903054 -0.00598041341 0.200000003 p1 43324 8
2533 19448133 m2 2862607 -2.33647479e-05 0.200000003 p1 43346 8
2945 19449247 m2 3340628 -0.00401871698 0.200000003 p1 43355 8
2930 19449426 m2 3323788 -4.23738572e-10 0.200000003 p1 43356 8
1264 19450925 m2 1384173 -0.000954677467 0.200000003 p1 43368 8
1980 19452664 m2 2257410 -2.79221404e-05 0.200000003 p1 43382 8
2353 19452665 m2 2666957 -0.00372661441 0.200000003 p1 43382 8
639 19453037 m2 685694 -0.00790778361 0.200000003 p1 43385 8
1019 19454327 m2 1105180 -0.000351338036 0.200000003 p1 43396 8
1161 19455312 m2 1258845 -2.95279126e-08 0.200000003 p1 43404 8
4349 19455603 m2 4934151 -3.23643435e-05 0.200000003 p1 43406 8
3203 19455881 m2 3618441 -0.000115487936 0.200000003 p1 43408 8
4253 19456452 m2 4819836 -0.000638895319 0.200000003 p1 43412 8
4 19457045 m2 3688 -7.36221864e-06 0.200000003 p1 43417 8
249 19461102 m2 281400 -0.000352923933 0.200000003 p1 43449 8
407 19461150 m2 443480 -0.00367782102 0.200000003 p1 43449 8
2261 19461471 m2 2567569 -1.20469376e-05 0.200000003 p1 43452 8
1146 19463890 m2 1243476 -3.82444159e-05 0.200000003 p1 43471 8
2427 19464095 m2 2753621 -3.25873298e-05 0.200000003 p1 43473 8
2433 19464378 m2 2758564 -8.31448488e-05 0.200000003 p1 43475 8
2694 19465212 m2 3063064 -0.00100355048 0.200000003 p1 43482 8
1804 19465245 m2 2060561 -1.93204851e-05 0.200000003 p1 43482 8
626 19465617 m2 671464 -1.46816291e-07 0.200000003 p1 43485 8
900 19467093 m2 983415 -1.15145006e-07 0.200000003 p1 43497 8
3901 19467196 m2 4398861 -0.00269183004 0.200000003 p1 43498 8
1739 19467594 m2 1962376 -0.00529604079 0.200000003 p1 43501 8
1133 19468398 m2 1228811 -0.0050206692 0.200000003 p1 43507 8
241 19471682 m2 275245 -0.00103411207 0.200000003 p1 43534 8
663 19472777 m2 711009 -2.50192807e-05 0.200000003 p1 43543 8
2091 19472981 m2 2394767 -0.000295407575 0.200000003 p1 43545 8
4396 19474011 m2 4988548 -1.15185605e-06 0.200000003 p1 43553 8
1752 19474565 m2 1980296 -0.00046961219 0.200000003 p1 43558 8
274 19475058 m2 301195 -0.000120798795 0.200000003 p1 43562 8
1352 19475538 m2 1487685 -0.00156235544 0.200000003 p1 43566 8
4117 19476424 m2 4678147 -0.00599533785 0.200000003 p1 43573 8
847 19476788 m2 919357 -0.0136593217 0.200000003 p1 43576 8
2058 19477320 m2 2355855 -0.00371356751 0.200000003 p1 43580 8
27 19478112 m2 29969 -0.00964241102 0.200000003 p1 43586 8
280 19479609 m2 304594 -0.00365690538 0.200000003 p1 43598 8
52 19482043 m2 57257 -4.96693501e-05 0.200000003 p1 43618 8
1007 19482771 m2 1088460 -0.000170596992 0.200000003 p1 43624 8
510 19482894 m2 546877 -5.91944217e-06 0.200000003 p1 43625 8
1574 19483248 m2 1755605 -0.000287536212 0.200000003 p1 43628 8
1038 19485401 m2 1124439 -0.00236960989 0.200000003 p1 43646 8
3424 19488287 m2 3856051 -0.00435702596 0.200000003 p1 43671 8
3827 19489174 m2 4330276 -3.04053469e-06 0.200000003 p1 43679 8
684 19489708 m2 733174 -4.42980017e-08 0.200000003 p1 43683 8
3976 19490688 m2 4484685 -0.00105779874 0.200000003 p1 43691 8
1006 19491417 m2 1086213 -0.000639984559 0.200000003 p1 43698 8
2411 19492973 m2 2738630 -2.95528025e-07 0.200000003 p1 43711 8
3740 19493979 m2 4234970 -4.4162482e-10 0.200000003 p1 43719 8
4019 19494272 m2 4538838 -0.000975796313 0.200000003 p1 43721 8
632 19494384 m2 677969 -9.427029e-06 0.200000003 p1 43722 8
3719 19494455 m2 4214957 -1.03333564e-14 0.200000003 p1 43723 8
3449 19495287 m2 3890016 -5.87841096e-05 0.200000003 p1 43730 8
1428 19496264 m2 1590104 -0.000486893638 0.200000003 p1 43739 8
944 19496351 m2 1036843 -1.47791516e-05 0.200000003 p1 43740 8
1726 19496568 m2 1949313 -4.78987147e-07 0.200000003 p1 43741 8
4403 19497427 m2 4993023 -1.28920165e-05 0.200000003 p1 43749 8
3907 19497488 m2 4404715 -0.000566238246 0.200000003 p1 43749 8
1153 19498279 m2 1250186 -9.96197923e-05 0.200000003 p1 43756 8
3670 19499939 m2 4167716 -0.00629683398 0.200000003 p1 43771 8
1859 19501710 m2 2132392 -0.000168391372 0.200000003 p1 43786 8
3019 19502380 m2 3425882 -3.43435313e-05 0.200000003 p1 43792 8
2606 19503435 m2 2947228 -0.00827031955 0.200000003 p1 43801 8
4188 19503688 m2 4741373 -7.65466611e-05 0.200000003 p1 43803 8
1642 19503745 m2 1825616 -0.000370211579 0.200000003 p1 43804 8
973 19508318 m2 1060363 -0.00264973659 0.200000003 p1 43843 8
202 19508398 m2 234329 -0.000883502071 0.200000003 p1 43844 8
3939 19509725 m2 4449091 -0.000875711674 0.200000003 p1 43856 8
537 19509863 m2 567509 -0.000228890043 0.200000003 p1 43858 8
3832 19511754 m2 4335140 -0.00158327888 0.200000003 p1 43874 8
2797 19515899 m2 3175676 -0.000689479755 0.200000003 p1 43910 8
1650 19516390 m2 1834358 -4.07028438e-06 0.200000003 p1 43915 8
3319 19516543 m2 3738598 -0.00036298632 0.200000003 p1 43916 8
4141 19517122 m2 4697552 -1.16558595e-05 0.200000003 p1 43921 8
1659 19518543 m2 1847679 -2.90369026e-05 0.200000003 p1 43934 8
88 19519702 m2 96439 -0.00306020631 0.200000003 p1 43945 8
153 19519774 m2 166950 -3.70398851e-07 0.200000003 p1 43945 8
1013 19523980 m2 1098812 -0.000621308805 0.200000003 p1 43984 8
2155 19524092 m2 2468970 -0.000401703757 0.200000003 p1 43986 8
1112 19524435 m2 1203538 -9.15738201e-06 0.200000003 p1 43988 8
4255 19525786 m2 4824966 -0.00372273778 0.200000003 p1 44000 8
3090 19527683 m2 3494549 -0.001156396 0.200000003 p1 44017 8
2156 19528058 m2 2469181 -0.00141893281 0.200000003 p1 44020 8
3874 19528069 m2 4369463 -3.73593102e-05 0.200000003 p1 44020 8
36 19531015 m2 39958 -3.83758127e-08 0.200000003 p1 44047 8
3055 19531447 m2 3461177 -0.0015422845 0.200000003 p1 44051 8
4074 19532562 m2 4617327 -0.00191617478 0.200000003 p1 44061 8
1372 19533243 m2 1512843 -4.48359469e-06 0.200000003 p1 44068 8
2096 19535391 m2 2403001 -0.000104671162 0.200000003 p1 44087 8
2237 19535831 m2 2541607 -8.67120907e-05 0.200000003 p1 44091 8
4040 19537516 m2 4571121 -0.000573079393 0.200000003 p1 44106 8
4127 19537932 m2 4683937 -3.5949023e-07 0.200000003 p1 44109 8
254 19538103 m2 284790 -0.00461371569 0.200000003 p1 44111 8
4064 19540337 m2 4605692 -0.00172902539 0.200000003 p1 44130 8
599 19541505 m2 647636 -4.073936e-05 0.200000003 p1 44141 8
1921 19541857 m2 2190377 -0.00102280919 0.200000003 p1 44144 8
2708 19542887 m2 3077129 -7.32954231e-09 0.200000003 p1 44154 8
137 19543312 m2 149229 -0.000398593751 0.200000003 p1 44158 8
2686 19543338 m2 3045770 -0.00562449126 0.200000003 p1 44158 8
1055 19543402 m2 1140007 -0.0035762554 0.200000003 p1 44159 8
1651 19545755 m2 1834519 -0.00315671577 0.200000003 p1 44180 8
1496 19547508 m2 1677387 -0.00607364345 0.200000003 p1 44195 8
1040 19547565 m2 1125348 -0.00266239489 0.200000003 p1 44196 8
4250 19548666 m2 4814031 -0.00303420378 0.200000003 p1 44206 8
4109 19548875 m2 4662456 -3.77334537e-08 0.200000003 p1 44208 8
339 19548918 m2 375780 -0.000985609018 0.200000003 p1 44209 8
1357 19549287 m2 1492992 -4.93865482e-05 0.200000003 p1 44212 8
2249 19550420 m2 2550913 -0.00209757034 0.200000003 p1 44222 8
672 19551255 m2 718667 -0.000368438516 0.200000003 p1 44230 8
319 19552465 m2 354573 -0.00250316877 0.200000003 p1 44242 8
1892 19552545 m2 2163349 -9.41705803e-05 0.200000003 p1 44243 8
3148 19552709 m2 3563799 -0.00150395313 0.200000003 p1 44244 8
2166 19553065 m2 2478952 -1.93763153e-05 0.200000003 p1 44247 8
822 19553325 m2 898160 -0.00107007846 0.200000003 p1 44250 8
1801 19555621 m2 2056061 -1.21453158e-05 0.200000003 p1 44271 8
3304 19555812 m2 3721511 -0.000242099122 0.200000003 p1 44273 8
4324 19557041 m2 4894538 -0.000451518164 0.200000003 p1 44286 8
442 19559375 m2 478600 -0.0061999918 0.200000003 p1 44307 8
2371 19560614 m2 2683838 -1.1855197e-05 0.200000003 p1 44318 8
2264 19560948 m2 2569438 -0.00227769068 0.200000003 p1 44322 8
3875 19561648 m2 4369708 -0.000443241064 0.200000003 p1 44328 8
218 19562853 m2 251015 -0.00391620584 0.200000003 p1 44339 8
4072 19564530 m2 4614203 -0.00194365741 0.200000003 p1 44355 8
4180 19566252 m2 4734912 -2.72285234e-07 0.200000003 p1 44371 8
1284 19566821 m2 1412663 -0.00458799303 0.200000003 p1 44376 8
1086 19566985 m2 1176567 -0.00013801246 0.200000003 p1 44378 8
151 19567127 m2 165982 -0.00207790756 0.200000003 p1 44379 8
3440 19567565 m2 3878214 -0.0150790233 0.200000003 p1 44384 8
3697 19568530 m2 4192634 -4.51007452e-07 0.200000003 p1 44393 8
114 19569895 m2 126633 -0.00688263122 0.200000003 p1 44407 8
3775 19570272 m2 4273066 -0.00016967245 0.200000003 p1 44410 8
2989 19570369 m2 3395443 -6.51354128e-07 0.200000003 p1 44411 8
3411 19570493 m2 3848663 -4.60785344e-07 0.200000003 p1 44413 8
1865 19571448 m2 2136898 -0.00154450838 0.200000003 p1 44422 8
3213 19572196 m2 3627296 -0.000497340574 0.200000003 p1 44430 8
2760 19573231 m2 3135719 -0.000270662771 0.200000003 p1 44440 8
1626 19573258 m2 1812051 -0.000913745724 0.200000003 p1 44440 8
4007 19573294 m2 4521956 -0.00445131259 0.200000003 p1 44440 8
63 19575144 m2 68187 -1.09426892e-05 0.200000003 p1 44458 8
548 19575373 m2 587513 -0.00126427109 0.200000003 p1 44460 8
2605 19576100 m2 2947040 -1.79179515e-05 0.200000003 p1 44467 8
1170 19577440 m2 1268824 -0.000264091388 0.200000003 p1 44480 8
3522 19577696 m2 3974296 -0.000934782322 0.200000003 p1 44482 8
1101 19577699 m2 1191724 -0.000131310881 0.200000003 p1 44482 8
3037 19577822 m2 3442494 -5.44011818e-05 0.200000003 p1 44483 8
1201 19577839 m2 1310180 -0.000301417604 0.200000003 p1 44484 8
2896 19580003 m2 3292500 -5.86437782e-05 0.200000003 p1 44504 8
2105 19582172 m2 2415445 -0.00155806029 0.200000003 p1 44526 8
2187 19582300 m2 2498460 -0.000133418682 0.200000003 p1 44527 8
2511 19582612 m2 2837582 -0.00201932807 0.200000003 p1 44530 8
1807 19583530 m2 2069250 -2.53787384e-05 0.200000003 p1 44539 8
2614 19583671 m2 2964237 -0.00136958261 0.200000003 p1 44541 8
175 19583698 m2 194982 -0.00180009566 0.200000003 p1 44541 8
2468 19584071 m2 2793481 -1.48658501e-05 0.200000003 p1 44544 8
3030 19584685 m2 3435071 -2.57445799e-06 0.200000003 p1 44550 8
2718 19585588 m2 3092818 -9.49032164e-06 0.200000003 p1 44560 8
987 19585641 m2 1066594 -0.000158289622 0.200000003 p1 44561 8
4258 19586740 m2 4833235 -1.42402894e-06 0.200000003 p1 44571 8
3714 19586802 m2 4210150 -8.71239317e-05 0.200000003 p1 44572 8
3256 19587560 m2 3668782 -9.75084113e-05 0.200000003 p1 44579 8
2874 19587793 m2 3274737 -0.0127678737 0.200000003 p1 44582 8
2967 19588422 m2 3366392 -0.000461182004 0.200000003 p1 44588 8
4299 19589376 m2 4871593 -2.78720131e-06 0.200000003 p1 44597 8
2171 19591075 m2 2485749 -0.000549879798 0.200000003 p1 44614 8
1370 19591764 m2 1512133 -0.00156523997 0.200000003 p1 44621 8
2936 19592867 m2 3327500 -2.33258385e-10 0.200000003 p1 44633 8
2151 19593200 m2 2462730 -0.00195504352 0.200000003 p1 44636 8
3311 19593845 m2 3730103 -1.74317502e-05 0.200000003 p1 44643 8
1540 19593879 m2 1718673 -0.000886213325 0.200000003 p1 44643 8
481 19594089 m2 512401 -3.95314164e-05 0.200000003 p1 44645 8
3101 19595000 m2 3510734 -6.75321053e-06 0.200000003 p1 44655 8
2220 19595623 m2 2525069 -0.00212773494 0.200000003 p1 44662 8
0 19595886 m2 1790 -0.000135608556 0.200000003 p1 44665 8
3541 19596318 m2 4003430 -0.000390173635 0.200000003 p1 44670 8
1091 19596877 m2 1182079 -4.59960211e-06 0.200000003 p1 44676 8
3208 19598356 m2 3621612 -7.30282945e-09 0.200000003 p1 44691 8
1154 19599713 m2 1251891 -0.000973085 0.200000003 p1 44705 8
2800 19599826 m2 3184989 -2.96006669e-06 0.200000003 p1 44706 8
160 19601119 m2 177762 -2.75740585e-05 0.200000003 p1 44719 8
1347 19601151 m2 1479255 -0.000652342162 0.200000003 p1 44719 8
714 19601665 m2 768256 -0.000308914023 0.200000003 p1 44724 8
3802 19601967 m2 4306170 -0.000216542641 0.200000003 p1 44727 8
2272 19602080 m2 2578368 -0.00477602985 0.200000003 p1 44728 8
466 19602102 m2 498524 -0.000261557056 0.200000003 p1 44728 8
2919 19603967 m2 3314170 -0.000224705116 0.200000003 p1 44747 8
4088 19605040 m2 4627157 -0.000194563443 0.200000003 p1 44758 8
1849 19606291 m2 2125299 -5.91995922e-05 0.200000003 p1 44771 8
985 19607119 m2 1065218 -0.00261669443 0.200000003 p1 44780 8
1220 19607934 m2 1334396 -2.24074975e-05 0.200000003 p1 44788 8
2419 19608042 m2 2748825 -8.96979836e-05 0.200000003 p1 44789 8
940 19608331 m2 1033666 -9.25227368e-07 0.200000003 p1 44792 8
3493 19609080 m2 3940470 -0.00506086182 0.200000003 p1 44800 8
2701 19609334 m2 3074006 -2.67923075e-12 0.200000003 p1 44803 8
1923 19609507 m2 2192325 -0.00379631948 0.200000003 p1 44804 8
1846 19609607 m2 2120407 -0.000303348002 0.200000003 p1 44805 8
4154 19610513 m2 4713151 -0.00527636707 0.200000003 p1 44815 8
2750 19612795 m2 3124688 -0.000673057395 0.200000003 p1 44839 8
2441 19613048 m2 2763616 -0.000109930101 0.200000003 p1 44842 8
3619 19613133 m2 4085030 -6.93593247e-05 0.200000003 p1 44842 8
1931 19614906 m2 2205076 -0.00167899567 0.200000003 p1 44860 8
3442 19614909 m2 3880909 -0.000836128253 0.200000003 p1 44860 8
112 19615264 m2 126007 -0.000786722056 0.200000003 p1 44864 8
615 19615331 m2 661290 -8.80227253e-06 0.200000003 p1 44865 8
1991 19617708 m2 2268936 -1.01945143e-05 0.200000003 p1 44888 8
487 19617903 m2 524369 -5.22175458e-09 0.200000003 p1 44890 8
1287 19618042 m2 1414196 -0.00196490204 0.200000003 p1 44892 8
1099 19618661 m2 1190046 -2.11259362e-06 0.200000003 p1 44898 8
1337 19618672 m2 1471334 -0.0052726618 0.200000003 p1 44898 8
1525 19620755 m2 1701727 -0.00167578715 0.200000003 p1 44921 8
3010 19623030 m2 3418730 -5.04243035e-05 0.200000003 p1 44945 8
857 19623543 m2 934809 -0.000261139241 0.200000003 p1 44950 8
360 19624019 m2 395302 -0.00802870933 0.200000003 p1 44955 8
441 19624371 m2 478271 -0.0030137205 0.200000003 p1 44960 8
2447 19625451 m2 2771887 -0.000118763637 0.200000003 p1 44971 8
1982 19626402 m2 2263005 -9.455297e-06 0.200000003 p1 44981 8
3956 19627525 m2 4463876 -0.00141968881 0.200000003 p1 44994 8
3625 19627614 m2 4093869 -0.000177891387 0.200000003 p1 44995 8
3221 19632507 m2 3637738 -1.15618741e-08 0.200000003 p1 45047 8
1198 19632810 m2 1309221 -0.000704520789 0.200000003 p1 45050 8
596 19632834 m2 646564 -0.000570846547 0.200000003 p1 45051 8
4164 19634277 m2 4723526 -1.5455842e-05 0.200000003 p1 45067 8
323 19634514 m2 357867 -2.54020485e-11 0.200000003 p1 45070 8
1066 19635969 m2 1157723 -0.00192863285 0.200000003 p1 45085 8
2540 19636577 m2 2870311 -0.000225061551 0.200000003 p1 45092 8
1131 19637893 m2 1225943 -6.31913135e-05 0.200000003 p1 45107 8
1021 19638181 m2 1105339 -5.7625482e-07 0.200000003 p1 45110 8
930 19638708 m2 1017998 -0.0021409106 0.200000003 p1 45116 8
2141 19639192 m2 2453882 -1.50066273e-06 0.200000003 p1 45121 8
2613 19639475 m2 2960800 -0.00328977127 0.200000003 p1 45124 8
3805 19639698 m2 4310719 -0.00557689881 0.200000003 p1 45127 8
859 19640531 m2 935997 -0.000765860954 0.200000003 p1 45136 8
872 19640859 m2 950536 -0.000287287956 0.200000003 p1 45140 8
4237 19642606 m2 4791791 -1.12854423e-06 0.200000003 p1 45161 8
3768 19644806 m2 4268374 -0.00107049022 0.200000003 p1 45187 8
2845 19645463 m2 3246239 -2.14241322e-06 0.200000003 p1 45195 8
893 19647228 m2 977584 -0.00109230564 0.200000003 p1 45215 8
2902 19647309 m2 3297888 -9.88331303e-05 0.200000003 p1 45217 8
2917 19647838 m2 3313923 -6.69771907e-05 0.200000003 p1 45222 8
2942 19647935 m2 3333898 -3.80078813e-09 0.200000003 p1 45224 8
3334 19649295 m2 3758794 -7.75324168e-07 0.200000003 p1 45239 8
4203 19649926 m2 4756783 -5.29320205e-05 0.200000003 p1 45247 8
222 19650280 m2 254751 -0.000672286784 0.200000003 p1 45251 8
2627 19650392 m2 2977456 -0.00020316313 0.200000003 p1 45252 8
4081 19650417 m2 4623738 -1.69114102e-07 0.200000003 p1 45252 8
895 19652077 m2 980238 -1.76973884e-07 0.200000003 p1 45271 8
619 19652980 m2 667436 -0.00390454754 0.200000003 p1 45281 8
1461 19653826 m2 1621401 -1.08916316e-08 0.200000003 p1 45291 8
2935 19655504 m2 3326917 -0.00053182611 0.200000003 p1 45309 8
1730 19655931 m2 1955583 -0.000737167778 0.200000003 p1 45313 8
2763 19657299 m2 3137022 -0.00325831561 0.200000003 p1 45328 8
4125 19657340 m2 4683705 -0.00133265054 0.200000003 p1 45329 8
3166 19660613 m2 3583055 -0.00153105427 0.200000003 p1 45364 8
3212 19660673 m2 3626211 -0.0103335502 0.200000003 p1 45365 8
298 19660887 m2 327032 -0.00156480283 0.200000003 p1 45367 8
3857 19661796 m2 4357584 -0.000401512749 0.200000003 p1 45378 8
90 19662618 m2 99399 -0.000283905712 0.200000003 p1 45387 8
2951 19662998 m2 3344090 -2.08053134e-05 0.200000003 p1 45392 8
2689 19664138 m2 3054978 -1.4523572e-06 0.200000003 p1 45405 8
894 19664202 m2 978031 -0.000265079958 0.200000003 p1 45406 8
2957 19664328 m2 3355461 -9.90344997e-05 0.200000003 p1 45407 8
1257 19664800 m2 1377058 -0.00309289037 0.200000003 p1 45413 8
2550 19666037 m2 2879293 -7.73571901e-06 0.200000003 p1 45427 8
2063 19666379 m2 2363723 -3.93173759e-05 0.200000003 p1 45431 8
3658 19667583 m2 4153630 -0.000646844739 0.200000003 p1 45445 8
2602 19667668 m2 2944584 -3.01793534e-06 0.200000003 p1 45446 8
1266 19668407 m2 1384614 -2.1332118e-10 0.200000003 p1 45455 8
387 19668569 m2 429457 -7.93988056e-06 0.200000003 p1 45457 8
3997 19668659 m2 4512551 -0.0011184006 0.200000003 p1 45458 8
3686 19669056 m2 4183079 -0.000778382644 0.200000003 p1 45463 8
1472 19670423 m2 1650833 -4.25915596e-06 0.200000003 p1 45480 8
3975 19671454 m2 4483819 -0.00840292219 0.200000003 p1 45493 8
2981 19671721 m2 3386938 -0.000413777103 0.200000003 p1 45497 8
3577 19672466 m2 4046148 -0.0136386817 0.200000003 p1 45506 8
3187 19672588 m2 3604455 -0.000165545222 0.200000003 p1 45508 8
3 19672618 m2 3599 -2.69723955e-06 0.200000003 p1 45509 8
958 19673279 m2 1049343 -1.90747578e-05 0.200000003 p1 45517 8
662 19673672 m2 710525 -0.000172136235 0.200000003 p1 45522 8
1955 19673762 m2 2228355 -0.00324634206 0.200000003 p1 45523 8
1541 19673861 m2 1718865 -0.000663737883 0.200000003 p1 45524 8
3444 19675048 m2 3881174 -0.0028764992 0.200000003 p1 45539 8
2844 19675554 m2 3245872 -3.30460864e-07 0.200000003 p1 45545 8
3532 19675577 m2 3981685 -5.69188851e-05 0.200000003 p1 45545 8
2466 19676709 m2 2792022 -6.59146535e-05 0.200000003 p1 45558 8
3303 19678215 m2 3721018 -0.000535705709 0.200000003 p1 45576 8
1157 19678378 m2 1254136 -0.00773934368 0.200000003 p1 45578 8
2668 19678659 m2 3026046 -0.000133950307 0.200000003 p1 45581 8
3395 19678731 m2 3818945 -1.49753475e-06 0.200000003 p1 45582 8
4168 19679870 m2 4726176 -4.72587271e-05 0.200000003 p1 45597 8
995 19680214 m2 1075358 -0.00321670063 0.200000003 p1 45601 8
2137 19680574 m2 2451238 -0.00382092665 0.200000003 p1 45606 8
999 19681093 m2 1079624 -0.00700525055 0.200000003 p1 45612 8
2842 19681374 m2 3244065 -3.77367701e-06 0.200000003 p1 45615 8
74 19681542 m2 80422 -0.00121255033 0.200000003 p1 45617 8
1107 19683739 m2 1198146 -0.00130225241 0.200000003 p1 45645 8
4156 19684504 m2 4714873 -0.000921564118 0.200000003 p1 45654 8
2729 19685429 m2 3107646 -1.28060583e-05 0.200000003 p1 45665 8
1361 19685431 m2 1500839 -8.81583583e-06 0.200000003 p1 45665 8
660 19686095 m2 706782 -3.03593915e-05 0.200000003 p1 45673 8
3317 19686574 m2 3736367 -0.000288203533 0.200000003 p1 45678 8
179 19687077 m2 198186 -7.83263147e-07 0.200000003 p1 45684 8
2185 19687525 m2 2498058 -0.000282717083 0.200000003 p1 45689 8
3040 19689056 m2 3445314 -0.000240148162 0.200000003 p1 45707 8
2445 19690506 m2 2770512 -0.00122884021 0.200000003 p1 45725 8
4145 19690595 m2 4703478 -0.000143287558 0.200000003 p1 45726 8
712 19690677 m2 766136 -0.000128814863 0.200000003 p1 45727 8
4036 19691326 m2 4564155 -0.000549464894 0.200000003 p1 45735 8
3464 19691956 m2 3901524 -0.00211589853 0.200000003 p1 45743 8
2871 19692403 m2 3273148 -0.00841072947 0.200000003 p1 45749 8
3206 19692760 m2 3619320 -1.74934958e-05 0.200000003 p1 45753 8
270 19693763 m2 297638 -0.00378576224 0.200000003 p1 45766 8
14 19694685 m2 15947 -0.0129812798 0.200000003 p1 45777 8
411 19694715 m2 447336 -0.00221960433 0.200000003 p1 45777 8
413 19694727 m2 452076 -1.59596329e-05 0.200000003 p1 45777 8
1183 19695607 m2 1293627 -3.77237477e-08 0.200000003 p1 45788 8
3660 19697179 m2 4155029 -0.00144084252 0.200000003 p1 45808 8
3145 19697237 m2 3559829 -0.0159997083 0.200000003 p1 45808 8
579 19698174 m2 626526 -0.00351457018 0.200000003 p1 45820 8
2442 19698547 m2 2764956 -0.000570414471 0.200000003 p1 45825 8
4065 19699428 m2 4607177 -0.00345299533 0.200000003 p1 45836 8
1366 19699717 m2 1504540 -0.00145826594 0.200000003 p1 45840 8
3749 19701652 m2 4243269 -0.00070839806 0.200000003 p1 45866 8
756 19703702 m2 823322 -0.000460727955 0.200000003 p1 45891 8
3647 19703811 m2 4123732 -7.30667889e-05 0.200000003 p1 45892 8
2332 19704515 m2 2642383 -1.56776241e-05 0.200000003 p1 45902 8
4174 19706362 m2 4731352 -2.33947972e-07 0.200000003 p1 45927 8
2343 19706678 m2 2653366 -0.000147079918 0.200000003 p1 45931 8
4028 19707665 m2 4550657 -4.00562822e-05 0.200000003 p1 45944 8
565 19707987 m2 615426 -0.000766373763 0.200000003 p1 45949 8
1360 19708767 m2 1497651 -0.0044138697 0.200000003 p1 45959 8
1536 19709761 m2 1710949 -0.0179444347 0.200000003 p1 45972 8
3355 19709787 m2 3776174 -0.000398888893 0.200000003 p1 45973 8
352 19710891 m2 388137 -0.00272828666 0.200000003 p1 45987 8
2804 19711002 m2 3188465 -1.52227562e-06 0.200000003 p1 45989 8
832 19711209 m2 905609 -1.67954859e-05 0.200000003 p1 45992 8
4287 19711695 m2 4859191 -7.06911742e-05 0.200000003 p1 45998 8
3382 19711709 m2 3799851 -7.40945688e-05 0.200000003 p1 45998 8
1382 19712917 m2 1532410 -0.000887869915 0.200000003 p1 46014 8
3320 19714504 m2 3740954 -0.00718136644 0.200000003 p1 46035 8
1095 19714671 m2 1184813 -0.00115485629 0.200000003 p1 46037 8
4372 19715288 m2 4962997 -0.00378983724 0.200000003 p1 46044 8
2301 19716000 m2 2615867 -0.000811760896 0.200000003 p1 46053 8
2516 19716556 m2 2844054 -3.12148295e-05 0.200000003 p1 46061 8
3202 19716742 m2 3618009 -0.000708807318 0.200000003 p1 46063 8
18 19717698 m2 18920 -0.00221497007 0.200000003 p1 46076 8
2822 19717909 m2 3226866 -0.0322455056 0.200000003 p1 46079 8
416 19718016 m2 455119 -3.86013107e-06 0.200000003 p1 46080 8
2941 19718581 m2 3331930 -0.00020913496 0.200000003 p1 46088 8
1599 19720532 m2 1782467 -1.00412547e-06 0.200000003 p1 46117 8
3364 19720839 m2 3785325 -1.06666284e-05 0.200000003 p1 46121 8
746 19720974 m2 813334 -0.00232950598 0.200000003 p1 46123 8
891 19721268 m2 976205 -0.000902638887 0.200000003 p1 46127 8
3786 19721443 m2 4282610 -0.000139185373 0.200000003 p1 46130 8
3431 19721506 m2 3864638 -0.00441859895 0.200000003 p1 46130 8
838 19722324 m2 911811 -0.00265004602 0.200000003 p1 46142 8
2224 19722737 m2 2531509 -3.11795816e-06 0.200000003 p1 46148 8
225 19723413 m2 256097 -0.00014709786 0.200000003 p1 46158 8
1374 19723766 m2 1517227 -0.00309575838 0.200000003 p1 46163 8
4377 19723994 m2 4966710 -0.011559532 0.200000003 p1 46166 8
2021 19725752 m2 2310443 -0.00112368772 0.200000003 p1 46192 8
4103 19725902 m2 4651821 -0.000549103541 0.200000003 p1 46194 8
1925 19726998 m2 2193150 -7.76788625e-07 0.200000003 p1 46210 8
2736 19727781 m2 3110416 -0.000455218484 0.200000003 p1 46222 8
974 19728218 m2 1060366 -0.011531828 0.200000003 p1 46227 8
3972 19728511 m2 4480579 -0.00618202705 0.200000003 p1 46232 8
42 19728602 m2 52537 -1.50823225e-05 0.200000003 p1 46233 8
2679 19728843 m2 3041116 -0.000101743986 0.200000003 p1 46237 8
2076 19729119 m2 2377680 -0.0168978609 0.200000003 p1 46241 8
1983 19729179 m2 2263274 -0.000215840642 0.200000003 p1 46242 8
4260 19731956 m2 4834280 -9.29645394e-05 0.200000003 p1 46283 8
2319 19732101 m2 2628543 -0.00107431086 0.200000003 p1 46285 8
3367 19732581 m2 3788938 -2.70391013e-07 0.200000003 p1 46291 8
3049 19733373 m2 3456619 -0.00363429007 0.200000003 p1 46303 8
1860 19734112 m2 2132657 -0.00512188952 0.200000003 p1 46313 8
1870 19736366 m2 2141138 -0.0102155805 0.200000003 p1 46346 8
1232 19736705 m2 1349204 -7.18349911e-05 0.200000003 p1 46350 8
3500 19736754 m2 3947466 -0.000170653133 0.200000003 p1 46351 8
4029 19737462 m2 4550735 -0.000841717818 0.200000003 p1 46361 8
613 19737516 m2 657564 -0.00071753707 0.200000003 p1 46362 8
2646 19738376 m2 2997896 -0.000220346774 0.200000003 p1 46375 8
2995 19738832 m2 3401815 -9.27011788e-05 0.200000003 p1 46381 8
1679 19738908 m2 1875330 -0.0108955614 0.200000003 p1 46382 8
28 19739490 m2 30191 -0.00283597992 0.200000003 p1 46392 8
2745 19739764 m2 3118412 -0.00190563349 0.200000003 p1 46396 8
877 19741786 m2 959365 -0.000156855051 0.200000003 p1 46425 8
2688 19742160 m2 3050442 -0.000362598978 0.200000003 p1 46431 8
3943 19742387 m2 4451005 -0.000516383152 0.200000003 p1 46434 8
2122 19743106 m2 2431302 -0.000187312122 0.200000003 p1 46445 8
4371 19743351 m3 4962912 0.00130876515 0.5 p1 46449 8
4216 19743530 m2 4770465 -0.0161207486 0.200000003 p1 46451 8
2391 19743709 m2 2705980 -3.66774329e-05 0.200000003 p1 46454 8
2687 19744089 m2 3047493 -0.000377306453 0.200000003 p1 46460 8
3266 19745067 m2 3679209 -0.000146139209 0.200000003 p1 46474 8
939 19746180 m2 1031528 -2.17308376e-08 0.200000003 p1 46490 8
1729 19746444 m2 1955366 -0.000141019656 0.200000003 p1 46494 8
48 19747205 m2 55061 -0.000872604549 0.200000003 p1 46504 8
3004 19747399 m2 3412287 -0.0378371477 0.200000003 p1 46507 8
807 19747494 m2 876625 -0.00268063438 0.200000003 p1 46509 8
2038 19747674 m2 2333493 -6.98951723e-08 0.200000003 p1 46512 8
1335 19748116 m2 1469091 -0.00582120568 0.200000003 p1 46518 8
2434 19748858 m2 2759263 -0.00202085916 0.200000003 p1 46529 8
25 19749244 m2 27114 -7.09955793e-06 0.200000003 p1 46535 8
2932 19750675 m2 3325053 -1.14946697e-05 0.200000003 p1 46555 8
3954 19750803 m2 4461621 -0.000995391165 0.200000003 p1 46557 8
391 19751394 m2 432692 -5.89032825e-05 0.200000003 p1 46567 8
2700 19752397 m2 3072308 -0.000116350398 0.200000003 p1 46580 8
520 19753545 m2 552737 -6.42739324e-05 0.200000003 p1 46598 8
308 19754759 m2 340981 -4.92011941e-06 0.200000003 p1 46617 8
2154 19754846 m2 2467267 -0.00931046903 0.200000003 p1 46618 8
415 19755270 m2 454105 -0.00438853679 0.200000003 p1 46624 8
2205 19756018 m2 2510107 -0.0156197008 0.200000003 p1 46636 8
713 19756474 m2 767802 -6.948394e-05 0.200000003 p1 46643 8
2331 19757012 m2 2641894 -0.00118922361 0.200000003 p1 46652 8
3979 19758891 m2 4492464 -0.00610012794 0.200000003 p1 46681 8
332 19759312 m2 364168 -3.35483537e-06 0.200000003 p1 46687 8
622 19760392 m2 668435 -0.0170517992 0.200000003 p1 46706 8
1193 19761062 m2 1303900 -0.00170388457 0.200000003 p1 46716 8
2960 19761251 m2 3356637 -0.00294359564 0.200000003 p1 46719 8
1327 19761320 m2 1461695 -0.00291308458 0.200000003 p1 46721 8
2078 19761419 m2 2379874 -0.0105934534 0.200000003 p1 46722 8
3556 19761978 m2 4017572 -0.000118904019 0.200000003 p1 46731 8
2213 19762415 m2 2515883 -0.000941335806 0.200000003 p1 46739 8
1510 19762668 m2 1692589 -0.00248594303 0.200000003 p1 46744 8
1396 19763558 m2 1558261 -0.00128568313 0.200000003 p1 46757 8
1565 19763586 m2 1746004 -0.00829591416 0.200000003 p1 46757 8
340 19763955 m2 376620 -0.00915403292 0.200000003 p1 46763 8
4277 19764063 m2 4851935 -0.000541573274 0.200000003 p1 46765 8
3666 19764314 m2 4163645 -0.00162431214 0.200000003 p1 46769 8
2127 19765554 m2 2440649 -0.00123771071 0.200000003 p1 46789 8
2994 19765796 m2 3399742 -0.018433731 0.200000003 p1 46794 8
2134 19766531 m2 2447405 -1.08486775e-08 0.200000003 p1 46806 8
768 19767268 m2 837319 -0.000733842549 0.200000003 p1 46818 8
1873 19767397 m2 2146819 -0.00322055165 0.200000003 p1 46820 8
3993 19767586 m2 4506450 -0.00172482478 0.200000003 p1 46823 8
2225 19768760 m2 2531675 -2.97798533e-06 0.200000003 p1 46847 8
2607 19768779 m2 2949619 -0.000944790256 0.200000003 p1 46847 8
1623 19769123 m2 1808989 -0.0555141866 0.200000003 p1 46853 8
564 19769733 m2 613382 -0.00396897597 0.200000003 p1 46864 8
2344 19771080 m2 2656382 -0.00151222886 0.200000003 p1 46887 8
1961 19771282 m2 2232198 -1.24450242e-10 0.200000003 p1 46891 8
2724 19771325 m2 3102642 -0.00126309623 0.200000003 p1 46892 8
886 19771707 m2 969276 -0.000792844279 0.200000003 p1 46900 8
2355 19771731 m2 2669553 -0.00502485316 0.200000003 p1 46900 8
482 19771887 m2 513836 -0.000314380217 0.200000003 p1 46903 8
2893 19772831 m2 3287866 -0.0169993956 0.200000003 p1 46918 8
290 19772961 m2 321847 -0.00571867311 0.200000003 p1 46920 8
2529 19772980 m2 2858344 -0.000108558343 0.200000003 p1 46921 8
1677 19773008 m2 1872664 -0.00265056756 0.200000003 p1 46921 8
2106 19773009 m2 2416189 -0.00957297347 0.200000003 p1 46921 8
2954 19773177 m2 3350202 -0.00140484434 0.200000003 p1 46924 8
907 19774623 m2 990027 -1.96282563e-05 0.200000003 p1 46951 8
3422 19774792 m2 3855224 -1.16147106e-10 0.200000003 p1 46954 8
2876 19774818 m2 3277927 -0.00323035801 0.200000003 p1 46954 8
3460 19775663 m2 3900346 -0.000911301759 0.200000003 p1 46969 8
1829 19776178 m2 2093206 -6.30278882e-05 0.200000003 p1 46979 8
3760 19776235 m2 4252169 -0.000518341549 0.200000003 p1 46980 8
4245 19777173 m2 4805891 -0.00543633848 0.200000003 p1 46997 8
2621 19777725 m2 2972890 -2.70522105e-10 0.200000003 p1 47008 8
2250 19778043 m2 2550964 -0.000230702572 0.200000003 p1 47015 8
2031 19778050 m2 2327576 -5.67365284e-08 0.200000003 p1 47015 8
1395 19778390 m2 1558196 -0.0120431669 0.200000003 p1 47020 8
1742 19778830 m2 1968996 -0.000100735648 0.200000003 p1 47029 8
2892 19779003 m2 3287620 -2.70753208e-05 0.200000003 p1 47032 8
2420 19779173 m2 2748952 -0.000114615133 0.200000003 p1 47036 8
1250 19779478 m2 1369246 -0.00134640466 0.200000003 p1 47042 8
1392 19780237 m2 1554812 -0.0202635396 0.200000003 p1 47056 8
3397 19780735 m2 3823296 -0.000953103707 0.200000003 p1 47064 8
2738 19780760 m2 3112347 -0.00703497604 0.200000003 p1 47065 8
2931 19781306 m2 3323964 -0.000181763986 0.200000003 p1 47076 8
1562 19781773 m2 1740591 -3.57229538e-07 0.200000003 p1 47085 8
993 19781992 m2 1075063 -7.44210809e-07 0.200000003 p1 47090 8
188 19782472 m2 211012 -0.00347508001 0.200000003 p1 47099 8
172 19782572 m2 192125 -0.000159192918 0.200000003 p1 47102 8
4002 19782818 m2 4517352 -0.00222282088 0.200000003 p1 47107 8
4086 19782838 m2 4626310 -0.000109881345 0.200000003 p1 47107 8
1843 19782863 m2 2115350 -1.89662351e-05 0.200000003 p1 47108 8
4137 19783376 m2 4694708 -2.71353133e-06 0.200000003 p1 47118 8
4108 19783478 m2 4661164 -0.000234606356 0.200000003 p1 47120 8
4083 19783647 m2 4624565 -0.00585373538 0.200000003 p1 47123 8
251 19783744 m2 282175 -0.00412230054 0.200000003 p1 47125 8
2288 19784016 m2 2601376 -0.00219412567 0.200000003 p1 47130 8
694 19784739 m2 747504 -0.00194563821 0.200000003 p1 47145 8
3121 19784947 m2 3532987 -0.0145642711 0.200000003 p1 47148 8
3194 19785098 m2 3610260 -0.0259857588 0.200000003 p1 47151 8
4190 19785108 m2 4742696 -0.0132880341 0.200000003 p1 47152 8
1023 19785851 m2 1108348 -2.86147133e-06 0.200000003 p1 47166 8
3041 19786036 m2 3445963 -0.00578854466 0.200000003 p1 47170 8
2095 19786266 m2 2401133 -1.30152159e-07 0.200000003 p1 47174 8
2658 19786556 m2 3011446 -0.00124587468 0.200000003 p1 47180 8
3858 19786567 m2 4357638 -0.0153656062 0.200000003 p1 47180 8
4194 19786765 m2 4743445 -0.000854900107 0.200000003 p1 47184 8
4308 19787101 m2 4882088 -0.00895400438 0.200000003 p1 47192 8
1731 19787107 m2 1955857 -1.93072374e-05 0.200000003 p1 47192 8
1769 19787234 m2 2001056 -0.000870925141 0.200000003 p1 47195 8
1010 19787846 m2 1091325 -0.000603001739 0.200000003 p1 47207 8
2818 19788185 m2 3217587 -0.000200268041 0.200000003 p1 47214 8
3929 19788232 m2 4431490 -0.000100574049 0.200000003 p1 47215 8
3818 19788493 m2 4322463 -4.77031278e-07 0.200000003 p1 47220 8
3634 19788670 m2 4104665 -0.00584951229 0.200000003 p1 47225 8
1867 19788821 m2 2139960 -0.0166244823 0.200000003 p1 47227 8
3454 19789484 m2 3893552 -4.04710227e-05 0.200000003 p1 47241 8
2709 19790112 m2 3079903 -0.000752269814 0.200000003 p1 47255 8
2082 19790614 m2 2381963 -0.00235932251 0.200000003 p1 47266 8
2743 19791050 m2 3115925 -8.5511183e-06 0.200000003 p1 47276 8
3860 19791543 m2 4358460 -0.00306208641 0.200000003 p1 47288 8
3263 19791612 m2 3675383 -0.000298310886 0.200000003 p1 47289 8
601 19791915 m2 648717 -0.000101528094 0.200000003 p1 47296 8
248 19792442 m2 279876 -0.00181055791 0.200000003 p1 47307 8
3599 19792582 m2 4064053 -5.34770334e-05 0.200000003 p1 47311 8
926 19792964 m2 1010281 -0.00200043689 0.200000003 p1 47319 8
2145 19793070 m2 2455461 -0.0140497219 0.200000003 p1 47321 8
3468 19793144 m2 3906803 -0.000496112218 0.200000003 p1 47323 8
212 19793400 m2 241927 -0.000229409867 0.200000003 p1 47328 8
1442 19793878 m2 1605052 -5.28373084e-06 0.200000003 p1 47339 8
408 19793899 m2 447033 -0.000104721505 0.200000003 p1 47339 8
1039 19794225 m2 1125322 -0.0055243792 0.200000003 p1 47347 8
3204 19794370 m2 3619062 -0.000927317655 0.200000003 p1 47350 8
2085 19794495 m2 2384376 -0.00242460589 0.200000003 p1 47353 8
699 19795577 m2 750193 -0.00113851088 0.200000003 p1 47379 8
609 19795663 m2 656003 -0.00807112176 0.200000003 p1 47380 8
191 19796462 m2 219285 -5.72051491e-08 0.200000003 p1 47399 8
1389 19796715 m2 1550851 -0.00754766306 0.200000003 p1 47405 8
369 19796775 m2 408728 -0.00982237421 0.200000003 p1 47406 8
2595 19796793 m2 2933621 -9.53580893e-05 0.200000003 p1 47407 8
1061 19796947 m2 1148013 -0.00236919965 0.200000003 p1 47410 8
3737 19797346 m2 4234327 -0.008795131 0.200000003 p1 47420 8
2309 19797528 m2 2620654 -0.00626894087 0.200000003 p1 47424 8
1736 19797629 m2 1961221 -0.000422340469 0.200000003 p1 47427 8
1381 19797766 m2 1529599 -3.56052951e-05 0.200000003 p1 47430 8
3222 19797960 m2 3637891 -1.15222456e-05 0.200000003 p1 47435 8
502 19798281 m2 542240 -0.00974196941 0.200000003 p1 47444 8
209 19799088 m2 241412 -0.00156289292 0.200000003 p1 47463 8
2508 19799203 m2 2834779 -0.0014683709 0.200000003 p1 47465 8
2130 19799253 m2 2441741 -0.00394605426 0.200000003 p1 47466 8
688 19799807 m2 737886 -0.000965496351 0.200000003 p1 47480 8
718 19800135 m2 779249 -0.00113370828 0.200000003 p1 47488 8
166 19800290 m2 182920 -6.16158715e-08 0.200000003 p1 47492 8
820 19800777 m2 895645 -0.00416424824 0.200000003 p1 47505 8
561 19800831 m2 609612 -7.14088455e-05 0.200000003 p1 47506 8
2029 19800934 m2 2319623 -0.0055015618 0.200000003 p1 47509 8
3517 19801164 m2 3968549 -0.00754859205 0.200000003 p1 47514 8
3126 19801187 m2 3540668 -0.0221074913 0.200000003 p1 47515 8
3414 19801367 m2 3850047 -0.000100692603 0.200000003 p1 47520 8
1151 19801982 m2 1247201 -2.3367034e-11 0.200000003 p1 47535 8
3251 19802850 m2 3665697 -0.00112405652 0.200000003 p1 47559 8
4413 19803029 m2 4999457 -0.000775020046 0.200000003 p1 47564 8
3941 19803054 m2 4449307 -0.00316474983 0.200000003 p1 47565 8
2677 19803144 m2 3038445 -1.3694872e-05 0.200000003 p1 47567 8
2642 19803811 m2 2991243 -3.14821911e-08 0.200000003 p1 47585 8
2228 19803899 m2 2535484 -7.48598495e-07 0.200000003 p1 47586 8
1529 19804451 m2 1706780 -0.0105612474 0.200000003 p1 47602 8
384 19804713 m2 428277 -0.00257783802 0.200000003 p1 47609 8
131 19805265 m2 145523 -0.000790506601 0.200000003 p1 47624 8
108 19805353 m2 120720 -0.00139464147 0.200000003 p1 47626 8
3996 19806056 m2 4512514 -0.0173616093 0.200000003 p1 47644 8
2755 19806086 m2 3131089 -5.9938493e-06 0.200000003 p1 47645 8
3557 19806099 m2 4019444 -0.00109921384 0.200000003 p1 47645 8
2340 19806178 m2 2650817 -0.0183913559 0.200000003 p1 47647 8
1725 19806185 m2 1946201 -2.76316005e-05 0.200000003 p1 47647 8
998 19806540 m2 1078287 -0.000764678 0.200000003 p1 47657 8
1711 19806746 m2 1924939 -0.00298300316 0.200000003 p1 47663 8
3456 19806812 m2 3896566 -0.00663116574 0.200000003 p1 47664 8
2336 19806976 m2 2644298 -0.000209597754 0.200000003 p1 47668 8
3581 19807084 m2 4051139 -0.00396584859 0.200000003 p1 47672 8
58 19807096 m2 65201 -0.00887735374 0.200000003 p1 47672 8
3562 19807119 m2 4027347 -0.00495581981 0.200000003 p1 47673 8
2000 19807202 m2 2283351 -8.05472664e-05 0.200000003 p1 47675 8
1753 19807438 m2 1982004 -8.6625123e-06 0.200000003 p1 47681 8
2639 19807769 m2 2989765 -4.20124379e-05 0.200000003 p1 47690 8
825 19808139 m2 899761 -9.71679219e-06 0.200000003 p1 47700 8
2623 19808229 m2 2973529 -0.000788614794 0.200000003 p1 47702 8
3215 19808399 m2 3629525 -0.00351574249 0.200000003 p1 47707 8
2816 19808762 m2 3212442 -4.0407599e-06 0.200000003 p1 47717 8
728 19808842 m2 791489 -1.20599052e-05 0.200000003 p1 47719 8
1268 19809188 m2 1385970 -0.00044990945 0.200000003 p1 47728 8
1412 19809326 m2 1579350 -0.0121218907 0.200000003 p1 47732 8
3963 19809637 m2 4466469 -0.00176826958 0.200000003 p1 47741 8
848 19809924 m2 920428 -8.19146298e-05 0.200000003 p1 47750 8
1025 19809931 m2 1108735 -0.00481126225 0.200000003 p1 47750 8
1179 19809993 m2 1285878 -2.56628846e-05 0.200000003 p1 47752 8
376 19810062 m2 418389 -0.0414412804 0.200000003 p1 47754 8
854 19810109 m2 928243 -0.00101174216 0.200000003 p1 47755 8
2135 19810129 m2 2448481 -0.00243953522 0.200000003 p1 47756 8
2990 19810141 m2 3395969 -0.00100941979 0.200000003 p1 47756 8
1106 19810153 m2 1196983 -0.00146583142 0.200000003 p1 47756 8
4228 19810235 m2 4779762 -0.000366306544 0.200000003 p1 47759 8
1668 19810817 m2 1865854 -1.41573375e-08 0.200000003 p1 47777 8
232 19810856 m2 262616 -0.00661024963 0.200000003 p1 47778 8
512 19811394 m2 549952 -0.0244877804 0.200000003 p1 47794 8
3356 19811395 m2 3779448 -5.08328912e-06 0.200000003 p1 47794 8
2560 19811514 m2 2889414 -0.000822878152 0.200000003 p1 47797 8
2879 19811864 m2 3280654 -0.00729519641 0.200000003 p1 47808 8
127 19812990 m2 142562 -0.00315061724 0.200000003 p1 47843 8
2872 19813027 m2 3274154 -3.87958207e-05 0.200000003 p1 47844 8
2612 19813302 m2 2959034 -1.00052979e-07 0.200000003 p1 47853 8
417 19813377 m2 456055 -0.000698483724 0.200000003 p1 47856 8
1887 19813809 m2 2161482 -0.0159673281 0.200000003 p1 47869 8
2381 19813963 m2 2697197 -0.00588541804 0.200000003 p1 47873 8
1014 19814205 m2 1098813 -0.0539443642 0.200000003 p1 47881 8
3801 19814544 m2 4305482 -0.000918797392 0.200000003 p1 47892 8
4106 19814580 m2 4659716 -0.00333235739 0.200000003 p1 47894 8
777 19814858 m2 846999 -0.000166691141 0.200000003 p1 47902 8
1051 19815104 m2 1132098 -1.34744793e-09 0.200000003 p1 47911 8
3257 19815173 m2 3670834 -0.00882482901 0.200000003 p1 47914 8
563 19815647 m2 611782 -0.0155222006 0.200000003 p1 47929 8
2974 19815808 m2 3379551 -0.00673953025 0.200000003 p1 47935 8
357 19815912 m2 392452 -0.00342477812 0.200000003 p1 47938 8
3325 19816208 m2 3749951 -0.0200436469 0.200000003 p1 47949 8
791 19816242 m2 864719 -0.000168194383 0.200000003 p1 47950 8
953 19816286 m2 1041298 -0.0110739525 0.200000003 p1 47952 8
1012 19817222 m2 1097333 -0.00106635573 0.200000003 p1 47992 8
2109 19817319 m2 2417204 -0.0170248356 0.200000003 p1 47995 8
1798 19818373 m2 2054216 -8.27555908e-08 0.200000003 p1 48034 8
3550 19818760 m2 4015549 -0.0115092834 0.200000003 p1 48048 8
1281 19818811 m2 1403403 -0.00254587084 0.200000003 p1 48050 8
2955 19818951 m2 3353223 -0.000182988442 0.200000003 p1 48056 8
4104 19819287 m2 4653163 -0.00324209314 0.200000003 p1 48069 8
2999 19819438 m2 3407640 -0.00235106051 0.200000003 p1 48074 8
4364 19819528 m2 4950922 -0.00403647358 0.200000003 p1 48078 8
1493 19819983 m2 1673168 -0.0387066789 0.200000003 p1 48097 8
205 19820346 m2 237591 -6.95717245e-05 0.200000003 p1 48111 8
85 19820469 m2 91118 -4.94743745e-06 0.200000003 p1 48116 8
1676 19820697 m2 1871591 -0.000126532075 0.200000003 p1 48126 8
113 19820974 m2 126343 -1.53433268e-06 0.200000003 p1 48137 8
4153 19821120 m2 4713001 -3.28446622e-05 0.200000003 p1 48142 8
70 19821187 m2 74474 -2.91086726e-05 0.200000003 p1 48144 8
2370 19821393 m2 2683706 -0.0164036453 0.200000003 p1 48152 8
3362 19821474 m2 3783550 -1.57117165e-06 0.200000003 p1 48156 8
2557 19821543 m2 2886055 -0.00238027168 0.200000003 p1 48159 8
2565 19821981 m2 2894160 -0.000204254626 0.200000003 p1 48177 8
3559 19822200 m2 4026462 -0.000633645977 0.200000003 p1 48186 8
1585 19822334 m2 1765853 -0.0100353677 0.200000003 p1 48192 8
2204 19822483 m2 2509115 -0.0124989916 0.200000003 p1 48199 8
283 19822717 m2 311371 -0.00143003464 0.200000003 p1 48209 8
904 19822732 m2 987823 -5.35298204e-05 0.200000003 p1 48210 8
1219 19823410 m2 1334003 -0.00550075294 0.200000003 p1 48239 8
3893 19823447 m2 4390457 -2.23572588e-05 0.200000003 p1 48240 8
1619 19823501 m2 1803841 -4.24164e-06 0.200000003 p1 48243 8
2475 19823554 m2 2802229 -7.38470751e-09 0.200000003 p1 48246 8
642 19823782 m2 686789 -0.0240607299 0.200000003 p1 48256 8
236 19823814 m2 269623 -0.000242747265 0.200000003 p1 48257 8
1835 19823815 m2 2099443 -0.00123869709 0.200000003 p1 48257 8
475 19823858 m2 506773 -0.000293326564 0.200000003 p1 48259 8
1488 19824466 m2 1670195 -0.000647067034 0.200000003 p1 48286 8
1469 19824468 m2 1641316 -0.0239721164 0.200000003 p1 48287 8
1738 19824703 m2 1961628 -0.00203733589 0.200000003 p1 48298 8
1678 19824802 m2 1875181 -1.24372382e-05 0.200000003 p1 48302 8
57 19825108 m2 65065 -2.2351358e-05 0.200000003 p1 48316 8
2705 19825221 m2 3075699 -0.0175161567 0.200000003 p1 48321 8
3986 19825330 m2 4499109 -0.00156997226 0.200000003 p1 48326 8
1363 19825378 m2 1501855 -0.0271177124 0.200000003 p1 48328 8
600 19825414 m2 647839 -0.0108999237 0.200000003 p1 48330 8
698 19825498 m2 749576 -1.42334311e-09 0.200000003 p1 48334 8
2143 19825559 m2 2454385 -0.0222864673 0.200000003 p1 48337 8
119 19825826 m2 135487 -9.73769829e-07 0.200000003 p1 48348 8
1823 19825889 m2 2087054 -2.72664806e-07 0.200000003 p1 48351 8
3105 19825942 m2 3514047 -0.00215716171 0.200000003 p1 48353 8
1147 19826048 m2 1243817 -0.0206607003 0.200000003 p1 48359 8
3962 19826205 m2 4466434 -0.0310771633 0.200000003 p1 48366 8
1483 19826302 m2 1663274 -0.0135857044 0.200000003 p1 48370 8
2948 19826351 m2 3343134 -0.00330178393 0.200000003 p1 48371 8
2725 19826426 m2 3104177 -0.00413711183 0.200000003 p1 48376 8
1584 19826635 m2 1765166 -4.17421325e-05 0.200000003 p1 48386 8
1796 19826926 m2 2053042 -0.0537639 0.200000003 p1 48400 8
2878 19827054 m2 3280524 -0.00307156309 0.200000003 p1 48409 8
1304 19827210 m2 1431548 -0.000454235502 0.200000003 p1 48418 8
2231 19827317 m2 2536803 -0.000445255835 0.200000003 p1 48422 8
568 19827349 m2 616429 -0.033793617 0.200000003 p1 48424 8
3116 19827478 m2 3526463 -0.00922698062 0.200000003 p1 48431 8
16 19827592 m2 17449 -0.0288588312 0.200000003 p1 48438 8
1547 19827759 m2 1723332 -9.33018691e-06 0.200000003 p1 48446 8
4197 19827904 m2 4746034 -0.00775363436 0.200000003 p1 48455 8
2563 19828075 m2 2893906 -0.0313092731 0.200000003 p1 48462 8
3594 19828092 m2 4059613 -1.17312072e-06 0.200000003 p1 48463 8
4061 19828181 m2 4604179 -0.00170703873 0.200000003 p1 48469 8
2549 19828312 m2 2877675 -0.0034015507 0.200000003 p1 48477 8
3707 19828363 m2 4203994 -0.0357135087 0.200000003 p1 48480 8
155 19828373 m2 167094 -0.0360011458 0.200000003 p1 48481 8
1715 19828459 m2 1929841 -0.00284251804 0.200000003 p1 48486 8
526 19828545 m2 556831 -0.0402342193 0.200000003 p1 48491 8
1640 19828651 m2 1823316 -0.0854255557 0.200000003 p1 48498 8
2538 19828653 m2 2868448 -1.52241364e-05 0.200000003 p1 48498 8
3852 19828910 m2 4351728 -0.0510265194 0.200000003 p1 48514 8
3889 19829116 m2 4381341 -4.8504894e-06 0.200000003 p1 48530 7
3806 19829122 m2 4310790 -0.0020572478 0.200000003 p1 48531 8
2493 19829185 m2 2819292 -4.71698913e-05 0.200000003 p1 48534 5
3938 19829256 m2 4443487 -0.000342895044 0.200000003 p1 48539 8
2152 19829310 m2 2464880 -0.0033440378 0.200000003 p1 48543 8
3278 19829336 m2 3692570 -6.78731736e-17 0.200000003 p1 48546 8
1950 19829381 m2 2221413 -0.00240175868 0.200000003 p1 48549 8
3205 19829407 m2 3619245 -0.00597681617 0.200000003 p1 48551 8
1445 19829499 m2 1607274 -0.0290657934 0.200000003 p1 48558 8
3751 19829504 m2 4245325 -0.0546578839 0.200000003 p1 48559 8
3253 19829512 m2 3667462 -0.0243263599 0.200000003 p1 48559 8
4417 19829525 m2 2642333 -0.00468241284 0.200000003 p1 48560 3
1082 19829582 m2 1171268 -0.0429839119 0.200000003 p1 48564 8
3390 19829740 m2 3809852 -2.94841467e-08 0.200000003 p1 48573 6
2737 19829866 m2 3111524 -0.0230430588 0.200000003 p1 48582 8
4429 19829952 m2 2758584 -0.000450925232 0.200000003 p1 48589 3
4435 19829998 m2 834525 -0.0322195664 0.200000003 p1 48592 2
4436 19830073 m2 301869 -0.0356598124 0.200000003 p1 48599 1
3112 19830099 m2 3522725 -0.107469119 0.200000003 p1 48602 4
4420 19830131 m2 4782257 -0.000786054414 0.200000003 p1 48604 4
3376 19830157 m2 3792567 -4.0638035e-05 0.200000003 p1 48607 6
1609 19830187 m2 1794032 -0.0363050476 0.200000003 p1 48609 5
4419 19830241 m2 4776106 -0.0422060825 0.200000003 p1 48613 4
1854 19830252 m2 2127495 -0.195738152 0.200000003 p1 48614 6
4424 19830291 m2 3612217 -0.0802586302 0.200000003 p1 48617 2
4422 19830298 m2 729959 -0.0018881124 0.200000003 p1 48618 5
4421 19830327 m2 24842 -0.260306686 0.200000003 p1 48620 3
4418 19830370 m2 3582003 -0.0187473409 0.200000003 p1 48624 3
4427 19830373 m2 1261719 -0.0509840436 0.200000003 p1 48625 1
2983 19830379 m2 3389294 -0.0216554832 0.200000003 p1 48626 2
4425 19830390 m2 4190718 -8.38900647e-08 0.200000003 p1 48627 1
4434 19830398 m2 4650720 -0.00637535192 0.200000003 p1 48629 1
4426 19830411 m2 204104 -0.0332962275 0.200000003 p1 48630 1
2834 19830412 m2 3239005 -0.0120393224 0.200000003 p1 48630 3
4431 19830423 m2 138231 -0.018436946 0.200000003 p1 48631 1
4415 19830429 m2 1127504 -0.00187550124 0.200000003 p1 48631 2
4423 19830430 m2 1480119 -2.85979411e-07 0.200000003 p1 48631 1
4414 19830435 m2 910473 -0.0015201621 0.200000003 p1 48632 1
4416 19830436 m2 2106979 -0.0348472521 0.200000003 p1 48632 1
4433 19830437 m2 4569763 -0.105485551 0.200000003 p1 48632 1
4428 19830443 m2 1472192 -0.00116487732 0.200000003 p1 48633 1
4430 19830464 m2 3225020 -0.000106293432 0.200000003 p1 48634 1
4432 19830465 m2 3803273 -4.13819645e-09 0.200000003 p1 48635 1
Individuals:
p1:i0 H p1:0 p1:1 3
p1:i1 H p1:2 p1:3 1
p1:i2 H p1:4 p1:5 0
p1:i3 H p1:6 p1:7 0
Genomes:
p1:0 A 0 1 2 3 4 5 6 7 8 9 10 11 12 13 14 15 16 17 18 19 20 21 22 23 24 25 26 27 28 29 30 31 32 33 34 35 36 37 38 39 40 41 42 43 44 45 46 47 48 49 50 51 52 53 54 55 56 57 58 59 60 61 62 63 64 65 66 67 68 69 70 71 72 73 74 75 76 77 78 79 80 81 82 83 84 85 86 87 88 89 90 91 92 93 94 95 96 97 98 99 100 101 102 103 104 105 106 107 108 109 110 111 112 113 114 115 116 117 118 119 120 121 122 123 124 125 126 127 128 129 130 131 132 133 134 135 136 137 138 139 140 141 142 143 144 145 146 147 148 149 150 151 152 153 154 155 156 157 158 159 160 161 162 163 164 165 166 167 168 169 170 171 172 173 174 175 176 177 178 179 180 181 182 183 184 185 186 187 188 189 190 191 192 193 194 195 196 197 198 199 200 201 202 203 204 205 206 207 208 209 210 211 212 213 214 215 216 217 218 219 220 221 222 223 224 225 226 227 228 229 230 231 232 233 234 235 236 237 238 239 240 241 242 243 244 245 246 247 248 249 250 251 252 253 254 255 256 257 258 259 260 261 262 263 264 265 266 267 268 269 270 271 272 273 274 275 276 277 278 279 280 281 282 283 284 285 286 287 288 289 290 291 292 293 294 295 296 297 298 299 300 301 302 303 304 305 306 307 308 309 310 311 312 313 314 315 316 317 318 319 320 321 322 323 324 325 326 327 328 329 330 331 332 333 334 335 336 337 338 339 340 341 342 343 344 345 346 347 348 349 350 351 352 353 354 355 356 357 358 359 360 361 362 363 364 365 366 367 368 369 370 371 372 373 374 375 376 377 378 379 380 381 382 383 384 385 386 387 388 389 390 391 392 393 394 395 396 397 398 399 400 401 402 403 404 405 406 407 408 409 410 411 412 413 414 415 416 417 418 419 420 421 422 423 424 425 426 427 428 429 430 431 432 433 434 435 436 437 438 439 440 441 442 443 444 445 446 447 448 449 450 451 452 453 454 455 456 457 458 459 460 461 462 463 464 465 466 467 468 469 470 471 472 473 474 475 476 477 478 479 480 481 482 483 484 485 486 487 488 489 490 491 492 493 494 495 496 497 498 499 500 501 502 503 504 505 506 507 508 509 510 511 512 513 514 515 516 517 518 519 520 521 522 523 524 525 526 527 528 529 530 531 532 533 534 535 536 537 538 539 540 541 542 543 544 545 546 547 548 549 550 551 552 553 554 555 556 557 558 559 560 561 562 563 564 565 566 567 568 569 570 571 572 573 574 575 576 577 578 579 580 581 582 583 584 585 586 587 588 589 590 591 592 593 594 595 596 597 598 599 600 601 602 603 604 605 606 607 608 609 610 611 612 613 614 615 616 617 618 619 620 621 622 623 624 625 626 627 628 629 630 631 632 633 634 635 636 637 638 639 640 641 642 643 644 645 646 647 648 649 650 651 652 653 654 655 656 657 658 659 660 661 662 663 664 665 666 667 668 669 670 671 672 673 674 675 676 677 678 679 680 681 682 683 684 685 686 687 688 689 690 691 692 693 694 695 696 697 698 699 700 701 702 703 704 705 706 707 708 709 710 711 712 713 714 715 716 717 718 719 720 721 722 723 724 725 726 727 728 729 730 731 732 733 734 735 736 737 738 739 740 741 742 743 744 745 746 747 748 749 750 751 752 753 754 755 756 757 758 759 760 761 762 763 764 765 766 767 768 769 770 771 772 773 774 775 776 777 778 779 780 781 782 783 784 785 786 787 788 789 790 791 792 793 794 795 796 797 798 799 800 801 802 803 804 805 806 807 808 809 810 811 812 813 814 815 816 817 818 819 820 821 822 823 824 825 826 827 828 829 830 831 832 833 834 835 836 837 838 839 840 841 842 843 844 845 846 847 848 849 850 851 852 853 854 855 856 857 858 859 860 861 862 863 864 865 866 867 868 869 870 871 872 873 874 875 876 877 878 879 880 881 882 883 884 885 886 887 888 889 890 891 892 893 894 895 896 897 898 899 900 901 902 903 904 905 906 907 908 909 910 911 912 913 914 915 916 917 918 919 920 921 922 923 924 925 926 927 928 929 930 931 932 933 934 935 936 937 938 939 940 941 942 943 944 945 946 947 948 949 950 951 952 953 954 955 956 957 958 959 960 961 962 963 964 965 966 967 968 969 970 971 972 973 974 975 976 977 978 979 980 981 982 983 984 985 986 987 988 989 990 991 992 993 994 995 996 997 998 999 1000 1001 1002 1003 1004 1005 1006 1007 1008 1009 1010 1011 1012 1013 1014 1015 1016 1017 1018 1019 1020 1021 1022 1023 1024 1025 1026 1027 1028 1029 1030 1031 1032 1033 1034 1035 1036 1037 1038 1039 1040 1041 1042 1043 1044 1045 1046 1047 1048 1049 1050 1051 1052 1053 1054 1055 1056 1057 1058 1059 1060 1061 1062 1063 1064 1065 1066 1067 1068 1069 1070 1071 1072 1073 1074 1075 1076 1077 1078 1079 1080 1081 1082 1083 1084 1085 1086 1087 1088 1089 1090 1091 1092 1093 1094 1095 1096 1097 1098 1099 1100 1101 1102 1103 1104 1105 1106 1107 1108 1109 1110 1111 1112 1113 1114 1115 1116 1117 1118 1119 1120 1121 1122 1123 1124 1125 1126 1127 1128 1129 1130 1131 1132 1133 1134 1135 1136 1137 1138 1139 1140 1141 1142 1143 1144 1145 1146 1147 1148 1149 1150 1151 1152 1153 1154 1155 1156 1157 1158 1159 1160 1161 1162 1163 1164 1165 1166 1167 1168 1169 1170 1171 1172 1173 1174 1175 1176 1177 1178 1179 1180 1181 1182 1183 1184 1185 1186 1187 1188 1189 1190 1191 1192 1193 1194 1195 1196 1197 1198 1199 1200 1201 1202 1203 1204 1205 1206 1207 1208 1209 1210 1211 1212 1213 1214 1215 1216 1217 1218 1219 1220 1221 1222 1223 1224 1225 1226 1227 1228 1229 1230 1231 1232 1233 1234 1235 1236 1237 1238 1239 1240 1241 1242 1243 1244 1245 1246 1247 1248 1249 1250 1251 1252 1253 1254 1255 1256 1257 1258 1259 1260 1261 1262 1263 1264 1265 1266 1267 1268 1269 1270 1271 1272 1273 1274 1275 1276 1277 1278 1279 1280 1281 1282 1283 1284 1285 1286 1287 1288 1289 1290 1291 1292 1293 1294 1295 1296 1297 1298 1299 1300 1301 1302 1303 1304 1305 1306 1307 1308 1309 1310 1311 1312 1313 1314 1315 1316 1317 1318 1319 1320 1321 1322 1323 1324 1325 1326 1327 1328 1329 1330 1331 1332 1333 1334 1335 1336 1337 1338 1339 1340 1341 1342 1343 1344 1345 1346 1347 1348 1349 1350 1351 1352 1353 1354 1355 1356 1357 1358 1359 1360 1361 1362 1363 1364 1365 1366 1367 1368 1369 1370 1371 1372 1373 1374 1375 1376 1377 1378 1379 1380 1381 1382 1383 1384 1385 1386 1387 1388 1389 1390 1391 1392 1393 1394 1395 1396 1397 1398 1399 1400 1401 1402 1403 1404 1405 1406 1407 1408 1409 1410 1411 1412 1413 1414 1415 1416 1417 1418 1419 1420 1421 1422 1423 1424 1425 1426 1427 1428 1429 1430 1431 1432 1433 1434 1435 1436 1437 1438 1439 1440 1441 1442 1443 1444 1445 1446 1447 1448 1449 1450 1451 1452 1453 1454 1455 1456 1457 1458 1459 1460 1461 1462 1463 1464 1465 1466 1467 1468 1469 1470 1471 1472 1473 1474 1475 1476 1477 1478 1479 1480 1481 1482 1483 1484 1485 1486 1487 1488 1489 1490 1491 1492 1493 1494 1495 1496 1497 1498 1499 1500 1501 1502 1503 1504 1505 1506 1507 1508 1509 1510 1511 1512 1513 1514 1515 1516 1517 1518 1519 1520 1521 1522 1523 1524 1525 1526 1527 1528 1529 1530 1531 1532 1533 1534 1535 1536 1537 1538 1539 1540 1541 1542 1543 1544 1545 1546 1547 1548 1549 1550 1551 1552 1553 1554 1555 1556 1557 1558 1559 1560 1561 1562 1563 1564 1565 1566 1567 1568 1569 1570 1571 1572 1573 1574 1575 1576 1577 1578 1579 1580 1581 1582 1583 1584 1585 1586 1587 1588 1589 1590 1591 1592 1593 1594 1595 1596 1597 1598 1599 1600 1601 1602 1603 1604 1605 1606 1607 1608 1609 1610 1611 1612 1613 1614 1615 1616 1617 1618 1619 1620 1621 1622 1623 1624 1625 1626 1627 1628 1629 1630 1631 1632 1633 1634 1635 1636 1637 1638 1639 1640 1641 1642 1643 1644 1645 1646 1647 1648 1649 1650 1651 1652 1653 1654 1655 1656 1657 1658 1659 1660 1661 1662 1663 1664 1665 1666 1667 1668 1669 1670 1671 1672 1673 1674 1675 1676 1677 1678 1679 1680 1681 1682 1683 1684 1685 1686 1687 1688 1689 1690 1691 1692 1693 1694 1695 1696 1697 1698 1699 1700 1701 1702 1703 1704 1705 1706 1707 1708 1709 1710 1711 1712 1713 1714 1715 1716 1717 1718 1719 1720 1721 1722 1723 1724 1725 1726 1727 1728 1729 1730 1731 1732 1733 1734 1735 1736 1737 1738 1739 1740 1741 1742 1743 1744 1745 1746 1747 1748 1749 1750 1751 1752 1753 1754 1755 1756 1757 1758 1759 1760 1761 1762 1763 1764 1765 1766 1767 1768 1769 1770 1771 1772 1773 1774 1775 1776 1777 1778 1779 1780 1781 1782 1783 1784 1785 1786 1787 1788 1789 1790 1791 1792 1793 1794 1795 1796 1797 1798 1799 1800 1801 1802 1803 1804 1805 1806 1807 1808 1809 1810 1811 1812 1813 1814 1815 1816 1817 1818 1819 1820 1821 1822 1823 1824 1825 1826 1827 1828 1829 1830 1831 1832 1833 1834 1835 1836 1837 1838 1839 1840 1841 1842 1843 1844 1845 1846 1847 1848 1849 1850 1851 1852 1853 1854 1855 1856 1857 1858 1859 1860 1861 1862 1863 1864 1865 1866 1867 1868 1869 1870 1871 1872 1873 1874 1875 1876 1877 1878 1879 1880 1881 1882 1883 1884 1885 1886 1887 1888 1889 1890 1891 1892 1893 1894 1895 1896 1897 1898 1899 1900 1901 1902 1903 1904 1905 1906 1907 1908 1909 1910 1911 1912 1913 1914 1915 1916 1917 1918 1919 1920 1921 1922 1923 1924 1925 1926 1927 1928 1929 1930 1931 1932 1933 1934 1935 1936 1937 1938 1939 1940 1941 1942 1943 1944 1945 1946 1947 1948 1949 1950 1951 1952 1953 1954 1955 1956 1957 1958 1959 1960 1961 1962 1963 1964 1965 1966 1967 1968 1969 1970 1971 1972 1973 1974 1975 1976 1977 1978 1979 1980 1981 1982 1983 1984 1985 1986 1987 1988 1989 1990 1991 1992 1993 1994 1995 1996 1997 1998 1999 2000 2001 2002 2003 2004 2005 2006 2007 2008 2009 2010 2011 2012 2013 2014 2015 2016 2017 2018 2019 2020 2021 2022 2023 2024 2025 2026 2027 2028 2029 2030 2031 2032 2033 2034 2035 2036 2037 2038 2039 2040 2041 2042 2043 2044 2045 2046 2047 2048 2049 2050 2051 2052 2053 2054 2055 2056 2057 2058 2059 2060 2061 2062 2063 2064 2065 2066 2067 2068 2069 2070 2071 2072 2073 2074 2075 2076 2077 2078 2079 2080 2081 2082 2083 2084 2085 2086 2087 2088 2089 2090 2091 2092 2093 2094 2095 2096 2097 2098 2099 2100 2101 2102 2103 2104 2105 2106 2107 2108 2109 2110 2111 2112 2113 2114 2115 2116 2117 2118 2119 2120 2121 2122 2123 2124 2125 2126 2127 2128 2129 2130 2131 2132 2133 2134 2135 2136 2137 2138 2139 2140 2141 2142 2143 2144 2145 2146 2147 2148 2149 2150 2151 2152 2153 2154 2155 2156 2157 2158 2159 2160 2161 2162 2163 2164 2165 2166 2167 2168 2169 2170 2171 2172 2173 2174 2175 2176 2177 2178 2179 2180 2181 2182 2183 2184 2185 2186 2187 2188 2189 2190 2191 2192 2193 2194 2195 2196 2197 2198 2199 2200 2201 2202 2203 2204 2205 2206 2207 2208 2209 2210 2211 2212 2213 2214 2215 2216 2217 2218 2219 2220 2221 2222 2223 2224 2225 2226 2227 2228 2229 2230 2231 2232 2233 2234 2235 2236 2237 2238 2239 2240 2241 2242 2243 2244 2245 2246 2247 2248 2249 2250 2251 2252 2253 2254 2255 2256 2257 2258 2259 2260 2261 2262 2263 2264 2265 2266 2267 2268 2269 2270 2271 2272 2273 2274 2275 2276 2277 2278 2279 2280 2281 2282 2283 2284 2285 2286 2287 2288 2289 2290 2291 2292 2293 2294 2295 2296 2297 2298 2299 2300 2301 2302 2303 2304 2305 2306 2307 2308 2309 2310 2311 2312 2313 2314 2315 2316 2317 2318 2319 2320 2321 2322 2323 2324 2325 2326 2327 2328 2329 2330 2331 2332 2333 2334 2335 2336 2337 2338 2339 2340 2341 2342 2343 2344 2345 2346 2347 2348 2349 2350 2351 2352 2353 2354 2355 2356 2357 2358 2359 2360 2361 2362 2363 2364 2365 2366 2367 2368 2369 2370 2371 2372 2373 2374 2375 2376 2377 2378 2379 2380 2381 2382 2383 2384 2385 2386 2387 2388 2389 2390 2391 2392 2393 2394 2395 2396 2397 2398 2399 2400 2401 2402 2403 2404 2405 2406 2407 2408 2409 2410 2411 2412 2413 2414 2415 2416 2417 2418 2419 2420 2421 2422 2423 2424 2425 2426 2427 2428 2429 2430 2431 2432 2433 2434 2435 2436 2437 2438 2439 2440 2441 2442 2443 2444 2445 2446 2447 2448 2449 2450 2451 2452 2453 2454 2455 2456 2457 2458 2459 2460 2461 2462 2463 2464 2465 2466 2467 2468 2469 2470 2471 2472 2473 2474 2475 2476 2477 2478 2479 2480 2481 2482 2483 2484 2485 2486 2487 2488 2489 2490 2491 2492 2493 2494 2495 2496 2497 2498 2499 2500 2501 2502 2503 2504 2505 2506 2507 2508 2509 2510 2511 2512 2513 2514 2515 2516 2517 2518 2519 2520 2521 2522 2523 2524 2525 2526 2527 2528 2529 2530 2531 2532 2533 2534 2535 2536 2537 2538 2539 2540 2541 2542 2543 2544 2545 2546 2547 2548 2549 2550 2551 2552 2553 2554 2555 2556 2557 2558 2559 2560 2561 2562 2563 2564 2565 2566 2567 2568 2569 2570 2571 2572 2573 2574 2575 2576 2577 2578 2579 2580 2581 2582 2583 2584 2585 2586 2587 2588 2589 2590 2591 2592 2593 2594 2595 2596 2597 2598 2599 2600 2601 2602 2603 2604 2605 2606 2607 2608 2609 2610 2611 2612 2613 2614 2615 2616 2617 2618 2619 2620 2621 2622 2623 2624 2625 2626 2627 2628 2629 2630 2631 2632 2633 2634 2635 2636 2637 2638 2639 2640 2641 2642 2643 2644 2645 2646 2647 2648 2649 2650 2651 2652 2653 2654 2655 2656 2657 2658 2659 2660 2661 2662 2663 2664 2665 2666 2667 2668 2669 2670 2671 2672 2673 2674 2675 2676 2677 2678 2679 2680 2681 2682 2683 2684 2685 2686 2687 2688 2689 2690 2691 2692 2693 2694 2695 2696 2697 2698 2699 2700 2701 2702 2703 2704 2705 2706 2707 2708 2709 2710 2711 2712 2713 2714 2715 2716 2717 2718 2719 2720 2721 2722 2723 2724 2725 2726 2727 2728 2729 2730 2731 2732 2733 2734 2735 2736 2737 2738 2739 2740 2741 2742 2743 2744 2745 2746 2747 2748 2749 2750 2751 2752 2753 2754 2755 2756 2757 2758 2759 2760 2761 2762 2763 2764 2765 2766 2767 2768 2769 2770 2771 2772 2773 2774 2775 2776 2777 2778 2779 2780 2781 2782 2783 2784 2785 2786 2787 2788 2789 2790 2791 2792 2793 2794 2795 2796 2797 2798 2799 2800 2801 2802 2803 2804 2805 2806 2807 2808 2809 2810 2811 2812 2813 2814 2815 2816 2817 2818 2819 2820 2821 2822 2823 2824 2825 2826 2827 2828 2829 2830 2831 2832 2833 2834 2835 2836 2837 2838 2839 2840 2841 2842 2843 2844 2845 2846 2847 2848 2849 2850 2851 2852 2853 2854 2855 2856 2857 2858 2859 2860 2861 2862 2863 2864 2865 2866 2867 2868 2869 2870 2871 2872 2873 2874 2875 2876 2877 2878 2879 2880 2881 2882 2883 2884 2885 2886 2887 2888 2889 2890 2891 2892 2893 2894 2895 2896 2897 2898 2899 2900 2901 2902 2903 2904 2905 2906 2907 2908 2909 2910 2911 2912 2913 2914 2915 2916 2917 2918 2919 2920 2921 2922 2923 2924 2925 2926 2927 2928 2929 2930 2931 2932 2933 2934 2935 2936 2937 2938 2939 2940 2941 2942 2943 2944 2945 2946 2947 2948 2949 2950 2951 2952 2953 2954 2955 2956 2957 2958 2959 2960 2961 2962 2963 2964 2965 2966 2967 2968 2969 2970 2971 2972 2973 2974 2975 2976 2977 2978 2979 2980 2981 2982 2983 2984 2985 2986 2987 2988 2989 2990 2991 2992 2993 2994 2995 2996 2997 2998 2999 3000 3001 3002 3003 3004 3005 3006 3007 3008 3009 3010 3011 3012 3013 3014 3015 3016 3017 3018 3019 3020 3021 3022 3023 3024 3025 3026 3027 3028 3029 3030 3031 3032 3033 3034 3035 3036 3037 3038 3039 3040 3041 3042 3043 3044 3045 3046 3047 3048 3049 3050 3051 3052 3053 3054 3055 3056 3057 3058 3059 3060 3061 3062 3063 3064 3065 3066 3067 3068 3069 3070 3071 3072 3073 3074 3075 3076 3077 3078 3079 3080 3081 3082 3083 3084 3085 3086 3087 3088 3089 3090 3091 3092 3093 3094 3095 3096 3097 3098 3099 3100 3101 3102 3103 3104 3105 3106 3107 3108 3109 3110 3111 3112 3113 3114 3115 3116 3117 3118 3119 3120 3121 3122 3123 3124 3125 3126 3127 3128 3129 3130 3131 3132 3133 3134 3135 3136 3137 3138 3139 3140 3141 3142 3143 3144 3145 3146 3147 3148 3149 3150 3151 3152 3153 3154 3155 3156 3157 3158 3159 3160 3161 3162 3163 3164 3165 3166 3167 3168 3169 3170 3171 3172 3173 3174 3175 3176 3177 3178 3179 3180 3181 3182 3183 3184 3185 3186 3187 3188 3189 3190 3191 3192 3193 3194 3195 3196 3197 3198 3199 3200 3201 3202 3203 3204 3205 3206 3207 3208 3209 3210 3211 3212 3213 3214 3215 3216 3217 3218 3219 3220 3221 3222 3223 3224 3225 3226 3227 3228 3229 3230 3231 3232 3233 3234 3235 3236 3237 3238 3239 3240 3241 3242 3243 3244 3245 3246 3247 3248 3249 3250 3251 3252 3253 3254 3255 3256 3257 3258 3259 3260 3261 3262 3263 3264 3265 3266 3267 3268 3269 3270 3271 3272 3273 3274 3275 3276 3277 3278 3279 3280 3281 3282 3283 3284 3285 3286 3287 3288 3289 3290 3291 3292 3293 3294 3295 3296 3297 3298 3299 3300 3301 3302 3303 3304 3305 3306 3307 3308 3309 3310 3311 3312 3313 3314 3315 3316 3317 3318 3319 3320 3321 3322 3323 3324 3325 3326 3327 3328 3329 3330 3331 3332 3333 3334 3335 3336 3337 3338 3339 3340 3341 3342 3343 3344 3345 3346 3347 3348 3349 3350 3351 3352 3353 3354 3355 3356 3357 3358 3359 3360 3361 3362 3363 3364 3365 3366 3367 3368 3369 3370 3371 3372 3373 3374 3375 3376 3377 3378 3379 3380 3381 3382 3383 3384 3385 3386 3387 3388 3389 3390 3391 3392 3393 3394 3395 3396 3397 3398 3399 3400 3401 3402 3403 3404 3405 3406 3407 3408 3409 3410 3411 3412 3413 3414 3415 3416 3417 3418 3419 3420 3421 3422 3423 3424 3425 3426 3427 3428 3429 3430 3431 3432 3433 3434 3435 3436 3437 3438 3439 3440 3441 3442 3443 3444 3445 3446 3447 3448 3449 3450 3451 3452 3453 3454 3455 3456 3457 3458 3459 3460 3461 3462 3463 3464 3465 3466 3467 3468 3469 3470 3471 3472 3473 3474 3475 3476 3477 3478 3479 3480 3481 3482 3483 3484 3485 3486 3487 3488 3489 3490 3491 3492 3493 3494 3495 3496 3497 3498 3499 3500 3501 3502 3503 3504 3505 3506 3507 3508 3509 3510 3511 3512 3513 3514 3515 3516 3517 3518 3519 3520 3521 3522 3523 3524 3525 3526 3527 3528 3529 3530 3531 3532 3533 3534 3535 3536 3537 3538 3539 3540 3541 3542 3543 3544 3545 3546 3547 3548 3549 3550 3551 3552 3553 3554 3555 3556 3557 3558 3559 3560 3561 3562 3563 3564 3565 3566 3567 3568 3569 3570 3571 3572 3573 3574 3575 3576 3577 3578 3579 3580 3581 3582 3583 3584 3585 3586 3587 3588 3589 3590 3591 3592 3593 3594 3595 3596 3597 3598 3599 3600 3601 3602 3603 3604 3605 3606 3607 3608 3609 3610 3611 3612 3613 3614 3615 3616 3617 3618 3619 3620 3621 3622 3623 3624 3625 3626 3627 3628 3629 3630 3631 3632 3633 3634 3635 3636 3637 3638 3639 3640 3641 3642 3643 3644 3645 3646 3647 3648 3649 3650 3651 3652 3653 3654 3655 3656 3657 3658 3659 3660 3661 3662 3663 3664 3665 3666 3667 3668 3669 3670 3671 3672 3673 3674 3675 3676 3677 3678 3679 3680 3681 3682 3683 3684 3685 3686 3687 3688 3689 3690 3691 3692 3693 3694 3695 3696 3697 3698 3699 3700 3701 3702 3703 3704 3705 3706 3707 3708 3709 3710 3711 3712 3713 3714 3715 3716 3717 3718 3719 3720 3721 3722 3723 3724 3725 3726 3727 3728 3729 3730 3731 3732 3733 3734 3735 3736 3737 3738 3739 3740 3741 3742 3743 3744 3745 3746 3747 3748 3749 3750 3751 3752 3753 3754 3755 3756 3757 3758 3759 3760 3761 3762 3763 3764 3765 3766 3767 3768 3769 3770 3771 3772 3773 3774 3775 3776 3777 3778 3779 3780 3781 3782 3783 3784 3785 3786 3787 3788 3789 3790 3791 3792 3793 3794 3795 3796 3797 3798 3799 3800 3801 3802 3803 3804 3805 3806 3807 3808 3809 3810 3811 3812 3813 3814 3815 3816 3817 3818 3819 3820 3821 3822 3823 3824 3825 3826 3827 3828 3829 3830 3831 3832 3833 3834 3835 3836 3837 3838 3839 3840 3841 3842 3843 3844 3845 3846 3847 3848 3849 3850 3851 3852 3853 3854 3855 3856 3857 3858 3859 3860 3861 3862 3863 3864 3865 3866 3867 3868 3869 3870 3871 3872 3873 3874 3875 3876 3877 3878 3879 3880 3881 3882 3883 3884 3885 3886 3887 3888 3889 3890 3891 3892 3893 3894 3895 3896 3897 3898 3899 3900 3901 3902 3903 3904 3905 3906 3907 3908 3909 3910 3911 3912 3913 3914 3915 3916 3917 3918 3919 3920 3921 3922 3923 3924 3925 3926 3927 3928 3929 3930 3931 3932 3933 3934 3935 3936 3937 3938 3939 3940 3941 3942 3943 3944 3945 3946 3947 3948 3949 3950 3951 3952 3953 3954 3955 3956 3957 3958 3959 3960 3961 3962 3963 3964 3965 3966 3967 3968 3969 3970 3971 3972 3973 3974 3975 3976 3977 3978 3979 3980 3981 3982 3983 3984 3985 3986 3987 3988 3989 3990 3991 3992 3993 3994 3995 3996 3997 3998 3999 4000 4001 4002 4003 4004 4005 4006 4007 4008 4009 4010 4011 4012 4013 4014 4015 4016 4017 4018 4019 4020 4021 4022 4023 4024 4025 4026 4027 4028 4029 4030 4031 4032 4033 4034 4035 4036 4037 4038 4039 4040 4041 4042 4043 4044 4045 4046 4047 4048 4049 4050 4051 4052 4053 4054 4055 4056 4057 4058 4059 4060 4061 4062 4063 4064 4065 4066 4067 4068 4069 4070 4071 4072 4073 4074 4075 4076 4077 4078 4079 4080 4081 4082 4083 4084 4085 4086 4087 4088 4089 4090 4091 4092 4093 4094 4095 4096 4097 4098 4099 4100 4101 4102 4103 4104 4105 4106 4107 4108 4109 4110 4111 4112 4113 4114 4115 4116 4117 4118 4119 4120 4121 4122 4123 4124 4125 4126 4127 4128 4129 4130 4131 4132 4133 4134 4135 4136 4137 4138 4139 4140 4141 4142 4143 4144 4145 4146 4147 4148 4149 4150 4151 4152 4153 4154 4155 4156 4157 4158 4159 4160 4161 4162 4163 4164 4165 4166 4167 4168 4169 4170 4171 4172 4173 4174 4175 4176 4177 4178 4179 4180 4181 4182 4183 4184 4185 4186 4187 4188 4189 4190 4191 4192 4193 4194 4195 4196 4197 4198 4199 4200 4201 4202 4203 4204 4205 4206 4207 4208 4209 4210 4211 4212 4213 4214 4215 4216 4217 4218 4219 4220 4221 4222 4223 4224 4225 4226 4227 4228 4229 4230 4231 4232 4233 4234 4235 4236 4237 4238 4239 4240 4241 4242 4243 4244 4245 4246 4247 4248 4249 4250 4251 4252 4253 4254 4255 4256 4257 4258 4259 4260 4261 4262 4263 4264 4265 4266 4267 4268 4269 4270 4271 4272 4273 4274 4275 4276 4277 4278 4279 4280 4281 4282 4283 4284 4285 4286 4287 4288 4289 4290 4291 4292 4293 4294 4295 4296 4297 4298 4299 4300 4301 4302 4303 4304 4305 4306 4307 4308 4309 4310 4311 4312 4313 4314 4315 4316 4317 4318 4319 4320 4321 4322 4323 4324 4325 4326 4327 4328 4329 4330 4331 4332 4333 4334 4335 4336 4337 4338 4339 4340 4341 4342 4343 4344 4345 4346 4347 4348 4349 4350 4351 4352 4353 4354 4355 4356 4357 4358 4359 4360 4361 4362 4363 4364 4365 4366 4367 4368 4369 4370 4371 4372 4373 4374 4375 4376 4377 4378 4379 4380 4381 4382 4383 4384 4385 4386 4387 4388 4389 4390 4391 4392 4393 4394 4395 4396 4397 4398 4399 4400 4401 4402 4403 4404 4405 4406 4407 4408 4409 4410 4411 4412 4413
p1:1 A 0 1 2 3 4 5 6 7 8 9 10 11 12 13 14 15 16 17 18 19 20 21 22 23 24 25 26 27 28 29 30 31 32 33 34 35 36 37 38 39 40 41 42 43 44 45 46 47 48 49 50 51 52 53 54 55 56 57 58 59 60 61 62 63 64 65 66 67 68 69 70 71 72 73 74 75 76 77 78 79 80 81 82 83 84 85 86 87 88 89 90 91 92 93 94 95 96 97 98 99 100 101 102 103 104 105 106 107 108 109 110 111 112 113 114 115 116 117 118 119 120 121 122 123 124 125 126 127 128 129 130 131 132 133 134 135 136 137 138 139 140 141 142 143 144 145 146 147 148 149 150 151 152 153 154 155 156 157 158 159 160 161 162 163 164 165 166 167 168 169 170 171 172 173 174 175 176 177 178 179 180 181 182 183 184 185 186 187 188 189 190 191 192 193 194 195 196 197 198 199 200 201 202 203 204 205 206 207 208 209 210 211 212 213 214 215 216 217 218 219 220 221 222 223 224 225 226 227 228 229 230 231 232 233 234 235 236 237 238 239 240 241 242 243 244 245 246 247 248 249 250 251 252 253 254 255 256 257 258 259 260 261 262 263 264 265 266 267 268 269 270 271 272 273 274 275 276 277 278 279 280 281 282 283 284 285 286 287 288 289 290 291 292 293 294 295 296 297 298 299 300 301 302 303 304 305 306 307 308 309 310 311 312 313 314 315 316 317 318 319 320 321 322 323 324 325 326 327 328 329 330 331 332 333 334 335 336 337 338 339 340 341 342 343 344 345 346 347 348 349 350 351 352 353 354 355 356 357 358 359 360 361 362 363 364 365 366 367 368 369 370 371 372 373 374 375 376 377 378 379 380 381 382 383 384 385 386 387 388 389 390 391 392 393 394 395 396 397 398 399 400 401 402 403 404 405 406 407 408 409 410 411 412 413 414 415 416 417 418 419 420 421 422 423 424 425 426 427 428 429 430 431 432 433 434 435 436 437 438 439 440 441 442 443 444 445 446 447 448 449 450 451 452 453 454 455 456 457 458 459 460 461 462 463 464 465 466 467 468 469 470 471 472 473 474 475 476 477 478 479 480 481 482 483 484 485 486 487 488 489 490 491 492 493 494 495 496 497 498 499 500 501 502 503 504 505 506 507 508 509 510 511 512 513 514 515 516 517 518 519 520 521 522 523 524 525 526 527 528 529 530 531 532 533 534 535 536 537 538 539 540 541 542 543 544 545 546 547 548 549 550 551 552 553 554 555 556 557 558 559 560 561 562 563 564 565 566 567 568 569 570 571 572 573 574 575 576 577 578 579 580 581 582 583 584 585 586 587 588 589 590 591 592 593 594 595 596 597 598 599 600 601 602 603 604 605 606 607 608 609 610 611 612 613 614 615 616 617 618 619 620 621 622 623 624 625 626 627 628 629 630 631 632 633 634 635 636 637 638 639 640 641 642 643 644 645 646 647 648 649 650 651 652 653 654 655 656 657 658 659 660 661 662 663 664 665 666 667 668 669 670 671 672 673 674 675 676 677 678 679 680 681 682 683 684 685 686 687 688 689 690 691 692 693 694 695 696 697 698 699 700 701 702 703 704 705 706 707 708 709 710 711 712 713 714 715 716 717 718 719 720 721 722 723 724 725 726 727 728 729 730 731 732 733 734 735 736 737 738 739 740 741 742 743 744 745 746 747 748 749 750 751 752 753 754 755 756 757 758 759 760 761 762 763 764 765 766 767 768 769 770 771 772 773 774 775 776 777 778 779 780 781 782 783 784 785 786 787 788 789 790 791 792 793 794 795 796 797 798 799 800 801 802 803 804 805 806 807 808 809 810 811 812 813 814 815 816 817 818 819 820 821 822 823 824 825 826 827 828 829 830 831 832 833 834 835 836 837 4414 838 839 840 841 842 843 844 845 846 847 848 849 850 851 852 853 854 855 856 857 858 859 860 861 862 863 864 865 866 867 868 869 870 871 872 873 874 875 876 877 878 879 880 881 882 883 884 885 886 887 888 889 890 891 892 893 894 895 896 897 898 899 900 901 902 903 904 905 906 907 908 909 910 911 912 913 914 915 916 917 918 919 920 921 922 923 924 925 926 927 928 929 930 931 932 933 934 935 936 937 938 939 940 941 942 943 944 945 946 947 948 949 950 951 952 953 954 955 956 957 958 959 960 961 962 963 964 965 966 967 968 969 970 971 972 973 974 975 976 977 978 979 980 981 982 983 984 985 986 987 988 989 990 991 992 993 994 995 996 997 998 999 1000 1001 1002 1003 1004 1005 1006 1007 1008 1009 1010 1011 1012 1013 1014 1015 1016 1017 1018 1019 1020 1021 1022 1023 1024 1025 1026 1027 1028 1029 1030 1031 1032 1033 1034 1035 1036 1037 1038 1039 1040 1041 1042 4415 1043 1044 1045 1046 1047 1048 1049 1050 1051 1052 1053 1054 1055 1056 1057 1058 1059 1060 1061 1062 1063 1064 1065 1066 1067 1068 1069 1070 1071 1072 1073 1074 1075 1076 1077 1078 1079 1080 1081 1082 1083 1084 1085 1086 1087 1088 1089 1090 1091 1092 1093 1094 1095 1096 1097 1098 1099 1100 1101 1102 1103 1104 1105 1106 1107 1108 1109 1110 1111 1112 1113 1114 1115 1116 1117 1118 1119 1120 1121 1122 1123 1124 1125 1126 1127 1128 1129 1130 1131 1132 1133 1134 1135 1136 1137 1138 1139 1140 1141 1142 1143 1144 1145 1146 1147 1148 1149 1150 1151 1152 1153 1154 1155 1156 1157 1158 1159 1160 1161 1162 1163 1164 1165 1166 1167 1168 1169 1170 1171 1172 1173 1174 1175 1176 1177 1178 1179 1180 1181 1182 1183 1184 1185 1186 1187 1188 1189 1190 1191 1192 1193 1194 1195 1196 1197 1198 1199 1200 1201 1202 1203 1204 1205 1206 1207 1208 1209 1210 1211 1212 1213 1214 1215 1216 1217 1218 1219 1220 1221 1222 1223 1224 1225 1226 1227 1228 1229 1230 1231 1232 1233 1234 1235 1236 1237 1238 1239 1240 1241 1242 1243 1244 1245 1246 1247 1248 1249 1250 1251 1252 1253 1254 1255 1256 1257 1258 1259 1260 1261 1262 1263 1264 1265 1266 1267 1268 1269 1270 1271 1272 1273 1274 1275 1276 1277 1278 1279 1280 1281 1282 1283 1284 1285 1286 1287 1288 1289 1290 1291 1292 1293 1294 1295 1296 1297 1298 1299 1300 1301 1302 1303 1304 1305 1306 1307 1308 1309 1310 1311 1312 1313 1314 1315 1316 1317 1318 1319 1320 1321 1322 1323 1324 1325 1326 1327 1328 1329 1330 1331 1332 1333 1334 1335 1336 1337 1338 1339 1340 1341 1342 1343 1344 1345 1346 1347 1348 1349 1350 1351 1352 1353 1354 1355 1356 1357 1358 1359 1360 1361 1362 1363 1364 1365 1366 1367 1368 1369 1370 1371 1372 1373 1374 1375 1376 1377 1378 1379 1380 1381 1382 1383 1384 1385 1386 1387 1388 1389 1390 1391 1392 1393 1394 1395 1396 1397 1398 1399 1400 1401 1402 1403 1404 1405 1406 1407 1408 1409 1410 1411 1412 1413 1414 1415 1416 1417 1418 1419 1420 1421 1422 1423 1424 1425 1426 1427 1428 1429 1430 1431 1432 1433 1434 1435 1436 1437 1438 1439 1440 1441 1442 1443 1444 1445 1446 1447 1448 1449 1450 1451 1452 1453 1454 1455 1456 1457 1458 1459 1460 1461 1462 1463 1464 1465 1466 1467 1468 1469 1470 1471 1472 1473 1474 1475 1476 1477 1478 1479 1480 1481 1482 1483 1484 1485 1486 1487 1488 1489 1490 1491 1492 1493 1494 1495 1496 1497 1498 1499 1500 1501 1502 1503 1504 1505 1506 1507 1508 1509 1510 1511 1512 1513 1514 1515 1516 1517 1518 1519 1520 1521 1522 1523 1524 1525 1526 1527 1528 1529 1530 1531 1532 1533 1534 1535 1536 1537 1538 1539 1540 1541 1542 1543 1544 1545 1546 1547 1548 1549 1550 1551 1552 1553 1554 1555 1556 1557 1558 1559 1560 1561 1562 1563 1564 1565 1566 1567 1568 1569 1570 1571 1572 1573 1574 1575 1576 1577 1578 1579 1580 1581 1582 1583 1584 1585 1586 1587 1588 1589 1590 1591 1592 1593 1594 1595 1596 1597 1598 1599 1600 1601 1602 1603 1604 1605 1606 1607 1608 1610 1611 1612 1613 1614 1615 1616 1617 1618 1619 1620 1621 1622 1623 1624 1625 1626 1627 1628 1629 1630 1631 1632 1633 1634 1635 1636 1637 1638 1639 1640 1641 1642 1643 1644 1645 1646 1647 1648 1649 1650 1651 1652 1653 1654 1655 1656 1657 1658 1659 1660 1661 1662 1663 1664 1665 1666 1667 1668 1669 1670 1671 1672 1673 1674 1675 1676 1677 1678 1679 1680 1681 1682 1683 1684 1685 1686 1687 1688 1689 1690 1691 1692 1693 1694 1695 1696 1697 1698 1699 1700 1701 1702 1703 1704 1705 1706 1707 1708 1709 1710 1711 1712 1713 1714 1715 1716 1717 1718 1719 1720 1721 1722 1723 1724 1725 1726 1727 1728 1729 1730 1731 1732 1733 1734 1735 1736 1737 1738 1739 1740 1741 1742 1743 1744 1745 1746 1747 1748 1749 1750 1751 1752 1753 1754 1755 1756 1757 1758 1759 1760 1761 1762 1763 1764 1765 1766 1767 1768 1769 1770 1771 1772 1773 1774 1775 1776 1777 1778 1779 1780 1781 1782 1783 1784 1785 1786 1787 1788 1789 1790 1791 1792 1793 1794 1795 1796 1797 1798 1799 1800 1801 1802 1803 1804 1805 1806 1807 1808 1809 1810 1811 1812 1813 1814 1815 1816 1817 1818 1819 1820 1821 1822 1823 1824 1825 1826 1827 1828 1829 1830 1831 1832 1833 1834 1835 1836 1837 1838 1839 4416 1840 1841 1842 1843 1844 1845 1846 1847 1848 1849 1850 1851 1852 1853 1855 1856 1857 1858 1859 1860 1861 1862 1863 1864 1865 1866 1867 1868 1869 1870 1871 1872 1873 1874 1875 1876 1877 1878 1879 1880 1881 1882 1883 1884 1885 1886 1887 1888 1889 1890 1891 1892 1893 1894 1895 1896 1897 1898 1899 1900 1901 1902 1903 1904 1905 1906 1907 1908 1909 1910 1911 1912 1913 1914 1915 1916 1917 1918 1919 1920 1921 1922 1923 1924 1925 1926 1927 1928 1929 1930 1931 1932 1933 1934 1935 1936 1937 1938 1939 1940 1941 1942 1943 1944 1945 1946 1947 1948 1949 1950 1951 1952 1953 1954 1955 1956 1957 1958 1959 1960 1961 1962 1963 1964 1965 1966 1967 1968 1969 1970 1971 1972 1973 1974 1975 1976 1977 1978 1979 1980 1981 1982 1983 1984 1985 1986 1987 1988 1989 1990 1991 1992 1993 1994 1995 1996 1997 1998 1999 2000 2001 2002 2003 2004 2005 2006 2007 2008 2009 2010 2011 2012 2013 2014 2015 2016 2017 2018 2019 2020 2021 2022 2023 2024 2025 2026 2027 2028 2029 2030 2031 2032 2033 2034 2035 2036 2037 2038 2039 2040 2041 2042 2043 2044 2045 2046 2047 2048 2049 2050 2051 2052 2053 2054 2055 2056 2057 2058 2059 2060 2061 2062 2063 2064 2065 2066 2067 2068 2069 2070 2071 2072 2073 2074 2075 2076 2077 2078 2079 2080 2081 2082 2083 2084 2085 2086 2087 2088 2089 2090 2091 2092 2093 2094 2095 2096 2097 2098 2099 2100 2101 2102 2103 2104 2105 2106 2107 2108 2109 2110 2111 2112 2113 2114 2115 2116 2117 2118 2119 2120 2121 2122 2123 2124 2125 2126 2127 2128 2129 2130 2131 2132 2133 2134 2135 2136 2137 2138 2139 2140 2141 2142 2143 2144 2145 2146 2147 2148 2149 2150 2151 2152 2153 2154 2155 2156 2157 2158 2159 2160 2161 2162 2163 2164 2165 2166 2167 2168 2169 2170 2171 2172 2173 2174 2175 2176 2177 2178 2179 2180 2181 2182 2183 2184 2185 2186 2187 2188 2189 2190 2191 2192 2193 2194 2195 2196 2197 2198 2199 2200 2201 2202 2203 2204 2205 2206 2207 2208 2209 2210 2211 2212 2213 2214 2215 2216 2217 2218 2219 2220 2221 2222 2223 2224 2225 2226 2227 2228 2229 2230 2231 2232 2233 2234 2235 2236 2237 2238 2239 2240 2241 2242 2243 2244 2245 2246 2247 2248 2249 2250 2251 2252 2253 2254 2255 2256 2257 2258 2259 2260 2261 2262 2263 2264 2265 2266 2267 2268 2269 2270 2271 2272 2273 2274 2275 2276 2277 2278 2279 2280 2281 2282 2283 2284 2285 2286 2287 2288 2289 2290 2291 2292 2293 2294 2295 2296 2297 2298 2299 2300 2301 2302 2303 2304 2305 2306 2307 2308 2309 2310 2311 2312 2313 2314 2315 2316 2317 2318 2319 2320 2321 2322 2323 2324 2325 2326 2327 2328 2329 2330 2331 4417 2332 2333 2334 2335 2336 2337 2338 2339 2340 2341 2342 2343 2344 2345 2346 2347 2348 2349 2350 2351 2352 2353 2354 2355 2356 2357 2358 2359 2360 2361 2362 2363 2364 2365 2366 2367 2368 2369 2370 2371 2372 2373 2374 2375 2376 2377 2378 2379 2380 2381 2382 2383 2384 2385 2386 2387 2388 2389 2390 2391 2392 2393 2394 2395 2396 2397 2398 2399 2400 2401 2402 2403 2404 2405 2406 2407 2408 2409 2410 2411 2412 2413 2414 2415 2416 2417 2418 2419 2420 2421 2422 2423 2424 2425 2426 2427 2428 2429 2430 2431 2432 2433 2434 2435 2436 2437 2438 2439 2440 2441 2442 2443 2444 2445 2446 2447 2448 2449 2450 2451 2452 2453 2454 2455 2456 2457 2458 2459 2460 2461 2462 2463 2464 2465 2466 2467 2468 2469 2470 2471 2472 2473 2474 2475 2476 2477 2478 2479 2480 2481 2482 2483 2484 2485 2486 2487 2488 2489 2490 2491 2492 2494 2495 2496 2497 2498 2499 2500 2501 2502 2503 2504 2505 2506 2507 2508 2509 2510 2511 2512 2513 2514 2515 2516 2517 2518 2519 2520 2521 2522 2523 2524 2525 2526 2527 2528 2529 2530 2531 2532 2533 2534 2535 2536 2537 2538 2539 2540 2541 2542 2543 2544 2545 2546 2547 2548 2549 2550 2551 2552 2553 2554 2555 2556 2557 2558 2559 2560 2561 2562 2563 2564 2565 2566 2567 2568 2569 2570 2571 2572 2573 2574 2575 2576 2577 2578 2579 2580 2581 2582 2583 2584 2585 2586 2587 2588 2589 2590 2591 2592 2593 2594 2595 2596 2597 2598 2599 2600 2601 2602 2603 2604 2605 2606 2607 2608 2609 2610 2611 2612 2613 2614 2615 2616 2617 2618 2619 2620 2621 2622 2623 2624 2625 2626 2627 2628 2629 2630 2631 2632 2633 2634 2635 2636 2637 2638 2639 2640 2641 2642 2643 2644 2645 2646 2647 2648 2649 2650 2651 2652 2653 2654 2655 2656 2657 2658 2659 2660 2661 2662 2663 2664 2665 2666 2667 2668 2669 2670 2671 2672 2673 2674 2675 2676 2677 2678 2679 2680 2681 2682 2683 2684 2685 2686 2687 2688 2689 2690 2691 2692 2693 2694 2695 2696 2697 2698 2699 2700 2701 2702 2703 2704 2705 2706 2707 2708 2709 2710 2711 2712 2713 2714 2715 2716 2717 2718 2719 2720 2721 2722 2723 2724 2725 2726 2727 2728 2729 2730 2731 2732 2733 2734 2735 2736 2737 2738 2739 2740 2741 2742 2743 2744 2745 2746 2747 2748 2749 2750 2751 2752 2753 2754 2755 2756 2757 2758 2759 2760 2761 2762 2763 2764 2765 2766 2767 2768 2769 2770 2771 2772 2773 2774 2775 2776 2777 2778 2779 2780 2781 2782 2783 2784 2785 2786 2787 2788 2789 2790 2791 2792 2793 2794 2795 2796 2797 2798 2799 2800 2801 2802 2803 2804 2805 2806 2807 2808 2809 2810 2811 2812 2813 2814 2815 2816 2817 2818 2819 2820 2821 2822 2823 2824 2825 2826 2827 2828 2829 2830 2831 2832 2833 2835 2836 2837 2838 2839 2840 2841 2842 2843 2844 2845 2846 2847 2848 2849 2850 2851 2852 2853 2854 2855 2856 2857 2858 2859 2860 2861 2862 2863 2864 2865 2866 2867 2868 2869 2870 2871 2872 2873 2874 2875 2876 2877 2878 2879 2880 2881 2882 2883 2884 2885 2886 2887 2888 2889 2890 2891 2892 2893 2894 2895 2896 2897 2898 2899 2900 2901 2902 2903 2904 2905 2906 2907 2908 2909 2910 2911 2912 2913 2914 2915 2916 2917 2918 2919 2920 2921 2922 2923 2924 2925 2926 2927 2928 2929 2930 2931 2932 2933 2934 2935 2936 2937 2938 2939 2940 2941 2942 2943 2944 2945 2946 2947 2948 2949 2950 2951 2952 2953 2954 2955 2956 2957 2958 2959 2960 2961 2962 2963 2964 2965 2966 2967 2968 2969 2970 2971 2972 2973 2974 2975 2976 2977 2978 2979 2980 2981 2982 2984 2985 2986 2987 2988 2989 2990 2991 2992 2993 2994 2995 2996 2997 2998 2999 3000 3001 3002 3003 3004 3005 3006 3007 3008 3009 3010 3011 3012 3013 3014 3015 3016 3017 3018 3019 3020 3021 3022 3023 3024 3025 3026 3027 3028 3029 3030 3031 3032 3033 3034 3035 3036 3037 3038 3039 3040 3041 3042 3043 3044 3045 3046 3047 3048 3049 3050 3051 3052 3053 3054 3055 3056 3057 3058 3059 3060 3061 3062 3063 3064 3065 3066 3067 3068 3069 3070 3071 3072 3073 3074 3075 3076 3077 3078 3079 3080 3081 3082 3083 3084 3085 3086 3087 3088 3089 3090 3091 3092 3093 3094 3095 3096 3097 3098 3099 3100 3101 3102 3103 3104 3105 3106 3107 3108 3109 3110 3111 3112 3113 3114 3115 3116 3117 3118 3119 3120 3121 3122 3123 3124 3125 3126 3127 3128 3129 3130 3131 3132 3133 3134 3135 3136 3137 3138 3139 3140 3141 3142 3143 3144 3145 3146 3147 3148 3149 3150 3151 3152 3153 3154 3155 3156 3157 3158 3159 3160 3161 3162 3163 3164 4418 3165 3166 3167 3168 3169 3170 3171 3172 3173 3174 3175 3176 3177 3178 3179 3180 3181 3182 3183 3184 3185 3186 3187 3188 3189 3190 3191 3192 3193 3194 3195 3196 3197 3198 3199 3200 3201 3202 3203 3204 3205 3206 3207 3208 3209 3210 3211 3212 3213 3214 3215 3216 3217 3218 3219 3220 3221 3222 3223 3224 3225 3226 3227 3228 3229 3230 3231 3232 3233 3234 3235 3236 3237 3238 3239 3240 3241 3242 3243 3244 3245 3246 3247 3248 3249 3250 3251 3252 3253 3254 3255 3256 3257 3258 3259 3260 3261 3262 3263 3264 3265 3266 3267 3268 3269 3270 3271 3272 3273 3274 3275 3276 3277 3278 3279 3280 3281 3282 3283 3284 3285 3286 3287 3288 3289 3290 3291 3292 3293 3294 3295 3296 3297 3298 3299 3300 3301 3302 3303 3304 3305 3306 3307 3308 3309 3310 3311 3312 3313 3314 3315 3316 3317 3318 3319 3320 3321 3322 3323 3324 3325 3326 3327 3328 3329 3330 3331 3332 3333 3334 3335 3336 3337 3338 3339 3340 3341 3342 3343 3344 3345 3346 3347 3348 3349 3350 3351 3352 3353 3354 3355 3356 3357 3358 3359 3360 3361 3362 3363 3364 3365 3366 3367 3368 3369 3370 3371 3372 3373 3374 3375 3376 3377 3378 3379 3380 3381 3382 3383 3384 3385 3386 3387 3388 3389 3390 3391 3392 3393 3394 3395 3396 3397 3398 3399 3400 3401 3402 3403 3404 3405 3406 3407 3408 3409 3410 3411 3412 3413 3414 3415 3416 3417 3418 3419 3420 3421 3422 3423 3424 3425 3426 3427 3428 3429 3430 3431 3432 3433 3434 3435 3436 3437 3438 3439 3440 3441 3442 3443 3444 3445 3446 3447 3448 3449 3450 3451 3452 3453 3454 3455 3456 3457 3458 3459 3460 3461 3462 3463 3464 3465 3466 3467 3468 3469 3470 3471 3472 3473 3474 3475 3476 3477 3478 3479 3480 3481 3482 3483 3484 3485 3486 3487 3488 3489 3490 3491 3492 3493 3494 3495 3496 3497 3498 3499 3500 3501 3502 3503 3504 3505 3506 3507 3508 3509 3510 3511 3512 3513 3514 3515 3516 3517 3518 3519 3520 3521 3522 3523 3524 3525 3526 3527 3528 3529 3530 3531 3532 3533 3534 3535 3536 3537 3538 3539 3540 3541 3542 3543 3544 3545 3546 3547 3548 3549 3550 3551 3552 3553 3554 3555 3556 3557 3558 3559 3560 3561 3562 3563 3564 3565 3566 3567 3568 3569 3570 3571 3572 3573 3574 3575 3576 3577 3578 3579 3580 3581 3582 3583 3584 3585 3586 3587 3588 3589 3590 3591 3592 3593 3594 3595 3596 3597 3598 3599 3600 3601 3602 3603 3604 3605 3606 3607 3608 3609 3610 3611 3612 3613 3614 3615 3616 3617 3618 3619 3620 3621 3622 3623 3624 3625 3626 3627 3628 3629 3630 3631 3632 3633 3634 3635 3636 3637 3638 3639 3640 3641 3642 3643 3644 3645 3646 3647 3648 3649 3650 3651 3652 3653 3654 3655 3656 3657 3658 3659 3660 3661 3662 3663 3664 3665 3666 3667 3668 3669 3670 3671 3672 3673 3674 3675 3676 3677 3678 3679 3680 3681 3682 3683 3684 3685 3686 3687 3688 3689 3690 3691 3692 3693 3694 3695 3696 3697 3698 3699 3700 3701 3702 3703 3704 3705 3706 3707 3708 3709 3710 3711 3712 3713 3714 3715 3716 3717 3718 3719 3720 3721 3722 3723 3724 3725 3726 3727 3728 3729 3730 3731 3732 3733 3734 3735 3736 3737 3738 3739 3740 3741 3742 3743 3744 3745 3746 3747 3748 3749 3750 3751 3752 3753 3754 3755 3756 3757 3758 3759 3760 3761 3762 3763 3764 3765 3766 3767 3768 3769 3770 3771 3772 3773 3774 3775 3776 3777 3778 3779 3780 3781 3782 3783 3784 3785 3786 3787 3788 3789 3790 3791 3792 3793 3794 3795 3796 3797 3798 3799 3800 3801 3802 3803 3804 3805 3806 3807 3808 3809 3810 3811 3812 3813 3814 3815 3816 3817 3818 3819 3820 3821 3822 3823 3824 3825 3826 3827 3828 3829 3830 3831 3832 3833 3834 3835 3836 3837 3838 3839 3840 3841 3842 3843 3844 3845 3846 3847 3848 3849 3850 3851 3852 3853 3854 3855 3856 3857 3858 3859 3860 3861 3862 3863 3864 3865 3866 3867 3868 3869 3870 3871 3872 3873 3874 3875 3876 3877 3878 3879 3880 3881 3882 3883 3884 3885 3886 3887 3888 3889 3890 3891 3892 3893 3894 3895 3896 3897 3898 3899 3900 3901 3902 3903 3904 3905 3906 3907 3908 3909 3910 3911 3912 3913 3914 3915 3916 3917 3918 3919 3920 3921 3922 3923 3924 3925 3926 3927 3928 3929 3930 3931 3932 3933 3934 3935 3936 3937 3938 3939 3940 3941 3942 3943 3944 3945 3946 3947 3948 3949 3950 3951 3952 3953 3954 3955 3956 3957 3958 3959 3960 3961 3962 3963 3964 3965 3966 3967 3968 3969 3970 3971 3972 3973 3974 3975 3976 3977 3978 3979 3980 3981 3982 3983 3984 3985 3986 3987 3988 3989 3990 3991 3992 3993 3994 3995 3996 3997 3998 3999 4000 4001 4002 4003 4004 4005 4006 4007 4008 4009 4010 4011 4012 4013 4014 4015 4016 4017 4018 4019 4020 4021 4022 4023 4024 4025 4026 4027 4028 4029 4030 4031 4032 4033 4034 4035 4036 4037 4038 4039 4040 4041 4042 4043 4044 4045 4046 4047 4048 4049 4050 4051 4052 4053 4054 4055 4056 4057 4058 4059 4060 4061 4062 4063 4064 4065 4066 4067 4068 4069 4070 4071 4072 4073 4074 4075 4076 4077 4078 4079 4080 4081 4082 4083 4084 4085 4086 4087 4088 4089 4090 4091 4092 4093 4094 4095 4096 4097 4098 4099 4100 4101 4102 4103 4104 4105 4106 4107 4108 4109 4110 4111 4112 4113 4114 4115 4116 4117 4118 4119 4120 4121 4122 4123 4124 4125 4126 4127 4128 4129 4130 4131 4132 4133 4134 4135 4136 4137 4138 4139 4140 4141 4142 4143 4144 4145 4146 4147 4148 4149 4150 4151 4152 4153 4154 4155 4156 4157 4158 4159 4160 4161 4162 4163 4164 4165 4166 4167 4168 4169 4170 4171 4172 4173 4174 4175 4176 4177 4178 4179 4180 4181 4182 4183 4184 4185 4186 4187 4188 4189 4190 4191 4192 4193 4194 4195 4196 4197 4198 4199 4200 4201 4202 4203 4204 4205 4206 4207 4208 4209 4210 4211 4212 4213 4214 4215 4216 4217 4218 4219 4220 4419 4221 4222 4223 4224 4225 4226 4227 4228 4229 4230 4420 4231 4232 4233 4234 4235 4236 4237 4238 4239 4240 4241 4242 4243 4244 4245 4246 4247 4248 4249 4250 4251 4252 4253 4254 4255 4256 4257 4258 4259 4260 4261 4262 4263 4264 4265 4266 4267 4268 4269 4270 4271 4272 4273 4274 4275 4276 4277 4278 4279 4280 4281 4282 4283 4284 4285 4286 4287 4288 4289 4290 4291 4292 4293 4294 4295 4296 4297 4298 4299 4300 4301 4302 4303 4304 4305 4306 4307 4308 4309 4310 4311 4312 4313 4314 4315 4316 4317 4318 4319 4320 4321 4322 4323 4324 4325 4326 4327 4328 4329 4330 4331 4332 4333 4334 4335 4336 4337 4338 4339 4340 4341 4342 4343 4344 4345 4346 4347 4348 4349 4350 4351 4352 4353 4354 4355 4356 4357 4358 4359 4360 4361 4362 4363 4364 4365 4366 4367 4368 4369 4370 4371 4372 4373 4374 4375 4376 4377 4378 4379 4380 4381 4382 4383 4384 4385 4386 4387 4388 4389 4390 4391 4392 4393 4394 4395 4396 4397 4398 4399 4400 4401 4402 4403 4404 4405 4406 4407 4408 4409 4410 4411 4412 4413
p1:2 A 0 1 2 3 4 5 6 7 8 9 10 11 12 13 14 15 16 17 18 19 20 21 4421 22 23 24 25 26 27 28 29 30 31 32 33 34 35 36 37 38 39 40 41 42 43 44 45 46 47 48 49 50 51 52 53 54 55 56 57 58 59 60 61 62 63 64 65 66 67 68 69 70 71 72 73 74 75 76 77 78 79 80 81 82 83 84 85 86 87 88 89 90 91 92 93 94 95 96 97 98 99 100 101 102 103 104 105 106 107 108 109 110 111 112 113 114 115 116 117 118 119 120 121 122 123 124 125 126 127 128 129 130 131 132 133 134 135 136 137 138 139 140 141 142 143 144 145 146 147 148 149 150 151 152 153 154 155 156 157 158 159 160 161 162 163 164 165 166 167 168 169 170 171 172 173 174 175 176 177 178 179 180 181 182 183 184 185 186 187 188 189 190 191 192 193 194 195 196 197 198 199 200 201 202 203 204 205 206 207 208 209 210 211 212 213 214 215 216 217 218 219 220 221 222 223 224 225 226 227 228 229 230 231 232 233 234 235 236 237 238 239 240 241 242 243 244 245 246 247 248 249 250 251 252 253 254 255 256 257 258 259 260 261 262 263 264 265 266 267 268 269 270 271 272 273 274 275 276 277 278 279 280 281 282 283 284 285 286 287 288 289 290 291 292 293 294 295 296 297 298 299 300 301 302 303 304 305 306 307 308 309 310 311 312 313 314 315 316 317 318 319 320 321 322 323 324 325 326 327 328 329 330 331 332 333 334 335 336 337 338 339 340 341 342 343 344 345 346 347 348 349 350 351 352 353 354 355 356 357 358 359 360 361 362 363 364 365 366 367 368 369 370 371 372 373 374 375 376 377 378 379 380 381 382 383 384 385 386 387 388 389 390 391 392 393 394 395 396 397 398 399 400 401 402 403 404 405 406 407 408 409 410 411 412 413 414 415 416 417 418 419 420 421 422 423 424 425 426 427 428 429 430 431 432 433 434 435 436 437 438 439 440 441 442 443 444 445 446 447 448 449 450 451 452 453 454 455 456 457 458 459 460 461 462 463 464 465 466 467 468 469 470 471 472 473 474 475 476 477 478 479 480 481 482 483 484 485 486 487 488 489 490 491 492 493 494 495 496 497 498 499 500 501 502 503 504 505 506 507 508 509 510 511 512 513 514 515 516 517 518 519 520 521 522 523 524 525 526 527 528 529 530 531 532 533 534 535 536 537 538 539 540 541 542 543 544 545 546 547 548 549 550 551 552 553 554 555 556 557 558 559 560 561 562 563 564 565 566 567 568 569 570 571 572 573 574 575 576 577 578 579 580 581 582 583 584 585 586 587 588 589 590 591 592 593 594 595 596 597 598 599 600 601 602 603 604 605 606 607 608 609 610 611 612 613 614 615 616 617 618 619 620 621 622 623 624 625 626 627 628 629 630 631 632 633 634 635 636 637 638 639 640 641 642 643 644 645 646 647 648 649 650 651 652 653 654 655 656 657 658 659 660 661 662 663 664 665 666 667 668 669 670 671 672 673 674 675 676 677 678 679 680 681 4422 682 683 684 685 686 687 688 689 690 691 692 693 694 695 696 697 698 699 700 701 702 703 704 705 706 707 708 709 710 711 712 713 714 715 716 717 718 719 720 721 722 723 724 725 726 727 728 729 730 731 732 733 734 735 736 737 738 739 740 741 742 743 744 745 746 747 748 749 750 751 752 753 754 755 756 757 758 759 760 761 762 763 764 765 766 767 768 769 770 771 772 773 774 775 776 777 778 779 780 781 782 783 784 785 786 787 788 789 790 791 792 793 794 795 796 797 798 799 800 801 802 803 804 805 806 807 808 809 810 811 812 813 814 815 816 817 818 819 820 821 822 823 824 825 826 827 828 829 830 831 832 833 834 835 836 837 838 839 840 841 842 843 844 845 846 847 848 849 850 851 852 853 854 855 856 857 858 859 860 861 862 863 864 865 866 867 868 869 870 871 872 873 874 875 876 877 878 879 880 881 882 883 884 885 886 887 888 889 890 891 892 893 894 895 896 897 898 899 900 901 902 903 904 905 906 907 908 909 910 911 912 913 914 915 916 917 918 919 920 921 922 923 924 925 926 927 928 929 930 931 932 933 934 935 936 937 938 939 940 941 942 943 944 945 946 947 948 949 950 951 952 953 954 955 956 957 958 959 960 961 962 963 964 965 966 967 968 969 970 971 972 973 974 975 976 977 978 979 980 981 982 983 984 985 986 987 988 989 990 991 992 993 994 995 996 997 998 999 1000 1001 1002 1003 1004 1005 1006 1007 1008 1009 1010 1011 1012 1013 1014 1015 1016 1017 1018 1019 1020 1021 1022 1023 1024 1025 1026 1027 1028 1029 1030 1031 1032 1033 1034 1035 1036 1037 1038 1039 1040 1041 1042 4415 1043 1044 1045 1046 1047 1048 1049 1050 1051 1052 1053 1054 1055 1056 1057 1058 1059 1060 1061 1062 1063 1064 1065 1066 1067 1068 1069 1070 1071 1072 1073 1074 1075 1076 1077 1078 1079 1080 1081 1082 1083 1084 1085 1086 1087 1088 1089 1090 1091 1092 1093 1094 1095 1096 1097 1098 1099 1100 1101 1102 1103 1104 1105 1106 1107 1108 1109 1110 1111 1112 1113 1114 1115 1116 1117 1118 1119 1120 1121 1122 1123 1124 1125 1126 1127 1128 1129 1130 1131 1132 1133 1134 1135 1136 1137 1138 1139 1140 1141 1142 1143 1144 1145 1146 1147 1148 1149 1150 1151 1152 1153 1154 1155 1156 1157 1158 1159 1160 1161 1162 1163 1164 1165 1166 1167 1168 1169 1170 1171 1172 1173 1174 1175 1176 1177 1178 1179 1180 1181 1182 1183 1184 1185 1186 1187 1188 1189 1190 1191 1192 1193 1194 1195 1196 1197 1198 1199 1200 1201 1202 1203 1204 1205 1206 1207 1208 1209 1210 1211 1212 1213 1214 1215 1216 1217 1218 1219 1220 1221 1222 1223 1224 1225 1226 1227 1228 1229 1230 1231 1232 1233 1234 1235 1236 1237 1238 1239 1240 1241 1242 1243 1244 1245 1246 1247 1248 1249 1250 1251 1252 1253 1254 1255 1256 1257 1258 1259 1260 1261 1262 1263 1264 1265 1266 1267 1268 1269 1270 1271 1272 1273 1274 1275 1276 1277 1278 1279 1280 1281 1282 1283 1284 1285 1286 1287 1288 1289 1290 1291 1292 1293 1294 1295 1296 1297 1298 1299 1300 1301 1302 1303 1304 1305 1306 1307 1308 1309 1310 1311 1312 1313 1314 1315 1316 1317 1318 1319 1320 1321 1322 1323 1324 1325 1326 1327 1328 1329 1330 1331 1332 1333 1334 1335 1336 1337 1338 1339 1340 1341 1342 1343 1344 1345 1346 1347 1348 4423 1349 1350 1351 1352 1353 1354 1355 1356 1357 1358 1359 1360 1361 1362 1363 1364 1365 1366 1367 1368 1369 1370 1371 1372 1373 1374 1375 1376 1377 1378 1379 1380 1381 1382 1383 1384 1385 1386 1387 1388 1389 1390 1391 1392 1393 1394 1395 1396 1397 1398 1399 1400 1401 1402 1403 1404 1405 1406 1407 1408 1409 1410 1411 1412 1413 1414 1415 1416 1417 1418 1419 1420 1421 1422 1423 1424 1425 1426 1427 1428 1429 1430 1431 1432 1433 1434 1435 1436 1437 1438 1439 1440 1441 1442 1443 1444 1445 1446 1447 1448 1449 1450 1451 1452 1453 1454 1455 1456 1457 1458 1459 1460 1461 1462 1463 1464 1465 1466 1467 1468 1469 1470 1471 1472 1473 1474 1475 1476 1477 1478 1479 1480 1481 1482 1483 1484 1485 1486 1487 1488 1489 1490 1491 1492 1493 1494 1495 1496 1497 1498 1499 1500 1501 1502 1503 1504 1505 1506 1507 1508 1509 1510 1511 1512 1513 1514 1515 1516 1517 1518 1519 1520 1521 1522 1523 1524 1525 1526 1527 1528 1529 1530 1531 1532 1533 1534 1535 1536 1537 1538 1539 1540 1541 1542 1543 1544 1545 1546 1547 1548 1549 1550 1551 1552 1553 1554 1555 1556 1557 1558 1559 1560 1561 1562 1563 1564 1565 1566 1567 1568 1569 1570 1571 1572 1573 1574 1575 1576 1577 1578 1579 1580 1581 1582 1583 1584 1585 1586 1587 1588 1589 1590 1591 1592 1593 1594 1595 1596 1597 1598 1599 1600 1601 1602 1603 1604 1605 1606 1607 1608 1610 1611 1612 1613 1614 1615 1616 1617 1618 1619 1620 1621 1622 1623 1624 1625 1626 1627 1628 1629 1630 1631 1632 1633 1634 1635 1636 1637 1638 1639 1640 1641 1642 1643 1644 1645 1646 1647 1648 1649 1650 1651 1652 1653 1654 1655 1656 1657 1658 1659 1660 1661 1662 1663 1664 1665 1666 1667 1668 1669 1670 1671 1672 1673 1674 1675 1676 1677 1678 1679 1680 1681 1682 1683 1684 1685 1686 1687 1688 1689 1690 1691 1692 1693 1694 1695 1696 1697 1698 1699 1700 1701 1702 1703 1704 1705 1706 1707 1708 1709 1710 1711 1712 1713 1714 1715 1716 1717 1718 1719 1720 1721 1722 1723 1724 1725 1726 1727 1728 1729 1730 1731 1732 1733 1734 1735 1736 1737 1738 1739 1740 1741 1742 1743 1744 1745 1746 1747 1748 1749 1750 1751 1752 1753 1754 1755 1756 1757 1758 1759 1760 1761 1762 1763 1764 1765 1766 1767 1768 1769 1770 1771 1772 1773 1774 1775 1776 1777 1778 1779 1780 1781 1782 1783 1784 1785 1786 1787 1788 1789 1790 1791 1792 1793 1794 1795 1796 1797 1798 1799 1800 1801 1802 1803 1804 1805 1806 1807 1808 1809 1810 1811 1812 1813 1814 1815 1816 1817 1818 1819 1820 1821 1822 1823 1824 1825 1826 1827 1828 1829 1830 1831 1832 1833 1834 1835 1836 1837 1838 1839 1840 1841 1842 1843 1844 1845 1846 1847 1848 1849 1850 1851 1852 1853 1854 1855 1856 1857 1858 1859 1860 1861 1862 1863 1864 1865 1866 1867 1868 1869 1870 1871 1872 1873 1874 1875 1876 1877 1878 1879 1880 1881 1882 1883 1884 1885 1886 1887 1888 1889 1890 1891 1892 1893 1894 1895 1896 1897 1898 1899 1900 1901 1902 1903 1904 1905 1906 1907 1908 1909 1910 1911 1912 1913 1914 1915 1916 1917 1918 1919 1920 1921 1922 1923 1924 1925 1926 1927 1928 1929 1930 1931 1932 1933 1934 1935 1936 1937 1938 1939 1940 1941 1942 1943 1944 1945 1946 1947 1948 1949 1950 1951 1952 1953 1954 1955 1956 1957 1958 1959 1960 1961 1962 1963 1964 1965 1966 1967 1968 1969 1970 1971 1972 1973 1974 1975 1976 1977 1978 1979 1980 1981 1982 1983 1984 1985 1986 1987 1988 1989 1990 1991 1992 1993 1994 1995 1996 1997 1998 1999 2000 2001 2002 2003 2004 2005 2006 2007 2008 2009 2010 2011 2012 2013 2014 2015 2016 2017 2018 2019 2020 2021 2022 2023 2024 2025 2026 2027 2028 2029 2030 2031 2032 2033 2034 2035 2036 2037 2038 2039 2040 2041 2042 2043 2044 2045 2046 2047 2048 2049 2050 2051 2052 2053 2054 2055 2056 2057 2058 2059 2060 2061 2062 2063 2064 2065 2066 2067 2068 2069 2070 2071 2072 2073 2074 2075 2076 2077 2078 2079 2080 2081 2082 2083 2084 2085 2086 2087 2088 2089 2090 2091 2092 2093 2094 2095 2096 2097 2098 2099 2100 2101 2102 2103 2104 2105 2106 2107 2108 2109 2110 2111 2112 2113 2114 2115 2116 2117 2118 2119 2120 2121 2122 2123 2124 2125 2126 2127 2128 2129 2130 2131 2132 2133 2134 2135 2136 2137 2138 2139 2140 2141 2142 2143 2144 2145 2146 2147 2148 2149 2150 2151 2152 2153 2154 2155 2156 2157 2158 2159 2160 2161 2162 2163 2164 2165 2166 2167 2168 2169 2170 2171 2172 2173 2174 2175 2176 2177 2178 2179 2180 2181 2182 2183 2184 2185 2186 2187 2188 2189 2190 2191 2192 2193 2194 2195 2196 2197 2198 2199 2200 2201 2202 2203 2204 2205 2206 2207 2208 2209 2210 2211 2212 2213 2214 2215 2216 2217 2218 2219 2220 2221 2222 2223 2224 2225 2226 2227 2228 2229 2230 2231 2232 2233 2234 2235 2236 2237 2238 2239 2240 2241 2242 2243 2244 2245 2246 2247 2248 2249 2250 2251 2252 2253 2254 2255 2256 2257 2258 2259 2260 2261 2262 2263 2264 2265 2266 2267 2268 2269 2270 2271 2272 2273 2274 2275 2276 2277 2278 2279 2280 2281 2282 2283 2284 2285 2286 2287 2288 2289 2290 2291 2292 2293 2294 2295 2296 2297 2298 2299 2300 2301 2302 2303 2304 2305 2306 2307 2308 2309 2310 2311 2312 2313 2314 2315 2316 2317 2318 2319 2320 2321 2322 2323 2324 2325 2326 2327 2328 2329 2330 2331 4417 2332 2333 2334 2335 2336 2337 2338 2339 2340 2341 2342 2343 2344 2345 2346 2347 2348 2349 2350 2351 2352 2353 2354 2355 2356 2357 2358 2359 2360 2361 2362 2363 2364 2365 2366 2367 2368 2369 2370 2371 2372 2373 2374 2375 2376 2377 2378 2379 2380 2381 2382 2383 2384 2385 2386 2387 2388 2389 2390 2391 2392 2393 2394 2395 2396 2397 2398 2399 2400 2401 2402 2403 2404 2405 2406 2407 2408 2409 2410 2411 2412 2413 2414 2415 2416 2417 2418 2419 2420 2421 2422 2423 2424 2425 2426 2427 2428 2429 2430 2431 2432 2433 2434 2435 2436 2437 2438 2439 2440 2441 2442 2443 2444 2445 2446 2447 2448 2449 2450 2451 2452 2453 2454 2455 2456 2457 2458 2459 2460 2461 2462 2463 2464 2465 2466 2467 2468 2469 2470 2471 2472 2473 2474 2475 2476 2477 2478 2479 2480 2481 2482 2483 2484 2485 2486 2487 2488 2489 2490 2491 2492 2494 2495 2496 2497 2498 2499 2500 2501 2502 2503 2504 2505 2506 2507 2508 2509 2510 2511 2512 2513 2514 2515 2516 2517 2518 2519 2520 2521 2522 2523 2524 2525 2526 2527 2528 2529 2530 2531 2532 2533 2534 2535 2536 2537 2538 2539 2540 2541 2542 2543 2544 2545 2546 2547 2548 2549 2550 2551 2552 2553 2554 2555 2556 2557 2558 2559 2560 2561 2562 2563 2564 2565 2566 2567 2568 2569 2570 2571 2572 2573 2574 2575 2576 2577 2578 2579 2580 2581 2582 2583 2584 2585 2586 2587 2588 2589 2590 2591 2592 2593 2594 2595 2596 2597 2598 2599 2600 2601 2602 2603 2604 2605 2606 2607 2608 2609 2610 2611 2612 2613 2614 2615 2616 2617 2618 2619 2620 2621 2622 2623 2624 2625 2626 2627 2628 2629 2630 2631 2632 2633 2634 2635 2636 2637 2638 2639 2640 2641 2642 2643 2644 2645 2646 2647 2648 2649 2650 2651 2652 2653 2654 2655 2656 2657 2658 2659 2660 2661 2662 2663 2664 2665 2666 2667 2668 2669 2670 2671 2672 2673 2674 2675 2676 2677 2678 2679 2680 2681 2682 2683 2684 2685 2686 2687 2688 2689 2690 2691 2692 2693 2694 2695 2696 2697 2698 2699 2700 2701 2702 2703 2704 2705 2706 2707 2708 2709 2710 2711 2712 2713 2714 2715 2716 2717 2718 2719 2720 2721 2722 2723 2724 2725 2726 2727 2728 2729 2730 2731 2732 2733 2734 2735 2736 2737 2738 2739 2740 2741 2742 2743 2744 2745 2746 2747 2748 2749 2750 2751 2752 2753 2754 2755 2756 2757 2758 2759 2760 2761 2762 2763 2764 2765 2766 2767 2768 2769 2770 2771 2772 2773 2774 2775 2776 2777 2778 2779 2780 2781 2782 2783 2784 2785 2786 2787 2788 2789 2790 2791 2792 2793 2794 2795 2796 2797 2798 2799 2800 2801 2802 2803 2804 2805 2806 2807 2808 2809 2810 2811 2812 2813 2814 2815 2816 2817 2818 2819 2820 2821 2822 2823 2824 2825 2826 2827 2828 2829 2830 2831 2832 2833 2834 2835 2836 2837 2838 2839 2840 2841 2842 2843 2844 2845 2846 2847 2848 2849 2850 2851 2852 2853 2854 2855 2856 2857 2858 2859 2860 2861 2862 2863 2864 2865 2866 2867 2868 2869 2870 2871 2872 2873 2874 2875 2876 2877 2878 2879 2880 2881 2882 2883 2884 2885 2886 2887 2888 2889 2890 2891 2892 2893 2894 2895 2896 2897 2898 2899 2900 2901 2902 2903 2904 2905 2906 2907 2908 2909 2910 2911 2912 2913 2914 2915 2916 2917 2918 2919 2920 2921 2922 2923 2924 2925 2926 2927 2928 2929 2930 2931 2932 2933 2934 2935 2936 2937 2938 2939 2940 2941 2942 2943 2944 2945 2946 2947 2948 2949 2950 2951 2952 2953 2954 2955 2956 2957 2958 2959 2960 2961 2962 2963 2964 2965 2966 2967 2968 2969 2970 2971 2972 2973 2974 2975 2976 2977 2978 2979 2980 2981 2982 2984 2985 2986 2987 2988 2989 2990 2991 2992 2993 2994 2995 2996 2997 2998 2999 3000 3001 3002 3003 3004 3005 3006 3007 3008 3009 3010 3011 3012 3013 3014 3015 3016 3017 3018 3019 3020 3021 3022 3023 3024 3025 3026 3027 3028 3029 3030 3031 3032 3033 3034 3035 3036 3037 3038 3039 3040 3041 3042 3043 3044 3045 3046 3047 3048 3049 3050 3051 3052 3053 3054 3055 3056 3057 3058 3059 3060 3061 3062 3063 3064 3065 3066 3067 3068 3069 3070 3071 3072 3073 3074 3075 3076 3077 3078 3079 3080 3081 3082 3083 3084 3085 3086 3087 3088 3089 3090 3091 3092 3093 3094 3095 3096 3097 3098 3099 3100 3101 3102 3103 3104 3105 3106 3107 3108 3109 3110 3111 3113 3114 3115 3116 3117 3118 3119 3120 3121 3122 3123 3124 3125 3126 3127 3128 3129 3130 3131 3132 3133 3134 3135 3136 3137 3138 3139 3140 3141 3142 3143 3144 3145 3146 3147 3148 3149 3150 3151 3152 3153 3154 3155 3156 3157 3158 3159 3160 3161 3162 3163 3164 3165 3166 3167 3168 3169 3170 3171 3172 3173 3174 3175 3176 3177 3178 3179 3180 3181 3182 3183 3184 3185 3186 3187 3188 3189 3190 3191 3192 3193 3194 3195 4424 3196 3197 3198 3199 3200 3201 3202 3203 3204 3205 3206 3207 3208 3209 3210 3211 3212 3213 3214 3215 3216 3217 3218 3219 3220 3221 3222 3223 3224 3225 3226 3227 3228 3229 3230 3231 3232 3233 3234 3235 3236 3237 3238 3239 3240 3241 3242 3243 3244 3245 3246 3247 3248 3249 3250 3251 3252 3253 3254 3255 3256 3257 3258 3259 3260 3261 3262 3263 3264 3265 3266 3267 3268 3269 3270 3271 3272 3273 3274 3275 3276 3277 3278 3279 3280 3281 3282 3283 3284 3285 3286 3287 3288 3289 3290 3291 3292 3293 3294 3295 3296 3297 3298 3299 3300 3301 3302 3303 3304 3305 3306 3307 3308 3309 3310 3311 3312 3313 3314 3315 3316 3317 3318 3319 3320 3321 3322 3323 3324 3325 3326 3327 3328 3329 3330 3331 3332 3333 3334 3335 3336 3337 3338 3339 3340 3341 3342 3343 3344 3345 3346 3347 3348 3349 3350 3351 3352 3353 3354 3355 3356 3357 3358 3359 3360 3361 3362 3363 3364 3365 3366 3367 3368 3369 3370 3371 3372 3373 3374 3375 3376 3377 3378 3379 3380 3381 3382 3383 3384 3385 3386 3387 3388 3389 3390 3391 3392 3393 3394 3395 3396 3397 3398 3399 3400 3401 3402 3403 3404 3405 3406 3407 3408 3409 3410 3411 3412 3413 3414 3415 3416 3417 3418 3419 3420 3421 3422 3423 3424 3425 3426 3427 3428 3429 3430 3431 3432 3433 3434 3435 3436 3437 3438 3439 3440 3441 3442 3443 3444 3445 3446 3447 3448 3449 3450 3451 3452 3453 3454 3455 3456 3457 3458 3459 3460 3461 3462 3463 3464 3465 3466 3467 3468 3469 3470 3471 3472 3473 3474 3475 3476 3477 3478 3479 3480 3481 3482 3483 3484 3485 3486 3487 3488 3489 3490 3491 3492 3493 3494 3495 3496 3497 3498 3499 3500 3501 3502 3503 3504 3505 3506 3507 3508 3509 3510 3511 3512 3513 3514 3515 3516 3517 3518 3519 3520 3521 3522 3523 3524 3525 3526 3527 3528 3529 3530 3531 3532 3533 3534 3535 3536 3537 3538 3539 3540 3541 3542 3543 3544 3545 3546 3547 3548 3549 3550 3551 3552 3553 3554 3555 3556 3557 3558 3559 3560 3561 3562 3563 3564 3565 3566 3567 3568 3569 3570 3571 3572 3573 3574 3575 3576 3577 3578 3579 3580 3581 3582 3583 3584 3585 3586 3587 3588 3589 3590 3591 3592 3593 3594 3595 3596 3597 3598 3599 3600 3601 3602 3603 3604 3605 3606 3607 3608 3609 3610 3611 3612 3613 3614 3615 3616 3617 3618 3619 3620 3621 3622 3623 3624 3625 3626 3627 3628 3629 3630 3631 3632 3633 3634 3635 3636 3637 3638 3639 3640 3641 3642 3643 3644 3645 3646 3647 3648 3649 3650 3651 3652 3653 3654 3655 3656 3657 3658 3659 3660 3661 3662 3663 3664 3665 3666 3667 3668 3669 3670 3671 3672 3673 3674 3675 3676 3677 3678 3679 3680 3681 3682 3683 3684 3685 3686 3687 3688 3689 3690 3691 3692 3693 4425 3694 3695 3696 3697 3698 3699 3700 3701 3702 3703 3704 3705 3706 3707 3708 3709 3710 3711 3712 3713 3714 3715 3716 3717 3718 3719 3720 3721 3722 3723 3724 3725 3726 3727 3728 3729 3730 3731 3732 3733 3734 3735 3736 3737 3738 3739 3740 3741 3742 3743 3744 3745 3746 3747 3748 3749 3750 3751 3752 3753 3754 3755 3756 3757 3758 3759 3760 3761 3762 3763 3764 3765 3766 3767 3768 3769 3770 3771 3772 3773 3774 3775 3776 3777 3778 3779 3780 3781 3782 3783 3784 3785 3786 3787 3788 3789 3790 3791 3792 3793 3794 3795 3796 3797 3798 3799 3800 3801 3802 3803 3804 3805 3806 3807 3808 3809 3810 3811 3812 3813 3814 3815 3816 3817 3818 3819 3820 3821 3822 3823 3824 3825 3826 3827 3828 3829 3830 3831 3832 3833 3834 3835 3836 3837 3838 3839 3840 3841 3842 3843 3844 3845 3846 3847 3848 3849 3850 3851 3852 3853 3854 3855 3856 3857 3858 3859 3860 3861 3862 3863 3864 3865 3866 3867 3868 3869 3870 3871 3872 3873 3874 3875 3876 3877 3878 3879 3880 3881 3882 3883 3884 3885 3886 3887 3888 3889 3890 3891 3892 3893 3894 3895 3896 3897 3898 3899 3900 3901 3902 3903 3904 3905 3906 3907 3908 3909 3910 3911 3912 3913 3914 3915 3916 3917 3918 3919 3920 3921 3922 3923 3924 3925 3926 3927 3928 3929 3930 3931 3932 3933 3934 3935 3936 3937 3938 3939 3940 3941 3942 3943 3944 3945 3946 3947 3948 3949 3950 3951 3952 3953 3954 3955 3956 3957 3958 3959 3960 3961 3962 3963 3964 3965 3966 3967 3968 3969 3970 3971 3972 3973 3974 3975 3976 3977 3978 3979 3980 3981 3982 3983 3984 3985 3986 3987 3988 3989 3990 3991 3992 3993 3994 3995 3996 3997 3998 3999 4000 4001 4002 4003 4004 4005 4006 4007 4008 4009 4010 4011 4012 4013 4014 4015 4016 4017 4018 4019 4020 4021 4022 4023 4024 4025 4026 4027 4028 4029 4030 4031 4032 4033 4034 4035 4036 4037 4038 4039 4040 4041 4042 4043 4044 4045 4046 4047 4048 4049 4050 4051 4052 4053 4054 4055 4056 4057 4058 4059 4060 4061 4062 4063 4064 4065 4066 4067 4068 4069 4070 4071 4072 4073 4074 4075 4076 4077 4078 4079 4080 4081 4082 4083 4084 4085 4086 4087 4088 4089 4090 4091 4092 4093 4094 4095 4096 4097 4098 4099 4100 4101 4102 4103 4104 4105 4106 4107 4108 4109 4110 4111 4112 4113 4114 4115 4116 4117 4118 4119 4120 4121 4122 4123 4124 4125 4126 4127 4128 4129 4130 4131 4132 4133 4134 4135 4136 4137 4138 4139 4140 4141 4142 4143 4144 4145 4146 4147 4148 4149 4150 4151 4152 4153 4154 4155 4156 4157 4158 4159 4160 4161 4162 4163 4164 4165 4166 4167 4168 4169 4170 4171 4172 4173 4174 4175 4176 4177 4178 4179 4180 4181 4182 4183 4184 4185 4186 4187 4188 4189 4190 4191 4192 4193 4194 4195 4196 4197 4198 4199 4200 4201 4202 4203 4204 4205 4206 4207 4208 4209 4210 4211 4212 4213 4214 4215 4216 4217 4218 4219 4220 4221 4222 4223 4224 4225 4226 4227 4228 4229 4230 4231 4232 4233 4234 4235 4236 4237 4238 4239 4240 4241 4242 4243 4244 4245 4246 4247 4248 4249 4250 4251 4252 4253 4254 4255 4256 4257 4258 4259 4260 4261 4262 4263 4264 4265 4266 4267 4268 4269 4270 4271 4272 4273 4274 4275 4276 4277 4278 4279 4280 4281 4282 4283 4284 4285 4286 4287 4288 4289 4290 4291 4292 4293 4294 4295 4296 4297 4298 4299 4300 4301 4302 4303 4304 4305 4306 4307 4308 4309 4310 4311 4312 4313 4314 4315 4316 4317 4318 4319 4320 4321 4322 4323 4324 4325 4326 4327 4328 4329 4330 4331 4332 4333 4334 4335 4336 4337 4338 4339 4340 4341 4342 4343 4344 4345 4346 4347 4348 4349 4350 4351 4352 4353 4354 4355 4356 4357 4358 4359 4360 4361 4362 4363 4364 4365 4366 4367 4368 4369 4370 4371 4372 4373 4374 4375 4376 4377 4378 4379 4380 4381 4382 4383 4384 4385 4386 4387 4388 4389 4390 4391 4392 4393 4394 4395 4396 4397 4398 4399 4400 4401 4402 4403 4404 4405 4406 4407 4408 4409 4410 4411 4412 4413
p1:3 A 0 1 2 3 4 5 6 7 8 9 10 11 12 13 14 15 16 17 18 19 20 21 22 23 24 25 26 27 28 29 30 31 32 33 34 35 36 37 38 39 40 41 42 43 44 45 46 47 48 49 50 51 52 53 54 55 56 57 58 59 60 61 62 63 64 65 66 67 68 69 70 71 72 73 74 75 76 77 78 79 80 81 82 83 84 85 86 87 88 89 90 91 92 93 94 95 96 97 98 99 100 101 102 103 104 105 106 107 108 109 110 111 112 113 114 115 116 117 118 119 120 121 122 123 124 125 126 127 128 129 130 131 132 133 134 135 136 137 138 139 140 141 142 143 144 145 146 147 148 149 150 151 152 153 154 155 156 157 158 159 160 161 162 163 164 165 166 167 168 169 170 171 172 173 174 175 176 177 178 179 180 181 182 183 4426 184 185 186 187 188 189 190 191 192 193 194 195 196 197 198 199 200 201 202 203 204 205 206 207 208 209 210 211 212 213 214 215 216 217 218 219 220 221 222 223 224 225 226 227 228 229 230 231 232 233 234 235 236 237 238 239 240 241 242 243 244 245 246 247 248 249 250 251 252 253 254 255 256 257 258 259 260 261 262 263 264 265 266 267 268 269 270 271 272 273 274 275 276 277 278 279 280 281 282 283 284 285 286 287 288 289 290 291 292 293 294 295 296 297 298 299 300 301 302 303 304 305 306 307 308 309 310 311 312 313 314 315 316 317 318 319 320 321 322 323 324 325 326 327 328 329 330 331 332 333 334 335 336 337 338 339 340 341 342 343 344 345 346 347 348 349 350 351 352 353 354 355 356 357 358 359 360 361 362 363 364 365 366 367 368 369 370 371 372 373 374 375 376 377 378 379 380 381 382 383 384 385 386 387 388 389 390 391 392 393 394 395 396 397 398 399 400 401 402 403 404 405 406 407 408 409 410 411 412 413 414 415 416 417 418 419 420 421 422 423 424 425 426 427 428 429 430 431 432 433 434 435 436 437 438 439 440 441 442 443 444 445 446 447 448 449 450 451 452 453 454 455 456 457 458 459 460 461 462 463 464 465 466 467 468 469 470 471 472 473 474 475 476 477 478 479 480 481 482 483 484 485 486 487 488 489 490 491 492 493 494 495 496 497 498 499 500 501 502 503 504 505 506 507 508 509 510 511 512 513 514 515 516 517 518 519 520 521 522 523 524 525 526 527 528 529 530 531 532 533 534 535 536 537 538 539 540 541 542 543 544 545 546 547 548 549 550 551 552 553 554 555 556 557 558 559 560 561 562 563 564 565 566 567 568 569 570 571 572 573 574 575 576 577 578 579 580 581 582 583 584 585 586 587 588 589 590 591 592 593 594 595 596 597 598 599 600 601 602 603 604 605 606 607 608 609 610 611 612 613 614 615 616 617 618 619 620 621 622 623 624 625 626 627 628 629 630 631 632 633 634 635 636 637 638 639 640 641 642 643 644 645 646 647 648 649 650 651 652 653 654 655 656 657 658 659 660 661 662 663 664 665 666 667 668 669 670 671 672 673 674 675 676 677 678 679 680 681 4422 682 683 684 685 686 687 688 689 690 691 692 693 694 695 696 697 698 699 700 701 702 703 704 705 706 707 708 709 710 711 712 713 714 715 716 717 718 719 720 721 722 723 724 725 726 727 728 729 730 731 732 733 734 735 736 737 738 739 740 741 742 743 744 745 746 747 748 749 750 751 752 753 754 755 756 757 758 759 760 761 762 763 764 765 766 767 768 769 770 771 772 773 774 775 776 777 778 779 780 781 782 783 784 785 786 787 788 789 790 791 792 793 794 795 796 797 798 799 800 801 802 803 804 805 806 807 808 809 810 811 812 813 814 815 816 817 818 819 820 821 822 823 824 825 826 827 828 829 830 831 832 833 834 835 836 837 838 839 840 841 842 843 844 845 846 847 848 849 850 851 852 853 854 855 856 857 858 859 860 861 862 863 864 865 866 867 868 869 870 871 872 873 874 875 876 877 878 879 880 881 882 883 884 885 886 887 888 889 890 891 892 893 894 895 896 897 898 899 900 901 902 903 904 905 906 907 908 909 910 911 912 913 914 915 916 917 918 919 920 921 922 923 924 925 926 927 928 929 930 931 932 933 934 935 936 937 938 939 940 941 942 943 944 945 946 947 948 949 950 951 952 953 954 955 956 957 958 959 960 961 962 963 964 965 966 967 968 969 970 971 972 973 974 975 976 977 978 979 980 981 982 983 984 985 986 987 988 989 990 991 992 993 994 995 996 997 998 999 1000 1001 1002 1003 1004 1005 1006 1007 1008 1009 1010 1011 1012 1013 1014 1015 1016 1017 1018 1019 1020 1021 1022 1023 1024 1025 1026 1027 1028 1029 1030 1031 1032 1033 1034 1035 1036 1037 1038 1039 1040 1041 1042 1043 1044 1045 1046 1047 1048 1049 1050 1051 1052 1053 1054 1055 1056 1057 1058 1059 1060 1061 1062 1063 1064 1065 1066 1067 1068 1069 1070 1071 1072 1073 1074 1075 1076 1077 1078 1079 1080 1081 1082 1083 1084 1085 1086 1087 1088 1089 1090 1091 1092 1093 1094 1095 1096 1097 1098 1099 1100 1101 1102 1103 1104 1105 1106 1107 1108 1109 1110 1111 1112 1113 1114 1115 1116 1117 1118 1119 1120 1121 1122 1123 1124 1125 1126 1127 1128 1129 1130 1131 1132 1133 1134 1135 1136 1137 1138 1139 1140 1141 1142 1143 1144 1145 1146 1147 1148 1149 1150 1151 1152 1153 1154 1155 1156 1157 1158 1159 1160 1161 1162 1163 1164 1165 4427 1166 1167 1168 1169 1170 1171 1172 1173 1174 1175 1176 1177 1178 1179 1180 1181 1182 1183 1184 1185 1186 1187 1188 1189 1190 1191 1192 1193 1194 1195 1196 1197 1198 1199 1200 1201 1202 1203 1204 1205 1206 1207 1208 1209 1210 1211 1212 1213 1214 1215 1216 1217 1218 1219 1220 1221 1222 1223 1224 1225 1226 1227 1228 1229 1230 1231 1232 1233 1234 1235 1236 1237 1238 1239 1240 1241 1242 1243 1244 1245 1246 1247 1248 1249 1250 1251 1252 1253 1254 1255 1256 1257 1258 1259 1260 1261 1262 1263 1264 1265 1266 1267 1268 1269 1270 1271 1272 1273 1274 1275 1276 1277 1278 1279 1280 1281 1282 1283 1284 1285 1286 1287 1288 1289 1290 1291 1292 1293 1294 1295 1296 1297 1298 1299 1300 1301 1302 1303 1304 1305 1306 1307 1308 1309 1310 1311 1312 1313 1314 1315 1316 1317 1318 1319 1320 1321 1322 1323 1324 1325 1326 1327 1328 1329 1330 1331 1332 1333 1334 1335 1336 1337 1338 1339 4428 1340 1341 1342 1343 1344 1345 1346 1347 1348 1349 1350 1351 1352 1353 1354 1355 1356 1357 1358 1359 1360 1361 1362 1363 1364 1365 1366 1367 1368 1369 1370 1371 1372 1373 1374 1375 1376 1377 1378 1379 1380 1381 1382 1383 1384 1385 1386 1387 1388 1389 1390 1391 1392 1393 1394 1395 1396 1397 1398 1399 1400 1401 1402 1403 1404 1405 1406 1407 1408 1409 1410 1411 1412 1413 1414 1415 1416 1417 1418 1419 1420 1421 1422 1423 1424 1425 1426 1427 1428 1429 1430 1431 1432 1433 1434 1435 1436 1437 1438 1439 1440 1441 1442 1443 1444 1445 1446 1447 1448 1449 1450 1451 1452 1453 1454 1455 1456 1457 1458 1459 1460 1461 1462 1463 1464 1465 1466 1467 1468 1469 1470 1471 1472 1473 1474 1475 1476 1477 1478 1479 1480 1481 1482 1483 1484 1485 1486 1487 1488 1489 1490 1491 1492 1493 1494 1495 1496 1497 1498 1499 1500 1501 1502 1503 1504 1505 1506 1507 1508 1509 1510 1511 1512 1513 1514 1515 1516 1517 1518 1519 1520 1521 1522 1523 1524 1525 1526 1527 1528 1529 1530 1531 1532 1533 1534 1535 1536 1537 1538 1539 1540 1541 1542 1543 1544 1545 1546 1547 1548 1549 1550 1551 1552 1553 1554 1555 1556 1557 1558 1559 1560 1561 1562 1563 1564 1565 1566 1567 1568 1569 1570 1571 1572 1573 1574 1575 1576 1577 1578 1579 1580 1581 1582 1583 1584 1585 1586 1587 1588 1589 1590 1591 1592 1593 1594 1595 1596 1597 1598 1599 1600 1601 1602 1603 1604 1605 1606 1607 1608 1609 1610 1611 1612 1613 1614 1615 1616 1617 1618 1619 1620 1621 1622 1623 1624 1625 1626 1627 1628 1629 1630 1631 1632 1633 1634 1635 1636 1637 1638 1639 1640 1641 1642 1643 1644 1645 1646 1647 1648 1649 1650 1651 1652 1653 1654 1655 1656 1657 1658 1659 1660 1661 1662 1663 1664 1665 1666 1667 1668 1669 1670 1671 1672 1673 1674 1675 1676 1677 1678 1679 1680 1681 1682 1683 1684 1685 1686 1687 1688 1689 1690 1691 1692 1693 1694 1695 1696 1697 1698 1699 1700 1701 1702 1703 1704 1705 1706 1707 1708 1709 1710 1711 1712 1713 1714 1715 1716 1717 1718 1719 1720 1721 1722 1723 1724 1725 1726 1727 1728 1729 1730 1731 1732 1733 1734 1735 1736 1737 1738 1739 1740 1741 1742 1743 1744 1745 1746 1747 1748 1749 1750 1751 1752 1753 1754 1755 1756 1757 1758 1759 1760 1761 1762 1763 1764 1765 1766 1767 1768 1769 1770 1771 1772 1773 1774 1775 1776 1777 1778 1779 1780 1781 1782 1783 1784 1785 1786 1787 1788 1789 1790 1791 1792 1793 1794 1795 1796 1797 1798 1799 1800 1801 1802 1803 1804 1805 1806 1807 1808 1809 1810 1811 1812 1813 1814 1815 1816 1817 1818 1819 1820 1821 1822 1823 1824 1825 1826 1827 1828 1829 1830 1831 1832 1833 1834 1835 1836 1837 1838 1839 1840 1841 1842 1843 1844 1845 1846 1847 1848 1849 1850 1851 1852 1853 1854 1855 1856 1857 1858 1859 1860 1861 1862 1863 1864 1865 1866 1867 1868 1869 1870 1871 1872 1873 1874 1875 1876 1877 1878 1879 1880 1881 1882 1883 1884 1885 1886 1887 1888 1889 1890 1891 1892 1893 1894 1895 1896 1897 1898 1899 1900 1901 1902 1903 1904 1905 1906 1907 1908 1909 1910 1911 1912 1913 1914 1915 1916 1917 1918 1919 1920 1921 1922 1923 1924 1925 1926 1927 1928 1929 1930 1931 1932 1933 1934 1935 1936 1937 1938 1939 1940 1941 1942 1943 1944 1945 1946 1947 1948 1949 1950 1951 1952 1953 1954 1955 1956 1957 1958 1959 1960 1961 1962 1963 1964 1965 1966 1967 1968 1969 1970 1971 1972 1973 1974 1975 1976 1977 1978 1979 1980 1981 1982 1983 1984 1985 1986 1987 1988 1989 1990 1991 1992 1993 1994 1995 1996 1997 1998 1999 2000 2001 2002 2003 2004 2005 2006 2007 2008 2009 2010 2011 2012 2013 2014 2015 2016 2017 2018 2019 2020 2021 2022 2023 2024 2025 2026 2027 2028 2029 2030 2031 2032 2033 2034 2035 2036 2037 2038 2039 2040 2041 2042 2043 2044 2045 2046 2047 2048 2049 2050 2051 2052 2053 2054 2055 2056 2057 2058 2059 2060 2061 2062 2063 2064 2065 2066 2067 2068 2069 2070 2071 2072 2073 2074 2075 2076 2077 2078 2079 2080 2081 2082 2083 2084 2085 2086 2087 2088 2089 2090 2091 2092 2093 2094 2095 2096 2097 2098 2099 2100 2101 2102 2103 2104 2105 2106 2107 2108 2109 2110 2111 2112 2113 2114 2115 2116 2117 2118 2119 2120 2121 2122 2123 2124 2125 2126 2127 2128 2129 2130 2131 2132 2133 2134 2135 2136 2137 2138 2139 2140 2141 2142 2143 2144 2145 2146 2147 2148 2149 2150 2151 2152 2153 2154 2155 2156 2157 2158 2159 2160 2161 2162 2163 2164 2165 2166 2167 2168 2169 2170 2171 2172 2173 2174 2175 2176 2177 2178 2179 2180 2181 2182 2183 2184 2185 2186 2187 2188 2189 2190 2191 2192 2193 2194 2195 2196 2197 2198 2199 2200 2201 2202 2203 2204 2205 2206 2207 2208 2209 2210 2211 2212 2213 2214 2215 2216 2217 2218 2219 2220 2221 2222 2223 2224 2225 2226 2227 2228 2229 2230 2231 2232 2233 2234 2235 2236 2237 2238 2239 2240 2241 2242 2243 2244 2245 2246 2247 2248 2249 2250 2251 2252 2253 2254 2255 2256 2257 2258 2259 2260 2261 2262 2263 2264 2265 2266 2267 2268 2269 2270 2271 2272 2273 2274 2275 2276 2277 2278 2279 2280 2281 2282 2283 2284 2285 2286 2287 2288 2289 2290 2291 2292 2293 2294 2295 2296 2297 2298 2299 2300 2301 2302 2303 2304 2305 2306 2307 2308 2309 2310 2311 2312 2313 2314 2315 2316 2317 2318 2319 2320 2321 2322 2323 2324 2325 2326 2327 2328 2329 2330 2331 2332 2333 2334 2335 2336 2337 2338 2339 2340 2341 2342 2343 2344 2345 2346 2347 2348 2349 2350 2351 2352 2353 2354 2355 2356 2357 2358 2359 2360 2361 2362 2363 2364 2365 2366 2367 2368 2369 2370 2371 2372 2373 2374 2375 2376 2377 2378 2379 2380 2381 2382 2383 2384 2385 2386 2387 2388 2389 2390 2391 2392 2393 2394 2395 2396 2397 2398 2399 2400 2401 2402 2403 2404 2405 2406 2407 2408 2409 2410 2411 2412 2413 2414 2415 2416 2417 2418 2419 2420 2421 2422 2423 2424 2425 2426 2427 2428 2429 2430 2431 2432 2433 4429 2434 2435 2436 2437 2438 2439 2440 2441 2442 2443 2444 2445 2446 2447 2448 2449 2450 2451 2452 2453 2454 2455 2456 2457 2458 2459 2460 2461 2462 2463 2464 2465 2466 2467 2468 2469 2470 2471 2472 2473 2474 2475 2476 2477 2478 2479 2480 2481 2482 2483 2484 2485 2486 2487 2488 2489 2490 2491 2492 2493 2494 2495 2496 2497 2498 2499 2500 2501 2502 2503 2504 2505 2506 2507 2508 2509 2510 2511 2512 2513 2514 2515 2516 2517 2518 2519 2520 2521 2522 2523 2524 2525 2526 2527 2528 2529 2530 2531 2532 2533 2534 2535 2536 2537 2538 2539 2540 2541 2542 2543 2544 2545 2546 2547 2548 2549 2550 2551 2552 2553 2554 2555 2556 2557 2558 2559 2560 2561 2562 2563 2564 2565 2566 2567 2568 2569 2570 2571 2572 2573 2574 2575 2576 2577 2578 2579 2580 2581 2582 2583 2584 2585 2586 2587 2588 2589 2590 2591 2592 2593 2594 2595 2596 2597 2598 2599 2600 2601 2602 2603 2604 2605 2606 2607 2608 2609 2610 2611 2612 2613 2614 2615 2616 2617 2618 2619 2620 2621 2622 2623 2624 2625 2626 2627 2628 2629 2630 2631 2632 2633 2634 2635 2636 2637 2638 2639 2640 2641 2642 2643 2644 2645 2646 2647 2648 2649 2650 2651 2652 2653 2654 2655 2656 2657 2658 2659 2660 2661 2662 2663 2664 2665 2666 2667 2668 2669 2670 2671 2672 2673 2674 2675 2676 2677 2678 2679 2680 2681 2682 2683 2684 2685 2686 2687 2688 2689 2690 2691 2692 2693 2694 2695 2696 2697 2698 2699 2700 2701 2702 2703 2704 2705 2706 2707 2708 2709 2710 2711 2712 2713 2714 2715 2716 2717 2718 2719 2720 2721 2722 2723 2724 2725 2726 2727 2728 2729 2730 2731 2732 2733 2734 2735 2736 2737 2738 2739 2740 2741 2742 2743 2744 2745 2746 2747 2748 2749 2750 2751 2752 2753 2754 2755 2756 2757 2758 2759 2760 2761 2762 2763 2764 2765 2766 2767 2768 2769 2770 2771 2772 2773 2774 2775 2776 2777 2778 2779 2780 2781 2782 2783 2784 2785 2786 2787 2788 2789 2790 2791 2792 2793 2794 2795 2796 2797 2798 2799 2800 2801 2802 2803 2804 2805 2806 2807 2808 2809 2810 2811 2812 2813 2814 2815 2816 2817 2818 2819 2820 4430 2821 2822 2823 2824 2825 2826 2827 2828 2829 2830 2831 2832 2833 2835 2836 2837 2838 2839 2840 2841 2842 2843 2844 2845 2846 2847 2848 2849 2850 2851 2852 2853 2854 2855 2856 2857 2858 2859 2860 2861 2862 2863 2864 2865 2866 2867 2868 2869 2870 2871 2872 2873 2874 2875 2876 2877 2878 2879 2880 2881 2882 2883 2884 2885 2886 2887 2888 2889 2890 2891 2892 2893 2894 2895 2896 2897 2898 2899 2900 2901 2902 2903 2904 2905 2906 2907 2908 2909 2910 2911 2912 2913 2914 2915 2916 2917 2918 2919 2920 2921 2922 2923 2924 2925 2926 2927 2928 2929 2930 2931 2932 2933 2934 2935 2936 2937 2938 2939 2940 2941 2942 2943 2944 2945 2946 2947 2948 2949 2950 2951 2952 2953 2954 2955 2956 2957 2958 2959 2960 2961 2962 2963 2964 2965 2966 2967 2968 2969 2970 2971 2972 2973 2974 2975 2976 2977 2978 2979 2980 2981 2982 2984 2985 2986 2987 2988 2989 2990 2991 2992 2993 2994 2995 2996 2997 2998 2999 3000 3001 3002 3003 3004 3005 3006 3007 3008 3009 3010 3011 3012 3013 3014 3015 3016 3017 3018 3019 3020 3021 3022 3023 3024 3025 3026 3027 3028 3029 3030 3031 3032 3033 3034 3035 3036 3037 3038 3039 3040 3041 3042 3043 3044 3045 3046 3047 3048 3049 3050 3051 3052 3053 3054 3055 3056 3057 3058 3059 3060 3061 3062 3063 3064 3065 3066 3067 3068 3069 3070 3071 3072 3073 3074 3075 3076 3077 3078 3079 3080 3081 3082 3083 3084 3085 3086 3087 3088 3089 3090 3091 3092 3093 3094 3095 3096 3097 3098 3099 3100 3101 3102 3103 3104 3105 3106 3107 3108 3109 3110 3111 3113 3114 3115 3116 3117 3118 3119 3120 3121 3122 3123 3124 3125 3126 3127 3128 3129 3130 3131 3132 3133 3134 3135 3136 3137 3138 3139 3140 3141 3142 3143 3144 3145 3146 3147 3148 3149 3150 3151 3152 3153 3154 3155 3156 3157 3158 3159 3160 3161 3162 3163 3164 4418 3165 3166 3167 3168 3169 3170 3171 3172 3173 3174 3175 3176 3177 3178 3179 3180 3181 3182 3183 3184 3185 3186 3187 3188 3189 3190 3191 3192 3193 3194 3195 3196 3197 3198 3199 3200 3201 3202 3203 3204 3205 3206 3207 3208 3209 3210 3211 3212 3213 3214 3215 3216 3217 3218 3219 3220 3221 3222 3223 3224 3225 3226 3227 3228 3229 3230 3231 3232 3233 3234 3235 3236 3237 3238 3239 3240 3241 3242 3243 3244 3245 3246 3247 3248 3249 3250 3251 3252 3253 3254 3255 3256 3257 3258 3259 3260 3261 3262 3263 3264 3265 3266 3267 3268 3269 3270 3271 3272 3273 3274 3275 3276 3277 3278 3279 3280 3281 3282 3283 3284 3285 3286 3287 3288 3289 3290 3291 3292 3293 3294 3295 3296 3297 3298 3299 3300 3301 3302 3303 3304 3305 3306 3307 3308 3309 3310 3311 3312 3313 3314 3315 3316 3317 3318 3319 3320 3321 3322 3323 3324 3325 3326 3327 3328 3329 3330 3331 3332 3333 3334 3335 3336 3337 3338 3339 3340 3341 3342 3343 3344 3345 3346 3347 3348 3349 3350 3351 3352 3353 3354 3355 3356 3357 3358 3359 3360 3361 3362 3363 3364 3365 3366 3367 3368 3369 3370 3371 3372 3373 3374 3375 3377 3378 3379 3380 3381 3382 3383 3384 3385 3386 3387 3388 3389 3391 3392 3393 3394 3395 3396 3397 3398 3399 3400 3401 3402 3403 3404 3405 3406 3407 3408 3409 3410 3411 3412 3413 3414 3415 3416 3417 3418 3419 3420 3421 3422 3423 3424 3425 3426 3427 3428 3429 3430 3431 3432 3433 3434 3435 3436 3437 3438 3439 3440 3441 3442 3443 3444 3445 3446 3447 3448 3449 3450 3451 3452 3453 3454 3455 3456 3457 3458 3459 3460 3461 3462 3463 3464 3465 3466 3467 3468 3469 3470 3471 3472 3473 3474 3475 3476 3477 3478 3479 3480 3481 3482 3483 3484 3485 3486 3487 3488 3489 3490 3491 3492 3493 3494 3495 3496 3497 3498 3499 3500 3501 3502 3503 3504 3505 3506 3507 3508 3509 3510 3511 3512 3513 3514 3515 3516 3517 3518 3519 3520 3521 3522 3523 3524 3525 3526 3527 3528 3529 3530 3531 3532 3533 3534 3535 3536 3537 3538 3539 3540 3541 3542 3543 3544 3545 3546 3547 3548 3549 3550 3551 3552 3553 3554 3555 3556 3557 3558 3559 3560 3561 3562 3563 3564 3565 3566 3567 3568 3569 3570 3571 3572 3573 3574 3575 3576 3577 3578 3579 3580 3581 3582 3583 3584 3585 3586 3587 3588 3589 3590 3591 3592 3593 3594 3595 3596 3597 3598 3599 3600 3601 3602 3603 3604 3605 3606 3607 3608 3609 3610 3611 3612 3613 3614 3615 3616 3617 3618 3619 3620 3621 3622 3623 3624 3625 3626 3627 3628 3629 3630 3631 3632 3633 3634 3635 3636 3637 3638 3639 3640 3641 3642 3643 3644 3645 3646 3647 3648 3649 3650 3651 3652 3653 3654 3655 3656 3657 3658 3659 3660 3661 3662 3663 3664 3665 3666 3667 3668 3669 3670 3671 3672 3673 3674 3675 3676 3677 3678 3679 3680 3681 3682 3683 3684 3685 3686 3687 3688 3689 3690 3691 3692 3693 3694 3695 3696 3697 3698 3699 3700 3701 3702 3703 3704 3705 3706 3707 3708 3709 3710 3711 3712 3713 3714 3715 3716 3717 3718 3719 3720 3721 3722 3723 3724 3725 3726 3727 3728 3729 3730 3731 3732 3733 3734 3735 3736 3737 3738 3739 3740 3741 3742 3743 3744 3745 3746 3747 3748 3749 3750 3751 3752 3753 3754 3755 3756 3757 3758 3759 3760 3761 3762 3763 3764 3765 3766 3767 3768 3769 3770 3771 3772 3773 3774 3775 3776 3777 3778 3779 3780 3781 3782 3783 3784 3785 3786 3787 3788 3789 3790 3791 3792 3793 3794 3795 3796 3797 3798 3799 3800 3801 3802 3803 3804 3805 3806 3807 3808 3809 3810 3811 3812 3813 3814 3815 3816 3817 3818 3819 3820 3821 3822 3823 3824 3825 3826 3827 3828 3829 3830 3831 3832 3833 3834 3835 3836 3837 3838 3839 3840 3841 3842 3843 3844 3845 3846 3847 3848 3849 3850 3851 3852 3853 3854 3855 3856 3857 3858 3859 3860 3861 3862 3863 3864 3865 3866 3867 3868 3869 3870 3871 3872 3873 3874 3875 3876 3877 3878 3879 3880 3881 3882 3883 3884 3885 3886 3887 3888 3889 3890 3891 3892 3893 3894 3895 3896 3897 3898 3899 3900 3901 3902 3903 3904 3905 3906 3907 3908 3909 3910 3911 3912 3913 3914 3915 3916 3917 3918 3919 3920 3921 3922 3923 3924 3925 3926 3927 3928 3929 3930 3931 3932 3933 3934 3935 3936 3937 3938 3939 3940 3941 3942 3943 3944 3945 3946 3947 3948 3949 3950 3951 3952 3953 3954 3955 3956 3957 3958 3959 3960 3961 3962 3963 3964 3965 3966 3967 3968 3969 3970 3971 3972 3973 3974 3975 3976 3977 3978 3979 3980 3981 3982 3983 3984 3985 3986 3987 3988 3989 3990 3991 3992 3993 3994 3995 3996 3997 3998 3999 4000 4001 4002 4003 4004 4005 4006 4007 4008 4009 4010 4011 4012 4013 4014 4015 4016 4017 4018 4019 4020 4021 4022 4023 4024 4025 4026 4027 4028 4029 4030 4031 4032 4033 4034 4035 4036 4037 4038 4039 4040 4041 4042 4043 4044 4045 4046 4047 4048 4049 4050 4051 4052 4053 4054 4055 4056 4057 4058 4059 4060 4061 4062 4063 4064 4065 4066 4067 4068 4069 4070 4071 4072 4073 4074 4075 4076 4077 4078 4079 4080 4081 4082 4083 4084 4085 4086 4087 4088 4089 4090 4091 4092 4093 4094 4095 4096 4097 4098 4099 4100 4101 4102 4103 4104 4105 4106 4107 4108 4109 4110 4111 4112 4113 4114 4115 4116 4117 4118 4119 4120 4121 4122 4123 4124 4125 4126 4127 4128 4129 4130 4131 4132 4133 4134 4135 4136 4137 4138 4139 4140 4141 4142 4143 4144 4145 4146 4147 4148 4149 4150 4151 4152 4153 4154 4155 4156 4157 4158 4159 4160 4161 4162 4163 4164 4165 4166 4167 4168 4169 4170 4171 4172 4173 4174 4175 4176 4177 4178 4179 4180 4181 4182 4183 4184 4185 4186 4187 4188 4189 4190 4191 4192 4193 4194 4195 4196 4197 4198 4199 4200 4201 4202 4203 4204 4205 4206 4207 4208 4209 4210 4211 4212 4213 4214 4215 4216 4217 4218 4219 4220 4221 4222 4223 4224 4225 4226 4227 4228 4229 4230 4231 4232 4233 4234 4235 4236 4237 4238 4239 4240 4241 4242 4243 4244 4245 4246 4247 4248 4249 4250 4251 4252 4253 4254 4255 4256 4257 4258 4259 4260 4261 4262 4263 4264 4265 4266 4267 4268 4269 4270 4271 4272 4273 4274 4275 4276 4277 4278 4279 4280 4281 4282 4283 4284 4285 4286 4287 4288 4289 4290 4291 4292 4293 4294 4295 4296 4297 4298 4299 4300 4301 4302 4303 4304 4305 4306 4307 4308 4309 4310 4311 4312 4313 4314 4315 4316 4317 4318 4319 4320 4321 4322 4323 4324 4325 4326 4327 4328 4329 4330 4331 4332 4333 4334 4335 4336 4337 4338 4339 4340 4341 4342 4343 4344 4345 4346 4347 4348 4349 4350 4351 4352 4353 4354 4355 4356 4357 4358 4359 4360 4361 4362 4363 4364 4365 4366 4367 4368 4369 4370 4371 4372 4373 4374 4375 4376 4377 4378 4379 4380 4381 4382 4383 4384 4385 4386 4387 4388 4389 4390 4391 4392 4393 4394 4395 4396 4397 4398 4399 4400 4401 4402 4403 4404 4405 4406 4407 4408 4409 4410 4411 4412 4413
p1:4 A 0 1 2 3 4 5 6 7 8 9 10 11 12 13 14 15 16 17 18 19 20 21 4421 22 23 24 25 26 27 28 29 30 31 32 33 34 35 36 37 38 39 40 41 42 43 44 45 46 47 48 49 50 51 52 53 54 55 56 57 58 59 60 61 62 63 64 65 66 67 68 69 70 71 72 73 74 75 76 77 78 79 80 81 82 83 84 85 86 87 88 89 90 91 92 93 94 95 96 97 98 99 100 101 102 103 104 105 106 107 108 109 110 111 112 113 114 115 116 117 118 119 120 121 122 4431 123 124 125 126 127 128 129 130 131 132 133 134 135 136 137 138 139 140 141 142 143 144 145 146 147 148 149 150 151 152 153 154 155 156 157 158 159 160 161 162 163 164 165 166 167 168 169 170 171 172 173 174 175 176 177 178 179 180 181 182 183 184 185 186 187 188 189 190 191 192 193 194 195 196 197 198 199 200 201 202 203 204 205 206 207 208 209 210 211 212 213 214 215 216 217 218 219 220 221 222 223 224 225 226 227 228 229 230 231 232 233 234 235 236 237 238 239 240 241 242 243 244 245 246 247 248 249 250 251 252 253 254 255 256 257 258 259 260 261 262 263 264 265 266 267 268 269 270 271 272 273 274 275 276 277 278 279 280 281 282 283 284 285 286 287 288 289 290 291 292 293 294 295 296 297 298 299 300 301 302 303 304 305 306 307 308 309 310 311 312 313 314 315 316 317 318 319 320 321 322 323 324 325 326 327 328 329 330 331 332 333 334 335 336 337 338 339 340 341 342 343 344 345 346 347 348 349 350 351 352 353 354 355 356 357 358 359 360 361 362 363 364 365 366 367 368 369 370 371 372 373 374 375 376 377 378 379 380 381 382 383 384 385 386 387 388 389 390 391 392 393 394 395 396 397 398 399 400 401 402 403 404 405 406 407 408 409 410 411 412 413 414 415 416 417 418 419 420 421 422 423 424 425 426 427 428 429 430 431 432 433 434 435 436 437 438 439 440 441 442 443 444 445 446 447 448 449 450 451 452 453 454 455 456 457 458 459 460 461 462 463 464 465 466 467 468 469 470 471 472 473 474 475 476 477 478 479 480 481 482 483 484 485 486 487 488 489 490 491 492 493 494 495 496 497 498 499 500 501 502 503 504 505 506 507 508 509 510 511 512 513 514 515 516 517 518 519 520 521 522 523 524 525 526 527 528 529 530 531 532 533 534 535 536 537 538 539 540 541 542 543 544 545 546 547 548 549 550 551 552 553 554 555 556 557 558 559 560 561 562 563 564 565 566 567 568 569 570 571 572 573 574 575 576 577 578 579 580 581 582 583 584 585 586 587 588 589 590 591 592 593 594 595 596 597 598 599 600 601 602 603 604 605 606 607 608 609 610 611 612 613 614 615 616 617 618 619 620 621 622 623 624 625 626 627 628 629 630 631 632 633 634 635 636 637 638 639 640 641 642 643 644 645 646 647 648 649 650 651 652 653 654 655 656 657 658 659 660 661 662 663 664 665 666 667 668 669 670 671 672 673 674 675 676 677 678 679 680 681 4422 682 683 684 685 686 687 688 689 690 691 692 693 694 695 696 697 698 699 700 701 702 703 704 705 706 707 708 709 710 711 712 713 714 715 716 717 718 719 720 721 722 723 724 725 726 727 728 729 730 731 732 733 734 735 736 737 738 739 740 741 742 743 744 745 746 747 748 749 750 751 752 753 754 755 756 757 758 759 760 761 762 763 764 765 766 767 768 769 770 771 772 773 774 775 776 777 778 779 780 781 782 783 784 785 786 787 788 789 790 791 792 793 794 795 796 797 798 799 800 801 802 803 804 805 806 807 808 809 810 811 812 813 814 815 816 817 818 819 820 821 822 823 824 825 826 827 828 829 830 831 832 833 834 835 836 837 838 839 840 841 842 843 844 845 846 847 848 849 850 851 852 853 854 855 856 857 858 859 860 861 862 863 864 865 866 867 868 869 870 871 872 873 874 875 876 877 878 879 880 881 882 883 884 885 886 887 888 889 890 891 892 893 894 895 896 897 898 899 900 901 902 903 904 905 906 907 908 909 910 911 912 913 914 915 916 917 918 919 920 921 922 923 924 925 926 927 928 929 930 931 932 933 934 935 936 937 938 939 940 941 942 943 944 945 946 947 948 949 950 951 952 953 954 955 956 957 958 959 960 961 962 963 964 965 966 967 968 969 970 971 972 973 974 975 976 977 978 979 980 981 982 983 984 985 986 987 988 989 990 991 992 993 994 995 996 997 998 999 1000 1001 1002 1003 1004 1005 1006 1007 1008 1009 1010 1011 1012 1013 1014 1015 1016 1017 1018 1019 1020 1021 1022 1023 1024 1025 1026 1027 1028 1029 1030 1031 1032 1033 1034 1035 1036 1037 1038 1039 1040 1041 1042 1043 1044 1045 1046 1047 1048 1049 1050 1051 1052 1053 1054 1055 1056 1057 1058 1059 1060 1061 1062 1063 1064 1065 1066 1067 1068 1069 1070 1071 1072 1073 1074 1075 1076 1077 1078 1079 1080 1081 1082 1083 1084 1085 1086 1087 1088 1089 1090 1091 1092 1093 1094 1095 1096 1097 1098 1099 1100 1101 1102 1103 1104 1105 1106 1107 1108 1109 1110 1111 1112 1113 1114 1115 1116 1117 1118 1119 1120 1121 1122 1123 1124 1125 1126 1127 1128 1129 1130 1131 1132 1133 1134 1135 1136 1137 1138 1139 1140 1141 1142 1143 1144 1145 1146 1147 1148 1149 1150 1151 1152 1153 1154 1155 1156 1157 1158 1159 1160 1161 1162 1163 1164 1165 1166 1167 1168 1169 1170 1171 1172 1173 1174 1175 1176 1177 1178 1179 1180 1181 1182 1183 1184 1185 1186 1187 1188 1189 1190 1191 1192 1193 1194 1195 1196 1197 1198 1199 1200 1201 1202 1203 1204 1205 1206 1207 1208 1209 1210 1211 1212 1213 1214 1215 1216 1217 1218 1219 1220 1221 1222 1223 1224 1225 1226 1227 1228 1229 1230 1231 1232 1233 1234 1235 1236 1237 1238 1239 1240 1241 1242 1243 1244 1245 1246 1247 1248 1249 1250 1251 1252 1253 1254 1255 1256 1257 1258 1259 1260 1261 1262 1263 1264 1265 1266 1267 1268 1269 1270 1271 1272 1273 1274 1275 1276 1277 1278 1279 1280 1281 1282 1283 1284 1285 1286 1287 1288 1289 1290 1291 1292 1293 1294 1295 1296 1297 1298 1299 1300 1301 1302 1303 1304 1305 1306 1307 1308 1309 1310 1311 1312 1313 1314 1315 1316 1317 1318 1319 1320 1321 1322 1323 1324 1325 1326 1327 1328 1329 1330 1331 1332 1333 1334 1335 1336 1337 1338 1339 1340 1341 1342 1343 1344 1345 1346 1347 1348 1349 1350 1351 1352 1353 1354 1355 1356 1357 1358 1359 1360 1361 1362 1363 1364 1365 1366 1367 1368 1369 1370 1371 1372 1373 1374 1375 1376 1377 1378 1379 1380 1381 1382 1383 1384 1385 1386 1387 1388 1389 1390 1391 1392 1393 1394 1395 1396 1397 1398 1399 1400 1401 1402 1403 1404 1405 1406 1407 1408 1409 1410 1411 1412 1413 1414 1415 1416 1417 1418 1419 1420 1421 1422 1423 1424 1425 1426 1427 1428 1429 1430 1431 1432 1433 1434 1435 1436 1437 1438 1439 1440 1441 1442 1443 1444 1445 1446 1447 1448 1449 1450 1451 1452 1453 1454 1455 1456 1457 1458 1459 1460 1461 1462 1463 1464 1465 1466 1467 1468 1469 1470 1471 1472 1473 1474 1475 1476 1477 1478 1479 1480 1481 1482 1483 1484 1485 1486 1487 1488 1489 1490 1491 1492 1493 1494 1495 1496 1497 1498 1499 1500 1501 1502 1503 1504 1505 1506 1507 1508 1509 1510 1511 1512 1513 1514 1515 1516 1517 1518 1519 1520 1521 1522 1523 1524 1525 1526 1527 1528 1529 1530 1531 1532 1533 1534 1535 1536 1537 1538 1539 1540 1541 1542 1543 1544 1545 1546 1547 1548 1549 1550 1551 1552 1553 1554 1555 1556 1557 1558 1559 1560 1561 1562 1563 1564 1565 1566 1567 1568 1569 1570 1571 1572 1573 1574 1575 1576 1577 1578 1579 1580 1581 1582 1583 1584 1585 1586 1587 1588 1589 1590 1591 1592 1593 1594 1595 1596 1597 1598 1599 1600 1601 1602 1603 1604 1605 1606 1607 1608 1609 1610 1611 1612 1613 1614 1615 1616 1617 1618 1619 1620 1621 1622 1623 1624 1625 1626 1627 1628 1629 1630 1631 1632 1633 1634 1635 1636 1637 1638 1639 1640 1641 1642 1643 1644 1645 1646 1647 1648 1649 1650 1651 1652 1653 1654 1655 1656 1657 1658 1659 1660 1661 1662 1663 1664 1665 1666 1667 1668 1669 1670 1671 1672 1673 1674 1675 1676 1677 1678 1679 1680 1681 1682 1683 1684 1685 1686 1687 1688 1689 1690 1691 1692 1693 1694 1695 1696 1697 1698 1699 1700 1701 1702 1703 1704 1705 1706 1707 1708 1709 1710 1711 1712 1713 1714 1715 1716 1717 1718 1719 1720 1721 1722 1723 1724 1725 1726 1727 1728 1729 1730 1731 1732 1733 1734 1735 1736 1737 1738 1739 1740 1741 1742 1743 1744 1745 1746 1747 1748 1749 1750 1751 1752 1753 1754 1755 1756 1757 1758 1759 1760 1761 1762 1763 1764 1765 1766 1767 1768 1769 1770 1771 1772 1773 1774 1775 1776 1777 1778 1779 1780 1781 1782 1783 1784 1785 1786 1787 1788 1789 1790 1791 1792 1793 1794 1795 1796 1797 1798 1799 1800 1801 1802 1803 1804 1805 1806 1807 1808 1809 1810 1811 1812 1813 1814 1815 1816 1817 1818 1819 1820 1821 1822 1823 1824 1825 1826 1827 1828 1829 1830 1831 1832 1833 1834 1835 1836 1837 1838 1839 1840 1841 1842 1843 1844 1845 1846 1847 1848 1849 1850 1851 1852 1853 1854 1855 1856 1857 1858 1859 1860 1861 1862 1863 1864 1865 1866 1867 1868 1869 1870 1871 1872 1873 1874 1875 1876 1877 1878 1879 1880 1881 1882 1883 1884 1885 1886 1887 1888 1889 1890 1891 1892 1893 1894 1895 1896 1897 1898 1899 1900 1901 1902 1903 1904 1905 1906 1907 1908 1909 1910 1911 1912 1913 1914 1915 1916 1917 1918 1919 1920 1921 1922 1923 1924 1925 1926 1927 1928 1929 1930 1931 1932 1933 1934 1935 1936 1937 1938 1939 1940 1941 1942 1943 1944 1945 1946 1947 1948 1949 1950 1951 1952 1953 1954 1955 1956 1957 1958 1959 1960 1961 1962 1963 1964 1965 1966 1967 1968 1969 1970 1971 1972 1973 1974 1975 1976 1977 1978 1979 1980 1981 1982 1983 1984 1985 1986 1987 1988 1989 1990 1991 1992 1993 1994 1995 1996 1997 1998 1999 2000 2001 2002 2003 2004 2005 2006 2007 2008 2009 2010 2011 2012 2013 2014 2015 2016 2017 2018 2019 2020 2021 2022 2023 2024 2025 2026 2027 2028 2029 2030 2031 2032 2033 2034 2035 2036 2037 2038 2039 2040 2041 2042 2043 2044 2045 2046 2047 2048 2049 2050 2051 2052 2053 2054 2055 2056 2057 2058 2059 2060 2061 2062 2063 2064 2065 2066 2067 2068 2069 2070 2071 2072 2073 2074 2075 2076 2077 2078 2079 2080 2081 2082 2083 2084 2085 2086 2087 2088 2089 2090 2091 2092 2093 2094 2095 2096 2097 2098 2099 2100 2101 2102 2103 2104 2105 2106 2107 2108 2109 2110 2111 2112 2113 2114 2115 2116 2117 2118 2119 2120 2121 2122 2123 2124 2125 2126 2127 2128 2129 2130 2131 2132 2133 2134 2135 2136 2137 2138 2139 2140 2141 2142 2143 2144 2145 2146 2147 2148 2149 2150 2151 2152 2153 2154 2155 2156 2157 2158 2159 2160 2161 2162 2163 2164 2165 2166 2167 2168 2169 2170 2171 2172 2173 2174 2175 2176 2177 2178 2179 2180 2181 2182 2183 2184 2185 2186 2187 2188 2189 2190 2191 2192 2193 2194 2195 2196 2197 2198 2199 2200 2201 2202 2203 2204 2205 2206 2207 2208 2209 2210 2211 2212 2213 2214 2215 2216 2217 2218 2219 2220 2221 2222 2223 2224 2225 2226 2227 2228 2229 2230 2231 2232 2233 2234 2235 2236 2237 2238 2239 2240 2241 2242 2243 2244 2245 2246 2247 2248 2249 2250 2251 2252 2253 2254 2255 2256 2257 2258 2259 2260 2261 2262 2263 2264 2265 2266 2267 2268 2269 2270 2271 2272 2273 2274 2275 2276 2277 2278 2279 2280 2281 2282 2283 2284 2285 2286 2287 2288 2289 2290 2291 2292 2293 2294 2295 2296 2297 2298 2299 2300 2301 2302 2303 2304 2305 2306 2307 2308 2309 2310 2311 2312 2313 2314 2315 2316 2317 2318 2319 2320 2321 2322 2323 2324 2325 2326 2327 2328 2329 2330 2331 4417 2332 2333 2334 2335 2336 2337 2338 2339 2340 2341 2342 2343 2344 2345 2346 2347 2348 2349 2350 2351 2352 2353 2354 2355 2356 2357 2358 2359 2360 2361 2362 2363 2364 2365 2366 2367 2368 2369 2370 2371 2372 2373 2374 2375 2376 2377 2378 2379 2380 2381 2382 2383 2384 2385 2386 2387 2388 2389 2390 2391 2392 2393 2394 2395 2396 2397 2398 2399 2400 2401 2402 2403 2404 2405 2406 2407 2408 2409 2410 2411 2412 2413 2414 2415 2416 2417 2418 2419 2420 2421 2422 2423 2424 2425 2426 2427 2428 2429 2430 2431 2432 2433 2434 2435 2436 2437 2438 2439 2440 2441 2442 2443 2444 2445 2446 2447 2448 2449 2450 2451 2452 2453 2454 2455 2456 2457 2458 2459 2460 2461 2462 2463 2464 2465 2466 2467 2468 2469 2470 2471 2472 2473 2474 2475 2476 2477 2478 2479 2480 2481 2482 2483 2484 2485 2486 2487 2488 2489 2490 2491 2492 2494 2495 2496 2497 2498 2499 2500 2501 2502 2503 2504 2505 2506 2507 2508 2509 2510 2511 2512 2513 2514 2515 2516 2517 2518 2519 2520 2521 2522 2523 2524 2525 2526 2527 2528 2529 2530 2531 2532 2533 2534 2535 2536 2537 2538 2539 2540 2541 2542 2543 2544 2545 2546 2547 2548 2549 2550 2551 2552 2553 2554 2555 2556 2557 2558 2559 2560 2561 2562 2563 2564 2565 2566 2567 2568 2569 2570 2571 2572 2573 2574 2575 2576 2577 2578 2579 2580 2581 2582 2583 2584 2585 2586 2587 2588 2589 2590 2591 2592 2593 2594 2595 2596 2597 2598 2599 2600 2601 2602 2603 2604 2605 2606 2607 2608 2609 2610 2611 2612 2613 2614 2615 2616 2617 2618 2619 2620 2621 2622 2623 2624 2625 2626 2627 2628 2629 2630 2631 2632 2633 2634 2635 2636 2637 2638 2639 2640 2641 2642 2643 2644 2645 2646 2647 2648 2649 2650 2651 2652 2653 2654 2655 2656 2657 2658 2659 2660 2661 2662 2663 2664 2665 2666 2667 2668 2669 2670 2671 2672 2673 2674 2675 2676 2677 2678 2679 2680 2681 2682 2683 2684 2685 2686 2687 2688 2689 2690 2691 2692 2693 2694 2695 2696 2697 2698 2699 2700 2701 2702 2703 2704 2705 2706 2707 2708 2709 2710 2711 2712 2713 2714 2715 2716 2717 2718 2719 2720 2721 2722 2723 2724 2725 2726 2727 2728 2729 2730 2731 2732 2733 2734 2735 2736 2737 2738 2739 2740 2741 2742 2743 2744 2745 2746 2747 2748 2749 2750 2751 2752 2753 2754 2755 2756 2757 2758 2759 2760 2761 2762 2763 2764 2765 2766 2767 2768 2769 2770 2771 2772 2773 2774 2775 2776 2777 2778 2779 2780 2781 2782 2783 2784 2785 2786 2787 2788 2789 2790 2791 2792 2793 2794 2795 2796 2797 2798 2799 2800 2801 2802 2803 2804 2805 2806 2807 2808 2809 2810 2811 2812 2813 2814 2815 2816 2817 2818 2819 2820 2821 2822 2823 2824 2825 2826 2827 2828 2829 2830 2831 2832 2833 2835 2836 2837 2838 2839 2840 2841 2842 2843 2844 2845 2846 2847 2848 2849 2850 2851 2852 2853 2854 2855 2856 2857 2858 2859 2860 2861 2862 2863 2864 2865 2866 2867 2868 2869 2870 2871 2872 2873 2874 2875 2876 2877 2878 2879 2880 2881 2882 2883 2884 2885 2886 2887 2888 2889 2890 2891 2892 2893 2894 2895 2896 2897 2898 2899 2900 2901 2902 2903 2904 2905 2906 2907 2908 2909 2910 2911 2912 2913 2914 2915 2916 2917 2918 2919 2920 2921 2922 2923 2924 2925 2926 2927 2928 2929 2930 2931 2932 2933 2934 2935 2936 2937 2938 2939 2940 2941 2942 2943 2944 2945 2946 2947 2948 2949 2950 2951 2952 2953 2954 2955 2956 2957 2958 2959 2960 2961 2962 2963 2964 2965 2966 2967 2968 2969 2970 2971 2972 2973 2974 2975 2976 2977 2978 2979 2980 2981 2982 2984 2985 2986 2987 2988 2989 2990 2991 2992 2993 2994 2995 2996 2997 2998 2999 3000 3001 3002 3003 3004 3005 3006 3007 3008 3009 3010 3011 3012 3013 3014 3015 3016 3017 3018 3019 3020 3021 3022 3023 3024 3025 3026 3027 3028 3029 3030 3031 3032 3033 3034 3035 3036 3037 3038 3039 3040 3041 3042 3043 3044 3045 3046 3047 3048 3049 3050 3051 3052 3053 3054 3055 3056 3057 3058 3059 3060 3061 3062 3063 3064 3065 3066 3067 3068 3069 3070 3071 3072 3073 3074 3075 3076 3077 3078 3079 3080 3081 3082 3083 3084 3085 3086 3087 3088 3089 3090 3091 3092 3093 3094 3095 3096 3097 3098 3099 3100 3101 3102 3103 3104 3105 3106 3107 3108 3109 3110 3111 3113 3114 3115 3116 3117 3118 3119 3120 3121 3122 3123 3124 3125 3126 3127 3128 3129 3130 3131 3132 3133 3134 3135 3136 3137 3138 3139 3140 3141 3142 3143 3144 3145 3146 3147 3148 3149 3150 3151 3152 3153 3154 3155 3156 3157 3158 3159 3160 3161 3162 3163 3164 3165 3166 3167 3168 3169 3170 3171 3172 3173 3174 3175 3176 3177 3178 3179 3180 3181 3182 3183 3184 3185 3186 3187 3188 3189 3190 3191 3192 3193 3194 3195 4424 3196 3197 3198 3199 3200 3201 3202 3203 3204 3205 3206 3207 3208 3209 3210 3211 3212 3213 3214 3215 3216 3217 3218 3219 3220 3221 3222 3223 3224 3225 3226 3227 3228 3229 3230 3231 3232 3233 3234 3235 3236 3237 3238 3239 3240 3241 3242 3243 3244 3245 3246 3247 3248 3249 3250 3251 3252 3253 3254 3255 3256 3257 3258 3259 3260 3261 3262 3263 3264 3265 3266 3267 3268 3269 3270 3271 3272 3273 3274 3275 3276 3277 3278 3279 3280 3281 3282 3283 3284 3285 3286 3287 3288 3289 3290 3291 3292 3293 3294 3295 3296 3297 3298 3299 3300 3301 3302 3303 3304 3305 3306 3307 3308 3309 3310 3311 3312 3313 3314 3315 3316 3317 3318 3319 3320 3321 3322 3323 3324 3325 3326 3327 3328 3329 3330 3331 3332 3333 3334 3335 3336 3337 3338 3339 3340 3341 3342 3343 3344 3345 3346 3347 3348 3349 3350 3351 3352 3353 3354 3355 3356 3357 3358 3359 3360 3361 3362 3363 3364 3365 3366 3367 3368 3369 3370 3371 3372 3373 3374 3375 3376 3377 3378 3379 3380 3381 3382 3383 4432 3384 3385 3386 3387 3388 3389 3390 3391 3392 3393 3394 3395 3396 3397 3398 3399 3400 3401 3402 3403 3404 3405 3406 3407 3408 3409 3410 3411 3412 3413 3414 3415 3416 3417 3418 3419 3420 3421 3422 3423 3424 3425 3426 3427 3428 3429 3430 3431 3432 3433 3434 3435 3436 3437 3438 3439 3440 3441 3442 3443 3444 3445 3446 3447 3448 3449 3450 3451 3452 3453 3454 3455 3456 3457 3458 3459 3460 3461 3462 3463 3464 3465 3466 3467 3468 3469 3470 3471 3472 3473 3474 3475 3476 3477 3478 3479 3480 3481 3482 3483 3484 3485 3486 3487 3488 3489 3490 3491 3492 3493 3494 3495 3496 3497 3498 3499 3500 3501 3502 3503 3504 3505 3506 3507 3508 3509 3510 3511 3512 3513 3514 3515 3516 3517 3518 3519 3520 3521 3522 3523 3524 3525 3526 3527 3528 3529 3530 3531 3532 3533 3534 3535 3536 3537 3538 3539 3540 3541 3542 3543 3544 3545 3546 3547 3548 3549 3550 3551 3552 3553 3554 3555 3556 3557 3558 3559 3560 3561 3562 3563 3564 3565 3566 3567 3568 3569 3570 3571 3572 3573 3574 3575 3576 3577 3578 3579 3580 3581 3582 3583 3584 3585 3586 3587 3588 3589 3590 3591 3592 3593 3594 3595 3596 3597 3598 3599 3600 3601 3602 3603 3604 3605 3606 3607 3608 3609 3610 3611 3612 3613 3614 3615 3616 3617 3618 3619 3620 3621 3622 3623 3624 3625 3626 3627 3628 3629 3630 3631 3632 3633 3634 3635 3636 3637 3638 3639 3640 3641 3642 3643 3644 3645 3646 3647 3648 3649 3650 3651 3652 3653 3654 3655 3656 3657 3658 3659 3660 3661 3662 3663 3664 3665 3666 3667 3668 3669 3670 3671 3672 3673 3674 3675 3676 3677 3678 3679 3680 3681 3682 3683 3684 3685 3686 3687 3688 3689 3690 3691 3692 3693 3694 3695 3696 3697 3698 3699 3700 3701 3702 3703 3704 3705 3706 3707 3708 3709 3710 3711 3712 3713 3714 3715 3716 3717 3718 3719 3720 3721 3722 3723 3724 3725 3726 3727 3728 3729 3730 3731 3732 3733 3734 3735 3736 3737 3738 3739 3740 3741 3742 3743 3744 3745 3746 3747 3748 3749 3750 3751 3752 3753 3754 3755 3756 3757 3758 3759 3760 3761 3762 3763 3764 3765 3766 3767 3768 3769 3770 3771 3772 3773 3774 3775 3776 3777 3778 3779 3780 3781 3782 3783 3784 3785 3786 3787 3788 3789 3790 3791 3792 3793 3794 3795 3796 3797 3798 3799 3800 3801 3802 3803 3804 3805 3806 3807 3808 3809 3810 3811 3812 3813 3814 3815 3816 3817 3818 3819 3820 3821 3822 3823 3824 3825 3826 3827 3828 3829 3830 3831 3832 3833 3834 3835 3836 3837 3838 3839 3840 3841 3842 3843 3844 3845 3846 3847 3848 3849 3850 3851 3852 3853 3854 3855 3856 3857 3858 3859 3860 3861 3862 3863 3864 3865 3866 3867 3868 3869 3870 3871 3872 3873 3874 3875 3876 3877 3878 3879 3880 3881 3882 3883 3884 3885 3886 3887 3888 3889 3890 3891 3892 3893 3894 3895 3896 3897 3898 3899 3900 3901 3902 3903 3904 3905 3906 3907 3908 3909 3910 3911 3912 3913 3914 3915 3916 3917 3918 3919 3920 3921 3922 3923 3924 3925 3926 3927 3928 3929 3930 3931 3932 3933 3934 3935 3936 3937 3938 3939 3940 3941 3942 3943 3944 3945 3946 3947 3948 3949 3950 3951 3952 3953 3954 3955 3956 3957 3958 3959 3960 3961 3962 3963 3964 3965 3966 3967 3968 3969 3970 3971 3972 3973 3974 3975 3976 3977 3978 3979 3980 3981 3982 3983 3984 3985 3986 3987 3988 3989 3990 3991 3992 3993 3994 3995 3996 3997 3998 3999 4000 4001 4002 4003 4004 4005 4006 4007 4008 4009 4010 4011 4012 4013 4014 4015 4016 4017 4018 4019 4020 4021 4022 4023 4024 4025 4026 4027 4028 4029 4030 4031 4032 4033 4034 4035 4036 4037 4038 4039 4040 4041 4042 4043 4044 4045 4046 4047 4048 4049 4050 4051 4052 4053 4054 4055 4056 4057 4058 4059 4060 4061 4062 4063 4064 4065 4066 4067 4068 4069 4070 4071 4072 4073 4074 4075 4076 4077 4078 4079 4080 4081 4082 4083 4084 4085 4086 4087 4088 4089 4090 4091 4092 4093 4094 4095 4096 4097 4098 4099 4100 4101 4102 4103 4104 4105 4106 4107 4108 4109 4110 4111 4112 4113 4114 4115 4116 4117 4118 4119 4120 4121 4122 4123 4124 4125 4126 4127 4128 4129 4130 4131 4132 4133 4134 4135 4136 4137 4138 4139 4140 4141 4142 4143 4144 4145 4146 4147 4148 4149 4150 4151 4152 4153 4154 4155 4156 4157 4158 4159 4160 4161 4162 4163 4164 4165 4166 4167 4168 4169 4170 4171 4172 4173 4174 4175 4176 4177 4178 4179 4180 4181 4182 4183 4184 4185 4186 4187 4188 4189 4190 4191 4192 4193 4194 4195 4196 4197 4198 4199 4200 4201 4202 4203 4204 4205 4206 4207 4208 4209 4210 4211 4212 4213 4214 4215 4216 4217 4218 4219 4220 4419 4221 4222 4223 4224 4225 4226 4227 4228 4229 4230 4420 4231 4232 4233 4234 4235 4236 4237 4238 4239 4240 4241 4242 4243 4244 4245 4246 4247 4248 4249 4250 4251 4252 4253 4254 4255 4256 4257 4258 4259 4260 4261 4262 4263 4264 4265 4266 4267 4268 4269 4270 4271 4272 4273 4274 4275 4276 4277 4278 4279 4280 4281 4282 4283 4284 4285 4286 4287 4288 4289 4290 4291 4292 4293 4294 4295 4296 4297 4298 4299 4300 4301 4302 4303 4304 4305 4306 4307 4308 4309 4310 4311 4312 4313 4314 4315 4316 4317 4318 4319 4320 4321 4322 4323 4324 4325 4326 4327 4328 4329 4330 4331 4332 4333 4334 4335 4336 4337 4338 4339 4340 4341 4342 4343 4344 4345 4346 4347 4348 4349 4350 4351 4352 4353 4354 4355 4356 4357 4358 4359 4360 4361 4362 4363 4364 4365 4366 4367 4368 4369 4370 4371 4372 4373 4374 4375 4376 4377 4378 4379 4380 4381 4382 4383 4384 4385 4386 4387 4388 4389 4390 4391 4392 4393 4394 4395 4396 4397 4398 4399 4400 4401 4402 4403 4404 4405 4406 4407 4408 4409 4410 4411 4412 4413
p1:5 A 0 1 2 3 4 5 6 7 8 9 10 11 12 13 14 15 16 17 18 19 20 21 22 23 24 25 26 27 28 29 30 31 32 33 34 35 36 37 38 39 40 41 42 43 44 45 46 47 48 49 50 51 52 53 54 55 56 57 58 59 60 61 62 63 64 65 66 67 68 69 70 71 72 73 74 75 76 77 78 79 80 81 82 83 84 85 86 87 88 89 90 91 92 93 94 95 96 97 98 99 100 101 102 103 104 105 106 107 108 109 110 111 112 113 114 115 116 117 118 119 120 121 122 123 124 125 126 127 128 129 130 131 132 133 134 135 136 137 138 139 140 141 142 143 144 145 146 147 148 149 150 151 152 153 154 155 156 157 158 159 160 161 162 163 164 165 166 167 168 169 170 171 172 173 174 175 176 177 178 179 180 181 182 183 184 185 186 187 188 189 190 191 192 193 194 195 196 197 198 199 200 201 202 203 204 205 206 207 208 209 210 211 212 213 214 215 216 217 218 219 220 221 222 223 224 225 226 227 228 229 230 231 232 233 234 235 236 237 238 239 240 241 242 243 244 245 246 247 248 249 250 251 252 253 254 255 256 257 258 259 260 261 262 263 264 265 266 267 268 269 270 271 272 273 274 275 276 277 278 279 280 281 282 283 284 285 286 287 288 289 290 291 292 293 294 295 296 297 298 299 300 301 302 303 304 305 306 307 308 309 310 311 312 313 314 315 316 317 318 319 320 321 322 323 324 325 326 327 328 329 330 331 332 333 334 335 336 337 338 339 340 341 342 343 344 345 346 347 348 349 350 351 352 353 354 355 356 357 358 359 360 361 362 363 364 365 366 367 368 369 370 371 372 373 374 375 376 377 378 379 380 381 382 383 384 385 386 387 388 389 390 391 392 393 394 395 396 397 398 399 400 401 402 403 404 405 406 407 408 409 410 411 412 413 414 415 416 417 418 419 420 421 422 423 424 425 426 427 428 429 430 431 432 433 434 435 436 437 438 439 440 441 442 443 444 445 446 447 448 449 450 451 452 453 454 455 456 457 458 459 460 461 462 463 464 465 466 467 468 469 470 471 472 473 474 475 476 477 478 479 480 481 482 483 484 485 486 487 488 489 490 491 492 493 494 495 496 497 498 499 500 501 502 503 504 505 506 507 508 509 510 511 512 513 514 515 516 517 518 519 520 521 522 523 524 525 526 527 528 529 530 531 532 533 534 535 536 537 538 539 540 541 542 543 544 545 546 547 548 549 550 551 552 553 554 555 556 557 558 559 560 561 562 563 564 565 566 567 568 569 570 571 572 573 574 575 576 577 578 579 580 581 582 583 584 585 586 587 588 589 590 591 592 593 594 595 596 597 598 599 600 601 602 603 604 605 606 607 608 609 610 611 612 613 614 615 616 617 618 619 620 621 622 623 624 625 626 627 628 629 630 631 632 633 634 635 636 637 638 639 640 641 642 643 644 645 646 647 648 649 650 651 652 653 654 655 656 657 658 659 660 661 662 663 664 665 666 667 668 669 670 671 672 673 674 675 676 677 678 679 680 681 682 683 684 685 686 687 688 689 690 691 692 693 694 695 696 697 698 699 700 701 702 703 704 705 706 707 708 709 710 711 712 713 714 715 716 717 718 719 720 721 722 723 724 725 726 727 728 729 730 731 732 733 734 735 736 737 738 739 740 741 742 743 744 745 746 747 748 749 750 751 752 753 754 755 756 757 758 759 760 761 762 763 764 765 766 767 768 769 770 771 772 773 774 775 776 777 778 779 780 781 782 783 784 785 786 787 788 789 790 791 792 793 794 795 796 797 798 799 800 801 802 803 804 805 806 807 808 809 810 811 812 813 814 815 816 817 818 819 820 821 822 823 824 825 826 827 828 829 830 831 832 833 834 835 836 837 838 839 840 841 842 843 844 845 846 847 848 849 850 851 852 853 854 855 856 857 858 859 860 861 862 863 864 865 866 867 868 869 870 871 872 873 874 875 876 877 878 879 880 881 882 883 884 885 886 887 888 889 890 891 892 893 894 895 896 897 898 899 900 901 902 903 904 905 906 907 908 909 910 911 912 913 914 915 916 917 918 919 920 921 922 923 924 925 926 927 928 929 930 931 932 933 934 935 936 937 938 939 940 941 942 943 944 945 946 947 948 949 950 951 952 953 954 955 956 957 958 959 960 961 962 963 964 965 966 967 968 969 970 971 972 973 974 975 976 977 978 979 980 981 982 983 984 985 986 987 988 989 990 991 992 993 994 995 996 997 998 999 1000 1001 1002 1003 1004 1005 1006 1007 1008 1009 1010 1011 1012 1013 1014 1015 1016 1017 1018 1019 1020 1021 1022 1023 1024 1025 1026 1027 1028 1029 1030 1031 1032 1033 1034 1035 1036 1037 1038 1039 1040 1041 1042 1043 1044 1045 1046 1047 1048 1049 1050 1051 1052 1053 1054 1055 1056 1057 1058 1059 1060 1061 1062 1063 1064 1065 1066 1067 1068 1069 1070 1071 1072 1073 1074 1075 1076 1077 1078 1079 1080 1081 1082 1083 1084 1085 1086 1087 1088 1089 1090 1091 1092 1093 1094 1095 1096 1097 1098 1099 1100 1101 1102 1103 1104 1105 1106 1107 1108 1109 1110 1111 1112 1113 1114 1115 1116 1117 1118 1119 1120 1121 1122 1123 1124 1125 1126 1127 1128 1129 1130 1131 1132 1133 1134 1135 1136 1137 1138 1139 1140 1141 1142 1143 1144 1145 1146 1147 1148 1149 1150 1151 1152 1153 1154 1155 1156 1157 1158 1159 1160 1161 1162 1163 1164 1165 1166 1167 1168 1169 1170 1171 1172 1173 1174 1175 1176 1177 1178 1179 1180 1181 1182 1183 1184 1185 1186 1187 1188 1189 1190 1191 1192 1193 1194 1195 1196 1197 1198 1199 1200 1201 1202 1203 1204 1205 1206 1207 1208 1209 1210 1211 1212 1213 1214 1215 1216 1217 1218 1219 1220 1221 1222 1223 1224 1225 1226 1227 1228 1229 1230 1231 1232 1233 1234 1235 1236 1237 1238 1239 1240 1241 1242 1243 1244 1245 1246 1247 1248 1249 1250 1251 1252 1253 1254 1255 1256 1257 1258 1259 1260 1261 1262 1263 1264 1265 1266 1267 1268 1269 1270 1271 1272 1273 1274 1275 1276 1277 1278 1279 1280 1281 1282 1283 1284 1285 1286 1287 1288 1289 1290 1291 1292 1293 1294 1295 1296 1297 1298 1299 1300 1301 1302 1303 1304 1305 1306 1307 1308 1309 1310 1311 1312 1313 1314 1315 1316 1317 1318 1319 1320 1321 1322 1323 1324 1325 1326 1327 1328 1329 1330 1331 1332 1333 1334 1335 1336 1337 1338 1339 1340 1341 1342 1343 1344 1345 1346 1347 1348 1349 1350 1351 1352 1353 1354 1355 1356 1357 1358 1359 1360 1361 1362 1363 1364 1365 1366 1367 1368 1369 1370 1371 1372 1373 1374 1375 1376 1377 1378 1379 1380 1381 1382 1383 1384 1385 1386 1387 1388 1389 1390 1391 1392 1393 1394 1395 1396 1397 1398 1399 1400 1401 1402 1403 1404 1405 1406 1407 1408 1409 1410 1411 1412 1413 1414 1415 1416 1417 1418 1419 1420 1421 1422 1423 1424 1425 1426 1427 1428 1429 1430 1431 1432 1433 1434 1435 1436 1437 1438 1439 1440 1441 1442 1443 1444 1445 1446 1447 1448 1449 1450 1451 1452 1453 1454 1455 1456 1457 1458 1459 1460 1461 1462 1463 1464 1465 1466 1467 1468 1469 1470 1471 1472 1473 1474 1475 1476 1477 1478 1479 1480 1481 1482 1483 1484 1485 1486 1487 1488 1489 1490 1491 1492 1493 1494 1495 1496 1497 1498 1499 1500 1501 1502 1503 1504 1505 1506 1507 1508 1509 1510 1511 1512 1513 1514 1515 1516 1517 1518 1519 1520 1521 1522 1523 1524 1525 1526 1527 1528 1529 1530 1531 1532 1533 1534 1535 1536 1537 1538 1539 1540 1541 1542 1543 1544 1545 1546 1547 1548 1549 1550 1551 1552 1553 1554 1555 1556 1557 1558 1559 1560 1561 1562 1563 1564 1565 1566 1567 1568 1569 1570 1571 1572 1573 1574 1575 1576 1577 1578 1579 1580 1581 1582 1583 1584 1585 1586 1587 1588 1589 1590 1591 1592 1593 1594 1595 1596 1597 1598 1599 1600 1601 1602 1603 1604 1605 1606 1607 1608 1610 1611 1612 1613 1614 1615 1616 1617 1618 1619 1620 1621 1622 1623 1624 1625 1626 1627 1628 1629 1630 1631 1632 1633 1634 1635 1636 1637 1638 1639 1640 1641 1642 1643 1644 1645 1646 1647 1648 1649 1650 1651 1652 1653 1654 1655 1656 1657 1658 1659 1660 1661 1662 1663 1664 1665 1666 1667 1668 1669 1670 1671 1672 1673 1674 1675 1676 1677 1678 1679 1680 1681 1682 1683 1684 1685 1686 1687 1688 1689 1690 1691 1692 1693 1694 1695 1696 1697 1698 1699 1700 1701 1702 1703 1704 1705 1706 1707 1708 1709 1710 1711 1712 1713 1714 1715 1716 1717 1718 1719 1720 1721 1722 1723 1724 1725 1726 1727 1728 1729 1730 1731 1732 1733 1734 1735 1736 1737 1738 1739 1740 1741 1742 1743 1744 1745 1746 1747 1748 1749 1750 1751 1752 1753 1754 1755 1756 1757 1758 1759 1760 1761 1762 1763 1764 1765 1766 1767 1768 1769 1770 1771 1772 1773 1774 1775 1776 1777 1778 1779 1780 1781 1782 1783 1784 1785 1786 1787 1788 1789 1790 1791 1792 1793 1794 1795 1796 1797 1798 1799 1800 1801 1802 1803 1804 1805 1806 1807 1808 1809 1810 1811 1812 1813 1814 1815 1816 1817 1818 1819 1820 1821 1822 1823 1824 1825 1826 1827 1828 1829 1830 1831 1832 1833 1834 1835 1836 1837 1838 1839 1840 1841 1842 1843 1844 1845 1846 1847 1848 1849 1850 1851 1852 1853 1855 1856 1857 1858 1859 1860 1861 1862 1863 1864 1865 1866 1867 1868 1869 1870 1871 1872 1873 1874 1875 1876 1877 1878 1879 1880 1881 1882 1883 1884 1885 1886 1887 1888 1889 1890 1891 1892 1893 1894 1895 1896 1897 1898 1899 1900 1901 1902 1903 1904 1905 1906 1907 1908 1909 1910 1911 1912 1913 1914 1915 1916 1917 1918 1919 1920 1921 1922 1923 1924 1925 1926 1927 1928 1929 1930 1931 1932 1933 1934 1935 1936 1937 1938 1939 1940 1941 1942 1943 1944 1945 1946 1947 1948 1949 1950 1951 1952 1953 1954 1955 1956 1957 1958 1959 1960 1961 1962 1963 1964 1965 1966 1967 1968 1969 1970 1971 1972 1973 1974 1975 1976 1977 1978 1979 1980 1981 1982 1983 1984 1985 1986 1987 1988 1989 1990 1991 1992 1993 1994 1995 1996 1997 1998 1999 2000 2001 2002 2003 2004 2005 2006 2007 2008 2009 2010 2011 2012 2013 2014 2015 2016 2017 2018 2019 2020 2021 2022 2023 2024 2025 2026 2027 2028 2029 2030 2031 2032 2033 2034 2035 2036 2037 2038 2039 2040 2041 2042 2043 2044 2045 2046 2047 2048 2049 2050 2051 2052 2053 2054 2055 2056 2057 2058 2059 2060 2061 2062 2063 2064 2065 2066 2067 2068 2069 2070 2071 2072 2073 2074 2075 2076 2077 2078 2079 2080 2081 2082 2083 2084 2085 2086 2087 2088 2089 2090 2091 2092 2093 2094 2095 2096 2097 2098 2099 2100 2101 2102 2103 2104 2105 2106 2107 2108 2109 2110 2111 2112 2113 2114 2115 2116 2117 2118 2119 2120 2121 2122 2123 2124 2125 2126 2127 2128 2129 2130 2131 2132 2133 2134 2135 2136 2137 2138 2139 2140 2141 2142 2143 2144 2145 2146 2147 2148 2149 2150 2151 2152 2153 2154 2155 2156 2157 2158 2159 2160 2161 2162 2163 2164 2165 2166 2167 2168 2169 2170 2171 2172 2173 2174 2175 2176 2177 2178 2179 2180 2181 2182 2183 2184 2185 2186 2187 2188 2189 2190 2191 2192 2193 2194 2195 2196 2197 2198 2199 2200 2201 2202 2203 2204 2205 2206 2207 2208 2209 2210 2211 2212 2213 2214 2215 2216 2217 2218 2219 2220 2221 2222 2223 2224 2225 2226 2227 2228 2229 2230 2231 2232 2233 2234 2235 2236 2237 2238 2239 2240 2241 2242 2243 2244 2245 2246 2247 2248 2249 2250 2251 2252 2253 2254 2255 2256 2257 2258 2259 2260 2261 2262 2263 2264 2265 2266 2267 2268 2269 2270 2271 2272 2273 2274 2275 2276 2277 2278 2279 2280 2281 2282 2283 2284 2285 2286 2287 2288 2289 2290 2291 2292 2293 2294 2295 2296 2297 2298 2299 2300 2301 2302 2303 2304 2305 2306 2307 2308 2309 2310 2311 2312 2313 2314 2315 2316 2317 2318 2319 2320 2321 2322 2323 2324 2325 2326 2327 2328 2329 2330 2331 2332 2333 2334 2335 2336 2337 2338 2339 2340 2341 2342 2343 2344 2345 2346 2347 2348 2349 2350 2351 2352 2353 2354 2355 2356 2357 2358 2359 2360 2361 2362 2363 2364 2365 2366 2367 2368 2369 2370 2371 2372 2373 2374 2375 2376 2377 2378 2379 2380 2381 2382 2383 2384 2385 2386 2387 2388 2389 2390 2391 2392 2393 2394 2395 2396 2397 2398 2399 2400 2401 2402 2403 2404 2405 2406 2407 2408 2409 2410 2411 2412 2413 2414 2415 2416 2417 2418 2419 2420 2421 2422 2423 2424 2425 2426 2427 2428 2429 2430 2431 2432 2433 4429 2434 2435 2436 2437 2438 2439 2440 2441 2442 2443 2444 2445 2446 2447 2448 2449 2450 2451 2452 2453 2454 2455 2456 2457 2458 2459 2460 2461 2462 2463 2464 2465 2466 2467 2468 2469 2470 2471 2472 2473 2474 2475 2476 2477 2478 2479 2480 2481 2482 2483 2484 2485 2486 2487 2488 2489 2490 2491 2492 2493 2494 2495 2496 2497 2498 2499 2500 2501 2502 2503 2504 2505 2506 2507 2508 2509 2510 2511 2512 2513 2514 2515 2516 2517 2518 2519 2520 2521 2522 2523 2524 2525 2526 2527 2528 2529 2530 2531 2532 2533 2534 2535 2536 2537 2538 2539 2540 2541 2542 2543 2544 2545 2546 2547 2548 2549 2550 2551 2552 2553 2554 2555 2556 2557 2558 2559 2560 2561 2562 2563 2564 2565 2566 2567 2568 2569 2570 2571 2572 2573 2574 2575 2576 2577 2578 2579 2580 2581 2582 2583 2584 2585 2586 2587 2588 2589 2590 2591 2592 2593 2594 2595 2596 2597 2598 2599 2600 2601 2602 2603 2604 2605 2606 2607 2608 2609 2610 2611 2612 2613 2614 2615 2616 2617 2618 2619 2620 2621 2622 2623 2624 2625 2626 2627 2628 2629 2630 2631 2632 2633 2634 2635 2636 2637 2638 2639 2640 2641 2642 2643 2644 2645 2646 2647 2648 2649 2650 2651 2652 2653 2654 2655 2656 2657 2658 2659 2660 2661 2662 2663 2664 2665 2666 2667 2668 2669 2670 2671 2672 2673 2674 2675 2676 2677 2678 2679 2680 2681 2682 2683 2684 2685 2686 2687 2688 2689 2690 2691 2692 2693 2694 2695 2696 2697 2698 2699 2700 2701 2702 2703 2704 2705 2706 2707 2708 2709 2710 2711 2712 2713 2714 2715 2716 2717 2718 2719 2720 2721 2722 2723 2724 2725 2726 2727 2728 2729 2730 2731 2732 2733 2734 2735 2736 2737 2738 2739 2740 2741 2742 2743 2744 2745 2746 2747 2748 2749 2750 2751 2752 2753 2754 2755 2756 2757 2758 2759 2760 2761 2762 2763 2764 2765 2766 2767 2768 2769 2770 2771 2772 2773 2774 2775 2776 2777 2778 2779 2780 2781 2782 2783 2784 2785 2786 2787 2788 2789 2790 2791 2792 2793 2794 2795 2796 2797 2798 2799 2800 2801 2802 2803 2804 2805 2806 2807 2808 2809 2810 2811 2812 2813 2814 2815 2816 2817 2818 2819 2820 2821 2822 2823 2824 2825 2826 2827 2828 2829 2830 2831 2832 2833 2835 2836 2837 2838 2839 2840 2841 2842 2843 2844 2845 2846 2847 2848 2849 2850 2851 2852 2853 2854 2855 2856 2857 2858 2859 2860 2861 2862 2863 2864 2865 2866 2867 2868 2869 2870 2871 2872 2873 2874 2875 2876 2877 2878 2879 2880 2881 2882 2883 2884 2885 2886 2887 2888 2889 2890 2891 2892 2893 2894 2895 2896 2897 2898 2899 2900 2901 2902 2903 2904 2905 2906 2907 2908 2909 2910 2911 2912 2913 2914 2915 2916 2917 2918 2919 2920 2921 2922 2923 2924 2925 2926 2927 2928 2929 2930 2931 2932 2933 2934 2935 2936 2937 2938 2939 2940 2941 2942 2943 2944 2945 2946 2947 2948 2949 2950 2951 2952 2953 2954 2955 2956 2957 2958 2959 2960 2961 2962 2963 2964 2965 2966 2967 2968 2969 2970 2971 2972 2973 2974 2975 2976 2977 2978 2979 2980 2981 2982 2984 2985 2986 2987 2988 2989 2990 2991 2992 2993 2994 2995 2996 2997 2998 2999 3000 3001 3002 3003 3004 3005 3006 3007 3008 3009 3010 3011 3012 3013 3014 3015 3016 3017 3018 3019 3020 3021 3022 3023 3024 3025 3026 3027 3028 3029 3030 3031 3032 3033 3034 3035 3036 3037 3038 3039 3040 3041 3042 3043 3044 3045 3046 3047 3048 3049 3050 3051 3052 3053 3054 3055 3056 3057 3058 3059 3060 3061 3062 3063 3064 3065 3066 3067 3068 3069 3070 3071 3072 3073 3074 3075 3076 3077 3078 3079 3080 3081 3082 3083 3084 3085 3086 3087 3088 3089 3090 3091 3092 3093 3094 3095 3096 3097 3098 3099 3100 3101 3102 3103 3104 3105 3106 3107 3108 3109 3110 3111 3112 3113 3114 3115 3116 3117 3118 3119 3120 3121 3122 3123 3124 3125 3126 3127 3128 3129 3130 3131 3132 3133 3134 3135 3136 3137 3138 3139 3140 3141 3142 3143 3144 3145 3146 3147 3148 3149 3150 3151 3152 3153 3154 3155 3156 3157 3158 3159 3160 3161 3162 3163 3164 3165 3166 3167 3168 3169 3170 3171 3172 3173 3174 3175 3176 3177 3178 3179 3180 3181 3182 3183 3184 3185 3186 3187 3188 3189 3190 3191 3192 3193 3194 3195 3196 3197 3198 3199 3200 3201 3202 3203 3204 3205 3206 3207 3208 3209 3210 3211 3212 3213 3214 3215 3216 3217 3218 3219 3220 3221 3222 3223 3224 3225 3226 3227 3228 3229 3230 3231 3232 3233 3234 3235 3236 3237 3238 3239 3240 3241 3242 3243 3244 3245 3246 3247 3248 3249 3250 3251 3252 3253 3254 3255 3256 3257 3258 3259 3260 3261 3262 3263 3264 3265 3266 3267 3268 3269 3270 3271 3272 3273 3274 3275 3276 3277 3278 3279 3280 3281 3282 3283 3284 3285 3286 3287 3288 3289 3290 3291 3292 3293 3294 3295 3296 3297 3298 3299 3300 3301 3302 3303 3304 3305 3306 3307 3308 3309 3310 3311 3312 3313 3314 3315 3316 3317 3318 3319 3320 3321 3322 3323 3324 3325 3326 3327 3328 3329 3330 3331 3332 3333 3334 3335 3336 3337 3338 3339 3340 3341 3342 3343 3344 3345 3346 3347 3348 3349 3350 3351 3352 3353 3354 3355 3356 3357 3358 3359 3360 3361 3362 3363 3364 3365 3366 3367 3368 3369 3370 3371 3372 3373 3374 3375 3376 3377 3378 3379 3380 3381 3382 3383 3384 3385 3386 3387 3388 3389 3390 3391 3392 3393 3394 3395 3396 3397 3398 3399 3400 3401 3402 3403 3404 3405 3406 3407 3408 3409 3410 3411 3412 3413 3414 3415 3416 3417 3418 3419 3420 3421 3422 3423 3424 3425 3426 3427 3428 3429 3430 3431 3432 3433 3434 3435 3436 3437 3438 3439 3440 3441 3442 3443 3444 3445 3446 3447 3448 3449 3450 3451 3452 3453 3454 3455 3456 3457 3458 3459 3460 3461 3462 3463 3464 3465 3466 3467 3468 3469 3470 3471 3472 3473 3474 3475 3476 3477 3478 3479 3480 3481 3482 3483 3484 3485 3486 3487 3488 3489 3490 3491 3492 3493 3494 3495 3496 3497 3498 3499 3500 3501 3502 3503 3504 3505 3506 3507 3508 3509 3510 3511 3512 3513 3514 3515 3516 3517 3518 3519 3520 3521 3522 3523 3524 3525 3526 3527 3528 3529 3530 3531 3532 3533 3534 3535 3536 3537 3538 3539 3540 3541 3542 3543 3544 3545 3546 3547 3548 3549 3550 3551 3552 3553 3554 3555 3556 3557 3558 3559 3560 3561 3562 3563 3564 3565 3566 3567 3568 3569 3570 3571 3572 3573 3574 3575 3576 3577 3578 3579 3580 3581 3582 3583 3584 3585 3586 3587 3588 3589 3590 3591 3592 3593 3594 3595 3596 3597 3598 3599 3600 3601 3602 3603 3604 3605 3606 3607 3608 3609 3610 3611 3612 3613 3614 3615 3616 3617 3618 3619 3620 3621 3622 3623 3624 3625 3626 3627 3628 3629 3630 3631 3632 3633 3634 3635 3636 3637 3638 3639 3640 3641 3642 3643 3644 3645 3646 3647 3648 3649 3650 3651 3652 3653 3654 3655 3656 3657 3658 3659 3660 3661 3662 3663 3664 3665 3666 3667 3668 3669 3670 3671 3672 3673 3674 3675 3676 3677 3678 3679 3680 3681 3682 3683 3684 3685 3686 3687 3688 3689 3690 3691 3692 3693 3694 3695 3696 3697 3698 3699 3700 3701 3702 3703 3704 3705 3706 3707 3708 3709 3710 3711 3712 3713 3714 3715 3716 3717 3718 3719 3720 3721 3722 3723 3724 3725 3726 3727 3728 3729 3730 3731 3732 3733 3734 3735 3736 3737 3738 3739 3740 3741 3742 3743 3744 3745 3746 3747 3748 3749 3750 3751 3752 3753 3754 3755 3756 3757 3758 3759 3760 3761 3762 3763 3764 3765 3766 3767 3768 3769 3770 3771 3772 3773 3774 3775 3776 3777 3778 3779 3780 3781 3782 3783 3784 3785 3786 3787 3788 3789 3790 3791 3792 3793 3794 3795 3796 3797 3798 3799 3800 3801 3802 3803 3804 3805 3806 3807 3808 3809 3810 3811 3812 3813 3814 3815 3816 3817 3818 3819 3820 3821 3822 3823 3824 3825 3826 3827 3828 3829 3830 3831 3832 3833 3834 3835 3836 3837 3838 3839 3840 3841 3842 3843 3844 3845 3846 3847 3848 3849 3850 3851 3852 3853 3854 3855 3856 3857 3858 3859 3860 3861 3862 3863 3864 3865 3866 3867 3868 3869 3870 3871 3872 3873 3874 3875 3876 3877 3878 3879 3880 3881 3882 3883 3884 3885 3886 3887 3888 3889 3890 3891 3892 3893 3894 3895 3896 3897 3898 3899 3900 3901 3902 3903 3904 3905 3906 3907 3908 3909 3910 3911 3912 3913 3914 3915 3916 3917 3918 3919 3920 3921 3922 3923 3924 3925 3926 3927 3928 3929 3930 3931 3932 3933 3934 3935 3936 3937 3938 3939 3940 3941 3942 3943 3944 3945 3946 3947 3948 3949 3950 3951 3952 3953 3954 3955 3956 3957 3958 3959 3960 3961 3962 3963 3964 3965 3966 3967 3968 3969 3970 3971 3972 3973 3974 3975 3976 3977 3978 3979 3980 3981 3982 3983 3984 3985 3986 3987 3988 3989 3990 3991 3992 3993 3994 3995 3996 3997 3998 3999 4000 4001 4002 4003 4004 4005 4006 4007 4008 4009 4010 4011 4012 4013 4014 4015 4016 4017 4018 4019 4020 4021 4022 4023 4024 4025 4026 4027 4028 4029 4030 4031 4032 4033 4034 4035 4036 4037 4038 4039 4433 4040 4041 4042 4043 4044 4045 4046 4047 4048 4049 4050 4051 4052 4053 4054 4055 4056 4057 4058 4059 4060 4061 4062 4063 4064 4065 4066 4067 4068 4069 4070 4071 4072 4073 4074 4075 4076 4077 4078 4079 4080 4081 4082 4083 4084 4085 4086 4087 4088 4089 4090 4091 4092 4093 4094 4095 4096 4097 4098 4099 4100 4101 4434 4102 4103 4104 4105 4106 4107 4108 4109 4110 4111 4112 4113 4114 4115 4116 4117 4118 4119 4120 4121 4122 4123 4124 4125 4126 4127 4128 4129 4130 4131 4132 4133 4134 4135 4136 4137 4138 4139 4140 4141 4142 4143 4144 4145 4146 4147 4148 4149 4150 4151 4152 4153 4154 4155 4156 4157 4158 4159 4160 4161 4162 4163 4164 4165 4166 4167 4168 4169 4170 4171 4172 4173 4174 4175 4176 4177 4178 4179 4180 4181 4182 4183 4184 4185 4186 4187 4188 4189 4190 4191 4192 4193 4194 4195 4196 4197 4198 4199 4200 4201 4202 4203 4204 4205 4206 4207 4208 4209 4210 4211 4212 4213 4214 4215 4216 4217 4218 4219 4220 4419 4221 4222 4223 4224 4225 4226 4227 4228 4229 4230 4420 4231 4232 4233 4234 4235 4236 4237 4238 4239 4240 4241 4242 4243 4244 4245 4246 4247 4248 4249 4250 4251 4252 4253 4254 4255 4256 4257 4258 4259 4260 4261 4262 4263 4264 4265 4266 4267 4268 4269 4270 4271 4272 4273 4274 4275 4276 4277 4278 4279 4280 4281 4282 4283 4284 4285 4286 4287 4288 4289 4290 4291 4292 4293 4294 4295 4296 4297 4298 4299 4300 4301 4302 4303 4304 4305 4306 4307 4308 4309 4310 4311 4312 4313 4314 4315 4316 4317 4318 4319 4320 4321 4322 4323 4324 4325 4326 4327 4328 4329 4330 4331 4332 4333 4334 4335 4336 4337 4338 4339 4340 4341 4342 4343 4344 4345 4346 4347 4348 4349 4350 4351 4352 4353 4354 4355 4356 4357 4358 4359 4360 4361 4362 4363 4364 4365 4366 4367 4368 4369 4370 4371 4372 4373 4374 4375 4376 4377 4378 4379 4380 4381 4382 4383 4384 4385 4386 4387 4388 4389 4390 4391 4392 4393 4394 4395 4396 4397 4398 4399 4400 4401 4402 4403 4404 4405 4406 4407 4408 4409 4410 4411 4412 4413
p1:6 A 0 1 2 3 4 5 6 7 8 9 10 11 12 13 14 15 16 17 18 19 20 21 4421 22 23 24 25 26 27 28 29 30 31 32 33 34 35 36 37 38 39 40 41 42 43 44 45 46 47 48 49 50 51 52 53 54 55 56 57 58 59 60 61 62 63 64 65 66 67 68 69 70 71 72 73 74 75 76 77 78 79 80 81 82 83 84 85 86 87 88 89 90 91 92 93 94 95 96 97 98 99 100 101 102 103 104 105 106 107 108 109 110 111 112 113 114 115 116 117 118 119 120 121 122 123 124 125 126 127 128 129 130 131 132 133 134 135 136 137 138 139 140 141 142 143 144 145 146 147 148 149 150 151 152 153 154 155 156 157 158 159 160 161 162 163 164 165 166 167 168 169 170 171 172 173 174 175 176 177 178 179 180 181 182 183 184 185 186 187 188 189 190 191 192 193 194 195 196 197 198 199 200 201 202 203 204 205 206 207 208 209 210 211 212 213 214 215 216 217 218 219 220 221 222 223 224 225 226 227 228 229 230 231 232 233 234 235 236 237 238 239 240 241 242 243 244 245 246 247 248 249 250 251 252 253 254 255 256 257 258 259 260 261 262 263 264 265 266 267 268 269 270 271 272 273 274 275 276 277 278 279 280 281 282 283 284 285 286 287 288 289 290 291 292 293 294 295 296 297 298 299 300 301 302 303 304 305 306 307 308 309 310 311 312 313 314 315 316 317 318 319 320 321 322 323 324 325 326 327 328 329 330 331 332 333 334 335 336 337 338 339 340 341 342 343 344 345 346 347 348 349 350 351 352 353 354 355 356 357 358 359 360 361 362 363 364 365 366 367 368 369 370 371 372 373 374 375 376 377 378 379 380 381 382 383 384 385 386 387 388 389 390 391 392 393 394 395 396 397 398 399 400 401 402 403 404 405 406 407 408 409 410 411 412 413 414 415 416 417 418 419 420 421 422 423 424 425 426 427 428 429 430 431 432 433 434 435 436 437 438 439 440 441 442 443 444 445 446 447 448 449 450 451 452 453 454 455 456 457 458 459 460 461 462 463 464 465 466 467 468 469 470 471 472 473 474 475 476 477 478 479 480 481 482 483 484 485 486 487 488 489 490 491 492 493 494 495 496 497 498 499 500 501 502 503 504 505 506 507 508 509 510 511 512 513 514 515 516 517 518 519 520 521 522 523 524 525 526 527 528 529 530 531 532 533 534 535 536 537 538 539 540 541 542 543 544 545 546 547 548 549 550 551 552 553 554 555 556 557 558 559 560 561 562 563 564 565 566 567 568 569 570 571 572 573 574 575 576 577 578 579 580 581 582 583 584 585 586 587 588 589 590 591 592 593 594 595 596 597 598 599 600 601 602 603 604 605 606 607 608 609 610 611 612 613 614 615 616 617 618 619 620 621 622 623 624 625 626 627 628 629 630 631 632 633 634 635 636 637 638 639 640 641 642 643 644 645 646 647 648 649 650 651 652 653 654 655 656 657 658 659 660 661 662 663 664 665 666 667 668 669 670 671 672 673 674 675 676 677 678 679 680 681 4422 682 683 684 685 686 687 688 689 690 691 692 693 694 695 696 697 698 699 700 701 702 703 704 705 706 707 708 709 710 711 712 713 714 715 716 717 718 719 720 721 722 723 724 725 726 727 728 729 730 731 732 733 734 735 736 737 738 739 740 741 742 743 744 745 746 747 748 749 750 751 752 753 754 755 756 757 758 759 760 761 762 763 764 765 766 767 4435 768 769 770 771 772 773 774 775 776 777 778 779 780 781 782 783 784 785 786 787 788 789 790 791 792 793 794 795 796 797 798 799 800 801 802 803 804 805 806 807 808 809 810 811 812 813 814 815 816 817 818 819 820 821 822 823 824 825 826 827 828 829 830 831 832 833 834 835 836 837 838 839 840 841 842 843 844 845 846 847 848 849 850 851 852 853 854 855 856 857 858 859 860 861 862 863 864 865 866 867 868 869 870 871 872 873 874 875 876 877 878 879 880 881 882 883 884 885 886 887 888 889 890 891 892 893 894 895 896 897 898 899 900 901 902 903 904 905 906 907 908 909 910 911 912 913 914 915 916 917 918 919 920 921 922 923 924 925 926 927 928 929 930 931 932 933 934 935 936 937 938 939 940 941 942 943 944 945 946 947 948 949 950 951 952 953 954 955 956 957 958 959 960 961 962 963 964 965 966 967 968 969 970 971 972 973 974 975 976 977 978 979 980 981 982 983 984 985 986 987 988 989 990 991 992 993 994 995 996 997 998 999 1000 1001 1002 1003 1004 1005 1006 1007 1008 1009 1010 1011 1012 1013 1014 1015 1016 1017 1018 1019 1020 1021 1022 1023 1024 1025 1026 1027 1028 1029 1030 1031 1032 1033 1034 1035 1036 1037 1038 1039 1040 1041 1042 1043 1044 1045 1046 1047 1048 1049 1050 1051 1052 1053 1054 1055 1056 1057 1058 1059 1060 1061 1062 1063 1064 1065 1066 1067 1068 1069 1070 1071 1072 1073 1074 1075 1076 1077 1078 1079 1080 1081 1082 1083 1084 1085 1086 1087 1088 1089 1090 1091 1092 1093 1094 1095 1096 1097 1098 1099 1100 1101 1102 1103 1104 1105 1106 1107 1108 1109 1110 1111 1112 1113 1114 1115 1116 1117 1118 1119 1120 1121 1122 1123 1124 1125 1126 1127 1128 1129 1130 1131 1132 1133 1134 1135 1136 1137 1138 1139 1140 1141 1142 1143 1144 1145 1146 1147 1148 1149 1150 1151 1152 1153 1154 1155 1156 1157 1158 1159 1160 1161 1162 1163 1164 1165 1166 1167 1168 1169 1170 1171 1172 1173 1174 1175 1176 1177 1178 1179 1180 1181 1182 1183 1184 1185 1186 1187 1188 1189 1190 1191 1192 1193 1194 1195 1196 1197 1198 1199 1200 1201 1202 1203 1204 1205 1206 1207 1208 1209 1210 1211 1212 1213 1214 1215 1216 1217 1218 1219 1220 1221 1222 1223 1224 1225 1226 1227 1228 1229 1230 1231 1232 1233 1234 1235 1236 1237 1238 1239 1240 1241 1242 1243 1244 1245 1246 1247 1248 1249 1250 1251 1252 1253 1254 1255 1256 1257 1258 1259 1260 1261 1262 1263 1264 1265 1266 1267 1268 1269 1270 1271 1272 1273 1274 1275 1276 1277 1278 1279 1280 1281 1282 1283 1284 1285 1286 1287 1288 1289 1290 1291 1292 1293 1294 1295 1296 1297 1298 1299 1300 1301 1302 1303 1304 1305 1306 1307 1308 1309 1310 1311 1312 1313 1314 1315 1316 1317 1318 1319 1320 1321 1322 1323 1324 1325 1326 1327 1328 1329 1330 1331 1332 1333 1334 1335 1336 1337 1338 1339 1340 1341 1342 1343 1344 1345 1346 1347 1348 1349 1350 1351 1352 1353 1354 1355 1356 1357 1358 1359 1360 1361 1362 1363 1364 1365 1366 1367 1368 1369 1370 1371 1372 1373 1374 1375 1376 1377 1378 1379 1380 1381 1382 1383 1384 1385 1386 1387 1388 1389 1390 1391 1392 1393 1394 1395 1396 1397 1398 1399 1400 1401 1402 1403 1404 1405 1406 1407 1408 1409 1410 1411 1412 1413 1414 1415 1416 1417 1418 1419 1420 1421 1422 1423 1424 1425 1426 1427 1428 1429 1430 1431 1432 1433 1434 1435 1436 1437 1438 1439 1440 1441 1442 1443 1444 1445 1446 1447 1448 1449 1450 1451 1452 1453 1454 1455 1456 1457 1458 1459 1460 1461 1462 1463 1464 1465 1466 1467 1468 1469 1470 1471 1472 1473 1474 1475 1476 1477 1478 1479 1480 1481 1482 1483 1484 1485 1486 1487 1488 1489 1490 1491 1492 1493 1494 1495 1496 1497 1498 1499 1500 1501 1502 1503 1504 1505 1506 1507 1508 1509 1510 1511 1512 1513 1514 1515 1516 1517 1518 1519 1520 1521 1522 1523 1524 1525 1526 1527 1528 1529 1530 1531 1532 1533 1534 1535 1536 1537 1538 1539 1540 1541 1542 1543 1544 1545 1546 1547 1548 1549 1550 1551 1552 1553 1554 1555 1556 1557 1558 1559 1560 1561 1562 1563 1564 1565 1566 1567 1568 1569 1570 1571 1572 1573 1574 1575 1576 1577 1578 1579 1580 1581 1582 1583 1584 1585 1586 1587 1588 1589 1590 1591 1592 1593 1594 1595 1596 1597 1598 1599 1600 1601 1602 1603 1604 1605 1606 1607 1608 1609 1610 1611 1612 1613 1614 1615 1616 1617 1618 1619 1620 1621 1622 1623 1624 1625 1626 1627 1628 1629 1630 1631 1632 1633 1634 1635 1636 1637 1638 1639 1640 1641 1642 1643 1644 1645 1646 1647 1648 1649 1650 1651 1652 1653 1654 1655 1656 1657 1658 1659 1660 1661 1662 1663 1664 1665 1666 1667 1668 1669 1670 1671 1672 1673 1674 1675 1676 1677 1678 1679 1680 1681 1682 1683 1684 1685 1686 1687 1688 1689 1690 1691 1692 1693 1694 1695 1696 1697 1698 1699 1700 1701 1702 1703 1704 1705 1706 1707 1708 1709 1710 1711 1712 1713 1714 1715 1716 1717 1718 1719 1720 1721 1722 1723 1724 1725 1726 1727 1728 1729 1730 1731 1732 1733 1734 1735 1736 1737 1738 1739 1740 1741 1742 1743 1744 1745 1746 1747 1748 1749 1750 1751 1752 1753 1754 1755 1756 1757 1758 1759 1760 1761 1762 1763 1764 1765 1766 1767 1768 1769 1770 1771 1772 1773 1774 1775 1776 1777 1778 1779 1780 1781 1782 1783 1784 1785 1786 1787 1788 1789 1790 1791 1792 1793 1794 1795 1796 1797 1798 1799 1800 1801 1802 1803 1804 1805 1806 1807 1808 1809 1810 1811 1812 1813 1814 1815 1816 1817 1818 1819 1820 1821 1822 1823 1824 1825 1826 1827 1828 1829 1830 1831 1832 1833 1834 1835 1836 1837 1838 1839 1840 1841 1842 1843 1844 1845 1846 1847 1848 1849 1850 1851 1852 1853 1854 1855 1856 1857 1858 1859 1860 1861 1862 1863 1864 1865 1866 1867 1868 1869 1870 1871 1872 1873 1874 1875 1876 1877 1878 1879 1880 1881 1882 1883 1884 1885 1886 1887 1888 1889 1890 1891 1892 1893 1894 1895 1896 1897 1898 1899 1900 1901 1902 1903 1904 1905 1906 1907 1908 1909 1910 1911 1912 1913 1914 1915 1916 1917 1918 1919 1920 1921 1922 1923 1924 1925 1926 1927 1928 1929 1930 1931 1932 1933 1934 1935 1936 1937 1938 1939 1940 1941 1942 1943 1944 1945 1946 1947 1948 1949 1950 1951 1952 1953 1954 1955 1956 1957 1958 1959 1960 1961 1962 1963 1964 1965 1966 1967 1968 1969 1970 1971 1972 1973 1974 1975 1976 1977 1978 1979 1980 1981 1982 1983 1984 1985 1986 1987 1988 1989 1990 1991 1992 1993 1994 1995 1996 1997 1998 1999 2000 2001 2002 2003 2004 2005 2006 2007 2008 2009 2010 2011 2012 2013 2014 2015 2016 2017 2018 2019 2020 2021 2022 2023 2024 2025 2026 2027 2028 2029 2030 2031 2032 2033 2034 2035 2036 2037 2038 2039 2040 2041 2042 2043 2044 2045 2046 2047 2048 2049 2050 2051 2052 2053 2054 2055 2056 2057 2058 2059 2060 2061 2062 2063 2064 2065 2066 2067 2068 2069 2070 2071 2072 2073 2074 2075 2076 2077 2078 2079 2080 2081 2082 2083 2084 2085 2086 2087 2088 2089 2090 2091 2092 2093 2094 2095 2096 2097 2098 2099 2100 2101 2102 2103 2104 2105 2106 2107 2108 2109 2110 2111 2112 2113 2114 2115 2116 2117 2118 2119 2120 2121 2122 2123 2124 2125 2126 2127 2128 2129 2130 2131 2132 2133 2134 2135 2136 2137 2138 2139 2140 2141 2142 2143 2144 2145 2146 2147 2148 2149 2150 2151 2152 2153 2154 2155 2156 2157 2158 2159 2160 2161 2162 2163 2164 2165 2166 2167 2168 2169 2170 2171 2172 2173 2174 2175 2176 2177 2178 2179 2180 2181 2182 2183 2184 2185 2186 2187 2188 2189 2190 2191 2192 2193 2194 2195 2196 2197 2198 2199 2200 2201 2202 2203 2204 2205 2206 2207 2208 2209 2210 2211 2212 2213 2214 2215 2216 2217 2218 2219 2220 2221 2222 2223 2224 2225 2226 2227 2228 2229 2230 2231 2232 2233 2234 2235 2236 2237 2238 2239 2240 2241 2242 2243 2244 2245 2246 2247 2248 2249 2250 2251 2252 2253 2254 2255 2256 2257 2258 2259 2260 2261 2262 2263 2264 2265 2266 2267 2268 2269 2270 2271 2272 2273 2274 2275 2276 2277 2278 2279 2280 2281 2282 2283 2284 2285 2286 2287 2288 2289 2290 2291 2292 2293 2294 2295 2296 2297 2298 2299 2300 2301 2302 2303 2304 2305 2306 2307 2308 2309 2310 2311 2312 2313 2314 2315 2316 2317 2318 2319 2320 2321 2322 2323 2324 2325 2326 2327 2328 2329 2330 2331 2332 2333 2334 2335 2336 2337 2338 2339 2340 2341 2342 2343 2344 2345 2346 2347 2348 2349 2350 2351 2352 2353 2354 2355 2356 2357 2358 2359 2360 2361 2362 2363 2364 2365 2366 2367 2368 2369 2370 2371 2372 2373 2374 2375 2376 2377 2378 2379 2380 2381 2382 2383 2384 2385 2386 2387 2388 2389 2390 2391 2392 2393 2394 2395 2396 2397 2398 2399 2400 2401 2402 2403 2404 2405 2406 2407 2408 2409 2410 2411 2412 2413 2414 2415 2416 2417 2418 2419 2420 2421 2422 2423 2424 2425 2426 2427 2428 2429 2430 2431 2432 2433 2434 2435 2436 2437 2438 2439 2440 2441 2442 2443 2444 2445 2446 2447 2448 2449 2450 2451 2452 2453 2454 2455 2456 2457 2458 2459 2460 2461 2462 2463 2464 2465 2466 2467 2468 2469 2470 2471 2472 2473 2474 2475 2476 2477 2478 2479 2480 2481 2482 2483 2484 2485 2486 2487 2488 2489 2490 2491 2492 2493 2494 2495 2496 2497 2498 2499 2500 2501 2502 2503 2504 2505 2506 2507 2508 2509 2510 2511 2512 2513 2514 2515 2516 2517 2518 2519 2520 2521 2522 2523 2524 2525 2526 2527 2528 2529 2530 2531 2532 2533 2534 2535 2536 2537 2538 2539 2540 2541 2542 2543 2544 2545 2546 2547 2548 2549 2550 2551 2552 2553 2554 2555 2556 2557 2558 2559 2560 2561 2562 2563 2564 2565 2566 2567 2568 2569 2570 2571 2572 2573 2574 2575 2576 2577 2578 2579 2580 2581 2582 2583 2584 2585 2586 2587 2588 2589 2590 2591 2592 2593 2594 2595 2596 2597 2598 2599 2600 2601 2602 2603 2604 2605 2606 2607 2608 2609 2610 2611 2612 2613 2614 2615 2616 2617 2618 2619 2620 2621 2622 2623 2624 2625 2626 2627 2628 2629 2630 2631 2632 2633 2634 2635 2636 2637 2638 2639 2640 2641 2642 2643 2644 2645 2646 2647 2648 2649 2650 2651 2652 2653 2654 2655 2656 2657 2658 2659 2660 2661 2662 2663 2664 2665 2666 2667 2668 2669 2670 2671 2672 2673 2674 2675 2676 2677 2678 2679 2680 2681 2682 2683 2684 2685 2686 2687 2688 2689 2690 2691 2692 2693 2694 2695 2696 2697 2698 2699 2700 2701 2702 2703 2704 2705 2706 2707 2708 2709 2710 2711 2712 2713 2714 2715 2716 2717 2718 2719 2720 2721 2722 2723 2724 2725 2726 2727 2728 2729 2730 2731 2732 2733 2734 2735 2736 2737 2738 2739 2740 2741 2742 2743 2744 2745 2746 2747 2748 2749 2750 2751 2752 2753 2754 2755 2756 2757 2758 2759 2760 2761 2762 2763 2764 2765 2766 2767 2768 2769 2770 2771 2772 2773 2774 2775 2776 2777 2778 2779 2780 2781 2782 2783 2784 2785 2786 2787 2788 2789 2790 2791 2792 2793 2794 2795 2796 2797 2798 2799 2800 2801 2802 2803 2804 2805 2806 2807 2808 2809 2810 2811 2812 2813 2814 2815 2816 2817 2818 2819 2820 2821 2822 2823 2824 2825 2826 2827 2828 2829 2830 2831 2832 2833 2835 2836 2837 2838 2839 2840 2841 2842 2843 2844 2845 2846 2847 2848 2849 2850 2851 2852 2853 2854 2855 2856 2857 2858 2859 2860 2861 2862 2863 2864 2865 2866 2867 2868 2869 2870 2871 2872 2873 2874 2875 2876 2877 2878 2879 2880 2881 2882 2883 2884 2885 2886 2887 2888 2889 2890 2891 2892 2893 2894 2895 2896 2897 2898 2899 2900 2901 2902 2903 2904 2905 2906 2907 2908 2909 2910 2911 2912 2913 2914 2915 2916 2917 2918 2919 2920 2921 2922 2923 2924 2925 2926 2927 2928 2929 2930 2931 2932 2933 2934 2935 2936 2937 2938 2939 2940 2941 2942 2943 2944 2945 2946 2947 2948 2949 2950 2951 2952 2953 2954 2955 2956 2957 2958 2959 2960 2961 2962 2963 2964 2965 2966 2967 2968 2969 2970 2971 2972 2973 2974 2975 2976 2977 2978 2979 2980 2981 2982 2984 2985 2986 2987 2988 2989 2990 2991 2992 2993 2994 2995 2996 2997 2998 2999 3000 3001 3002 3003 3004 3005 3006 3007 3008 3009 3010 3011 3012 3013 3014 3015 3016 3017 3018 3019 3020 3021 3022 3023 3024 3025 3026 3027 3028 3029 3030 3031 3032 3033 3034 3035 3036 3037 3038 3039 3040 3041 3042 3043 3044 3045 3046 3047 3048 3049 3050 3051 3052 3053 3054 3055 3056 3057 3058 3059 3060 3061 3062 3063 3064 3065 3066 3067 3068 3069 3070 3071 3072 3073 3074 3075 3076 3077 3078 3079 3080 3081 3082 3083 3084 3085 3086 3087 3088 3089 3090 3091 3092 3093 3094 3095 3096 3097 3098 3099 3100 3101 3102 3103 3104 3105 3106 3107 3108 3109 3110 3111 3113 3114 3115 3116 3117 3118 3119 3120 3121 3122 3123 3124 3125 3126 3127 3128 3129 3130 3131 3132 3133 3134 3135 3136 3137 3138 3139 3140 3141 3142 3143 3144 3145 3146 3147 3148 3149 3150 3151 3152 3153 3154 3155 3156 3157 3158 3159 3160 3161 3162 3163 3164 4418 3165 3166 3167 3168 3169 3170 3171 3172 3173 3174 3175 3176 3177 3178 3179 3180 3181 3182 3183 3184 3185 3186 3187 3188 3189 3190 3191 3192 3193 3194 3195 3196 3197 3198 3199 3200 3201 3202 3203 3204 3205 3206 3207 3208 3209 3210 3211 3212 3213 3214 3215 3216 3217 3218 3219 3220 3221 3222 3223 3224 3225 3226 3227 3228 3229 3230 3231 3232 3233 3234 3235 3236 3237 3238 3239 3240 3241 3242 3243 3244 3245 3246 3247 3248 3249 3250 3251 3252 3253 3254 3255 3256 3257 3258 3259 3260 3261 3262 3263 3264 3265 3266 3267 3268 3269 3270 3271 3272 3273 3274 3275 3276 3277 3278 3279 3280 3281 3282 3283 3284 3285 3286 3287 3288 3289 3290 3291 3292 3293 3294 3295 3296 3297 3298 3299 3300 3301 3302 3303 3304 3305 3306 3307 3308 3309 3310 3311 3312 3313 3314 3315 3316 3317 3318 3319 3320 3321 3322 3323 3324 3325 3326 3327 3328 3329 3330 3331 3332 3333 3334 3335 3336 3337 3338 3339 3340 3341 3342 3343 3344 3345 3346 3347 3348 3349 3350 3351 3352 3353 3354 3355 3356 3357 3358 3359 3360 3361 3362 3363 3364 3365 3366 3367 3368 3369 3370 3371 3372 3373 3374 3375 3377 3378 3379 3380 3381 3382 3383 3384 3385 3386 3387 3388 3389 3391 3392 3393 3394 3395 3396 3397 3398 3399 3400 3401 3402 3403 3404 3405 3406 3407 3408 3409 3410 3411 3412 3413 3414 3415 3416 3417 3418 3419 3420 3421 3422 3423 3424 3425 3426 3427 3428 3429 3430 3431 3432 3433 3434 3435 3436 3437 3438 3439 3440 3441 3442 3443 3444 3445 3446 3447 3448 3449 3450 3451 3452 3453 3454 3455 3456 3457 3458 3459 3460 3461 3462 3463 3464 3465 3466 3467 3468 3469 3470 3471 3472 3473 3474 3475 3476 3477 3478 3479 3480 3481 3482 3483 3484 3485 3486 3487 3488 3489 3490 3491 3492 3493 3494 3495 3496 3497 3498 3499 3500 3501 3502 3503 3504 3505 3506 3507 3508 3509 3510 3511 3512 3513 3514 3515 3516 3517 3518 3519 3520 3521 3522 3523 3524 3525 3526 3527 3528 3529 3530 3531 3532 3533 3534 3535 3536 3537 3538 3539 3540 3541 3542 3543 3544 3545 3546 3547 3548 3549 3550 3551 3552 3553 3554 3555 3556 3557 3558 3559 3560 3561 3562 3563 3564 3565 3566 3567 3568 3569 3570 3571 3572 3573 3574 3575 3576 3577 3578 3579 3580 3581 3582 3583 3584 3585 3586 3587 3588 3589 3590 3591 3592 3593 3594 3595 3596 3597 3598 3599 3600 3601 3602 3603 3604 3605 3606 3607 3608 3609 3610 3611 3612 3613 3614 3615 3616 3617 3618 3619 3620 3621 3622 3623 3624 3625 3626 3627 3628 3629 3630 3631 3632 3633 3634 3635 3636 3637 3638 3639 3640 3641 3642 3643 3644 3645 3646 3647 3648 3649 3650 3651 3652 3653 3654 3655 3656 3657 3658 3659 3660 3661 3662 3663 3664 3665 3666 3667 3668 3669 3670 3671 3672 3673 3674 3675 3676 3677 3678 3679 3680 3681 3682 3683 3684 3685 3686 3687 3688 3689 3690 3691 3692 3693 3694 3695 3696 3697 3698 3699 3700 3701 3702 3703 3704 3705 3706 3707 3708 3709 3710 3711 3712 3713 3714 3715 3716 3717 3718 3719 3720 3721 3722 3723 3724 3725 3726 3727 3728 3729 3730 3731 3732 3733 3734 3735 3736 3737 3738 3739 3740 3741 3742 3743 3744 3745 3746 3747 3748 3749 3750 3751 3752 3753 3754 3755 3756 3757 3758 3759 3760 3761 3762 3763 3764 3765 3766 3767 3768 3769 3770 3771 3772 3773 3774 3775 3776 3777 3778 3779 3780 3781 3782 3783 3784 3785 3786 3787 3788 3789 3790 3791 3792 3793 3794 3795 3796 3797 3798 3799 3800 3801 3802 3803 3804 3805 3806 3807 3808 3809 3810 3811 3812 3813 3814 3815 3816 3817 3818 3819 3820 3821 3822 3823 3824 3825 3826 3827 3828 3829 3830 3831 3832 3833 3834 3835 3836 3837 3838 3839 3840 3841 3842 3843 3844 3845 3846 3847 3848 3849 3850 3851 3852 3853 3854 3855 3856 3857 3858 3859 3860 3861 3862 3863 3864 3865 3866 3867 3868 3869 3870 3871 3872 3873 3874 3875 3876 3877 3878 3879 3880 3881 3882 3883 3884 3885 3886 3887 3888 3890 3891 3892 3893 3894 3895 3896 3897 3898 3899 3900 3901 3902 3903 3904 3905 3906 3907 3908 3909 3910 3911 3912 3913 3914 3915 3916 3917 3918 3919 3920 3921 3922 3923 3924 3925 3926 3927 3928 3929 3930 3931 3932 3933 3934 3935 3936 3937 3938 3939 3940 3941 3942 3943 3944 3945 3946 3947 3948 3949 3950 3951 3952 3953 3954 3955 3956 3957 3958 3959 3960 3961 3962 3963 3964 3965 3966 3967 3968 3969 3970 3971 3972 3973 3974 3975 3976 3977 3978 3979 3980 3981 3982 3983 3984 3985 3986 3987 3988 3989 3990 3991 3992 3993 3994 3995 3996 3997 3998 3999 4000 4001 4002 4003 4004 4005 4006 4007 4008 4009 4010 4011 4012 4013 4014 4015 4016 4017 4018 4019 4020 4021 4022 4023 4024 4025 4026 4027 4028 4029 4030 4031 4032 4033 4034 4035 4036 4037 4038 4039 4040 4041 4042 4043 4044 4045 4046 4047 4048 4049 4050 4051 4052 4053 4054 4055 4056 4057 4058 4059 4060 4061 4062 4063 4064 4065 4066 4067 4068 4069 4070 4071 4072 4073 4074 4075 4076 4077 4078 4079 4080 4081 4082 4083 4084 4085 4086 4087 4088 4089 4090 4091 4092 4093 4094 4095 4096 4097 4098 4099 4100 4101 4102 4103 4104 4105 4106 4107 4108 4109 4110 4111 4112 4113 4114 4115 4116 4117 4118 4119 4120 4121 4122 4123 4124 4125 4126 4127 4128 4129 4130 4131 4132 4133 4134 4135 4136 4137 4138 4139 4140 4141 4142 4143 4144 4145 4146 4147 4148 4149 4150 4151 4152 4153 4154 4155 4156 4157 4158 4159 4160 4161 4162 4163 4164 4165 4166 4167 4168 4169 4170 4171 4172 4173 4174 4175 4176 4177 4178 4179 4180 4181 4182 4183 4184 4185 4186 4187 4188 4189 4190 4191 4192 4193 4194 4195 4196 4197 4198 4199 4200 4201 4202 4203 4204 4205 4206 4207 4208 4209 4210 4211 4212 4213 4214 4215 4216 4217 4218 4219 4220 4419 4221 4222 4223 4224 4225 4226 4227 4228 4229 4230 4420 4231 4232 4233 4234 4235 4236 4237 4238 4239 4240 4241 4242 4243 4244 4245 4246 4247 4248 4249 4250 4251 4252 4253 4254 4255 4256 4257 4258 4259 4260 4261 4262 4263 4264 4265 4266 4267 4268 4269 4270 4271 4272 4273 4274 4275 4276 4277 4278 4279 4280 4281 4282 4283 4284 4285 4286 4287 4288 4289 4290 4291 4292 4293 4294 4295 4296 4297 4298 4299 4300 4301 4302 4303 4304 4305 4306 4307 4308 4309 4310 4311 4312 4313 4314 4315 4316 4317 4318 4319 4320 4321 4322 4323 4324 4325 4326 4327 4328 4329 4330 4331 4332 4333 4334 4335 4336 4337 4338 4339 4340 4341 4342 4343 4344 4345 4346 4347 4348 4349 4350 4351 4352 4353 4354 4355 4356 4357 4358 4359 4360 4361 4362 4363 4364 4365 4366 4367 4368 4369 4370 4371 4372 4373 4374 4375 4376 4377 4378 4379 4380 4381 4382 4383 4384 4385 4386 4387 4388 4389 4390 4391 4392 4393 4394 4395 4396 4397 4398 4399 4400 4401 4402 4403 4404 4405 4406 4407 4408 4409 4410 4411 4412 4413
p1:7 A 0 1 2 3 4 5 6 7 8 9 10 11 12 13 14 15 16 17 18 19 20 21 22 23 24 25 26 27 28 29 30 31 32 33 34 35 36 37 38 39 40 41 42 43 44 45 46 47 48 49 50 51 52 53 54 55 56 57 58 59 60 61 62 63 64 65 66 67 68 69 70 71 72 73 74 75 76 77 78 79 80 81 82 83 84 85 86 87 88 89 90 91 92 93 94 95 96 97 98 99 100 101 102 103 104 105 106 107 108 109 110 111 112 113 114 115 116 117 118 119 120 121 122 123 124 125 126 127 128 129 130 131 132 133 134 135 136 137 138 139 140 141 142 143 144 145 146 147 148 149 150 151 152 153 154 155 156 157 158 159 160 161 162 163 164 165 166 167 168 169 170 171 172 173 174 175 176 177 178 179 180 181 182 183 184 185 186 187 188 189 190 191 192 193 194 195 196 197 198 199 200 201 202 203 204 205 206 207 208 209 210 211 212 213 214 215 216 217 218 219 220 221 222 223 224 225 226 227 228 229 230 231 232 233 234 235 236 237 238 239 240 241 242 243 244 245 246 247 248 249 250 251 252 253 254 255 256 257 258 259 260 261 262 263 264 265 266 267 268 269 270 271 272 273 274 4436 275 276 277 278 279 280 281 282 283 284 285 286 287 288 289 290 291 292 293 294 295 296 297 298 299 300 301 302 303 304 305 306 307 308 309 310 311 312 313 314 315 316 317 318 319 320 321 322 323 324 325 326 327 328 329 330 331 332 333 334 335 336 337 338 339 340 341 342 343 344 345 346 347 348 349 350 351 352 353 354 355 356 357 358 359 360 361 362 363 364 365 366 367 368 369 370 371 372 373 374 375 376 377 378 379 380 381 382 383 384 385 386 387 388 389 390 391 392 393 394 395 396 397 398 399 400 401 402 403 404 405 406 407 408 409 410 411 412 413 414 415 416 417 418 419 420 421 422 423 424 425 426 427 428 429 430 431 432 433 434 435 436 437 438 439 440 441 442 443 444 445 446 447 448 449 450 451 452 453 454 455 456 457 458 459 460 461 462 463 464 465 466 467 468 469 470 471 472 473 474 475 476 477 478 479 480 481 482 483 484 485 486 487 488 489 490 491 492 493 494 495 496 497 498 499 500 501 502 503 504 505 506 507 508 509 510 511 512 513 514 515 516 517 518 519 520 521 522 523 524 525 526 527 528 529 530 531 532 533 534 535 536 537 538 539 540 541 542 543 544 545 546 547 548 549 550 551 552 553 554 555 556 557 558 559 560 561 562 563 564 565 566 567 568 569 570 571 572 573 574 575 576 577 578 579 580 581 582 583 584 585 586 587 588 589 590 591 592 593 594 595 596 597 598 599 600 601 602 603 604 605 606 607 608 609 610 611 612 613 614 615 616 617 618 619 620 621 622 623 624 625 626 627 628 629 630 631 632 633 634 635 636 637 638 639 640 641 642 643 644 645 646 647 648 649 650 651 652 653 654 655 656 657 658 659 660 661 662 663 664 665 666 667 668 669 670 671 672 673 674 675 676 677 678 679 680 681 4422 682 683 684 685 686 687 688 689 690 691 692 693 694 695 696 697 698 699 700 701 702 703 704 705 706 707 708 709 710 711 712 713 714 715 716 717 718 719 720 721 722 723 724 725 726 727 728 729 730 731 732 733 734 735 736 737 738 739 740 741 742 743 744 745 746 747 748 749 750 751 752 753 754 755 756 757 758 759 760 761 762 763 764 765 766 767 4435 768 769 770 771 772 773 774 775 776 777 778 779 780 781 782 783 784 785 786 787 788 789 790 791 792 793 794 795 796 797 798 799 800 801 802 803 804 805 806 807 808 809 810 811 812 813 814 815 816 817 818 819 820 821 822 823 824 825 826 827 828 829 830 831 832 833 834 835 836 837 838 839 840 841 842 843 844 845 846 847 848 849 850 851 852 853 854 855 856 857 858 859 860 861 862 863 864 865 866 867 868 869 870 871 872 873 874 875 876 877 878 879 880 881 882 883 884 885 886 887 888 889 890 891 892 893 894 895 896 897 898 899 900 901 902 903 904 905 906 907 908 909 910 911 912 913 914 915 916 917 918 919 920 921 922 923 924 925 926 927 928 929 930 931 932 933 934 935 936 937 938 939 940 941 942 943 944 945 946 947 948 949 950 951 952 953 954 955 956 957 958 959 960 961 962 963 964 965 966 967 968 969 970 971 972 973 974 975 976 977 978 979 980 981 982 983 984 985 986 987 988 989 990 991 992 993 994 995 996 997 998 999 1000 1001 1002 1003 1004 1005 1006 1007 1008 1009 1010 1011 1012 1013 1014 1015 1016 1017 1018 1019 1020 1021 1022 1023 1024 1025 1026 1027 1028 1029 1030 1031 1032 1033 1034 1035 1036 1037 1038 1039 1040 1041 1042 1043 1044 1045 1046 1047 1048 1049 1050 1051 1052 1053 1054 1055 1056 1057 1058 1059 1060 1061 1062 1063 1064 1065 1066 1067 1068 1069 1070 1071 1072 1073 1074 1075 1076 1077 1078 1079 1080 1081 1082 1083 1084 1085 1086 1087 1088 1089 1090 1091 1092 1093 1094 1095 1096 1097 1098 1099 1100 1101 1102 1103 1104 1105 1106 1107 1108 1109 1110 1111 1112 1113 1114 1115 1116 1117 1118 1119 1120 1121 1122 1123 1124 1125 1126 1127 1128 1129 1130 1131 1132 1133 1134 1135 1136 1137 1138 1139 1140 1141 1142 1143 1144 1145 1146 1147 1148 1149 1150 1151 1152 1153 1154 1155 1156 1157 1158 1159 1160 1161 1162 1163 1164 1165 1166 1167 1168 1169 1170 1171 1172 1173 1174 1175 1176 1177 1178 1179 1180 1181 1182 1183 1184 1185 1186 1187 1188 1189 1190 1191 1192 1193 1194 1195 1196 1197 1198 1199 1200 1201 1202 1203 1204 1205 1206 1207 1208 1209 1210 1211 1212 1213 1214 1215 1216 1217 1218 1219 1220 1221 1222 1223 1224 1225 1226 1227 1228 1229 1230 1231 1232 1233 1234 1235 1236 1237 1238 1239 1240 1241 1242 1243 1244 1245 1246 1247 1248 1249 1250 1251 1252 1253 1254 1255 1256 1257 1258 1259 1260 1261 1262 1263 1264 1265 1266 1267 1268 1269 1270 1271 1272 1273 1274 1275 1276 1277 1278 1279 1280 1281 1282 1283 1284 1285 1286 1287 1288 1289 1290 1291 1292 1293 1294 1295 1296 1297 1298 1299 1300 1301 1302 1303 1304 1305 1306 1307 1308 1309 1310 1311 1312 1313 1314 1315 1316 1317 1318 1319 1320 1321 1322 1323 1324 1325 1326 1327 1328 1329 1330 1331 1332 1333 1334 1335 1336 1337 1338 1339 1340 1341 1342 1343 1344 1345 1346 1347 1348 1349 1350 1351 1352 1353 1354 1355 1356 1357 1358 1359 1360 1361 1362 1363 1364 1365 1366 1367 1368 1369 1370 1371 1372 1373 1374 1375 1376 1377 1378 1379 1380 1381 1382 1383 1384 1385 1386 1387 1388 1389 1390 1391 1392 1393 1394 1395 1396 1397 1398 1399 1400 1401 1402 1403 1404 1405 1406 1407 1408 1409 1410 1411 1412 1413 1414 1415 1416 1417 1418 1419 1420 1421 1422 1423 1424 1425 1426 1427 1428 1429 1430 1431 1432 1433 1434 1435 1436 1437 1438 1439 1440 1441 1442 1443 1444 1445 1446 1447 1448 1449 1450 1451 1452 1453 1454 1455 1456 1457 1458 1459 1460 1461 1462 1463 1464 1465 1466 1467 1468 1469 1470 1471 1472 1473 1474 1475 1476 1477 1478 1479 1480 1481 1482 1483 1484 1485 1486 1487 1488 1489 1490 1491 1492 1493 1494 1495 1496 1497 1498 1499 1500 1501 1502 1503 1504 1505 1506 1507 1508 1509 1510 1511 1512 1513 1514 1515 1516 1517 1518 1519 1520 1521 1522 1523 1524 1525 1526 1527 1528 1529 1530 1531 1532 1533 1534 1535 1536 1537 1538 1539 1540 1541 1542 1543 1544 1545 1546 1547 1548 1549 1550 1551 1552 1553 1554 1555 1556 1557 1558 1559 1560 1561 1562 1563 1564 1565 1566 1567 1568 1569 1570 1571 1572 1573 1574 1575 1576 1577 1578 1579 1580 1581 1582 1583 1584 1585 1586 1587 1588 1589 1590 1591 1592 1593 1594 1595 1596 1597 1598 1599 1600 1601 1602 1603 1604 1605 1606 1607 1608 1609 1610 1611 1612 1613 1614 1615 1616 1617 1618 1619 1620 1621 1622 1623 1624 1625 1626 1627 1628 1629 1630 1631 1632 1633 1634 1635 1636 1637 1638 1639 1640 1641 1642 1643 1644 1645 1646 1647 1648 1649 1650 1651 1652 1653 1654 1655 1656 1657 1658 1659 1660 1661 1662 1663 1664 1665 1666 1667 1668 1669 1670 1671 1672 1673 1674 1675 1676 1677 1678 1679 1680 1681 1682 1683 1684 1685 1686 1687 1688 1689 1690 1691 1692 1693 1694 1695 1696 1697 1698 1699 1700 1701 1702 1703 1704 1705 1706 1707 1708 1709 1710 1711 1712 1713 1714 1715 1716 1717 1718 1719 1720 1721 1722 1723 1724 1725 1726 1727 1728 1729 1730 1731 1732 1733 1734 1735 1736 1737 1738 1739 1740 1741 1742 1743 1744 1745 1746 1747 1748 1749 1750 1751 1752 1753 1754 1755 1756 1757 1758 1759 1760 1761 1762 1763 1764 1765 1766 1767 1768 1769 1770 1771 1772 1773 1774 1775 1776 1777 1778 1779 1780 1781 1782 1783 1784 1785 1786 1787 1788 1789 1790 1791 1792 1793 1794 1795 1796 1797 1798 1799 1800 1801 1802 1803 1804 1805 1806 1807 1808 1809 1810 1811 1812 1813 1814 1815 1816 1817 1818 1819 1820 1821 1822 1823 1824 1825 1826 1827 1828 1829 1830 1831 1832 1833 1834 1835 1836 1837 1838 1839 1840 1841 1842 1843 1844 1845 1846 1847 1848 1849 1850 1851 1852 1853 1854 1855 1856 1857 1858 1859 1860 1861 1862 1863 1864 1865 1866 1867 1868 1869 1870 1871 1872 1873 1874 1875 1876 1877 1878 1879 1880 1881 1882 1883 1884 1885 1886 1887 1888 1889 1890 1891 1892 1893 1894 1895 1896 1897 1898 1899 1900 1901 1902 1903 1904 1905 1906 1907 1908 1909 1910 1911 1912 1913 1914 1915 1916 1917 1918 1919 1920 1921 1922 1923 1924 1925 1926 1927 1928 1929 1930 1931 1932 1933 1934 1935 1936 1937 1938 1939 1940 1941 1942 1943 1944 1945 1946 1947 1948 1949 1950 1951 1952 1953 1954 1955 1956 1957 1958 1959 1960 1961 1962 1963 1964 1965 1966 1967 1968 1969 1970 1971 1972 1973 1974 1975 1976 1977 1978 1979 1980 1981 1982 1983 1984 1985 1986 1987 1988 1989 1990 1991 1992 1993 1994 1995 1996 1997 1998 1999 2000 2001 2002 2003 2004 2005 2006 2007 2008 2009 2010 2011 2012 2013 2014 2015 2016 2017 2018 2019 2020 2021 2022 2023 2024 2025 2026 2027 2028 2029 2030 2031 2032 2033 2034 2035 2036 2037 2038 2039 2040 2041 2042 2043 2044 2045 2046 2047 2048 2049 2050 2051 2052 2053 2054 2055 2056 2057 2058 2059 2060 2061 2062 2063 2064 2065 2066 2067 2068 2069 2070 2071 2072 2073 2074 2075 2076 2077 2078 2079 2080 2081 2082 2083 2084 2085 2086 2087 2088 2089 2090 2091 2092 2093 2094 2095 2096 2097 2098 2099 2100 2101 2102 2103 2104 2105 2106 2107 2108 2109 2110 2111 2112 2113 2114 2115 2116 2117 2118 2119 2120 2121 2122 2123 2124 2125 2126 2127 2128 2129 2130 2131 2132 2133 2134 2135 2136 2137 2138 2139 2140 2141 2142 2143 2144 2145 2146 2147 2148 2149 2150 2151 2152 2153 2154 2155 2156 2157 2158 2159 2160 2161 2162 2163 2164 2165 2166 2167 2168 2169 2170 2171 2172 2173 2174 2175 2176 2177 2178 2179 2180 2181 2182 2183 2184 2185 2186 2187 2188 2189 2190 2191 2192 2193 2194 2195 2196 2197 2198 2199 2200 2201 2202 2203 2204 2205 2206 2207 2208 2209 2210 2211 2212 2213 2214 2215 2216 2217 2218 2219 2220 2221 2222 2223 2224 2225 2226 2227 2228 2229 2230 2231 2232 2233 2234 2235 2236 2237 2238 2239 2240 2241 2242 2243 2244 2245 2246 2247 2248 2249 2250 2251 2252 2253 2254 2255 2256 2257 2258 2259 2260 2261 2262 2263 2264 2265 2266 2267 2268 2269 2270 2271 2272 2273 2274 2275 2276 2277 2278 2279 2280 2281 2282 2283 2284 2285 2286 2287 2288 2289 2290 2291 2292 2293 2294 2295 2296 2297 2298 2299 2300 2301 2302 2303 2304 2305 2306 2307 2308 2309 2310 2311 2312 2313 2314 2315 2316 2317 2318 2319 2320 2321 2322 2323 2324 2325 2326 2327 2328 2329 2330 2331 2332 2333 2334 2335 2336 2337 2338 2339 2340 2341 2342 2343 2344 2345 2346 2347 2348 2349 2350 2351 2352 2353 2354 2355 2356 2357 2358 2359 2360 2361 2362 2363 2364 2365 2366 2367 2368 2369 2370 2371 2372 2373 2374 2375 2376 2377 2378 2379 2380 2381 2382 2383 2384 2385 2386 2387 2388 2389 2390 2391 2392 2393 2394 2395 2396 2397 2398 2399 2400 2401 2402 2403 2404 2405 2406 2407 2408 2409 2410 2411 2412 2413 2414 2415 2416 2417 2418 2419 2420 2421 2422 2423 2424 2425 2426 2427 2428 2429 2430 2431 2432 2433 4429 2434 2435 2436 2437 2438 2439 2440 2441 2442 2443 2444 2445 2446 2447 2448 2449 2450 2451 2452 2453 2454 2455 2456 2457 2458 2459 2460 2461 2462 2463 2464 2465 2466 2467 2468 2469 2470 2471 2472 2473 2474 2475 2476 2477 2478 2479 2480 2481 2482 2483 2484 2485 2486 2487 2488 2489 2490 2491 2492 2493 2494 2495 2496 2497 2498 2499 2500 2501 2502 2503 2504 2505 2506 2507 2508 2509 2510 2511 2512 2513 2514 2515 2516 2517 2518 2519 2520 2521 2522 2523 2524 2525 2526 2527 2528 2529 2530 2531 2532 2533 2534 2535 2536 2537 2538 2539 2540 2541 2542 2543 2544 2545 2546 2547 2548 2549 2550 2551 2552 2553 2554 2555 2556 2557 2558 2559 2560 2561 2562 2563 2564 2565 2566 2567 2568 2569 2570 2571 2572 2573 2574 2575 2576 2577 2578 2579 2580 2581 2582 2583 2584 2585 2586 2587 2588 2589 2590 2591 2592 2593 2594 2595 2596 2597 2598 2599 2600 2601 2602 2603 2604 2605 2606 2607 2608 2609 2610 2611 2612 2613 2614 2615 2616 2617 2618 2619 2620 2621 2622 2623 2624 2625 2626 2627 2628 2629 2630 2631 2632 2633 2634 2635 2636 2637 2638 2639 2640 2641 2642 2643 2644 2645 2646 2647 2648 2649 2650 2651 2652 2653 2654 2655 2656 2657 2658 2659 2660 2661 2662 2663 2664 2665 2666 2667 2668 2669 2670 2671 2672 2673 2674 2675 2676 2677 2678 2679 2680 2681 2682 2683 2684 2685 2686 2687 2688 2689 2690 2691 2692 2693 2694 2695 2696 2697 2698 2699 2700 2701 2702 2703 2704 2705 2706 2707 2708 2709 2710 2711 2712 2713 2714 2715 2716 2717 2718 2719 2720 2721 2722 2723 2724 2725 2726 2727 2728 2729 2730 2731 2732 2733 2734 2735 2736 2737 2738 2739 2740 2741 2742 2743 2744 2745 2746 2747 2748 2749 2750 2751 2752 2753 2754 2755 2756 2757 2758 2759 2760 2761 2762 2763 2764 2765 2766 2767 2768 2769 2770 2771 2772 2773 2774 2775 2776 2777 2778 2779 2780 2781 2782 2783 2784 2785 2786 2787 2788 2789 2790 2791 2792 2793 2794 2795 2796 2797 2798 2799 2800 2801 2802 2803 2804 2805 2806 2807 2808 2809 2810 2811 2812 2813 2814 2815 2816 2817 2818 2819 2820 2821 2822 2823 2824 2825 2826 2827 2828 2829 2830 2831 2832 2833 2834 2835 2836 2837 2838 2839 2840 2841 2842 2843 2844 2845 2846 2847 2848 2849 2850 2851 2852 2853 2854 2855 2856 2857 2858 2859 2860 2861 2862 2863 2864 2865 2866 2867 2868 2869 2870 2871 2872 2873 2874 2875 2876 2877 2878 2879 2880 2881 2882 2883 2884 2885 2886 2887 2888 2889 2890 2891 2892 2893 2894 2895 2896 2897 2898 2899 2900 2901 2902 2903 2904 2905 2906 2907 2908 2909 2910 2911 2912 2913 2914 2915 2916 2917 2918 2919 2920 2921 2922 2923 2924 2925 2926 2927 2928 2929 2930 2931 2932 2933 2934 2935 2936 2937 2938 2939 2940 2941 2942 2943 2944 2945 2946 2947 2948 2949 2950 2951 2952 2953 2954 2955 2956 2957 2958 2959 2960 2961 2962 2963 2964 2965 2966 2967 2968 2969 2970 2971 2972 2973 2974 2975 2976 2977 2978 2979 2980 2981 2982 2983 2984 2985 2986 2987 2988 2989 2990 2991 2992 2993 2994 2995 2996 2997 2998 2999 3000 3001 3002 3003 3004 3005 3006 3007 3008 3009 3010 3011 3012 3013 3014 3015 3016 3017 3018 3019 3020 3021 3022 3023 3024 3025 3026 3027 3028 3029 3030 3031 3032 3033 3034 3035 3036 3037 3038 3039 3040 3041 3042 3043 3044 3045 3046 3047 3048 3049 3050 3051 3052 3053 3054 3055 3056 3057 3058 3059 3060 3061 3062 3063 3064 3065 3066 3067 3068 3069 3070 3071 3072 3073 3074 3075 3076 3077 3078 3079 3080 3081 3082 3083 3084 3085 3086 3087 3088 3089 3090 3091 3092 3093 3094 3095 3096 3097 3098 3099 3100 3101 3102 3103 3104 3105 3106 3107 3108 3109 3110 3111 3112 3113 3114 3115 3116 3117 3118 3119 3120 3121 3122 3123 3124 3125 3126 3127 3128 3129 3130 3131 3132 3133 3134 3135 3136 3137 3138 3139 3140 3141 3142 3143 3144 3145 3146 3147 3148 3149 3150 3151 3152 3153 3154 3155 3156 3157 3158 3159 3160 3161 3162 3163 3164 3165 3166 3167 3168 3169 3170 3171 3172 3173 3174 3175 3176 3177 3178 3179 3180 3181 3182 3183 3184 3185 3186 3187 3188 3189 3190 3191 3192 3193 3194 3195 3196 3197 3198 3199 3200 3201 3202 3203 3204 3205 3206 3207 3208 3209 3210 3211 3212 3213 3214 3215 3216 3217 3218 3219 3220 3221 3222 3223 3224 3225 3226 3227 3228 3229 3230 3231 3232 3233 3234 3235 3236 3237 3238 3239 3240 3241 3242 3243 3244 3245 3246 3247 3248 3249 3250 3251 3252 3253 3254 3255 3256 3257 3258 3259 3260 3261 3262 3263 3264 3265 3266 3267 3268 3269 3270 3271 3272 3273 3274 3275 3276 3277 3278 3279 3280 3281 3282 3283 3284 3285 3286 3287 3288 3289 3290 3291 3292 3293 3294 3295 3296 3297 3298 3299 3300 3301 3302 3303 3304 3305 3306 3307 3308 3309 3310 3311 3312 3313 3314 3315 3316 3317 3318 3319 3320 3321 3322 3323 3324 3325 3326 3327 3328 3329 3330 3331 3332 3333 3334 3335 3336 3337 3338 3339 3340 3341 3342 3343 3344 3345 3346 3347 3348 3349 3350 3351 3352 3353 3354 3355 3356 3357 3358 3359 3360 3361 3362 3363 3364 3365 3366 3367 3368 3369 3370 3371 3372 3373 3374 3375 3376 3377 3378 3379 3380 3381 3382 3383 3384 3385 3386 3387 3388 3389 3390 3391 3392 3393 3394 3395 3396 3397 3398 3399 3400 3401 3402 3403 3404 3405 3406 3407 3408 3409 3410 3411 3412 3413 3414 3415 3416 3417 3418 3419 3420 3421 3422 3423 3424 3425 3426 3427 3428 3429 3430 3431 3432 3433 3434 3435 3436 3437 3438 3439 3440 3441 3442 3443 3444 3445 3446 3447 3448 3449 3450 3451 3452 3453 3454 3455 3456 3457 3458 3459 3460 3461 3462 3463 3464 3465 3466 3467 3468 3469 3470 3471 3472 3473 3474 3475 3476 3477 3478 3479 3480 3481 3482 3483 3484 3485 3486 3487 3488 3489 3490 3491 3492 3493 3494 3495 3496 3497 3498 3499 3500 3501 3502 3503 3504 3505 3506 3507 3508 3509 3510 3511 3512 3513 3514 3515 3516 3517 3518 3519 3520 3521 3522 3523 3524 3525 3526 3527 3528 3529 3530 3531 3532 3533 3534 3535 3536 3537 3538 3539 3540 3541 3542 3543 3544 3545 3546 3547 3548 3549 3550 3551 3552 3553 3554 3555 3556 3557 3558 3559 3560 3561 3562 3563 3564 3565 3566 3567 3568 3569 3570 3571 3572 3573 3574 3575 3576 3577 3578 3579 3580 3581 3582 3583 3584 3585 3586 3587 3588 3589 3590 3591 3592 3593 3594 3595 3596 3597 3598 3599 3600 3601 3602 3603 3604 3605 3606 3607 3608 3609 3610 3611 3612 3613 3614 3615 3616 3617 3618 3619 3620 3621 3622 3623 3624 3625 3626 3627 3628 3629 3630 3631 3632 3633 3634 3635 3636 3637 3638 3639 3640 3641 3642 3643 3644 3645 3646 3647 3648 3649 3650 3651 3652 3653 3654 3655 3656 3657 3658 3659 3660 3661 3662 3663 3664 3665 3666 3667 3668 3669 3670 3671 3672 3673 3674 3675 3676 3677 3678 3679 3680 3681 3682 3683 3684 3685 3686 3687 3688 3689 3690 3691 3692 3693 3694 3695 3696 3697 3698 3699 3700 3701 3702 3703 3704 3705 3706 3707 3708 3709 3710 3711 3712 3713 3714 3715 3716 3717 3718 3719 3720 3721 3722 3723 3724 3725 3726 3727 3728 3729 3730 3731 3732 3733 3734 3735 3736 3737 3738 3739 3740 3741 3742 3743 3744 3745 3746 3747 3748 3749 3750 3751 3752 3753 3754 3755 3756 3757 3758 3759 3760 3761 3762 3763 3764 3765 3766 3767 3768 3769 3770 3771 3772 3773 3774 3775 3776 3777 3778 3779 3780 3781 3782 3783 3784 3785 3786 3787 3788 3789 3790 3791 3792 3793 3794 3795 3796 3797 3798 3799 3800 3801 3802 3803 3804 3805 3806 3807 3808 3809 3810 3811 3812 3813 3814 3815 3816 3817 3818 3819 3820 3821 3822 3823 3824 3825 3826 3827 3828 3829 3830 3831 3832 3833 3834 3835 3836 3837 3838 3839 3840 3841 3842 3843 3844 3845 3846 3847 3848 3849 3850 3851 3852 3853 3854 3855 3856 3857 3858 3859 3860 3861 3862 3863 3864 3865 3866 3867 3868 3869 3870 3871 3872 3873 3874 3875 3876 3877 3878 3879 3880 3881 3882 3883 3884 3885 3886 3887 3888 3889 3890 3891 3892 3893 3894 3895 3896 3897 3898 3899 3900 3901 3902 3903 3904 3905 3906 3907 3908 3909 3910 3911 3912 3913 3914 3915 3916 3917 3918 3919 3920 3921 3922 3923 3924 3925 3926 3927 3928 3929 3930 3931 3932 3933 3934 3935 3936 3937 3938 3939 3940 3941 3942 3943 3944 3945 3946 3947 3948 3949 3950 3951 3952 3953 3954 3955 3956 3957 3958 3959 3960 3961 3962 3963 3964 3965 3966 3967 3968 3969 3970 3971 3972 3973 3974 3975 3976 3977 3978 3979 3980 3981 3982 3983 3984 3985 3986 3987 3988 3989 3990 3991 3992 3993 3994 3995 3996 3997 3998 3999 4000 4001 4002 4003 4004 4005 4006 4007 4008 4009 4010 4011 4012 4013 4014 4015 4016 4017 4018 4019 4020 4021 4022 4023 4024 4025 4026 4027 4028 4029 4030 4031 4032 4033 4034 4035 4036 4037 4038 4039 4040 4041 4042 4043 4044 4045 4046 4047 4048 4049 4050 4051 4052 4053 4054 4055 4056 4057 4058 4059 4060 4061 4062 4063 4064 4065 4066 4067 4068 4069 4070 4071 4072 4073 4074 4075 4076 4077 4078 4079 4080 4081 4082 4083 4084 4085 4086 4087 4088 4089 4090 4091 4092 4093 4094 4095 4096 4097 4098 4099 4100 4101 4102 4103 4104 4105 4106 4107 4108 4109 4110 4111 4112 4113 4114 4115 4116 4117 4118 4119 4120 4121 4122 4123 4124 4125 4126 4127 4128 4129 4130 4131 4132 4133 4134 4135 4136 4137 4138 4139 4140 4141 4142 4143 4144 4145 4146 4147 4148 4149 4150 4151 4152 4153 4154 4155 4156 4157 4158 4159 4160 4161 4162 4163 4164 4165 4166 4167 4168 4169 4170 4171 4172 4173 4174 4175 4176 4177 4178 4179 4180 4181 4182 4183 4184 4185 4186 4187 4188 4189 4190 4191 4192 4193 4194 4195 4196 4197 4198 4199 4200 4201 4202 4203 4204 4205 4206 4207 4208 4209 4210 4211 4212 4213 4214 4215 4216 4217 4218 4219 4220 4221 4222 4223 4224 4225 4226 4227 4228 4229 4230 4231 4232 4233 4234 4235 4236 4237 4238 4239 4240 4241 4242 4243 4244 4245 4246 4247 4248 4249 4250 4251 4252 4253 4254 4255 4256 4257 4258 4259 4260 4261 4262 4263 4264 4265 4266 4267 4268 4269 4270 4271 4272 4273 4274 4275 4276 4277 4278 4279 4280 4281 4282 4283 4284 4285 4286 4287 4288 4289 4290 4291 4292 4293 4294 4295 4296 4297 4298 4299 4300 4301 4302 4303 4304 4305 4306 4307 4308 4309 4310 4311 4312 4313 4314 4315 4316 4317 4318 4319 4320 4321 4322 4323 4324 4325 4326 4327 4328 4329 4330 4331 4332 4333 4334 4335 4336 4337 4338 4339 4340 4341 4342 4343 4344 4345 4346 4347 4348 4349 4350 4351 4352 4353 4354 4355 4356 4357 4358 4359 4360 4361 4362 4363 4364 4365 4366 4367 4368 4369 4370 4371 4372 4373 4374 4375 4376 4377 4378 4379 4380 4381 4382 4383 4384 4385 4386 4387 4388 4389 4390 4391 4392 4393 4394 4395 4396 4397 4398 4399 4400 4401 4402 4403 4404 4405 4406 4407 4408 4409 4410 4411 4412 4413
Population went extinct at generation 48909
