// Initial random seed:
2739927915130

// RunInitializeCallbacks():
initializeSLiMModelType(modelType = 'nonWF');
initializeMutationType(1, 0.5, "f", 0);
initializeMutationType(2, 0.2, "g", -0.05, 0.23);
initializeMutationType(3, 0.5, "e", 0.001);
initializeGenomicElementType(1, c(m1, m2, m3), c(0, 0.999999, 1e-06));
initializeGenomicElement(g1, 0, 5000000);
initializeMutationRate(1e-07);
initializeRecombinationRate(1e-06);

// Starting run at tick <start>:
1 

WARNING: Population near extinction at generation 52275 with 4 individuals
#OUT: 52275 52275 A
Version: 4
Populations:
p1 4 H
Mutations:
4236 122 m2 4521371 -0.000644820684 0.200000003 p1 2 8
4086 3513 m2 4372486 -4.81046209e-06 0.200000003 p1 5 8
2774 7619 m2 3053533 -0.00136936025 0.200000003 p1 9 8
166 8412 m2 177302 -1.4663226e-07 0.200000003 p1 10 8
3122 8925 m2 3406232 -0.000966908643 0.200000003 p1 11 8
2270 9142 m2 2514784 -6.79345758e-05 0.200000003 p1 11 8
1550 16247 m2 1767698 -9.12927476e-07 0.200000003 p1 18 8
3834 19289 m2 4128491 -5.38460845e-05 0.200000003 p1 22 8
4302 40301 m2 4598476 -5.92096558e-06 0.200000003 p1 44 8
1245 83617 m2 1418290 -0.000231937942 0.200000003 p1 94 8
2699 91779 m2 2961863 -4.87683565e-06 0.200000003 p1 103 8
3781 106241 m2 4079664 -6.72836613e-05 0.200000003 p1 120 8
626 107241 m2 697902 -0.000151041881 0.200000003 p1 121 8
1083 108205 m2 1215999 -0.0002537611 0.200000003 p1 123 8
1395 121995 m2 1584183 -0.000356497214 0.200000003 p1 139 8
1142 126604 m2 1292429 -5.96159168e-07 0.200000003 p1 145 8
3514 132946 m2 3803886 -0.00017302591 0.200000003 p1 152 8
1654 132953 m2 1888422 -0.000854755694 0.200000003 p1 152 8
191 140132 m2 206487 -1.98833519e-07 0.200000003 p1 161 8
3717 150530 m2 4012321 -0.00107407966 0.200000003 p1 174 8
3364 170995 m2 3650076 -3.3263259e-05 0.200000003 p1 199 8
188 195605 m2 203913 -9.7402386e-05 0.200000003 p1 230 8
660 204456 m2 735827 -0.000486753794 0.200000003 p1 241 8
1368 210896 m2 1557099 -0.000133730398 0.200000003 p1 249 8
1400 213959 m2 1590705 -0.00035822115 0.200000003 p1 252 8
255 227343 m2 282061 -1.5229358e-07 0.200000003 p1 269 8
1913 233145 m2 2152571 -4.57054884e-05 0.200000003 p1 277 8
3933 234409 m2 4241672 -0.000812409155 0.200000003 p1 278 8
173 250097 m2 186679 -7.27423094e-06 0.200000003 p1 298 8
1605 260016 m2 1823053 -0.000584358815 0.200000003 p1 310 8
4481 263011 m2 4803082 -1.74005274e-13 0.200000003 p1 314 8
4313 277992 m2 4621350 -3.98229713e-05 0.200000003 p1 333 8
540 279760 m2 604228 -0.00011636391 0.200000003 p1 335 8
4284 284284 m2 4572766 -0.000499154849 0.200000003 p1 341 8
285 289431 m2 313592 -0.000114848117 0.200000003 p1 347 8
1500 320906 m2 1718015 -1.9360863e-05 0.200000003 p1 387 8
3104 323827 m2 3385572 -4.7149686e-05 0.200000003 p1 391 8
797 335063 m2 892069 -3.55101476e-10 0.200000003 p1 405 8
3469 342875 m2 3756732 -0.000132083485 0.200000003 p1 415 8
388 373873 m2 433141 -8.80836596e-05 0.200000003 p1 454 8
888 423004 m2 978573 -4.6170012e-06 0.200000003 p1 517 8
2081 427546 m2 2326121 -2.9626694e-08 0.200000003 p1 523 8
992 433272 m2 1097824 -3.2402952e-06 0.200000003 p1 531 8
3837 444422 m2 4136829 -3.32126683e-06 0.200000003 p1 545 8
1282 476793 m2 1464380 -0.000615244673 0.200000003 p1 587 8
3987 489466 m2 4288966 -4.06689878e-06 0.200000003 p1 604 8
2749 519535 m2 3017796 -0.0027664355 0.200000003 p1 643 8
3600 521604 m2 3892719 -8.60464206e-05 0.200000003 p1 645 8
2379 527293 m2 2639433 -1.68659392e-11 0.200000003 p1 653 8
1036 539181 m2 1148605 -0.000134622212 0.200000003 p1 668 8
187 540050 m2 198536 -0.00105938676 0.200000003 p1 670 8
377 542194 m2 420160 -2.73796874e-10 0.200000003 p1 672 8
3063 543778 m2 3356137 -1.52463608e-05 0.200000003 p1 675 8
1048 553718 m2 1159223 -4.81741608e-07 0.200000003 p1 688 8
935 560091 m2 1035331 -5.96797634e-09 0.200000003 p1 696 8
945 566590 m2 1048729 -2.20694146e-05 0.200000003 p1 705 8
2936 578343 m2 3219262 -7.58632887e-05 0.200000003 p1 720 8
1564 579544 m2 1784298 -9.42171664e-06 0.200000003 p1 722 8
215 581263 m2 232505 -1.78732673e-08 0.200000003 p1 724 8
2633 583304 m2 2892635 -5.37662527e-06 0.200000003 p1 726 8
3537 612090 m2 3835764 -2.3401326e-05 0.200000003 p1 764 8
3283 615034 m2 3561727 -0.000478053233 0.200000003 p1 768 8
4093 618804 m2 4377195 -0.000347099995 0.200000003 p1 773 8
1392 634416 m2 1583118 -0.00101640495 0.200000003 p1 794 8
3370 636844 m2 3654640 -9.07518734e-06 0.200000003 p1 797 8
468 642606 m2 514866 -0.000192345877 0.200000003 p1 805 8
2957 647555 m2 3241733 -4.16915791e-05 0.200000003 p1 811 8
4413 661673 m2 4737077 -1.72298569e-05 0.200000003 p1 830 8
448 680324 m2 495012 -9.39981817e-08 0.200000003 p1 855 8
4014 689140 m2 4315173 -0.000863809022 0.200000003 p1 866 8
2652 702189 m2 2913228 -0.000161667398 0.200000003 p1 884 8
1980 707975 m2 2216678 -6.63922838e-05 0.200000003 p1 891 8
564 734955 m2 635841 -3.98921702e-06 0.200000003 p1 926 8
1990 745781 m2 2231188 -3.28851129e-05 0.200000003 p1 940 8
2377 752963 m2 2638591 -7.43799577e-10 0.200000003 p1 950 8
2562 754178 m2 2832980 -8.06988555e-06 0.200000003 p1 951 8
3314 761226 m2 3595370 -3.38440918e-06 0.200000003 p1 960 8
366 768964 m2 402266 -4.57358965e-06 0.200000003 p1 971 8
1168 773362 m2 1315504 -3.5375075e-07 0.200000003 p1 976 8
2249 785970 m2 2493947 -7.27971474e-06 0.200000003 p1 993 8
384 790264 m2 426775 -8.22059228e-05 0.200000003 p1 999 8
854 808201 m2 946357 -4.060828e-05 0.200000003 p1 1023 8
4379 818755 m2 4687960 -5.1589177e-05 0.200000003 p1 1037 8
4440 827017 m2 4763489 -9.16674292e-09 0.200000003 p1 1048 8
2276 830373 m2 2520658 -0.000212107538 0.200000003 p1 1052 8
3127 836719 m2 3411788 -9.28387672e-05 0.200000003 p1 1060 8
942 842742 m2 1046050 -9.22358522e-05 0.200000003 p1 1069 8
2407 851170 m2 2666167 -2.41519956e-07 0.200000003 p1 1080 8
560 859485 m2 628152 -2.52663241e-08 0.200000003 p1 1091 8
1051 866460 m2 1161669 -1.34156699e-06 0.200000003 p1 1100 8
210 884035 m2 228533 -1.60291165e-05 0.200000003 p1 1124 8
729 885552 m2 806696 -5.1982297e-05 0.200000003 p1 1126 8
3996 887652 m2 4297120 -0.000521510723 0.200000003 p1 1129 8
574 889659 m2 645616 -1.41153755e-08 0.200000003 p1 1132 8
1050 891814 m2 1161370 -2.34071777e-05 0.200000003 p1 1134 8
759 893813 m2 837186 -2.28109424e-11 0.200000003 p1 1137 8
4591 895447 m2 4929718 -0.00167250715 0.200000003 p1 1139 8
3843 899123 m2 4138842 -0.000735252048 0.200000003 p1 1144 8
3384 938735 m2 3668096 -5.8073223e-05 0.200000003 p1 1198 8
3622 947189 m2 3909232 -0.000117573494 0.200000003 p1 1209 8
720 947209 m2 795363 -0.000108710745 0.200000003 p1 1209 8
3838 953961 m2 4137444 -5.3093765e-05 0.200000003 p1 1218 8
1672 965097 m2 1911321 -2.23829097e-08 0.200000003 p1 1234 8
1537 976271 m2 1749155 -0.000642127707 0.200000003 p1 1249 8
4154 977429 m2 4435377 -0.000663001148 0.200000003 p1 1250 8
4028 978233 m2 4323328 -4.74474946e-05 0.200000003 p1 1251 8
3841 980997 m2 4138672 -2.59104254e-05 0.200000003 p1 1255 8
475 983468 m2 523671 -2.62462891e-05 0.200000003 p1 1258 8
3649 989343 m2 3935284 -0.000738649396 0.200000003 p1 1267 8
1378 997811 m2 1568522 -0.000979975564 0.200000003 p1 1278 8
3291 1002108 m2 3568731 -0.000216817993 0.200000003 p1 1284 8
1583 1022188 m2 1804185 -6.11214855e-05 0.200000003 p1 1311 8
3881 1039659 m2 4184127 -9.1284835e-07 0.200000003 p1 1335 8
1779 1067091 m2 2026771 -6.12531981e-09 0.200000003 p1 1372 8
661 1071026 m2 737648 -4.03717848e-07 0.200000003 p1 1378 8
2602 1081183 m2 2863816 -9.54630741e-06 0.200000003 p1 1391 8
4127 1090670 m2 4413479 -0.000480776333 0.200000003 p1 1405 8
3548 1114617 m2 3842191 -1.00581083e-05 0.200000003 p1 1437 8
1805 1115552 m2 2048606 -0.000114290735 0.200000003 p1 1439 8
2757 1123532 m2 3031300 -1.28162083e-05 0.200000003 p1 1450 8
3847 1130797 m2 4145927 -0.000173250737 0.200000003 p1 1459 8
512 1133188 m2 566871 -7.39179313e-06 0.200000003 p1 1463 8
761 1141482 m2 838619 -3.83867882e-05 0.200000003 p1 1474 8
4453 1157553 m2 4777626 -3.20234047e-13 0.200000003 p1 1496 8
4 1167256 m2 5029 -1.99974002e-05 0.200000003 p1 1509 8
2436 1172859 m2 2698833 -0.000383635605 0.200000003 p1 1517 8
321 1175322 m2 352703 -2.64685195e-06 0.200000003 p1 1521 8
1748 1183310 m2 1981446 -0.000396053278 0.200000003 p1 1532 8
1510 1193038 m2 1725399 -0.000286899332 0.200000003 p1 1545 8
939 1199812 m2 1041438 -0.00059860805 0.200000003 p1 1554 8
4513 1200174 m2 4839305 -1.37669764e-10 0.200000003 p1 1555 8
2091 1221869 m2 2333924 -1.9578172e-08 0.200000003 p1 1585 8
3447 1222843 m2 3729158 -0.000216379995 0.200000003 p1 1586 8
89 1227149 m2 102112 -6.85042178e-05 0.200000003 p1 1592 8
1438 1246261 m2 1638723 -0.000241709175 0.200000003 p1 1618 8
3632 1251814 m2 3920418 -7.13481882e-07 0.200000003 p1 1626 8
3925 1259460 m2 4233198 -6.28588652e-13 0.200000003 p1 1636 8
2269 1260457 m2 2513242 -2.52441996e-08 0.200000003 p1 1638 8
925 1265858 m2 1020567 -2.84765989e-08 0.200000003 p1 1645 8
2334 1266512 m2 2586026 -0.000881661254 0.200000003 p1 1646 8
2206 1268105 m2 2458841 -0.00166971912 0.200000003 p1 1648 8
2032 1270751 m2 2265160 -1.57503308e-08 0.200000003 p1 1652 8
375 1274986 m2 414094 -3.36886806e-05 0.200000003 p1 1658 8
3706 1283658 m2 4001422 -0.00046839079 0.200000003 p1 1669 8
1298 1295804 m2 1478622 -8.14264378e-10 0.200000003 p1 1686 8
466 1307010 m2 514609 -2.59658473e-09 0.200000003 p1 1702 8
2938 1329103 m2 3221387 -6.88758564e-06 0.200000003 p1 1732 8
917 1343382 m2 1008165 -1.10597441e-07 0.200000003 p1 1752 8
1155 1366322 m2 1300200 -2.19382018e-05 0.200000003 p1 1784 8
593 1367324 m2 659418 -6.69129236e-07 0.200000003 p1 1786 8
2536 1370200 m2 2807219 -0.00109440123 0.200000003 p1 1790 8
352 1370755 m2 380360 -9.11209881e-08 0.200000003 p1 1790 8
3482 1397169 m2 3774655 -5.56551818e-08 0.200000003 p1 1828 8
585 1401656 m2 653254 -1.74061297e-05 0.200000003 p1 1834 8
3050 1417389 m2 3334464 -1.18761209e-05 0.200000003 p1 1856 8
4287 1422698 m2 4576293 -4.6606081e-05 0.200000003 p1 1863 8
881 1423320 m2 971129 -8.35906176e-05 0.200000003 p1 1864 8
2949 1424157 m2 3230795 -0.000426676415 0.200000003 p1 1865 8
602 1466963 m2 673816 -3.87402281e-07 0.200000003 p1 1925 8
1195 1481121 m2 1359156 -0.000862402492 0.200000003 p1 1944 8
2181 1496765 m2 2432067 -4.49428489e-06 0.200000003 p1 1966 8
3943 1511531 m2 4250355 -4.69700644e-05 0.200000003 p1 1987 8
3554 1515688 m2 3846227 -7.38441997e-07 0.200000003 p1 1993 8
2636 1520508 m2 2893854 -7.98848923e-05 0.200000003 p1 2000 8
2631 1532353 m2 2890153 -1.30509652e-05 0.200000003 p1 2016 8
629 1537681 m2 699095 -2.40217929e-07 0.200000003 p1 2024 8
106 1542402 m2 121492 -0.000112758185 0.200000003 p1 2030 8
3975 1542913 m2 4280306 -9.99932854e-06 0.200000003 p1 2031 8
1306 1560165 m2 1492331 -3.16250407e-05 0.200000003 p1 2056 8
2220 1562221 m2 2475921 -0.000310246221 0.200000003 p1 2059 8
1950 1569039 m2 2188608 -0.00137814891 0.200000003 p1 2068 8
1735 1570764 m2 1971404 -1.6321691e-07 0.200000003 p1 2071 8
3207 1576372 m2 3496980 -1.06178959e-05 0.200000003 p1 2079 8
394 1582087 m2 439193 -7.43463606e-05 0.200000003 p1 2087 8
915 1611902 m2 1007383 -5.6996603e-09 0.200000003 p1 2128 8
1160 1617513 m2 1308154 -1.86514262e-05 0.200000003 p1 2136 8
1945 1621117 m2 2185186 -2.4778235e-09 0.200000003 p1 2141 8
3956 1622661 m2 4263507 -6.63503624e-06 0.200000003 p1 2143 8
4572 1626884 m2 4908018 -6.83937671e-08 0.200000003 p1 2149 8
4616 1628842 m2 4953616 -0.000110617933 0.200000003 p1 2151 8
879 1644810 m2 968904 -0.000181571508 0.200000003 p1 2174 8
2762 1662343 m2 3038016 -2.64339428e-06 0.200000003 p1 2198 8
3444 1683480 m2 3728046 -5.13757321e-08 0.200000003 p1 2227 8
1979 1687211 m2 2215021 -1.01559063e-08 0.200000003 p1 2233 8
1928 1694761 m2 2170006 -0.000216031505 0.200000003 p1 2243 8
71 1699944 m2 83773 -2.63058564e-06 0.200000003 p1 2250 8
1449 1703138 m2 1655891 -2.02192382e-06 0.200000003 p1 2255 8
2807 1716738 m2 3086722 -0.000446397695 0.200000003 p1 2273 8
2473 1726323 m2 2743560 -3.92130751e-05 0.200000003 p1 2286 8
862 1728965 m2 953855 -4.49648868e-12 0.200000003 p1 2290 8
2618 1729103 m2 2874967 -2.76008577e-10 0.200000003 p1 2290 8
3792 1740716 m2 4086356 -0.000620362815 0.200000003 p1 2306 8
1734 1748109 m2 1971182 -0.000196473047 0.200000003 p1 2317 8
533 1753045 m2 588469 -4.88580326e-06 0.200000003 p1 2324 8
736 1790475 m2 809962 -0.000170436775 0.200000003 p1 2376 8
1373 1795201 m2 1563415 -0.000194441425 0.200000003 p1 2383 8
2171 1795655 m2 2417575 -0.0019397334 0.200000003 p1 2384 8
1800 1798674 m2 2044562 -0.000179328053 0.200000003 p1 2388 8
3174 1810557 m2 3465922 -0.000146346458 0.200000003 p1 2405 8
1721 1813043 m2 1965695 -1.6960054e-07 0.200000003 p1 2408 8
2833 1819868 m2 3113412 -1.67299768e-05 0.200000003 p1 2418 8
2939 1834563 m2 3222830 -1.03145276e-05 0.200000003 p1 2438 8
1146 1854027 m2 1294417 -0.000364090374 0.200000003 p1 2465 8
3603 1854456 m2 3896461 -0.000584262947 0.200000003 p1 2466 8
354 1868008 m2 383488 -3.71569622e-05 0.200000003 p1 2485 8
4384 1869191 m2 4700882 -0.000219454363 0.200000003 p1 2487 8
3743 1871025 m2 4036563 -0.001766284 0.200000003 p1 2490 8
44 1883792 m2 49976 -8.00611815e-06 0.200000003 p1 2508 8
1416 1899158 m2 1612607 -3.58044039e-09 0.200000003 p1 2530 8
1422 1900882 m2 1621355 -6.62359307e-05 0.200000003 p1 2533 8
4258 1902955 m2 4544628 -6.23033484e-05 0.200000003 p1 2536 8
2309 1914492 m2 2558886 -3.1482632e-05 0.200000003 p1 2552 8
417 1915967 m2 466145 -0.000579746091 0.200000003 p1 2554 8
1450 1916909 m2 1660081 -9.24716096e-06 0.200000003 p1 2555 8
2005 1936480 m2 2240603 -0.00057455647 0.200000003 p1 2583 8
4130 1939050 m2 4416990 -0.000908296555 0.200000003 p1 2587 8
1584 1956502 m2 1806583 -3.67140783e-05 0.200000003 p1 2612 8
1272 1966997 m2 1453547 -0.000233232029 0.200000003 p1 2627 8
4570 1973180 m2 4904138 -4.67041857e-12 0.200000003 p1 2635 8
134 1995734 m2 149565 -4.04480761e-06 0.200000003 p1 2667 8
2469 2000045 m2 2737956 -5.01791801e-05 0.200000003 p1 2673 8
2369 2000187 m2 2630139 -1.09992328e-11 0.200000003 p1 2674 8
2003 2006303 m2 2240528 -0.000328177033 0.200000003 p1 2682 8
1623 2024394 m2 1842493 -2.17946217e-05 0.200000003 p1 2708 8
4541 2039117 m2 4876477 -1.70102457e-08 0.200000003 p1 2729 8
523 2051247 m2 576437 -1.31100862e-07 0.200000003 p1 2747 8
689 2056008 m2 762087 -0.00108149357 0.200000003 p1 2754 8
887 2066835 m2 975001 -0.00055838516 0.200000003 p1 2770 8
2273 2067841 m2 2518373 -1.68610786e-05 0.200000003 p1 2771 8
4449 2071366 m2 4775256 -0.000519391324 0.200000003 p1 2776 8
3059 2078377 m2 3344829 -4.42687442e-10 0.200000003 p1 2786 8
1855 2087256 m2 2101856 -8.54481768e-05 0.200000003 p1 2799 8
461 2118576 m2 507028 -0.000248748547 0.200000003 p1 2844 8
2466 2143565 m2 2730193 -2.73024784e-06 0.200000003 p1 2880 8
4418 2144176 m2 4742543 -5.86770948e-05 0.200000003 p1 2881 8
664 2149756 m2 738974 -2.11165442e-07 0.200000003 p1 2889 8
2450 2156927 m2 2712830 -0.000189010098 0.200000003 p1 2899 8
1157 2164830 m2 1305751 -8.72721503e-05 0.200000003 p1 2910 8
745 2175443 m2 818390 -6.3085763e-06 0.200000003 p1 2925 8
2449 2183623 m2 2711824 -0.000110124616 0.200000003 p1 2937 8
2026 2203210 m2 2259475 -0.000878818508 0.200000003 p1 2966 8
3883 2203793 m2 4185420 -0.000146554914 0.200000003 p1 2966 8
2263 2212964 m2 2504786 -6.7426032e-07 0.200000003 p1 2980 8
349 2214096 m2 375720 -4.2278738e-05 0.200000003 p1 2982 8
197 2236311 m2 213868 -9.91012712e-08 0.200000003 p1 3013 8
2720 2241839 m2 2981660 -0.000199636401 0.200000003 p1 3021 8
4109 2261526 m2 4390979 -0.000126266415 0.200000003 p1 3049 8
1678 2271293 m2 1916901 -3.87450314e-07 0.200000003 p1 3063 8
4520 2275104 m2 4845826 -0.000294446829 0.200000003 p1 3068 8
4538 2277894 m2 4864466 -0.00056566461 0.200000003 p1 3072 8
2428 2280997 m2 2690206 -3.86709644e-06 0.200000003 p1 3077 8
1095 2288660 m2 1238864 -1.07379572e-06 0.200000003 p1 3088 8
1612 2291381 m2 1831771 -0.000442887336 0.200000003 p1 3092 8
3761 2293858 m2 4059884 -1.44358919e-05 0.200000003 p1 3095 8
4164 2298734 m2 4445114 -1.08301456e-05 0.200000003 p1 3102 8
4551 2326121 m2 4881142 -0.000215374428 0.200000003 p1 3142 8
2569 2328221 m2 2836161 -4.60745214e-05 0.200000003 p1 3145 8
2342 2331334 m2 2594880 -0.000808318611 0.200000003 p1 3149 8
4158 2333653 m2 4439534 -7.62004083e-06 0.200000003 p1 3153 8
3453 2346273 m2 3732741 -0.00132650766 0.200000003 p1 3171 8
890 2368122 m2 980024 -0.000417026546 0.200000003 p1 3202 8
2409 2372123 m2 2669522 -6.86610583e-05 0.200000003 p1 3208 8
1818 2380673 m2 2058333 -8.36053096e-06 0.200000003 p1 3220 8
72 2390002 m2 85165 -1.57709496e-06 0.200000003 p1 3234 8
1816 2410095 m2 2055915 -0.000110413377 0.200000003 p1 3263 8
4404 2433946 m2 4727356 -9.6748081e-06 0.200000003 p1 3297 8
608 2434686 m2 678325 -3.12631732e-06 0.200000003 p1 3298 8
2813 2457754 m2 3090933 -0.000410356122 0.200000003 p1 3332 8
273 2460548 m2 299811 -0.000225110911 0.200000003 p1 3336 8
343 2471953 m2 371303 -3.02473782e-05 0.200000003 p1 3352 8
66 2479561 m2 80799 -2.48846845e-06 0.200000003 p1 3363 8
1592 2536425 m2 1813464 -2.07220319e-06 0.200000003 p1 3445 8
3810 2537607 m2 4101777 -0.000615977158 0.200000003 p1 3447 8
2841 2541902 m2 3123173 -0.00261912495 0.200000003 p1 3453 8
56 2545233 m2 64772 -0.000233066632 0.200000003 p1 3458 8
8 2551566 m2 8278 -0.000521595532 0.200000003 p1 3467 8
3022 2564411 m2 3312286 -0.000438902993 0.200000003 p1 3486 8
1952 2573309 m2 2190555 -0.000160142605 0.200000003 p1 3499 8
2696 2580314 m2 2958288 -0.00053671631 0.200000003 p1 3509 8
245 2587408 m2 273893 -5.07440632e-08 0.200000003 p1 3519 8
1566 2595575 m2 1787734 -3.34275355e-05 0.200000003 p1 3531 8
4462 2602505 m2 4788186 -2.31217004e-10 0.200000003 p1 3541 8
4176 2604328 m2 4458876 -5.13080631e-05 0.200000003 p1 3544 8
2227 2610642 m2 2480088 -4.66889651e-06 0.200000003 p1 3552 8
538 2614620 m2 602963 -6.3108857e-10 0.200000003 p1 3558 8
2098 2618681 m2 2340629 -0.000713238958 0.200000003 p1 3564 8
1744 2646431 m2 1978181 -0.00109848741 0.200000003 p1 3604 8
3607 2649092 m2 3898483 -2.01067962e-07 0.200000003 p1 3608 8
318 2651673 m2 346386 -1.89166967e-05 0.200000003 p1 3612 8
901 2658264 m2 994422 -3.72801442e-11 0.200000003 p1 3621 8
1028 2660575 m2 1136490 -0.000238020439 0.200000003 p1 3625 8
1925 2662243 m2 2167886 -7.13755144e-05 0.200000003 p1 3627 8
3669 2690295 m2 3959779 -0.000698289427 0.200000003 p1 3668 8
147 2711213 m2 161271 -0.000291235017 0.200000003 p1 3698 8
2954 2723759 m2 3239247 -2.82225719e-05 0.200000003 p1 3716 8
200 2725265 m2 215402 -4.14250621e-07 0.200000003 p1 3718 8
2799 2728371 m2 3080586 -0.00023805481 0.200000003 p1 3723 8
2372 2759033 m2 2634454 -0.00375617412 0.200000003 p1 3767 8
1649 2766702 m2 1872436 -5.68048381e-06 0.200000003 p1 3779 8
4178 2801536 m2 4461055 -1.3221812e-05 0.200000003 p1 3829 8
1714 2819946 m2 1958361 -1.32139615e-08 0.200000003 p1 3856 8
4283 2820059 m2 4571553 -0.000109296867 0.200000003 p1 3856 8
904 2842695 m2 999453 -9.35169808e-08 0.200000003 p1 3889 8
1072 2843108 m2 1192713 -2.27417601e-07 0.200000003 p1 3890 8
2592 2870807 m2 2858474 -0.00015350715 0.200000003 p1 3930 8
579 2880820 m2 648114 -0.000321771455 0.200000003 p1 3944 8
120 2885473 m2 137596 -4.37340095e-05 0.200000003 p1 3951 8
880 2892332 m2 969208 -0.000371971255 0.200000003 p1 3961 8
179 2893277 m2 188405 -0.000913421274 0.200000003 p1 3962 8
3368 2903226 m2 3652881 -7.92613477e-08 0.200000003 p1 3977 8
4532 2904713 m2 4855761 -9.05140407e-11 0.200000003 p1 3979 8
3731 2905428 m2 4024821 -0.000153581175 0.200000003 p1 3980 8
175 2911454 m2 186923 -0.000638399681 0.200000003 p1 3989 8
1557 2913658 m2 1773535 -6.37670018e-05 0.200000003 p1 3992 8
2410 2915795 m2 2669574 -7.12154929e-07 0.200000003 p1 3995 8
3570 2931043 m2 3864000 -0.000283088099 0.200000003 p1 4017 8
3950 2939088 m2 4253704 -0.000113093156 0.200000003 p1 4029 8
650 2949248 m2 724219 -0.000218214904 0.200000003 p1 4044 8
4602 2982137 m2 4942475 -6.05279411e-07 0.200000003 p1 4091 8
213 2985586 m2 230892 -0.0011713386 0.200000003 p1 4096 8
317 2991232 m2 344834 -3.59164375e-07 0.200000003 p1 4104 8
4097 2999558 m2 4380372 -0.000341068517 0.200000003 p1 4116 8
4181 3014601 m2 4463618 -5.95335441e-05 0.200000003 p1 4138 8
1029 3015778 m2 1137428 -0.000607055204 0.200000003 p1 4140 8
4295 3022725 m2 4587796 -3.08658266e-10 0.200000003 p1 4150 8
2819 3036599 m2 3096299 -0.000333372678 0.200000003 p1 4170 8
1394 3059853 m2 1584147 -2.2495554e-11 0.200000003 p1 4202 8
688 3090251 m2 761632 -0.000241508344 0.200000003 p1 4246 8
3315 3094116 m2 3595990 -7.63397329e-05 0.200000003 p1 4251 8
2002 3101124 m2 2239582 -3.45059971e-06 0.200000003 p1 4262 8
1792 3128501 m2 2036525 -0.000154945243 0.200000003 p1 4301 8
288 3136962 m2 315372 -0.0037035658 0.200000003 p1 4313 8
382 3158041 m2 424630 -0.00022364466 0.200000003 p1 4345 8
2421 3161930 m2 2681076 -2.60992078e-06 0.200000003 p1 4351 8
477 3164233 m2 527079 -3.32964373e-06 0.200000003 p1 4354 8
2019 3167858 m2 2255277 -0.000659913581 0.200000003 p1 4359 8
3357 3169399 m2 3642327 -0.000106218693 0.200000003 p1 4362 8
1569 3170887 m2 1789308 -2.39344026e-05 0.200000003 p1 4364 8
3648 3179271 m2 3935154 -2.53573006e-07 0.200000003 p1 4376 8
1659 3179844 m2 1894580 -3.95369348e-10 0.200000003 p1 4377 8
2982 3186437 m2 3268817 -5.54288163e-05 0.200000003 p1 4387 8
2239 3188036 m2 2488539 -1.75792678e-07 0.200000003 p1 4389 8
2169 3199533 m2 2414995 -4.75639899e-05 0.200000003 p1 4406 8
4019 3210233 m2 4319876 -0.00299046678 0.200000003 p1 4422 8
2130 3223518 m2 2368953 -3.5293775e-05 0.200000003 p1 4442 8
2324 3240143 m2 2574569 -0.000393024122 0.200000003 p1 4466 8
425 3242419 m2 475182 -5.30900179e-05 0.200000003 p1 4469 8
4032 3253975 m2 4324343 -1.42223926e-05 0.200000003 p1 4486 8
1679 3259154 m2 1918106 -3.90989015e-07 0.200000003 p1 4494 8
2267 3304625 m2 2512122 -1.54622649e-06 0.200000003 p1 4559 8
1367 3308414 m2 1555858 -0.000266186165 0.200000003 p1 4564 8
4299 3326141 m2 4593962 -0.000116828734 0.200000003 p1 4590 8
1112 3343572 m2 1257917 -5.95468236e-07 0.200000003 p1 4616 8
2406 3346160 m2 2666125 -2.40224129e-09 0.200000003 p1 4619 8
1115 3367261 m2 1262640 -0.000140951219 0.200000003 p1 4651 8
4637 3373780 m2 4975231 -0.00131689431 0.200000003 p1 4660 8
1967 3374019 m2 2206352 -1.51836172e-12 0.200000003 p1 4661 8
1054 3391755 m2 1166993 -2.28459794e-05 0.200000003 p1 4687 8
3075 3408200 m2 3366209 -0.00020811554 0.200000003 p1 4711 8
3558 3408572 m2 3848121 -0.000628026261 0.200000003 p1 4712 8
2030 3409665 m2 2260918 -1.11448453e-05 0.200000003 p1 4713 8
2572 3415306 m2 2838989 -2.12791815e-06 0.200000003 p1 4721 8
128 3418593 m2 143875 -8.53576694e-07 0.200000003 p1 4726 8
2951 3435646 m2 3236361 -8.63665337e-05 0.200000003 p1 4751 8
4359 3460367 m2 4663906 -1.97766985e-05 0.200000003 p1 4788 8
643 3477741 m2 714409 -1.62431957e-06 0.200000003 p1 4813 8
3307 3494836 m2 3584731 -0.000251740334 0.200000003 p1 4839 8
1434 3495261 m2 1636693 -0.000242421316 0.200000003 p1 4840 8
1499 3513284 m2 1716433 -3.879613e-05 0.200000003 p1 4866 8
1986 3514002 m2 2224795 -7.24975034e-05 0.200000003 p1 4867 8
1016 3517879 m2 1124878 -5.30361604e-06 0.200000003 p1 4873 8
1181 3525191 m2 1336687 -0.0001517036 0.200000003 p1 4884 8
4325 3532082 m2 4636291 -0.000539456902 0.200000003 p1 4894 8
3876 3547923 m2 4180083 -8.69816697e-13 0.200000003 p1 4917 8
3330 3556834 m2 3608909 -8.6029926e-05 0.200000003 p1 4930 8
1052 3556887 m2 1162870 -6.75146339e-07 0.200000003 p1 4930 8
3817 3586617 m2 4108247 -0.000131106237 0.200000003 p1 4975 8
3254 3587768 m2 3537617 -1.45581419e-06 0.200000003 p1 4976 8
3437 3595258 m2 3718831 -0.000296088605 0.200000003 p1 4987 8
148 3598997 m2 161894 -0.000416320399 0.200000003 p1 4992 8
296 3607008 m2 329041 -5.39418261e-06 0.200000003 p1 5004 8
3920 3616589 m2 4229136 -4.60044475e-06 0.200000003 p1 5018 8
1766 3621827 m2 2012069 -8.03257899e-06 0.200000003 p1 5026 8
1492 3634113 m2 1709820 -8.81618871e-06 0.200000003 p1 5044 8
1984 3636895 m2 2222725 -0.000297564548 0.200000003 p1 5048 8
3334 3642842 m2 3614263 -2.60302272e-06 0.200000003 p1 5057 8
3497 3649159 m2 3788484 -2.2286797e-06 0.200000003 p1 5067 8
1294 3659604 m2 1475270 -0.000799280999 0.200000003 p1 5082 8
1026 3661266 m2 1132427 -0.000309304218 0.200000003 p1 5084 8
1046 3664658 m2 1154913 -0.00231303833 0.200000003 p1 5090 8
762 3671486 m2 839853 -0.000754080538 0.200000003 p1 5100 8
1319 3679095 m2 1503728 -1.00061297e-05 0.200000003 p1 5111 8
65 3679584 m2 80319 -4.16974444e-07 0.200000003 p1 5112 8
1961 3690336 m2 2195744 -5.36347579e-06 0.200000003 p1 5127 8
3992 3693066 m2 4293379 -0.000395747891 0.200000003 p1 5131 8
851 3694871 m2 945867 -0.000627369154 0.200000003 p1 5134 8
4639 3735637 m2 4976342 -0.00101022655 0.200000003 p1 5195 8
2280 3750307 m2 2524002 -4.48958986e-07 0.200000003 p1 5217 8
3800 3771952 m2 4090080 -2.05269191e-10 0.200000003 p1 5249 8
2946 3773812 m2 3228213 -4.91921037e-06 0.200000003 p1 5252 8
4261 3776354 m2 4546079 -7.70803817e-05 0.200000003 p1 5256 8
4247 3781147 m2 4532730 -5.70172888e-05 0.200000003 p1 5264 8
1519 3787012 m2 1736854 -0.000685128674 0.200000003 p1 5272 8
4113 3789849 m2 4394908 -1.37906477e-08 0.200000003 p1 5277 8
2863 3794576 m2 3149846 -2.88096053e-05 0.200000003 p1 5284 8
3124 3795843 m2 3407907 -0.000129863911 0.200000003 p1 5286 8
2173 3798328 m2 2418491 -5.41723193e-06 0.200000003 p1 5290 8
2675 3810774 m2 2933559 -2.49976511e-05 0.200000003 p1 5309 8
2679 3813597 m2 2937290 -0.000457202317 0.200000003 p1 5313 8
313 3817511 m2 343805 -0.00128884939 0.200000003 p1 5319 8
3259 3822528 m2 3543604 -9.22567324e-07 0.200000003 p1 5326 8
872 3849109 m2 959977 -2.65870822e-05 0.200000003 p1 5367 8
1198 3851192 m2 1360787 -8.04394731e-05 0.200000003 p1 5370 8
4654 3866509 m2 4994478 -2.27628846e-07 0.200000003 p1 5393 8
4075 3868975 m2 4363736 -3.64313892e-05 0.200000003 p1 5397 8
1774 3903759 m2 2019861 -9.63984421e-05 0.200000003 p1 5448 8
2999 3909097 m2 3284851 -0.000339713384 0.200000003 p1 5456 8
3620 3917330 m2 3907253 -0.000705633895 0.200000003 p1 5469 8
2748 3929975 m2 3017163 -0.000166248763 0.200000003 p1 5488 8
4034 3936090 m2 4324690 -0.000114728355 0.200000003 p1 5497 8
4625 3945737 m2 4962330 -1.9419697e-09 0.200000003 p1 5511 8
40 3950596 m2 45720 -4.64619916e-05 0.200000003 p1 5519 8
3434 3955138 m2 3714464 -0.000525106327 0.200000003 p1 5526 8
4100 3963664 m2 4383593 -3.87432774e-05 0.200000003 p1 5539 8
3563 3965914 m2 3857277 -0.00125140266 0.200000003 p1 5542 8
3039 3979273 m2 3324238 -0.00190242147 0.200000003 p1 5562 8
2416 3994138 m2 2672943 -8.90795775e-08 0.200000003 p1 5584 8
697 4021557 m2 771090 -1.93141769e-09 0.200000003 p1 5626 8
1039 4044905 m2 1150747 -5.83249352e-11 0.200000003 p1 5662 8
2392 4056849 m2 2654642 -0.000506988843 0.200000003 p1 5680 8
3668 4058808 m2 3957655 -0.000176489673 0.200000003 p1 5683 8
1533 4060806 m2 1746369 -3.27368319e-08 0.200000003 p1 5686 8
2006 4072737 m2 2240604 -7.90117208e-11 0.200000003 p1 5704 8
92 4086102 m2 105971 -2.16814385e-07 0.200000003 p1 5724 8
3753 4089705 m2 4054541 -2.54160852e-07 0.200000003 p1 5730 8
2658 4098331 m2 2916144 -0.000234450956 0.200000003 p1 5743 8
2839 4115939 m2 3122910 -0.00185493694 0.200000003 p1 5770 8
4269 4132712 m2 4558637 -1.45401327e-05 0.200000003 p1 5796 8
3962 4141854 m2 4266381 -1.75154819e-05 0.200000003 p1 5810 8
2482 4150349 m2 2751726 -4.62185699e-06 0.200000003 p1 5823 8
135 4164229 m2 149743 -2.02615024e-06 0.200000003 p1 5844 8
3970 4172775 m2 4276115 -0.000321927364 0.200000003 p1 5857 8
1708 4183177 m2 1950809 -8.17383716e-06 0.200000003 p1 5873 8
2584 4194076 m2 2846554 -0.000107157757 0.200000003 p1 5890 8
513 4195296 m2 566961 -4.9505441e-05 0.200000003 p1 5892 8
1209 4199531 m2 1378829 -2.37661297e-07 0.200000003 p1 5898 8
277 4224933 m2 304594 -8.81417975e-07 0.200000003 p1 5937 8
3812 4227297 m2 4103085 -1.59058416e-07 0.200000003 p1 5941 8
3312 4234122 m2 3593699 -1.21985113e-05 0.200000003 p1 5951 8
1389 4239171 m2 1580978 -2.90428015e-05 0.200000003 p1 5959 8
1645 4256569 m2 1867728 -4.07431507e-05 0.200000003 p1 5985 8
4254 4263480 m2 4542291 -2.73193527e-05 0.200000003 p1 5995 8
830 4276645 m2 924910 -0.000591058808 0.200000003 p1 6015 8
2275 4281872 m2 2520177 -8.5808897e-06 0.200000003 p1 6023 8
1125 4281945 m2 1273886 -1.15379373e-06 0.200000003 p1 6023 8
3424 4287017 m2 3707994 -0.00116503146 0.200000003 p1 6031 8
199 4289334 m2 214646 -0.0024521756 0.200000003 p1 6034 8
3486 4312378 m2 3776218 -0.000816161511 0.200000003 p1 6069 8
391 4336225 m2 437482 -0.00101508223 0.200000003 p1 6105 8
2296 4336297 m2 2542085 -1.60784043e-06 0.200000003 p1 6106 8
1788 4341584 m2 2035391 -0.000313286262 0.200000003 p1 6114 8
2773 4346797 m2 3053081 -0.00103961921 0.200000003 p1 6122 8
3395 4357183 m2 3675256 -1.38451696e-07 0.200000003 p1 6137 8
1121 4357754 m2 1268820 -0.00254848832 0.200000003 p1 6138 8
631 4372996 m2 699847 -0.000470796134 0.200000003 p1 6162 8
1094 4383777 m2 1237529 -0.0016622832 0.200000003 p1 6179 8
3845 4387713 m2 4141355 -1.69108043e-05 0.200000003 p1 6185 8
2403 4393408 m2 2664038 -0.000363037456 0.200000003 p1 6194 8
3566 4399924 m2 3861557 -9.14802367e-05 0.200000003 p1 6204 8
4642 4410152 m2 4979338 -0.000109498011 0.200000003 p1 6219 8
3505 4411108 m2 3794441 -0.000168458704 0.200000003 p1 6221 8
3481 4416511 m2 3774611 -4.31801123e-10 0.200000003 p1 6229 8
2558 4416628 m2 2830829 -0.000165268226 0.200000003 p1 6229 8
932 4429671 m2 1028964 -0.000373936171 0.200000003 p1 6249 8
2136 4436948 m2 2371913 -1.59617329e-07 0.200000003 p1 6261 8
1823 4437533 m2 2065336 -2.43079535e-06 0.200000003 p1 6262 8
1349 4453346 m2 1536841 -0.000545103161 0.200000003 p1 6286 8
2568 4483923 m2 2836103 -2.08843812e-05 0.200000003 p1 6333 8
2609 4486816 m2 2869604 -0.000421589677 0.200000003 p1 6338 8
397 4487613 m2 442343 -4.25050985e-07 0.200000003 p1 6339 8
4214 4492273 m2 4497935 -3.93468184e-07 0.200000003 p1 6346 8
2867 4500006 m2 3151980 -0.000629686459 0.200000003 p1 6358 8
4468 4503515 m2 4791121 -8.37629341e-06 0.200000003 p1 6363 8
3102 4516523 m2 3383432 -0.000915971934 0.200000003 p1 6383 8
2887 4553503 m2 3173236 -1.14419983e-07 0.200000003 p1 6439 8
4569 4556751 m2 4903795 -2.95876544e-05 0.200000003 p1 6444 8
3536 4562788 m2 3834012 -3.81063292e-05 0.200000003 p1 6454 8
4631 4591530 m2 4964377 -0.000688920962 0.200000003 p1 6498 8
3473 4596951 m2 3761548 -7.43299688e-06 0.200000003 p1 6507 8
1433 4604732 m2 1634697 -1.33204039e-05 0.200000003 p1 6519 8
520 4621849 m2 572263 -8.7465105e-06 0.200000003 p1 6545 8
3852 4627711 m2 4151017 -1.65668007e-05 0.200000003 p1 6554 8
2135 4633822 m2 2371653 -3.76928688e-06 0.200000003 p1 6564 8
4292 4640232 m2 4582515 -0.000726956292 0.200000003 p1 6574 8
1235 4641578 m2 1401360 -0.000195039582 0.200000003 p1 6576 8
3689 4645790 m2 3980406 -0.0014209043 0.200000003 p1 6582 8
4099 4649914 m2 4383344 -0.000558901869 0.200000003 p1 6589 8
2202 4651820 m2 2452232 -9.41928829e-06 0.200000003 p1 6591 8
3415 4658263 m2 3692964 -1.40091161e-05 0.200000003 p1 6601 8
2717 4661638 m2 2979771 -0.00162176392 0.200000003 p1 6606 8
3986 4672647 m2 4288809 -1.06369917e-07 0.200000003 p1 6624 8
2326 4684341 m2 2576830 -3.43483698e-05 0.200000003 p1 6642 8
2317 4693125 m2 2570387 -3.8580115e-06 0.200000003 p1 6655 8
1351 4708479 m2 1538116 -0.000588891504 0.200000003 p1 6678 8
2187 4713142 m2 2440124 -5.58542433e-06 0.200000003 p1 6685 8
2214 4762403 m2 2468344 -8.83234679e-05 0.200000003 p1 6759 8
1309 4770997 m2 1496129 -0.00029755701 0.200000003 p1 6773 8
3741 4779351 m2 4033000 -6.04026936e-05 0.200000003 p1 6785 8
709 4780993 m2 782474 -0.000295736245 0.200000003 p1 6788 8
1065 4786021 m2 1181894 -0.000181554584 0.200000003 p1 6796 8
4480 4797136 m2 4803022 -0.000458665512 0.200000003 p1 6813 8
1898 4810340 m2 2137270 -0.00042427826 0.200000003 p1 6833 8
1752 4812037 m2 1986389 -1.01001024e-06 0.200000003 p1 6836 8
2168 4812597 m2 2414106 -1.59947888e-06 0.200000003 p1 6836 8
4107 4815408 m2 4389534 -0.000663093873 0.200000003 p1 6841 8
1318 4818498 m2 1503670 -0.000156953858 0.200000003 p1 6845 8
356 4827187 m2 384098 -0.00146932655 0.200000003 p1 6859 8
2961 4834499 m2 3245230 -0.000684478728 0.200000003 p1 6869 8
1301 4834930 m2 1482288 -2.39953799e-08 0.200000003 p1 6870 8
3618 4835521 m2 3906146 -9.7184909e-08 0.200000003 p1 6871 8
2478 4839273 m2 2747258 -8.61334502e-06 0.200000003 p1 6877 8
4288 4852294 m2 4577117 -0.00126786612 0.200000003 p1 6897 8
3441 4854850 m2 3722309 -4.06290106e-11 0.200000003 p1 6901 8
2639 4859392 m2 2899353 -2.47661355e-05 0.200000003 p1 6908 8
2289 4868602 m2 2536842 -1.04727314e-05 0.200000003 p1 6922 8
3038 4871037 m2 3323483 -9.12448086e-05 0.200000003 p1 6926 8
1646 4876322 m2 1870162 -0.000109447268 0.200000003 p1 6934 8
3105 4893525 m2 3387762 -0.00268405769 0.200000003 p1 6960 8
3816 4896129 m2 4105702 -6.29021742e-05 0.200000003 p1 6964 8
1568 4900777 m2 1789113 -5.79620719e-05 0.200000003 p1 6971 8
1011 4901118 m2 1117342 -5.41698626e-07 0.200000003 p1 6972 8
4201 4924112 m2 4484568 -5.10239566e-08 0.200000003 p1 7008 8
2604 4926397 m2 2864344 -0.000895742211 0.200000003 p1 7011 8
1521 4931439 m2 1737508 -2.86369323e-05 0.200000003 p1 7019 8
1722 4935619 m2 1965703 -0.000416379306 0.200000003 p1 7026 8
1660 4939682 m2 1896219 -2.67719969e-07 0.200000003 p1 7032 8
3747 4951086 m2 4043170 -1.84343826e-05 0.200000003 p1 7050 8
4593 4951421 m2 4933489 -0.000448989536 0.200000003 p1 7050 8
973 4951710 m2 1075173 -0.000511446327 0.200000003 p1 7051 8
3610 4957416 m2 3901101 -4.63485918e-07 0.200000003 p1 7060 8
1815 4957461 m2 2055496 -0.00157940574 0.200000003 p1 7060 8
3804 4959161 m2 4092262 -2.51148176e-05 0.200000003 p1 7063 8
1552 4961406 m2 1769051 -4.48990113e-06 0.200000003 p1 7066 8
3180 4972637 m2 3468918 -1.31198746e-10 0.200000003 p1 7083 8
619 4989068 m2 692498 -0.000161798045 0.200000003 p1 7109 8
2472 5004322 m2 2742843 -1.00662719e-05 0.200000003 p1 7132 8
1585 5005770 m2 1807451 -0.000788067002 0.200000003 p1 7135 8
3074 5034919 m2 3364866 -0.00101623544 0.200000003 p1 7180 8
506 5047428 m2 560468 -0.000376949174 0.200000003 p1 7199 8
3936 5055165 m2 4245892 -7.53702479e-05 0.200000003 p1 7211 8
1180 5056128 m2 1334821 -0.00163990946 0.200000003 p1 7213 8
2137 5059510 m2 2375359 -0.000460186857 0.200000003 p1 7218 8
2909 5060701 m2 3195285 -7.30834013e-13 0.200000003 p1 7220 8
501 5061349 m2 552540 -5.44117866e-05 0.200000003 p1 7221 8
1799 5066615 m2 2041462 -0.000424253376 0.200000003 p1 7229 8
2948 5067643 m2 3229952 -7.05673756e-06 0.200000003 p1 7230 8
2818 5074957 m2 3093052 -8.4246517e-07 0.200000003 p1 7242 8
2380 5082721 m2 2640679 -0.000711464207 0.200000003 p1 7253 8
2323 5094475 m2 2573230 -1.22693805e-07 0.200000003 p1 7271 8
49 5104255 m2 57834 -9.6587255e-06 0.200000003 p1 7287 8
4653 5106698 m2 4994141 -0.00128000381 0.200000003 p1 7290 8
677 5116387 m2 755270 -0.000227091921 0.200000003 p1 7305 8
3861 5121391 m2 4158823 -6.08863957e-05 0.200000003 p1 7313 8
1424 5124093 m2 1623851 -1.44793175e-16 0.200000003 p1 7317 8
3072 5129938 m2 3363609 -1.69278323e-07 0.200000003 p1 7326 8
4260 5155187 m2 4545833 -0.000286753173 0.200000003 p1 7366 8
79 5155487 m2 94456 -2.90105788e-08 0.200000003 p1 7366 8
465 5160086 m2 514032 -8.82168752e-06 0.200000003 p1 7374 8
3782 5163186 m2 4079812 -0.000398386765 0.200000003 p1 7379 8
805 5174537 m2 901428 -5.14532417e-10 0.200000003 p1 7397 8
2560 5187831 m2 2831735 -4.71247546e-07 0.200000003 p1 7418 8
3158 5208303 m2 3446673 -0.000314013305 0.200000003 p1 7450 8
3692 5212827 m2 3982338 -7.39238772e-07 0.200000003 p1 7458 8
2854 5218974 m2 3134943 -0.000982048223 0.200000003 p1 7468 8
940 5221200 m2 1041556 -7.34776622e-05 0.200000003 p1 7471 8
4491 5221978 m2 4817983 -0.00106727588 0.200000003 p1 7472 8
1141 5225352 m2 1291696 -3.4749035e-05 0.200000003 p1 7478 8
3531 5231767 m2 3832279 -6.08035711e-09 0.200000003 p1 7488 8
1110 5231919 m2 1253672 -3.87690079e-07 0.200000003 p1 7488 8
4415 5241167 m2 4738923 -0.000200526367 0.200000003 p1 7503 8
3262 5259823 m2 3546044 -0.000246951415 0.200000003 p1 7533 8
2368 5261566 m2 2629796 -9.7086081e-07 0.200000003 p1 7536 8
360 5266016 m2 390169 -0.000844286929 0.200000003 p1 7543 8
460 5269479 m2 506205 -1.41171995e-07 0.200000003 p1 7549 8
119 5270227 m2 136683 -0.0011888931 0.200000003 p1 7550 8
4525 5283054 m2 4849899 -0.00131856184 0.200000003 p1 7570 8
1420 5283442 m2 1618440 -0.000174616158 0.200000003 p1 7571 8
719 5297626 m2 794598 -3.87684942e-08 0.200000003 p1 7594 8
3722 5323580 m2 4015290 -0.000115721159 0.200000003 p1 7635 8
2969 5327727 m2 3256106 -2.75434731e-10 0.200000003 p1 7642 8
960 5344580 m2 1065475 -4.2365129e-05 0.200000003 p1 7669 8
4482 5350930 m2 4803832 -5.77727519e-07 0.200000003 p1 7678 8
3959 5353672 m2 4265777 -3.85002822e-05 0.200000003 p1 7683 8
3882 5405851 m2 4184320 -0.000265286129 0.200000003 p1 7765 8
136 5423200 m2 150936 -0.000164987301 0.200000003 p1 7792 8
3984 5427055 m2 4288537 -6.72201204e-05 0.200000003 p1 7798 8
4337 5441467 m2 4648153 -7.78448339e-06 0.200000003 p1 7821 8
4662 5451366 m2 4998045 -0.000109322296 0.200000003 p1 7837 8
1887 5477321 m2 2131417 -1.31815895e-07 0.200000003 p1 7877 8
555 5480865 m2 624926 -1.33033363e-05 0.200000003 p1 7883 8
2780 5509140 m2 3059111 -6.53532115e-05 0.200000003 p1 7927 8
4652 5513324 m2 4993159 -0.000140349643 0.200000003 p1 7934 8
1644 5521921 m2 1867027 -0.00250018365 0.200000003 p1 7948 8
3540 5531991 m2 3838574 -5.78629988e-05 0.200000003 p1 7964 8
2399 5541529 m2 2661136 -2.70715691e-06 0.200000003 p1 7979 8
2387 5542177 m2 2646230 -1.66949612e-05 0.200000003 p1 7980 8
2426 5551667 m2 2686131 -2.80534846e-06 0.200000003 p1 7995 8
4310 5551697 m2 4612489 -2.17157253e-06 0.200000003 p1 7995 8
3870 5563192 m2 4169091 -4.56438393e-05 0.200000003 p1 8013 8
1295 5568914 m2 1475760 -6.22031121e-06 0.200000003 p1 8022 8
1188 5571745 m2 1346047 -1.72999219e-11 0.200000003 p1 8027 8
2913 5586936 m2 3198388 -5.37431276e-07 0.200000003 p1 8051 8
2905 5595362 m2 3191354 -0.000661892409 0.200000003 p1 8065 8
457 5605147 m2 505230 -3.71626702e-05 0.200000003 p1 8080 8
812 5607644 m2 904883 -2.87070065e-07 0.200000003 p1 8084 8
2394 5609003 m2 2658518 -0.000122561934 0.200000003 p1 8087 8
2860 5617688 m2 3147282 -0.000101331862 0.200000003 p1 8100 8
1719 5636224 m2 1962498 -1.81095966e-05 0.200000003 p1 8130 8
1657 5642742 m2 1891483 -5.88435611e-09 0.200000003 p1 8140 8
1683 5644963 m2 1923389 -0.000446008227 0.200000003 p1 8144 8
3219 5645492 m2 3505287 -8.02881368e-06 0.200000003 p1 8145 8
80 5652695 m2 94470 -0.000120117642 0.200000003 p1 8156 8
782 5664745 m2 874008 -4.84278069e-11 0.200000003 p1 8175 8
578 5665083 m2 647005 -0.00286639621 0.200000003 p1 8176 8
4217 5665452 m2 4499765 -0.000885331247 0.200000003 p1 8176 8
592 5680587 m2 658887 -0.000858685584 0.200000003 p1 8200 8
3914 5687689 m2 4213674 -0.000356061355 0.200000003 p1 8211 8
3780 5692104 m2 4078547 -7.23129148e-08 0.200000003 p1 8218 8
392 5694181 m2 437823 -0.000368962326 0.200000003 p1 8222 8
4138 5701546 m2 4422435 -0.000121351339 0.200000003 p1 8233 8
4119 5711998 m2 4403124 -0.00063992315 0.200000003 p1 8250 8
2674 5714693 m2 2931953 -8.34509194e-07 0.200000003 p1 8255 8
908 5728143 m2 1002488 -0.000441817101 0.200000003 p1 8277 8
1905 5733466 m2 2142984 -0.000120496443 0.200000003 p1 8285 8
3099 5733521 m2 3381600 -0.000517109409 0.200000003 p1 8285 8
1031 5738584 m2 1143879 -2.84858397e-05 0.200000003 p1 8293 8
463 5741771 m2 512887 -0.000599230523 0.200000003 p1 8299 8
2025 5752076 m2 2259386 -0.000388667511 0.200000003 p1 8315 8
1290 5759086 m2 1471220 -0.000105346488 0.200000003 p1 8327 8
4156 5759109 m2 4438315 -2.61211297e-09 0.200000003 p1 8327 8
3547 5786460 m2 3842041 -4.23200399e-05 0.200000003 p1 8370 8
3480 5787901 m2 3772261 -0.000556859944 0.200000003 p1 8372 8
4428 5797040 m2 4752959 -0.000123165795 0.200000003 p1 8387 8
3723 5803853 m2 4016014 -1.49827792e-05 0.200000003 p1 8398 8
3972 5812255 m2 4277830 -0.00190222682 0.200000003 p1 8412 8
1099 5813219 m2 1241523 -0.000132284651 0.200000003 p1 8413 8
2442 5813710 m2 2702042 -1.49962751e-10 0.200000003 p1 8414 8
1482 5814684 m2 1694945 -6.35064172e-14 0.200000003 p1 8416 8
3185 5821891 m2 3472923 -0.000236751628 0.200000003 p1 8428 8
3344 5830223 m2 3630892 -0.00159372494 0.200000003 p1 8441 8
4264 5842041 m2 4551093 -1.01963915e-05 0.200000003 p1 8461 8
914 5845629 m2 1006087 -4.3398577e-05 0.200000003 p1 8467 8
2978 5848080 m2 3262381 -5.09609163e-05 0.200000003 p1 8471 8
3862 5850053 m2 4158940 -1.46022985e-05 0.200000003 p1 8474 8
4537 5861281 m2 4858145 -0.000123738282 0.200000003 p1 8493 8
991 5862966 m2 1097678 -4.01565012e-05 0.200000003 p1 8495 8
93 5881702 m2 106399 -9.79399338e-05 0.200000003 p1 8526 8
1143 5882546 m2 1293107 -0.000226913791 0.200000003 p1 8528 8
3821 5882654 m2 4113318 -0.000386364438 0.200000003 p1 8528 8
2167 5892501 m2 2412893 -2.69318207e-05 0.200000003 p1 8544 8
2124 5916825 m2 2366251 -6.3776919e-05 0.200000003 p1 8585 8
4021 5923111 m2 4320602 -0.000211815073 0.200000003 p1 8595 8
4635 5927170 m2 4970169 -7.22983486e-06 0.200000003 p1 8602 8
2830 5927762 m2 3111056 -0.000657567987 0.200000003 p1 8603 8
1481 5943536 m2 1694318 -3.64726329e-05 0.200000003 p1 8629 8
2458 5958820 m2 2723224 -3.16105275e-06 0.200000003 p1 8654 8
482 5973106 m2 529664 -0.00240630726 0.200000003 p1 8677 8
3134 5973683 m2 3416258 -0.000220341186 0.200000003 p1 8678 8
3085 5985028 m2 3373087 -0.000901855121 0.200000003 p1 8697 8
4530 5988529 m2 4852984 -2.05321001e-07 0.200000003 p1 8702 8
3224 5996098 m2 3507846 -1.32855075e-05 0.200000003 p1 8715 8
3631 6029118 m2 3920093 -0.0011349913 0.200000003 p1 8768 8
3333 6034027 m2 3612971 -3.05764734e-05 0.200000003 p1 8776 8
1969 6046310 m2 2208376 -2.82061101e-05 0.200000003 p1 8796 8
1498 6061567 m2 1714980 -0.00144905655 0.200000003 p1 8820 8
2093 6064362 m2 2335553 -0.000113270107 0.200000003 p1 8824 8
1260 6075340 m2 1442633 -5.55223664e-07 0.200000003 p1 8842 8
3696 6091174 m2 3988430 -0.000862971181 0.200000003 p1 8868 8
3500 6092102 m2 3791850 -4.77055219e-05 0.200000003 p1 8869 8
2077 6097630 m2 2321747 -3.22833171e-06 0.200000003 p1 8878 8
3382 6129434 m2 3667863 -0.000148066101 0.200000003 p1 8931 8
211 6134973 m2 229539 -7.51095968e-08 0.200000003 p1 8940 8
2462 6141842 m2 2726777 -4.4039758e-11 0.200000003 p1 8951 8
4174 6174315 m2 4457036 -1.11068784e-05 0.200000003 p1 9005 8
1785 6196683 m2 2032770 -0.00128154235 0.200000003 p1 9042 8
1808 6198517 m2 2051456 -2.20874936e-05 0.200000003 p1 9045 8
3412 6205268 m2 3691197 -6.0562139e-05 0.200000003 p1 9055 8
4001 6206002 m2 4303392 -1.28506628e-07 0.200000003 p1 9057 8
2904 6207048 m2 3190231 -1.21896246e-05 0.200000003 p1 9058 8
2012 6209092 m2 2248201 -0.00216657459 0.200000003 p1 9062 8
744 6214468 m2 817503 -2.99323947e-05 0.200000003 p1 9070 8
1761 6215842 m2 1999701 -9.09240498e-07 0.200000003 p1 9072 8
297 6219962 m2 330499 -3.06346228e-05 0.200000003 p1 9079 8
3103 6228375 m2 3384002 -1.56359711e-05 0.200000003 p1 9093 8
1444 6228666 m2 1651880 -5.15854408e-05 0.200000003 p1 9093 8
3504 6228792 m2 3794293 -9.79407332e-07 0.200000003 p1 9094 8
3034 6245947 m2 3322096 -2.84304679e-05 0.200000003 p1 9121 8
2396 6246799 m2 2659848 -9.07858848e-05 0.200000003 p1 9123 8
648 6258685 m2 722222 -5.38743947e-08 0.200000003 p1 9142 8
2229 6278500 m2 2481187 -0.00126772886 0.200000003 p1 9174 8
2106 6284599 m2 2349643 -0.00209300243 0.200000003 p1 9184 8
1745 6288423 m2 1978487 -0.000172497981 0.200000003 p1 9190 8
3137 6290166 m2 3424456 -5.06350695e-09 0.200000003 p1 9193 8
4094 6299940 m2 4378672 -1.58160583e-05 0.200000003 p1 9209 8
972 6300421 m2 1074666 -8.74342877e-05 0.200000003 p1 9210 8
2823 6300961 m2 3100678 -1.30609988e-06 0.200000003 p1 9211 8
3751 6311274 m2 4048624 -0.000589226605 0.200000003 p1 9228 8
670 6314040 m2 746489 -0.000464198121 0.200000003 p1 9232 8
682 6318806 m2 756917 -9.43913619e-07 0.200000003 p1 9240 8
2053 6327179 m2 2303969 -6.61030952e-10 0.200000003 p1 9254 8
1079 6336891 m2 1211412 -6.25334167e-08 0.200000003 p1 9270 8
75 6345352 m2 88968 -2.47775847e-06 0.200000003 p1 9284 8
3715 6351098 m2 4011076 -2.89162267e-06 0.200000003 p1 9294 8
2747 6355094 m2 3016749 -1.1133916e-08 0.200000003 p1 9300 8
4433 6377875 m2 4755795 -8.14959378e-10 0.200000003 p1 9338 8
2915 6380369 m2 3199381 -0.000228595905 0.200000003 p1 9342 8
3132 6402716 m2 3415150 -0.000124457685 0.200000003 p1 9379 8
616 6415055 m2 690841 -6.85835475e-05 0.200000003 p1 9400 8
860 6421584 m2 951801 -0.000458189606 0.200000003 p1 9410 8
4074 6423265 m2 4363457 -9.649188e-05 0.200000003 p1 9413 8
2820 6448071 m2 3097892 -1.58330204e-05 0.200000003 p1 9454 8
4311 6451439 m2 4612503 -4.37216556e-08 0.200000003 p1 9460 8
1082 6453136 m2 1215658 -3.22249398e-05 0.200000003 p1 9463 8
246 6460170 m2 273917 -0.00215628301 0.200000003 p1 9475 8
4448 6469018 m2 4771091 -0.00118706224 0.200000003 p1 9489 8
3982 6472777 m2 4288141 -3.09316852e-06 0.200000003 p1 9495 8
3130 6498422 m2 3413720 -0.000123455931 0.200000003 p1 9537 8
4203 6504266 m2 4488079 -0.000336233585 0.200000003 p1 9547 8
3292 6511799 m2 3569303 -0.000109968663 0.200000003 p1 9559 8
4576 6524474 m2 4913759 -7.42436299e-08 0.200000003 p1 9581 8
2870 6527151 m2 3154338 -0.000179671668 0.200000003 p1 9585 8
4618 6554340 m2 4957443 -2.33393566e-05 0.200000003 p1 9630 8
545 6560711 m2 611728 -6.68745197e-05 0.200000003 p1 9640 8
1872 6571851 m2 2117763 -2.85544702e-05 0.200000003 p1 9659 8
1134 6572066 m2 1277964 -1.04725514e-05 0.200000003 p1 9659 8
3241 6572704 m2 3527141 -0.00137565273 0.200000003 p1 9660 8
893 6583252 m2 984151 -4.90999128e-06 0.200000003 p1 9677 8
1506 6584220 m2 1721035 -6.89678745e-06 0.200000003 p1 9679 8
824 6587760 m2 917280 -4.65850062e-05 0.200000003 p1 9685 8
177 6651236 m2 188226 -3.12427005e-06 0.200000003 p1 9790 8
380 6679974 m2 421325 -0.000115015457 0.200000003 p1 9837 8
3392 6683758 m2 3672540 -4.54194196e-06 0.200000003 p1 9842 8
2970 6686753 m2 3257618 -0.00135861547 0.200000003 p1 9847 8
4242 6689970 m2 4529855 -0.0017127305 0.200000003 p1 9853 8
2529 6699431 m2 2799768 -4.24956197e-05 0.200000003 p1 9868 8
4473 6726483 m2 4794180 -0.00298017403 0.200000003 p1 9913 8
2305 6732863 m2 2553697 -7.69357575e-05 0.200000003 p1 9923 8
4305 6741020 m2 4609698 -0.000122287543 0.200000003 p1 9936 8
2437 6768822 m2 2699355 -3.70564271e-06 0.200000003 p1 9981 8
4486 6807612 m2 4810288 -0.000376738259 0.200000003 p1 10045 8
1448 6818994 m2 1655446 -3.71424221e-07 0.200000003 p1 10065 8
1033 6819279 m2 1146639 -1.08574604e-05 0.200000003 p1 10065 8
1724 6820348 m2 1967658 -1.05324589e-05 0.200000003 p1 10067 8
4407 6831766 m2 4729240 -0.000206740937 0.200000003 p1 10086 8
4571 6842142 m2 4904871 -4.02784644e-05 0.200000003 p1 10103 8
1661 6858008 m2 1896544 -1.91373872e-09 0.200000003 p1 10129 8
3165 6876301 m2 3456572 -1.62230444e-05 0.200000003 p1 10160 8
2221 6877811 m2 2476290 -5.66315748e-06 0.200000003 p1 10163 8
3645 6884504 m2 3933903 -0.000114920622 0.200000003 p1 10174 8
2877 6885265 m2 3160434 -0.000250999758 0.200000003 p1 10175 8
470 6896935 m2 516579 -4.04718437e-09 0.200000003 p1 10195 8
2932 6906149 m2 3216818 -4.93722946e-05 0.200000003 p1 10211 8
3288 6912883 m2 3563603 -0.000305798079 0.200000003 p1 10222 8
1462 6917297 m2 1672968 -9.31434152e-10 0.200000003 p1 10229 8
2170 6932773 m2 2416896 -3.19858941e-06 0.200000003 p1 10255 8
3764 6942877 m2 4062135 -0.000479959883 0.200000003 p1 10272 8
2313 6943831 m2 2566722 -7.94399384e-05 0.200000003 p1 10274 8
1813 6947505 m2 2052560 -1.4921794e-05 0.200000003 p1 10280 8
492 6956353 m2 544383 -3.57138342e-05 0.200000003 p1 10295 8
3120 6957966 m2 3405753 -1.71458341e-05 0.200000003 p1 10298 8
1175 6958003 m2 1325809 -7.1517934e-05 0.200000003 p1 10298 8
1897 6966268 m2 2136108 -6.49974254e-06 0.200000003 p1 10312 8
1116 6983494 m2 1263115 -0.000675286981 0.200000003 p1 10341 8
2760 7003310 m2 3037057 -0.000618173741 0.200000003 p1 10375 8
4347 7013265 m2 4654946 -0.000122789061 0.200000003 p1 10392 8
247 7042701 m2 276567 -5.60549524e-05 0.200000003 p1 10441 8
4392 7049040 m2 4710736 -0.000366802735 0.200000003 p1 10452 8
4294 7068586 m2 4586024 -8.6757409e-06 0.200000003 p1 10485 8
2066 7068973 m2 2313172 -0.000880065898 0.200000003 p1 10486 8
2190 7076671 m2 2441819 -0.000397435477 0.200000003 p1 10499 8
715 7077933 m2 790099 -1.42088866e-05 0.200000003 p1 10501 8
1776 7085411 m2 2024440 -1.2755591e-10 0.200000003 p1 10513 8
1640 7099478 m2 1865392 -6.26187029e-05 0.200000003 p1 10538 8
1428 7106593 m2 1626929 -0.00101283123 0.200000003 p1 10550 8
2700 7115102 m2 2963180 -3.14132359e-10 0.200000003 p1 10564 8
3684 7125913 m2 3973502 -5.98275346e-06 0.200000003 p1 10582 8
2590 7128520 m2 2856484 -2.65487379e-05 0.200000003 p1 10586 8
4129 7129723 m2 4414309 -1.95049306e-05 0.200000003 p1 10588 8
527 7132933 m2 580529 -7.05336206e-05 0.200000003 p1 10593 8
1609 7156376 m2 1829839 -0.000777725072 0.200000003 p1 10632 8
3036 7175018 m2 3322630 -2.91277651e-08 0.200000003 p1 10663 8
270 7188230 m2 298350 -4.81869429e-05 0.200000003 p1 10686 8
3445 7199271 m2 3728357 -0.000432685629 0.200000003 p1 10704 8
2871 7202817 m2 3154487 -2.81067855e-06 0.200000003 p1 10710 8
2967 7207182 m2 3255572 -1.91620984e-07 0.200000003 p1 10718 8
3329 7215663 m2 3607571 -6.93373238e-07 0.200000003 p1 10733 8
311 7217970 m2 342741 -1.10916108e-05 0.200000003 p1 10736 8
4598 7261121 m2 4941014 -0.00131766091 0.200000003 p1 10809 8
2152 7284736 m2 2386649 -0.000155582602 0.200000003 p1 10848 8
4463 7285788 m2 4788246 -7.60529656e-05 0.200000003 p1 10850 8
2684 7298567 m2 2945150 -0.000329863775 0.200000003 p1 10871 8
556 7309278 m2 626007 -2.20082279e-06 0.200000003 p1 10889 8
4628 7309703 m2 4963366 -3.69110899e-06 0.200000003 p1 10889 8
4202 7310842 m2 4485918 -5.22590562e-06 0.200000003 p1 10891 8
1998 7314183 m2 2235293 -0.00017770601 0.200000003 p1 10897 8
4251 7339196 m2 4534806 -0.00195854064 0.200000003 p1 10938 8
2910 7348541 m2 3195604 -4.87622998e-10 0.200000003 p1 10954 8
4614 7364063 m2 4953325 -1.06009329e-05 0.200000003 p1 10980 8
3339 7378251 m2 3625520 -6.22060979e-05 0.200000003 p1 11004 8
852 7381595 m2 946190 -6.6203982e-05 0.200000003 p1 11009 8
3608 7420687 m2 3899276 -0.000604041677 0.200000003 p1 11075 8
2133 7424421 m2 2370964 -6.85285922e-05 0.200000003 p1 11081 8
610 7440462 m2 680916 -5.31976093e-06 0.200000003 p1 11107 8
3757 7443095 m2 4058125 -3.44289901e-06 0.200000003 p1 11112 8
2782 7461351 m2 3061289 -0.0002688409 0.200000003 p1 11142 8
2508 7462977 m2 2780260 -3.8420211e-07 0.200000003 p1 11145 8
1638 7469676 m2 1861784 -3.69565969e-05 0.200000003 p1 11156 8
4417 7469920 m2 4742069 -0.000370969938 0.200000003 p1 11156 8
263 7474173 m2 291414 -0.000189967861 0.200000003 p1 11164 8
1076 7474342 m2 1205598 -8.40252469e-05 0.200000003 p1 11164 8
2559 7475239 m2 2831341 -3.76169482e-05 0.200000003 p1 11165 8
3328 7480555 m2 3606996 -4.31284752e-06 0.200000003 p1 11174 8
289 7484199 m2 317999 -0.000140849937 0.200000003 p1 11180 8
1467 7494252 m2 1680380 -2.20438142e-05 0.200000003 p1 11197 8
3638 7504033 m2 3923370 -0.000191129511 0.200000003 p1 11213 8
2207 7504614 m2 2460256 -0.000622189837 0.200000003 p1 11214 8
4600 7510153 m2 4941860 -4.90349339e-05 0.200000003 p1 11223 8
701 7538256 m2 772727 -0.000171227672 0.200000003 p1 11272 8
2927 7543302 m2 3210370 -0.000117117903 0.200000003 p1 11280 8
1104 7543604 m2 1249225 -1.62637912e-06 0.200000003 p1 11281 8
1105 7545197 m2 1249291 -0.00158045848 0.200000003 p1 11283 8
163 7548538 m2 176986 -0.00178576889 0.200000003 p1 11289 8
747 7548837 m2 820159 -2.188502e-05 0.200000003 p1 11290 8
895 7549484 m2 986620 -0.000601150445 0.200000003 p1 11291 8
1830 7552015 m2 2072867 -2.98539703e-07 0.200000003 p1 11295 8
1966 7561039 m2 2206285 -5.46520823e-06 0.200000003 p1 11310 8
2402 7565205 m2 2661891 -7.79532968e-07 0.200000003 p1 11317 8
2516 7601239 m2 2791259 -2.14690754e-05 0.200000003 p1 11379 8
722 7623834 m2 797560 -0.000240771478 0.200000003 p1 11417 8
218 7630754 m2 236249 -0.00103196607 0.200000003 p1 11429 8
3108 7633120 m2 3389559 -3.58644456e-06 0.200000003 p1 11432 8
3949 7647333 m2 4253462 -7.769074e-05 0.200000003 p1 11457 8
2370 7655183 m2 2631816 -0.000115843235 0.200000003 p1 11470 8
281 7656616 m2 309880 -9.87411549e-05 0.200000003 p1 11472 8
3848 7660195 m2 4146066 -0.000133569003 0.200000003 p1 11478 8
427 7673937 m2 476391 -0.000257417618 0.200000003 p1 11502 8
283 7687896 m2 311785 -9.68032765e-10 0.200000003 p1 11526 8
4454 7692722 m2 4779245 -0.000503159885 0.200000003 p1 11534 8
3824 7698687 m2 4115926 -2.59363787e-05 0.200000003 p1 11544 8
4022 7728742 m2 4320622 -0.00129477715 0.200000003 p1 11594 8
3636 7737503 m2 3922725 -7.62306229e-07 0.200000003 p1 11609 8
2521 7739532 m2 2794778 -2.59480134e-06 0.200000003 p1 11612 8
3006 7744977 m2 3292930 -6.75607589e-05 0.200000003 p1 11621 8
2444 7746604 m2 2705170 -0.000174269633 0.200000003 p1 11624 8
2682 7748780 m2 2941491 -1.89076843e-09 0.200000003 p1 11628 8
2457 7754361 m2 2719973 -1.0519567e-06 0.200000003 p1 11637 8
3655 7755229 m2 3942107 -4.81886127e-05 0.200000003 p1 11639 8
1014 7766470 m2 1121364 -0.000131072506 0.200000003 p1 11657 8
3510 7779594 m2 3800056 -7.2894909e-06 0.200000003 p1 11679 8
788 7790241 m2 886171 -0.000717484509 0.200000003 p1 11697 8
124 7796716 m2 141134 -8.75492697e-05 0.200000003 p1 11708 8
3278 7815053 m2 3556709 -5.63117901e-05 0.200000003 p1 11739 8
3675 7828832 m2 3964224 -6.21358609e-08 0.200000003 p1 11763 8
1139 7841450 m2 1287902 -0.000885955931 0.200000003 p1 11785 8
4437 7845344 m2 4760322 -8.69306849e-09 0.200000003 p1 11792 8
690 7849576 m2 764474 -5.09727652e-05 0.200000003 p1 11799 8
1164 7850473 m2 1313822 -1.78344987e-06 0.200000003 p1 11800 8
1629 7856349 m2 1847438 -0.00104991149 0.200000003 p1 11811 8
3095 7859905 m2 3378735 -0.000205032979 0.200000003 p1 11817 8
2063 7860052 m2 2311761 -0.000938105921 0.200000003 p1 11817 8
2808 7860635 m2 3087362 -2.19734284e-05 0.200000003 p1 11818 8
3574 7865432 m2 3868492 -8.69082032e-06 0.200000003 p1 11826 8
2007 7882793 m2 2242168 -5.16700883e-11 0.200000003 p1 11856 8
675 7890387 m2 753699 -0.000187148093 0.200000003 p1 11869 8
1193 7895923 m2 1351883 -0.00046496198 0.200000003 p1 11879 8
3884 7897208 m2 4186151 -0.0018634462 0.200000003 p1 11881 8
395 7936251 m2 441260 -5.40806695e-07 0.200000003 p1 11948 8
438 7947086 m2 485089 -2.3324601e-06 0.200000003 p1 11966 8
1642 7959243 m2 1866441 -4.84319571e-07 0.200000003 p1 11987 8
110 7962241 m2 125356 -0.000309030525 0.200000003 p1 11992 8
4286 7965103 m2 4575036 -0.00034544192 0.200000003 p1 11997 8
827 7981198 m2 921460 -0.000258410262 0.200000003 p1 12023 8
1503 7985828 m2 1720235 -1.98460253e-08 0.200000003 p1 12031 8
3796 8008112 m2 4088053 -6.61811464e-06 0.200000003 p1 12070 8
4471 8015412 m2 4791799 -6.41237739e-06 0.200000003 p1 12082 8
3460 8017946 m2 3745539 -2.6945911e-06 0.200000003 p1 12086 8
305 8023583 m2 337171 -3.48848516e-05 0.200000003 p1 12096 8
2848 8026097 m2 3129365 -0.000256316416 0.200000003 p1 12100 8
1784 8042803 m2 2030818 -0.00125741947 0.200000003 p1 12129 8
735 8050120 m2 809961 -1.30512463e-13 0.200000003 p1 12142 8
2073 8057400 m2 2317815 -0.00014850017 0.200000003 p1 12155 8
4066 8061764 m2 4357524 -0.000150537264 0.200000003 p1 12162 8
229 8073446 m2 249965 -1.3522168e-05 0.200000003 p1 12183 8
4071 8086592 m2 4360138 -2.08102477e-07 0.200000003 p1 12206 8
2535 8112805 m2 2806125 -9.44280109e-05 0.200000003 p1 12251 8
3101 8113158 m2 3381872 -0.00237384276 0.200000003 p1 12252 8
2545 8117460 m2 2816696 -1.13961062e-06 0.200000003 p1 12259 8
905 8130020 m2 999497 -0.000173031978 0.200000003 p1 12282 8
3260 8135409 m2 3543981 -0.000171530555 0.200000003 p1 12291 8
1894 8136086 m2 2134062 -0.00082189223 0.200000003 p1 12292 8
202 8140855 m2 220526 -0.000200309703 0.200000003 p1 12300 8
1671 8166087 m2 1911152 -6.68830502e-09 0.200000003 p1 12345 8
2123 8182962 m2 2366127 -0.000307665323 0.200000003 p1 12374 8
1791 8196122 m2 2036359 -4.16956691e-10 0.200000003 p1 12397 8
2461 8210563 m2 2725915 -0.00401004544 0.200000003 p1 12423 8
3140 8217603 m2 3431728 -1.42954941e-05 0.200000003 p1 12435 8
149 8227949 m2 161978 -2.60051518e-08 0.200000003 p1 12453 8
4573 8231914 m2 4908574 -5.40081637e-05 0.200000003 p1 12460 8
4373 8234041 m2 4681276 -2.95079144e-06 0.200000003 p1 12463 8
718 8239131 m2 794305 -0.000130158354 0.200000003 p1 12472 8
2643 8249229 m2 2902432 -4.60259216e-05 0.200000003 p1 12489 8
2363 8251379 m2 2618278 -0.00111007423 0.200000003 p1 12493 8
3051 8268288 m2 3334495 -0.000287342846 0.200000003 p1 12523 8
771 8284053 m2 853289 -6.59386715e-05 0.200000003 p1 12551 8
1691 8284835 m2 1934804 -0.000178907329 0.200000003 p1 12552 8
101 8288907 m2 117708 -2.02923065e-08 0.200000003 p1 12559 8
870 8289849 m2 959063 -8.23735036e-08 0.200000003 p1 12561 8
59 8309436 m2 69842 -3.16213345e-06 0.200000003 p1 12595 8
3266 8324591 m2 3548242 -3.48899967e-08 0.200000003 p1 12622 8
3090 8361884 m2 3375568 -0.000449285202 0.200000003 p1 12688 8
2816 8362239 m2 3092568 -0.000258048589 0.200000003 p1 12689 8
4334 8366968 m2 4645855 -0.000196481196 0.200000003 p1 12697 8
3974 8367680 m2 4278498 -0.000340407452 0.200000003 p1 12698 8
2479 8391365 m2 2748602 -2.06186305e-05 0.200000003 p1 12740 8
1075 8391367 m2 1197706 -0.000148642808 0.200000003 p1 12740 8
4568 8396652 m2 4901875 -0.00156774453 0.200000003 p1 12750 8
3651 8401223 m2 3937192 -0.00159503252 0.200000003 p1 12758 8
2234 8419293 m2 2485603 -0.000209153892 0.200000003 p1 12789 8
4647 8419817 m2 4985471 -0.00125645159 0.200000003 p1 12790 8
1064 8420468 m2 1178691 -1.1951463e-06 0.200000003 p1 12791 8
2433 8420924 m2 2695183 -0.00179632357 0.200000003 p1 12792 8
2901 8445012 m2 3185165 -0.00190589554 0.200000003 p1 12835 8
849 8446453 m2 944918 -4.95754175e-05 0.200000003 p1 12837 8
2576 8447484 m2 2842722 -7.2484072e-05 0.200000003 p1 12839 8
127 8468412 m2 143336 -7.80715418e-05 0.200000003 p1 12876 8
4411 8472032 m2 4734026 -0.000671703019 0.200000003 p1 12882 8
3150 8494357 m2 3441210 -1.02702185e-08 0.200000003 p1 12921 8
4518 8505332 m2 4844202 -2.86681916e-06 0.200000003 p1 12940 8
1844 8518395 m2 2091685 -7.24464917e-06 0.200000003 p1 12963 8
2048 8525406 m2 2292940 -2.42628471e-06 0.200000003 p1 12976 8
1658 8529085 m2 1894041 -6.37461195e-11 0.200000003 p1 12982 8
2286 8530867 m2 2533233 -0.000356711796 0.200000003 p1 12986 8
2411 8535269 m2 2670595 -8.06432854e-06 0.200000003 p1 12993 8
150 8535384 m2 166244 -0.00209323154 0.200000003 p1 12994 8
1224 8539148 m2 1395775 -0.000442672666 0.200000003 p1 13000 8
2493 8541446 m2 2764931 -0.000514267245 0.200000003 p1 13004 8
1596 8546904 m2 1816242 -3.89347115e-05 0.200000003 p1 13014 8
793 8548993 m2 888444 -0.000112036454 0.200000003 p1 13018 8
3571 8550754 m2 3866578 -0.000394993316 0.200000003 p1 13021 8
389 8561481 m2 433305 -0.00106598402 0.200000003 p1 13040 8
3456 8564260 m2 3738265 -9.51921465e-05 0.200000003 p1 13045 8
3754 8566015 m2 4054632 -4.56353919e-05 0.200000003 p1 13048 8
3348 8571370 m2 3635592 -1.36810868e-05 0.200000003 p1 13058 8
4414 8589850 m2 4738678 -0.00193209096 0.200000003 p1 13091 8
1731 8596202 m2 1969427 -9.24675874e-07 0.200000003 p1 13103 8
90 8600569 m2 103707 -1.97220038e-06 0.200000003 p1 13110 8
2555 8602222 m2 2829537 -3.42199407e-08 0.200000003 p1 13113 8
1310 8607702 m2 1496461 -0.000123278674 0.200000003 p1 13123 8
20 8614684 m2 23386 -0.00030422915 0.200000003 p1 13135 8
3740 8618880 m2 4032551 -7.28692384e-11 0.200000003 p1 13143 8
2693 8621308 m2 2955707 -5.47254331e-07 0.200000003 p1 13147 8
953 8628772 m2 1052929 -4.32012894e-05 0.200000003 p1 13160 8
4280 8637200 m2 4567656 -9.13146891e-09 0.200000003 p1 13175 8
3342 8649933 m2 3629350 -0.000159760079 0.200000003 p1 13197 8
4322 8651740 m2 4631352 -0.000338267302 0.200000003 p1 13200 8
1159 8659291 m2 1308025 -0.00126192474 0.200000003 p1 13213 8
2139 8660178 m2 2376631 -0.000323891582 0.200000003 p1 13215 8
4658 8666754 m2 4997095 -4.1745654e-08 0.200000003 p1 13226 8
3013 8671717 m2 3300308 -3.24208122e-05 0.200000003 p1 13235 8
2735 8677278 m2 3005484 -3.60014702e-08 0.200000003 p1 13245 8
2464 8680113 m2 2729154 -0.000286523486 0.200000003 p1 13250 8
1080 8680346 m2 1211598 -2.65537949e-07 0.200000003 p1 13251 8
2210 8682507 m2 2461866 -1.66745522e-05 0.200000003 p1 13254 8
4504 8700871 m2 4833045 -0.000117463955 0.200000003 p1 13286 8
15 8701330 m2 15801 -3.56668306e-06 0.200000003 p1 13287 8
3369 8704036 m2 3653122 -0.000249139353 0.200000003 p1 13291 8
1976 8714609 m2 2212919 -8.56402735e-08 0.200000003 p1 13310 8
4575 8725873 m2 4912434 -0.00012269232 0.200000003 p1 13329 8
4650 8731596 m2 4990491 -8.41124256e-06 0.200000003 p1 13339 8
4517 8741648 m2 4843728 -1.02182403e-05 0.200000003 p1 13357 8
2331 8753910 m2 2580459 -6.79929224e-10 0.200000003 p1 13378 8
1278 8759783 m2 1458758 -1.18229618e-05 0.200000003 p1 13389 8
3779 8766260 m2 4075926 -1.55456328e-05 0.200000003 p1 13400 8
732 8774133 m2 807698 -1.2848393e-06 0.200000003 p1 13414 8
4031 8781905 m2 4324163 -0.000178611663 0.200000003 p1 13428 8
301 8795832 m2 332120 -1.04306955e-05 0.200000003 p1 13453 8
1951 8795857 m2 2189322 -0.000662626699 0.200000003 p1 13453 8
114 8809889 m2 130022 -6.56076963e-07 0.200000003 p1 13477 8
3261 8819515 m2 3544303 -4.5913427e-07 0.200000003 p1 13494 8
4607 8826248 m2 4945536 -0.000504225201 0.200000003 p1 13507 8
4218 8839343 m2 4504941 -9.51157745e-06 0.200000003 p1 13530 8
1221 8846474 m2 1393428 -0.000604967179 0.200000003 p1 13542 8
2111 8850561 m2 2352669 -9.72501002e-05 0.200000003 p1 13549 8
2976 8862458 m2 3261295 -0.00161778205 0.200000003 p1 13571 8
3902 8864806 m2 4202162 -5.6445848e-09 0.200000003 p1 13575 8
2844 8867191 m2 3126978 -2.08351892e-07 0.200000003 p1 13579 8
794 8881378 m2 888556 -4.31833598e-07 0.200000003 p1 13605 8
367 8894032 m2 403888 -0.00131545181 0.200000003 p1 13627 8
483 8901678 m2 530101 -2.31865656e-08 0.200000003 p1 13641 8
2714 8915427 m2 2976377 -1.62836204e-06 0.200000003 p1 13666 8
4115 8925785 m2 4396619 -8.95283083e-05 0.200000003 p1 13685 8
2362 8926289 m2 2617788 -0.000332749973 0.200000003 p1 13686 8
1964 8928178 m2 2197481 -1.53804969e-08 0.200000003 p1 13690 8
3468 8928577 m2 3756485 -5.7053272e-05 0.200000003 p1 13690 8
2468 8930697 m2 2736211 -7.61025003e-05 0.200000003 p1 13694 8
3310 8937744 m2 3587744 -4.948458e-08 0.200000003 p1 13707 8
1413 8946627 m2 1609091 -9.95314076e-06 0.200000003 p1 13723 8
3892 8954001 m2 4194558 -0.000437635783 0.200000003 p1 13736 8
4581 8961635 m2 4916590 -4.21433879e-06 0.200000003 p1 13749 8
3932 8968564 m2 4241177 -1.38878813e-05 0.200000003 p1 13762 8
1707 8987914 m2 1950261 -2.89398067e-05 0.200000003 p1 13796 8
2183 8989520 m2 2436676 -8.42057872e-08 0.200000003 p1 13799 8
871 9013961 m2 959210 -0.000100298079 0.200000003 p1 13842 8
1383 9017799 m2 1573416 -0.000106007108 0.200000003 p1 13849 8
4015 9019142 m2 4315175 -6.10411007e-06 0.200000003 p1 13851 8
3156 9034653 m2 3445083 -1.23066923e-06 0.200000003 p1 13878 8
4476 9036651 m2 4795786 -0.000129293534 0.200000003 p1 13882 8
2122 9044716 m2 2365364 -3.98738594e-05 0.200000003 p1 13896 8
3885 9053587 m2 4187586 -0.000821820227 0.200000003 p1 13912 8
3040 9055126 m2 3324295 -3.71468286e-06 0.200000003 p1 13915 8
3023 9059733 m2 3313609 -0.00167214428 0.200000003 p1 13923 8
4146 9063826 m2 4429024 -0.000202443873 0.200000003 p1 13931 8
4054 9068256 m2 4345902 -1.12261732e-05 0.200000003 p1 13939 8
358 9070915 m2 387578 -8.62727029e-06 0.200000003 p1 13944 8
3374 9076925 m2 3660517 -2.6693192e-06 0.200000003 p1 13955 8
3203 9077667 m2 3493265 -2.32587286e-06 0.200000003 p1 13956 8
2138 9083754 m2 2375740 -2.99926196e-05 0.200000003 p1 13967 8
3466 9093970 m2 3753372 -6.05831738e-05 0.200000003 p1 13986 8
2739 9108925 m2 3008394 -1.10143374e-10 0.200000003 p1 14013 8
2952 9111546 m2 3237135 -2.11486665e-07 0.200000003 p1 14018 8
3275 9111702 m2 3553556 -3.60097802e-05 0.200000003 p1 14018 8
207 9121005 m2 227553 -0.00218379777 0.200000003 p1 14035 8
993 9124994 m2 1098389 -6.04704624e-08 0.200000003 p1 14043 8
3806 9138771 m2 4094320 -0.00082186982 0.200000003 p1 14067 8
3576 9144832 m2 3868842 -0.00219301088 0.200000003 p1 14078 8
3822 9150170 m2 4113338 -0.000830554054 0.200000003 p1 14088 8
27 9151274 m2 32564 -0.00371151231 0.200000003 p1 14090 8
1526 9161590 m2 1739437 -3.78282566e-05 0.200000003 p1 14109 8
511 9175050 m2 565051 -4.01661339e-07 0.200000003 p1 14134 8
2570 9191104 m2 2838351 -8.79640197e-07 0.200000003 p1 14163 8
4143 9206337 m2 4427146 -4.60558404e-05 0.200000003 p1 14191 8
2061 9209873 m2 2310225 -1.24419614e-06 0.200000003 p1 14197 8
2390 9213059 m2 2651267 -2.79206924e-09 0.200000003 p1 14203 8
4381 9218418 m2 4692268 -0.00085774 0.200000003 p1 14213 8
4103 9231389 m2 4385911 -2.66647589e-06 0.200000003 p1 14237 8
4633 9236934 m2 4967321 -0.000686246494 0.200000003 p1 14247 8
2352 9258013 m2 2605499 -0.000264280796 0.200000003 p1 14286 8
39 9260684 m2 41953 -7.59966042e-07 0.200000003 p1 14291 8
1703 9265407 m2 1947768 -0.00247733691 0.200000003 p1 14299 8
2382 9269587 m2 2641877 -0.000655972515 0.200000003 p1 14307 8
2571 9270992 m2 2838552 -5.40917924e-08 0.200000003 p1 14309 8
714 9272644 m2 788339 -3.94267081e-05 0.200000003 p1 14312 8
4483 9273313 m2 4804856 -3.63580839e-05 0.200000003 p1 14313 8
1890 9284851 m2 2132105 -5.63527328e-06 0.200000003 p1 14334 8
2832 9322698 m2 3112057 -1.07918495e-05 0.200000003 p1 14402 8
1124 9324966 m2 1272727 -0.000695329858 0.200000003 p1 14406 8
3425 9325467 m2 3709011 -0.000577830069 0.200000003 p1 14407 8
1017 9336167 m2 1126764 -0.00143451511 0.200000003 p1 14426 8
3143 9336370 m2 3433298 -0.00201215688 0.200000003 p1 14427 8
2688 9342954 m2 2951962 -0.000130089553 0.200000003 p1 14438 8
4489 9351380 m2 4815892 -1.30293574e-06 0.200000003 p1 14454 8
241 9356897 m2 269039 -4.4421563e-06 0.200000003 p1 14464 8
2899 9362595 m2 3182966 -2.94671463e-06 0.200000003 p1 14474 8
712 9363882 m2 785189 -3.9507449e-13 0.200000003 p1 14476 8
1750 9373646 m2 1985602 -5.13081346e-08 0.200000003 p1 14493 8
469 9378895 m2 516060 -3.9040955e-05 0.200000003 p1 14503 8
3939 9392079 m2 4248149 -8.70848453e-06 0.200000003 p1 14527 8
3008 9396135 m2 3295413 -0.000309081981 0.200000003 p1 14534 8
2295 9399625 m2 2542033 -5.43276656e-06 0.200000003 p1 14540 8
3908 9438132 m2 4205999 -7.99199479e-05 0.200000003 p1 14612 8
4073 9441060 m2 4363396 -0.000446069374 0.200000003 p1 14617 8
966 9442233 m2 1072744 -0.000414266047 0.200000003 p1 14619 8
2852 9459913 m2 3133696 -0.00066398381 0.200000003 p1 14651 8
1809 9472049 m2 2051527 -2.0008093e-08 0.200000003 p1 14673 8
3506 9475225 m2 3796043 -7.68962218e-06 0.200000003 p1 14679 8
1182 9491749 m2 1338019 -0.000150423934 0.200000003 p1 14709 8
3361 9494372 m2 3648953 -0.000243142204 0.200000003 p1 14714 8
678 9494652 m2 755322 -0.00143008423 0.200000003 p1 14714 8
3762 9497093 m2 4061428 -2.68220106e-06 0.200000003 p1 14719 8
84 9517976 m2 98314 -8.89991345e-11 0.200000003 p1 14756 8
3528 9523165 m2 3829773 -2.27343498e-05 0.200000003 p1 14765 8
1127 9527426 m2 1274991 -4.40068507e-05 0.200000003 p1 14773 8
721 9527635 m2 795513 -7.05380126e-06 0.200000003 p1 14773 8
3868 9534518 m2 4168195 -1.09476025e-06 0.200000003 p1 14786 8
2518 9554110 m2 2792362 -0.000323785585 0.200000003 p1 14821 8
2509 9558318 m2 2780889 -7.53156928e-05 0.200000003 p1 14828 8
1307 9561544 m2 1492967 -7.09706606e-17 0.200000003 p1 14834 8
2008 9563196 m2 2242683 -8.61165172e-05 0.200000003 p1 14837 8
510 9571180 m2 563260 -9.03492378e-07 0.200000003 p1 14852 8
2610 9571342 m2 2869908 -3.32876807e-05 0.200000003 p1 14852 8
2477 9574828 m2 2746398 -2.09007467e-07 0.200000003 p1 14858 8
1274 9584236 m2 1454768 -2.92432212e-08 0.200000003 p1 14875 8
3562 9587906 m2 3856646 -0.0009024014 0.200000003 p1 14882 8
3790 9593549 m2 4086055 -7.31848922e-05 0.200000003 p1 14892 8
3512 9597335 m2 3801618 -7.12395995e-05 0.200000003 p1 14899 8
2710 9611971 m2 2972842 -0.000467906473 0.200000003 p1 14925 8
2987 9616907 m2 3273699 -0.00241464633 0.200000003 p1 14933 8
4487 9639355 m2 4813303 -7.73437787e-05 0.200000003 p1 14974 8
1673 9652010 m2 1911802 -0.000313072291 0.200000003 p1 14996 8
4327 9663427 m2 4638742 -9.14209086e-05 0.200000003 p1 15016 8
886 9679319 m2 973960 -0.000532122271 0.200000003 p1 15045 8
3326 9680860 m2 3605434 -0.000667753455 0.200000003 p1 15047 8
586 9688810 m2 654322 -9.63258208e-06 0.200000003 p1 15062 8
4068 9702245 m2 4357714 -7.51179759e-05 0.200000003 p1 15085 8
3685 9708239 m2 3975507 -2.9939758e-05 0.200000003 p1 15096 8
2920 9715164 m2 3203695 -0.000100551071 0.200000003 p1 15109 8
1675 9716343 m2 1913841 -5.25076757e-06 0.200000003 p1 15111 8
3657 9726897 m2 3945062 -1.67862163e-06 0.200000003 p1 15130 8
1699 9731354 m2 1946078 -2.88318424e-05 0.200000003 p1 15138 8
2615 9735896 m2 2874520 -0.0010045449 0.200000003 p1 15145 8
2013 9790305 m2 2248492 -0.000735835347 0.200000003 p1 15243 8
11 9798895 m2 9844 -0.000881597749 0.200000003 p1 15258 8
3929 9799632 m2 4239384 -0.00104116555 0.200000003 p1 15259 8
2705 9805703 m2 2966798 -5.55207998e-06 0.200000003 p1 15270 8
2582 9813345 m2 2845507 -3.44991946e-07 0.200000003 p1 15284 8
3084 9817038 m2 3372943 -2.55238886e-10 0.200000003 p1 15291 8
3268 9817870 m2 3548699 -3.08787867e-06 0.200000003 p1 15292 8
3859 9820141 m2 4157701 -9.24387336e-07 0.200000003 p1 15296 8
1514 9830211 m2 1730586 -2.6085365e-09 0.200000003 p1 15315 8
185 9831159 m2 196672 -1.71187139e-06 0.200000003 p1 15316 8
31 9840695 m2 34865 -0.00161553 0.200000003 p1 15334 8
554 9852805 m2 624332 -1.66785952e-09 0.200000003 p1 15357 8
3393 9853207 m2 3672901 -0.000310548057 0.200000003 p1 15358 8
2141 9858910 m2 2378731 -0.000715609465 0.200000003 p1 15368 8
3626 9859600 m2 3913810 -8.01162696e-06 0.200000003 p1 15370 8
2484 9860369 m2 2755463 -1.45190583e-07 0.200000003 p1 15371 8
4041 9871623 m2 4329477 -0.000421906792 0.200000003 p1 15392 8
2994 9872823 m2 3283908 -4.31751141e-06 0.200000003 p1 15394 8
3954 9872968 m2 4258633 -1.22365259e-06 0.200000003 p1 15394 8
436 9884324 m2 483303 -6.90367372e-08 0.200000003 p1 15416 8
1122 9892533 m2 1269716 -2.05295603e-09 0.200000003 p1 15431 8
633 9906439 m2 706793 -3.38873215e-05 0.200000003 p1 15456 8
2930 9913455 m2 3214861 -8.35930223e-08 0.200000003 p1 15470 8
3549 9917041 m2 3842206 -3.34694232e-06 0.200000003 p1 15476 8
825 9925248 m2 918458 -0.00177133421 0.200000003 p1 15491 8
2606 9938598 m2 2864990 -2.65778539e-07 0.200000003 p1 15515 8
2117 9940811 m2 2361742 -5.2142866e-07 0.200000003 p1 15520 8
1144 9956778 m2 1293656 -0.000554025231 0.200000003 p1 15549 8
4116 9967696 m2 4398619 -0.000213959313 0.200000003 p1 15569 8
3355 9983146 m2 3641806 -4.64743692e-08 0.200000003 p1 15598 8
1541 9994148 m2 1750871 -0.000276326347 0.200000003 p1 15618 8
2149 10005583 m2 2384232 -5.11656026e-07 0.200000003 p1 15639 8
4367 10021872 m2 4674055 -0.00185827015 0.200000003 p1 15670 8
1667 10033446 m2 1908989 -1.12830758e-08 0.200000003 p1 15691 8
302 10040397 m2 334392 -0.000415470422 0.200000003 p1 15704 8
943 10050181 m2 1047540 -6.10628558e-05 0.200000003 p1 15723 8
903 10054223 m2 996601 -0.000406711391 0.200000003 p1 15730 8
1798 10055910 m2 2041360 -0.000677583215 0.200000003 p1 15733 8
4365 10060535 m2 4673410 -3.78976353e-08 0.200000003 p1 15742 8
146 10062207 m2 160593 -0.00137807277 0.200000003 p1 15745 8
1176 10066225 m2 1325922 -0.000115210911 0.200000003 p1 15753 8
1495 10067911 m2 1712611 -0.000121554651 0.200000003 p1 15756 8
205 10070237 m2 226020 -5.93115237e-06 0.200000003 p1 15760 8
1697 10078032 m2 1942800 -0.000212055587 0.200000003 p1 15774 8
3490 10085805 m2 3777798 -0.000183528711 0.200000003 p1 15789 8
3897 10086839 m2 4197121 -4.36439223e-05 0.200000003 p1 15791 8
1336 10091853 m2 1520037 -0.00316544576 0.200000003 p1 15800 8
152 10092229 m2 168463 -0.000165309888 0.200000003 p1 15801 8
900 10097904 m2 993056 -7.52476268e-08 0.200000003 p1 15812 8
2882 10098511 m2 3167478 -1.44329804e-09 0.200000003 p1 15813 8
4562 10101114 m2 4897914 -0.0016080162 0.200000003 p1 15817 8
3557 10108938 m2 3847602 -0.000108313259 0.200000003 p1 15832 8
2374 10127744 m2 2636787 -2.20716106e-06 0.200000003 p1 15867 8
1828 10130416 m2 2071750 -2.56545172e-06 0.200000003 p1 15872 8
4275 10135023 m2 4563950 -0.000295227626 0.200000003 p1 15880 8
402 10135707 m2 447134 -0.00169258669 0.200000003 p1 15881 8
2332 10143817 m2 2581451 -5.44717514e-05 0.200000003 p1 15897 8
1977 10147281 m2 2213916 -8.02792322e-09 0.200000003 p1 15903 8
983 10151569 m2 1085239 -0.000361061742 0.200000003 p1 15912 8
667 10162033 m2 743896 -8.84396832e-06 0.200000003 p1 15931 8
3465 10165008 m2 3750968 -1.58715156e-05 0.200000003 p1 15937 8
2194 10187130 m2 2445890 -4.22852947e-10 0.200000003 p1 15978 8
3498 10188038 m2 3789434 -0.000153964691 0.200000003 p1 15980 8
1286 10188306 m2 1467077 -5.30511898e-05 0.200000003 p1 15980 8
3053 10194809 m2 3337530 -1.43169864e-05 0.200000003 p1 15992 8
1737 10195644 m2 1973517 -5.24642783e-05 0.200000003 p1 15994 8
1933 10195878 m2 2174869 -4.02462064e-07 0.200000003 p1 15995 8
449 10202344 m2 495328 -0.000940014434 0.200000003 p1 16007 8
365 10213369 m2 397979 -0.000832950056 0.200000003 p1 16028 8
3055 10230647 m2 3341608 -4.20794422e-05 0.200000003 p1 16060 8
3555 10232610 m2 3846280 -1.88294257e-06 0.200000003 p1 16064 8
1252 10236822 m2 1433322 -3.25831497e-05 0.200000003 p1 16072 8
2919 10257657 m2 3202072 -5.40147739e-05 0.200000003 p1 16112 8
1442 10262921 m2 1651257 -0.00206784555 0.200000003 p1 16122 8
1780 10265306 m2 2028721 -3.87522232e-05 0.200000003 p1 16126 8
1804 10265945 m2 2048344 -5.78822328e-05 0.200000003 p1 16127 8
1619 10268919 m2 1837282 -5.66332744e-07 0.200000003 p1 16133 8
2456 10285054 m2 2719231 -8.20734627e-08 0.200000003 p1 16163 8
1408 10286288 m2 1605146 -5.52772981e-05 0.200000003 p1 16166 8
4024 10296498 m2 4321779 -0.000255316525 0.200000003 p1 16185 8
2784 10297049 m2 3066202 -5.95245801e-05 0.200000003 p1 16186 8
130 10299967 m2 147368 -0.000713045651 0.200000003 p1 16192 8
455 10303367 m2 501971 -2.61201494e-05 0.200000003 p1 16198 8
2579 10304556 m2 2844212 -0.00014831117 0.200000003 p1 16200 8
4163 10305783 m2 4444706 -3.65176689e-09 0.200000003 p1 16203 8
2713 10325747 m2 2973545 -3.73982184e-05 0.200000003 p1 16240 8
1559 10329170 m2 1777606 -0.00108229672 0.200000003 p1 16246 8
3280 10339109 m2 3556850 -0.001021437 0.200000003 p1 16265 8
4135 10350764 m2 4419809 -0.000190546882 0.200000003 p1 16287 8
1651 10365866 m2 1880912 -0.000787278521 0.200000003 p1 16316 8
1100 10367694 m2 1244579 -4.69275534e-08 0.200000003 p1 16319 8
3396 10368989 m2 3675547 -2.00605893e-10 0.200000003 p1 16322 8
4488 10369254 m2 4814730 -0.00105972227 0.200000003 p1 16322 8
162 10375625 m2 176877 -4.95865606e-05 0.200000003 p1 16335 8
1478 10378412 m2 1691378 -0.0023656257 0.200000003 p1 16340 8
4419 10394784 m2 4744574 -0.000122485333 0.200000003 p1 16370 8
1869 10402981 m2 2115869 -0.000149609681 0.200000003 p1 16385 8
3899 10405921 m2 4198885 -4.97383771e-05 0.200000003 p1 16390 8
3656 10425194 m2 3943986 -7.42295815e-05 0.200000003 p1 16426 8
1459 10437796 m2 1671698 -1.02508075e-05 0.200000003 p1 16449 8
2414 10453914 m2 2672793 -1.39507719e-07 0.200000003 p1 16478 8
1399 10455527 m2 1590310 -1.87641778e-08 0.200000003 p1 16481 8
4089 10458097 m2 4373426 -9.23394182e-05 0.200000003 p1 16486 8
3298 10459610 m2 3576362 -7.03438957e-07 0.200000003 p1 16489 8
780 10460943 m2 869321 -0.000323333516 0.200000003 p1 16491 8
2502 10470076 m2 2776637 -0.00145225227 0.200000003 p1 16508 8
1729 10474861 m2 1968912 -0.00107869646 0.200000003 p1 16517 8
2670 10496943 m2 2929164 -4.87914669e-08 0.200000003 p1 16557 8
3300 10497248 m2 3577222 -3.47875044e-08 0.200000003 p1 16558 8
504 10502909 m2 557514 -3.02731787e-05 0.200000003 p1 16568 8
687 10511097 m2 760146 -1.69120517e-06 0.200000003 p1 16584 8
980 10537453 m2 1081906 -0.000203563672 0.200000003 p1 16633 8
3094 10542206 m2 3378717 -6.83452669e-11 0.200000003 p1 16642 8
1747 10551499 m2 1980281 -0.00113747444 0.200000003 p1 16659 8
3170 10560743 m2 3460316 -0.00292908982 0.200000003 p1 16676 8
4502 10562824 m2 4831024 -0.000806661381 0.200000003 p1 16680 8
3411 10570694 m2 3688767 -0.00119201373 0.200000003 p1 16695 8
1169 10575640 m2 1316524 -1.74342349e-05 0.200000003 p1 16704 8
1615 10585161 m2 1835854 -2.62027734e-05 0.200000003 p1 16723 8
230 10591884 m2 250030 -1.91534164e-05 0.200000003 p1 16735 8
4461 10592455 m2 4786908 -0.000427496183 0.200000003 p1 16736 8
3198 10592737 m2 3486644 -5.38891953e-08 0.200000003 p1 16737 8
1884 10598970 m2 2129573 -7.89691785e-06 0.200000003 p1 16748 8
2758 10599291 m2 3034654 -4.66469573e-05 0.200000003 p1 16749 8
671 10603910 m2 746553 -1.04487738e-10 0.200000003 p1 16757 8
32 10608659 m2 35950 -1.35188693e-05 0.200000003 p1 16766 8
779 10621377 m2 867534 -2.63241213e-06 0.200000003 p1 16791 8
4085 10635103 m2 4372064 -8.1697006e-05 0.200000003 p1 16817 8
4196 10645076 m2 4480633 -9.87761905e-06 0.200000003 p1 16836 8
1730 10648754 m2 1969160 -0.00186885882 0.200000003 p1 16843 8
2857 10658582 m2 3145416 -0.000456468173 0.200000003 p1 16862 8
2355 10661453 m2 2609274 -0.00279140309 0.200000003 p1 16867 8
1136 10662283 m2 1283763 -4.50815008e-07 0.200000003 p1 16869 8
2671 10666217 m2 2929764 -1.94137026e-08 0.200000003 p1 16876 8
464 10674986 m2 512907 -0.000347211811 0.200000003 p1 16893 8
1376 10675738 m2 1566281 -5.24534949e-09 0.200000003 p1 16895 8
1836 10677370 m2 2084147 -6.03431499e-06 0.200000003 p1 16898 8
2474 10682637 m2 2745334 -3.39926265e-09 0.200000003 p1 16908 8
2687 10695557 m2 2950935 -1.24639682e-05 0.200000003 p1 16932 8
2090 10695815 m2 2333058 -2.15199725e-05 0.200000003 p1 16933 8
835 10704027 m2 932648 -0.000156322407 0.200000003 p1 16949 8
1486 10710106 m2 1702665 -0.000263900438 0.200000003 p1 16960 8
1974 10718439 m2 2211357 -9.85810392e-11 0.200000003 p1 16976 8
24 10724456 m2 28680 -7.29867679e-05 0.200000003 p1 16988 8
1811 10724553 m2 2052148 -0.002473881 0.200000003 p1 16989 8
695 10730197 m2 766090 -3.52383518e-06 0.200000003 p1 17000 8
193 10731350 m2 209720 -0.000544434297 0.200000003 p1 17002 8
4114 10746930 m2 4395211 -0.000340173254 0.200000003 p1 17032 8
3245 10756185 m2 3534926 -1.05981792e-06 0.200000003 p1 17050 8
2299 10758984 m2 2545067 -3.67333018e-06 0.200000003 p1 17055 8
614 10767614 m2 689551 -2.45399867e-10 0.200000003 p1 17072 8
2765 10772160 m2 3041266 -0.000261415553 0.200000003 p1 17080 8
1297 10776301 m2 1476733 -7.08765583e-05 0.200000003 p1 17089 8
1958 10795159 m2 2192689 -0.000387843058 0.200000003 p1 17125 8
4013 10809549 m2 4314968 -8.82350776e-07 0.200000003 p1 17152 8
3237 10810940 m2 3519339 -5.48108001e-05 0.200000003 p1 17155 8
3239 10815210 m2 3522610 -1.23353017e-08 0.200000003 p1 17163 8
1563 10818954 m2 1783109 -0.000202955824 0.200000003 p1 17170 8
2649 10819708 m2 2907347 -1.41969322e-05 0.200000003 p1 17172 8
3151 10832739 m2 3442406 -0.00296946941 0.200000003 p1 17197 8
3106 10833768 m2 3388717 -0.00026851357 0.200000003 p1 17199 8
2104 10840212 m2 2346446 -0.000253270759 0.200000003 p1 17212 8
3020 10842228 m2 3306920 -4.17385636e-05 0.200000003 p1 17215 8
3121 10847053 m2 3405843 -0.000127022417 0.200000003 p1 17225 8
2754 10850257 m2 3025218 -9.34623984e-07 0.200000003 p1 17231 8
600 10858745 m2 673172 -0.000281574059 0.200000003 p1 17247 8
2085 10862388 m2 2328960 -0.000605059322 0.200000003 p1 17255 8
753 10873954 m2 833278 -0.00285410183 0.200000003 p1 17277 8
4223 10875048 m2 4507762 -0.000127060339 0.200000003 p1 17279 8
2419 10875088 m2 2675647 -0.00013273221 0.200000003 p1 17279 8
3877 10875761 m2 4181150 -0.000105981395 0.200000003 p1 17281 8
3785 10884918 m2 4081165 -0.000180501724 0.200000003 p1 17298 8
2359 10888618 m2 2612255 -0.000438765506 0.200000003 p1 17305 8
858 10890203 m2 949660 -3.74090305e-08 0.200000003 p1 17308 8
3672 10894565 m2 3961480 -0.000101293546 0.200000003 p1 17317 8
3231 10898281 m2 3514429 -5.23261133e-06 0.200000003 p1 17324 8
94 10913660 m2 107282 -2.2367336e-05 0.200000003 p1 17354 8
1303 10918191 m2 1487030 -0.000829190772 0.200000003 p1 17363 8
1468 10932646 m2 1681502 -1.41788769e-06 0.200000003 p1 17391 8
1226 10934940 m2 1396128 -4.16752955e-05 0.200000003 p1 17395 8
1470 10935950 m2 1684181 -3.58427732e-11 0.200000003 p1 17397 8
4390 10956266 m2 4708618 -7.14116049e-06 0.200000003 p1 17437 8
2089 10958351 m2 2332841 -1.00858472e-06 0.200000003 p1 17441 8
2704 10958869 m2 2966607 -8.18439094e-06 0.200000003 p1 17442 8
78 10971710 m2 93052 -0.000100903664 0.200000003 p1 17468 8
2164 10974790 m2 2407049 -4.50960033e-05 0.200000003 p1 17474 8
1213 10977116 m2 1383117 -0.00129377877 0.200000003 p1 17478 8
2937 10983082 m2 3220923 -0.000154600843 0.200000003 p1 17490 8
3926 10990262 m2 4235359 -5.2534233e-05 0.200000003 p1 17504 8
303 10992301 m2 335984 -0.000145544836 0.200000003 p1 17508 8
2950 11007297 m2 3230979 -0.000200865557 0.200000003 p1 17538 8
4651 11011548 m2 4991439 -0.000996378018 0.200000003 p1 17547 8
3551 11016021 m2 3843787 -1.74205786e-06 0.200000003 p1 17556 8
562 11029652 m2 630072 -2.18982477e-05 0.200000003 p1 17583 8
1352 11034057 m2 1538648 -2.38285196e-08 0.200000003 p1 17591 8
2029 11035874 m2 2260549 -0.000196608366 0.200000003 p1 17595 8
1491 11043434 m2 1708372 -0.000624038803 0.200000003 p1 17610 8
2993 11049876 m2 3280398 -0.000889011542 0.200000003 p1 17622 8
1824 11055194 m2 2065604 -0.00253352057 0.200000003 p1 17633 8
2851 11058370 m2 3133099 -0.000136488408 0.200000003 p1 17639 8
4368 11058984 m2 4676895 -1.77205368e-06 0.200000003 p1 17640 8
2947 11067897 m2 3229492 -1.79361323e-05 0.200000003 p1 17658 8
3835 11073520 m2 4130363 -2.08519873e-06 0.200000003 p1 17669 8
3066 11077414 m2 3358793 -2.53001713e-06 0.200000003 p1 17677 8
3578 11078228 m2 3871344 -9.72856518e-12 0.200000003 p1 17678 8
2266 11086404 m2 2510619 -2.6503626e-09 0.200000003 p1 17694 8
3235 11092397 m2 3518657 -0.000237794622 0.200000003 p1 17706 8
2785 11095026 m2 3066666 -8.51242817e-07 0.200000003 p1 17712 8
3930 11099940 m2 4240086 -1.67891514e-08 0.200000003 p1 17721 8
3373 11125559 m2 3656859 -0.000100611069 0.200000003 p1 17772 8
2914 11142255 m2 3198641 -1.17575189e-06 0.200000003 p1 17805 8
1769 11142735 m2 2017284 -3.02661789e-07 0.200000003 p1 17806 8
3541 11150638 m2 3838767 -1.42811984e-09 0.200000003 p1 17822 8
5 11169386 m2 5322 -1.82711337e-05 0.200000003 p1 17859 8
550 11169997 m2 620531 -0.000405785831 0.200000003 p1 17860 8
3189 11189867 m2 3477499 -7.54149809e-09 0.200000003 p1 17900 8
1711 11193656 m2 1953497 -0.00173911185 0.200000003 p1 17908 8
3683 11199613 m2 3972753 -0.000810451689 0.200000003 p1 17919 8
252 11201814 m2 279495 -0.000629986986 0.200000003 p1 17923 8
267 11208692 m2 296334 -0.000886074209 0.200000003 p1 17937 8
3561 11213232 m2 3855394 -0.000194195949 0.200000003 p1 17947 8
4191 11228834 m2 4476158 -5.52766544e-09 0.200000003 p1 17977 8
1199 11229323 m2 1361192 -1.39537315e-08 0.200000003 p1 17978 8
3173 11230219 m2 3464908 -0.000920868304 0.200000003 p1 17980 8
3805 11237168 m2 4093482 -1.44981103e-08 0.200000003 p1 17993 8
4338 11241401 m2 4649009 -0.00124006916 0.200000003 p1 18002 8
484 11248320 m2 530301 -0.000198950584 0.200000003 p1 18015 8
424 11274820 m2 474977 -0.000568906311 0.200000003 p1 18068 8
1237 11280156 m2 1405747 -0.000782301417 0.200000003 p1 18078 8
4187 11285503 m2 4467876 -1.81396044e-05 0.200000003 p1 18089 8
2364 11287328 m2 2621454 -4.69987611e-07 0.200000003 p1 18093 8
3658 11291510 m2 3945116 -1.58020794e-05 0.200000003 p1 18101 8
1810 11293046 m2 2052100 -7.92648007e-06 0.200000003 p1 18104 8
2351 11296916 m2 2604873 -0.000761738629 0.200000003 p1 18112 8
3710 11297608 m2 4004524 -8.97449063e-05 0.200000003 p1 18113 8
183 11308049 m2 191150 -2.24878431e-06 0.200000003 p1 18134 8
4081 11311220 m2 4368687 -3.8599369e-06 0.200000003 p1 18140 8
444 11322350 m2 491520 -1.29451337e-07 0.200000003 p1 18162 8
1624 11324991 m2 1842801 -3.02267199e-06 0.200000003 p1 18167 8
4621 11325728 m2 4959727 -2.27949132e-10 0.200000003 p1 18169 8
2376 11328612 m2 2638289 -0.000142084798 0.200000003 p1 18174 8
3613 11339892 m2 3903912 -1.11106638e-05 0.200000003 p1 18197 8
1878 11340294 m2 2121194 -0.000671823858 0.200000003 p1 18197 8
994 11341343 m2 1099847 -3.69232168e-07 0.200000003 p1 18199 8
2325 11346963 m2 2575519 -0.00136244297 0.200000003 p1 18210 8
1369 11351982 m2 1557603 -3.92861512e-05 0.200000003 p1 18220 8
4500 11353944 m2 4830031 -1.41380329e-13 0.200000003 p1 18224 8
3277 11355338 m2 3555569 -9.8135779e-12 0.200000003 p1 18227 8
1971 11358524 m2 2210596 -0.000450540625 0.200000003 p1 18233 8
1140 11365214 m2 1287902 -1.10809094e-06 0.200000003 p1 18246 8
1989 11367276 m2 2230061 -0.00140309497 0.200000003 p1 18250 8
913 11384658 m2 1006066 -0.00047606611 0.200000003 p1 18283 8
3867 11385125 m2 4164722 -0.000219630339 0.200000003 p1 18284 8
2731 11385494 m2 3000769 -3.48676608e-08 0.200000003 p1 18285 8
1586 11396501 m2 1808363 -0.000418712269 0.200000003 p1 18307 8
3890 11409464 m2 4192903 -1.47982155e-05 0.200000003 p1 18332 8
414 11417179 m2 461514 -7.64118511e-07 0.200000003 p1 18348 8
1333 11433273 m2 1518218 -7.66749654e-05 0.200000003 p1 18380 8
778 11437130 m2 864012 -0.000117646123 0.200000003 p1 18388 8
2990 11440732 m2 3276208 -6.09384369e-06 0.200000003 p1 18396 8
1484 11458236 m2 1700201 -2.56914846e-05 0.200000003 p1 18431 8
1201 11466818 m2 1367196 -1.5368729e-06 0.200000003 p1 18449 8
3388 11468652 m2 3670782 -0.00126483163 0.200000003 p1 18452 8
3265 11481329 m2 3548106 -2.50910816e-05 0.200000003 p1 18479 8
3553 11487988 m2 3846074 -0.000800770591 0.200000003 p1 18492 8
3917 11514637 m2 4219589 -1.00949956e-06 0.200000003 p1 18546 8
2148 11515062 m2 2383172 -0.000572414836 0.200000003 p1 18547 8
3196 11521344 m2 3484323 -0.000643048319 0.200000003 p1 18560 8
3454 11528747 m2 3733801 -0.000374886004 0.200000003 p1 18575 8
34 11531190 m2 37566 -0.000109680674 0.200000003 p1 18580 8
1650 11535291 m2 1876331 -0.000125272214 0.200000003 p1 18588 8
1548 11536337 m2 1764658 -5.46086085e-05 0.200000003 p1 18590 8
1606 11593807 m2 1823201 -4.64710683e-05 0.200000003 p1 18706 8
1903 11610560 m2 2141516 -8.04130832e-05 0.200000003 p1 18739 8
2383 11623894 m2 2642646 -5.79418646e-08 0.200000003 p1 18765 8
2349 11652046 m2 2603791 -0.000120176257 0.200000003 p1 18820 8
2431 11659480 m2 2693857 -0.000120268385 0.200000003 p1 18835 8
4018 11662641 m2 4318963 -0.00173058233 0.200000003 p1 18842 8
3575 11668074 m2 3868727 -0.000270288176 0.200000003 p1 18854 8
4289 11668407 m2 4578276 -1.09011156e-09 0.200000003 p1 18854 8
2503 11668921 m2 2776907 -4.13329815e-07 0.200000003 p1 18856 8
807 11672617 m2 902044 -3.26192253e-06 0.200000003 p1 18863 8
2062 11681357 m2 2310594 -0.000150139342 0.200000003 p1 18881 8
1578 11697036 m2 1798394 -9.0995316e-05 0.200000003 p1 18913 8
558 11708903 m2 627070 -0.000156357288 0.200000003 p1 18938 8
1113 11733928 m2 1258224 -2.74495524e-05 0.200000003 p1 18990 8
4246 11747259 m2 4532712 -1.01460369e-08 0.200000003 p1 19017 8
1038 11749760 m2 1149654 -5.42743737e-06 0.200000003 p1 19022 8
1192 11752665 m2 1350213 -2.06222121e-05 0.200000003 p1 19028 8
806 11777923 m2 901602 -0.00026080996 0.200000003 p1 19079 8
1740 11794088 m2 1976377 -5.99650048e-05 0.200000003 p1 19112 8
601 11794341 m2 673251 -1.42603312e-05 0.200000003 p1 19113 8
1119 11800712 m2 1266450 -2.27807977e-05 0.200000003 p1 19126 8
253 11808902 m2 280446 -4.2006687e-09 0.200000003 p1 19143 8
4394 11812331 m2 4713055 -0.000434766902 0.200000003 p1 19150 8
3168 11820250 m2 3459708 -0.00026616556 0.200000003 p1 19166 8
4339 11826675 m2 4649781 -2.13244888e-07 0.200000003 p1 19179 8
1212 11831080 m2 1382258 -2.36472086e-09 0.200000003 p1 19188 8
325 11839299 m2 357553 -3.04306855e-06 0.200000003 p1 19204 8
1883 11844434 m2 2126883 -0.00172544201 0.200000003 p1 19215 8
3166 11844905 m2 3458030 -7.81898689e-06 0.200000003 p1 19216 8
3126 11861348 m2 3410751 -6.77241769e-05 0.200000003 p1 19250 8
3347 11879078 m2 3635441 -2.85309143e-05 0.200000003 p1 19286 8
4049 11896277 m2 4341040 -0.0012532929 0.200000003 p1 19321 8
1314 11898547 m2 1499767 -0.000327645714 0.200000003 p1 19326 8
4006 11900485 m2 4308597 -0.00115876412 0.200000003 p1 19330 8
4501 11907755 m2 4830157 -1.19550918e-06 0.200000003 p1 19345 8
1360 11908158 m2 1545886 -5.98053666e-05 0.200000003 p1 19346 8
447 11908188 m2 494916 -0.00103127235 0.200000003 p1 19346 8
594 11927131 m2 659786 -0.000455605157 0.200000003 p1 19385 8
4209 11944081 m2 4493698 -5.30444959e-05 0.200000003 p1 19419 8
959 11944564 m2 1062967 -6.12296571e-05 0.200000003 p1 19420 8
1664 11950693 m2 1902907 -9.2708845e-08 0.200000003 p1 19433 8
976 11974433 m2 1076900 -2.18030382e-05 0.200000003 p1 19481 8
3760 11977487 m2 4058574 -4.16967829e-08 0.200000003 p1 19487 8
1077 11981409 m2 1207109 -6.04868831e-07 0.200000003 p1 19495 8
2991 11981852 m2 3276424 -1.28444537e-06 0.200000003 p1 19496 8
4106 12007106 m2 4388512 -8.90348929e-06 0.200000003 p1 19548 8
4389 12008936 m2 4706877 -3.9418472e-11 0.200000003 p1 19551 8
3552 12011117 m2 3845946 -1.92910211e-05 0.200000003 p1 19556 8
1249 12030693 m2 1426790 -0.000425239559 0.200000003 p1 19595 8
863 12039321 m2 953948 -9.50925033e-11 0.200000003 p1 19613 8
1407 12040281 m2 1604685 -0.000301582855 0.200000003 p1 19615 8
1018 12050099 m2 1126828 -0.000233276296 0.200000003 p1 19636 8
3979 12052781 m2 4282506 -2.25222243e-06 0.200000003 p1 19641 8
429 12056668 m2 478064 -2.22409273e-08 0.200000003 p1 19649 8
2337 12066427 m2 2589836 -4.93867301e-05 0.200000003 p1 19669 8
2929 12069946 m2 3213961 -0.000474977714 0.200000003 p1 19676 8
1317 12078289 m2 1503203 -0.000784071686 0.200000003 p1 19694 8
1384 12079261 m2 1576287 -0.00530477846 0.200000003 p1 19696 8
3958 12083794 m2 4264755 -0.000516270928 0.200000003 p1 19705 8
4118 12087411 m2 4403003 -0.00119940611 0.200000003 p1 19712 8
2924 12088541 m2 3208173 -0.00056189415 0.200000003 p1 19715 8
584 12092884 m2 653122 -2.59956573e-06 0.200000003 p1 19724 8
1042 12100152 m2 1151632 -6.36062614e-05 0.200000003 p1 19739 8
1406 12105567 m2 1603283 -1.14789427e-05 0.200000003 p1 19750 8
2716 12106363 m2 2977902 -3.31383762e-06 0.200000003 p1 19752 8
2004 12108143 m2 2240597 -8.25479219e-05 0.200000003 p1 19755 8
1795 12110382 m2 2038513 -0.00165031722 0.200000003 p1 19760 8
3418 12115793 m2 3698839 -1.01254578e-07 0.200000003 p1 19771 8
931 12130444 m2 1028594 -0.00026118182 0.200000003 p1 19802 8
346 12131609 m2 375475 -0.00032408259 0.200000003 p1 19804 8
4026 12132816 m2 4322320 -5.81773432e-12 0.200000003 p1 19806 8
3730 12138360 m2 4019295 -5.88394893e-13 0.200000003 p1 19818 8
126 12141423 m2 142859 -1.06216778e-08 0.200000003 p1 19824 8
1985 12148882 m2 2223664 -8.24043673e-05 0.200000003 p1 19839 8
4539 12154814 m2 4873426 -8.23552057e-07 0.200000003 p1 19851 8
1994 12155207 m2 2232596 -2.88634624e-07 0.200000003 p1 19852 8
260 12156366 m2 290086 -5.15590909e-05 0.200000003 p1 19855 8
1061 12164967 m2 1174694 -0.00185357768 0.200000003 p1 19872 8
3811 12169435 m2 4102115 -0.00195502653 0.200000003 p1 19882 8
2672 12171660 m2 2931075 -1.57121012e-05 0.200000003 p1 19887 8
3439 12178235 m2 3722166 -0.000842788548 0.200000003 p1 19900 8
2802 12179248 m2 3081171 -4.54989213e-10 0.200000003 p1 19902 8
3827 12181192 m2 4120557 -6.75096089e-05 0.200000003 p1 19906 8
2248 12184897 m2 2493421 -8.44342067e-05 0.200000003 p1 19914 8
371 12191167 m2 406216 -0.00180922309 0.200000003 p1 19927 8
3605 12195104 m2 3897386 -5.00892966e-05 0.200000003 p1 19935 8
799 12201487 m2 894379 -0.000185748126 0.200000003 p1 19948 8
3678 12202050 m2 3969087 -0.000717599236 0.200000003 p1 19949 8
1345 12207458 m2 1533328 -2.03146101e-06 0.200000003 p1 19960 8
2303 12215919 m2 2552880 -0.000217778041 0.200000003 p1 19978 8
1854 12218646 m2 2101133 -2.07117082e-05 0.200000003 p1 19984 8
398 12226430 m2 443975 -9.18128444e-06 0.200000003 p1 19999 8
1790 12233393 m2 2036341 -1.99501685e-07 0.200000003 p1 20014 8
1859 12244080 m2 2103743 -0.000821008289 0.200000003 p1 20037 8
451 12253097 m2 497041 -3.62297351e-06 0.200000003 p1 20056 8
77 12261663 m2 90513 -1.16244119e-05 0.200000003 p1 20074 8
239 12268726 m2 264652 -3.11920958e-05 0.200000003 p1 20088 8
3114 12270552 m2 3398334 -5.49839392e-08 0.200000003 p1 20092 8
4012 12271863 m2 4314102 -0.00101830787 0.200000003 p1 20095 8
800 12273259 m2 897623 -0.000122389087 0.200000003 p1 20098 8
2308 12279986 m2 2558820 -2.151236e-06 0.200000003 p1 20112 8
4037 12287411 m2 4326665 -2.46049258e-05 0.200000003 p1 20127 8
723 12289003 m2 798575 -0.000917153491 0.200000003 p1 20131 8
1397 12291234 m2 1586877 -0.000408633292 0.200000003 p1 20135 8
3642 12305705 m2 3929732 -9.37461518e-05 0.200000003 p1 20166 8
3459 12306727 m2 3741097 -2.66616951e-08 0.200000003 p1 20168 8
752 12314749 m2 833155 -0.000535810541 0.200000003 p1 20184 8
1388 12325816 m2 1580100 -0.00132672791 0.200000003 p1 20208 8
4297 12332239 m2 4593619 -0.000176586836 0.200000003 p1 20221 8
4609 12336007 m2 4946590 -0.000718549709 0.200000003 p1 20229 8
2049 12338403 m2 2300740 -0.0005126287 0.200000003 p1 20234 8
2504 12342283 m2 2777699 -0.000252406258 0.200000003 p1 20242 8
874 12344972 m2 961934 -1.68703593e-06 0.200000003 p1 20248 8
1273 12347707 m2 1454183 -0.00203035166 0.200000003 p1 20253 8
3980 12350945 m2 4283679 -1.57814484e-05 0.200000003 p1 20260 8
582 12351387 m2 652396 -0.00137349789 0.200000003 p1 20261 8
1208 12353191 m2 1378608 -0.000753138796 0.200000003 p1 20265 8
2742 12362042 m2 3009782 -5.50761172e-07 0.200000003 p1 20283 8
3296 12365169 m2 3575581 -0.000352651725 0.200000003 p1 20290 8
3839 12369662 m2 4137601 -2.67391755e-07 0.200000003 p1 20299 8
1582 12377764 m2 1803578 -9.455145e-07 0.200000003 p1 20315 8
2733 12385259 m2 3004186 -0.000789350597 0.200000003 p1 20331 8
3499 12386219 m2 3790669 -0.00165893906 0.200000003 p1 20333 8
2597 12389318 m2 2861196 -0.000158607072 0.200000003 p1 20340 8
1025 12394108 m2 1132073 -0.000252672122 0.200000003 p1 20349 8
3433 12394440 m2 3713916 -0.000297573279 0.200000003 p1 20350 8
178 12396101 m2 188268 -0.00069478451 0.200000003 p1 20354 8
3304 12399324 m2 3579219 -7.54082284e-05 0.200000003 p1 20360 8
3398 12400889 m2 3678864 -5.88380608e-05 0.200000003 p1 20364 8
235 12410221 m2 254837 -0.00309039769 0.200000003 p1 20383 8
2060 12415815 m2 2308563 -0.000227369863 0.200000003 p1 20395 8
310 12418567 m2 341978 -0.000143565048 0.200000003 p1 20401 8
3141 12421990 m2 3431848 -3.4858127e-05 0.200000003 p1 20408 8
411 12424782 m2 457563 -9.24514666e-07 0.200000003 p1 20413 8
2786 12431990 m2 3066913 -7.2271979e-07 0.200000003 p1 20429 8
1108 12434340 m2 1252065 -0.000158026058 0.200000003 p1 20434 8
3191 12438376 m2 3480825 -4.34112326e-06 0.200000003 p1 20442 8
2505 12439621 m2 2777831 -3.19283063e-05 0.200000003 p1 20445 8
3438 12445849 m2 3721876 -0.00275509572 0.200000003 p1 20458 8
1943 12451964 m2 2184253 -9.01717212e-05 0.200000003 p1 20471 8
4610 12454219 m2 4947445 -1.14350369e-05 0.200000003 p1 20476 8
201 12456673 m2 219406 -5.41613372e-05 0.200000003 p1 20481 8
3533 12461197 m2 3833405 -0.000266919727 0.200000003 p1 20491 8
374 12473919 m2 409333 -7.77695277e-07 0.200000003 p1 20518 8
3583 12484817 m2 3873101 -0.000668099907 0.200000003 p1 20541 8
1852 12508369 m2 2100120 -1.20950091e-07 0.200000003 p1 20592 8
1366 12513018 m2 1555302 -0.000988906133 0.200000003 p1 20602 8
4446 12525882 m2 4770252 -0.000815944513 0.200000003 p1 20629 8
519 12537679 m2 570906 -0.000347290857 0.200000003 p1 20654 8
1957 12547528 m2 2192324 -2.18116654e-08 0.200000003 p1 20675 8
2753 12551942 m2 3024382 -9.85273729e-09 0.200000003 p1 20685 8
51 12553449 m2 61717 -7.06050344e-07 0.200000003 p1 20688 8
598 12555949 m2 670586 -2.92854683e-08 0.200000003 p1 20693 8
3582 12559794 m2 3872175 -0.000724302314 0.200000003 p1 20701 8
1414 12560728 m2 1611476 -2.51825213e-06 0.200000003 p1 20704 8
951 12563924 m2 1051678 -0.00153791555 0.200000003 p1 20710 8
4219 12568107 m2 4505094 -0.00316536869 0.200000003 p1 20719 8
2321 12571003 m2 2572151 -1.71086485e-05 0.200000003 p1 20726 8
1259 12574399 m2 1441509 -0.00138860301 0.200000003 p1 20733 8
294 12575697 m2 324090 -0.00443596998 0.200000003 p1 20736 8
2357 12584396 m2 2610307 -8.21989886e-07 0.200000003 p1 20755 8
212 12588110 m2 229581 -3.29611476e-06 0.200000003 p1 20763 8
4112 12594298 m2 4393948 -7.8525467e-08 0.200000003 p1 20776 8
2103 12600350 m2 2344776 -1.2819055e-05 0.200000003 p1 20788 8
1253 12610647 m2 1435732 -0.000125507519 0.200000003 p1 20810 8
4594 12618643 m2 4934885 -0.000468206097 0.200000003 p1 20827 8
2702 12622912 m2 2965009 -5.32709254e-09 0.200000003 p1 20836 8
4583 12623604 m2 4917814 -0.00450359518 0.200000003 p1 20838 8
1842 12625983 m2 2088685 -9.43655104e-05 0.200000003 p1 20843 8
319 12629922 m2 349958 -0.000373339717 0.200000003 p1 20851 8
1942 12644356 m2 2184137 -6.96046754e-07 0.200000003 p1 20882 8
4082 12647593 m2 4369708 -0.00201864378 0.200000003 p1 20889 8
1575 12653486 m2 1793737 -0.000135322145 0.200000003 p1 20902 8
2507 12661379 m2 2779829 -3.17799618e-06 0.200000003 p1 20918 8
1756 12668108 m2 1991499 -0.00238561514 0.200000003 p1 20933 8
1129 12669694 m2 1276253 -0.000702897494 0.200000003 p1 20936 8
1965 12675333 m2 2200952 -0.00154844671 0.200000003 p1 20948 8
3322 12681403 m2 3601409 -0.000346112356 0.200000003 p1 20961 8
791 12686071 m2 887919 -4.03353532e-15 0.200000003 p1 20971 8
1530 12702644 m2 1743327 -0.00186109229 0.200000003 p1 21007 8
3138 12710319 m2 3429143 -6.39180289e-05 0.200000003 p1 21024 8
775 12714188 m2 859340 -5.53265363e-06 0.200000003 p1 21033 8
3403 12720664 m2 3685080 -0.000215202541 0.200000003 p1 21046 8
3111 12722959 m2 3391893 -2.9794979e-11 0.200000003 p1 21051 8
1200 12735092 m2 1365756 -5.66794661e-05 0.200000003 p1 21078 8
4142 12749829 m2 4427130 -0.000523316208 0.200000003 p1 21110 8
2600 12760124 m2 2862334 -6.24780512e-07 0.200000003 p1 21132 8
2302 12761850 m2 2549818 -5.67704328e-09 0.200000003 p1 21136 8
3938 12765275 m2 4248049 -1.7557257e-08 0.200000003 p1 21143 8
2441 12776726 m2 2701266 -1.59064815e-08 0.200000003 p1 21168 8
3256 12776756 m2 3543310 -2.33246134e-08 0.200000003 p1 21168 8
2125 12781449 m2 2367665 -0.00101098674 0.200000003 p1 21178 8
3455 12782021 m2 3734926 -0.00190932932 0.200000003 p1 21179 8
522 12786351 m2 576234 -0.0031545246 0.200000003 p1 21189 8
1767 12792357 m2 2015565 -2.37511927e-06 0.200000003 p1 21202 8
1663 12793397 m2 1901318 -7.37851178e-06 0.200000003 p1 21204 8
4396 12793762 m2 4715803 -3.22498709e-05 0.200000003 p1 21205 8
4547 12794281 m2 4878230 -8.20039932e-05 0.200000003 p1 21206 8
1871 12803378 m2 2116422 -3.95919487e-05 0.200000003 p1 21226 8
4058 12806240 m2 4348123 -0.00214365427 0.200000003 p1 21232 8
1956 12806537 m2 2191395 -9.34036293e-10 0.200000003 p1 21233 8
2814 12815368 m2 3091059 -6.71160742e-05 0.200000003 p1 21252 8
1340 12818166 m2 1526442 -0.000655889744 0.200000003 p1 21258 8
2608 12827087 m2 2867149 -0.000198551919 0.200000003 p1 21277 8
4145 12831068 m2 4428496 -0.00222919113 0.200000003 p1 21286 8
10 12833761 m2 8954 -0.000493569125 0.200000003 p1 21291 8
153 12846191 m2 169076 -0.000172521264 0.200000003 p1 21318 8
4455 12856758 m2 4780581 -5.20271806e-06 0.200000003 p1 21341 8
137 12863977 m2 151160 -6.85863924e-05 0.200000003 p1 21357 8
3981 12868195 m2 4286064 -4.08157794e-05 0.200000003 p1 21366 8
989 12874597 m2 1095426 -7.53515496e-06 0.200000003 p1 21380 8
1187 12882601 m2 1345948 -4.08375428e-07 0.200000003 p1 21397 8
777 12883875 m2 863488 -7.65693621e-05 0.200000003 p1 21399 8
1848 12886565 m2 2094097 -8.29998953e-06 0.200000003 p1 21405 8
2040 12887536 m2 2280037 -4.40930125e-06 0.200000003 p1 21407 8
4207 12899523 m2 4491187 -0.000643717009 0.200000003 p1 21433 8
116 12899554 m2 132085 -0.000307330978 0.200000003 p1 21434 8
3423 12912002 m2 3704773 -1.6899925e-05 0.200000003 p1 21461 8
569 12916371 m2 639587 -0.00119335507 0.200000003 p1 21470 8
4324 12918943 m2 4636128 -6.54159885e-05 0.200000003 p1 21476 8
3062 12922608 m2 3353257 -3.72898539e-05 0.200000003 p1 21483 8
4065 12926265 m2 4355989 -0.000424700527 0.200000003 p1 21491 8
4484 12931320 m2 4809671 -3.96065125e-11 0.200000003 p1 21502 8
3448 12942321 m2 3729304 -4.45603328e-05 0.200000003 p1 21526 8
485 12961161 m2 531965 -3.76889875e-05 0.200000003 p1 21566 8
3200 12968361 m2 3490066 -5.24576717e-06 0.200000003 p1 21582 8
2768 12980648 m2 3048400 -0.000136816845 0.200000003 p1 21609 8
3728 12990238 m2 4018833 -6.21667323e-06 0.200000003 p1 21630 8
4465 12991651 m2 4788911 -0.000576589955 0.200000003 p1 21633 8
1293 12993963 m2 1473789 -2.20912966e-06 0.200000003 p1 21638 8
3704 12996673 m2 3999482 -0.00105739979 0.200000003 p1 21644 8
3742 12997909 m2 4036229 -8.4495714e-06 0.200000003 p1 21647 8
3850 13017809 m2 4149203 -5.45490293e-05 0.200000003 p1 21691 8
48 13019572 m2 56532 -3.69522581e-08 0.200000003 p1 21695 8
1899 13025557 m2 2138086 -0.000112602254 0.200000003 p1 21708 8
4655 13033212 m2 4995272 -1.74672016e-06 0.200000003 p1 21725 8
1330 13042189 m2 1516889 -0.000792076229 0.200000003 p1 21744 8
1353 13048786 m2 1539029 -0.000470597792 0.200000003 p1 21759 8
3621 13053590 m2 3907673 -6.40616636e-05 0.200000003 p1 21770 8
4222 13056137 m2 4507340 -6.78433717e-05 0.200000003 p1 21776 8
1391 13064956 m2 1582994 -0.000749630446 0.200000003 p1 21796 8
3409 13078452 m2 3688256 -1.92589323e-06 0.200000003 p1 21826 8
269 13078670 m2 297493 -0.000537368876 0.200000003 p1 21826 8
4660 13079051 m2 4997456 -7.58135866e-05 0.200000003 p1 21827 8
3115 13086055 m2 3400667 -0.000228358826 0.200000003 p1 21843 8
1601 13089088 m2 1820436 -8.59455467e-05 0.200000003 p1 21849 8
2553 13095305 m2 2829134 -5.96147493e-06 0.200000003 p1 21863 8
2084 13105695 m2 2328159 -5.90910872e-07 0.200000003 p1 21886 8
1676 13115369 m2 1916861 -3.8397724e-05 0.200000003 p1 21907 8
1457 13119945 m2 1668611 -6.02514956e-05 0.200000003 p1 21917 8
4344 13122536 m2 4653730 -1.35592018e-07 0.200000003 p1 21923 8
1251 13132412 m2 1428236 -1.50393671e-05 0.200000003 p1 21945 8
2761 13133064 m2 3037057 -6.38072306e-05 0.200000003 p1 21947 8
1364 13151502 m2 1554051 -0.000100707788 0.200000003 p1 21988 8
801 13153319 m2 899214 -9.22257243e-07 0.200000003 p1 21992 8
4137 13156266 m2 4422063 -0.000224736199 0.200000003 p1 21999 8
3855 13157017 m2 4154128 -0.000302881614 0.200000003 p1 22000 8
2888 13168800 m2 3174172 -0.00027128603 0.200000003 p1 22027 8
3077 13176527 m2 3367177 -2.52746827e-06 0.200000003 p1 22044 8
1949 13187590 m2 2188422 -1.17146956e-05 0.200000003 p1 22069 8
3301 13189790 m2 3578370 -0.000268460659 0.200000003 p1 22074 8
2043 13192430 m2 2286900 -1.01379987e-06 0.200000003 p1 22080 8
112 13213249 m2 129257 -9.48967397e-07 0.200000003 p1 22126 8
1689 13218247 m2 1931487 -5.0949362e-05 0.200000003 p1 22137 8
658 13223541 m2 734783 -1.34007814e-06 0.200000003 p1 22149 8
1625 13227779 m2 1843308 -7.05469984e-06 0.200000003 p1 22158 8
3991 13228282 m2 4292572 -6.86403046e-10 0.200000003 p1 22159 8
58 13232884 m2 69794 -1.28494157e-05 0.200000003 p1 22169 8
2933 13233570 m2 3218014 -0.000143198937 0.200000003 p1 22171 8
3546 13236808 m2 3841208 -3.18523271e-05 0.200000003 p1 22178 8
2510 13248962 m2 2781429 -2.46828876e-07 0.200000003 p1 22205 8
756 13254805 m2 835477 -7.21797306e-08 0.200000003 p1 22217 8
639 13255449 m2 710534 -0.00145459478 0.200000003 p1 22219 8
3253 13257658 m2 3537147 -2.76054268e-09 0.200000003 p1 22224 8
3886 13261960 m2 4188260 -0.000135044917 0.200000003 p1 22233 8
2051 13274457 m2 2302080 -6.38174015e-07 0.200000003 p1 22261 8
221 13275536 m2 243676 -0.000363418309 0.200000003 p1 22263 8
2651 13277884 m2 2908819 -8.25587904e-06 0.200000003 p1 22268 8
974 13281945 m2 1075759 -4.77235881e-06 0.200000003 p1 22277 8
3714 13288743 m2 4010961 -0.00057768845 0.200000003 p1 22292 8
2916 13291360 m2 3201615 -1.25175081e-09 0.200000003 p1 22298 8
1150 13295092 m2 1297261 -2.91722445e-05 0.200000003 p1 22306 8
2151 13298806 m2 2386131 -0.000414842129 0.200000003 p1 22313 8
867 13305700 m2 956200 -1.07221804e-05 0.200000003 p1 22328 8
3905 13309556 m2 4203786 -0.000622915453 0.200000003 p1 22337 8
4450 13318672 m2 4776640 -0.000271444791 0.200000003 p1 22357 8
956 13329734 m2 1058049 -0.000350442919 0.200000003 p1 22381 8
2858 13344644 m2 3146107 -0.0001052757 0.200000003 p1 22414 8
2781 13345438 m2 3061160 -1.5400708e-06 0.200000003 p1 22416 8
1461 13350390 m2 1672218 -0.000105054598 0.200000003 p1 22427 8
2928 13353568 m2 3213496 -0.000775203865 0.200000003 p1 22434 8
2497 13358320 m2 2767195 -2.03358511e-10 0.200000003 p1 22444 8
2034 13358559 m2 2275507 -0.000562173896 0.200000003 p1 22445 8
2730 13362751 m2 2999845 -0.00047767756 0.200000003 p1 22454 8
1821 13375076 m2 2062569 -1.10034016e-05 0.200000003 p1 22481 8
2789 13376205 m2 3070548 -8.16997999e-05 0.200000003 p1 22483 8
754 13379130 m2 834128 -0.00195695111 0.200000003 p1 22490 8
3727 13384842 m2 4018601 -0.000507966266 0.200000003 p1 22502 8
4492 13386327 m2 4819581 -1.4862022e-05 0.200000003 p1 22506 8
1287 13392218 m2 1468540 -2.96052094e-05 0.200000003 p1 22519 8
104 13408371 m2 120816 -0.000200886978 0.200000003 p1 22555 8
3581 13417483 m2 3872103 -7.08106891e-05 0.200000003 p1 22575 8
2617 13421064 m2 2874733 -1.4458533e-08 0.200000003 p1 22583 8
2625 13429275 m2 2882857 -3.54937129e-08 0.200000003 p1 22602 8
3010 13432952 m2 3296133 -9.47053268e-05 0.200000003 p1 22610 8
1632 13447346 m2 1852184 -0.00102756312 0.200000003 p1 22642 8
98 13450716 m2 109678 -3.75327872e-05 0.200000003 p1 22649 8
3163 13459630 m2 3453740 -8.4366482e-05 0.200000003 p1 22669 8
2547 13475911 m2 2818985 -0.000147868705 0.200000003 p1 22705 8
539 13477128 m2 603542 -0.000334750453 0.200000003 p1 22708 8
4567 13486058 m2 4901232 -1.33997492e-05 0.200000003 p1 22727 8
1001 13488668 m2 1103528 -1.70164014e-07 0.200000003 p1 22733 8
4144 13496663 m2 4427883 -0.000318581151 0.200000003 p1 22751 8
1636 13497947 m2 1858722 -0.00074882363 0.200000003 p1 22754 8
1827 13499355 m2 2070264 -3.13209263e-08 0.200000003 p1 22757 8
2 13500913 m2 2348 -2.38844223e-06 0.200000003 p1 22761 8
2953 13501598 m2 3238610 -0.000638901838 0.200000003 p1 22762 8
2064 13506376 m2 2312003 -2.20937e-05 0.200000003 p1 22773 8
1713 13514159 m2 1958129 -0.0012103722 0.200000003 p1 22790 8
1020 13516353 m2 1127894 -2.38980374e-06 0.200000003 p1 22795 8
652 13527966 m2 726473 -0.00109272765 0.200000003 p1 22822 8
2797 13535761 m2 3078789 -1.64879395e-06 0.200000003 p1 22839 8
4613 13541477 m2 4952078 -4.25270841e-09 0.200000003 p1 22852 8
3363 13542209 m2 3649940 -3.32956301e-06 0.200000003 p1 22853 8
2162 13543326 m2 2402471 -1.91667477e-05 0.200000003 p1 22856 8
168 13549251 m2 178159 -0.000607199734 0.200000003 p1 22870 8
3616 13550268 m2 3905149 -1.56621911e-06 0.200000003 p1 22872 8
4240 13550826 m2 4524059 -2.67040612e-08 0.200000003 p1 22873 8
704 13556475 m2 775628 -1.90555483e-08 0.200000003 p1 22886 8
1490 13559260 m2 1708188 -0.000402159465 0.200000003 p1 22893 8
3686 13564373 m2 3975515 -6.02363048e-10 0.200000003 p1 22904 8
3178 13565965 m2 3468274 -0.000234336214 0.200000003 p1 22908 8
3408 13568804 m2 3687933 -1.64054727e-05 0.200000003 p1 22914 8
2147 13576643 m2 2382264 -5.35783272e-07 0.200000003 p1 22932 8
3990 13605900 m2 4291895 -1.1330877e-05 0.200000003 p1 22999 8
2942 13615381 m2 3224082 -0.000215143547 0.200000003 p1 23021 8
912 13615425 m2 1004644 -5.52723614e-05 0.200000003 p1 23021 8
3922 13629416 m2 4230256 -2.49147945e-07 0.200000003 p1 23053 8
131 13635286 m2 147621 -6.84583865e-05 0.200000003 p1 23067 8
2998 13639263 m2 3284427 -0.00017920816 0.200000003 p1 23076 8
4526 13648233 m2 4850179 -1.82962573e-13 0.200000003 p1 23097 8
165 13648968 m2 177257 -0.00258001289 0.200000003 p1 23098 8
2438 13663528 m2 2699627 -2.77305928e-10 0.200000003 p1 23132 8
85 13673402 m2 98754 -4.40491107e-07 0.200000003 p1 23155 8
2360 13677546 m2 2616186 -9.11769621e-06 0.200000003 p1 23164 8
2551 13680446 m2 2827107 -8.57707073e-06 0.200000003 p1 23171 8
4505 13684072 m2 4833747 -4.15619525e-06 0.200000003 p1 23179 8
4318 13685113 m2 4626356 -2.70820976e-07 0.200000003 p1 23181 8
3332 13685764 m2 3611167 -0.00112078758 0.200000003 p1 23183 8
929 13685859 m2 1026573 -3.50141505e-07 0.200000003 p1 23183 8
488 13693657 m2 535984 -2.8956034e-08 0.200000003 p1 23201 8
1417 13701051 m2 1612740 -0.00272681564 0.200000003 p1 23218 8
2550 13713479 m2 2826264 -3.07613846e-06 0.200000003 p1 23246 8
3209 13715481 m2 3499179 -0.00219383975 0.200000003 p1 23251 8
606 13719535 m2 678050 -0.0023913295 0.200000003 p1 23260 8
2274 13727313 m2 2518943 -0.00136148115 0.200000003 p1 23278 8
1359 13732023 m2 1545807 -0.00100525981 0.200000003 p1 23288 8
1149 13739485 m2 1295798 -3.74299617e-07 0.200000003 p1 23305 8
3002 13744781 m2 3286656 -1.63280504e-06 0.200000003 p1 23317 8
1015 13747403 m2 1123685 -0.00025337073 0.200000003 p1 23323 8
1849 13751507 m2 2095414 -0.00372807472 0.200000003 p1 23333 8
2732 13753388 m2 3001595 -3.98491793e-05 0.200000003 p1 23336 8
1839 13753876 m2 2086876 -9.34707771e-07 0.200000003 p1 23338 8
2285 13760504 m2 2531878 -2.46709146e-06 0.200000003 p1 23353 8
4208 13765844 m2 4491714 -0.000818190805 0.200000003 p1 23364 8
2278 13767403 m2 2522793 -0.00031309406 0.200000003 p1 23368 8
2481 13774490 m2 2751574 -0.000562523433 0.200000003 p1 23384 8
1279 13777728 m2 1459945 -0.00042721408 0.200000003 p1 23392 8
214 13780437 m2 231453 -3.18758503e-05 0.200000003 p1 23397 8
1850 13792144 m2 2096320 -1.71908014e-05 0.200000003 p1 23424 8
2958 13795015 m2 3242221 -0.00125446892 0.200000003 p1 23430 8
2097 13798644 m2 2339668 -0.00076751376 0.200000003 p1 23439 8
3225 13801819 m2 3508406 -3.46917477e-06 0.200000003 p1 23446 8
1517 13805192 m2 1733908 -4.16470211e-05 0.200000003 p1 23454 8
962 13805427 m2 1068232 -2.71708539e-15 0.200000003 p1 23454 8
4644 13811334 m2 4983185 -5.89199135e-06 0.200000003 p1 23468 8
3815 13827624 m2 4104373 -7.98849851e-06 0.200000003 p1 23506 8
189 13829999 m2 205532 -0.00032332039 0.200000003 p1 23511 8
1641 13830866 m2 1866126 -4.00143449e-07 0.200000003 p1 23513 8
435 13831155 m2 482236 -4.86109047e-06 0.200000003 p1 23514 8
1893 13836920 m2 2132777 -0.000199499307 0.200000003 p1 23527 8
196 13837205 m2 213422 -0.000371958769 0.200000003 p1 23527 8
3470 13842870 m2 3759829 -9.23638072e-06 0.200000003 p1 23540 8
1532 13848204 m2 1746065 -0.00122987269 0.200000003 p1 23553 8
4192 13851772 m2 4477434 -0.000213004678 0.200000003 p1 23561 8
2335 13853226 m2 2586403 -0.000196207475 0.200000003 p1 23564 8
2845 13859920 m2 3127116 -5.09117366e-11 0.200000003 p1 23580 8
4316 13867726 m2 4623688 -0.00143084116 0.200000003 p1 23598 8
2033 13875584 m2 2268400 -0.00295429071 0.200000003 p1 23616 8
3331 13881068 m2 3609242 -0.000723176694 0.200000003 p1 23629 8
3788 13882764 m2 4084284 -0.000503048475 0.200000003 p1 23633 8
1817 13884218 m2 2058321 -4.22568473e-06 0.200000003 p1 23636 8
1427 13895299 m2 1626563 -4.83417607e-05 0.200000003 p1 23662 8
834 13896597 m2 931477 -0.000471207284 0.200000003 p1 23665 8
2327 13896610 m2 2577697 -0.00150620821 0.200000003 p1 23665 8
3513 13898209 m2 3802463 -9.2371065e-06 0.200000003 p1 23668 8
3113 13905534 m2 3397140 -4.50252173e-08 0.200000003 p1 23685 8
1544 13912733 m2 1753515 -2.99413259e-08 0.200000003 p1 23702 8
1380 13919145 m2 1569670 -3.01653799e-05 0.200000003 p1 23717 8
948 13926768 m2 1049488 -0.000581788947 0.200000003 p1 23734 8
1666 13930639 m2 1906012 -2.44381482e-07 0.200000003 p1 23744 8
2318 13942386 m2 2571646 -0.00241700606 0.200000003 p1 23771 8
1437 13947988 m2 1637518 -0.000108909393 0.200000003 p1 23785 8
1759 13952536 m2 1994315 -0.000137909388 0.200000003 p1 23795 8
328 13956049 m2 361674 -0.000131643275 0.200000003 p1 23803 8
3186 13956326 m2 3473786 -2.10408544e-08 0.200000003 p1 23804 8
4400 13961639 m2 4724947 -0.00115474476 0.200000003 p1 23816 8
3522 13966001 m2 3812669 -0.000948572473 0.200000003 p1 23826 8
3526 13969064 m2 3826343 -0.000555869367 0.200000003 p1 23833 8
3912 13980227 m2 4211561 -0.000263659225 0.200000003 p1 23858 8
1758 13981438 m2 1994165 -1.17078203e-09 0.200000003 p1 23861 8
3911 13982059 m2 4210860 -0.000423209451 0.200000003 p1 23862 8
964 13985412 m2 1071417 -1.087905e-05 0.200000003 p1 23870 8
2222 13991707 m2 2476321 -4.11114535e-16 0.200000003 p1 23885 8
561 13995524 m2 628774 -1.66858827e-05 0.200000003 p1 23893 8
1268 13999083 m2 1451319 -5.1276146e-07 0.200000003 p1 23902 8
430 14001967 m2 478082 -0.000223922951 0.200000003 p1 23908 8
3519 14004703 m2 3809060 -0.000197423971 0.200000003 p1 23915 8
3476 14006294 m2 3768530 -0.000131380788 0.200000003 p1 23918 8
699 14008084 m2 771485 -0.0023733736 0.200000003 p1 23923 8
3786 14012792 m2 4081998 -0.000613810902 0.200000003 p1 23933 8
977 14026327 m2 1078530 -0.000274597085 0.200000003 p1 23965 8
2157 14027390 m2 2395962 -0.000269103708 0.200000003 p1 23967 8
2926 14027737 m2 3209326 -6.79587142e-09 0.200000003 p1 23968 8
3844 14033682 m2 4140478 -1.58969499e-06 0.200000003 p1 23982 8
2134 14034118 m2 2371373 -5.16896216e-05 0.200000003 p1 23983 8
4148 14044224 m2 4431009 -0.000356661301 0.200000003 p1 24006 8
2320 14045606 m2 2571949 -7.90978163e-07 0.200000003 p1 24009 8
1227 14047261 m2 1396455 -1.01053238e-05 0.200000003 p1 24013 8
4197 14053062 m2 4481770 -1.42983226e-05 0.200000003 p1 24027 8
490 14069473 m2 537801 -2.95209575e-05 0.200000003 p1 24066 8
2632 14070960 m2 2891784 -0.000125456339 0.200000003 p1 24069 8
885 14072101 m2 972217 -0.000153841116 0.200000003 p1 24072 8
2101 14072245 m2 2343521 -0.00124116719 0.200000003 p1 24072 8
1069 14098783 m2 1188744 -2.3394241e-05 0.200000003 p1 24133 8
1507 14102062 m2 1721699 -0.000142954392 0.200000003 p1 24140 8
2446 14104372 m2 2707929 -1.19015431e-05 0.200000003 p1 24146 8
2776 14116211 m2 3055253 -1.52840166e-05 0.200000003 p1 24172 8
946 14121402 m2 1048882 -1.10279798e-05 0.200000003 p1 24184 8
2934 14122246 m2 3218350 -5.68188916e-05 0.200000003 p1 24186 8
2208 14124684 m2 2460284 -5.28942073e-05 0.200000003 p1 24192 8
2601 14124890 m2 2863077 -6.78317374e-05 0.200000003 p1 24192 8
2200 14126733 m2 2451269 -0.000265093026 0.200000003 p1 24197 8
3508 14134161 m2 3799434 -1.54499594e-05 0.200000003 p1 24214 8
2279 14136726 m2 2523118 -7.36684888e-06 0.200000003 p1 24220 8
4516 14139692 m2 4843228 -0.00108826673 0.200000003 p1 24227 8
3187 14157345 m2 3476131 -6.85535415e-05 0.200000003 p1 24268 8
1763 14160755 m2 2002279 -8.90371221e-10 0.200000003 p1 24276 8
2585 14163342 m2 2847086 -0.000185996745 0.200000003 p1 24282 8
1128 14174587 m2 1275888 -0.000770412444 0.200000003 p1 24308 8
46 14177020 m2 53614 -6.49933136e-05 0.200000003 p1 24314 8
3076 14179627 m2 3367065 -0.000846005045 0.200000003 p1 24320 8
4388 14180059 m2 4706572 -1.00557527e-05 0.200000003 p1 24321 8
1604 14181323 m2 1822519 -0.000188623206 0.200000003 p1 24324 8
1488 14182297 m2 1704044 -1.27483199e-05 0.200000003 p1 24326 8
4004 14183248 m2 4306279 -8.07622892e-12 0.200000003 p1 24328 8
82 14187014 m2 95803 -0.000114126458 0.200000003 p1 24336 8
2230 14189365 m2 2483797 -0.000126177925 0.200000003 p1 24341 8
2231 14195826 m2 2484982 -0.000706870283 0.200000003 p1 24357 8
2564 14217018 m2 2833416 -0.000151803528 0.200000003 p1 24406 8
3175 14226343 m2 3465960 -6.9545758e-13 0.200000003 p1 24428 8
428 14252524 m2 477867 -0.00346193742 0.200000003 p1 24489 8
3169 14255402 m2 3460310 -0.000648593297 0.200000003 p1 24496 8
491 14260837 m2 540624 -0.000149516825 0.200000003 p1 24508 8
2204 14262333 m2 2453007 -0.00019089086 0.200000003 p1 24512 8
1573 14268044 m2 1792422 -0.00237072515 0.200000003 p1 24524 8
3379 14268697 m2 3666849 -3.67970387e-07 0.200000003 p1 24526 8
4070 14276989 m2 4359507 -0.000156914597 0.200000003 p1 24545 8
3909 14290727 m2 4207665 -0.000261729932 0.200000003 p1 24577 8
1480 14290738 m2 1692404 -8.60113847e-09 0.200000003 p1 24577 8
3745 14291474 m2 4039936 -0.000102562284 0.200000003 p1 24579 8
1102 14294110 m2 1246400 -1.18279092e-06 0.200000003 p1 24585 8
2072 14294806 m2 2316606 -8.86523558e-05 0.200000003 p1 24587 8
4467 14307586 m2 4789477 -0.00041022565 0.200000003 p1 24617 8
2690 14315951 m2 2953411 -0.000120531186 0.200000003 p1 24637 8
3376 14318507 m2 3663995 -2.5207564e-08 0.200000003 p1 24643 8
2620 14326214 m2 2876436 -1.56141073e-08 0.200000003 p1 24660 8
1354 14332582 m2 1540183 -4.43614226e-05 0.200000003 p1 24675 8
2701 14333237 m2 2964842 -6.87976751e-07 0.200000003 p1 24677 8
2245 14333486 m2 2492356 -0.000528590172 0.200000003 p1 24677 8
877 14336811 m2 965408 -0.00037918071 0.200000003 p1 24685 8
1081 14340215 m2 1214713 -0.000842623413 0.200000003 p1 24693 8
1474 14349326 m2 1688470 -2.59953504e-06 0.200000003 p1 24714 8
2035 14351242 m2 2275920 -4.97540854e-12 0.200000003 p1 24719 8
3183 14353013 m2 3470915 -0.000564207206 0.200000003 p1 24723 8
4456 14354857 m2 4780887 -6.84451297e-05 0.200000003 p1 24728 8
2966 14364188 m2 3254041 -3.41336971e-07 0.200000003 p1 24749 8
2744 14368278 m2 3013405 -6.37725407e-06 0.200000003 p1 24759 8
3009 14370778 m2 3295842 -0.00197842857 0.200000003 p1 24765 8
3872 14374969 m2 4172013 -4.78856964e-05 0.200000003 p1 24775 8
4358 14395832 m2 4662809 -0.000910716713 0.200000003 p1 24825 8
1992 14408074 m2 2232001 -1.59311009e-10 0.200000003 p1 24854 8
2087 14408746 m2 2330548 -0.000106883504 0.200000003 p1 24856 8
332 14410056 m2 364943 -0.00165061571 0.200000003 p1 24859 8
1024 14415680 m2 1131945 -0.000112149115 0.200000003 p1 24871 8
4281 14429587 m2 4569313 -0.000223336479 0.200000003 p1 24904 8
2935 14432412 m2 3218979 -1.61628323e-05 0.200000003 p1 24911 8
1271 14444180 m2 1452972 -9.67539764e-12 0.200000003 p1 24939 8
3896 14452253 m2 4196124 -5.09269667e-05 0.200000003 p1 24959 8
4233 14493305 m2 4517005 -7.39369134e-05 0.200000003 p1 25060 8
410 14495632 m2 454198 -0.000772880099 0.200000003 p1 25066 8
4321 14510592 m2 4629391 -0.000427565654 0.200000003 p1 25103 8
3067 14519227 m2 3360758 -3.61339357e-06 0.200000003 p1 25124 8
2460 14528823 m2 2725530 -0.0018993112 0.200000003 p1 25146 8
1819 14532269 m2 2059406 -0.00113969448 0.200000003 p1 25155 8
1410 14537512 m2 1606089 -6.40517392e-05 0.200000003 p1 25167 8
3874 14541707 m2 4174951 -0.00089636835 0.200000003 p1 25177 8
3383 14546558 m2 3667993 -7.20055596e-06 0.200000003 p1 25189 8
700 14554517 m2 771852 -2.60323338e-13 0.200000003 p1 25208 8
347 14557307 m2 375618 -3.15020634e-06 0.200000003 p1 25215 8
272 14561733 m2 299810 -0.000528798148 0.200000003 p1 25226 8
2307 14564141 m2 2556896 -0.000287074829 0.200000003 p1 25232 8
2965 14564700 m2 3253708 -0.000251150574 0.200000003 p1 25233 8
412 14575507 m2 460222 -2.40553577e-10 0.200000003 p1 25259 8
2397 14580140 m2 2660049 -2.68795702e-06 0.200000003 p1 25271 8
3377 14589991 m2 3665417 -0.000867027673 0.200000003 p1 25295 8
3799 14596122 m2 4089483 -0.000687472289 0.200000003 p1 25310 8
459 14596275 m2 506201 -1.29087439e-05 0.200000003 p1 25310 8
2250 14597392 m2 2494351 -0.000421922392 0.200000003 p1 25313 8
1412 14617196 m2 1607299 -3.19083759e-10 0.200000003 p1 25361 8
3543 14624267 m2 3840462 -4.65093253e-05 0.200000003 p1 25377 8
1702 14646082 m2 1947419 -2.30355486e-08 0.200000003 p1 25431 8
3145 14648539 m2 3435391 -6.42770174e-05 0.200000003 p1 25437 8
393 14661489 m2 438762 -0.000150479827 0.200000003 p1 25468 8
4577 14663516 m2 4914168 -4.01362886e-05 0.200000003 p1 25473 8
1681 14676159 m2 1920790 -1.67643452e-06 0.200000003 p1 25505 8
2506 14678244 m2 2779423 -0.000247719581 0.200000003 p1 25510 8
4152 14679565 m2 4432941 -4.47118555e-06 0.200000003 p1 25513 8
2962 14680601 m2 3247071 -0.000864084403 0.200000003 p1 25516 8
4336 14684206 m2 4646974 -0.000206155557 0.200000003 p1 25525 8
4291 14684896 m2 4581675 -1.14774856e-08 0.200000003 p1 25527 8
3463 14688547 m2 3747090 -7.91154089e-05 0.200000003 p1 25536 8
3580 14698027 m2 3871935 -1.13380031e-06 0.200000003 p1 25559 8
279 14716746 m2 306722 -0.000924850407 0.200000003 p1 25605 8
4072 14718388 m2 4360566 -4.53819702e-08 0.200000003 p1 25609 8
1551 14724368 m2 1767715 -7.98336896e-06 0.200000003 p1 25624 8
2386 14728549 m2 2645513 -6.54075484e-05 0.200000003 p1 25635 8
599 14729055 m2 672248 -0.000315210753 0.200000003 p1 25636 8
4226 14730746 m2 4512549 -0.000493884785 0.200000003 p1 25640 8
553 14732852 m2 624285 -3.95266146e-11 0.200000003 p1 25646 8
3591 14736126 m2 3884980 -0.00178507471 0.200000003 p1 25654 8
1733 14739889 m2 1969879 -0.00121438771 0.200000003 p1 25663 8
1241 14745598 m2 1408711 -0.000225744065 0.200000003 p1 25677 8
1701 14749636 m2 1947386 -0.000628418115 0.200000003 p1 25687 8
286 14751616 m2 314602 -9.1256517e-08 0.200000003 p1 25692 8
3738 14761370 m2 4031747 -4.59013108e-06 0.200000003 p1 25716 8
4371 14763362 m2 4680056 -4.76696641e-06 0.200000003 p1 25721 8
1257 14768485 m2 1440029 -5.20116207e-11 0.200000003 p1 25733 8
3305 14770966 m2 3581398 -4.14078349e-05 0.200000003 p1 25739 8
2500 14774322 m2 2774670 -0.00027343299 0.200000003 p1 25748 8
3866 14783303 m2 4164006 -0.00525146956 0.200000003 p1 25770 8
3457 14785406 m2 3738349 -3.00461033e-05 0.200000003 p1 25776 8
654 14788105 m2 729991 -1.49269981e-05 0.200000003 p1 25783 8
3313 14792063 m2 3593856 -0.000764991681 0.200000003 p1 25792 8
1220 14796417 m2 1392672 -8.1373355e-06 0.200000003 p1 25803 8
1418 14801843 m2 1614678 -0.00264369929 0.200000003 p1 25817 8
2896 14818362 m2 3181560 -0.000120649733 0.200000003 p1 25858 8
3515 14818625 m2 3804383 -3.97285339e-06 0.200000003 p1 25858 8
3694 14820121 m2 3984294 -0.00205514766 0.200000003 p1 25862 8
2719 14825873 m2 2980304 -3.672611e-06 0.200000003 p1 25876 8
2523 14829309 m2 2795620 -6.26683104e-05 0.200000003 p1 25885 8
4088 14829406 m2 4373352 -0.00243263831 0.200000003 p1 25885 8
1781 14829451 m2 2029340 -3.78083969e-05 0.200000003 p1 25885 8
2328 14829530 m2 2579079 -3.00552361e-10 0.200000003 p1 25885 8
3410 14836644 m2 3688442 -1.6201902e-07 0.200000003 p1 25903 8
121 14845859 m2 138687 -0.000141522891 0.200000003 p1 25926 8
1562 14845966 m2 1782990 -6.3863532e-05 0.200000003 p1 25926 8
3378 14854120 m2 3666485 -6.33835543e-06 0.200000003 p1 25946 8
2240 14862195 m2 2489311 -0.000534694816 0.200000003 p1 25966 8
3652 14864093 m2 3940378 -2.70694363e-05 0.200000003 p1 25971 8
264 14868940 m2 295372 -0.000134363523 0.200000003 p1 25983 8
57 14871791 m2 68878 -0.000666457927 0.200000003 p1 25990 8
233 14872383 m2 252322 -0.00013774776 0.200000003 p1 25991 8
3349 14873426 m2 3636505 -2.56106214e-05 0.200000003 p1 25994 8
3702 14874432 m2 3997797 -0.000203667601 0.200000003 p1 25997 8
2565 14877451 m2 2834120 -0.000281173649 0.200000003 p1 26004 8
848 14878047 m2 944103 -0.000487918471 0.200000003 p1 26005 8
536 14878404 m2 595493 -2.92038603e-05 0.200000003 p1 26006 8
982 14893276 m2 1084974 -0.00162635616 0.200000003 p1 26043 8
3998 14894359 m2 4300337 -0.000175559355 0.200000003 p1 26046 8
2047 14897402 m2 2289623 -0.0012244127 0.200000003 p1 26053 8
1225 14900932 m2 1395933 -7.52223972e-09 0.200000003 p1 26062 8
3172 14911744 m2 3461467 -9.19796075e-05 0.200000003 p1 26089 8
4314 14915236 m2 4622710 -0.00156372832 0.200000003 p1 26097 8
4383 14916116 m2 4699998 -7.66043495e-09 0.200000003 p1 26100 8
2262 14916807 m2 2504226 -0.00372231193 0.200000003 p1 26102 8
3345 14926655 m2 3630988 -1.08925924e-05 0.200000003 p1 26127 8
4151 14929533 m2 4432524 -0.000345539273 0.200000003 p1 26134 8
4472 14931699 m2 4793373 -9.93404257e-08 0.200000003 p1 26139 8
3182 14937508 m2 3469751 -0.000261182635 0.200000003 p1 26155 8
102 14940394 m2 118770 -2.09063316e-07 0.200000003 p1 26162 8
2491 14948301 m2 2759361 -4.24250402e-07 0.200000003 p1 26182 8
625 14964258 m2 697881 -0.000483480049 0.200000003 p1 26222 8
2715 14974553 m2 2976532 -9.14424561e-07 0.200000003 p1 26248 8
2254 14976847 m2 2497860 -0.000127740161 0.200000003 p1 26254 8
2272 14986306 m2 2518137 -3.08274792e-08 0.200000003 p1 26278 8
1668 14995361 m2 1909298 -3.72542758e-07 0.200000003 p1 26301 8
3391 14999440 m2 3671849 -3.91017238e-05 0.200000003 p1 26311 8
537 15002439 m2 598289 -0.000216089364 0.200000003 p1 26318 8
161 15011005 m2 176769 -1.84091664e-06 0.200000003 p1 26339 8
2009 15012228 m2 2244784 -3.47701171e-05 0.200000003 p1 26342 8
4638 15012941 m2 4975543 -7.9146339e-05 0.200000003 p1 26344 8
3080 15015463 m2 3370117 -7.57167884e-10 0.200000003 p1 26350 8
4230 15023702 m2 4516266 -0.000539100147 0.200000003 p1 26370 8
1896 15025449 m2 2134804 -3.46925191e-07 0.200000003 p1 26375 8
2070 15025572 m2 2316226 -0.00207981933 0.200000003 p1 26375 8
1343 15032514 m2 1532537 -1.45947908e-07 0.200000003 p1 26392 8
3257 15033961 m2 3543330 -9.02047177e-05 0.200000003 p1 26396 8
4090 15036540 m2 4374304 -0.000116425515 0.200000003 p1 26402 8
2333 15038206 m2 2584984 -3.80049897e-07 0.200000003 p1 26407 8
4589 15043735 m2 4923986 -1.84507951e-06 0.200000003 p1 26421 8
1997 15046395 m2 2233645 -8.70904696e-05 0.200000003 p1 26427 8
47 15048364 m2 54971 -1.58287435e-07 0.200000003 p1 26432 8
2527 15050459 m2 2796887 -6.03472472e-06 0.200000003 p1 26437 8
1765 15057680 m2 2011418 -0.000336435915 0.200000003 p1 26456 8
4057 15058100 m2 4347962 -0.00120487006 0.200000003 p1 26457 8
509 15068708 m2 563016 -1.54636164e-05 0.200000003 p1 26484 8
4366 15069966 m2 4673809 -5.59538094e-05 0.200000003 p1 26487 8
4587 15070915 m2 4922234 -0.000296031125 0.200000003 p1 26489 8
2046 15072749 m2 2289014 -1.09717894e-05 0.200000003 p1 26494 8
1754 15073464 m2 1988306 -3.82994658e-05 0.200000003 p1 26496 8
2859 15081932 m2 3146937 -6.01095671e-05 0.200000003 p1 26517 8
3171 15082121 m2 3460924 -5.09564483e-12 0.200000003 p1 26518 8
2345 15093374 m2 2599297 -1.13929692e-10 0.200000003 p1 26547 8
1598 15098292 m2 1819267 -3.95657344e-06 0.200000003 p1 26559 8
1647 15098293 m2 1870455 -4.91274648e-08 0.200000003 p1 26559 8
3765 15103440 m2 4063028 -3.688672e-06 0.200000003 p1 26572 8
795 15107768 m2 888762 -0.000255491992 0.200000003 p1 26583 8
2685 15111406 m2 2947866 -8.14370433e-05 0.200000003 p1 26593 8
4405 15112244 m2 4728176 -7.03734577e-06 0.200000003 p1 26595 8
1377 15113975 m2 1568057 -0.000264294562 0.200000003 p1 26599 8
2803 15125968 m2 3082073 -2.99718863e-06 0.200000003 p1 26629 8
2211 15126045 m2 2461929 -7.30690031e-13 0.200000003 p1 26630 8
4410 15127308 m2 4733704 -0.000131743553 0.200000003 p1 26633 8
2515 15134326 m2 2789825 -1.77357415e-05 0.200000003 p1 26651 8
4649 15135222 m2 4989803 -4.47211249e-07 0.200000003 p1 26653 8
142 15140451 m2 157616 -0.000277681247 0.200000003 p1 26667 8
1853 15141271 m2 2100837 -0.000818044005 0.200000003 p1 26669 8
4578 15141384 m2 4914948 -3.45237459e-05 0.200000003 p1 26669 8
4565 15154643 m2 4899962 -0.00233199145 0.200000003 p1 26703 8
3018 15157483 m2 3301649 -0.00249813963 0.200000003 p1 26710 8
2906 15158978 m2 3193311 -0.000195266752 0.200000003 p1 26714 8
1655 15166842 m2 1889120 -1.56492661e-05 0.200000003 p1 26735 8
111 15167852 m2 128793 -0.00421106629 0.200000003 p1 26737 8
868 15172310 m2 957228 -2.26644897e-05 0.200000003 p1 26748 8
3160 15183050 m2 3452242 -2.71311433e-06 0.200000003 p1 26776 8
1803 15189757 m2 2047428 -5.79489594e-08 0.200000003 p1 26794 8
88 15191914 m2 101985 -0.000417650066 0.200000003 p1 26799 8
4183 15191940 m2 4464446 -1.13575545e-07 0.200000003 p1 26799 8
1421 15200817 m2 1621062 -2.79398409e-05 0.200000003 p1 26821 8
2566 15201840 m2 2834836 -0.0011731626 0.200000003 p1 26824 8
4296 15207854 m2 4589699 -0.000100924844 0.200000003 p1 26839 8
3116 15217393 m2 3401797 -2.85493115e-07 0.200000003 p1 26864 8
4168 15222318 m2 4451941 -7.84479416e-05 0.200000003 p1 26876 8
4406 15225069 m2 4728212 -0.000237482236 0.200000003 p1 26884 8
583 15238786 m2 652709 -9.26930898e-06 0.200000003 p1 26918 8
547 15244406 m2 613234 -1.77282018e-07 0.200000003 p1 26932 8
3919 15250948 m2 4226530 -0.000274297578 0.200000003 p1 26948 8
1 15252788 m2 598 -0.00115693768 0.200000003 p1 26953 8
2107 15255011 m2 2350162 -0.00210492429 0.200000003 p1 26959 8
603 15260084 m2 674403 -0.000270183169 0.200000003 p1 26972 8
3579 15262342 m2 3871639 -3.52827665e-05 0.200000003 p1 26978 8
1485 15268671 m2 1702592 -1.74944903e-09 0.200000003 p1 26994 8
1316 15274486 m2 1502086 -3.74887122e-06 0.200000003 p1 27008 8
955 15274604 m2 1057909 -2.04613316e-05 0.200000003 p1 27009 8
1772 15280545 m2 2018911 -9.52584924e-06 0.200000003 p1 27024 8
2315 15289535 m2 2569290 -1.94960398e-06 0.200000003 p1 27048 8
2129 15289979 m2 2368632 -0.000451706612 0.200000003 p1 27049 8
4076 15296290 m2 4365457 -1.28356689e-07 0.200000003 p1 27065 8
3202 15296337 m2 3492088 -0.000129199718 0.200000003 p1 27065 8
637 15296867 m2 709504 -4.19404387e-06 0.200000003 p1 27067 8
3081 15299542 m2 3371534 -3.45779455e-07 0.200000003 p1 27074 8
2489 15299757 m2 2758994 -6.95312252e-10 0.200000003 p1 27074 8
3604 15304959 m2 3896667 -1.95458288e-05 0.200000003 p1 27088 8
4272 15304972 m2 4561561 -1.97296367e-06 0.200000003 p1 27088 8
251 15305804 m2 277638 -1.7022872e-09 0.200000003 p1 27090 8
1035 15306979 m2 1148031 -0.000264589878 0.200000003 p1 27093 8
4166 15311923 m2 4447063 -4.01350092e-10 0.200000003 p1 27106 8
1865 15318916 m2 2111303 -9.37016812e-05 0.200000003 p1 27124 8
575 15321379 m2 645796 -3.74683987e-05 0.200000003 p1 27130 8
3079 15327893 m2 3369583 -1.29191876e-05 0.200000003 p1 27147 8
2824 15328866 m2 3101082 -0.000169891093 0.200000003 p1 27150 8
265 15329568 m2 295785 -4.12046029e-05 0.200000003 p1 27152 8
846 15330740 m2 942563 -0.000167162536 0.200000003 p1 27155 8
4380 15332455 m2 4692166 -1.01069099e-05 0.200000003 p1 27159 8
3215 15336435 m2 3503813 -0.000179194685 0.200000003 p1 27170 8
108 15339210 m2 124354 -6.6549539e-05 0.200000003 p1 27177 8
4276 15339718 m2 4564164 -0.000483797805 0.200000003 p1 27179 8
4290 15341018 m2 4579520 -3.08728659e-06 0.200000003 p1 27182 8
817 15341843 m2 909317 -1.75884161e-05 0.200000003 p1 27184 8
1203 15349741 m2 1373180 -2.00687076e-08 0.200000003 p1 27205 8
3060 15355135 m2 3345110 -0.000129862892 0.200000003 p1 27219 8
4497 15357352 m2 4827248 -0.000160089359 0.200000003 p1 27225 8
1223 15359418 m2 1394709 -1.38968534e-08 0.200000003 p1 27230 8
3161 15366544 m2 3453139 -0.000703637255 0.200000003 p1 27249 8
487 15367006 m2 532857 -0.000371172588 0.200000003 p1 27250 8
1363 15368784 m2 1552246 -0.00602960167 0.200000003 p1 27255 8
2681 15372043 m2 2940976 -0.00189990341 0.200000003 p1 27263 8
920 15373203 m2 1013466 -1.58513425e-10 0.200000003 p1 27266 8
1426 15373406 m2 1626373 -2.98598225e-05 0.200000003 p1 27267 8
2616 15375625 m2 2874537 -0.000200892144 0.200000003 p1 27273 8
740 15376316 m2 814405 -0.000136301722 0.200000003 p1 27274 8
315 15377301 m2 344741 -1.51822069e-05 0.200000003 p1 27277 8
4162 15385439 m2 4444257 -0.0018616945 0.200000003 p1 27298 8
74 15395058 m2 88713 -1.39246913e-05 0.200000003 p1 27323 8
681 15397241 m2 756647 -0.000155517278 0.200000003 p1 27329 8
1542 15397286 m2 1752143 -1.5554042e-05 0.200000003 p1 27329 8
2264 15401599 m2 2508406 -0.000290337834 0.200000003 p1 27340 8
1677 15404684 m2 1916869 -0.000282206573 0.200000003 p1 27348 8
2815 15406575 m2 3092154 -4.64878485e-06 0.200000003 p1 27353 8
2023 15411111 m2 2258647 -1.39593385e-06 0.200000003 p1 27365 8
3544 15412775 m2 3840726 -5.65837654e-05 0.200000003 p1 27370 8
3271 15416265 m2 3551436 -7.20006865e-05 0.200000003 p1 27379 8
3942 15416480 m2 4249999 -2.96912106e-07 0.200000003 p1 27379 8
4008 15418340 m2 4309063 -1.00510943e-06 0.200000003 p1 27384 8
327 15423716 m2 361484 -0.000168571554 0.200000003 p1 27398 8
4558 15425989 m2 4893352 -0.000128139742 0.200000003 p1 27404 8
2745 15429059 m2 3015267 -6.91947434e-06 0.200000003 p1 27412 8
1334 15430080 m2 1519093 -0.000821629481 0.200000003 p1 27414 8
2281 15443701 m2 2525035 -1.99030428e-11 0.200000003 p1 27450 8
2718 15444337 m2 2980258 -0.000154376816 0.200000003 p1 27452 8
4278 15445803 m2 4566301 -0.000188963546 0.200000003 p1 27456 8
717 15454972 m2 793347 -2.37587642e-06 0.200000003 p1 27480 8
2532 15458801 m2 2803027 -7.23474877e-05 0.200000003 p1 27490 8
1778 15465545 m2 2026725 -0.00292417826 0.200000003 p1 27508 8
620 15466039 m2 692822 -0.000241815869 0.200000003 p1 27510 8
4615 15466702 m2 4953425 -9.26681332e-06 0.200000003 p1 27511 8
2434 15469530 m2 2695485 -4.03230079e-05 0.200000003 p1 27519 8
831 15470869 m2 925112 -5.50471168e-06 0.200000003 p1 27523 8
3630 15478477 m2 3919822 -1.75315975e-08 0.200000003 p1 27542 8
853 15497945 m2 946225 -1.22148492e-06 0.200000003 p1 27593 8
1379 15508185 m2 1568936 -0.000758825918 0.200000003 p1 27619 8
334 15516222 m2 366893 -1.87882724e-05 0.200000003 p1 27640 8
2657 15516872 m2 2915370 -6.93413531e-05 0.200000003 p1 27642 8
758 15523368 m2 836270 -0.00213771476 0.200000003 p1 27659 8
3432 15524530 m2 3713751 -2.91253466e-10 0.200000003 p1 27662 8
975 15525783 m2 1076403 -0.000184768272 0.200000003 p1 27665 8
3759 15531793 m2 4058341 -0.0021946081 0.200000003 p1 27682 8
4543 15533928 m2 4876878 -3.59739192e-06 0.200000003 p1 27688 8
3414 15534740 m2 3692124 -2.81420483e-07 0.200000003 p1 27690 8
1163 15538486 m2 1310423 -0.0031300995 0.200000003 p1 27700 8
4136 15539842 m2 4420563 -6.12642762e-05 0.200000003 p1 27703 8
1023 15543624 m2 1130348 -8.38433261e-05 0.200000003 p1 27713 8
1473 15550187 m2 1686671 -1.57935847e-05 0.200000003 p1 27731 8
669 15556359 m2 746112 -2.34372783e-05 0.200000003 p1 27748 8
3082 15564224 m2 3371789 -0.000107388449 0.200000003 p1 27768 8
1135 15573261 m2 1280264 -8.37885727e-06 0.200000003 p1 27793 8
1174 15580126 m2 1324726 -0.00228595082 0.200000003 p1 27811 8
2257 15584346 m2 2499602 -0.000786787481 0.200000003 p1 27822 8
2552 15584900 m2 2828443 -0.00137088296 0.200000003 p1 27823 8
921 15585809 m2 1016248 -0.000733224559 0.200000003 p1 27826 8
591 15590560 m2 658693 -0.000108273685 0.200000003 p1 27839 8
1248 15595449 m2 1426618 -0.00116176496 0.200000003 p1 27852 8
2770 15604619 m2 3048812 -4.44374855e-05 0.200000003 p1 27877 8
2740 15605236 m2 3009179 -0.000490324572 0.200000003 p1 27879 8
4180 15612380 m2 4461905 -0.000640871876 0.200000003 p1 27899 8
2822 15613216 m2 3100625 -2.15210566e-05 0.200000003 p1 27902 8
2255 15613238 m2 2497920 -0.000345998211 0.200000003 p1 27902 8
3389 15623591 m2 3670921 -0.00314734923 0.200000003 p1 27930 8
3937 15624064 m2 4247867 -0.00305605098 0.200000003 p1 27931 8
155 15625648 m2 169983 -2.87745002e-06 0.200000003 p1 27935 8
3711 15627124 m2 4008007 -2.07839548e-07 0.200000003 p1 27939 8
3117 15631547 m2 3402027 -0.000665699656 0.200000003 p1 27951 8
2242 15631680 m2 2490855 -1.25956751e-06 0.200000003 p1 27952 8
1561 15631793 m2 1782919 -0.00127498503 0.200000003 p1 27952 8
3419 15633620 m2 3701693 -1.24002163e-05 0.200000003 p1 27957 8
3294 15634828 m2 3572824 -1.19459331e-09 0.200000003 p1 27960 8
4522 15648332 m2 4849033 -0.000150134219 0.200000003 p1 27996 8
3208 15649213 m2 3497652 -2.94828969e-05 0.200000003 p1 27998 8
3639 15654365 m2 3924036 -0.00105374388 0.200000003 p1 28012 8
1133 15662975 m2 1277473 -0.000501868257 0.200000003 p1 28034 8
401 15664763 m2 446856 -0.000199487171 0.200000003 p1 28039 8
4643 15674808 m2 4981983 -2.60755078e-05 0.200000003 p1 28066 8
2874 15678969 m2 3158240 -0.000173263019 0.200000003 p1 28077 8
369 15679983 m2 406139 -7.58662111e-07 0.200000003 p1 28080 8
2375 15684771 m2 2637600 -2.68153303e-06 0.200000003 p1 28093 8
1114 15686534 m2 1262111 -3.49978982e-05 0.200000003 p1 28097 8
2175 15687957 m2 2419984 -0.000378989731 0.200000003 p1 28101 8
551 15699788 m2 620752 -9.65739164e-05 0.200000003 p1 28132 8
1929 15719094 m2 2170613 -7.12227338e-05 0.200000003 p1 28184 8
2741 15722084 m2 3009438 -0.00097384589 0.200000003 p1 28192 8
3078 15728730 m2 3368386 -6.02643149e-06 0.200000003 p1 28210 8
73 15731658 m2 86382 -7.54021556e-08 0.200000003 p1 28219 8
1483 15737421 m2 1696250 -0.000169359715 0.200000003 p1 28234 8
4611 15740305 m2 4949288 -0.000480390998 0.200000003 p1 28242 8
1292 15742998 m2 1473783 -0.000442098302 0.200000003 p1 28250 8
3573 15745431 m2 3868329 -2.01376293e-09 0.200000003 p1 28257 8
1715 15746915 m2 1958739 -0.000151519998 0.200000003 p1 28261 8
3944 15747517 m2 4251158 -0.000170615735 0.200000003 p1 28262 8
1247 15755711 m2 1425680 -9.61885689e-07 0.200000003 p1 28284 8
1617 15756059 m2 1836331 -0.00153942115 0.200000003 p1 28285 8
843 15761586 m2 935453 -1.13562155e-08 0.200000003 p1 28300 8
2734 15762491 m2 3005373 -0.000887313043 0.200000003 p1 28303 8
1981 15773199 m2 2218711 -1.53430562e-07 0.200000003 p1 28331 8
3477 15774697 m2 3769145 -0.000181953932 0.200000003 p1 28335 8
804 15777504 m2 899488 -1.36823621e-06 0.200000003 p1 28343 8
194 15797978 m2 210006 -0.000267554744 0.200000003 p1 28399 8
4377 15804709 m2 4686568 -1.16261635e-05 0.200000003 p1 28417 8
3628 15809164 m2 3917996 -9.13794793e-05 0.200000003 p1 28429 8
3825 15812841 m2 4116875 -1.31849686e-06 0.200000003 p1 28439 8
3024 15814600 m2 3314099 -4.40275407e-08 0.200000003 p1 28443 8
4457 15815358 m2 4782340 -0.00166028959 0.200000003 p1 28445 8
2855 15821326 m2 3135365 -0.00149551907 0.200000003 p1 28462 8
1305 15829982 m2 1489110 -0.000789527374 0.200000003 p1 28485 8
4307 15830326 m2 4611328 -0.000722193043 0.200000003 p1 28486 8
476 15837099 m2 524062 -0.000926821609 0.200000003 p1 28505 8
1900 15841683 m2 2139531 -0.00113534718 0.200000003 p1 28517 8
3401 15844528 m2 3682308 -2.3194405e-05 0.200000003 p1 28525 8
236 15850572 m2 255031 -0.000241146394 0.200000003 p1 28541 8
3564 15864940 m2 3857626 -0.000673837378 0.200000003 p1 28580 8
2366 15869481 m2 2624155 -0.000130619708 0.200000003 p1 28593 8
1669 15875015 m2 1909635 -0.000568330055 0.200000003 p1 28608 8
2796 15877894 m2 3076077 -0.000120286248 0.200000003 p1 28616 8
23 15879818 m2 27238 -0.00072283193 0.200000003 p1 28622 8
889 15882066 m2 979275 -1.07494031e-06 0.200000003 p1 28628 8
4445 15882727 m2 4766717 -0.000666133477 0.200000003 p1 28630 8
2676 15892839 m2 2933739 -0.000220299204 0.200000003 p1 28658 8
861 15895057 m2 952848 -5.68357973e-06 0.200000003 p1 28664 8
3594 15896386 m2 3886984 -0.00556299742 0.200000003 p1 28668 8
2241 15899352 m2 2489967 -3.31793417e-05 0.200000003 p1 28676 8
1463 15905366 m2 1675131 -0.000650485978 0.200000003 p1 28693 8
1882 15907527 m2 2126180 -1.95544089e-05 0.200000003 p1 28699 8
1067 15911055 m2 1182856 -8.17623743e-07 0.200000003 p1 28709 8
2580 15911751 m2 2844476 -0.000404589227 0.200000003 p1 28711 8
1053 15913781 m2 1162905 -1.2415001e-05 0.200000003 p1 28717 8
493 15934551 m2 545733 -0.000627507863 0.200000003 p1 28773 8
1886 15936221 m2 2131159 -0.00124129874 0.200000003 p1 28778 8
3276 15936933 m2 3554564 -0.000586450915 0.200000003 p1 28780 8
4596 15946307 m2 4937414 -0.00827269536 0.200000003 p1 28805 8
1078 15947601 m2 1208619 -0.00249126344 0.200000003 p1 28808 8
4534 15948291 m2 4856672 -1.16908052e-06 0.200000003 p1 28810 8
3047 15954271 m2 3333249 -0.00418343628 0.200000003 p1 28827 8
4132 15957773 m2 4418283 -2.58079399e-05 0.200000003 p1 28837 8
478 15958568 m2 527651 -0.000145643513 0.200000003 p1 28839 8
1276 15964667 m2 1456323 -0.000726469501 0.200000003 p1 28856 8
4048 15968235 m2 4339175 -8.80930031e-07 0.200000003 p1 28866 8
4508 15974388 m2 4837772 -2.7532069e-05 0.200000003 p1 28883 8
3857 15982939 m2 4155534 -0.000119009703 0.200000003 p1 28907 8
2831 15983379 m2 3111964 -6.57526243e-06 0.200000003 p1 28908 8
1822 15983624 m2 2063872 -9.911505e-06 0.200000003 p1 28909 8
2723 15985343 m2 2988450 -0.00163384061 0.200000003 p1 28914 8
4424 15985884 m2 4749749 -3.56478195e-05 0.200000003 p1 28916 8
3406 15987916 m2 3686636 -0.000116792406 0.200000003 p1 28921 8
3177 15997359 m2 3467710 -1.268289e-05 0.200000003 p1 28948 8
3255 15998683 m2 3540690 -4.00497884e-05 0.200000003 p1 28952 8
4356 16003811 m2 4661629 -2.70780407e-14 0.200000003 p1 28966 8
220 16007312 m2 240318 -0.000422338926 0.200000003 p1 28977 8
2512 16011634 m2 2783846 -3.52044162e-06 0.200000003 p1 28989 8
684 16012381 m2 757666 -0.00025261892 0.200000003 p1 28991 8
766 16014354 m2 845541 -9.25648251e-08 0.200000003 p1 28996 8
1250 16017248 m2 1427868 -0.000698372955 0.200000003 p1 29005 8
3346 16017648 m2 3632648 -0.00115473126 0.200000003 p1 29006 8
2113 16018610 m2 2353841 -1.23862183e-05 0.200000003 p1 29009 8
3989 16019169 m2 4290242 -0.00053220574 0.200000003 p1 29011 8
3162 16026619 m2 3453620 -9.65221489e-07 0.200000003 p1 29032 8
2261 16037500 m2 2502998 -4.39502031e-07 0.200000003 p1 29063 8
2619 16057470 m2 2875077 -4.42475066e-05 0.200000003 p1 29121 8
1565 16059203 m2 1787356 -0.000122266763 0.200000003 p1 29126 8
1270 16061703 m2 1452824 -1.48204144e-05 0.200000003 p1 29133 8
1946 16063057 m2 2187456 -0.00321022049 0.200000003 p1 29137 8
3871 16070436 m2 4169094 -0.00496633071 0.200000003 p1 29157 8
4285 16073544 m2 4573452 -7.02986647e-09 0.200000003 p1 29166 8
855 16082993 m2 947784 -0.000256326282 0.200000003 p1 29192 8
2059 16084027 m2 2307575 -5.06798051e-06 0.200000003 p1 29195 8
2889 16092482 m2 3175855 -7.35928406e-05 0.200000003 p1 29219 8
692 16095037 m2 764806 -0.000122414524 0.200000003 p1 29226 8
2968 16101143 m2 3256075 -0.00146435294 0.200000003 p1 29244 8
2451 16111524 m2 2713513 -0.000855739636 0.200000003 p1 29273 8
2979 16117250 m2 3263944 -9.49165187e-05 0.200000003 p1 29289 8
192 16125353 m2 207337 -0.000732768269 0.200000003 p1 29311 8
3716 16125415 m2 4011209 -7.17292787e-05 0.200000003 p1 29311 8
2766 16127431 m2 3045765 -0.00344988983 0.200000003 p1 29317 8
2771 16136562 m2 3052210 -3.75379313e-05 0.200000003 p1 29342 8
432 16140010 m2 480220 -0.000279645436 0.200000003 p1 29351 8
1337 16143188 m2 1522449 -7.51490143e-06 0.200000003 p1 29360 8
2185 16146240 m2 2436835 -1.33076546e-05 0.200000003 p1 29368 8
1922 16153167 m2 2164350 -0.00243365369 0.200000003 p1 29387 8
4256 16158172 m2 4543842 -0.000257622218 0.200000003 p1 29401 8
13 16166400 m2 12718 -0.000246640935 0.200000003 p1 29424 8
3999 16171028 m2 4301752 -2.46167438e-05 0.200000003 p1 29437 8
952 16173190 m2 1052103 -1.83092975e-13 0.200000003 p1 29443 8
2873 16184327 m2 3157904 -0.000170746149 0.200000003 p1 29474 8
2422 16186292 m2 2681442 -1.50858705e-05 0.200000003 p1 29480 8
3028 16189465 m2 3318749 -3.58854834e-07 0.200000003 p1 29489 8
312 16193293 m2 343773 -4.01478033e-08 0.200000003 p1 29500 8
3735 16195712 m2 4030165 -1.50501762e-07 0.200000003 p1 29507 8
4117 16197438 m2 4401107 -1.91945746e-05 0.200000003 p1 29512 8
3736 16202576 m2 4030630 -1.1265638e-06 0.200000003 p1 29527 8
4044 16205749 m2 4335750 -0.00032085678 0.200000003 p1 29536 8
3000 16206438 m2 3286199 -0.000197302288 0.200000003 p1 29538 8
1704 16207874 m2 1948265 -9.21468236e-05 0.200000003 p1 29542 8
1356 16208078 m2 1543804 -7.93976085e-09 0.200000003 p1 29543 8
4622 16213661 m2 4960652 -4.90170387e-05 0.200000003 p1 29558 8
2778 16220353 m2 3058487 -5.29035482e-08 0.200000003 p1 29577 8
2838 16221595 m2 3122074 -0.00112696621 0.200000003 p1 29580 8
3350 16223465 m2 3636650 -1.58276016e-05 0.200000003 p1 29586 8
996 16226415 m2 1100375 -8.0455078e-07 0.200000003 p1 29594 8
1327 16229526 m2 1513798 -0.000363410654 0.200000003 p1 29603 8
2163 16231022 m2 2403235 -5.13787368e-09 0.200000003 p1 29607 8
362 16240945 m2 395667 -0.000169254316 0.200000003 p1 29636 8
3534 16246842 m2 3833627 -0.000671024318 0.200000003 p1 29653 8
1211 16250769 m2 1381952 -0.000128880682 0.200000003 p1 29664 8
387 16254511 m2 432732 -1.40638463e-06 0.200000003 p1 29675 8
1179 16256987 m2 1328235 -0.000784034899 0.200000003 p1 29682 8
1760 16257968 m2 1997576 -0.000846002367 0.200000003 p1 29685 8
4555 16258017 m2 4886976 -0.00141632371 0.200000003 p1 29685 8
4172 16261571 m2 4455799 -6.71732414e-05 0.200000003 p1 29695 8
4340 16266296 m2 4650524 -0.00029383169 0.200000003 p1 29709 8
1152 16268536 m2 1298448 -0.00490154838 0.200000003 p1 29715 8
2184 16268997 m2 2436788 -0.0016212723 0.200000003 p1 29717 8
1857 16269514 m2 2102712 -0.0011505459 0.200000003 p1 29718 8
1386 16270821 m2 1579072 -5.96372161e-07 0.200000003 p1 29722 8
3321 16272622 m2 3599469 -3.55369207e-06 0.200000003 p1 29727 8
4563 16274833 m2 4899110 -1.04482406e-05 0.200000003 p1 29734 8
2694 16276364 m2 2957022 -0.000454659807 0.200000003 p1 29738 8
3511 16279109 m2 3800483 -2.24215773e-06 0.200000003 p1 29746 8
3584 16284499 m2 3873763 -0.00145016378 0.200000003 p1 29761 8
837 16284696 m2 933349 -6.81529782e-05 0.200000003 p1 29762 8
3284 16287807 m2 3561771 -5.67641582e-05 0.200000003 p1 29772 8
3247 16291123 m2 3535363 -7.48437697e-06 0.200000003 p1 29782 8
2109 16294288 m2 2351647 -0.000353537471 0.200000003 p1 29791 8
1576 16295782 m2 1794017 -0.00136841903 0.200000003 p1 29796 8
3073 16305613 m2 3363665 -9.02527754e-05 0.200000003 p1 29824 8
2432 16308653 m2 2693991 -1.6320601e-07 0.200000003 p1 29833 8
1440 16308700 m2 1640941 -3.90639179e-05 0.200000003 p1 29834 8
4544 16311187 m2 4877277 -0.00412043836 0.200000003 p1 29841 8
1833 16313175 m2 2077860 -6.21782092e-05 0.200000003 p1 29846 8
4271 16319700 m2 4560886 -0.000334462937 0.200000003 p1 29865 8
3157 16320445 m2 3445693 -6.7661349e-05 0.200000003 p1 29867 8
4378 16321102 m2 4687219 -0.00238794601 0.200000003 p1 29869 8
1618 16321936 m2 1837218 -0.000423400576 0.200000003 p1 29872 8
4199 16327900 m2 4483825 -6.48578816e-06 0.200000003 p1 29889 8
3829 16329731 m2 4124700 -0.00305486377 0.200000003 p1 29895 8
1716 16333906 m2 1958908 -0.000593032688 0.200000003 p1 29907 8
4126 16336587 m2 4412890 -5.74964497e-06 0.200000003 p1 29914 8
3091 16344071 m2 3376691 -0.000147918297 0.200000003 p1 29936 8
4052 16345693 m2 4344805 -3.00738812e-08 0.200000003 p1 29941 8
308 16351314 m2 341386 -0.000683955441 0.200000003 p1 29957 8
2885 16352364 m2 3171234 -0.00259651057 0.200000003 p1 29960 8
408 16353547 m2 450769 -1.12379283e-07 0.200000003 p1 29963 8
809 16357774 m2 903776 -0.000162015815 0.200000003 p1 29975 8
1214 16361161 m2 1385435 -0.000450809224 0.200000003 p1 29985 8
335 16364211 m2 367621 -2.04128645e-10 0.200000003 p1 29994 8
3365 16365984 m2 3650183 -0.00426791422 0.200000003 p1 29999 8
3682 16375406 m2 3972339 -2.69368456e-07 0.200000003 p1 30027 8
2016 16382808 m2 2251522 -0.000678961165 0.200000003 p1 30048 8
3783 16386477 m2 4080233 -1.45890944e-08 0.200000003 p1 30059 8
4029 16387879 m2 4323415 -1.52809189e-05 0.200000003 p1 30063 8
4133 16388475 m2 4418400 -2.9859379e-07 0.200000003 p1 30065 8
2423 16392273 m2 2682866 -8.02067079e-05 0.200000003 p1 30076 8
2172 16393240 m2 2418081 -8.07389995e-08 0.200000003 p1 30078 8
462 16393574 m2 508510 -7.30935035e-10 0.200000003 p1 30079 8
985 16395464 m2 1087767 -0.00040720508 0.200000003 p1 30084 8
399 16398352 m2 444834 -0.000197763264 0.200000003 p1 30093 8
869 16402452 m2 958852 -4.59617468e-06 0.200000003 p1 30105 8
2384 16411710 m2 2644653 -0.00124781404 0.200000003 p1 30132 8
4556 16412076 m2 4890474 -6.33686228e-11 0.200000003 p1 30133 8
3719 16414186 m2 4013214 -0.000493703759 0.200000003 p1 30139 8
3931 16415500 m2 4240701 -6.52831513e-05 0.200000003 p1 30143 8
1185 16424036 m2 1342738 -0.00038501207 0.200000003 p1 30168 8
324 16424511 m2 357406 -0.000599127903 0.200000003 p1 30170 8
907 16428444 m2 1000458 -5.42442447e-09 0.200000003 p1 30181 8
839 16432785 m2 933766 -9.59310928e-05 0.200000003 p1 30193 8
386 16448671 m2 431969 -0.000641388411 0.200000003 p1 30239 8
280 16451149 m2 307093 -7.88685611e-07 0.200000003 p1 30246 8
298 16454501 m2 330899 -5.42449707e-05 0.200000003 p1 30256 8
3681 16455566 m2 3971850 -0.000114701812 0.200000003 p1 30259 8
923 16456544 m2 1016782 -0.000368656678 0.200000003 p1 30262 8
1590 16459738 m2 1813178 -0.00267376378 0.200000003 p1 30272 8
1138 16463588 m2 1285458 -2.54075818e-08 0.200000003 p1 30283 8
3599 16463912 m2 3892685 -3.77595821e-09 0.200000003 p1 30284 8
2923 16470130 m2 3206876 -0.000312443532 0.200000003 p1 30302 8
4304 16474112 m2 4609340 -0.000998654403 0.200000003 p1 30314 8
2596 16475072 m2 2860782 -0.00429431535 0.200000003 p1 30317 8
2404 16476898 m2 2664213 -0.00292048603 0.200000003 p1 30322 8
3133 16482693 m2 3416049 -4.60868277e-09 0.200000003 p1 30340 8
3306 16487012 m2 3583002 -3.30235687e-12 0.200000003 p1 30352 8
1183 16490173 m2 1338753 -2.50153989e-05 0.200000003 p1 30362 8
815 16497449 m2 907214 -0.00213942328 0.200000003 p1 30385 8
3238 16498684 m2 3522082 -0.00201886962 0.200000003 p1 30389 8
2196 16504567 m2 2447238 -0.00196928857 0.200000003 p1 30407 8
2102 16515477 m2 2343720 -5.13523846e-05 0.200000003 p1 30441 8
1709 16516425 m2 1951095 -0.000297584716 0.200000003 p1 30444 8
3967 16521974 m2 4272484 -2.00861268e-05 0.200000003 p1 30461 8
1088 16525781 m2 1222340 -0.000903024164 0.200000003 p1 30473 8
1177 16531599 m2 1326628 -0.000229473881 0.200000003 p1 30491 8
3244 16532117 m2 3534146 -0.000329619739 0.200000003 p1 30492 8
1073 16537351 m2 1194186 -2.95253412e-05 0.200000003 p1 30509 8
1387 16541075 m2 1579518 -3.0913543e-05 0.200000003 p1 30520 8
2655 16541632 m2 2913899 -0.000162256489 0.200000003 p1 30522 8
1263 16543544 m2 1448015 -0.000371808128 0.200000003 p1 30528 8
167 16544746 m2 177521 -0.000435813243 0.200000003 p1 30532 8
1265 16546188 m2 1450169 -0.000428448373 0.200000003 p1 30536 8
217 16551805 m2 235347 -5.55874877e-12 0.200000003 p1 30553 8
3965 16552890 m2 4270768 -0.000132555244 0.200000003 p1 30557 8
3005 16555987 m2 3292691 -2.76706924e-05 0.200000003 p1 30567 8
3046 16557477 m2 3332166 -1.14572713e-05 0.200000003 p1 30571 8
2074 16557507 m2 2318974 -0.00163046503 0.200000003 p1 30571 8
2973 16562332 m2 3259313 -0.00289446162 0.200000003 p1 30586 8
2042 16563986 m2 2284174 -0.000133166381 0.200000003 p1 30591 8
4165 16570041 m2 4446039 -0.00277602579 0.200000003 p1 30609 8
1439 16572978 m2 1639686 -0.000689069857 0.200000003 p1 30619 8
3888 16576760 m2 4190108 -2.57531447e-05 0.200000003 p1 30630 8
3407 16583967 m2 3686910 -0.000526775722 0.200000003 p1 30653 8
1455 16585948 m2 1667097 -4.61229956e-06 0.200000003 p1 30659 8
151 16587151 m2 167212 -1.24422249e-05 0.200000003 p1 30663 8
4623 16587467 m2 4960921 -1.00273814e-06 0.200000003 p1 30664 8
1982 16589752 m2 2220937 -3.30917974e-05 0.200000003 p1 30671 8
3818 16598638 m2 4110822 -6.17753831e-05 0.200000003 p1 30697 8
159 16601092 m2 173487 -1.28382935e-05 0.200000003 p1 30705 8
3394 16607920 m2 3674553 -8.48192576e-06 0.200000003 p1 30726 8
3056 16609386 m2 3342789 -2.60991897e-06 0.200000003 p1 30730 8
363 16610466 m2 395885 -3.25242108e-05 0.200000003 p1 30734 8
4171 16613258 m2 4455758 -1.35720859e-06 0.200000003 p1 30742 8
1710 16618925 m2 1951266 -2.28278677e-05 0.200000003 p1 30759 8
4361 16632886 m2 4668957 -4.35948823e-06 0.200000003 p1 30801 8
2666 16632952 m2 2925074 -0.000456831011 0.200000003 p1 30801 8
1920 16636093 m2 2162439 -0.00150931801 0.200000003 p1 30811 8
961 16652914 m2 1065639 -5.973113e-05 0.200000003 p1 30861 8
3302 16654240 m2 3578655 -2.30369338e-07 0.200000003 p1 30865 8
947 16663683 m2 1049369 -2.70616783e-06 0.200000003 p1 30894 8
35 16664615 m2 38162 -0.00269741355 0.200000003 p1 30896 8
2120 16665904 m2 2364238 -8.51442601e-05 0.200000003 p1 30900 8
4535 16666273 m2 4857136 -9.72877046e-07 0.200000003 p1 30901 8
826 16666545 m2 919429 -1.03297753e-05 0.200000003 p1 30902 8
3577 16667995 m2 3870557 -4.4452716e-07 0.200000003 p1 30907 8
1191 16670455 m2 1348573 -0.00155186909 0.200000003 p1 30914 8
576 16672646 m2 645975 -0.000141519398 0.200000003 p1 30921 8
607 16674898 m2 678185 -0.000138279283 0.200000003 p1 30927 8
984 16675405 m2 1085735 -0.000202173906 0.200000003 p1 30929 8
4566 16678622 m2 4900261 -8.16698303e-05 0.200000003 p1 30939 8
3372 16682878 m2 3655416 -8.72933451e-05 0.200000003 p1 30951 8
3049 16684898 m2 3333747 -0.00183456182 0.200000003 p1 30957 8
3493 16685553 m2 3780804 -0.000219873778 0.200000003 p1 30959 8
2283 16687998 m2 2531022 -1.0861655e-05 0.200000003 p1 30967 8
2121 16690692 m2 2365317 -1.03161186e-08 0.200000003 p1 30975 8
182 16691221 m2 190821 -0.000499209156 0.200000003 p1 30977 8
2544 16693716 m2 2816684 -2.10657269e-10 0.200000003 p1 30984 8
4479 16697438 m2 4801788 -4.04061484e-06 0.200000003 p1 30997 8
1217 16702981 m2 1386973 -4.14015676e-06 0.200000003 p1 31014 8
4087 16714218 m2 4372767 -2.7464348e-06 0.200000003 p1 31050 8
1458 16714981 m2 1671534 -1.73011958e-05 0.200000003 p1 31052 8
249 16716704 m2 277438 -0.00151663262 0.200000003 p1 31057 8
3474 16716766 m2 3763460 -6.19217171e-05 0.200000003 p1 31057 8
1812 16722609 m2 2052503 -0.00151868293 0.200000003 p1 31075 8
765 16728554 m2 845026 -7.34010155e-06 0.200000003 p1 31094 8
516 16730317 m2 568758 -0.000828401884 0.200000003 p1 31099 8
364 16732485 m2 397737 -0.000106763851 0.200000003 p1 31106 8
3026 16741998 m2 3315654 -0.000241613001 0.200000003 p1 31136 8
1171 16746761 m2 1318147 -1.03471254e-09 0.200000003 p1 31150 8
4529 16750781 m2 4852239 -1.62953248e-10 0.200000003 p1 31163 8
3397 16753457 m2 3677693 -0.000743897283 0.200000003 p1 31171 8
1892 16755578 m2 2132753 -1.5400663e-05 0.200000003 p1 31178 8
3146 16759711 m2 3436134 -0.00161606551 0.200000003 p1 31191 8
21 16761422 m2 25431 -1.01163732e-06 0.200000003 p1 31197 8
1493 16767042 m2 1711265 -0.000116371062 0.200000003 p1 31215 8
3840 16770110 m2 4138488 -1.78348164e-05 0.200000003 p1 31224 8
4629 16775196 m2 4964127 -0.000363123807 0.200000003 p1 31240 8
171 16780003 m2 181122 -0.00212550769 0.200000003 p1 31255 8
3611 16789744 m2 3902743 -1.39150882e-06 0.200000003 p1 31286 8
4227 16791458 m2 4514764 -7.20692151e-06 0.200000003 p1 31292 8
1264 16793654 m2 1448919 -0.000514530111 0.200000003 p1 31299 8
1547 16793731 m2 1761391 -1.65555832e-07 0.200000003 p1 31299 8
674 16794187 m2 749828 -2.32977181e-05 0.200000003 p1 31300 8
400 16796139 m2 444884 -4.53446845e-08 0.200000003 p1 31307 8
3784 16806350 m2 4081024 -1.24788667e-05 0.200000003 p1 31340 8
1968 16809488 m2 2207153 -6.73751128e-05 0.200000003 p1 31350 8
605 16810580 m2 677743 -3.0300796e-06 0.200000003 p1 31353 8
2629 16815096 m2 2889198 -0.00016942923 0.200000003 p1 31368 8
2664 16817890 m2 2923008 -0.000636784185 0.200000003 p1 31377 8
441 16820018 m2 490603 -6.17910919e-05 0.200000003 p1 31384 8
2128 16820150 m2 2368513 -3.60423037e-05 0.200000003 p1 31384 8
590 16821962 m2 658496 -6.29466228e-07 0.200000003 p1 31390 8
2028 16826338 m2 2260431 -4.53786245e-11 0.200000003 p1 31403 8
37 16831500 m2 40962 -8.02018549e-05 0.200000003 p1 31420 8
3770 16832031 m2 4067925 -1.19751385e-05 0.200000003 p1 31422 8
4560 16836957 m2 4895393 -7.71125451e-06 0.200000003 p1 31438 8
2287 16838952 m2 2534711 -0.00122837839 0.200000003 p1 31445 8
703 16841150 m2 775158 -0.000281691435 0.200000003 p1 31452 8
1762 16844566 m2 2001279 -0.000484818069 0.200000003 p1 31463 8
1194 16848473 m2 1353433 -0.000873779936 0.200000003 p1 31475 8
1948 16852834 m2 2188408 -0.000162472861 0.200000003 p1 31489 8
563 16857969 m2 630434 -3.60928638e-08 0.200000003 p1 31506 8
4179 16862298 m2 4461138 -1.28056621e-10 0.200000003 p1 31520 8
573 16863515 m2 645083 -1.86133984e-05 0.200000003 p1 31524 8
2150 16866001 m2 2385487 -5.58165584e-06 0.200000003 p1 31531 8
1509 16869304 m2 1725169 -3.262316e-07 0.200000003 p1 31542 8
1718 16872575 m2 1960532 -0.00016692272 0.200000003 p1 31552 8
1374 16875765 m2 1563891 -7.35778656e-08 0.200000003 p1 31562 8
4493 16875906 m2 4819889 -0.00105764344 0.200000003 p1 31563 8
2116 16876264 m2 2357013 -0.00299132778 0.200000003 p1 31564 8
696 16885722 m2 770820 -6.91586756e-05 0.200000003 p1 31594 8
2792 16892374 m2 3074666 -0.00106692174 0.200000003 p1 31615 8
2216 16896712 m2 2473729 -0.000687038992 0.200000003 p1 31629 8
419 16904346 m2 468471 -0.000763701741 0.200000003 p1 31653 8
1696 16906499 m2 1941164 -4.03080918e-07 0.200000003 p1 31660 8
1653 16910831 m2 1887603 -6.14458662e-09 0.200000003 p1 31673 8
2045 16914672 m2 2288265 -0.000108118606 0.200000003 p1 31685 8
4265 16915426 m2 4551511 -9.13970416e-06 0.200000003 p1 31688 8
728 16922069 m2 805941 -8.79774507e-06 0.200000003 p1 31708 8
4409 16923001 m2 4730313 -8.10664415e-13 0.200000003 p1 31711 8
2865 16924122 m2 3150590 -4.9010323e-06 0.200000003 p1 31715 8
3699 16924595 m2 3993203 -0.000290851953 0.200000003 p1 31716 8
2591 16932375 m2 2857786 -5.76649763e-05 0.200000003 p1 31741 8
1694 16934783 m2 1938697 -0.00022089445 0.200000003 p1 31748 8
1918 16935941 m2 2161389 -0.000308429502 0.200000003 p1 31752 8
2647 16936024 m2 2905488 -1.4357629e-06 0.200000003 p1 31752 8
2922 16937705 m2 3206228 -6.38119468e-09 0.200000003 p1 31757 8
2319 16945701 m2 2571935 -7.72180792e-05 0.200000003 p1 31783 8
3698 16949667 m2 3992551 -4.12671824e-07 0.200000003 p1 31795 8
4585 16950110 m2 4921162 -6.38686652e-06 0.200000003 p1 31797 8
1066 16952494 m2 1182514 -1.19846097e-08 0.200000003 p1 31805 8
1423 16956026 m2 1622826 -3.85170679e-05 0.200000003 p1 31816 8
4039 16957257 m2 4328239 -8.71981101e-05 0.200000003 p1 31820 8
3830 16957639 m2 4125931 -0.0015513025 0.200000003 p1 31821 8
2974 16961735 m2 3260292 -4.36306618e-05 0.200000003 p1 31834 8
2614 16963210 m2 2873977 -1.04683213e-05 0.200000003 p1 31839 8
3295 16971639 m2 3575267 -0.000227828918 0.200000003 p1 31866 8
403 16974537 m2 448101 -0.00201202813 0.200000003 p1 31875 8
3726 16975989 m2 4018023 -0.00209617219 0.200000003 p1 31880 8
750 16984584 m2 832511 -0.000139509139 0.200000003 p1 31909 8
143 16984969 m2 158556 -0.00199101702 0.200000003 p1 31910 8
471 16995860 m2 517254 -5.98567027e-08 0.200000003 p1 31945 8
406 16999011 m2 449282 -1.43902835e-05 0.200000003 p1 31955 8
1597 17001571 m2 1818821 -2.61399709e-05 0.200000003 p1 31964 8
1085 17004615 m2 1218678 -6.10827055e-06 0.200000003 p1 31974 8
2256 17007904 m2 2498621 -0.000174817309 0.200000003 p1 31984 8
2052 17008164 m2 2303568 -0.000322114705 0.200000003 p1 31985 8
1970 17012002 m2 2208798 -6.69916346e-07 0.200000003 p1 31998 8
2238 17013474 m2 2488438 -1.45109311e-07 0.200000003 p1 32003 8
1580 17017706 m2 1801012 -0.00108355051 0.200000003 p1 32018 8
4349 17018044 m2 4655991 -0.000285575865 0.200000003 p1 32019 8
2178 17019557 m2 2426952 -6.68713346e-06 0.200000003 p1 32024 8
3893 17024882 m2 4194620 -0.00268617435 0.200000003 p1 32041 8
361 17032603 m2 392476 -2.31295569e-08 0.200000003 p1 32066 8
2836 17034219 m2 3119638 -2.21740106e-06 0.200000003 p1 32071 8
257 17034276 m2 285101 -1.19403858e-05 0.200000003 p1 32072 8
3087 17036614 m2 3373928 -7.51366608e-11 0.200000003 p1 32079 8
749 17037388 m2 828927 -0.00370946247 0.200000003 p1 32081 8
1365 17037484 m2 1554615 -5.32877584e-06 0.200000003 p1 32082 8
2338 17039368 m2 2590039 -3.64211701e-05 0.200000003 p1 32088 8
4624 17039974 m2 4960963 -7.94049811e-06 0.200000003 p1 32090 8
1825 17040673 m2 2065837 -1.81397209e-05 0.200000003 p1 32092 8
122 17041437 m2 139015 -0.00031220977 0.200000003 p1 32095 8
292 17042165 m2 322671 -9.10933636e-07 0.200000003 p1 32097 8
3801 17044191 m2 4090464 -0.000207919627 0.200000003 p1 32104 8
742 17046944 m2 815421 -9.26663633e-05 0.200000003 p1 32113 8
209 17047427 m2 227990 -2.94197591e-08 0.200000003 p1 32114 8
4617 17050108 m2 4954447 -1.08324161e-06 0.200000003 p1 32123 8
29 17054425 m2 34269 -0.000740437652 0.200000003 p1 32137 8
291 17058800 m2 322503 -9.23196453e-08 0.200000003 p1 32151 8
1876 17060269 m2 2120604 -2.44935618e-05 0.200000003 p1 32156 8
2573 17061469 m2 2839256 -0.000506028649 0.200000003 p1 32160 8
3768 17062406 m2 4066486 -6.12458422e-08 0.200000003 p1 32163 8
3712 17064445 m2 4009182 -1.90005053e-07 0.200000003 p1 32169 8
12 17065997 m2 10417 -1.77054389e-05 0.200000003 p1 32174 8
2373 17081618 m2 2636527 -5.44798604e-06 0.200000003 p1 32224 8
1456 17083880 m2 1667114 -6.90950742e-07 0.200000003 p1 32231 8
299 17084299 m2 330932 -1.23508962e-05 0.200000003 p1 32233 8
1574 17087710 m2 1793028 -0.000346766057 0.200000003 p1 32243 8
30 17094951 m2 34417 -0.000508979079 0.200000003 p1 32266 8
2251 17095945 m2 2495230 -8.13596926e-05 0.200000003 p1 32269 8
4604 17098986 m2 4943048 -4.54984474e-05 0.200000003 p1 32278 8
25 17104245 m2 28790 -3.61430136e-10 0.200000003 p1 32295 8
2496 17106205 m2 2766347 -6.67120985e-05 0.200000003 p1 32302 8
1725 17111057 m2 1967700 -0.00363827962 0.200000003 p1 32317 8
2963 17111444 m2 3247910 -0.000113494913 0.200000003 p1 32318 8
3865 17114658 m2 4162203 -5.09765923e-05 0.200000003 p1 32329 8
3960 17121980 m2 4265927 -0.0011494779 0.200000003 p1 32352 8
2389 17127955 m2 2647477 -0.000118305499 0.200000003 p1 32372 8
1518 17133840 m2 1735002 -2.09275458e-06 0.200000003 p1 32391 8
668 17134050 m2 744024 -5.27757993e-06 0.200000003 p1 32391 8
1874 17134684 m2 2119537 -0.000728427374 0.200000003 p1 32393 8
3119 17137826 m2 3404448 -0.00110979448 0.200000003 p1 32403 8
505 17139091 m2 557706 -1.09454709e-06 0.200000003 p1 32407 8
1973 17141166 m2 2211349 -4.74479521e-06 0.200000003 p1 32414 8
3705 17146209 m2 4000874 -3.71543902e-05 0.200000003 p1 32431 8
816 17162607 m2 909242 -2.68261556e-06 0.200000003 p1 32484 8
1692 17164041 m2 1937467 -0.000623532571 0.200000003 p1 32488 8
3769 17165608 m2 4067170 -0.00156014622 0.200000003 p1 32493 8
663 17168654 m2 738686 -2.3357723e-05 0.200000003 p1 32503 8
1938 17179348 m2 2177312 -0.000181097974 0.200000003 p1 32539 8
344 17180246 m2 372932 -2.60979959e-07 0.200000003 p1 32542 8
3778 17181589 m2 4074667 -4.65667017e-06 0.200000003 p1 32547 8
1229 17181669 m2 1397987 -0.000748587656 0.200000003 p1 32547 8
3416 17187109 m2 3693168 -1.24954633e-08 0.200000003 p1 32566 8
1328 17187666 m2 1514649 -6.85686155e-06 0.200000003 p1 32568 8
1341 17189267 m2 1529244 -2.22696258e-06 0.200000003 p1 32573 8
4150 17191387 m2 4432094 -0.000607886934 0.200000003 p1 32580 8
2611 17197424 m2 2870392 -6.25979446e-05 0.200000003 p1 32601 8
1807 17199211 m2 2050886 -5.34658011e-06 0.200000003 p1 32607 8
2205 17200752 m2 2458752 -0.000170834828 0.200000003 p1 32612 8
33 17202366 m2 36605 -0.000139471245 0.200000003 p1 32617 8
2526 17207805 m2 2796116 -4.9808168e-11 0.200000003 p1 32636 8
499 17213225 m2 551954 -0.00108049146 0.200000003 p1 32655 8
2226 17215804 m2 2478873 -0.00293901074 0.200000003 p1 32664 8
2453 17223597 m2 2715252 -0.00078895042 0.200000003 p1 32691 8
2065 17224364 m2 2312017 -1.71750526e-05 0.200000003 p1 32693 8
2689 17233522 m2 2952137 -1.74127617e-05 0.200000003 p1 32724 8
3390 17234951 m2 3670942 -0.00110735826 0.200000003 p1 32729 8
2235 17238757 m2 2486306 -4.7113449e-06 0.200000003 p1 32742 8
2288 17239150 m2 2536331 -3.81788198e-07 0.200000003 p1 32743 8
2356 17240143 m2 2610258 -0.000206507684 0.200000003 p1 32746 8
979 17240588 m2 1080945 -0.00329728611 0.200000003 p1 32748 8
1802 17245424 m2 2046379 -6.59843281e-05 0.200000003 p1 32764 8
4659 17258149 m2 4997433 -1.31200835e-07 0.200000003 p1 32807 8
2981 17260651 m2 3267909 -1.28738282e-06 0.200000003 p1 32816 8
1357 17263487 m2 1544207 -0.000268606062 0.200000003 p1 32825 8
4238 17268615 m2 4521912 -0.000368767709 0.200000003 p1 32842 8
3274 17272307 m2 3553009 -2.9837995e-06 0.200000003 p1 32854 8
1043 17272868 m2 1151964 -0.0004148671 0.200000003 p1 32856 8
3281 17274240 m2 3557510 -0.000171847249 0.200000003 p1 32860 8
3222 17282805 m2 3507011 -4.70011992e-06 0.200000003 p1 32888 8
4042 17283167 m2 4329776 -3.74256388e-07 0.200000003 p1 32890 8
1987 17284897 m2 2225138 -5.95350457e-07 0.200000003 p1 32895 8
4353 17286623 m2 4657766 -2.88568413e-06 0.200000003 p1 32901 8
1106 17288316 m2 1249302 -0.000578796316 0.200000003 p1 32906 8
176 17288367 m2 187327 -0.000546872092 0.200000003 p1 32906 8
1027 17301336 m2 1135404 -0.000501040136 0.200000003 p1 32950 8
1299 17308268 m2 1479249 -0.000253546052 0.200000003 p1 32973 8
3748 17309428 m2 4043896 -5.80977576e-05 0.200000003 p1 32977 8
1919 17309595 m2 2162059 -0.000208207217 0.200000003 p1 32977 8
2589 17311115 m2 2856021 -0.000105612438 0.200000003 p1 32982 8
4657 17314062 m2 4996403 -0.000515882391 0.200000003 p1 32992 8
3030 17314188 m2 3320207 -2.80151298e-08 0.200000003 p1 32992 8
3360 17320508 m2 3648541 -1.46904711e-06 0.200000003 p1 33013 8
2110 17327512 m2 2351693 -0.000559859851 0.200000003 p1 33036 8
70 17329180 m2 83688 -2.67982887e-06 0.200000003 p1 33042 8
2737 17332256 m2 3006805 -9.12119358e-09 0.200000003 p1 33052 8
1090 17333136 m2 1223946 -0.00265850197 0.200000003 p1 33055 8
3720 17336526 m2 4014474 -6.90017998e-08 0.200000003 p1 33066 8
3766 17336991 m2 4065554 -0.0007343248 0.200000003 p1 33067 8
1599 17346666 m2 1819847 -2.92544883e-07 0.200000003 p1 33099 8
1435 17348017 m2 1636951 -7.07325682e-07 0.200000003 p1 33104 8
2166 17349726 m2 2410337 -0.000339731138 0.200000003 p1 33109 8
4157 17353426 m2 4439233 -1.5898735e-05 0.200000003 p1 33122 8
2391 17356434 m2 2652620 -8.94692221e-07 0.200000003 p1 33132 8
4141 17360055 m2 4426475 -0.000743732206 0.200000003 p1 33144 8
306 17362306 m2 338819 -3.01200544e-06 0.200000003 p1 33151 8
2847 17363281 m2 3128873 -0.000251907419 0.200000003 p1 33154 8
2011 17367026 m2 2247139 -0.000187564699 0.200000003 p1 33166 8
1131 17367479 m2 1277177 -0.000112612688 0.200000003 p1 33168 8
2339 17370921 m2 2590616 -5.5070821e-05 0.200000003 p1 33179 8
646 17371726 m2 717698 -3.26187819e-06 0.200000003 p1 33182 8
981 17372503 m2 1083443 -0.00101108092 0.200000003 p1 33184 8
1256 17374246 m2 1439679 -0.000410001521 0.200000003 p1 33190 8
1451 17380842 m2 1661879 -0.000285313348 0.200000003 p1 33212 8
2943 17384562 m2 3224374 -9.25228338e-09 0.200000003 p1 33224 8
987 17385843 m2 1093929 -1.21812008e-07 0.200000003 p1 33228 8
3001 17389339 m2 3286585 -3.31467854e-05 0.200000003 p1 33240 8
4376 17404766 m2 4683782 -2.54403017e-06 0.200000003 p1 33290 8
3214 17405173 m2 3503761 -7.59551986e-05 0.200000003 p1 33292 8
2622 17412479 m2 2880288 -0.00174112944 0.200000003 p1 33316 8
2014 17412487 m2 2249053 -0.000330086856 0.200000003 p1 33316 8
787 17414760 m2 884419 -0.000618960825 0.200000003 p1 33323 8
345 17420834 m2 373936 -0.000340916944 0.200000003 p1 33343 8
2764 17425013 m2 3040240 -0.00079758279 0.200000003 p1 33358 8
2805 17435375 m2 3084051 -0.000168993574 0.200000003 p1 33393 8
1489 17438754 m2 1705929 -4.07014262e-08 0.200000003 p1 33405 8
4436 17440301 m2 4760304 -2.69083012e-05 0.200000003 p1 33410 8
1443 17444362 m2 1651773 -5.17541812e-05 0.200000003 p1 33424 8
4648 17447469 m2 4989020 -1.86411526e-07 0.200000003 p1 33434 8
1682 17452480 m2 1921407 -1.20939376e-05 0.200000003 p1 33452 8
2627 17459578 m2 2886726 -1.52526027e-08 0.200000003 p1 33476 8
3606 17460205 m2 3897440 -0.000361170329 0.200000003 p1 33477 8
4274 17467044 m2 4563631 -7.53634424e-07 0.200000003 p1 33500 8
337 17472678 m2 368611 -0.0026964338 0.200000003 p1 33519 8
3749 17475924 m2 4048067 -2.82547674e-09 0.200000003 p1 33530 8
3316 17477267 m2 3596253 -4.4460986e-08 0.200000003 p1 33534 8
4490 17482769 m2 4815997 -0.000250367564 0.200000003 p1 33553 8
3733 17491792 m2 4027361 -3.80412371e-06 0.200000003 p1 33584 8
3900 17495083 m2 4198947 -4.44239413e-05 0.200000003 p1 33595 8
4495 17495912 m2 4821987 -0.00130422146 0.200000003 p1 33598 8
2711 17497100 m2 2973110 -5.12406332e-05 0.200000003 p1 33601 8
2520 17507162 m2 2794709 -4.76762943e-06 0.200000003 p1 33636 8
3217 17508297 m2 3504836 -1.69003123e-08 0.200000003 p1 33640 8
3904 17508924 m2 4202994 -0.000177370268 0.200000003 p1 33642 8
841 17520942 m2 934447 -1.65018832e-07 0.200000003 p1 33682 8
3856 17525829 m2 4154798 -2.96017049e-07 0.200000003 p1 33699 8
2791 17526484 m2 3074076 -0.000845433853 0.200000003 p1 33701 8
1525 17531839 m2 1739305 -7.27394945e-06 0.200000003 p1 33719 8
2424 17539642 m2 2684323 -1.62511219e-06 0.200000003 p1 33745 8
3734 17542503 m2 4028319 -0.00142851903 0.200000003 p1 33754 8
1089 17547521 m2 1223748 -0.000204864351 0.200000003 p1 33771 8
1917 17560032 m2 2160581 -4.77954272e-05 0.200000003 p1 33812 8
2108 17560505 m2 2350185 -0.00457066949 0.200000003 p1 33813 8
3367 17560571 m2 3651636 -0.000105695683 0.200000003 p1 33814 8
3650 17566687 m2 3935855 -0.000340604893 0.200000003 p1 33834 8
4441 17569226 m2 4763561 -0.00563668972 0.200000003 p1 33843 8
924 17570093 m2 1017800 -0.000162460899 0.200000003 p1 33846 8
2917 17570523 m2 3201889 -6.87186343e-07 0.200000003 p1 33848 8
2252 17572049 m2 2495337 -0.00257292413 0.200000003 p1 33853 8
1049 17575331 m2 1160602 -0.00444054045 0.200000003 p1 33864 8
4550 17578777 m2 4880433 -0.000747489976 0.200000003 p1 33876 8
250 17581770 m2 277608 -0.00018819423 0.200000003 p1 33886 8
1172 17582280 m2 1320670 -0.000640890677 0.200000003 p1 33888 8
1494 17586961 m2 1711888 -2.20167076e-05 0.200000003 p1 33904 8
2126 17587279 m2 2367738 -0.000109359069 0.200000003 p1 33905 8
3429 17590155 m2 3712045 -0.000371880393 0.200000003 p1 33914 8
4131 17592086 m2 4417451 -0.000951994443 0.200000003 p1 33921 8
1228 17593269 m2 1396893 -0.00219019991 0.200000003 p1 33925 8
4216 17593724 m2 4498613 -0.000177967479 0.200000003 p1 33927 8
1269 17595756 m2 1451890 -4.63917749e-09 0.200000003 p1 33934 8
1593 17596737 m2 1813998 -0.0014647881 0.200000003 p1 33937 8
3598 17598827 m2 3892581 -6.76257478e-05 0.200000003 p1 33944 8
760 17600068 m2 837821 -8.02036709e-07 0.200000003 p1 33948 8
2291 17611967 m2 2538338 -0.000881144137 0.200000003 p1 33990 8
4167 17616061 m2 4449768 -6.60160549e-06 0.200000003 p1 34004 8
4134 17619809 m2 4419697 -0.000116450559 0.200000003 p1 34017 8
662 17620470 m2 737709 -0.00359160709 0.200000003 p1 34019 8
2224 17622270 m2 2478111 -3.41463146e-06 0.200000003 p1 34025 8
1092 17624463 m2 1236350 -0.00144442334 0.200000003 p1 34032 8
3798 17624755 m2 4088423 -0.000486175617 0.200000003 p1 34033 8
2531 17630579 m2 2801285 -0.00190045207 0.200000003 p1 34053 8
1743 17632804 m2 1977472 -0.000647312845 0.200000003 p1 34061 8
86 17632915 m2 99342 -6.59444765e-08 0.200000003 p1 34061 8
2908 17653602 m2 3194953 -1.67077735e-06 0.200000003 p1 34132 8
3400 17662857 m2 3681819 -8.60027161e-09 0.200000003 p1 34164 8
705 17666593 m2 778667 -0.000126157 0.200000003 p1 34177 8
68 17671482 m2 82074 -0.000874661084 0.200000003 p1 34195 8
3945 17672480 m2 4251363 -0.000868854986 0.200000003 p1 34198 8
2698 17676545 m2 2960178 -3.55828462e-07 0.200000003 p1 34212 8
4511 17678495 m2 4838436 -0.000613662996 0.200000003 p1 34219 8
926 17685933 m2 1021659 -0.00170800486 0.200000003 p1 34243 8
4306 17689792 m2 4609943 -3.92846705e-05 0.200000003 p1 34257 8
2223 17696792 m2 2477375 -0.00159042724 0.200000003 p1 34280 8
4059 17699348 m2 4350189 -0.000358318182 0.200000003 p1 34289 8
3149 17700250 m2 3441153 -0.00137304084 0.200000003 p1 34292 8
2243 17700798 m2 2490883 -8.47246483e-05 0.200000003 p1 34294 8
2418 17704249 m2 2675145 -0.000148716237 0.200000003 p1 34306 8
4478 17704673 m2 4800161 -0.000813841587 0.200000003 p1 34308 8
570 17706989 m2 641989 -2.50453258e-08 0.200000003 p1 34316 8
1556 17708397 m2 1772759 -1.89761533e-06 0.200000003 p1 34321 8
348 17710411 m2 375639 -0.00116969843 0.200000003 p1 34328 8
4215 17713180 m2 4498238 -6.64225372e-05 0.200000003 p1 34338 8
897 17713321 m2 991359 -2.52866994e-06 0.200000003 p1 34339 8
2645 17715133 m2 2905041 -3.73229225e-09 0.200000003 p1 34345 8
1479 17717112 m2 1691531 -0.0013206806 0.200000003 p1 34352 8
1288 17718932 m2 1469425 -1.40561533e-05 0.200000003 p1 34359 8
2856 17725177 m2 3137439 -0.000104124076 0.200000003 p1 34381 8
4514 17726951 m2 4842739 -0.00013655638 0.200000003 p1 34387 8
2621 17734295 m2 2879243 -6.39575155e-05 0.200000003 p1 34413 8
1338 17734327 m2 1522906 -0.000152631867 0.200000003 p1 34413 8
3234 17741414 m2 3516406 -0.000195393979 0.200000003 p1 34438 8
3627 17742136 m2 3916149 -9.85304359e-05 0.200000003 p1 34441 8
258 17743458 m2 287877 -0.00262130471 0.200000003 p1 34445 8
2665 17745851 m2 2923319 -0.000398853183 0.200000003 p1 34453 8
1311 17752482 m2 1498303 -4.16839503e-05 0.200000003 p1 34476 8
3290 17755321 m2 3566226 -0.00013588462 0.200000003 p1 34486 8
4173 17757342 m2 4456789 -0.000224145959 0.200000003 p1 34493 8
755 17757856 m2 834944 -0.000225384298 0.200000003 p1 34495 8
581 17759917 m2 649980 -2.32849266e-06 0.200000003 p1 34502 8
4293 17762188 m2 4582724 -6.06008871e-05 0.200000003 p1 34510 8
342 17767353 m2 371011 -9.23915468e-06 0.200000003 p1 34529 8
1996 17769858 m2 2233559 -4.68285079e-13 0.200000003 p1 34537 8
919 17771174 m2 1013197 -0.00200362084 0.200000003 p1 34541 8
415 17771294 m2 463046 -2.10559047e-05 0.200000003 p1 34542 8
91 17776470 m2 105129 -0.000909703027 0.200000003 p1 34560 8
4351 17786113 m2 4656678 -8.27929543e-05 0.200000003 p1 34594 8
157 17794129 m2 172430 -0.000733317633 0.200000003 p1 34622 8
87 17797908 m2 100571 -1.98185876e-06 0.200000003 p1 34636 8
786 17802277 m2 878275 -0.00055961404 0.200000003 p1 34651 8
26 17805872 m2 30787 -0.000638063124 0.200000003 p1 34664 8
2530 17811067 m2 2800783 -5.5695017e-07 0.200000003 p1 34682 8
3758 17818725 m2 4058317 -0.000148863415 0.200000003 p1 34710 8
2354 17819511 m2 2608248 -0.000103921178 0.200000003 p1 34712 8
3803 17824168 m2 4092162 -6.98348686e-07 0.200000003 p1 34730 8
1355 17825046 m2 1541640 -0.0009663807 0.200000003 p1 34732 8
4108 17825590 m2 4390128 -1.1815442e-08 0.200000003 p1 34734 8
2817 17827944 m2 3092605 -0.000351657305 0.200000003 p1 34743 8
2798 17828392 m2 3079298 -8.64603498e-05 0.200000003 p1 34744 8
434 17828857 m2 481839 -0.00292937411 0.200000003 p1 34746 8
2750 17828992 m2 3020779 -0.0002877714 0.200000003 p1 34746 8
1741 17837288 m2 1976782 -3.25507281e-05 0.200000003 p1 34776 8
3017 17840940 m2 3301549 -0.00634949515 0.200000003 p1 34788 8
1751 17845783 m2 1985719 -1.5917678e-05 0.200000003 p1 34806 8
3994 17845810 m2 4294885 -5.59291548e-05 0.200000003 p1 34806 8
2525 17847048 m2 2796067 -1.49405969e-05 0.200000003 p1 34810 8
2769 17847198 m2 3048780 -0.00036903008 0.200000003 p1 34811 8
4354 17848736 m2 4660493 -0.000252765836 0.200000003 p1 34816 8
1419 17851406 m2 1615490 -7.02874022e-05 0.200000003 p1 34825 8
1838 17852548 m2 2086850 -3.20641193e-05 0.200000003 p1 34830 8
431 17855923 m2 478867 -0.000129096559 0.200000003 p1 34841 8
2378 17857120 m2 2639230 -0.000146252176 0.200000003 p1 34845 8
1156 17857409 m2 1301713 -2.20144862e-08 0.200000003 p1 34846 8
2488 17860107 m2 2757715 -0.00131372514 0.200000003 p1 34856 8
2996 17860228 m2 3283982 -1.21539606e-13 0.200000003 p1 34856 8
502 17863014 m2 556554 -0.000425083563 0.200000003 p1 34865 8
2156 17866163 m2 2394253 -0.00300254673 0.200000003 p1 34876 8
2842 17866463 m2 3125398 -1.56322021e-05 0.200000003 p1 34878 8
1755 17869811 m2 1990545 -0.001678359 0.200000003 p1 34889 8
706 17876182 m2 779114 -2.48688679e-07 0.200000003 p1 34912 8
129 17879080 m2 145886 -0.000116471441 0.200000003 p1 34923 8
4597 17879264 m2 4939891 -0.000871645054 0.200000003 p1 34924 8
4545 17881320 m2 4877679 -3.51505842e-05 0.200000003 p1 34932 8
4579 17883236 m2 4915160 -0.000210643237 0.200000003 p1 34938 8
2519 17884918 m2 2792647 -0.00055494305 0.200000003 p1 34945 8
531 17891138 m2 584963 -3.45084004e-07 0.200000003 p1 34967 8
1906 17893030 m2 2144135 -1.32972737e-05 0.200000003 p1 34974 8
4510 17898221 m2 4838301 -1.37606476e-05 0.200000003 p1 34993 8
3503 17898235 m2 3793314 -0.000938799873 0.200000003 p1 34993 8
746 17899096 m2 818792 -1.14744205e-06 0.200000003 p1 34997 8
2213 17901073 m2 2466650 -3.94179369e-05 0.200000003 p1 35004 8
3037 17902152 m2 3322934 -1.04379378e-05 0.200000003 p1 35008 8
2146 17903652 m2 2382220 -0.000101515798 0.200000003 p1 35013 8
2680 17908625 m2 2937938 -1.41607816e-05 0.200000003 p1 35031 8
3545 17912117 m2 3840888 -0.000706965046 0.200000003 p1 35044 8
4460 17912915 m2 4785171 -0.000161574688 0.200000003 p1 35047 8
140 17913847 m2 154233 -5.42884773e-05 0.200000003 p1 35051 8
3240 17916300 m2 3525781 -0.000444644218 0.200000003 p1 35059 8
2578 17916639 m2 2843654 -0.000404110149 0.200000003 p1 35061 8
2988 17916749 m2 3273980 -0.000705876271 0.200000003 p1 35061 8
4027 17924419 m2 4322549 -0.00137750874 0.200000003 p1 35090 8
2513 17928197 m2 2788153 -1.18402586e-05 0.200000003 p1 35103 8
4147 17932548 m2 4429354 -0.000105994797 0.200000003 p1 35119 8
1930 17941411 m2 2170827 -1.85837923e-08 0.200000003 p1 35151 8
2347 17941549 m2 2603674 -0.00132946554 0.200000003 p1 35151 8
2767 17944614 m2 3046343 -0.000158541487 0.200000003 p1 35162 8
3286 17949700 m2 3563007 -0.00439111283 0.200000003 p1 35181 8
3647 17949701 m2 3935148 -0.000429857057 0.200000003 p1 35181 8
4301 17950905 m2 4598113 -0.00111386587 0.200000003 p1 35186 8
2440 17958834 m2 2700659 -0.000138062314 0.200000003 p1 35215 8
3516 17964685 m2 3805412 -0.000805734599 0.200000003 p1 35236 8
3250 17965789 m2 3536510 -0.00108620874 0.200000003 p1 35240 8
828 17966418 m2 923533 -0.00274876179 0.200000003 p1 35242 8
67 17966867 m2 82054 -2.920358e-08 0.200000003 p1 35244 8
838 17966869 m2 933409 -0.000138042597 0.200000003 p1 35244 8
2197 17977167 m2 2447698 -0.00242165686 0.200000003 p1 35281 8
4092 17977828 m2 4375126 -0.000867009163 0.200000003 p1 35283 8
820 17978258 m2 913961 -2.26084694e-07 0.200000003 p1 35285 8
2192 17980445 m2 2444698 -1.24953641e-11 0.200000003 p1 35293 8
4521 17986240 m2 4847802 -0.00150733592 0.200000003 p1 35313 8
1321 17986702 m2 1507353 -7.25774669e-07 0.200000003 p1 35315 8
773 17987399 m2 857370 -4.3157188e-06 0.200000003 p1 35317 8
1910 17987568 m2 2149243 -3.38734958e-06 0.200000003 p1 35318 8
3308 17989300 m2 3587434 -0.000465372432 0.200000003 p1 35325 8
3923 17996910 m2 4230706 -9.27006027e-08 0.200000003 p1 35352 8
2232 17998458 m2 2485203 -0.00103387004 0.200000003 p1 35358 8
2793 17998698 m2 3074861 -1.53967006e-09 0.200000003 p1 35359 8
3014 18002197 m2 3300471 -8.06273329e-06 0.200000003 p1 35371 8
4193 18004374 m2 4477595 -0.000187782614 0.200000003 p1 35379 8
3354 18015194 m2 3641130 -6.50227821e-06 0.200000003 p1 35420 8
3687 18024534 m2 3977178 -0.000341566047 0.200000003 p1 35456 8
234 18030849 m2 254228 -2.4329205e-07 0.200000003 p1 35479 8
2350 18032225 m2 2603911 -1.80781265e-10 0.200000003 p1 35484 8
1616 18032805 m2 1836291 -2.90794901e-06 0.200000003 p1 35486 8
378 18036834 m2 420794 -0.000120312645 0.200000003 p1 35502 8
1401 18037000 m2 1591011 -9.25072982e-07 0.200000003 p1 35502 8
3483 18050043 m2 3774824 -0.000926766254 0.200000003 p1 35552 8
4519 18056489 m2 4844634 -0.000452592503 0.200000003 p1 35575 8
1505 18064075 m2 1720913 -1.91173921e-08 0.200000003 p1 35604 8
4412 18064223 m2 4736647 -0.00142211816 0.200000003 p1 35605 8
1520 18069155 m2 1736951 -2.18788863e-08 0.200000003 p1 35622 8
3204 18074984 m2 3494083 -4.28965432e-05 0.200000003 p1 35645 8
2237 18075401 m2 2486679 -0.000402970065 0.200000003 p1 35646 8
673 18079717 m2 749564 -0.000639362144 0.200000003 p1 35663 8
1771 18080768 m2 2018470 -0.00151728408 0.200000003 p1 35666 8
4105 18082872 m2 4386998 -0.00104002946 0.200000003 p1 35674 8
2452 18085321 m2 2715110 -2.70255782e-06 0.200000003 p1 35683 8
567 18085555 m2 637445 -0.000800538575 0.200000003 p1 35684 8
3708 18088109 m2 4003430 -0.000167623424 0.200000003 p1 35694 8
1021 18089841 m2 1128658 -0.00375714875 0.200000003 p1 35701 8
4386 18093746 m2 4704367 -8.45855811e-06 0.200000003 p1 35715 8
4096 18093826 m2 4380176 -0.000146902923 0.200000003 p1 35716 8
2827 18102919 m2 3102979 -5.94939775e-05 0.200000003 p1 35750 8
2086 18106151 m2 2329984 -0.000119604825 0.200000003 p1 35762 8
300 18108155 m2 331881 -0.000517309061 0.200000003 p1 35770 8
2722 18109149 m2 2984721 -4.06504878e-05 0.200000003 p1 35774 8
2487 18109630 m2 2757334 -0.000778850634 0.200000003 p1 35775 8
4553 18112698 m2 4883785 -2.05615414e-10 0.200000003 p1 35788 8
2886 18116132 m2 3171539 -6.23302512e-08 0.200000003 p1 35800 8
2779 18118918 m2 3058643 -0.000532778795 0.200000003 p1 35811 8
3863 18123420 m2 4160772 -0.00231327396 0.200000003 p1 35827 8
3206 18125968 m2 3494835 -7.44701128e-06 0.200000003 p1 35837 8
4229 18126647 m2 4515409 -2.29738415e-08 0.200000003 p1 35839 8
3539 18131528 m2 3837210 -0.000154718844 0.200000003 p1 35858 8
144 18135543 m2 159226 -0.000154087873 0.200000003 p1 35873 8
1553 18141438 m2 1769138 -3.04067112e-06 0.200000003 p1 35893 8
4335 18143574 m2 4646274 -5.69514782e-07 0.200000003 p1 35901 8
548 18144219 m2 617042 -0.000249430159 0.200000003 p1 35903 8
61 18146776 m2 74934 -2.73750375e-05 0.200000003 p1 35913 8
1347 18149244 m2 1535691 -8.46586117e-05 0.200000003 p1 35922 8
842 18152255 m2 934979 -0.000606241985 0.200000003 p1 35933 8
978 18153781 m2 1079564 -0.000771568506 0.200000003 p1 35939 8
4234 18154545 m2 4517980 -0.000199730159 0.200000003 p1 35942 8
3853 18154668 m2 4153395 -1.87581463e-06 0.200000003 p1 35943 8
4211 18157617 m2 4494711 -1.95966877e-05 0.200000003 p1 35954 8
1170 18158010 m2 1316870 -8.94652912e-05 0.200000003 p1 35956 8
2201 18161116 m2 2451777 -6.00656949e-06 0.200000003 p1 35968 8
262 18162907 m2 291044 -0.00197136356 0.200000003 p1 35975 8
657 18165288 m2 734208 -8.97600476e-05 0.200000003 p1 35984 8
1371 18166178 m2 1558798 -0.000749803381 0.200000003 p1 35987 8
385 18169616 m2 428527 -0.00122569664 0.200000003 p1 35999 8
4470 18169823 m2 4791681 -0.000229633282 0.200000003 p1 36000 8
1620 18172953 m2 1837892 -0.00183854951 0.200000003 p1 36012 8
1331 18173775 m2 1517574 -0.00136120594 0.200000003 p1 36015 8
3381 18178097 m2 3667781 -0.000247096468 0.200000003 p1 36031 8
3709 18182376 m2 4003649 -0.00016413517 0.200000003 p1 36047 8
1002 18184583 m2 1103910 -4.22961784e-05 0.200000003 p1 36055 8
3236 18187835 m2 3519245 -4.91965511e-06 0.200000003 p1 36068 8
2367 18192410 m2 2628774 -0.000952379487 0.200000003 p1 36085 8
3842 18192701 m2 4138746 -6.54949872e-06 0.200000003 p1 36086 8
2728 18192750 m2 2994764 -2.36495107e-05 0.200000003 p1 36086 8
1382 18193873 m2 1573260 -5.21241464e-06 0.200000003 p1 36090 8
3703 18195709 m2 3998589 -0.000590526615 0.200000003 p1 36097 8
1926 18203050 m2 2168528 -3.0031968e-05 0.200000003 p1 36125 8
4533 18207682 m2 4856125 -0.00498048542 0.200000003 p1 36142 8
1558 18208572 m2 1774566 -6.18094418e-05 0.200000003 p1 36146 8
117 18210381 m2 132489 -0.000210487575 0.200000003 p1 36152 8
2511 18213254 m2 2781867 -2.08736924e-06 0.200000003 p1 36164 8
1145 18213611 m2 1294062 -1.95362009e-05 0.200000003 p1 36165 8
2459 18214311 m2 2724378 -7.23957419e-06 0.200000003 p1 36168 8
405 18218164 m2 449048 -5.79381911e-08 0.200000003 p1 36182 8
1764 18223234 m2 2004691 -0.00108285097 0.200000003 p1 36201 8
3375 18230202 m2 3662771 -0.00195945124 0.200000003 p1 36227 8
287 18237238 m2 315069 -2.55433715e-05 0.200000003 p1 36253 8
3218 18240757 m2 3504956 -0.00110512855 0.200000003 p1 36267 8
1098 18240848 m2 1241480 -2.65171402e-05 0.200000003 p1 36267 8
1372 18245999 m2 1559553 -0.00148276053 0.200000003 p1 36287 8
557 18246657 m2 626128 -2.3253246e-09 0.200000003 p1 36290 8
4603 18247710 m2 4943017 -0.00021887914 0.200000003 p1 36294 8
4393 18247721 m2 4711055 -0.00114709709 0.200000003 p1 36294 8
702 18249826 m2 774011 -0.000245154282 0.200000003 p1 36302 8
3065 18252050 m2 3358663 -0.000673546339 0.200000003 p1 36311 8
1375 18257539 m2 1564687 -0.00194323761 0.200000003 p1 36332 8
4333 18259769 m2 4645374 -0.000242615701 0.200000003 p1 36341 8
3997 18259930 m2 4299581 -0.000139598749 0.200000003 p1 36341 8
2751 18268217 m2 3021001 -0.00024660636 0.200000003 p1 36374 8
1742 18271935 m2 1976822 -2.43570703e-05 0.200000003 p1 36388 8
3973 18272351 m2 4278370 -0.00177521422 0.200000003 p1 36390 8
882 18273711 m2 971155 -0.00168743264 0.200000003 p1 36395 8
1496 18275551 m2 1713833 -3.13820124e-07 0.200000003 p1 36402 8
2143 18275856 m2 2380434 -8.42004447e-05 0.200000003 p1 36403 8
1154 18277508 m2 1299682 -1.21508265e-05 0.200000003 p1 36410 8
1101 18285586 m2 1245029 -0.000166127735 0.200000003 p1 36442 8
3659 18286447 m2 3947240 -2.49350942e-05 0.200000003 p1 36445 8
2099 18289338 m2 2342909 -0.00514717819 0.200000003 p1 36456 8
3086 18290090 m2 3373755 -0.000103856699 0.200000003 p1 36459 8
3003 18294191 m2 3287724 -0.000747000682 0.200000003 p1 36475 8
896 18297904 m2 988762 -0.00166980759 0.200000003 p1 36490 8
647 18298548 m2 720486 -3.25703113e-05 0.200000003 p1 36493 8
4245 18303766 m2 4532000 -9.93981521e-05 0.200000003 p1 36514 8
3776 18314612 m2 4073341 -0.000455642294 0.200000003 p1 36557 8
2398 18315456 m2 2660635 -0.000131274879 0.200000003 p1 36560 8
105 18318409 m2 121147 -0.00162744883 0.200000003 p1 36571 8
3725 18319392 m2 4017768 -5.79958942e-05 0.200000003 p1 36575 8
2268 18323450 m2 2512628 -8.28789853e-05 0.200000003 p1 36591 8
3061 18328731 m2 3347802 -9.59550653e-06 0.200000003 p1 36611 8
341 18330168 m2 370756 -3.66695676e-05 0.200000003 p1 36617 8
676 18330272 m2 753704 -0.000496240042 0.200000003 p1 36617 8
169 18337216 m2 178845 -0.000927797984 0.200000003 p1 36644 8
4080 18338564 m2 4368019 -4.94407004e-07 0.200000003 p1 36649 8
2198 18338776 m2 2447722 -5.48108756e-06 0.200000003 p1 36650 8
552 18343668 m2 624216 -1.34088959e-05 0.200000003 p1 36669 8
3596 18344097 m2 3889268 -8.65542534e-05 0.200000003 p1 36671 8
4195 18344582 m2 4480606 -0.00903875567 0.200000003 p1 36673 8
1684 18346922 m2 1924654 -0.00144872651 0.200000003 p1 36682 8
859 18349791 m2 950672 -1.49124062e-07 0.200000003 p1 36693 8
1232 18354712 m2 1399670 -0.000284032692 0.200000003 p1 36713 8
1777 18358119 m2 2025013 -0.000577675062 0.200000003 p1 36727 8
4372 18358991 m2 4680544 -0.00010914787 0.200000003 p1 36730 8
1820 18360926 m2 2062423 -0.00203974172 0.200000003 p1 36738 8
1863 18365573 m2 2109337 -7.92437786e-05 0.200000003 p1 36757 8
1832 18365695 m2 2073462 -0.000687116175 0.200000003 p1 36757 8
3297 18366327 m2 3575791 -2.32770217e-05 0.200000003 p1 36760 8
3353 18373121 m2 3641054 -9.84576218e-06 0.200000003 p1 36787 8
2476 18378755 m2 2745969 -0.000540617679 0.200000003 p1 36809 8
3386 18379458 m2 3668791 -2.7829381e-05 0.200000003 p1 36812 8
1167 18385490 m2 1314979 -0.000665938307 0.200000003 p1 36836 8
4220 18387671 m2 4505607 -4.53144057e-05 0.200000003 p1 36844 8
596 18392514 m2 664811 -0.00079414685 0.200000003 p1 36863 8
803 18395937 m2 899453 -0.000881823071 0.200000003 p1 36876 8
618 18406864 m2 692221 -1.17085629e-05 0.200000003 p1 36919 8
3387 18407162 m2 3669609 -3.25703943e-11 0.200000003 p1 36921 8
2653 18408398 m2 2913420 -0.000823987997 0.200000003 p1 36925 8
1538 18410650 m2 1749602 -6.12840712e-09 0.200000003 p1 36934 8
3934 18412043 m2 4243328 -0.000863764319 0.200000003 p1 36939 8
139 18415313 m2 152486 -0.00026378117 0.200000003 p1 36952 8
3431 18416225 m2 3712716 -0.00193628552 0.200000003 p1 36956 8
1648 18416763 m2 1870756 -0.00173773768 0.200000003 p1 36958 8
632 18424063 m2 703280 -0.00189426809 0.200000003 p1 36987 8
3646 18431991 m2 3934256 -0.00146304874 0.200000003 p1 37019 8
4079 18433418 m2 4367784 -3.18044408e-06 0.200000003 p1 37025 8
4574 18436744 m2 4909031 -9.23734476e-08 0.200000003 p1 37039 8
2960 18436856 m2 3244692 -7.08918932e-08 0.200000003 p1 37039 8
3249 18437125 m2 3536376 -2.68840886e-05 0.200000003 p1 37040 8
1634 18437211 m2 1855242 -0.000221935043 0.200000003 p1 37041 8
0 18445009 m2 323 -5.59564105e-05 0.200000003 p1 37072 8
3854 18447728 m2 4153590 -5.60353399e-08 0.200000003 p1 37083 8
2290 18449064 m2 2537054 -4.13322501e-11 0.200000003 p1 37089 8
442 18449074 m2 491079 -0.00276996917 0.200000003 p1 37089 8
1403 18450039 m2 1595982 -0.0020233742 0.200000003 p1 37093 8
3070 18452668 m2 3362620 -0.000501552364 0.200000003 p1 37103 8
2727 18454377 m2 2992928 -8.66555325e-08 0.200000003 p1 37110 8
160 18459126 m2 175915 -1.25669715e-06 0.200000003 p1 37130 8
1147 18461389 m2 1294578 -0.00139691774 0.200000003 p1 37139 8
1622 18463420 m2 1840244 -0.000901351741 0.200000003 p1 37147 8
683 18464567 m2 757438 -5.93571031e-07 0.200000003 p1 37152 8
1775 18468159 m2 2024398 -3.08030053e-06 0.200000003 p1 37167 8
3128 18470687 m2 3412608 -1.05241561e-05 0.200000003 p1 37178 8
1975 18473003 m2 2212172 -3.6882062e-05 0.200000003 p1 37187 8
2140 18473526 m2 2377004 -9.70667213e-10 0.200000003 p1 37190 8
495 18474143 m2 547072 -3.98710363e-05 0.200000003 p1 37192 8
2127 18479295 m2 2368505 -5.33953859e-08 0.200000003 p1 37213 8
2895 18481395 m2 3181056 -5.89626725e-05 0.200000003 p1 37222 8
2322 18481612 m2 2573080 -0.000710375374 0.200000003 p1 37223 8
145 18481749 m2 159620 -0.00327970204 0.200000003 p1 37224 8
190 18482411 m2 205791 -0.00127888855 0.200000003 p1 37226 8
1687 18487648 m2 1928851 -0.00613633636 0.200000003 p1 37248 8
2738 18487734 m2 3007874 -0.000919671322 0.200000003 p1 37248 8
3210 18491417 m2 3500642 -3.27951943e-06 0.200000003 p1 37263 8
2775 18492130 m2 3054944 -1.2029156e-07 0.200000003 p1 37266 8
3750 18497982 m2 4048620 -5.82688187e-07 0.200000003 p1 37290 8
4062 18498222 m2 4353016 -0.00210134592 0.200000003 p1 37291 8
2455 18499447 m2 2715962 -2.18128898e-05 0.200000003 p1 37296 8
738 18500855 m2 811533 -0.00294702989 0.200000003 p1 37302 8
3015 18502460 m2 3301241 -0.000240887923 0.200000003 p1 37309 8
2869 18504182 m2 3153694 -0.00044745265 0.200000003 p1 37316 8
847 18505084 m2 943658 -0.00300700706 0.200000003 p1 37320 8
1915 18505217 m2 2153822 -8.46973126e-05 0.200000003 p1 37320 8
543 18510527 m2 608446 -2.2169741e-05 0.200000003 p1 37342 8
2158 18511467 m2 2396646 -0.00163141149 0.200000003 p1 37346 8
4110 18513273 m2 4393709 -5.70564816e-06 0.200000003 p1 37354 8
1166 18514958 m2 1314507 -3.65545784e-05 0.200000003 p1 37361 8
2297 18515697 m2 2542536 -0.00253101392 0.200000003 p1 37364 8
4204 18517944 m2 4488180 -0.000791041879 0.200000003 p1 37374 8
3752 18519180 m2 4052225 -8.89373587e-06 0.200000003 p1 37379 8
2020 18524110 m2 2255507 -3.31837691e-06 0.200000003 p1 37400 8
1610 18526319 m2 1830777 -8.98299533e-08 0.200000003 p1 37409 8
517 18533635 m2 569337 -0.000422223296 0.200000003 p1 37439 8
2415 18534823 m2 2672793 -7.61146584e-05 0.200000003 p1 37445 8
4040 18536484 m2 4328644 -0.000472491083 0.200000003 p1 37452 8
274 18542264 m2 302136 -0.00267324876 0.200000003 p1 37477 8
3590 18545986 m2 3884578 -5.52844631e-06 0.200000003 p1 37493 8
4123 18547807 m2 4410704 -0.00474659167 0.200000003 p1 37501 8
4244 18549145 m2 4530076 -1.49980366e-08 0.200000003 p1 37506 8
814 18555127 m2 906912 -0.0017771608 0.200000003 p1 37531 8
1512 18556082 m2 1725675 -0.00179354264 0.200000003 p1 37535 8
4397 18556869 m2 4716715 -2.18569971e-06 0.200000003 p1 37538 8
776 18560218 m2 862821 -0.000652689021 0.200000003 p1 37552 8
2292 18567735 m2 2538501 -5.51546e-05 0.200000003 p1 37585 8
3125 18570128 m2 3408332 -3.06782968e-05 0.200000003 p1 37595 8
4268 18571494 m2 4558593 -1.71636166e-05 0.200000003 p1 37600 8
3188 18573736 m2 3476482 -9.11280658e-05 0.200000003 p1 37610 8
724 18574154 m2 799471 -4.78840084e-05 0.200000003 p1 37612 8
1404 18576835 m2 1598604 -1.44090632e-06 0.200000003 p1 37623 8
2259 18579305 m2 2501515 -1.75867154e-10 0.200000003 p1 37634 8
458 18581167 m2 505887 -7.16749564e-05 0.200000003 p1 37641 8
611 18582731 m2 683877 -0.00114236947 0.200000003 p1 37648 8
293 18584661 m2 323412 -1.31690863e-08 0.200000003 p1 37656 8
3136 18590747 m2 3417431 -0.00141156337 0.200000003 p1 37682 8
1289 18602711 m2 1470476 -3.54470253e-09 0.200000003 p1 37732 8
164 18603344 m2 177120 -9.49920533e-08 0.200000003 p1 37734 8
2094 18603599 m2 2336263 -0.000165504709 0.200000003 p1 37735 8
3756 18603673 m2 4057915 -0.000292132259 0.200000003 p1 37736 8
588 18608585 m2 656700 -0.00218385924 0.200000003 p1 37756 8
3155 18613439 m2 3444578 -1.57319469e-09 0.200000003 p1 37776 8
686 18614617 m2 759378 -0.0011126342 0.200000003 p1 37781 8
2612 18614798 m2 2873059 -0.000163763092 0.200000003 p1 37781 8
856 18622208 m2 948941 -0.000496764609 0.200000003 p1 37812 8
2995 18622354 m2 3283922 -1.27574531e-05 0.200000003 p1 37813 8
1936 18623185 m2 2175524 -1.39218025e-06 0.200000003 p1 37816 8
911 18623991 m2 1003928 -7.49856335e-05 0.200000003 p1 37820 8
906 18625308 m2 999546 -0.000119894183 0.200000003 p1 37825 8
158 18628182 m2 172897 -0.000185214609 0.200000003 p1 37837 8
2038 18629171 m2 2278677 -0.000346027198 0.200000003 p1 37841 8
532 18630269 m2 585790 -6.10549178e-05 0.200000003 p1 37846 8
4506 18630326 m2 4836216 -1.18996752e-06 0.200000003 p1 37846 8
967 18633908 m2 1072870 -0.00520813558 0.200000003 p1 37860 8
3966 18634373 m2 4272110 -2.59539738e-05 0.200000003 p1 37862 8
76 18637773 m2 89275 -0.000153367568 0.200000003 p1 37875 8
2828 18638135 m2 3105929 -1.21177409e-05 0.200000003 p1 37877 8
3641 18639112 m2 3928462 -1.83960953e-08 0.200000003 p1 37881 8
1879 18640361 m2 2121544 -0.000575989659 0.200000003 p1 37886 8
774 18640610 m2 858702 -1.20030938e-06 0.200000003 p1 37887 8
4645 18643749 m2 4984290 -0.000117551695 0.200000003 p1 37901 8
1107 18646758 m2 1251254 -0.0032129332 0.200000003 p1 37914 8
223 18647537 m2 246926 -0.00408637431 0.200000003 p1 37917 8
2637 18648612 m2 2895265 -7.73050772e-07 0.200000003 p1 37922 8
1856 18649023 m2 2102599 -0.00477787713 0.200000003 p1 37923 8
963 18651138 m2 1069359 -0.00116562785 0.200000003 p1 37932 8
3928 18651358 m2 4238487 -0.000187290818 0.200000003 p1 37933 8
1529 18657604 m2 1742709 -3.05494905e-05 0.200000003 p1 37960 8
3343 18660379 m2 3629893 -3.50379205e-11 0.200000003 p1 37972 8
1431 18663654 m2 1627899 -0.00277443929 0.200000003 p1 37987 8
4429 18664260 m2 4753375 -4.3076001e-05 0.200000003 p1 37989 8
3041 18665833 m2 3325572 -1.92066962e-09 0.200000003 p1 37996 8
3212 18667940 m2 3502066 -5.50626464e-05 0.200000003 p1 38006 8
3673 18668916 m2 3962420 -5.71772252e-05 0.200000003 p1 38010 8
1934 18669883 m2 2174987 -0.000238125707 0.200000003 p1 38014 8
3633 18670162 m2 3921751 -0.0014492732 0.200000003 p1 38015 8
1396 18670873 m2 1585375 -9.51797483e-06 0.200000003 p1 38019 8
933 18671373 m2 1031446 -0.000352987525 0.200000003 p1 38021 8
1613 18671706 m2 1832477 -2.91410743e-07 0.200000003 p1 38022 8
1004 18672203 m2 1104860 -0.000463325356 0.200000003 p1 38025 8
4139 18674018 m2 4423763 -0.000465985766 0.200000003 p1 38032 8
330 18678694 m2 363302 -4.8946793e-05 0.200000003 p1 38053 8
1868 18683763 m2 2115567 -0.00351105072 0.200000003 p1 38076 8
353 18684082 m2 383386 -0.00380171486 0.200000003 p1 38077 8
3123 18686105 m2 3406490 -0.000188506208 0.200000003 p1 38086 8
3819 18686853 m2 4111086 -1.34752565e-06 0.200000003 p1 38089 8
3495 18689593 m2 3781790 -6.34957996e-06 0.200000003 p1 38101 8
4023 18690596 m2 4321268 -2.35018797e-05 0.200000003 p1 38105 8
850 18691695 m2 945854 -0.00186420011 0.200000003 p1 38110 8
4507 18691896 m2 4836607 -3.15454199e-05 0.200000003 p1 38111 8
3898 18692787 m2 4198173 -0.00500331912 0.200000003 p1 38115 8
2862 18693069 m2 3149405 -0.000109955457 0.200000003 p1 38116 8
2772 18694037 m2 3052839 -1.10801461e-12 0.200000003 p1 38120 8
4064 18697733 m2 4354044 -0.000850437908 0.200000003 p1 38137 8
922 18700199 m2 1016531 -0.000772648782 0.200000003 p1 38148 8
3624 18702582 m2 3912571 -8.93841352e-05 0.200000003 p1 38158 8
2027 18707482 m2 2259647 -1.7935261e-05 0.200000003 p1 38180 8
1362 18709766 m2 1550625 -0.00211304147 0.200000003 p1 38189 8
1995 18715094 m2 2233338 -1.75546297e-08 0.200000003 p1 38212 8
2165 18720663 m2 2409011 -1.22427691e-05 0.200000003 p1 38237 8
1262 18721777 m2 1443143 -1.22247966e-05 0.200000003 p1 38242 8
1096 18724058 m2 1239481 -3.18199568e-06 0.200000003 p1 38251 8
725 18728267 m2 800693 -0.0028408065 0.200000003 p1 38270 8
248 18732552 m2 277391 -3.99862438e-06 0.200000003 p1 38289 8
3946 18734720 m2 4251645 -0.000655671058 0.200000003 p1 38299 8
3951 18742734 m2 4255627 -0.000522410381 0.200000003 p1 38335 8
228 18745328 m2 249309 -9.07421224e-07 0.200000003 p1 38347 8
4646 18749633 m2 4985051 -1.83214763e-06 0.200000003 p1 38367 8
1454 18752933 m2 1666858 -4.60500225e-08 0.200000003 p1 38381 8
3144 18754342 m2 3434988 -2.51272268e-05 0.200000003 p1 38388 8
3195 18755200 m2 3483490 -0.000149331041 0.200000003 p1 38391 8
4402 18766022 m2 4726150 -7.73710053e-05 0.200000003 p1 38440 8
4182 18767602 m2 4464267 -1.21546907e-06 0.200000003 p1 38447 8
4002 18770631 m2 4304472 -0.00524545135 0.200000003 p1 38462 8
1595 18775482 m2 1816161 -7.95848717e-12 0.200000003 p1 38485 8
2298 18778681 m2 2544838 -0.000630101596 0.200000003 p1 38500 8
656 18779813 m2 732210 -4.24058015e-08 0.200000003 p1 38505 8
1151 18782302 m2 1297374 -0.00247474853 0.200000003 p1 38517 8
63 18785629 m2 78425 -0.0003138131 0.200000003 p1 38532 8
1535 18785919 m2 1748297 -8.10331185e-05 0.200000003 p1 38534 8
3 18788568 m2 4074 -0.000189200946 0.200000003 p1 38547 8
2301 18794021 m2 2549272 -3.31623113e-07 0.200000003 p1 38572 8
1546 18796173 m2 1760788 -0.00067464757 0.200000003 p1 38582 8
2041 18797039 m2 2283953 -0.00026976809 0.200000003 p1 38586 8
1932 18797239 m2 2173320 -2.19239027e-07 0.200000003 p1 38587 8
4663 18798157 m2 4998585 -6.07801596e-08 0.200000003 p1 38591 8
711 18799435 m2 784671 -0.00141520193 0.200000003 p1 38597 8
4212 18801298 m2 4496045 -7.25641348e-06 0.200000003 p1 38606 8
3915 18802786 m2 4214201 -5.25143478e-05 0.200000003 p1 38613 8
3729 18803365 m2 4019275 -2.84579443e-07 0.200000003 p1 38615 8
2492 18804627 m2 2763264 -0.000849157572 0.200000003 p1 38621 8
2144 18807904 m2 2380646 -1.02914601e-05 0.200000003 p1 38636 8
54 18811436 m2 63905 -1.30806329e-05 0.200000003 p1 38652 8
2683 18816688 m2 2943041 -6.45434284e-07 0.200000003 p1 38675 8
28 18817276 m2 34254 -0.00238809432 0.200000003 p1 38678 8
180 18820358 m2 188499 -0.00101912126 0.200000003 p1 38692 8
666 18823043 m2 741800 -0.00137941842 0.200000003 p1 38704 8
238 18823816 m2 264028 -1.7002737e-09 0.200000003 p1 38708 8
3501 18824802 m2 3792210 -1.06290338e-06 0.200000003 p1 38713 8
1794 18827902 m2 2037979 -0.000237754241 0.200000003 p1 38727 8
2485 18828687 m2 2755735 -5.96955169e-06 0.200000003 p1 38730 8
1267 18829013 m2 1450745 -0.000152244465 0.200000003 p1 38732 8
138 18829979 m2 151518 -6.66654444e-07 0.200000003 p1 38736 8
4630 18830441 m2 4964277 -0.000558314146 0.200000003 p1 38738 8
636 18831687 m2 708681 -0.000289023475 0.200000003 p1 38744 8
822 18834708 m2 914141 -0.00111083826 0.200000003 p1 38757 8
3205 18835269 m2 3494515 -5.31201222e-05 0.200000003 p1 38760 8
1255 18836842 m2 1437540 -3.64131921e-07 0.200000003 p1 38767 8
2277 18837870 m2 2520739 -0.00130960834 0.200000003 p1 38772 8
1954 18839604 m2 2190992 -3.06790425e-05 0.200000003 p1 38780 8
3461 18839726 m2 3746310 -3.32287455e-05 0.200000003 p1 38781 8
3828 18847799 m2 4120811 -4.03509915e-07 0.200000003 p1 38817 8
231 18851310 m2 251708 -9.69899133e-07 0.200000003 p1 38833 8
3362 18854349 m2 3649000 -5.35774125e-05 0.200000003 p1 38846 8
2341 18855482 m2 2593279 -4.00691679e-05 0.200000003 p1 38852 8
4101 18855678 m2 4383630 -0.000542726484 0.200000003 p1 38852 8
2522 18856513 m2 2795305 -0.00230834051 0.200000003 p1 38856 8
3427 18858200 m2 3710593 -0.000684085011 0.200000003 p1 38864 8
4235 18858600 m2 4521275 -0.000881326792 0.200000003 p1 38866 8
1471 18858986 m2 1684639 -0.00191038183 0.200000003 p1 38868 8
351 18862895 m2 376293 -0.000482729753 0.200000003 p1 38885 8
3935 18867867 m2 4245464 -5.53621362e-07 0.200000003 p1 38907 8
307 18870119 m2 338836 -2.85194392e-06 0.200000003 p1 38917 8
4641 18870301 m2 4977483 -0.000515233842 0.200000003 p1 38918 8
4599 18871062 m2 4941073 -0.00300164381 0.200000003 p1 38921 8
4184 18872000 m2 4466263 -0.00023362886 0.200000003 p1 38925 8
4060 18872298 m2 4350886 -2.21047685e-06 0.200000003 p1 38926 8
1600 18873348 m2 1820261 -3.21781869e-07 0.200000003 p1 38931 8
1912 18873883 m2 2152413 -5.66819326e-05 0.200000003 p1 38934 8
1487 18876435 m2 1703502 -1.41609291e-07 0.200000003 p1 38945 8
1445 18878152 m2 1651894 -9.18050887e-07 0.200000003 p1 38953 8
1062 18879225 m2 1175177 -5.09284462e-07 0.200000003 p1 38958 8
1238 18886041 m2 1406092 -3.15616745e-07 0.200000003 p1 38989 8
4255 18887553 m2 4542483 -0.000366514083 0.200000003 p1 38996 8
2413 18889193 m2 2672667 -0.0021489847 0.200000003 p1 39004 8
2225 18890962 m2 2478161 -3.390068e-09 0.200000003 p1 39012 8
3634 18891599 m2 3921859 -0.000667143147 0.200000003 p1 39015 8
409 18897913 m2 453276 -2.78563391e-07 0.200000003 p1 39044 8
3612 18905951 m2 3903396 -0.000179274357 0.200000003 p1 39081 8
1350 18909499 m2 1537839 -3.79388912e-05 0.200000003 p1 39097 8
3983 18912414 m2 4288396 -0.00234199152 0.200000003 p1 39110 8
244 18913219 m2 273445 -0.000136989809 0.200000003 p1 39114 8
3421 18913245 m2 3702899 -0.000552422891 0.200000003 p1 39114 8
4375 18913923 m2 4683761 -4.40595031e-05 0.200000003 p1 39117 8
4063 18915985 m2 4353898 -1.66124464e-05 0.200000003 p1 39127 8
3940 18917440 m2 4249215 -0.000186539139 0.200000003 p1 39134 8
3097 18918754 m2 3380624 -4.2922853e-05 0.200000003 p1 39140 8
3889 18919605 m2 4190468 -6.63871242e-06 0.200000003 p1 39144 8
224 18921943 m2 248227 -2.41834812e-07 0.200000003 p1 39155 8
3228 18923240 m2 3510357 -1.62594702e-08 0.200000003 p1 39160 8
1109 18935249 m2 1252409 -0.00142314367 0.200000003 p1 39215 8
331 18936334 m2 364823 -0.000164692479 0.200000003 p1 39220 8
426 18936889 m2 475256 -0.00382389501 0.200000003 p1 39223 8
2191 18937272 m2 2442292 -5.31027144e-05 0.200000003 p1 39224 8
4451 18938739 m2 4776746 -0.00018772055 0.200000003 p1 39231 8
2883 18941846 m2 3168480 -7.50500549e-05 0.200000003 p1 39245 8
938 18942331 m2 1039905 -2.32998627e-06 0.200000003 p1 39247 8
3272 18943424 m2 3552605 -0.000702743127 0.200000003 p1 39252 8
2445 18943462 m2 2707452 -0.0013525862 0.200000003 p1 39252 8
2964 18944838 m2 3250777 -0.00139047334 0.200000003 p1 39259 8
2706 18946282 m2 2967583 -1.08015729e-06 0.200000003 p1 39265 8
4036 18948473 m2 4325923 -5.97982137e-07 0.200000003 p1 39276 8
3142 18949534 m2 3432301 -5.81327367e-06 0.200000003 p1 39281 8
691 18949787 m2 764647 -2.58126764e-08 0.200000003 p1 39282 8
3637 18949866 m2 3923256 -0.00060322159 0.200000003 p1 39282 8
4458 18950984 m2 4782967 -0.000886422466 0.200000003 p1 39288 8
1296 18951369 m2 1476294 -0.00164128374 0.200000003 p1 39290 8
1688 18952730 m2 1930622 -0.00106078223 0.200000003 p1 39296 8
52 18953324 m2 62343 -0.00136591238 0.200000003 p1 39298 8
4346 18953456 m2 4654457 -0.000100857593 0.200000003 p1 39299 8
3270 18956060 m2 3550762 -0.00357194687 0.200000003 p1 39312 8
3777 18956388 m2 4073834 -0.000379438628 0.200000003 p1 39313 8
1501 18958305 m2 1718360 -0.000442947407 0.200000003 p1 39322 8
4170 18958394 m2 4454859 -0.000305493624 0.200000003 p1 39322 8
4020 18958481 m2 4320318 -7.58842316e-06 0.200000003 p1 39323 8
3978 18962312 m2 4282011 -0.00427042786 0.200000003 p1 39341 8
2284 18970023 m2 2531470 -0.0022582931 0.200000003 p1 39378 8
944 18971618 m2 1048685 -0.00100075628 0.200000003 p1 39385 8
17 18975345 m2 18022 -0.00993377995 0.200000003 p1 39402 8
420 18975394 m2 468674 -5.76193679e-06 0.200000003 p1 39402 8
4345 18979182 m2 4654141 -0.00406528637 0.200000003 p1 39420 8
4188 18981382 m2 4469922 -3.79306148e-05 0.200000003 p1 39431 8
4232 18981774 m2 4516873 -5.04438731e-07 0.200000003 p1 39433 8
1746 18982471 m2 1979606 -2.17434831e-06 0.200000003 p1 39436 8
3019 18983460 m2 3303178 -0.000223838739 0.200000003 p1 39441 8
1685 18983998 m2 1924717 -3.93127411e-05 0.200000003 p1 39444 8
22 18985870 m2 26020 -2.17133274e-05 0.200000003 p1 39453 8
2212 18989826 m2 2462330 -8.76616014e-06 0.200000003 p1 39473 8
1324 18991333 m2 1510610 -0.00123077387 0.200000003 p1 39481 8
357 18992874 m2 386859 -4.67037989e-06 0.200000003 p1 39488 8
2312 18994522 m2 2564757 -0.000426412036 0.200000003 p1 39496 8
2078 18995291 m2 2321989 -0.0016759244 0.200000003 p1 39500 8
3012 18997151 m2 3299613 -4.02303719e-08 0.200000003 p1 39509 8
878 18999020 m2 966031 -1.10559947e-11 0.200000003 p1 39517 8
3535 18999121 m2 3833909 -8.97864084e-05 0.200000003 p1 39518 8
3154 19001103 m2 3443923 -0.00173231389 0.200000003 p1 39527 8
2634 19002020 m2 2892976 -0.00013740531 0.200000003 p1 39532 8
1806 19002321 m2 2050752 -4.68930302e-05 0.200000003 p1 39533 8
1962 19005145 m2 2195881 -1.32188612e-13 0.200000003 p1 39546 8
4186 19006771 m2 4467293 -0.000262345595 0.200000003 p1 39554 8
999 19009191 m2 1101115 -0.000270716671 0.200000003 p1 39565 8
638 19012568 m2 710311 -0.000738858478 0.200000003 p1 39580 8
1739 19015051 m2 1976116 -0.00328993378 0.200000003 p1 39592 8
2271 19016947 m2 2518024 -0.000873703044 0.200000003 p1 39601 8
1753 19017957 m2 1986944 -2.65650351e-06 0.200000003 p1 39606 8
2607 19018139 m2 2866390 -0.00213919138 0.200000003 p1 39607 8
1941 19018468 m2 2180583 -5.20411436e-10 0.200000003 p1 39608 8
4061 19020345 m2 4351500 -0.000361226819 0.200000003 p1 39617 8
473 19023510 m2 519240 -0.000295039936 0.200000003 p1 39632 8
489 19023635 m2 536037 -0.00106149237 0.200000003 p1 39632 8
1034 19027568 m2 1147090 -0.00192255515 0.200000003 p1 39651 8
467 19028622 m2 514762 -0.000111289002 0.200000003 p1 39656 8
2756 19033545 m2 3027942 -0.000623681233 0.200000003 p1 39680 8
1258 19034989 m2 1440114 -0.000629437389 0.200000003 p1 39687 8
323 19036515 m2 356056 -0.000558407104 0.200000003 p1 39695 8
597 19037569 m2 665483 -1.24500991e-06 0.200000003 p1 39700 8
2794 19043076 m2 3075287 -0.00313565298 0.200000003 p1 39726 8
1361 19049892 m2 1549637 -0.000410669862 0.200000003 p1 39760 8
350 19050209 m2 376278 -1.31607712e-05 0.200000003 p1 39761 8
634 19052775 m2 707685 -0.000578633568 0.200000003 p1 39774 8
4374 19057536 m2 4682623 -0.000859191467 0.200000003 p1 39797 8
3663 19057915 m2 3953307 -0.00163469766 0.200000003 p1 39799 8
3746 19059845 m2 4042440 -7.34117839e-06 0.200000003 p1 39808 8
2583 19062135 m2 2845997 -2.14475676e-06 0.200000003 p1 39818 8
4416 19066310 m2 4740086 -0.00127797376 0.200000003 p1 39838 8
203 19066886 m2 220833 -0.000371598318 0.200000003 p1 39841 8
4620 19066931 m2 4959625 -0.00214980822 0.200000003 p1 39841 8
3021 19067294 m2 3311435 -3.35894129e-07 0.200000003 p1 39843 8
4312 19069086 m2 4616542 -4.76538162e-06 0.200000003 p1 39851 8
2393 19070413 m2 2657114 -2.49728578e-06 0.200000003 p1 39858 8
3701 19071587 m2 3994729 -0.00102410384 0.200000003 p1 39864 8
3309 19073765 m2 3587547 -3.39274243e-06 0.200000003 p1 39874 8
995 19078109 m2 1100068 -0.000520648144 0.200000003 p1 39896 8
1244 19078483 m2 1417993 -9.69146859e-05 0.200000003 p1 39897 8
4253 19080080 m2 4537091 -0.00130753766 0.200000003 p1 39905 8
3069 19081573 m2 3361916 -5.87266695e-05 0.200000003 p1 39913 8
743 19086526 m2 816523 -1.70101412e-05 0.200000003 p1 39937 8
1757 19089829 m2 1994035 -0.000783917611 0.200000003 p1 39954 8
443 19089958 m2 491284 -9.56753502e-05 0.200000003 p1 39955 8
3895 19091667 m2 4195540 -2.58674045e-05 0.200000003 p1 39963 8
2630 19093704 m2 2889533 -0.00129813922 0.200000003 p1 39973 8
739 19094607 m2 813847 -1.16593027e-10 0.200000003 p1 39977 8
4206 19095489 m2 4491089 -9.68465156e-06 0.200000003 p1 39981 8
3654 19103341 m2 3941946 -8.43429007e-05 0.200000003 p1 40021 8
624 19105799 m2 697294 -0.00151206367 0.200000003 p1 40034 8
3542 19107078 m2 3840278 -0.00433359062 0.200000003 p1 40040 8
3118 19109106 m2 3402875 -0.000240203139 0.200000003 p1 40051 8
3230 19112133 m2 3513648 -8.67175402e-07 0.200000003 p1 40066 8
1814 19114444 m2 2055073 -0.000138118412 0.200000003 p1 40077 8
1291 19115021 m2 1473696 -0.000116083203 0.200000003 p1 40080 8
3147 19118928 m2 3437303 -0.00115807517 0.200000003 p1 40099 8
3879 19119087 m2 4182805 -0.000438930612 0.200000003 p1 40100 8
627 19119118 m2 698361 -0.00214049732 0.200000003 p1 40100 8
198 19119853 m2 214019 -3.89522681e-09 0.200000003 p1 40104 8
3560 19119931 m2 3855328 -1.08596498e-06 0.200000003 p1 40104 8
2593 19121805 m2 2859053 -2.81100074e-05 0.200000003 p1 40114 8
1889 19126728 m2 2131868 -5.7126661e-05 0.200000003 p1 40137 8
2336 19127058 m2 2589710 -6.40017674e-08 0.200000003 p1 40139 8
3229 19141005 m2 3512697 -6.05682828e-07 0.200000003 p1 40208 8
3520 19145443 m2 3809831 -0.00329696224 0.200000003 p1 40229 8
832 19147874 m2 929842 -1.02065796e-05 0.200000003 p1 40242 8
1895 19148048 m2 2134303 -5.4397201e-06 0.200000003 p1 40243 8
3653 19151376 m2 3941749 -1.37648712e-07 0.200000003 p1 40259 8
1686 19152786 m2 1926895 -0.00307650235 0.200000003 p1 40266 8
3327 19155156 m2 3605760 -0.00209793588 0.200000003 p1 40278 8
2499 19155751 m2 2769756 -0.000195554458 0.200000003 p1 40281 8
3969 19164947 m2 4274619 -2.25024692e-07 0.200000003 p1 40330 8
3048 19170207 m2 3333739 -1.76639311e-11 0.200000003 p1 40357 8
3032 19171927 m2 3321096 -7.83098301e-07 0.200000003 p1 40366 8
3952 19172134 m2 4257238 -0.000978950178 0.200000003 p1 40367 8
3737 19172748 m2 4031331 -1.22818292e-07 0.200000003 p1 40370 8
3004 19173389 m2 3288495 -1.25845577e-06 0.200000003 p1 40373 8
3677 19173421 m2 3965993 -4.5760666e-07 0.200000003 p1 40373 8
3430 19175836 m2 3712193 -2.60532124e-06 0.200000003 p1 40385 8
1261 19177374 m2 1442726 -1.41460323e-05 0.200000003 p1 40393 8
2557 19180099 m2 2830597 -0.00269878376 0.200000003 p1 40406 8
2925 19181009 m2 3208662 -2.18905214e-08 0.200000003 p1 40411 8
1283 19182202 m2 1465501 -0.00134499697 0.200000003 p1 40417 8
4213 19184044 m2 4497095 -9.38208686e-05 0.200000003 p1 40427 8
789 19185870 m2 886216 -4.03994194e-13 0.200000003 p1 40437 8
1161 19190253 m2 1308387 -0.000166651211 0.200000003 p1 40459 8
1430 19193784 m2 1627528 -6.60621595e-07 0.200000003 p1 40477 8
4326 19193832 m2 4637996 -0.00280521414 0.200000003 p1 40478 8
2114 19195811 m2 2353939 -2.77046956e-06 0.200000003 p1 40488 8
1786 19197673 m2 2033482 -0.000879497733 0.200000003 p1 40498 8
685 19198988 m2 757710 -4.06193758e-05 0.200000003 p1 40504 8
195 19200126 m2 210394 -0.00144452229 0.200000003 p1 40509 8
515 19207803 m2 568531 -0.000104842657 0.200000003 p1 40547 8
577 19209735 m2 646507 -0.00120358076 0.200000003 p1 40557 8
2729 19209862 m2 2998635 -9.26274442e-05 0.200000003 p1 40558 8
2691 19209905 m2 2953486 -1.28923328e-09 0.200000003 p1 40558 8
3399 19211026 m2 3679599 -0.00041555395 0.200000003 p1 40563 8
3109 19214789 m2 3389746 -1.96009182e-06 0.200000003 p1 40583 8
4266 19217084 m2 4554220 -0.000145537721 0.200000003 p1 40595 8
1446 19217887 m2 1652120 -5.61966203e-07 0.200000003 p1 40599 8
268 19218553 m2 296790 -0.00257685804 0.200000003 p1 40602 8
3995 19219867 m2 4295798 -0.00210459041 0.200000003 p1 40609 8
3532 19223144 m2 3832519 -0.000150243781 0.200000003 p1 40626 8
206 19226241 m2 226494 -0.000209673031 0.200000003 p1 40642 8
4580 19228769 m2 4916337 -0.00153218268 0.200000003 p1 40655 8
1540 19229915 m2 1750303 -1.48728896e-05 0.200000003 p1 40661 8
3029 19234844 m2 3319719 -0.00025807909 0.200000003 p1 40687 8
1705 19236604 m2 1949968 -0.00422684569 0.200000003 p1 40697 8
2300 19237356 m2 2545345 -6.8548572e-05 0.200000003 p1 40700 8
595 19238720 m2 663603 -0.00158823642 0.200000003 p1 40707 8
320 19243465 m2 351342 -1.6233308e-07 0.200000003 p1 40732 8
3851 19245471 m2 4149873 -0.000963961706 0.200000003 p1 40743 8
222 19245557 m2 245980 -0.000466939382 0.200000003 p1 40743 8
3530 19251884 m2 3831448 -0.00332512963 0.200000003 p1 40777 8
1405 19253849 m2 1600578 -0.000365100015 0.200000003 p1 40787 8
3976 19257874 m2 4281160 -0.000633183401 0.200000003 p1 40807 8
290 19263337 m2 319400 -3.81919307e-07 0.200000003 p1 40835 8
368 19263574 m2 405626 -0.00217910437 0.200000003 p1 40836 8
680 19263726 m2 756102 -0.00117038458 0.200000003 p1 40837 8
1773 19264375 m2 2019320 -0.000102842438 0.200000003 p1 40840 8
1581 19268716 m2 1801288 -0.000345374021 0.200000003 p1 40862 8
4357 19269745 m2 4662393 -5.86551214e-05 0.200000003 p1 40867 8
910 19270060 m2 1002709 -0.000804912765 0.200000003 p1 40869 8
3467 19271569 m2 3754090 -0.00194171944 0.200000003 p1 40876 8
3340 19272323 m2 3626275 -0.00207560882 0.200000003 p1 40880 8
3148 19277790 m2 3440479 -5.18759371e-05 0.200000003 p1 40908 8
1074 19277801 m2 1196206 -6.53904593e-08 0.200000003 p1 40908 8
1370 19279073 m2 1557962 -0.00607007882 0.200000003 p1 40914 8
227 19281416 m2 249245 -0.00031461133 0.200000003 p1 40926 8
1867 19281573 m2 2115243 -0.00133370294 0.200000003 p1 40927 8
53 19282731 m2 63187 -0.00317528076 0.200000003 p1 40934 8
4608 19284397 m2 4946323 -1.80735096e-05 0.200000003 p1 40942 8
818 19284817 m2 911159 -6.34472508e-06 0.200000003 p1 40944 8
3193 19286046 m2 3481697 -0.000180759278 0.200000003 p1 40950 8
396 19286959 m2 441504 -0.000141580429 0.200000003 p1 40955 8
4612 19289746 m2 4951248 -3.34677571e-13 0.200000003 p1 40970 8
792 19291007 m2 887975 -3.86461652e-05 0.200000003 p1 40976 8
2872 19291392 m2 3155118 -0.0016085594 0.200000003 p1 40978 8
737 19292149 m2 810454 -4.86493796e-08 0.200000003 p1 40982 8
2795 19292467 m2 3075516 -0.0037270328 0.200000003 p1 40983 8
2542 19293188 m2 2814583 -2.25472149e-06 0.200000003 p1 40987 8
1158 19301875 m2 1306570 -2.33696689e-08 0.200000003 p1 41031 8
1770 19301972 m2 2018081 -0.00135789288 0.200000003 p1 41032 8
1132 19303251 m2 1277288 -2.70310056e-06 0.200000003 p1 41038 8
3167 19303480 m2 3458538 -0.0020136789 0.200000003 p1 41040 8
4237 19304545 m2 4521906 -2.03687645e-08 0.200000003 p1 41045 8
3220 19305440 m2 3505791 -2.80557106e-05 0.200000003 p1 41049 8
2900 19308190 m2 3183589 -4.38702045e-05 0.200000003 p1 41064 8
1441 19308910 m2 1642132 -0.00264440407 0.200000003 p1 41067 8
3814 19310479 m2 4104078 -0.000126354673 0.200000003 p1 41075 8
630 19312807 m2 699131 -7.86259443e-06 0.200000003 p1 41087 8
3054 19312966 m2 3337625 -4.72281063e-05 0.200000003 p1 41088 8
1736 19314768 m2 1971648 -1.79367488e-09 0.200000003 p1 41097 8
4298 19320632 m2 4593721 -0.00126428541 0.200000003 p1 41126 8
2246 19327486 m2 2492644 -2.43250543e-06 0.200000003 p1 41162 8
3478 19334657 m2 3770893 -0.000287868577 0.200000003 p1 41201 8
1845 19337711 m2 2092019 -2.79945993e-07 0.200000003 p1 41217 8
4564 19340813 m2 4899335 -5.08792145e-05 0.200000003 p1 41234 8
2538 19342972 m2 2812294 -4.06165673e-05 0.200000003 p1 41245 8
2153 19343940 m2 2388646 -0.000112087575 0.200000003 p1 41250 8
107 19351458 m2 124287 -0.00137833634 0.200000003 p1 41290 8
1236 19354243 m2 1402797 -0.000268599892 0.200000003 p1 41305 8
2417 19354685 m2 2673483 -5.16368436e-06 0.200000003 p1 41308 8
1643 19356466 m2 1866906 -0.000351929339 0.200000003 p1 41318 8
813 19361707 m2 905694 -0.00280961674 0.200000003 p1 41345 8
1728 19363013 m2 1968298 -6.94090074e-09 0.200000003 p1 41352 8
2388 19365099 m2 2646613 -0.0041045798 0.200000003 p1 41363 8
2840 19365467 m2 3123076 -0.0001374188 0.200000003 p1 41365 8
376 19373656 m2 416563 -0.00193048443 0.200000003 p1 41407 8
1277 19376863 m2 1457728 -9.36344259e-06 0.200000003 p1 41424 8
1060 19377697 m2 1174367 -7.17374576e-07 0.200000003 p1 41428 8
2203 19380045 m2 2452757 -1.0947894e-07 0.200000003 p1 41441 8
3083 19382766 m2 3372180 -2.11565609e-08 0.200000003 p1 41456 8
1093 19386243 m2 1237500 -1.35373803e-05 0.200000003 p1 41475 8
3988 19386340 m2 4290157 -5.03140285e-09 0.200000003 p1 41475 8
4656 19391821 m2 4996039 -0.000135044495 0.200000003 p1 41504 8
4050 19392096 m2 4343476 -4.66320216e-06 0.200000003 p1 41506 8
2752 19392547 m2 3022483 -0.00123432826 0.200000003 p1 41508 8
3773 19394278 m2 4071591 -2.28565736e-10 0.200000003 p1 41517 8
42 19395921 m2 47623 -2.41883953e-08 0.200000003 p1 41526 8
4352 19396466 m2 4656716 -2.46771051e-05 0.200000003 p1 41529 8
2635 19396481 m2 2893474 -6.94940141e-08 0.200000003 p1 41529 8
1240 19400137 m2 1408046 -5.01367649e-05 0.200000003 p1 41549 8
2539 19400978 m2 2813550 -0.002943289 0.200000003 p1 41553 8
3823 19401652 m2 4113740 -5.53488971e-05 0.200000003 p1 41557 8
2427 19401862 m2 2687487 -0.00178894005 0.200000003 p1 41558 8
1572 19402727 m2 1791343 -0.000985343591 0.200000003 p1 41562 8
3664 19403789 m2 3954185 -0.00251331623 0.200000003 p1 41568 8
4120 19403917 m2 4407589 -4.55277586e-06 0.200000003 p1 41569 8
3517 19404585 m2 3807429 -0.000913636992 0.200000003 p1 41573 8
1527 19407117 m2 1739848 -0.000859700085 0.200000003 p1 41586 8
534 19411143 m2 590121 -0.00957124867 0.200000003 p1 41608 8
3793 19415144 m2 4086583 -1.1173463e-06 0.200000003 p1 41630 8
4557 19415324 m2 4891495 -1.25616452e-07 0.200000003 p1 41631 8
4382 19415533 m2 4696563 -0.0033206027 0.200000003 p1 41632 8
216 19416261 m2 233135 -2.07447148e-09 0.200000003 p1 41636 8
3243 19418986 m2 3533563 -0.00858842116 0.200000003 p1 41651 8
1242 19419074 m2 1408830 -0.000924918859 0.200000003 p1 41651 8
1281 19419123 m2 1462200 -0.000145435624 0.200000003 p1 41652 8
2853 19421285 m2 3134690 -1.40957013e-06 0.200000003 p1 41663 8
3129 19422356 m2 3413585 -0.000380627404 0.200000003 p1 41669 8
4315 19423438 m2 4623009 -2.74507585e-07 0.200000003 p1 41675 8
3588 19425261 m2 3880343 -4.49369763e-05 0.200000003 p1 41685 8
2918 19427432 m2 3202030 -7.30373795e-05 0.200000003 p1 41698 8
2821 19429601 m2 3100039 -0.000111569723 0.200000003 p1 41710 8
2971 19430634 m2 3259191 -0.00122484495 0.200000003 p1 41716 8
3721 19430701 m2 4014722 -3.60327363e-07 0.200000003 p1 41716 8
62 19433062 m2 75776 -0.00292842346 0.200000003 p1 41729 8
3184 19438592 m2 3472290 -1.08571176e-05 0.200000003 p1 41761 8
1513 19438771 m2 1728326 -0.00369097339 0.200000003 p1 41762 8
1254 19441486 m2 1436410 -0.00429785624 0.200000003 p1 41777 8
4364 19444808 m2 4673153 -0.000537371729 0.200000003 p1 41795 8
3924 19446328 m2 4232876 -0.00123338366 0.200000003 p1 41804 8
507 19447207 m2 561796 -1.11955689e-08 0.200000003 p1 41809 8
2595 19449313 m2 2860596 -0.000706373423 0.200000003 p1 41821 8
2036 19450431 m2 2276198 -0.00039372145 0.200000003 p1 41827 8
1464 19450769 m2 1676315 -2.88379624e-06 0.200000003 p1 41829 8
3569 19452289 m2 3863790 -0.00241133152 0.200000003 p1 41838 8
186 19453293 m2 198268 -2.06604836e-05 0.200000003 p1 41843 8
259 19454209 m2 289772 -0.000246948213 0.200000003 p1 41848 8
4252 19456341 m2 4536606 -1.55268992e-06 0.200000003 p1 41860 8
2217 19463017 m2 2473997 -0.00310622412 0.200000003 p1 41899 8
3556 19464226 m2 3847152 -0.00754690683 0.200000003 p1 41906 8
174 19465125 m2 186850 -0.00198318763 0.200000003 p1 41911 8
2188 19469759 m2 2441072 -1.21124494e-05 0.200000003 p1 41938 8
565 19470090 m2 637012 -0.00212634797 0.200000003 p1 41940 8
1621 19470184 m2 1838174 -3.05739235e-07 0.200000003 p1 41941 8
2228 19470275 m2 2480420 -2.42604585e-07 0.200000003 p1 41942 8
4369 19471457 m2 4677867 -8.15580497e-05 0.200000003 p1 41949 8
2695 19473471 m2 2958034 -2.96235148e-09 0.200000003 p1 41961 8
3772 19473949 m2 4071509 -3.34152064e-05 0.200000003 p1 41964 8
1390 19475474 m2 1581922 -0.00248609507 0.200000003 p1 41973 8
3527 19475548 m2 3829094 -0.000564980728 0.200000003 p1 41974 8
1700 19475793 m2 1947003 -0.00038196586 0.200000003 p1 41975 8
2540 19476158 m2 2814164 -0.00305730919 0.200000003 p1 41977 8
1983 19476956 m2 2221547 -0.00670142937 0.200000003 p1 41981 8
4241 19479217 m2 4527318 -0.00174621178 0.200000003 p1 41994 8
3629 19479725 m2 3919481 -0.00428537605 0.200000003 p1 41997 8
2667 19479882 m2 2927274 -5.80551932e-05 0.200000003 p1 41998 8
1300 19480439 m2 1481675 -9.11180791e-07 0.200000003 p1 42001 8
3957 19481925 m2 4263934 -2.31575723e-06 0.200000003 p1 42010 8
4122 19486277 m2 4409106 -8.59344027e-08 0.200000003 p1 42036 8
278 19491687 m2 306247 -0.000166085782 0.200000003 p1 42068 8
954 19492422 m2 1055571 -9.54247389e-06 0.200000003 p1 42072 8
1055 19492831 m2 1168712 -0.00110093621 0.200000003 p1 42074 8
3479 19496249 m2 3772073 -0.000137746683 0.200000003 p1 42095 8
2692 19496675 m2 2953591 -0.000409671688 0.200000003 p1 42097 8
3961 19496725 m2 4266122 -3.72817776e-05 0.200000003 p1 42098 8
2644 19498414 m2 2904258 -0.00105044502 0.200000003 p1 42108 8
3164 19500101 m2 3455132 -0.00139607734 0.200000003 p1 42119 8
243 19500969 m2 272856 -0.00401629228 0.200000003 p1 42124 8
1738 19502551 m2 1974801 -0.00127372332 0.200000003 p1 42133 8
2115 19507204 m2 2355783 -6.56680686e-06 0.200000003 p1 42162 8
3707 19507930 m2 4002952 -9.73762326e-06 0.200000003 p1 42166 8
2985 19510774 m2 3271096 -3.38461234e-07 0.200000003 p1 42183 8
3688 19510996 m2 3977795 -4.3246946e-05 0.200000003 p1 42184 8
1322 19511737 m2 1507633 -2.00656713e-09 0.200000003 p1 42189 8
1266 19516669 m2 1450549 -2.85480874e-05 0.200000003 p1 42220 8
1826 19521213 m2 2067804 -1.52824123e-05 0.200000003 p1 42246 8
2575 19521248 m2 2840255 -5.42568905e-08 0.200000003 p1 42246 8
2215 19521472 m2 2472248 -0.00395790813 0.200000003 p1 42247 8
781 19524235 m2 869893 -3.18152926e-09 0.200000003 p1 42264 8
4431 19526725 m2 4754506 -0.00311304466 0.200000003 p1 42278 8
1944 19527564 m2 2184695 -0.000211143793 0.200000003 p1 42283 8
2661 19531589 m2 2917674 -0.000901273161 0.200000003 p1 42306 8
3809 19532451 m2 4096833 -0.000206783865 0.200000003 p1 42311 8
1656 19536463 m2 1890944 -2.89828313e-05 0.200000003 p1 42335 8
1909 19536859 m2 2145729 -1.46531347e-05 0.200000003 p1 42337 8
2726 19542724 m2 2990645 -0.00199455814 0.200000003 p1 42371 8
930 19545261 m2 1027416 -0.000188211998 0.200000003 p1 42386 8
3635 19549359 m2 3921888 -0.0018606534 0.200000003 p1 42410 8
55 19551090 m2 64300 -8.99140984e-10 0.200000003 p1 42421 8
3242 19552939 m2 3528537 -8.75361184e-06 0.200000003 p1 42432 8
141 19555938 m2 155632 -0.00185469363 0.200000003 p1 42450 8
2160 19559035 m2 2400285 -0.000284307083 0.200000003 p1 42469 8
339 19562325 m2 369263 -4.23733509e-05 0.200000003 p1 42489 8
3033 19564177 m2 3321437 -0.00366188353 0.200000003 p1 42500 8
3732 19564502 m2 4025254 -1.29127189e-12 0.200000003 p1 42502 8
3351 19564504 m2 3636803 -2.18016958e-05 0.200000003 p1 42502 8
115 19565267 m2 131370 -0.000118745069 0.200000003 p1 42506 8
4554 19566881 m2 4885985 -3.1563337e-05 0.200000003 p1 42516 8
1723 19569045 m2 1967505 -0.000119877644 0.200000003 p1 42529 8
549 19569894 m2 618829 -0.000411918067 0.200000003 p1 42534 8
4189 19570610 m2 4475151 -1.96834307e-07 0.200000003 p1 42539 8
276 19570856 m2 303766 -0.000694697315 0.200000003 p1 42540 8
4425 19578195 m2 4751047 -1.27741953e-06 0.200000003 p1 42582 8
4205 19586180 m2 4490129 -0.00127121806 0.200000003 p1 42631 8
1385 19586647 m2 1576479 -0.000115076939 0.200000003 p1 42633 8
3831 19587409 m2 4126048 -0.000380430458 0.200000003 p1 42638 8
1393 19591268 m2 1583916 -0.00289931428 0.200000003 p1 42662 8
1071 19592276 m2 1192049 -0.0009139303 0.200000003 p1 42668 8
4485 19593330 m2 4809850 -9.44279179e-08 0.200000003 p1 42674 8
1861 19595663 m2 2105577 -4.38416414e-08 0.200000003 p1 42689 8
3864 19597670 m2 4161476 -0.000122593905 0.200000003 p1 42701 8
1013 19598188 m2 1119676 -0.00153837143 0.200000003 p1 42704 8
763 19598382 m2 842434 -0.0017785324 0.200000003 p1 42705 8
1835 19598570 m2 2082708 -1.01674077e-05 0.200000003 p1 42706 8
4225 19598733 m2 4509239 -0.000381059595 0.200000003 p1 42707 8
2984 19599437 m2 3270782 -3.34005699e-06 0.200000003 p1 42711 8
309 19605033 m2 341781 -0.000463551813 0.200000003 p1 42744 8
1674 19605091 m2 1912177 -4.62478141e-07 0.200000003 p1 42745 8
726 19608388 m2 800699 -0.000125402919 0.200000003 p1 42765 8
609 19610255 m2 680525 -0.00021798657 0.200000003 p1 42776 8
3601 19615877 m2 3893304 -0.000273110199 0.200000003 p1 42812 8
649 19618871 m2 723657 -3.14952995e-05 0.200000003 p1 42830 8
4069 19619992 m2 4358305 -2.17901306e-05 0.200000003 p1 42837 8
1206 19624477 m2 1374490 -0.000256189349 0.200000003 p1 42865 8
282 19625937 m2 310647 -0.000767480873 0.200000003 p1 42874 8
1927 19633714 m2 2169901 -1.83934083e-06 0.200000003 p1 42922 8
2911 19635130 m2 3195866 -0.00402277336 0.200000003 p1 42931 8
1988 19636061 m2 2225257 -1.16377855e-07 0.200000003 p1 42937 8
1231 19636607 m2 1399400 -3.27670059e-05 0.200000003 p1 42941 8
4342 19637592 m2 4652935 -8.26074077e-24 0.200000003 p1 42947 8
3152 19637864 m2 3442646 -0.000339137332 0.200000003 p1 42948 8
3487 19638250 m2 3777015 -7.35783772e-07 0.200000003 p1 42951 8
3464 19643730 m2 3749657 -0.00133617583 0.200000003 p1 42986 8
4350 19647185 m2 4656048 -0.000485604774 0.200000003 p1 43007 8
2902 19650793 m2 3187080 -7.47778839e-10 0.200000003 p1 43029 8
1057 19651275 m2 1172362 -4.72019428e-06 0.200000003 p1 43032 8
644 19653376 m2 715159 -0.000208304627 0.200000003 p1 43046 8
2563 19654498 m2 2833067 -0.00634639245 0.200000003 p1 43053 8
2640 19656166 m2 2899591 -0.000139741969 0.200000003 p1 43064 8
3380 19658930 m2 3667485 -1.13863698e-05 0.200000003 p1 43081 8
271 19658999 m2 299336 -7.08851303e-07 0.200000003 p1 43082 8
909 19660182 m2 1002512 -0.000796252687 0.200000003 p1 43089 8
2725 19662383 m2 2989757 -3.79871672e-05 0.200000003 p1 43103 8
3190 19662522 m2 3477884 -1.58360472e-05 0.200000003 p1 43103 8
4198 19663556 m2 4483094 -6.94871403e-07 0.200000003 p1 43110 8
3665 19666233 m2 3954755 -0.00661581475 0.200000003 p1 43127 8
783 19667180 m2 874511 -0.000864494243 0.200000003 p1 43133 8
1831 19672298 m2 2073090 -0.000783186639 0.200000003 p1 43165 8
1502 19673024 m2 1720089 -1.15482358e-07 0.200000003 p1 43169 8
3068 19674150 m2 3361293 -0.00105360476 0.200000003 p1 43177 8
3592 19676052 m2 3886568 -0.000861979031 0.200000003 p1 43188 8
1536 19676357 m2 1748550 -0.0043839314 0.200000003 p1 43190 8
3226 19677457 m2 3509851 -4.29959582e-05 0.200000003 p1 43197 8
768 19682791 m2 850030 -0.000108979817 0.200000003 p1 43229 8
4267 19689074 m2 4555469 -1.19351489e-05 0.200000003 p1 43268 8
2524 19689206 m2 2795940 -0.000264139031 0.200000003 p1 43268 8
3774 19689743 m2 4073050 -0.00492346659 0.200000003 p1 43272 8
4515 19690641 m2 4843045 -1.12369912e-06 0.200000003 p1 43277 8
3043 19691106 m2 3326755 -2.80773133e-06 0.200000003 p1 43280 8
2843 19691171 m2 3125877 -1.92767609e-13 0.200000003 p1 43281 8
3833 19691872 m2 4127073 -0.000693769136 0.200000003 p1 43285 8
3058 19692561 m2 3344586 -0.00173451076 0.200000003 p1 43290 8
4009 19693235 m2 4310833 -0.000192680673 0.200000003 p1 43294 8
3643 19694870 m2 3930527 -0.000111089692 0.200000003 p1 43305 8
2412 19695819 m2 2671739 -1.00110146e-05 0.200000003 p1 43310 8
204 19695920 m2 225461 -4.84047632e-06 0.200000003 p1 43311 8
4559 19698158 m2 4893900 -9.98291944e-05 0.200000003 p1 43325 8
1991 19699581 m2 2231560 -0.00205189828 0.200000003 p1 43334 8
3887 19701078 m2 4188628 -0.000563493872 0.200000003 p1 43343 8
3232 19701698 m2 3515757 -0.00778686674 0.200000003 p1 43347 8
3502 19704168 m2 3792434 -5.67184225e-06 0.200000003 p1 43363 8
452 19704243 m2 498194 -8.30038871e-10 0.200000003 p1 43363 8
370 19705780 m2 406149 -0.000523547118 0.200000003 p1 43373 8
3550 19707745 m2 3842487 -0.000766802172 0.200000003 p1 43386 8
3860 19709145 m2 4158578 -0.000379140925 0.200000003 p1 43396 8
2022 19714693 m2 2257768 -1.74392578e-13 0.200000003 p1 43431 8
329 19715757 m2 362447 -2.31958329e-05 0.200000003 p1 43438 8
665 19717301 m2 741256 -2.21758123e-09 0.200000003 p1 43447 8
132 19720212 m2 148341 -0.00132433698 0.200000003 p1 43465 8
3194 19722469 m2 3483384 -2.6584481e-05 0.200000003 p1 43480 8
2080 19724616 m2 2325429 -0.000674438896 0.200000003 p1 43494 8
1603 19725596 m2 1821289 -0.00739041809 0.200000003 p1 43500 8
1476 19726398 m2 1691244 -2.16909513e-09 0.200000003 p1 43505 8
3484 19728730 m2 3775065 -0.0021483684 0.200000003 p1 43520 8
3426 19728939 m2 3709937 -7.8995788e-07 0.200000003 p1 43522 8
3947 19731295 m2 4252103 -1.98999642e-05 0.200000003 p1 43537 8
1207 19732645 m2 1377567 -0.000974083843 0.200000003 p1 43546 8
2400 19732908 m2 2661504 -1.31868845e-08 0.200000003 p1 43548 8
219 19732986 m2 237880 -6.60473161e-05 0.200000003 p1 43548 8
2031 19737344 m2 2264369 -2.35505382e-07 0.200000003 p1 43576 8
1325 19738187 m2 1510946 -4.05702083e-13 0.200000003 p1 43581 8
503 19738463 m2 556770 -9.85160659e-05 0.200000003 p1 43583 8
3042 19740798 m2 3326399 -0.000968635781 0.200000003 p1 43598 8
4175 19742450 m2 4458065 -0.0024128037 0.200000003 p1 43609 8
4043 19742482 m2 4333669 -0.00021181631 0.200000003 p1 43609 8
4248 19742551 m2 4533100 -1.33127096e-05 0.200000003 p1 43609 8
2463 19743106 m2 2728764 -6.92998728e-05 0.200000003 p1 43613 8
326 19743513 m2 359859 -0.000276394829 0.200000003 p1 43615 8
2071 19744261 m2 2316357 -0.000473653345 0.200000003 p1 43620 8
844 19744689 m2 940203 -0.000600100786 0.200000003 p1 43623 8
2501 19745668 m2 2774686 -0.0028980046 0.200000003 p1 43629 8
3096 19747751 m2 3380120 -0.000169938168 0.200000003 p1 43643 8
2846 19748407 m2 3127810 -0.00144842057 0.200000003 p1 43647 8
2096 19750516 m2 2339108 -0.00241445121 0.200000003 p1 43661 8
2344 19750644 m2 2598907 -0.000176614281 0.200000003 p1 43662 8
3795 19751890 m2 4087108 -0.00113228196 0.200000003 p1 43671 8
741 19753231 m2 814727 -0.00069371704 0.200000003 p1 43679 8
3713 19755815 m2 4010407 -8.50467131e-06 0.200000003 p1 43696 8
1712 19757353 m2 1954448 -1.83968059e-05 0.200000003 p1 43705 8
2743 19759116 m2 3011720 -2.73538117e-05 0.200000003 p1 43717 8
3794 19764650 m2 4086895 -0.000175286623 0.200000003 p1 43753 8
1534 19766986 m2 1748235 -2.52032405e-05 0.200000003 p1 43768 8
3488 19767463 m2 3777229 -0.0016382077 0.200000003 p1 43772 8
641 19768913 m2 711705 -3.80638198e-06 0.200000003 p1 43781 8
4053 19769469 m2 4345699 -0.0050228145 0.200000003 p1 43785 8
965 19771234 m2 1072622 -0.000125370367 0.200000003 p1 43796 8
3135 19772629 m2 3416971 -0.000846155803 0.200000003 p1 43806 8
1329 19773869 m2 1516455 -0.00112652977 0.200000003 p1 43814 8
1935 19775534 m2 2175007 -6.74002076e-05 0.200000003 p1 43825 8
1326 19777541 m2 1512662 -2.30596537e-08 0.200000003 p1 43839 8
823 19777972 m2 915679 -0.00653070398 0.200000003 p1 43842 8
2804 19778096 m2 3083372 -8.89893272e-07 0.200000003 p1 43843 8
4098 19779457 m2 4382912 -0.000941300066 0.200000003 p1 43852 8
4051 19784934 m2 4344116 -2.62128097e-08 0.200000003 p1 43890 8
2439 19785409 m2 2700263 -0.000263824302 0.200000003 p1 43893 8
1555 19786186 m2 1771522 -0.00250191009 0.200000003 p1 43898 8
1652 19787922 m2 1887376 -0.000122205689 0.200000003 p1 43910 8
2037 19788337 m2 2276937 -0.000257096253 0.200000003 p1 43913 8
4531 19789812 m2 4855688 -0.00716556422 0.200000003 p1 43923 8
2879 19791442 m2 3162209 -0.000255344028 0.200000003 p1 43934 8
3279 19793478 m2 3556719 -0.00641051261 0.200000003 p1 43947 8
2483 19794341 m2 2753867 -0.000354679592 0.200000003 p1 43952 8
1907 19795125 m2 2144970 -4.90540977e-08 0.200000003 p1 43958 8
96 19804160 m2 107695 -1.32116418e-06 0.200000003 p1 44018 8
433 19804161 m2 480320 -3.89128109e-05 0.200000003 p1 44018 8
2903 19804207 m2 3189229 -0.000868430478 0.200000003 p1 44019 8
2721 19806278 m2 2984539 -0.000749084225 0.200000003 p1 44032 8
2849 19810208 m2 3130762 -2.60237266e-05 0.200000003 p1 44058 8
3680 19812880 m2 3971789 -3.83371626e-05 0.200000003 p1 44075 8
6 19813983 m2 6202 -0.000235900021 0.200000003 p1 44083 8
1637 19814778 m2 1861148 -0.000874165853 0.200000003 p1 44089 8
4459 19815478 m2 4784947 -0.000194985361 0.200000003 p1 44093 8
1189 19817326 m2 1346320 -0.00154551794 0.200000003 p1 44106 8
3869 19819947 m2 4168726 -3.12080465e-06 0.200000003 p1 44124 8
3263 19820716 m2 3546552 -0.00505846599 0.200000003 p1 44129 8
2534 19820732 m2 2803947 -4.96420989e-06 0.200000003 p1 44129 8
589 19820839 m2 658392 -0.000125213657 0.200000003 p1 44130 8
1864 19826334 m2 2110765 -3.48150934e-05 0.200000003 p1 44169 8
521 19827558 m2 575774 -0.000207632329 0.200000003 p1 44177 8
1543 19828017 m2 1753343 -0.000891169533 0.200000003 p1 44180 8
2894 19828554 m2 3178417 -7.86714099e-06 0.200000003 p1 44184 8
1432 19828593 m2 1633591 -2.15869768e-05 0.200000003 p1 44184 8
97 19828802 m2 109148 -0.00813990552 0.200000003 p1 44186 8
1063 19829182 m2 1177693 -0.000206344426 0.200000003 p1 44189 8
237 19829825 m2 257514 -7.57079533e-06 0.200000003 p1 44193 8
2673 19829958 m2 2931079 -0.00104449713 0.200000003 p1 44194 8
2907 19832629 m2 3194421 -0.000466884172 0.200000003 p1 44213 8
3485 19833202 m2 3775446 -0.000193722895 0.200000003 p1 44217 8
3615 19834102 m2 3904417 -0.00047449558 0.200000003 p1 44223 8
1117 19834638 m2 1263914 -0.000167074686 0.200000003 p1 44227 8
2258 19839511 m2 2500832 -2.68972308e-05 0.200000003 p1 44261 8
3660 19840750 m2 3949740 -0.000233620973 0.200000003 p1 44269 8
3436 19846875 m2 3718059 -0.00081024057 0.200000003 p1 44313 8
3323 19849976 m2 3602393 -0.00148995861 0.200000003 p1 44334 8
3971 19850066 m2 4276315 -2.82882429e-09 0.200000003 p1 44335 8
472 19850790 m2 518150 -0.00354718952 0.200000003 p1 44340 8
2989 19853242 m2 3274010 -7.57385669e-06 0.200000003 p1 44357 8
2759 19854177 m2 3034671 -7.71672694e-06 0.200000003 p1 44363 8
2709 19854324 m2 2969509 -0.000442246906 0.200000003 p1 44364 8
3595 19855497 m2 3889158 -0.000135360999 0.200000003 p1 44372 8
3299 19856053 m2 3576988 -0.000688094588 0.200000003 p1 44376 8
2015 19856131 m2 2249505 -5.00092323e-09 0.200000003 p1 44376 8
873 19857626 m2 961638 -8.37746597e-07 0.200000003 p1 44387 8
3317 19857897 m2 3596667 -3.09680639e-13 0.200000003 p1 44389 8
617 19863864 m2 691356 -0.000543034752 0.200000003 p1 44429 8
2454 19866271 m2 2715783 -2.73486855e-09 0.200000003 p1 44446 8
2174 19867213 m2 2419179 -0.000749807921 0.200000003 p1 44453 8
390 19869475 m2 435102 -0.00184734515 0.200000003 p1 44469 8
731 19871721 m2 807617 -0.00181807589 0.200000003 p1 44485 8
1091 19874056 m2 1233777 -8.63180445e-15 0.200000003 p1 44502 8
2561 19879576 m2 2832242 -0.000764541968 0.200000003 p1 44542 8
1475 19880092 m2 1690169 -0.000779162801 0.200000003 p1 44545 8
2142 19883518 m2 2380074 -0.000973356189 0.200000003 p1 44569 8
3413 19884298 m2 3691984 -0.000195090732 0.200000003 p1 44575 8
2881 19884732 m2 3165858 -8.27965996e-05 0.200000003 p1 44578 8
4420 19885219 m2 4745275 -0.00109104032 0.200000003 p1 44582 8
1921 19885391 m2 2163262 -0.000238244305 0.200000003 p1 44584 8
1916 19885578 m2 2156965 -4.67489872e-06 0.200000003 p1 44585 8
453 19885976 m2 499855 -2.77421696e-05 0.200000003 p1 44587 8
4496 19886617 m2 4825912 -0.0145070115 0.200000003 p1 44592 8
3567 19887636 m2 3862563 -2.07638714e-05 0.200000003 p1 44599 8
1411 19888049 m2 1606372 -4.80937797e-06 0.200000003 p1 44602 8
2358 19888116 m2 2611270 -2.90804055e-05 0.200000003 p1 44602 8
2069 19889964 m2 2316034 -0.0048002135 0.200000003 p1 44615 8
4153 19890599 m2 4433810 -7.29268941e-05 0.200000003 p1 44620 8
3529 19896596 m2 3830657 -0.00538391853 0.200000003 p1 44662 8
2105 19896807 m2 2348643 -0.0018343667 0.200000003 p1 44663 8
2083 19898754 m2 2327944 -0.00848718546 0.200000003 p1 44677 8
1628 19899148 m2 1846692 -0.000207116289 0.200000003 p1 44680 8
338 19899163 m2 369133 -0.00154369185 0.200000003 p1 44680 8
3285 19899360 m2 3562332 -1.34150546e-09 0.200000003 p1 44681 8
1901 19899470 m2 2140744 -0.000234413747 0.200000003 p1 44682 8
928 19900811 m2 1024777 -2.08630772e-05 0.200000003 p1 44692 8
2875 19900842 m2 3158896 -0.00124407292 0.200000003 p1 44692 8
3661 19901612 m2 3950279 -0.000157118397 0.200000003 p1 44697 8
1511 19902649 m2 1725424 -0.000442337274 0.200000003 p1 44705 8
4140 19905220 m2 4425920 -0.000692996313 0.200000003 p1 44722 8
3755 19909065 m2 4055983 -3.21635162e-05 0.200000003 p1 44750 8
4319 19912079 m2 4626588 -1.18030766e-05 0.200000003 p1 44771 8
3524 19912815 m2 3818669 -0.00039357529 0.200000003 p1 44777 8
1577 19915252 m2 1796233 -0.00020655815 0.200000003 p1 44794 8
2577 19915357 m2 2842781 -1.43463262e-06 0.200000003 p1 44795 8
1614 19916744 m2 1834110 -0.00152817229 0.200000003 p1 44806 8
2056 19918324 m2 2306146 -6.62669351e-08 0.200000003 p1 44817 8
934 19919304 m2 1031899 -0.000708822045 0.200000003 p1 44825 8
836 19920235 m2 933014 -0.00017330097 0.200000003 p1 44831 8
4494 19921146 m2 4820446 -1.23009122e-05 0.200000003 p1 44838 8
2533 19923425 m2 2803916 -1.12958662e-06 0.200000003 p1 44855 8
3031 19923456 m2 3320380 -1.2899096e-05 0.200000003 p1 44855 8
4200 19927260 m2 4484555 -0.00124338176 0.200000003 p1 44884 8
2044 19928522 m2 2287914 -5.2229822e-12 0.200000003 p1 44893 8
4464 19928958 m2 4788726 -0.00202408433 0.200000003 p1 44896 8
2921 19929125 m2 3204835 -0.0016951646 0.200000003 p1 44897 8
2528 19929805 m2 2797122 -0.000567459385 0.200000003 p1 44903 8
2401 19930379 m2 2661744 -4.08365522e-05 0.200000003 p1 44907 8
559 19933437 m2 627661 -0.00136440888 0.200000003 p1 44930 8
2465 19934083 m2 2729955 -3.08342865e-11 0.200000003 p1 44934 8
1787 19935333 m2 2035134 -2.66432216e-05 0.200000003 p1 44943 8
3475 19936421 m2 3766536 -1.31450734e-05 0.200000003 p1 44952 8
3233 19937938 m2 3516251 -0.000218915899 0.200000003 p1 44963 8
3521 19938392 m2 3810401 -0.000334409095 0.200000003 p1 44966 8
4239 19938459 m2 4522263 -0.00569860218 0.200000003 p1 44967 8
2095 19938818 m2 2338506 -0.000174783359 0.200000003 p1 44970 8
4033 19940241 m2 4324470 -1.2789932e-05 0.200000003 p1 44980 8
802 19941329 m2 899335 -2.53193957e-06 0.200000003 p1 44987 8
1940 19941451 m2 2178028 -0.00403707614 0.200000003 p1 44988 8
708 19942065 m2 782402 -0.0020845558 0.200000003 p1 44993 8
2940 19942454 m2 3223203 -5.03619976e-12 0.200000003 p1 44996 8
535 19944025 m2 595136 -1.05659656e-05 0.200000003 p1 45008 8
314 19945888 m2 344507 -0.00210333243 0.200000003 p1 45022 8
3953 19949375 m2 4257885 -0.000617468206 0.200000003 p1 45048 8
2893 19951915 m2 3177667 -3.56024884e-06 0.200000003 p1 45066 8
3197 19952364 m2 3484807 -0.00237224274 0.200000003 p1 45070 8
3619 19954150 m2 3906605 -0.000105208157 0.200000003 p1 45084 8
2892 19959712 m2 3177244 -6.966816e-05 0.200000003 p1 45125 8
730 19959879 m2 806892 -4.13693613e-07 0.200000003 p1 45127 8
2057 19960004 m2 2306425 -2.24399701e-05 0.200000003 p1 45128 8
767 19960181 m2 848183 -1.50563622e-07 0.200000003 p1 45129 8
4636 19961303 m2 4972386 -1.30864973e-05 0.200000003 p1 45137 8
4430 19963790 m2 4753528 -4.68827785e-08 0.200000003 p1 45156 8
4475 19964828 m2 4795522 -1.34572601e-05 0.200000003 p1 45164 8
707 19965663 m2 779731 -1.84026561e-07 0.200000003 p1 45170 8
3910 19966166 m2 4209660 -0.00176591636 0.200000003 p1 45174 8
3471 19967876 m2 3760150 -0.000574304257 0.200000003 p1 45187 8
2790 19969032 m2 3071087 -5.44715277e-08 0.200000003 p1 45196 8
1009 19969431 m2 1115131 -0.0011482978 0.200000003 p1 45199 8
1120 19970096 m2 1267904 -0.00162192434 0.200000003 p1 45204 8
2233 19970330 m2 2485384 -0.00065265462 0.200000003 p1 45205 8
653 19970891 m2 727828 -0.00668154564 0.200000003 p1 45209 8
621 19971393 m2 694062 -2.70548735e-05 0.200000003 p1 45214 8
4595 19971456 m2 4936607 -0.000139462354 0.200000003 p1 45214 8
3107 19973635 m2 3388900 -0.00358299469 0.200000003 p1 45231 8
990 19974155 m2 1096432 -3.61675191e-15 0.200000003 p1 45235 8
612 19974603 m2 687836 -6.8001068e-06 0.200000003 p1 45239 8
3875 19976679 m2 4177516 -1.12902943e-09 0.200000003 p1 45254 8
3492 19976719 m2 3778657 -4.94980043e-07 0.200000003 p1 45255 8
1275 19978870 m2 1454875 -0.00617639674 0.200000003 p1 45271 8
1858 19979078 m2 2103260 -1.25044156e-10 0.200000003 p1 45272 8
2092 19979640 m2 2335212 -1.11964061e-06 0.200000003 p1 45277 8
2017 19981076 m2 2252354 -0.00379083562 0.200000003 p1 45288 8
572 19984911 m2 644939 -1.72847012e-06 0.200000003 p1 45317 8
958 19985321 m2 1061421 -0.00100218272 0.200000003 p1 45321 8
4399 19986019 m2 4724196 -1.71237243e-05 0.200000003 p1 45326 8
4398 19987518 m2 4723516 -3.68439373e-06 0.200000003 p1 45338 8
772 19987817 m2 855277 -0.00306314928 0.200000003 p1 45340 8
2945 19987996 m2 3225453 -0.00489297556 0.200000003 p1 45341 8
2408 19988282 m2 2668555 -7.1963681e-05 0.200000003 p1 45343 8
941 19992271 m2 1045920 -0.000927154848 0.200000003 p1 45374 8
379 19992883 m2 421219 -8.66020127e-06 0.200000003 p1 45378 8
4343 19993549 m2 4652987 -5.36747564e-07 0.200000003 p1 45383 8
1196 19995837 m2 1359647 -1.76156937e-06 0.200000003 p1 45401 8
99 19996325 m2 113498 -1.56886813e-06 0.200000003 p1 45405 8
514 20000905 m2 567333 -0.00146701338 0.200000003 p1 45440 8
4078 20003657 m2 4365963 -2.421516e-05 0.200000003 p1 45461 8
4243 20004834 m2 4530051 -0.00130456686 0.200000003 p1 45470 8
2898 20005230 m2 3182823 -0.000324901164 0.200000003 p1 45473 8
1843 20005487 m2 2089546 -1.30894487e-05 0.200000003 p1 45476 8
4263 20006934 m2 4550747 -7.72309716e-11 0.200000003 p1 45487 8
1058 20007977 m2 1172516 -0.000505945587 0.200000003 p1 45495 8
4161 20008236 m2 4442496 -1.01514706e-06 0.200000003 p1 45497 8
1178 20008916 m2 1327448 -0.000341346982 0.200000003 p1 45502 8
2678 20009549 m2 2936657 -0.000835327024 0.200000003 p1 45507 8
1670 20009707 m2 1910095 -4.14200429e-07 0.200000003 p1 45508 8
1567 20012558 m2 1789038 -1.63934976e-06 0.200000003 p1 45530 8
4584 20013810 m2 4920457 -0.00342897256 0.200000003 p1 45540 8
1233 20014688 m2 1399727 -1.52093917e-05 0.200000003 p1 45546 8
2371 20015507 m2 2633073 -1.25382076e-06 0.200000003 p1 45552 8
3518 20015875 m2 3807475 -0.00021247119 0.200000003 p1 45555 8
2385 20016679 m2 2645360 -0.00224724598 0.200000003 p1 45562 8
4549 20020221 m2 4880253 -6.66791129e-06 0.200000003 p1 45590 8
1860 20020259 m2 2105010 -0.000621431042 0.200000003 p1 45590 8
4605 20022660 m2 4944986 -1.47732299e-05 0.200000003 p1 45607 8
4194 20024079 m2 4477936 -0.00603732327 0.200000003 p1 45618 8
439 20024309 m2 485234 -0.00136998866 0.200000003 p1 45619 8
4590 20024670 m2 4925208 -0.000237169443 0.200000003 p1 45622 8
2603 20026468 m2 2864011 -2.98291179e-05 0.200000003 p1 45635 8
4231 20027143 m2 4516694 -0.00409036782 0.200000003 p1 45640 8
1589 20028022 m2 1811061 -4.01352627e-05 0.200000003 p1 45647 8
3446 20029251 m2 3728539 -0.000373013114 0.200000003 p1 45656 8
1602 20030442 m2 1820749 -8.66396513e-05 0.200000003 p1 45666 8
645 20032177 m2 717493 -6.78398646e-05 0.200000003 p1 45679 8
4348 20032507 m2 4655863 -3.90616296e-05 0.200000003 p1 45681 8
4038 20034145 m2 4327187 -2.08357385e-08 0.200000003 p1 45694 8
261 20036472 m2 290737 -0.00482165627 0.200000003 p1 45712 8
2075 20036982 m2 2319219 -0.00414318591 0.200000003 p1 45716 8
1706 20037590 m2 1950134 -2.56932635e-11 0.200000003 p1 45721 8
1972 20037628 m2 2210935 -2.25302821e-09 0.200000003 p1 45721 8
2154 20038042 m2 2390531 -8.33380982e-05 0.200000003 p1 45724 8
2346 20038922 m2 2599757 -0.000832143822 0.200000003 p1 45731 8
3452 20040082 m2 3731660 -6.59225771e-05 0.200000003 p1 45740 8
1358 20040146 m2 1544929 -1.3773645e-07 0.200000003 p1 45740 8
1197 20041396 m2 1360406 -0.00131445716 0.200000003 p1 45750 8
865 20044139 m2 955716 -2.18550884e-08 0.200000003 p1 45770 8
2554 20046904 m2 2829437 -1.15964149e-05 0.200000003 p1 45791 8
733 20048094 m2 809022 -0.000798136229 0.200000003 p1 45801 8
494 20048799 m2 546246 -5.56933537e-06 0.200000003 p1 45806 8
1007 20050614 m2 1113754 -0.000109927074 0.200000003 p1 45820 8
4257 20051253 m2 4544547 -3.63339609e-06 0.200000003 p1 45825 8
3791 20054395 m2 4086158 -1.25716151e-05 0.200000003 p1 45850 8
1717 20056477 m2 1960276 -0.00266792066 0.200000003 p1 45866 8
3027 20057257 m2 3317048 -0.00140689372 0.200000003 p1 45872 8
2884 20059170 m2 3169924 -9.61941623e-06 0.200000003 p1 45886 8
4035 20059396 m2 4325296 -0.00020448993 0.200000003 p1 45887 8
3718 20061345 m2 4012705 -1.72695509e-05 0.200000003 p1 45902 8
3035 20061420 m2 3322625 -0.000372901239 0.200000003 p1 45903 8
1662 20061529 m2 1898713 -0.00319859548 0.200000003 p1 45904 8
1846 20061676 m2 2093126 -0.00258275284 0.200000003 p1 45905 8
2329 20063523 m2 2579153 -2.61868499e-05 0.200000003 p1 45919 8
3428 20063828 m2 3711243 -1.38494215e-07 0.200000003 p1 45922 8
580 20064001 m2 649093 -0.00117484352 0.200000003 p1 45924 8
1955 20064601 m2 2191276 -0.000816622167 0.200000003 p1 45928 8
418 20066155 m2 466996 -0.00140964892 0.200000003 p1 45941 8
3695 20069840 m2 3985452 -0.00398203498 0.200000003 p1 45970 8
2365 20070100 m2 2622547 -3.00946112e-08 0.200000003 p1 45972 8
3671 20071908 m2 3961120 -0.00486689433 0.200000003 p1 45987 8
3589 20076094 m2 3881823 -6.07476431e-06 0.200000003 p1 46021 8
156 20077517 m2 170455 -0.00111585972 0.200000003 p1 46032 8
184 20079083 m2 192598 -0.000355957018 0.200000003 p1 46045 8
4091 20079212 m2 4374872 -1.80438331e-09 0.200000003 p1 46046 8
840 20081326 m2 933799 -2.86109334e-05 0.200000003 p1 46063 8
2247 20083469 m2 2493381 -0.000301311782 0.200000003 p1 46080 8
821 20083639 m2 914112 -1.62617617e-08 0.200000003 p1 46082 8
2724 20084360 m2 2989556 -0.00374606694 0.200000003 p1 46087 8
3246 20084706 m2 3535145 -0.00450036535 0.200000003 p1 46090 8
4640 20084808 m2 4977346 -0.00114535785 0.200000003 p1 46090 8
1837 20085792 m2 2085289 -2.68859148e-05 0.200000003 p1 46099 8
440 20086574 m2 490324 -4.04995404e-07 0.200000003 p1 46104 8
1315 20089636 m2 1500439 -6.5835458e-08 0.200000003 p1 46129 8
4438 20090210 m2 4761229 -0.000761995674 0.200000003 p1 46133 8
4432 20094401 m2 4754704 -7.57129499e-07 0.200000003 p1 46166 8
3359 20095828 m2 3645907 -0.00926416926 0.200000003 p1 46178 8
2980 20097111 m2 3267384 -6.85098348e-05 0.200000003 p1 46188 8
1608 20097404 m2 1828569 -2.93147623e-05 0.200000003 p1 46190 8
4561 20097644 m2 4897615 -0.000814304629 0.200000003 p1 46192 8
2613 20098121 m2 2873378 -9.51562906e-05 0.200000003 p1 46196 8
4527 20098151 m2 4851114 -4.4993747e-05 0.200000003 p1 46196 8
1477 20098597 m2 1691343 -0.00208642054 0.200000003 p1 46200 8
226 20099142 m2 249084 -5.46189902e-08 0.200000003 p1 46204 8
1923 20099798 m2 2166005 -0.00108849211 0.200000003 p1 46210 8
2447 20099972 m2 2708686 -0.00411718851 0.200000003 p1 46211 8
713 20100142 m2 787365 -0.000323474727 0.200000003 p1 46212 8
2801 20102263 m2 3081163 -2.15674372e-05 0.200000003 p1 46231 8
1911 20102736 m2 2152125 -0.00425584754 0.200000003 p1 46235 8
7 20103176 m2 7176 -0.0037285618 0.200000003 p1 46239 8
1523 20103288 m2 1738701 -1.74186735e-05 0.200000003 p1 46240 8
4056 20109178 m2 4347451 -1.82202439e-05 0.200000003 p1 46290 8
2448 20111950 m2 2711104 -0.00112064974 0.200000003 p1 46314 8
1037 20112236 m2 1149480 -0.00370344613 0.200000003 p1 46316 8
3691 20112507 m2 3981610 -0.0022210232 0.200000003 p1 46319 8
1230 20113633 m2 1398629 -0.00036916812 0.200000003 p1 46329 8
2381 20114058 m2 2640883 -3.26077895e-07 0.200000003 p1 46333 8
208 20115234 m2 227660 -1.1145059e-05 0.200000003 p1 46343 8
1847 20115240 m2 2094009 -4.67809798e-07 0.200000003 p1 46343 8
2161 20115266 m2 2401015 -3.61347996e-13 0.200000003 p1 46343 8
4540 20115406 m2 4873872 -1.23400905e-05 0.200000003 p1 46344 8
4542 20116894 m2 4876683 -0.00224674377 0.200000003 p1 46357 8
2236 20118636 m2 2486311 -0.00288606342 0.200000003 p1 46371 8
3836 20119133 m2 4133125 -0.00606913446 0.200000003 p1 46375 8
1041 20119259 m2 1150868 -3.58833674e-09 0.200000003 p1 46376 8
1313 20119748 m2 1498871 -0.000126025043 0.200000003 p1 46380 8
1783 20120356 m2 2030593 -0.00228692126 0.200000003 p1 46386 8
2024 20120924 m2 2258933 -0.0016412508 0.200000003 p1 46391 8
1097 20122820 m2 1239530 -2.10809408e-12 0.200000003 p1 46408 8
751 20125086 m2 832981 -0.000359869475 0.200000003 p1 46427 8
525 20127297 m2 579525 -0.000916107034 0.200000003 p1 46446 8
359 20128130 m2 387758 -1.8566227e-06 0.200000003 p1 46454 8
4524 20128244 m2 4849462 -7.10277082e-09 0.200000003 p1 46455 8
2880 20128285 m2 3162716 -1.30384178e-05 0.200000003 p1 46455 8
2642 20128650 m2 2900852 -0.00127410761 0.200000003 p1 46458 8
3901 20129628 m2 4199719 -0.000932526309 0.200000003 p1 46466 8
3110 20129670 m2 3389833 -6.74160106e-08 0.200000003 p1 46467 8
883 20130173 m2 971735 -7.34934957e-08 0.200000003 p1 46471 8
4632 20131901 m2 4966660 -0.00175708928 0.200000003 p1 46486 8
1087 20131910 m2 1221902 -0.000270928867 0.200000003 p1 46487 8
1469 20132216 m2 1683863 -1.08180411e-05 0.200000003 p1 46489 8
2293 20132905 m2 2539761 -0.000261008623 0.200000003 p1 46495 8
3451 20133702 m2 3731529 -4.08484965e-07 0.200000003 p1 46502 8
4421 20134549 m2 4747695 -1.51746353e-05 0.200000003 p1 46509 8
3324 20137069 m2 3603060 -0.000589445117 0.200000003 p1 46532 8
3216 20137121 m2 3504456 -3.50436153e-06 0.200000003 p1 46532 8
1429 20137531 m2 1627232 -0.000155542773 0.200000003 p1 46536 8
2677 20137985 m2 2935781 -1.02910235e-05 0.200000003 p1 46540 8
1829 20138672 m2 2072589 -3.9105289e-05 0.200000003 p1 46546 8
2435 20139098 m2 2698226 -0.00259644026 0.200000003 p1 46550 8
4221 20140526 m2 4505931 -0.000282345165 0.200000003 p1 46564 8
3303 20141121 m2 3578711 -3.91285766e-06 0.200000003 p1 46569 8
2956 20142548 m2 3241541 -0.000151444809 0.200000003 p1 46582 8
829 20143933 m2 923891 -0.000614506251 0.200000003 p1 46594 8
2330 20144473 m2 2580076 -2.51271194e-05 0.200000003 p1 46599 8
2209 20145942 m2 2460758 -6.05144805e-06 0.200000003 p1 46612 8
304 20149203 m2 336316 -0.00169099413 0.200000003 p1 46642 8
3422 20149777 m2 3704592 -0.000117428062 0.200000003 p1 46647 8
4503 20153889 m2 4832964 -0.00054431695 0.200000003 p1 46684 8
2787 20155105 m2 3067293 -0.000147855942 0.200000003 p1 46695 8
1515 20156188 m2 1732405 -0.000431487511 0.200000003 p1 46704 8
2082 20156486 m2 2326562 -0.00181075034 0.200000003 p1 46707 8
2537 20157039 m2 2808763 -0.000301590218 0.200000003 p1 46712 8
4282 20157354 m2 4570340 -0.000510302663 0.200000003 p1 46715 8
3356 20158060 m2 3641901 -1.39723875e-06 0.200000003 p1 46722 8
3916 20160965 m2 4217085 -2.43784525e-05 0.200000003 p1 46750 8
4627 20161107 m2 4963298 -0.0023194747 0.200000003 p1 46751 8
480 20163403 m2 529102 -0.000607201247 0.200000003 p1 46772 8
587 20167495 m2 655202 -2.01448838e-05 0.200000003 p1 46809 8
3450 20168041 m2 3730233 -1.2681802e-06 0.200000003 p1 46814 8
3813 20168396 m2 4103406 -0.00725154346 0.200000003 p1 46817 8
1059 20170257 m2 1174308 -0.00763541972 0.200000003 p1 46833 8
1749 20170779 m2 1981989 -9.59191038e-06 0.200000003 p1 46838 8
456 20171368 m2 502382 -1.09097925e-06 0.200000003 p1 46843 8
2594 20173328 m2 2860464 -4.53239227e-06 0.200000003 p1 46861 8
3442 20174742 m2 3724307 -1.7181992e-05 0.200000003 p1 46873 8
937 20175934 m2 1039647 -0.0063542705 0.200000003 p1 46884 8
640 20178157 m2 710955 -0.00150818971 0.200000003 p1 46903 8
1453 20178544 m2 1665397 -0.000126631756 0.200000003 p1 46906 8
710 20180949 m2 783973 -5.78164836e-05 0.200000003 p1 46928 8
4328 20181270 m2 4639428 -0.000238249137 0.200000003 p1 46931 8
3775 20181622 m2 4073244 -0.000287189265 0.200000003 p1 46934 8
3064 20183709 m2 3356738 -1.36282088e-08 0.200000003 p1 46953 8
2997 20183797 m2 3284120 -0.000283290807 0.200000003 p1 46954 8
9 20184207 m2 8737 -0.000998543692 0.200000003 p1 46958 8
898 20184295 m2 991800 -0.00228569075 0.200000003 p1 46958 8
2861 20184920 m2 3148264 -0.00168386404 0.200000003 p1 46964 8
4273 20185375 m2 4561744 -1.07247985e-07 0.200000003 p1 46968 8
1885 20188727 m2 2130089 -2.26678676e-05 0.200000003 p1 46998 8
2868 20188748 m2 3152306 -0.0102433041 0.200000003 p1 46998 8
546 20191270 m2 611976 -0.000108227832 0.200000003 p1 47021 8
3420 20193503 m2 3702888 -0.00103008992 0.200000003 p1 47040 8
3089 20193691 m2 3375414 -0.000799993461 0.200000003 p1 47042 8
622 20194507 m2 695974 -5.25563628e-05 0.200000003 p1 47051 8
2100 20196732 m2 2343347 -0.000332672411 0.200000003 p1 47071 8
3693 20196759 m2 3984005 -1.64167013e-05 0.200000003 p1 47072 8
2992 20196873 m2 3278973 -0.00107729458 0.200000003 p1 47073 8
3955 20196918 m2 4261512 -0.00422520749 0.200000003 p1 47073 8
3662 20197991 m2 3951667 -0.000826066709 0.200000003 p1 47083 8
3977 20198710 m2 4281687 -1.60492546e-05 0.200000003 p1 47090 8
1239 20199926 m2 1407238 -1.86657576e-06 0.200000003 p1 47102 8
172 20200173 m2 185822 -1.26334874e-06 0.200000003 p1 47104 8
3100 20200236 m2 3381844 -4.90063439e-06 0.200000003 p1 47105 8
1339 20200449 m2 1526259 -2.55997056e-05 0.200000003 p1 47107 8
4104 20201459 m2 4386724 -0.00762901502 0.200000003 p1 47116 8
3913 20201832 m2 4213465 -0.00104342948 0.200000003 p1 47120 8
3341 20203111 m2 3627660 -5.47348463e-06 0.200000003 p1 47131 8
2986 20203429 m2 3272791 -5.68571741e-05 0.200000003 p1 47134 8
2736 20205772 m2 3006339 -0.00104179257 0.200000003 p1 47156 8
4341 20207085 m2 4652915 -6.2569663e-05 0.200000003 p1 47169 8
450 20209207 m2 495877 -0.00566122914 0.200000003 p1 47189 8
4128 20209431 m2 4413704 -1.89203581e-06 0.200000003 p1 47191 8
2495 20209655 m2 2765456 -2.97802603e-06 0.200000003 p1 47193 8
3273 20209695 m2 3552849 -0.000175599649 0.200000003 p1 47194 8
4661 20212287 m2 4997911 -0.000107902109 0.200000003 p1 47218 8
1560 20212780 m2 1782527 -0.0129927965 0.200000003 p1 47223 8
3697 20213544 m2 3990191 -0.000263768627 0.200000003 p1 47230 8
1630 20214956 m2 1850900 -0.017139433 0.200000003 p1 47244 8
1594 20216137 m2 1815719 -0.0103156976 0.200000003 p1 47256 8
1005 20216642 m2 1106152 -6.21929885e-09 0.200000003 p1 47261 8
2624 20218551 m2 2882362 -0.00045549529 0.200000003 p1 47279 8
3948 20219046 m2 4253412 -0.000672924274 0.200000003 p1 47283 8
1173 20219902 m2 1321791 -0.000280737644 0.200000003 p1 47292 8
1947 20219904 m2 2188122 -1.26116895e-08 0.200000003 p1 47292 8
3674 20221464 m2 3963853 -0.000194206805 0.200000003 p1 47308 8
355 20221902 m2 383625 -9.82513981e-08 0.200000003 p1 47311 8
1768 20226772 m2 2017147 -0.00260351226 0.200000003 p1 47359 8
422 20227074 m2 468840 -0.000341239152 0.200000003 p1 47361 8
4385 20228614 m2 4702359 -8.46773328e-05 0.200000003 p1 47376 8
1866 20228887 m2 2112794 -0.000456620153 0.200000003 p1 47379 8
628 20228888 m2 698578 -0.00262132497 0.200000003 p1 47379 8
1508 20229492 m2 1723725 -0.00135735027 0.200000003 p1 47384 8
1148 20229612 m2 1295744 -0.00145966245 0.200000003 p1 47385 8
4469 20230386 m2 4791367 -0.000836653926 0.200000003 p1 47393 8
1056 20230421 m2 1171069 -0.00335567934 0.200000003 p1 47393 8
4546 20231604 m2 4878072 -2.51328383e-05 0.200000003 p1 47405 8
4439 20231709 m2 4761682 -0.0022709968 0.200000003 p1 47406 8
2195 20232325 m2 2447169 -2.08583062e-09 0.200000003 p1 47412 8
757 20232413 m2 835845 -4.02929516e-07 0.200000003 p1 47413 8
445 20232652 m2 493811 -1.67304006e-06 0.200000003 p1 47415 8
4474 20233649 m2 4795053 -0.00165998179 0.200000003 p1 47425 8
4423 20233783 m2 4749038 -0.00020000129 0.200000003 p1 47426 8
4045 20234501 m2 4336154 -0.000787680852 0.200000003 p1 47433 8
454 20234778 m2 500812 -0.00010728764 0.200000003 p1 47436 8
2605 20235294 m2 2864456 -0.0124893598 0.200000003 p1 47441 8
3139 20235730 m2 3430928 -3.69306622e-06 0.200000003 p1 47446 8
481 20235943 m2 529363 -0.00486471318 0.200000003 p1 47448 8
1137 20236053 m2 1285405 -0.00103175198 0.200000003 p1 47449 8
1219 20236054 m2 1391814 -0.000456412556 0.200000003 p1 47449 8
1633 20236084 m2 1854117 -6.0362928e-09 0.200000003 p1 47449 8
3507 20236813 m2 3798956 -0.000124193903 0.200000003 p1 47456 8
2646 20241296 m2 2905077 -2.12433582e-09 0.200000003 p1 47501 8
1205 20242650 m2 1374253 -0.000435684546 0.200000003 p1 47514 8
4330 20243626 m2 4643016 -0.000990297063 0.200000003 p1 47525 8
3472 20243825 m2 3761136 -0.000312037999 0.200000003 p1 47527 8
4435 20246943 m2 4758952 -4.83898566e-13 0.200000003 p1 47559 8
2834 20249036 m2 3114041 -0.000133360183 0.200000003 p1 47581 8
3906 20249428 m2 4205012 -0.00152221764 0.200000003 p1 47585 8
1342 20252700 m2 1531874 -1.38080225e-06 0.200000003 p1 47620 8
694 20253822 m2 764975 -0.000262973073 0.200000003 p1 47632 8
1797 20254418 m2 2039647 -0.00279991771 0.200000003 p1 47638 8
1571 20255725 m2 1790896 -7.40579999e-05 0.200000003 p1 47653 8
4077 20256513 m2 4365830 -1.76795456e-05 0.200000003 p1 47661 8
1304 20257095 m2 1488629 -0.00545722479 0.200000003 p1 47667 8
949 20257096 m2 1050068 -7.78676258e-05 0.200000003 p1 47667 8
2260 20257711 m2 2502220 -0.00489225658 0.200000003 p1 47673 8
4228 20257898 m2 4515133 -0.000600037049 0.200000003 p1 47675 8
2314 20258484 m2 2566764 -1.46928915e-06 0.200000003 p1 47681 8
2556 20259899 m2 2830116 -2.3644996e-05 0.200000003 p1 47696 8
3625 20260476 m2 3913141 -3.2746284e-05 0.200000003 p1 47702 8
496 20264169 m2 549266 -1.69888926e-06 0.200000003 p1 47743 8
1720 20265246 m2 1964277 -5.56483465e-05 0.200000003 p1 47754 8
1587 20265339 m2 1809148 -0.00167076662 0.200000003 p1 47755 8
544 20265680 m2 611251 -0.0012873332 0.200000003 p1 47759 8
2420 20266403 m2 2680089 -8.31155048e-05 0.200000003 p1 47767 8
3179 20266413 m2 3468490 -0.000280395529 0.200000003 p1 47767 8
3771 20267006 m2 4069506 -0.0012639109 0.200000003 p1 47774 8
2425 20270122 m2 2684882 -0.000185924262 0.200000003 p1 47807 8
613 20271072 m2 688697 -3.64393563e-05 0.200000003 p1 47817 8
2811 20271408 m2 3088273 -0.000328867871 0.200000003 p1 47821 8
4331 20272314 m2 4643164 -0.0153429657 0.200000003 p1 47831 8
2712 20273311 m2 2973287 -0.0011692004 0.200000003 p1 47841 8
4363 20273313 m2 4671347 -7.35493086e-05 0.200000003 p1 47841 8
1344 20273686 m2 1532899 -2.40134432e-05 0.200000003 p1 47844 8
2809 20274669 m2 3088066 -0.00712922635 0.200000003 p1 47854 8
2180 20277402 m2 2430079 -0.000170923508 0.200000003 p1 47882 8
3402 20277469 m2 3684304 -0.00582840992 0.200000003 p1 47882 8
1796 20277696 m2 2038576 -6.20878245e-06 0.200000003 p1 47885 8
2067 20278486 m2 2313338 -0.00272128452 0.200000003 p1 47893 8
2763 20278510 m2 3038445 -1.17832819e-07 0.200000003 p1 47893 8
810 20278550 m2 904610 -1.09046068e-05 0.200000003 p1 47893 8
3597 20279646 m2 3890031 -0.00803508796 0.200000003 p1 47904 8
1216 20280442 m2 1386150 -0.000115647643 0.200000003 p1 47912 8
4498 20280633 m2 4828740 -6.5540944e-06 0.200000003 p1 47914 8
604 20281587 m2 676390 -0.00773726031 0.200000003 p1 47924 8
295 20282984 m2 328466 -5.51008598e-05 0.200000003 p1 47938 8
383 20283623 m2 424874 -0.0120149869 0.200000003 p1 47945 8
373 20283767 m2 407673 -0.00618744316 0.200000003 p1 47946 8
892 20285936 m2 983783 -0.000286863156 0.200000003 p1 47968 8
3201 20287526 m2 3491058 -0.000914831122 0.200000003 p1 47985 8
4025 20287617 m2 4322309 -0.000362293766 0.200000003 p1 47986 8
3282 20287682 m2 3560089 -0.00407212321 0.200000003 p1 47987 8
698 20288133 m2 771178 -0.00894556567 0.200000003 p1 47991 8
1570 20290035 m2 1789630 -0.000835776678 0.200000003 p1 48010 8
2587 20291608 m2 2854590 -3.94451451e-11 0.200000003 p1 48026 8
3443 20292266 m2 3725629 -0.00350976991 0.200000003 p1 48033 8
372 20293001 m2 406819 -0.000287113362 0.200000003 p1 48041 8
3093 20293334 m2 3377816 -0.00934905093 0.200000003 p1 48045 8
69 20293478 m2 83411 -1.01023916e-05 0.200000003 p1 48047 8
1332 20294409 m2 1517993 -0.00388877536 0.200000003 p1 48057 8
322 20295267 m2 352853 -8.85334084e-05 0.200000003 p1 48066 8
2193 20296776 m2 2444978 -9.71353293e-05 0.200000003 p1 48082 8
3462 20297503 m2 3746404 -0.000326904352 0.200000003 p1 48091 8
4121 20297832 m2 4408367 -0.00140269927 0.200000003 p1 48094 8
3092 20297838 m2 3377279 -5.15503125e-05 0.200000003 p1 48094 8
1516 20298622 m2 1732428 -5.04919226e-05 0.200000003 p1 48102 8
2626 20300253 m2 2886584 -0.00379469013 0.200000003 p1 48120 8
133 20300362 m2 148411 -0.000102634353 0.200000003 p1 48121 8
4259 20301450 m2 4545460 -0.00103082263 0.200000003 p1 48134 8
4401 20301852 m2 4726012 -0.000514227839 0.200000003 p1 48138 8
1019 20302719 m2 1127512 -0.000284450594 0.200000003 p1 48147 8
4387 20304268 m2 4706396 -0.000169564053 0.200000003 p1 48164 8
4509 20306512 m2 4838223 -0.000471117062 0.200000003 p1 48188 8
3617 20306852 m2 3906051 -0.00111123663 0.200000003 p1 48192 8
875 20306856 m2 962487 -4.39256702e-08 0.200000003 p1 48192 8
4452 20307175 m2 4777267 -0.0183591601 0.200000003 p1 48195 8
1032 20307985 m2 1145463 -0.00315596 0.200000003 p1 48204 8
2891 20308773 m2 3177217 -0.00137422036 0.200000003 p1 48212 8
4442 20308824 m2 4763587 -4.66123174e-06 0.200000003 p1 48213 8
3739 20310534 m2 4032104 -1.91632917e-05 0.200000003 p1 48232 8
3587 20311113 m2 3880107 -0.00102093455 0.200000003 p1 48238 8
4210 20311292 m2 4493716 -0.00096477702 0.200000003 p1 48240 8
1006 20311968 m2 1108084 -4.02154257e-07 0.200000003 p1 48248 8
1726 20312351 m2 1967724 -0.00672832178 0.200000003 p1 48252 8
4523 20313272 m2 4849096 -0.00980605558 0.200000003 p1 48262 8
988 20313609 m2 1094545 -1.36990184e-06 0.200000003 p1 48266 8
284 20314217 m2 312938 -7.94415246e-05 0.200000003 p1 48272 8
3318 20314284 m2 3597805 -0.00016462295 0.200000003 p1 48273 8
3131 20314967 m2 3413893 -0.00234306324 0.200000003 p1 48281 8
3894 20316972 m2 4194966 -0.000173984561 0.200000003 p1 48303 8
4250 20317171 m2 4534736 -0.00872387737 0.200000003 p1 48305 8
14 20318368 m2 14058 -0.000245323725 0.200000003 p1 48318 8
4095 20319293 m2 4378686 -0.000299540785 0.200000003 p1 48330 8
918 20319516 m2 1011208 -0.000306904374 0.200000003 p1 48333 8
716 20320418 m2 793190 -0.00197294168 0.200000003 p1 48344 8
3525 20320577 m2 3820471 -2.71808659e-10 0.200000003 p1 48345 8
4309 20321035 m2 4612201 -1.75729638e-05 0.200000003 p1 48351 8
81 20321614 m2 94610 -5.2627798e-12 0.200000003 p1 48358 8
2306 20322265 m2 2554796 -0.000114938979 0.200000003 p1 48366 8
404 20323355 m2 448872 -0.000601605454 0.200000003 p1 48378 8
2490 20323356 m2 2759118 -8.43871967e-05 0.200000003 p1 48378 8
1409 20323529 m2 1605533 -0.00142368663 0.200000003 p1 48380 8
566 20326676 m2 637052 -0.0032993583 0.200000003 p1 48418 8
4466 20326733 m2 4789308 -0.0010292253 0.200000003 p1 48418 8
1877 20327049 m2 2121122 -0.00797761139 0.200000003 p1 48423 8
3565 20327339 m2 3861208 -2.72060224e-05 0.200000003 p1 48426 8
857 20328587 m2 949063 -0.00243245857 0.200000003 p1 48440 8
333 20329893 m2 365541 -0.00160738069 0.200000003 p1 48457 8
2641 20330975 m2 2900826 -0.000397534226 0.200000003 p1 48470 8
1695 20331050 m2 1939737 -0.000554157479 0.200000003 p1 48471 8
3449 20331091 m2 3729681 -0.00105280196 0.200000003 p1 48472 8
2253 20332143 m2 2496676 -0.000577407191 0.200000003 p1 48484 8
2659 20332384 m2 2916564 -1.51425538e-05 0.200000003 p1 48487 8
3509 20333905 m2 3799594 -0.00864695944 0.200000003 p1 48506 8
43 20334073 m2 48261 -1.77089933e-05 0.200000003 p1 48508 8
4447 20334081 m2 4770967 -0.00120423466 0.200000003 p1 48508 8
4403 20334327 m2 4726590 -0.00132138922 0.200000003 p1 48511 8
2975 20336257 m2 3260967 -0.000605425914 0.200000003 p1 48537 8
4155 20336433 m2 4438028 -0.00151791028 0.200000003 p1 48540 8
2494 20337046 m2 2765207 -0.000364967564 0.200000003 p1 48548 8
3559 20337870 m2 3853458 -2.07301782e-05 0.200000003 p1 48558 8
4270 20338642 m2 4559827 -0.00899335463 0.200000003 p1 48567 8
970 20338847 m2 1073284 -1.09806306e-05 0.200000003 p1 48570 8
3523 20339328 m2 3813017 -0.0107511226 0.200000003 p1 48575 8
1234 20340304 m2 1401299 -0.000828182383 0.200000003 p1 48588 8
1348 20340739 m2 1535943 -0.00672347564 0.200000003 p1 48593 8
2890 20342562 m2 3176550 -0.00392112741 0.200000003 p1 48617 8
2316 20342698 m2 2570268 -0.000628161128 0.200000003 p1 48619 8
2021 20343816 m2 2257753 -0.00519298017 0.200000003 p1 48634 8
2480 20344551 m2 2751254 -3.9505223e-05 0.200000003 p1 48643 8
2825 20344680 m2 3102228 -0.000570490316 0.200000003 p1 48645 8
2218 20344976 m2 2474607 -0.0147225345 0.200000003 p1 48648 8
2112 20345588 m2 2353572 -6.04009765e-05 0.200000003 p1 48655 8
2088 20346728 m2 2331931 -1.94373669e-07 0.200000003 p1 48669 8
3221 20346897 m2 3505972 -2.01543371e-05 0.200000003 p1 48671 8
2648 20348507 m2 2905850 -8.73752469e-06 0.200000003 p1 48690 8
2000 20348991 m2 2238971 -4.99294074e-05 0.200000003 p1 48696 8
4124 20349216 m2 4411370 -2.09615632e-06 0.200000003 p1 48699 8
4005 20349442 m2 4306794 -6.81002588e-09 0.200000003 p1 48702 8
526 20349991 m2 579894 -1.56425376e-05 0.200000003 p1 48710 8
1914 20350725 m2 2153391 -0.000853328907 0.200000003 p1 48719 8
1165 20351288 m2 1313876 -0.00137937628 0.200000003 p1 48727 8
4011 20351757 m2 4312767 -0.00399606442 0.200000003 p1 48733 8
2310 20351994 m2 2560285 -3.95105644e-07 0.200000003 p1 48736 8
1497 20352023 m2 1714269 -0.000684289553 0.200000003 p1 48737 8
113 20352083 m2 129476 -1.14471868e-06 0.200000003 p1 48737 8
642 20352224 m2 712534 -0.000349839393 0.200000003 p1 48739 8
1528 20352429 m2 1741306 -0.0121331438 0.200000003 p1 48742 8
2186 20352504 m2 2440068 -0.00140943669 0.200000003 p1 48743 8
3808 20353262 m2 4095969 -9.19214945e-05 0.200000003 p1 48753 8
1030 20353459 m2 1139962 -0.00539773237 0.200000003 p1 48756 8
2179 20354007 m2 2427343 -4.19626303e-05 0.200000003 p1 48763 8
2638 20354883 m2 2898722 -0.00252138195 0.200000003 p1 48774 8
3832 20355028 m2 4126141 -0.00085189013 0.200000003 p1 48776 8
3676 20355616 m2 3964774 -0.000116571544 0.200000003 p1 48784 8
1963 20355619 m2 2197393 -0.00451468956 0.200000003 p1 48784 8
3289 20356167 m2 3563974 -2.04131866e-05 0.200000003 p1 48791 8
811 20356900 m2 904792 -0.000351825642 0.200000003 p1 48801 8
866 20357172 m2 955760 -0.008827799 0.200000003 p1 48804 8
3496 20358557 m2 3784884 -1.53511137e-15 0.200000003 p1 48822 8
4016 20358764 m2 4315628 -8.40509742e-08 0.200000003 p1 48825 8
1522 20359018 m2 1737695 -0.00399829634 0.200000003 p1 48828 8
3335 20360102 m2 3620995 -0.00438692141 0.200000003 p1 48843 8
4190 20360204 m2 4475319 -0.00462781033 0.200000003 p1 48844 8
1040 20360442 m2 1150749 -0.0026512926 0.200000003 p1 48847 8
1524 20361087 m2 1739176 -0.000761866977 0.200000003 p1 48856 8
1531 20361451 m2 1743666 -1.67870678e-06 0.200000003 p1 48860 8
4007 20361641 m2 4309046 -3.84315672e-06 0.200000003 p1 48863 8
4303 20361941 m2 4600619 -1.30374938e-05 0.200000003 p1 48867 8
2598 20362132 m2 2861816 -2.63465208e-05 0.200000003 p1 48870 8
1246 20362367 m2 1424868 -0.000364844745 0.200000003 p1 48873 8
2182 20362572 m2 2434763 -0.00585178006 0.200000003 p1 48876 8
4426 20362987 m2 4751827 -0.000509686011 0.200000003 p1 48881 8
4395 20363427 m2 4715622 -5.31953083e-06 0.200000003 p1 48888 8
3358 20363682 m2 3642693 -0.000160897864 0.200000003 p1 48891 8
1870 20364235 m2 2115967 -1.74442812e-05 0.200000003 p1 48899 8
916 20364533 m2 1007821 -0.00131415098 0.200000003 p1 48902 8
1003 20364577 m2 1104502 -0.00191715325 0.200000003 p1 48903 8
2777 20365716 m2 3058360 -0.00832571927 0.200000003 p1 48918 8
3181 20366123 m2 3469190 -0.00169554341 0.200000003 p1 48923 8
2050 20366918 m2 2301259 -1.3284772e-06 0.200000003 p1 48935 8
474 20366998 m2 521586 -0.00323886378 0.200000003 p1 48935 8
3846 20367289 m2 4142110 -0.00106500858 0.200000003 p1 48939 8
123 20368893 m2 140489 -0.00240937853 0.200000003 p1 48962 8
659 20369418 m2 734981 -0.00110480725 0.200000003 p1 48969 8
4169 20369680 m2 4453617 -0.000318598701 0.200000003 p1 48972 8
1690 20370178 m2 1932656 -6.11133e-05 0.200000003 p1 48979 8
4010 20370488 m2 4312008 -4.86967947e-05 0.200000003 p1 48983 8
2897 20370615 m2 3181752 -0.00700819632 0.200000003 p1 48985 8
1285 20370930 m2 1466478 -0.00981465355 0.200000003 p1 48989 8
1960 20371131 m2 2193781 -1.50802634e-05 0.200000003 p1 48992 8
4619 20371407 m2 4959620 -1.41086211e-05 0.200000003 p1 48995 8
1466 20371438 m2 1680257 -7.413216e-08 0.200000003 p1 48996 8
2983 20372212 m2 3269262 -0.0105708009 0.200000003 p1 49007 8
4586 20372352 m2 4921468 -0.0116595356 0.200000003 p1 49009 8
784 20372919 m2 877224 -0.000188436665 0.200000003 p1 49017 8
4308 20373141 m2 4611632 -0.00800397061 0.200000003 p1 49020 8
3679 20373648 m2 3969300 -3.11623189e-05 0.200000003 p1 49028 8
672 20374043 m2 749315 -0.00012250751 0.200000003 p1 49033 8
3098 20375605 m2 3380916 -0.00770446565 0.200000003 p1 49056 8
407 20377861 m2 450052 -0.00452853553 0.200000003 p1 49088 8
3192 20379084 m2 3481452 -2.17346169e-05 0.200000003 p1 49106 8
1086 20380221 m2 1220572 -0.000326451467 0.200000003 p1 49123 8
3371 20380260 m2 3655219 -1.53314659e-06 0.200000003 p1 49123 8
3644 20380910 m2 3932204 -0.0126626976 0.200000003 p1 49133 8
2912 20381016 m2 3197913 -0.000211613718 0.200000003 p1 49134 8
1460 20381278 m2 1672017 -0.0183464531 0.200000003 p1 49138 8
2806 20382403 m2 3084572 -0.00176155649 0.200000003 p1 49154 8
18 20382571 m2 18713 -3.35508399e-09 0.200000003 p1 49156 8
83 20382673 m2 98131 -0.00553302839 0.200000003 p1 49158 8
3352 20383608 m2 3638331 -5.96779282e-05 0.200000003 p1 49171 8
4084 20383737 m2 4370533 -7.94363223e-06 0.200000003 p1 49173 8
4536 20385374 m2 4857550 -1.49527216e-06 0.200000003 p1 49197 8
2660 20387088 m2 2916831 -0.000854987127 0.200000003 p1 49222 8
41 20387701 m2 46793 -3.38791324e-06 0.200000003 p1 49232 8
2850 20387867 m2 3130998 -1.38613104e-05 0.200000003 p1 49234 8
242 20388061 m2 270400 -7.66567682e-05 0.200000003 p1 49237 8
2265 20388100 m2 2509297 -1.95115172e-06 0.200000003 p1 49238 8
2866 20388161 m2 3151919 -0.00783031899 0.200000003 p1 49239 8
2340 20388701 m2 2592529 -1.27873951e-08 0.200000003 p1 49247 8
1840 20388859 m2 2086998 -2.45230531e-05 0.200000003 p1 49250 8
986 20389064 m2 1088284 -0.00180855847 0.200000003 p1 49253 8
1627 20390096 m2 1846441 -3.48208403e-07 0.200000003 p1 49269 8
4185 20390485 m2 4466887 -0.000279246306 0.200000003 p1 49276 8
2835 20390487 m2 3117687 -6.18403137e-05 0.200000003 p1 49276 8
4528 20391973 m2 4851745 -0.00232218811 0.200000003 p1 49299 8
4360 20393452 m2 4667584 -8.70112899e-07 0.200000003 p1 49323 8
2361 20395420 m2 2616832 -1.47139301e-09 0.200000003 p1 49353 8
571 20395616 m2 644361 -0.00216407678 0.200000003 p1 49356 8
2959 20395971 m2 3243735 -0.00651802961 0.200000003 p1 49361 8
3338 20397515 m2 3625044 -0.00218338543 0.200000003 p1 49383 8
518 20397569 m2 569595 -0.000659664394 0.200000003 p1 49384 8
4003 20397642 m2 4305862 -0.000177672933 0.200000003 p1 49385 8
891 20397693 m2 982483 -0.000240454741 0.200000003 p1 49387 8
3602 20397708 m2 3894972 -4.86150566e-05 0.200000003 p1 49387 8
45 20400323 m2 53453 -0.0105209742 0.200000003 p1 49427 8
2498 20400362 m2 2767421 -0.00491144741 0.200000003 p1 49428 8
1111 20401436 m2 1257490 -0.000283341244 0.200000003 p1 49445 8
2294 20402746 m2 2540259 -0.000302170927 0.200000003 p1 49465 8
2132 20402853 m2 2369739 -0.00444554305 0.200000003 p1 49467 8
1346 20404031 m2 1533969 -0.00470356178 0.200000003 p1 49486 8
4067 20404210 m2 4357713 -0.00010050361 0.200000003 p1 49489 8
3724 20404266 m2 4017051 -1.60407744e-05 0.200000003 p1 49490 8
1631 20404726 m2 1852057 -0.000182297998 0.200000003 p1 49497 8
1953 20405583 m2 2190677 -1.42509121e-11 0.200000003 p1 49511 8
1591 20406729 m2 1813395 -0.00820016582 0.200000003 p1 49531 8
3941 20406776 m2 4249733 -5.26926726e-07 0.200000003 p1 49532 8
3405 20407444 m2 3686167 -5.38391359e-05 0.200000003 p1 49543 8
530 20407624 m2 583726 -0.0072773085 0.200000003 p1 49547 8
3690 20407825 m2 3981020 -1.6487669e-06 0.200000003 p1 49550 8
4443 20407893 m2 4764146 -0.00556730526 0.200000003 p1 49552 8
1554 20408566 m2 1771272 -0.000136738468 0.200000003 p1 49564 8
1465 20408829 m2 1678045 -0.000305913825 0.200000003 p1 49568 8
1999 20409084 m2 2237268 -0.00131808047 0.200000003 p1 49572 8
524 20409309 m2 578857 -7.6188303e-07 0.200000003 p1 49577 8
957 20409530 m2 1061358 -1.02842148e-06 0.200000003 p1 49581 8
2663 20409764 m2 2920661 -7.42349897e-08 0.200000003 p1 49585 8
950 20412074 m2 1050998 -0.00350063201 0.200000003 p1 49623 8
4300 20412309 m2 4597967 -0.000242871756 0.200000003 p1 49628 8
785 20412962 m2 877979 -0.000844208291 0.200000003 p1 49640 8
790 20413678 m2 886368 -0.00321559771 0.200000003 p1 49652 8
3572 20413708 m2 3867549 -0.000638245547 0.200000003 p1 49653 8
2574 20413763 m2 2839438 -0.00571785262 0.200000003 p1 49654 8
1044 20413818 m2 1153635 -0.00824969076 0.200000003 p1 49655 8
2514 20413905 m2 2789675 -0.0153065873 0.200000003 p1 49657 8
254 20414241 m2 281314 -2.45043229e-05 0.200000003 p1 49662 8
1698 20414308 m2 1945854 -2.9549048e-07 0.200000003 p1 49664 8
416 20415509 m2 466078 -0.00814408157 0.200000003 p1 49684 8
2826 20415719 m2 3102538 -0.00290875393 0.200000003 p1 49687 8
1732 20416011 m2 1969464 -7.13871805e-06 0.200000003 p1 49692 8
2475 20416602 m2 2745479 -0.00714172889 0.200000003 p1 49702 8
1665 20416615 m2 1904867 -3.83409952e-06 0.200000003 p1 49702 8
3640 20417244 m2 3927679 -0.000873953686 0.200000003 p1 49713 8
1308 20417581 m2 1495569 -0.00351842586 0.200000003 p1 49720 8
232 20417810 m2 252267 -0.00128495006 0.200000003 p1 49724 8
2650 20417863 m2 2907759 -7.59633986e-05 0.200000003 p1 49725 8
2755 20417943 m2 3027499 -0.000121162382 0.200000003 p1 49726 8
4332 20418278 m2 4644553 -0.00083967275 0.200000003 p1 49732 8
2076 20418368 m2 2321164 -8.23140363e-06 0.200000003 p1 49734 8
1204 20420587 m2 1373618 -0.000492625637 0.200000003 p1 49773 8
2586 20421018 m2 2847719 -2.98570103e-05 0.200000003 p1 49779 8
1880 20422493 m2 2122477 -0.0157457106 0.200000003 p1 49806 8
170 20422805 m2 180197 -3.52907628e-05 0.200000003 p1 49811 8
693 20423439 m2 764969 -0.0199283194 0.200000003 p1 49823 8
623 20423475 m2 696315 -4.92714798e-06 0.200000003 p1 49823 8
2443 20423593 m2 2703749 -0.0152620738 0.200000003 p1 49825 8
3337 20423709 m2 3622798 -0.0167942289 0.200000003 p1 49828 8
3985 20424610 m2 4288623 -0.0021114368 0.200000003 p1 49844 8
2353 20425013 m2 2607419 -0.00893542822 0.200000003 p1 49852 8
655 20425781 m2 730485 -6.91397918e-06 0.200000003 p1 49866 8
1070 20426382 m2 1191547 -0.000679658668 0.200000003 p1 49876 8
1123 20427409 m2 1271171 -0.000310990552 0.200000003 p1 49896 8
2176 20429713 m2 2420891 -5.9771105e-06 0.200000003 p1 49940 8
3968 20429831 m2 4273585 -0.00910895783 0.200000003 p1 49943 8
2118 20429948 m2 2361950 -0.000385628198 0.200000003 p1 49945 8
3045 20429994 m2 3331926 -0.00656970963 0.200000003 p1 49946 8
1539 20430193 m2 1750277 -4.44918078e-05 0.200000003 p1 49949 8
1834 20430635 m2 2078344 -0.00292101107 0.200000003 p1 49958 8
2001 20430738 m2 2239058 -0.00562851969 0.200000003 p1 49960 8
1280 20430975 m2 1460156 -8.54345501e-07 0.200000003 p1 49964 8
1891 20431259 m2 2132154 -1.15782617e-09 0.200000003 p1 49969 8
421 20431683 m2 468748 -0.000167770617 0.200000003 p1 49977 8
125 20432435 m2 141891 -0.000659746467 0.200000003 p1 49990 8
1452 20432665 m2 1664429 -2.43717352e-07 0.200000003 p1 49994 8
1012 20433572 m2 1119582 -3.09269623e-08 0.200000003 p1 50011 8
1931 20433700 m2 2172376 -0.00210916717 0.200000003 p1 50014 8
225 20433802 m2 249083 -0.000174662389 0.200000003 p1 50016 8
4083 20434192 m2 4370256 -1.36645744e-08 0.200000003 p1 50023 8
1186 20435073 m2 1343565 -2.26511054e-09 0.200000003 p1 50039 8
3016 20435485 m2 3301261 -0.00201697322 0.200000003 p1 50047 8
3787 20436811 m2 4083798 -0.0127989706 0.200000003 p1 50073 8
1472 20437265 m2 1685451 -8.04483861e-05 0.200000003 p1 50082 8
998 20438238 m2 1100592 -0.0011284895 0.200000003 p1 50102 8
2546 20438637 m2 2816906 -9.31813047e-05 0.200000003 p1 50110 8
2055 20438875 m2 2305926 -0.00532956468 0.200000003 p1 50116 8
4030 20439423 m2 4324129 -0.0450891778 0.200000003 p1 50128 8
413 20440010 m2 461051 -0.000488791382 0.200000003 p1 50139 8
3417 20440577 m2 3697727 -0.000186761463 0.200000003 p1 50150 8
4160 20440895 m2 4442425 -0.000648151035 0.200000003 p1 50156 8
4017 20441309 m2 4316472 -6.34408425e-05 0.200000003 p1 50165 8
1959 20441459 m2 2193610 -6.5599273e-13 0.200000003 p1 50169 8
3491 20441878 m2 3777996 -1.33952813e-06 0.200000003 p1 50179 8
16 20443369 m2 16317 -0.00389841734 0.200000003 p1 50209 8
3319 20443687 m2 3598415 -0.000495264248 0.200000003 p1 50215 8
3993 20443864 m2 4294313 -0.00305705448 0.200000003 p1 50219 8
4391 20443973 m2 4708928 -0.00233562617 0.200000003 p1 50221 8
3052 20444109 m2 3335267 -1.28456986e-05 0.200000003 p1 50225 8
3248 20444225 m2 3535824 -0.0112682236 0.200000003 p1 50227 8
500 20444585 m2 552378 -0.000598823419 0.200000003 p1 50234 8
2668 20444589 m2 2927769 -0.000112820802 0.200000003 p1 50234 8
1908 20444646 m2 2145455 -0.00619794615 0.200000003 p1 50236 8
446 20444831 m2 494882 -6.74802436e-08 0.200000003 p1 50240 8
1312 20445145 m2 1498619 -6.88551445e-05 0.200000003 p1 50247 8
1504 20445202 m2 1720633 -0.00430074334 0.200000003 p1 50248 8
2119 20445567 m2 2363450 -2.34799089e-07 0.200000003 p1 50256 8
3385 20445636 m2 3668277 -0.00871848967 0.200000003 p1 50258 8
3211 20445927 m2 3501776 -0.032290265 0.200000003 p1 50265 8
437 20445988 m2 484227 -0.00286619505 0.200000003 p1 50266 8
1545 20446009 m2 1757219 -8.65843394e-05 0.200000003 p1 50266 8
1436 20446293 m2 1636954 -0.00130429224 0.200000003 p1 50273 8
4427 20446424 m2 4752863 -1.09974519e-06 0.200000003 p1 50276 8
764 20446990 m2 842694 -0.00109853514 0.200000003 p1 50289 8
2878 20447205 m2 3162131 -0.000448286824 0.200000003 p1 50294 8
1284 20447255 m2 1465541 -0.000358693185 0.200000003 p1 50295 8
769 20447415 m2 851081 -0.00497496407 0.200000003 p1 50299 8
2876 20447511 m2 3159273 -0.0105837071 0.200000003 p1 50301 8
3258 20447538 m2 3543556 -0.00327088777 0.200000003 p1 50301 8
864 20448165 m2 955342 -6.97048599e-11 0.200000003 p1 50315 8
1045 20448543 m2 1154261 -0.00114957162 0.200000003 p1 50323 8
2471 20448677 m2 2740086 -0.0331230946 0.200000003 p1 50327 8
927 20448726 m2 1024571 -0.0234033 0.200000003 p1 50328 8
3609 20448985 m2 3899874 -3.90907173e-09 0.200000003 p1 50335 8
770 20449316 m2 852307 -0.00211931625 0.200000003 p1 50343 8
1415 20449415 m2 1612546 -1.36427552e-05 0.200000003 p1 50345 8
1727 20449673 m2 1968146 -0.010268392 0.200000003 p1 50351 8
4000 20449998 m2 4302077 -0.000420631579 0.200000003 p1 50358 8
541 20450023 m2 606783 -1.32632431e-06 0.200000003 p1 50358 8
1881 20450429 m2 2123302 -0.000121675839 0.200000003 p1 50367 8
2654 20451821 m2 2913597 -6.35151423e-07 0.200000003 p1 50397 8
1118 20452310 m2 1264994 -8.19775141e-06 0.200000003 p1 50408 8
1904 20452771 m2 2141800 -5.3025893e-08 0.200000003 p1 50418 8
1607 20452774 m2 1823265 -0.000439181196 0.200000003 p1 50418 8
95 20452782 m2 107370 -0.0234100726 0.200000003 p1 50418 8
1626 20452791 m2 1844174 -0.00951250922 0.200000003 p1 50419 8
1398 20452983 m2 1588008 -5.72112549e-05 0.200000003 p1 50423 8
2348 20453316 m2 2603696 -0.000334027252 0.200000003 p1 50430 8
1447 20453373 m2 1655277 -0.000215759734 0.200000003 p1 50431 8
4552 20453446 m2 4883779 -0.00167500018 0.200000003 p1 50433 8
734 20455054 m2 809402 -0.00551271113 0.200000003 p1 50471 8
997 20455185 m2 1100465 -6.82322536e-07 0.200000003 p1 50475 8
3802 20455580 m2 4091946 -0.00238363468 0.200000003 p1 50486 8
4422 20455671 m2 4748639 -1.35568644e-05 0.200000003 p1 50488 8
1862 20455706 m2 2107370 -2.49591858e-06 0.200000003 p1 50489 8
3964 20456076 m2 4269918 -0.00803948008 0.200000003 p1 50500 8
1978 20456157 m2 2214708 -0.0014910826 0.200000003 p1 50502 8
2783 20456209 m2 3062463 -7.95109554e-06 0.200000003 p1 50503 8
2800 20456421 m2 3081144 -0.00331662502 0.200000003 p1 50509 8
3112 20457008 m2 3394430 -8.05545255e-07 0.200000003 p1 50525 8
1084 20457023 m2 1217590 -0.000416826981 0.200000003 p1 50525 8
2058 20457283 m2 2307274 -0.00910452474 0.200000003 p1 50532 8
4279 20457896 m2 4567241 -0.0313257761 0.200000003 p1 50549 8
2972 20457925 m2 3259263 -0.000230774545 0.200000003 p1 50550 8
2623 20458065 m2 2882059 -3.92426409e-06 0.200000003 p1 50554 8
1425 20458185 m2 1623982 -1.78952087e-05 0.200000003 p1 50557 8
3153 20458531 m2 3443164 -0.000496459717 0.200000003 p1 50566 8
2068 20458950 m2 2315302 -2.45022875e-07 0.200000003 p1 50577 8
4262 20459505 m2 4550731 -7.82539303e-07 0.200000003 p1 50592 8
2708 20459575 m2 2968711 -0.000163187229 0.200000003 p1 50594 8
1793 20459667 m2 2037446 -1.12694025e-07 0.200000003 p1 50596 8
2697 20459870 m2 2960071 -9.22867542e-08 0.200000003 p1 50601 8
529 20460009 m2 583447 -8.6459222e-09 0.200000003 p1 50605 8
486 20460090 m2 532366 -0.000725808553 0.200000003 p1 50606 8
4149 20460369 m2 4431633 -0.00545157911 0.200000003 p1 50614 8
3700 20460434 m2 3993707 -4.28460778e-09 0.200000003 p1 50615 8
2941 20460926 m2 3223807 -0.00714238733 0.200000003 p1 50626 8
64 20461252 m2 78575 -0.0126789939 0.200000003 p1 50634 8
3820 20462035 m2 4112249 -0.000273659476 0.200000003 p1 50654 8
796 20462196 m2 891416 -0.0113224387 0.200000003 p1 50657 8
2599 20462243 m2 2862092 -1.38440784e-14 0.200000003 p1 50659 8
1873 20462642 m2 2118774 -0.000117800591 0.200000003 p1 50668 8
819 20462923 m2 911423 -9.00346822e-06 0.200000003 p1 50677 8
1993 20462965 m2 2232129 -2.90678463e-06 0.200000003 p1 50678 8
1068 20463839 m2 1183321 -3.64470361e-05 0.200000003 p1 50703 8
3088 20464006 m2 3373999 -0.0218943171 0.200000003 p1 50708 8
4362 20464092 m2 4671024 -0.00677559758 0.200000003 p1 50711 8
2486 20464555 m2 2756129 -0.00253676251 0.200000003 p1 50725 8
2548 20465571 m2 2820761 -0.00130972744 0.200000003 p1 50753 8
4592 20465611 m2 4931451 -8.34087587e-06 0.200000003 p1 50754 8
876 20465731 m2 964008 -2.77572799e-05 0.200000003 p1 50758 8
2145 20465821 m2 2381008 -0.000563469948 0.200000003 p1 50760 8
528 20466179 m2 582770 -0.00491011934 0.200000003 p1 50772 8
4046 20466525 m2 4336517 -0.00155298167 0.200000003 p1 50782 8
1782 20467503 m2 2029443 -0.00576462317 0.200000003 p1 50808 8
808 20467660 m2 902964 -0.00351270032 0.200000003 p1 50813 8
3614 20467755 m2 3903938 -0.000802759139 0.200000003 p1 50816 8
3767 20467815 m2 4065688 -1.38602873e-05 0.200000003 p1 50818 8
3907 20468776 m2 4205105 -0.00571030052 0.200000003 p1 50847 8
1693 20469737 m2 1938659 -4.37848139e-05 0.200000003 p1 50876 8
4277 20469854 m2 4564338 -0.000268020347 0.200000003 p1 50880 8
3458 20470420 m2 3740667 -1.80567861e-06 0.200000003 p1 50897 8
256 20470586 m2 282460 -1.84574783e-05 0.200000003 p1 50901 8
3435 20470851 m2 3716552 -0.00189845695 0.200000003 p1 50909 8
4434 20471476 m2 4756003 -0.0148719819 0.200000003 p1 50926 8
3891 20471554 m2 4194117 -0.00068769051 0.200000003 p1 50928 8
100 20471754 m2 114483 -0.00309159304 0.200000003 p1 50934 8
1184 20472195 m2 1339236 -5.70630521e-09 0.200000003 p1 50946 8
2079 20472382 m2 2323791 -0.000690301298 0.200000003 p1 50951 8
3404 20472453 m2 3685312 -0.000386263273 0.200000003 p1 50953 8
1010 20472532 m2 1115850 -0.00103652163 0.200000003 p1 50956 8
3366 20472600 m2 3651272 -5.73808521e-08 0.200000003 p1 50957 8
3252 20472875 m2 3536636 -5.38502136e-05 0.200000003 p1 50965 8
1162 20472899 m2 1309381 -3.35941735e-07 0.200000003 p1 50966 8
2837 20473326 m2 3119723 -0.008738745 0.200000003 p1 50979 8
968 20473468 m2 1072976 -0.00102487928 0.200000003 p1 50983 8
2944 20473527 m2 3224658 -8.30811332e-05 0.200000003 p1 50985 8
1126 20473528 m2 1274617 -2.41058729e-10 0.200000003 p1 50985 8
2686 20473806 m2 2950169 -0.000311872951 0.200000003 p1 50992 8
508 20473915 m2 562062 -8.41005385e-05 0.200000003 p1 50995 8
60 20474096 m2 73190 -7.93004574e-07 0.200000003 p1 51001 8
969 20474172 m2 1073121 -8.83186319e-13 0.200000003 p1 51003 8
2746 20474291 m2 3016178 -9.64006904e-06 0.200000003 p1 51008 8
542 20474851 m2 606898 -9.17327228e-08 0.200000003 p1 51026 8
845 20474968 m2 942136 -0.000984778628 0.200000003 p1 51031 8
4111 20475112 m2 4393826 -4.77573814e-11 0.200000003 p1 51034 8
3325 20475286 m2 3604966 -0.000449319778 0.200000003 p1 51040 8
3267 20475500 m2 3548457 -0.000241517089 0.200000003 p1 51046 8
1215 20475872 m2 1385474 -2.30231728e-17 0.200000003 p1 51057 8
3007 20475941 m2 3294489 -3.43163701e-05 0.200000003 p1 51059 8
3044 20476310 m2 3329324 -1.50343549e-05 0.200000003 p1 51070 8
1588 20476496 m2 1811007 -0.0130059598 0.200000003 p1 51076 8
1243 20476794 m2 1409381 -0.000312963326 0.200000003 p1 51084 8
3593 20477042 m2 3886796 -1.11689559e-07 0.200000003 p1 51092 8
2541 20477171 m2 2814408 -0.0010333528 0.200000003 p1 51096 8
2707 20477344 m2 2968677 -3.96492433e-05 0.200000003 p1 51102 8
498 20477521 m2 551513 -0.0275027864 0.200000003 p1 51108 8
3667 20477686 m2 3957127 -0.0107184639 0.200000003 p1 51113 8
2304 20477706 m2 2553103 -0.00119595253 0.200000003 p1 51113 8
1549 20478131 m2 1765785 -3.86649832e-13 0.200000003 p1 51126 8
4317 20478323 m2 4624723 -5.98825245e-05 0.200000003 p1 51130 8
336 20478326 m2 368183 -8.98444513e-11 0.200000003 p1 51131 8
103 20478603 m2 118885 -0.0136809237 0.200000003 p1 51139 8
3849 20478992 m2 4147582 -0.00503639737 0.200000003 p1 51150 8
3011 20478996 m2 3298664 -0.000265849696 0.200000003 p1 51150 8
4125 20479160 m2 4411775 -0.000628397043 0.200000003 p1 51155 8
3807 20479815 m2 4095227 -9.73173519e-06 0.200000003 p1 51177 8
4601 20479836 m2 4942191 -0.0202077851 0.200000003 p1 51178 8
2810 20480136 m2 3088203 -0.00175082928 0.200000003 p1 51188 8
340 20480617 m2 370339 -0.0529002845 0.200000003 p1 51205 8
635 20480727 m2 708609 -0.004145124 0.200000003 p1 51209 8
3789 20480750 m2 4085295 -0.016655162 0.200000003 p1 51209 8
902 20481656 m2 995266 -0.0102825901 0.200000003 p1 51240 8
4588 20481686 m2 4923893 -3.86973431e-09 0.200000003 p1 51241 8
894 20482164 m2 985611 -0.00583137432 0.200000003 p1 51258 8
1924 20482302 m2 2167729 -0.0115376273 0.200000003 p1 51262 8
884 20482497 m2 972000 -0.00384103949 0.200000003 p1 51268 8
4224 20482624 m2 4508893 -1.0829209e-06 0.200000003 p1 51272 8
3873 20482655 m2 4172919 -5.14865974e-07 0.200000003 p1 51273 8
2010 20483204 m2 2246201 -0.000543035509 0.200000003 p1 51292 8
3963 20483275 m2 4269559 -0.00101983 0.200000003 p1 51294 8
19 20483455 m2 20437 -0.000871044467 0.200000003 p1 51300 8
2155 20483642 m2 2391883 -0.00103068468 0.200000003 p1 51307 8
3858 20484072 m2 4156417 -0.00399169372 0.200000003 p1 51320 8
2567 20484146 m2 2835429 -3.20693675e-06 0.200000003 p1 51322 8
4355 20484193 m2 4660869 -0.000841631263 0.200000003 p1 51323 8
1210 20484321 m2 1379084 -1.4612147e-09 0.200000003 p1 51327 8
4582 20484365 m2 4917537 -0.00114264619 0.200000003 p1 51330 8
3199 20484583 m2 3488037 -0.00930158049 0.200000003 p1 51337 8
1000 20484624 m2 1101376 -0.0178527497 0.200000003 p1 51338 8
2177 20484920 m2 2423667 -0.000635553501 0.200000003 p1 51348 8
38 20484973 m2 41783 -7.50883622e-09 0.200000003 p1 51350 8
3269 20485398 m2 3548841 -0.00705756387 0.200000003 p1 51364 8
1323 20485667 m2 1509367 -0.0129691334 0.200000003 p1 51376 8
109 20485863 m2 125305 -0.0056419936 0.200000003 p1 51383 8
798 20486404 m2 892829 -0.000166401005 0.200000003 p1 51402 8
1402 20486812 m2 1592760 -0.00260181422 0.200000003 p1 51419 8
2219 20486835 m2 2475805 -0.00331210834 0.200000003 p1 51420 8
1320 20487145 m2 1506468 -4.06347386e-11 0.200000003 p1 51432 8
154 20487433 m2 169076 -0.0193594415 0.200000003 p1 51444 8
423 20487434 m2 471193 -4.69395616e-07 0.200000003 p1 51444 8
4323 20487613 m2 4634049 -0.000430107728 0.200000003 p1 51451 8
3264 20487789 m2 3547495 -2.46894751e-06 0.200000003 p1 51458 8
3025 20488020 m2 3315480 -4.40085023e-06 0.200000003 p1 51468 8
1008 20488056 m2 1114025 -2.23934549e-05 0.200000003 p1 51470 8
2429 20488213 m2 2691187 -0.0110045467 0.200000003 p1 51475 8
4626 20488738 m2 4963188 -0.000158570678 0.200000003 p1 51496 8
2343 20488797 m2 2597412 -0.00415816344 0.200000003 p1 51499 8
4102 20488898 m2 4385482 -0.000249824079 0.200000003 p1 51503 8
4055 20489058 m2 4346137 -0.00166203571 0.200000003 p1 51510 8
1022 20489284 m2 1130104 -0.0318957455 0.200000003 p1 51519 8
2470 20489364 m2 2739495 -0.0106991958 0.200000003 p1 51523 8
266 20489461 m2 296319 -0.000170514031 0.200000003 p1 51527 8
727 20489534 m2 805667 -0.000302524189 0.200000003 p1 51531 8
3440 20489538 m2 3722199 -0.0407602787 0.200000003 p1 51531 8
748 20489672 m2 826851 -0.00176190364 0.200000003 p1 51536 8
3826 20490117 m2 4116909 -0.00282675424 0.200000003 p1 51552 8
1302 20490365 m2 1486307 -0.00345681328 0.200000003 p1 51563 8
4159 20490366 m2 4440776 -0.0313244276 0.200000003 p1 51563 8
615 20490654 m2 689937 -2.68896727e-09 0.200000003 p1 51575 8
2430 20490778 m2 2691223 -0.000362120598 0.200000003 p1 51582 8
4047 20490915 m2 4338822 -0.000563772686 0.200000003 p1 51588 8
4249 20490972 m2 4534053 -0.00055775349 0.200000003 p1 51591 8
1902 20491023 m2 2141209 -2.90327225e-05 0.200000003 p1 51593 8
833 20491503 m2 930919 -0.00998328812 0.200000003 p1 51615 8
1680 20491504 m2 1920477 -0.000334006967 0.200000003 p1 51615 8
1611 20491525 m2 1831432 -1.00818647e-06 0.200000003 p1 51616 8
497 20491576 m2 551348 -9.36963406e-05 0.200000003 p1 51618 8
3494 20491588 m2 3780816 -0.0109509388 0.200000003 p1 51619 8
3320 20491605 m2 3598563 -2.31768026e-05 0.200000003 p1 51620 8
3213 20491742 m2 3503100 -0.0473080091 0.200000003 p1 51627 8
4548 20491821 m2 4878573 -3.50845539e-06 0.200000003 p1 51631 8
1801 20491887 m2 2045923 -5.01682307e-10 0.200000003 p1 51634 8
2467 20491901 m2 2735507 -0.00165548839 0.200000003 p1 51634 8
4477 20492227 m2 4797618 -0.0261558499 0.200000003 p1 51651 8
3311 20492511 m2 3592334 -0.00195818976 0.200000003 p1 51663 8
3336 20492635 m2 3621730 -0.000107683387 0.200000003 p1 51669 8
1335 20492691 m2 1519759 -1.81067651e-06 0.200000003 p1 51673 8
2244 20492823 m2 2491418 -0.00279001729 0.200000003 p1 51679 8
2864 20492904 m2 3150395 -1.09079347e-05 0.200000003 p1 51684 8
1639 20492929 m2 1864249 -0.00426082266 0.200000003 p1 51686 8
2703 20492983 m2 2965638 -0.000155662608 0.200000003 p1 51689 8
936 20493279 m2 1039410 -0.0189209655 0.200000003 p1 51704 8
2018 20493394 m2 2252680 -0.00420342572 0.200000003 p1 51711 8
1635 20493510 m2 1858415 -0.00300446129 0.200000003 p1 51718 8
3176 20493604 m2 3467524 -0.00156355929 0.200000003 p1 51723 8
2788 20493621 m2 3068568 -0.00357967778 0.200000003 p1 51724 8
1130 20494033 m2 1276961 -0.006097537 0.200000003 p1 51746 8
3670 20494034 m2 3960365 -0.00516956253 0.200000003 p1 51746 8
2054 20494115 m2 2305387 -4.45928026e-06 0.200000003 p1 51751 8
3568 20494213 m2 3862671 -0.000411340356 0.200000003 p1 51756 8
2669 20494307 m2 2928100 -0.0491052493 0.200000003 p1 51761 8
2549 20494464 m2 2823294 -0.060436517 0.200000003 p1 51770 8
2189 20494500 m2 2441609 -0.000341704494 0.200000003 p1 51772 8
2039 20494514 m2 2279835 -4.73639921e-05 0.200000003 p1 51773 8
2159 20494522 m2 2398124 -0.000364295731 0.200000003 p1 51774 8
3071 20494613 m2 3362643 -1.5299569e-05 0.200000003 p1 51779 8
4512 20494648 m2 4839209 -1.15700125e-08 0.200000003 p1 51781 8
2812 20494657 m2 3089049 -0.00461774971 0.200000003 p1 51781 8
1875 20494815 m2 2119949 -1.26970994e-11 0.200000003 p1 51788 8
240 20494909 m2 264725 -0.017873155 0.200000003 p1 51793 8
2543 20494922 m2 2815955 -0.000486438919 0.200000003 p1 51794 8
3763 20495041 m2 4061779 -0.00155267923 0.200000003 p1 51801 8
2955 20495062 m2 3240085 -0.0151694529 0.200000003 p1 51802 8
3223 20495161 m2 3507655 -0.0047563496 0.200000003 p1 51808 8
2829 20495296 m2 3109775 -0.0308688488 0.200000003 p1 51816 8
651 20495498 m2 724465 -8.57340456e-06 0.200000003 p1 51825 8
3227 20495576 m2 3509878 -0.00106312439 0.200000003 p1 51830 8
3797 20495668 m2 4088199 -0.000731921056 0.200000003 p1 51836 8
3585 20495816 m2 3876959 -0.0162604842 0.200000003 p1 51844 8
4370 20496136 m2 4678991 -7.70404731e-05 0.200000003 p1 51864 8
50 20496149 m2 60442 -1.42343788e-06 0.200000003 p1 51865 8
679 20496286 m2 756069 -4.48839637e-06 0.200000003 p1 51874 8
2199 20496404 m2 2450775 -0.00984053873 0.200000003 p1 51882 8
2588 20496405 m2 2855521 -0.0187742226 0.200000003 p1 51882 8
1222 20496551 m2 1394693 -0.00317514851 0.200000003 p1 51892 8
4606 20496563 m2 4945344 -0.000234335617 0.200000003 p1 51892 8
1190 20496581 m2 1348484 -0.0135259768 0.200000003 p1 51893 8
2282 20496672 m2 2530438 -2.18101434e-07 0.200000003 p1 51899 8
2517 20496689 m2 2791486 -0.00521912379 0.200000003 p1 51900 8
3927 20496731 m2 4238285 -0.00320831523 0.200000003 p1 51903 8
316 20496806 m2 344783 -0.00412032707 0.200000003 p1 51909 8
2131 20496873 m2 2369433 -0.0121273994 0.200000003 p1 51913 8
2311 20496874 m2 2561513 -1.80246752e-05 0.200000003 p1 51913 8
1851 20496877 m2 2098071 -0.000274610939 0.200000003 p1 51913 8
4329 20497176 m2 4641786 -5.5985123e-07 0.200000003 p1 51933 8
1939 20497274 m2 2177941 -7.39060535e-10 0.200000003 p1 51939 8
1937 20497414 m2 2176515 -0.0193740819 0.200000003 p1 51949 8
3623 20497417 m2 3909552 -0.000124921644 0.200000003 p1 51949 8
4320 20497499 m2 4627020 -0.00804854184 0.200000003 p1 51956 8
1789 20497614 m2 2035475 -0.0118178278 0.200000003 p1 51964 8
3586 20497664 m2 3879946 -0.000229423254 0.200000003 p1 51968 8
971 20497953 m2 1074324 -0.000260257075 0.200000003 p1 51988 8
3251 20498039 m2 3536603 -1.10791621e-06 0.200000003 p1 51994 8
2581 20498055 m2 2845026 -0.00224533887 0.200000003 p1 51995 8
1841 20498204 m2 2087718 -0.000322811247 0.200000003 p1 52005 8
3744 20498316 m2 4037111 -0.00229843357 0.200000003 p1 52012 8
4444 20498343 m2 4766185 -0.00531297969 0.200000003 p1 52014 8
118 20498382 m2 134036 -0.00016731699 0.200000003 p1 52017 8
3057 20498532 m2 3343189 -4.72955389e-06 0.200000003 p1 52029 8
2931 20498609 m2 3215378 -0.00185875851 0.200000003 p1 52035 8
4177 20498640 m2 4460395 -0.0129241515 0.200000003 p1 52036 8
3666 20498672 m2 3955626 -0.000430447137 0.200000003 p1 52039 8
4499 20498745 m2 4828943 -0.0224344339 0.200000003 p1 52044 8
1381 20498838 m2 1572453 -1.69436248e-06 0.200000003 p1 52052 8
479 20498988 m2 528924 -0.000292107958 0.200000003 p1 52063 8
2662 20498999 m2 2919199 -0.0162106119 0.200000003 p1 52064 8
3538 20499091 m2 3836553 -0.0184052531 0.200000003 p1 52071 8
1153 20499212 m2 1298558 -0.12512359 0.200000003 p1 52081 8
36 20499250 m2 40467 -0.00175583223 0.200000003 p1 52083 8
3293 20499262 m2 3571099 -0.000119215365 0.200000003 p1 52084 8
3918 20499323 m2 4222564 -9.24014976e-10 0.200000003 p1 52089 8
899 20499584 m2 992850 -7.65452569e-06 0.200000003 p1 52109 8
3903 20499666 m2 4202179 -0.0138452323 0.200000003 p1 52115 8
3878 20499989 m2 4182534 -0.0271047354 0.200000003 p1 52141 8
2405 20499999 m2 2666066 -0.01519024 0.200000003 p1 52142 8
2628 20500088 m2 2888213 -0.00111219822 0.200000003 p1 52150 8
4408 20500160 m2 4729968 -0.0038571984 0.200000003 p1 52157 8
1218 20500243 m2 1391381 -0.00681422139 0.200000003 p1 52166 8
275 20500381 m2 302147 -2.10443591e-08 0.200000003 p1 52178 8
1103 20500388 m2 1248544 -0.00427395571 0.200000003 p1 52179 8
2656 20500389 m2 2914062 -0.050975062 0.200000003 p1 52179 8
1202 20500571 m2 1367282 -0.00113662053 0.200000003 p1 52197 8
1047 20500588 m2 1159191 -0.000586628274 0.200000003 p1 52199 8
3921 20500635 m2 4229150 -1.84437868e-05 0.200000003 p1 52206 8
181 20500655 m2 188606 -0.000200762748 0.200000003 p1 52207 8
2395 20500659 m2 2659764 -0.0113128386 0.200000003 p1 52208 8
4634 20500706 m2 4970060 -0.00361472392 0.200000003 p1 52214 5
381 20500720 m2 423803 -0.013242661 0.200000003 p1 52217 8
3287 20500747 m2 3563395 -0.000792301435 0.200000003 p1 52219 8
1579 20500749 m2 1800006 -0.0772950053 0.200000003 p1 52220 8
2977 20500921 m2 3261941 -3.80471306e-12 0.200000003 p1 52238 8
3159 20500922 m2 3450454 -0.0109190261 0.200000003 p1 52238 8
4669 20500951 m2 4263877 -0.000909377122 0.200000003 p1 52241 3
568 20500954 m2 637632 -1.31647448e-09 0.200000003 p1 52241 8
4675 20500956 m2 4974984 -0.0772920176 0.200000003 p1 52241 1
3880 20500964 m2 4183425 -0.0080155218 0.200000003 p1 52242 8
3489 20500972 m2 3777636 -0.000474829343 0.200000003 p1 52243 8
4674 20501031 m2 4643045 -3.06400807e-06 0.200000003 p1 52249 1
1888 20501037 m2 2131662 -0.00116450374 0.200000003 p1 52249 8
4665 20501046 m2 1429981 -0.0122868316 0.200000003 p1 52250 5
4664 20501130 m2 4999181 -0.0736973435 0.200000003 p1 52259 4
4666 20501141 m2 2439793 -9.81432819e-08 0.200000003 p1 52260 3
4672 20501152 m2 2765681 -0.020371737 0.200000003 p1 52261 2
4667 20501163 m2 3577341 -0.0183470938 0.200000003 p1 52262 3
4671 20501186 m2 2137457 -0.0308819208 0.200000003 p1 52265 1
4668 20501190 m2 3791293 -0.00376459188 0.200000003 p1 52265 3
4678 20501264 m2 4748053 -0.18081747 0.200000003 p1 52273 1
4670 20501274 m2 1789586 -0.121186718 0.200000003 p1 52274 1
4673 20501276 m2 2498348 -0.00109084533 0.200000003 p1 52275 1
4676 20501277 m2 4160482 -5.95065774e-10 0.200000003 p1 52275 1
4677 20501281 m2 3167186 -0.00618465338 0.200000003 p1 52275 1
4679 20501282 m2 323261 -6.72982935e-07 0.200000003 p1 52275 1
Individuals:
p1:i0 H p1:0 p1:1 2
p1:i1 H p1:2 p1:3 0
p1:i2 H p1:4 p1:5 0
p1:i3 H p1:6 p1:7 0
Genomes:
p1:0 A 0 1 2 3 4 5 6 7 8 9 10 11 12 13 14 15 16 17 18 19 20 21 22 23 24 25 26 27 28 29 30 31 32 33 34 35 36 37 38 39 40 41 42 43 44 45 46 47 48 49 50 51 52 53 54 55 56 57 58 59 60 61 62 63 64 65 66 67 68 69 70 71 72 73 74 75 76 77 78 79 80 81 82 83 84 85 86 87 88 89 90 91 92 93 94 95 96 97 98 99 100 101 102 103 104 105 106 107 108 109 110 111 112 113 114 115 116 117 118 119 120 121 122 123 124 125 126 127 128 129 130 131 132 133 134 135 136 137 138 139 140 141 142 143 144 145 146 147 148 149 150 151 152 153 154 155 156 157 158 159 160 161 162 163 164 165 166 167 168 169 170 171 172 173 174 175 176 177 178 179 180 181 182 183 184 185 186 187 188 189 190 191 192 193 194 195 196 197 198 199 200 201 202 203 204 205 206 207 208 209 210 211 212 213 214 215 216 217 218 219 220 221 222 223 224 225 226 227 228 229 230 231 232 233 234 235 236 237 238 239 240 241 242 243 244 245 246 247 248 249 250 251 252 253 254 255 256 257 258 259 260 261 262 263 264 265 266 267 268 269 270 271 272 273 274 275 276 277 278 279 280 281 282 283 284 285 286 287 288 289 290 291 292 293 294 295 296 297 298 299 300 301 302 303 304 305 306 307 308 309 310 311 312 313 314 315 316 317 318 319 320 321 322 323 324 325 326 327 328 329 330 331 332 333 334 335 336 337 338 339 340 341 342 343 344 345 346 347 348 349 350 351 352 353 354 355 356 357 358 359 360 361 362 363 364 365 366 367 368 369 370 371 372 373 374 375 376 377 378 379 380 381 382 383 384 385 386 387 388 389 390 391 392 393 394 395 396 397 398 399 400 401 402 403 404 405 406 407 408 409 410 411 412 413 414 415 416 417 418 419 420 421 422 423 424 425 426 427 428 429 430 431 432 433 434 435 436 437 438 439 440 441 442 443 444 445 446 447 448 449 450 451 452 453 454 455 456 457 458 459 460 461 462 463 464 465 466 467 468 469 470 471 472 473 474 475 476 477 478 479 480 481 482 483 484 485 486 487 488 489 490 491 492 493 494 495 496 497 498 499 500 501 502 503 504 505 506 507 508 509 510 511 512 513 514 515 516 517 518 519 520 521 522 523 524 525 526 527 528 529 530 531 532 533 534 535 536 537 538 539 540 541 542 543 544 545 546 547 548 549 550 551 552 553 554 555 556 557 558 559 560 561 562 563 564 565 566 567 568 569 570 571 572 573 574 575 576 577 578 579 580 581 582 583 584 585 586 587 588 589 590 591 592 593 594 595 596 597 598 599 600 601 602 603 604 605 606 607 608 609 610 611 612 613 614 615 616 617 618 619 620 621 622 623 624 625 626 627 628 629 630 631 632 633 634 635 636 637 638 639 640 641 642 643 644 645 646 647 648 649 650 651 652 653 654 655 656 657 658 659 660 661 662 663 664 665 666 667 668 669 670 671 672 673 674 675 676 677 678 679 680 681 682 683 684 685 686 687 688 689 690 691 692 693 694 695 696 697 698 699 700 701 702 703 704 705 706 707 708 709 710 711 712 713 714 715 716 717 718 719 720 721 722 723 724 725 726 727 728 729 730 731 732 733 734 735 736 737 738 739 740 741 742 743 744 745 746 747 748 749 750 751 752 753 754 755 756 757 758 759 760 761 762 763 764 765 766 767 768 769 770 771 772 773 774 775 776 777 778 779 780 781 782 783 784 785 786 787 788 789 790 791 792 793 794 795 796 797 798 799 800 801 802 803 804 805 806 807 808 809 810 811 812 813 814 815 816 817 818 819 820 821 822 823 824 825 826 827 828 829 830 831 832 833 834 835 836 837 838 839 840 841 842 843 844 845 846 847 848 849 850 851 852 853 854 855 856 857 858 859 860 861 862 863 864 865 866 867 868 869 870 871 872 873 874 875 876 877 878 879 880 881 882 883 884 885 886 887 888 889 890 891 892 893 894 895 896 897 898 899 900 901 902 903 904 905 906 907 908 909 910 911 912 913 914 915 916 917 918 919 920 921 922 923 924 925 926 927 928 929 930 931 932 933 934 935 936 937 938 939 940 941 942 943 944 945 946 947 948 949 950 951 952 953 954 955 956 957 958 959 960 961 962 963 964 965 966 967 968 969 970 971 972 973 974 975 976 977 978 979 980 981 982 983 984 985 986 987 988 989 990 991 992 993 994 995 996 997 998 999 1000 1001 1002 1003 1004 1005 1006 1007 1008 1009 1010 1011 1012 1013 1014 1015 1016 1017 1018 1019 1020 1021 1022 1023 1024 1025 1026 1027 1028 1029 1030 1031 1032 1033 1034 1035 1036 1037 1038 1039 1040 1041 1042 1043 1044 1045 1046 1047 1048 1049 1050 1051 1052 1053 1054 1055 1056 1057 1058 1059 1060 1061 1062 1063 1064 1065 1066 1067 1068 1069 1070 1071 1072 1073 1074 1075 1076 1077 1078 1079 1080 1081 1082 1083 1084 1085 1086 1087 1088 1089 1090 1091 1092 1093 1094 1095 1096 1097 1098 1099 1100 1101 1102 1103 1104 1105 1106 1107 1108 1109 1110 1111 1112 1113 1114 1115 1116 1117 1118 1119 1120 1121 1122 1123 1124 1125 1126 1127 1128 1129 1130 1131 1132 1133 1134 1135 1136 1137 1138 1139 1140 1141 1142 1143 1144 1145 1146 1147 1148 1149 1150 1151 1152 1153 1154 1155 1156 1157 1158 1159 1160 1161 1162 1163 1164 1165 1166 1167 1168 1169 1170 1171 1172 1173 1174 1175 1176 1177 1178 1179 1180 1181 1182 1183 1184 1185 1186 1187 1188 1189 1190 1191 1192 1193 1194 1195 1196 1197 1198 1199 1200 1201 1202 1203 1204 1205 1206 1207 1208 1209 1210 1211 1212 1213 1214 1215 1216 1217 1218 1219 1220 1221 1222 1223 1224 1225 1226 1227 1228 1229 1230 1231 1232 1233 1234 1235 1236 1237 1238 1239 1240 1241 1242 1243 1244 1245 1246 1247 1248 1249 1250 1251 1252 1253 1254 1255 1256 1257 1258 1259 1260 1261 1262 1263 1264 1265 1266 1267 1268 1269 1270 1271 1272 1273 1274 1275 1276 1277 1278 1279 1280 1281 1282 1283 1284 1285 1286 1287 1288 1289 1290 1291 1292 1293 1294 1295 1296 1297 1298 1299 1300 1301 1302 1303 1304 1305 1306 1307 1308 1309 1310 1311 1312 1313 1314 1315 1316 1317 1318 1319 1320 1321 1322 1323 1324 1325 1326 1327 1328 1329 1330 1331 1332 1333 1334 1335 1336 1337 1338 1339 1340 1341 1342 1343 1344 1345 1346 1347 1348 1349 1350 1351 1352 1353 1354 1355 1356 1357 1358 1359 1360 1361 1362 1363 1364 1365 1366 1367 1368 1369 1370 1371 1372 1373 1374 1375 1376 1377 1378 1379 1380 1381 1382 1383 1384 1385 1386 1387 1388 1389 1390 1391 1392 1393 1394 1395 1396 1397 1398 1399 1400 1401 1402 1403 1404 1405 1406 1407 1408 1409 1410 1411 1412 1413 1414 1415 1416 1417 1418 1419 1420 1421 1422 1423 1424 1425 1426 1427 1428 1429 1430 1431 1432 1433 1434 1435 1436 1437 1438 1439 1440 1441 1442 1443 1444 1445 1446 1447 1448 1449 1450 1451 1452 1453 1454 1455 1456 1457 1458 1459 1460 1461 1462 1463 1464 1465 1466 1467 1468 1469 1470 1471 1472 1473 1474 1475 1476 1477 1478 1479 1480 1481 1482 1483 1484 1485 1486 1487 1488 1489 1490 1491 1492 1493 1494 1495 1496 1497 1498 1499 1500 1501 1502 1503 1504 1505 1506 1507 1508 1509 1510 1511 1512 1513 1514 1515 1516 1517 1518 1519 1520 1521 1522 1523 1524 1525 1526 1527 1528 1529 1530 1531 1532 1533 1534 1535 1536 1537 1538 1539 1540 1541 1542 1543 1544 1545 1546 1547 1548 1549 1550 1551 1552 1553 1554 1555 1556 1557 1558 1559 1560 1561 1562 1563 1564 1565 1566 1567 1568 1569 1570 1571 1572 1573 1574 1575 1576 1577 1578 1579 1580 1581 1582 1583 1584 1585 1586 1587 1588 1589 1590 1591 1592 1593 1594 1595 1596 1597 1598 1599 1600 1601 1602 1603 1604 1605 1606 1607 1608 1609 1610 1611 1612 1613 1614 1615 1616 1617 1618 1619 1620 1621 1622 1623 1624 1625 1626 1627 1628 1629 1630 1631 1632 1633 1634 1635 1636 1637 1638 1639 1640 1641 1642 1643 1644 1645 1646 1647 1648 1649 1650 1651 1652 1653 1654 1655 1656 1657 1658 1659 1660 1661 1662 1663 1664 1665 1666 1667 1668 1669 1670 1671 1672 1673 1674 1675 1676 1677 1678 1679 1680 1681 1682 1683 1684 1685 1686 1687 1688 1689 1690 1691 1692 1693 1694 1695 1696 1697 1698 1699 1700 1701 1702 1703 1704 1705 1706 1707 1708 1709 1710 1711 1712 1713 1714 1715 1716 1717 1718 1719 1720 1721 1722 1723 1724 1725 1726 1727 1728 1729 1730 1731 1732 1733 1734 1735 1736 1737 1738 1739 1740 1741 1742 1743 1744 1745 1746 1747 1748 1749 1750 1751 1752 1753 1754 1755 1756 1757 1758 1759 1760 1761 1762 1763 1764 1765 1766 1767 1768 1769 1770 1771 1772 1773 1774 1775 1776 1777 1778 1779 1780 1781 1782 1783 1784 1785 1786 1787 1788 1789 1790 1791 1792 1793 1794 1795 1796 1797 1798 1799 1800 1801 1802 1803 1804 1805 1806 1807 1808 1809 1810 1811 1812 1813 1814 1815 1816 1817 1818 1819 1820 1821 1822 1823 1824 1825 1826 1827 1828 1829 1830 1831 1832 1833 1834 1835 1836 1837 1838 1839 1840 1841 1842 1843 1844 1845 1846 1847 1848 1849 1850 1851 1852 1853 1854 1855 1856 1857 1858 1859 1860 1861 1862 1863 1864 1865 1866 1867 1868 1869 1870 1871 1872 1873 1874 1875 1876 1877 1878 1879 1880 1881 1882 1883 1884 1885 1886 1887 1888 1889 1890 1891 1892 1893 1894 1895 1896 1897 1898 1899 1900 1901 1902 1903 1904 1905 1906 1907 1908 1909 1910 1911 1912 1913 1914 1915 1916 1917 1918 1919 1920 1921 1922 1923 1924 1925 1926 1927 1928 1929 1930 1931 1932 1933 1934 1935 1936 1937 1938 1939 1940 1941 1942 1943 1944 1945 1946 1947 1948 1949 1950 1951 1952 1953 1954 1955 1956 1957 1958 1959 1960 1961 1962 1963 1964 1965 1966 1967 1968 1969 1970 1971 1972 1973 1974 1975 1976 1977 1978 1979 1980 1981 1982 1983 1984 1985 1986 1987 1988 1989 1990 1991 1992 1993 1994 1995 1996 1997 1998 1999 2000 2001 2002 2003 2004 2005 2006 2007 2008 2009 2010 2011 2012 2013 2014 2015 2016 2017 2018 2019 2020 2021 2022 2023 2024 2025 2026 2027 2028 2029 2030 2031 2032 2033 2034 2035 2036 2037 2038 2039 2040 2041 2042 2043 2044 2045 2046 2047 2048 2049 2050 2051 2052 2053 2054 2055 2056 2057 2058 2059 2060 2061 2062 2063 2064 2065 2066 2067 2068 2069 2070 2071 2072 2073 2074 2075 2076 2077 2078 2079 2080 2081 2082 2083 2084 2085 2086 2087 2088 2089 2090 2091 2092 2093 2094 2095 2096 2097 2098 2099 2100 2101 2102 2103 2104 2105 2106 2107 2108 2109 2110 2111 2112 2113 2114 2115 2116 2117 2118 2119 2120 2121 2122 2123 2124 2125 2126 2127 2128 2129 2130 2131 2132 2133 2134 2135 2136 2137 2138 2139 2140 2141 2142 2143 2144 2145 2146 2147 2148 2149 2150 2151 2152 2153 2154 2155 2156 2157 2158 2159 2160 2161 2162 2163 2164 2165 2166 2167 2168 2169 2170 2171 2172 2173 2174 2175 2176 2177 2178 2179 2180 2181 2182 2183 2184 2185 2186 2187 2188 2189 2190 2191 2192 2193 2194 2195 2196 2197 2198 2199 2200 2201 2202 2203 2204 2205 2206 2207 2208 2209 2210 2211 2212 2213 2214 2215 2216 2217 2218 2219 2220 2221 2222 2223 2224 2225 2226 2227 2228 2229 2230 2231 2232 2233 2234 2235 2236 2237 2238 2239 2240 2241 2242 2243 2244 2245 2246 2247 2248 2249 2250 2251 2252 2253 2254 2255 2256 2257 2258 2259 2260 2261 2262 2263 2264 2265 2266 2267 2268 2269 2270 2271 2272 2273 2274 2275 2276 2277 2278 2279 2280 2281 2282 2283 2284 2285 2286 2287 2288 2289 2290 2291 2292 2293 2294 2295 2296 2297 2298 2299 2300 2301 2302 2303 2304 2305 2306 2307 2308 2309 2310 2311 2312 2313 2314 2315 2316 2317 2318 2319 2320 2321 2322 2323 2324 2325 2326 2327 2328 2329 2330 2331 2332 2333 2334 2335 2336 2337 2338 2339 2340 2341 2342 2343 2344 2345 2346 2347 2348 2349 2350 2351 2352 2353 2354 2355 2356 2357 2358 2359 2360 2361 2362 2363 2364 2365 2366 2367 2368 2369 2370 2371 2372 2373 2374 2375 2376 2377 2378 2379 2380 2381 2382 2383 2384 2385 2386 2387 2388 2389 2390 2391 2392 2393 2394 2395 2396 2397 2398 2399 2400 2401 2402 2403 2404 2405 2406 2407 2408 2409 2410 2411 2412 2413 2414 2415 2416 2417 2418 2419 2420 2421 2422 2423 2424 2425 2426 2427 2428 2429 2430 2431 2432 2433 2434 2435 2436 2437 2438 2439 2440 2441 2442 2443 2444 2445 2446 2447 2448 2449 2450 2451 2452 2453 2454 2455 2456 2457 2458 2459 2460 2461 2462 2463 2464 2465 2466 2467 2468 2469 2470 2471 2472 2473 2474 2475 2476 2477 2478 2479 2480 2481 2482 2483 2484 2485 2486 2487 2488 2489 2490 2491 2492 2493 2494 2495 2496 2497 2498 2499 2500 2501 2502 2503 2504 2505 2506 2507 2508 2509 2510 2511 2512 2513 2514 2515 2516 2517 2518 2519 2520 2521 2522 2523 2524 2525 2526 2527 2528 2529 2530 2531 2532 2533 2534 2535 2536 2537 2538 2539 2540 2541 2542 2543 2544 2545 2546 2547 2548 2549 2550 2551 2552 2553 2554 2555 2556 2557 2558 2559 2560 2561 2562 2563 2564 2565 2566 2567 2568 2569 2570 2571 2572 2573 2574 2575 2576 2577 2578 2579 2580 2581 2582 2583 2584 2585 2586 2587 2588 2589 2590 2591 2592 2593 2594 2595 2596 2597 2598 2599 2600 2601 2602 2603 2604 2605 2606 2607 2608 2609 2610 2611 2612 2613 2614 2615 2616 2617 2618 2619 2620 2621 2622 2623 2624 2625 2626 2627 2628 2629 2630 2631 2632 2633 2634 2635 2636 2637 2638 2639 2640 2641 2642 2643 2644 2645 2646 2647 2648 2649 2650 2651 2652 2653 2654 2655 2656 2657 2658 2659 2660 2661 2662 2663 2664 2665 2666 2667 2668 2669 2670 2671 2672 2673 2674 2675 2676 2677 2678 2679 2680 2681 2682 2683 2684 2685 2686 2687 2688 2689 2690 2691 2692 2693 2694 2695 2696 2697 2698 2699 2700 2701 2702 2703 2704 2705 2706 2707 2708 2709 2710 2711 2712 2713 2714 2715 2716 2717 2718 2719 2720 2721 2722 2723 2724 2725 2726 2727 2728 2729 2730 2731 2732 2733 2734 2735 2736 2737 2738 2739 2740 2741 2742 2743 2744 2745 2746 2747 2748 2749 2750 2751 2752 2753 2754 2755 2756 2757 2758 2759 2760 2761 2762 2763 2764 2765 2766 2767 2768 2769 2770 2771 2772 2773 2774 2775 2776 2777 2778 2779 2780 2781 2782 2783 2784 2785 2786 2787 2788 2789 2790 2791 2792 2793 2794 2795 2796 2797 2798 2799 2800 2801 2802 2803 2804 2805 2806 2807 2808 2809 2810 2811 2812 2813 2814 2815 2816 2817 2818 2819 2820 2821 2822 2823 2824 2825 2826 2827 2828 2829 2830 2831 2832 2833 2834 2835 2836 2837 2838 2839 2840 2841 2842 2843 2844 2845 2846 2847 2848 2849 2850 2851 2852 2853 2854 2855 2856 2857 2858 2859 2860 2861 2862 2863 2864 2865 2866 2867 2868 2869 2870 2871 2872 2873 2874 2875 2876 2877 2878 2879 2880 2881 2882 2883 2884 2885 2886 2887 2888 2889 2890 2891 2892 2893 2894 2895 2896 2897 2898 2899 2900 2901 2902 2903 2904 2905 2906 2907 2908 2909 2910 2911 2912 2913 2914 2915 2916 2917 2918 2919 2920 2921 2922 2923 2924 2925 2926 2927 2928 2929 2930 2931 2932 2933 2934 2935 2936 2937 2938 2939 2940 2941 2942 2943 2944 2945 2946 2947 2948 2949 2950 2951 2952 2953 2954 2955 2956 2957 2958 2959 2960 2961 2962 2963 2964 2965 2966 2967 2968 2969 2970 2971 2972 2973 2974 2975 2976 2977 2978 2979 2980 2981 2982 2983 2984 2985 2986 2987 2988 2989 2990 2991 2992 2993 2994 2995 2996 2997 2998 2999 3000 3001 3002 3003 3004 3005 3006 3007 3008 3009 3010 3011 3012 3013 3014 3015 3016 3017 3018 3019 3020 3021 3022 3023 3024 3025 3026 3027 3028 3029 3030 3031 3032 3033 3034 3035 3036 3037 3038 3039 3040 3041 3042 3043 3044 3045 3046 3047 3048 3049 3050 3051 3052 3053 3054 3055 3056 3057 3058 3059 3060 3061 3062 3063 3064 3065 3066 3067 3068 3069 3070 3071 3072 3073 3074 3075 3076 3077 3078 3079 3080 3081 3082 3083 3084 3085 3086 3087 3088 3089 3090 3091 3092 3093 3094 3095 3096 3097 3098 3099 3100 3101 3102 3103 3104 3105 3106 3107 3108 3109 3110 3111 3112 3113 3114 3115 3116 3117 3118 3119 3120 3121 3122 3123 3124 3125 3126 3127 3128 3129 3130 3131 3132 3133 3134 3135 3136 3137 3138 3139 3140 3141 3142 3143 3144 3145 3146 3147 3148 3149 3150 3151 3152 3153 3154 3155 3156 3157 3158 3159 3160 3161 3162 3163 3164 3165 3166 3167 3168 3169 3170 3171 3172 3173 3174 3175 3176 3177 3178 3179 3180 3181 3182 3183 3184 3185 3186 3187 3188 3189 3190 3191 3192 3193 3194 3195 3196 3197 3198 3199 3200 3201 3202 3203 3204 3205 3206 3207 3208 3209 3210 3211 3212 3213 3214 3215 3216 3217 3218 3219 3220 3221 3222 3223 3224 3225 3226 3227 3228 3229 3230 3231 3232 3233 3234 3235 3236 3237 3238 3239 3240 3241 3242 3243 3244 3245 3246 3247 3248 3249 3250 3251 3252 3253 3254 3255 3256 3257 3258 3259 3260 3261 3262 3263 3264 3265 3266 3267 3268 3269 3270 3271 3272 3273 3274 3275 3276 3277 3278 3279 3280 3281 3282 3283 3284 3285 3286 3287 3288 3289 3290 3291 3292 3293 3294 3295 3296 3297 3298 3299 3300 3301 3302 3303 3304 3305 3306 3307 3308 3309 3310 3311 3312 3313 3314 3315 3316 3317 3318 3319 3320 3321 3322 3323 3324 3325 3326 3327 3328 3329 3330 3331 3332 3333 3334 3335 3336 3337 3338 3339 3340 3341 3342 3343 3344 3345 3346 3347 3348 3349 3350 3351 3352 3353 3354 3355 3356 3357 3358 3359 3360 3361 3362 3363 3364 3365 3366 3367 3368 3369 3370 3371 3372 3373 3374 3375 3376 3377 3378 3379 3380 3381 3382 3383 3384 3385 3386 3387 3388 3389 3390 3391 3392 3393 3394 3395 3396 3397 3398 3399 3400 3401 3402 3403 3404 3405 3406 3407 3408 3409 3410 3411 3412 3413 3414 3415 3416 3417 3418 3419 3420 3421 3422 3423 3424 3425 3426 3427 3428 3429 3430 3431 3432 3433 3434 3435 3436 3437 3438 3439 3440 3441 3442 3443 3444 3445 3446 3447 3448 3449 3450 3451 3452 3453 3454 3455 3456 3457 3458 3459 3460 3461 3462 3463 3464 3465 3466 3467 3468 3469 3470 3471 3472 3473 3474 3475 3476 3477 3478 3479 3480 3481 3482 3483 3484 3485 3486 3487 3488 3489 3490 3491 3492 3493 3494 3495 3496 3497 3498 3499 3500 3501 3502 3503 3504 3505 3506 3507 3508 3509 3510 3511 3512 3513 3514 3515 3516 3517 3518 3519 3520 3521 3522 3523 3524 3525 3526 3527 3528 3529 3530 3531 3532 3533 3534 3535 3536 3537 3538 3539 3540 3541 3542 3543 3544 3545 3546 3547 3548 3549 3550 3551 3552 3553 3554 3555 3556 3557 3558 3559 3560 3561 3562 3563 3564 3565 3566 3567 3568 3569 3570 3571 3572 3573 3574 3575 3576 3577 3578 3579 3580 3581 3582 3583 3584 3585 3586 3587 3588 3589 3590 3591 3592 3593 3594 3595 3596 3597 3598 3599 3600 3601 3602 3603 3604 3605 3606 3607 3608 3609 3610 3611 3612 3613 3614 3615 3616 3617 3618 3619 3620 3621 3622 3623 3624 3625 3626 3627 3628 3629 3630 3631 3632 3633 3634 3635 3636 3637 3638 3639 3640 3641 3642 3643 3644 3645 3646 3647 3648 3649 3650 3651 3652 3653 3654 3655 3656 3657 3658 3659 3660 3661 3662 3663 3664 3665 3666 3667 3668 3669 3670 3671 3672 3673 3674 3675 3676 3677 3678 3679 3680 3681 3682 3683 3684 3685 3686 3687 3688 3689 3690 3691 3692 3693 3694 3695 3696 3697 3698 3699 3700 3701 3702 3703 3704 3705 3706 3707 3708 3709 3710 3711 3712 3713 3714 3715 3716 3717 3718 3719 3720 3721 3722 3723 3724 3725 3726 3727 3728 3729 3730 3731 3732 3733 3734 3735 3736 3737 3738 3739 3740 3741 3742 3743 3744 3745 3746 3747 3748 3749 3750 3751 3752 3753 3754 3755 3756 3757 3758 3759 3760 3761 3762 3763 3764 3765 3766 3767 3768 3769 3770 3771 3772 3773 3774 3775 3776 3777 3778 3779 3780 3781 3782 3783 3784 3785 3786 3787 3788 3789 3790 3791 3792 3793 3794 3795 3796 3797 3798 3799 3800 3801 3802 3803 3804 3805 3806 3807 3808 3809 3810 3811 3812 3813 3814 3815 3816 3817 3818 3819 3820 3821 3822 3823 3824 3825 3826 3827 3828 3829 3830 3831 3832 3833 3834 3835 3836 3837 3838 3839 3840 3841 3842 3843 3844 3845 3846 3847 3848 3849 3850 3851 3852 3853 3854 3855 3856 3857 3858 3859 3860 3861 3862 3863 3864 3865 3866 3867 3868 3869 3870 3871 3872 3873 3874 3875 3876 3877 3878 3879 3880 3881 3882 3883 3884 3885 3886 3887 3888 3889 3890 3891 3892 3893 3894 3895 3896 3897 3898 3899 3900 3901 3902 3903 3904 3905 3906 3907 3908 3909 3910 3911 3912 3913 3914 3915 3916 3917 3918 3919 3920 3921 3922 3923 3924 3925 3926 3927 3928 3929 3930 3931 3932 3933 3934 3935 3936 3937 3938 3939 3940 3941 3942 3943 3944 3945 3946 3947 3948 3949 3950 3951 3952 3953 3954 3955 3956 3957 3958 3959 3960 3961 3962 3963 3964 3965 3966 3967 3968 3969 3970 3971 3972 3973 3974 3975 3976 3977 3978 3979 3980 3981 3982 3983 3984 3985 3986 3987 3988 3989 3990 3991 3992 3993 3994 3995 3996 3997 3998 3999 4000 4001 4002 4003 4004 4005 4006 4007 4008 4009 4010 4011 4012 4013 4014 4015 4016 4017 4018 4019 4020 4021 4022 4023 4024 4025 4026 4027 4028 4029 4030 4031 4032 4033 4034 4035 4036 4037 4038 4039 4040 4041 4042 4043 4044 4045 4046 4047 4048 4049 4050 4051 4052 4053 4054 4055 4056 4057 4058 4059 4060 4061 4062 4063 4064 4065 4066 4067 4068 4069 4070 4071 4072 4073 4074 4075 4076 4077 4078 4079 4080 4081 4082 4083 4084 4085 4086 4087 4088 4089 4090 4091 4092 4093 4094 4095 4096 4097 4098 4099 4100 4101 4102 4103 4104 4105 4106 4107 4108 4109 4110 4111 4112 4113 4114 4115 4116 4117 4118 4119 4120 4121 4122 4123 4124 4125 4126 4127 4128 4129 4130 4131 4132 4133 4134 4135 4136 4137 4138 4139 4140 4141 4142 4143 4144 4145 4146 4147 4148 4149 4150 4151 4152 4153 4154 4155 4156 4157 4158 4159 4160 4161 4162 4163 4164 4165 4166 4167 4168 4169 4170 4171 4172 4173 4174 4175 4176 4177 4178 4179 4180 4181 4182 4183 4184 4185 4186 4187 4188 4189 4190 4191 4192 4193 4194 4195 4196 4197 4198 4199 4200 4201 4202 4203 4204 4205 4206 4207 4208 4209 4210 4211 4212 4213 4214 4215 4216 4217 4218 4219 4220 4221 4222 4223 4224 4225 4226 4227 4228 4229 4230 4231 4232 4233 4234 4235 4236 4237 4238 4239 4240 4241 4242 4243 4244 4245 4246 4247 4248 4249 4250 4251 4252 4253 4254 4255 4256 4257 4258 4259 4260 4261 4262 4263 4264 4265 4266 4267 4268 4269 4270 4271 4272 4273 4274 4275 4276 4277 4278 4279 4280 4281 4282 4283 4284 4285 4286 4287 4288 4289 4290 4291 4292 4293 4294 4295 4296 4297 4298 4299 4300 4301 4302 4303 4304 4305 4306 4307 4308 4309 4310 4311 4312 4313 4314 4315 4316 4317 4318 4319 4320 4321 4322 4323 4324 4325 4326 4327 4328 4329 4330 4331 4332 4333 4334 4335 4336 4337 4338 4339 4340 4341 4342 4343 4344 4345 4346 4347 4348 4349 4350 4351 4352 4353 4354 4355 4356 4357 4358 4359 4360 4361 4362 4363 4364 4365 4366 4367 4368 4369 4370 4371 4372 4373 4374 4375 4376 4377 4378 4379 4380 4381 4382 4383 4384 4385 4386 4387 4388 4389 4390 4391 4392 4393 4394 4395 4396 4397 4398 4399 4400 4401 4402 4403 4404 4405 4406 4407 4408 4409 4410 4411 4412 4413 4414 4415 4416 4417 4418 4419 4420 4421 4422 4423 4424 4425 4426 4427 4428 4429 4430 4431 4432 4433 4434 4435 4436 4437 4438 4439 4440 4441 4442 4443 4444 4445 4446 4447 4448 4449 4450 4451 4452 4453 4454 4455 4456 4457 4458 4459 4460 4461 4462 4463 4464 4465 4466 4467 4468 4469 4470 4471 4472 4473 4474 4475 4476 4477 4478 4479 4480 4481 4482 4483 4484 4485 4486 4487 4488 4489 4490 4491 4492 4493 4494 4495 4496 4497 4498 4499 4500 4501 4502 4503 4504 4505 4506 4507 4508 4509 4510 4511 4512 4513 4514 4515 4516 4517 4518 4519 4520 4521 4522 4523 4524 4525 4526 4527 4528 4529 4530 4531 4532 4533 4534 4535 4536 4537 4538 4539 4540 4541 4542 4543 4544 4545 4546 4547 4548 4549 4550 4551 4552 4553 4554 4555 4556 4557 4558 4559 4560 4561 4562 4563 4564 4565 4566 4567 4568 4569 4570 4571 4572 4573 4574 4575 4576 4577 4578 4579 4580 4581 4582 4583 4584 4585 4586 4587 4588 4589 4590 4591 4592 4593 4594 4595 4596 4597 4598 4599 4600 4601 4602 4603 4604 4605 4606 4607 4608 4609 4610 4611 4612 4613 4614 4615 4616 4617 4618 4619 4620 4621 4622 4623 4624 4625 4626 4627 4628 4629 4630 4631 4632 4633 4634 4635 4636 4637 4638 4639 4640 4641 4642 4643 4644 4645 4646 4647 4648 4649 4650 4651 4652 4653 4654 4655 4656 4657 4658 4659 4660 4661 4662 4663 4664
p1:1 A 0 1 2 3 4 5 6 7 8 9 10 11 12 13 14 15 16 17 18 19 20 21 22 23 24 25 26 27 28 29 30 31 32 33 34 35 36 37 38 39 40 41 42 43 44 45 46 47 48 49 50 51 52 53 54 55 56 57 58 59 60 61 62 63 64 65 66 67 68 69 70 71 72 73 74 75 76 77 78 79 80 81 82 83 84 85 86 87 88 89 90 91 92 93 94 95 96 97 98 99 100 101 102 103 104 105 106 107 108 109 110 111 112 113 114 115 116 117 118 119 120 121 122 123 124 125 126 127 128 129 130 131 132 133 134 135 136 137 138 139 140 141 142 143 144 145 146 147 148 149 150 151 152 153 154 155 156 157 158 159 160 161 162 163 164 165 166 167 168 169 170 171 172 173 174 175 176 177 178 179 180 181 182 183 184 185 186 187 188 189 190 191 192 193 194 195 196 197 198 199 200 201 202 203 204 205 206 207 208 209 210 211 212 213 214 215 216 217 218 219 220 221 222 223 224 225 226 227 228 229 230 231 232 233 234 235 236 237 238 239 240 241 242 243 244 245 246 247 248 249 250 251 252 253 254 255 256 257 258 259 260 261 262 263 264 265 266 267 268 269 270 271 272 273 274 275 276 277 278 279 280 281 282 283 284 285 286 287 288 289 290 291 292 293 294 295 296 297 298 299 300 301 302 303 304 305 306 307 308 309 310 311 312 313 314 315 316 317 318 319 320 321 322 323 324 325 326 327 328 329 330 331 332 333 334 335 336 337 338 339 340 341 342 343 344 345 346 347 348 349 350 351 352 353 354 355 356 357 358 359 360 361 362 363 364 365 366 367 368 369 370 371 372 373 374 375 376 377 378 379 380 381 382 383 384 385 386 387 388 389 390 391 392 393 394 395 396 397 398 399 400 401 402 403 404 405 406 407 408 409 410 411 412 413 414 415 416 417 418 419 420 421 422 423 424 425 426 427 428 429 430 431 432 433 434 435 436 437 438 439 440 441 442 443 444 445 446 447 448 449 450 451 452 453 454 455 456 457 458 459 460 461 462 463 464 465 466 467 468 469 470 471 472 473 474 475 476 477 478 479 480 481 482 483 484 485 486 487 488 489 490 491 492 493 494 495 496 497 498 499 500 501 502 503 504 505 506 507 508 509 510 511 512 513 514 515 516 517 518 519 520 521 522 523 524 525 526 527 528 529 530 531 532 533 534 535 536 537 538 539 540 541 542 543 544 545 546 547 548 549 550 551 552 553 554 555 556 557 558 559 560 561 562 563 564 565 566 567 568 569 570 571 572 573 574 575 576 577 578 579 580 581 582 583 584 585 586 587 588 589 590 591 592 593 594 595 596 597 598 599 600 601 602 603 604 605 606 607 608 609 610 611 612 613 614 615 616 617 618 619 620 621 622 623 624 625 626 627 628 629 630 631 632 633 634 635 636 637 638 639 640 641 642 643 644 645 646 647 648 649 650 651 652 653 654 655 656 657 658 659 660 661 662 663 664 665 666 667 668 669 670 671 672 673 674 675 676 677 678 679 680 681 682 683 684 685 686 687 688 689 690 691 692 693 694 695 696 697 698 699 700 701 702 703 704 705 706 707 708 709 710 711 712 713 714 715 716 717 718 719 720 721 722 723 724 725 726 727 728 729 730 731 732 733 734 735 736 737 738 739 740 741 742 743 744 745 746 747 748 749 750 751 752 753 754 755 756 757 758 759 760 761 762 763 764 765 766 767 768 769 770 771 772 773 774 775 776 777 778 779 780 781 782 783 784 785 786 787 788 789 790 791 792 793 794 795 796 797 798 799 800 801 802 803 804 805 806 807 808 809 810 811 812 813 814 815 816 817 818 819 820 821 822 823 824 825 826 827 828 829 830 831 832 833 834 835 836 837 838 839 840 841 842 843 844 845 846 847 848 849 850 851 852 853 854 855 856 857 858 859 860 861 862 863 864 865 866 867 868 869 870 871 872 873 874 875 876 877 878 879 880 881 882 883 884 885 886 887 888 889 890 891 892 893 894 895 896 897 898 899 900 901 902 903 904 905 906 907 908 909 910 911 912 913 914 915 916 917 918 919 920 921 922 923 924 925 926 927 928 929 930 931 932 933 934 935 936 937 938 939 940 941 942 943 944 945 946 947 948 949 950 951 952 953 954 955 956 957 958 959 960 961 962 963 964 965 966 967 968 969 970 971 972 973 974 975 976 977 978 979 980 981 982 983 984 985 986 987 988 989 990 991 992 993 994 995 996 997 998 999 1000 1001 1002 1003 1004 1005 1006 1007 1008 1009 1010 1011 1012 1013 1014 1015 1016 1017 1018 1019 1020 1021 1022 1023 1024 1025 1026 1027 1028 1029 1030 1031 1032 1033 1034 1035 1036 1037 1038 1039 1040 1041 1042 1043 1044 1045 1046 1047 1048 1049 1050 1051 1052 1053 1054 1055 1056 1057 1058 1059 1060 1061 1062 1063 1064 1065 1066 1067 1068 1069 1070 1071 1072 1073 1074 1075 1076 1077 1078 1079 1080 1081 1082 1083 1084 1085 1086 1087 1088 1089 1090 1091 1092 1093 1094 1095 1096 1097 1098 1099 1100 1101 1102 1103 1104 1105 1106 1107 1108 1109 1110 1111 1112 1113 1114 1115 1116 1117 1118 1119 1120 1121 1122 1123 1124 1125 1126 1127 1128 1129 1130 1131 1132 1133 1134 1135 1136 1137 1138 1139 1140 1141 1142 1143 1144 1145 1146 1147 1148 1149 1150 1151 1152 1153 1154 1155 1156 1157 1158 1159 1160 1161 1162 1163 1164 1165 1166 1167 1168 1169 1170 1171 1172 1173 1174 1175 1176 1177 1178 1179 1180 1181 1182 1183 1184 1185 1186 1187 1188 1189 1190 1191 1192 1193 1194 1195 1196 1197 1198 1199 1200 1201 1202 1203 1204 1205 1206 1207 1208 1209 1210 1211 1212 1213 1214 1215 1216 1217 1218 1219 1220 1221 1222 1223 1224 1225 1226 1227 1228 1229 1230 1231 1232 1233 1234 1235 1236 1237 1238 1239 1240 1241 1242 1243 1244 1245 1246 1247 1248 1249 1250 1251 4665 1252 1253 1254 1255 1256 1257 1258 1259 1260 1261 1262 1263 1264 1265 1266 1267 1268 1269 1270 1271 1272 1273 1274 1275 1276 1277 1278 1279 1280 1281 1282 1283 1284 1285 1286 1287 1288 1289 1290 1291 1292 1293 1294 1295 1296 1297 1298 1299 1300 1301 1302 1303 1304 1305 1306 1307 1308 1309 1310 1311 1312 1313 1314 1315 1316 1317 1318 1319 1320 1321 1322 1323 1324 1325 1326 1327 1328 1329 1330 1331 1332 1333 1334 1335 1336 1337 1338 1339 1340 1341 1342 1343 1344 1345 1346 1347 1348 1349 1350 1351 1352 1353 1354 1355 1356 1357 1358 1359 1360 1361 1362 1363 1364 1365 1366 1367 1368 1369 1370 1371 1372 1373 1374 1375 1376 1377 1378 1379 1380 1381 1382 1383 1384 1385 1386 1387 1388 1389 1390 1391 1392 1393 1394 1395 1396 1397 1398 1399 1400 1401 1402 1403 1404 1405 1406 1407 1408 1409 1410 1411 1412 1413 1414 1415 1416 1417 1418 1419 1420 1421 1422 1423 1424 1425 1426 1427 1428 1429 1430 1431 1432 1433 1434 1435 1436 1437 1438 1439 1440 1441 1442 1443 1444 1445 1446 1447 1448 1449 1450 1451 1452 1453 1454 1455 1456 1457 1458 1459 1460 1461 1462 1463 1464 1465 1466 1467 1468 1469 1470 1471 1472 1473 1474 1475 1476 1477 1478 1479 1480 1481 1482 1483 1484 1485 1486 1487 1488 1489 1490 1491 1492 1493 1494 1495 1496 1497 1498 1499 1500 1501 1502 1503 1504 1505 1506 1507 1508 1509 1510 1511 1512 1513 1514 1515 1516 1517 1518 1519 1520 1521 1522 1523 1524 1525 1526 1527 1528 1529 1530 1531 1532 1533 1534 1535 1536 1537 1538 1539 1540 1541 1542 1543 1544 1545 1546 1547 1548 1549 1550 1551 1552 1553 1554 1555 1556 1557 1558 1559 1560 1561 1562 1563 1564 1565 1566 1567 1568 1569 1570 1571 1572 1573 1574 1575 1576 1577 1578 1579 1580 1581 1582 1583 1584 1585 1586 1587 1588 1589 1590 1591 1592 1593 1594 1595 1596 1597 1598 1599 1600 1601 1602 1603 1604 1605 1606 1607 1608 1609 1610 1611 1612 1613 1614 1615 1616 1617 1618 1619 1620 1621 1622 1623 1624 1625 1626 1627 1628 1629 1630 1631 1632 1633 1634 1635 1636 1637 1638 1639 1640 1641 1642 1643 1644 1645 1646 1647 1648 1649 1650 1651 1652 1653 1654 1655 1656 1657 1658 1659 1660 1661 1662 1663 1664 1665 1666 1667 1668 1669 1670 1671 1672 1673 1674 1675 1676 1677 1678 1679 1680 1681 1682 1683 1684 1685 1686 1687 1688 1689 1690 1691 1692 1693 1694 1695 1696 1697 1698 1699 1700 1701 1702 1703 1704 1705 1706 1707 1708 1709 1710 1711 1712 1713 1714 1715 1716 1717 1718 1719 1720 1721 1722 1723 1724 1725 1726 1727 1728 1729 1730 1731 1732 1733 1734 1735 1736 1737 1738 1739 1740 1741 1742 1743 1744 1745 1746 1747 1748 1749 1750 1751 1752 1753 1754 1755 1756 1757 1758 1759 1760 1761 1762 1763 1764 1765 1766 1767 1768 1769 1770 1771 1772 1773 1774 1775 1776 1777 1778 1779 1780 1781 1782 1783 1784 1785 1786 1787 1788 1789 1790 1791 1792 1793 1794 1795 1796 1797 1798 1799 1800 1801 1802 1803 1804 1805 1806 1807 1808 1809 1810 1811 1812 1813 1814 1815 1816 1817 1818 1819 1820 1821 1822 1823 1824 1825 1826 1827 1828 1829 1830 1831 1832 1833 1834 1835 1836 1837 1838 1839 1840 1841 1842 1843 1844 1845 1846 1847 1848 1849 1850 1851 1852 1853 1854 1855 1856 1857 1858 1859 1860 1861 1862 1863 1864 1865 1866 1867 1868 1869 1870 1871 1872 1873 1874 1875 1876 1877 1878 1879 1880 1881 1882 1883 1884 1885 1886 1887 1888 1889 1890 1891 1892 1893 1894 1895 1896 1897 1898 1899 1900 1901 1902 1903 1904 1905 1906 1907 1908 1909 1910 1911 1912 1913 1914 1915 1916 1917 1918 1919 1920 1921 1922 1923 1924 1925 1926 1927 1928 1929 1930 1931 1932 1933 1934 1935 1936 1937 1938 1939 1940 1941 1942 1943 1944 1945 1946 1947 1948 1949 1950 1951 1952 1953 1954 1955 1956 1957 1958 1959 1960 1961 1962 1963 1964 1965 1966 1967 1968 1969 1970 1971 1972 1973 1974 1975 1976 1977 1978 1979 1980 1981 1982 1983 1984 1985 1986 1987 1988 1989 1990 1991 1992 1993 1994 1995 1996 1997 1998 1999 2000 2001 2002 2003 2004 2005 2006 2007 2008 2009 2010 2011 2012 2013 2014 2015 2016 2017 2018 2019 2020 2021 2022 2023 2024 2025 2026 2027 2028 2029 2030 2031 2032 2033 2034 2035 2036 2037 2038 2039 2040 2041 2042 2043 2044 2045 2046 2047 2048 2049 2050 2051 2052 2053 2054 2055 2056 2057 2058 2059 2060 2061 2062 2063 2064 2065 2066 2067 2068 2069 2070 2071 2072 2073 2074 2075 2076 2077 2078 2079 2080 2081 2082 2083 2084 2085 2086 2087 2088 2089 2090 2091 2092 2093 2094 2095 2096 2097 2098 2099 2100 2101 2102 2103 2104 2105 2106 2107 2108 2109 2110 2111 2112 2113 2114 2115 2116 2117 2118 2119 2120 2121 2122 2123 2124 2125 2126 2127 2128 2129 2130 2131 2132 2133 2134 2135 2136 2137 2138 2139 2140 2141 2142 2143 2144 2145 2146 2147 2148 2149 2150 2151 2152 2153 2154 2155 2156 2157 2158 2159 2160 2161 2162 2163 2164 2165 2166 2167 2168 2169 2170 2171 2172 2173 2174 2175 2176 2177 2178 2179 2180 2181 2182 2183 2184 2185 4666 2186 2187 2188 2189 2190 2191 2192 2193 2194 2195 2196 2197 2198 2199 2200 2201 2202 2203 2204 2205 2206 2207 2208 2209 2210 2211 2212 2213 2214 2215 2216 2217 2218 2219 2220 2221 2222 2223 2224 2225 2226 2227 2228 2229 2230 2231 2232 2233 2234 2235 2236 2237 2238 2239 2240 2241 2242 2243 2244 2245 2246 2247 2248 2249 2250 2251 2252 2253 2254 2255 2256 2257 2258 2259 2260 2261 2262 2263 2264 2265 2266 2267 2268 2269 2270 2271 2272 2273 2274 2275 2276 2277 2278 2279 2280 2281 2282 2283 2284 2285 2286 2287 2288 2289 2290 2291 2292 2293 2294 2295 2296 2297 2298 2299 2300 2301 2302 2303 2304 2305 2306 2307 2308 2309 2310 2311 2312 2313 2314 2315 2316 2317 2318 2319 2320 2321 2322 2323 2324 2325 2326 2327 2328 2329 2330 2331 2332 2333 2334 2335 2336 2337 2338 2339 2340 2341 2342 2343 2344 2345 2346 2347 2348 2349 2350 2351 2352 2353 2354 2355 2356 2357 2358 2359 2360 2361 2362 2363 2364 2365 2366 2367 2368 2369 2370 2371 2372 2373 2374 2375 2376 2377 2378 2379 2380 2381 2382 2383 2384 2385 2386 2387 2388 2389 2390 2391 2392 2393 2394 2395 2396 2397 2398 2399 2400 2401 2402 2403 2404 2405 2406 2407 2408 2409 2410 2411 2412 2413 2414 2415 2416 2417 2418 2419 2420 2421 2422 2423 2424 2425 2426 2427 2428 2429 2430 2431 2432 2433 2434 2435 2436 2437 2438 2439 2440 2441 2442 2443 2444 2445 2446 2447 2448 2449 2450 2451 2452 2453 2454 2455 2456 2457 2458 2459 2460 2461 2462 2463 2464 2465 2466 2467 2468 2469 2470 2471 2472 2473 2474 2475 2476 2477 2478 2479 2480 2481 2482 2483 2484 2485 2486 2487 2488 2489 2490 2491 2492 2493 2494 2495 2496 2497 2498 2499 2500 2501 2502 2503 2504 2505 2506 2507 2508 2509 2510 2511 2512 2513 2514 2515 2516 2517 2518 2519 2520 2521 2522 2523 2524 2525 2526 2527 2528 2529 2530 2531 2532 2533 2534 2535 2536 2537 2538 2539 2540 2541 2542 2543 2544 2545 2546 2547 2548 2549 2550 2551 2552 2553 2554 2555 2556 2557 2558 2559 2560 2561 2562 2563 2564 2565 2566 2567 2568 2569 2570 2571 2572 2573 2574 2575 2576 2577 2578 2579 2580 2581 2582 2583 2584 2585 2586 2587 2588 2589 2590 2591 2592 2593 2594 2595 2596 2597 2598 2599 2600 2601 2602 2603 2604 2605 2606 2607 2608 2609 2610 2611 2612 2613 2614 2615 2616 2617 2618 2619 2620 2621 2622 2623 2624 2625 2626 2627 2628 2629 2630 2631 2632 2633 2634 2635 2636 2637 2638 2639 2640 2641 2642 2643 2644 2645 2646 2647 2648 2649 2650 2651 2652 2653 2654 2655 2656 2657 2658 2659 2660 2661 2662 2663 2664 2665 2666 2667 2668 2669 2670 2671 2672 2673 2674 2675 2676 2677 2678 2679 2680 2681 2682 2683 2684 2685 2686 2687 2688 2689 2690 2691 2692 2693 2694 2695 2696 2697 2698 2699 2700 2701 2702 2703 2704 2705 2706 2707 2708 2709 2710 2711 2712 2713 2714 2715 2716 2717 2718 2719 2720 2721 2722 2723 2724 2725 2726 2727 2728 2729 2730 2731 2732 2733 2734 2735 2736 2737 2738 2739 2740 2741 2742 2743 2744 2745 2746 2747 2748 2749 2750 2751 2752 2753 2754 2755 2756 2757 2758 2759 2760 2761 2762 2763 2764 2765 2766 2767 2768 2769 2770 2771 2772 2773 2774 2775 2776 2777 2778 2779 2780 2781 2782 2783 2784 2785 2786 2787 2788 2789 2790 2791 2792 2793 2794 2795 2796 2797 2798 2799 2800 2801 2802 2803 2804 2805 2806 2807 2808 2809 2810 2811 2812 2813 2814 2815 2816 2817 2818 2819 2820 2821 2822 2823 2824 2825 2826 2827 2828 2829 2830 2831 2832 2833 2834 2835 2836 2837 2838 2839 2840 2841 2842 2843 2844 2845 2846 2847 2848 2849 2850 2851 2852 2853 2854 2855 2856 2857 2858 2859 2860 2861 2862 2863 2864 2865 2866 2867 2868 2869 2870 2871 2872 2873 2874 2875 2876 2877 2878 2879 2880 2881 2882 2883 2884 2885 2886 2887 2888 2889 2890 2891 2892 2893 2894 2895 2896 2897 2898 2899 2900 2901 2902 2903 2904 2905 2906 2907 2908 2909 2910 2911 2912 2913 2914 2915 2916 2917 2918 2919 2920 2921 2922 2923 2924 2925 2926 2927 2928 2929 2930 2931 2932 2933 2934 2935 2936 2937 2938 2939 2940 2941 2942 2943 2944 2945 2946 2947 2948 2949 2950 2951 2952 2953 2954 2955 2956 2957 2958 2959 2960 2961 2962 2963 2964 2965 2966 2967 2968 2969 2970 2971 2972 2973 2974 2975 2976 2977 2978 2979 2980 2981 2982 2983 2984 2985 2986 2987 2988 2989 2990 2991 2992 2993 2994 2995 2996 2997 2998 2999 3000 3001 3002 3003 3004 3005 3006 3007 3008 3009 3010 3011 3012 3013 3014 3015 3016 3017 3018 3019 3020 3021 3022 3023 3024 3025 3026 3027 3028 3029 3030 3031 3032 3033 3034 3035 3036 3037 3038 3039 3040 3041 3042 3043 3044 3045 3046 3047 3048 3049 3050 3051 3052 3053 3054 3055 3056 3057 3058 3059 3060 3061 3062 3063 3064 3065 3066 3067 3068 3069 3070 3071 3072 3073 3074 3075 3076 3077 3078 3079 3080 3081 3082 3083 3084 3085 3086 3087 3088 3089 3090 3091 3092 3093 3094 3095 3096 3097 3098 3099 3100 3101 3102 3103 3104 3105 3106 3107 3108 3109 3110 3111 3112 3113 3114 3115 3116 3117 3118 3119 3120 3121 3122 3123 3124 3125 3126 3127 3128 3129 3130 3131 3132 3133 3134 3135 3136 3137 3138 3139 3140 3141 3142 3143 3144 3145 3146 3147 3148 3149 3150 3151 3152 3153 3154 3155 3156 3157 3158 3159 3160 3161 3162 3163 3164 3165 3166 3167 3168 3169 3170 3171 3172 3173 3174 3175 3176 3177 3178 3179 3180 3181 3182 3183 3184 3185 3186 3187 3188 3189 3190 3191 3192 3193 3194 3195 3196 3197 3198 3199 3200 3201 3202 3203 3204 3205 3206 3207 3208 3209 3210 3211 3212 3213 3214 3215 3216 3217 3218 3219 3220 3221 3222 3223 3224 3225 3226 3227 3228 3229 3230 3231 3232 3233 3234 3235 3236 3237 3238 3239 3240 3241 3242 3243 3244 3245 3246 3247 3248 3249 3250 3251 3252 3253 3254 3255 3256 3257 3258 3259 3260 3261 3262 3263 3264 3265 3266 3267 3268 3269 3270 3271 3272 3273 3274 3275 3276 3277 3278 3279 3280 3281 3282 3283 3284 3285 3286 3287 3288 3289 3290 3291 3292 3293 3294 3295 3296 3297 3298 3299 3300 4667 3301 3302 3303 3304 3305 3306 3307 3308 3309 3310 3311 3312 3313 3314 3315 3316 3317 3318 3319 3320 3321 3322 3323 3324 3325 3326 3327 3328 3329 3330 3331 3332 3333 3334 3335 3336 3337 3338 3339 3340 3341 3342 3343 3344 3345 3346 3347 3348 3349 3350 3351 3352 3353 3354 3355 3356 3357 3358 3359 3360 3361 3362 3363 3364 3365 3366 3367 3368 3369 3370 3371 3372 3373 3374 3375 3376 3377 3378 3379 3380 3381 3382 3383 3384 3385 3386 3387 3388 3389 3390 3391 3392 3393 3394 3395 3396 3397 3398 3399 3400 3401 3402 3403 3404 3405 3406 3407 3408 3409 3410 3411 3412 3413 3414 3415 3416 3417 3418 3419 3420 3421 3422 3423 3424 3425 3426 3427 3428 3429 3430 3431 3432 3433 3434 3435 3436 3437 3438 3439 3440 3441 3442 3443 3444 3445 3446 3447 3448 3449 3450 3451 3452 3453 3454 3455 3456 3457 3458 3459 3460 3461 3462 3463 3464 3465 3466 3467 3468 3469 3470 3471 3472 3473 3474 3475 3476 3477 3478 3479 3480 3481 3482 3483 3484 3485 3486 3487 3488 3489 3490 3491 3492 3493 3494 3495 3496 3497 3498 3499 4668 3500 3501 3502 3503 3504 3505 3506 3507 3508 3509 3510 3511 3512 3513 3514 3515 3516 3517 3518 3519 3520 3521 3522 3523 3524 3525 3526 3527 3528 3529 3530 3531 3532 3533 3534 3535 3536 3537 3538 3539 3540 3541 3542 3543 3544 3545 3546 3547 3548 3549 3550 3551 3552 3553 3554 3555 3556 3557 3558 3559 3560 3561 3562 3563 3564 3565 3566 3567 3568 3569 3570 3571 3572 3573 3574 3575 3576 3577 3578 3579 3580 3581 3582 3583 3584 3585 3586 3587 3588 3589 3590 3591 3592 3593 3594 3595 3596 3597 3598 3599 3600 3601 3602 3603 3604 3605 3606 3607 3608 3609 3610 3611 3612 3613 3614 3615 3616 3617 3618 3619 3620 3621 3622 3623 3624 3625 3626 3627 3628 3629 3630 3631 3632 3633 3634 3635 3636 3637 3638 3639 3640 3641 3642 3643 3644 3645 3646 3647 3648 3649 3650 3651 3652 3653 3654 3655 3656 3657 3658 3659 3660 3661 3662 3663 3664 3665 3666 3667 3668 3669 3670 3671 3672 3673 3674 3675 3676 3677 3678 3679 3680 3681 3682 3683 3684 3685 3686 3687 3688 3689 3690 3691 3692 3693 3694 3695 3696 3697 3698 3699 3700 3701 3702 3703 3704 3705 3706 3707 3708 3709 3710 3711 3712 3713 3714 3715 3716 3717 3718 3719 3720 3721 3722 3723 3724 3725 3726 3727 3728 3729 3730 3731 3732 3733 3734 3735 3736 3737 3738 3739 3740 3741 3742 3743 3744 3745 3746 3747 3748 3749 3750 3751 3752 3753 3754 3755 3756 3757 3758 3759 3760 3761 3762 3763 3764 3765 3766 3767 3768 3769 3770 3771 3772 3773 3774 3775 3776 3777 3778 3779 3780 3781 3782 3783 3784 3785 3786 3787 3788 3789 3790 3791 3792 3793 3794 3795 3796 3797 3798 3799 3800 3801 3802 3803 3804 3805 3806 3807 3808 3809 3810 3811 3812 3813 3814 3815 3816 3817 3818 3819 3820 3821 3822 3823 3824 3825 3826 3827 3828 3829 3830 3831 3832 3833 3834 3835 3836 3837 3838 3839 3840 3841 3842 3843 3844 3845 3846 3847 3848 3849 3850 3851 3852 3853 3854 3855 3856 3857 3858 3859 3860 3861 3862 3863 3864 3865 3866 3867 3868 3869 3870 3871 3872 3873 3874 3875 3876 3877 3878 3879 3880 3881 3882 3883 3884 3885 3886 3887 3888 3889 3890 3891 3892 3893 3894 3895 3896 3897 3898 3899 3900 3901 3902 3903 3904 3905 3906 3907 3908 3909 3910 3911 3912 3913 3914 3915 3916 3917 3918 3919 3920 3921 3922 3923 3924 3925 3926 3927 3928 3929 3930 3931 3932 3933 3934 3935 3936 3937 3938 3939 3940 3941 3942 3943 3944 3945 3946 3947 3948 3949 3950 3951 3952 3953 3954 3955 3956 4669 3957 3958 3959 3960 3961 3962 3963 3964 3965 3966 3967 3968 3969 3970 3971 3972 3973 3974 3975 3976 3977 3978 3979 3980 3981 3982 3983 3984 3985 3986 3987 3988 3989 3990 3991 3992 3993 3994 3995 3996 3997 3998 3999 4000 4001 4002 4003 4004 4005 4006 4007 4008 4009 4010 4011 4012 4013 4014 4015 4016 4017 4018 4019 4020 4021 4022 4023 4024 4025 4026 4027 4028 4029 4030 4031 4032 4033 4034 4035 4036 4037 4038 4039 4040 4041 4042 4043 4044 4045 4046 4047 4048 4049 4050 4051 4052 4053 4054 4055 4056 4057 4058 4059 4060 4061 4062 4063 4064 4065 4066 4067 4068 4069 4070 4071 4072 4073 4074 4075 4076 4077 4078 4079 4080 4081 4082 4083 4084 4085 4086 4087 4088 4089 4090 4091 4092 4093 4094 4095 4096 4097 4098 4099 4100 4101 4102 4103 4104 4105 4106 4107 4108 4109 4110 4111 4112 4113 4114 4115 4116 4117 4118 4119 4120 4121 4122 4123 4124 4125 4126 4127 4128 4129 4130 4131 4132 4133 4134 4135 4136 4137 4138 4139 4140 4141 4142 4143 4144 4145 4146 4147 4148 4149 4150 4151 4152 4153 4154 4155 4156 4157 4158 4159 4160 4161 4162 4163 4164 4165 4166 4167 4168 4169 4170 4171 4172 4173 4174 4175 4176 4177 4178 4179 4180 4181 4182 4183 4184 4185 4186 4187 4188 4189 4190 4191 4192 4193 4194 4195 4196 4197 4198 4199 4200 4201 4202 4203 4204 4205 4206 4207 4208 4209 4210 4211 4212 4213 4214 4215 4216 4217 4218 4219 4220 4221 4222 4223 4224 4225 4226 4227 4228 4229 4230 4231 4232 4233 4234 4235 4236 4237 4238 4239 4240 4241 4242 4243 4244 4245 4246 4247 4248 4249 4250 4251 4252 4253 4254 4255 4256 4257 4258 4259 4260 4261 4262 4263 4264 4265 4266 4267 4268 4269 4270 4271 4272 4273 4274 4275 4276 4277 4278 4279 4280 4281 4282 4283 4284 4285 4286 4287 4288 4289 4290 4291 4292 4293 4294 4295 4296 4297 4298 4299 4300 4301 4302 4303 4304 4305 4306 4307 4308 4309 4310 4311 4312 4313 4314 4315 4316 4317 4318 4319 4320 4321 4322 4323 4324 4325 4326 4327 4328 4329 4330 4331 4332 4333 4334 4335 4336 4337 4338 4339 4340 4341 4342 4343 4344 4345 4346 4347 4348 4349 4350 4351 4352 4353 4354 4355 4356 4357 4358 4359 4360 4361 4362 4363 4364 4365 4366 4367 4368 4369 4370 4371 4372 4373 4374 4375 4376 4377 4378 4379 4380 4381 4382 4383 4384 4385 4386 4387 4388 4389 4390 4391 4392 4393 4394 4395 4396 4397 4398 4399 4400 4401 4402 4403 4404 4405 4406 4407 4408 4409 4410 4411 4412 4413 4414 4415 4416 4417 4418 4419 4420 4421 4422 4423 4424 4425 4426 4427 4428 4429 4430 4431 4432 4433 4434 4435 4436 4437 4438 4439 4440 4441 4442 4443 4444 4445 4446 4447 4448 4449 4450 4451 4452 4453 4454 4455 4456 4457 4458 4459 4460 4461 4462 4463 4464 4465 4466 4467 4468 4469 4470 4471 4472 4473 4474 4475 4476 4477 4478 4479 4480 4481 4482 4483 4484 4485 4486 4487 4488 4489 4490 4491 4492 4493 4494 4495 4496 4497 4498 4499 4500 4501 4502 4503 4504 4505 4506 4507 4508 4509 4510 4511 4512 4513 4514 4515 4516 4517 4518 4519 4520 4521 4522 4523 4524 4525 4526 4527 4528 4529 4530 4531 4532 4533 4534 4535 4536 4537 4538 4539 4540 4541 4542 4543 4544 4545 4546 4547 4548 4549 4550 4551 4552 4553 4554 4555 4556 4557 4558 4559 4560 4561 4562 4563 4564 4565 4566 4567 4568 4569 4570 4571 4572 4573 4574 4575 4576 4577 4578 4579 4580 4581 4582 4583 4584 4585 4586 4587 4588 4589 4590 4591 4592 4593 4594 4595 4596 4597 4598 4599 4600 4601 4602 4603 4604 4605 4606 4607 4608 4609 4610 4611 4612 4613 4614 4615 4616 4617 4618 4619 4620 4621 4622 4623 4624 4625 4626 4627 4628 4629 4630 4631 4632 4633 4635 4636 4637 4638 4639 4640 4641 4642 4643 4644 4645 4646 4647 4648 4649 4650 4651 4652 4653 4654 4655 4656 4657 4658 4659 4660 4661 4662 4663
p1:2 A 0 1 2 3 4 5 6 7 8 9 10 11 12 13 14 15 16 17 18 19 20 21 22 23 24 25 26 27 28 29 30 31 32 33 34 35 36 37 38 39 40 41 42 43 44 45 46 47 48 49 50 51 52 53 54 55 56 57 58 59 60 61 62 63 64 65 66 67 68 69 70 71 72 73 74 75 76 77 78 79 80 81 82 83 84 85 86 87 88 89 90 91 92 93 94 95 96 97 98 99 100 101 102 103 104 105 106 107 108 109 110 111 112 113 114 115 116 117 118 119 120 121 122 123 124 125 126 127 128 129 130 131 132 133 134 135 136 137 138 139 140 141 142 143 144 145 146 147 148 149 150 151 152 153 154 155 156 157 158 159 160 161 162 163 164 165 166 167 168 169 170 171 172 173 174 175 176 177 178 179 180 181 182 183 184 185 186 187 188 189 190 191 192 193 194 195 196 197 198 199 200 201 202 203 204 205 206 207 208 209 210 211 212 213 214 215 216 217 218 219 220 221 222 223 224 225 226 227 228 229 230 231 232 233 234 235 236 237 238 239 240 241 242 243 244 245 246 247 248 249 250 251 252 253 254 255 256 257 258 259 260 261 262 263 264 265 266 267 268 269 270 271 272 273 274 275 276 277 278 279 280 281 282 283 284 285 286 287 288 289 290 291 292 293 294 295 296 297 298 299 300 301 302 303 304 305 306 307 308 309 310 311 312 313 314 315 316 317 318 319 320 321 322 323 324 325 326 327 328 329 330 331 332 333 334 335 336 337 338 339 340 341 342 343 344 345 346 347 348 349 350 351 352 353 354 355 356 357 358 359 360 361 362 363 364 365 366 367 368 369 370 371 372 373 374 375 376 377 378 379 380 381 382 383 384 385 386 387 388 389 390 391 392 393 394 395 396 397 398 399 400 401 402 403 404 405 406 407 408 409 410 411 412 413 414 415 416 417 418 419 420 421 422 423 424 425 426 427 428 429 430 431 432 433 434 435 436 437 438 439 440 441 442 443 444 445 446 447 448 449 450 451 452 453 454 455 456 457 458 459 460 461 462 463 464 465 466 467 468 469 470 471 472 473 474 475 476 477 478 479 480 481 482 483 484 485 486 487 488 489 490 491 492 493 494 495 496 497 498 499 500 501 502 503 504 505 506 507 508 509 510 511 512 513 514 515 516 517 518 519 520 521 522 523 524 525 526 527 528 529 530 531 532 533 534 535 536 537 538 539 540 541 542 543 544 545 546 547 548 549 550 551 552 553 554 555 556 557 558 559 560 561 562 563 564 565 566 567 568 569 570 571 572 573 574 575 576 577 578 579 580 581 582 583 584 585 586 587 588 589 590 591 592 593 594 595 596 597 598 599 600 601 602 603 604 605 606 607 608 609 610 611 612 613 614 615 616 617 618 619 620 621 622 623 624 625 626 627 628 629 630 631 632 633 634 635 636 637 638 639 640 641 642 643 644 645 646 647 648 649 650 651 652 653 654 655 656 657 658 659 660 661 662 663 664 665 666 667 668 669 670 671 672 673 674 675 676 677 678 679 680 681 682 683 684 685 686 687 688 689 690 691 692 693 694 695 696 697 698 699 700 701 702 703 704 705 706 707 708 709 710 711 712 713 714 715 716 717 718 719 720 721 722 723 724 725 726 727 728 729 730 731 732 733 734 735 736 737 738 739 740 741 742 743 744 745 746 747 748 749 750 751 752 753 754 755 756 757 758 759 760 761 762 763 764 765 766 767 768 769 770 771 772 773 774 775 776 777 778 779 780 781 782 783 784 785 786 787 788 789 790 791 792 793 794 795 796 797 798 799 800 801 802 803 804 805 806 807 808 809 810 811 812 813 814 815 816 817 818 819 820 821 822 823 824 825 826 827 828 829 830 831 832 833 834 835 836 837 838 839 840 841 842 843 844 845 846 847 848 849 850 851 852 853 854 855 856 857 858 859 860 861 862 863 864 865 866 867 868 869 870 871 872 873 874 875 876 877 878 879 880 881 882 883 884 885 886 887 888 889 890 891 892 893 894 895 896 897 898 899 900 901 902 903 904 905 906 907 908 909 910 911 912 913 914 915 916 917 918 919 920 921 922 923 924 925 926 927 928 929 930 931 932 933 934 935 936 937 938 939 940 941 942 943 944 945 946 947 948 949 950 951 952 953 954 955 956 957 958 959 960 961 962 963 964 965 966 967 968 969 970 971 972 973 974 975 976 977 978 979 980 981 982 983 984 985 986 987 988 989 990 991 992 993 994 995 996 997 998 999 1000 1001 1002 1003 1004 1005 1006 1007 1008 1009 1010 1011 1012 1013 1014 1015 1016 1017 1018 1019 1020 1021 1022 1023 1024 1025 1026 1027 1028 1029 1030 1031 1032 1033 1034 1035 1036 1037 1038 1039 1040 1041 1042 1043 1044 1045 1046 1047 1048 1049 1050 1051 1052 1053 1054 1055 1056 1057 1058 1059 1060 1061 1062 1063 1064 1065 1066 1067 1068 1069 1070 1071 1072 1073 1074 1075 1076 1077 1078 1079 1080 1081 1082 1083 1084 1085 1086 1087 1088 1089 1090 1091 1092 1093 1094 1095 1096 1097 1098 1099 1100 1101 1102 1103 1104 1105 1106 1107 1108 1109 1110 1111 1112 1113 1114 1115 1116 1117 1118 1119 1120 1121 1122 1123 1124 1125 1126 1127 1128 1129 1130 1131 1132 1133 1134 1135 1136 1137 1138 1139 1140 1141 1142 1143 1144 1145 1146 1147 1148 1149 1150 1151 1152 1153 1154 1155 1156 1157 1158 1159 1160 1161 1162 1163 1164 1165 1166 1167 1168 1169 1170 1171 1172 1173 1174 1175 1176 1177 1178 1179 1180 1181 1182 1183 1184 1185 1186 1187 1188 1189 1190 1191 1192 1193 1194 1195 1196 1197 1198 1199 1200 1201 1202 1203 1204 1205 1206 1207 1208 1209 1210 1211 1212 1213 1214 1215 1216 1217 1218 1219 1220 1221 1222 1223 1224 1225 1226 1227 1228 1229 1230 1231 1232 1233 1234 1235 1236 1237 1238 1239 1240 1241 1242 1243 1244 1245 1246 1247 1248 1249 1250 1251 4665 1252 1253 1254 1255 1256 1257 1258 1259 1260 1261 1262 1263 1264 1265 1266 1267 1268 1269 1270 1271 1272 1273 1274 1275 1276 1277 1278 1279 1280 1281 1282 1283 1284 1285 1286 1287 1288 1289 1290 1291 1292 1293 1294 1295 1296 1297 1298 1299 1300 1301 1302 1303 1304 1305 1306 1307 1308 1309 1310 1311 1312 1313 1314 1315 1316 1317 1318 1319 1320 1321 1322 1323 1324 1325 1326 1327 1328 1329 1330 1331 1332 1333 1334 1335 1336 1337 1338 1339 1340 1341 1342 1343 1344 1345 1346 1347 1348 1349 1350 1351 1352 1353 1354 1355 1356 1357 1358 1359 1360 1361 1362 1363 1364 1365 1366 1367 1368 1369 1370 1371 1372 1373 1374 1375 1376 1377 1378 1379 1380 1381 1382 1383 1384 1385 1386 1387 1388 1389 1390 1391 1392 1393 1394 1395 1396 1397 1398 1399 1400 1401 1402 1403 1404 1405 1406 1407 1408 1409 1410 1411 1412 1413 1414 1415 1416 1417 1418 1419 1420 1421 1422 1423 1424 1425 1426 1427 1428 1429 1430 1431 1432 1433 1434 1435 1436 1437 1438 1439 1440 1441 1442 1443 1444 1445 1446 1447 1448 1449 1450 1451 1452 1453 1454 1455 1456 1457 1458 1459 1460 1461 1462 1463 1464 1465 1466 1467 1468 1469 1470 1471 1472 1473 1474 1475 1476 1477 1478 1479 1480 1481 1482 1483 1484 1485 1486 1487 1488 1489 1490 1491 1492 1493 1494 1495 1496 1497 1498 1499 1500 1501 1502 1503 1504 1505 1506 1507 1508 1509 1510 1511 1512 1513 1514 1515 1516 1517 1518 1519 1520 1521 1522 1523 1524 1525 1526 1527 1528 1529 1530 1531 1532 1533 1534 1535 1536 1537 1538 1539 1540 1541 1542 1543 1544 1545 1546 1547 1548 1549 1550 1551 1552 1553 1554 1555 1556 1557 1558 1559 1560 1561 1562 1563 1564 1565 1566 1567 1568 1569 4670 1570 1571 1572 1573 1574 1575 1576 1577 1578 1579 1580 1581 1582 1583 1584 1585 1586 1587 1588 1589 1590 1591 1592 1593 1594 1595 1596 1597 1598 1599 1600 1601 1602 1603 1604 1605 1606 1607 1608 1609 1610 1611 1612 1613 1614 1615 1616 1617 1618 1619 1620 1621 1622 1623 1624 1625 1626 1627 1628 1629 1630 1631 1632 1633 1634 1635 1636 1637 1638 1639 1640 1641 1642 1643 1644 1645 1646 1647 1648 1649 1650 1651 1652 1653 1654 1655 1656 1657 1658 1659 1660 1661 1662 1663 1664 1665 1666 1667 1668 1669 1670 1671 1672 1673 1674 1675 1676 1677 1678 1679 1680 1681 1682 1683 1684 1685 1686 1687 1688 1689 1690 1691 1692 1693 1694 1695 1696 1697 1698 1699 1700 1701 1702 1703 1704 1705 1706 1707 1708 1709 1710 1711 1712 1713 1714 1715 1716 1717 1718 1719 1720 1721 1722 1723 1724 1725 1726 1727 1728 1729 1730 1731 1732 1733 1734 1735 1736 1737 1738 1739 1740 1741 1742 1743 1744 1745 1746 1747 1748 1749 1750 1751 1752 1753 1754 1755 1756 1757 1758 1759 1760 1761 1762 1763 1764 1765 1766 1767 1768 1769 1770 1771 1772 1773 1774 1775 1776 1777 1778 1779 1780 1781 1782 1783 1784 1785 1786 1787 1788 1789 1790 1791 1792 1793 1794 1795 1796 1797 1798 1799 1800 1801 1802 1803 1804 1805 1806 1807 1808 1809 1810 1811 1812 1813 1814 1815 1816 1817 1818 1819 1820 1821 1822 1823 1824 1825 1826 1827 1828 1829 1830 1831 1832 1833 1834 1835 1836 1837 1838 1839 1840 1841 1842 1843 1844 1845 1846 1847 1848 1849 1850 1851 1852 1853 1854 1855 1856 1857 1858 1859 1860 1861 1862 1863 1864 1865 1866 1867 1868 1869 1870 1871 1872 1873 1874 1875 1876 1877 1878 1879 1880 1881 1882 1883 1884 1885 1886 1887 1888 1889 1890 1891 1892 1893 1894 1895 1896 1897 1898 4671 1899 1900 1901 1902 1903 1904 1905 1906 1907 1908 1909 1910 1911 1912 1913 1914 1915 1916 1917 1918 1919 1920 1921 1922 1923 1924 1925 1926 1927 1928 1929 1930 1931 1932 1933 1934 1935 1936 1937 1938 1939 1940 1941 1942 1943 1944 1945 1946 1947 1948 1949 1950 1951 1952 1953 1954 1955 1956 1957 1958 1959 1960 1961 1962 1963 1964 1965 1966 1967 1968 1969 1970 1971 1972 1973 1974 1975 1976 1977 1978 1979 1980 1981 1982 1983 1984 1985 1986 1987 1988 1989 1990 1991 1992 1993 1994 1995 1996 1997 1998 1999 2000 2001 2002 2003 2004 2005 2006 2007 2008 2009 2010 2011 2012 2013 2014 2015 2016 2017 2018 2019 2020 2021 2022 2023 2024 2025 2026 2027 2028 2029 2030 2031 2032 2033 2034 2035 2036 2037 2038 2039 2040 2041 2042 2043 2044 2045 2046 2047 2048 2049 2050 2051 2052 2053 2054 2055 2056 2057 2058 2059 2060 2061 2062 2063 2064 2065 2066 2067 2068 2069 2070 2071 2072 2073 2074 2075 2076 2077 2078 2079 2080 2081 2082 2083 2084 2085 2086 2087 2088 2089 2090 2091 2092 2093 2094 2095 2096 2097 2098 2099 2100 2101 2102 2103 2104 2105 2106 2107 2108 2109 2110 2111 2112 2113 2114 2115 2116 2117 2118 2119 2120 2121 2122 2123 2124 2125 2126 2127 2128 2129 2130 2131 2132 2133 2134 2135 2136 2137 2138 2139 2140 2141 2142 2143 2144 2145 2146 2147 2148 2149 2150 2151 2152 2153 2154 2155 2156 2157 2158 2159 2160 2161 2162 2163 2164 2165 2166 2167 2168 2169 2170 2171 2172 2173 2174 2175 2176 2177 2178 2179 2180 2181 2182 2183 2184 2185 2186 2187 2188 2189 2190 2191 2192 2193 2194 2195 2196 2197 2198 2199 2200 2201 2202 2203 2204 2205 2206 2207 2208 2209 2210 2211 2212 2213 2214 2215 2216 2217 2218 2219 2220 2221 2222 2223 2224 2225 2226 2227 2228 2229 2230 2231 2232 2233 2234 2235 2236 2237 2238 2239 2240 2241 2242 2243 2244 2245 2246 2247 2248 2249 2250 2251 2252 2253 2254 2255 2256 2257 2258 2259 2260 2261 2262 2263 2264 2265 2266 2267 2268 2269 2270 2271 2272 2273 2274 2275 2276 2277 2278 2279 2280 2281 2282 2283 2284 2285 2286 2287 2288 2289 2290 2291 2292 2293 2294 2295 2296 2297 2298 2299 2300 2301 2302 2303 2304 2305 2306 2307 2308 2309 2310 2311 2312 2313 2314 2315 2316 2317 2318 2319 2320 2321 2322 2323 2324 2325 2326 2327 2328 2329 2330 2331 2332 2333 2334 2335 2336 2337 2338 2339 2340 2341 2342 2343 2344 2345 2346 2347 2348 2349 2350 2351 2352 2353 2354 2355 2356 2357 2358 2359 2360 2361 2362 2363 2364 2365 2366 2367 2368 2369 2370 2371 2372 2373 2374 2375 2376 2377 2378 2379 2380 2381 2382 2383 2384 2385 2386 2387 2388 2389 2390 2391 2392 2393 2394 2395 2396 2397 2398 2399 2400 2401 2402 2403 2404 2405 2406 2407 2408 2409 2410 2411 2412 2413 2414 2415 2416 2417 2418 2419 2420 2421 2422 2423 2424 2425 2426 2427 2428 2429 2430 2431 2432 2433 2434 2435 2436 2437 2438 2439 2440 2441 2442 2443 2444 2445 2446 2447 2448 2449 2450 2451 2452 2453 2454 2455 2456 2457 2458 2459 2460 2461 2462 2463 2464 2465 2466 2467 2468 2469 2470 2471 2472 2473 2474 2475 2476 2477 2478 2479 2480 2481 2482 2483 2484 2485 2486 2487 2488 2489 2490 2491 2492 2493 2494 2495 4672 2496 2497 2498 2499 2500 2501 2502 2503 2504 2505 2506 2507 2508 2509 2510 2511 2512 2513 2514 2515 2516 2517 2518 2519 2520 2521 2522 2523 2524 2525 2526 2527 2528 2529 2530 2531 2532 2533 2534 2535 2536 2537 2538 2539 2540 2541 2542 2543 2544 2545 2546 2547 2548 2549 2550 2551 2552 2553 2554 2555 2556 2557 2558 2559 2560 2561 2562 2563 2564 2565 2566 2567 2568 2569 2570 2571 2572 2573 2574 2575 2576 2577 2578 2579 2580 2581 2582 2583 2584 2585 2586 2587 2588 2589 2590 2591 2592 2593 2594 2595 2596 2597 2598 2599 2600 2601 2602 2603 2604 2605 2606 2607 2608 2609 2610 2611 2612 2613 2614 2615 2616 2617 2618 2619 2620 2621 2622 2623 2624 2625 2626 2627 2628 2629 2630 2631 2632 2633 2634 2635 2636 2637 2638 2639 2640 2641 2642 2643 2644 2645 2646 2647 2648 2649 2650 2651 2652 2653 2654 2655 2656 2657 2658 2659 2660 2661 2662 2663 2664 2665 2666 2667 2668 2669 2670 2671 2672 2673 2674 2675 2676 2677 2678 2679 2680 2681 2682 2683 2684 2685 2686 2687 2688 2689 2690 2691 2692 2693 2694 2695 2696 2697 2698 2699 2700 2701 2702 2703 2704 2705 2706 2707 2708 2709 2710 2711 2712 2713 2714 2715 2716 2717 2718 2719 2720 2721 2722 2723 2724 2725 2726 2727 2728 2729 2730 2731 2732 2733 2734 2735 2736 2737 2738 2739 2740 2741 2742 2743 2744 2745 2746 2747 2748 2749 2750 2751 2752 2753 2754 2755 2756 2757 2758 2759 2760 2761 2762 2763 2764 2765 2766 2767 2768 2769 2770 2771 2772 2773 2774 2775 2776 2777 2778 2779 2780 2781 2782 2783 2784 2785 2786 2787 2788 2789 2790 2791 2792 2793 2794 2795 2796 2797 2798 2799 2800 2801 2802 2803 2804 2805 2806 2807 2808 2809 2810 2811 2812 2813 2814 2815 2816 2817 2818 2819 2820 2821 2822 2823 2824 2825 2826 2827 2828 2829 2830 2831 2832 2833 2834 2835 2836 2837 2838 2839 2840 2841 2842 2843 2844 2845 2846 2847 2848 2849 2850 2851 2852 2853 2854 2855 2856 2857 2858 2859 2860 2861 2862 2863 2864 2865 2866 2867 2868 2869 2870 2871 2872 2873 2874 2875 2876 2877 2878 2879 2880 2881 2882 2883 2884 2885 2886 2887 2888 2889 2890 2891 2892 2893 2894 2895 2896 2897 2898 2899 2900 2901 2902 2903 2904 2905 2906 2907 2908 2909 2910 2911 2912 2913 2914 2915 2916 2917 2918 2919 2920 2921 2922 2923 2924 2925 2926 2927 2928 2929 2930 2931 2932 2933 2934 2935 2936 2937 2938 2939 2940 2941 2942 2943 2944 2945 2946 2947 2948 2949 2950 2951 2952 2953 2954 2955 2956 2957 2958 2959 2960 2961 2962 2963 2964 2965 2966 2967 2968 2969 2970 2971 2972 2973 2974 2975 2976 2977 2978 2979 2980 2981 2982 2983 2984 2985 2986 2987 2988 2989 2990 2991 2992 2993 2994 2995 2996 2997 2998 2999 3000 3001 3002 3003 3004 3005 3006 3007 3008 3009 3010 3011 3012 3013 3014 3015 3016 3017 3018 3019 3020 3021 3022 3023 3024 3025 3026 3027 3028 3029 3030 3031 3032 3033 3034 3035 3036 3037 3038 3039 3040 3041 3042 3043 3044 3045 3046 3047 3048 3049 3050 3051 3052 3053 3054 3055 3056 3057 3058 3059 3060 3061 3062 3063 3064 3065 3066 3067 3068 3069 3070 3071 3072 3073 3074 3075 3076 3077 3078 3079 3080 3081 3082 3083 3084 3085 3086 3087 3088 3089 3090 3091 3092 3093 3094 3095 3096 3097 3098 3099 3100 3101 3102 3103 3104 3105 3106 3107 3108 3109 3110 3111 3112 3113 3114 3115 3116 3117 3118 3119 3120 3121 3122 3123 3124 3125 3126 3127 3128 3129 3130 3131 3132 3133 3134 3135 3136 3137 3138 3139 3140 3141 3142 3143 3144 3145 3146 3147 3148 3149 3150 3151 3152 3153 3154 3155 3156 3157 3158 3159 3160 3161 3162 3163 3164 3165 3166 3167 3168 3169 3170 3171 3172 3173 3174 3175 3176 3177 3178 3179 3180 3181 3182 3183 3184 3185 3186 3187 3188 3189 3190 3191 3192 3193 3194 3195 3196 3197 3198 3199 3200 3201 3202 3203 3204 3205 3206 3207 3208 3209 3210 3211 3212 3213 3214 3215 3216 3217 3218 3219 3220 3221 3222 3223 3224 3225 3226 3227 3228 3229 3230 3231 3232 3233 3234 3235 3236 3237 3238 3239 3240 3241 3242 3243 3244 3245 3246 3247 3248 3249 3250 3251 3252 3253 3254 3255 3256 3257 3258 3259 3260 3261 3262 3263 3264 3265 3266 3267 3268 3269 3270 3271 3272 3273 3274 3275 3276 3277 3278 3279 3280 3281 3282 3283 3284 3285 3286 3287 3288 3289 3290 3291 3292 3293 3294 3295 3296 3297 3298 3299 3300 3301 3302 3303 3304 3305 3306 3307 3308 3309 3310 3311 3312 3313 3314 3315 3316 3317 3318 3319 3320 3321 3322 3323 3324 3325 3326 3327 3328 3329 3330 3331 3332 3333 3334 3335 3336 3337 3338 3339 3340 3341 3342 3343 3344 3345 3346 3347 3348 3349 3350 3351 3352 3353 3354 3355 3356 3357 3358 3359 3360 3361 3362 3363 3364 3365 3366 3367 3368 3369 3370 3371 3372 3373 3374 3375 3376 3377 3378 3379 3380 3381 3382 3383 3384 3385 3386 3387 3388 3389 3390 3391 3392 3393 3394 3395 3396 3397 3398 3399 3400 3401 3402 3403 3404 3405 3406 3407 3408 3409 3410 3411 3412 3413 3414 3415 3416 3417 3418 3419 3420 3421 3422 3423 3424 3425 3426 3427 3428 3429 3430 3431 3432 3433 3434 3435 3436 3437 3438 3439 3440 3441 3442 3443 3444 3445 3446 3447 3448 3449 3450 3451 3452 3453 3454 3455 3456 3457 3458 3459 3460 3461 3462 3463 3464 3465 3466 3467 3468 3469 3470 3471 3472 3473 3474 3475 3476 3477 3478 3479 3480 3481 3482 3483 3484 3485 3486 3487 3488 3489 3490 3491 3492 3493 3494 3495 3496 3497 3498 3499 3500 3501 3502 3503 3504 3505 3506 3507 3508 3509 3510 3511 3512 3513 3514 3515 3516 3517 3518 3519 3520 3521 3522 3523 3524 3525 3526 3527 3528 3529 3530 3531 3532 3533 3534 3535 3536 3537 3538 3539 3540 3541 3542 3543 3544 3545 3546 3547 3548 3549 3550 3551 3552 3553 3554 3555 3556 3557 3558 3559 3560 3561 3562 3563 3564 3565 3566 3567 3568 3569 3570 3571 3572 3573 3574 3575 3576 3577 3578 3579 3580 3581 3582 3583 3584 3585 3586 3587 3588 3589 3590 3591 3592 3593 3594 3595 3596 3597 3598 3599 3600 3601 3602 3603 3604 3605 3606 3607 3608 3609 3610 3611 3612 3613 3614 3615 3616 3617 3618 3619 3620 3621 3622 3623 3624 3625 3626 3627 3628 3629 3630 3631 3632 3633 3634 3635 3636 3637 3638 3639 3640 3641 3642 3643 3644 3645 3646 3647 3648 3649 3650 3651 3652 3653 3654 3655 3656 3657 3658 3659 3660 3661 3662 3663 3664 3665 3666 3667 3668 3669 3670 3671 3672 3673 3674 3675 3676 3677 3678 3679 3680 3681 3682 3683 3684 3685 3686 3687 3688 3689 3690 3691 3692 3693 3694 3695 3696 3697 3698 3699 3700 3701 3702 3703 3704 3705 3706 3707 3708 3709 3710 3711 3712 3713 3714 3715 3716 3717 3718 3719 3720 3721 3722 3723 3724 3725 3726 3727 3728 3729 3730 3731 3732 3733 3734 3735 3736 3737 3738 3739 3740 3741 3742 3743 3744 3745 3746 3747 3748 3749 3750 3751 3752 3753 3754 3755 3756 3757 3758 3759 3760 3761 3762 3763 3764 3765 3766 3767 3768 3769 3770 3771 3772 3773 3774 3775 3776 3777 3778 3779 3780 3781 3782 3783 3784 3785 3786 3787 3788 3789 3790 3791 3792 3793 3794 3795 3796 3797 3798 3799 3800 3801 3802 3803 3804 3805 3806 3807 3808 3809 3810 3811 3812 3813 3814 3815 3816 3817 3818 3819 3820 3821 3822 3823 3824 3825 3826 3827 3828 3829 3830 3831 3832 3833 3834 3835 3836 3837 3838 3839 3840 3841 3842 3843 3844 3845 3846 3847 3848 3849 3850 3851 3852 3853 3854 3855 3856 3857 3858 3859 3860 3861 3862 3863 3864 3865 3866 3867 3868 3869 3870 3871 3872 3873 3874 3875 3876 3877 3878 3879 3880 3881 3882 3883 3884 3885 3886 3887 3888 3889 3890 3891 3892 3893 3894 3895 3896 3897 3898 3899 3900 3901 3902 3903 3904 3905 3906 3907 3908 3909 3910 3911 3912 3913 3914 3915 3916 3917 3918 3919 3920 3921 3922 3923 3924 3925 3926 3927 3928 3929 3930 3931 3932 3933 3934 3935 3936 3937 3938 3939 3940 3941 3942 3943 3944 3945 3946 3947 3948 3949 3950 3951 3952 3953 3954 3955 3956 3957 3958 3959 3960 3961 3962 3963 3964 3965 3966 3967 3968 3969 3970 3971 3972 3973 3974 3975 3976 3977 3978 3979 3980 3981 3982 3983 3984 3985 3986 3987 3988 3989 3990 3991 3992 3993 3994 3995 3996 3997 3998 3999 4000 4001 4002 4003 4004 4005 4006 4007 4008 4009 4010 4011 4012 4013 4014 4015 4016 4017 4018 4019 4020 4021 4022 4023 4024 4025 4026 4027 4028 4029 4030 4031 4032 4033 4034 4035 4036 4037 4038 4039 4040 4041 4042 4043 4044 4045 4046 4047 4048 4049 4050 4051 4052 4053 4054 4055 4056 4057 4058 4059 4060 4061 4062 4063 4064 4065 4066 4067 4068 4069 4070 4071 4072 4073 4074 4075 4076 4077 4078 4079 4080 4081 4082 4083 4084 4085 4086 4087 4088 4089 4090 4091 4092 4093 4094 4095 4096 4097 4098 4099 4100 4101 4102 4103 4104 4105 4106 4107 4108 4109 4110 4111 4112 4113 4114 4115 4116 4117 4118 4119 4120 4121 4122 4123 4124 4125 4126 4127 4128 4129 4130 4131 4132 4133 4134 4135 4136 4137 4138 4139 4140 4141 4142 4143 4144 4145 4146 4147 4148 4149 4150 4151 4152 4153 4154 4155 4156 4157 4158 4159 4160 4161 4162 4163 4164 4165 4166 4167 4168 4169 4170 4171 4172 4173 4174 4175 4176 4177 4178 4179 4180 4181 4182 4183 4184 4185 4186 4187 4188 4189 4190 4191 4192 4193 4194 4195 4196 4197 4198 4199 4200 4201 4202 4203 4204 4205 4206 4207 4208 4209 4210 4211 4212 4213 4214 4215 4216 4217 4218 4219 4220 4221 4222 4223 4224 4225 4226 4227 4228 4229 4230 4231 4232 4233 4234 4235 4236 4237 4238 4239 4240 4241 4242 4243 4244 4245 4246 4247 4248 4249 4250 4251 4252 4253 4254 4255 4256 4257 4258 4259 4260 4261 4262 4263 4264 4265 4266 4267 4268 4269 4270 4271 4272 4273 4274 4275 4276 4277 4278 4279 4280 4281 4282 4283 4284 4285 4286 4287 4288 4289 4290 4291 4292 4293 4294 4295 4296 4297 4298 4299 4300 4301 4302 4303 4304 4305 4306 4307 4308 4309 4310 4311 4312 4313 4314 4315 4316 4317 4318 4319 4320 4321 4322 4323 4324 4325 4326 4327 4328 4329 4330 4331 4332 4333 4334 4335 4336 4337 4338 4339 4340 4341 4342 4343 4344 4345 4346 4347 4348 4349 4350 4351 4352 4353 4354 4355 4356 4357 4358 4359 4360 4361 4362 4363 4364 4365 4366 4367 4368 4369 4370 4371 4372 4373 4374 4375 4376 4377 4378 4379 4380 4381 4382 4383 4384 4385 4386 4387 4388 4389 4390 4391 4392 4393 4394 4395 4396 4397 4398 4399 4400 4401 4402 4403 4404 4405 4406 4407 4408 4409 4410 4411 4412 4413 4414 4415 4416 4417 4418 4419 4420 4421 4422 4423 4424 4425 4426 4427 4428 4429 4430 4431 4432 4433 4434 4435 4436 4437 4438 4439 4440 4441 4442 4443 4444 4445 4446 4447 4448 4449 4450 4451 4452 4453 4454 4455 4456 4457 4458 4459 4460 4461 4462 4463 4464 4465 4466 4467 4468 4469 4470 4471 4472 4473 4474 4475 4476 4477 4478 4479 4480 4481 4482 4483 4484 4485 4486 4487 4488 4489 4490 4491 4492 4493 4494 4495 4496 4497 4498 4499 4500 4501 4502 4503 4504 4505 4506 4507 4508 4509 4510 4511 4512 4513 4514 4515 4516 4517 4518 4519 4520 4521 4522 4523 4524 4525 4526 4527 4528 4529 4530 4531 4532 4533 4534 4535 4536 4537 4538 4539 4540 4541 4542 4543 4544 4545 4546 4547 4548 4549 4550 4551 4552 4553 4554 4555 4556 4557 4558 4559 4560 4561 4562 4563 4564 4565 4566 4567 4568 4569 4570 4571 4572 4573 4574 4575 4576 4577 4578 4579 4580 4581 4582 4583 4584 4585 4586 4587 4588 4589 4590 4591 4592 4593 4594 4595 4596 4597 4598 4599 4600 4601 4602 4603 4604 4605 4606 4607 4608 4609 4610 4611 4612 4613 4614 4615 4616 4617 4618 4619 4620 4621 4622 4623 4624 4625 4626 4627 4628 4629 4630 4631 4632 4633 4634 4635 4636 4637 4638 4639 4640 4641 4642 4643 4644 4645 4646 4647 4648 4649 4650 4651 4652 4653 4654 4655 4656 4657 4658 4659 4660 4661 4662 4663 4664
p1:3 A 0 1 2 3 4 5 6 7 8 9 10 11 12 13 14 15 16 17 18 19 20 21 22 23 24 25 26 27 28 29 30 31 32 33 34 35 36 37 38 39 40 41 42 43 44 45 46 47 48 49 50 51 52 53 54 55 56 57 58 59 60 61 62 63 64 65 66 67 68 69 70 71 72 73 74 75 76 77 78 79 80 81 82 83 84 85 86 87 88 89 90 91 92 93 94 95 96 97 98 99 100 101 102 103 104 105 106 107 108 109 110 111 112 113 114 115 116 117 118 119 120 121 122 123 124 125 126 127 128 129 130 131 132 133 134 135 136 137 138 139 140 141 142 143 144 145 146 147 148 149 150 151 152 153 154 155 156 157 158 159 160 161 162 163 164 165 166 167 168 169 170 171 172 173 174 175 176 177 178 179 180 181 182 183 184 185 186 187 188 189 190 191 192 193 194 195 196 197 198 199 200 201 202 203 204 205 206 207 208 209 210 211 212 213 214 215 216 217 218 219 220 221 222 223 224 225 226 227 228 229 230 231 232 233 234 235 236 237 238 239 240 241 242 243 244 245 246 247 248 249 250 251 252 253 254 255 256 257 258 259 260 261 262 263 264 265 266 267 268 269 270 271 272 273 274 275 276 277 278 279 280 281 282 283 284 285 286 287 288 289 290 291 292 293 294 295 296 297 298 299 300 301 302 303 304 305 306 307 308 309 310 311 312 313 314 315 316 317 318 319 320 321 322 323 324 325 326 327 328 329 330 331 332 333 334 335 336 337 338 339 340 341 342 343 344 345 346 347 348 349 350 351 352 353 354 355 356 357 358 359 360 361 362 363 364 365 366 367 368 369 370 371 372 373 374 375 376 377 378 379 380 381 382 383 384 385 386 387 388 389 390 391 392 393 394 395 396 397 398 399 400 401 402 403 404 405 406 407 408 409 410 411 412 413 414 415 416 417 418 419 420 421 422 423 424 425 426 427 428 429 430 431 432 433 434 435 436 437 438 439 440 441 442 443 444 445 446 447 448 449 450 451 452 453 454 455 456 457 458 459 460 461 462 463 464 465 466 467 468 469 470 471 472 473 474 475 476 477 478 479 480 481 482 483 484 485 486 487 488 489 490 491 492 493 494 495 496 497 498 499 500 501 502 503 504 505 506 507 508 509 510 511 512 513 514 515 516 517 518 519 520 521 522 523 524 525 526 527 528 529 530 531 532 533 534 535 536 537 538 539 540 541 542 543 544 545 546 547 548 549 550 551 552 553 554 555 556 557 558 559 560 561 562 563 564 565 566 567 568 569 570 571 572 573 574 575 576 577 578 579 580 581 582 583 584 585 586 587 588 589 590 591 592 593 594 595 596 597 598 599 600 601 602 603 604 605 606 607 608 609 610 611 612 613 614 615 616 617 618 619 620 621 622 623 624 625 626 627 628 629 630 631 632 633 634 635 636 637 638 639 640 641 642 643 644 645 646 647 648 649 650 651 652 653 654 655 656 657 658 659 660 661 662 663 664 665 666 667 668 669 670 671 672 673 674 675 676 677 678 679 680 681 682 683 684 685 686 687 688 689 690 691 692 693 694 695 696 697 698 699 700 701 702 703 704 705 706 707 708 709 710 711 712 713 714 715 716 717 718 719 720 721 722 723 724 725 726 727 728 729 730 731 732 733 734 735 736 737 738 739 740 741 742 743 744 745 746 747 748 749 750 751 752 753 754 755 756 757 758 759 760 761 762 763 764 765 766 767 768 769 770 771 772 773 774 775 776 777 778 779 780 781 782 783 784 785 786 787 788 789 790 791 792 793 794 795 796 797 798 799 800 801 802 803 804 805 806 807 808 809 810 811 812 813 814 815 816 817 818 819 820 821 822 823 824 825 826 827 828 829 830 831 832 833 834 835 836 837 838 839 840 841 842 843 844 845 846 847 848 849 850 851 852 853 854 855 856 857 858 859 860 861 862 863 864 865 866 867 868 869 870 871 872 873 874 875 876 877 878 879 880 881 882 883 884 885 886 887 888 889 890 891 892 893 894 895 896 897 898 899 900 901 902 903 904 905 906 907 908 909 910 911 912 913 914 915 916 917 918 919 920 921 922 923 924 925 926 927 928 929 930 931 932 933 934 935 936 937 938 939 940 941 942 943 944 945 946 947 948 949 950 951 952 953 954 955 956 957 958 959 960 961 962 963 964 965 966 967 968 969 970 971 972 973 974 975 976 977 978 979 980 981 982 983 984 985 986 987 988 989 990 991 992 993 994 995 996 997 998 999 1000 1001 1002 1003 1004 1005 1006 1007 1008 1009 1010 1011 1012 1013 1014 1015 1016 1017 1018 1019 1020 1021 1022 1023 1024 1025 1026 1027 1028 1029 1030 1031 1032 1033 1034 1035 1036 1037 1038 1039 1040 1041 1042 1043 1044 1045 1046 1047 1048 1049 1050 1051 1052 1053 1054 1055 1056 1057 1058 1059 1060 1061 1062 1063 1064 1065 1066 1067 1068 1069 1070 1071 1072 1073 1074 1075 1076 1077 1078 1079 1080 1081 1082 1083 1084 1085 1086 1087 1088 1089 1090 1091 1092 1093 1094 1095 1096 1097 1098 1099 1100 1101 1102 1103 1104 1105 1106 1107 1108 1109 1110 1111 1112 1113 1114 1115 1116 1117 1118 1119 1120 1121 1122 1123 1124 1125 1126 1127 1128 1129 1130 1131 1132 1133 1134 1135 1136 1137 1138 1139 1140 1141 1142 1143 1144 1145 1146 1147 1148 1149 1150 1151 1152 1153 1154 1155 1156 1157 1158 1159 1160 1161 1162 1163 1164 1165 1166 1167 1168 1169 1170 1171 1172 1173 1174 1175 1176 1177 1178 1179 1180 1181 1182 1183 1184 1185 1186 1187 1188 1189 1190 1191 1192 1193 1194 1195 1196 1197 1198 1199 1200 1201 1202 1203 1204 1205 1206 1207 1208 1209 1210 1211 1212 1213 1214 1215 1216 1217 1218 1219 1220 1221 1222 1223 1224 1225 1226 1227 1228 1229 1230 1231 1232 1233 1234 1235 1236 1237 1238 1239 1240 1241 1242 1243 1244 1245 1246 1247 1248 1249 1250 1251 1252 1253 1254 1255 1256 1257 1258 1259 1260 1261 1262 1263 1264 1265 1266 1267 1268 1269 1270 1271 1272 1273 1274 1275 1276 1277 1278 1279 1280 1281 1282 1283 1284 1285 1286 1287 1288 1289 1290 1291 1292 1293 1294 1295 1296 1297 1298 1299 1300 1301 1302 1303 1304 1305 1306 1307 1308 1309 1310 1311 1312 1313 1314 1315 1316 1317 1318 1319 1320 1321 1322 1323 1324 1325 1326 1327 1328 1329 1330 1331 1332 1333 1334 1335 1336 1337 1338 1339 1340 1341 1342 1343 1344 1345 1346 1347 1348 1349 1350 1351 1352 1353 1354 1355 1356 1357 1358 1359 1360 1361 1362 1363 1364 1365 1366 1367 1368 1369 1370 1371 1372 1373 1374 1375 1376 1377 1378 1379 1380 1381 1382 1383 1384 1385 1386 1387 1388 1389 1390 1391 1392 1393 1394 1395 1396 1397 1398 1399 1400 1401 1402 1403 1404 1405 1406 1407 1408 1409 1410 1411 1412 1413 1414 1415 1416 1417 1418 1419 1420 1421 1422 1423 1424 1425 1426 1427 1428 1429 1430 1431 1432 1433 1434 1435 1436 1437 1438 1439 1440 1441 1442 1443 1444 1445 1446 1447 1448 1449 1450 1451 1452 1453 1454 1455 1456 1457 1458 1459 1460 1461 1462 1463 1464 1465 1466 1467 1468 1469 1470 1471 1472 1473 1474 1475 1476 1477 1478 1479 1480 1481 1482 1483 1484 1485 1486 1487 1488 1489 1490 1491 1492 1493 1494 1495 1496 1497 1498 1499 1500 1501 1502 1503 1504 1505 1506 1507 1508 1509 1510 1511 1512 1513 1514 1515 1516 1517 1518 1519 1520 1521 1522 1523 1524 1525 1526 1527 1528 1529 1530 1531 1532 1533 1534 1535 1536 1537 1538 1539 1540 1541 1542 1543 1544 1545 1546 1547 1548 1549 1550 1551 1552 1553 1554 1555 1556 1557 1558 1559 1560 1561 1562 1563 1564 1565 1566 1567 1568 1569 1570 1571 1572 1573 1574 1575 1576 1577 1578 1579 1580 1581 1582 1583 1584 1585 1586 1587 1588 1589 1590 1591 1592 1593 1594 1595 1596 1597 1598 1599 1600 1601 1602 1603 1604 1605 1606 1607 1608 1609 1610 1611 1612 1613 1614 1615 1616 1617 1618 1619 1620 1621 1622 1623 1624 1625 1626 1627 1628 1629 1630 1631 1632 1633 1634 1635 1636 1637 1638 1639 1640 1641 1642 1643 1644 1645 1646 1647 1648 1649 1650 1651 1652 1653 1654 1655 1656 1657 1658 1659 1660 1661 1662 1663 1664 1665 1666 1667 1668 1669 1670 1671 1672 1673 1674 1675 1676 1677 1678 1679 1680 1681 1682 1683 1684 1685 1686 1687 1688 1689 1690 1691 1692 1693 1694 1695 1696 1697 1698 1699 1700 1701 1702 1703 1704 1705 1706 1707 1708 1709 1710 1711 1712 1713 1714 1715 1716 1717 1718 1719 1720 1721 1722 1723 1724 1725 1726 1727 1728 1729 1730 1731 1732 1733 1734 1735 1736 1737 1738 1739 1740 1741 1742 1743 1744 1745 1746 1747 1748 1749 1750 1751 1752 1753 1754 1755 1756 1757 1758 1759 1760 1761 1762 1763 1764 1765 1766 1767 1768 1769 1770 1771 1772 1773 1774 1775 1776 1777 1778 1779 1780 1781 1782 1783 1784 1785 1786 1787 1788 1789 1790 1791 1792 1793 1794 1795 1796 1797 1798 1799 1800 1801 1802 1803 1804 1805 1806 1807 1808 1809 1810 1811 1812 1813 1814 1815 1816 1817 1818 1819 1820 1821 1822 1823 1824 1825 1826 1827 1828 1829 1830 1831 1832 1833 1834 1835 1836 1837 1838 1839 1840 1841 1842 1843 1844 1845 1846 1847 1848 1849 1850 1851 1852 1853 1854 1855 1856 1857 1858 1859 1860 1861 1862 1863 1864 1865 1866 1867 1868 1869 1870 1871 1872 1873 1874 1875 1876 1877 1878 1879 1880 1881 1882 1883 1884 1885 1886 1887 1888 1889 1890 1891 1892 1893 1894 1895 1896 1897 1898 1899 1900 1901 1902 1903 1904 1905 1906 1907 1908 1909 1910 1911 1912 1913 1914 1915 1916 1917 1918 1919 1920 1921 1922 1923 1924 1925 1926 1927 1928 1929 1930 1931 1932 1933 1934 1935 1936 1937 1938 1939 1940 1941 1942 1943 1944 1945 1946 1947 1948 1949 1950 1951 1952 1953 1954 1955 1956 1957 1958 1959 1960 1961 1962 1963 1964 1965 1966 1967 1968 1969 1970 1971 1972 1973 1974 1975 1976 1977 1978 1979 1980 1981 1982 1983 1984 1985 1986 1987 1988 1989 1990 1991 1992 1993 1994 1995 1996 1997 1998 1999 2000 2001 2002 2003 2004 2005 2006 2007 2008 2009 2010 2011 2012 2013 2014 2015 2016 2017 2018 2019 2020 2021 2022 2023 2024 2025 2026 2027 2028 2029 2030 2031 2032 2033 2034 2035 2036 2037 2038 2039 2040 2041 2042 2043 2044 2045 2046 2047 2048 2049 2050 2051 2052 2053 2054 2055 2056 2057 2058 2059 2060 2061 2062 2063 2064 2065 2066 2067 2068 2069 2070 2071 2072 2073 2074 2075 2076 2077 2078 2079 2080 2081 2082 2083 2084 2085 2086 2087 2088 2089 2090 2091 2092 2093 2094 2095 2096 2097 2098 2099 2100 2101 2102 2103 2104 2105 2106 2107 2108 2109 2110 2111 2112 2113 2114 2115 2116 2117 2118 2119 2120 2121 2122 2123 2124 2125 2126 2127 2128 2129 2130 2131 2132 2133 2134 2135 2136 2137 2138 2139 2140 2141 2142 2143 2144 2145 2146 2147 2148 2149 2150 2151 2152 2153 2154 2155 2156 2157 2158 2159 2160 2161 2162 2163 2164 2165 2166 2167 2168 2169 2170 2171 2172 2173 2174 2175 2176 2177 2178 2179 2180 2181 2182 2183 2184 2185 2186 2187 2188 2189 2190 2191 2192 2193 2194 2195 2196 2197 2198 2199 2200 2201 2202 2203 2204 2205 2206 2207 2208 2209 2210 2211 2212 2213 2214 2215 2216 2217 2218 2219 2220 2221 2222 2223 2224 2225 2226 2227 2228 2229 2230 2231 2232 2233 2234 2235 2236 2237 2238 2239 2240 2241 2242 2243 2244 2245 2246 2247 2248 2249 2250 2251 2252 2253 2254 2255 4673 2256 2257 2258 2259 2260 2261 2262 2263 2264 2265 2266 2267 2268 2269 2270 2271 2272 2273 2274 2275 2276 2277 2278 2279 2280 2281 2282 2283 2284 2285 2286 2287 2288 2289 2290 2291 2292 2293 2294 2295 2296 2297 2298 2299 2300 2301 2302 2303 2304 2305 2306 2307 2308 2309 2310 2311 2312 2313 2314 2315 2316 2317 2318 2319 2320 2321 2322 2323 2324 2325 2326 2327 2328 2329 2330 2331 2332 2333 2334 2335 2336 2337 2338 2339 2340 2341 2342 2343 2344 2345 2346 2347 2348 2349 2350 2351 2352 2353 2354 2355 2356 2357 2358 2359 2360 2361 2362 2363 2364 2365 2366 2367 2368 2369 2370 2371 2372 2373 2374 2375 2376 2377 2378 2379 2380 2381 2382 2383 2384 2385 2386 2387 2388 2389 2390 2391 2392 2393 2394 2395 2396 2397 2398 2399 2400 2401 2402 2403 2404 2405 2406 2407 2408 2409 2410 2411 2412 2413 2414 2415 2416 2417 2418 2419 2420 2421 2422 2423 2424 2425 2426 2427 2428 2429 2430 2431 2432 2433 2434 2435 2436 2437 2438 2439 2440 2441 2442 2443 2444 2445 2446 2447 2448 2449 2450 2451 2452 2453 2454 2455 2456 2457 2458 2459 2460 2461 2462 2463 2464 2465 2466 2467 2468 2469 2470 2471 2472 2473 2474 2475 2476 2477 2478 2479 2480 2481 2482 2483 2484 2485 2486 2487 2488 2489 2490 2491 2492 2493 2494 2495 2496 2497 2498 2499 2500 2501 2502 2503 2504 2505 2506 2507 2508 2509 2510 2511 2512 2513 2514 2515 2516 2517 2518 2519 2520 2521 2522 2523 2524 2525 2526 2527 2528 2529 2530 2531 2532 2533 2534 2535 2536 2537 2538 2539 2540 2541 2542 2543 2544 2545 2546 2547 2548 2549 2550 2551 2552 2553 2554 2555 2556 2557 2558 2559 2560 2561 2562 2563 2564 2565 2566 2567 2568 2569 2570 2571 2572 2573 2574 2575 2576 2577 2578 2579 2580 2581 2582 2583 2584 2585 2586 2587 2588 2589 2590 2591 2592 2593 2594 2595 2596 2597 2598 2599 2600 2601 2602 2603 2604 2605 2606 2607 2608 2609 2610 2611 2612 2613 2614 2615 2616 2617 2618 2619 2620 2621 2622 2623 2624 2625 2626 2627 2628 2629 2630 2631 2632 2633 2634 2635 2636 2637 2638 2639 2640 2641 2642 2643 2644 2645 2646 2647 2648 2649 2650 2651 2652 2653 2654 2655 2656 2657 2658 2659 2660 2661 2662 2663 2664 2665 2666 2667 2668 2669 2670 2671 2672 2673 2674 2675 2676 2677 2678 2679 2680 2681 2682 2683 2684 2685 2686 2687 2688 2689 2690 2691 2692 2693 2694 2695 2696 2697 2698 2699 2700 2701 2702 2703 2704 2705 2706 2707 2708 2709 2710 2711 2712 2713 2714 2715 2716 2717 2718 2719 2720 2721 2722 2723 2724 2725 2726 2727 2728 2729 2730 2731 2732 2733 2734 2735 2736 2737 2738 2739 2740 2741 2742 2743 2744 2745 2746 2747 2748 2749 2750 2751 2752 2753 2754 2755 2756 2757 2758 2759 2760 2761 2762 2763 2764 2765 2766 2767 2768 2769 2770 2771 2772 2773 2774 2775 2776 2777 2778 2779 2780 2781 2782 2783 2784 2785 2786 2787 2788 2789 2790 2791 2792 2793 2794 2795 2796 2797 2798 2799 2800 2801 2802 2803 2804 2805 2806 2807 2808 2809 2810 2811 2812 2813 2814 2815 2816 2817 2818 2819 2820 2821 2822 2823 2824 2825 2826 2827 2828 2829 2830 2831 2832 2833 2834 2835 2836 2837 2838 2839 2840 2841 2842 2843 2844 2845 2846 2847 2848 2849 2850 2851 2852 2853 2854 2855 2856 2857 2858 2859 2860 2861 2862 2863 2864 2865 2866 2867 2868 2869 2870 2871 2872 2873 2874 2875 2876 2877 2878 2879 2880 2881 2882 2883 2884 2885 2886 2887 2888 2889 2890 2891 2892 2893 2894 2895 2896 2897 2898 2899 2900 2901 2902 2903 2904 2905 2906 2907 2908 2909 2910 2911 2912 2913 2914 2915 2916 2917 2918 2919 2920 2921 2922 2923 2924 2925 2926 2927 2928 2929 2930 2931 2932 2933 2934 2935 2936 2937 2938 2939 2940 2941 2942 2943 2944 2945 2946 2947 2948 2949 2950 2951 2952 2953 2954 2955 2956 2957 2958 2959 2960 2961 2962 2963 2964 2965 2966 2967 2968 2969 2970 2971 2972 2973 2974 2975 2976 2977 2978 2979 2980 2981 2982 2983 2984 2985 2986 2987 2988 2989 2990 2991 2992 2993 2994 2995 2996 2997 2998 2999 3000 3001 3002 3003 3004 3005 3006 3007 3008 3009 3010 3011 3012 3013 3014 3015 3016 3017 3018 3019 3020 3021 3022 3023 3024 3025 3026 3027 3028 3029 3030 3031 3032 3033 3034 3035 3036 3037 3038 3039 3040 3041 3042 3043 3044 3045 3046 3047 3048 3049 3050 3051 3052 3053 3054 3055 3056 3057 3058 3059 3060 3061 3062 3063 3064 3065 3066 3067 3068 3069 3070 3071 3072 3073 3074 3075 3076 3077 3078 3079 3080 3081 3082 3083 3084 3085 3086 3087 3088 3089 3090 3091 3092 3093 3094 3095 3096 3097 3098 3099 3100 3101 3102 3103 3104 3105 3106 3107 3108 3109 3110 3111 3112 3113 3114 3115 3116 3117 3118 3119 3120 3121 3122 3123 3124 3125 3126 3127 3128 3129 3130 3131 3132 3133 3134 3135 3136 3137 3138 3139 3140 3141 3142 3143 3144 3145 3146 3147 3148 3149 3150 3151 3152 3153 3154 3155 3156 3157 3158 3159 3160 3161 3162 3163 3164 3165 3166 3167 3168 3169 3170 3171 3172 3173 3174 3175 3176 3177 3178 3179 3180 3181 3182 3183 3184 3185 3186 3187 3188 3189 3190 3191 3192 3193 3194 3195 3196 3197 3198 3199 3200 3201 3202 3203 3204 3205 3206 3207 3208 3209 3210 3211 3212 3213 3214 3215 3216 3217 3218 3219 3220 3221 3222 3223 3224 3225 3226 3227 3228 3229 3230 3231 3232 3233 3234 3235 3236 3237 3238 3239 3240 3241 3242 3243 3244 3245 3246 3247 3248 3249 3250 3251 3252 3253 3254 3255 3256 3257 3258 3259 3260 3261 3262 3263 3264 3265 3266 3267 3268 3269 3270 3271 3272 3273 3274 3275 3276 3277 3278 3279 3280 3281 3282 3283 3284 3285 3286 3287 3288 3289 3290 3291 3292 3293 3294 3295 3296 3297 3298 3299 3300 3301 3302 3303 3304 3305 3306 3307 3308 3309 3310 3311 3312 3313 3314 3315 3316 3317 3318 3319 3320 3321 3322 3323 3324 3325 3326 3327 3328 3329 3330 3331 3332 3333 3334 3335 3336 3337 3338 3339 3340 3341 3342 3343 3344 3345 3346 3347 3348 3349 3350 3351 3352 3353 3354 3355 3356 3357 3358 3359 3360 3361 3362 3363 3364 3365 3366 3367 3368 3369 3370 3371 3372 3373 3374 3375 3376 3377 3378 3379 3380 3381 3382 3383 3384 3385 3386 3387 3388 3389 3390 3391 3392 3393 3394 3395 3396 3397 3398 3399 3400 3401 3402 3403 3404 3405 3406 3407 3408 3409 3410 3411 3412 3413 3414 3415 3416 3417 3418 3419 3420 3421 3422 3423 3424 3425 3426 3427 3428 3429 3430 3431 3432 3433 3434 3435 3436 3437 3438 3439 3440 3441 3442 3443 3444 3445 3446 3447 3448 3449 3450 3451 3452 3453 3454 3455 3456 3457 3458 3459 3460 3461 3462 3463 3464 3465 3466 3467 3468 3469 3470 3471 3472 3473 3474 3475 3476 3477 3478 3479 3480 3481 3482 3483 3484 3485 3486 3487 3488 3489 3490 3491 3492 3493 3494 3495 3496 3497 3498 3499 3500 3501 3502 3503 3504 3505 3506 3507 3508 3509 3510 3511 3512 3513 3514 3515 3516 3517 3518 3519 3520 3521 3522 3523 3524 3525 3526 3527 3528 3529 3530 3531 3532 3533 3534 3535 3536 3537 3538 3539 3540 3541 3542 3543 3544 3545 3546 3547 3548 3549 3550 3551 3552 3553 3554 3555 3556 3557 3558 3559 3560 3561 3562 3563 3564 3565 3566 3567 3568 3569 3570 3571 3572 3573 3574 3575 3576 3577 3578 3579 3580 3581 3582 3583 3584 3585 3586 3587 3588 3589 3590 3591 3592 3593 3594 3595 3596 3597 3598 3599 3600 3601 3602 3603 3604 3605 3606 3607 3608 3609 3610 3611 3612 3613 3614 3615 3616 3617 3618 3619 3620 3621 3622 3623 3624 3625 3626 3627 3628 3629 3630 3631 3632 3633 3634 3635 3636 3637 3638 3639 3640 3641 3642 3643 3644 3645 3646 3647 3648 3649 3650 3651 3652 3653 3654 3655 3656 3657 3658 3659 3660 3661 3662 3663 3664 3665 3666 3667 3668 3669 3670 3671 3672 3673 3674 3675 3676 3677 3678 3679 3680 3681 3682 3683 3684 3685 3686 3687 3688 3689 3690 3691 3692 3693 3694 3695 3696 3697 3698 3699 3700 3701 3702 3703 3704 3705 3706 3707 3708 3709 3710 3711 3712 3713 3714 3715 3716 3717 3718 3719 3720 3721 3722 3723 3724 3725 3726 3727 3728 3729 3730 3731 3732 3733 3734 3735 3736 3737 3738 3739 3740 3741 3742 3743 3744 3745 3746 3747 3748 3749 3750 3751 3752 3753 3754 3755 3756 3757 3758 3759 3760 3761 3762 3763 3764 3765 3766 3767 3768 3769 3770 3771 3772 3773 3774 3775 3776 3777 3778 3779 3780 3781 3782 3783 3784 3785 3786 3787 3788 3789 3790 3791 3792 3793 3794 3795 3796 3797 3798 3799 3800 3801 3802 3803 3804 3805 3806 3807 3808 3809 3810 3811 3812 3813 3814 3815 3816 3817 3818 3819 3820 3821 3822 3823 3824 3825 3826 3827 3828 3829 3830 3831 3832 3833 3834 3835 3836 3837 3838 3839 3840 3841 3842 3843 3844 3845 3846 3847 3848 3849 3850 3851 3852 3853 3854 3855 3856 3857 3858 3859 3860 3861 3862 3863 3864 3865 3866 3867 3868 3869 3870 3871 3872 3873 3874 3875 3876 3877 3878 3879 3880 3881 3882 3883 3884 3885 3886 3887 3888 3889 3890 3891 3892 3893 3894 3895 3896 3897 3898 3899 3900 3901 3902 3903 3904 3905 3906 3907 3908 3909 3910 3911 3912 3913 3914 3915 3916 3917 3918 3919 3920 3921 3922 3923 3924 3925 3926 3927 3928 3929 3930 3931 3932 3933 3934 3935 3936 3937 3938 3939 3940 3941 3942 3943 3944 3945 3946 3947 3948 3949 3950 3951 3952 3953 3954 3955 3956 3957 3958 3959 3960 3961 3962 3963 3964 3965 3966 3967 3968 3969 3970 3971 3972 3973 3974 3975 3976 3977 3978 3979 3980 3981 3982 3983 3984 3985 3986 3987 3988 3989 3990 3991 3992 3993 3994 3995 3996 3997 3998 3999 4000 4001 4002 4003 4004 4005 4006 4007 4008 4009 4010 4011 4012 4013 4014 4015 4016 4017 4018 4019 4020 4021 4022 4023 4024 4025 4026 4027 4028 4029 4030 4031 4032 4033 4034 4035 4036 4037 4038 4039 4040 4041 4042 4043 4044 4045 4046 4047 4048 4049 4050 4051 4052 4053 4054 4055 4056 4057 4058 4059 4060 4061 4062 4063 4064 4065 4066 4067 4068 4069 4070 4071 4072 4073 4074 4075 4076 4077 4078 4079 4080 4081 4082 4083 4084 4085 4086 4087 4088 4089 4090 4091 4092 4093 4094 4095 4096 4097 4098 4099 4100 4101 4102 4103 4104 4105 4106 4107 4108 4109 4110 4111 4112 4113 4114 4115 4116 4117 4118 4119 4120 4121 4122 4123 4124 4125 4126 4127 4128 4129 4130 4131 4132 4133 4134 4135 4136 4137 4138 4139 4140 4141 4142 4143 4144 4145 4146 4147 4148 4149 4150 4151 4152 4153 4154 4155 4156 4157 4158 4159 4160 4161 4162 4163 4164 4165 4166 4167 4168 4169 4170 4171 4172 4173 4174 4175 4176 4177 4178 4179 4180 4181 4182 4183 4184 4185 4186 4187 4188 4189 4190 4191 4192 4193 4194 4195 4196 4197 4198 4199 4200 4201 4202 4203 4204 4205 4206 4207 4208 4209 4210 4211 4212 4213 4214 4215 4216 4217 4218 4219 4220 4221 4222 4223 4224 4225 4226 4227 4228 4229 4230 4231 4232 4233 4234 4235 4236 4237 4238 4239 4240 4241 4242 4243 4244 4245 4246 4247 4248 4249 4250 4251 4252 4253 4254 4255 4256 4257 4258 4259 4260 4261 4262 4263 4264 4265 4266 4267 4268 4269 4270 4271 4272 4273 4274 4275 4276 4277 4278 4279 4280 4281 4282 4283 4284 4285 4286 4287 4288 4289 4290 4291 4292 4293 4294 4295 4296 4297 4298 4299 4300 4301 4302 4303 4304 4305 4306 4307 4308 4309 4310 4311 4312 4313 4314 4315 4316 4317 4318 4319 4320 4321 4322 4323 4324 4325 4326 4327 4328 4329 4330 4331 4332 4333 4334 4335 4336 4337 4338 4339 4340 4341 4342 4343 4344 4345 4346 4347 4348 4349 4350 4351 4352 4353 4354 4355 4356 4357 4358 4359 4360 4361 4362 4363 4364 4365 4366 4367 4368 4369 4370 4371 4372 4373 4374 4375 4376 4377 4378 4379 4380 4381 4382 4383 4384 4385 4386 4387 4388 4389 4390 4391 4392 4393 4394 4395 4396 4397 4398 4399 4400 4401 4402 4403 4404 4405 4406 4407 4408 4409 4410 4411 4412 4413 4414 4415 4416 4417 4418 4419 4420 4421 4422 4423 4424 4425 4426 4427 4428 4429 4430 4431 4432 4433 4434 4435 4436 4437 4438 4439 4440 4441 4442 4443 4444 4445 4446 4447 4448 4449 4450 4451 4452 4453 4454 4455 4456 4457 4458 4459 4460 4461 4462 4463 4464 4465 4466 4467 4468 4469 4470 4471 4472 4473 4474 4475 4476 4477 4478 4479 4480 4481 4482 4483 4484 4485 4486 4487 4488 4489 4490 4491 4492 4493 4494 4495 4496 4497 4498 4499 4500 4501 4502 4503 4504 4505 4506 4507 4508 4509 4510 4511 4512 4513 4514 4515 4516 4517 4518 4519 4520 4521 4522 4523 4524 4525 4526 4527 4528 4529 4530 4531 4532 4533 4534 4535 4536 4537 4538 4539 4540 4541 4542 4543 4544 4545 4546 4547 4548 4549 4550 4551 4552 4553 4554 4555 4556 4557 4558 4559 4560 4561 4562 4563 4564 4565 4566 4567 4568 4569 4570 4571 4572 4573 4574 4575 4576 4577 4578 4579 4580 4581 4582 4583 4584 4585 4586 4587 4588 4589 4590 4591 4592 4593 4594 4595 4596 4597 4598 4599 4600 4601 4602 4603 4604 4605 4606 4607 4608 4609 4610 4611 4612 4613 4614 4615 4616 4617 4618 4619 4620 4621 4622 4623 4624 4625 4626 4627 4628 4629 4630 4631 4632 4633 4634 4635 4636 4637 4638 4639 4640 4641 4642 4643 4644 4645 4646 4647 4648 4649 4650 4651 4652 4653 4654 4655 4656 4657 4658 4659 4660 4661 4662 4663 4664
p1:4 A 0 1 2 3 4 5 6 7 8 9 10 11 12 13 14 15 16 17 18 19 20 21 22 23 24 25 26 27 28 29 30 31 32 33 34 35 36 37 38 39 40 41 42 43 44 45 46 47 48 49 50 51 52 53 54 55 56 57 58 59 60 61 62 63 64 65 66 67 68 69 70 71 72 73 74 75 76 77 78 79 80 81 82 83 84 85 86 87 88 89 90 91 92 93 94 95 96 97 98 99 100 101 102 103 104 105 106 107 108 109 110 111 112 113 114 115 116 117 118 119 120 121 122 123 124 125 126 127 128 129 130 131 132 133 134 135 136 137 138 139 140 141 142 143 144 145 146 147 148 149 150 151 152 153 154 155 156 157 158 159 160 161 162 163 164 165 166 167 168 169 170 171 172 173 174 175 176 177 178 179 180 181 182 183 184 185 186 187 188 189 190 191 192 193 194 195 196 197 198 199 200 201 202 203 204 205 206 207 208 209 210 211 212 213 214 215 216 217 218 219 220 221 222 223 224 225 226 227 228 229 230 231 232 233 234 235 236 237 238 239 240 241 242 243 244 245 246 247 248 249 250 251 252 253 254 255 256 257 258 259 260 261 262 263 264 265 266 267 268 269 270 271 272 273 274 275 276 277 278 279 280 281 282 283 284 285 286 287 288 289 290 291 292 293 294 295 296 297 298 299 300 301 302 303 304 305 306 307 308 309 310 311 312 313 314 315 316 317 318 319 320 321 322 323 324 325 326 327 328 329 330 331 332 333 334 335 336 337 338 339 340 341 342 343 344 345 346 347 348 349 350 351 352 353 354 355 356 357 358 359 360 361 362 363 364 365 366 367 368 369 370 371 372 373 374 375 376 377 378 379 380 381 382 383 384 385 386 387 388 389 390 391 392 393 394 395 396 397 398 399 400 401 402 403 404 405 406 407 408 409 410 411 412 413 414 415 416 417 418 419 420 421 422 423 424 425 426 427 428 429 430 431 432 433 434 435 436 437 438 439 440 441 442 443 444 445 446 447 448 449 450 451 452 453 454 455 456 457 458 459 460 461 462 463 464 465 466 467 468 469 470 471 472 473 474 475 476 477 478 479 480 481 482 483 484 485 486 487 488 489 490 491 492 493 494 495 496 497 498 499 500 501 502 503 504 505 506 507 508 509 510 511 512 513 514 515 516 517 518 519 520 521 522 523 524 525 526 527 528 529 530 531 532 533 534 535 536 537 538 539 540 541 542 543 544 545 546 547 548 549 550 551 552 553 554 555 556 557 558 559 560 561 562 563 564 565 566 567 568 569 570 571 572 573 574 575 576 577 578 579 580 581 582 583 584 585 586 587 588 589 590 591 592 593 594 595 596 597 598 599 600 601 602 603 604 605 606 607 608 609 610 611 612 613 614 615 616 617 618 619 620 621 622 623 624 625 626 627 628 629 630 631 632 633 634 635 636 637 638 639 640 641 642 643 644 645 646 647 648 649 650 651 652 653 654 655 656 657 658 659 660 661 662 663 664 665 666 667 668 669 670 671 672 673 674 675 676 677 678 679 680 681 682 683 684 685 686 687 688 689 690 691 692 693 694 695 696 697 698 699 700 701 702 703 704 705 706 707 708 709 710 711 712 713 714 715 716 717 718 719 720 721 722 723 724 725 726 727 728 729 730 731 732 733 734 735 736 737 738 739 740 741 742 743 744 745 746 747 748 749 750 751 752 753 754 755 756 757 758 759 760 761 762 763 764 765 766 767 768 769 770 771 772 773 774 775 776 777 778 779 780 781 782 783 784 785 786 787 788 789 790 791 792 793 794 795 796 797 798 799 800 801 802 803 804 805 806 807 808 809 810 811 812 813 814 815 816 817 818 819 820 821 822 823 824 825 826 827 828 829 830 831 832 833 834 835 836 837 838 839 840 841 842 843 844 845 846 847 848 849 850 851 852 853 854 855 856 857 858 859 860 861 862 863 864 865 866 867 868 869 870 871 872 873 874 875 876 877 878 879 880 881 882 883 884 885 886 887 888 889 890 891 892 893 894 895 896 897 898 899 900 901 902 903 904 905 906 907 908 909 910 911 912 913 914 915 916 917 918 919 920 921 922 923 924 925 926 927 928 929 930 931 932 933 934 935 936 937 938 939 940 941 942 943 944 945 946 947 948 949 950 951 952 953 954 955 956 957 958 959 960 961 962 963 964 965 966 967 968 969 970 971 972 973 974 975 976 977 978 979 980 981 982 983 984 985 986 987 988 989 990 991 992 993 994 995 996 997 998 999 1000 1001 1002 1003 1004 1005 1006 1007 1008 1009 1010 1011 1012 1013 1014 1015 1016 1017 1018 1019 1020 1021 1022 1023 1024 1025 1026 1027 1028 1029 1030 1031 1032 1033 1034 1035 1036 1037 1038 1039 1040 1041 1042 1043 1044 1045 1046 1047 1048 1049 1050 1051 1052 1053 1054 1055 1056 1057 1058 1059 1060 1061 1062 1063 1064 1065 1066 1067 1068 1069 1070 1071 1072 1073 1074 1075 1076 1077 1078 1079 1080 1081 1082 1083 1084 1085 1086 1087 1088 1089 1090 1091 1092 1093 1094 1095 1096 1097 1098 1099 1100 1101 1102 1103 1104 1105 1106 1107 1108 1109 1110 1111 1112 1113 1114 1115 1116 1117 1118 1119 1120 1121 1122 1123 1124 1125 1126 1127 1128 1129 1130 1131 1132 1133 1134 1135 1136 1137 1138 1139 1140 1141 1142 1143 1144 1145 1146 1147 1148 1149 1150 1151 1152 1153 1154 1155 1156 1157 1158 1159 1160 1161 1162 1163 1164 1165 1166 1167 1168 1169 1170 1171 1172 1173 1174 1175 1176 1177 1178 1179 1180 1181 1182 1183 1184 1185 1186 1187 1188 1189 1190 1191 1192 1193 1194 1195 1196 1197 1198 1199 1200 1201 1202 1203 1204 1205 1206 1207 1208 1209 1210 1211 1212 1213 1214 1215 1216 1217 1218 1219 1220 1221 1222 1223 1224 1225 1226 1227 1228 1229 1230 1231 1232 1233 1234 1235 1236 1237 1238 1239 1240 1241 1242 1243 1244 1245 1246 1247 1248 1249 1250 1251 1252 1253 1254 1255 1256 1257 1258 1259 1260 1261 1262 1263 1264 1265 1266 1267 1268 1269 1270 1271 1272 1273 1274 1275 1276 1277 1278 1279 1280 1281 1282 1283 1284 1285 1286 1287 1288 1289 1290 1291 1292 1293 1294 1295 1296 1297 1298 1299 1300 1301 1302 1303 1304 1305 1306 1307 1308 1309 1310 1311 1312 1313 1314 1315 1316 1317 1318 1319 1320 1321 1322 1323 1324 1325 1326 1327 1328 1329 1330 1331 1332 1333 1334 1335 1336 1337 1338 1339 1340 1341 1342 1343 1344 1345 1346 1347 1348 1349 1350 1351 1352 1353 1354 1355 1356 1357 1358 1359 1360 1361 1362 1363 1364 1365 1366 1367 1368 1369 1370 1371 1372 1373 1374 1375 1376 1377 1378 1379 1380 1381 1382 1383 1384 1385 1386 1387 1388 1389 1390 1391 1392 1393 1394 1395 1396 1397 1398 1399 1400 1401 1402 1403 1404 1405 1406 1407 1408 1409 1410 1411 1412 1413 1414 1415 1416 1417 1418 1419 1420 1421 1422 1423 1424 1425 1426 1427 1428 1429 1430 1431 1432 1433 1434 1435 1436 1437 1438 1439 1440 1441 1442 1443 1444 1445 1446 1447 1448 1449 1450 1451 1452 1453 1454 1455 1456 1457 1458 1459 1460 1461 1462 1463 1464 1465 1466 1467 1468 1469 1470 1471 1472 1473 1474 1475 1476 1477 1478 1479 1480 1481 1482 1483 1484 1485 1486 1487 1488 1489 1490 1491 1492 1493 1494 1495 1496 1497 1498 1499 1500 1501 1502 1503 1504 1505 1506 1507 1508 1509 1510 1511 1512 1513 1514 1515 1516 1517 1518 1519 1520 1521 1522 1523 1524 1525 1526 1527 1528 1529 1530 1531 1532 1533 1534 1535 1536 1537 1538 1539 1540 1541 1542 1543 1544 1545 1546 1547 1548 1549 1550 1551 1552 1553 1554 1555 1556 1557 1558 1559 1560 1561 1562 1563 1564 1565 1566 1567 1568 1569 1570 1571 1572 1573 1574 1575 1576 1577 1578 1579 1580 1581 1582 1583 1584 1585 1586 1587 1588 1589 1590 1591 1592 1593 1594 1595 1596 1597 1598 1599 1600 1601 1602 1603 1604 1605 1606 1607 1608 1609 1610 1611 1612 1613 1614 1615 1616 1617 1618 1619 1620 1621 1622 1623 1624 1625 1626 1627 1628 1629 1630 1631 1632 1633 1634 1635 1636 1637 1638 1639 1640 1641 1642 1643 1644 1645 1646 1647 1648 1649 1650 1651 1652 1653 1654 1655 1656 1657 1658 1659 1660 1661 1662 1663 1664 1665 1666 1667 1668 1669 1670 1671 1672 1673 1674 1675 1676 1677 1678 1679 1680 1681 1682 1683 1684 1685 1686 1687 1688 1689 1690 1691 1692 1693 1694 1695 1696 1697 1698 1699 1700 1701 1702 1703 1704 1705 1706 1707 1708 1709 1710 1711 1712 1713 1714 1715 1716 1717 1718 1719 1720 1721 1722 1723 1724 1725 1726 1727 1728 1729 1730 1731 1732 1733 1734 1735 1736 1737 1738 1739 1740 1741 1742 1743 1744 1745 1746 1747 1748 1749 1750 1751 1752 1753 1754 1755 1756 1757 1758 1759 1760 1761 1762 1763 1764 1765 1766 1767 1768 1769 1770 1771 1772 1773 1774 1775 1776 1777 1778 1779 1780 1781 1782 1783 1784 1785 1786 1787 1788 1789 1790 1791 1792 1793 1794 1795 1796 1797 1798 1799 1800 1801 1802 1803 1804 1805 1806 1807 1808 1809 1810 1811 1812 1813 1814 1815 1816 1817 1818 1819 1820 1821 1822 1823 1824 1825 1826 1827 1828 1829 1830 1831 1832 1833 1834 1835 1836 1837 1838 1839 1840 1841 1842 1843 1844 1845 1846 1847 1848 1849 1850 1851 1852 1853 1854 1855 1856 1857 1858 1859 1860 1861 1862 1863 1864 1865 1866 1867 1868 1869 1870 1871 1872 1873 1874 1875 1876 1877 1878 1879 1880 1881 1882 1883 1884 1885 1886 1887 1888 1889 1890 1891 1892 1893 1894 1895 1896 1897 1898 1899 1900 1901 1902 1903 1904 1905 1906 1907 1908 1909 1910 1911 1912 1913 1914 1915 1916 1917 1918 1919 1920 1921 1922 1923 1924 1925 1926 1927 1928 1929 1930 1931 1932 1933 1934 1935 1936 1937 1938 1939 1940 1941 1942 1943 1944 1945 1946 1947 1948 1949 1950 1951 1952 1953 1954 1955 1956 1957 1958 1959 1960 1961 1962 1963 1964 1965 1966 1967 1968 1969 1970 1971 1972 1973 1974 1975 1976 1977 1978 1979 1980 1981 1982 1983 1984 1985 1986 1987 1988 1989 1990 1991 1992 1993 1994 1995 1996 1997 1998 1999 2000 2001 2002 2003 2004 2005 2006 2007 2008 2009 2010 2011 2012 2013 2014 2015 2016 2017 2018 2019 2020 2021 2022 2023 2024 2025 2026 2027 2028 2029 2030 2031 2032 2033 2034 2035 2036 2037 2038 2039 2040 2041 2042 2043 2044 2045 2046 2047 2048 2049 2050 2051 2052 2053 2054 2055 2056 2057 2058 2059 2060 2061 2062 2063 2064 2065 2066 2067 2068 2069 2070 2071 2072 2073 2074 2075 2076 2077 2078 2079 2080 2081 2082 2083 2084 2085 2086 2087 2088 2089 2090 2091 2092 2093 2094 2095 2096 2097 2098 2099 2100 2101 2102 2103 2104 2105 2106 2107 2108 2109 2110 2111 2112 2113 2114 2115 2116 2117 2118 2119 2120 2121 2122 2123 2124 2125 2126 2127 2128 2129 2130 2131 2132 2133 2134 2135 2136 2137 2138 2139 2140 2141 2142 2143 2144 2145 2146 2147 2148 2149 2150 2151 2152 2153 2154 2155 2156 2157 2158 2159 2160 2161 2162 2163 2164 2165 2166 2167 2168 2169 2170 2171 2172 2173 2174 2175 2176 2177 2178 2179 2180 2181 2182 2183 2184 2185 4666 2186 2187 2188 2189 2190 2191 2192 2193 2194 2195 2196 2197 2198 2199 2200 2201 2202 2203 2204 2205 2206 2207 2208 2209 2210 2211 2212 2213 2214 2215 2216 2217 2218 2219 2220 2221 2222 2223 2224 2225 2226 2227 2228 2229 2230 2231 2232 2233 2234 2235 2236 2237 2238 2239 2240 2241 2242 2243 2244 2245 2246 2247 2248 2249 2250 2251 2252 2253 2254 2255 2256 2257 2258 2259 2260 2261 2262 2263 2264 2265 2266 2267 2268 2269 2270 2271 2272 2273 2274 2275 2276 2277 2278 2279 2280 2281 2282 2283 2284 2285 2286 2287 2288 2289 2290 2291 2292 2293 2294 2295 2296 2297 2298 2299 2300 2301 2302 2303 2304 2305 2306 2307 2308 2309 2310 2311 2312 2313 2314 2315 2316 2317 2318 2319 2320 2321 2322 2323 2324 2325 2326 2327 2328 2329 2330 2331 2332 2333 2334 2335 2336 2337 2338 2339 2340 2341 2342 2343 2344 2345 2346 2347 2348 2349 2350 2351 2352 2353 2354 2355 2356 2357 2358 2359 2360 2361 2362 2363 2364 2365 2366 2367 2368 2369 2370 2371 2372 2373 2374 2375 2376 2377 2378 2379 2380 2381 2382 2383 2384 2385 2386 2387 2388 2389 2390 2391 2392 2393 2394 2395 2396 2397 2398 2399 2400 2401 2402 2403 2404 2405 2406 2407 2408 2409 2410 2411 2412 2413 2414 2415 2416 2417 2418 2419 2420 2421 2422 2423 2424 2425 2426 2427 2428 2429 2430 2431 2432 2433 2434 2435 2436 2437 2438 2439 2440 2441 2442 2443 2444 2445 2446 2447 2448 2449 2450 2451 2452 2453 2454 2455 2456 2457 2458 2459 2460 2461 2462 2463 2464 2465 2466 2467 2468 2469 2470 2471 2472 2473 2474 2475 2476 2477 2478 2479 2480 2481 2482 2483 2484 2485 2486 2487 2488 2489 2490 2491 2492 2493 2494 2495 2496 2497 2498 2499 2500 2501 2502 2503 2504 2505 2506 2507 2508 2509 2510 2511 2512 2513 2514 2515 2516 2517 2518 2519 2520 2521 2522 2523 2524 2525 2526 2527 2528 2529 2530 2531 2532 2533 2534 2535 2536 2537 2538 2539 2540 2541 2542 2543 2544 2545 2546 2547 2548 2549 2550 2551 2552 2553 2554 2555 2556 2557 2558 2559 2560 2561 2562 2563 2564 2565 2566 2567 2568 2569 2570 2571 2572 2573 2574 2575 2576 2577 2578 2579 2580 2581 2582 2583 2584 2585 2586 2587 2588 2589 2590 2591 2592 2593 2594 2595 2596 2597 2598 2599 2600 2601 2602 2603 2604 2605 2606 2607 2608 2609 2610 2611 2612 2613 2614 2615 2616 2617 2618 2619 2620 2621 2622 2623 2624 2625 2626 2627 2628 2629 2630 2631 2632 2633 2634 2635 2636 2637 2638 2639 2640 2641 2642 2643 2644 2645 2646 2647 2648 2649 2650 2651 2652 2653 2654 2655 2656 2657 2658 2659 2660 2661 2662 2663 2664 2665 2666 2667 2668 2669 2670 2671 2672 2673 2674 2675 2676 2677 2678 2679 2680 2681 2682 2683 2684 2685 2686 2687 2688 2689 2690 2691 2692 2693 2694 2695 2696 2697 2698 2699 2700 2701 2702 2703 2704 2705 2706 2707 2708 2709 2710 2711 2712 2713 2714 2715 2716 2717 2718 2719 2720 2721 2722 2723 2724 2725 2726 2727 2728 2729 2730 2731 2732 2733 2734 2735 2736 2737 2738 2739 2740 2741 2742 2743 2744 2745 2746 2747 2748 2749 2750 2751 2752 2753 2754 2755 2756 2757 2758 2759 2760 2761 2762 2763 2764 2765 2766 2767 2768 2769 2770 2771 2772 2773 2774 2775 2776 2777 2778 2779 2780 2781 2782 2783 2784 2785 2786 2787 2788 2789 2790 2791 2792 2793 2794 2795 2796 2797 2798 2799 2800 2801 2802 2803 2804 2805 2806 2807 2808 2809 2810 2811 2812 2813 2814 2815 2816 2817 2818 2819 2820 2821 2822 2823 2824 2825 2826 2827 2828 2829 2830 2831 2832 2833 2834 2835 2836 2837 2838 2839 2840 2841 2842 2843 2844 2845 2846 2847 2848 2849 2850 2851 2852 2853 2854 2855 2856 2857 2858 2859 2860 2861 2862 2863 2864 2865 2866 2867 2868 2869 2870 2871 2872 2873 2874 2875 2876 2877 2878 2879 2880 2881 2882 2883 2884 2885 2886 2887 2888 2889 2890 2891 2892 2893 2894 2895 2896 2897 2898 2899 2900 2901 2902 2903 2904 2905 2906 2907 2908 2909 2910 2911 2912 2913 2914 2915 2916 2917 2918 2919 2920 2921 2922 2923 2924 2925 2926 2927 2928 2929 2930 2931 2932 2933 2934 2935 2936 2937 2938 2939 2940 2941 2942 2943 2944 2945 2946 2947 2948 2949 2950 2951 2952 2953 2954 2955 2956 2957 2958 2959 2960 2961 2962 2963 2964 2965 2966 2967 2968 2969 2970 2971 2972 2973 2974 2975 2976 2977 2978 2979 2980 2981 2982 2983 2984 2985 2986 2987 2988 2989 2990 2991 2992 2993 2994 2995 2996 2997 2998 2999 3000 3001 3002 3003 3004 3005 3006 3007 3008 3009 3010 3011 3012 3013 3014 3015 3016 3017 3018 3019 3020 3021 3022 3023 3024 3025 3026 3027 3028 3029 3030 3031 3032 3033 3034 3035 3036 3037 3038 3039 3040 3041 3042 3043 3044 3045 3046 3047 3048 3049 3050 3051 3052 3053 3054 3055 3056 3057 3058 3059 3060 3061 3062 3063 3064 3065 3066 3067 3068 3069 3070 3071 3072 3073 3074 3075 3076 3077 3078 3079 3080 3081 3082 3083 3084 3085 3086 3087 3088 3089 3090 3091 3092 3093 3094 3095 3096 3097 3098 3099 3100 3101 3102 3103 3104 3105 3106 3107 3108 3109 3110 3111 3112 3113 3114 3115 3116 3117 3118 3119 3120 3121 3122 3123 3124 3125 3126 3127 3128 3129 3130 3131 3132 3133 3134 3135 3136 3137 3138 3139 3140 3141 3142 3143 3144 3145 3146 3147 3148 3149 3150 3151 3152 3153 3154 3155 3156 3157 3158 3159 3160 3161 3162 3163 3164 3165 3166 3167 3168 3169 3170 3171 3172 3173 3174 3175 3176 3177 3178 3179 3180 3181 3182 3183 3184 3185 3186 3187 3188 3189 3190 3191 3192 3193 3194 3195 3196 3197 3198 3199 3200 3201 3202 3203 3204 3205 3206 3207 3208 3209 3210 3211 3212 3213 3214 3215 3216 3217 3218 3219 3220 3221 3222 3223 3224 3225 3226 3227 3228 3229 3230 3231 3232 3233 3234 3235 3236 3237 3238 3239 3240 3241 3242 3243 3244 3245 3246 3247 3248 3249 3250 3251 3252 3253 3254 3255 3256 3257 3258 3259 3260 3261 3262 3263 3264 3265 3266 3267 3268 3269 3270 3271 3272 3273 3274 3275 3276 3277 3278 3279 3280 3281 3282 3283 3284 3285 3286 3287 3288 3289 3290 3291 3292 3293 3294 3295 3296 3297 3298 3299 3300 4667 3301 3302 3303 3304 3305 3306 3307 3308 3309 3310 3311 3312 3313 3314 3315 3316 3317 3318 3319 3320 3321 3322 3323 3324 3325 3326 3327 3328 3329 3330 3331 3332 3333 3334 3335 3336 3337 3338 3339 3340 3341 3342 3343 3344 3345 3346 3347 3348 3349 3350 3351 3352 3353 3354 3355 3356 3357 3358 3359 3360 3361 3362 3363 3364 3365 3366 3367 3368 3369 3370 3371 3372 3373 3374 3375 3376 3377 3378 3379 3380 3381 3382 3383 3384 3385 3386 3387 3388 3389 3390 3391 3392 3393 3394 3395 3396 3397 3398 3399 3400 3401 3402 3403 3404 3405 3406 3407 3408 3409 3410 3411 3412 3413 3414 3415 3416 3417 3418 3419 3420 3421 3422 3423 3424 3425 3426 3427 3428 3429 3430 3431 3432 3433 3434 3435 3436 3437 3438 3439 3440 3441 3442 3443 3444 3445 3446 3447 3448 3449 3450 3451 3452 3453 3454 3455 3456 3457 3458 3459 3460 3461 3462 3463 3464 3465 3466 3467 3468 3469 3470 3471 3472 3473 3474 3475 3476 3477 3478 3479 3480 3481 3482 3483 3484 3485 3486 3487 3488 3489 3490 3491 3492 3493 3494 3495 3496 3497 3498 3499 4668 3500 3501 3502 3503 3504 3505 3506 3507 3508 3509 3510 3511 3512 3513 3514 3515 3516 3517 3518 3519 3520 3521 3522 3523 3524 3525 3526 3527 3528 3529 3530 3531 3532 3533 3534 3535 3536 3537 3538 3539 3540 3541 3542 3543 3544 3545 3546 3547 3548 3549 3550 3551 3552 3553 3554 3555 3556 3557 3558 3559 3560 3561 3562 3563 3564 3565 3566 3567 3568 3569 3570 3571 3572 3573 3574 3575 3576 3577 3578 3579 3580 3581 3582 3583 3584 3585 3586 3587 3588 3589 3590 3591 3592 3593 3594 3595 3596 3597 3598 3599 3600 3601 3602 3603 3604 3605 3606 3607 3608 3609 3610 3611 3612 3613 3614 3615 3616 3617 3618 3619 3620 3621 3622 3623 3624 3625 3626 3627 3628 3629 3630 3631 3632 3633 3634 3635 3636 3637 3638 3639 3640 3641 3642 3643 3644 3645 3646 3647 3648 3649 3650 3651 3652 3653 3654 3655 3656 3657 3658 3659 3660 3661 3662 3663 3664 3665 3666 3667 3668 3669 3670 3671 3672 3673 3674 3675 3676 3677 3678 3679 3680 3681 3682 3683 3684 3685 3686 3687 3688 3689 3690 3691 3692 3693 3694 3695 3696 3697 3698 3699 3700 3701 3702 3703 3704 3705 3706 3707 3708 3709 3710 3711 3712 3713 3714 3715 3716 3717 3718 3719 3720 3721 3722 3723 3724 3725 3726 3727 3728 3729 3730 3731 3732 3733 3734 3735 3736 3737 3738 3739 3740 3741 3742 3743 3744 3745 3746 3747 3748 3749 3750 3751 3752 3753 3754 3755 3756 3757 3758 3759 3760 3761 3762 3763 3764 3765 3766 3767 3768 3769 3770 3771 3772 3773 3774 3775 3776 3777 3778 3779 3780 3781 3782 3783 3784 3785 3786 3787 3788 3789 3790 3791 3792 3793 3794 3795 3796 3797 3798 3799 3800 3801 3802 3803 3804 3805 3806 3807 3808 3809 3810 3811 3812 3813 3814 3815 3816 3817 3818 3819 3820 3821 3822 3823 3824 3825 3826 3827 3828 3829 3830 3831 3832 3833 3834 3835 3836 3837 3838 3839 3840 3841 3842 3843 3844 3845 3846 3847 3848 3849 3850 3851 3852 3853 3854 3855 3856 3857 3858 3859 3860 3861 3862 3863 3864 3865 3866 3867 3868 3869 3870 3871 3872 3873 3874 3875 3876 3877 3878 3879 3880 3881 3882 3883 3884 3885 3886 3887 3888 3889 3890 3891 3892 3893 3894 3895 3896 3897 3898 3899 3900 3901 3902 3903 3904 3905 3906 3907 3908 3909 3910 3911 3912 3913 3914 3915 3916 3917 3918 3919 3920 3921 3922 3923 3924 3925 3926 3927 3928 3929 3930 3931 3932 3933 3934 3935 3936 3937 3938 3939 3940 3941 3942 3943 3944 3945 3946 3947 3948 3949 3950 3951 3952 3953 3954 3955 3956 3957 3958 3959 3960 3961 3962 3963 3964 3965 3966 3967 3968 3969 3970 3971 3972 3973 3974 3975 3976 3977 3978 3979 3980 3981 3982 3983 3984 3985 3986 3987 3988 3989 3990 3991 3992 3993 3994 3995 3996 3997 3998 3999 4000 4001 4002 4003 4004 4005 4006 4007 4008 4009 4010 4011 4012 4013 4014 4015 4016 4017 4018 4019 4020 4021 4022 4023 4024 4025 4026 4027 4028 4029 4030 4031 4032 4033 4034 4035 4036 4037 4038 4039 4040 4041 4042 4043 4044 4045 4046 4047 4048 4049 4050 4051 4052 4053 4054 4055 4056 4057 4058 4059 4060 4061 4062 4063 4064 4065 4066 4067 4068 4069 4070 4071 4072 4073 4074 4075 4076 4077 4078 4079 4080 4081 4082 4083 4084 4085 4086 4087 4088 4089 4090 4091 4092 4093 4094 4095 4096 4097 4098 4099 4100 4101 4102 4103 4104 4105 4106 4107 4108 4109 4110 4111 4112 4113 4114 4115 4116 4117 4118 4119 4120 4121 4122 4123 4124 4125 4126 4127 4128 4129 4130 4131 4132 4133 4134 4135 4136 4137 4138 4139 4140 4141 4142 4143 4144 4145 4146 4147 4148 4149 4150 4151 4152 4153 4154 4155 4156 4157 4158 4159 4160 4161 4162 4163 4164 4165 4166 4167 4168 4169 4170 4171 4172 4173 4174 4175 4176 4177 4178 4179 4180 4181 4182 4183 4184 4185 4186 4187 4188 4189 4190 4191 4192 4193 4194 4195 4196 4197 4198 4199 4200 4201 4202 4203 4204 4205 4206 4207 4208 4209 4210 4211 4212 4213 4214 4215 4216 4217 4218 4219 4220 4221 4222 4223 4224 4225 4226 4227 4228 4229 4230 4231 4232 4233 4234 4235 4236 4237 4238 4239 4240 4241 4242 4243 4244 4245 4246 4247 4248 4249 4250 4251 4252 4253 4254 4255 4256 4257 4258 4259 4260 4261 4262 4263 4264 4265 4266 4267 4268 4269 4270 4271 4272 4273 4274 4275 4276 4277 4278 4279 4280 4281 4282 4283 4284 4285 4286 4287 4288 4289 4290 4291 4292 4293 4294 4295 4296 4297 4298 4299 4300 4301 4302 4303 4304 4305 4306 4307 4308 4309 4310 4311 4312 4313 4314 4315 4316 4317 4318 4319 4320 4321 4322 4323 4324 4325 4326 4327 4328 4329 4330 4674 4331 4332 4333 4334 4335 4336 4337 4338 4339 4340 4341 4342 4343 4344 4345 4346 4347 4348 4349 4350 4351 4352 4353 4354 4355 4356 4357 4358 4359 4360 4361 4362 4363 4364 4365 4366 4367 4368 4369 4370 4371 4372 4373 4374 4375 4376 4377 4378 4379 4380 4381 4382 4383 4384 4385 4386 4387 4388 4389 4390 4391 4392 4393 4394 4395 4396 4397 4398 4399 4400 4401 4402 4403 4404 4405 4406 4407 4408 4409 4410 4411 4412 4413 4414 4415 4416 4417 4418 4419 4420 4421 4422 4423 4424 4425 4426 4427 4428 4429 4430 4431 4432 4433 4434 4435 4436 4437 4438 4439 4440 4441 4442 4443 4444 4445 4446 4447 4448 4449 4450 4451 4452 4453 4454 4455 4456 4457 4458 4459 4460 4461 4462 4463 4464 4465 4466 4467 4468 4469 4470 4471 4472 4473 4474 4475 4476 4477 4478 4479 4480 4481 4482 4483 4484 4485 4486 4487 4488 4489 4490 4491 4492 4493 4494 4495 4496 4497 4498 4499 4500 4501 4502 4503 4504 4505 4506 4507 4508 4509 4510 4511 4512 4513 4514 4515 4516 4517 4518 4519 4520 4521 4522 4523 4524 4525 4526 4527 4528 4529 4530 4531 4532 4533 4534 4535 4536 4537 4538 4539 4540 4541 4542 4543 4544 4545 4546 4547 4548 4549 4550 4551 4552 4553 4554 4555 4556 4557 4558 4559 4560 4561 4562 4563 4564 4565 4566 4567 4568 4569 4570 4571 4572 4573 4574 4575 4576 4577 4578 4579 4580 4581 4582 4583 4584 4585 4586 4587 4588 4589 4590 4591 4592 4593 4594 4595 4596 4597 4598 4599 4600 4601 4602 4603 4604 4605 4606 4607 4608 4609 4610 4611 4612 4613 4614 4615 4616 4617 4618 4619 4620 4621 4622 4623 4624 4625 4626 4627 4628 4629 4630 4631 4632 4633 4634 4635 4636 4675 4637 4638 4639 4640 4641 4642 4643 4644 4645 4646 4647 4648 4649 4650 4651 4652 4653 4654 4655 4656 4657 4658 4659 4660 4661 4662 4663
p1:5 A 0 1 2 3 4 5 6 7 8 9 10 11 12 13 14 15 16 17 18 19 20 21 22 23 24 25 26 27 28 29 30 31 32 33 34 35 36 37 38 39 40 41 42 43 44 45 46 47 48 49 50 51 52 53 54 55 56 57 58 59 60 61 62 63 64 65 66 67 68 69 70 71 72 73 74 75 76 77 78 79 80 81 82 83 84 85 86 87 88 89 90 91 92 93 94 95 96 97 98 99 100 101 102 103 104 105 106 107 108 109 110 111 112 113 114 115 116 117 118 119 120 121 122 123 124 125 126 127 128 129 130 131 132 133 134 135 136 137 138 139 140 141 142 143 144 145 146 147 148 149 150 151 152 153 154 155 156 157 158 159 160 161 162 163 164 165 166 167 168 169 170 171 172 173 174 175 176 177 178 179 180 181 182 183 184 185 186 187 188 189 190 191 192 193 194 195 196 197 198 199 200 201 202 203 204 205 206 207 208 209 210 211 212 213 214 215 216 217 218 219 220 221 222 223 224 225 226 227 228 229 230 231 232 233 234 235 236 237 238 239 240 241 242 243 244 245 246 247 248 249 250 251 252 253 254 255 256 257 258 259 260 261 262 263 264 265 266 267 268 269 270 271 272 273 274 275 276 277 278 279 280 281 282 283 284 285 286 287 288 289 290 291 292 293 294 295 296 297 298 299 300 301 302 303 304 305 306 307 308 309 310 311 312 313 314 315 316 317 318 319 320 321 322 323 324 325 326 327 328 329 330 331 332 333 334 335 336 337 338 339 340 341 342 343 344 345 346 347 348 349 350 351 352 353 354 355 356 357 358 359 360 361 362 363 364 365 366 367 368 369 370 371 372 373 374 375 376 377 378 379 380 381 382 383 384 385 386 387 388 389 390 391 392 393 394 395 396 397 398 399 400 401 402 403 404 405 406 407 408 409 410 411 412 413 414 415 416 417 418 419 420 421 422 423 424 425 426 427 428 429 430 431 432 433 434 435 436 437 438 439 440 441 442 443 444 445 446 447 448 449 450 451 452 453 454 455 456 457 458 459 460 461 462 463 464 465 466 467 468 469 470 471 472 473 474 475 476 477 478 479 480 481 482 483 484 485 486 487 488 489 490 491 492 493 494 495 496 497 498 499 500 501 502 503 504 505 506 507 508 509 510 511 512 513 514 515 516 517 518 519 520 521 522 523 524 525 526 527 528 529 530 531 532 533 534 535 536 537 538 539 540 541 542 543 544 545 546 547 548 549 550 551 552 553 554 555 556 557 558 559 560 561 562 563 564 565 566 567 568 569 570 571 572 573 574 575 576 577 578 579 580 581 582 583 584 585 586 587 588 589 590 591 592 593 594 595 596 597 598 599 600 601 602 603 604 605 606 607 608 609 610 611 612 613 614 615 616 617 618 619 620 621 622 623 624 625 626 627 628 629 630 631 632 633 634 635 636 637 638 639 640 641 642 643 644 645 646 647 648 649 650 651 652 653 654 655 656 657 658 659 660 661 662 663 664 665 666 667 668 669 670 671 672 673 674 675 676 677 678 679 680 681 682 683 684 685 686 687 688 689 690 691 692 693 694 695 696 697 698 699 700 701 702 703 704 705 706 707 708 709 710 711 712 713 714 715 716 717 718 719 720 721 722 723 724 725 726 727 728 729 730 731 732 733 734 735 736 737 738 739 740 741 742 743 744 745 746 747 748 749 750 751 752 753 754 755 756 757 758 759 760 761 762 763 764 765 766 767 768 769 770 771 772 773 774 775 776 777 778 779 780 781 782 783 784 785 786 787 788 789 790 791 792 793 794 795 796 797 798 799 800 801 802 803 804 805 806 807 808 809 810 811 812 813 814 815 816 817 818 819 820 821 822 823 824 825 826 827 828 829 830 831 832 833 834 835 836 837 838 839 840 841 842 843 844 845 846 847 848 849 850 851 852 853 854 855 856 857 858 859 860 861 862 863 864 865 866 867 868 869 870 871 872 873 874 875 876 877 878 879 880 881 882 883 884 885 886 887 888 889 890 891 892 893 894 895 896 897 898 899 900 901 902 903 904 905 906 907 908 909 910 911 912 913 914 915 916 917 918 919 920 921 922 923 924 925 926 927 928 929 930 931 932 933 934 935 936 937 938 939 940 941 942 943 944 945 946 947 948 949 950 951 952 953 954 955 956 957 958 959 960 961 962 963 964 965 966 967 968 969 970 971 972 973 974 975 976 977 978 979 980 981 982 983 984 985 986 987 988 989 990 991 992 993 994 995 996 997 998 999 1000 1001 1002 1003 1004 1005 1006 1007 1008 1009 1010 1011 1012 1013 1014 1015 1016 1017 1018 1019 1020 1021 1022 1023 1024 1025 1026 1027 1028 1029 1030 1031 1032 1033 1034 1035 1036 1037 1038 1039 1040 1041 1042 1043 1044 1045 1046 1047 1048 1049 1050 1051 1052 1053 1054 1055 1056 1057 1058 1059 1060 1061 1062 1063 1064 1065 1066 1067 1068 1069 1070 1071 1072 1073 1074 1075 1076 1077 1078 1079 1080 1081 1082 1083 1084 1085 1086 1087 1088 1089 1090 1091 1092 1093 1094 1095 1096 1097 1098 1099 1100 1101 1102 1103 1104 1105 1106 1107 1108 1109 1110 1111 1112 1113 1114 1115 1116 1117 1118 1119 1120 1121 1122 1123 1124 1125 1126 1127 1128 1129 1130 1131 1132 1133 1134 1135 1136 1137 1138 1139 1140 1141 1142 1143 1144 1145 1146 1147 1148 1149 1150 1151 1152 1153 1154 1155 1156 1157 1158 1159 1160 1161 1162 1163 1164 1165 1166 1167 1168 1169 1170 1171 1172 1173 1174 1175 1176 1177 1178 1179 1180 1181 1182 1183 1184 1185 1186 1187 1188 1189 1190 1191 1192 1193 1194 1195 1196 1197 1198 1199 1200 1201 1202 1203 1204 1205 1206 1207 1208 1209 1210 1211 1212 1213 1214 1215 1216 1217 1218 1219 1220 1221 1222 1223 1224 1225 1226 1227 1228 1229 1230 1231 1232 1233 1234 1235 1236 1237 1238 1239 1240 1241 1242 1243 1244 1245 1246 1247 1248 1249 1250 1251 4665 1252 1253 1254 1255 1256 1257 1258 1259 1260 1261 1262 1263 1264 1265 1266 1267 1268 1269 1270 1271 1272 1273 1274 1275 1276 1277 1278 1279 1280 1281 1282 1283 1284 1285 1286 1287 1288 1289 1290 1291 1292 1293 1294 1295 1296 1297 1298 1299 1300 1301 1302 1303 1304 1305 1306 1307 1308 1309 1310 1311 1312 1313 1314 1315 1316 1317 1318 1319 1320 1321 1322 1323 1324 1325 1326 1327 1328 1329 1330 1331 1332 1333 1334 1335 1336 1337 1338 1339 1340 1341 1342 1343 1344 1345 1346 1347 1348 1349 1350 1351 1352 1353 1354 1355 1356 1357 1358 1359 1360 1361 1362 1363 1364 1365 1366 1367 1368 1369 1370 1371 1372 1373 1374 1375 1376 1377 1378 1379 1380 1381 1382 1383 1384 1385 1386 1387 1388 1389 1390 1391 1392 1393 1394 1395 1396 1397 1398 1399 1400 1401 1402 1403 1404 1405 1406 1407 1408 1409 1410 1411 1412 1413 1414 1415 1416 1417 1418 1419 1420 1421 1422 1423 1424 1425 1426 1427 1428 1429 1430 1431 1432 1433 1434 1435 1436 1437 1438 1439 1440 1441 1442 1443 1444 1445 1446 1447 1448 1449 1450 1451 1452 1453 1454 1455 1456 1457 1458 1459 1460 1461 1462 1463 1464 1465 1466 1467 1468 1469 1470 1471 1472 1473 1474 1475 1476 1477 1478 1479 1480 1481 1482 1483 1484 1485 1486 1487 1488 1489 1490 1491 1492 1493 1494 1495 1496 1497 1498 1499 1500 1501 1502 1503 1504 1505 1506 1507 1508 1509 1510 1511 1512 1513 1514 1515 1516 1517 1518 1519 1520 1521 1522 1523 1524 1525 1526 1527 1528 1529 1530 1531 1532 1533 1534 1535 1536 1537 1538 1539 1540 1541 1542 1543 1544 1545 1546 1547 1548 1549 1550 1551 1552 1553 1554 1555 1556 1557 1558 1559 1560 1561 1562 1563 1564 1565 1566 1567 1568 1569 1570 1571 1572 1573 1574 1575 1576 1577 1578 1579 1580 1581 1582 1583 1584 1585 1586 1587 1588 1589 1590 1591 1592 1593 1594 1595 1596 1597 1598 1599 1600 1601 1602 1603 1604 1605 1606 1607 1608 1609 1610 1611 1612 1613 1614 1615 1616 1617 1618 1619 1620 1621 1622 1623 1624 1625 1626 1627 1628 1629 1630 1631 1632 1633 1634 1635 1636 1637 1638 1639 1640 1641 1642 1643 1644 1645 1646 1647 1648 1649 1650 1651 1652 1653 1654 1655 1656 1657 1658 1659 1660 1661 1662 1663 1664 1665 1666 1667 1668 1669 1670 1671 1672 1673 1674 1675 1676 1677 1678 1679 1680 1681 1682 1683 1684 1685 1686 1687 1688 1689 1690 1691 1692 1693 1694 1695 1696 1697 1698 1699 1700 1701 1702 1703 1704 1705 1706 1707 1708 1709 1710 1711 1712 1713 1714 1715 1716 1717 1718 1719 1720 1721 1722 1723 1724 1725 1726 1727 1728 1729 1730 1731 1732 1733 1734 1735 1736 1737 1738 1739 1740 1741 1742 1743 1744 1745 1746 1747 1748 1749 1750 1751 1752 1753 1754 1755 1756 1757 1758 1759 1760 1761 1762 1763 1764 1765 1766 1767 1768 1769 1770 1771 1772 1773 1774 1775 1776 1777 1778 1779 1780 1781 1782 1783 1784 1785 1786 1787 1788 1789 1790 1791 1792 1793 1794 1795 1796 1797 1798 1799 1800 1801 1802 1803 1804 1805 1806 1807 1808 1809 1810 1811 1812 1813 1814 1815 1816 1817 1818 1819 1820 1821 1822 1823 1824 1825 1826 1827 1828 1829 1830 1831 1832 1833 1834 1835 1836 1837 1838 1839 1840 1841 1842 1843 1844 1845 1846 1847 1848 1849 1850 1851 1852 1853 1854 1855 1856 1857 1858 1859 1860 1861 1862 1863 1864 1865 1866 1867 1868 1869 1870 1871 1872 1873 1874 1875 1876 1877 1878 1879 1880 1881 1882 1883 1884 1885 1886 1887 1888 1889 1890 1891 1892 1893 1894 1895 1896 1897 1898 1899 1900 1901 1902 1903 1904 1905 1906 1907 1908 1909 1910 1911 1912 1913 1914 1915 1916 1917 1918 1919 1920 1921 1922 1923 1924 1925 1926 1927 1928 1929 1930 1931 1932 1933 1934 1935 1936 1937 1938 1939 1940 1941 1942 1943 1944 1945 1946 1947 1948 1949 1950 1951 1952 1953 1954 1955 1956 1957 1958 1959 1960 1961 1962 1963 1964 1965 1966 1967 1968 1969 1970 1971 1972 1973 1974 1975 1976 1977 1978 1979 1980 1981 1982 1983 1984 1985 1986 1987 1988 1989 1990 1991 1992 1993 1994 1995 1996 1997 1998 1999 2000 2001 2002 2003 2004 2005 2006 2007 2008 2009 2010 2011 2012 2013 2014 2015 2016 2017 2018 2019 2020 2021 2022 2023 2024 2025 2026 2027 2028 2029 2030 2031 2032 2033 2034 2035 2036 2037 2038 2039 2040 2041 2042 2043 2044 2045 2046 2047 2048 2049 2050 2051 2052 2053 2054 2055 2056 2057 2058 2059 2060 2061 2062 2063 2064 2065 2066 2067 2068 2069 2070 2071 2072 2073 2074 2075 2076 2077 2078 2079 2080 2081 2082 2083 2084 2085 2086 2087 2088 2089 2090 2091 2092 2093 2094 2095 2096 2097 2098 2099 2100 2101 2102 2103 2104 2105 2106 2107 2108 2109 2110 2111 2112 2113 2114 2115 2116 2117 2118 2119 2120 2121 2122 2123 2124 2125 2126 2127 2128 2129 2130 2131 2132 2133 2134 2135 2136 2137 2138 2139 2140 2141 2142 2143 2144 2145 2146 2147 2148 2149 2150 2151 2152 2153 2154 2155 2156 2157 2158 2159 2160 2161 2162 2163 2164 2165 2166 2167 2168 2169 2170 2171 2172 2173 2174 2175 2176 2177 2178 2179 2180 2181 2182 2183 2184 2185 2186 2187 2188 2189 2190 2191 2192 2193 2194 2195 2196 2197 2198 2199 2200 2201 2202 2203 2204 2205 2206 2207 2208 2209 2210 2211 2212 2213 2214 2215 2216 2217 2218 2219 2220 2221 2222 2223 2224 2225 2226 2227 2228 2229 2230 2231 2232 2233 2234 2235 2236 2237 2238 2239 2240 2241 2242 2243 2244 2245 2246 2247 2248 2249 2250 2251 2252 2253 2254 2255 2256 2257 2258 2259 2260 2261 2262 2263 2264 2265 2266 2267 2268 2269 2270 2271 2272 2273 2274 2275 2276 2277 2278 2279 2280 2281 2282 2283 2284 2285 2286 2287 2288 2289 2290 2291 2292 2293 2294 2295 2296 2297 2298 2299 2300 2301 2302 2303 2304 2305 2306 2307 2308 2309 2310 2311 2312 2313 2314 2315 2316 2317 2318 2319 2320 2321 2322 2323 2324 2325 2326 2327 2328 2329 2330 2331 2332 2333 2334 2335 2336 2337 2338 2339 2340 2341 2342 2343 2344 2345 2346 2347 2348 2349 2350 2351 2352 2353 2354 2355 2356 2357 2358 2359 2360 2361 2362 2363 2364 2365 2366 2367 2368 2369 2370 2371 2372 2373 2374 2375 2376 2377 2378 2379 2380 2381 2382 2383 2384 2385 2386 2387 2388 2389 2390 2391 2392 2393 2394 2395 2396 2397 2398 2399 2400 2401 2402 2403 2404 2405 2406 2407 2408 2409 2410 2411 2412 2413 2414 2415 2416 2417 2418 2419 2420 2421 2422 2423 2424 2425 2426 2427 2428 2429 2430 2431 2432 2433 2434 2435 2436 2437 2438 2439 2440 2441 2442 2443 2444 2445 2446 2447 2448 2449 2450 2451 2452 2453 2454 2455 2456 2457 2458 2459 2460 2461 2462 2463 2464 2465 2466 2467 2468 2469 2470 2471 2472 2473 2474 2475 2476 2477 2478 2479 2480 2481 2482 2483 2484 2485 2486 2487 2488 2489 2490 2491 2492 2493 2494 2495 2496 2497 2498 2499 2500 2501 2502 2503 2504 2505 2506 2507 2508 2509 2510 2511 2512 2513 2514 2515 2516 2517 2518 2519 2520 2521 2522 2523 2524 2525 2526 2527 2528 2529 2530 2531 2532 2533 2534 2535 2536 2537 2538 2539 2540 2541 2542 2543 2544 2545 2546 2547 2548 2549 2550 2551 2552 2553 2554 2555 2556 2557 2558 2559 2560 2561 2562 2563 2564 2565 2566 2567 2568 2569 2570 2571 2572 2573 2574 2575 2576 2577 2578 2579 2580 2581 2582 2583 2584 2585 2586 2587 2588 2589 2590 2591 2592 2593 2594 2595 2596 2597 2598 2599 2600 2601 2602 2603 2604 2605 2606 2607 2608 2609 2610 2611 2612 2613 2614 2615 2616 2617 2618 2619 2620 2621 2622 2623 2624 2625 2626 2627 2628 2629 2630 2631 2632 2633 2634 2635 2636 2637 2638 2639 2640 2641 2642 2643 2644 2645 2646 2647 2648 2649 2650 2651 2652 2653 2654 2655 2656 2657 2658 2659 2660 2661 2662 2663 2664 2665 2666 2667 2668 2669 2670 2671 2672 2673 2674 2675 2676 2677 2678 2679 2680 2681 2682 2683 2684 2685 2686 2687 2688 2689 2690 2691 2692 2693 2694 2695 2696 2697 2698 2699 2700 2701 2702 2703 2704 2705 2706 2707 2708 2709 2710 2711 2712 2713 2714 2715 2716 2717 2718 2719 2720 2721 2722 2723 2724 2725 2726 2727 2728 2729 2730 2731 2732 2733 2734 2735 2736 2737 2738 2739 2740 2741 2742 2743 2744 2745 2746 2747 2748 2749 2750 2751 2752 2753 2754 2755 2756 2757 2758 2759 2760 2761 2762 2763 2764 2765 2766 2767 2768 2769 2770 2771 2772 2773 2774 2775 2776 2777 2778 2779 2780 2781 2782 2783 2784 2785 2786 2787 2788 2789 2790 2791 2792 2793 2794 2795 2796 2797 2798 2799 2800 2801 2802 2803 2804 2805 2806 2807 2808 2809 2810 2811 2812 2813 2814 2815 2816 2817 2818 2819 2820 2821 2822 2823 2824 2825 2826 2827 2828 2829 2830 2831 2832 2833 2834 2835 2836 2837 2838 2839 2840 2841 2842 2843 2844 2845 2846 2847 2848 2849 2850 2851 2852 2853 2854 2855 2856 2857 2858 2859 2860 2861 2862 2863 2864 2865 2866 2867 2868 2869 2870 2871 2872 2873 2874 2875 2876 2877 2878 2879 2880 2881 2882 2883 2884 2885 2886 2887 2888 2889 2890 2891 2892 2893 2894 2895 2896 2897 2898 2899 2900 2901 2902 2903 2904 2905 2906 2907 2908 2909 2910 2911 2912 2913 2914 2915 2916 2917 2918 2919 2920 2921 2922 2923 2924 2925 2926 2927 2928 2929 2930 2931 2932 2933 2934 2935 2936 2937 2938 2939 2940 2941 2942 2943 2944 2945 2946 2947 2948 2949 2950 2951 2952 2953 2954 2955 2956 2957 2958 2959 2960 2961 2962 2963 2964 2965 2966 2967 2968 2969 2970 2971 2972 2973 2974 2975 2976 2977 2978 2979 2980 2981 2982 2983 2984 2985 2986 2987 2988 2989 2990 2991 2992 2993 2994 2995 2996 2997 2998 2999 3000 3001 3002 3003 3004 3005 3006 3007 3008 3009 3010 3011 3012 3013 3014 3015 3016 3017 3018 3019 3020 3021 3022 3023 3024 3025 3026 3027 3028 3029 3030 3031 3032 3033 3034 3035 3036 3037 3038 3039 3040 3041 3042 3043 3044 3045 3046 3047 3048 3049 3050 3051 3052 3053 3054 3055 3056 3057 3058 3059 3060 3061 3062 3063 3064 3065 3066 3067 3068 3069 3070 3071 3072 3073 3074 3075 3076 3077 3078 3079 3080 3081 3082 3083 3084 3085 3086 3087 3088 3089 3090 3091 3092 3093 3094 3095 3096 3097 3098 3099 3100 3101 3102 3103 3104 3105 3106 3107 3108 3109 3110 3111 3112 3113 3114 3115 3116 3117 3118 3119 3120 3121 3122 3123 3124 3125 3126 3127 3128 3129 3130 3131 3132 3133 3134 3135 3136 3137 3138 3139 3140 3141 3142 3143 3144 3145 3146 3147 3148 3149 3150 3151 3152 3153 3154 3155 3156 3157 3158 3159 3160 3161 3162 3163 3164 3165 3166 3167 3168 3169 3170 3171 3172 3173 3174 3175 3176 3177 3178 3179 3180 3181 3182 3183 3184 3185 3186 3187 3188 3189 3190 3191 3192 3193 3194 3195 3196 3197 3198 3199 3200 3201 3202 3203 3204 3205 3206 3207 3208 3209 3210 3211 3212 3213 3214 3215 3216 3217 3218 3219 3220 3221 3222 3223 3224 3225 3226 3227 3228 3229 3230 3231 3232 3233 3234 3235 3236 3237 3238 3239 3240 3241 3242 3243 3244 3245 3246 3247 3248 3249 3250 3251 3252 3253 3254 3255 3256 3257 3258 3259 3260 3261 3262 3263 3264 3265 3266 3267 3268 3269 3270 3271 3272 3273 3274 3275 3276 3277 3278 3279 3280 3281 3282 3283 3284 3285 3286 3287 3288 3289 3290 3291 3292 3293 3294 3295 3296 3297 3298 3299 3300 3301 3302 3303 3304 3305 3306 3307 3308 3309 3310 3311 3312 3313 3314 3315 3316 3317 3318 3319 3320 3321 3322 3323 3324 3325 3326 3327 3328 3329 3330 3331 3332 3333 3334 3335 3336 3337 3338 3339 3340 3341 3342 3343 3344 3345 3346 3347 3348 3349 3350 3351 3352 3353 3354 3355 3356 3357 3358 3359 3360 3361 3362 3363 3364 3365 3366 3367 3368 3369 3370 3371 3372 3373 3374 3375 3376 3377 3378 3379 3380 3381 3382 3383 3384 3385 3386 3387 3388 3389 3390 3391 3392 3393 3394 3395 3396 3397 3398 3399 3400 3401 3402 3403 3404 3405 3406 3407 3408 3409 3410 3411 3412 3413 3414 3415 3416 3417 3418 3419 3420 3421 3422 3423 3424 3425 3426 3427 3428 3429 3430 3431 3432 3433 3434 3435 3436 3437 3438 3439 3440 3441 3442 3443 3444 3445 3446 3447 3448 3449 3450 3451 3452 3453 3454 3455 3456 3457 3458 3459 3460 3461 3462 3463 3464 3465 3466 3467 3468 3469 3470 3471 3472 3473 3474 3475 3476 3477 3478 3479 3480 3481 3482 3483 3484 3485 3486 3487 3488 3489 3490 3491 3492 3493 3494 3495 3496 3497 3498 3499 3500 3501 3502 3503 3504 3505 3506 3507 3508 3509 3510 3511 3512 3513 3514 3515 3516 3517 3518 3519 3520 3521 3522 3523 3524 3525 3526 3527 3528 3529 3530 3531 3532 3533 3534 3535 3536 3537 3538 3539 3540 3541 3542 3543 3544 3545 3546 3547 3548 3549 3550 3551 3552 3553 3554 3555 3556 3557 3558 3559 3560 3561 3562 3563 3564 3565 3566 3567 3568 3569 3570 3571 3572 3573 3574 3575 3576 3577 3578 3579 3580 3581 3582 3583 3584 3585 3586 3587 3588 3589 3590 3591 3592 3593 3594 3595 3596 3597 3598 3599 3600 3601 3602 3603 3604 3605 3606 3607 3608 3609 3610 3611 3612 3613 3614 3615 3616 3617 3618 3619 3620 3621 3622 3623 3624 3625 3626 3627 3628 3629 3630 3631 3632 3633 3634 3635 3636 3637 3638 3639 3640 3641 3642 3643 3644 3645 3646 3647 3648 3649 3650 3651 3652 3653 3654 3655 3656 3657 3658 3659 3660 3661 3662 3663 3664 3665 3666 3667 3668 3669 3670 3671 3672 3673 3674 3675 3676 3677 3678 3679 3680 3681 3682 3683 3684 3685 3686 3687 3688 3689 3690 3691 3692 3693 3694 3695 3696 3697 3698 3699 3700 3701 3702 3703 3704 3705 3706 3707 3708 3709 3710 3711 3712 3713 3714 3715 3716 3717 3718 3719 3720 3721 3722 3723 3724 3725 3726 3727 3728 3729 3730 3731 3732 3733 3734 3735 3736 3737 3738 3739 3740 3741 3742 3743 3744 3745 3746 3747 3748 3749 3750 3751 3752 3753 3754 3755 3756 3757 3758 3759 3760 3761 3762 3763 3764 3765 3766 3767 3768 3769 3770 3771 3772 3773 3774 3775 3776 3777 3778 3779 3780 3781 3782 3783 3784 3785 3786 3787 3788 3789 3790 3791 3792 3793 3794 3795 3796 3797 3798 3799 3800 3801 3802 3803 3804 3805 3806 3807 3808 3809 3810 3811 3812 3813 3814 3815 3816 3817 3818 3819 3820 3821 3822 3823 3824 3825 3826 3827 3828 3829 3830 3831 3832 3833 3834 3835 3836 3837 3838 3839 3840 3841 3842 3843 3844 3845 3846 3847 3848 3849 3850 3851 3852 3853 3854 3855 3856 3857 3858 3859 3860 3861 3862 4676 3863 3864 3865 3866 3867 3868 3869 3870 3871 3872 3873 3874 3875 3876 3877 3878 3879 3880 3881 3882 3883 3884 3885 3886 3887 3888 3889 3890 3891 3892 3893 3894 3895 3896 3897 3898 3899 3900 3901 3902 3903 3904 3905 3906 3907 3908 3909 3910 3911 3912 3913 3914 3915 3916 3917 3918 3919 3920 3921 3922 3923 3924 3925 3926 3927 3928 3929 3930 3931 3932 3933 3934 3935 3936 3937 3938 3939 3940 3941 3942 3943 3944 3945 3946 3947 3948 3949 3950 3951 3952 3953 3954 3955 3956 3957 3958 3959 3960 3961 3962 3963 3964 3965 3966 3967 3968 3969 3970 3971 3972 3973 3974 3975 3976 3977 3978 3979 3980 3981 3982 3983 3984 3985 3986 3987 3988 3989 3990 3991 3992 3993 3994 3995 3996 3997 3998 3999 4000 4001 4002 4003 4004 4005 4006 4007 4008 4009 4010 4011 4012 4013 4014 4015 4016 4017 4018 4019 4020 4021 4022 4023 4024 4025 4026 4027 4028 4029 4030 4031 4032 4033 4034 4035 4036 4037 4038 4039 4040 4041 4042 4043 4044 4045 4046 4047 4048 4049 4050 4051 4052 4053 4054 4055 4056 4057 4058 4059 4060 4061 4062 4063 4064 4065 4066 4067 4068 4069 4070 4071 4072 4073 4074 4075 4076 4077 4078 4079 4080 4081 4082 4083 4084 4085 4086 4087 4088 4089 4090 4091 4092 4093 4094 4095 4096 4097 4098 4099 4100 4101 4102 4103 4104 4105 4106 4107 4108 4109 4110 4111 4112 4113 4114 4115 4116 4117 4118 4119 4120 4121 4122 4123 4124 4125 4126 4127 4128 4129 4130 4131 4132 4133 4134 4135 4136 4137 4138 4139 4140 4141 4142 4143 4144 4145 4146 4147 4148 4149 4150 4151 4152 4153 4154 4155 4156 4157 4158 4159 4160 4161 4162 4163 4164 4165 4166 4167 4168 4169 4170 4171 4172 4173 4174 4175 4176 4177 4178 4179 4180 4181 4182 4183 4184 4185 4186 4187 4188 4189 4190 4191 4192 4193 4194 4195 4196 4197 4198 4199 4200 4201 4202 4203 4204 4205 4206 4207 4208 4209 4210 4211 4212 4213 4214 4215 4216 4217 4218 4219 4220 4221 4222 4223 4224 4225 4226 4227 4228 4229 4230 4231 4232 4233 4234 4235 4236 4237 4238 4239 4240 4241 4242 4243 4244 4245 4246 4247 4248 4249 4250 4251 4252 4253 4254 4255 4256 4257 4258 4259 4260 4261 4262 4263 4264 4265 4266 4267 4268 4269 4270 4271 4272 4273 4274 4275 4276 4277 4278 4279 4280 4281 4282 4283 4284 4285 4286 4287 4288 4289 4290 4291 4292 4293 4294 4295 4296 4297 4298 4299 4300 4301 4302 4303 4304 4305 4306 4307 4308 4309 4310 4311 4312 4313 4314 4315 4316 4317 4318 4319 4320 4321 4322 4323 4324 4325 4326 4327 4328 4329 4330 4331 4332 4333 4334 4335 4336 4337 4338 4339 4340 4341 4342 4343 4344 4345 4346 4347 4348 4349 4350 4351 4352 4353 4354 4355 4356 4357 4358 4359 4360 4361 4362 4363 4364 4365 4366 4367 4368 4369 4370 4371 4372 4373 4374 4375 4376 4377 4378 4379 4380 4381 4382 4383 4384 4385 4386 4387 4388 4389 4390 4391 4392 4393 4394 4395 4396 4397 4398 4399 4400 4401 4402 4403 4404 4405 4406 4407 4408 4409 4410 4411 4412 4413 4414 4415 4416 4417 4418 4419 4420 4421 4422 4423 4424 4425 4426 4427 4428 4429 4430 4431 4432 4433 4434 4435 4436 4437 4438 4439 4440 4441 4442 4443 4444 4445 4446 4447 4448 4449 4450 4451 4452 4453 4454 4455 4456 4457 4458 4459 4460 4461 4462 4463 4464 4465 4466 4467 4468 4469 4470 4471 4472 4473 4474 4475 4476 4477 4478 4479 4480 4481 4482 4483 4484 4485 4486 4487 4488 4489 4490 4491 4492 4493 4494 4495 4496 4497 4498 4499 4500 4501 4502 4503 4504 4505 4506 4507 4508 4509 4510 4511 4512 4513 4514 4515 4516 4517 4518 4519 4520 4521 4522 4523 4524 4525 4526 4527 4528 4529 4530 4531 4532 4533 4534 4535 4536 4537 4538 4539 4540 4541 4542 4543 4544 4545 4546 4547 4548 4549 4550 4551 4552 4553 4554 4555 4556 4557 4558 4559 4560 4561 4562 4563 4564 4565 4566 4567 4568 4569 4570 4571 4572 4573 4574 4575 4576 4577 4578 4579 4580 4581 4582 4583 4584 4585 4586 4587 4588 4589 4590 4591 4592 4593 4594 4595 4596 4597 4598 4599 4600 4601 4602 4603 4604 4605 4606 4607 4608 4609 4610 4611 4612 4613 4614 4615 4616 4617 4618 4619 4620 4621 4622 4623 4624 4625 4626 4627 4628 4629 4630 4631 4632 4633 4635 4636 4637 4638 4639 4640 4641 4642 4643 4644 4645 4646 4647 4648 4649 4650 4651 4652 4653 4654 4655 4656 4657 4658 4659 4660 4661 4662 4663
p1:6 A 0 1 2 3 4 5 6 7 8 9 10 11 12 13 14 15 16 17 18 19 20 21 22 23 24 25 26 27 28 29 30 31 32 33 34 35 36 37 38 39 40 41 42 43 44 45 46 47 48 49 50 51 52 53 54 55 56 57 58 59 60 61 62 63 64 65 66 67 68 69 70 71 72 73 74 75 76 77 78 79 80 81 82 83 84 85 86 87 88 89 90 91 92 93 94 95 96 97 98 99 100 101 102 103 104 105 106 107 108 109 110 111 112 113 114 115 116 117 118 119 120 121 122 123 124 125 126 127 128 129 130 131 132 133 134 135 136 137 138 139 140 141 142 143 144 145 146 147 148 149 150 151 152 153 154 155 156 157 158 159 160 161 162 163 164 165 166 167 168 169 170 171 172 173 174 175 176 177 178 179 180 181 182 183 184 185 186 187 188 189 190 191 192 193 194 195 196 197 198 199 200 201 202 203 204 205 206 207 208 209 210 211 212 213 214 215 216 217 218 219 220 221 222 223 224 225 226 227 228 229 230 231 232 233 234 235 236 237 238 239 240 241 242 243 244 245 246 247 248 249 250 251 252 253 254 255 256 257 258 259 260 261 262 263 264 265 266 267 268 269 270 271 272 273 274 275 276 277 278 279 280 281 282 283 284 285 286 287 288 289 290 291 292 293 294 295 296 297 298 299 300 301 302 303 304 305 306 307 308 309 310 311 312 313 314 315 316 317 318 319 320 321 322 323 324 325 326 327 328 329 330 331 332 333 334 335 336 337 338 339 340 341 342 343 344 345 346 347 348 349 350 351 352 353 354 355 356 357 358 359 360 361 362 363 364 365 366 367 368 369 370 371 372 373 374 375 376 377 378 379 380 381 382 383 384 385 386 387 388 389 390 391 392 393 394 395 396 397 398 399 400 401 402 403 404 405 406 407 408 409 410 411 412 413 414 415 416 417 418 419 420 421 422 423 424 425 426 427 428 429 430 431 432 433 434 435 436 437 438 439 440 441 442 443 444 445 446 447 448 449 450 451 452 453 454 455 456 457 458 459 460 461 462 463 464 465 466 467 468 469 470 471 472 473 474 475 476 477 478 479 480 481 482 483 484 485 486 487 488 489 490 491 492 493 494 495 496 497 498 499 500 501 502 503 504 505 506 507 508 509 510 511 512 513 514 515 516 517 518 519 520 521 522 523 524 525 526 527 528 529 530 531 532 533 534 535 536 537 538 539 540 541 542 543 544 545 546 547 548 549 550 551 552 553 554 555 556 557 558 559 560 561 562 563 564 565 566 567 568 569 570 571 572 573 574 575 576 577 578 579 580 581 582 583 584 585 586 587 588 589 590 591 592 593 594 595 596 597 598 599 600 601 602 603 604 605 606 607 608 609 610 611 612 613 614 615 616 617 618 619 620 621 622 623 624 625 626 627 628 629 630 631 632 633 634 635 636 637 638 639 640 641 642 643 644 645 646 647 648 649 650 651 652 653 654 655 656 657 658 659 660 661 662 663 664 665 666 667 668 669 670 671 672 673 674 675 676 677 678 679 680 681 682 683 684 685 686 687 688 689 690 691 692 693 694 695 696 697 698 699 700 701 702 703 704 705 706 707 708 709 710 711 712 713 714 715 716 717 718 719 720 721 722 723 724 725 726 727 728 729 730 731 732 733 734 735 736 737 738 739 740 741 742 743 744 745 746 747 748 749 750 751 752 753 754 755 756 757 758 759 760 761 762 763 764 765 766 767 768 769 770 771 772 773 774 775 776 777 778 779 780 781 782 783 784 785 786 787 788 789 790 791 792 793 794 795 796 797 798 799 800 801 802 803 804 805 806 807 808 809 810 811 812 813 814 815 816 817 818 819 820 821 822 823 824 825 826 827 828 829 830 831 832 833 834 835 836 837 838 839 840 841 842 843 844 845 846 847 848 849 850 851 852 853 854 855 856 857 858 859 860 861 862 863 864 865 866 867 868 869 870 871 872 873 874 875 876 877 878 879 880 881 882 883 884 885 886 887 888 889 890 891 892 893 894 895 896 897 898 899 900 901 902 903 904 905 906 907 908 909 910 911 912 913 914 915 916 917 918 919 920 921 922 923 924 925 926 927 928 929 930 931 932 933 934 935 936 937 938 939 940 941 942 943 944 945 946 947 948 949 950 951 952 953 954 955 956 957 958 959 960 961 962 963 964 965 966 967 968 969 970 971 972 973 974 975 976 977 978 979 980 981 982 983 984 985 986 987 988 989 990 991 992 993 994 995 996 997 998 999 1000 1001 1002 1003 1004 1005 1006 1007 1008 1009 1010 1011 1012 1013 1014 1015 1016 1017 1018 1019 1020 1021 1022 1023 1024 1025 1026 1027 1028 1029 1030 1031 1032 1033 1034 1035 1036 1037 1038 1039 1040 1041 1042 1043 1044 1045 1046 1047 1048 1049 1050 1051 1052 1053 1054 1055 1056 1057 1058 1059 1060 1061 1062 1063 1064 1065 1066 1067 1068 1069 1070 1071 1072 1073 1074 1075 1076 1077 1078 1079 1080 1081 1082 1083 1084 1085 1086 1087 1088 1089 1090 1091 1092 1093 1094 1095 1096 1097 1098 1099 1100 1101 1102 1103 1104 1105 1106 1107 1108 1109 1110 1111 1112 1113 1114 1115 1116 1117 1118 1119 1120 1121 1122 1123 1124 1125 1126 1127 1128 1129 1130 1131 1132 1133 1134 1135 1136 1137 1138 1139 1140 1141 1142 1143 1144 1145 1146 1147 1148 1149 1150 1151 1152 1153 1154 1155 1156 1157 1158 1159 1160 1161 1162 1163 1164 1165 1166 1167 1168 1169 1170 1171 1172 1173 1174 1175 1176 1177 1178 1179 1180 1181 1182 1183 1184 1185 1186 1187 1188 1189 1190 1191 1192 1193 1194 1195 1196 1197 1198 1199 1200 1201 1202 1203 1204 1205 1206 1207 1208 1209 1210 1211 1212 1213 1214 1215 1216 1217 1218 1219 1220 1221 1222 1223 1224 1225 1226 1227 1228 1229 1230 1231 1232 1233 1234 1235 1236 1237 1238 1239 1240 1241 1242 1243 1244 1245 1246 1247 1248 1249 1250 1251 4665 1252 1253 1254 1255 1256 1257 1258 1259 1260 1261 1262 1263 1264 1265 1266 1267 1268 1269 1270 1271 1272 1273 1274 1275 1276 1277 1278 1279 1280 1281 1282 1283 1284 1285 1286 1287 1288 1289 1290 1291 1292 1293 1294 1295 1296 1297 1298 1299 1300 1301 1302 1303 1304 1305 1306 1307 1308 1309 1310 1311 1312 1313 1314 1315 1316 1317 1318 1319 1320 1321 1322 1323 1324 1325 1326 1327 1328 1329 1330 1331 1332 1333 1334 1335 1336 1337 1338 1339 1340 1341 1342 1343 1344 1345 1346 1347 1348 1349 1350 1351 1352 1353 1354 1355 1356 1357 1358 1359 1360 1361 1362 1363 1364 1365 1366 1367 1368 1369 1370 1371 1372 1373 1374 1375 1376 1377 1378 1379 1380 1381 1382 1383 1384 1385 1386 1387 1388 1389 1390 1391 1392 1393 1394 1395 1396 1397 1398 1399 1400 1401 1402 1403 1404 1405 1406 1407 1408 1409 1410 1411 1412 1413 1414 1415 1416 1417 1418 1419 1420 1421 1422 1423 1424 1425 1426 1427 1428 1429 1430 1431 1432 1433 1434 1435 1436 1437 1438 1439 1440 1441 1442 1443 1444 1445 1446 1447 1448 1449 1450 1451 1452 1453 1454 1455 1456 1457 1458 1459 1460 1461 1462 1463 1464 1465 1466 1467 1468 1469 1470 1471 1472 1473 1474 1475 1476 1477 1478 1479 1480 1481 1482 1483 1484 1485 1486 1487 1488 1489 1490 1491 1492 1493 1494 1495 1496 1497 1498 1499 1500 1501 1502 1503 1504 1505 1506 1507 1508 1509 1510 1511 1512 1513 1514 1515 1516 1517 1518 1519 1520 1521 1522 1523 1524 1525 1526 1527 1528 1529 1530 1531 1532 1533 1534 1535 1536 1537 1538 1539 1540 1541 1542 1543 1544 1545 1546 1547 1548 1549 1550 1551 1552 1553 1554 1555 1556 1557 1558 1559 1560 1561 1562 1563 1564 1565 1566 1567 1568 1569 1570 1571 1572 1573 1574 1575 1576 1577 1578 1579 1580 1581 1582 1583 1584 1585 1586 1587 1588 1589 1590 1591 1592 1593 1594 1595 1596 1597 1598 1599 1600 1601 1602 1603 1604 1605 1606 1607 1608 1609 1610 1611 1612 1613 1614 1615 1616 1617 1618 1619 1620 1621 1622 1623 1624 1625 1626 1627 1628 1629 1630 1631 1632 1633 1634 1635 1636 1637 1638 1639 1640 1641 1642 1643 1644 1645 1646 1647 1648 1649 1650 1651 1652 1653 1654 1655 1656 1657 1658 1659 1660 1661 1662 1663 1664 1665 1666 1667 1668 1669 1670 1671 1672 1673 1674 1675 1676 1677 1678 1679 1680 1681 1682 1683 1684 1685 1686 1687 1688 1689 1690 1691 1692 1693 1694 1695 1696 1697 1698 1699 1700 1701 1702 1703 1704 1705 1706 1707 1708 1709 1710 1711 1712 1713 1714 1715 1716 1717 1718 1719 1720 1721 1722 1723 1724 1725 1726 1727 1728 1729 1730 1731 1732 1733 1734 1735 1736 1737 1738 1739 1740 1741 1742 1743 1744 1745 1746 1747 1748 1749 1750 1751 1752 1753 1754 1755 1756 1757 1758 1759 1760 1761 1762 1763 1764 1765 1766 1767 1768 1769 1770 1771 1772 1773 1774 1775 1776 1777 1778 1779 1780 1781 1782 1783 1784 1785 1786 1787 1788 1789 1790 1791 1792 1793 1794 1795 1796 1797 1798 1799 1800 1801 1802 1803 1804 1805 1806 1807 1808 1809 1810 1811 1812 1813 1814 1815 1816 1817 1818 1819 1820 1821 1822 1823 1824 1825 1826 1827 1828 1829 1830 1831 1832 1833 1834 1835 1836 1837 1838 1839 1840 1841 1842 1843 1844 1845 1846 1847 1848 1849 1850 1851 1852 1853 1854 1855 1856 1857 1858 1859 1860 1861 1862 1863 1864 1865 1866 1867 1868 1869 1870 1871 1872 1873 1874 1875 1876 1877 1878 1879 1880 1881 1882 1883 1884 1885 1886 1887 1888 1889 1890 1891 1892 1893 1894 1895 1896 1897 1898 1899 1900 1901 1902 1903 1904 1905 1906 1907 1908 1909 1910 1911 1912 1913 1914 1915 1916 1917 1918 1919 1920 1921 1922 1923 1924 1925 1926 1927 1928 1929 1930 1931 1932 1933 1934 1935 1936 1937 1938 1939 1940 1941 1942 1943 1944 1945 1946 1947 1948 1949 1950 1951 1952 1953 1954 1955 1956 1957 1958 1959 1960 1961 1962 1963 1964 1965 1966 1967 1968 1969 1970 1971 1972 1973 1974 1975 1976 1977 1978 1979 1980 1981 1982 1983 1984 1985 1986 1987 1988 1989 1990 1991 1992 1993 1994 1995 1996 1997 1998 1999 2000 2001 2002 2003 2004 2005 2006 2007 2008 2009 2010 2011 2012 2013 2014 2015 2016 2017 2018 2019 2020 2021 2022 2023 2024 2025 2026 2027 2028 2029 2030 2031 2032 2033 2034 2035 2036 2037 2038 2039 2040 2041 2042 2043 2044 2045 2046 2047 2048 2049 2050 2051 2052 2053 2054 2055 2056 2057 2058 2059 2060 2061 2062 2063 2064 2065 2066 2067 2068 2069 2070 2071 2072 2073 2074 2075 2076 2077 2078 2079 2080 2081 2082 2083 2084 2085 2086 2087 2088 2089 2090 2091 2092 2093 2094 2095 2096 2097 2098 2099 2100 2101 2102 2103 2104 2105 2106 2107 2108 2109 2110 2111 2112 2113 2114 2115 2116 2117 2118 2119 2120 2121 2122 2123 2124 2125 2126 2127 2128 2129 2130 2131 2132 2133 2134 2135 2136 2137 2138 2139 2140 2141 2142 2143 2144 2145 2146 2147 2148 2149 2150 2151 2152 2153 2154 2155 2156 2157 2158 2159 2160 2161 2162 2163 2164 2165 2166 2167 2168 2169 2170 2171 2172 2173 2174 2175 2176 2177 2178 2179 2180 2181 2182 2183 2184 2185 2186 2187 2188 2189 2190 2191 2192 2193 2194 2195 2196 2197 2198 2199 2200 2201 2202 2203 2204 2205 2206 2207 2208 2209 2210 2211 2212 2213 2214 2215 2216 2217 2218 2219 2220 2221 2222 2223 2224 2225 2226 2227 2228 2229 2230 2231 2232 2233 2234 2235 2236 2237 2238 2239 2240 2241 2242 2243 2244 2245 2246 2247 2248 2249 2250 2251 2252 2253 2254 2255 2256 2257 2258 2259 2260 2261 2262 2263 2264 2265 2266 2267 2268 2269 2270 2271 2272 2273 2274 2275 2276 2277 2278 2279 2280 2281 2282 2283 2284 2285 2286 2287 2288 2289 2290 2291 2292 2293 2294 2295 2296 2297 2298 2299 2300 2301 2302 2303 2304 2305 2306 2307 2308 2309 2310 2311 2312 2313 2314 2315 2316 2317 2318 2319 2320 2321 2322 2323 2324 2325 2326 2327 2328 2329 2330 2331 2332 2333 2334 2335 2336 2337 2338 2339 2340 2341 2342 2343 2344 2345 2346 2347 2348 2349 2350 2351 2352 2353 2354 2355 2356 2357 2358 2359 2360 2361 2362 2363 2364 2365 2366 2367 2368 2369 2370 2371 2372 2373 2374 2375 2376 2377 2378 2379 2380 2381 2382 2383 2384 2385 2386 2387 2388 2389 2390 2391 2392 2393 2394 2395 2396 2397 2398 2399 2400 2401 2402 2403 2404 2405 2406 2407 2408 2409 2410 2411 2412 2413 2414 2415 2416 2417 2418 2419 2420 2421 2422 2423 2424 2425 2426 2427 2428 2429 2430 2431 2432 2433 2434 2435 2436 2437 2438 2439 2440 2441 2442 2443 2444 2445 2446 2447 2448 2449 2450 2451 2452 2453 2454 2455 2456 2457 2458 2459 2460 2461 2462 2463 2464 2465 2466 2467 2468 2469 2470 2471 2472 2473 2474 2475 2476 2477 2478 2479 2480 2481 2482 2483 2484 2485 2486 2487 2488 2489 2490 2491 2492 2493 2494 2495 4672 2496 2497 2498 2499 2500 2501 2502 2503 2504 2505 2506 2507 2508 2509 2510 2511 2512 2513 2514 2515 2516 2517 2518 2519 2520 2521 2522 2523 2524 2525 2526 2527 2528 2529 2530 2531 2532 2533 2534 2535 2536 2537 2538 2539 2540 2541 2542 2543 2544 2545 2546 2547 2548 2549 2550 2551 2552 2553 2554 2555 2556 2557 2558 2559 2560 2561 2562 2563 2564 2565 2566 2567 2568 2569 2570 2571 2572 2573 2574 2575 2576 2577 2578 2579 2580 2581 2582 2583 2584 2585 2586 2587 2588 2589 2590 2591 2592 2593 2594 2595 2596 2597 2598 2599 2600 2601 2602 2603 2604 2605 2606 2607 2608 2609 2610 2611 2612 2613 2614 2615 2616 2617 2618 2619 2620 2621 2622 2623 2624 2625 2626 2627 2628 2629 2630 2631 2632 2633 2634 2635 2636 2637 2638 2639 2640 2641 2642 2643 2644 2645 2646 2647 2648 2649 2650 2651 2652 2653 2654 2655 2656 2657 2658 2659 2660 2661 2662 2663 2664 2665 2666 2667 2668 2669 2670 2671 2672 2673 2674 2675 2676 2677 2678 2679 2680 2681 2682 2683 2684 2685 2686 2687 2688 2689 2690 2691 2692 2693 2694 2695 2696 2697 2698 2699 2700 2701 2702 2703 2704 2705 2706 2707 2708 2709 2710 2711 2712 2713 2714 2715 2716 2717 2718 2719 2720 2721 2722 2723 2724 2725 2726 2727 2728 2729 2730 2731 2732 2733 2734 2735 2736 2737 2738 2739 2740 2741 2742 2743 2744 2745 2746 2747 2748 2749 2750 2751 2752 2753 2754 2755 2756 2757 2758 2759 2760 2761 2762 2763 2764 2765 2766 2767 2768 2769 2770 2771 2772 2773 2774 2775 2776 2777 2778 2779 2780 2781 2782 2783 2784 2785 2786 2787 2788 2789 2790 2791 2792 2793 2794 2795 2796 2797 2798 2799 2800 2801 2802 2803 2804 2805 2806 2807 2808 2809 2810 2811 2812 2813 2814 2815 2816 2817 2818 2819 2820 2821 2822 2823 2824 2825 2826 2827 2828 2829 2830 2831 2832 2833 2834 2835 2836 2837 2838 2839 2840 2841 2842 2843 2844 2845 2846 2847 2848 2849 2850 2851 2852 2853 2854 2855 2856 2857 2858 2859 2860 2861 2862 2863 2864 2865 2866 2867 2868 2869 2870 2871 2872 2873 2874 2875 2876 2877 2878 2879 2880 2881 4677 2882 2883 2884 2885 2886 2887 2888 2889 2890 2891 2892 2893 2894 2895 2896 2897 2898 2899 2900 2901 2902 2903 2904 2905 2906 2907 2908 2909 2910 2911 2912 2913 2914 2915 2916 2917 2918 2919 2920 2921 2922 2923 2924 2925 2926 2927 2928 2929 2930 2931 2932 2933 2934 2935 2936 2937 2938 2939 2940 2941 2942 2943 2944 2945 2946 2947 2948 2949 2950 2951 2952 2953 2954 2955 2956 2957 2958 2959 2960 2961 2962 2963 2964 2965 2966 2967 2968 2969 2970 2971 2972 2973 2974 2975 2976 2977 2978 2979 2980 2981 2982 2983 2984 2985 2986 2987 2988 2989 2990 2991 2992 2993 2994 2995 2996 2997 2998 2999 3000 3001 3002 3003 3004 3005 3006 3007 3008 3009 3010 3011 3012 3013 3014 3015 3016 3017 3018 3019 3020 3021 3022 3023 3024 3025 3026 3027 3028 3029 3030 3031 3032 3033 3034 3035 3036 3037 3038 3039 3040 3041 3042 3043 3044 3045 3046 3047 3048 3049 3050 3051 3052 3053 3054 3055 3056 3057 3058 3059 3060 3061 3062 3063 3064 3065 3066 3067 3068 3069 3070 3071 3072 3073 3074 3075 3076 3077 3078 3079 3080 3081 3082 3083 3084 3085 3086 3087 3088 3089 3090 3091 3092 3093 3094 3095 3096 3097 3098 3099 3100 3101 3102 3103 3104 3105 3106 3107 3108 3109 3110 3111 3112 3113 3114 3115 3116 3117 3118 3119 3120 3121 3122 3123 3124 3125 3126 3127 3128 3129 3130 3131 3132 3133 3134 3135 3136 3137 3138 3139 3140 3141 3142 3143 3144 3145 3146 3147 3148 3149 3150 3151 3152 3153 3154 3155 3156 3157 3158 3159 3160 3161 3162 3163 3164 3165 3166 3167 3168 3169 3170 3171 3172 3173 3174 3175 3176 3177 3178 3179 3180 3181 3182 3183 3184 3185 3186 3187 3188 3189 3190 3191 3192 3193 3194 3195 3196 3197 3198 3199 3200 3201 3202 3203 3204 3205 3206 3207 3208 3209 3210 3211 3212 3213 3214 3215 3216 3217 3218 3219 3220 3221 3222 3223 3224 3225 3226 3227 3228 3229 3230 3231 3232 3233 3234 3235 3236 3237 3238 3239 3240 3241 3242 3243 3244 3245 3246 3247 3248 3249 3250 3251 3252 3253 3254 3255 3256 3257 3258 3259 3260 3261 3262 3263 3264 3265 3266 3267 3268 3269 3270 3271 3272 3273 3274 3275 3276 3277 3278 3279 3280 3281 3282 3283 3284 3285 3286 3287 3288 3289 3290 3291 3292 3293 3294 3295 3296 3297 3298 3299 3300 3301 3302 3303 3304 3305 3306 3307 3308 3309 3310 3311 3312 3313 3314 3315 3316 3317 3318 3319 3320 3321 3322 3323 3324 3325 3326 3327 3328 3329 3330 3331 3332 3333 3334 3335 3336 3337 3338 3339 3340 3341 3342 3343 3344 3345 3346 3347 3348 3349 3350 3351 3352 3353 3354 3355 3356 3357 3358 3359 3360 3361 3362 3363 3364 3365 3366 3367 3368 3369 3370 3371 3372 3373 3374 3375 3376 3377 3378 3379 3380 3381 3382 3383 3384 3385 3386 3387 3388 3389 3390 3391 3392 3393 3394 3395 3396 3397 3398 3399 3400 3401 3402 3403 3404 3405 3406 3407 3408 3409 3410 3411 3412 3413 3414 3415 3416 3417 3418 3419 3420 3421 3422 3423 3424 3425 3426 3427 3428 3429 3430 3431 3432 3433 3434 3435 3436 3437 3438 3439 3440 3441 3442 3443 3444 3445 3446 3447 3448 3449 3450 3451 3452 3453 3454 3455 3456 3457 3458 3459 3460 3461 3462 3463 3464 3465 3466 3467 3468 3469 3470 3471 3472 3473 3474 3475 3476 3477 3478 3479 3480 3481 3482 3483 3484 3485 3486 3487 3488 3489 3490 3491 3492 3493 3494 3495 3496 3497 3498 3499 3500 3501 3502 3503 3504 3505 3506 3507 3508 3509 3510 3511 3512 3513 3514 3515 3516 3517 3518 3519 3520 3521 3522 3523 3524 3525 3526 3527 3528 3529 3530 3531 3532 3533 3534 3535 3536 3537 3538 3539 3540 3541 3542 3543 3544 3545 3546 3547 3548 3549 3550 3551 3552 3553 3554 3555 3556 3557 3558 3559 3560 3561 3562 3563 3564 3565 3566 3567 3568 3569 3570 3571 3572 3573 3574 3575 3576 3577 3578 3579 3580 3581 3582 3583 3584 3585 3586 3587 3588 3589 3590 3591 3592 3593 3594 3595 3596 3597 3598 3599 3600 3601 3602 3603 3604 3605 3606 3607 3608 3609 3610 3611 3612 3613 3614 3615 3616 3617 3618 3619 3620 3621 3622 3623 3624 3625 3626 3627 3628 3629 3630 3631 3632 3633 3634 3635 3636 3637 3638 3639 3640 3641 3642 3643 3644 3645 3646 3647 3648 3649 3650 3651 3652 3653 3654 3655 3656 3657 3658 3659 3660 3661 3662 3663 3664 3665 3666 3667 3668 3669 3670 3671 3672 3673 3674 3675 3676 3677 3678 3679 3680 3681 3682 3683 3684 3685 3686 3687 3688 3689 3690 3691 3692 3693 3694 3695 3696 3697 3698 3699 3700 3701 3702 3703 3704 3705 3706 3707 3708 3709 3710 3711 3712 3713 3714 3715 3716 3717 3718 3719 3720 3721 3722 3723 3724 3725 3726 3727 3728 3729 3730 3731 3732 3733 3734 3735 3736 3737 3738 3739 3740 3741 3742 3743 3744 3745 3746 3747 3748 3749 3750 3751 3752 3753 3754 3755 3756 3757 3758 3759 3760 3761 3762 3763 3764 3765 3766 3767 3768 3769 3770 3771 3772 3773 3774 3775 3776 3777 3778 3779 3780 3781 3782 3783 3784 3785 3786 3787 3788 3789 3790 3791 3792 3793 3794 3795 3796 3797 3798 3799 3800 3801 3802 3803 3804 3805 3806 3807 3808 3809 3810 3811 3812 3813 3814 3815 3816 3817 3818 3819 3820 3821 3822 3823 3824 3825 3826 3827 3828 3829 3830 3831 3832 3833 3834 3835 3836 3837 3838 3839 3840 3841 3842 3843 3844 3845 3846 3847 3848 3849 3850 3851 3852 3853 3854 3855 3856 3857 3858 3859 3860 3861 3862 3863 3864 3865 3866 3867 3868 3869 3870 3871 3872 3873 3874 3875 3876 3877 3878 3879 3880 3881 3882 3883 3884 3885 3886 3887 3888 3889 3890 3891 3892 3893 3894 3895 3896 3897 3898 3899 3900 3901 3902 3903 3904 3905 3906 3907 3908 3909 3910 3911 3912 3913 3914 3915 3916 3917 3918 3919 3920 3921 3922 3923 3924 3925 3926 3927 3928 3929 3930 3931 3932 3933 3934 3935 3936 3937 3938 3939 3940 3941 3942 3943 3944 3945 3946 3947 3948 3949 3950 3951 3952 3953 3954 3955 3956 4669 3957 3958 3959 3960 3961 3962 3963 3964 3965 3966 3967 3968 3969 3970 3971 3972 3973 3974 3975 3976 3977 3978 3979 3980 3981 3982 3983 3984 3985 3986 3987 3988 3989 3990 3991 3992 3993 3994 3995 3996 3997 3998 3999 4000 4001 4002 4003 4004 4005 4006 4007 4008 4009 4010 4011 4012 4013 4014 4015 4016 4017 4018 4019 4020 4021 4022 4023 4024 4025 4026 4027 4028 4029 4030 4031 4032 4033 4034 4035 4036 4037 4038 4039 4040 4041 4042 4043 4044 4045 4046 4047 4048 4049 4050 4051 4052 4053 4054 4055 4056 4057 4058 4059 4060 4061 4062 4063 4064 4065 4066 4067 4068 4069 4070 4071 4072 4073 4074 4075 4076 4077 4078 4079 4080 4081 4082 4083 4084 4085 4086 4087 4088 4089 4090 4091 4092 4093 4094 4095 4096 4097 4098 4099 4100 4101 4102 4103 4104 4105 4106 4107 4108 4109 4110 4111 4112 4113 4114 4115 4116 4117 4118 4119 4120 4121 4122 4123 4124 4125 4126 4127 4128 4129 4130 4131 4132 4133 4134 4135 4136 4137 4138 4139 4140 4141 4142 4143 4144 4145 4146 4147 4148 4149 4150 4151 4152 4153 4154 4155 4156 4157 4158 4159 4160 4161 4162 4163 4164 4165 4166 4167 4168 4169 4170 4171 4172 4173 4174 4175 4176 4177 4178 4179 4180 4181 4182 4183 4184 4185 4186 4187 4188 4189 4190 4191 4192 4193 4194 4195 4196 4197 4198 4199 4200 4201 4202 4203 4204 4205 4206 4207 4208 4209 4210 4211 4212 4213 4214 4215 4216 4217 4218 4219 4220 4221 4222 4223 4224 4225 4226 4227 4228 4229 4230 4231 4232 4233 4234 4235 4236 4237 4238 4239 4240 4241 4242 4243 4244 4245 4246 4247 4248 4249 4250 4251 4252 4253 4254 4255 4256 4257 4258 4259 4260 4261 4262 4263 4264 4265 4266 4267 4268 4269 4270 4271 4272 4273 4274 4275 4276 4277 4278 4279 4280 4281 4282 4283 4284 4285 4286 4287 4288 4289 4290 4291 4292 4293 4294 4295 4296 4297 4298 4299 4300 4301 4302 4303 4304 4305 4306 4307 4308 4309 4310 4311 4312 4313 4314 4315 4316 4317 4318 4319 4320 4321 4322 4323 4324 4325 4326 4327 4328 4329 4330 4331 4332 4333 4334 4335 4336 4337 4338 4339 4340 4341 4342 4343 4344 4345 4346 4347 4348 4349 4350 4351 4352 4353 4354 4355 4356 4357 4358 4359 4360 4361 4362 4363 4364 4365 4366 4367 4368 4369 4370 4371 4372 4373 4374 4375 4376 4377 4378 4379 4380 4381 4382 4383 4384 4385 4386 4387 4388 4389 4390 4391 4392 4393 4394 4395 4396 4397 4398 4399 4400 4401 4402 4403 4404 4405 4406 4407 4408 4409 4410 4411 4412 4413 4414 4415 4416 4417 4418 4419 4420 4421 4678 4422 4423 4424 4425 4426 4427 4428 4429 4430 4431 4432 4433 4434 4435 4436 4437 4438 4439 4440 4441 4442 4443 4444 4445 4446 4447 4448 4449 4450 4451 4452 4453 4454 4455 4456 4457 4458 4459 4460 4461 4462 4463 4464 4465 4466 4467 4468 4469 4470 4471 4472 4473 4474 4475 4476 4477 4478 4479 4480 4481 4482 4483 4484 4485 4486 4487 4488 4489 4490 4491 4492 4493 4494 4495 4496 4497 4498 4499 4500 4501 4502 4503 4504 4505 4506 4507 4508 4509 4510 4511 4512 4513 4514 4515 4516 4517 4518 4519 4520 4521 4522 4523 4524 4525 4526 4527 4528 4529 4530 4531 4532 4533 4534 4535 4536 4537 4538 4539 4540 4541 4542 4543 4544 4545 4546 4547 4548 4549 4550 4551 4552 4553 4554 4555 4556 4557 4558 4559 4560 4561 4562 4563 4564 4565 4566 4567 4568 4569 4570 4571 4572 4573 4574 4575 4576 4577 4578 4579 4580 4581 4582 4583 4584 4585 4586 4587 4588 4589 4590 4591 4592 4593 4594 4595 4596 4597 4598 4599 4600 4601 4602 4603 4604 4605 4606 4607 4608 4609 4610 4611 4612 4613 4614 4615 4616 4617 4618 4619 4620 4621 4622 4623 4624 4625 4626 4627 4628 4629 4630 4631 4632 4633 4635 4636 4637 4638 4639 4640 4641 4642 4643 4644 4645 4646 4647 4648 4649 4650 4651 4652 4653 4654 4655 4656 4657 4658 4659 4660 4661 4662 4663
p1:7 A 0 1 2 3 4 5 6 7 8 9 10 11 12 13 14 15 16 17 18 19 20 21 22 23 24 25 26 27 28 29 30 31 32 33 34 35 36 37 38 39 40 41 42 43 44 45 46 47 48 49 50 51 52 53 54 55 56 57 58 59 60 61 62 63 64 65 66 67 68 69 70 71 72 73 74 75 76 77 78 79 80 81 82 83 84 85 86 87 88 89 90 91 92 93 94 95 96 97 98 99 100 101 102 103 104 105 106 107 108 109 110 111 112 113 114 115 116 117 118 119 120 121 122 123 124 125 126 127 128 129 130 131 132 133 134 135 136 137 138 139 140 141 142 143 144 145 146 147 148 149 150 151 152 153 154 155 156 157 158 159 160 161 162 163 164 165 166 167 168 169 170 171 172 173 174 175 176 177 178 179 180 181 182 183 184 185 186 187 188 189 190 191 192 193 194 195 196 197 198 199 200 201 202 203 204 205 206 207 208 209 210 211 212 213 214 215 216 217 218 219 220 221 222 223 224 225 226 227 228 229 230 231 232 233 234 235 236 237 238 239 240 241 242 243 244 245 246 247 248 249 250 251 252 253 254 255 256 257 258 259 260 261 262 263 264 265 266 267 268 269 270 271 272 273 274 275 276 277 278 279 280 281 282 283 284 285 286 287 288 289 290 291 292 4679 293 294 295 296 297 298 299 300 301 302 303 304 305 306 307 308 309 310 311 312 313 314 315 316 317 318 319 320 321 322 323 324 325 326 327 328 329 330 331 332 333 334 335 336 337 338 339 340 341 342 343 344 345 346 347 348 349 350 351 352 353 354 355 356 357 358 359 360 361 362 363 364 365 366 367 368 369 370 371 372 373 374 375 376 377 378 379 380 381 382 383 384 385 386 387 388 389 390 391 392 393 394 395 396 397 398 399 400 401 402 403 404 405 406 407 408 409 410 411 412 413 414 415 416 417 418 419 420 421 422 423 424 425 426 427 428 429 430 431 432 433 434 435 436 437 438 439 440 441 442 443 444 445 446 447 448 449 450 451 452 453 454 455 456 457 458 459 460 461 462 463 464 465 466 467 468 469 470 471 472 473 474 475 476 477 478 479 480 481 482 483 484 485 486 487 488 489 490 491 492 493 494 495 496 497 498 499 500 501 502 503 504 505 506 507 508 509 510 511 512 513 514 515 516 517 518 519 520 521 522 523 524 525 526 527 528 529 530 531 532 533 534 535 536 537 538 539 540 541 542 543 544 545 546 547 548 549 550 551 552 553 554 555 556 557 558 559 560 561 562 563 564 565 566 567 568 569 570 571 572 573 574 575 576 577 578 579 580 581 582 583 584 585 586 587 588 589 590 591 592 593 594 595 596 597 598 599 600 601 602 603 604 605 606 607 608 609 610 611 612 613 614 615 616 617 618 619 620 621 622 623 624 625 626 627 628 629 630 631 632 633 634 635 636 637 638 639 640 641 642 643 644 645 646 647 648 649 650 651 652 653 654 655 656 657 658 659 660 661 662 663 664 665 666 667 668 669 670 671 672 673 674 675 676 677 678 679 680 681 682 683 684 685 686 687 688 689 690 691 692 693 694 695 696 697 698 699 700 701 702 703 704 705 706 707 708 709 710 711 712 713 714 715 716 717 718 719 720 721 722 723 724 725 726 727 728 729 730 731 732 733 734 735 736 737 738 739 740 741 742 743 744 745 746 747 748 749 750 751 752 753 754 755 756 757 758 759 760 761 762 763 764 765 766 767 768 769 770 771 772 773 774 775 776 777 778 779 780 781 782 783 784 785 786 787 788 789 790 791 792 793 794 795 796 797 798 799 800 801 802 803 804 805 806 807 808 809 810 811 812 813 814 815 816 817 818 819 820 821 822 823 824 825 826 827 828 829 830 831 832 833 834 835 836 837 838 839 840 841 842 843 844 845 846 847 848 849 850 851 852 853 854 855 856 857 858 859 860 861 862 863 864 865 866 867 868 869 870 871 872 873 874 875 876 877 878 879 880 881 882 883 884 885 886 887 888 889 890 891 892 893 894 895 896 897 898 899 900 901 902 903 904 905 906 907 908 909 910 911 912 913 914 915 916 917 918 919 920 921 922 923 924 925 926 927 928 929 930 931 932 933 934 935 936 937 938 939 940 941 942 943 944 945 946 947 948 949 950 951 952 953 954 955 956 957 958 959 960 961 962 963 964 965 966 967 968 969 970 971 972 973 974 975 976 977 978 979 980 981 982 983 984 985 986 987 988 989 990 991 992 993 994 995 996 997 998 999 1000 1001 1002 1003 1004 1005 1006 1007 1008 1009 1010 1011 1012 1013 1014 1015 1016 1017 1018 1019 1020 1021 1022 1023 1024 1025 1026 1027 1028 1029 1030 1031 1032 1033 1034 1035 1036 1037 1038 1039 1040 1041 1042 1043 1044 1045 1046 1047 1048 1049 1050 1051 1052 1053 1054 1055 1056 1057 1058 1059 1060 1061 1062 1063 1064 1065 1066 1067 1068 1069 1070 1071 1072 1073 1074 1075 1076 1077 1078 1079 1080 1081 1082 1083 1084 1085 1086 1087 1088 1089 1090 1091 1092 1093 1094 1095 1096 1097 1098 1099 1100 1101 1102 1103 1104 1105 1106 1107 1108 1109 1110 1111 1112 1113 1114 1115 1116 1117 1118 1119 1120 1121 1122 1123 1124 1125 1126 1127 1128 1129 1130 1131 1132 1133 1134 1135 1136 1137 1138 1139 1140 1141 1142 1143 1144 1145 1146 1147 1148 1149 1150 1151 1152 1153 1154 1155 1156 1157 1158 1159 1160 1161 1162 1163 1164 1165 1166 1167 1168 1169 1170 1171 1172 1173 1174 1175 1176 1177 1178 1179 1180 1181 1182 1183 1184 1185 1186 1187 1188 1189 1190 1191 1192 1193 1194 1195 1196 1197 1198 1199 1200 1201 1202 1203 1204 1205 1206 1207 1208 1209 1210 1211 1212 1213 1214 1215 1216 1217 1218 1219 1220 1221 1222 1223 1224 1225 1226 1227 1228 1229 1230 1231 1232 1233 1234 1235 1236 1237 1238 1239 1240 1241 1242 1243 1244 1245 1246 1247 1248 1249 1250 1251 4665 1252 1253 1254 1255 1256 1257 1258 1259 1260 1261 1262 1263 1264 1265 1266 1267 1268 1269 1270 1271 1272 1273 1274 1275 1276 1277 1278 1279 1280 1281 1282 1283 1284 1285 1286 1287 1288 1289 1290 1291 1292 1293 1294 1295 1296 1297 1298 1299 1300 1301 1302 1303 1304 1305 1306 1307 1308 1309 1310 1311 1312 1313 1314 1315 1316 1317 1318 1319 1320 1321 1322 1323 1324 1325 1326 1327 1328 1329 1330 1331 1332 1333 1334 1335 1336 1337 1338 1339 1340 1341 1342 1343 1344 1345 1346 1347 1348 1349 1350 1351 1352 1353 1354 1355 1356 1357 1358 1359 1360 1361 1362 1363 1364 1365 1366 1367 1368 1369 1370 1371 1372 1373 1374 1375 1376 1377 1378 1379 1380 1381 1382 1383 1384 1385 1386 1387 1388 1389 1390 1391 1392 1393 1394 1395 1396 1397 1398 1399 1400 1401 1402 1403 1404 1405 1406 1407 1408 1409 1410 1411 1412 1413 1414 1415 1416 1417 1418 1419 1420 1421 1422 1423 1424 1425 1426 1427 1428 1429 1430 1431 1432 1433 1434 1435 1436 1437 1438 1439 1440 1441 1442 1443 1444 1445 1446 1447 1448 1449 1450 1451 1452 1453 1454 1455 1456 1457 1458 1459 1460 1461 1462 1463 1464 1465 1466 1467 1468 1469 1470 1471 1472 1473 1474 1475 1476 1477 1478 1479 1480 1481 1482 1483 1484 1485 1486 1487 1488 1489 1490 1491 1492 1493 1494 1495 1496 1497 1498 1499 1500 1501 1502 1503 1504 1505 1506 1507 1508 1509 1510 1511 1512 1513 1514 1515 1516 1517 1518 1519 1520 1521 1522 1523 1524 1525 1526 1527 1528 1529 1530 1531 1532 1533 1534 1535 1536 1537 1538 1539 1540 1541 1542 1543 1544 1545 1546 1547 1548 1549 1550 1551 1552 1553 1554 1555 1556 1557 1558 1559 1560 1561 1562 1563 1564 1565 1566 1567 1568 1569 1570 1571 1572 1573 1574 1575 1576 1577 1578 1579 1580 1581 1582 1583 1584 1585 1586 1587 1588 1589 1590 1591 1592 1593 1594 1595 1596 1597 1598 1599 1600 1601 1602 1603 1604 1605 1606 1607 1608 1609 1610 1611 1612 1613 1614 1615 1616 1617 1618 1619 1620 1621 1622 1623 1624 1625 1626 1627 1628 1629 1630 1631 1632 1633 1634 1635 1636 1637 1638 1639 1640 1641 1642 1643 1644 1645 1646 1647 1648 1649 1650 1651 1652 1653 1654 1655 1656 1657 1658 1659 1660 1661 1662 1663 1664 1665 1666 1667 1668 1669 1670 1671 1672 1673 1674 1675 1676 1677 1678 1679 1680 1681 1682 1683 1684 1685 1686 1687 1688 1689 1690 1691 1692 1693 1694 1695 1696 1697 1698 1699 1700 1701 1702 1703 1704 1705 1706 1707 1708 1709 1710 1711 1712 1713 1714 1715 1716 1717 1718 1719 1720 1721 1722 1723 1724 1725 1726 1727 1728 1729 1730 1731 1732 1733 1734 1735 1736 1737 1738 1739 1740 1741 1742 1743 1744 1745 1746 1747 1748 1749 1750 1751 1752 1753 1754 1755 1756 1757 1758 1759 1760 1761 1762 1763 1764 1765 1766 1767 1768 1769 1770 1771 1772 1773 1774 1775 1776 1777 1778 1779 1780 1781 1782 1783 1784 1785 1786 1787 1788 1789 1790 1791 1792 1793 1794 1795 1796 1797 1798 1799 1800 1801 1802 1803 1804 1805 1806 1807 1808 1809 1810 1811 1812 1813 1814 1815 1816 1817 1818 1819 1820 1821 1822 1823 1824 1825 1826 1827 1828 1829 1830 1831 1832 1833 1834 1835 1836 1837 1838 1839 1840 1841 1842 1843 1844 1845 1846 1847 1848 1849 1850 1851 1852 1853 1854 1855 1856 1857 1858 1859 1860 1861 1862 1863 1864 1865 1866 1867 1868 1869 1870 1871 1872 1873 1874 1875 1876 1877 1878 1879 1880 1881 1882 1883 1884 1885 1886 1887 1888 1889 1890 1891 1892 1893 1894 1895 1896 1897 1898 1899 1900 1901 1902 1903 1904 1905 1906 1907 1908 1909 1910 1911 1912 1913 1914 1915 1916 1917 1918 1919 1920 1921 1922 1923 1924 1925 1926 1927 1928 1929 1930 1931 1932 1933 1934 1935 1936 1937 1938 1939 1940 1941 1942 1943 1944 1945 1946 1947 1948 1949 1950 1951 1952 1953 1954 1955 1956 1957 1958 1959 1960 1961 1962 1963 1964 1965 1966 1967 1968 1969 1970 1971 1972 1973 1974 1975 1976 1977 1978 1979 1980 1981 1982 1983 1984 1985 1986 1987 1988 1989 1990 1991 1992 1993 1994 1995 1996 1997 1998 1999 2000 2001 2002 2003 2004 2005 2006 2007 2008 2009 2010 2011 2012 2013 2014 2015 2016 2017 2018 2019 2020 2021 2022 2023 2024 2025 2026 2027 2028 2029 2030 2031 2032 2033 2034 2035 2036 2037 2038 2039 2040 2041 2042 2043 2044 2045 2046 2047 2048 2049 2050 2051 2052 2053 2054 2055 2056 2057 2058 2059 2060 2061 2062 2063 2064 2065 2066 2067 2068 2069 2070 2071 2072 2073 2074 2075 2076 2077 2078 2079 2080 2081 2082 2083 2084 2085 2086 2087 2088 2089 2090 2091 2092 2093 2094 2095 2096 2097 2098 2099 2100 2101 2102 2103 2104 2105 2106 2107 2108 2109 2110 2111 2112 2113 2114 2115 2116 2117 2118 2119 2120 2121 2122 2123 2124 2125 2126 2127 2128 2129 2130 2131 2132 2133 2134 2135 2136 2137 2138 2139 2140 2141 2142 2143 2144 2145 2146 2147 2148 2149 2150 2151 2152 2153 2154 2155 2156 2157 2158 2159 2160 2161 2162 2163 2164 2165 2166 2167 2168 2169 2170 2171 2172 2173 2174 2175 2176 2177 2178 2179 2180 2181 2182 2183 2184 2185 4666 2186 2187 2188 2189 2190 2191 2192 2193 2194 2195 2196 2197 2198 2199 2200 2201 2202 2203 2204 2205 2206 2207 2208 2209 2210 2211 2212 2213 2214 2215 2216 2217 2218 2219 2220 2221 2222 2223 2224 2225 2226 2227 2228 2229 2230 2231 2232 2233 2234 2235 2236 2237 2238 2239 2240 2241 2242 2243 2244 2245 2246 2247 2248 2249 2250 2251 2252 2253 2254 2255 2256 2257 2258 2259 2260 2261 2262 2263 2264 2265 2266 2267 2268 2269 2270 2271 2272 2273 2274 2275 2276 2277 2278 2279 2280 2281 2282 2283 2284 2285 2286 2287 2288 2289 2290 2291 2292 2293 2294 2295 2296 2297 2298 2299 2300 2301 2302 2303 2304 2305 2306 2307 2308 2309 2310 2311 2312 2313 2314 2315 2316 2317 2318 2319 2320 2321 2322 2323 2324 2325 2326 2327 2328 2329 2330 2331 2332 2333 2334 2335 2336 2337 2338 2339 2340 2341 2342 2343 2344 2345 2346 2347 2348 2349 2350 2351 2352 2353 2354 2355 2356 2357 2358 2359 2360 2361 2362 2363 2364 2365 2366 2367 2368 2369 2370 2371 2372 2373 2374 2375 2376 2377 2378 2379 2380 2381 2382 2383 2384 2385 2386 2387 2388 2389 2390 2391 2392 2393 2394 2395 2396 2397 2398 2399 2400 2401 2402 2403 2404 2405 2406 2407 2408 2409 2410 2411 2412 2413 2414 2415 2416 2417 2418 2419 2420 2421 2422 2423 2424 2425 2426 2427 2428 2429 2430 2431 2432 2433 2434 2435 2436 2437 2438 2439 2440 2441 2442 2443 2444 2445 2446 2447 2448 2449 2450 2451 2452 2453 2454 2455 2456 2457 2458 2459 2460 2461 2462 2463 2464 2465 2466 2467 2468 2469 2470 2471 2472 2473 2474 2475 2476 2477 2478 2479 2480 2481 2482 2483 2484 2485 2486 2487 2488 2489 2490 2491 2492 2493 2494 2495 2496 2497 2498 2499 2500 2501 2502 2503 2504 2505 2506 2507 2508 2509 2510 2511 2512 2513 2514 2515 2516 2517 2518 2519 2520 2521 2522 2523 2524 2525 2526 2527 2528 2529 2530 2531 2532 2533 2534 2535 2536 2537 2538 2539 2540 2541 2542 2543 2544 2545 2546 2547 2548 2549 2550 2551 2552 2553 2554 2555 2556 2557 2558 2559 2560 2561 2562 2563 2564 2565 2566 2567 2568 2569 2570 2571 2572 2573 2574 2575 2576 2577 2578 2579 2580 2581 2582 2583 2584 2585 2586 2587 2588 2589 2590 2591 2592 2593 2594 2595 2596 2597 2598 2599 2600 2601 2602 2603 2604 2605 2606 2607 2608 2609 2610 2611 2612 2613 2614 2615 2616 2617 2618 2619 2620 2621 2622 2623 2624 2625 2626 2627 2628 2629 2630 2631 2632 2633 2634 2635 2636 2637 2638 2639 2640 2641 2642 2643 2644 2645 2646 2647 2648 2649 2650 2651 2652 2653 2654 2655 2656 2657 2658 2659 2660 2661 2662 2663 2664 2665 2666 2667 2668 2669 2670 2671 2672 2673 2674 2675 2676 2677 2678 2679 2680 2681 2682 2683 2684 2685 2686 2687 2688 2689 2690 2691 2692 2693 2694 2695 2696 2697 2698 2699 2700 2701 2702 2703 2704 2705 2706 2707 2708 2709 2710 2711 2712 2713 2714 2715 2716 2717 2718 2719 2720 2721 2722 2723 2724 2725 2726 2727 2728 2729 2730 2731 2732 2733 2734 2735 2736 2737 2738 2739 2740 2741 2742 2743 2744 2745 2746 2747 2748 2749 2750 2751 2752 2753 2754 2755 2756 2757 2758 2759 2760 2761 2762 2763 2764 2765 2766 2767 2768 2769 2770 2771 2772 2773 2774 2775 2776 2777 2778 2779 2780 2781 2782 2783 2784 2785 2786 2787 2788 2789 2790 2791 2792 2793 2794 2795 2796 2797 2798 2799 2800 2801 2802 2803 2804 2805 2806 2807 2808 2809 2810 2811 2812 2813 2814 2815 2816 2817 2818 2819 2820 2821 2822 2823 2824 2825 2826 2827 2828 2829 2830 2831 2832 2833 2834 2835 2836 2837 2838 2839 2840 2841 2842 2843 2844 2845 2846 2847 2848 2849 2850 2851 2852 2853 2854 2855 2856 2857 2858 2859 2860 2861 2862 2863 2864 2865 2866 2867 2868 2869 2870 2871 2872 2873 2874 2875 2876 2877 2878 2879 2880 2881 2882 2883 2884 2885 2886 2887 2888 2889 2890 2891 2892 2893 2894 2895 2896 2897 2898 2899 2900 2901 2902 2903 2904 2905 2906 2907 2908 2909 2910 2911 2912 2913 2914 2915 2916 2917 2918 2919 2920 2921 2922 2923 2924 2925 2926 2927 2928 2929 2930 2931 2932 2933 2934 2935 2936 2937 2938 2939 2940 2941 2942 2943 2944 2945 2946 2947 2948 2949 2950 2951 2952 2953 2954 2955 2956 2957 2958 2959 2960 2961 2962 2963 2964 2965 2966 2967 2968 2969 2970 2971 2972 2973 2974 2975 2976 2977 2978 2979 2980 2981 2982 2983 2984 2985 2986 2987 2988 2989 2990 2991 2992 2993 2994 2995 2996 2997 2998 2999 3000 3001 3002 3003 3004 3005 3006 3007 3008 3009 3010 3011 3012 3013 3014 3015 3016 3017 3018 3019 3020 3021 3022 3023 3024 3025 3026 3027 3028 3029 3030 3031 3032 3033 3034 3035 3036 3037 3038 3039 3040 3041 3042 3043 3044 3045 3046 3047 3048 3049 3050 3051 3052 3053 3054 3055 3056 3057 3058 3059 3060 3061 3062 3063 3064 3065 3066 3067 3068 3069 3070 3071 3072 3073 3074 3075 3076 3077 3078 3079 3080 3081 3082 3083 3084 3085 3086 3087 3088 3089 3090 3091 3092 3093 3094 3095 3096 3097 3098 3099 3100 3101 3102 3103 3104 3105 3106 3107 3108 3109 3110 3111 3112 3113 3114 3115 3116 3117 3118 3119 3120 3121 3122 3123 3124 3125 3126 3127 3128 3129 3130 3131 3132 3133 3134 3135 3136 3137 3138 3139 3140 3141 3142 3143 3144 3145 3146 3147 3148 3149 3150 3151 3152 3153 3154 3155 3156 3157 3158 3159 3160 3161 3162 3163 3164 3165 3166 3167 3168 3169 3170 3171 3172 3173 3174 3175 3176 3177 3178 3179 3180 3181 3182 3183 3184 3185 3186 3187 3188 3189 3190 3191 3192 3193 3194 3195 3196 3197 3198 3199 3200 3201 3202 3203 3204 3205 3206 3207 3208 3209 3210 3211 3212 3213 3214 3215 3216 3217 3218 3219 3220 3221 3222 3223 3224 3225 3226 3227 3228 3229 3230 3231 3232 3233 3234 3235 3236 3237 3238 3239 3240 3241 3242 3243 3244 3245 3246 3247 3248 3249 3250 3251 3252 3253 3254 3255 3256 3257 3258 3259 3260 3261 3262 3263 3264 3265 3266 3267 3268 3269 3270 3271 3272 3273 3274 3275 3276 3277 3278 3279 3280 3281 3282 3283 3284 3285 3286 3287 3288 3289 3290 3291 3292 3293 3294 3295 3296 3297 3298 3299 3300 4667 3301 3302 3303 3304 3305 3306 3307 3308 3309 3310 3311 3312 3313 3314 3315 3316 3317 3318 3319 3320 3321 3322 3323 3324 3325 3326 3327 3328 3329 3330 3331 3332 3333 3334 3335 3336 3337 3338 3339 3340 3341 3342 3343 3344 3345 3346 3347 3348 3349 3350 3351 3352 3353 3354 3355 3356 3357 3358 3359 3360 3361 3362 3363 3364 3365 3366 3367 3368 3369 3370 3371 3372 3373 3374 3375 3376 3377 3378 3379 3380 3381 3382 3383 3384 3385 3386 3387 3388 3389 3390 3391 3392 3393 3394 3395 3396 3397 3398 3399 3400 3401 3402 3403 3404 3405 3406 3407 3408 3409 3410 3411 3412 3413 3414 3415 3416 3417 3418 3419 3420 3421 3422 3423 3424 3425 3426 3427 3428 3429 3430 3431 3432 3433 3434 3435 3436 3437 3438 3439 3440 3441 3442 3443 3444 3445 3446 3447 3448 3449 3450 3451 3452 3453 3454 3455 3456 3457 3458 3459 3460 3461 3462 3463 3464 3465 3466 3467 3468 3469 3470 3471 3472 3473 3474 3475 3476 3477 3478 3479 3480 3481 3482 3483 3484 3485 3486 3487 3488 3489 3490 3491 3492 3493 3494 3495 3496 3497 3498 3499 4668 3500 3501 3502 3503 3504 3505 3506 3507 3508 3509 3510 3511 3512 3513 3514 3515 3516 3517 3518 3519 3520 3521 3522 3523 3524 3525 3526 3527 3528 3529 3530 3531 3532 3533 3534 3535 3536 3537 3538 3539 3540 3541 3542 3543 3544 3545 3546 3547 3548 3549 3550 3551 3552 3553 3554 3555 3556 3557 3558 3559 3560 3561 3562 3563 3564 3565 3566 3567 3568 3569 3570 3571 3572 3573 3574 3575 3576 3577 3578 3579 3580 3581 3582 3583 3584 3585 3586 3587 3588 3589 3590 3591 3592 3593 3594 3595 3596 3597 3598 3599 3600 3601 3602 3603 3604 3605 3606 3607 3608 3609 3610 3611 3612 3613 3614 3615 3616 3617 3618 3619 3620 3621 3622 3623 3624 3625 3626 3627 3628 3629 3630 3631 3632 3633 3634 3635 3636 3637 3638 3639 3640 3641 3642 3643 3644 3645 3646 3647 3648 3649 3650 3651 3652 3653 3654 3655 3656 3657 3658 3659 3660 3661 3662 3663 3664 3665 3666 3667 3668 3669 3670 3671 3672 3673 3674 3675 3676 3677 3678 3679 3680 3681 3682 3683 3684 3685 3686 3687 3688 3689 3690 3691 3692 3693 3694 3695 3696 3697 3698 3699 3700 3701 3702 3703 3704 3705 3706 3707 3708 3709 3710 3711 3712 3713 3714 3715 3716 3717 3718 3719 3720 3721 3722 3723 3724 3725 3726 3727 3728 3729 3730 3731 3732 3733 3734 3735 3736 3737 3738 3739 3740 3741 3742 3743 3744 3745 3746 3747 3748 3749 3750 3751 3752 3753 3754 3755 3756 3757 3758 3759 3760 3761 3762 3763 3764 3765 3766 3767 3768 3769 3770 3771 3772 3773 3774 3775 3776 3777 3778 3779 3780 3781 3782 3783 3784 3785 3786 3787 3788 3789 3790 3791 3792 3793 3794 3795 3796 3797 3798 3799 3800 3801 3802 3803 3804 3805 3806 3807 3808 3809 3810 3811 3812 3813 3814 3815 3816 3817 3818 3819 3820 3821 3822 3823 3824 3825 3826 3827 3828 3829 3830 3831 3832 3833 3834 3835 3836 3837 3838 3839 3840 3841 3842 3843 3844 3845 3846 3847 3848 3849 3850 3851 3852 3853 3854 3855 3856 3857 3858 3859 3860 3861 3862 3863 3864 3865 3866 3867 3868 3869 3870 3871 3872 3873 3874 3875 3876 3877 3878 3879 3880 3881 3882 3883 3884 3885 3886 3887 3888 3889 3890 3891 3892 3893 3894 3895 3896 3897 3898 3899 3900 3901 3902 3903 3904 3905 3906 3907 3908 3909 3910 3911 3912 3913 3914 3915 3916 3917 3918 3919 3920 3921 3922 3923 3924 3925 3926 3927 3928 3929 3930 3931 3932 3933 3934 3935 3936 3937 3938 3939 3940 3941 3942 3943 3944 3945 3946 3947 3948 3949 3950 3951 3952 3953 3954 3955 3956 4669 3957 3958 3959 3960 3961 3962 3963 3964 3965 3966 3967 3968 3969 3970 3971 3972 3973 3974 3975 3976 3977 3978 3979 3980 3981 3982 3983 3984 3985 3986 3987 3988 3989 3990 3991 3992 3993 3994 3995 3996 3997 3998 3999 4000 4001 4002 4003 4004 4005 4006 4007 4008 4009 4010 4011 4012 4013 4014 4015 4016 4017 4018 4019 4020 4021 4022 4023 4024 4025 4026 4027 4028 4029 4030 4031 4032 4033 4034 4035 4036 4037 4038 4039 4040 4041 4042 4043 4044 4045 4046 4047 4048 4049 4050 4051 4052 4053 4054 4055 4056 4057 4058 4059 4060 4061 4062 4063 4064 4065 4066 4067 4068 4069 4070 4071 4072 4073 4074 4075 4076 4077 4078 4079 4080 4081 4082 4083 4084 4085 4086 4087 4088 4089 4090 4091 4092 4093 4094 4095 4096 4097 4098 4099 4100 4101 4102 4103 4104 4105 4106 4107 4108 4109 4110 4111 4112 4113 4114 4115 4116 4117 4118 4119 4120 4121 4122 4123 4124 4125 4126 4127 4128 4129 4130 4131 4132 4133 4134 4135 4136 4137 4138 4139 4140 4141 4142 4143 4144 4145 4146 4147 4148 4149 4150 4151 4152 4153 4154 4155 4156 4157 4158 4159 4160 4161 4162 4163 4164 4165 4166 4167 4168 4169 4170 4171 4172 4173 4174 4175 4176 4177 4178 4179 4180 4181 4182 4183 4184 4185 4186 4187 4188 4189 4190 4191 4192 4193 4194 4195 4196 4197 4198 4199 4200 4201 4202 4203 4204 4205 4206 4207 4208 4209 4210 4211 4212 4213 4214 4215 4216 4217 4218 4219 4220 4221 4222 4223 4224 4225 4226 4227 4228 4229 4230 4231 4232 4233 4234 4235 4236 4237 4238 4239 4240 4241 4242 4243 4244 4245 4246 4247 4248 4249 4250 4251 4252 4253 4254 4255 4256 4257 4258 4259 4260 4261 4262 4263 4264 4265 4266 4267 4268 4269 4270 4271 4272 4273 4274 4275 4276 4277 4278 4279 4280 4281 4282 4283 4284 4285 4286 4287 4288 4289 4290 4291 4292 4293 4294 4295 4296 4297 4298 4299 4300 4301 4302 4303 4304 4305 4306 4307 4308 4309 4310 4311 4312 4313 4314 4315 4316 4317 4318 4319 4320 4321 4322 4323 4324 4325 4326 4327 4328 4329 4330 4331 4332 4333 4334 4335 4336 4337 4338 4339 4340 4341 4342 4343 4344 4345 4346 4347 4348 4349 4350 4351 4352 4353 4354 4355 4356 4357 4358 4359 4360 4361 4362 4363 4364 4365 4366 4367 4368 4369 4370 4371 4372 4373 4374 4375 4376 4377 4378 4379 4380 4381 4382 4383 4384 4385 4386 4387 4388 4389 4390 4391 4392 4393 4394 4395 4396 4397 4398 4399 4400 4401 4402 4403 4404 4405 4406 4407 4408 4409 4410 4411 4412 4413 4414 4415 4416 4417 4418 4419 4420 4421 4422 4423 4424 4425 4426 4427 4428 4429 4430 4431 4432 4433 4434 4435 4436 4437 4438 4439 4440 4441 4442 4443 4444 4445 4446 4447 4448 4449 4450 4451 4452 4453 4454 4455 4456 4457 4458 4459 4460 4461 4462 4463 4464 4465 4466 4467 4468 4469 4470 4471 4472 4473 4474 4475 4476 4477 4478 4479 4480 4481 4482 4483 4484 4485 4486 4487 4488 4489 4490 4491 4492 4493 4494 4495 4496 4497 4498 4499 4500 4501 4502 4503 4504 4505 4506 4507 4508 4509 4510 4511 4512 4513 4514 4515 4516 4517 4518 4519 4520 4521 4522 4523 4524 4525 4526 4527 4528 4529 4530 4531 4532 4533 4534 4535 4536 4537 4538 4539 4540 4541 4542 4543 4544 4545 4546 4547 4548 4549 4550 4551 4552 4553 4554 4555 4556 4557 4558 4559 4560 4561 4562 4563 4564 4565 4566 4567 4568 4569 4570 4571 4572 4573 4574 4575 4576 4577 4578 4579 4580 4581 4582 4583 4584 4585 4586 4587 4588 4589 4590 4591 4592 4593 4594 4595 4596 4597 4598 4599 4600 4601 4602 4603 4604 4605 4606 4607 4608 4609 4610 4611 4612 4613 4614 4615 4616 4617 4618 4619 4620 4621 4622 4623 4624 4625 4626 4627 4628 4629 4630 4631 4632 4633 4634 4635 4636 4637 4638 4639 4640 4641 4642 4643 4644 4645 4646 4647 4648 4649 4650 4651 4652 4653 4654 4655 4656 4657 4658 4659 4660 4661 4662 4663 4664
Population went extinct at generation 52458
