// Initial random seed:
2738103565983

// RunInitializeCallbacks():
initializeSLiMModelType(modelType = 'nonWF');
initializeMutationType(1, 0.5, "f", 0);
initializeMutationType(2, 0.2, "g", -0.05, 0.23);
initializeMutationType(3, 0.5, "e", 0.001);
initializeGenomicElementType(1, c(m1, m2, m3), c(0, 0.99, 0.01));
initializeGenomicElement(g1, 0, 5000000);
initializeMutationRate(1e-07);
initializeRecombinationRate(1e-06);

// Starting run at tick <start>:
1 

WARNING: Population near extinction at generation 73079 with 4 individuals
#OUT: 73079 73079 A
Version: 4
Populations:
p1 4 H
Mutations:
5710 1507 m3 4383719 0.000394026283 0.5 p1 3 8
2972 14843 m2 2271779 -7.78099196e-10 0.200000003 p1 17 8
6283 15993 m2 4822807 -2.71650856e-06 0.200000003 p1 18 8
4065 16175 m2 3134831 -2.95092013e-06 0.200000003 p1 18 8
2631 29136 m2 2019543 -7.15331953e-06 0.200000003 p1 32 8
1696 42025 m2 1344575 -1.33689957e-06 0.200000003 p1 46 8
421 44980 m2 320618 -1.98329726e-05 0.200000003 p1 50 8
4593 63701 m2 3507379 -9.0926271e-08 0.200000003 p1 71 8
4106 69025 m2 3170766 -4.59083203e-05 0.200000003 p1 77 8
3415 73966 m2 2603356 -3.08395533e-06 0.200000003 p1 83 8
4027 93148 m2 3112159 -1.23430544e-09 0.200000003 p1 105 8
4353 119570 m2 3334997 -3.05533399e-06 0.200000003 p1 136 8
5121 130535 m2 3932475 -1.8241515e-09 0.200000003 p1 149 8
4029 148643 m2 3114748 -7.22831646e-06 0.200000003 p1 171 8
5609 160301 m2 4302794 -0.000182502961 0.200000003 p1 186 8
6451 171021 m2 4950295 -0.000763892196 0.200000003 p1 198 8
1441 172160 m2 1152535 -4.16093426e-05 0.200000003 p1 200 8
4051 179974 m2 3123860 -0.000291924807 0.200000003 p1 209 8
266 185369 m2 204876 -0.000577856961 0.200000003 p1 216 8
2638 191943 m2 2023689 -0.000164601457 0.200000003 p1 224 8
5785 201421 m2 4445349 -0.000144380581 0.200000003 p1 235 8
5488 210919 m2 4207796 -1.30487069e-06 0.200000003 p1 247 8
1399 248250 m2 1123655 -1.25665465e-05 0.200000003 p1 293 8
3882 252707 m2 2993924 -2.77388008e-05 0.200000003 p1 299 8
394 268643 m2 297962 -5.9948249e-08 0.200000003 p1 319 8
24 289182 m2 21534 -4.15698552e-11 0.200000003 p1 345 8
5542 290763 m2 4256762 -7.22480218e-06 0.200000003 p1 347 8
3599 311313 m2 2753042 -2.39154812e-08 0.200000003 p1 373 8
6162 333134 m2 4730990 -0.000175929919 0.200000003 p1 400 8
2014 348542 m2 1577618 -5.31910846e-05 0.200000003 p1 419 8
947 357016 m2 758408 -0.000680683355 0.200000003 p1 430 8
751 358533 m2 589626 -0.0025278714 0.200000003 p1 432 8
5915 360912 m2 4536406 -3.91392696e-08 0.200000003 p1 435 8
2317 434484 m2 1787889 -0.000172605665 0.200000003 p1 529 8
2852 443616 m2 2185260 -4.54066867e-05 0.200000003 p1 540 8
3701 444323 m2 2838183 -5.67016177e-05 0.200000003 p1 541 8
5665 470932 m3 4346255 4.00515164e-05 0.5 p1 575 8
3380 477498 m2 2571921 -1.26563148e-13 0.200000003 p1 584 8
3791 493291 m2 2911168 -5.25135692e-05 0.200000003 p1 604 8
336 493876 m2 257045 -0.000822198985 0.200000003 p1 605 8
3803 520929 m2 2917876 -0.000203600066 0.200000003 p1 640 8
5776 534223 m2 4440979 -0.000121205892 0.200000003 p1 658 8
1199 540279 m2 955596 -0.000203219723 0.200000003 p1 666 8
3218 540301 m2 2459077 -3.66351105e-06 0.200000003 p1 666 8
852 541172 m2 680111 -5.77081588e-16 0.200000003 p1 667 8
2101 541195 m2 1636483 -0.000466888887 0.200000003 p1 667 8
4986 547471 m2 3830835 -9.29799512e-07 0.200000003 p1 676 8
1621 563501 m2 1287635 -2.1825248e-05 0.200000003 p1 697 8
3397 567445 m2 2585436 -4.95327076e-05 0.200000003 p1 702 8
5204 586290 m2 3996352 -3.10512478e-05 0.200000003 p1 727 8
2204 622525 m2 1708774 -1.26845489e-05 0.200000003 p1 774 8
3777 624014 m2 2901536 -0.00015679108 0.200000003 p1 776 8
3850 638294 m2 2960267 -0.000568814576 0.200000003 p1 795 8
1898 641995 m2 1490012 -9.1144706e-08 0.200000003 p1 799 8
4948 661868 m2 3806047 -0.000157407354 0.200000003 p1 825 8
3644 662570 m2 2788352 -0.00108435552 0.200000003 p1 826 8
902 674354 m2 722236 -0.000960727164 0.200000003 p1 842 8
431 678393 m2 330406 -5.22952432e-05 0.200000003 p1 847 8
5617 680285 m2 4307336 -8.47726114e-05 0.200000003 p1 849 8
5299 692255 m2 4070820 -0.000576730818 0.200000003 p1 865 8
2939 699356 m2 2249662 -0.000298133644 0.200000003 p1 874 8
190 705490 m2 142945 -0.000279197935 0.200000003 p1 882 8
5950 725679 m2 4563175 -8.12061044e-05 0.200000003 p1 908 8
2329 731539 m2 1796083 -2.45268639e-05 0.200000003 p1 916 8
3003 738118 m2 2293837 -6.61201716e-09 0.200000003 p1 925 8
1267 740655 m2 1012677 -2.99730909e-05 0.200000003 p1 928 8
1903 741084 m2 1492175 -9.89065274e-10 0.200000003 p1 929 8
5460 741159 m2 4189399 -0.000145212864 0.200000003 p1 929 8
3259 745188 m2 2487666 -6.51209975e-10 0.200000003 p1 934 8
1364 753212 m2 1089392 -0.00260760589 0.200000003 p1 944 8
3773 763311 m2 2894620 -0.0022342552 0.200000003 p1 958 8
4379 764945 m2 3352690 -6.47274792e-05 0.200000003 p1 960 8
6536 770675 m2 4996292 -1.19660017e-05 0.200000003 p1 967 8
2019 785413 m3 1580186 0.00110769202 0.5 p1 987 8
2727 787488 m2 2093120 -4.95414788e-05 0.200000003 p1 989 8
5431 817092 m2 4168991 -1.36513945e-09 0.200000003 p1 1028 8
6456 824936 m2 4953160 -0.000162532873 0.200000003 p1 1039 8
4061 826257 m2 3133229 -3.38457612e-05 0.200000003 p1 1041 8
3671 868968 m2 2813924 -3.34394895e-06 0.200000003 p1 1098 8
3330 871908 m2 2540572 -0.000151143497 0.200000003 p1 1102 8
5676 878579 m2 4354218 -0.00038829702 0.200000003 p1 1111 8
2358 890189 m2 1815603 -0.000464971294 0.200000003 p1 1126 8
6450 893918 m2 4949522 -7.08557418e-05 0.200000003 p1 1131 8
2892 904071 m2 2216902 -0.000327477901 0.200000003 p1 1145 8
6108 904169 m2 4689028 -4.73858307e-07 0.200000003 p1 1145 8
1082 908695 m2 855723 -0.000122093057 0.200000003 p1 1151 8
2335 915999 m2 1799245 -0.000242127382 0.200000003 p1 1161 8
5853 940916 m2 4491228 -1.74047964e-05 0.200000003 p1 1194 8
2851 944447 m3 2184858 0.00330742984 0.5 p1 1199 8
174 951921 m2 133606 -1.50463711e-05 0.200000003 p1 1209 8
1295 961392 m2 1031885 -0.000175076551 0.200000003 p1 1222 8
4800 974342 m2 3690422 -2.80013929e-10 0.200000003 p1 1239 8
1278 982416 m2 1019335 -8.28402335e-05 0.200000003 p1 1250 8
907 993776 m2 723834 -7.33446068e-05 0.200000003 p1 1264 8
5916 995723 m2 4536604 -0.00061770191 0.200000003 p1 1267 8
596 1009892 m2 464740 -0.00040300205 0.200000003 p1 1286 8
2579 1010401 m2 1982529 -1.79928757e-05 0.200000003 p1 1287 8
5689 1027281 m2 4366985 -8.28138436e-05 0.200000003 p1 1309 8
4262 1031232 m2 3279627 -4.07243424e-05 0.200000003 p1 1315 8
1592 1046397 m2 1264675 -2.87814316e-07 0.200000003 p1 1336 8
4063 1052240 m2 3134221 -0.000544878538 0.200000003 p1 1344 8
4780 1060947 m2 3666508 -2.86472186e-06 0.200000003 p1 1355 8
3486 1076686 m2 2658251 -3.38464379e-05 0.200000003 p1 1377 8
2409 1081930 m2 1859570 -8.23612663e-06 0.200000003 p1 1384 8
4648 1096106 m2 3551099 -4.75863316e-12 0.200000003 p1 1402 8
5581 1103290 m2 4285060 -3.5533616e-05 0.200000003 p1 1412 8
6228 1110232 m2 4778666 -6.54972382e-07 0.200000003 p1 1421 8
6006 1137204 m2 4599616 -0.000102103106 0.200000003 p1 1458 8
6157 1169696 m2 4727888 -7.91205639e-06 0.200000003 p1 1501 8
2255 1180376 m2 1743436 -7.86868804e-06 0.200000003 p1 1516 8
2164 1189677 m2 1680321 -1.49382915e-12 0.200000003 p1 1528 8
897 1195277 m2 718526 -0.000342974032 0.200000003 p1 1536 8
977 1224845 m2 782856 -0.000452090724 0.200000003 p1 1575 8
5638 1229021 m2 4320253 -0.000292036741 0.200000003 p1 1581 8
2600 1239803 m2 1998882 -0.000124315877 0.200000003 p1 1596 8
6258 1254164 m2 4805067 -0.000829417026 0.200000003 p1 1616 8
5851 1265267 m2 4489693 -0.000136333649 0.200000003 p1 1631 8
3360 1270576 m3 2562170 0.002473047 0.5 p1 1638 8
1128 1270638 m2 900266 -0.000312586955 0.200000003 p1 1638 8
5829 1271806 m3 4473949 0.00123993354 0.5 p1 1640 8
1434 1286137 m2 1149936 -1.81973996e-06 0.200000003 p1 1659 8
2540 1298853 m2 1954587 -5.4688212e-06 0.200000003 p1 1676 8
581 1321068 m2 455405 -8.17652181e-05 0.200000003 p1 1706 8
237 1323199 m2 178126 -0.000362939143 0.200000003 p1 1709 8
2913 1325817 m2 2233290 -0.000743589539 0.200000003 p1 1713 8
5063 1328701 m2 3889746 -0.000418001175 0.200000003 p1 1717 8
652 1329741 m2 512658 -0.000667189597 0.200000003 p1 1718 8
3246 1336969 m2 2478467 -0.000759174814 0.200000003 p1 1728 8
5677 1343733 m2 4354446 -4.95616041e-06 0.200000003 p1 1737 8
4556 1345195 m2 3478720 -0.000236574997 0.200000003 p1 1739 8
1710 1355513 m2 1351737 -3.00589272e-05 0.200000003 p1 1753 8
5000 1361634 m2 3840312 -0.000407952204 0.200000003 p1 1761 8
6187 1370363 m2 4746232 -1.94370003e-07 0.200000003 p1 1773 8
3472 1377428 m3 2650097 0.00128951797 0.5 p1 1783 8
3763 1385151 m2 2889420 -0.000481978408 0.200000003 p1 1793 8
1490 1394152 m2 1190545 -1.14396748e-07 0.200000003 p1 1805 8
2311 1400177 m2 1781404 -1.6146354e-05 0.200000003 p1 1814 8
2808 1417425 m2 2151241 -0.000344987551 0.200000003 p1 1837 8
1182 1432987 m2 935097 -1.63613791e-07 0.200000003 p1 1859 8
3009 1439428 m2 2299666 -1.8885844e-08 0.200000003 p1 1868 8
6452 1441062 m2 4950447 -8.72311077e-08 0.200000003 p1 1870 8
2240 1457874 m2 1729813 -1.48299114e-05 0.200000003 p1 1893 8
3127 1470218 m2 2386982 -0.000166751401 0.200000003 p1 1910 8
5106 1470233 m2 3923508 -0.000591886579 0.200000003 p1 1910 8
5365 1483748 m2 4121079 -0.000401648023 0.200000003 p1 1928 8
3161 1494729 m2 2414871 -6.62488219e-06 0.200000003 p1 1943 8
5269 1504598 m2 4049712 -4.87181424e-05 0.200000003 p1 1957 8
173 1507573 m3 133167 0.00351378694 0.5 p1 1961 8
2129 1518122 m2 1653636 -0.000409515953 0.200000003 p1 1976 8
3304 1520955 m2 2522878 -0.00114499149 0.200000003 p1 1980 8
5873 1538796 m2 4502715 -7.33092311e-05 0.200000003 p1 2004 8
5591 1542481 m2 4290123 -1.01912628e-05 0.200000003 p1 2010 8
1719 1547341 m2 1365146 -2.31433873e-07 0.200000003 p1 2016 8
5538 1550343 m2 4252015 -2.47381786e-06 0.200000003 p1 2020 8
1234 1558336 m2 985881 -0.000162603828 0.200000003 p1 2032 8
1019 1571444 m2 805376 -1.29978253e-05 0.200000003 p1 2050 8
5509 1575143 m2 4227181 -6.0948787e-07 0.200000003 p1 2055 8
793 1592603 m2 629374 -0.0003150251 0.200000003 p1 2079 8
2847 1592933 m3 2182614 0.00413281517 0.5 p1 2079 8
2756 1599864 m2 2115315 -7.32400731e-05 0.200000003 p1 2089 8
2510 1603860 m2 1930655 -0.000187070051 0.200000003 p1 2094 8
4340 1604524 m2 3327159 -6.70586697e-10 0.200000003 p1 2095 8
1283 1607972 m2 1025357 -0.000908963033 0.200000003 p1 2100 8
6208 1630054 m2 4758046 -0.00135905342 0.200000003 p1 2130 8
2450 1631635 m2 1893316 -1.10345219e-07 0.200000003 p1 2132 8
3105 1652302 m2 2371343 -4.85113515e-06 0.200000003 p1 2161 8
721 1654059 m2 566507 -2.9313398e-05 0.200000003 p1 2163 8
3914 1666544 m2 3016747 -1.08473287e-07 0.200000003 p1 2180 8
1084 1678523 m2 856478 -0.000113165202 0.200000003 p1 2196 8
1011 1683928 m2 801818 -5.8009654e-08 0.200000003 p1 2203 8
1365 1686141 m2 1089408 -1.08471604e-05 0.200000003 p1 2206 8
1455 1695063 m2 1163033 -0.000333553733 0.200000003 p1 2219 8
6249 1715546 m2 4798491 -0.000172451735 0.200000003 p1 2246 8
1498 1722600 m3 1197880 0.000578711333 0.5 p1 2256 8
5005 1726751 m2 3842049 -4.58559271e-06 0.200000003 p1 2262 8
68 1732534 m2 55549 -1.10355249e-05 0.200000003 p1 2270 8
675 1738761 m2 528173 -4.42329547e-05 0.200000003 p1 2278 8
3633 1741179 m2 2779365 -0.000789665384 0.200000003 p1 2282 8
5544 1745986 m2 4258025 -0.000166943704 0.200000003 p1 2288 8
1793 1756389 m2 1415543 -3.33673233e-06 0.200000003 p1 2303 8
4131 1765226 m2 3184516 -0.000122334866 0.200000003 p1 2316 8
3493 1792247 m2 2661485 -4.33513196e-05 0.200000003 p1 2354 8
3886 1799298 m3 2996199 0.00607630657 0.5 p1 2363 8
2435 1799983 m2 1877907 -5.98138854e-07 0.200000003 p1 2364 8
6244 1801656 m2 4795061 -4.72060435e-07 0.200000003 p1 2367 8
864 1805695 m2 688357 -1.42637973e-05 0.200000003 p1 2372 8
878 1839386 m2 700523 -5.22133341e-05 0.200000003 p1 2419 8
624 1844000 m2 491006 -1.7557285e-07 0.200000003 p1 2425 8
6279 1845568 m2 4821154 -4.79880464e-06 0.200000003 p1 2427 8
1067 1851022 m2 845906 -0.000246923359 0.200000003 p1 2435 8
4598 1857333 m2 3512851 -9.33403135e-05 0.200000003 p1 2443 8
6418 1890437 m2 4927378 -9.15102373e-06 0.200000003 p1 2489 8
3691 1891389 m2 2831424 -2.91868469e-06 0.200000003 p1 2490 8
5173 1892722 m2 3977714 -1.23441044e-08 0.200000003 p1 2492 8
5675 1895004 m2 4353662 -0.000978497555 0.200000003 p1 2495 8
3213 1898504 m3 2455030 0.000743074459 0.5 p1 2500 8
3038 1916313 m2 2326765 -0.000246338663 0.200000003 p1 2525 8
962 1926662 m2 771167 -0.00202925224 0.200000003 p1 2539 8
5792 1931048 m2 4449263 -0.00149292813 0.200000003 p1 2545 8
5208 1931714 m2 4000605 -0.00109710428 0.200000003 p1 2546 8
5553 1955019 m2 4261940 -0.000332372816 0.200000003 p1 2578 8
3390 1955812 m3 2581982 0.00403123302 0.5 p1 2580 8
5835 1970283 m2 4475479 -0.000701477518 0.200000003 p1 2600 8
4927 1975230 m2 3786458 -1.41531143e-06 0.200000003 p1 2607 8
4527 1977934 m2 3454350 -2.96816097e-06 0.200000003 p1 2611 8
555 1990271 m2 439925 -2.77416889e-09 0.200000003 p1 2628 8
1944 1996540 m2 1525656 -3.28608024e-07 0.200000003 p1 2637 8
6177 2006444 m2 4741998 -0.000446276797 0.200000003 p1 2651 8
4747 2008533 m2 3643695 -8.63259508e-09 0.200000003 p1 2654 8
515 2009177 m2 396417 -0.000530274992 0.200000003 p1 2655 8
3361 2013307 m2 2562588 -1.73748151e-11 0.200000003 p1 2661 8
6417 2013617 m2 4927317 -1.56268095e-06 0.200000003 p1 2661 8
1538 2028113 m2 1226861 -4.57630239e-10 0.200000003 p1 2681 8
2589 2049650 m2 1993566 -0.000182048767 0.200000003 p1 2710 8
184 2052064 m2 139021 -2.64200912e-06 0.200000003 p1 2714 8
4437 2054397 m2 3389936 -0.000238322085 0.200000003 p1 2717 8
226 2059127 m2 172817 -0.00151078147 0.200000003 p1 2723 8
4105 2060487 m2 3170510 -0.000268331787 0.200000003 p1 2725 8
5275 2063352 m2 4053439 -2.86067142e-11 0.200000003 p1 2729 8
4321 2064744 m2 3316036 -3.54534748e-08 0.200000003 p1 2731 8
1918 2074872 m2 1504917 -0.000348941976 0.200000003 p1 2745 8
2752 2075491 m3 2113734 0.00158446922 0.5 p1 2746 8
4496 2091587 m2 3430507 -0.00122910819 0.200000003 p1 2768 8
4566 2123498 m2 3487884 -2.82855267e-10 0.200000003 p1 2813 8
292 2141886 m2 224174 -2.68474887e-05 0.200000003 p1 2838 8
2880 2144575 m2 2207802 -8.11121197e-08 0.200000003 p1 2842 8
1225 2148043 m2 979043 -8.97830645e-08 0.200000003 p1 2846 8
2171 2151613 m2 1688344 -7.40034807e-07 0.200000003 p1 2851 8
3653 2170324 m2 2799079 -8.09406986e-11 0.200000003 p1 2877 8
597 2176401 m2 466281 -0.000130483284 0.200000003 p1 2886 8
6193 2181790 m2 4750195 -4.06578374e-06 0.200000003 p1 2893 8
2746 2190634 m2 2108068 -7.62153786e-06 0.200000003 p1 2905 8
764 2203643 m2 603266 -0.00035660647 0.200000003 p1 2923 8
2612 2219525 m2 2008510 -2.46643526e-06 0.200000003 p1 2946 8
1314 2230157 m2 1043435 -0.000773600477 0.200000003 p1 2960 8
851 2235334 m2 679693 -5.21712318e-05 0.200000003 p1 2967 8
495 2257766 m3 379122 0.00189560489 0.5 p1 2999 8
227 2271713 m2 173318 -7.51712889e-07 0.200000003 p1 3018 8
2695 2287680 m2 2063156 -5.63459207e-06 0.200000003 p1 3040 8
1619 2303326 m2 1285112 -7.83942582e-08 0.200000003 p1 3062 8
4520 2312035 m2 3450731 -0.000103454826 0.200000003 p1 3074 8
5521 2320261 m2 4234561 -6.99948805e-06 0.200000003 p1 3085 8
392 2349829 m2 297622 -0.00115190039 0.200000003 p1 3126 8
4253 2356744 m2 3274558 -0.000533413142 0.200000003 p1 3136 8
4555 2359872 m2 3477994 -2.13444691e-05 0.200000003 p1 3140 8
5987 2361986 m2 4586713 -0.00391343515 0.200000003 p1 3143 8
2120 2362576 m2 1645937 -9.36585784e-05 0.200000003 p1 3144 8
2960 2366093 m2 2261171 -0.000161157383 0.200000003 p1 3149 8
4965 2374401 m2 3814602 -0.000813969353 0.200000003 p1 3160 8
2568 2397907 m2 1973653 -6.44337306e-10 0.200000003 p1 3193 8
3176 2405939 m2 2428253 -5.42369307e-05 0.200000003 p1 3204 8
4329 2405953 m2 3320108 -0.000915409299 0.200000003 p1 3204 8
5220 2425856 m2 4010015 -7.5609576e-05 0.200000003 p1 3232 8
3337 2429867 m2 2543738 -4.76013192e-05 0.200000003 p1 3237 8
2005 2432274 m2 1572809 -3.72700088e-05 0.200000003 p1 3241 8
1141 2448393 m2 908532 -0.000735092675 0.200000003 p1 3263 8
5821 2461674 m2 4468906 -0.000154160982 0.200000003 p1 3281 8
960 2466507 m2 770224 -8.77327111e-05 0.200000003 p1 3288 8
2345 2478055 m2 1806325 -2.61484524e-06 0.200000003 p1 3304 8
6248 2494276 m2 4798423 -7.36288785e-05 0.200000003 p1 3326 8
3572 2497135 m2 2728853 -0.00010950859 0.200000003 p1 3330 8
5903 2501148 m2 4526570 -1.42227793e-06 0.200000003 p1 3336 8
186 2501658 m2 140975 -0.000318685634 0.200000003 p1 3337 8
2644 2508161 m2 2030415 -6.14968167e-06 0.200000003 p1 3346 8
2557 2519587 m2 1967400 -1.29720811e-05 0.200000003 p1 3362 8
3670 2525771 m2 2813889 -0.00060500484 0.200000003 p1 3371 8
5050 2527798 m3 3878015 0.000536997744 0.5 p1 3373 8
5291 2537509 m2 4064652 -0.000188164675 0.200000003 p1 3387 8
3136 2541000 m2 2394002 -0.000109307643 0.200000003 p1 3392 8
3608 2552490 m2 2758937 -0.000208157377 0.200000003 p1 3408 8
2389 2552577 m2 1837253 -1.37674832e-07 0.200000003 p1 3408 8
2777 2560968 m2 2130788 -5.30000079e-06 0.200000003 p1 3420 8
1647 2569254 m2 1312755 -9.357354e-09 0.200000003 p1 3431 8
3738 2584442 m2 2869022 -6.65740299e-05 0.200000003 p1 3453 8
6049 2587012 m2 4638534 -0.000540691137 0.200000003 p1 3456 8
4484 2627111 m2 3422461 -9.07379203e-08 0.200000003 p1 3512 8
2864 2661715 m2 2196058 -1.58466923e-06 0.200000003 p1 3560 8
6484 2682567 m2 4969411 -0.00101473951 0.200000003 p1 3589 8
2429 2683506 m2 1874161 -0.000112929571 0.200000003 p1 3591 8
4653 2705741 m2 3552968 -1.00278299e-07 0.200000003 p1 3622 8
450 2706818 m2 347545 -0.000417333067 0.200000003 p1 3623 8
4716 2709950 m2 3617520 -0.00201450661 0.200000003 p1 3628 8
5822 2721777 m2 4469747 -8.28543956e-10 0.200000003 p1 3644 8
4479 2730728 m2 3420447 -6.81465266e-08 0.200000003 p1 3657 8
3060 2732195 m3 2345511 0.00353985094 0.5 p1 3659 8
409 2739345 m2 309598 -1.71509598e-08 0.200000003 p1 3669 8
6421 2749471 m2 4930774 -7.30072716e-05 0.200000003 p1 3683 8
1599 2763921 m3 1270406 0.0023894324 0.5 p1 3704 8
5481 2764073 m2 4201639 -0.000368803099 0.200000003 p1 3704 8
3404 2767741 m2 2590629 -8.26811174e-06 0.200000003 p1 3709 8
6025 2797611 m2 4617597 -4.53815971e-07 0.200000003 p1 3751 8
1791 2812885 m2 1414041 -1.00630687e-05 0.200000003 p1 3772 8
919 2814562 m2 734978 -0.00167456991 0.200000003 p1 3775 8
5095 2842699 m2 3911016 -0.000398864329 0.200000003 p1 3814 8
5119 2860173 m2 3932063 -9.32897422e-07 0.200000003 p1 3839 8
4457 2862479 m2 3402241 -0.000657547964 0.200000003 p1 3842 8
114 2868000 m2 86192 -4.63179217e-10 0.200000003 p1 3850 8
1162 2871874 m2 921435 -0.000158909446 0.200000003 p1 3855 8
533 2896757 m2 415775 -2.56400398e-07 0.200000003 p1 3891 8
2179 2900628 m2 1694054 -0.000101758014 0.200000003 p1 3896 8
2693 2910764 m2 2062485 -4.30661231e-07 0.200000003 p1 3910 8
1725 2917915 m2 1371655 -2.68494023e-06 0.200000003 p1 3921 8
5919 2924101 m2 4538941 -1.37827829e-08 0.200000003 p1 3930 8
950 2930014 m2 760149 -0.000197485584 0.200000003 p1 3938 8
1746 2931819 m2 1386822 -2.21544269e-06 0.200000003 p1 3941 8
1571 2957861 m3 1252200 0.00147236057 0.5 p1 3978 8
6209 2962499 m2 4758162 -0.00012619028 0.200000003 p1 3985 8
3662 2982465 m2 2803745 -6.38580896e-05 0.200000003 p1 4014 8
1313 2990525 m3 1042977 0.000612278061 0.5 p1 4025 8
5562 3020436 m2 4270206 -3.5740411e-06 0.200000003 p1 4068 8
4669 3022024 m3 3569170 0.00380911957 0.5 p1 4070 8
1774 3027693 m2 1403711 -4.95126651e-09 0.200000003 p1 4078 8
4381 3033930 m2 3353626 -1.3202181e-07 0.200000003 p1 4087 8
2799 3037324 m2 2148477 -5.0083313e-06 0.200000003 p1 4092 8
5411 3038278 m2 4157581 -0.00127287232 0.200000003 p1 4093 8
5132 3050741 m2 3941430 -1.84844314e-13 0.200000003 p1 4111 8
79 3051375 m2 61761 -7.39918404e-11 0.200000003 p1 4112 8
5519 3054696 m2 4233776 -1.53725996e-05 0.200000003 p1 4117 8
3985 3073832 m2 3076571 -1.65405282e-07 0.200000003 p1 4145 8
6346 3101001 m2 4865782 -9.15015698e-05 0.200000003 p1 4183 8
4969 3113073 m2 3819203 -2.2216293e-06 0.200000003 p1 4200 8
6178 3113412 m2 4742531 -9.50255053e-05 0.200000003 p1 4201 8
1489 3118273 m2 1189644 -5.51773792e-06 0.200000003 p1 4208 8
1734 3119219 m2 1379542 -2.28404431e-07 0.200000003 p1 4209 8
3909 3125081 m2 3012975 -0.000333435979 0.200000003 p1 4218 8
83 3148244 m2 62335 -0.000673139002 0.200000003 p1 4250 8
6341 3153734 m2 4861882 -6.15999761e-06 0.200000003 p1 4257 8
3537 3157157 m3 2701050 0.00226715486 0.5 p1 4262 8
78 3187418 m2 61635 -0.000144045771 0.200000003 p1 4306 8
3937 3194269 m2 3030961 -1.06662279e-08 0.200000003 p1 4315 8
3283 3208733 m2 2504676 -0.000420430879 0.200000003 p1 4335 8
5839 3219911 m2 4479362 -2.14340856e-09 0.200000003 p1 4351 8
3187 3222459 m2 2435328 -1.86433863e-06 0.200000003 p1 4354 8
3217 3226252 m2 2458807 -0.000122590616 0.200000003 p1 4359 8
6179 3228712 m2 4742842 -1.40850752e-05 0.200000003 p1 4363 8
1589 3249126 m2 1262603 -3.90386303e-05 0.200000003 p1 4392 8
3346 3250596 m2 2549246 -1.1705014e-05 0.200000003 p1 4394 8
3677 3251970 m2 2820030 -0.00199795724 0.200000003 p1 4396 8
5893 3258233 m2 4518601 -0.000192224092 0.200000003 p1 4404 8
4710 3260988 m3 3609728 0.000380655663 0.5 p1 4408 8
3190 3270036 m2 2438987 -1.84171238e-08 0.200000003 p1 4421 8
3467 3282925 m2 2647995 -1.41216196e-05 0.200000003 p1 4439 8
1040 3286234 m2 822993 -2.64558894e-05 0.200000003 p1 4444 8
2280 3287562 m2 1760378 -5.96989012e-05 0.200000003 p1 4445 8
373 3308608 m2 285599 -0.000137086827 0.200000003 p1 4475 8
1837 3312352 m2 1446054 -4.38656789e-05 0.200000003 p1 4481 8
861 3313538 m3 686364 0.00389306271 0.5 p1 4483 8
2984 3344759 m2 2280706 -1.49673849e-06 0.200000003 p1 4527 8
4588 3346455 m2 3503228 -1.19154004e-06 0.200000003 p1 4529 8
6184 3349025 m2 4745453 -1.9029703e-07 0.200000003 p1 4533 8
161 3352312 m2 121347 -2.02811225e-06 0.200000003 p1 4538 8
4358 3355922 m2 3336552 -7.68873724e-05 0.200000003 p1 4543 8
4770 3358740 m2 3658748 -2.36896449e-05 0.200000003 p1 4546 8
3158 3399363 m2 2411138 -2.12335934e-07 0.200000003 p1 4603 8
3905 3399487 m2 3011410 -3.23401508e-07 0.200000003 p1 4603 8
2926 3400709 m2 2242171 -3.92263883e-06 0.200000003 p1 4605 8
2137 3401284 m2 1661235 -0.00113436603 0.200000003 p1 4606 8
549 3412327 m2 433164 -0.00038238283 0.200000003 p1 4622 8
4289 3416113 m2 3294549 -8.66973835e-08 0.200000003 p1 4627 8
6059 3432316 m2 4650480 -9.35572007e-06 0.200000003 p1 4649 8
5232 3436323 m2 4019634 -7.4498605e-13 0.200000003 p1 4655 8
3043 3438524 m2 2328850 -0.00055871997 0.200000003 p1 4658 8
1735 3459771 m2 1381644 -6.22018051e-05 0.200000003 p1 4688 8
3988 3462531 m2 3082109 -2.93504218e-05 0.200000003 p1 4692 8
4961 3471439 m2 3813962 -6.8504761e-08 0.200000003 p1 4704 8
2095 3479661 m2 1630263 -0.000376866898 0.200000003 p1 4716 8
2186 3489842 m2 1698604 -0.000137303563 0.200000003 p1 4730 8
1990 3498268 m2 1559581 -0.00126564386 0.200000003 p1 4742 8
2338 3515477 m3 1800677 0.000629511371 0.5 p1 4767 8
2094 3517462 m2 1629470 -0.00147453602 0.200000003 p1 4769 8
2640 3518058 m2 2027041 -2.56225285e-09 0.200000003 p1 4770 8
4835 3524046 m2 3715723 -2.8706414e-11 0.200000003 p1 4779 8
4470 3524986 m2 3414494 -0.000205775475 0.200000003 p1 4780 8
5168 3527579 m3 3972718 0.000539361325 0.5 p1 4784 8
5430 3567218 m2 4167655 -7.20383177e-05 0.200000003 p1 4839 8
55 3575393 m2 43086 -2.90959451e-05 0.200000003 p1 4850 8
437 3585688 m2 339387 -1.06598445e-05 0.200000003 p1 4865 8
6424 3590843 m2 4932816 -7.14421403e-05 0.200000003 p1 4872 8
1528 3593918 m2 1217537 -8.56602037e-06 0.200000003 p1 4876 8
4489 3609068 m2 3424295 -2.23318216e-06 0.200000003 p1 4898 8
82 3610326 m2 61977 -5.56120867e-05 0.200000003 p1 4899 8
1540 3618080 m2 1230939 -3.84042309e-08 0.200000003 p1 4910 8
5954 3622088 m3 4563620 0.00116392924 0.5 p1 4916 8
5364 3633719 m3 4119729 0.00235082046 0.5 p1 4933 8
6297 3641466 m2 4836489 -1.02136816e-07 0.200000003 p1 4944 8
3541 3651959 m2 2704417 -0.000301801629 0.200000003 p1 4959 8
2502 3652227 m2 1927328 -0.000324266497 0.200000003 p1 4959 8
1028 3658674 m2 810762 -0.00197668653 0.200000003 p1 4968 8
382 3660851 m2 289946 -3.24820985e-06 0.200000003 p1 4971 8
4207 3661021 m2 3233164 -0.000479111186 0.200000003 p1 4971 8
531 3667465 m2 415336 -0.000191763902 0.200000003 p1 4981 8
5574 3679749 m2 4281931 -3.44020445e-05 0.200000003 p1 4998 8
5134 3689585 m2 3941936 -0.0010117722 0.200000003 p1 5012 8
258 3697567 m2 196038 -0.000224198084 0.200000003 p1 5024 8
5988 3701649 m2 4587131 -6.00079488e-08 0.200000003 p1 5030 8
119 3710307 m2 90367 -0.000397818396 0.200000003 p1 5042 8
4624 3729349 m2 3535613 -0.000123523903 0.200000003 p1 5069 8
4681 3730905 m2 3581005 -0.00224935962 0.200000003 p1 5072 8
3446 3740706 m2 2628209 -0.00134688371 0.200000003 p1 5085 8
4266 3750344 m2 3281137 -0.000577972853 0.200000003 p1 5099 8
2891 3759754 m2 2216628 -2.28370009e-05 0.200000003 p1 5112 8
5048 3761327 m2 3873854 -1.37881656e-07 0.200000003 p1 5114 8
2817 3770016 m2 2157330 -0.000403208134 0.200000003 p1 5126 8
2115 3777561 m2 1643352 -1.83843913e-05 0.200000003 p1 5137 8
5539 3785542 m2 4253927 -5.50918812e-05 0.200000003 p1 5148 8
935 3796227 m2 745504 -0.00303241191 0.200000003 p1 5163 8
6361 3802675 m2 4882139 -3.70891962e-06 0.200000003 p1 5172 8
4077 3813281 m2 3146446 -2.3006316e-05 0.200000003 p1 5187 8
1361 3815807 m2 1087540 -3.75707132e-05 0.200000003 p1 5191 8
3044 3827845 m2 2329481 -0.00267203874 0.200000003 p1 5208 8
5402 3840013 m2 4150350 -7.08838925e-05 0.200000003 p1 5225 8
1827 3866047 m2 1440453 -0.000748870487 0.200000003 p1 5263 8
2387 3868635 m3 1835611 0.0006002023 0.5 p1 5266 8
3007 3877810 m2 2297774 -0.000348518806 0.200000003 p1 5279 8
1682 3877850 m3 1331376 0.000280838431 0.5 p1 5280 8
2184 3885030 m2 1697918 -0.000524678326 0.200000003 p1 5290 8
4056 3888636 m2 3127863 -8.5885822e-06 0.200000003 p1 5295 8
4670 3899340 m2 3570219 -3.4590304e-08 0.200000003 p1 5310 8
405 3902373 m2 308645 -0.00108846428 0.200000003 p1 5315 8
1471 3925777 m2 1174131 -7.3437062e-11 0.200000003 p1 5347 8
229 3925942 m2 174254 -0.000256175117 0.200000003 p1 5348 8
5122 3936669 m2 3934122 -1.34432656e-11 0.200000003 p1 5363 8
2751 3943187 m2 2113581 -0.000453117274 0.200000003 p1 5372 8
4178 3957642 m2 3211119 -0.00101165916 0.200000003 p1 5392 8
6103 3959628 m2 4687291 -0.00120121415 0.200000003 p1 5395 8
6151 3961558 m2 4722519 -9.46908585e-07 0.200000003 p1 5398 8
3872 3967330 m2 2982812 -0.000183954544 0.200000003 p1 5406 8
5895 3971126 m2 4520305 -0.00013130116 0.200000003 p1 5412 8
1418 3978460 m2 1138132 -0.00110678223 0.200000003 p1 5422 8
1320 3990172 m2 1052191 -0.000280863256 0.200000003 p1 5438 8
1330 3995275 m2 1062541 -5.99460748e-08 0.200000003 p1 5445 8
819 4003130 m2 654612 -4.22028052e-07 0.200000003 p1 5456 8
4137 4004496 m2 3188747 -3.68626752e-05 0.200000003 p1 5458 8
2666 4004739 m3 2048809 0.000637355493 0.5 p1 5458 8
4441 4014404 m2 3391761 -0.00013438001 0.200000003 p1 5471 8
1425 4015673 m2 1144741 -3.78173354e-05 0.200000003 p1 5473 8
6180 4022650 m2 4743563 -3.33934327e-06 0.200000003 p1 5483 8
2455 4024697 m2 1894648 -0.00126905378 0.200000003 p1 5486 8
1984 4027713 m2 1554592 -0.00018216022 0.200000003 p1 5490 8
4564 4041474 m2 3487357 -0.000177986571 0.200000003 p1 5510 8
1993 4050191 m2 1564182 -0.00147759926 0.200000003 p1 5522 8
1163 4058342 m3 922045 0.00197528466 0.5 p1 5534 8
1535 4077912 m2 1224266 -3.32893038e-08 0.200000003 p1 5561 8
3542 4092703 m2 2704455 -2.26942291e-07 0.200000003 p1 5582 8
4579 4093772 m2 3497424 -4.86305362e-05 0.200000003 p1 5584 8
711 4094415 m2 556811 -0.000347591209 0.200000003 p1 5585 8
6340 4095398 m2 4861571 -0.000168154438 0.200000003 p1 5586 8
1509 4115342 m2 1203711 -0.000398767967 0.200000003 p1 5614 8
6486 4126984 m2 4970726 -7.83358303e-08 0.200000003 p1 5631 8
2662 4130710 m2 2046625 -5.01757904e-06 0.200000003 p1 5636 8
1175 4147220 m2 930224 -5.0276798e-05 0.200000003 p1 5660 8
1607 4148203 m2 1275653 -0.00191193842 0.200000003 p1 5661 8
5367 4150245 m2 4123040 -4.7929808e-07 0.200000003 p1 5664 8
2140 4155436 m2 1663403 -2.17578293e-08 0.200000003 p1 5671 8
4886 4184508 m2 3758798 -0.000210818078 0.200000003 p1 5712 8
1177 4189547 m2 932116 -3.93460446e-08 0.200000003 p1 5720 8
1143 4200926 m2 909069 -7.52277629e-05 0.200000003 p1 5736 8
4839 4203290 m2 3720399 -5.44901413e-05 0.200000003 p1 5739 8
4554 4221599 m2 3476517 -3.92476686e-05 0.200000003 p1 5765 8
3579 4228424 m2 2733113 -6.28479902e-05 0.200000003 p1 5775 8
824 4229151 m2 660367 -0.000739008829 0.200000003 p1 5776 8
4565 4244023 m2 3487361 -0.000887527538 0.200000003 p1 5797 8
972 4244371 m2 777832 -0.00170560717 0.200000003 p1 5797 8
6046 4271460 m2 4637619 -2.19951721e-06 0.200000003 p1 5835 8
2248 4299529 m2 1735526 -1.15563425e-05 0.200000003 p1 5875 8
565 4300321 m2 446595 -3.57680165e-06 0.200000003 p1 5876 8
457 4335228 m2 354366 -5.96109057e-05 0.200000003 p1 5925 8
3819 4335950 m2 2930824 -1.04380379e-05 0.200000003 p1 5926 8
1 4336595 m2 1560 -1.87540263e-05 0.200000003 p1 5927 8
5098 4367393 m2 3912474 -0.000264263508 0.200000003 p1 5970 8
6085 4370875 m2 4670379 -9.54438365e-05 0.200000003 p1 5975 8
1390 4372084 m2 1112775 -9.59570025e-06 0.200000003 p1 5977 8
455 4372140 m2 353363 -5.98605165e-09 0.200000003 p1 5977 8
6498 4372985 m2 4977518 -1.81763116e-05 0.200000003 p1 5978 8
747 4391469 m2 587414 -0.000549335964 0.200000003 p1 6004 8
4305 4418532 m2 3304173 -7.38980307e-05 0.200000003 p1 6042 8
1995 4423000 m2 1565840 -4.31242825e-06 0.200000003 p1 6048 8
2384 4440217 m2 1834642 -0.000521218404 0.200000003 p1 6073 8
6445 4440962 m2 4944133 -9.84960167e-08 0.200000003 p1 6074 8
867 4449446 m2 693917 -5.60164663e-05 0.200000003 p1 6086 8
5983 4463960 m2 4584892 -7.08790394e-05 0.200000003 p1 6107 8
2407 4470217 m2 1857450 -0.00243929308 0.200000003 p1 6116 8
1712 4474834 m2 1357702 -1.66136771e-09 0.200000003 p1 6122 8
2806 4490742 m2 2150442 -7.50137133e-07 0.200000003 p1 6145 8
5198 4509623 m2 3993927 -4.79735354e-06 0.200000003 p1 6172 8
472 4515529 m2 364426 -0.00103640475 0.200000003 p1 6180 8
3368 4517800 m2 2568308 -6.81166279e-09 0.200000003 p1 6183 8
1930 4518811 m2 1516920 -1.99037404e-05 0.200000003 p1 6185 8
118 4526310 m2 88595 -7.6921549e-07 0.200000003 p1 6195 8
6173 4526666 m2 4738277 -7.70450903e-09 0.200000003 p1 6196 8
362 4531654 m2 275654 -1.81245571e-06 0.200000003 p1 6203 8
3538 4533590 m2 2701141 -0.000454146182 0.200000003 p1 6206 8
4722 4546726 m2 3623014 -0.000461634423 0.200000003 p1 6225 8
6483 4556958 m2 4969356 -0.000663741142 0.200000003 p1 6239 8
4953 4568874 m2 3807518 -5.50106805e-08 0.200000003 p1 6256 8
2753 4587938 m3 2113847 0.00335996365 0.5 p1 6283 8
4150 4602759 m2 3197384 -5.13124069e-05 0.200000003 p1 6305 8
5380 4651980 m2 4132784 -3.07252521e-05 0.200000003 p1 6375 8
5489 4664135 m2 4209425 -1.95102734e-06 0.200000003 p1 6392 8
1083 4664144 m2 856031 -0.00122245844 0.200000003 p1 6392 8
1974 4691514 m2 1543871 -4.8549153e-13 0.200000003 p1 6431 8
2696 4696786 m3 2063592 0.00157001242 0.5 p1 6439 8
207 4704199 m2 158996 -0.000114974267 0.200000003 p1 6449 8
2263 4707914 m2 1747668 -0.000212617597 0.200000003 p1 6455 8
3512 4711196 m2 2678878 -0.000236522654 0.200000003 p1 6459 8
3999 4715601 m2 3086785 -9.78382304e-05 0.200000003 p1 6466 8
2595 4733807 m2 1998005 -8.01767965e-05 0.200000003 p1 6492 8
2369 4740161 m2 1822851 -0.000197662739 0.200000003 p1 6501 8
1437 4740351 m2 1150804 -0.000440725096 0.200000003 p1 6502 8
327 4762959 m2 250335 -2.2173992e-05 0.200000003 p1 6535 8
5144 4770976 m2 3955496 -4.86548743e-06 0.200000003 p1 6546 8
571 4776373 m2 450425 -0.000158993003 0.200000003 p1 6555 8
4899 4783324 m3 3769457 0.00361227267 0.5 p1 6565 8
2146 4795428 m2 1665758 -1.50989044e-05 0.200000003 p1 6583 8
6189 4799319 m2 4747849 -3.02041485e-08 0.200000003 p1 6588 8
2454 4802526 m2 1894541 -2.56350735e-12 0.200000003 p1 6593 8
6496 4824007 m2 4976435 -8.20920923e-06 0.200000003 p1 6624 8
700 4830622 m3 550103 0.00737546617 0.5 p1 6634 8
1214 4856185 m2 970429 -9.73997794e-06 0.200000003 p1 6672 8
3798 4861079 m2 2914688 -3.78130353e-05 0.200000003 p1 6679 8
1492 4862664 m2 1193124 -6.19414959e-06 0.200000003 p1 6682 8
3553 4863034 m2 2713693 -5.44327049e-05 0.200000003 p1 6682 8
560 4863487 m2 442235 -0.000106308238 0.200000003 p1 6683 8
1884 4885233 m2 1480747 -0.000252920756 0.200000003 p1 6715 8
6422 4904260 m3 4931236 0.00103257783 0.5 p1 6743 8
5947 4911036 m2 4560565 -1.68950908e-06 0.200000003 p1 6753 8
1849 4921507 m2 1455666 -0.000213458072 0.200000003 p1 6769 8
646 4964437 m2 510948 -0.00024794825 0.200000003 p1 6832 8
741 4971643 m2 580191 -7.99772351e-06 0.200000003 p1 6843 8
4172 4972853 m2 3207429 -1.35896626e-05 0.200000003 p1 6844 8
640 4977804 m2 506314 -0.000164531943 0.200000003 p1 6851 8
3823 4983336 m2 2932707 -0.000456141977 0.200000003 p1 6859 8
6068 4990645 m2 4657992 -9.71446184e-07 0.200000003 p1 6870 8
3244 4996674 m2 2475836 -0.0014235304 0.200000003 p1 6879 8
4481 5040316 m2 3421124 -0.000129695283 0.200000003 p1 6943 8
1023 5042413 m2 807613 -0.000218162939 0.200000003 p1 6946 8
5418 5047777 m2 4161578 -9.45003478e-07 0.200000003 p1 6954 8
608 5057760 m3 479440 0.000157425486 0.5 p1 6968 8
5629 5060099 m2 4313661 -0.000619102735 0.200000003 p1 6971 8
2849 5060745 m2 2184255 -0.000178097442 0.200000003 p1 6972 8
1050 5074519 m2 829175 -8.45026152e-05 0.200000003 p1 6992 8
2541 5074985 m2 1954953 -8.65657785e-05 0.200000003 p1 6993 8
4830 5084224 m2 3713654 -5.13344821e-05 0.200000003 p1 7006 8
1282 5096922 m2 1025329 -1.26695586e-05 0.200000003 p1 7025 8
4242 5109284 m2 3264031 -1.23498994e-05 0.200000003 p1 7042 8
3445 5120230 m2 2627492 -3.18572063e-07 0.200000003 p1 7058 8
3438 5156980 m2 2618689 -1.48259716e-07 0.200000003 p1 7111 8
2818 5158510 m2 2157924 -2.55045876e-07 0.200000003 p1 7113 8
5006 5161388 m2 3842749 -0.000342885905 0.200000003 p1 7118 8
2109 5166686 m3 1639616 0.00116417755 0.5 p1 7125 8
146 5172410 m2 109423 -0.000412339461 0.200000003 p1 7133 8
6291 5176545 m2 4829366 -6.73376826e-06 0.200000003 p1 7139 8
2310 5177814 m2 1781166 -0.00165025634 0.200000003 p1 7140 8
1543 5200608 m2 1232181 -6.29030183e-06 0.200000003 p1 7173 8
3338 5221746 m2 2544247 -1.02901808e-07 0.200000003 p1 7203 8
5089 5228139 m2 3908316 -9.50770482e-06 0.200000003 p1 7213 8
3452 5244309 m2 2635795 -1.36363187e-05 0.200000003 p1 7236 8
5907 5249050 m2 4531338 -0.000464740559 0.200000003 p1 7243 8
2793 5288077 m3 2141756 0.000733758556 0.5 p1 7299 8
6325 5320439 m2 4849621 -0.000407933141 0.200000003 p1 7345 8
3734 5325650 m2 2865554 -6.66916239e-05 0.200000003 p1 7353 8
5127 5331990 m2 3937460 -6.80725225e-06 0.200000003 p1 7362 8
459 5346613 m3 355144 0.00235895021 0.5 p1 7383 8
1722 5389070 m2 1366890 -2.23198713e-05 0.200000003 p1 7444 8
2937 5405887 m2 2249048 -0.00110372831 0.200000003 p1 7468 8
2528 5465085 m2 1944276 -0.000401645055 0.200000003 p1 7551 8
1200 5466897 m2 955699 -3.64783675e-10 0.200000003 p1 7554 8
5045 5473550 m2 3870926 -0.000528856064 0.200000003 p1 7563 8
2337 5484016 m2 1799886 -0.000371202681 0.200000003 p1 7578 8
3535 5487235 m2 2699262 -5.78407526e-05 0.200000003 p1 7583 8
2719 5491505 m2 2085160 -1.31816805e-07 0.200000003 p1 7589 8
3788 5493473 m2 2909612 -2.73323458e-05 0.200000003 p1 7591 8
1233 5496058 m2 985265 -0.000188717182 0.200000003 p1 7595 8
2706 5506036 m2 2078120 -0.000163156088 0.200000003 p1 7610 8
4666 5511456 m2 3566443 -4.75781047e-12 0.200000003 p1 7617 8
3607 5537819 m2 2758695 -0.000516939501 0.200000003 p1 7655 8
2122 5544769 m2 1649600 -1.57648529e-07 0.200000003 p1 7665 8
3039 5554723 m3 2326803 0.0017279957 0.5 p1 7678 8
523 5558352 m2 408462 -1.28800963e-07 0.200000003 p1 7684 8
4995 5562983 m2 3839720 -0.000102327947 0.200000003 p1 7690 8
357 5568635 m2 273270 -1.15321654e-05 0.200000003 p1 7698 8
5284 5605832 m2 4059849 -2.9318889e-07 0.200000003 p1 7751 8
4683 5617862 m2 3581166 -2.14254045e-10 0.200000003 p1 7768 8
4611 5622179 m2 3520328 -0.000550314784 0.200000003 p1 7774 8
2783 5626684 m2 2133767 -4.21149089e-05 0.200000003 p1 7781 8
2814 5630159 m2 2153390 -0.00168193958 0.200000003 p1 7786 8
58 5631491 m2 46890 -4.01102916e-05 0.200000003 p1 7787 8
2979 5632821 m2 2276627 -1.25025892e-08 0.200000003 p1 7789 8
739 5633981 m2 578360 -0.000189105966 0.200000003 p1 7791 8
3879 5637679 m2 2988701 -1.43619054e-05 0.200000003 p1 7796 8
4599 5646292 m2 3513565 -0.000336429919 0.200000003 p1 7809 8
4542 5650436 m2 3467746 -4.02851729e-05 0.200000003 p1 7815 8
6255 5661792 m2 4803270 -0.000277454936 0.200000003 p1 7831 8
2210 5675206 m3 1710608 0.00141338934 0.5 p1 7850 8
2626 5678406 m3 2016364 0.00253620395 0.5 p1 7855 8
4639 5682188 m2 3544896 -5.97356848e-06 0.200000003 p1 7860 8
171 5696046 m3 131396 0.00157144351 0.5 p1 7880 8
6428 5729208 m2 4933992 -7.27910961e-12 0.200000003 p1 7929 8
5076 5734240 m3 3897597 0.00278009148 0.5 p1 7936 8
5200 5742699 m2 3994303 -0.0020106975 0.200000003 p1 7948 8
2738 5754300 m2 2104663 -0.00015913829 0.200000003 p1 7964 8
1733 5763955 m2 1379345 -6.1747829e-05 0.200000003 p1 7978 8
1294 5765134 m2 1030300 -0.000277679181 0.200000003 p1 7979 8
2256 5775532 m2 1743694 -7.60539479e-06 0.200000003 p1 7995 8
5530 5796186 m3 4239735 0.000294741505 0.5 p1 8024 8
3942 5801650 m2 3034593 -0.0003303673 0.200000003 p1 8032 8
5128 5826277 m2 3938947 -0.000744176737 0.200000003 p1 8067 8
5885 5842832 m2 4511853 -8.22841394e-05 0.200000003 p1 8091 8
2418 5851380 m2 1867280 -1.10229303e-05 0.200000003 p1 8103 8
5549 5855244 m2 4261612 -5.42049602e-05 0.200000003 p1 8109 8
5715 5863247 m2 4388774 -1.27365563e-09 0.200000003 p1 8120 8
829 5866646 m2 665177 -2.20831553e-05 0.200000003 p1 8125 8
4044 5867562 m2 3121712 -0.000329980161 0.200000003 p1 8126 8
6290 5898521 m2 4826843 -7.78139802e-05 0.200000003 p1 8170 8
6092 5901459 m2 4676614 -3.399715e-08 0.200000003 p1 8175 8
3130 5907893 m2 2390832 -9.78666048e-06 0.200000003 p1 8184 8
5678 5966584 m2 4356190 -1.22208157e-05 0.200000003 p1 8269 8
3056 5973893 m2 2343836 -7.79342463e-06 0.200000003 p1 8279 8
4557 5981171 m2 3479801 -0.000342370593 0.200000003 p1 8290 8
2383 5983207 m2 1834480 -2.26097036e-05 0.200000003 p1 8293 8
1415 5984783 m2 1135742 -0.000578969659 0.200000003 p1 8295 8
4938 5986543 m2 3795211 -5.43340047e-06 0.200000003 p1 8298 8
690 5992261 m2 542261 -1.02164421e-09 0.200000003 p1 8306 8
4924 5994328 m2 3783867 -0.000565712515 0.200000003 p1 8309 8
3440 5998870 m2 2620042 -0.000359787635 0.200000003 p1 8316 8
6093 6014164 m2 4677843 -0.000372548908 0.200000003 p1 8338 8
102 6017826 m2 73744 -9.56212998e-10 0.200000003 p1 8343 8
415 6032895 m3 315894 0.00177419197 0.5 p1 8365 8
5253 6040257 m2 4038276 -0.000514218467 0.200000003 p1 8376 8
5760 6049445 m2 4425343 -0.000107207074 0.200000003 p1 8389 8
1435 6063713 m2 1150718 -0.000571168843 0.200000003 p1 8410 8
6057 6076747 m3 4649429 0.00280840299 0.5 p1 8429 8
2319 6091040 m2 1789318 -2.10396684e-06 0.200000003 p1 8449 8
461 6096898 m2 355571 -0.000788308331 0.200000003 p1 8458 8
5156 6108738 m2 3964729 -2.6835412e-06 0.200000003 p1 8475 8
1368 6115018 m2 1091037 -0.00154984475 0.200000003 p1 8485 8
3815 6128519 m2 2928174 -0.000940002152 0.200000003 p1 8504 8
2483 6134426 m2 1916256 -0.000124387763 0.200000003 p1 8513 8
4945 6136729 m2 3805380 -6.65552307e-06 0.200000003 p1 8516 8
6508 6155039 m2 4981272 -1.25746489e-08 0.200000003 p1 8543 8
3385 6159934 m2 2576950 -5.92358447e-06 0.200000003 p1 8550 8
3329 6159967 m2 2540536 -6.45525733e-06 0.200000003 p1 8550 8
5566 6176201 m2 4273469 -0.000448491337 0.200000003 p1 8574 8
3297 6176208 m2 2517945 -0.000245241768 0.200000003 p1 8574 8
3496 6183458 m2 2662969 -0.00013044005 0.200000003 p1 8584 8
4238 6191970 m2 3262462 -0.000118274307 0.200000003 p1 8597 8
639 6199300 m2 506198 -2.27831009e-07 0.200000003 p1 8607 8
1842 6204275 m2 1449374 -0.000212052211 0.200000003 p1 8615 8
3767 6214398 m2 2890856 -2.60581667e-10 0.200000003 p1 8630 8
4623 6220084 m2 3534484 -0.00144772942 0.200000003 p1 8638 8
4784 6223819 m2 3671488 -6.82986501e-06 0.200000003 p1 8644 8
445 6227346 m2 344904 -1.27454123e-05 0.200000003 p1 8649 8
6296 6238240 m2 4834803 -0.000511349936 0.200000003 p1 8665 8
6052 6242794 m2 4643479 -7.44397039e-06 0.200000003 p1 8672 8
4356 6255866 m2 3335720 -0.000106051521 0.200000003 p1 8692 8
287 6264942 m2 218271 -4.97192814e-05 0.200000003 p1 8705 8
2226 6265192 m2 1722577 -0.00021595748 0.200000003 p1 8705 8
1533 6282206 m2 1223758 -4.34436406e-05 0.200000003 p1 8731 8
3943 6305751 m2 3036189 -4.71852763e-06 0.200000003 p1 8765 8
2064 6309813 m2 1609609 -7.28245504e-06 0.200000003 p1 8771 8
3488 6334588 m2 2658990 -0.00040019874 0.200000003 p1 8807 8
4038 6347185 m2 3120043 -2.05933575e-05 0.200000003 p1 8825 8
3196 6361890 m2 2442646 -3.55316911e-06 0.200000003 p1 8846 8
2931 6371354 m2 2244450 -1.77662869e-07 0.200000003 p1 8860 8
3826 6376720 m2 2933942 -7.76830057e-05 0.200000003 p1 8868 8
2927 6378006 m2 2242222 -7.94348921e-07 0.200000003 p1 8870 8
4841 6382229 m3 3722197 0.000331329269 0.5 p1 8876 8
5439 6388887 m2 4173888 -2.98098348e-05 0.200000003 p1 8885 8
2835 6403712 m2 2174938 -5.3822605e-05 0.200000003 p1 8907 8
1120 6417058 m2 891673 -7.80124246e-05 0.200000003 p1 8926 8
6150 6429652 m2 4722149 -6.50956645e-05 0.200000003 p1 8945 8
1796 6448063 m2 1417191 -0.000539734261 0.200000003 p1 8972 8
3433 6456030 m2 2614499 -5.94832237e-08 0.200000003 p1 8984 8
658 6467216 m3 516590 0.000533785846 0.5 p1 9001 8
3844 6474218 m3 2955707 0.00220985338 0.5 p1 9011 8
5084 6489426 m2 3902067 -0.000372694485 0.200000003 p1 9033 8
4791 6493457 m2 3681179 -5.62793321e-06 0.200000003 p1 9039 8
5644 6516292 m2 4327278 -3.73656585e-05 0.200000003 p1 9072 8
3240 6517165 m2 2474554 -0.000225714219 0.200000003 p1 9073 8
5727 6527423 m2 4402961 -0.000681377482 0.200000003 p1 9088 8
1018 6539183 m2 804980 -7.78042886e-05 0.200000003 p1 9105 8
92 6540711 m2 65773 -0.00180974382 0.200000003 p1 9107 8
1643 6542345 m2 1310238 -8.66624305e-06 0.200000003 p1 9109 8
3875 6545971 m3 2983826 0.00364934583 0.5 p1 9114 8
5487 6551829 m2 4207450 -3.63429512e-12 0.200000003 p1 9123 8
1767 6559557 m2 1400035 -0.000475557987 0.200000003 p1 9134 8
5058 6561343 m2 3885399 -7.34494315e-05 0.200000003 p1 9137 8
4486 6571760 m2 3423041 -0.000479940412 0.200000003 p1 9152 8
206 6577748 m2 156187 -6.84610143e-07 0.200000003 p1 9161 8
5645 6588231 m2 4327661 -4.35715947e-07 0.200000003 p1 9176 8
3153 6595781 m2 2408328 -0.000104874984 0.200000003 p1 9187 8
1136 6602817 m2 906377 -0.000369847723 0.200000003 p1 9197 8
2187 6607552 m2 1699342 -1.08231124e-09 0.200000003 p1 9204 8
1515 6620542 m3 1208110 0.00085156929 0.5 p1 9222 8
3062 6627658 m3 2345659 0.000479070062 0.5 p1 9233 8
4084 6634549 m2 3155781 -1.41638966e-05 0.200000003 p1 9243 8
3308 6645370 m2 2526047 -0.000717398769 0.200000003 p1 9258 8
5188 6651697 m2 3988347 -1.31874663e-06 0.200000003 p1 9267 8
1161 6655943 m2 920424 -9.5786129e-11 0.200000003 p1 9273 8
1246 6695455 m2 996137 -0.0029521992 0.200000003 p1 9331 8
3504 6702004 m2 2670484 -2.56212218e-07 0.200000003 p1 9341 8
4635 6713681 m2 3542760 -1.06336038e-05 0.200000003 p1 9358 8
3082 6715488 m2 2355473 -1.26468702e-08 0.200000003 p1 9361 8
4532 6720160 m2 3458777 -6.92969843e-05 0.200000003 p1 9368 8
4074 6722771 m2 3143650 -1.14523903e-06 0.200000003 p1 9372 8
3362 6727028 m2 2562843 -4.70360501e-05 0.200000003 p1 9378 8
955 6727971 m2 764308 -0.000357775658 0.200000003 p1 9379 8
4741 6735041 m2 3637526 -7.46773615e-11 0.200000003 p1 9390 8
6107 6751986 m2 4688654 -8.6393502e-06 0.200000003 p1 9415 8
4278 6754750 m2 3288433 -0.000182134085 0.200000003 p1 9419 8
4759 6763906 m2 3649848 -1.07253486e-11 0.200000003 p1 9432 8
2479 6770142 m2 1910603 -4.20268719e-07 0.200000003 p1 9442 8
4715 6779587 m2 3615675 -2.2980832e-05 0.200000003 p1 9456 8
4795 6790784 m2 3683742 -5.17366905e-09 0.200000003 p1 9473 8
4522 6798235 m2 3452381 -0.000965500425 0.200000003 p1 9484 8
3359 6820811 m2 2561463 -0.000591554737 0.200000003 p1 9516 8
3152 6834334 m2 2408149 -6.8977738e-06 0.200000003 p1 9535 8
1308 6837909 m2 1039027 -5.97721782e-06 0.200000003 p1 9540 8
1016 6846319 m2 804227 -3.06518118e-08 0.200000003 p1 9553 8
3305 6853290 m2 2522999 -1.33714138e-05 0.200000003 p1 9563 8
4191 6874826 m3 3219909 0.00204916298 0.5 p1 9594 8
2959 6879181 m3 2260293 0.000881872431 0.5 p1 9600 8
340 6881234 m2 260475 -0.00180702389 0.200000003 p1 9603 8
243 6886549 m2 185360 -1.5940603e-11 0.200000003 p1 9611 8
2304 6893728 m2 1777346 -3.70169732e-06 0.200000003 p1 9622 8
4884 6910793 m2 3756019 -0.000261754816 0.200000003 p1 9647 8
4820 6914955 m2 3706984 -9.02028958e-08 0.200000003 p1 9653 8
1676 6916934 m2 1328460 -8.82057575e-05 0.200000003 p1 9656 8
6389 6922775 m3 4906479 0.0013656409 0.5 p1 9665 8
4267 6925259 m2 3281432 -0.00024314849 0.200000003 p1 9668 8
81 6932508 m2 61811 -0.00119567488 0.200000003 p1 9679 8
5830 6995903 m2 4474105 -0.000152331471 0.200000003 p1 9772 8
6116 6996497 m2 4694102 -1.8859696e-09 0.200000003 p1 9773 8
3180 7012109 m2 2430362 -5.02974622e-08 0.200000003 p1 9795 8
6194 7026544 m2 4750640 -3.60752358e-17 0.200000003 p1 9816 8
2261 7029131 m2 1746735 -6.8242565e-07 0.200000003 p1 9820 8
2614 7032417 m2 2009083 -5.23468771e-06 0.200000003 p1 9825 8
6308 7033724 m3 4841462 0.0017616282 0.5 p1 9826 8
2362 7037936 m2 1817464 -0.000430674321 0.200000003 p1 9833 8
3525 7048239 m2 2685003 -0.000126186162 0.200000003 p1 9848 8
5276 7058490 m2 4053780 -0.000603682071 0.200000003 p1 9863 8
2816 7074740 m2 2156898 -0.000538550667 0.200000003 p1 9887 8
5962 7077419 m2 4568719 -4.40921649e-05 0.200000003 p1 9890 8
1697 7081278 m2 1345246 -0.00108131894 0.200000003 p1 9896 8
3248 7090603 m2 2479885 -9.29785074e-07 0.200000003 p1 9910 8
2827 7092423 m2 2167398 -9.96591666e-07 0.200000003 p1 9912 8
6392 7094858 m2 4909339 -0.000141543409 0.200000003 p1 9916 8
2921 7109817 m2 2238546 -0.000375815289 0.200000003 p1 9937 8
4346 7120701 m2 3332239 -6.83562484e-06 0.200000003 p1 9953 8
6518 7123733 m2 4987006 -0.000107485379 0.200000003 p1 9958 8
773 7138176 m2 611860 -0.000113143964 0.200000003 p1 9978 8
6295 7158045 m2 4834045 -1.03836805e-06 0.200000003 p1 10007 8
6267 7159587 m2 4813558 -2.2090012e-07 0.200000003 p1 10010 8
4045 7163003 m2 3122203 -4.60845264e-08 0.200000003 p1 10015 8
2841 7180749 m2 2180567 -6.69452929e-05 0.200000003 p1 10040 8
4233 7181979 m2 3260516 -0.000811144186 0.200000003 p1 10042 8
1886 7186780 m2 1481544 -0.00010577005 0.200000003 p1 10049 8
2225 7193696 m2 1721094 -1.44993155e-05 0.200000003 p1 10059 8
2742 7195138 m2 2106561 -9.56212034e-07 0.200000003 p1 10061 8
5502 7201420 m2 4220384 -0.000654807722 0.200000003 p1 10071 8
2602 7203047 m2 1999445 -7.78343092e-05 0.200000003 p1 10073 8
4360 7223000 m2 3337044 -1.37069645e-08 0.200000003 p1 10102 8
982 7234811 m2 784611 -0.000133502428 0.200000003 p1 10119 8
1757 7235196 m2 1392018 -0.000197233807 0.200000003 p1 10120 8
2475 7252259 m2 1908399 -0.000241329253 0.200000003 p1 10146 8
5501 7253840 m2 4220043 -2.31179934e-06 0.200000003 p1 10148 8
7 7261832 m2 5030 -2.6714335e-05 0.200000003 p1 10160 8
93 7275181 m3 66066 0.00305026956 0.5 p1 10179 8
4951 7285066 m3 3806579 0.00040742429 0.5 p1 10194 8
886 7286403 m3 707835 0.000165148405 0.5 p1 10196 8
1544 7287508 m2 1232441 -2.45743267e-05 0.200000003 p1 10197 8
6342 7316560 m2 4863593 -0.00071281119 0.200000003 p1 10240 8
4201 7321488 m2 3228398 -5.35231447e-05 0.200000003 p1 10247 8
4121 7321887 m2 3178462 -0.0018921094 0.200000003 p1 10248 8
4475 7338349 m2 3416089 -0.00115925691 0.200000003 p1 10272 8
3963 7342230 m2 3051666 -0.000204018783 0.200000003 p1 10278 8
2470 7342725 m2 1904111 -0.000137612355 0.200000003 p1 10278 8
57 7364494 m2 46145 -1.08721943e-09 0.200000003 p1 10311 8
5713 7366843 m2 4387960 -2.14731654e-06 0.200000003 p1 10314 8
4502 7370507 m2 3434729 -5.98905317e-05 0.200000003 p1 10319 8
2271 7401608 m2 1753826 -3.10525161e-09 0.200000003 p1 10365 8
175 7414006 m2 133703 -4.39875663e-07 0.200000003 p1 10384 8
2997 7427969 m2 2289028 -3.35933546e-05 0.200000003 p1 10404 8
2395 7433615 m2 1847099 -4.18279569e-06 0.200000003 p1 10413 8
262 7470048 m2 198039 -9.85584193e-05 0.200000003 p1 10467 8
3372 7476713 m2 2569127 -1.0112986e-08 0.200000003 p1 10477 8
6379 7499107 m2 4897527 -1.48183278e-06 0.200000003 p1 10510 8
202 7502681 m2 151654 -0.000420279132 0.200000003 p1 10516 8
1703 7503040 m2 1348695 -6.41316774e-06 0.200000003 p1 10516 8
88 7504240 m2 64167 -1.95120833e-06 0.200000003 p1 10518 8
4909 7506215 m2 3775131 -3.4593646e-05 0.200000003 p1 10521 8
4222 7514699 m2 3249237 -9.42212409e-06 0.200000003 p1 10534 8
2566 7516793 m2 1972811 -0.00296387635 0.200000003 p1 10537 8
4062 7526693 m2 3133568 -1.36444805e-05 0.200000003 p1 10551 8
1637 7535737 m2 1299712 -3.42391309e-06 0.200000003 p1 10565 8
4480 7538151 m2 3420560 -0.000406959152 0.200000003 p1 10569 8
5749 7556845 m2 4418405 -0.00140682701 0.200000003 p1 10597 8
3924 7581403 m2 3022977 -1.75741741e-06 0.200000003 p1 10634 8
5978 7585250 m2 4581929 -2.22254603e-05 0.200000003 p1 10640 8
1139 7587206 m2 907799 -0.000190340477 0.200000003 p1 10642 8
3809 7588682 m2 2924487 -3.03490051e-05 0.200000003 p1 10645 8
5751 7601432 m3 4418675 0.00060465507 0.5 p1 10664 8
662 7607111 m2 519651 -1.40524253e-05 0.200000003 p1 10672 8
752 7607968 m2 590359 -2.05610158e-05 0.200000003 p1 10673 8
3637 7633814 m2 2782780 -1.35729524e-05 0.200000003 p1 10712 8
5264 7637563 m2 4047457 -1.99987205e-09 0.200000003 p1 10718 8
3498 7646897 m2 2664807 -3.79938538e-05 0.200000003 p1 10732 8
5073 7658431 m2 3895940 -8.76776374e-10 0.200000003 p1 10749 8
2798 7673819 m2 2148417 -0.00197554659 0.200000003 p1 10771 8
2919 7697003 m2 2236845 -3.30106632e-05 0.200000003 p1 10806 8
4317 7700973 m2 3312350 -0.000759069575 0.200000003 p1 10812 8
2444 7704167 m2 1889169 -3.62512174e-06 0.200000003 p1 10817 8
3164 7723641 m2 2415524 -8.92536045e-05 0.200000003 p1 10846 8
1198 7737017 m2 955428 -0.000220080561 0.200000003 p1 10866 8
920 7742833 m2 735492 -2.07344669e-07 0.200000003 p1 10875 8
411 7748520 m2 310757 -0.00139463204 0.200000003 p1 10884 8
525 7751353 m2 409243 -5.3501295e-05 0.200000003 p1 10888 8
5997 7759325 m2 4590975 -1.57061014e-11 0.200000003 p1 10900 8
5612 7781266 m2 4304792 -2.54547922e-06 0.200000003 p1 10933 8
4807 7784482 m2 3696368 -2.09759876e-10 0.200000003 p1 10938 8
5193 7800148 m2 3992052 -5.1875697e-05 0.200000003 p1 10961 8
5558 7808643 m2 4266620 -0.000182263131 0.200000003 p1 10974 8
125 7828061 m2 94871 -0.00125303469 0.200000003 p1 11002 8
5970 7847146 m2 4577742 -0.000895872538 0.200000003 p1 11030 8
5345 7852784 m2 4110326 -0.000107032 0.200000003 p1 11038 8
3263 7863438 m2 2492385 -2.88133006e-09 0.200000003 p1 11054 8
3842 7864092 m2 2954509 -1.00692278e-05 0.200000003 p1 11055 8
3513 7866017 m2 2678944 -0.000651329872 0.200000003 p1 11058 8
2239 7867503 m2 1729479 -4.23909914e-05 0.200000003 p1 11060 8
2536 7880595 m2 1950953 -3.00475644e-09 0.200000003 p1 11079 8
769 7881042 m2 608930 -3.49270238e-07 0.200000003 p1 11080 8
5496 7898044 m2 4218232 -1.37510526e-07 0.200000003 p1 11106 8
3936 7899941 m2 3029901 -4.80926792e-06 0.200000003 p1 11109 8
903 7906611 m2 722303 -2.94122801e-05 0.200000003 p1 11118 8
2776 7918591 m2 2130476 -0.000631181523 0.200000003 p1 11136 8
5458 7932381 m2 4187475 -5.40866349e-05 0.200000003 p1 11157 8
2275 7940102 m2 1755720 -1.12392456e-06 0.200000003 p1 11169 8
2342 7960535 m2 1804480 -4.74753792e-09 0.200000003 p1 11200 8
1466 7971424 m2 1171949 -0.000216757035 0.200000003 p1 11216 8
3669 7972082 m3 2813776 0.00210099202 0.5 p1 11217 8
329 7972432 m2 255221 -0.000119091499 0.200000003 p1 11218 8
729 7987122 m2 569377 -9.25863151e-06 0.200000003 p1 11240 8
5376 7990879 m2 4130643 -8.6431605e-08 0.200000003 p1 11246 8
650 7996191 m2 512194 -0.000246514159 0.200000003 p1 11254 8
899 7997759 m2 719808 -0.000177245733 0.200000003 p1 11256 8
1811 8011537 m2 1428227 -3.23597451e-05 0.200000003 p1 11277 8
4428 8021902 m2 3378499 -6.40623696e-08 0.200000003 p1 11292 8
2877 8034330 m2 2205999 -1.0625221e-05 0.200000003 p1 11310 8
3591 8037956 m3 2745034 0.000472672109 0.5 p1 11316 8
1168 8045686 m2 925775 -7.81984056e-07 0.200000003 p1 11328 8
4937 8075266 m2 3794462 -0.000447034021 0.200000003 p1 11373 8
1595 8077913 m2 1266588 -4.27739848e-13 0.200000003 p1 11377 8
5523 8082410 m2 4235762 -0.001322116 0.200000003 p1 11384 8
4482 8085702 m2 3421900 -0.00115469994 0.200000003 p1 11389 8
5294 8091696 m3 4066569 0.00235059229 0.5 p1 11398 8
5060 8109589 m2 3886403 -0.00113087357 0.200000003 p1 11425 8
494 8112914 m2 377849 -0.000363134663 0.200000003 p1 11430 8
926 8114441 m2 738544 -3.5969594e-10 0.200000003 p1 11433 8
3624 8117342 m2 2775908 -0.000873082899 0.200000003 p1 11437 8
5858 8145399 m2 4495810 -9.22008553e-07 0.200000003 p1 11479 8
3286 8152190 m3 2508220 0.000351709197 0.5 p1 11489 8
1672 8152936 m2 1326991 -8.72120199e-06 0.200000003 p1 11491 8
2348 8159293 m2 1807973 -0.00171554764 0.200000003 p1 11500 8
5436 8166262 m2 4171477 -0.000168105063 0.200000003 p1 11511 8
5303 8168349 m2 4077559 -0.000448562379 0.200000003 p1 11514 8
4973 8175936 m2 3819931 -3.62495967e-09 0.200000003 p1 11525 8
2683 8205527 m2 2059106 -0.00219576526 0.200000003 p1 11569 8
132 8205971 m2 100173 -1.35981572e-05 0.200000003 p1 11569 8
203 8212905 m2 153890 -9.62329286e-05 0.200000003 p1 11580 8
2673 8220617 m2 2052541 -1.75018442e-06 0.200000003 p1 11591 8
1004 8221655 m2 798050 -2.18067144e-05 0.200000003 p1 11593 8
2724 8230186 m2 2088671 -4.20563701e-05 0.200000003 p1 11605 8
3072 8262922 m2 2349770 -5.2999642e-08 0.200000003 p1 11655 8
4116 8264630 m2 3175925 -2.61567268e-10 0.200000003 p1 11657 8
5701 8283040 m2 4377956 -1.81533881e-06 0.200000003 p1 11685 8
4435 8300565 m2 3388738 -4.12308509e-06 0.200000003 p1 11712 8
4869 8308480 m2 3741232 -2.93928297e-05 0.200000003 p1 11724 8
5465 8309163 m2 4192826 -0.00154368719 0.200000003 p1 11725 8
2668 8337577 m2 2049008 -4.15921886e-06 0.200000003 p1 11768 8
447 8338817 m2 345005 -0.00163487939 0.200000003 p1 11769 8
5442 8366207 m2 4176642 -1.41304156e-07 0.200000003 p1 11811 8
4463 8372691 m2 3407073 -0.000106535786 0.200000003 p1 11821 8
6407 8377188 m2 4923228 -1.67902854e-05 0.200000003 p1 11828 8
5230 8377788 m2 4017838 -0.00121425535 0.200000003 p1 11829 8
5762 8382162 m2 4425686 -5.01542127e-06 0.200000003 p1 11835 8
3197 8385893 m2 2443983 -3.99039072e-06 0.200000003 p1 11841 8
488 8400892 m2 376109 -3.67510005e-08 0.200000003 p1 11864 8
3057 8429325 m2 2344186 -5.08545327e-06 0.200000003 p1 11907 8
4313 8440802 m2 3311230 -2.25837448e-05 0.200000003 p1 11924 8
3013 8446914 m2 2303407 -0.000133098569 0.200000003 p1 11934 8
2274 8448276 m2 1754812 -2.58171873e-10 0.200000003 p1 11936 8
6008 8463170 m2 4603142 -4.48909576e-09 0.200000003 p1 11959 8
2580 8477492 m3 1983265 0.000337125995 0.5 p1 11980 8
1751 8487865 m2 1388152 -2.94003462e-06 0.200000003 p1 11996 8
2098 8489943 m2 1633397 -4.30500995e-06 0.200000003 p1 11999 8
5766 8495627 m2 4430472 -0.000308455259 0.200000003 p1 12007 8
2145 8508639 m2 1665591 -0.000726563158 0.200000003 p1 12026 8
5267 8512119 m2 4049437 -0.000342806394 0.200000003 p1 12032 8
389 8516010 m2 295391 -0.000659351295 0.200000003 p1 12038 8
5146 8529062 m2 3956753 -5.46910599e-07 0.200000003 p1 12058 8
4782 8537002 m2 3667688 -1.9477684e-05 0.200000003 p1 12070 8
4395 8544563 m2 3358551 -7.80901519e-06 0.200000003 p1 12081 8
818 8550540 m2 654607 -3.45961089e-05 0.200000003 p1 12090 8
3567 8582046 m2 2726495 -2.42521037e-06 0.200000003 p1 12137 8
634 8586028 m2 504282 -3.3827352e-10 0.200000003 p1 12143 8
5029 8589491 m2 3857663 -1.21804442e-08 0.200000003 p1 12148 8
4409 8597220 m2 3366886 -1.91642739e-05 0.200000003 p1 12160 8
3086 8614879 m2 2360796 -4.99075759e-06 0.200000003 p1 12186 8
1468 8615835 m2 1172337 -7.01981116e-05 0.200000003 p1 12188 8
6490 8616188 m2 4973497 -2.96028952e-06 0.200000003 p1 12188 8
4387 8642852 m2 3355304 -0.000866331859 0.200000003 p1 12229 8
3017 8660512 m2 2308706 -1.37207862e-05 0.200000003 p1 12256 8
809 8668404 m2 643654 -1.65190897e-07 0.200000003 p1 12268 8
3586 8671664 m2 2741058 -4.32511433e-06 0.200000003 p1 12273 8
1653 8674872 m2 1315716 -0.00108681305 0.200000003 p1 12278 8
6091 8675248 m3 4675492 0.00177182653 0.5 p1 12278 8
4319 8681347 m2 3313932 -1.69457039e-07 0.200000003 p1 12287 8
1686 8684603 m2 1336206 -0.00121050212 0.200000003 p1 12292 8
6397 8694416 m2 4912817 -0.000166079626 0.200000003 p1 12307 8
936 8723187 m2 745989 -0.000165490826 0.200000003 p1 12351 8
422 8726749 m2 322186 -1.16631718e-10 0.200000003 p1 12356 8
4307 8734772 m2 3306324 -1.372696e-08 0.200000003 p1 12368 8
2553 8740809 m3 1964866 0.00230245269 0.5 p1 12377 8
3712 8743886 m2 2848284 -1.15642724e-05 0.200000003 p1 12382 8
2124 8748675 m2 1650233 -2.61453916e-08 0.200000003 p1 12389 8
4990 8753222 m2 3832747 -4.87710395e-06 0.200000003 p1 12396 8
5206 8760682 m2 3999031 -0.00172254711 0.200000003 p1 12407 8
5124 8765389 m2 3935527 -1.01214788e-17 0.200000003 p1 12414 8
5722 8766511 m2 4396579 -9.25320346e-05 0.200000003 p1 12416 8
5443 8770886 m2 4177023 -0.00016592363 0.200000003 p1 12422 8
4298 8772364 m2 3300468 -0.00134771341 0.200000003 p1 12424 8
4723 8792676 m2 3624384 -6.54870892e-05 0.200000003 p1 12454 8
6027 8804255 m3 4619970 0.000796295528 0.5 p1 12471 8
5540 8816113 m2 4254383 -1.54082081e-05 0.200000003 p1 12489 8
5535 8829511 m2 4244225 -0.000156245806 0.200000003 p1 12509 8
1316 8829984 m2 1046674 -2.61844832e-07 0.200000003 p1 12510 8
6165 8846640 m2 4732246 -1.2015068e-05 0.200000003 p1 12535 8
1825 8856596 m2 1439564 -7.13945042e-07 0.200000003 p1 12549 8
6224 8860908 m2 4773009 -2.73686318e-09 0.200000003 p1 12556 8
3279 8872454 m2 2501146 -8.23853843e-05 0.200000003 p1 12573 8
5301 8894567 m2 4075753 -5.65808955e-09 0.200000003 p1 12606 8
2346 8912021 m2 1806674 -6.84734713e-09 0.200000003 p1 12632 8
319 8920512 m2 241448 -0.000518755871 0.200000003 p1 12644 8
2588 8924808 m2 1992821 -5.39314851e-06 0.200000003 p1 12651 8
3616 8926368 m2 2765965 -1.50561334e-06 0.200000003 p1 12653 8
3665 8932448 m2 2809576 -9.99527838e-05 0.200000003 p1 12662 8
2336 8939539 m2 1799420 -0.00043216339 0.200000003 p1 12673 8
2175 8942609 m2 1690219 -1.96338806e-05 0.200000003 p1 12677 8
21 8943196 m2 20966 -2.50957364e-05 0.200000003 p1 12678 8
6035 8944145 m2 4623823 -7.79404701e-08 0.200000003 p1 12680 8
2803 8956547 m2 2149543 -0.000180982257 0.200000003 p1 12698 8
5296 8974270 m2 4068742 -2.62183471e-06 0.200000003 p1 12725 8
5250 8975471 m2 4036053 -0.0009567003 0.200000003 p1 12727 8
3595 8977861 m2 2747409 -5.10354766e-06 0.200000003 p1 12730 8
201 8979416 m2 151308 -2.16641492e-05 0.200000003 p1 12732 8
3681 8983876 m3 2822633 0.00322744902 0.5 p1 12739 8
2411 8985662 m2 1860170 -1.13978176e-05 0.200000003 p1 12742 8
4126 8989751 m3 3181016 0.00462962966 0.5 p1 12748 8
3841 8990555 m2 2954131 -0.000168697865 0.200000003 p1 12749 8
2081 8991677 m2 1621540 -1.74080424e-06 0.200000003 p1 12750 8
6009 9004089 m2 4603291 -1.63749281e-08 0.200000003 p1 12769 8
3393 9007565 m2 2582986 -6.98430358e-06 0.200000003 p1 12774 8
170 9018789 m2 130854 -0.000340630242 0.200000003 p1 12791 8
6343 9023567 m3 4864727 0.000282587396 0.5 p1 12798 8
5097 9028214 m2 3911607 -0.00101347396 0.200000003 p1 12805 8
489 9038897 m2 376576 -0.000148786159 0.200000003 p1 12820 8
5815 9040010 m2 4467074 -4.04082566e-05 0.200000003 p1 12822 8
2290 9043496 m2 1769537 -1.35803639e-05 0.200000003 p1 12827 8
983 9057439 m2 784685 -3.15237514e-07 0.200000003 p1 12848 8
2647 9074640 m2 2030690 -7.17022776e-05 0.200000003 p1 12874 8
5691 9081475 m2 4369492 -6.68269931e-05 0.200000003 p1 12884 8
1264 9089474 m2 1011122 -3.34634336e-07 0.200000003 p1 12896 8
2549 9090001 m3 1961516 0.00170812442 0.5 p1 12896 8
1398 9098237 m2 1123460 -3.9890896e-05 0.200000003 p1 12909 8
5180 9104832 m2 3984151 -5.30894681e-07 0.200000003 p1 12918 8
376 9115132 m2 286676 -2.90071284e-07 0.200000003 p1 12934 8
2221 9120175 m2 1719007 -0.000143604804 0.200000003 p1 12941 8
3877 9141350 m2 2986364 -4.40171425e-06 0.200000003 p1 12972 8
4987 9149576 m2 3831069 -6.93327165e-05 0.200000003 p1 12985 8
1949 9160656 m2 1527480 -2.48810147e-06 0.200000003 p1 13001 8
4348 9163123 m2 3332741 -8.58493368e-05 0.200000003 p1 13005 8
1640 9190710 m2 1305115 -0.000101842445 0.200000003 p1 13045 8
3578 9190722 m2 2731693 -0.000174897505 0.200000003 p1 13045 8
2318 9198715 m2 1788408 -0.000328021037 0.200000003 p1 13057 8
2717 9201995 m2 2084819 -3.79621315e-06 0.200000003 p1 13062 8
1384 9215185 m2 1106574 -0.000677644392 0.200000003 p1 13082 8
5516 9223604 m2 4233237 -0.000565357739 0.200000003 p1 13094 8
3128 9224714 m2 2387314 -0.000965242099 0.200000003 p1 13096 8
5985 9229650 m2 4586147 -4.05679457e-05 0.200000003 p1 13103 8
1963 9232237 m2 1535885 -0.000198938607 0.200000003 p1 13107 8
4203 9235140 m2 3229981 -5.75628246e-06 0.200000003 p1 13111 8
6470 9240396 m2 4964112 -8.45869909e-06 0.200000003 p1 13119 8
2009 9241717 m2 1574652 -2.19201911e-06 0.200000003 p1 13121 8
70 9242405 m2 56101 -1.6552967e-07 0.200000003 p1 13122 8
3926 9244779 m2 3025203 -9.88299289e-05 0.200000003 p1 13126 8
1014 9248048 m2 803367 -1.19321458e-05 0.200000003 p1 13131 8
2740 9253553 m2 2105183 -7.90456124e-06 0.200000003 p1 13139 8
6142 9257208 m2 4717385 -0.000246528682 0.200000003 p1 13144 8
2231 9263616 m2 1724310 -1.73699336e-05 0.200000003 p1 13154 8
2760 9269912 m2 2117827 -2.30044407e-05 0.200000003 p1 13163 8
1124 9272219 m2 893278 -2.24810128e-06 0.200000003 p1 13167 8
4421 9273310 m2 3376033 -0.00145194249 0.200000003 p1 13169 8
5636 9278912 m3 4320057 0.0013311333 0.5 p1 13177 8
5346 9296836 m2 4110365 -0.000260803296 0.200000003 p1 13204 8
959 9303292 m2 767112 -3.0528297e-06 0.200000003 p1 13214 8
6462 9307554 m2 4958131 -4.32328961e-05 0.200000003 p1 13220 8
4819 9316504 m2 3705565 -0.001075326 0.200000003 p1 13233 8
4332 9324839 m2 3321095 -0.000729801715 0.200000003 p1 13246 8
4494 9333777 m2 3427923 -0.000378658908 0.200000003 p1 13259 8
1840 9336615 m2 1447548 -0.000158862662 0.200000003 p1 13263 8
6171 9339658 m2 4735891 -4.85609197e-09 0.200000003 p1 13268 8
5735 9341858 m2 4408343 -7.45819261e-06 0.200000003 p1 13271 8
2374 9354568 m2 1826657 -1.93229134e-05 0.200000003 p1 13290 8
5784 9372416 m2 4445076 -7.98496549e-05 0.200000003 p1 13317 8
3114 9382480 m2 2375379 -0.00102103862 0.200000003 p1 13332 8
5235 9397944 m2 4020959 -1.35689035e-07 0.200000003 p1 13355 8
4492 9418175 m2 3427039 -1.51267287e-07 0.200000003 p1 13385 8
1573 9427732 m2 1254078 -0.00107788527 0.200000003 p1 13400 8
6487 9429605 m2 4972107 -1.88426998e-08 0.200000003 p1 13403 8
1113 9447688 m3 885402 4.2004529e-05 0.5 p1 13430 8
4842 9473796 m2 3722332 -3.73740043e-08 0.200000003 p1 13469 8
3813 9491756 m2 2926227 -0.000327378686 0.200000003 p1 13496 8
2471 9499558 m2 1905268 -4.76401419e-06 0.200000003 p1 13508 8
4515 9514346 m2 3443738 -1.05567633e-05 0.200000003 p1 13530 8
3690 9521482 m2 2831296 -4.47138564e-06 0.200000003 p1 13541 8
4816 9527318 m2 3702671 -6.1814454e-08 0.200000003 p1 13550 8
4657 9531066 m2 3558135 -3.64258676e-06 0.200000003 p1 13556 8
4377 9592023 m3 3351671 0.000404800347 0.5 p1 13649 8
6002 9601506 m2 4594671 -5.67431343e-05 0.200000003 p1 13663 8
2490 9603775 m2 1921697 -1.95895336e-06 0.200000003 p1 13667 8
2943 9605491 m2 2252296 -1.35995617e-06 0.200000003 p1 13669 8
3884 9632041 m2 2995170 -4.424906e-05 0.200000003 p1 13710 8
2251 9645626 m2 1737830 -0.000808182755 0.200000003 p1 13730 8
6502 9649293 m2 4978691 -0.00254619285 0.200000003 p1 13736 8
6426 9661622 m2 4933713 -2.62675189e-06 0.200000003 p1 13755 8
5682 9671942 m2 4360293 -0.00175616366 0.200000003 p1 13770 8
6076 9672236 m2 4664139 -3.18119273e-05 0.200000003 p1 13771 8
1363 9672628 m2 1088840 -0.000853310514 0.200000003 p1 13771 8
1481 9673760 m2 1183469 -0.000439272146 0.200000003 p1 13773 8
4976 9708986 m2 3822219 -3.4555826e-06 0.200000003 p1 13827 8
1453 9711863 m2 1162423 -0.000265537412 0.200000003 p1 13832 8
344 9722811 m2 262953 -0.000187692174 0.200000003 p1 13849 8
5248 9726356 m2 4033635 -9.82886149e-07 0.200000003 p1 13855 8
4622 9741318 m2 3533921 -1.15480174e-10 0.200000003 p1 13878 8
2406 9748781 m2 1856133 -6.30401919e-05 0.200000003 p1 13889 8
5444 9759466 m2 4177239 -0.000206366283 0.200000003 p1 13905 8
3420 9765382 m2 2605859 -3.31486517e-05 0.200000003 p1 13914 8
6138 9776371 m2 4711152 -0.000840068329 0.200000003 p1 13931 8
3247 9787712 m2 2479651 -4.59741663e-12 0.200000003 p1 13948 8
4224 9791188 m2 3250042 -0.000457078655 0.200000003 p1 13954 8
3643 9798370 m2 2787228 -0.00154839724 0.200000003 p1 13965 8
3715 9799020 m2 2849847 -3.27925491e-08 0.200000003 p1 13966 8
6148 9804142 m3 4720861 0.00375616318 0.5 p1 13974 8
3984 9817855 m2 3074753 -8.53163147e-06 0.200000003 p1 13995 8
5925 9842874 m2 4544649 -2.08264682e-05 0.200000003 p1 14032 8
5688 9843883 m2 4365629 -0.00017002286 0.200000003 p1 14034 8
6223 9851728 m2 4772693 -1.28440183e-06 0.200000003 p1 14046 8
270 9885850 m3 207962 0.000849527423 0.5 p1 14098 8
3296 9893027 m2 2516553 -0.00143461931 0.200000003 p1 14109 8
5266 9904795 m2 4048980 -1.68261176e-05 0.200000003 p1 14127 8
4195 9908061 m2 3226073 -0.00224173651 0.200000003 p1 14133 8
6307 9913736 m2 4841278 -0.0001727778 0.200000003 p1 14141 8
2974 9915497 m2 2273664 -0.000916941557 0.200000003 p1 14144 8
1152 9917940 m2 917673 -1.12803427e-05 0.200000003 p1 14148 8
4095 9931192 m2 3165389 -6.21319923e-05 0.200000003 p1 14168 8
2200 9939007 m2 1704589 -1.44435996e-09 0.200000003 p1 14180 8
2044 9954007 m2 1598096 -9.80522782e-06 0.200000003 p1 14203 8
5495 9966187 m3 4217995 0.0039120419 0.5 p1 14222 8
2656 9970556 m2 2041267 -7.23615869e-07 0.200000003 p1 14229 8
6305 9971437 m2 4840425 -4.99187263e-06 0.200000003 p1 14230 8
4341 9974982 m2 3327695 -0.000128159721 0.200000003 p1 14236 8
971 9980883 m2 777329 -0.000125855062 0.200000003 p1 14245 8
4769 9983553 m2 3657568 -2.9212375e-05 0.200000003 p1 14249 8
4265 9988356 m2 3280693 -0.000121361045 0.200000003 p1 14257 8
3258 9994442 m2 2487260 -5.76581954e-07 0.200000003 p1 14266 8
3235 9998211 m3 2469704 0.00239832816 0.5 p1 14272 8
974 10000066 m2 779696 -0.000357536162 0.200000003 p1 14275 8
235 10000745 m2 177662 -1.12042483e-06 0.200000003 p1 14276 8
1281 10001427 m2 1024421 -0.00121890253 0.200000003 p1 14277 8
3756 10021273 m2 2886376 -0.000602446729 0.200000003 p1 14307 8
3443 10022144 m2 2621739 -0.000128112704 0.200000003 p1 14309 8
2764 10025615 m2 2123613 -9.1593407e-05 0.200000003 p1 14314 8
4125 10038946 m2 3180708 -5.37548931e-06 0.200000003 p1 14335 8
3449 10041753 m2 2630470 -9.77086675e-05 0.200000003 p1 14339 8
5783 10043672 m2 4445055 -4.20413187e-07 0.200000003 p1 14342 8
1494 10048275 m2 1193484 -0.00290647475 0.200000003 p1 14349 8
6319 10049849 m2 4847788 -8.92743174e-06 0.200000003 p1 14351 8
2838 10054372 m2 2179528 -0.00051329314 0.200000003 p1 14358 8
4777 10069697 m2 3664272 -4.93654807e-06 0.200000003 p1 14382 8
614 10071280 m2 483994 -1.04118874e-06 0.200000003 p1 14384 8
446 10073644 m2 344958 -5.47871059e-05 0.200000003 p1 14388 8
3137 10074377 m2 2394826 -0.000656351156 0.200000003 p1 14389 8
2781 10082650 m3 2133086 0.0003925981 0.5 p1 14402 8
4277 10084147 m2 3288286 -0.000309140596 0.200000003 p1 14404 8
3109 10084349 m2 2373375 -3.51322633e-05 0.200000003 p1 14405 8
5674 10084798 m2 4353020 -3.5303126e-06 0.200000003 p1 14405 8
2417 10085415 m2 1866431 -0.000356474193 0.200000003 p1 14406 8
613 10088950 m2 483696 -4.51169435e-05 0.200000003 p1 14412 8
573 10106577 m2 450940 -0.000113459093 0.200000003 p1 14439 8
4827 10118990 m2 3711997 -0.000317520229 0.200000003 p1 14458 8
5837 10133167 m2 4476697 -4.71612948e-05 0.200000003 p1 14481 8
4614 10151606 m2 3524136 -2.60234128e-06 0.200000003 p1 14509 8
3193 10152264 m2 2441090 -0.000469148363 0.200000003 p1 14510 8
5733 10156941 m3 4407581 0.000724191661 0.5 p1 14517 8
3742 10162109 m2 2875790 -2.47693629e-06 0.200000003 p1 14525 8
6388 10180342 m2 4904082 -4.05911669e-05 0.200000003 p1 14552 8
1201 10181642 m2 955839 -3.53686955e-05 0.200000003 p1 14554 8
4644 10184693 m2 3548012 -1.37763072e-05 0.200000003 p1 14559 8
311 10185660 m2 239381 -2.09658137e-05 0.200000003 p1 14560 8
3855 10195437 m2 2964279 -1.38167416e-05 0.200000003 p1 14575 8
159 10215126 m3 117847 0.0040344405 0.5 p1 14605 8
5667 10237953 m2 4346790 -6.13228476e-05 0.200000003 p1 14639 8
4862 10251788 m2 3738635 -2.04103217e-05 0.200000003 p1 14660 8
2381 10252447 m2 1833441 -1.53438322e-07 0.200000003 p1 14661 8
889 10257316 m2 711982 -3.16525029e-06 0.200000003 p1 14668 8
3806 10260066 m2 2918602 -4.43800964e-05 0.200000003 p1 14672 8
6359 10260843 m2 4880357 -8.49413846e-05 0.200000003 p1 14673 8
5393 10261756 m2 4143052 -7.00870805e-06 0.200000003 p1 14675 8
363 10296659 m2 276059 -0.000204300042 0.200000003 p1 14729 8
2236 10302019 m2 1727241 -9.7766395e-10 0.200000003 p1 14737 8
3478 10305731 m2 2654551 -0.00123805809 0.200000003 p1 14743 8
59 10321124 m2 48622 -0.000852394092 0.200000003 p1 14767 8
2667 10328543 m2 2048881 -7.22613436e-08 0.200000003 p1 14778 8
3519 10329085 m2 2682935 -6.73970675e-08 0.200000003 p1 14779 8
5679 10337823 m2 4358283 -0.000291806151 0.200000003 p1 14793 8
1575 10343075 m2 1257130 -1.60567417e-08 0.200000003 p1 14801 8
381 10343680 m2 289704 -0.0026866952 0.200000003 p1 14802 8
996 10343962 m2 792167 -3.73333023e-05 0.200000003 p1 14802 8
6003 10353461 m2 4595520 -0.00082861085 0.200000003 p1 14817 8
4444 10356974 m2 3393910 -4.30527325e-05 0.200000003 p1 14822 8
5706 10365548 m2 4380677 -0.00140960165 0.200000003 p1 14835 8
2743 10369945 m2 2106839 -0.000325145113 0.200000003 p1 14842 8
6125 10379081 m2 4701017 -1.38430653e-06 0.200000003 p1 14856 8
647 10384172 m2 510963 -8.17095588e-06 0.200000003 p1 14864 8
6382 10400078 m2 4899201 -1.0303429e-06 0.200000003 p1 14889 8
1226 10400896 m2 980389 -1.03682192e-08 0.200000003 p1 14890 8
4957 10416633 m2 3809761 -0.00086457649 0.200000003 p1 14915 8
3954 10419252 m3 3045203 0.000668757013 0.5 p1 14919 8
4450 10426849 m2 3398397 -2.83517852e-06 0.200000003 p1 14931 8
5223 10436048 m2 4012545 -5.74109026e-06 0.200000003 p1 14945 8
181 10436320 m2 137086 -3.72922295e-05 0.200000003 p1 14946 8
6117 10441600 m2 4694128 -1.76720647e-07 0.200000003 p1 14954 8
5094 10444421 m2 3910984 -0.000680307508 0.200000003 p1 14958 8
4053 10452175 m2 3125217 -7.51921689e-05 0.200000003 p1 14970 8
910 10472714 m2 726631 -0.000216405446 0.200000003 p1 15002 8
497 10488443 m2 381127 -1.4717466e-05 0.200000003 p1 15027 8
2577 10489461 m3 1979921 0.000652415853 0.5 p1 15029 8
1122 10491983 m2 893148 -6.8208152e-08 0.200000003 p1 15032 8
4041 10492371 m2 3121042 -2.19618159e-05 0.200000003 p1 15033 8
2189 10494058 m2 1699872 -8.00313574e-05 0.200000003 p1 15035 8
491 10511916 m2 377364 -1.50162043e-06 0.200000003 p1 15063 8
6364 10516309 m2 4882651 -6.48358946e-06 0.200000003 p1 15070 8
3800 10541536 m2 2916437 -9.38591893e-06 0.200000003 p1 15109 8
5838 10548689 m2 4478865 -6.5496497e-05 0.200000003 p1 15120 8
6285 10552276 m2 4823753 -4.03498525e-05 0.200000003 p1 15125 8
2326 10553192 m3 1794002 0.00161320984 0.5 p1 15127 8
3093 10559766 m2 2364601 -0.000335090503 0.200000003 p1 15137 8
2316 10561206 m2 1786601 -4.42601703e-07 0.200000003 p1 15139 8
2067 10574632 m2 1610753 -4.79292055e-07 0.200000003 p1 15159 8
1889 10575489 m2 1483498 -0.000206844619 0.200000003 p1 15160 8
113 10597641 m3 85284 0.00196359633 0.5 p1 15194 8
1698 10605653 m3 1346955 0.000335983234 0.5 p1 15207 8
807 10607589 m2 639798 -0.000480925431 0.200000003 p1 15210 8
5610 10612832 m2 4303342 -3.64796397e-05 0.200000003 p1 15218 8
2100 10636383 m2 1636016 -0.000994902803 0.200000003 p1 15254 8
5282 10642340 m2 4057432 -2.19966046e-06 0.200000003 p1 15264 8
2897 10642844 m2 2222105 -8.00486232e-05 0.200000003 p1 15265 8
3365 10645533 m2 2565840 -2.60708233e-10 0.200000003 p1 15269 8
4649 10660127 m2 3551213 -5.66820297e-08 0.200000003 p1 15292 8
3694 10699069 m2 2835273 -2.92205132e-05 0.200000003 p1 15351 8
253 10714518 m2 192492 -0.000183068361 0.200000003 p1 15375 8
890 10717693 m2 712466 -1.77520997e-05 0.200000003 p1 15380 8
3118 10724224 m2 2380760 -0.000324834837 0.200000003 p1 15390 8
895 10726596 m2 717508 -6.68411594e-05 0.200000003 p1 15393 8
2715 10729740 m2 2083820 -8.75801385e-13 0.200000003 p1 15398 8
1493 10741875 m2 1193439 -8.53198571e-07 0.200000003 p1 15417 8
1112 10744965 m2 884922 -1.07224678e-12 0.200000003 p1 15421 8
51 10771890 m2 42167 -1.52004013e-05 0.200000003 p1 15462 8
3002 10776166 m2 2293300 -1.5278081e-08 0.200000003 p1 15469 8
3831 10778517 m2 2941732 -0.000169702573 0.200000003 p1 15473 8
5052 10781473 m2 3879213 -2.60279303e-05 0.200000003 p1 15477 8
5714 10803179 m2 4388037 -1.47593528e-05 0.200000003 p1 15509 8
5652 10814386 m2 4334047 -0.000357573706 0.200000003 p1 15527 8
4101 10820068 m2 3167663 -3.52791361e-08 0.200000003 p1 15535 8
110 10826139 m2 83765 -4.61122618e-05 0.200000003 p1 15545 8
4273 10830753 m2 3284691 -6.50865388e-07 0.200000003 p1 15552 8
2011 10831589 m2 1576145 -2.77687292e-07 0.200000003 p1 15553 8
2834 10854653 m2 2174394 -3.72197495e-09 0.200000003 p1 15589 8
6212 10855821 m3 4764390 0.00235574227 0.5 p1 15590 8
5771 10860157 m2 4435556 -1.03716559e-06 0.200000003 p1 15597 8
2386 10870765 m2 1835214 -1.8430519e-05 0.200000003 p1 15613 8
3276 10884685 m2 2499725 -8.59951433e-06 0.200000003 p1 15634 8
825 10884948 m2 661178 -0.000206819386 0.200000003 p1 15634 8
653 10887592 m2 513318 -8.56911925e-07 0.200000003 p1 15638 8
3933 10890077 m2 3028423 -3.7989448e-08 0.200000003 p1 15642 8
4989 10893482 m2 3832428 -4.96602252e-06 0.200000003 p1 15647 8
4668 10901439 m2 3567848 -1.85035333e-05 0.200000003 p1 15660 8
1503 10907852 m2 1200125 -7.34637183e-07 0.200000003 p1 15670 8
364 10920127 m2 276270 -0.000133264723 0.200000003 p1 15688 8
6269 10921885 m2 4814644 -0.000132950227 0.200000003 p1 15691 8
338 10923185 m2 259258 -0.000318899809 0.200000003 p1 15693 8
4919 10924676 m2 3781026 -1.4433941e-05 0.200000003 p1 15695 8
4094 10934400 m2 3164595 -0.000229475845 0.200000003 p1 15710 8
4336 10938222 m2 3324520 -0.0001307762 0.200000003 p1 15716 8
1935 10940539 m2 1521369 -0.000175720925 0.200000003 p1 15720 8
2887 10954118 m3 2211541 0.000360562524 0.5 p1 15741 8
2722 10961492 m3 2086113 0.00120380521 0.5 p1 15752 8
4707 10964317 m2 3605291 -5.68506257e-05 0.200000003 p1 15757 8
4363 10980869 m2 3341164 -0.000738096074 0.200000003 p1 15782 8
4840 10994520 m2 3720640 -2.97921142e-05 0.200000003 p1 15803 8
191 11000482 m2 143868 -0.00121899194 0.200000003 p1 15812 8
463 11001789 m2 356723 -0.00045186776 0.200000003 p1 15814 8
3050 11011539 m2 2334665 -3.48313705e-07 0.200000003 p1 15829 8
2379 11012419 m2 1830698 -0.000964496925 0.200000003 p1 15830 8
6229 11020389 m2 4781510 -0.000285595859 0.200000003 p1 15842 8
1046 11053263 m3 826334 0.00190495781 0.5 p1 15893 8
3685 11065795 m2 2827165 -2.58264972e-05 0.200000003 p1 15912 8
4794 11070150 m2 3683090 -8.39319725e-08 0.200000003 p1 15919 8
211 11073208 m2 162246 -0.000157742441 0.200000003 p1 15924 8
2967 11081819 m2 2267973 -0.000782744086 0.200000003 p1 15937 8
5293 11082515 m2 4065918 -3.96566179e-07 0.200000003 p1 15938 8
1794 11082938 m2 1415756 -0.000308168732 0.200000003 p1 15939 8
6266 11087364 m2 4812310 -0.000359109457 0.200000003 p1 15946 8
407 11087750 m2 309099 -0.000357476354 0.200000003 p1 15946 8
6264 11089876 m2 4810053 -1.40440095e-08 0.200000003 p1 15950 8
1675 11091110 m2 1327777 -4.12967165e-06 0.200000003 p1 15952 8
3014 11091979 m2 2304305 -0.00084283977 0.200000003 p1 15953 8
2684 11092970 m2 2059474 -0.000952608418 0.200000003 p1 15955 8
2119 11111552 m3 1645281 0.00159998995 0.5 p1 15984 8
251 11111780 m2 191563 -5.05624428e-07 0.200000003 p1 15984 8
2934 11117105 m2 2247061 -2.81123391e-07 0.200000003 p1 15993 8
6525 11123293 m2 4990329 -3.22969536e-05 0.200000003 p1 16002 8
3582 11125882 m2 2737907 -0.000523228256 0.200000003 p1 16006 8
763 11132649 m2 603006 -8.32326123e-07 0.200000003 p1 16017 8
3825 11133150 m2 2933838 -0.00025680667 0.200000003 p1 16018 8
4524 11139649 m2 3452750 -9.63198965e-10 0.200000003 p1 16028 8
3092 11150862 m2 2363018 -2.65645951e-07 0.200000003 p1 16046 8
5152 11153270 m2 3961644 -5.46773708e-06 0.200000003 p1 16049 8
1461 11157041 m2 1168810 -0.000200160503 0.200000003 p1 16055 8
1373 11157720 m2 1097787 -0.00026324403 0.200000003 p1 16056 8
1828 11162627 m2 1441120 -0.000201956733 0.200000003 p1 16064 8
4775 11173866 m2 3663417 -1.55674154e-11 0.200000003 p1 16081 8
3890 11189312 m2 2998331 -2.88197475e-06 0.200000003 p1 16106 8
3228 11203261 m2 2464880 -1.61870757e-05 0.200000003 p1 16127 8
5024 11203970 m2 3855579 -0.00119897816 0.200000003 p1 16129 8
1229 11209722 m2 983021 -1.21496951e-05 0.200000003 p1 16137 8
139 11237090 m2 105577 -0.000966550375 0.200000003 p1 16179 8
4744 11256488 m2 3639531 -2.59054485e-08 0.200000003 p1 16209 8
1149 11261311 m2 915684 -0.00250850082 0.200000003 p1 16217 8
2911 11273269 m2 2232582 -3.78701293e-10 0.200000003 p1 16235 8
1731 11274221 m2 1378215 -2.84603993e-05 0.200000003 p1 16237 8
1370 11274435 m2 1093169 -0.000954491086 0.200000003 p1 16237 8
5620 11287711 m2 4309678 -2.86092036e-05 0.200000003 p1 16257 8
5801 11313590 m2 4458145 -9.97408788e-05 0.200000003 p1 16297 8
5625 11317892 m2 4310531 -0.0010052413 0.200000003 p1 16304 8
2692 11325376 m2 2061961 -5.82268585e-05 0.200000003 p1 16315 8
4382 11328991 m2 3353887 -0.000316728721 0.200000003 p1 16320 8
1129 11329686 m3 902935 0.00327959331 0.5 p1 16321 8
1091 11335132 m2 865999 -0.00237860065 0.200000003 p1 16330 8
2382 11361992 m2 1834211 -3.88580566e-14 0.200000003 p1 16371 8
3996 11366100 m2 3086193 -1.85862846e-05 0.200000003 p1 16377 8
1864 11366151 m2 1468896 -1.71003685e-05 0.200000003 p1 16377 8
4060 11369002 m2 3132538 -0.000981318299 0.200000003 p1 16382 8
5129 11376411 m2 3938980 -9.26989924e-06 0.200000003 p1 16393 8
2163 11383917 m2 1679877 -3.55572709e-08 0.200000003 p1 16404 8
3965 11389790 m2 3054313 -9.35274602e-06 0.200000003 p1 16413 8
1187 11404297 m2 946879 -0.000111763438 0.200000003 p1 16435 8
1123 11407245 m2 893163 -3.80350975e-05 0.200000003 p1 16440 8
1526 11409833 m2 1215695 -0.00190857751 0.200000003 p1 16444 8
4809 11413354 m2 3697330 -0.000558187196 0.200000003 p1 16449 8
2195 11418362 m2 1702209 -5.02277908e-05 0.200000003 p1 16456 8
5989 11420811 m2 4587651 -0.000348170579 0.200000003 p1 16460 8
14 11432747 m2 13664 -1.52926605e-05 0.200000003 p1 16478 8
6241 11436670 m2 4792439 -2.21326286e-06 0.200000003 p1 16484 8
1068 11439231 m2 846196 -2.2424827e-05 0.200000003 p1 16488 8
1393 11441505 m2 1116480 -0.000426243176 0.200000003 p1 16491 8
4525 11454091 m2 3453174 -0.000618742546 0.200000003 p1 16511 8
3149 11460230 m2 2402930 -4.02222577e-05 0.200000003 p1 16520 8
5626 11466898 m2 4311438 -0.000343151682 0.200000003 p1 16530 8
6072 11494709 m2 4660203 -0.000107962958 0.200000003 p1 16573 8
1061 11504326 m2 841329 -0.000273357407 0.200000003 p1 16588 8
6001 11504616 m2 4593419 -3.31608021e-06 0.200000003 p1 16588 8
361 11506106 m3 275601 0.00202398398 0.5 p1 16591 8
0 11510351 m2 56 -5.20545882e-07 0.200000003 p1 16597 8
6444 11516695 m2 4943525 -0.000598334358 0.200000003 p1 16607 8
4048 11522489 m2 3122705 -2.08781148e-06 0.200000003 p1 16616 8
5466 11529877 m2 4193074 -1.59529427e-05 0.200000003 p1 16627 8
2071 11535719 m2 1615897 -3.19709834e-05 0.200000003 p1 16636 8
5390 11535722 m2 4141434 -0.00119515031 0.200000003 p1 16636 8
2607 11538677 m2 2003310 -6.73060731e-06 0.200000003 p1 16641 8
3969 11574632 m3 3058617 0.00239201216 0.5 p1 16697 8
3827 11581800 m2 2933956 -4.11939594e-10 0.200000003 p1 16708 8
5614 11589684 m2 4306497 -2.71679085e-07 0.200000003 p1 16720 8
3364 11609678 m2 2564873 -0.00143175269 0.200000003 p1 16751 8
5917 11612030 m2 4537789 -0.000476781628 0.200000003 p1 16755 8
6020 11617353 m2 4612662 -0.000195484972 0.200000003 p1 16763 8
4299 11618366 m2 3300576 -0.000251956662 0.200000003 p1 16765 8
4650 11621849 m2 3551660 -0.00322142686 0.200000003 p1 16770 8
1265 11623030 m2 1012175 -0.000502811628 0.200000003 p1 16772 8
5702 11628060 m2 4378755 -1.51763006e-05 0.200000003 p1 16779 8
3411 11638109 m2 2596616 -1.40108787e-05 0.200000003 p1 16795 8
836 11655372 m2 668949 -0.000127659514 0.200000003 p1 16821 8
6457 11676592 m2 4953734 -2.12462155e-07 0.200000003 p1 16853 8
4440 11676804 m2 3391716 -0.00028682308 0.200000003 p1 16854 8
341 11678215 m2 260674 -0.000256707106 0.200000003 p1 16856 8
377 11680650 m2 287848 -1.04690095e-07 0.200000003 p1 16859 8
6329 11697377 m2 4852435 -0.00018408375 0.200000003 p1 16885 8
1523 11701610 m2 1214216 -0.000375864649 0.200000003 p1 16891 8
3089 11704044 m2 2361559 -0.0037763135 0.200000003 p1 16895 8
1921 11713093 m2 1507463 -0.00263687177 0.200000003 p1 16909 8
4894 11714613 m2 3765742 -5.45335424e-05 0.200000003 p1 16911 8
5812 11718633 m2 4464102 -7.88321675e-09 0.200000003 p1 16917 8
5019 11734155 m2 3852207 -0.000129432752 0.200000003 p1 16942 8
2453 11747441 m2 1894130 -0.000144735342 0.200000003 p1 16962 8
1671 11755566 m2 1326319 -0.000114532842 0.200000003 p1 16974 8
3033 11755666 m2 2321273 -1.4110808e-06 0.200000003 p1 16975 8
873 11780252 m2 695884 -1.7159351e-05 0.200000003 p1 17012 8
3428 11792625 m2 2611023 -0.000276428938 0.200000003 p1 17031 8
4509 11807641 m2 3440990 -8.34407183e-06 0.200000003 p1 17055 8
4212 11811236 m2 3240418 -0.000288362266 0.200000003 p1 17060 8
1917 11815874 m2 1504828 -0.00147146743 0.200000003 p1 17067 8
418 11824421 m3 318820 3.37663805e-05 0.5 p1 17081 8
5194 11824521 m3 3992489 7.9223566e-05 0.5 p1 17081 8
4394 11833575 m2 3358305 -0.000158331444 0.200000003 p1 17095 8
2546 11846649 m2 1959493 -3.21694824e-06 0.200000003 p1 17115 8
2912 11852394 m2 2233059 -0.000464978308 0.200000003 p1 17123 8
771 11855609 m2 611006 -0.00180989935 0.200000003 p1 17128 8
2811 11876726 m2 2151948 -3.53830146e-05 0.200000003 p1 17161 8
1132 11880403 m3 903415 0.00231809821 0.5 p1 17166 8
4345 11883558 m2 3331813 -6.59127409e-07 0.200000003 p1 17171 8
6302 11886282 m2 4839142 -9.67206506e-06 0.200000003 p1 17175 8
3088 11890401 m2 2360968 -1.4382048e-05 0.200000003 p1 17182 8
5994 11893203 m2 4589001 -0.000185348748 0.200000003 p1 17186 8
6104 11898457 m2 4688195 -1.51198407e-07 0.200000003 p1 17194 8
3907 11899328 m2 3012249 -7.32065882e-06 0.200000003 p1 17196 8
2076 11901882 m2 1618362 -0.000684004044 0.200000003 p1 17200 8
231 11915435 m2 175896 -1.21819892e-06 0.200000003 p1 17221 8
4846 11919864 m3 3725189 0.0018998317 0.5 p1 17228 8
5335 11921432 m2 4099548 -0.00167638785 0.200000003 p1 17230 8
5325 11922104 m2 4095142 -5.4911623e-05 0.200000003 p1 17231 8
6337 11922175 m2 4859726 -3.68642141e-05 0.200000003 p1 17231 8
984 11927902 m2 786730 -4.90444036e-05 0.200000003 p1 17240 8
3808 11929938 m2 2923612 -1.51013201e-05 0.200000003 p1 17243 8
5334 11948870 m2 4099340 -0.00150835922 0.200000003 p1 17273 8
1062 11959839 m2 842392 -1.18324681e-06 0.200000003 p1 17290 8
2385 11961412 m2 1835085 -0.000298105442 0.200000003 p1 17292 8
756 11978461 m2 598925 -0.00124758086 0.200000003 p1 17319 8
3533 11981130 m2 2698171 -1.46884096e-08 0.200000003 p1 17323 8
5847 11989078 m2 4488175 -7.31466514e-07 0.200000003 p1 17335 8
6345 11989318 m2 4865044 -2.11458155e-05 0.200000003 p1 17336 8
2458 11992498 m2 1895512 -3.70207126e-05 0.200000003 p1 17341 8
5825 11994464 m2 4471122 -0.000938172336 0.200000003 p1 17344 8
3840 12013238 m2 2954078 -0.000602758722 0.200000003 p1 17373 8
4647 12021293 m2 3549944 -4.70282036e-10 0.200000003 p1 17386 8
1220 12035027 m2 975345 -9.00674877e-08 0.200000003 p1 17407 8
843 12043446 m2 672559 -2.54555772e-07 0.200000003 p1 17420 8
3487 12050100 m3 2658598 0.0012092503 0.5 p1 17430 8
6136 12060319 m2 4710213 -6.5188724e-05 0.200000003 p1 17446 8
2276 12065413 m2 1755767 -0.000298117433 0.200000003 p1 17454 8
5505 12065426 m2 4223392 -6.10853021e-06 0.200000003 p1 17454 8
3430 12074815 m2 2612569 -0.00023248198 0.200000003 p1 17468 8
5387 12078170 m2 4136187 -1.45681279e-05 0.200000003 p1 17473 8
2113 12110509 m2 1642140 -0.000104270439 0.200000003 p1 17523 8
188 12121713 m2 142070 -0.000995606068 0.200000003 p1 17540 8
847 12129597 m2 674545 -2.98688065e-06 0.200000003 p1 17552 8
1003 12138932 m2 797000 -6.92513504e-06 0.200000003 p1 17567 8
6544 12145519 m2 4999439 -2.17196963e-08 0.200000003 p1 17577 8
2515 12152470 m2 1934664 -0.00154449337 0.200000003 p1 17588 8
860 12159671 m2 685607 -0.000418160373 0.200000003 p1 17599 8
2535 12160638 m2 1950742 -1.46504617e-05 0.200000003 p1 17601 8
2958 12170353 m2 2260110 -0.0013790183 0.200000003 p1 17616 8
1852 12170921 m2 1457246 -0.000689580804 0.200000003 p1 17617 8
1572 12172091 m2 1254033 -0.00037117835 0.200000003 p1 17618 8
4512 12172268 m3 3441922 0.00410547014 0.5 p1 17619 8
1830 12174556 m2 1441608 -0.000446871301 0.200000003 p1 17622 8
2942 12182607 m2 2251383 -0.000269132084 0.200000003 p1 17635 8
3489 12186327 m2 2659754 -0.000719818694 0.200000003 p1 17641 8
1812 12217594 m2 1429329 -6.31847943e-05 0.200000003 p1 17690 8
785 12218338 m2 622881 -0.00106410973 0.200000003 p1 17691 8
2493 12220595 m2 1922778 -0.00147823407 0.200000003 p1 17694 8
6415 12224202 m2 4926448 -4.88218484e-06 0.200000003 p1 17700 8
4616 12239880 m2 3525820 -0.00113093702 0.200000003 p1 17724 8
1239 12278954 m2 989316 -8.86940938e-08 0.200000003 p1 17785 8
3294 12280780 m3 2515444 0.000598767831 0.5 p1 17788 8
4546 12287901 m2 3468881 -0.000109577522 0.200000003 p1 17799 8
4025 12296922 m2 3111093 -2.03424939e-08 0.200000003 p1 17813 8
3955 12300179 m2 3045649 -4.20446959e-05 0.200000003 p1 17818 8
2901 12307756 m2 2224737 -1.38721521e-06 0.200000003 p1 17830 8
5036 12322596 m2 3866148 -5.99785699e-06 0.200000003 p1 17853 8
3194 12327736 m2 2442208 -0.000224385047 0.200000003 p1 17861 8
6371 12331676 m2 4887694 -0.000143738027 0.200000003 p1 17867 8
4691 12334106 m2 3589009 -2.24922925e-08 0.200000003 p1 17871 8
5175 12335937 m2 3978899 -9.80780669e-07 0.200000003 p1 17874 8
2156 12341968 m2 1669967 -1.7146142e-06 0.200000003 p1 17883 8
4013 12342894 m2 3101655 -9.4310959e-10 0.200000003 p1 17885 8
4017 12343496 m3 3105731 0.00202824315 0.5 p1 17885 8
3090 12345489 m2 2362497 -0.000304633402 0.200000003 p1 17889 8
6394 12347740 m2 4911312 -0.000173813722 0.200000003 p1 17892 8
4306 12356831 m2 3304188 -5.80034248e-06 0.200000003 p1 17906 8
5093 12358819 m2 3910804 -0.000166931102 0.200000003 p1 17909 8
5018 12370883 m2 3851587 -2.02997708e-05 0.200000003 p1 17928 8
3751 12375707 m2 2882974 -1.76235026e-05 0.200000003 p1 17936 8
4179 12378921 m2 3211367 -3.33908429e-06 0.200000003 p1 17941 8
4693 12393840 m2 3589573 -2.97482966e-05 0.200000003 p1 17965 8
358 12402137 m2 274136 -1.29445471e-05 0.200000003 p1 17978 8
5979 12403425 m2 4582117 -3.00424858e-07 0.200000003 p1 17980 8
2321 12406208 m2 1790722 -3.90804344e-05 0.200000003 p1 17984 8
3851 12407191 m2 2960839 -9.80310511e-16 0.200000003 p1 17986 8
4679 12416952 m2 3579295 -1.46197978e-08 0.200000003 p1 18001 8
44 12417410 m2 37969 -8.76103059e-06 0.200000003 p1 18002 8
4737 12419781 m2 3635169 -7.98676629e-05 0.200000003 p1 18005 8
6256 12420561 m3 4803405 0.000162025768 0.5 p1 18007 8
5564 12424815 m2 4272032 -1.75536471e-07 0.200000003 p1 18014 8
84 12430223 m3 62476 0.00192552025 0.5 p1 18022 8
5524 12431506 m2 4236456 -0.000927424117 0.200000003 p1 18024 8
6031 12451488 m2 4622029 -7.53784752e-06 0.200000003 p1 18055 8
4142 12453296 m2 3192307 -0.00048662597 0.200000003 p1 18058 8
1745 12464377 m2 1386639 -1.53001395e-07 0.200000003 p1 18075 8
2088 12470166 m2 1626804 -0.00028498561 0.200000003 p1 18084 8
2403 12475328 m2 1853094 -3.84328587e-07 0.200000003 p1 18092 8
3650 12475954 m2 2792481 -0.000882554799 0.200000003 p1 18093 8
1692 12483266 m2 1339386 -0.000136101051 0.200000003 p1 18104 8
4517 12494499 m2 3445712 -0.00217612786 0.200000003 p1 18121 8
1351 12497855 m2 1080546 -2.2382867e-06 0.200000003 p1 18127 8
4922 12511415 m2 3783577 -8.46008043e-05 0.200000003 p1 18148 8
217 12513388 m2 166989 -0.00044516896 0.200000003 p1 18151 8
6521 12519297 m2 4988956 -0.000113574555 0.200000003 p1 18160 8
2159 12520374 m3 1677507 0.00100285723 0.5 p1 18162 8
4560 12528235 m2 3483849 -0.000462073367 0.200000003 p1 18174 8
5378 12530644 m2 4131933 -2.27715677e-08 0.200000003 p1 18178 8
26 12537732 m2 22527 -5.46212596e-06 0.200000003 p1 18190 8
6086 12541728 m2 4670871 -2.80432396e-05 0.200000003 p1 18196 8
6277 12552418 m2 4819479 -2.88692036e-07 0.200000003 p1 18213 8
4620 12577833 m2 3530873 -9.88445208e-07 0.200000003 p1 18254 8
2993 12585270 m2 2287626 -6.21244253e-05 0.200000003 p1 18265 8
3267 12588102 m2 2494064 -0.00128521211 0.200000003 p1 18270 8
1561 12599134 m2 1246355 -0.000589306059 0.200000003 p1 18287 8
1803 12608912 m2 1421843 -1.04830658e-10 0.200000003 p1 18302 8
1093 12609114 m2 867473 -4.96608118e-05 0.200000003 p1 18303 8
2701 12623936 m2 2067498 -0.000277232961 0.200000003 p1 18326 8
6409 12629791 m2 4923647 -8.54098471e-05 0.200000003 p1 18335 8
2230 12635324 m2 1723576 -2.79125452e-05 0.200000003 p1 18344 8
5662 12641448 m2 4344989 -1.75576388e-05 0.200000003 p1 18353 8
1436 12643807 m2 1150767 -4.55755583e-07 0.200000003 p1 18357 8
343 12653926 m2 261574 -2.43817976e-06 0.200000003 p1 18373 8
5215 12658486 m2 4004743 -7.0809682e-07 0.200000003 p1 18380 8
5930 12662057 m2 4547159 -0.000244273164 0.200000003 p1 18386 8
3084 12683306 m2 2358894 -5.4939419e-06 0.200000003 p1 18420 8
2353 12685010 m2 1811943 -7.38510353e-05 0.200000003 p1 18423 8
2709 12686098 m2 2079969 -4.9853341e-08 0.200000003 p1 18425 8
6429 12687119 m2 4934138 -9.93665089e-05 0.200000003 p1 18426 8
5661 12687445 m2 4344884 -0.000129934051 0.200000003 p1 18427 8
3277 12693762 m2 2500078 -0.000154039604 0.200000003 p1 18437 8
888 12703671 m2 711950 -1.41825041e-08 0.200000003 p1 18452 8
2659 12715604 m2 2045282 -6.62230377e-06 0.200000003 p1 18471 8
3447 12731282 m2 2628866 -5.31462356e-05 0.200000003 p1 18497 8
772 12741540 m2 611590 -8.04235824e-05 0.200000003 p1 18514 8
2223 12746862 m2 1719857 -3.95678107e-05 0.200000003 p1 18522 8
2492 12756747 m2 1922470 -5.06839605e-20 0.200000003 p1 18538 8
1339 12763275 m2 1068620 -3.74057979e-10 0.200000003 p1 18549 8
1943 12766341 m2 1525231 -1.02130971e-05 0.200000003 p1 18554 8
39 12767042 m2 35957 -0.00101315184 0.200000003 p1 18555 8
430 12774272 m2 329848 -1.85077279e-05 0.200000003 p1 18567 8
473 12778354 m2 366800 -0.000119535638 0.200000003 p1 18573 8
4119 12797913 m2 3177804 -9.53679002e-09 0.200000003 p1 18604 8
2951 12800481 m3 2256210 0.000757831964 0.5 p1 18609 8
4240 12802263 m2 3262792 -5.63990087e-12 0.200000003 p1 18611 8
4578 12809486 m2 3497264 -0.00101141096 0.200000003 p1 18623 8
1887 12832617 m2 1481609 -6.38423662e-05 0.200000003 p1 18662 8
3776 12837276 m2 2898037 -1.15294472e-06 0.200000003 p1 18669 8
2425 12839316 m2 1870789 -3.09045463e-05 0.200000003 p1 18673 8
5245 12843996 m3 4031841 0.0057525239 0.5 p1 18680 8
538 12846999 m2 418694 -1.2892662e-08 0.200000003 p1 18685 8
4808 12866095 m2 3697018 -1.85193993e-09 0.200000003 p1 18716 8
5273 12868703 m2 4051385 -5.48410606e-09 0.200000003 p1 18720 8
3634 12871425 m2 2779517 -0.000300373445 0.200000003 p1 18724 8
6126 12873419 m2 4701638 -5.43681308e-05 0.200000003 p1 18728 8
3627 12877432 m2 2776425 -0.00113768457 0.200000003 p1 18734 8
2161 12879468 m2 1678844 -2.86654031e-05 0.200000003 p1 18737 8
5318 12884496 m2 4088470 -0.00190136826 0.200000003 p1 18745 8
5832 12902261 m2 4474566 -0.000152728317 0.200000003 p1 18774 8
265 12911837 m2 203840 -5.23868766e-05 0.200000003 p1 18789 8
1354 12916469 m2 1081327 -0.000123386417 0.200000003 p1 18797 8
6033 12922342 m2 4622322 -0.00171222491 0.200000003 p1 18806 8
15 12922586 m2 14022 -2.08735105e-06 0.200000003 p1 18806 8
4529 12923183 m2 3457654 -1.17953068e-05 0.200000003 p1 18807 8
2825 12926103 m2 2166282 -0.000965280924 0.200000003 p1 18812 8
2582 12926960 m2 1990228 -0.000556830317 0.200000003 p1 18813 8
369 12928263 m2 282743 -0.000539077388 0.200000003 p1 18815 8
2703 12936831 m2 2075801 -8.73340541e-05 0.200000003 p1 18829 8
4118 12942491 m2 3177301 -3.16625781e-10 0.200000003 p1 18838 8
5808 12946336 m2 4462027 -2.92935947e-05 0.200000003 p1 18844 8
3405 12952275 m2 2591267 -0.000310282572 0.200000003 p1 18853 8
4423 12954614 m2 3376564 -3.18694902e-06 0.200000003 p1 18857 8
5586 12968045 m2 4286610 -0.000286745024 0.200000003 p1 18878 8
1073 12997845 m2 850610 -3.93230096e-07 0.200000003 p1 18925 8
3764 13000731 m2 2889955 -0.000398081116 0.200000003 p1 18930 8
3770 13004539 m2 2892959 -6.43530527e-08 0.200000003 p1 18936 8
4468 13012754 m2 3412888 -3.41826222e-07 0.200000003 p1 18949 8
1223 13018591 m2 977446 -0.00019614691 0.200000003 p1 18958 8
5366 13028180 m2 4121447 -8.57913619e-05 0.200000003 p1 18973 8
789 13042812 m2 624593 -3.41509399e-09 0.200000003 p1 18997 8
3573 13043594 m2 2729189 -5.0152421e-06 0.200000003 p1 18998 8
2264 13050672 m2 1748155 -0.000242741895 0.200000003 p1 19009 8
5059 13056138 m2 3885875 -1.57075092e-07 0.200000003 p1 19018 8
5545 13075477 m2 4259442 -6.11338066e-07 0.200000003 p1 19049 8
4400 13075725 m2 3361433 -8.99212173e-05 0.200000003 p1 19050 8
3878 13101671 m2 2987653 -0.000676862313 0.200000003 p1 19091 8
833 13112500 m2 667445 -0.000560867891 0.200000003 p1 19109 8
5357 13114630 m2 4114068 -6.17687401e-05 0.200000003 p1 19112 8
2759 13120935 m2 2117427 -1.84699644e-07 0.200000003 p1 19122 8
585 13122257 m2 457081 -4.78927468e-05 0.200000003 p1 19124 8
6369 13127149 m2 4884833 -3.43838087e-06 0.200000003 p1 19132 8
1008 13143717 m2 801316 -2.37952008e-06 0.200000003 p1 19159 8
1764 13148565 m2 1395562 -1.10304114e-07 0.200000003 p1 19167 8
3381 13153210 m2 2573981 -0.000169096427 0.200000003 p1 19175 8
666 13155748 m2 521923 -3.84433297e-05 0.200000003 p1 19179 8
4958 13160326 m2 3810197 -5.71388596e-11 0.200000003 p1 19186 8
587 13164090 m3 457980 0.000561660621 0.5 p1 19193 8
5507 13179947 m2 4224636 -0.000198879352 0.200000003 p1 19219 8
5951 13199527 m2 4563362 -0.00180002849 0.200000003 p1 19251 8
3570 13218544 m2 2727636 -0.000141725439 0.200000003 p1 19281 8
5716 13235052 m2 4389272 -5.08280209e-05 0.200000003 p1 19308 8
3874 13250034 m2 2983357 -0.000208612866 0.200000003 p1 19333 8
1583 13251678 m2 1260004 -7.93872186e-06 0.200000003 p1 19335 8
3619 13269913 m2 2767952 -7.54229904e-06 0.200000003 p1 19364 8
214 13278160 m2 164408 -8.25166282e-08 0.200000003 p1 19378 8
2008 13288709 m2 1574552 -0.000196846027 0.200000003 p1 19395 8
3869 13293585 m2 2979798 -1.01288902e-06 0.200000003 p1 19403 8
4729 13301549 m3 3629850 0.0012541021 0.5 p1 19416 8
5687 13305369 m2 4364434 -3.05778403e-09 0.200000003 p1 19422 8
458 13319865 m2 354675 -3.13196324e-05 0.200000003 p1 19446 8
3069 13320273 m2 2348328 -3.249435e-07 0.200000003 p1 19446 8
1674 13339683 m2 1327753 -2.92096556e-05 0.200000003 p1 19478 8
1299 13347483 m2 1033568 -1.38772532e-06 0.200000003 p1 19490 8
3342 13353093 m2 2546074 -0.000208624318 0.200000003 p1 19499 8
6271 13359829 m2 4815536 -2.96052876e-05 0.200000003 p1 19509 8
3174 13381079 m2 2425852 -0.00038972561 0.200000003 p1 19544 8
66 13392576 m2 54035 -6.16196849e-05 0.200000003 p1 19562 8
2627 13392779 m2 2018290 -0.00160743913 0.200000003 p1 19562 8
1766 13393024 m2 1399871 -0.00076339714 0.200000003 p1 19562 8
656 13410456 m2 514166 -8.62523593e-05 0.200000003 p1 19590 8
3123 13420779 m3 2385107 0.000788675854 0.5 p1 19607 8
3198 13426381 m2 2446465 -0.000516715925 0.200000003 p1 19615 8
4078 13428197 m2 3147101 -1.91104178e-07 0.200000003 p1 19618 8
5069 13437501 m3 3894689 0.00137525483 0.5 p1 19633 8
1396 13449903 m2 1117335 -2.97363258e-05 0.200000003 p1 19652 8
2986 13452400 m2 2280828 -1.02038165e-07 0.200000003 p1 19656 8
5809 13460574 m2 4462738 -9.59985982e-07 0.200000003 p1 19669 8
4403 13461477 m2 3363518 -0.000587617513 0.200000003 p1 19671 8
5432 13480570 m2 4169211 -6.65886091e-07 0.200000003 p1 19701 8
2996 13493024 m2 2288912 -1.39613057e-05 0.200000003 p1 19721 8
3693 13493390 m2 2834140 -6.56252769e-06 0.200000003 p1 19721 8
4259 13505862 m2 3278829 -2.22029848e-06 0.200000003 p1 19741 8
4037 13508420 m2 3119201 -2.69359068e-09 0.200000003 p1 19745 8
5759 13535587 m2 4423427 -2.3210674e-05 0.200000003 p1 19789 8
3339 13538998 m2 2545654 -0.000111341724 0.200000003 p1 19794 8
1342 13539206 m2 1070834 -2.18301777e-09 0.200000003 p1 19794 8
3254 13540866 m2 2482513 -3.78554214e-05 0.200000003 p1 19797 8
315 13577487 m2 240029 -0.000186881458 0.200000003 p1 19856 8
6109 13581485 m2 4689448 -8.82560187e-07 0.200000003 p1 19862 8
2716 13591681 m2 2084499 -1.06698371e-06 0.200000003 p1 19879 8
5976 13604353 m2 4580357 -4.87817524e-05 0.200000003 p1 19899 8
4815 13609069 m2 3701837 -0.000134628237 0.200000003 p1 19906 8
5371 13614224 m2 4127470 -0.000195332701 0.200000003 p1 19914 8
4504 13615497 m2 3435673 -1.1875162e-06 0.200000003 p1 19917 8
3699 13625203 m2 2836796 -5.56450213e-05 0.200000003 p1 19932 8
5328 13649365 m2 4095360 -1.66186794e-06 0.200000003 p1 19970 8
6095 13656461 m2 4679411 -1.85281242e-05 0.200000003 p1 19982 8
6198 13669962 m2 4751285 -0.000236645748 0.200000003 p1 20003 8
3205 13692877 m2 2450693 -5.06297262e-08 0.200000003 p1 20041 8
3735 13698667 m2 2865848 -0.000213897321 0.200000003 p1 20050 8
2412 13703331 m2 1862599 -3.21200218e-07 0.200000003 p1 20058 8
5396 13709677 m2 4144676 -0.000111772417 0.200000003 p1 20068 8
887 13721746 m2 711844 -0.00204737508 0.200000003 p1 20088 8
2496 13737191 m2 1923784 -0.000597679697 0.200000003 p1 20113 8
4107 13747176 m2 3171033 -6.08585242e-06 0.200000003 p1 20129 8
684 13747201 m2 537002 -0.00289189699 0.200000003 p1 20129 8
5228 13751888 m2 4016686 -0.000223396593 0.200000003 p1 20137 8
5635 13752283 m2 4319528 -1.10179087e-06 0.200000003 p1 20138 8
5852 13753303 m2 4490462 -1.01143005e-05 0.200000003 p1 20139 8
2428 13771667 m2 1873867 -6.27661439e-06 0.200000003 p1 20170 8
3321 13776917 m2 2535591 -0.000332657306 0.200000003 p1 20179 8
3469 13778918 m2 2649143 -0.00141244964 0.200000003 p1 20182 8
2298 13794010 m2 1775056 -8.29846977e-05 0.200000003 p1 20206 8
1788 13795916 m2 1412139 -1.45299097e-07 0.200000003 p1 20209 8
3457 13796603 m2 2644257 -1.02703223e-06 0.200000003 p1 20211 8
6048 13805869 m2 4638490 -1.72450015e-07 0.200000003 p1 20225 8
1292 13806692 m2 1029025 -2.60603042e-06 0.200000003 p1 20227 8
551 13811578 m2 435402 -0.000411762623 0.200000003 p1 20235 8
183 13822890 m2 137613 -0.000477557885 0.200000003 p1 20253 8
4040 13826182 m2 3120819 -0.00023742333 0.200000003 p1 20258 8
6024 13851925 m2 4617468 -1.78389346e-05 0.200000003 p1 20301 8
2069 13853815 m2 1613485 -0.00106507144 0.200000003 p1 20304 8
2563 13875639 m2 1970574 -0.00014497849 0.200000003 p1 20340 8
3312 13892351 m2 2529516 -0.000546727213 0.200000003 p1 20367 8
2539 13897157 m2 1954555 -0.000245920819 0.200000003 p1 20375 8
2900 13902195 m2 2224721 -0.000387200213 0.200000003 p1 20384 8
3530 13907920 m2 2693817 -1.14611648e-05 0.200000003 p1 20393 8
3612 13919997 m2 2761385 -9.03030013e-05 0.200000003 p1 20413 8
559 13925899 m2 442210 -0.000156860304 0.200000003 p1 20422 8
4662 13936672 m2 3564303 -4.79103801e-06 0.200000003 p1 20440 8
2804 13950828 m3 2149930 0.00157028052 0.5 p1 20463 8
3051 13951296 m2 2336372 -1.13312099e-05 0.200000003 p1 20464 8
2170 13956674 m2 1684808 -0.00037821228 0.200000003 p1 20473 8
5573 13959676 m2 4281151 -1.96025576e-06 0.200000003 p1 20478 8
2879 13980923 m2 2206696 -6.72387478e-06 0.200000003 p1 20513 8
1416 13988945 m3 1136047 0.00130291644 0.5 p1 20526 8
2503 13989149 m2 1928316 -3.33465578e-05 0.200000003 p1 20526 8
5992 13994414 m2 4588473 -0.000743677374 0.200000003 p1 20535 8
6037 13998507 m2 4626320 -0.0014548935 0.200000003 p1 20542 8
4676 14034773 m2 3575668 -8.16929423e-06 0.200000003 p1 20602 8
1405 14039771 m2 1128517 -7.06808123e-08 0.200000003 p1 20610 8
2128 14054510 m2 1652761 -0.000548932643 0.200000003 p1 20634 8
1114 14066089 m2 886157 -4.76003947e-09 0.200000003 p1 20653 8
1478 14079498 m2 1178507 -0.000500742754 0.200000003 p1 20675 8
255 14079585 m2 193320 -9.92377973e-05 0.200000003 p1 20675 8
6204 14087492 m3 4757179 0.00209176331 0.5 p1 20688 8
3736 14109426 m2 2866199 -6.45319815e-05 0.200000003 p1 20725 8
5704 14112260 m2 4380433 -2.18969089e-05 0.200000003 p1 20730 8
952 14120022 m2 761353 -2.58203781e-05 0.200000003 p1 20742 8
6505 14155990 m2 4979678 -0.000934235461 0.200000003 p1 20802 8
6330 14177297 m2 4852695 -8.61084786e-08 0.200000003 p1 20838 8
2315 14181965 m2 1786115 -2.34300169e-05 0.200000003 p1 20846 8
330 14182784 m2 255504 -0.00105546007 0.200000003 p1 20847 8
1060 14191113 m2 840219 -5.12093811e-06 0.200000003 p1 20861 8
4717 14198172 m2 3617747 -1.78243675e-09 0.200000003 p1 20872 8
6051 14214192 m2 4641965 -0.00016708154 0.200000003 p1 20899 8
176 14230061 m2 134136 -2.52223042e-09 0.200000003 p1 20926 8
3732 14233624 m2 2864174 -7.28624983e-08 0.200000003 p1 20932 8
4643 14236214 m2 3546890 -0.000464837794 0.200000003 p1 20936 8
5225 14236663 m2 4014641 -3.82878085e-09 0.200000003 p1 20937 8
1623 14251775 m2 1290408 -5.55073093e-05 0.200000003 p1 20962 8
5137 14267664 m2 3943345 -1.12961784e-09 0.200000003 p1 20989 8
451 14274289 m2 350380 -5.50018922e-06 0.200000003 p1 21000 8
1806 14274402 m2 1423905 -2.02394017e-06 0.200000003 p1 21001 8
3944 14284969 m2 3037011 -0.00206374913 0.200000003 p1 21018 8
4705 14291972 m2 3601616 -0.00108704076 0.200000003 p1 21030 8
1756 14303770 m2 1390734 -0.00062934676 0.200000003 p1 21049 8
6066 14305184 m2 4657760 -0.000650594244 0.200000003 p1 21052 8
4163 14323939 m2 3204581 -0.000517364184 0.200000003 p1 21083 8
5639 14327210 m2 4320628 -2.44634211e-05 0.200000003 p1 21089 8
5446 14334231 m2 4179083 -6.74917392e-05 0.200000003 p1 21100 8
928 14345835 m2 741322 -0.00147352216 0.200000003 p1 21119 8
5958 14348475 m2 4566319 -2.48679993e-10 0.200000003 p1 21123 8
5368 14349111 m2 4125554 -0.000373336225 0.200000003 p1 21124 8
6163 14354606 m2 4731229 -1.91385516e-05 0.200000003 p1 21133 8
4949 14361426 m3 3806071 0.000696847041 0.5 p1 21144 8
2309 14368696 m2 1780332 -1.89984912e-05 0.200000003 p1 21156 8
4189 14374612 m2 3219075 -4.3470387e-05 0.200000003 p1 21166 8
2545 14384709 m2 1958166 -2.05424953e-06 0.200000003 p1 21182 8
3934 14394325 m2 3028544 -0.000423797115 0.200000003 p1 21198 8
5349 14412675 m2 4111245 -4.32728812e-05 0.200000003 p1 21229 8
4772 14413098 m2 3659287 -0.000108361477 0.200000003 p1 21229 8
3054 14415315 m2 2341658 -9.723939e-06 0.200000003 p1 21233 8
2782 14417878 m2 2133180 -8.49137286e-05 0.200000003 p1 21237 8
3550 14432474 m2 2711657 -0.000281404762 0.200000003 p1 21261 8
575 14433432 m2 453540 -3.78098576e-07 0.200000003 p1 21263 8
4449 14447203 m2 3397063 -6.21922209e-06 0.200000003 p1 21286 8
3026 14460235 m2 2315764 -2.51113647e-06 0.200000003 p1 21308 8
6473 14465570 m2 4965097 -1.73055269e-05 0.200000003 p1 21316 8
2603 14466349 m2 2000131 -0.000271884783 0.200000003 p1 21318 8
1565 14480969 m2 1249514 -0.000110208122 0.200000003 p1 21341 8
4046 14498837 m2 3122367 -1.14922231e-10 0.200000003 p1 21371 8
4143 14505247 m2 3192704 -1.85076024e-05 0.200000003 p1 21382 8
4972 14511259 m2 3819611 -9.9652641e-07 0.200000003 p1 21392 8
2519 14511260 m2 1936630 -0.000438516232 0.200000003 p1 21392 8
1554 14518139 m2 1239123 -0.000511595805 0.200000003 p1 21404 8
3074 14524822 m2 2352068 -1.32391006e-05 0.200000003 p1 21415 8
956 14528322 m3 764569 0.00209836289 0.5 p1 21421 8
3870 14528651 m2 2980402 -1.75413788e-06 0.200000003 p1 21422 8
4198 14539986 m2 3226984 -6.79858383e-12 0.200000003 p1 21441 8
894 14547444 m3 714480 0.000650946575 0.5 p1 21453 8
3192 14554842 m2 2439999 -3.33617791e-08 0.200000003 p1 21466 8
149 14559058 m2 111103 -0.000542563677 0.200000003 p1 21473 8
6404 14563644 m2 4921843 -0.000689264387 0.200000003 p1 21481 8
2633 14576893 m2 2020587 -0.000173775014 0.200000003 p1 21503 8
5966 14589310 m2 4572090 -0.00162679097 0.200000003 p1 21524 8
2949 14597685 m2 2255963 -0.00104886491 0.200000003 p1 21537 8
4206 14600233 m3 3230744 0.000546260853 0.5 p1 21542 8
5478 14603336 m2 4199888 -0.000278712192 0.200000003 p1 21547 8
5101 14607184 m2 3916535 -3.00199081e-05 0.200000003 p1 21553 8
1516 14634218 m2 1209910 -0.000746813894 0.200000003 p1 21598 8
5454 14652838 m2 4185744 -5.70022057e-05 0.200000003 p1 21630 8
2761 14676062 m2 2118155 -7.28746818e-05 0.200000003 p1 21669 8
1530 14677261 m3 1219738 0.00041176143 0.5 p1 21671 8
1140 14680422 m2 908165 -9.01891205e-14 0.200000003 p1 21676 8
4000 14682026 m2 3088209 -3.67052971e-10 0.200000003 p1 21679 8
3906 14683582 m2 3011417 -0.000295542442 0.200000003 p1 21682 8
3722 14683631 m2 2855738 -0.00359070348 0.200000003 p1 21682 8
1445 14692433 m2 1155207 -0.000102125239 0.200000003 p1 21697 8
6459 14707442 m2 4954663 -0.000153456916 0.200000003 p1 21722 8
5806 14716231 m2 4461932 -0.000745951023 0.200000003 p1 21737 8
876 14737121 m2 697855 -0.0045285034 0.200000003 p1 21771 8
5467 14740868 m2 4193729 -2.33281412e-07 0.200000003 p1 21778 8
2096 14741714 m2 1630966 -1.75450041e-05 0.200000003 p1 21779 8
294 14743313 m2 225997 -1.09099904e-06 0.200000003 p1 21782 8
2126 14771415 m2 1651576 -0.000185588564 0.200000003 p1 21830 8
1683 14775665 m2 1333248 -0.000442908407 0.200000003 p1 21837 8
2700 14783495 m3 2066546 0.00072668714 0.5 p1 21850 8
1578 14794111 m2 1257736 -1.6326283e-05 0.200000003 p1 21867 8
2051 14798179 m2 1602440 -7.6821525e-05 0.200000003 p1 21874 8
2397 14824767 m2 1850060 -5.50492496e-06 0.200000003 p1 21918 8
1190 14837846 m2 950395 -1.40960901e-05 0.200000003 p1 21939 8
1616 14866503 m2 1281218 -6.86544085e-11 0.200000003 p1 21987 8
2234 14869685 m2 1726629 -0.000821302237 0.200000003 p1 21993 8
1625 14881895 m3 1292980 0.00221577031 0.5 p1 22013 8
365 14889535 m2 276534 -1.50311507e-05 0.200000003 p1 22026 8
5818 14890148 m2 4468227 -7.22546787e-08 0.200000003 p1 22027 8
1626 14899337 m2 1293097 -2.35579887e-06 0.200000003 p1 22043 8
4541 14920919 m2 3466311 -8.86110652e-09 0.200000003 p1 22078 8
2867 14924702 m2 2197711 -2.58580599e-06 0.200000003 p1 22085 8
1444 14930020 m2 1154797 -0.00185324752 0.200000003 p1 22093 8
1145 14942360 m2 912070 -2.87812709e-05 0.200000003 p1 22114 8
3727 14956638 m3 2860635 0.000805428834 0.5 p1 22137 8
4713 14960371 m2 3612967 -6.70211421e-06 0.200000003 p1 22144 8
1617 14966827 m2 1283477 -2.58173577e-06 0.200000003 p1 22155 8
5302 14975865 m2 4076448 -0.000225820753 0.200000003 p1 22170 8
827 14977099 m2 662192 -0.00459331973 0.200000003 p1 22172 8
1227 14981943 m2 980814 -8.31346281e-09 0.200000003 p1 22180 8
1934 14987397 m2 1520242 -9.96822564e-07 0.200000003 p1 22189 8
1711 14996392 m2 1353822 -1.21595345e-10 0.200000003 p1 22205 8
5593 14997176 m2 4291013 -0.00137441419 0.200000003 p1 22206 8
5789 14999227 m2 4446692 -0.000652992516 0.200000003 p1 22210 8
1290 15000351 m2 1028531 -1.09361906e-06 0.200000003 p1 22212 8
5974 15001011 m3 4580117 0.000706032792 0.5 p1 22213 8
4477 15001228 m2 3419083 -5.93462701e-08 0.200000003 p1 22213 8
529 15002268 m3 411310 0.00557881873 0.5 p1 22215 8
2270 15013989 m2 1753071 -6.36772802e-06 0.200000003 p1 22234 8
6520 15016867 m2 4988426 -2.36289288e-05 0.200000003 p1 22239 8
101 15018177 m2 73288 -2.25904787e-05 0.200000003 p1 22242 8
6122 15020461 m2 4698186 -0.000530743273 0.200000003 p1 22245 8
6172 15020698 m2 4737540 -4.14274145e-05 0.200000003 p1 22246 8
1148 15022208 m2 913533 -0.000242541719 0.200000003 p1 22248 8
3285 15033888 m2 2507957 -4.7121016e-06 0.200000003 p1 22268 8
1968 15037436 m2 1539795 -4.02319728e-07 0.200000003 p1 22273 8
5872 15038128 m2 4502705 -1.75916248e-05 0.200000003 p1 22275 8
636 15046824 m2 504875 -1.9995241e-06 0.200000003 p1 22289 8
4032 15049792 m2 3117329 -0.00171938434 0.200000003 p1 22294 8
4380 15058590 m2 3353022 -3.99377001e-07 0.200000003 p1 22309 8
4294 15059382 m3 3297882 0.00303917611 0.5 p1 22310 8
2881 15060420 m2 2208382 -1.44921444e-06 0.200000003 p1 22312 8
3523 15061388 m2 2684457 -0.000169078383 0.200000003 p1 22313 8
1449 15064480 m2 1159603 -9.1021482e-11 0.200000003 p1 22319 8
2734 15076957 m2 2101290 -2.95407358e-06 0.200000003 p1 22340 8
5392 15080296 m2 4142717 -0.000257987005 0.200000003 p1 22345 8
2053 15082151 m2 1602798 -0.00023296685 0.200000003 p1 22348 8
857 15096377 m2 683529 -1.21831999e-06 0.200000003 p1 22372 8
826 15096557 m3 662117 0.00336829806 0.5 p1 22373 8
148 15109459 m2 110537 -0.00113241607 0.200000003 p1 22394 8
4174 15116055 m2 3208440 -2.28549397e-05 0.200000003 p1 22405 8
1593 15132009 m2 1265577 -2.46668442e-05 0.200000003 p1 22432 8
1714 15145954 m2 1358584 -0.000265185983 0.200000003 p1 22455 8
187 15157375 m2 141174 -6.60289516e-05 0.200000003 p1 22474 8
3063 15161846 m2 2346178 -4.51602027e-05 0.200000003 p1 22481 8
1153 15172834 m2 918977 -3.4720073e-05 0.200000003 p1 22500 8
2591 15190845 m2 1994317 -0.000682213053 0.200000003 p1 22530 8
1713 15190942 m2 1357957 -0.000241138361 0.200000003 p1 22530 8
4755 15195155 m2 3647701 -1.7819837e-05 0.200000003 p1 22538 8
5044 15205909 m2 3870161 -0.000308271119 0.200000003 p1 22556 8
2410 15210076 m2 1859596 -1.22084666e-05 0.200000003 p1 22563 8
5004 15211828 m2 3841898 -0.000280880631 0.200000003 p1 22566 8
5404 15217293 m2 4151856 -0.000283285044 0.200000003 p1 22575 8
6504 15223974 m2 4979188 -0.000291042379 0.200000003 p1 22586 8
3993 15229680 m2 3084576 -0.000248851284 0.200000003 p1 22596 8
574 15231743 m2 453006 -1.20525692e-06 0.200000003 p1 22600 8
1211 15233643 m2 968147 -2.62858248e-06 0.200000003 p1 22603 8
5881 15234576 m2 4509329 -0.00118583103 0.200000003 p1 22605 8
6357 15246553 m2 4878502 -6.51932132e-05 0.200000003 p1 22624 8
1251 15260622 m2 999517 -0.000688809669 0.200000003 p1 22648 8
849 15260777 m2 678321 -6.01411484e-05 0.200000003 p1 22648 8
4536 15267089 m2 3461284 -0.000556641375 0.200000003 p1 22659 8
5210 15274107 m2 4001098 -0.000297738297 0.200000003 p1 22671 8
750 15276309 m2 588684 -1.76333517e-10 0.200000003 p1 22675 8
332 15278527 m2 255717 -0.000162332726 0.200000003 p1 22678 8
4497 15278821 m2 3430697 -2.45777942e-12 0.200000003 p1 22679 8
5424 15281146 m2 4165663 -0.000703516533 0.200000003 p1 22683 8
75 15296970 m2 60612 -1.35218755e-07 0.200000003 p1 22710 8
2086 15298766 m2 1624805 -0.000105807543 0.200000003 p1 22713 8
2522 15321942 m2 1939341 -0.000135983457 0.200000003 p1 22753 8
2104 15323783 m2 1637904 -3.37209212e-06 0.200000003 p1 22756 8
1838 15327484 m2 1446714 -1.35233086e-05 0.200000003 p1 22762 8
2414 15341470 m2 1865719 -2.44995148e-12 0.200000003 p1 22786 8
2697 15357287 m2 2063662 -7.04084187e-06 0.200000003 p1 22813 8
1799 15362252 m2 1419420 -0.000478890899 0.200000003 p1 22822 8
1387 15389516 m2 1111461 -0.000392058399 0.200000003 p1 22869 8
74 15393718 m2 60541 -0.00011534935 0.200000003 p1 22876 8
725 15406376 m2 568223 -0.000863955531 0.200000003 p1 22897 8
5902 15407262 m2 4525133 -1.17491618e-06 0.200000003 p1 22899 8
3860 15407566 m2 2968740 -0.00200562575 0.200000003 p1 22899 8
1928 15410855 m2 1516664 -0.00108146272 0.200000003 p1 22905 8
1350 15411127 m2 1080408 -0.000152952591 0.200000003 p1 22905 8
3175 15421308 m2 2427604 -3.29236549e-08 0.200000003 p1 22922 8
621 15428577 m2 489057 -0.00192516833 0.200000003 p1 22935 8
632 15443831 m2 503903 -0.00149256142 0.200000003 p1 22961 8
2681 15484834 m2 2058843 -9.04935405e-07 0.200000003 p1 23030 8
1085 15487649 m2 858223 -1.21308446e-07 0.200000003 p1 23035 8
3183 15501512 m2 2431703 -6.01056709e-05 0.200000003 p1 23059 8
4595 15504830 m2 3508649 -5.08916038e-08 0.200000003 p1 23064 8
3289 15507958 m2 2511929 -3.11392141e-05 0.200000003 p1 23069 8
5911 15511989 m2 4533495 -0.00135555724 0.200000003 p1 23076 8
2511 15518932 m2 1931636 -3.36099356e-06 0.200000003 p1 23088 8
328 15519729 m2 254070 -5.22754499e-06 0.200000003 p1 23089 8
4996 15526094 m2 3839766 -3.84613344e-07 0.200000003 p1 23100 8
6332 15529618 m2 4854291 -8.02467039e-05 0.200000003 p1 23106 8
3300 15551980 m2 2519769 -0.000220285467 0.200000003 p1 23144 8
2518 15553873 m2 1936166 -1.02375338e-06 0.200000003 p1 23147 8
4293 15554141 m2 3297797 -0.00136569585 0.200000003 p1 23148 8
1759 15569901 m2 1393340 -0.000349834125 0.200000003 p1 23174 8
1857 15574760 m2 1460396 -0.000547796488 0.200000003 p1 23182 8
6113 15577090 m2 4691247 -0.00159731088 0.200000003 p1 23186 8
4783 15585402 m2 3668345 -2.65160052e-05 0.200000003 p1 23200 8
3106 15595998 m2 2371710 -0.00113138754 0.200000003 p1 23219 8
4743 15597950 m3 3638162 0.000471870939 0.5 p1 23222 8
4028 15598305 m2 3112241 -0.000838325534 0.200000003 p1 23222 8
5952 15598741 m2 4563395 -0.00015347125 0.200000003 p1 23223 8
3061 15611892 m2 2345552 -5.29803619e-05 0.200000003 p1 23245 8
192 15646609 m2 144791 -8.44136011e-05 0.200000003 p1 23304 8
6253 15650777 m2 4801508 -3.98463362e-06 0.200000003 p1 23311 8
47 15662130 m2 40724 -2.40406052e-06 0.200000003 p1 23330 8
48 15666692 m2 41190 -0.00207992108 0.200000003 p1 23337 8
512 15668096 m2 393082 -7.69050075e-06 0.200000003 p1 23339 8
3552 15682297 m2 2712943 -7.95971719e-05 0.200000003 p1 23364 8
1938 15689011 m2 1523350 -9.22879372e-06 0.200000003 p1 23375 8
5774 15700508 m2 4438646 -2.11950305e-06 0.200000003 p1 23394 8
6039 15708070 m2 4628770 -0.000165982958 0.200000003 p1 23407 8
6042 15732830 m2 4629903 -0.00130787515 0.200000003 p1 23448 8
4168 15739927 m2 3205747 -0.000105282968 0.200000003 p1 23460 8
4110 15753214 m2 3172397 -5.64735165e-05 0.200000003 p1 23483 8
2313 15764558 m3 1785701 0.000892659125 0.5 p1 23501 8
5654 15773110 m2 4336835 -0.000679808436 0.200000003 p1 23516 8
4600 15781354 m3 3514074 0.000212634375 0.5 p1 23529 8
3199 15783928 m2 2446659 -4.14516171e-06 0.200000003 p1 23533 8
908 15792221 m2 724596 -3.77173892e-05 0.200000003 p1 23548 8
3264 15805653 m2 2492538 -0.000485589786 0.200000003 p1 23570 8
5615 15840051 m2 4306698 -0.000465590478 0.200000003 p1 23628 8
5899 15840580 m2 4523824 -5.22938899e-05 0.200000003 p1 23629 8
3981 15873426 m2 3072495 -1.91132784e-07 0.200000003 p1 23683 8
3019 15875889 m2 2309340 -3.00390675e-05 0.200000003 p1 23687 8
1587 15905233 m2 1261868 -0.000702255697 0.200000003 p1 23737 8
1298 15908914 m2 1033228 -0.00217507384 0.200000003 p1 23743 8
3750 15935819 m2 2882646 -3.32555601e-08 0.200000003 p1 23790 8
5425 15954439 m2 4166467 -0.0018892748 0.200000003 p1 23822 8
3568 15965332 m2 2727185 -0.000121088626 0.200000003 p1 23841 8
1612 15968633 m2 1277939 -3.57841709e-05 0.200000003 p1 23847 8
3678 15982845 m3 2820427 0.00175317517 0.5 p1 23871 8
4276 15988948 m2 3286648 -7.15558781e-05 0.200000003 p1 23881 8
5271 15992809 m2 4050858 -1.4616846e-07 0.200000003 p1 23888 8
3444 15994240 m2 2625979 -4.67809471e-08 0.200000003 p1 23890 8
2601 15999011 m2 1999219 -0.000151578468 0.200000003 p1 23898 8
3861 16003897 m2 2969121 -5.96553582e-05 0.200000003 p1 23907 8
532 16018653 m2 415512 -8.53769307e-05 0.200000003 p1 23932 8
4088 16022761 m2 3160403 -3.20994695e-06 0.200000003 p1 23939 8
3649 16033148 m3 2792227 0.000595293881 0.5 p1 23957 8
3682 16038712 m2 2822836 -0.000410203764 0.200000003 p1 23966 8
3031 16043651 m2 2318620 -6.20781293e-07 0.200000003 p1 23974 8
2643 16044499 m2 2029233 -0.00010937429 0.200000003 p1 23976 8
3947 16052455 m2 3038642 -0.000185216704 0.200000003 p1 23989 8
1738 16082202 m2 1383341 -0.000417359115 0.200000003 p1 24041 8
1488 16088444 m2 1189504 -9.82389068e-08 0.200000003 p1 24051 8
6476 16092380 m2 4966137 -2.69154386e-11 0.200000003 p1 24058 8
5350 16093535 m2 4111361 -0.000391247537 0.200000003 p1 24060 8
6527 16099931 m2 4991439 -4.05626815e-05 0.200000003 p1 24071 8
478 16101141 m2 371624 -0.000354426651 0.200000003 p1 24073 8
5022 16106853 m2 3853525 -5.36444277e-05 0.200000003 p1 24083 8
832 16117188 m2 667379 -4.11687381e-07 0.200000003 p1 24101 8
3400 16128340 m2 2587668 -6.91436726e-05 0.200000003 p1 24120 8
546 16133846 m2 427276 -0.000220851376 0.200000003 p1 24130 8
3753 16137975 m2 2883608 -1.558063e-15 0.200000003 p1 24137 8
679 16188415 m2 532051 -1.81760768e-07 0.200000003 p1 24223 8
2875 16191313 m2 2204942 -2.06104937e-06 0.200000003 p1 24228 8
3626 16194449 m2 2776341 -8.63246023e-05 0.200000003 p1 24234 8
3509 16211502 m2 2676529 -0.00191006705 0.200000003 p1 24262 8
372 16228108 m2 285005 -5.78654581e-05 0.200000003 p1 24291 8
6373 16235220 m2 4890979 -0.000385185151 0.200000003 p1 24303 8
2839 16237993 m2 2179532 -0.00110663311 0.200000003 p1 24307 8
4519 16244363 m2 3449975 -5.67848645e-07 0.200000003 p1 24318 8
4445 16245571 m2 3394048 -3.41443192e-05 0.200000003 p1 24320 8
4080 16253615 m2 3149592 -4.55430791e-06 0.200000003 p1 24334 8
583 16270220 m2 456109 -1.68860806e-05 0.200000003 p1 24361 8
5049 16280770 m2 3876795 -4.35198945e-06 0.200000003 p1 24379 8
5141 16280784 m2 3947969 -0.000131927445 0.200000003 p1 24379 8
1615 16282752 m2 1280915 -1.57678296e-05 0.200000003 p1 24382 8
4608 16287534 m2 3519149 -5.89584943e-06 0.200000003 p1 24391 8
5053 16292511 m2 3879797 -0.00108596007 0.200000003 p1 24399 8
2477 16304532 m3 1909257 0.00224911887 0.5 p1 24419 8
2075 16320549 m2 1617931 -6.74413895e-05 0.200000003 p1 24446 8
4036 16324483 m2 3118786 -0.000286669208 0.200000003 p1 24453 8
2333 16324683 m2 1798238 -4.21059303e-06 0.200000003 p1 24453 8
2416 16331053 m2 1866202 -2.39544673e-09 0.200000003 p1 24464 8
5963 16336901 m2 4568773 -0.000286688533 0.200000003 p1 24474 8
3940 16342087 m2 3033260 -0.000149100961 0.200000003 p1 24482 8
3811 16346101 m2 2925974 -0.000168019629 0.200000003 p1 24489 8
5684 16348659 m2 4361214 -1.59821281e-10 0.200000003 p1 24493 8
3725 16362519 m2 2859712 -0.000178009839 0.200000003 p1 24517 8
822 16362660 m2 658939 -7.74041879e-08 0.200000003 p1 24517 8
1261 16363385 m2 1005164 -1.66375699e-07 0.200000003 p1 24518 8
6499 16364881 m2 4977797 -2.45509028e-07 0.200000003 p1 24521 8
1882 16365077 m2 1480065 -5.40016799e-07 0.200000003 p1 24521 8
3950 16371415 m2 3041457 -5.36330626e-05 0.200000003 p1 24532 8
1877 16374074 m3 1477601 0.00193601171 0.5 p1 24537 8
1630 16382522 m2 1295071 -5.39572065e-05 0.200000003 p1 24551 8
1077 16383845 m2 852182 -0.000222268616 0.200000003 p1 24553 8
296 16396080 m2 228616 -1.06476179e-07 0.200000003 p1 24574 8
2267 16403909 m2 1750095 -0.000321180152 0.200000003 p1 24587 8
5582 16419118 m2 4285424 -0.00110506301 0.200000003 p1 24613 8
1189 16425974 m2 948342 -0.000294672995 0.200000003 p1 24624 8
1206 16426099 m2 962646 -6.67690838e-05 0.200000003 p1 24624 8
4176 16428601 m2 3210557 -0.00181658182 0.200000003 p1 24628 8
3515 16429482 m2 2680894 -1.45957975e-08 0.200000003 p1 24630 8
5383 16440679 m3 4134865 0.00171261944 0.5 p1 24649 8
944 16442682 m2 756717 -9.96134091e-08 0.200000003 p1 24653 8
4039 16461804 m2 3120299 -0.000598783896 0.200000003 p1 24686 8
4071 16471339 m2 3139984 -4.09881613e-06 0.200000003 p1 24702 8
6529 16481511 m2 4992431 -0.000134788148 0.200000003 p1 24720 8
2618 16489220 m2 2009950 -0.000153186556 0.200000003 p1 24733 8
6448 16490248 m3 4945485 0.00329229468 0.5 p1 24734 8
2073 16491569 m2 1616847 -2.96272392e-05 0.200000003 p1 24737 8
1566 16515774 m2 1249540 -2.84284957e-10 0.200000003 p1 24779 8
2249 16535288 m2 1736271 -4.5637109e-05 0.200000003 p1 24812 8
1531 16538957 m2 1222260 -5.17944088e-09 0.200000003 p1 24819 8
4928 16542490 m3 3788906 0.000748605526 0.5 p1 24825 8
4418 16546946 m2 3374209 -7.3578035e-06 0.200000003 p1 24833 8
2622 16563364 m2 2012315 -0.00132644328 0.200000003 p1 24861 8
4979 16564464 m3 3824343 0.000882916444 0.5 p1 24863 8
1859 16567840 m2 1463211 -0.000310078787 0.200000003 p1 24869 8
3972 16569710 m2 3062116 -0.000277774787 0.200000003 p1 24872 8
2447 16574420 m3 1890291 0.0052591213 0.5 p1 24880 8
182 16575313 m2 137224 -1.61778717e-05 0.200000003 p1 24882 8
2131 16579017 m2 1655428 -2.84482091e-08 0.200000003 p1 24888 8
5398 16604155 m2 4147110 -0.000330167997 0.200000003 p1 24932 8
5150 16604640 m2 3961043 -1.62159322e-05 0.200000003 p1 24932 8
4079 16605102 m2 3149146 -1.53431083e-05 0.200000003 p1 24933 8
3335 16607963 m2 2543192 -4.19775315e-05 0.200000003 p1 24938 8
5113 16613695 m2 3926477 -8.43162695e-08 0.200000003 p1 24948 8
6384 16620136 m2 4901544 -4.6246833e-09 0.200000003 p1 24959 8
942 16621713 m2 756143 -0.00048929383 0.200000003 p1 24962 8
4654 16632494 m2 3554417 -0.00290976884 0.200000003 p1 24980 8
4567 16635084 m2 3488082 -0.000138449046 0.200000003 p1 24985 8
830 16638061 m2 665579 -6.66495325e-05 0.200000003 p1 24990 8
564 16644278 m2 445855 -6.99309854e-09 0.200000003 p1 25001 8
1273 16662294 m2 1015866 -4.31247438e-09 0.200000003 p1 25032 8
6446 16677475 m2 4944545 -1.1981534e-05 0.200000003 p1 25058 8
2590 16690387 m2 1993643 -8.78853825e-06 0.200000003 p1 25080 8
5698 16690988 m2 4376020 -6.330567e-08 0.200000003 p1 25081 8
4349 16696717 m2 3333149 -6.23185947e-10 0.200000003 p1 25091 8
3172 16697947 m2 2423515 -1.78019072e-05 0.200000003 p1 25093 8
1702 16699920 m2 1348694 -9.74481809e-05 0.200000003 p1 25097 8
3079 16719964 m3 2353799 0.000539107074 0.5 p1 25131 8
5941 16721848 m2 4555033 -1.12825601e-05 0.200000003 p1 25134 8
4688 16722052 m2 3586373 -7.01208046e-06 0.200000003 p1 25135 8
3327 16732968 m2 2539414 -2.40330655e-06 0.200000003 p1 25153 8
3902 16755142 m2 3007490 -0.000310269155 0.200000003 p1 25192 8
2404 16764090 m2 1853730 -0.000713506131 0.200000003 p1 25207 8
1792 16768605 m2 1414118 -0.000237886736 0.200000003 p1 25215 8
5051 16807628 m2 3879020 -0.00011287794 0.200000003 p1 25282 8
1513 16814396 m2 1207135 -9.54693675e-08 0.200000003 p1 25293 8
3463 16832708 m2 2645515 -1.31176492e-08 0.200000003 p1 25325 8
3623 16833163 m2 2775249 -1.04275969e-05 0.200000003 p1 25326 8
991 16843207 m2 790189 -8.23041461e-12 0.200000003 p1 25343 8
2372 16858232 m2 1824135 -3.91842059e-06 0.200000003 p1 25369 8
5079 16859435 m2 3899616 -4.00949539e-05 0.200000003 p1 25371 8
6131 16874828 m3 4704501 0.00436822139 0.5 p1 25397 8
3522 16885717 m2 2684426 -5.81301447e-06 0.200000003 p1 25416 8
5191 16891237 m2 3989212 -1.91545896e-05 0.200000003 p1 25426 8
385 16893711 m2 292101 -0.00040590475 0.200000003 p1 25430 8
5664 16911115 m3 4345487 0.000187347032 0.5 p1 25460 8
3148 16914886 m2 2401521 -1.7822329e-05 0.200000003 p1 25467 8
2229 16918333 m2 1723302 -2.20506899e-06 0.200000003 p1 25473 8
3171 16932313 m2 2422973 -7.53094537e-06 0.200000003 p1 25497 8
312 16937227 m2 239755 -0.0007022114 0.200000003 p1 25505 8
4297 16937339 m2 3300446 -1.36144456e-06 0.200000003 p1 25505 8
3188 16939041 m2 2435393 -0.000655906042 0.200000003 p1 25509 8
2183 16940398 m2 1697209 -0.000149809668 0.200000003 p1 25511 8
4518 16981479 m2 3446319 -1.86255675e-05 0.200000003 p1 25582 8
2422 16987592 m3 1869160 0.000985485036 0.5 p1 25592 8
2357 16987982 m2 1815453 -7.3006986e-06 0.200000003 p1 25593 8
2690 16994326 m2 2061820 -0.00054482714 0.200000003 p1 25604 8
2192 17020001 m2 1701426 -0.00056088675 0.200000003 p1 25648 8
2916 17030039 m2 2234712 -0.000142164557 0.200000003 p1 25665 8
5927 17040032 m2 4545625 -0.000304000219 0.200000003 p1 25682 8
4526 17047720 m2 3454179 -0.00229723309 0.200000003 p1 25695 8
3076 17051436 m2 2352794 -9.53635754e-05 0.200000003 p1 25701 8
4052 17053909 m2 3124420 -7.60856178e-09 0.200000003 p1 25706 8
6119 17055095 m2 4695002 -1.25130867e-07 0.200000003 p1 25708 8
2938 17061387 m2 2249526 -3.25540753e-07 0.200000003 p1 25719 8
5309 17061833 m2 4081503 -2.1543201e-05 0.200000003 p1 25720 8
4665 17068635 m2 3566077 -4.61902673e-05 0.200000003 p1 25731 8
5959 17071316 m2 4566753 -0.00033476713 0.200000003 p1 25736 8
273 17072978 m2 211045 -4.47867433e-06 0.200000003 p1 25739 8
5548 17073312 m2 4260910 -0.000176896807 0.200000003 p1 25739 8
2654 17088692 m2 2040549 -9.19079102e-05 0.200000003 p1 25766 8
3966 17097282 m2 3054353 -0.000861018139 0.200000003 p1 25781 8
6334 17097648 m2 4855163 -5.05520256e-05 0.200000003 p1 25782 8
1458 17100997 m2 1165683 -2.69988832e-05 0.200000003 p1 25788 8
5690 17114346 m2 4367548 -7.90850336e-08 0.200000003 p1 25811 8
3913 17131060 m2 3016735 -1.20243314e-07 0.200000003 p1 25841 8
4483 17131368 m2 3422258 -7.052535e-09 0.200000003 p1 25841 8
1820 17146057 m2 1436776 -8.40746579e-05 0.200000003 p1 25866 8
1510 17149087 m2 1205263 -0.000365815446 0.200000003 p1 25872 8
4879 17160895 m2 3749521 -1.64171912e-08 0.200000003 p1 25892 8
3232 17169102 m2 2465996 -0.000468095299 0.200000003 p1 25907 8
2446 17179746 m2 1889843 -0.00266547967 0.200000003 p1 25925 8
6393 17182201 m2 4909481 -1.56657848e-07 0.200000003 p1 25930 8
2928 17204414 m2 2242969 -8.97112986e-05 0.200000003 p1 25968 8
3935 17205249 m2 3029742 -0.000826416945 0.200000003 p1 25969 8
2494 17206331 m2 1923158 -1.46849425e-06 0.200000003 p1 25971 8
4464 17207075 m2 3407843 -0.000422830257 0.200000003 p1 25973 8
5795 17211945 m2 4452177 -4.55454767e-08 0.200000003 p1 25981 8
1717 17214191 m2 1362687 -0.000574260834 0.200000003 p1 25985 8
1986 17229131 m2 1556275 -0.000127094594 0.200000003 p1 26011 8
3100 17245398 m2 2369339 -1.17704985e-05 0.200000003 p1 26040 8
3117 17247852 m2 2378552 -3.01085274e-05 0.200000003 p1 26045 8
2178 17267144 m2 1692922 -2.53898933e-11 0.200000003 p1 26079 8
744 17267613 m2 584268 -0.000322444917 0.200000003 p1 26080 8
3838 17289166 m2 2951234 -3.24288339e-05 0.200000003 p1 26118 8
2585 17289616 m3 1991737 0.00181342091 0.5 p1 26118 8
2213 17294720 m2 1711515 -2.25489998e-06 0.200000003 p1 26127 8
4396 17295541 m2 3358774 -4.95119966e-05 0.200000003 p1 26129 8
4851 17303523 m2 3729510 -9.81806661e-05 0.200000003 p1 26142 8
2578 17312379 m2 1981513 -0.00225162879 0.200000003 p1 26158 8
4944 17315752 m2 3803794 -0.000133442678 0.200000003 p1 26164 8
3654 17320309 m2 2800232 -7.03968453e-07 0.200000003 p1 26172 8
611 17338444 m2 482692 -3.36967389e-07 0.200000003 p1 26204 8
4059 17346222 m2 3130386 -7.10198549e-07 0.200000003 p1 26217 8
4402 17349751 m2 3362013 -0.000451070315 0.200000003 p1 26223 8
271 17354511 m2 209437 -1.70667627e-05 0.200000003 p1 26231 8
2671 17355513 m2 2050687 -8.39358393e-07 0.200000003 p1 26233 8
4082 17360020 m2 3153872 -5.31013211e-05 0.200000003 p1 26241 8
4959 17382689 m2 3811414 -1.23067583e-08 0.200000003 p1 26280 8
4847 17384019 m2 3727006 -0.00108279951 0.200000003 p1 26283 8
3532 17393180 m2 2696761 -7.35561989e-05 0.200000003 p1 26298 8
3399 17398611 m2 2587546 -0.000845936651 0.200000003 p1 26307 8
2569 17405554 m2 1974619 -0.000435278256 0.200000003 p1 26319 8
2704 17406261 m2 2075835 -4.79307403e-07 0.200000003 p1 26320 8
2500 17430148 m2 1926214 -0.00160023232 0.200000003 p1 26361 8
4235 17444072 m2 3261142 -4.267657e-06 0.200000003 p1 26385 8
5428 17449160 m2 4167293 -0.000135162074 0.200000003 p1 26394 8
663 17460321 m2 519780 -0.000187970873 0.200000003 p1 26413 8
5931 17462726 m2 4547307 -0.000623254862 0.200000003 p1 26418 8
1277 17464464 m2 1018670 -3.93429147e-08 0.200000003 p1 26421 8
317 17470109 m2 241146 -1.28066017e-06 0.200000003 p1 26431 8
6186 17472253 m2 4746045 -0.000814568659 0.200000003 p1 26435 8
6383 17480200 m3 4900263 0.00187947997 0.5 p1 26449 8
43 17481797 m2 37252 -2.08873718e-08 0.200000003 p1 26452 8
1154 17482743 m2 919056 -4.57185124e-05 0.200000003 p1 26454 8
2766 17483598 m2 2125120 -7.1449574e-10 0.200000003 p1 26455 8
893 17487782 m2 714019 -3.2822993e-07 0.200000003 p1 26463 8
1591 17507006 m2 1264591 -5.72092404e-06 0.200000003 p1 26496 8
4357 17514692 m2 3336333 -2.90631386e-09 0.200000003 p1 26509 8
1866 17517269 m2 1469297 -1.00863076e-07 0.200000003 p1 26514 8
6438 17525717 m2 4940686 -0.00168625684 0.200000003 p1 26528 8
3261 17527072 m2 2489602 -0.000139685813 0.200000003 p1 26531 8
2657 17527506 m2 2042410 -0.00212612492 0.200000003 p1 26532 8
5627 17535296 m2 4312739 -0.000193272848 0.200000003 p1 26545 8
6298 17542848 m2 4837215 -0.000274232385 0.200000003 p1 26558 8
1352 17545184 m2 1080677 -7.26080543e-07 0.200000003 p1 26562 8
6054 17555653 m3 4644953 0.00327647943 0.5 p1 26580 8
1467 17571011 m2 1172319 -0.00119334995 0.200000003 p1 26608 8
1065 17574006 m2 843428 -6.83022881e-05 0.200000003 p1 26613 8
6326 17582372 m2 4849648 -0.000222473725 0.200000003 p1 26627 8
137 17584727 m2 103531 -0.000180033239 0.200000003 p1 26632 8
2029 17588525 m2 1589379 -8.20010155e-06 0.200000003 p1 26639 8
1184 17589612 m2 941599 -0.000408295542 0.200000003 p1 26641 8
5641 17590053 m2 4323061 -0.00012327687 0.200000003 p1 26641 8
4658 17596826 m2 3559024 -3.25698534e-06 0.200000003 p1 26654 8
1170 17601276 m3 926914 0.000267595897 0.5 p1 26662 8
4904 17608400 m2 3772914 -0.000733251916 0.200000003 p1 26674 8
3666 17610450 m3 2810409 0.00165318989 0.5 p1 26678 8
5514 17611779 m2 4231950 -4.70461564e-05 0.200000003 p1 26680 8
1656 17614055 m2 1317336 -6.38564979e-10 0.200000003 p1 26684 8
3752 17614747 m2 2883547 -2.34652043e-06 0.200000003 p1 26685 8
3695 17627615 m2 2835931 -8.90930096e-05 0.200000003 p1 26708 8
1920 17630405 m2 1506689 -0.00132637797 0.200000003 p1 26712 8
5861 17632427 m2 4496774 -1.13374108e-05 0.200000003 p1 26716 8
4411 17637458 m2 3367260 -2.42815368e-05 0.200000003 p1 26725 8
3141 17642447 m2 2399428 -0.000723628094 0.200000003 p1 26734 8
2988 17663077 m3 2282405 0.00575179514 0.5 p1 26770 8
4460 17673304 m2 3404204 -5.48802063e-07 0.200000003 p1 26788 8
4246 17692541 m2 3266270 -4.44350547e-08 0.200000003 p1 26822 8
5525 17717703 m2 4236673 -0.000177111084 0.200000003 p1 26867 8
2560 17717939 m3 1968734 0.00565272477 0.5 p1 26867 8
2103 17719395 m2 1637898 -0.000160495736 0.200000003 p1 26870 8
6303 17722054 m2 4839425 -2.66685329e-05 0.200000003 p1 26875 8
3101 17732797 m2 2369981 -1.83534587e-06 0.200000003 p1 26894 8
706 17733173 m2 553719 -3.88619519e-05 0.200000003 p1 26895 8
2768 17734348 m2 2127075 -0.00522530312 0.200000003 p1 26897 8
4740 17744503 m2 3637341 -3.98945631e-05 0.200000003 p1 26915 8
4911 17749721 m3 3775303 0.00114117411 0.5 p1 26924 8
4853 17758692 m2 3732845 -1.59862805e-06 0.200000003 p1 26940 8
254 17772894 m2 193234 -7.28265741e-06 0.200000003 p1 26965 8
1236 17773323 m2 986234 -2.79095023e-08 0.200000003 p1 26965 8
1728 17774646 m2 1375804 -3.05422191e-07 0.200000003 p1 26968 8
3897 17784848 m2 3004134 -4.12171545e-07 0.200000003 p1 26986 8
3658 17805826 m2 2802930 -0.000204571174 0.200000003 p1 27023 8
5490 17825987 m2 4210905 -0.000860669184 0.200000003 p1 27059 8
2241 17830568 m3 1730241 0.00068743364 0.5 p1 27067 8
2473 17831648 m2 1907329 -3.2249028e-07 0.200000003 p1 27069 8
3893 17837508 m3 3000252 0.00120649929 0.5 p1 27079 8
4393 17837991 m2 3357817 -0.000452799286 0.200000003 p1 27080 8
6391 17839225 m2 4908334 -1.28486548e-07 0.200000003 p1 27082 8
1024 17845356 m2 808193 -4.51561973e-05 0.200000003 p1 27093 8
3494 17851103 m2 2662004 -0.000119581826 0.200000003 p1 27103 8
6349 17869633 m2 4869415 -0.00100990338 0.200000003 p1 27136 8
1975 17872213 m2 1543924 -0.00433247909 0.200000003 p1 27141 8
213 17872543 m2 163849 -1.07366975e-06 0.200000003 p1 27141 8
4677 17878819 m2 3577926 -0.000148283696 0.200000003 p1 27152 8
5575 17883258 m2 4282272 -0.000421562028 0.200000003 p1 27160 8
5529 17886674 m2 4237404 -6.79974764e-05 0.200000003 p1 27166 8
1602 17891501 m2 1271197 -2.22675453e-06 0.200000003 p1 27175 8
577 17894481 m2 454162 -2.38506186e-06 0.200000003 p1 27180 8
6482 17907175 m2 4969179 -3.95942195e-08 0.200000003 p1 27202 8
4499 17929829 m2 3431313 -5.99669784e-06 0.200000003 p1 27242 8
4086 17943901 m2 3157310 -7.14713242e-05 0.200000003 p1 27268 8
2173 17947512 m2 1689251 -6.28676935e-06 0.200000003 p1 27274 8
1847 17962674 m2 1455070 -0.000696904259 0.200000003 p1 27301 8
4114 17971574 m2 3175724 -0.000103947408 0.200000003 p1 27316 8
6168 17983661 m2 4735145 -1.26168729e-07 0.200000003 p1 27338 8
1981 18001619 m2 1551690 -0.00110654789 0.200000003 p1 27369 8
1948 18007754 m2 1527416 -0.000932841853 0.200000003 p1 27380 8
4748 18008590 m2 3644060 -1.05565845e-09 0.200000003 p1 27381 8
483 18018691 m3 373729 0.00162394077 0.5 p1 27399 8
4898 18024532 m2 3769455 -1.27516581e-10 0.200000003 p1 27409 8
5363 18028912 m2 4118880 -1.45879285e-05 0.200000003 p1 27417 8
2106 18029906 m2 1639318 -0.00026127891 0.200000003 p1 27419 8
4092 18045461 m2 3162972 -0.00130350445 0.200000003 p1 27446 8
1245 18073004 m2 993031 -0.000298223458 0.200000003 p1 27495 8
6032 18074205 m2 4622203 -3.00983949e-08 0.200000003 p1 27498 8
999 18086954 m2 794586 -2.82921377e-07 0.200000003 p1 27520 8
167 18094873 m2 128615 -4.71533967e-05 0.200000003 p1 27534 8
2180 18105139 m2 1696001 -5.89486772e-05 0.200000003 p1 27552 8
3871 18106032 m2 2982573 -2.89754589e-05 0.200000003 p1 27554 8
1010 18106652 m2 801743 -9.63859065e-07 0.200000003 p1 27555 8
3223 18112060 m2 2460627 -2.05315632e-06 0.200000003 p1 27565 8
6282 18136040 m2 4822454 -0.000526212214 0.200000003 p1 27608 8
3531 18152209 m2 2696004 -0.000569354394 0.200000003 p1 27636 8
3249 18152521 m2 2480638 -0.000386150612 0.200000003 p1 27637 8
4892 18159456 m3 3765003 0.000110260247 0.5 p1 27649 8
4736 18160431 m2 3634518 -3.58112848e-05 0.200000003 p1 27650 8
5290 18171286 m2 4064397 -0.000432092842 0.200000003 p1 27669 8
569 18180058 m2 449420 -2.08072779e-05 0.200000003 p1 27685 8
3868 18195379 m2 2979184 -3.90665367e-09 0.200000003 p1 27713 8
2954 18198369 m2 2257628 -0.000420673896 0.200000003 p1 27718 8
476 18255690 m2 369474 -3.39679751e-09 0.200000003 p1 27819 8
598 18271742 m2 467160 -1.99928782e-05 0.200000003 p1 27848 8
1395 18275722 m2 1117019 -0.000327820919 0.200000003 p1 27855 8
6443 18277087 m2 4943400 -5.58723768e-05 0.200000003 p1 27857 8
2320 18294346 m2 1790011 -0.000867324416 0.200000003 p1 27887 8
5798 18309751 m3 4452728 0.00522716809 0.5 p1 27915 8
4141 18312690 m2 3192223 -8.6091517e-05 0.200000003 p1 27920 8
2983 18313401 m2 2280146 -0.000667224813 0.200000003 p1 27921 8
4085 18322515 m2 3156880 -2.70381261e-05 0.200000003 p1 27937 8
3749 18331716 m2 2882166 -5.87062459e-06 0.200000003 p1 27953 8
796 18337242 m2 633695 -0.00132751605 0.200000003 p1 27963 8
2206 18339113 m3 1709758 0.00204877928 0.5 p1 27966 8
3784 18348936 m3 2905128 0.00214216416 0.5 p1 27984 8
359 18348978 m2 274602 -0.000213841762 0.200000003 p1 27984 8
1362 18349707 m2 1088603 -0.00011494926 0.200000003 p1 27985 8
6351 18352856 m2 4870070 -2.38057851e-06 0.200000003 p1 27991 8
2829 18356223 m2 2171732 -0.000645440829 0.200000003 p1 27997 8
305 18366063 m2 237018 -1.57394277e-06 0.200000003 p1 28014 8
5865 18368199 m2 4498931 -0.000131885638 0.200000003 p1 28018 8
4325 18368470 m2 3317835 -0.000961586018 0.200000003 p1 28018 8
1376 18376176 m2 1099159 -0.000770568848 0.200000003 p1 28032 8
1448 18385254 m2 1159472 -0.000183731798 0.200000003 p1 28048 8
810 18389053 m2 644677 -0.000268882926 0.200000003 p1 28055 8
4552 18395195 m2 3475598 -0.00064419175 0.200000003 p1 28066 8
3179 18395239 m2 2429905 -0.000862410467 0.200000003 p1 28066 8
6238 18424600 m2 4789425 -3.37922216e-07 0.200000003 p1 28119 8
5813 18445622 m2 4465990 -0.000172473767 0.200000003 p1 28157 8
1230 18449554 m2 983810 -0.000510403712 0.200000003 p1 28164 8
135 18459901 m2 102991 -4.81728566e-05 0.200000003 p1 28182 8
2562 18462531 m2 1969264 -1.03909115e-05 0.200000003 p1 28187 8
4992 18467041 m2 3837348 -0.00115932804 0.200000003 p1 28195 8
563 18467499 m2 445479 -1.50008623e-06 0.200000003 p1 28196 8
3 18469599 m2 2066 -0.000242601265 0.200000003 p1 28200 8
1071 18473538 m2 849230 -1.52251978e-05 0.200000003 p1 28207 8
4867 18486259 m2 3740561 -0.00108076236 0.200000003 p1 28230 8
3322 18493987 m2 2536063 -7.31805339e-05 0.200000003 p1 28244 8
6528 18513935 m2 4991745 -4.20532453e-09 0.200000003 p1 28280 8
6192 18518796 m2 4749352 -0.000283934118 0.200000003 p1 28288 8
6227 18524665 m2 4777378 -0.000243856164 0.200000003 p1 28299 8
3081 18532511 m2 2354265 -9.99524218e-06 0.200000003 p1 28313 8
3592 18535185 m2 2745055 -0.000327182584 0.200000003 p1 28318 8
5434 18536345 m2 4170692 -4.97156498e-06 0.200000003 p1 28320 8
3431 18546374 m2 2612995 -1.19575134e-07 0.200000003 p1 28338 8
728 18560159 m2 569086 -4.84421944e-05 0.200000003 p1 28363 8
5183 18566460 m2 3986046 -1.04461906e-09 0.200000003 p1 28374 8
3134 18585072 m2 2393535 -0.00083217863 0.200000003 p1 28408 8
1742 18589472 m2 1384992 -1.83183226e-06 0.200000003 p1 28416 8
504 18593110 m2 385636 -4.89116064e-06 0.200000003 p1 28423 8
4055 18600781 m2 3127755 -3.82983671e-08 0.200000003 p1 28436 8
1447 18603891 m2 1158504 -6.01104716e-07 0.200000003 p1 28442 8
2854 18614472 m2 2185736 -0.000490361883 0.200000003 p1 28461 8
4963 18620648 m2 3814290 -5.72155568e-06 0.200000003 p1 28472 8
3593 18627300 m2 2745389 -1.80034795e-06 0.200000003 p1 28484 8
6097 18630612 m2 4681323 -1.79730232e-05 0.200000003 p1 28490 8
4316 18635024 m2 3312130 -7.34046698e-05 0.200000003 p1 28498 8
6315 18642624 m2 4845662 -0.00153687259 0.200000003 p1 28511 8
6494 18646673 m2 4975942 -1.43042132e-06 0.200000003 p1 28518 8
127 18648881 m2 97021 -2.12262657e-05 0.200000003 p1 28522 8
5111 18649202 m2 3925423 -0.00158459507 0.200000003 p1 28523 8
3989 18659942 m2 3083003 -0.00134627661 0.200000003 p1 28542 8
4854 18676992 m2 3733495 -6.93878537e-05 0.200000003 p1 28571 8
3739 18682245 m2 2870380 -0.00074308709 0.200000003 p1 28581 8
219 18684157 m2 169028 -5.67230316e-08 0.200000003 p1 28584 8
1932 18687823 m2 1519466 -1.52714474e-05 0.200000003 p1 28590 8
3962 18688173 m2 3051493 -0.000150482025 0.200000003 p1 28591 8
2712 18718284 m2 2082986 -5.93610348e-05 0.200000003 p1 28645 8
3392 18720542 m2 2582834 -9.42846782e-07 0.200000003 p1 28649 8
1584 18725551 m3 1260392 0.000173186854 0.5 p1 28658 8
4434 18739452 m2 3386883 -2.44743442e-05 0.200000003 p1 28683 8
815 18746839 m2 652461 -0.00141141482 0.200000003 p1 28696 8
519 18748397 m2 401489 -0.000878762163 0.200000003 p1 28699 8
3479 18753832 m2 2654888 -8.50785345e-11 0.200000003 p1 28709 8
4465 18753844 m2 3408080 -9.35901964e-12 0.200000003 p1 28709 8
3214 18764447 m2 2455694 -6.34188737e-08 0.200000003 p1 28728 8
1344 18771424 m2 1073267 -0.00152624003 0.200000003 p1 28740 8
2168 18775453 m2 1683370 -8.05460968e-06 0.200000003 p1 28748 8
4186 18784716 m2 3215969 -0.00127940148 0.200000003 p1 28764 8
3419 18788802 m2 2605166 -2.80255499e-08 0.200000003 p1 28772 8
4630 18789794 m2 3539851 -8.36455656e-05 0.200000003 p1 28773 8
4817 18792277 m2 3703580 -0.000230368678 0.200000003 p1 28778 8
2685 18799749 m2 2060238 -1.53054476e-08 0.200000003 p1 28791 8
1721 18820003 m2 1365868 -3.1083498e-09 0.200000003 p1 28828 8
1548 18823965 m2 1235447 -1.71992447e-08 0.200000003 p1 28835 8
5330 18837697 m2 4097141 -1.69848491e-08 0.200000003 p1 28860 8
3265 18841829 m3 2493147 0.000521788606 0.5 p1 28867 8
2581 18846600 m2 1984501 -2.98850664e-05 0.200000003 p1 28876 8
562 18848197 m2 444605 -0.00105042208 0.200000003 p1 28879 8
2634 18862857 m2 2020861 -8.6453274e-06 0.200000003 p1 28905 8
5577 18874996 m2 4283347 -7.86200793e-09 0.200000003 p1 28927 8
1991 18876941 m2 1560486 -5.68497353e-06 0.200000003 p1 28931 8
5170 18880667 m2 3974048 -0.00143155176 0.200000003 p1 28937 8
3473 18883639 m2 2650345 -0.000173289576 0.200000003 p1 28943 8
2664 18891919 m2 2047930 -0.000296375569 0.200000003 p1 28958 8
2635 18904306 m2 2021312 -0.000274800084 0.200000003 p1 28980 8
4528 18906203 m2 3455337 -7.22355389e-06 0.200000003 p1 28983 8
6423 18910443 m2 4931460 -0.000134217305 0.200000003 p1 28991 8
3852 18913736 m2 2961235 -1.1038086e-07 0.200000003 p1 28997 8
6140 18918205 m2 4712476 -6.30384466e-06 0.200000003 p1 29005 8
259 18926424 m2 196514 -9.32073602e-12 0.200000003 p1 29020 8
4790 18941673 m2 3681002 -8.81596497e-06 0.200000003 p1 29047 8
334 18942993 m3 256323 0.00212905463 0.5 p1 29049 8
3793 18963484 m2 2911416 -2.41755388e-05 0.200000003 p1 29087 8
5483 18969909 m2 4204687 -9.44918881e-08 0.200000003 p1 29098 8
339 18970720 m2 259479 -9.20059362e-10 0.200000003 p1 29099 8
1961 18995838 m2 1535667 -3.12745806e-06 0.200000003 p1 29144 8
1885 19001298 m3 1480927 0.00322334841 0.5 p1 29154 8
4844 19006367 m2 3724154 -0.000517556677 0.200000003 p1 29163 8
601 19036649 m2 472025 -0.000241389978 0.200000003 p1 29218 8
745 19041637 m2 585273 -6.99627026e-06 0.200000003 p1 29227 8
5995 19047219 m2 4589798 -6.27241707e-06 0.200000003 p1 29237 8
1286 19049834 m2 1026966 -0.000157368835 0.200000003 p1 29242 8
2758 19051009 m3 2116602 6.44539105e-05 0.5 p1 29244 8
696 19056476 m2 546044 -5.57103704e-07 0.200000003 p1 29254 8
4605 19062249 m2 3518505 -0.000134302813 0.200000003 p1 29265 8
582 19072658 m2 455884 -0.000324948836 0.200000003 p1 29284 8
1691 19084164 m2 1338175 -8.24268682e-06 0.200000003 p1 29305 8
3203 19097033 m3 2449180 0.000910006464 0.5 p1 29329 8
2032 19099259 m2 1590223 -1.04082595e-07 0.200000003 p1 29333 8
205 19100515 m2 155972 -2.57675274e-05 0.200000003 p1 29335 8
4774 19102555 m2 3662506 -0.00130224228 0.200000003 p1 29339 8
5187 19105071 m2 3987292 -0.0024313624 0.200000003 p1 29344 8
400 19128946 m2 306661 -0.00109398225 0.200000003 p1 29387 8
3711 19130885 m2 2848157 -0.000224425457 0.200000003 p1 29391 8
1579 19134579 m2 1258322 -3.5611909e-05 0.200000003 p1 29398 8
2102 19142076 m2 1636999 -0.000505382253 0.200000003 p1 29411 8
4850 19151332 m2 3729461 -4.52873064e-06 0.200000003 p1 29428 8
1450 19152107 m2 1159681 -0.000299721316 0.200000003 p1 29429 8
2606 19161723 m2 2003100 -7.22156756e-06 0.200000003 p1 29447 8
2000 19184098 m2 1569531 -5.84392228e-06 0.200000003 p1 29488 8
5100 19209480 m2 3915473 -0.00313001242 0.200000003 p1 29533 8
2966 19212498 m3 2267803 0.00108666066 0.5 p1 29539 8
2509 19218291 m2 1930312 -0.00134465715 0.200000003 p1 29549 8
4793 19229148 m2 3681835 -1.08061497e-10 0.200000003 p1 29569 8
1012 19239667 m2 802729 -4.92398976e-06 0.200000003 p1 29587 8
629 19261300 m2 501146 -8.31494835e-05 0.200000003 p1 29627 8
5666 19265087 m2 4346769 -8.33731901e-05 0.200000003 p1 29634 8
5557 19266276 m2 4266380 -2.03300532e-09 0.200000003 p1 29637 8
2424 19272516 m2 1870747 -4.1997513e-08 0.200000003 p1 29648 8
4903 19273670 m2 3771944 -0.00202772859 0.200000003 p1 29650 8
2262 19275636 m3 1747490 6.93709226e-05 0.5 p1 29654 8
2533 19279214 m2 1949912 -8.8210611e-10 0.200000003 p1 29660 8
3581 19283316 m2 2734150 -1.15859496e-06 0.200000003 p1 29668 8
3766 19288140 m2 2890428 -0.000592987519 0.200000003 p1 29677 8
1241 19308404 m2 990054 -0.000109262583 0.200000003 p1 29714 8
4912 19313815 m2 3775848 -0.000725980673 0.200000003 p1 29724 8
4408 19315459 m2 3365803 -0.00163659826 0.200000003 p1 29727 8
6336 19321256 m2 4859229 -0.00176455488 0.200000003 p1 29737 8
1705 19328109 m2 1348887 -0.000210604368 0.200000003 p1 29750 8
2815 19335887 m2 2156109 -0.000944442232 0.200000003 p1 29764 8
3220 19350752 m2 2459257 -0.000867175288 0.200000003 p1 29791 8
3700 19359385 m2 2837044 -2.68061758e-05 0.200000003 p1 29807 8
200 19362274 m2 150960 -0.000275932049 0.200000003 p1 29812 8
5120 19369130 m2 3932325 -0.000165490623 0.200000003 p1 29825 8
5850 19370072 m2 4488941 -1.99725534e-07 0.200000003 p1 29827 8
6485 19371984 m2 4970668 -6.29947976e-07 0.200000003 p1 29830 8
985 19382495 m2 787292 -0.0002061103 0.200000003 p1 29850 8
6427 19384208 m2 4933805 -9.73501883e-05 0.200000003 p1 29853 8
1473 19384912 m2 1175840 -0.000343835447 0.200000003 p1 29854 8
3580 19392708 m3 2733610 0.00244194036 0.5 p1 29868 8
4865 19398658 m2 3740435 -5.6829542e-08 0.200000003 p1 29879 8
1964 19407324 m2 1536374 -0.000483015087 0.200000003 p1 29895 8
5205 19413675 m2 3997862 -5.32964332e-05 0.200000003 p1 29906 8
4311 19415269 m2 3310810 -3.30228791e-13 0.200000003 p1 29909 8
5816 19421067 m2 4467090 -8.88847862e-05 0.200000003 p1 29920 8
1952 19421861 m2 1528571 -4.76210425e-06 0.200000003 p1 29921 8
2554 19424642 m2 1965700 -0.000286962866 0.200000003 p1 29926 8
3455 19426684 m2 2642026 -1.57460854e-05 0.200000003 p1 29930 8
1954 19436112 m2 1530368 -8.8687957e-05 0.200000003 p1 29947 8
731 19436177 m2 570319 -5.13970955e-09 0.200000003 p1 29947 8
4220 19436851 m2 3248671 -0.000514336105 0.200000003 p1 29948 8
1495 19452656 m2 1194250 -0.00045912349 0.200000003 p1 29977 8
3946 19462612 m2 3038641 -4.25958024e-05 0.200000003 p1 29995 8
6196 19464629 m2 4751013 -0.000205333839 0.200000003 p1 29998 8
625 19479919 m2 494903 -0.000121470235 0.200000003 p1 30027 8
5820 19495152 m2 4468708 -3.98390621e-05 0.200000003 p1 30055 8
5905 19505819 m2 4527893 -0.000125840059 0.200000003 p1 30074 8
4672 19540672 m2 3574282 -1.06388878e-12 0.200000003 p1 30138 8
107 19554755 m3 78910 0.00207051588 0.5 p1 30164 8
4811 19560900 m2 3698194 -7.17748553e-05 0.200000003 p1 30175 8
5671 19565995 m2 4351980 -1.14319647e-08 0.200000003 p1 30185 8
5207 19576814 m2 3999443 -4.1575513e-06 0.200000003 p1 30205 8
3688 19594034 m2 2829346 -4.56944035e-05 0.200000003 p1 30236 8
3932 19595914 m2 3027918 -6.0428406e-06 0.200000003 p1 30240 8
797 19603314 m2 634018 -0.000157730945 0.200000003 p1 30253 8
866 19603323 m2 690317 -9.15508372e-06 0.200000003 p1 30253 8
4977 19619760 m2 3822685 -2.35915809e-06 0.200000003 p1 30283 8
1669 19639586 m2 1324371 -0.000184837161 0.200000003 p1 30320 8
5859 19641569 m3 4496447 0.00363802258 0.5 p1 30324 8
4843 19642090 m2 3723081 -1.82726563e-08 0.200000003 p1 30325 8
4337 19648444 m2 3325224 -0.000103548642 0.200000003 p1 30337 8
6101 19653119 m2 4684511 -1.48112122e-05 0.200000003 p1 30345 8
5452 19661359 m2 4184082 -0.000581087952 0.200000003 p1 30360 8
1635 19663341 m2 1298690 -5.36861613e-08 0.200000003 p1 30364 8
1982 19669640 m3 1553890 0.000413932634 0.5 p1 30375 8
2728 19683590 m2 2094494 -1.83981265e-05 0.200000003 p1 30401 8
1066 19683850 m2 844604 -1.32077587e-11 0.200000003 p1 30401 8
2219 19685410 m2 1716823 -7.05182129e-06 0.200000003 p1 30404 8
3358 19689675 m2 2560482 -0.000478281378 0.200000003 p1 30412 8
6461 19698641 m2 4957545 -4.37958533e-07 0.200000003 p1 30428 8
64 19711192 m2 51407 -0.000532803533 0.200000003 p1 30452 8
5991 19715719 m2 4588362 -2.49797395e-05 0.200000003 p1 30460 8
1965 19719465 m2 1536800 -0.000204574928 0.200000003 p1 30467 8
1685 19731428 m2 1335993 -2.64116011e-06 0.200000003 p1 30488 8
6090 19733490 m2 4674245 -6.54396645e-05 0.200000003 p1 30492 8
1048 19743893 m2 828308 -0.000667296234 0.200000003 p1 30512 8
4454 19745105 m2 3400637 -0.0015580724 0.200000003 p1 30514 8
3280 19748849 m2 2501642 -1.00483912e-12 0.200000003 p1 30521 8
5700 19752641 m2 4377456 -0.000181807132 0.200000003 p1 30528 8
261 19761993 m2 197185 -1.11278653e-09 0.200000003 p1 30545 8
4210 19766372 m2 3236854 -0.000116387877 0.200000003 p1 30553 8
672 19770342 m2 526689 -1.93782043e-07 0.200000003 p1 30560 8
3704 19789839 m2 2839953 -0.000139194934 0.200000003 p1 30596 8
5283 19810475 m2 4057912 -1.37215975e-05 0.200000003 p1 30635 8
6430 19812069 m2 4935077 -0.000137728348 0.200000003 p1 30637 8
6199 19819776 m2 4753804 -2.38034954e-06 0.200000003 p1 30651 8
5659 19824402 m2 4344307 -7.05129496e-05 0.200000003 p1 30660 8
3481 19835451 m2 2656166 -0.000180189236 0.200000003 p1 30680 8
108 19838119 m2 79784 -1.40632835e-06 0.200000003 p1 30685 8
2080 19851240 m2 1621104 -0.000492453866 0.200000003 p1 30710 8
3460 19852410 m2 2645179 -5.48650769e-09 0.200000003 p1 30712 8
6174 19853810 m2 4738348 -0.000496650231 0.200000003 p1 30714 8
3326 19874470 m2 2539329 -1.15529168e-12 0.200000003 p1 30753 8
5554 19875236 m2 4262991 -6.0373517e-05 0.200000003 p1 30754 8
4695 19882843 m2 3592129 -9.64090214e-06 0.200000003 p1 30768 8
5863 19884658 m2 4498610 -0.00172558241 0.200000003 p1 30772 8
925 19891565 m2 737865 -0.000608969072 0.200000003 p1 30784 8
2043 19903011 m2 1597984 -4.47683233e-05 0.200000003 p1 30806 8
282 19906401 m2 214447 -0.00211818982 0.200000003 p1 30812 8
1197 19909628 m2 954594 -3.42698292e-09 0.200000003 p1 30818 8
3427 19911587 m2 2610446 -2.20467064e-05 0.200000003 p1 30822 8
4742 19920536 m3 3637547 0.00120231917 0.5 p1 30838 8
6019 19938746 m2 4612350 -0.00107075856 0.200000003 p1 30871 8
738 19939522 m2 576754 -0.000311649783 0.200000003 p1 30873 8
194 19945972 m2 147017 -2.51739148e-05 0.200000003 p1 30885 8
38 19947414 m2 35521 -0.00035852319 0.200000003 p1 30887 8
96 19953327 m2 68801 -0.00140366494 0.200000003 p1 30898 8
5062 19969969 m2 3887997 -1.9787025e-07 0.200000003 p1 30928 8
3511 19975656 m2 2677173 -1.56782392e-07 0.200000003 p1 30938 8
992 19985042 m2 790619 -0.000149140091 0.200000003 p1 30955 8
4699 19996332 m2 3595505 -8.04220472e-05 0.200000003 p1 30976 8
5077 19999540 m2 3897664 -0.000170444095 0.200000003 p1 30981 8
4535 20014317 m2 3459796 -0.000243907969 0.200000003 p1 31008 8
163 20027020 m2 122634 -0.000247854099 0.200000003 p1 31031 8
4523 20027796 m2 3452392 -3.84495324e-05 0.200000003 p1 31032 8
5020 20028660 m2 3853226 -0.000241876973 0.200000003 p1 31034 8
2284 20031043 m2 1763167 -2.3278794e-07 0.200000003 p1 31038 8
5862 20034764 m2 4498130 -4.09517597e-05 0.200000003 p1 31045 8
4628 20046459 m2 3538086 -2.68591284e-05 0.200000003 p1 31067 8
67 20060938 m2 55291 -2.50553185e-05 0.200000003 p1 31093 8
5162 20068842 m2 3968822 -7.07984418e-06 0.200000003 p1 31108 8
5900 20069272 m2 4524063 -2.40543322e-05 0.200000003 p1 31108 8
1483 20079402 m2 1185199 -2.2174838e-08 0.200000003 p1 31127 8
3348 20083388 m2 2552381 -5.83386918e-06 0.200000003 p1 31135 8
4234 20095598 m2 3260593 -0.000117924283 0.200000003 p1 31157 8
165 20096819 m2 126410 -3.54144504e-05 0.200000003 p1 31159 8
3564 20101617 m2 2724993 -2.97417273e-06 0.200000003 p1 31168 8
456 20102121 m2 353774 -0.000125246457 0.200000003 p1 31169 8
402 20102624 m2 307141 -2.16632598e-05 0.200000003 p1 31170 8
2033 20104507 m2 1590496 -1.32563855e-06 0.200000003 p1 31173 8
6537 20116790 m2 4996990 -1.63221486e-07 0.200000003 p1 31196 8
2661 20133886 m2 2046616 -1.62263077e-05 0.200000003 p1 31227 8
4706 20135291 m2 3601886 -0.000388324901 0.200000003 p1 31230 8
6211 20136294 m2 4762867 -0.000430248765 0.200000003 p1 31232 8
2203 20144599 m2 1708734 -8.22643074e-07 0.200000003 p1 31247 8
4146 20154508 m2 3195471 -8.39858985e-05 0.200000003 p1 31265 8
3956 20154801 m2 3045945 -6.31749499e-05 0.200000003 p1 31266 8
310 20155248 m2 238551 -5.26953613e-07 0.200000003 p1 31267 8
4058 20163025 m2 3129191 -0.000871265423 0.200000003 p1 31281 8
4642 20165245 m2 3546008 -3.98813427e-06 0.200000003 p1 31285 8
4547 20172143 m2 3471723 -3.62109586e-06 0.200000003 p1 31298 8
4019 20176776 m2 3107357 -2.82310739e-05 0.200000003 p1 31306 8
5718 20185608 m2 4392369 -1.37403111e-09 0.200000003 p1 31323 8
1195 20204985 m2 952437 -0.000843543792 0.200000003 p1 31359 8
5734 20208112 m2 4407891 -1.2707593e-06 0.200000003 p1 31365 8
1075 20211635 m2 851857 -0.00169119728 0.200000003 p1 31371 8
25 20224399 m2 21539 -1.29229284e-05 0.200000003 p1 31395 8
2930 20236049 m2 2243831 -3.53266187e-05 0.200000003 p1 31417 8
1484 20244369 m2 1186777 -0.00050244492 0.200000003 p1 31432 8
2296 20254859 m2 1774510 -0.00124560995 0.200000003 p1 31451 8
4570 20271588 m2 3492940 -1.6964239e-05 0.200000003 p1 31482 8
2882 20275302 m2 2210255 -5.76115781e-06 0.200000003 p1 31488 8
5025 20281581 m2 3856163 -5.8945152e-05 0.200000003 p1 31500 8
2420 20294777 m2 1868203 -5.6990335e-05 0.200000003 p1 31524 8
5800 20322916 m2 4454057 -3.36672529e-05 0.200000003 p1 31575 8
4640 20332201 m2 3545648 -0.000185708559 0.200000003 p1 31592 8
6347 20336105 m2 4866180 -7.1697973e-06 0.200000003 p1 31599 8
5399 20339791 m2 4147142 -0.000910852454 0.200000003 p1 31605 8
147 20341401 m2 109619 -0.000495863031 0.200000003 p1 31608 8
5571 20342637 m2 4279910 -8.50122979e-06 0.200000003 p1 31611 8
5972 20363983 m2 4579326 -3.03856655e-06 0.200000003 p1 31650 8
676 20366414 m2 528494 -5.73006048e-07 0.200000003 p1 31654 8
4803 20368122 m2 3691056 -4.49104155e-05 0.200000003 p1 31658 8
3491 20371665 m2 2660643 -1.44270862e-05 0.200000003 p1 31664 8
3008 20380849 m2 2298593 -1.68452297e-09 0.200000003 p1 31681 8
4682 20381653 m2 3581074 -0.000207294768 0.200000003 p1 31683 8
715 20381748 m2 561725 -0.00053526042 0.200000003 p1 31683 8
5503 20387488 m2 4221556 -5.16806375e-10 0.200000003 p1 31693 8
2498 20387893 m2 1924714 -0.0026612326 0.200000003 p1 31694 8
378 20406930 m2 288587 -3.87692562e-05 0.200000003 p1 31729 8
4801 20408313 m2 3690705 -0.000122662663 0.200000003 p1 31732 8
5843 20412761 m3 4485348 0.00242346572 0.5 p1 31740 8
3288 20413692 m2 2509492 -0.000699565455 0.200000003 p1 31742 8
4873 20418933 m2 3745220 -0.000912415562 0.200000003 p1 31752 8
6542 20422909 m3 4998287 0.00026602557 0.5 p1 31759 8
2289 20425051 m2 1767071 -1.12029556e-06 0.200000003 p1 31763 8
5412 20427107 m2 4158497 -0.000177209688 0.200000003 p1 31767 8
2925 20430553 m2 2240527 -0.000482492818 0.200000003 p1 31773 8
5056 20441154 m2 3881874 -0.000433488953 0.200000003 p1 31792 8
4279 20441286 m3 3288533 0.00327895954 0.5 p1 31793 8
23 20451724 m2 21415 -1.58647745e-05 0.200000003 p1 31812 8
4849 20455519 m2 3728896 -1.62576384e-06 0.200000003 p1 31818 8
2670 20456409 m2 2050323 -8.86759954e-05 0.200000003 p1 31820 8
2484 20461949 m2 1917047 -6.06028843e-05 0.200000003 p1 31830 8
2027 20468589 m2 1586121 -1.83850591e-12 0.200000003 p1 31843 8
4443 20472100 m3 3393302 0.00155617949 0.5 p1 31849 8
2495 20476640 m3 1923758 0.000320009509 0.5 p1 31858 8
2646 20505900 m2 2030523 -4.36986484e-05 0.200000003 p1 31913 8
4712 20509694 m2 3611867 -0.000255929568 0.200000003 p1 31920 8
1280 20510226 m2 1024154 -0.000509745616 0.200000003 p1 31921 8
4004 20527935 m2 3093546 -1.25637172e-08 0.200000003 p1 31953 8
6413 20528528 m2 4925996 -0.000300968328 0.200000003 p1 31954 8
3975 20529053 m2 3066298 -0.00277525769 0.200000003 p1 31955 8
680 20534881 m2 532621 -2.05227434e-06 0.200000003 p1 31966 8
3520 20535035 m3 2683899 0.0046290406 0.5 p1 31967 8
4591 20538491 m2 3505158 -7.97844564e-08 0.200000003 p1 31973 8
156 20548400 m2 117253 -0.00138858624 0.200000003 p1 31991 8
2220 20565945 m2 1718038 -0.00248744013 0.200000003 p1 32024 8
3410 20576168 m2 2596335 -0.000136556831 0.200000003 p1 32043 8
5139 20578820 m2 3944949 -0.000106778221 0.200000003 p1 32048 8
3968 20579319 m2 3057438 -3.03532204e-07 0.200000003 p1 32049 8
6064 20585216 m2 4655587 -0.000141380035 0.200000003 p1 32060 8
5756 20586638 m2 4422983 -4.59184412e-06 0.200000003 p1 32063 8
2948 20591747 m2 2255922 -0.000359900703 0.200000003 p1 32072 8
4274 20600687 m2 3285913 -0.00074413931 0.200000003 p1 32090 8
2773 20602050 m2 2129842 -6.0019509e-05 0.200000003 p1 32092 8
6100 20606639 m3 4682212 0.00138211506 0.5 p1 32101 8
4680 20607541 m2 3580182 -1.10528848e-08 0.200000003 p1 32103 8
1919 20613698 m2 1506195 -1.32159676e-05 0.200000003 p1 32114 8
3783 20618546 m2 2904453 -1.62044144e-05 0.200000003 p1 32123 8
3208 20620123 m2 2452018 -1.67986291e-05 0.200000003 p1 32126 8
3350 20620227 m2 2554360 -4.66967631e-10 0.200000003 p1 32126 8
4881 20637738 m2 3754800 -0.000550285389 0.200000003 p1 32159 8
1218 20641378 m2 974968 -0.000606353104 0.200000003 p1 32166 8
1203 20653749 m2 961320 -0.000668972789 0.200000003 p1 32190 8
4455 20661039 m2 3401368 -1.53278343e-05 0.200000003 p1 32204 8
3555 20670261 m2 2716579 -0.000696147676 0.200000003 p1 32221 8
4637 20670930 m2 3543658 -7.42758175e-08 0.200000003 p1 32222 8
4855 20671322 m2 3733495 -2.43646446e-05 0.200000003 p1 32223 8
1460 20680586 m2 1167644 -2.70912624e-05 0.200000003 p1 32241 8
5649 20695586 m2 4330794 -0.000529305718 0.200000003 p1 32269 8
5278 20697853 m2 4055554 -1.37758436e-08 0.200000003 p1 32273 8
1800 20698872 m2 1420660 -3.57238714e-05 0.200000003 p1 32275 8
3857 20701150 m2 2965702 -7.22285986e-05 0.200000003 p1 32280 8
5709 20708888 m2 4383517 -0.00253313524 0.200000003 p1 32295 8
1893 20716845 m2 1488109 -0.00012396145 0.200000003 p1 32309 8
6410 20730382 m2 4923861 -8.16011649e-08 0.200000003 p1 32334 8
5651 20730741 m3 4332731 0.000614865567 0.5 p1 32335 8
668 20738267 m2 523040 -2.53397161e-07 0.200000003 p1 32349 8
3166 20741871 m2 2419142 -0.000185500554 0.200000003 p1 32356 8
4914 20747518 m2 3778387 -0.00223400956 0.200000003 p1 32367 8
2166 20747815 m2 1681357 -5.17762224e-08 0.200000003 p1 32367 8
1058 20748900 m2 839449 -3.82497865e-06 0.200000003 p1 32369 8
2390 20751717 m2 1838463 -0.000515091815 0.200000003 p1 32375 8
1665 20753792 m2 1322798 -0.000103223756 0.200000003 p1 32378 8
5755 20765307 m2 4422968 -2.68813132e-08 0.200000003 p1 32400 8
1244 20785090 m2 992653 -7.14769244e-10 0.200000003 p1 32437 8
979 20785261 m2 783365 -6.13244047e-05 0.200000003 p1 32437 8
5948 20787460 m2 4561439 -0.000186042409 0.200000003 p1 32442 8
6074 20789442 m2 4661413 -2.98949612e-06 0.200000003 p1 32446 8
6318 20813224 m2 4847740 -0.000317027851 0.200000003 p1 32490 8
677 20820724 m2 529515 -6.26916759e-08 0.200000003 p1 32503 8
2561 20835662 m2 1969069 -4.72162719e-05 0.200000003 p1 32531 8
5270 20842923 m2 4050250 -0.000115662886 0.200000003 p1 32544 8
806 20843578 m2 638883 -5.32881406e-10 0.200000003 p1 32545 8
126 20857060 m2 94882 -5.18052502e-06 0.200000003 p1 32570 8
6420 20858746 m2 4927769 -9.38365883e-06 0.200000003 p1 32573 8
5653 20860842 m2 4334261 -0.00129542139 0.200000003 p1 32577 8
961 20862738 m2 770294 -1.40050258e-06 0.200000003 p1 32580 8
91 20863401 m2 65691 -0.000478217058 0.200000003 p1 32581 8
3071 20871965 m2 2349663 -2.84912204e-07 0.200000003 p1 32597 8
2675 20885551 m2 2054758 -1.05003072e-12 0.200000003 p1 32621 8
2208 20889649 m2 1710004 -2.7345834e-06 0.200000003 p1 32629 8
2302 20894333 m3 1776929 0.00339706033 0.5 p1 32637 8
4631 20902997 m2 3540911 -0.000153261513 0.200000003 p1 32653 8
4385 20907165 m2 3354373 -3.07239759e-07 0.200000003 p1 32660 8
530 20911710 m2 413349 -0.000742979697 0.200000003 p1 32669 8
1727 20937911 m3 1372765 0.00106074929 0.5 p1 32717 8
3820 20938462 m2 2930958 -0.00132830662 0.200000003 p1 32718 8
218 20944392 m2 167397 -0.000602021813 0.200000003 p1 32729 8
3656 20952996 m2 2801202 -6.19701677e-05 0.200000003 p1 32745 8
2525 20956823 m3 1940303 0.00189046923 0.5 p1 32752 8
3765 20962808 m2 2890136 -0.000759445422 0.200000003 p1 32763 8
5440 20968835 m2 4174476 -0.000385861291 0.200000003 p1 32774 8
160 20969717 m2 120299 -9.23683638e-06 0.200000003 p1 32776 8
2092 20970845 m2 1628348 -0.000134716087 0.200000003 p1 32778 8
3442 20976298 m2 2621422 -3.98166267e-05 0.200000003 p1 32788 8
31 20978110 m2 26138 -5.0302873e-07 0.200000003 p1 32791 8
604 20991960 m2 474477 -0.00309203705 0.200000003 p1 32817 8
3983 20995082 m2 3074328 -0.000107465072 0.200000003 p1 32822 8
5945 20999372 m2 4558581 -0.00289854431 0.200000003 p1 32830 8
4147 21006728 m2 3195556 -0.000796282897 0.200000003 p1 32844 8
1096 21011599 m2 870165 -0.000275601371 0.200000003 p1 32853 8
404 21014583 m2 308176 -0.00015335888 0.200000003 p1 32859 8
4399 21025500 m2 3360874 -2.53926687e-16 0.200000003 p1 32879 8
3345 21030580 m2 2547088 -0.00146828324 0.200000003 p1 32889 8
69 21031947 m2 56022 -0.00106809149 0.200000003 p1 32892 8
1249 21037495 m2 998778 -1.30645212e-05 0.200000003 p1 32902 8
2679 21043181 m2 2057026 -0.000298669998 0.200000003 p1 32913 8
4638 21058512 m2 3544158 -0.00012965838 0.200000003 p1 32940 8
4415 21065944 m2 3373045 -0.00219465769 0.200000003 p1 32954 8
1180 21066845 m2 933029 -2.21477239e-06 0.200000003 p1 32955 8
4603 21073065 m2 3515818 -6.40286885e-07 0.200000003 p1 32967 8
4006 21077835 m2 3094580 -0.000104848208 0.200000003 p1 32975 8
5033 21078229 m2 3861297 -4.5701101e-05 0.200000003 p1 32976 8
3668 21084544 m3 2813013 0.000696583011 0.5 p1 32988 8
2823 21088080 m2 2163548 -3.92302617e-08 0.200000003 p1 32995 8
397 21091746 m2 304206 -1.77566544e-05 0.200000003 p1 33001 8
3730 21094603 m3 2862865 0.00090856757 0.5 p1 33006 8
3916 21120166 m3 3017237 0.00138944783 0.5 p1 33054 8
1862 21130146 m2 1465984 -0.000673769799 0.200000003 p1 33072 8
1569 21131652 m2 1251065 -7.0481633e-06 0.200000003 p1 33075 8
2651 21173976 m2 2035989 -0.00104215741 0.200000003 p1 33156 8
743 21175183 m2 580472 -0.00223175366 0.200000003 p1 33158 8
5172 21177609 m2 3976065 -0.00112883234 0.200000003 p1 33163 8
3737 21179392 m2 2868409 -0.000749660307 0.200000003 p1 33166 8
6522 21186677 m2 4989172 -4.41456505e-05 0.200000003 p1 33180 8
5914 21186886 m2 4535446 -7.71878513e-06 0.200000003 p1 33180 8
4776 21197684 m2 3663720 -0.000863056048 0.200000003 p1 33201 8
5010 21208651 m2 3845730 -2.82700221e-05 0.200000003 p1 33221 8
3035 21212782 m2 2321973 -0.000929925242 0.200000003 p1 33229 8
3617 21225448 m2 2766732 -0.000363019237 0.200000003 p1 33253 8
840 21225460 m2 670446 -5.51053994e-11 0.200000003 p1 33253 8
2497 21230737 m2 1923992 -0.000361357612 0.200000003 p1 33263 8
442 21232851 m2 343880 -0.00012224463 0.200000003 p1 33267 8
6132 21233287 m2 4705348 -0.000110224784 0.200000003 p1 33268 8
1044 21233536 m3 825649 0.0020607023 0.5 p1 33268 8
605 21236797 m2 474927 -0.000118414486 0.200000003 p1 33274 8
3707 21245008 m2 2845380 -0.00356291863 0.200000003 p1 33290 8
6403 21255625 m2 4921046 -4.86140671e-05 0.200000003 p1 33310 8
1463 21258932 m2 1170715 -7.87990648e-05 0.200000003 p1 33316 8
4076 21269219 m2 3145009 -5.47888776e-05 0.200000003 p1 33335 8
3979 21273118 m2 3070527 -0.00609471044 0.200000003 p1 33342 8
2713 21274120 m2 2083504 -0.000661739905 0.200000003 p1 33344 8
4906 21280582 m2 3773719 -1.26528967e-05 0.200000003 p1 33356 8
2391 21280890 m2 1838808 -2.72567791e-09 0.200000003 p1 33357 8
3102 21281652 m2 2370036 -0.00109466119 0.200000003 p1 33358 8
5237 21307798 m2 4022134 -0.000122020392 0.200000003 p1 33408 8
5420 21312403 m2 4164025 -7.36425864e-05 0.200000003 p1 33417 8
5633 21323047 m2 4317709 -8.01446276e-07 0.200000003 p1 33437 8
2832 21337477 m2 2172681 -0.00013840037 0.200000003 p1 33464 8
5831 21341167 m2 4474497 -6.91571622e-05 0.200000003 p1 33471 8
5510 21347406 m2 4227768 -1.20397044e-05 0.200000003 p1 33483 8
1655 21349784 m2 1316844 -2.06581572e-05 0.200000003 p1 33487 8
3540 21355663 m2 2703955 -1.54862564e-11 0.200000003 p1 33498 8
1772 21359736 m2 1402494 -0.000523632858 0.200000003 p1 33506 8
1929 21364941 m2 1516717 -0.00107483251 0.200000003 p1 33516 8
1541 21368025 m2 1231738 -9.85088718e-06 0.200000003 p1 33522 8
1819 21380815 m2 1436611 -0.000745686644 0.200000003 p1 33546 8
3961 21383145 m2 3050869 -2.15142705e-07 0.200000003 p1 33550 8
196 21389665 m3 147271 0.0012588033 0.5 p1 33563 8
3794 21390357 m2 2911747 -2.74746759e-09 0.200000003 p1 33564 8
3412 21403769 m2 2598939 -3.60598096e-06 0.200000003 p1 33589 8
4778 21403924 m2 3665653 -4.92415495e-07 0.200000003 p1 33589 8
5340 21415466 m2 4107995 -6.21259517e-07 0.200000003 p1 33611 8
5384 21419590 m3 4135116 4.39852629e-05 0.5 p1 33618 8
6158 21426155 m2 4728150 -0.000724096084 0.200000003 p1 33630 8
6169 21428231 m2 4735441 -3.53105065e-06 0.200000003 p1 33634 8
4035 21429327 m2 3118090 -8.14672987e-08 0.200000003 p1 33636 8
1207 21436719 m2 964066 -0.000454128487 0.200000003 p1 33650 8
41 21440648 m2 36891 -3.35663208e-05 0.200000003 p1 33657 8
2732 21446004 m2 2098612 -4.18696663e-06 0.200000003 p1 33667 8
6390 21460592 m2 4908320 -0.000124229206 0.200000003 p1 33695 8
4068 21474706 m2 3136502 -5.19944308e-07 0.200000003 p1 33723 8
3706 21479065 m2 2844071 -5.68732466e-05 0.200000003 p1 33731 8
5605 21485977 m2 4297758 -1.21563835e-06 0.200000003 p1 33744 8
5889 21489356 m2 4516260 -0.000744063407 0.200000003 p1 33750 8
6272 21490088 m2 4816068 -5.56670599e-10 0.200000003 p1 33751 8
5811 21490551 m2 4463773 -7.099502e-07 0.200000003 p1 33752 8
2971 21492924 m2 2271667 -0.000128517451 0.200000003 p1 33757 8
703 21504583 m2 552466 -2.43352861e-06 0.200000003 p1 33779 8
50 21513410 m2 42110 -0.000108858956 0.200000003 p1 33796 8
3344 21516811 m2 2546756 -2.58021419e-06 0.200000003 p1 33802 8
1188 21524750 m2 948103 -5.35406507e-05 0.200000003 p1 33817 8
3980 21535870 m2 3071667 -0.00294090738 0.200000003 p1 33838 8
3160 21537758 m2 2412399 -1.85112167e-05 0.200000003 p1 33842 8
1816 21539450 m2 1431816 -0.00143850199 0.200000003 p1 33845 8
269 21544390 m2 206963 -4.55292729e-06 0.200000003 p1 33855 8
4661 21555047 m2 3563218 -2.98383729e-05 0.200000003 p1 33875 8
3075 21557975 m2 2352764 -0.000660549325 0.200000003 p1 33881 8
2714 21558261 m2 2083558 -0.000346770423 0.200000003 p1 33881 8
98 21562974 m2 71193 -6.11945438e-07 0.200000003 p1 33890 8
482 21577014 m2 373699 -0.00178048201 0.200000003 p1 33917 8
5281 21583329 m2 4057391 -4.0849423e-07 0.200000003 p1 33929 8
5559 21583758 m2 4266964 -1.32958826e-06 0.200000003 p1 33930 8
4576 21588788 m2 3496773 -9.62180002e-06 0.200000003 p1 33940 8
5166 21591592 m2 3971632 -0.00065488246 0.200000003 p1 33945 8
4540 21594882 m2 3466219 -2.92537807e-05 0.200000003 p1 33951 8
6405 21612883 m2 4922139 -0.000343171094 0.200000003 p1 33985 8
800 21636965 m2 636751 -9.47343869e-05 0.200000003 p1 34032 8
1215 21640735 m2 971975 -1.33674105e-11 0.200000003 p1 34039 8
2624 21642312 m2 2016130 -0.00316495285 0.200000003 p1 34042 8
2641 21642313 m2 2028255 -0.000378434343 0.200000003 p1 34042 8
970 21643433 m2 777299 -0.000210274884 0.200000003 p1 34044 8
395 21646263 m2 298702 -4.08985579e-06 0.200000003 p1 34050 8
766 21649492 m2 604927 -7.8412693e-10 0.200000003 p1 34056 8
1420 21650340 m2 1139201 -1.04219198e-05 0.200000003 p1 34058 8
3651 21658766 m2 2793929 -0.000109453009 0.200000003 p1 34074 8
2747 21685227 m2 2108159 -1.60288491e-05 0.200000003 p1 34127 8
3204 21691958 m2 2449817 -0.000927974761 0.200000003 p1 34140 8
4970 21694792 m2 3819228 -0.000169381354 0.200000003 p1 34146 8
355 21696993 m2 269696 -1.75430159e-07 0.200000003 p1 34150 8
3992 21700903 m2 3083412 -0.000313482858 0.200000003 p1 34157 8
5953 21713161 m2 4563576 -2.58142536e-05 0.200000003 p1 34181 8
3642 21714299 m2 2786498 -0.00276270253 0.200000003 p1 34184 8
3147 21716955 m2 2401292 -0.000476635963 0.200000003 p1 34189 8
5381 21719267 m2 4133879 -9.24323176e-05 0.200000003 p1 34194 8
5034 21721250 m2 3862544 -0.00347856455 0.200000003 p1 34198 8
2909 21726675 m2 2230500 -5.44681598e-06 0.200000003 p1 34208 8
5547 21732485 m2 4260240 -0.00156012224 0.200000003 p1 34220 8
5470 21734164 m2 4195203 -7.53337881e-05 0.200000003 p1 34223 8
602 21737383 m3 472308 0.00252759969 0.5 p1 34229 8
3291 21746953 m2 2513153 -0.000180502189 0.200000003 p1 34248 8
5192 21754208 m2 3989577 -0.00223412877 0.200000003 p1 34262 8
930 21761770 m2 742302 -0.000777673384 0.200000003 p1 34276 8
4596 21762389 m2 3510056 -2.7821315e-07 0.200000003 p1 34277 8
4530 21767541 m2 3457704 -5.81739141e-06 0.200000003 p1 34287 8
6098 21767782 m2 4681565 -2.51033867e-07 0.200000003 p1 34288 8
3655 21772381 m2 2800456 -5.89414469e-07 0.200000003 p1 34297 8
3209 21772628 m2 2453161 -1.65646452e-06 0.200000003 p1 34297 8
693 21776459 m2 543520 -1.52823834e-15 0.200000003 p1 34304 8
492 21777054 m2 377762 -0.000160895186 0.200000003 p1 34305 8
3122 21783720 m2 2384600 -0.000163605248 0.200000003 p1 34318 8
6465 21784553 m2 4958816 -1.03876445e-07 0.200000003 p1 34320 8
153 21784871 m2 113586 -0.000339296879 0.200000003 p1 34320 8
3015 21799217 m2 2304679 -0.000180105766 0.200000003 p1 34349 8
6419 21804049 m2 4927708 -5.17967862e-07 0.200000003 p1 34359 8
4462 21807735 m2 3406853 -0.000598276441 0.200000003 p1 34366 8
2542 21808250 m2 1955912 -0.0017565107 0.200000003 p1 34367 8
5660 21819958 m2 4344510 -6.28492458e-09 0.200000003 p1 34389 8
2998 21825532 m2 2289222 -2.10700764e-05 0.200000003 p1 34400 8
1650 21827084 m3 1313916 0.0022184134 0.5 p1 34403 8
5091 21832713 m2 3910131 -7.06030179e-10 0.200000003 p1 34414 8
1666 21834986 m2 1323675 -1.21953999e-12 0.200000003 p1 34419 8
688 21836251 m2 538328 -0.000312464981 0.200000003 p1 34421 8
1033 21842178 m2 811258 -7.13037161e-06 0.200000003 p1 34433 8
2941 21875753 m2 2250757 -2.0438074e-05 0.200000003 p1 34498 8
399 21877493 m2 305968 -4.05624014e-05 0.200000003 p1 34502 8
3055 21882872 m2 2342163 -5.32348167e-07 0.200000003 p1 34512 8
2489 21890217 m2 1921675 -8.95375633e-05 0.200000003 p1 34526 8
6134 21898926 m2 4706936 -6.2897692e-07 0.200000003 p1 34543 8
1914 21909105 m2 1501625 -0.00029306885 0.200000003 p1 34563 8
2157 21932366 m2 1673282 -7.36268703e-05 0.200000003 p1 34609 8
2056 21946329 m2 1604570 -9.94787229e-07 0.200000003 p1 34637 8
5314 21948770 m2 4083987 -6.59022189e-05 0.200000003 p1 34642 8
1880 21957756 m2 1479918 -1.4829908e-06 0.200000003 p1 34659 8
449 21963932 m2 346761 -8.73675049e-07 0.200000003 p1 34671 8
2457 21968097 m2 1895435 -0.000660735706 0.200000003 p1 34680 8
5212 21969251 m2 4002360 -0.000168155617 0.200000003 p1 34682 8
4787 21975593 m2 3677463 -1.86736688e-05 0.200000003 p1 34695 8
883 21976048 m3 705453 0.000655906973 0.5 p1 34695 8
6480 21987558 m2 4968369 -0.000426606246 0.200000003 p1 34718 8
6339 21991772 m2 4861310 -0.000981333083 0.200000003 p1 34726 8
882 21999957 m2 703073 -0.000119652817 0.200000003 p1 34742 8
2244 22003110 m2 1731037 -0.000186309015 0.200000003 p1 34748 8
3759 22006277 m2 2887938 -0.000109643333 0.200000003 p1 34754 8
4081 22012480 m2 3151068 -9.43296982e-07 0.200000003 p1 34766 8
2141 22021877 m2 1663955 -0.000432308821 0.200000003 p1 34785 8
4467 22028263 m2 3409149 -1.00621821e-06 0.200000003 p1 34797 8
1997 22028641 m3 1566917 0.000793185493 0.5 p1 34798 8
6135 22030023 m2 4707345 -0.000135758601 0.200000003 p1 34801 8
3976 22030563 m2 3067457 -9.78021433e-08 0.200000003 p1 34802 8
3631 22057450 m3 2777388 0.00170655851 0.5 p1 34855 8
1160 22064057 m3 920251 0.000813181978 0.5 p1 34868 8
4390 22078860 m2 3357600 -1.66977931e-10 0.200000003 p1 34896 8
916 22081608 m2 729049 -7.30121174e-05 0.200000003 p1 34901 8
1899 22101602 m2 1490513 -0.000805098563 0.200000003 p1 34940 8
5939 22101758 m2 4553774 -3.01526325e-06 0.200000003 p1 34940 8
965 22109088 m2 774411 -3.03177403e-05 0.200000003 p1 34954 8
4232 22120475 m2 3260155 -1.13404951e-06 0.200000003 p1 34976 8
5112 22123551 m2 3925623 -0.000323956512 0.200000003 p1 34982 8
2862 22128402 m2 2194466 -7.4786567e-06 0.200000003 p1 34992 8
837 22129139 m2 669033 -0.000298270083 0.200000003 p1 34993 8
644 22135256 m2 510127 -0.000534095743 0.200000003 p1 35005 8
5537 22139291 m2 4245245 -4.57689486e-09 0.200000003 p1 35013 8
4651 22143165 m2 3551768 -0.00158471544 0.200000003 p1 35020 8
1641 22145168 m2 1306452 -2.34176673e-06 0.200000003 p1 35024 8
4072 22146779 m2 3141810 -0.000317807193 0.200000003 p1 35027 8
3714 22149288 m2 2848895 -9.00120867e-05 0.200000003 p1 35032 8
4010 22153272 m2 3097431 -0.000252848607 0.200000003 p1 35040 8
2260 22184751 m2 1746488 -0.000225970711 0.200000003 p1 35101 8
2150 22186515 m2 1668305 -4.72667381e-07 0.200000003 p1 35105 8
3774 22193829 m2 2896596 -0.000130971501 0.200000003 p1 35120 8
1035 22197924 m2 811679 -1.04394957e-07 0.200000003 p1 35128 8
4342 22209173 m2 3329578 -2.574542e-08 0.200000003 p1 35150 8
5164 22209909 m2 3969474 -0.00106192823 0.200000003 p1 35152 8
648 22226656 m2 511161 -0.000486985547 0.200000003 p1 35185 8
278 22227859 m2 213492 -4.75785589e-09 0.200000003 p1 35188 8
480 22234890 m2 372638 -4.17772972e-09 0.200000003 p1 35201 8
4260 22240192 m2 3279474 -5.15958127e-05 0.200000003 p1 35212 8
2534 22258133 m2 1949940 -8.37862608e-05 0.200000003 p1 35247 8
2307 22271991 m2 1779432 -0.00106041366 0.200000003 p1 35275 8
5960 22274474 m2 4567635 -1.08473266e-08 0.200000003 p1 35280 8
1853 22275559 m2 1457536 -0.000310751697 0.200000003 p1 35282 8
5981 22281331 m2 4583779 -6.31867661e-05 0.200000003 p1 35294 8
1469 22309940 m2 1173553 -1.84892215e-05 0.200000003 p1 35350 8
444 22310040 m2 344152 -6.96483812e-06 0.200000003 p1 35350 8
1688 22315539 m2 1336846 -2.2438704e-05 0.200000003 p1 35361 8
4627 22345013 m2 3537177 -3.66323584e-05 0.200000003 p1 35420 8
3539 22353471 m2 2703162 -3.32681566e-07 0.200000003 p1 35437 8
4584 22354302 m2 3499896 -4.98652275e-09 0.200000003 p1 35438 8
4073 22358036 m2 3143227 -0.000133996014 0.200000003 p1 35446 8
3001 22359577 m2 2292846 -0.00074609305 0.200000003 p1 35449 8
4758 22364562 m2 3649531 -0.000186790159 0.200000003 p1 35459 8
4257 22398903 m2 3277629 -6.45772525e-05 0.200000003 p1 35527 8
6182 22405621 m2 4745311 -5.90161562e-06 0.200000003 p1 35541 8
845 22414089 m2 674131 -6.56238308e-06 0.200000003 p1 35557 8
349 22419314 m2 264594 -0.000519304653 0.200000003 p1 35568 8
4214 22421521 m2 3244243 -1.92266469e-08 0.200000003 p1 35572 8
5631 22421718 m2 4314870 -1.26040396e-08 0.200000003 p1 35572 8
5259 22435408 m2 4044177 -9.43796622e-05 0.200000003 p1 35598 8
5580 22440460 m2 4285028 -0.000692500325 0.200000003 p1 35608 8
654 22448541 m2 513451 -5.37866299e-07 0.200000003 p1 35624 8
5681 22450061 m2 4359503 -0.00142038462 0.200000003 p1 35627 8
3503 22450346 m2 2670143 -7.73697195e-08 0.200000003 p1 35628 8
3957 22457272 m2 3046338 -0.000105199324 0.200000003 p1 35641 8
1142 22465278 m2 908851 -1.31748735e-07 0.200000003 p1 35657 8
4155 22468725 m2 3200780 -5.97935525e-07 0.200000003 p1 35663 8
1760 22469775 m2 1393356 -1.05133413e-05 0.200000003 p1 35665 8
2796 22471634 m2 2146230 -1.55100079e-05 0.200000003 p1 35669 8
710 22493763 m2 556681 -4.41838246e-08 0.200000003 p1 35713 8
3575 22502564 m2 2730000 -6.56272096e-06 0.200000003 p1 35730 8
2908 22508398 m2 2230260 -0.00361931324 0.200000003 p1 35742 8
2749 22510624 m2 2111554 -3.11544391e-05 0.200000003 p1 35746 8
4752 22513368 m2 3646816 -1.39494931e-08 0.200000003 p1 35752 8
2775 22517148 m2 2130217 -7.37139853e-05 0.200000003 p1 35760 8
6363 22517569 m2 4882534 -0.000163415418 0.200000003 p1 35761 8
1851 22517859 m2 1457101 -3.06046536e-06 0.200000003 p1 35761 8
257 22522417 m2 194474 -6.79601544e-06 0.200000003 p1 35770 8
3843 22525454 m3 2955427 0.00106239738 0.5 p1 35776 8
435 22530620 m2 337316 -2.12489972e-08 0.200000003 p1 35787 8
2349 22531721 m2 1809071 -0.000540009234 0.200000003 p1 35789 8
1809 22538059 m2 1425608 -0.0001662656 0.200000003 p1 35802 8
2989 22544478 m2 2283389 -2.19897674e-06 0.200000003 p1 35815 8
6447 22553825 m2 4945368 -2.21126868e-07 0.200000003 p1 35834 8
2576 22569034 m2 1978128 -0.000319009647 0.200000003 p1 35865 8
1979 22571447 m2 1550596 -0.00016728125 0.200000003 p1 35870 8
3779 22573173 m2 2902863 -1.50778988e-06 0.200000003 p1 35873 8
4151 22589540 m2 3197669 -6.13299589e-09 0.200000003 p1 35907 8
4880 22598007 m2 3754398 -6.35987874e-07 0.200000003 p1 35924 8
4538 22610982 m2 3462617 -6.50263291e-06 0.200000003 p1 35951 8
2006 22620876 m2 1573504 -9.1853246e-05 0.200000003 p1 35970 8
678 22626031 m2 531416 -0.000247478718 0.200000003 p1 35981 8
2574 22638783 m2 1977394 -0.00103901129 0.200000003 p1 36007 8
1172 22659618 m2 929335 -5.89622468e-05 0.200000003 p1 36049 8
5176 22662083 m2 3980513 -0.000728887855 0.200000003 p1 36054 8
1138 22669461 m2 907303 -1.7434837e-05 0.200000003 p1 36069 8
5705 22674589 m2 4380434 -0.00024026123 0.200000003 p1 36079 8
5438 22686962 m2 4172350 -0.00233127736 0.200000003 p1 36104 8
1718 22691413 m2 1364923 -0.000118699318 0.200000003 p1 36113 8
3242 22691890 m2 2474926 -6.5999986e-05 0.200000003 p1 36114 8
1613 22702818 m2 1279233 -8.38470537e-09 0.200000003 p1 36135 8
4988 22706579 m2 3831505 -0.000521599199 0.200000003 p1 36142 8
5969 22725794 m2 4575787 -1.24761911e-07 0.200000003 p1 36182 8
2167 22728480 m2 1683335 -0.00017621681 0.200000003 p1 36187 8
3461 22731390 m2 2645332 -0.000310569594 0.200000003 p1 36193 8
3403 22733927 m2 2589522 -0.000326029462 0.200000003 p1 36198 8
3894 22751805 m2 3000371 -0.000151911416 0.200000003 p1 36235 8
154 22757396 m2 114086 -3.21044499e-05 0.200000003 p1 36246 8
880 22757615 m2 702249 -1.24995907e-07 0.200000003 p1 36247 8
4097 22767377 m2 3165639 -0.000139876778 0.200000003 p1 36266 8
5184 22782419 m2 3986063 -2.4348501e-06 0.200000003 p1 36296 8
6468 22782606 m2 4961748 -4.57479073e-05 0.200000003 p1 36296 8
4711 22793270 m3 3610667 0.000258914893 0.5 p1 36317 8
2929 22794879 m2 2243793 -4.27374944e-05 0.200000003 p1 36321 8
6017 22797224 m2 4610054 -0.000176137255 0.200000003 p1 36325 8
5419 22801199 m2 4162681 -0.000218391782 0.200000003 p1 36333 8
5527 22808597 m2 4237005 -8.56588758e-06 0.200000003 p1 36348 8
3746 22818764 m2 2880848 -2.41683694e-07 0.200000003 p1 36368 8
5081 22824168 m2 3900925 -0.000782596122 0.200000003 p1 36378 8
6146 22832164 m2 4720316 -0.00331454212 0.200000003 p1 36394 8
2139 22839377 m2 1663252 -1.64708016e-08 0.200000003 p1 36408 8
6440 22846600 m2 4941569 -1.11705765e-08 0.200000003 p1 36422 8
3647 22847033 m2 2789700 -0.000510421931 0.200000003 p1 36423 8
4391 22880145 m2 3357673 -1.18009602e-05 0.200000003 p1 36490 8
4239 22900839 m2 3262482 -8.21561708e-11 0.200000003 p1 36532 8
4452 22907839 m2 3399259 -0.00262371637 0.200000003 p1 36546 8
5765 22908330 m2 4430323 -1.1864001e-05 0.200000003 p1 36547 8
6358 22909616 m2 4878888 -2.17933757e-05 0.200000003 p1 36549 8
1957 22913731 m2 1532545 -2.63058118e-05 0.200000003 p1 36557 8
1165 22917209 m2 923440 -8.04476731e-05 0.200000003 p1 36564 8
1235 22926739 m2 986116 -9.72621706e-07 0.200000003 p1 36583 8
3762 22929333 m2 2889370 -7.93503663e-09 0.200000003 p1 36588 8
5595 22929955 m2 4292230 -0.00071059633 0.200000003 p1 36590 8
2524 22935951 m2 1939421 -0.000613711483 0.200000003 p1 36601 8
2112 22963181 m2 1641047 -7.41509575e-05 0.200000003 p1 36655 8
659 22973206 m2 517798 -0.000231059923 0.200000003 p1 36675 8
3413 22974466 m2 2600183 -0.000527331023 0.200000003 p1 36677 8
5072 22990878 m2 3895606 -8.29794499e-06 0.200000003 p1 36710 8
3316 22995446 m2 2532067 -2.99839348e-06 0.200000003 p1 36719 8
4215 22995831 m3 3244589 8.06988683e-05 0.5 p1 36720 8
6144 23003613 m2 4718877 -0.000831214711 0.200000003 p1 36735 8
5336 23020834 m2 4100056 -9.01463955e-06 0.200000003 p1 36770 8
2652 23026210 m2 2036846 -8.02475988e-05 0.200000003 p1 36781 8
1926 23031728 m2 1515178 -2.76769606e-05 0.200000003 p1 36792 8
3278 23032035 m2 2500773 -0.000365628337 0.200000003 p1 36792 8
4169 23033398 m2 3206447 -0.000792868377 0.200000003 p1 36795 8
1389 23033682 m2 1111811 -4.15130387e-07 0.200000003 p1 36796 8
4021 23042498 m2 3109353 -3.90622214e-17 0.200000003 p1 36814 8
5875 23042528 m2 4503174 -1.15514613e-05 0.200000003 p1 36814 8
3465 23047190 m2 2646747 -0.000287282979 0.200000003 p1 36824 8
3964 23055412 m2 3051926 -9.72065827e-05 0.200000003 p1 36841 8
4270 23057169 m2 3283058 -3.69422305e-05 0.200000003 p1 36844 8
388 23061257 m2 295325 -0.00128535519 0.200000003 p1 36853 8
5560 23063182 m2 4268136 -0.000949050474 0.200000003 p1 36856 8
224 23063650 m2 171749 -1.04605606e-05 0.200000003 p1 36857 8
2218 23064488 m2 1716791 -0.000278421096 0.200000003 p1 36859 8
6460 23068196 m3 4956114 0.0011581576 0.5 p1 36867 8
490 23069153 m2 377076 -0.000239210392 0.200000003 p1 36869 8
6414 23070128 m3 4926178 0.000370755937 0.5 p1 36870 8
116 23070664 m2 86347 -0.000750657113 0.200000003 p1 36872 8
3856 23076596 m2 2965269 -0.000691210502 0.200000003 p1 36884 8
2003 23080655 m2 1571088 -0.00031323143 0.200000003 p1 36892 8
5570 23087412 m2 4278490 -1.15726334e-05 0.200000003 p1 36906 8
5199 23097928 m2 3994234 -0.000135433555 0.200000003 p1 36927 8
1411 23108277 m2 1133242 -6.32605879e-05 0.200000003 p1 36948 8
4582 23109382 m3 3498917 0.0012590402 0.5 p1 36950 8
2613 23117140 m2 2008625 -1.48254469e-06 0.200000003 p1 36966 8
1224 23118802 m2 977588 -2.70143164e-06 0.200000003 p1 36969 8
5028 23120845 m2 3856648 -0.000171193184 0.200000003 p1 36973 8
3702 23123647 m2 2838373 -4.5761386e-05 0.200000003 p1 36979 8
3817 23128476 m2 2930082 -0.000123453196 0.200000003 p1 36989 8
318 23157030 m2 241364 -5.27969314e-06 0.200000003 p1 37046 8
1737 23182880 m2 1382970 -0.00159836153 0.200000003 p1 37099 8
5295 23183175 m2 4067315 -0.000609624491 0.200000003 p1 37099 8
3202 23189662 m2 2448711 -7.53529594e-06 0.200000003 p1 37112 8
6509 23193163 m2 4981708 -6.77140924e-05 0.200000003 p1 37120 8
5876 23193257 m2 4503739 -9.50727772e-05 0.200000003 p1 37120 8
245 23196914 m2 185744 -0.000114578288 0.200000003 p1 37127 8
6442 23208662 m2 4942972 -3.5435125e-05 0.200000003 p1 37151 8
5999 23235289 m2 4592460 -0.000118030148 0.200000003 p1 37206 8
5692 23249953 m3 4369751 0.000258886459 0.5 p1 37236 8
4133 23256115 m2 3185844 -3.06518086e-05 0.200000003 p1 37249 8
4779 23282951 m2 3665696 -2.34100935e-06 0.200000003 p1 37305 8
4824 23283250 m2 3709640 -0.0016746514 0.200000003 p1 37306 8
484 23283479 m2 375601 -6.30952127e-05 0.200000003 p1 37306 8
1392 23285466 m2 1115093 -3.2446772e-07 0.200000003 p1 37310 8
5634 23287793 m2 4319127 -0.000694513321 0.200000003 p1 37315 8
5256 23288197 m2 4041130 -0.000837529544 0.200000003 p1 37316 8
2017 23288379 m2 1579520 -2.59425519e-07 0.200000003 p1 37317 8
2608 23290905 m2 2007405 -0.00208314019 0.200000003 p1 37322 8
2944 23296703 m2 2252986 -6.17102444e-07 0.200000003 p1 37334 8
4050 23296790 m2 3123335 -0.0029694119 0.200000003 p1 37334 8
3952 23307327 m2 3043473 -0.000585910631 0.200000003 p1 37356 8
2878 23308310 m2 2206392 -0.00059732073 0.200000003 p1 37358 8
4149 23311470 m2 3196939 -0.000102001213 0.200000003 p1 37364 8
5313 23321009 m3 4082803 0.00148388173 0.5 p1 37384 8
3892 23327452 m2 3000163 -0.00105042837 0.200000003 p1 37397 8
3858 23327699 m2 2965980 -2.10209259e-06 0.200000003 p1 37397 8
4152 23328017 m2 3199208 -6.8643436e-05 0.200000003 p1 37398 8
2780 23330395 m2 2132581 -1.15698549e-06 0.200000003 p1 37403 8
5528 23331677 m2 4237282 -6.87905566e-11 0.200000003 p1 37405 8
4967 23332908 m2 3816810 -0.00207817974 0.200000003 p1 37408 8
5752 23335274 m2 4418902 -0.000429972366 0.200000003 p1 37413 8
5360 23340473 m2 4116922 -2.80960321e-05 0.200000003 p1 37423 8
4572 23342897 m2 3494433 -1.57109735e-05 0.200000003 p1 37428 8
4129 23351482 m2 3183116 -3.14504759e-05 0.200000003 p1 37446 8
3374 23354661 m2 2569770 -1.47432684e-05 0.200000003 p1 37452 8
1337 23355745 m2 1068116 -1.34150649e-10 0.200000003 p1 37455 8
2733 23357232 m2 2098781 -6.21196014e-05 0.200000003 p1 37458 8
6191 23360795 m2 4749271 -0.000480580202 0.200000003 p1 37465 8
3577 23363951 m2 2731132 -0.000837877451 0.200000003 p1 37472 8
4030 23365902 m2 3116177 -0.000128106694 0.200000003 p1 37476 8
5909 23372988 m2 4532837 -1.04779633e-06 0.200000003 p1 37491 8
3310 23378357 m2 2528312 -1.68034603e-05 0.200000003 p1 37502 8
1388 23379873 m2 1111660 -0.000346392539 0.200000003 p1 37505 8
1456 23386015 m2 1163212 -4.51253873e-05 0.200000003 p1 37518 8
5455 23387686 m2 4186014 -4.62117917e-08 0.200000003 p1 37521 8
4511 23395704 m2 3441826 -1.62747961e-06 0.200000003 p1 37537 8
413 23395873 m2 313713 -0.00098607922 0.200000003 p1 37538 8
2629 23407113 m2 2019011 -2.91976357e-05 0.200000003 p1 37561 8
5274 23411363 m2 4052245 -0.000157653005 0.200000003 p1 37569 8
5517 23413212 m2 4233331 -3.25564002e-07 0.200000003 p1 37573 8
3239 23416010 m2 2474328 -0.000506297452 0.200000003 p1 37579 8
4283 23420422 m2 3289350 -0.000252448779 0.200000003 p1 37588 8
4785 23421563 m2 3676691 -1.29756387e-07 0.200000003 p1 37590 8
4331 23437326 m2 3320656 -0.000594606507 0.200000003 p1 37622 8
1925 23437829 m2 1512390 -0.00238245819 0.200000003 p1 37623 8
3546 23438295 m2 2707075 -9.57974225e-06 0.200000003 p1 37624 8
694 23439051 m2 544215 -7.64795368e-06 0.200000003 p1 37626 8
686 23439932 m2 537508 -2.07920039e-05 0.200000003 p1 37628 8
1937 23440236 m2 1521967 -5.30029356e-05 0.200000003 p1 37628 8
320 23443716 m2 243195 -1.10881025e-07 0.200000003 p1 37636 8
2108 23447534 m2 1639452 -0.000293263962 0.200000003 p1 37644 8
5304 23448396 m2 4078705 -0.000215645792 0.200000003 p1 37645 8
2785 23449545 m2 2138432 -1.74472934e-05 0.200000003 p1 37648 8
6078 23462544 m2 4665769 -1.24135386e-06 0.200000003 p1 37674 8
6312 23466686 m2 4843123 -0.000271322642 0.200000003 p1 37683 8
5262 23470608 m2 4045477 -2.96544295e-05 0.200000003 p1 37690 8
6245 23481135 m3 4795471 0.000867046067 0.5 p1 37712 8
1782 23485030 m2 1409125 -9.94033962e-06 0.200000003 p1 37719 8
2235 23490575 m2 1727233 -5.5546316e-08 0.200000003 p1 37731 8
2968 23491876 m2 2269418 -2.64175384e-07 0.200000003 p1 37733 8
1910 23495518 m2 1495093 -0.000789611717 0.200000003 p1 37741 8
4607 23503248 m2 3518969 -0.000140653719 0.200000003 p1 37757 8
4585 23509275 m2 3500992 -4.54937299e-06 0.200000003 p1 37769 8
1833 23524254 m2 1443144 -8.96669405e-07 0.200000003 p1 37800 8
238 23531261 m2 178265 -8.08237382e-05 0.200000003 p1 37814 8
6466 23532276 m2 4959598 -9.58171513e-05 0.200000003 p1 37816 8
2480 23539302 m2 1914971 -0.000216561326 0.200000003 p1 37831 8
36 23547059 m2 31612 -0.00128012558 0.200000003 p1 37847 8
1186 23560019 m2 944710 -0.000199435133 0.200000003 p1 37874 8
4430 23565068 m2 3382902 -0.000285136019 0.200000003 p1 37884 8
1790 23566095 m2 1413010 -7.90264094e-05 0.200000003 p1 37886 8
6234 23584747 m3 4785650 0.00035615894 0.5 p1 37924 8
4362 23586477 m2 3339918 -1.57635569e-07 0.200000003 p1 37928 8
521 23593990 m2 405658 -9.7894881e-05 0.200000003 p1 37944 8
4351 23595678 m2 3333970 -3.43904867e-05 0.200000003 p1 37947 8
1275 23615030 m2 1016614 -9.38664652e-06 0.200000003 p1 37987 8
1931 23617518 m2 1518640 -3.60378399e-05 0.200000003 p1 37992 8
3929 23619928 m2 3027086 -0.000487669866 0.200000003 p1 37997 8
4 23633325 m2 2795 -0.000200204595 0.200000003 p1 38025 8
233 23634588 m2 176008 -0.000102662641 0.200000003 p1 38028 8
2016 23643694 m2 1579366 -0.000509468489 0.200000003 p1 38047 8
4514 23646301 m2 3442653 -0.000155033922 0.200000003 p1 38052 8
5361 23651759 m2 4118044 -0.000935831398 0.200000003 p1 38064 8
2593 23652168 m2 1995855 -0.000483715819 0.200000003 p1 38064 8
698 23652581 m2 547719 -5.50904922e-09 0.200000003 p1 38065 8
306 23658001 m2 237156 -1.99619699e-05 0.200000003 p1 38077 8
5589 23675186 m2 4287474 -0.000639815989 0.200000003 p1 38112 8
6207 23688627 m2 4757944 -3.27650781e-07 0.200000003 p1 38140 8
2906 23689867 m2 2228574 -7.72037101e-09 0.200000003 p1 38142 8
5003 23702796 m2 3841016 -0.000125951381 0.200000003 p1 38169 8
5856 23711069 m2 4494655 -1.39287355e-08 0.200000003 p1 38185 8
2876 23712688 m2 2205974 -0.00018920259 0.200000003 p1 38188 8
708 23721247 m2 555049 -0.00145120046 0.200000003 p1 38206 8
5423 23726316 m2 4165020 -3.03907086e-08 0.200000003 p1 38216 8
1908 23730294 m2 1494372 -5.0435433e-06 0.200000003 p1 38225 8
1287 23750236 m2 1027423 -0.000512142084 0.200000003 p1 38266 8
1260 23755060 m2 1004424 -7.92966057e-06 0.200000003 p1 38276 8
2022 23756593 m2 1581860 -0.00025108867 0.200000003 p1 38279 8
5014 23757932 m2 3847998 -1.30347132e-06 0.200000003 p1 38282 8
4352 23759459 m2 3334517 -8.61401786e-05 0.200000003 p1 38285 8
2215 23764471 m2 1716031 -1.09699367e-05 0.200000003 p1 38295 8
2463 23771596 m2 1900116 -0.000626269262 0.200000003 p1 38310 8
661 23772034 m2 519409 -6.45420805e-05 0.200000003 p1 38311 8
6005 23778718 m2 4599598 -1.18395526e-07 0.200000003 p1 38325 8
6239 23784755 m2 4790002 -0.000332976022 0.200000003 p1 38338 8
5279 23800197 m2 4055828 -0.000170326792 0.200000003 p1 38370 8
548 23802570 m2 427952 -0.00078091363 0.200000003 p1 38375 8
499 23806148 m2 383256 -0.00174957025 0.200000003 p1 38382 8
2063 23813940 m2 1609580 -0.00107722904 0.200000003 p1 38399 8
1558 23816402 m2 1244784 -6.91131354e-05 0.200000003 p1 38404 8
2252 23820345 m2 1739112 -4.02463193e-05 0.200000003 p1 38413 8
6214 23822334 m2 4766251 -8.32065041e-07 0.200000003 p1 38417 8
4978 23826621 m2 3823007 -0.000213709893 0.200000003 p1 38426 8
1499 23829365 m2 1198007 -0.000951416616 0.200000003 p1 38431 8
3059 23842706 m2 2344849 -1.43243722e-06 0.200000003 p1 38459 8
4764 23845637 m2 3653651 -5.14611056e-05 0.200000003 p1 38465 8
2415 23846074 m2 1865809 -0.000511113729 0.200000003 p1 38466 8
1614 23860001 m2 1280530 -0.000932283001 0.200000003 p1 38496 8
2437 23880439 m2 1881995 -0.000534936553 0.200000003 p1 38540 8
3743 23888651 m3 2875853 0.000456915179 0.5 p1 38557 8
6530 23893896 m2 4992881 -5.3269101e-05 0.200000003 p1 38568 8
4083 23896394 m2 3155209 -0.000304722897 0.200000003 p1 38574 8
4302 23911791 m2 3301584 -1.41955852e-05 0.200000003 p1 38606 8
786 23924357 m2 623200 -1.05040658e-06 0.200000003 p1 38632 8
1673 23930872 m2 1327151 -9.96240814e-08 0.200000003 p1 38646 8
4249 23935079 m2 3268770 -4.7360092e-07 0.200000003 p1 38654 8
536 23949513 m2 417103 -9.30796377e-05 0.200000003 p1 38685 8
1470 23970532 m2 1173633 -3.93093796e-05 0.200000003 p1 38730 8
4936 23975690 m2 3793340 -0.000237640808 0.200000003 p1 38741 8
5233 23977605 m2 4020800 -0.000718235096 0.200000003 p1 38745 8
978 23987747 m2 783317 -0.000302359782 0.200000003 p1 38767 8
100 23992030 m2 72812 -5.16806758e-05 0.200000003 p1 38777 8
1382 23995220 m2 1105793 -4.40406438e-05 0.200000003 p1 38783 8
5075 23997924 m2 3896883 -1.68381965e-15 0.200000003 p1 38789 8
939 23998522 m2 751655 -2.34483144e-09 0.200000003 p1 38790 8
5561 24000428 m2 4269536 -9.08757215e-07 0.200000003 p1 38794 8
3782 24003700 m2 2904254 -2.6200546e-06 0.200000003 p1 38801 8
1013 24003747 m2 803015 -2.10356793e-05 0.200000003 p1 38801 8
1680 24007910 m2 1329477 -0.000106098138 0.200000003 p1 38810 8
2018 24017134 m2 1579712 -0.00197685556 0.200000003 p1 38830 8
28 24019840 m3 23430 0.00307972566 0.5 p1 38835 8
295 24036434 m2 227411 -1.50506266e-05 0.200000003 p1 38871 8
3315 24042527 m2 2531986 -2.24079736e-06 0.200000003 p1 38884 8
5242 24054566 m3 4025911 2.18473742e-05 0.5 p1 38910 8
2893 24055567 m2 2217860 -0.00233407901 0.200000003 p1 38913 8
2135 24068640 m2 1660592 -1.04426897e-06 0.200000003 p1 38941 8
4692 24101770 m2 3589521 -0.00183488138 0.200000003 p1 39012 8
5042 24104052 m2 3869176 -2.94718466e-05 0.200000003 p1 39016 8
4687 24104530 m2 3584537 -8.19397756e-05 0.200000003 p1 39018 8
5796 24109431 m2 4452471 -0.00155702094 0.200000003 p1 39028 8
4374 24117707 m2 3348809 -0.000696891628 0.200000003 p1 39046 8
3421 24120637 m2 2606264 -9.48866655e-05 0.200000003 p1 39052 8
540 24120886 m2 421595 -8.67173014e-07 0.200000003 p1 39053 8
4098 24128451 m2 3165639 -0.000164279714 0.200000003 p1 39068 8
2448 24131654 m2 1891928 -6.7648376e-05 0.200000003 p1 39075 8
5149 24137626 m2 3959092 -8.09419907e-06 0.200000003 p1 39088 8
6170 24141902 m2 4735517 -0.00142802496 0.200000003 p1 39097 8
3740 24145356 m2 2872707 -1.31505749e-05 0.200000003 p1 39105 8
1844 24146826 m2 1449687 -3.51777908e-06 0.200000003 p1 39108 8
1410 24147411 m2 1132586 -0.00170228723 0.200000003 p1 39109 8
1551 24152747 m2 1237787 -0.000533612911 0.200000003 p1 39120 8
3795 24155744 m2 2911926 -0.00211803941 0.200000003 p1 39126 8
1036 24161962 m2 812143 -6.60363241e-07 0.200000003 p1 39139 8
6543 24167835 m2 4998830 -0.000916332938 0.200000003 p1 39152 8
274 24183195 m2 212347 -6.6870758e-05 0.200000003 p1 39185 8
5745 24183570 m2 4415903 -0.00104303635 0.200000003 p1 39185 8
2040 24185086 m2 1594802 -1.60863237e-07 0.200000003 p1 39189 8
780 24186595 m2 616934 -0.000616941077 0.200000003 p1 39192 8
5956 24188815 m2 4565224 -4.50666485e-05 0.200000003 p1 39197 8
5031 24192457 m2 3859372 -0.000594974379 0.200000003 p1 39204 8
5747 24193235 m2 4416787 -0.000280020613 0.200000003 p1 39206 8
5814 24196795 m2 4466632 -0.00100310612 0.200000003 p1 39214 8
467 24203166 m2 359106 -0.000569627096 0.200000003 p1 39227 8
3025 24207934 m2 2313582 -2.41117641e-06 0.200000003 p1 39238 8
5890 24217450 m2 4517465 -0.000104929451 0.200000003 p1 39258 8
4366 24218460 m2 3344512 -0.000113856877 0.200000003 p1 39260 8
6118 24224519 m2 4694491 -1.99495717e-05 0.200000003 p1 39273 8
1059 24224582 m3 839761 0.000951766619 0.5 p1 39273 8
2771 24226306 m2 2128731 -2.30410251e-06 0.200000003 p1 39277 8
3068 24236340 m2 2347740 -4.87015768e-06 0.200000003 p1 39298 8
1303 24238202 m3 1036053 0.000248432014 0.5 p1 39302 8
5238 24250364 m2 4022871 -2.76501567e-07 0.200000003 p1 39328 8
881 24254586 m2 702365 -1.09870086e-08 0.200000003 p1 39338 8
1462 24255542 m2 1170031 -4.52260474e-06 0.200000003 p1 39339 8
5161 24256970 m2 3968465 -0.000829202414 0.200000003 p1 39342 8
6331 24259464 m2 4852702 -3.04673176e-10 0.200000003 p1 39348 8
2488 24276437 m2 1920971 -6.12004351e-06 0.200000003 p1 39383 8
5719 24276588 m2 4392561 -6.86396161e-05 0.200000003 p1 39384 8
3181 24276915 m2 2430617 -0.000698429358 0.200000003 p1 39384 8
300 24295857 m2 232001 -0.0014422735 0.200000003 p1 39425 8
6210 24307252 m2 4758751 -0.000993563794 0.200000003 p1 39449 8
212 24309037 m2 163299 -0.00071763678 0.200000003 p1 39452 8
2980 24322444 m2 2277460 -0.000102841572 0.200000003 p1 39481 8
5790 24327395 m2 4447579 -0.000983929145 0.200000003 p1 39492 8
4751 24331410 m2 3646706 -0.00103593024 0.200000003 p1 39501 8
5469 24334529 m2 4194583 -3.98441171e-06 0.200000003 p1 39508 8
3663 24335655 m2 2806224 -5.51971289e-06 0.200000003 p1 39510 8
1307 24335883 m3 1037921 0.00129583478 0.5 p1 39511 8
2097 24339137 m2 1632939 -0.00133328512 0.200000003 p1 39518 8
6079 24339147 m2 4666350 -3.59336082e-05 0.200000003 p1 39518 8
4571 24339954 m2 3494369 -3.67111534e-05 0.200000003 p1 39519 8
5694 24349560 m2 4371291 -6.73417453e-05 0.200000003 p1 39540 8
471 24349761 m2 364410 -0.00141175953 0.200000003 p1 39540 8
1166 24357713 m2 925021 -1.5200651e-06 0.200000003 p1 39557 8
111 24364871 m2 84207 -2.93325206e-06 0.200000003 p1 39573 8
500 24367967 m2 383555 -0.000262185378 0.200000003 p1 39579 8
4696 24375417 m2 3592760 -0.00208041631 0.200000003 p1 39596 8
3211 24378861 m2 2454588 -0.00133524567 0.200000003 p1 39603 8
767 24381225 m2 606143 -0.000399853132 0.200000003 p1 39608 8
3744 24388340 m2 2876239 -4.59634393e-05 0.200000003 p1 39624 8
4521 24397775 m2 3451334 -8.89743533e-05 0.200000003 p1 39644 8
3004 24409876 m2 2293922 -0.000221197988 0.200000003 p1 39671 8
2339 24412732 m3 1801477 0.000308931601 0.5 p1 39677 8
3639 24414460 m2 2784720 -6.96456627e-05 0.200000003 p1 39681 8
875 24424534 m2 697509 -5.75807535e-05 0.200000003 p1 39703 8
46 24426204 m2 39930 -0.000160247029 0.200000003 p1 39707 8
3596 24427650 m2 2750358 -6.93859015e-09 0.200000003 p1 39710 8
5920 24434315 m2 4540356 -0.000232238468 0.200000003 p1 39725 8
4236 24436723 m2 3261548 -5.64877655e-06 0.200000003 p1 39730 8
3603 24437898 m2 2757273 -0.000385229068 0.200000003 p1 39733 8
169 24441330 m2 130013 -5.26511176e-05 0.200000003 p1 39740 8
6050 24452069 m2 4641044 -0.00145895826 0.200000003 p1 39764 8
1015 24452513 m2 804173 -1.95248977e-05 0.200000003 p1 39764 8
989 24473314 m2 789057 -0.000312843535 0.200000003 p1 39809 8
762 24477512 m2 601088 -4.82214746e-05 0.200000003 p1 39819 8
3576 24492220 m2 2730498 -0.00149882433 0.200000003 p1 39850 8
5964 24493970 m2 4569567 -0.00166372058 0.200000003 p1 39854 8
5656 24504189 m2 4341432 -1.68315049e-11 0.200000003 p1 39876 8
1103 24504913 m2 878585 -0.000338226411 0.200000003 p1 39878 8
1915 24511165 m2 1502670 -0.00221583596 0.200000003 p1 39892 8
477 24511284 m2 369735 -4.69471161e-06 0.200000003 p1 39892 8
1699 24511538 m2 1347032 -0.000202724361 0.200000003 p1 39892 8
1539 24512906 m2 1228372 -4.45014939e-06 0.200000003 p1 39895 8
692 24515053 m2 543304 -0.000759082614 0.200000003 p1 39900 8
954 24516373 m2 763622 -3.29443033e-08 0.200000003 p1 39903 8
2253 24519697 m2 1742505 -1.82916565e-07 0.200000003 p1 39910 8
4160 24523475 m2 3202318 -0.00047370416 0.200000003 p1 39918 8
6155 24540126 m2 4727340 -1.55900689e-05 0.200000003 p1 39955 8
3394 24548318 m2 2583486 -0.00136142038 0.200000003 p1 39973 8
3846 24558682 m2 2956464 -0.00233592209 0.200000003 p1 39996 8
3207 24562288 m2 2451888 -1.1267527e-05 0.200000003 p1 40004 8
2057 24573860 m2 1604923 -1.31803191e-07 0.200000003 p1 40030 8
6531 24598933 m2 4993147 -0.000347462395 0.200000003 p1 40085 8
946 24599115 m2 758054 -1.00972657e-05 0.200000003 p1 40085 8
72 24599998 m2 57213 -1.59823426e-08 0.200000003 p1 40088 8
2050 24609503 m2 1601532 -3.81233946e-07 0.200000003 p1 40109 8
1397 24613865 m2 1118563 -0.00023051459 0.200000003 p1 40118 8
2151 24617200 m2 1668733 -1.06600578e-06 0.200000003 p1 40126 8
3898 24617327 m2 3004872 -9.78980369e-11 0.200000003 p1 40126 8
1748 24622051 m2 1387339 -0.000748278806 0.200000003 p1 40136 8
2152 24624877 m2 1668964 -1.23332684e-05 0.200000003 p1 40143 8
2870 24626194 m2 2199930 -5.65364053e-06 0.200000003 p1 40145 8
4184 24629654 m2 3214223 -0.00119870831 0.200000003 p1 40153 8
4864 24632548 m2 3739452 -3.6635895e-06 0.200000003 p1 40160 8
2482 24646009 m2 1915328 -1.17978898e-08 0.200000003 p1 40189 8
5257 24662767 m2 4042997 -0.000523599272 0.200000003 p1 40227 8
3792 24667436 m2 2911255 -0.000542665541 0.200000003 p1 40237 8
2848 24675567 m2 2183024 -0.000994081027 0.200000003 p1 40255 8
2632 24680817 m2 2019678 -0.000925294124 0.200000003 p1 40267 8
5099 24682075 m2 3912551 -0.000145417114 0.200000003 p1 40270 8
2894 24687885 m2 2218244 -1.65494083e-13 0.200000003 p1 40283 8
5021 24689275 m2 3853347 -0.000454561086 0.200000003 p1 40286 8
4999 24693435 m2 3840155 -3.58632205e-05 0.200000003 p1 40296 8
2421 24700105 m2 1868855 -2.18931746e-05 0.200000003 p1 40311 8
848 24702371 m2 678166 -2.45286319e-05 0.200000003 p1 40315 8
5600 24713860 m2 4296209 -0.000995860668 0.200000003 p1 40341 8
1475 24715789 m2 1176444 -0.00102502026 0.200000003 p1 40345 8
2830 24722202 m2 2171752 -0.00108247239 0.200000003 p1 40359 8
4158 24724461 m2 3201609 -1.79058097e-05 0.200000003 p1 40364 8
5493 24727057 m2 4217919 -1.10110404e-05 0.200000003 p1 40370 8
142 24735348 m2 105962 -2.31706477e-11 0.200000003 p1 40388 8
535 24737902 m2 416195 -6.77746575e-05 0.200000003 p1 40394 8
5579 24756636 m2 4283744 -0.000121017161 0.200000003 p1 40436 8
2478 24761469 m2 1909486 -0.0013387535 0.200000003 p1 40447 8
5923 24768390 m2 4543344 -4.3155419e-06 0.200000003 p1 40463 8
1829 24772737 m2 1441173 -8.77346829e-05 0.200000003 p1 40472 8
924 24775169 m2 737037 -0.000370950351 0.200000003 p1 40478 8
1268 24778181 m2 1013046 -1.8941663e-06 0.200000003 p1 40485 8
4719 24793333 m2 3618940 -9.91452398e-05 0.200000003 p1 40519 8
2364 24797863 m2 1818433 -0.000272829551 0.200000003 p1 40529 8
3386 24800992 m2 2579125 -4.4933462e-05 0.200000003 p1 40536 8
3042 24802081 m2 2328831 -3.67145549e-05 0.200000003 p1 40538 8
799 24819357 m2 636703 -3.60438065e-07 0.200000003 p1 40576 8
3864 24820125 m2 2971518 -0.000229263373 0.200000003 p1 40578 8
2090 24821522 m2 1626983 -4.86198726e-09 0.200000003 p1 40581 8
4005 24827597 m2 3093566 -4.41076882e-05 0.200000003 p1 40595 8
366 24830371 m2 280773 -5.63592184e-05 0.200000003 p1 40601 8
2678 24832059 m2 2056948 -0.000149997111 0.200000003 p1 40604 8
1119 24832764 m2 891511 -2.57011998e-05 0.200000003 p1 40606 8
1973 24833919 m2 1542687 -1.4111808e-05 0.200000003 p1 40608 8
1446 24838976 m2 1156771 -1.54439341e-08 0.200000003 p1 40620 8
2037 24842274 m2 1592210 -5.48324933e-05 0.200000003 p1 40628 8
1100 24842534 m2 876217 -4.84417524e-06 0.200000003 p1 40628 8
5928 24844892 m2 4546526 -1.93298856e-05 0.200000003 p1 40634 8
4796 24852113 m2 3685230 -0.000134135407 0.200000003 p1 40650 8
1959 24852689 m2 1534154 -0.000521217065 0.200000003 p1 40651 8
1962 24853067 m2 1535792 -0.000547945267 0.200000003 p1 40652 8
1272 24854371 m2 1015801 -0.000136135321 0.200000003 p1 40655 8
6159 24854516 m2 4729928 -5.35735353e-07 0.200000003 p1 40655 8
4054 24860611 m2 3126652 -0.000395540934 0.200000003 p1 40669 8
514 24863389 m2 395843 -5.43390925e-05 0.200000003 p1 40675 8
3917 24867368 m2 3018339 -0.000391107518 0.200000003 p1 40684 8
787 24868928 m2 623254 -0.000552380632 0.200000003 p1 40688 8
2361 24872809 m2 1816879 -5.21085269e-07 0.200000003 p1 40696 8
5258 24891343 m2 4043364 -1.28244568e-10 0.200000003 p1 40738 8
4108 24894096 m2 3171133 -3.14928741e-07 0.200000003 p1 40745 8
6541 24894955 m2 4997768 -4.618822e-06 0.200000003 p1 40747 8
1088 24896884 m2 865208 -0.000355349533 0.200000003 p1 40751 8
3755 24904099 m2 2885922 -8.9832145e-05 0.200000003 p1 40767 8
1070 24910188 m2 846975 -8.26138421e-06 0.200000003 p1 40781 8
3029 24910955 m2 2317069 -0.00122088229 0.200000003 p1 40783 8
4018 24912392 m2 3106812 -0.000152783119 0.200000003 p1 40786 8
1542 24913190 m2 1232137 -6.15179815e-05 0.200000003 p1 40788 8
4473 24913984 m2 3415831 -0.00100948545 0.200000003 p1 40789 8
1662 24914128 m2 1319948 -3.66824992e-07 0.200000003 p1 40790 8
5696 24919610 m2 4373980 -1.51446571e-07 0.200000003 p1 40802 8
4700 24925587 m2 3600516 -4.32448542e-05 0.200000003 p1 40816 8
250 24933376 m2 191261 -0.000636657176 0.200000003 p1 40833 8
3775 24934720 m2 2897315 -2.16488843e-06 0.200000003 p1 40837 8
3387 24936537 m2 2579699 -3.97274889e-05 0.200000003 p1 40841 8
1047 24943604 m2 826365 -0.00218132557 0.200000003 p1 40857 8
5209 24946482 m2 4000654 -0.000220736023 0.200000003 p1 40863 8
5117 24950960 m2 3931124 -0.00122708187 0.200000003 p1 40873 8
60 24960060 m2 49577 -0.000196208654 0.200000003 p1 40893 8
6278 24961044 m2 4820127 -0.000145907426 0.200000003 p1 40895 8
4466 24961272 m2 3408166 -9.23886273e-06 0.200000003 p1 40896 8
6176 24989047 m2 4738704 -2.17953726e-07 0.200000003 p1 40958 8
2343 24994200 m2 1805573 -3.8865739e-05 0.200000003 p1 40969 8
6130 24996182 m2 4702931 -6.96260471e-08 0.200000003 p1 40974 8
5730 25000262 m2 4404949 -1.84262205e-06 0.200000003 p1 40983 8
4861 25003066 m2 3738015 -5.11211365e-05 0.200000003 p1 40989 8
5333 25006001 m2 4098371 -2.97859897e-05 0.200000003 p1 40995 8
2160 25007618 m2 1677514 -0.00119335204 0.200000003 p1 40999 8
3557 25011376 m2 2721433 -2.53051403e-05 0.200000003 p1 41007 8
1537 25023726 m2 1226554 -0.000223837371 0.200000003 p1 41035 8
4562 25032055 m2 3486369 -0.000400955731 0.200000003 p1 41054 8
6386 25034335 m2 4903726 -1.75771747e-05 0.200000003 p1 41059 8
1057 25036904 m2 837287 -4.96458188e-06 0.200000003 p1 41065 8
5957 25042080 m2 4565961 -0.000116772135 0.200000003 p1 41076 8
6084 25042808 m2 4670316 -5.06258822e-08 0.200000003 p1 41078 8
1108 25045320 m2 882370 -0.000674732553 0.200000003 p1 41083 8
3636 25046083 m2 2780968 -0.000219298207 0.200000003 p1 41085 8
5417 25065315 m2 4161540 -6.84684392e-06 0.200000003 p1 41128 8
4372 25065814 m2 3346910 -2.97267473e-08 0.200000003 p1 41129 8
4183 25066976 m2 3212885 -2.09720133e-06 0.200000003 p1 41132 8
1872 25101995 m2 1473187 -0.00147016486 0.200000003 p1 41209 8
2371 25103680 m2 1823511 -0.000143595636 0.200000003 p1 41213 8
2001 25104951 m2 1569574 -1.5042514e-05 0.200000003 p1 41215 8
6010 25115610 m2 4603538 -1.95814373e-05 0.200000003 p1 41238 8
1381 25118663 m2 1105388 -0.000220468311 0.200000003 p1 41245 8
4836 25120972 m2 3717568 -2.85446481e-06 0.200000003 p1 41250 8
3159 25122261 m2 2411933 -1.6177939e-05 0.200000003 p1 41253 8
6233 25122674 m2 4785498 -8.06790649e-06 0.200000003 p1 41254 8
5316 25122948 m2 4087114 -9.42587758e-06 0.200000003 p1 41254 8
481 25135334 m2 373280 -0.000362822495 0.200000003 p1 41282 8
4049 25138572 m2 3123140 -0.0003571095 0.200000003 p1 41289 8
6237 25138761 m2 4787103 -0.0022666289 0.200000003 p1 41290 8
856 25145902 m2 683308 -0.000626339111 0.200000003 p1 41305 8
1076 25150783 m2 851949 -9.63076786e-07 0.200000003 p1 41316 8
4478 25157206 m2 3420217 -0.000164556637 0.200000003 p1 41330 8
3036 25162187 m3 2322733 0.000400988065 0.5 p1 41341 8
2038 25172328 m2 1592851 -8.76669728e-05 0.200000003 p1 41364 8
2726 25172969 m2 2092517 -0.00085389911 0.200000003 p1 41365 8
6133 25173854 m2 4705695 -1.15183307e-09 0.200000003 p1 41367 8
5551 25174268 m2 4261807 -9.08490911e-05 0.200000003 p1 41368 8
2354 25180567 m2 1812099 -0.000756784575 0.200000003 p1 41382 8
2976 25197879 m2 2274551 -3.19415176e-06 0.200000003 p1 41420 8
651 25202580 m2 512238 -0.000726601109 0.200000003 p1 41431 8
4915 25213408 m2 3779218 -0.000541137997 0.200000003 p1 41454 8
2247 25221860 m2 1734494 -0.000153145549 0.200000003 p1 41472 8
5884 25237276 m2 4511573 -1.26759996e-05 0.200000003 p1 41507 8
1039 25238135 m3 818396 0.000897016726 0.5 p1 41509 8
3395 25246987 m3 2585246 0.000709709886 0.5 p1 41528 8
4933 25252559 m2 3791496 -0.000171678286 0.200000003 p1 41540 8
828 25254914 m2 664600 -1.49617463e-05 0.200000003 p1 41546 8
5459 25257865 m2 4189107 -5.85220696e-05 0.200000003 p1 41552 8
5607 25261004 m2 4300177 -0.00365648791 0.200000003 p1 41559 8
6317 25264167 m2 4846081 -2.91896304e-05 0.200000003 p1 41566 8
2597 25265760 m2 1998285 -2.98265412e-08 0.200000003 p1 41569 8
1896 25266611 m2 1489781 -4.51304317e-07 0.200000003 p1 41571 8
5027 25278553 m2 3856418 -0.000248188939 0.200000003 p1 41598 8
2694 25281329 m2 2062935 -4.87152865e-05 0.200000003 p1 41604 8
697 25286008 m3 547283 0.00178745168 0.5 p1 41615 8
6073 25287988 m2 4660623 -5.42196176e-06 0.200000003 p1 41619 8
2888 25297471 m2 2214628 -6.83107464e-06 0.200000003 p1 41641 8
3918 25300051 m2 3019666 -4.94031246e-06 0.200000003 p1 41646 8
1052 25303521 m2 831418 -0.000189204846 0.200000003 p1 41654 8
5977 25320218 m2 4580787 -0.000202517214 0.200000003 p1 41692 8
1125 25325670 m2 893955 -0.000160722528 0.200000003 p1 41704 8
1358 25327821 m2 1085456 -2.8765686e-07 0.200000003 p1 41709 8
1556 25333282 m2 1243423 -2.66434581e-05 0.200000003 p1 41721 8
136 25336417 m2 103458 -0.000488783699 0.200000003 p1 41729 8
5572 25336842 m2 4281080 -3.38220234e-05 0.200000003 p1 41730 8
3724 25343364 m2 2859472 -8.0025944e-05 0.200000003 p1 41744 8
3648 25344899 m2 2791996 -8.08047503e-07 0.200000003 p1 41748 8
1356 25348159 m2 1084360 -1.33338588e-07 0.200000003 p1 41755 8
2890 25350453 m2 2215662 -9.69651737e-05 0.200000003 p1 41761 8
2445 25354220 m2 1889368 -7.73106379e-08 0.200000003 p1 41769 8
838 25359830 m2 669292 -1.04194799e-10 0.200000003 p1 41782 8
6276 25369425 m2 4819353 -0.00196203915 0.200000003 p1 41804 8
1946 25373787 m2 1526358 -4.97309566e-06 0.200000003 p1 41814 8
4553 25376480 m2 3475972 -1.36152285e-05 0.200000003 p1 41820 8
2487 25389399 m2 1919097 -2.38592094e-07 0.200000003 p1 41849 8
3733 25394213 m2 2864494 -0.00092232693 0.200000003 p1 41859 8
2443 25394741 m2 1889159 -9.22093335e-09 0.200000003 p1 41861 8
2920 25395054 m2 2237174 -2.48398067e-07 0.200000003 p1 41862 8
1601 25396215 m2 1270971 -1.70789161e-09 0.200000003 p1 41864 8
17 25406784 m2 14763 -8.9991292e-05 0.200000003 p1 41888 8
2953 25407134 m2 2257285 -6.61070662e-05 0.200000003 p1 41889 8
5823 25408461 m2 4469760 -1.74262404e-05 0.200000003 p1 41892 8
1127 25410657 m2 899535 -6.12069125e-05 0.200000003 p1 41897 8
1269 25413887 m2 1014772 -8.76673039e-06 0.200000003 p1 41904 8
1301 25420647 m2 1035813 -6.87018428e-06 0.200000003 p1 41919 8
3771 25438884 m2 2893152 -0.00208498049 0.200000003 p1 41960 8
1897 25449331 m2 1489783 -0.00493801851 0.200000003 p1 41983 8
2078 25451382 m2 1620982 -3.65623928e-05 0.200000003 p1 41988 8
2380 25458874 m2 1832061 -0.000110797322 0.200000003 p1 42005 8
375 25479778 m2 286302 -1.53156361e-06 0.200000003 p1 42053 8
1747 25480770 m2 1387263 -0.000588953088 0.200000003 p1 42056 8
1834 25480945 m2 1444646 -3.11439075e-09 0.200000003 p1 42056 8
1821 25484312 m2 1437223 -7.39756251e-06 0.200000003 p1 42064 8
704 25486651 m2 552694 -0.000143115802 0.200000003 p1 42069 8
4211 25488228 m2 3237959 -0.000402419595 0.200000003 p1 42072 8
5453 25489932 m2 4184169 -0.000213173305 0.200000003 p1 42076 8
5648 25492732 m2 4330507 -0.000555444916 0.200000003 p1 42083 8
6161 25492926 m2 4730973 -0.000824532821 0.200000003 p1 42083 8
1155 25497309 m2 919339 -7.62988493e-05 0.200000003 p1 42093 8
5536 25499384 m2 4244530 -0.0002465742 0.200000003 p1 42098 8
232 25504740 m2 175999 -6.63927585e-06 0.200000003 p1 42110 8
4569 25508300 m2 3491744 -0.000848190801 0.200000003 p1 42118 8
322 25521065 m2 244842 -2.62147215e-09 0.200000003 p1 42146 8
3468 25528924 m2 2648474 -0.000761342759 0.200000003 p1 42164 8
2584 25528949 m2 1991622 -0.00130566186 0.200000003 p1 42164 8
3155 25534106 m2 2409198 -5.34566198e-07 0.200000003 p1 42175 8
3135 25536121 m2 2393861 -7.30856573e-06 0.200000003 p1 42180 8
1902 25544516 m2 1490917 -0.000108218468 0.200000003 p1 42199 8
5655 25545866 m2 4338318 -0.00058087043 0.200000003 p1 42202 8
1491 25549762 m2 1191354 -0.000719759497 0.200000003 p1 42211 8
699 25553470 m2 549475 -9.40131576e-06 0.200000003 p1 42220 8
5741 25553998 m2 4414954 -1.60315814e-12 0.200000003 p1 42221 8
855 25555422 m2 683037 -2.62381909e-05 0.200000003 p1 42224 8
1479 25555873 m2 1179782 -1.45021612e-08 0.200000003 p1 42225 8
4831 25556714 m2 3713779 -2.2672821e-15 0.200000003 p1 42227 8
1309 25557783 m2 1039773 -8.73608733e-05 0.200000003 p1 42230 8
6219 25581149 m2 4771008 -0.00018185201 0.200000003 p1 42282 8
6441 25589352 m2 4941847 -9.3642484e-07 0.200000003 p1 42302 8
2615 25594788 m2 2009525 -8.63631033e-09 0.200000003 p1 42314 8
4756 25604374 m2 3648001 -4.32723718e-05 0.200000003 p1 42336 8
5699 25614665 m2 4377014 -0.000393078779 0.200000003 p1 42360 8
6145 25621292 m2 4720271 -0.000713890593 0.200000003 p1 42376 8
1545 25624144 m3 1233289 0.0010352612 0.5 p1 42382 8
3215 25624145 m2 2455852 -2.0057103e-05 0.200000003 p1 42382 8
4613 25627181 m2 3521052 -0.000191664105 0.200000003 p1 42389 8
1773 25647308 m2 1403124 -1.79521212e-05 0.200000003 p1 42435 8
5474 25657385 m2 4197272 -8.55584048e-08 0.200000003 p1 42459 8
4765 25660508 m2 3654102 -4.0993493e-09 0.200000003 p1 42467 8
6398 25662349 m2 4912993 -7.10534607e-07 0.200000003 p1 42471 8
5563 25676923 m2 4271286 -1.49827906e-06 0.200000003 p1 42504 8
2212 25677332 m2 1711116 -0.000478310627 0.200000003 p1 42505 8
3369 25679519 m2 2568484 -0.00106571673 0.200000003 p1 42510 8
3514 25687282 m3 2679854 0.00201014872 0.5 p1 42527 8
570 25691643 m2 450300 -3.81602149e-06 0.200000003 p1 42538 8
121 25704357 m2 91291 -2.50415887e-05 0.200000003 p1 42567 8
3561 25708244 m2 2723798 -4.0357354e-05 0.200000003 p1 42576 8
2826 25710039 m2 2167365 -2.8607441e-05 0.200000003 p1 42580 8
3927 25729515 m2 3025463 -4.62723705e-07 0.200000003 p1 42624 8
1193 25732332 m2 951865 -0.00289427326 0.200000003 p1 42631 8
6306 25735009 m2 4841070 -2.10266376e-06 0.200000003 p1 42637 8
2300 25741950 m2 1776002 -0.00273787882 0.200000003 p1 42653 8
436 25744351 m2 338570 -4.41812108e-06 0.200000003 p1 42659 8
4326 25759048 m2 3318440 -9.37396791e-08 0.200000003 p1 42693 8
3528 25760838 m2 2689373 -0.000839154818 0.200000003 p1 42698 8
2822 25760987 m2 2163286 -7.55189422e-13 0.200000003 p1 42698 8
4199 25769640 m2 3227044 -1.49401603e-06 0.200000003 p1 42718 8
2370 25771414 m2 1823132 -5.94803205e-05 0.200000003 p1 42722 8
689 25772958 m2 538469 -0.000739505398 0.200000003 p1 42725 8
6251 25790658 m2 4800043 -0.000209097983 0.200000003 p1 42766 8
6387 25792586 m2 4903963 -0.000978588359 0.200000003 p1 42771 8
2586 25794774 m2 1992219 -0.000962882827 0.200000003 p1 42776 8
3604 25800134 m2 2757697 -4.72805404e-08 0.200000003 p1 42788 8
3182 25802573 m2 2431152 -4.48982464e-05 0.200000003 p1 42793 8
3911 25811661 m2 3014363 -0.000103408602 0.200000003 p1 42814 8
3899 25819231 m2 3005125 -1.46238119e-06 0.200000003 p1 42831 8
4140 25838387 m2 3189309 -1.27833828e-05 0.200000003 p1 42875 8
4848 25846026 m2 3728662 -3.58863417e-06 0.200000003 p1 42893 8
2394 25847202 m3 1842366 0.000694440096 0.5 p1 42896 8
3873 25860306 m2 2983194 -0.0011810225 0.200000003 p1 42926 8
221 25860473 m2 171364 -5.83923502e-05 0.200000003 p1 42926 8
5287 25864643 m2 4062578 -0.000124839862 0.200000003 p1 42936 8
5934 25865865 m2 4549444 -4.70682426e-09 0.200000003 p1 42939 8
249 25869477 m2 190632 -7.53229233e-06 0.200000003 p1 42947 8
2991 25875296 m2 2287401 -1.58579933e-05 0.200000003 p1 42960 8
4245 25885680 m2 3266258 -0.000200059119 0.200000003 p1 42984 8
3332 25886114 m2 2541820 -2.03594373e-05 0.200000003 p1 42985 8
5732 25887271 m2 4406682 -9.64640858e-05 0.200000003 p1 42988 8
1801 25891979 m2 1421443 -4.185953e-06 0.200000003 p1 42998 8
5416 25894042 m2 4161233 -5.65786504e-05 0.200000003 p1 43003 8
390 25903050 m2 296133 -2.44498005e-05 0.200000003 p1 43024 8
3953 25906352 m2 3044647 -0.000599409919 0.200000003 p1 43032 8
4419 25908389 m2 3374413 -0.000371299422 0.200000003 p1 43036 8
5520 25908419 m2 4234107 -1.75460154e-05 0.200000003 p1 43036 8
5461 25908695 m3 4189483 0.00012420438 0.5 p1 43037 8
2933 25932192 m2 2246226 -8.25334355e-05 0.200000003 p1 43091 8
931 25934091 m2 742811 -0.000305449765 0.200000003 p1 43096 8
6106 25934675 m2 4688581 -0.000153112924 0.200000003 p1 43097 8
3306 25939091 m2 2523927 -2.13387539e-05 0.200000003 p1 43108 8
4275 25944257 m2 3286372 -0.000328453316 0.200000003 p1 43120 8
2628 25945651 m2 2018601 -1.39509211e-05 0.200000003 p1 43123 8
2521 25973932 m2 1939271 -0.000752445601 0.200000003 p1 43189 8
517 25974037 m2 399084 -3.90945097e-05 0.200000003 p1 43189 8
4709 25974720 m2 3609575 -0.000418262411 0.200000003 p1 43190 8
2961 25977923 m2 2261467 -2.26409853e-07 0.200000003 p1 43197 8
4213 25981093 m2 3241408 -3.12927623e-05 0.200000003 p1 43205 8
2277 25984421 m2 1757195 -0.000679651159 0.200000003 p1 43212 8
5946 25987079 m2 4558774 -5.7051866e-06 0.200000003 p1 43219 8
6477 25989044 m2 4966270 -9.81339326e-05 0.200000003 p1 43223 8
5447 25989121 m2 4180155 -0.00104365253 0.200000003 p1 43223 8
6038 25993439 m2 4628404 -0.000482333126 0.200000003 p1 43233 8
6454 25998021 m2 4952139 -0.00105071627 0.200000003 p1 43244 8
6232 25998488 m2 4784218 -0.00119997596 0.200000003 p1 43245 8
730 26003480 m2 569389 -0.000931300397 0.200000003 p1 43256 8
2191 26004008 m2 1701318 -0.000697705487 0.200000003 p1 43257 8
913 26005520 m2 727678 -0.000165044461 0.200000003 p1 43261 8
1797 26006485 m2 1418598 -7.14582526e-09 0.200000003 p1 43263 8
1681 26017085 m2 1329655 -0.000146154794 0.200000003 p1 43288 8
1784 26026394 m2 1409295 -5.55269326e-05 0.200000003 p1 43310 8
4721 26026955 m2 3621809 -3.66014774e-08 0.200000003 p1 43312 8
505 26027119 m2 387261 -8.5966736e-09 0.200000003 p1 43312 8
2237 26032713 m2 1727520 -0.000139456752 0.200000003 p1 43325 8
4980 26033800 m2 3827516 -9.13060285e-05 0.200000003 p1 43327 8
1375 26037188 m2 1099109 -1.19065489e-05 0.200000003 p1 43336 8
2376 26038459 m2 1829006 -0.000767721271 0.200000003 p1 43339 8
216 26041483 m3 166151 0.000981407007 0.5 p1 43346 8
145 26042448 m2 108868 -0.00222832127 0.200000003 p1 43348 8
105 26044181 m2 76433 -0.00207582698 0.200000003 p1 43352 8
3299 26045767 m2 2519668 -3.00317315e-05 0.200000003 p1 43356 8
3341 26049946 m3 2545969 0.000495209883 0.5 p1 43366 8
438 26055179 m2 340252 -0.000764438242 0.200000003 p1 43378 8
2087 26056637 m2 1626410 -0.000255027058 0.200000003 p1 43382 8
4122 26060278 m2 3180254 -1.80419235e-08 0.200000003 p1 43390 8
4641 26066271 m2 3545753 -0.000669746194 0.200000003 p1 43404 8
2617 26070082 m2 2009810 -1.88262425e-06 0.200000003 p1 43413 8
4290 26075628 m2 3297060 -1.23794109e-06 0.200000003 p1 43427 8
5190 26080690 m2 3988649 -0.0012858574 0.200000003 p1 43439 8
6472 26081007 m2 4964933 -8.68678489e-06 0.200000003 p1 43440 8
3621 26096112 m2 2768589 -0.000224893811 0.200000003 p1 43474 8
1901 26101182 m2 1490801 -5.94616313e-06 0.200000003 p1 43486 8
3167 26108018 m2 2419268 -8.4492036e-05 0.200000003 p1 43502 8
1034 26109576 m2 811410 -5.89820047e-06 0.200000003 p1 43506 8
2596 26112490 m2 1998268 -0.000169218329 0.200000003 p1 43513 8
2105 26124667 m2 1638782 -2.61936634e-07 0.200000003 p1 43542 8
2217 26136426 m2 1716789 -5.08175084e-08 0.200000003 p1 43569 8
5342 26146652 m2 4108828 -0.000633604417 0.200000003 p1 43593 8
5670 26150496 m2 4351772 -1.80615234e-06 0.200000003 p1 43602 8
6368 26151865 m2 4884587 -5.63500464e-07 0.200000003 p1 43606 8
1978 26154420 m2 1550303 -1.6542329e-15 0.200000003 p1 43611 8
6153 26157107 m3 4726154 0.00166815019 0.5 p1 43618 8
4436 26157203 m2 3389898 -4.99470698e-05 0.200000003 p1 43618 8
3502 26158293 m2 2670071 -0.000122312777 0.200000003 p1 43621 8
1632 26167240 m2 1296415 -0.000726183585 0.200000003 p1 43642 8
990 26189647 m2 789628 -7.76401521e-06 0.200000003 p1 43696 8
3590 26189786 m2 2744638 -5.55126753e-05 0.200000003 p1 43696 8
2506 26190287 m2 1928915 -0.000189688581 0.200000003 p1 43698 8
1763 26190784 m2 1395173 -0.000451112399 0.200000003 p1 43699 8
5498 26206972 m2 4219625 -3.24390157e-06 0.200000003 p1 43737 8
5986 26207062 m2 4586663 -0.000583143905 0.200000003 p1 43737 8
2459 26210235 m3 1895581 0.00105081871 0.5 p1 43745 8
3587 26211028 m2 2741550 -1.11626623e-05 0.200000003 p1 43747 8
541 26213481 m2 422098 -1.93643726e-10 0.200000003 p1 43752 8
2788 26214585 m2 2139752 -9.70670044e-07 0.200000003 p1 43755 8
2859 26220451 m2 2191650 -1.14574576e-07 0.200000003 p1 43768 8
5372 26222821 m2 4127512 -2.21046757e-05 0.200000003 p1 43774 8
2995 26224947 m2 2288486 -4.48008132e-06 0.200000003 p1 43779 8
1716 26230938 m2 1361628 -0.00171661831 0.200000003 p1 43793 8
6260 26234558 m2 4806124 -3.94543531e-06 0.200000003 p1 43802 8
591 26236428 m2 462671 -0.000226059812 0.200000003 p1 43806 8
1654 26243000 m2 1316300 -3.81063536e-09 0.200000003 p1 43822 8
4024 26252486 m2 3110418 -0.00144825492 0.200000003 p1 43845 8
256 26253557 m2 193488 -0.00234823138 0.200000003 p1 43847 8
2117 26265023 m2 1644437 -0.00110513426 0.200000003 p1 43875 8
1317 26265738 m2 1047195 -3.33836198e-07 0.200000003 p1 43877 8
1212 26269658 m2 968410 -2.18483638e-05 0.200000003 p1 43887 8
5046 26273952 m2 3871677 -5.80216408e-09 0.200000003 p1 43897 8
4645 26285989 m2 3549420 -3.93445042e-12 0.200000003 p1 43927 8
2981 26287781 m2 2277591 -7.12612455e-05 0.200000003 p1 43931 8
1904 26292031 m2 1492387 -6.63682949e-05 0.200000003 p1 43941 8
263 26298845 m2 199900 -2.07073079e-08 0.200000003 p1 43958 8
1744 26302743 m2 1386202 -5.6795383e-05 0.200000003 p1 43967 8
5158 26303487 m2 3966466 -0.000185268422 0.200000003 p1 43968 8
1167 26310154 m2 925620 -4.50726366e-05 0.200000003 p1 43984 8
29 26311080 m2 24059 -0.000289358839 0.200000003 p1 43986 8
2922 26315658 m2 2239011 -0.003752572 0.200000003 p1 43997 8
757 26320698 m2 599206 -2.90620701e-05 0.200000003 p1 44010 8
6028 26335903 m2 4621585 -1.38292114e-06 0.200000003 p1 44046 8
5500 26338494 m2 4219785 -0.00167849835 0.200000003 p1 44052 8
3185 26342872 m2 2434562 -0.000421664125 0.200000003 p1 44063 8
122 26349572 m2 91761 -0.0002613533 0.200000003 p1 44079 8
5879 26357000 m2 4507757 -1.29302771e-05 0.200000003 p1 44096 8
4404 26361651 m2 3363825 -1.07817988e-09 0.200000003 p1 44107 8
3499 26368934 m2 2666243 -0.000795254309 0.200000003 p1 44125 8
3584 26380103 m2 2738711 -0.000631761912 0.200000003 p1 44152 8
2886 26381143 m2 2210940 -0.000369815069 0.200000003 p1 44155 8
3618 26381434 m2 2767848 -0.0013918333 0.200000003 p1 44156 8
164 26394472 m2 123565 -0.000398335309 0.200000003 p1 44187 8
429 26395389 m2 328435 -1.3259106e-06 0.200000003 p1 44189 8
2041 26399424 m2 1596303 -0.000155823815 0.200000003 p1 44199 8
158 26401324 m2 117523 -2.62977737e-05 0.200000003 p1 44204 8
900 26402775 m2 720113 -4.80967265e-06 0.200000003 p1 44207 8
331 26402825 m2 255692 -0.00145770935 0.200000003 p1 44207 8
5471 26403119 m2 4195509 -0.000883100613 0.200000003 p1 44208 8
42 26403391 m2 37159 -4.68780712e-07 0.200000003 p1 44209 8
615 26415699 m2 484772 -3.85180028e-05 0.200000003 p1 44238 8
1627 26416127 m2 1293211 -0.000768731989 0.200000003 p1 44239 8
6492 26421002 m2 4975056 -0.000240633351 0.200000003 p1 44250 8
5370 26426074 m2 4127372 -0.000128636457 0.200000003 p1 44262 8
5598 26428400 m2 4294054 -5.40340516e-05 0.200000003 p1 44268 8
547 26430498 m2 427787 -3.79628691e-05 0.200000003 p1 44273 8
1355 26433148 m2 1083078 -8.45401737e-05 0.200000003 p1 44280 8
130 26438840 m2 98886 -2.19355461e-05 0.200000003 p1 44293 8
3177 26440688 m2 2428988 -1.24929238e-06 0.200000003 p1 44298 8
2279 26441615 m2 1760221 -8.33951999e-05 0.200000003 p1 44300 8
835 26444913 m2 668836 -0.000531979487 0.200000003 p1 44308 8
4268 26448095 m2 3282250 -9.75208968e-05 0.200000003 p1 44316 8
3140 26450294 m2 2399286 -0.00168981729 0.200000003 p1 44321 8
3010 26450851 m2 2299907 -4.50340707e-07 0.200000003 p1 44322 8
1854 26454629 m2 1458540 -2.5733608e-12 0.200000003 p1 44332 8
3889 26459972 m2 2997791 -1.84516637e-07 0.200000003 p1 44344 8
1969 26463024 m2 1540947 -0.000900892366 0.200000003 p1 44352 8
5803 26486944 m2 4458428 -6.4216234e-05 0.200000003 p1 44409 8
6375 26500618 m2 4893086 -1.00819134e-05 0.200000003 p1 44441 8
2598 26504994 m2 1998391 -0.000129572509 0.200000003 p1 44452 8
40 26513148 m2 36025 -7.58534225e-05 0.200000003 p1 44472 8
1231 26523607 m2 984007 -0.000646889966 0.200000003 p1 44497 8
4145 26537785 m2 3195425 -0.000227124154 0.200000003 p1 44530 8
3233 26547163 m2 2467531 -0.00126992178 0.200000003 p1 44553 8
2797 26548251 m2 2147147 -0.00114017213 0.200000003 p1 44556 8
97 26549430 m2 70585 -0.000204427575 0.200000003 p1 44558 8
5757 26550379 m2 4423036 -7.5527365e-05 0.200000003 p1 44561 8
2648 26550677 m2 2031186 -0.000715077564 0.200000003 p1 44561 8
6156 26555606 m2 4727391 -0.00134244608 0.200000003 p1 44573 8
1417 26556453 m3 1136070 0.00487100799 0.5 p1 44575 8
4702 26557381 m3 3601275 0.00145676034 0.5 p1 44578 8
462 26562845 m2 355632 -1.57327049e-05 0.200000003 p1 44591 8
2243 26563335 m2 1730730 -4.94492961e-05 0.200000003 p1 44592 8
5797 26569110 m2 4452608 -0.000570744625 0.200000003 p1 44606 8
3375 26574692 m2 2570341 -1.31889124e-07 0.200000003 p1 44620 8
5896 26574735 m2 4521629 -0.000410235312 0.200000003 p1 44621 8
4388 26582018 m2 3355543 -3.50312694e-05 0.200000003 p1 44638 8
6222 26586614 m2 4772632 -5.55526336e-09 0.200000003 p1 44649 8
713 26592072 m2 557590 -1.04002565e-05 0.200000003 p1 44663 8
6225 26592936 m2 4774355 -4.48631283e-08 0.200000003 p1 44665 8
3930 26609834 m2 3027303 -2.21602986e-05 0.200000003 p1 44707 8
5499 26612990 m2 4219658 -0.000180240488 0.200000003 p1 44715 8
4127 26621063 m2 3181303 -5.44833056e-05 0.200000003 p1 44734 8
3660 26621562 m2 2803432 -6.95883864e-05 0.200000003 p1 44735 8
834 26629438 m2 668554 -8.35698984e-07 0.200000003 p1 44754 8
4102 26631526 m2 3169704 -1.65150486e-05 0.200000003 p1 44759 8
5108 26632743 m2 3924700 -0.000346978952 0.200000003 p1 44762 8
740 26633841 m2 579788 -7.03552359e-05 0.200000003 p1 44764 8
2352 26641152 m2 1811795 -3.6303376e-05 0.200000003 p1 44782 8
5840 26646490 m2 4481543 -0.000432002736 0.200000003 p1 44795 8
1514 26657765 m2 1207329 -0.000378776109 0.200000003 p1 44821 8
4354 26661107 m2 3335581 -0.000627890578 0.200000003 p1 44829 8
3145 26663450 m2 2400953 -2.02806252e-08 0.200000003 p1 44835 8
1043 26670832 m2 825298 -0.00116035994 0.200000003 p1 44853 8
3354 26671450 m2 2557077 -0.000156558555 0.200000003 p1 44854 8
5980 26672199 m2 4582401 -1.03110387e-05 0.200000003 p1 44856 8
3418 26672734 m2 2604639 -5.24094394e-05 0.200000003 p1 44858 8
1443 26688152 m2 1153877 -8.55391863e-06 0.200000003 p1 44895 8
4804 26692488 m2 3694634 -0.00197127019 0.200000003 p1 44906 8
3888 26697014 m2 2997171 -2.16360568e-05 0.200000003 p1 44917 8
1845 26708298 m2 1454112 -2.30864734e-05 0.200000003 p1 44944 8
4361 26718786 m2 3339667 -7.75476281e-07 0.200000003 p1 44971 8
612 26720966 m2 482847 -1.65859728e-05 0.200000003 p1 44976 8
387 26724580 m2 295133 -0.000616251549 0.200000003 p1 44985 8
4875 26730967 m2 3747259 -6.52726085e-05 0.200000003 p1 45001 8
1652 26738069 m2 1314609 -0.000182525968 0.200000003 p1 45019 8
2691 26738222 m2 2061896 -0.000385182444 0.200000003 p1 45019 8
3895 26738886 m2 3003251 -0.000672929746 0.200000003 p1 45021 8
2810 26741805 m2 2151463 -0.000153680056 0.200000003 p1 45029 8
4139 26745447 m2 3189301 -0.00188182795 0.200000003 p1 45038 8
2039 26747009 m2 1593434 -4.91506455e-07 0.200000003 p1 45041 8
5894 26752840 m2 4519624 -6.78471179e-06 0.200000003 p1 45056 8
3883 26759098 m2 2995076 -7.2061317e-05 0.200000003 p1 45071 8
4675 26772829 m2 3574979 -0.000383194769 0.200000003 p1 45105 8
5035 26783039 m2 3862878 -1.48659853e-06 0.200000003 p1 45131 8
1439 26788114 m2 1151522 -9.08315342e-05 0.200000003 p1 45144 8
626 26791471 m2 496335 -1.73314493e-05 0.200000003 p1 45152 8
5726 26794750 m2 4401126 -2.84255446e-08 0.200000003 p1 45160 8
1242 26800478 m2 991062 -0.00351904961 0.200000003 p1 45175 8
1426 26800879 m2 1144800 -0.00247048028 0.200000003 p1 45176 8
4333 26810549 m2 3322363 -8.02814242e-08 0.200000003 p1 45200 8
1329 26816260 m2 1062032 -4.54858309e-05 0.200000003 p1 45214 8
5362 26838048 m2 4118349 -3.3867702e-09 0.200000003 p1 45267 8
1988 26838257 m2 1558101 -0.00118698447 0.200000003 p1 45268 8
3729 26840122 m2 2862522 -2.45731229e-07 0.200000003 p1 45272 8
2821 26842111 m2 2161798 -0.0010994859 0.200000003 p1 45277 8
2517 26846050 m2 1935934 -0.000140020609 0.200000003 p1 45287 8
2833 26853035 m2 2173785 -3.82274175e-06 0.200000003 p1 45303 8
4209 26857872 m2 3235070 -9.1411006e-05 0.200000003 p1 45315 8
5395 26860381 m2 4143897 -9.84695103e-10 0.200000003 p1 45322 8
1836 26869465 m2 1445798 -1.48536731e-06 0.200000003 p1 45344 8
5860 26873825 m2 4496469 -7.35439535e-05 0.200000003 p1 45354 8
5249 26875516 m2 4034708 -6.81128367e-05 0.200000003 p1 45358 8
1353 26877219 m2 1080859 -3.03901129e-06 0.200000003 p1 45362 8
5640 26879484 m2 4321805 -0.000488909543 0.200000003 p1 45368 8
4798 26893504 m2 3686669 -6.12203712e-06 0.200000003 p1 45402 8
2744 26894267 m2 2107625 -2.1253617e-16 0.200000003 p1 45404 8
2956 26895759 m2 2258325 -0.00246098195 0.200000003 p1 45408 8
5070 26900099 m2 3895383 -0.0016269359 0.200000003 p1 45419 8
781 26908874 m2 618195 -1.34141351e-06 0.200000003 p1 45440 8
746 26911141 m2 585936 -0.000613520097 0.200000003 p1 45446 8
4738 26911510 m2 3635901 -0.000387875218 0.200000003 p1 45447 8
5949 26913320 m3 4563091 4.79631053e-05 0.5 p1 45451 8
2297 26915822 m2 1774813 -3.89197703e-06 0.200000003 p1 45457 8
5426 26916817 m2 4166582 -0.00246513472 0.200000003 p1 45460 8
1758 26922630 m2 1392439 -6.6865212e-08 0.200000003 p1 45474 8
2526 26936207 m2 1943277 -5.94302264e-07 0.200000003 p1 45508 8
4663 26946695 m2 3565052 -5.08706478e-07 0.200000003 p1 45534 8
5351 26950274 m2 4111940 -0.00162801659 0.200000003 p1 45543 8
1259 26956198 m2 1003946 -0.000858688203 0.200000003 p1 45557 8
1414 26959266 m2 1134272 -7.28196596e-08 0.200000003 p1 45565 8
3441 26971122 m2 2620318 -0.000175350622 0.200000003 p1 45594 8
5057 26973899 m2 3884422 -5.70720949e-05 0.200000003 p1 45601 8
2285 26980249 m2 1763328 -0.000141808268 0.200000003 p1 45616 8
929 26991150 m2 741384 -0.00233805506 0.200000003 p1 45643 8
3328 26993846 m2 2540074 -0.00293627451 0.200000003 p1 45650 8
6314 27005539 m2 4845405 -0.000316199905 0.200000003 p1 45679 8
2676 27010481 m2 2055541 -1.05028475e-05 0.200000003 p1 45691 8
5870 27019965 m2 4501432 -0.000361185143 0.200000003 p1 45715 8
1860 27024259 m2 1464801 -0.000917413039 0.200000003 p1 45725 8
2211 27027352 m2 1710714 -9.76631418e-06 0.200000003 p1 45732 8
871 27030873 m2 695387 -2.87976363e-05 0.200000003 p1 45741 8
2708 27033317 m2 2079572 -1.3839152e-08 0.200000003 p1 45748 8
1302 27033701 m2 1035855 -0.000437296869 0.200000003 p1 45749 8
3728 27034904 m2 2862315 -0.000663166516 0.200000003 p1 45751 8
522 27035302 m2 407210 -0.00148690795 0.200000003 p1 45752 8
5344 27041950 m2 4109862 -0.000589887612 0.200000003 p1 45769 8
10 27046933 m2 9044 -0.000557209598 0.200000003 p1 45781 8
2620 27048792 m2 2011900 -0.00124980195 0.200000003 p1 45786 8
1947 27050407 m2 1526380 -0.000129102846 0.200000003 p1 45790 8
5737 27053074 m2 4413121 -0.000126625659 0.200000003 p1 45797 8
5604 27055165 m2 4297001 -7.98099808e-09 0.200000003 p1 45802 8
2452 27055950 m2 1893532 -0.0029055269 0.200000003 p1 45804 8
3900 27060169 m3 3005977 0.000835559855 0.5 p1 45815 8
3822 27065175 m2 2932607 -9.4818759e-05 0.200000003 p1 45828 8
2805 27067693 m2 2150128 -6.8023428e-07 0.200000003 p1 45835 8
2616 27072556 m3 2009709 0.000851038028 0.5 p1 45847 8
1257 27075954 m2 1003176 -0.00134413503 0.200000003 p1 45855 8
3659 27079769 m3 2803320 0.00388619048 0.5 p1 45865 8
3336 27083493 m2 2543290 -8.23701001e-08 0.200000003 p1 45875 8
932 27083785 m2 743027 -0.00112522219 0.200000003 p1 45876 8
2737 27085277 m2 2103291 -3.78943296e-05 0.200000003 p1 45880 8
2303 27086708 m2 1777006 -0.000359408994 0.200000003 p1 45883 8
5327 27089597 m2 4095328 -8.70447984e-05 0.200000003 p1 45890 8
6354 27102471 m2 4874580 -2.3956869e-05 0.200000003 p1 45923 8
49 27105273 m2 41841 -0.000120150973 0.200000003 p1 45930 8
150 27112004 m2 111683 -8.74517646e-05 0.200000003 p1 45947 8
4574 27118120 m2 3496079 -0.000251232414 0.200000003 p1 45962 8
326 27123525 m2 249963 -0.00018989839 0.200000003 p1 45976 8
590 27124756 m2 462606 -5.35981082e-09 0.200000003 p1 45979 8
2155 27129820 m2 1669889 -0.000509875652 0.200000003 p1 45991 8
3778 27130887 m2 2902119 -1.08359529e-06 0.200000003 p1 45994 8
3551 27132591 m2 2712561 -6.2338775e-05 0.200000003 p1 45998 8
3994 27140833 m2 3084792 -8.15692943e-07 0.200000003 p1 46019 8
805 27149178 m2 638342 -0.000171731226 0.200000003 p1 46039 8
716 27149648 m2 562613 -6.75572392e-06 0.200000003 p1 46041 8
4104 27159453 m2 3170502 -0.00187744247 0.200000003 p1 46064 8
4917 27160152 m2 3780263 -6.03064582e-05 0.200000003 p1 46066 8
5203 27163763 m2 3995676 -0.000220738351 0.200000003 p1 46075 8
1017 27168643 m2 804334 -1.02910125e-09 0.200000003 p1 46088 8
2286 27172939 m2 1765410 -0.00288793142 0.200000003 p1 46099 8
4686 27173681 m2 3584134 -0.00222006626 0.200000003 p1 46101 8
4205 27178870 m2 3230306 -4.47907041e-05 0.200000003 p1 46114 8
2392 27185259 m2 1840601 -0.00352184149 0.200000003 p1 46131 8
869 27185703 m2 694344 -1.22996454e-07 0.200000003 p1 46132 8
6365 27190023 m2 4882781 -5.71112579e-08 0.200000003 p1 46143 8
2653 27196737 m2 2037085 -3.31495939e-05 0.200000003 p1 46161 8
2272 27198164 m2 1754110 -8.56409097e-05 0.200000003 p1 46164 8
2486 27198183 m2 1918293 -0.00116108009 0.200000003 p1 46164 8
115 27207125 m2 86329 -0.00278876699 0.200000003 p1 46187 8
1196 27208069 m2 952647 -2.94146272e-08 0.200000003 p1 46190 8
3458 27219589 m2 2644988 -3.90429414e-05 0.200000003 p1 46219 8
6250 27220710 m2 4799844 -4.51375081e-06 0.200000003 p1 46222 8
53 27221431 m2 42661 -1.58523974e-07 0.200000003 p1 46224 8
3801 27222918 m2 2917085 -9.51616039e-06 0.200000003 p1 46228 8
1150 27235876 m2 915899 -6.46361586e-05 0.200000003 p1 46262 8
5603 27241298 m2 4296835 -0.000749064959 0.200000003 p1 46276 8
5590 27243018 m2 4289475 -0.000964522013 0.200000003 p1 46281 8
6071 27254346 m2 4659048 -0.000825928582 0.200000003 p1 46310 8
1297 27262882 m2 1033037 -4.93888147e-05 0.200000003 p1 46332 8
2238 27264785 m2 1728258 -5.6062604e-06 0.200000003 p1 46337 8
1989 27265767 m2 1558755 -4.73725595e-05 0.200000003 p1 46340 8
6069 27266031 m2 4658683 -9.47663939e-05 0.200000003 p1 46340 8
510 27268048 m2 390712 -2.19300418e-05 0.200000003 p1 46346 8
1922 27271361 m2 1510262 -6.08662958e-05 0.200000003 p1 46354 8
398 27274056 m2 304990 -5.183342e-05 0.200000003 p1 46361 8
2065 27282118 m2 1609628 -0.000198224603 0.200000003 p1 46382 8
109 27283241 m2 83634 -5.58814691e-06 0.200000003 p1 46385 8
5178 27286370 m2 3982185 -5.11540748e-07 0.200000003 p1 46393 8
1726 27290503 m2 1371994 -0.00141853862 0.200000003 p1 46404 8
6353 27292211 m2 4873652 -9.43332125e-05 0.200000003 p1 46408 8
5807 27300703 m2 4462023 -0.000134389207 0.200000003 p1 46430 8
3505 27303086 m2 2673592 -6.4744876e-05 0.200000003 p1 46436 8
5971 27303096 m2 4577984 -0.00157789327 0.200000003 p1 46436 8
1646 27304489 m2 1311883 -0.000332326716 0.200000003 p1 46440 8
2125 27304701 m2 1650332 -7.80197411e-07 0.200000003 p1 46440 8
4895 27309794 m2 3767528 -4.47241182e-05 0.200000003 p1 46454 8
5479 27320987 m2 4199958 -0.000317224272 0.200000003 p1 46483 8
2476 27325898 m2 1908939 -0.000976303592 0.200000003 p1 46496 8
6301 27328530 m2 4838843 -4.24291071e-12 0.200000003 p1 46502 8
4838 27333849 m2 3720139 -4.03500417e-06 0.200000003 p1 46515 8
6370 27335925 m2 4887077 -7.84387885e-06 0.200000003 p1 46521 8
5375 27336032 m2 4130006 -0.000176155969 0.200000003 p1 46521 8
2054 27343825 m2 1603243 -0.000534576015 0.200000003 p1 46541 8
2957 27358305 m2 2259914 -0.00145436462 0.200000003 p1 46578 8
2544 27358456 m2 1956667 -0.000372215611 0.200000003 p1 46578 8
1644 27359707 m2 1311100 -5.668019e-05 0.200000003 p1 46582 8
5435 27361111 m2 4170805 -5.1581821e-05 0.200000003 p1 46585 8
1624 27364224 m2 1292634 -3.96129835e-05 0.200000003 p1 46593 8
3684 27367677 m2 2824981 -0.00393358292 0.200000003 p1 46602 8
6516 27368928 m2 4986591 -5.25855212e-05 0.200000003 p1 46605 8
5504 27374218 m2 4222175 -0.000442945777 0.200000003 p1 46619 8
3497 27375526 m2 2664062 -0.00041782987 0.200000003 p1 46623 8
1080 27377367 m2 854585 -0.000268619915 0.200000003 p1 46627 8
280 27378152 m2 214267 -2.69299062e-11 0.200000003 p1 46629 8
5323 27394611 m2 4092033 -5.35023719e-06 0.200000003 p1 46672 8
3037 27397860 m2 2323969 -3.91179157e-07 0.200000003 p1 46681 8
2978 27400733 m2 2275841 -8.23572066e-07 0.200000003 p1 46689 8
2583 27402549 m2 1990659 -1.25428485e-07 0.200000003 p1 46693 8
5781 27404635 m2 4443781 -4.97145543e-08 0.200000003 p1 46699 8
5782 27407447 m2 4444817 -0.00177097367 0.200000003 p1 46706 8
6408 27417062 m2 4923426 -6.31271646e-10 0.200000003 p1 46732 8
872 27421677 m2 695685 -1.81765643e-07 0.200000003 p1 46744 8
6045 27422088 m2 4636321 -1.94569589e-06 0.200000003 p1 46745 8
1210 27422105 m2 966669 -0.000136035684 0.200000003 p1 46745 8
4218 27428472 m2 3246968 -8.00495764e-05 0.200000003 p1 46762 8
584 27430510 m2 456314 -0.00496712979 0.200000003 p1 46767 8
1835 27433233 m2 1444785 -0.00176449213 0.200000003 p1 46774 8
2066 27434586 m2 1609770 -6.16272373e-05 0.200000003 p1 46778 8
4821 27441272 m2 3707266 -0.000621797051 0.200000003 p1 46795 8
2853 27443628 m2 2185645 -5.91867e-09 0.200000003 p1 46801 8
6213 27444043 m2 4765755 -2.62379272e-05 0.200000003 p1 46802 8
4093 27445509 m2 3163346 -0.0036132636 0.200000003 p1 46806 8
1202 27446573 m2 958545 -1.22760703e-05 0.200000003 p1 46809 8
4292 27447252 m2 3297621 -2.64333157e-05 0.200000003 p1 46811 8
6080 27451174 m2 4666694 -0.000202251482 0.200000003 p1 46821 8
1609 27453892 m2 1276837 -5.37299556e-08 0.200000003 p1 46828 8
6517 27454778 m2 4986894 -2.44118019e-06 0.200000003 p1 46831 8
2042 27457045 m2 1597388 -0.000221747148 0.200000003 p1 46837 8
3334 27459183 m2 2542904 -4.56100025e-07 0.200000003 p1 46843 8
4923 27461375 m2 3783711 -0.00125552283 0.200000003 p1 46848 8
1649 27464682 m2 1313624 -3.4859263e-06 0.200000003 p1 46857 8
2257 27465017 m2 1744428 -1.94669974e-06 0.200000003 p1 46858 8
5912 27476247 m2 4533801 -1.45138456e-05 0.200000003 p1 46888 8
4568 27476745 m2 3488193 -1.59037512e-08 0.200000003 p1 46889 8
1063 27479292 m2 842826 -0.000166435348 0.200000003 p1 46896 8
3144 27479489 m2 2400820 -0.00148787815 0.200000003 p1 46897 8
4401 27484296 m2 3361745 -0.000350990013 0.200000003 p1 46910 8
1663 27487295 m2 1320104 -2.73528849e-06 0.200000003 p1 46917 8
6185 27491738 m2 4745731 -7.86293385e-05 0.200000003 p1 46929 8
6532 27491844 m2 4993949 -0.00136004481 0.200000003 p1 46930 8
5182 27493134 m3 3986014 0.000323696673 0.5 p1 46933 8
2485 27498920 m2 1917542 -1.32810119e-05 0.200000003 p1 46949 8
4701 27502641 m2 3600582 -7.0165072e-08 0.200000003 p1 46958 8
1971 27507081 m2 1542048 -0.000101963538 0.200000003 p1 46970 8
1891 27507926 m2 1486661 -0.000763684046 0.200000003 p1 46972 8
1454 27510357 m2 1162837 -1.69462773e-08 0.200000003 p1 46979 8
2992 27512549 m2 2287467 -0.00188301795 0.200000003 p1 46985 8
5240 27514031 m2 4025232 -3.60904164e-06 0.200000003 p1 46989 8
1333 27521454 m2 1065193 -2.27451619e-06 0.200000003 p1 47008 8
1134 27522509 m2 903948 -0.000322936161 0.200000003 p1 47011 8
4632 27525660 m2 3541790 -0.000500189606 0.200000003 p1 47019 8
670 27530831 m2 524569 -0.000673385337 0.200000003 p1 47033 8
5817 27532988 m2 4467489 -4.42958117e-05 0.200000003 p1 47039 8
5541 27536052 m2 4255220 -0.00113737746 0.200000003 p1 47047 8
6226 27541084 m2 4775006 -3.86593229e-06 0.200000003 p1 47060 8
5464 27544499 m2 4192483 -0.000453438348 0.200000003 p1 47068 8
3314 27547409 m2 2531019 -0.000729473599 0.200000003 p1 47076 8
4856 27548473 m2 3734136 -0.000531800266 0.200000003 p1 47079 8
4952 27557175 m2 3806849 -0.000535156461 0.200000003 p1 47101 8
6432 27557280 m2 4937151 -1.32190971e-05 0.200000003 p1 47102 8
2123 27560489 m2 1650208 -6.40067665e-05 0.200000003 p1 47110 8
3687 27565987 m2 2828908 -1.8229799e-05 0.200000003 p1 47125 8
2012 27568195 m2 1576489 -0.0015294496 0.200000003 p1 47131 8
3974 27579986 m2 3065497 -2.12197642e-06 0.200000003 p1 47164 8
5130 27581746 m2 3939628 -0.000397149444 0.200000003 p1 47168 8
6007 27588824 m3 4600120 0.000215023159 0.5 p1 47188 8
1178 27592607 m2 932435 -0.00045373282 0.200000003 p1 47198 8
6322 27600199 m3 4848504 0.0015048869 0.5 p1 47219 8
4868 27608064 m2 3740839 -0.000589835749 0.200000003 p1 47240 8
4983 27611762 m2 3829079 -4.07259819e-07 0.200000003 p1 47250 8
1933 27616786 m3 1519710 0.00305305747 0.5 p1 47264 8
4900 27617018 m2 3771269 -6.98323056e-05 0.200000003 p1 47265 8
552 27617252 m2 436533 -2.23949028e-05 0.200000003 p1 47265 8
4227 27619764 m2 3254665 -8.59243954e-10 0.200000003 p1 47272 8
5868 27623226 m2 4500996 -4.17000434e-09 0.200000003 p1 47282 8
1293 27628226 m2 1029959 -2.91900596e-06 0.200000003 p1 47295 8
1875 27630638 m2 1476143 -0.00106079283 0.200000003 p1 47301 8
3521 27635406 m2 2684313 -1.54796862e-06 0.200000003 p1 47314 8
2469 27636110 m2 1903618 -1.80271036e-06 0.200000003 p1 47316 8
5145 27637532 m2 3956310 -3.17732827e-08 0.200000003 p1 47320 8
3904 27641857 m2 3008533 -2.86286722e-05 0.200000003 p1 47332 8
3835 27642734 m2 2947917 -2.82707333e-08 0.200000003 p1 47334 8
4767 27644177 m2 3655398 -0.00326032913 0.200000003 p1 47338 8
2268 27651283 m2 1750971 -9.65951858e-06 0.200000003 p1 47357 8
6265 27658995 m2 4811520 -0.000133675727 0.200000003 p1 47379 8
2074 27669140 m2 1617593 -8.40930807e-05 0.200000003 p1 47406 8
3383 27670927 m2 2575626 -1.27690719e-05 0.200000003 p1 47411 8
3527 27675518 m2 2689322 -0.000342748535 0.200000003 p1 47424 8
5115 27684528 m2 3927105 -8.78011463e-07 0.200000003 p1 47448 8
1097 27692300 m2 871154 -0.00155359507 0.200000003 p1 47469 8
4763 27695060 m3 3653483 0.000473364053 0.5 p1 47476 8
5319 27695114 m2 4089051 -0.000654476986 0.200000003 p1 47476 8
4476 27702153 m2 3418819 -4.60469494e-07 0.200000003 p1 47495 8
742 27706470 m2 580307 -8.66946124e-08 0.200000003 p1 47507 8
1883 27715009 m2 1480556 -0.00413968368 0.200000003 p1 47530 8
5769 27715341 m2 4433664 -5.85731552e-09 0.200000003 p1 47531 8
2396 27721626 m2 1848546 -0.00053914095 0.200000003 p1 47548 8
5196 27723641 m2 3992728 -7.46909645e-09 0.200000003 p1 47554 8
3142 27723670 m2 2400076 -2.39719775e-05 0.200000003 p1 47554 8
1022 27724450 m2 807023 -1.46244765e-05 0.200000003 p1 47556 8
1130 27729004 m2 903021 -0.000128160231 0.200000003 p1 47569 8
6523 27731172 m2 4989351 -8.7364042e-06 0.200000003 p1 47575 8
509 27738695 m2 389692 -0.00150682009 0.200000003 p1 47595 8
905 27739964 m2 722922 -0.00106851012 0.200000003 p1 47599 8
424 27741887 m2 322628 -1.22715683e-05 0.200000003 p1 47604 8
3048 27744328 m2 2331760 -4.07498119e-05 0.200000003 p1 47611 8
502 27748874 m2 384336 -2.16457491e-10 0.200000003 p1 47623 8
1179 27750455 m2 932614 -0.000457003654 0.200000003 p1 47627 8
223 27755434 m2 171399 -1.40872526e-05 0.200000003 p1 47641 8
5910 27767859 m2 4532989 -0.00364345289 0.200000003 p1 47674 8
1939 27770245 m2 1523516 -3.51196904e-05 0.200000003 p1 47680 8
4626 27773425 m2 3537047 -0.000296233047 0.200000003 p1 47689 8
6195 27774879 m2 4750963 -0.000143677287 0.200000003 p1 47693 8
1631 27775198 m2 1295100 -0.000125600796 0.200000003 p1 47693 8
1810 27775702 m2 1427009 -0.000351621391 0.200000003 p1 47695 8
469 27777017 m2 362954 -7.91922721e-05 0.200000003 p1 47698 8
2610 27777512 m2 2007592 -0.0012227447 0.200000003 p1 47700 8
3318 27777705 m2 2532994 -0.00044409759 0.200000003 p1 47700 8
3948 27782244 m2 3039609 -0.000200758848 0.200000003 p1 47712 8
5778 27783044 m2 4441285 -1.99337173e-05 0.200000003 p1 47714 8
1777 27790595 m2 1405271 -0.00224792329 0.200000003 p1 47734 8
1888 27790662 m2 1481625 -2.20349818e-08 0.200000003 p1 47735 8
6471 27791133 m2 4964553 -2.84236849e-05 0.200000003 p1 47736 8
2147 27794795 m2 1666132 -0.00148262631 0.200000003 p1 47745 8
5763 27797416 m2 4428885 -2.4717483e-05 0.200000003 p1 47752 8
5083 27799534 m2 3901545 -6.59589831e-12 0.200000003 p1 47758 8
4587 27800444 m2 3501544 -4.38662738e-07 0.200000003 p1 47761 8
5012 27808111 m2 3846748 -0.00179382728 0.200000003 p1 47781 8
386 27815934 m2 295062 -0.000167344711 0.200000003 p1 47803 8
1900 27818126 m2 1490521 -0.000685244566 0.200000003 p1 47809 8
3021 27821643 m2 2311249 -0.000305744121 0.200000003 p1 47818 8
6270 27823659 m2 4815019 -2.24091355e-06 0.200000003 p1 47824 8
1502 27827693 m2 1200030 -0.000193417814 0.200000003 p1 47835 8
103 27829899 m2 75569 -6.61991653e-05 0.200000003 p1 47841 8
2099 27830028 m2 1634676 -0.000100253041 0.200000003 p1 47841 8
3562 27831766 m2 2723800 -1.73130008e-08 0.200000003 p1 47846 8
2729 27833111 m3 2095495 0.00405710191 0.5 p1 47850 8
5913 27839297 m2 4535263 -7.67653692e-05 0.200000003 p1 47867 8
5229 27847701 m2 4017058 -0.000438195304 0.200000003 p1 47890 8
6220 27847960 m2 4771551 -1.12951186e-08 0.200000003 p1 47891 8
1996 27856111 m3 1565915 0.000103229067 0.5 p1 47913 8
2963 27870293 m2 2262523 -6.95971175e-05 0.200000003 p1 47952 8
537 27873730 m2 417925 -0.00257846038 0.200000003 p1 47961 8
5347 27874465 m2 4110737 -1.17395371e-06 0.200000003 p1 47963 8
2636 27874799 m2 2022886 -0.000295466452 0.200000003 p1 47963 8
5805 27875012 m3 4459956 0.00239701755 0.5 p1 47964 8
6190 27880417 m2 4748178 -9.05662455e-06 0.200000003 p1 47978 8
4303 27884008 m2 3303181 -5.29406534e-05 0.200000003 p1 47988 8
3881 27896868 m2 2990085 -0.000440898293 0.200000003 p1 48023 8
3349 27901779 m2 2552499 -1.03769105e-06 0.200000003 p1 48036 8
2413 27902334 m2 1864263 -3.62743122e-05 0.200000003 p1 48038 8
5023 27908672 m2 3855126 -0.00114696904 0.200000003 p1 48055 8
5157 27911286 m2 3966405 -8.5836582e-05 0.200000003 p1 48062 8
544 27911372 m2 423807 -0.00490956055 0.200000003 p1 48062 8
3396 27912251 m2 2585386 -1.38935201e-08 0.200000003 p1 48065 8
619 27912880 m2 488234 -4.55589252e-05 0.200000003 p1 48066 8
2902 27919484 m2 2224965 -0.000218527988 0.200000003 p1 48085 8
4216 27920724 m2 3246347 -1.00521283e-05 0.200000003 p1 48088 8
5731 27921154 m2 4405461 -4.30247346e-05 0.200000003 p1 48089 8
2010 27943657 m2 1575706 -6.54932664e-05 0.200000003 p1 48152 8
498 27944988 m2 381250 -1.10289489e-09 0.200000003 p1 48156 8
4829 27955639 m2 3713244 -2.52175747e-09 0.200000003 p1 48186 8
5468 27957189 m2 4194140 -4.59983785e-05 0.200000003 p1 48190 8
2543 27961967 m2 1956534 -0.00101372786 0.200000003 p1 48203 8
1590 27970205 m2 1263242 -2.60488214e-05 0.200000003 p1 48226 8
2464 27973128 m2 1900206 -1.0164008e-05 0.200000003 p1 48233 8
4939 27976356 m2 3796319 -5.75583044e-06 0.200000003 p1 48243 8
3673 27978241 m2 2814343 -7.54857729e-06 0.200000003 p1 48248 8
702 27980982 m2 550818 -1.09209104e-08 0.200000003 p1 48255 8
3252 27982467 m2 2481987 -9.64572519e-06 0.200000003 p1 48260 8
4281 27984826 m2 3289014 -1.9870788e-06 0.200000003 p1 48266 8
4296 27987200 m2 3299180 -2.14165652e-07 0.200000003 p1 48273 8
2739 27993909 m3 2104775 0.00275399117 0.5 p1 48291 8
5315 28000564 m2 4086359 -0.000870330958 0.200000003 p1 48310 8
2020 28003842 m3 1580791 0.00103060633 0.5 p1 48319 8
5308 28010121 m2 4080493 -0.00375929964 0.200000003 p1 48336 8
210 28012998 m3 162090 8.49402713e-05 0.5 p1 48344 8
2665 28018723 m2 2048262 -0.00246711029 0.200000003 p1 48360 8
4563 28022277 m2 3486958 -1.42649442e-05 0.200000003 p1 48370 8
5289 28025526 m2 4062887 -2.9625923e-07 0.200000003 p1 48380 8
5742 28030417 m2 4414958 -0.00016454047 0.200000003 p1 48394 8
520 28039937 m2 404978 -5.77098399e-05 0.200000003 p1 48421 8
2079 28042733 m2 1621005 -1.1710752e-05 0.200000003 p1 48428 8
4814 28051029 m2 3698995 -0.000198656911 0.200000003 p1 48452 8
3103 28053921 m2 2370414 -1.69374307e-05 0.200000003 p1 48460 8
3919 28054122 m2 3020620 -3.68629117e-06 0.200000003 p1 48460 8
3032 28057567 m2 2321147 -2.3434783e-08 0.200000003 p1 48470 8
3705 28060021 m2 2840422 -3.15582247e-06 0.200000003 p1 48477 8
3689 28064115 m2 2829756 -1.15546218e-05 0.200000003 p1 48489 8
909 28064287 m2 724607 -8.2857332e-07 0.200000003 p1 48490 8
603 28067797 m2 473041 -0.000139317373 0.200000003 p1 48499 8
2840 28071245 m2 2179625 -2.70981891e-05 0.200000003 p1 48509 8
687 28071602 m3 537588 0.000582766079 0.5 p1 48510 8
3028 28072433 m2 2316262 -2.2559901e-07 0.200000003 p1 48512 8
4182 28075854 m2 3212825 -0.000956302742 0.200000003 p1 48522 8
1622 28076764 m2 1287788 -2.90040225e-05 0.200000003 p1 48524 8
1752 28081028 m2 1388375 -3.90027935e-07 0.200000003 p1 48537 8
1753 28081029 m2 1388601 -0.000123759179 0.200000003 p1 48537 8
6362 28089053 m2 4882181 -0.000111517038 0.200000003 p1 48559 8
5171 28103096 m2 3974832 -0.000982418889 0.200000003 p1 48598 8
1951 28109849 m2 1527705 -5.1110037e-05 0.200000003 p1 48617 8
3095 28111302 m2 2364880 -0.000731927808 0.200000003 p1 48621 8
3085 28111917 m2 2360023 -0.000504629163 0.200000003 p1 48623 8
5326 28112614 m2 4095275 -5.0141316e-05 0.200000003 p1 48625 8
5864 28115850 m2 4498743 -8.88606228e-05 0.200000003 p1 48635 8
1209 28118868 m2 966171 -1.59432275e-05 0.200000003 p1 48644 8
3698 28119197 m2 2836564 -7.59342511e-05 0.200000003 p1 48645 8
6399 28119847 m2 4915153 -0.00155135873 0.200000003 p1 48646 8
230 28124927 m2 175751 -0.000668286812 0.200000003 p1 48661 8
2214 28128186 m2 1716004 -0.000160449345 0.200000003 p1 48670 8
5877 28130216 m3 4505249 0.000915901153 0.5 p1 48676 8
528 28131091 m2 411206 -0.000354287156 0.200000003 p1 48679 8
610 28144049 m2 481900 -0.00061099208 0.200000003 p1 48716 8
6183 28146702 m2 4745395 -0.00105971331 0.200000003 p1 48724 8
1423 28147095 m2 1141610 -0.000599576102 0.200000003 p1 48725 8
4561 28151454 m2 3484375 -0.00194582914 0.200000003 p1 48738 8
6254 28156503 m2 4801638 -3.57050667e-05 0.200000003 p1 48752 8
2451 28156938 m2 1893416 -8.04258452e-05 0.200000003 p1 48753 8
1824 28159097 m3 1438961 0.00178871362 0.5 p1 48759 8
4749 28159442 m2 3646075 -0.000104269093 0.200000003 p1 48760 8
3426 28160985 m2 2610074 -3.26274894e-05 0.200000003 p1 48765 8
6534 28161790 m2 4994686 -3.98167049e-06 0.200000003 p1 48767 8
1413 28166863 m2 1133956 -3.48327812e-05 0.200000003 p1 48782 8
1823 28173206 m2 1438595 -4.95351706e-08 0.200000003 p1 48800 8
4008 28175702 m2 3095923 -0.00147870672 0.200000003 p1 48808 8
6323 28176281 m2 4848909 -0.00028903663 0.200000003 p1 48809 8
5054 28176524 m2 3880127 -5.49114588e-07 0.200000003 p1 48810 8
5534 28177209 m2 4243482 -1.62374747e-07 0.200000003 p1 48812 8
99 28186056 m2 72570 -5.36885782e-05 0.200000003 p1 48839 8
2682 28188993 m3 2059057 1.44433134e-05 0.5 p1 48848 8
2903 28190045 m2 2225956 -1.57333682e-06 0.200000003 p1 48851 8
3080 28192412 m2 2353843 -0.000107955595 0.200000003 p1 48858 8
283 28196961 m2 214607 -0.000110203335 0.200000003 p1 48872 8
3333 28198081 m2 2541969 -4.63077813e-05 0.200000003 p1 48875 8
5244 28199678 m2 4030996 -0.00116978679 0.200000003 p1 48880 8
3163 28201806 m2 2415505 -0.000431423279 0.200000003 p1 48886 8
6021 28201970 m2 4614733 -0.00113997119 0.200000003 p1 48886 8
1506 28202282 m2 1200947 -5.45048752e-05 0.200000003 p1 48887 8
2745 28205010 m2 2107704 -0.000448307837 0.200000003 p1 48895 8
1831 28206990 m2 1442204 -1.58007583e-06 0.200000003 p1 48901 8
1567 28212618 m2 1249591 -1.48894492e-06 0.200000003 p1 48918 8
5151 28214256 m2 3961598 -7.06411956e-05 0.200000003 p1 48922 8
6040 28220434 m2 4629435 -7.1263917e-10 0.200000003 p1 48940 8
4252 28221634 m2 3272651 -0.00114023243 0.200000003 p1 48944 8
6112 28222387 m2 4690457 -9.93249159e-06 0.200000003 p1 48946 8
3571 28227880 m2 2728468 -5.15463362e-05 0.200000003 p1 48962 8
5165 28233276 m2 3971226 -0.000153995512 0.200000003 p1 48978 8
3005 28234910 m2 2295072 -1.09809853e-05 0.200000003 p1 48983 8
3146 28236348 m2 2401014 -0.00588187668 0.200000003 p1 48987 8
3231 28242723 m2 2465943 -5.50941604e-06 0.200000003 p1 49005 8
6338 28247381 m2 4860404 -0.000420745404 0.200000003 p1 49019 8
5352 28250500 m3 4112157 2.25923832e-05 0.5 p1 49028 8
4720 28250656 m2 3620420 -0.00175017398 0.200000003 p1 49028 8
3371 28255616 m2 2569084 -7.80213554e-07 0.200000003 p1 49043 8
4508 28256367 m2 3438052 -1.50539226e-09 0.200000003 p1 49045 8
1912 28259600 m2 1496625 -0.00225197338 0.200000003 p1 49054 8
1386 28260109 m3 1109416 0.000159350369 0.5 p1 49055 8
3609 28263671 m2 2759162 -4.7683141e-05 0.200000003 p1 49066 8
1972 28264253 m2 1542546 -0.00244852807 0.200000003 p1 49067 8
4493 28269064 m2 3427777 -2.7087679e-05 0.200000003 p1 49081 8
2449 28271587 m2 1892283 -0.00177451002 0.200000003 p1 49088 8
3377 28274132 m2 2571140 -0.000134723756 0.200000003 p1 49096 8
4714 28281339 m2 3613212 -2.14264128e-05 0.200000003 p1 49116 8
5343 28282189 m2 4109639 -2.80345193e-06 0.200000003 p1 49119 8
2322 28284707 m2 1791197 -0.000489571597 0.200000003 p1 49126 8
2144 28294830 m2 1665577 -2.00460408e-06 0.200000003 p1 49154 8
1907 28297245 m2 1493694 -0.000176591944 0.200000003 p1 49161 8
134 28298052 m2 100901 -0.000231955491 0.200000003 p1 49163 8
5990 28301044 m2 4588139 -3.57553381e-06 0.200000003 p1 49172 8
4383 28306877 m2 3354185 -2.49677014e-05 0.200000003 p1 49188 8
617 28308268 m2 485818 -2.25009126e-06 0.200000003 p1 49192 8
3311 28308586 m2 2529115 -0.000434232119 0.200000003 p1 49193 8
2514 28310123 m2 1933832 -3.95463303e-06 0.200000003 p1 49198 8
3474 28324850 m2 2650717 -8.98135841e-06 0.200000003 p1 49240 8
2193 28331724 m2 1701455 -0.000313255528 0.200000003 p1 49259 8
4724 28335132 m2 3624772 -0.00149422884 0.200000003 p1 49269 8
988 28339540 m2 788911 -1.54408663e-05 0.200000003 p1 49281 8
1254 28340375 m2 1001492 -0.000813876803 0.200000003 p1 49283 8
4427 28340789 m2 3378473 -3.51286581e-05 0.200000003 p1 49284 8
2360 28343270 m2 1815861 -3.89551946e-09 0.200000003 p1 49291 8
5926 28349824 m2 4544782 -1.54666022e-08 0.200000003 p1 49310 8
2794 28360060 m2 2143690 -1.61133175e-06 0.200000003 p1 49339 8
5090 28362082 m2 3909300 -0.000229364057 0.200000003 p1 49344 8
2308 28363102 m2 1779685 -0.000256726198 0.200000003 p1 49347 8
4355 28363297 m2 3335673 -0.000819049834 0.200000003 p1 49348 8
884 28365606 m2 705976 -0.000236346343 0.200000003 p1 49354 8
5414 28369159 m2 4158624 -2.56388757e-05 0.200000003 p1 49364 8
717 28371166 m2 565496 -0.000406844367 0.200000003 p1 49370 8
1173 28372548 m2 929488 -2.10574203e-09 0.200000003 p1 49374 8
4413 28375391 m2 3369620 -3.50052744e-07 0.200000003 p1 49382 8
2907 28375665 m2 2229425 -4.94020287e-06 0.200000003 p1 49383 8
2914 28388080 m2 2233740 -7.81284813e-13 0.200000003 p1 49418 8
6328 28388232 m2 4851379 -0.000320880848 0.200000003 p1 49419 8
5845 28390644 m2 4487346 -0.00238846638 0.200000003 p1 49426 8
2258 28391896 m2 1745330 -1.71396562e-06 0.200000003 p1 49429 8
754 28393642 m2 591442 -0.000539597182 0.200000003 p1 49434 8
87 28394955 m3 64046 0.00337586203 0.5 p1 49438 8
3589 28395712 m2 2742583 -2.59377175e-05 0.200000003 p1 49441 8
5764 28396706 m2 4428956 -0.000148488471 0.200000003 p1 49444 8
732 28400288 m2 574191 -0.000514183834 0.200000003 p1 49454 8
3425 28404102 m2 2608596 -3.38166095e-09 0.200000003 p1 49465 8
1217 28410269 m2 973360 -0.000241453352 0.200000003 p1 49482 8
1157 28415659 m2 919610 -7.60424664e-05 0.200000003 p1 49497 8
2965 28418533 m2 2265435 -4.40489421e-05 0.200000003 p1 49505 8
2669 28419341 m2 2049968 -3.08398107e-08 0.200000003 p1 49508 8
671 28420091 m2 526263 -2.50411958e-05 0.200000003 p1 49509 8
4109 28420264 m2 3172208 -3.25240508e-05 0.200000003 p1 49510 8
2755 28426076 m2 2114841 -7.37823138e-05 0.200000003 p1 49526 8
5087 28431761 m2 3904908 -2.38999269e-06 0.200000003 p1 49542 8
3391 28432469 m2 2582553 -0.000205087636 0.200000003 p1 49544 8
1419 28441247 m2 1138195 -0.000515547348 0.200000003 p1 49569 8
323 28446485 m2 248161 -0.00197475054 0.200000003 p1 49584 8
2077 28447611 m2 1620209 -0.000219332127 0.200000003 p1 49588 8
5320 28448893 m2 4089319 -3.67355897e-05 0.200000003 p1 49591 8
779 28450306 m2 615681 -1.21586936e-06 0.200000003 p1 49595 8
4718 28450581 m2 3618430 -1.88737358e-05 0.200000003 p1 49596 8
5136 28466257 m2 3942732 -0.000107676387 0.200000003 p1 49641 8
1256 28466682 m2 1002301 -2.61907171e-05 0.200000003 p1 49642 8
4117 28478550 m2 3176574 -2.39398378e-06 0.200000003 p1 49677 8
5138 28481567 m2 3943861 -1.7334715e-08 0.200000003 p1 49686 8
4625 28481587 m2 3535755 -0.00417145342 0.200000003 p1 49686 8
2843 28483693 m2 2181708 -0.000874170626 0.200000003 p1 49692 8
4727 28491403 m2 3627978 -3.88680746e-05 0.200000003 p1 49714 8
2592 28491899 m2 1995278 -5.57230067e-08 0.200000003 p1 49716 8
4655 28494076 m2 3555386 -0.000546117197 0.200000003 p1 49722 8
5532 28496302 m2 4240685 -9.48770321e-06 0.200000003 p1 49728 8
858 28496660 m2 683899 -0.000936025172 0.200000003 p1 49729 8
1334 28497172 m2 1065883 -5.19951254e-06 0.200000003 p1 49731 8
1322 28500248 m2 1056064 -8.01304793e-07 0.200000003 p1 49740 8
4516 28504553 m2 3444516 -0.000208924364 0.200000003 p1 49752 8
3832 28513308 m2 2943309 -0.00340270298 0.200000003 p1 49776 8
6120 28514645 m2 4695289 -0.000398223259 0.200000003 p1 49780 8
968 28533998 m2 776392 -0.000293462363 0.200000003 p1 49836 8
4941 28535158 m2 3800466 -0.000399368844 0.200000003 p1 49840 8
1428 28538654 m2 1145574 -0.000713038491 0.200000003 p1 49850 8
2266 28542339 m2 1749456 -0.00123493327 0.200000003 p1 49861 8
6515 28543392 m2 4986190 -2.33778155e-06 0.200000003 p1 49864 8
6367 28547287 m2 4883091 -4.12167356e-05 0.200000003 p1 49876 8
4745 28550887 m2 3642367 -0.000180575458 0.200000003 p1 49887 8
2028 28559501 m2 1588084 -9.16538374e-06 0.200000003 p1 49913 8
951 28584460 m2 760857 -0.00214594952 0.200000003 p1 49989 8
5017 28586257 m2 3850596 -6.81122037e-05 0.200000003 p1 49994 8
3545 28589178 m2 2706611 -0.000199527029 0.200000003 p1 50003 8
2650 28595815 m2 2033382 -4.09466384e-06 0.200000003 p1 50024 8
4812 28596317 m2 3698398 -0.00363770034 0.200000003 p1 50026 8
568 28596476 m2 449226 -0.000444410311 0.200000003 p1 50026 8
1110 28596765 m2 883170 -7.65813013e-07 0.200000003 p1 50027 8
4490 28609072 m2 3424557 -0.00040618662 0.200000003 p1 50064 8
4733 28612813 m2 3633129 -2.89636913e-13 0.200000003 p1 50075 8
4704 28617278 m2 3601541 -5.4136882e-07 0.200000003 p1 50089 8
4773 28621403 m2 3661322 -4.31088192e-05 0.200000003 p1 50102 8
4384 28623691 m2 3354361 -0.000111169822 0.200000003 p1 50108 8
189 28636521 m2 142531 -0.00143963879 0.200000003 p1 50147 8
599 28648070 m3 469002 0.000825431256 0.5 p1 50183 8
1660 28665222 m2 1319252 -2.99244448e-06 0.200000003 p1 50233 8
5533 28681381 m2 4241317 -8.66798189e-07 0.200000003 p1 50281 8
839 28684996 m2 669628 -0.000114943723 0.200000003 p1 50291 8
980 28685593 m2 783545 -0.000768279191 0.200000003 p1 50293 8
4581 28689704 m2 3498022 -0.00430224603 0.200000003 p1 50305 8
4339 28693918 m2 3326948 -1.00855084e-06 0.200000003 p1 50317 8
1346 28695024 m2 1077138 -0.0020731613 0.200000003 p1 50320 8
5583 28696311 m2 4286111 -0.00231517712 0.200000003 p1 50324 8
3184 28700555 m2 2433193 -0.00227705343 0.200000003 p1 50336 8
6412 28714914 m2 4925505 -1.25647045e-06 0.200000003 p1 50378 8
2324 28726652 m2 1792368 -1.13407177e-05 0.200000003 p1 50413 8
1677 28726795 m2 1328504 -0.00111073116 0.200000003 p1 50414 8
396 28728190 m2 299076 -0.00107782776 0.200000003 p1 50418 8
30 28734564 m2 25445 -0.000118001582 0.200000003 p1 50436 8
4459 28752036 m2 3403905 -0.000212740662 0.200000003 p1 50487 8
2190 28753989 m2 1700140 -3.6264737e-05 0.200000003 p1 50493 8
352 28754388 m2 269206 -0.00138235441 0.200000003 p1 50494 8
2294 28756449 m2 1773168 -0.000600637228 0.200000003 p1 50500 8
354 28760715 m2 269682 -9.33040355e-05 0.200000003 p1 50513 8
2330 28762185 m2 1796347 -4.69982433e-06 0.200000003 p1 50517 8
1032 28763330 m2 811031 -1.24402698e-06 0.200000003 p1 50521 8
1870 28776340 m2 1471657 -0.0026681663 0.200000003 p1 50560 8
272 28782683 m2 210170 -1.73033342e-07 0.200000003 p1 50579 8
2359 28784453 m2 1815718 -7.63911601e-08 0.200000003 p1 50584 8
4185 28790587 m3 3214471 0.000549882418 0.5 p1 50603 8
734 28794325 m2 575445 -6.05683308e-05 0.200000003 p1 50613 8
1865 28796539 m2 1469131 -3.91776484e-06 0.200000003 p1 50620 8
586 28799255 m3 457588 0.00241136015 0.5 p1 50628 8
2281 28801192 m2 1760676 -6.60903379e-06 0.200000003 p1 50633 8
5037 28804297 m2 3866224 -1.78712014e-06 0.200000003 p1 50642 8
4164 28806001 m2 3205366 -0.000114233073 0.200000003 p1 50647 8
1743 28812261 m2 1385266 -0.000151488595 0.200000003 p1 50666 8
5348 28820020 m2 4110753 -6.84495016e-10 0.200000003 p1 50689 8
2408 28822024 m2 1859001 -0.000426533254 0.200000003 p1 50695 8
4009 28822865 m2 3096967 -4.83645199e-05 0.200000003 p1 50697 8
3256 28830816 m2 2482575 -3.44144973e-05 0.200000003 p1 50720 8
4338 28831406 m2 3326650 -0.000405195548 0.200000003 p1 50722 8
4893 28835880 m2 3765114 -8.62001543e-05 0.200000003 p1 50735 8
470 28838199 m2 364219 -0.00144441763 0.200000003 p1 50742 8
892 28845393 m2 713821 -1.17999234e-05 0.200000003 p1 50763 8
3534 28845877 m2 2698698 -0.000163402539 0.200000003 p1 50765 8
5261 28850191 m2 4045184 -3.77131073e-08 0.200000003 p1 50778 8
5647 28850255 m2 4329561 -6.69268363e-10 0.200000003 p1 50778 8
1661 28851251 m2 1319406 -0.00180490303 0.200000003 p1 50781 8
4154 28852465 m2 3200422 -5.13896839e-06 0.200000003 p1 50784 8
1341 28858084 m2 1070109 -6.65319476e-06 0.200000003 p1 50801 8
5255 28864735 m3 4040524 0.000985704712 0.5 p1 50820 8
6377 28872587 m2 4896716 -3.15086982e-06 0.200000003 p1 50844 8
5148 28873636 m2 3958864 -3.77849915e-06 0.200000003 p1 50847 8
4589 28876423 m2 3503419 -9.48399902e-05 0.200000003 p1 50856 8
2114 28881692 m2 1642553 -0.00014294323 0.200000003 p1 50872 8
4942 28882413 m2 3800862 -0.000653394265 0.200000003 p1 50874 8
1480 28884473 m2 1180988 -1.00069838e-05 0.200000003 p1 50880 8
285 28888532 m2 216777 -9.91362103e-05 0.200000003 p1 50893 8
3269 28888744 m2 2494148 -2.44016292e-06 0.200000003 p1 50893 8
3876 28899970 m2 2985871 -6.70563604e-05 0.200000003 p1 50927 8
1664 28903546 m2 1320918 -3.62707446e-08 0.200000003 p1 50939 8
4825 28904221 m3 3710492 0.00331948232 0.5 p1 50941 8
643 28904777 m2 509187 -0.000696011528 0.200000003 p1 50942 8
5513 28904788 m2 4230268 -0.000656706688 0.200000003 p1 50942 8
683 28917641 m2 533609 -1.27766807e-05 0.200000003 p1 50980 8
5155 28923221 m2 3963898 -0.000205867473 0.200000003 p1 50997 8
5892 28923532 m2 4518062 -0.000325912406 0.200000003 p1 50998 8
1905 28926627 m2 1493161 -7.80427001e-07 0.200000003 p1 51008 8
2687 28927964 m2 2060614 -1.70740695e-05 0.200000003 p1 51011 8
1628 28929930 m2 1293415 -1.00657942e-07 0.200000003 p1 51017 8
5996 28933189 m2 4590529 -0.000337517558 0.200000003 p1 51027 8
452 28933663 m2 350410 -2.0183661e-05 0.200000003 p1 51029 8
486 28934862 m2 375784 -4.65854155e-09 0.200000003 p1 51032 8
2227 28935959 m2 1723033 -5.67809844e-09 0.200000003 p1 51036 8
3585 28937187 m2 2738785 -5.67900897e-05 0.200000003 p1 51040 8
1222 28942543 m3 977088 0.00244097505 0.5 p1 51056 8
5110 28942831 m2 3925081 -0.000111281479 0.200000003 p1 51057 8
2645 28950313 m2 2030491 -3.00912852e-05 0.200000003 p1 51080 8
2555 28956166 m2 1966095 -1.20939721e-05 0.200000003 p1 51098 8
5786 28956572 m2 4446071 -0.00298906607 0.200000003 p1 51099 8
4955 28958910 m2 3809227 -1.13929605e-06 0.200000003 p1 51106 8
1482 28963105 m2 1184808 -0.000232569364 0.200000003 p1 51119 8
3303 28969011 m2 2522220 -2.78497555e-06 0.200000003 p1 51137 8
1038 28971379 m2 815816 -0.00166176108 0.200000003 p1 51144 8
4023 28974798 m2 3110279 -6.65548287e-05 0.200000003 p1 51154 8
3853 28996619 m2 2961917 -0.00317583978 0.200000003 p1 51221 8
4735 29010622 m2 3634018 -1.90688643e-05 0.200000003 p1 51264 8
1521 29010794 m2 1213046 -9.19824106e-06 0.200000003 p1 51264 8
2778 29018390 m2 2131939 -5.57502972e-05 0.200000003 p1 51287 8
4012 29020952 m2 3098589 -3.99386154e-05 0.200000003 p1 51295 8
5074 29026071 m2 3896293 -0.000257702166 0.200000003 p1 51311 8
1383 29028656 m2 1106449 -4.73954671e-08 0.200000003 p1 51318 8
4075 29032429 m2 3144254 -1.25140368e-05 0.200000003 p1 51330 8
1430 29037530 m2 1147906 -6.2920158e-08 0.200000003 p1 51345 8
5307 29040749 m2 4080005 -6.30057184e-06 0.200000003 p1 51355 8
1814 29048430 m2 1431100 -8.91172022e-06 0.200000003 p1 51379 8
4982 29048642 m3 3828103 0.00173758564 0.5 p1 51380 8
5410 29049081 m2 4156005 -5.3479398e-05 0.200000003 p1 51381 8
1250 29049904 m2 999085 -3.66861656e-07 0.200000003 p1 51383 8
5712 29050852 m2 4386182 -0.000124765967 0.200000003 p1 51386 8
5317 29051278 m2 4088199 -0.000816173502 0.200000003 p1 51388 8
5462 29051388 m2 4190951 -0.000169649575 0.200000003 p1 51388 8
6273 29057671 m2 4816513 -0.000604173169 0.200000003 p1 51407 8
1027 29058599 m2 809501 -2.30192327e-05 0.200000003 p1 51410 8
2110 29061969 m2 1639619 -0.000624722161 0.200000003 p1 51421 8
4431 29062067 m2 3382925 -1.67466467e-07 0.200000003 p1 51421 8
2312 29063327 m2 1782192 -0.00313916616 0.200000003 p1 51425 8
5663 29063897 m2 4345041 -0.000444924663 0.200000003 p1 51427 8
1487 29067759 m2 1188233 -0.000765776844 0.200000003 p1 51440 8
1429 29068765 m2 1146238 -0.000329991803 0.200000003 p1 51443 8
2070 29071646 m2 1614101 -5.24987763e-06 0.200000003 p1 51452 8
1496 29072630 m2 1195524 -0.00068004051 0.200000003 p1 51455 8
760 29073556 m2 600462 -0.000109921581 0.200000003 p1 51458 8
5218 29074278 m2 4007663 -1.93694063e-06 0.200000003 p1 51460 8
5177 29074612 m2 3982065 -1.36186976e-16 0.200000003 p1 51461 8
5611 29079269 m3 4304452 0.00311231683 0.5 p1 51476 8
937 29081403 m2 748225 -1.42275827e-08 0.200000003 p1 51483 8
4901 29081781 m2 3771452 -0.00521180127 0.200000003 p1 51484 8
246 29082594 m2 187602 -7.3904921e-05 0.200000003 p1 51486 8
485 29084008 m2 375681 -0.000271942466 0.200000003 p1 51490 8
6056 29086888 m2 4646378 -2.19516278e-06 0.200000003 p1 51499 8
6082 29101288 m2 4670033 -1.4611328e-06 0.200000003 p1 51543 8
5475 29101752 m2 4197312 -0.00798508897 0.200000003 p1 51544 8
5584 29103200 m2 4286191 -5.51016565e-05 0.200000003 p1 51548 8
6356 29103285 m2 4877613 -0.000240987938 0.200000003 p1 51548 8
2132 29105860 m2 1656713 -2.0747521e-08 0.200000003 p1 51556 8
384 29121707 m2 291584 -5.43537535e-05 0.200000003 p1 51605 8
3353 29127174 m2 2556734 -0.000328151305 0.200000003 p1 51622 8
1325 29130172 m2 1059220 -2.56130779e-08 0.200000003 p1 51632 8
6327 29131228 m2 4850056 -0.0016007541 0.200000003 p1 51635 8
3121 29134583 m2 2384231 -0.0032066151 0.200000003 p1 51645 8
4968 29140023 m2 3819179 -0.0014832993 0.200000003 p1 51662 8
5497 29146834 m2 4219367 -0.000887405302 0.200000003 p1 51684 8
1512 29146839 m2 1206706 -0.00033460182 0.200000003 p1 51684 8
5772 29152175 m2 4436835 -0.00473873643 0.200000003 p1 51700 8
1970 29154248 m2 1541813 -0.00351193501 0.200000003 p1 51707 8
6143 29155007 m2 4718099 -0.000365699088 0.200000003 p1 51709 8
433 29157946 m2 332609 -0.000239855901 0.200000003 p1 51718 8
5086 29158667 m3 3904678 0.000117514959 0.5 p1 51721 8
3470 29185526 m2 2649869 -2.08251422e-05 0.200000003 p1 51804 8
3309 29189435 m2 2526647 -0.000201667994 0.200000003 p1 51817 8
45 29190757 m2 39249 -3.52049756e-06 0.200000003 p1 51821 8
225 29195064 m2 171800 -5.87953228e-11 0.200000003 p1 51834 8
4674 29203414 m2 3574663 -8.04356459e-05 0.200000003 p1 51859 8
1778 29205532 m2 1406342 -8.85086629e-05 0.200000003 p1 51866 8
4805 29205592 m2 3694784 -1.54091296e-07 0.200000003 p1 51866 8
1002 29207820 m2 796606 -1.24566898e-10 0.200000003 p1 51873 8
3115 29214354 m2 2376976 -4.7407415e-05 0.200000003 p1 51893 8
2055 29215793 m2 1604127 -2.07398239e-06 0.200000003 p1 51898 8
2402 29223596 m2 1853029 -2.26391894e-05 0.200000003 p1 51922 8
6425 29229531 m2 4932995 -2.63882498e-07 0.200000003 p1 51940 8
3226 29238523 m2 2463831 -0.00022796671 0.200000003 p1 51967 8
3652 29239351 m2 2797328 -0.000594498415 0.200000003 p1 51970 8
2347 29245641 m2 1807407 -6.31454031e-06 0.200000003 p1 51988 8
1604 29248110 m2 1273044 -6.86634885e-05 0.200000003 p1 51996 8
6036 29249510 m2 4624693 -1.16406491e-13 0.200000003 p1 52000 8
5480 29250205 m2 4200415 -0.00174212654 0.200000003 p1 52002 8
3408 29255696 m2 2595915 -8.63013975e-06 0.200000003 p1 52019 8
5159 29260330 m2 3967581 -0.00030076527 0.200000003 p1 52033 8
6435 29260827 m3 4938839 0.000289450196 0.5 p1 52034 8
1620 29270313 m2 1287600 -5.45268267e-05 0.200000003 p1 52064 8
2762 29277213 m2 2118198 -7.88396221e-07 0.200000003 p1 52084 8
1271 29288325 m2 1015431 -0.00137233804 0.200000003 p1 52119 8
2118 29292321 m2 1644766 -0.000821660797 0.200000003 p1 52131 8
4471 29296201 m3 3415522 0.000144845399 0.5 p1 52143 8
556 29300795 m2 439952 -2.99033741e-06 0.200000003 p1 52158 8
1194 29305123 m2 952434 -0.00217780378 0.200000003 p1 52171 8
5292 29306010 m2 4064963 -0.000535448606 0.200000003 p1 52174 8
3605 29307105 m2 2758089 -0.000102439495 0.200000003 p1 52177 8
5630 29313007 m2 4314841 -0.00354524166 0.200000003 p1 52196 8
975 29316128 m2 782681 -0.00522650778 0.200000003 p1 52206 8
3640 29316142 m2 2785810 -0.00160248042 0.200000003 p1 52206 8
5898 29317350 m2 4523227 -5.45847479e-06 0.200000003 p1 52210 8
144 29320600 m2 107430 -0.00126710325 0.200000003 p1 52220 8
5936 29321515 m2 4551971 -2.19227945e-06 0.200000003 p1 52223 8
2222 29330766 m2 1719407 -4.45976548e-05 0.200000003 p1 52251 8
3225 29334063 m2 2462654 -9.26934536e-06 0.200000003 p1 52262 8
3104 29336980 m2 2370856 -5.99822533e-06 0.200000003 p1 52270 8
308 29348219 m2 238495 -6.3345331e-05 0.200000003 p1 52305 8
6286 29354367 m2 4824305 -0.00342037622 0.200000003 p1 52324 8
2573 29364167 m2 1976805 -0.000212105195 0.200000003 p1 52354 8
4069 29371244 m2 3137261 -8.31976922e-06 0.200000003 p1 52377 8
3124 29376721 m2 2385615 -5.43803344e-06 0.200000003 p1 52394 8
6501 29384341 m2 4978135 -0.000271883793 0.200000003 p1 52418 8
1577 29384970 m2 1257732 -3.14629915e-07 0.200000003 p1 52420 8
1121 29387910 m2 892700 -4.3236314e-06 0.200000003 p1 52429 8
4930 29390554 m2 3789861 -0.000102180624 0.200000003 p1 52437 8
2820 29393588 m2 2161450 -6.52268682e-07 0.200000003 p1 52447 8
5385 29398074 m2 4135665 -0.000460814685 0.200000003 p1 52461 8
5810 29400129 m2 4463414 -4.27661107e-05 0.200000003 p1 52467 8
2529 29401486 m2 1945036 -3.77879337e-06 0.200000003 p1 52471 8
1276 29401526 m2 1017132 -0.000265407289 0.200000003 p1 52471 8
3132 29402361 m2 2391591 -0.00361026148 0.200000003 p1 52474 8
6181 29404048 m2 4744239 -0.00179574662 0.200000003 p1 52479 8
4456 29405684 m2 3402086 -1.18331272e-05 0.200000003 p1 52484 8
6062 29410108 m2 4654570 -3.93411501e-05 0.200000003 p1 52498 8
6453 29416438 m2 4951805 -0.00132642419 0.200000003 p1 52518 8
1270 29425131 m2 1014860 -0.000396303745 0.200000003 p1 52545 8
2332 29426339 m2 1798017 -0.00145713228 0.200000003 p1 52549 8
2254 29426562 m2 1743293 -2.60400357e-05 0.200000003 p1 52550 8
761 29426738 m3 600469 0.00205915794 0.5 p1 52550 8
2278 29428031 m2 1758867 -0.00134343747 0.200000003 p1 52554 8
5929 29431995 m2 4546866 -0.00138580624 0.200000003 p1 52567 8
3376 29432984 m2 2570862 -5.86527713e-05 0.200000003 p1 52570 8
288 29438813 m3 218451 0.000269587676 0.5 p1 52588 8
3839 29439172 m2 2951449 -7.94676671e-05 0.200000003 p1 52589 8
5047 29440779 m2 3872229 -6.68722569e-05 0.200000003 p1 52594 8
71 29449639 m2 57160 -0.000113642753 0.200000003 p1 52622 8
4066 29452302 m2 3134862 -6.33974764e-07 0.200000003 p1 52631 8
4762 29457079 m2 3651763 -0.00568117062 0.200000003 p1 52646 8
3837 29465949 m2 2951028 -2.01157654e-05 0.200000003 p1 52673 8
54 29466247 m2 42901 -6.70285494e-10 0.200000003 p1 52674 8
2072 29474808 m2 1616444 -1.60250593e-07 0.200000003 p1 52701 8
3096 29487130 m3 2365558 0.00264143362 0.5 p1 52741 8
719 29489979 m2 566205 -9.20821258e-05 0.200000003 p1 52750 8
5219 29492987 m2 4008010 -0.00290589337 0.200000003 p1 52760 8
443 29498676 m2 344080 -0.00256926659 0.200000003 p1 52778 8
1305 29500241 m2 1037162 -0.0031701331 0.200000003 p1 52783 8
4822 29502424 m2 3707822 -1.8969925e-07 0.200000003 p1 52790 8
5943 29504529 m2 4557269 -6.03087429e-08 0.200000003 p1 52797 8
2 29512757 m2 1601 -6.54838077e-05 0.200000003 p1 52824 8
6044 29514897 m2 4634410 -7.40313626e-05 0.200000003 p1 52831 8
4128 29517609 m2 3181836 -1.4456325e-10 0.200000003 p1 52839 8
6500 29518290 m2 4978106 -1.24519133e-07 0.200000003 p1 52841 8
665 29524353 m2 521315 -4.87322582e-09 0.200000003 p1 52861 8
1331 29527197 m2 1062705 -0.000935255084 0.200000003 p1 52870 8
4685 29529775 m2 3583120 -3.39426833e-06 0.200000003 p1 52878 8
5415 29536271 m2 4158871 -2.13337989e-05 0.200000003 p1 52899 8
6455 29539490 m2 4952436 -6.56180009e-06 0.200000003 p1 52909 8
247 29543720 m2 187932 -0.00110792427 0.200000003 p1 52923 8
4359 29546157 m2 3336989 -0.000428955245 0.200000003 p1 52930 8
448 29548726 m2 346004 -0.00174784625 0.200000003 p1 52939 8
6274 29552741 m2 4816751 -3.95806965e-05 0.200000003 p1 52952 8
5247 29559300 m2 4032927 -0.0117743621 0.200000003 p1 52972 8
3476 29562798 m2 2654024 -5.22254913e-06 0.200000003 p1 52984 8
425 29563384 m2 324499 -1.34984268e-09 0.200000003 p1 52986 8
5515 29564516 m2 4232170 -0.000569743686 0.200000003 p1 52990 8
3236 29566585 m2 2472240 -0.00383953727 0.200000003 p1 52997 8
3462 29567016 m2 2645458 -0.00115416793 0.200000003 p1 52998 8
724 29570209 m2 567913 -7.53984496e-05 0.200000003 p1 53008 8
4852 29574442 m2 3731985 -2.8518383e-07 0.200000003 p1 53022 8
2233 29577157 m2 1726012 -3.48189351e-05 0.200000003 p1 53031 8
3047 29578818 m2 2331030 -4.96772032e-07 0.200000003 p1 53036 8
6047 29584351 m2 4638132 -2.65011886e-06 0.200000003 p1 53055 8
3526 29587905 m2 2688371 -1.03572802e-05 0.200000003 p1 53066 8
4113 29592681 m2 3175663 -4.30736655e-08 0.200000003 p1 53082 8
1805 29592873 m2 1423584 -4.97717338e-06 0.200000003 p1 53082 8
1560 29596221 m2 1245931 -2.76813057e-06 0.200000003 p1 53093 8
4442 29605930 m2 3392616 -7.02646912e-06 0.200000003 p1 53126 8
1232 29611004 m2 984627 -0.000497367349 0.200000003 p1 53143 8
1432 29611175 m2 1148736 -0.000395224051 0.200000003 p1 53143 8
695 29613179 m3 544432 0.00210713176 0.5 p1 53150 8
454 29617032 m2 351474 -2.62038429e-06 0.200000003 p1 53163 8
5587 29622422 m2 4286695 -0.000651099952 0.200000003 p1 53180 8
2366 29626648 m2 1821166 -7.43583826e-08 0.200000003 p1 53193 8
735 29629326 m2 576023 -2.18550422e-08 0.200000003 p1 53202 8
2567 29629384 m2 1973382 -5.30954276e-06 0.200000003 p1 53202 8
2505 29631330 m2 1928790 -3.01422915e-07 0.200000003 p1 53209 8
1553 29632099 m2 1238282 -1.79430954e-05 0.200000003 p1 53212 8
3313 29639541 m2 2530907 -3.00692875e-07 0.200000003 p1 53236 8
5002 29639927 m2 3840541 -5.42976159e-05 0.200000003 p1 53237 8
4343 29642859 m2 3330595 -0.000492761377 0.200000003 p1 53247 8
2710 29643447 m2 2080198 -3.84596497e-05 0.200000003 p1 53249 8
645 29648610 m2 510802 -0.000738861389 0.200000003 p1 53266 8
1707 29652758 m2 1350697 -8.25217001e-07 0.200000003 p1 53280 8
4309 29656567 m2 3307981 -0.00093072321 0.200000003 p1 53292 8
1089 29658256 m2 865462 -1.09118191e-05 0.200000003 p1 53298 8
5592 29661682 m2 4290838 -0.000912140822 0.200000003 p1 53309 8
2548 29666048 m2 1960844 -0.000429889013 0.200000003 p1 53324 8
1956 29667334 m2 1531875 -2.92434538e-06 0.200000003 p1 53328 8
4802 29667694 m2 3690973 -9.49827245e-06 0.200000003 p1 53329 8
986 29667976 m2 787366 -0.000540005683 0.200000003 p1 53330 8
6060 29672636 m2 4651939 -0.000559112697 0.200000003 p1 53345 8
2790 29676043 m2 2140372 -0.00026683294 0.200000003 p1 53357 8
5940 29683487 m2 4554786 -1.33007006e-05 0.200000003 p1 53381 8
4539 29684204 m2 3465690 -3.23476634e-05 0.200000003 p1 53383 8
557 29686868 m2 440503 -0.000127988518 0.200000003 p1 53392 8
2334 29690491 m2 1798673 -0.000195280329 0.200000003 p1 53404 8
3697 29706572 m2 2836092 -0.00176140212 0.200000003 p1 53459 8
1497 29708178 m2 1196406 -0.000671724265 0.200000003 p1 53464 8
4754 29715300 m2 3647592 -0.00123923726 0.200000003 p1 53487 8
3799 29721323 m2 2915031 -7.6312017e-06 0.200000003 p1 53508 8
1237 29724648 m2 988254 -0.00156885164 0.200000003 p1 53520 8
1087 29733436 m2 864823 -9.29813323e-05 0.200000003 p1 53549 8
804 29738578 m2 637431 -0.00246561621 0.200000003 p1 53567 8
5546 29747302 m2 4259509 -1.84640085e-05 0.200000003 p1 53597 8
297 29755955 m2 229104 -2.02137215e-07 0.200000003 p1 53627 8
958 29761854 m2 766117 -7.93511219e-07 0.200000003 p1 53647 8
1159 29762139 m2 920154 -0.00570594193 0.200000003 p1 53648 8
2143 29765390 m2 1665413 -0.000104154286 0.200000003 p1 53660 8
5606 29766969 m3 4299388 0.000697694428 0.5 p1 53666 8
3331 29768256 m2 2541298 -0.000226003118 0.200000003 p1 53670 8
803 29779205 m2 637269 -0.000174090994 0.200000003 p1 53708 8
2748 29780196 m2 2108255 -5.91899948e-07 0.200000003 p1 53711 8
3168 29781258 m2 2420615 -1.4891415e-05 0.200000003 p1 53715 8
3129 29786105 m2 2390236 -5.12386068e-05 0.200000003 p1 53732 8
1524 29796079 m2 1214290 -3.95839816e-05 0.200000003 p1 53766 8
4926 29796844 m2 3784664 -0.000398954784 0.200000003 p1 53768 8
2046 29797105 m2 1599230 -0.000693375303 0.200000003 p1 53769 8
316 29797344 m2 240106 -0.000138991236 0.200000003 p1 53770 8
3113 29797790 m2 2375316 -6.50647252e-08 0.200000003 p1 53772 8
5039 29799316 m2 3867887 -4.65490921e-05 0.200000003 p1 53776 8
5646 29801441 m2 4328332 -0.00016546699 0.200000003 p1 53783 8
4882 29801823 m2 3755116 -1.48354651e-09 0.200000003 p1 53785 8
1839 29804252 m2 1447283 -6.33858363e-05 0.200000003 p1 53793 8
1164 29808528 m2 922551 -3.54735384e-05 0.200000003 p1 53807 8
1101 29809985 m2 876601 -3.53219298e-06 0.200000003 p1 53812 8
3951 29815035 m2 3041803 -1.68345687e-05 0.200000003 p1 53829 8
3796 29815455 m2 2912242 -0.000718302384 0.200000003 p1 53830 8
1402 29817078 m2 1124729 -0.000457275746 0.200000003 p1 53836 8
5477 29820423 m2 4198826 -0.00247847009 0.200000003 p1 53847 8
6506 29821851 m2 4979814 -3.24064309e-09 0.200000003 p1 53852 8
5961 29825571 m2 4568704 -0.000156385096 0.200000003 p1 53864 8
4507 29826320 m2 3437918 -4.50187035e-05 0.200000003 p1 53867 8
2107 29830470 m2 1639402 -0.00249962416 0.200000003 p1 53881 8
5707 29833770 m2 4380768 -0.00199291972 0.200000003 p1 53892 8
6004 29840004 m2 4596657 -1.71861996e-06 0.200000003 p1 53912 8
4424 29844383 m2 3377198 -0.000745252531 0.200000003 p1 53927 8
3023 29847345 m2 2312725 -5.02405455e-05 0.200000003 p1 53937 8
2552 29854513 m3 1964018 0.00322016003 0.5 p1 53962 8
4111 29858266 m2 3174187 -5.68214659e-07 0.200000003 p1 53975 8
701 29865041 m2 550793 -1.52118638e-08 0.200000003 p1 53999 8
3613 29868090 m3 2761878 5.63945541e-05 0.5 p1 54010 8
3456 29877818 m2 2642768 -1.9059371e-06 0.200000003 p1 54043 8
3157 29882873 m2 2410832 -0.0019201847 0.200000003 p1 54061 8
844 29887043 m2 673795 -0.00244744029 0.200000003 p1 54075 8
2550 29887638 m2 1963374 -2.16760228e-07 0.200000003 p1 54077 8
6018 29895131 m2 4611944 -2.05481524e-06 0.200000003 p1 54103 8
5026 29896159 m2 3856184 -5.85703019e-05 0.200000003 p1 54107 8
2430 29899976 m2 1874551 -8.40237044e-05 0.200000003 p1 54120 8
5494 29901074 m2 4217927 -0.00120430801 0.200000003 p1 54124 8
4096 29907319 m2 3165572 -2.55311556e-06 0.200000003 p1 54146 8
3769 29907457 m2 2892571 -0.00122234249 0.200000003 p1 54146 8
4202 29914433 m2 3229616 -0.00121118303 0.200000003 p1 54170 8
6023 29915217 m2 4615616 -0.00364819216 0.200000003 p1 54173 8
1020 29915859 m2 805586 -2.54981042e-05 0.200000003 p1 54175 8
6311 29915971 m2 4842873 -1.43058799e-06 0.200000003 p1 54176 8
3606 29916526 m2 2758391 -5.41737544e-09 0.200000003 p1 54178 8
3748 29918059 m2 2881847 -0.000683956372 0.200000003 p1 54183 8
2116 29920937 m2 1644161 -0.000396838353 0.200000003 p1 54193 8
1030 29921581 m2 810788 -0.00108703854 0.200000003 p1 54195 8
4180 29922193 m2 3211730 -9.11044129e-10 0.200000003 p1 54197 8
4461 29922890 m2 3406826 -4.24188074e-05 0.200000003 p1 54200 8
244 29924692 m2 185683 -0.000715833623 0.200000003 p1 54206 8
3131 29932821 m2 2391038 -5.08264111e-06 0.200000003 p1 54235 8
3958 29934020 m2 3048213 -5.40116998e-05 0.200000003 p1 54239 8
5869 29934503 m2 4501404 -3.25520487e-05 0.200000003 p1 54241 8
1771 29935893 m2 1402328 -6.46603485e-06 0.200000003 p1 54246 8
4488 29940461 m2 3424077 -0.00103170972 0.200000003 p1 54262 8
2587 29940686 m2 1992687 -0.000166229089 0.200000003 p1 54263 8
3070 29940979 m2 2348616 -0.000166729762 0.200000003 p1 54264 8
3789 29941781 m2 2910746 -0.000172527143 0.200000003 p1 54267 8
1433 29956565 m2 1149921 -1.20719878e-05 0.200000003 p1 54320 8
5944 29959653 m2 4557350 -2.76611587e-08 0.200000003 p1 54331 8
4633 29959831 m2 3541870 -2.94735491e-06 0.200000003 p1 54331 8
4447 29964054 m2 3394903 -0.00111620594 0.200000003 p1 54346 8
957 29964337 m2 765448 -1.07430189e-07 0.200000003 p1 54348 8
4907 29964747 m3 3774883 0.00133879506 0.5 p1 54349 8
3099 29966354 m2 2366898 -0.00128977199 0.200000003 p1 54355 8
62 29971811 m2 50783 -2.20143484e-05 0.200000003 p1 54375 8
3836 29973286 m2 2949817 -2.36728079e-06 0.200000003 p1 54380 8
1724 29980238 m2 1369787 -4.27143641e-06 0.200000003 p1 54405 8
635 29984082 m2 504678 -2.25477306e-05 0.200000003 p1 54419 8
2861 29986324 m2 2194201 -0.00179776119 0.200000003 p1 54427 8
3657 29987250 m2 2802581 -9.33780939e-06 0.200000003 p1 54431 8
1651 29988298 m2 1313932 -0.00014706362 0.200000003 p1 54434 8
5066 29990543 m2 3891423 -1.86451052e-06 0.200000003 p1 54442 8
1049 29990970 m2 828853 -0.00151739712 0.200000003 p1 54444 8
2049 29991833 m2 1601523 -1.88261529e-05 0.200000003 p1 54447 8
1762 29996249 m3 1394053 2.34679701e-05 0.5 p1 54463 8
1598 29997560 m2 1270003 -0.000662472565 0.200000003 p1 54467 8
3600 30000036 m2 2754306 -0.000162022756 0.200000003 p1 54476 8
6154 30004439 m2 4726798 -1.10132885e-06 0.200000003 p1 54491 8
1421 30004854 m2 1139728 -1.84810287e-05 0.200000003 p1 54493 8
1701 30005100 m2 1348008 -0.000990024419 0.200000003 p1 54494 8
2873 30007865 m2 2203791 -3.95812276e-06 0.200000003 p1 54504 8
1486 30021280 m2 1187686 -0.000110635323 0.200000003 p1 54550 8
1501 30031610 m2 1199995 -0.00013457 0.200000003 p1 54587 8
5243 30034206 m2 4026098 -3.10095311e-06 0.200000003 p1 54595 8
140 30034593 m2 105596 -1.43197929e-06 0.200000003 p1 54597 8
4003 30039624 m2 3090357 -9.87837484e-05 0.200000003 p1 54614 8
2314 30040216 m2 1786101 -1.19621757e-06 0.200000003 p1 54616 8
4144 30040561 m2 3193191 -0.000434321293 0.200000003 p1 54618 8
5369 30042430 m2 4126550 -0.000273596175 0.200000003 p1 54624 8
2491 30044429 m2 1921995 -0.00136990997 0.200000003 p1 54631 8
2915 30047635 m2 2234407 -1.66952546e-07 0.200000003 p1 54643 8
350 30052674 m2 267402 -4.36360239e-07 0.200000003 p1 54661 8
2599 30053479 m2 1998533 -0.000192218125 0.200000003 p1 54664 8
5472 30055430 m2 4196115 -0.001008666 0.200000003 p1 54671 8
4750 30060966 m2 3646533 -5.29781062e-07 0.200000003 p1 54691 8
831 30065812 m2 666372 -0.000100891746 0.200000003 p1 54709 8
3230 30068711 m2 2465414 -0.00046379157 0.200000003 p1 54720 8
1639 30070675 m2 1301982 -8.40012854e-06 0.200000003 p1 54726 8
3323 30071391 m2 2536381 -0.00229384564 0.200000003 p1 54729 8
6400 30074061 m2 4916888 -0.000113785165 0.200000003 p1 54739 8
234 30076096 m2 177498 -1.27784751e-05 0.200000003 p1 54746 8
1985 30079677 m2 1554840 -6.57266128e-07 0.200000003 p1 54758 8
5531 30079927 m3 4240401 0.000954478979 0.5 p1 54759 8
6 30085062 m2 4203 -0.000605042267 0.200000003 p1 54777 8
2837 30085868 m2 2178058 -0.00028193972 0.200000003 p1 54780 8
2537 30090055 m2 1952532 -3.3217546e-08 0.200000003 p1 54794 8
712 30090263 m2 557401 -0.00759185199 0.200000003 p1 54795 8
2754 30092127 m2 2114274 -0.000733063265 0.200000003 p1 54802 8
3544 30094529 m2 2705329 -7.60661351e-05 0.200000003 p1 54810 8
3973 30094975 m2 3063569 -0.00066885358 0.200000003 p1 54812 8
440 30101637 m2 342559 -2.46750346e-07 0.200000003 p1 54835 8
168 30107777 m2 129698 -9.7856605e-07 0.200000003 p1 54856 8
3713 30115216 m2 2848805 -1.48701429e-06 0.200000003 p1 54883 8
943 30116494 m2 756500 -2.42266524e-05 0.200000003 p1 54887 8
4001 30120794 m2 3089455 -0.000701457437 0.200000003 p1 54902 8
4929 30122762 m2 3789225 -0.000121986035 0.200000003 p1 54909 8
1144 30132065 m2 911688 -0.000107258988 0.200000003 p1 54941 8
439 30134942 m2 341844 -6.29157682e-07 0.200000003 p1 54951 8
1345 30138584 m2 1073799 -2.511525e-07 0.200000003 p1 54965 8
3901 30144236 m2 3007229 -0.000104986189 0.200000003 p1 54985 8
2165 30152213 m2 1680420 -1.49481355e-06 0.200000003 p1 55013 8
2034 30154793 m2 1590921 -0.00254412927 0.200000003 p1 55023 8
4310 30158571 m2 3309120 -1.44626129e-05 0.200000003 p1 55036 8
2904 30159969 m2 2226659 -0.000122566635 0.200000003 p1 55041 8
3475 30159972 m2 2652162 -3.31403543e-10 0.200000003 p1 55041 8
6489 30163204 m2 4973225 -6.72520355e-06 0.200000003 p1 55053 8
5753 30163304 m2 4420418 -0.000206576791 0.200000003 p1 55053 8
1850 30166298 m2 1456629 -2.76521623e-05 0.200000003 p1 55064 8
220 30177249 m2 170815 -0.000511689403 0.200000003 p1 55104 8
3480 30178446 m2 2655606 -0.00127458945 0.200000003 p1 55108 8
1208 30185513 m2 966031 -7.39242667e-10 0.200000003 p1 55134 8
3034 30190050 m2 2321859 -0.000188553182 0.200000003 p1 55150 8
143 30192912 m2 106791 -2.01552007e-06 0.200000003 p1 55161 8
5924 30194999 m2 4543802 -0.00400648173 0.200000003 p1 55168 8
4543 30195305 m2 3467765 -0.000177471898 0.200000003 p1 55169 8
2292 30197637 m2 1772159 -2.14160489e-09 0.200000003 p1 55178 8
3040 30200735 m2 2327046 -4.95826825e-05 0.200000003 p1 55189 8
850 30206950 m2 679544 -1.82297554e-05 0.200000003 p1 55211 8
301 30207942 m2 233681 -1.98445427e-10 0.200000003 p1 55215 8
5457 30218213 m2 4186251 -0.000139551586 0.200000003 p1 55251 8
5147 30221575 m2 3958303 -0.000672968396 0.200000003 p1 55263 8
178 30222250 m2 134898 -0.000513850711 0.200000003 p1 55266 8
6070 30223834 m2 4658761 -1.29223622e-06 0.200000003 p1 55272 8
1706 30224281 m2 1349185 -7.04158176e-10 0.200000003 p1 55273 8
1367 30229006 m2 1090112 -3.52833268e-07 0.200000003 p1 55289 8
4156 30240366 m2 3200841 -1.39772937e-05 0.200000003 p1 55330 8
1156 30251716 m3 919603 0.000110297136 0.5 p1 55371 8
2688 30258783 m2 2060945 -0.00165220106 0.200000003 p1 55396 8
2059 30261366 m2 1605663 -0.000535682833 0.200000003 p1 55406 8
3401 30261475 m2 2588293 -0.000123202481 0.200000003 p1 55406 8
3945 30263493 m2 3037236 -0.00143427541 0.200000003 p1 55413 8
6141 30266149 m2 4716604 -5.96177401e-08 0.200000003 p1 55422 8
1789 30269545 m2 1412196 -0.00650599087 0.200000003 p1 55435 8
3848 30272295 m2 2958372 -0.00241819536 0.200000003 p1 55444 8
6313 30274457 m2 4844375 -1.73491912e-06 0.200000003 p1 55452 8
4997 30276718 m2 3839938 -0.00109563663 0.200000003 p1 55460 8
5071 30278809 m2 3895397 -1.51267604e-05 0.200000003 p1 55467 8
657 30279500 m2 514732 -6.88280011e-07 0.200000003 p1 55470 8
3243 30279590 m2 2475296 -0.000164454279 0.200000003 p1 55470 8
1347 30282184 m2 1077154 -2.23472085e-09 0.200000003 p1 55479 8
2725 30282446 m3 2090268 0.000182272139 0.5 p1 55480 8
4728 30282857 m2 3628246 -7.93549043e-06 0.200000003 p1 55481 8
4034 30287976 m2 3118072 -7.09742972e-06 0.200000003 p1 55499 8
2767 30289215 m2 2126954 -0.00236807368 0.200000003 p1 55503 8
5938 30290605 m2 4553223 -0.000220981499 0.200000003 p1 55509 8
5040 30294419 m2 3868755 -7.00427506e-07 0.200000003 p1 55522 8
788 30299063 m2 624125 -6.30453942e-05 0.200000003 p1 55538 8
3921 30300937 m2 3020765 -0.000233100698 0.200000003 p1 55545 8
52 30302000 m2 42221 -0.00135585759 0.200000003 p1 55549 8
1106 30303240 m2 879964 -1.66267728e-05 0.200000003 p1 55553 8
4916 30306307 m2 3779952 -0.000113348884 0.200000003 p1 55564 8
1324 30308106 m2 1057224 -0.00191804708 0.200000003 p1 55571 8
3516 30309467 m2 2681137 -2.82640121e-05 0.200000003 p1 55575 8
5833 30310887 m2 4474844 -5.7987485e-08 0.200000003 p1 55581 8
80 30310938 m2 61791 -1.1632596e-09 0.200000003 p1 55581 8
6507 30320098 m2 4980095 -0.00169030263 0.200000003 p1 55614 8
4221 30325566 m2 3248763 -0.000111537789 0.200000003 p1 55634 8
2707 30328984 m2 2079101 -4.16023799e-10 0.200000003 p1 55646 8
3046 30330512 m2 2330986 -0.000144053294 0.200000003 p1 55652 8
1340 30334065 m2 1069182 -1.86235951e-08 0.200000003 p1 55665 8
4026 30334282 m2 3111124 -0.00247315853 0.200000003 p1 55665 8
4981 30334396 m2 3827917 -9.70201839e-08 0.200000003 p1 55666 8
5400 30336074 m2 4149248 -0.000173223409 0.200000003 p1 55672 8
5668 30336349 m2 4348252 -0.00541455299 0.200000003 p1 55673 8
13 30340259 m2 13308 -1.15372387e-08 0.200000003 p1 55687 8
279 30341786 m2 213534 -0.00234336546 0.200000003 p1 55693 8
2466 30343950 m2 1901669 -0.00138586585 0.200000003 p1 55701 8
5937 30345408 m2 4553148 -2.71454701e-05 0.200000003 p1 55706 8
1732 30352321 m2 1378965 -3.1632473e-07 0.200000003 p1 55731 8
5437 30353131 m2 4171492 -0.002669557 0.200000003 p1 55734 8
4432 30354479 m2 3385553 -1.65563065e-08 0.200000003 p1 55739 8
3282 30356306 m2 2501808 -1.62817632e-05 0.200000003 p1 55745 8
2185 30358582 m2 1698135 -0.000236832624 0.200000003 p1 55754 8
6216 30360657 m2 4768727 -0.000251674472 0.200000003 p1 55761 8
2207 30366436 m2 1709827 -0.00024617996 0.200000003 p1 55782 8
4171 30369373 m2 3206866 -0.000980374054 0.200000003 p1 55792 8
3366 30371672 m2 2566915 -0.000258765416 0.200000003 p1 55800 8
3854 30371775 m2 2964095 -0.000174369183 0.200000003 p1 55801 8
527 30372387 m2 411101 -0.000989984255 0.200000003 p1 55803 8
293 30372619 m2 224636 -3.50394748e-06 0.200000003 p1 55804 8
513 30373091 m2 394925 -0.00253271335 0.200000003 p1 55805 8
5637 30378741 m2 4320212 -0.000685534673 0.200000003 p1 55825 8
1424 30382665 m2 1144095 -2.54310339e-06 0.200000003 p1 55839 8
2401 30386026 m2 1852804 -6.16645921e-05 0.200000003 p1 55852 8
2516 30390212 m2 1934916 -0.00105665578 0.200000003 p1 55867 8
1822 30393207 m2 1437827 -0.000801382761 0.200000003 p1 55879 8
995 30396881 m2 791955 -8.94793047e-05 0.200000003 p1 55893 8
2026 30396938 m3 1584713 0.00247685052 0.5 p1 55893 8
1564 30398357 m2 1248145 -0.000746318488 0.200000003 p1 55898 8
3829 30398572 m2 2937426 -5.76257094e-07 0.200000003 p1 55899 8
637 30400038 m2 505063 -2.80004097e-05 0.200000003 p1 55904 8
3754 30402824 m2 2883871 -0.00264561223 0.200000003 p1 55914 8
6081 30406116 m2 4669069 -0.00595350144 0.200000003 p1 55926 8
2024 30406195 m2 1582411 -0.00154264423 0.200000003 p1 55927 8
1519 30407131 m2 1212737 -3.45566041e-05 0.200000003 p1 55930 8
4410 30408705 m2 3367021 -0.00197129534 0.200000003 p1 55936 8
4190 30409643 m2 3219767 -1.09816961e-06 0.200000003 p1 55940 8
6016 30412629 m2 4609456 -0.000179382652 0.200000003 p1 55950 8
2461 30414371 m2 1896302 -7.50892948e-09 0.200000003 p1 55957 8
2975 30415621 m2 2273879 -0.00122996129 0.200000003 p1 55961 8
1357 30417648 m2 1085344 -0.000475388748 0.200000003 p1 55968 8
2025 30420398 m2 1582798 -0.0020675736 0.200000003 p1 55978 8
2637 30421511 m2 2023525 -0.000654750853 0.200000003 p1 55982 8
1078 30425594 m2 853680 -7.74232194e-06 0.200000003 p1 55997 8
3388 30432288 m2 2580083 -0.000268129719 0.200000003 p1 56022 8
918 30437348 m2 732603 -0.000195012661 0.200000003 p1 56040 8
3720 30440793 m2 2853402 -1.13811494e-08 0.200000003 p1 56052 8
3620 30448358 m2 2768404 -1.16014835e-05 0.200000003 p1 56079 8
1042 30449363 m2 824942 -1.31441375e-05 0.200000003 p1 56083 8
3432 30450050 m2 2613246 -3.54454983e-06 0.200000003 p1 56085 8
3710 30451791 m2 2847457 -2.85112001e-05 0.200000003 p1 56091 8
348 30453015 m2 264491 -0.000291558361 0.200000003 p1 56096 8
6128 30453665 m2 4702195 -7.17273224e-06 0.200000003 p1 56098 8
609 30456228 m2 480434 -0.00764998654 0.200000003 p1 56108 8
6510 30458480 m2 4983770 -6.01660162e-08 0.200000003 p1 56116 8
4703 30461710 m2 3601527 -0.000843287155 0.200000003 p1 56128 8
1987 30461741 m2 1557785 -0.00280169537 0.200000003 p1 56128 8
2058 30462095 m2 1605143 -0.00220041722 0.200000003 p1 56129 8
4425 30464950 m2 3377300 -7.04101831e-06 0.200000003 p1 56140 8
2172 30481195 m2 1688513 -2.06496487e-09 0.200000003 p1 56200 8
6374 30484115 m2 4892161 -0.00130229606 0.200000003 p1 56211 8
3454 30485704 m2 2641420 -7.66353114e-09 0.200000003 p1 56217 8
2245 30486178 m2 1731512 -0.000155477668 0.200000003 p1 56219 8
3255 30490056 m2 2482526 -3.50150202e-08 0.200000003 p1 56234 8
6160 30491087 m2 4730765 -1.7332372e-17 0.200000003 p1 56238 8
5285 30492636 m2 4060429 -6.94273767e-05 0.200000003 p1 56244 8
4659 30497910 m2 3560848 -9.72311051e-11 0.200000003 p1 56263 8
6479 30498417 m3 4967029 0.00060121814 0.5 p1 56265 8
5030 30505183 m3 3858398 0.00323773851 0.5 p1 56290 8
3967 30507721 m2 3056536 -6.0646933e-05 0.200000003 p1 56300 8
6061 30508411 m2 4654211 -0.00179620669 0.200000003 p1 56303 8
1213 30508637 m2 968990 -2.81995625e-07 0.200000003 p1 56304 8
1776 30510230 m2 1405196 -0.0026155645 0.200000003 p1 56310 8
5450 30514093 m2 4182001 -0.00449969061 0.200000003 p1 56324 8
2899 30514921 m2 2224436 -1.23927596e-11 0.200000003 p1 56328 8
5374 30517747 m2 4129161 -0.000544725859 0.200000003 p1 56339 8
4925 30518625 m2 3784206 -3.00977827e-05 0.200000003 p1 56342 8
2158 30519441 m2 1673378 -9.38560277e-07 0.200000003 p1 56345 8
248 30521516 m2 189507 -9.27958439e-08 0.200000003 p1 56354 8
3189 30523413 m2 2438544 -0.000189884973 0.200000003 p1 56361 8
2625 30524392 m2 2016182 -1.28836533e-07 0.200000003 p1 56365 8
2045 30526786 m2 1598131 -1.47085996e-06 0.200000003 p1 56374 8
5011 30527465 m2 3846042 -3.52145935e-09 0.200000003 p1 56377 8
2559 30527902 m2 1968637 -6.35367724e-06 0.200000003 p1 56379 8
6463 30535893 m2 4958553 -0.000586643 0.200000003 p1 56409 8
4373 30536344 m2 3347478 -0.000120885117 0.200000003 p1 56411 8
2547 30536750 m2 1960692 -6.36862842e-06 0.200000003 p1 56413 8
6533 30539427 m2 4994539 -2.38653047e-06 0.200000003 p1 56423 8
4725 30544755 m2 3625190 -5.80053238e-05 0.200000003 p1 56443 8
6288 30545997 m3 4824603 0.000211835519 0.5 p1 56448 8
2083 30546055 m2 1622632 -3.13575264e-08 0.200000003 p1 56448 8
2111 30546056 m2 1639963 -0.000744577264 0.200000003 p1 56448 8
3116 30546441 m2 2378259 -3.12928787e-05 0.200000003 p1 56449 8
3477 30549333 m2 2654231 -1.21107669e-05 0.200000003 p1 56460 8
6099 30550498 m2 4682007 -0.00316945347 0.200000003 p1 56465 8
4876 30554875 m2 3748566 -0.00228436175 0.200000003 p1 56481 8
4834 30556054 m2 3715424 -0.000188490201 0.200000003 p1 56486 8
3632 30559614 m2 2777874 -0.0020758356 0.200000003 p1 56499 8
3978 30559978 m2 3070494 -0.00427684328 0.200000003 p1 56501 8
6129 30561223 m2 4702688 -4.58344539e-06 0.200000003 p1 56506 8
3845 30562233 m2 2956392 -0.000615660218 0.200000003 p1 56509 8
5556 30564327 m2 4265513 -1.70390576e-05 0.200000003 p1 56517 8
823 30566188 m2 659276 -7.6448996e-05 0.200000003 p1 56525 8
157 30567149 m2 117343 -6.85750024e-07 0.200000003 p1 56528 8
3543 30570632 m2 2705047 -9.12951634e-07 0.200000003 p1 56542 8
4173 30580812 m3 3207635 0.0011799538 0.5 p1 56582 8
4505 30581479 m2 3436258 -0.000333440112 0.200000003 p1 56584 8
4559 30582781 m2 3480738 -1.09511893e-05 0.200000003 p1 56589 8
3959 30584408 m2 3049270 -0.00181997661 0.200000003 p1 56596 8
4166 30584562 m2 3205425 -0.00208564498 0.200000003 p1 56596 8
4863 30585630 m2 3738672 -9.52366827e-06 0.200000003 p1 56601 8
5185 30586021 m2 3986085 -0.00350563927 0.200000003 p1 56602 8
507 30594559 m2 389030 -0.000757310772 0.200000003 p1 56635 8
1687 30595827 m2 1336454 -0.00122831785 0.200000003 p1 56640 8
1185 30601180 m2 944600 -3.46605266e-05 0.200000003 p1 56661 8
2594 30602322 m2 1996969 -1.07752784e-09 0.200000003 p1 56666 8
4966 30605151 m2 3815419 -1.94617988e-10 0.200000003 p1 56677 8
5310 30605911 m2 4081601 -0.000229469952 0.200000003 p1 56680 8
1133 30607433 m2 903770 -0.000282693538 0.200000003 p1 56686 8
1319 30607728 m2 1052040 -7.18301599e-05 0.200000003 p1 56687 8
4786 30610026 m2 3676701 -1.29288437e-05 0.200000003 p1 56696 8
802 30610310 m2 637178 -3.21380867e-05 0.200000003 p1 56697 8
863 30612510 m2 687083 -1.67771574e-09 0.200000003 p1 56705 8
5009 30613839 m2 3845352 -8.73460885e-05 0.200000003 p1 56710 8
3083 30624448 m2 2355622 -0.000711810833 0.200000003 p1 56751 8
3317 30626546 m2 2532734 -0.000237052707 0.200000003 p1 56759 8
2605 30628728 m2 2001556 -1.57896125e-07 0.200000003 p1 56768 8
600 30634998 m2 471980 -3.37545789e-05 0.200000003 p1 56793 8
1296 30640625 m2 1032347 -0.000222358518 0.200000003 p1 56815 8
3298 30648859 m2 2519586 -0.00212907908 0.200000003 p1 56847 8
3696 30649316 m2 2835948 -0.00200311746 0.200000003 p1 56849 8
770 30650097 m2 610341 -0.00042904797 0.200000003 p1 56852 8
1761 30650526 m2 1393992 -0.000266185089 0.200000003 p1 56853 8
2874 30650878 m2 2204417 -1.75996356e-05 0.200000003 p1 56855 8
2792 30651287 m2 2141490 -3.82132494e-05 0.200000003 p1 56856 8
1817 30652344 m2 1433762 -3.208687e-08 0.200000003 p1 56861 8
2994 30654208 m2 2287850 -0.000279346044 0.200000003 p1 56868 8
5836 30658527 m2 4475873 -5.29142017e-06 0.200000003 p1 56885 8
4746 30659970 m2 3642934 -7.75853259e-05 0.200000003 p1 56891 8
4099 30660347 m2 3166999 -4.27636121e-10 0.200000003 p1 56892 8
1596 30661789 m2 1267122 -0.00065699371 0.200000003 p1 56899 8
5286 30663135 m2 4062420 -0.00181987591 0.200000003 p1 56904 8
4859 30668087 m2 3737553 -3.19600169e-08 0.200000003 p1 56924 8
607 30670350 m2 479362 -2.29615325e-05 0.200000003 p1 56933 8
33 30673357 m2 27989 -0.000358713936 0.200000003 p1 56945 8
6511 30674288 m2 4984390 -0.0025244148 0.200000003 p1 56949 8
2802 30676933 m2 2149441 -8.46911207e-05 0.200000003 p1 56959 8
933 30682212 m2 744332 -0.0020912888 0.200000003 p1 56980 8
1770 30682226 m2 1401418 -0.00141591742 0.200000003 p1 56980 8
969 30682612 m2 777024 -1.69795427e-07 0.200000003 p1 56981 8
6053 30684397 m2 4644696 -4.15564209e-05 0.200000003 p1 56988 8
414 30691968 m2 313906 -7.13956833e-05 0.200000003 p1 57018 8
4237 30692385 m2 3262092 -0.000341194711 0.200000003 p1 57020 8
2288 30697260 m2 1765601 -4.68263761e-06 0.200000003 p1 57039 8
691 30697446 m2 543138 -0.000721871853 0.200000003 p1 57039 8
4781 30697808 m2 3667641 -0.000461838208 0.200000003 p1 57041 8
5613 30698304 m2 4305170 -5.39915927e-05 0.200000003 p1 57043 8
374 30712164 m2 285614 -0.000575927726 0.200000003 p1 57098 8
1385 30712625 m2 1107535 -1.31070974e-05 0.200000003 p1 57100 8
3887 30717647 m2 2996350 -2.83828413e-05 0.200000003 p1 57120 8
5738 30720577 m2 4413292 -3.85458755e-13 0.200000003 p1 57133 8
6096 30722801 m2 4680124 -9.81144331e-06 0.200000003 p1 57142 8
356 30725026 m2 270536 -0.000298697851 0.200000003 p1 57151 8
2198 30727327 m2 1702826 -0.000307419919 0.200000003 p1 57161 8
6524 30727429 m2 4989556 -0.000331535528 0.200000003 p1 57161 8
236 30728967 m2 177970 -0.00147334125 0.200000003 p1 57167 8
5013 30729154 m2 3846925 -7.07145592e-11 0.200000003 p1 57168 8
4617 30731144 m2 3527605 -0.000183266253 0.200000003 p1 57177 8
5624 30731472 m2 4310464 -0.00136598479 0.200000003 p1 57178 8
2935 30736880 m2 2247694 -2.04268781e-06 0.200000003 p1 57200 8
4223 30737842 m2 3249853 -0.00269848248 0.200000003 p1 57204 8
4330 30739491 m2 3320508 -0.000651705253 0.200000003 p1 57210 8
5388 30745564 m2 4137791 -0.00138537772 0.200000003 p1 57235 8
1895 30748537 m2 1489124 -2.46854906e-05 0.200000003 p1 57247 8
5802 30750060 m2 4458426 -0.00520768901 0.200000003 p1 57253 8
795 30751010 m2 632764 -1.03686212e-07 0.200000003 p1 57257 8
298 30755221 m2 230266 -3.00839065e-09 0.200000003 p1 57274 8
6014 30760627 m3 4606964 0.000512967061 0.5 p1 57295 8
5449 30762023 m2 4181958 -9.00531802e-07 0.200000003 p1 57301 8
124 30763724 m2 93121 -5.68695168e-06 0.200000003 p1 57308 8
4495 30765506 m2 3429744 -0.00130916189 0.200000003 p1 57315 8
6124 30770849 m2 4699827 -0.00498987176 0.200000003 p1 57336 8
4920 30773499 m2 3782798 -0.000717579736 0.200000003 p1 57346 8
2846 30778669 m2 2182318 -0.00137467799 0.200000003 p1 57368 8
5236 30781268 m2 4022104 -0.00124326209 0.200000003 p1 57379 8
545 30781505 m2 425536 -5.10268546e-05 0.200000003 p1 57380 8
4885 30782513 m2 3757375 -0.00438131578 0.200000003 p1 57384 8
4506 30785724 m2 3437900 -3.18781024e-09 0.200000003 p1 57397 8
3931 30787787 m2 3027761 -0.0013666423 0.200000003 p1 57405 8
304 30788689 m2 236325 -3.23952663e-05 0.200000003 p1 57408 8
6475 30788735 m2 4966130 -9.62500053e-05 0.200000003 p1 57408 8
5599 30792753 m2 4294727 -1.6741998e-08 0.200000003 p1 57425 8
2250 30794771 m2 1737577 -2.9457171e-05 0.200000003 p1 57434 8
5618 30794954 m2 4308753 -2.36314925e-14 0.200000003 p1 57435 8
4558 30796060 m2 3480497 -1.40879793e-05 0.200000003 p1 57439 8
2784 30797557 m2 2136760 -0.000840610883 0.200000003 p1 57445 8
129 30798148 m2 98556 -1.97714799e-05 0.200000003 p1 57448 8
2377 30798429 m2 1830069 -6.11358246e-06 0.200000003 p1 57449 8
3156 30799449 m2 2410635 -0.00032179954 0.200000003 p1 57453 8
5331 30801830 m2 4097891 -4.93777734e-05 0.200000003 p1 57463 8
1451 30806957 m2 1160081 -0.000777602545 0.200000003 p1 57484 8
5007 30808054 m2 3843662 -2.75794676e-08 0.200000003 p1 57488 8
592 30808453 m2 463645 -0.000323014305 0.200000003 p1 57490 8
5234 30810756 m2 4020923 -2.47350476e-06 0.200000003 p1 57499 8
3638 30811800 m2 2784591 -3.37095262e-05 0.200000003 p1 57504 8
5788 30820807 m2 4446333 -0.000309058116 0.200000003 p1 57541 8
589 30825018 m2 461544 -0.000304277783 0.200000003 p1 57558 8
4451 30825379 m2 3399102 -2.04182662e-08 0.200000003 p1 57559 8
4890 30827705 m2 3762820 -0.000244929921 0.200000003 p1 57569 8
1505 30828551 m2 1200809 -0.00306459423 0.200000003 p1 57572 8
914 30829115 m2 727709 -0.00730113871 0.200000003 p1 57575 8
1550 30830482 m2 1237375 -0.000453532324 0.200000003 p1 57580 8
4286 30831333 m2 3291128 -0.00088611606 0.200000003 p1 57584 8
2399 30831896 m2 1851475 -3.22970664e-06 0.200000003 p1 57586 8
1343 30839283 m2 1070880 -1.23914315e-05 0.200000003 p1 57616 8
5456 30841668 m2 4186044 -1.36993905e-09 0.200000003 p1 57626 8
2772 30845252 m2 2128748 -1.07851873e-10 0.200000003 p1 57640 8
3378 30847470 m2 2571430 -0.000561479945 0.200000003 p1 57649 8
2868 30850931 m2 2197946 -1.16663405e-05 0.200000003 p1 57663 8
2945 30851091 m2 2253518 -6.66178894e-05 0.200000003 p1 57664 8
4590 30853229 m2 3503455 -1.15526483e-07 0.200000003 p1 57672 8
2419 30853706 m2 1867518 -1.644474e-07 0.200000003 p1 57674 8
1775 30854266 m2 1404871 -7.94613443e-05 0.200000003 p1 57676 8
1031 30855386 m2 810943 -5.31950427e-05 0.200000003 p1 57681 8
1667 30856833 m2 1323845 -9.59396766e-06 0.200000003 p1 57686 8
3110 30857302 m2 2373520 -1.16263491e-05 0.200000003 p1 57688 8
2918 30859150 m2 2236509 -0.000136988718 0.200000003 p1 57696 8
1779 30861893 m2 1406606 -0.000182667907 0.200000003 p1 57707 8
1992 30863159 m2 1561866 -0.00502243312 0.200000003 p1 57711 8
5891 30863799 m2 4517925 -0.000345529057 0.200000003 p1 57714 8
6205 30866829 m2 4757575 -0.0019118496 0.200000003 p1 57726 8
3500 30868142 m2 2667850 -0.00361994817 0.200000003 p1 57731 8
2462 30873034 m2 1896374 -7.69176695e-05 0.200000003 p1 57751 8
5448 30876628 m2 4180778 -1.71500815e-05 0.200000003 p1 57766 8
4984 30878862 m2 3829272 -1.80008527e-07 0.200000003 p1 57775 8
3554 30879790 m2 2716447 -0.000460614188 0.200000003 p1 57779 8
1262 30883836 m2 1006276 -5.22928276e-05 0.200000003 p1 57795 8
1335 30890546 m2 1066556 -1.40896209e-05 0.200000003 p1 57823 8
2194 30892400 m2 1701977 -7.74286093e-08 0.200000003 p1 57831 8
5195 30893653 m2 3992641 -0.000152746492 0.200000003 p1 57836 8
6065 30898067 m2 4657289 -2.80011989e-07 0.200000003 p1 57854 8
6127 30899113 m2 4701641 -0.000368850364 0.200000003 p1 57858 8
1723 30899882 m2 1368711 -0.000710933004 0.200000003 p1 57861 8
1527 30905243 m2 1216665 -0.000966477674 0.200000003 p1 57884 8
4288 30905882 m2 3292537 -0.000127949403 0.200000003 p1 57886 8
5154 30907502 m2 3962818 -9.32610877e-09 0.200000003 p1 57893 8
128 30910076 m2 97329 -6.85086787e-09 0.200000003 p1 57903 8
3077 30910897 m2 2353316 -6.96074132e-09 0.200000003 p1 57907 8
4022 30911629 m2 3109548 -0.000134100395 0.200000003 p1 57910 8
765 30913101 m2 604753 -0.000487418962 0.200000003 p1 57916 8
5041 30916044 m2 3869140 -0.000985849299 0.200000003 p1 57928 8
4832 30916417 m2 3714713 -5.63589674e-06 0.200000003 p1 57930 8
4664 30917124 m2 3565875 -5.09820802e-06 0.200000003 p1 57933 8
6102 30921326 m2 4685406 -6.61632148e-05 0.200000003 p1 57950 8
5277 30922175 m2 4054758 -0.00055470434 0.200000003 p1 57954 8
4485 30924985 m2 3422756 -5.79351799e-05 0.200000003 p1 57966 8
526 30926087 m3 410813 0.00116645836 0.5 p1 57971 8
4161 30926895 m2 3202436 -3.71054014e-08 0.200000003 p1 57974 8
393 30930424 m2 297905 -1.79771973e-07 0.200000003 p1 57989 8
5373 30931526 m2 4128301 -0.00113217358 0.200000003 p1 57993 8
4621 30933980 m2 3531904 -0.000950719172 0.200000003 p1 58003 8
2786 30938944 m2 2139303 -5.99030545e-06 0.200000003 p1 58023 8
1936 30939757 m2 1521692 -0.0017993683 0.200000003 p1 58027 8
1750 30940654 m3 1387898 0.000734979229 0.5 p1 58030 8
4673 30942137 m2 3574328 -7.33332172e-07 0.200000003 p1 58037 8
2819 30949599 m2 2159624 -0.000270937802 0.200000003 p1 58067 8
3107 30952356 m2 2372044 -0.000506251585 0.200000003 p1 58078 8
4954 30952670 m2 3808827 -8.11335303e-06 0.200000003 p1 58079 8
3482 30953514 m2 2656516 -0.000390486093 0.200000003 p1 58082 8
588 30957467 m2 461156 -0.000606413465 0.200000003 p1 58099 8
6434 30957840 m2 4938395 -0.000704804726 0.200000003 p1 58100 8
4123 30958498 m2 3180412 -0.00179335906 0.200000003 p1 58103 8
4453 30959786 m2 3399980 -1.45364406e-14 0.200000003 p1 58109 8
3812 30960164 m2 2926159 -2.05630553e-08 0.200000003 p1 58110 8
3343 30965811 m2 2546443 -0.000257589185 0.200000003 p1 58134 8
3170 30965913 m2 2422540 -9.88126849e-05 0.200000003 p1 58134 8
5739 30966008 m2 4413403 -1.4082867e-05 0.200000003 p1 58135 8
123 30970469 m2 92562 -3.81014761e-05 0.200000003 p1 58154 8
6335 30971057 m2 4855986 -2.13365893e-05 0.200000003 p1 58156 8
4287 30972889 m2 3291647 -2.80109816e-06 0.200000003 p1 58163 8
1029 30975024 m2 810769 -1.16936974e-06 0.200000003 p1 58172 8
412 30975475 m2 310853 -3.35304037e-07 0.200000003 p1 58175 8
862 30978193 m2 686534 -0.002422438 0.200000003 p1 58187 8
2571 30978312 m2 1974775 -0.00200273562 0.200000003 p1 58187 8
4684 30985638 m2 3582211 -0.00115209562 0.200000003 p1 58218 8
432 30986646 m2 331605 -0.000198539958 0.200000003 p1 58222 8
4100 30989606 m2 3167177 -0.000215704466 0.200000003 p1 58234 8
5015 30990105 m2 3849756 -0.000273997372 0.200000003 p1 58236 8
5377 30990273 m2 4131850 -6.5546752e-05 0.200000003 p1 58237 8
2306 30992884 m2 1778375 -3.15963098e-06 0.200000003 p1 58248 8
2501 30997470 m2 1926732 -0.000245023606 0.200000003 p1 58267 8
5211 30998743 m2 4001287 -2.14509487e-06 0.200000003 p1 58273 8
2711 31000221 m2 2081215 -0.000509040081 0.200000003 p1 58279 8
3295 31001067 m2 2516547 -0.000681442558 0.200000003 p1 58283 8
2177 31005041 m2 1690516 -5.50524248e-09 0.200000003 p1 58300 8
5252 31006027 m2 4038256 -1.40323266e-07 0.200000003 p1 58304 8
1438 31006662 m2 1151396 -7.31343898e-05 0.200000003 p1 58306 8
2896 31009646 m2 2221124 -1.57280174e-05 0.200000003 p1 58319 8
1459 31014440 m2 1167083 -0.000596334517 0.200000003 p1 58340 8
4258 31018218 m2 3278398 -0.000198867725 0.200000003 p1 58356 8
5092 31021371 m2 3910693 -8.96105212e-06 0.200000003 p1 58369 8
4872 31022056 m2 3743360 -6.07316179e-05 0.200000003 p1 58372 8
22 31024661 m2 21385 -0.000675929303 0.200000003 p1 58384 8
3536 31027071 m2 2699291 -0.000801351212 0.200000003 p1 58394 8
5123 31031062 m2 3934797 -1.32332261e-05 0.200000003 p1 58411 8
6284 31040149 m2 4823283 -9.19012564e-08 0.200000003 p1 58451 8
6087 31040524 m2 4671726 -1.86599766e-06 0.200000003 p1 58453 8
1258 31045332 m2 1003242 -0.00302686379 0.200000003 p1 58474 8
284 31049070 m2 215188 -0.00201804121 0.200000003 p1 58490 8
4134 31050644 m2 3185897 -0.000646924891 0.200000003 p1 58496 8
4757 31051813 m2 3648721 -0.00297786295 0.200000003 p1 58502 8
5332 31052864 m2 4098271 -0.000574645586 0.200000003 p1 58506 8
4500 31054286 m2 3432402 -0.00115168176 0.200000003 p1 58512 8
3939 31055406 m2 3031585 -0.00253905845 0.200000003 p1 58517 8
5413 31055407 m3 4158539 0.00205548387 0.5 p1 58517 8
1403 31060398 m3 1126421 0.00150569621 0.5 p1 58539 8
3807 31062775 m2 2919390 -0.00126975053 0.200000003 p1 58550 8
5867 31063088 m3 4499862 0.000516994856 0.5 p1 58551 8
3097 31065394 m2 2366326 -1.36725812e-05 0.200000003 p1 58561 8
4501 31068325 m2 3432443 -0.00138258922 0.200000003 p1 58575 8
5353 31070235 m2 4112233 -9.01173698e-05 0.200000003 p1 58583 8
333 31070340 m2 255778 -0.0001071843 0.200000003 p1 58584 8
487 31071000 m2 375806 -7.1629489e-05 0.200000003 p1 58586 8
3417 31072705 m2 2604082 -0.000952596019 0.200000003 p1 58594 8
3126 31073273 m2 2386604 -0.000506208686 0.200000003 p1 58596 8
1534 31074668 m2 1223942 -9.25008862e-05 0.200000003 p1 58602 8
5169 31079701 m2 3973827 -6.39014033e-05 0.200000003 p1 58624 8
2932 31082585 m2 2244587 -5.471857e-05 0.200000003 p1 58637 8
5096 31083631 m2 3911549 -0.00164154964 0.200000003 p1 58642 8
5567 31085191 m2 4273716 -0.00108906976 0.200000003 p1 58649 8
4405 31085340 m2 3364129 -0.00044633483 0.200000003 p1 58649 8
4826 31086526 m2 3710752 -0.00280238874 0.200000003 p1 58655 8
2121 31087725 m2 1648850 -0.00229171175 0.200000003 p1 58660 8
755 31090337 m2 593364 -0.000284303911 0.200000003 p1 58671 8
276 31090343 m2 212715 -1.85657302e-06 0.200000003 p1 58671 8
5224 31094056 m2 4013980 -0.000892620999 0.200000003 p1 58688 8
3718 31094445 m3 2852420 0.000768785772 0.5 p1 58690 8
3224 31095380 m2 2462203 -0.00120217714 0.200000003 p1 58694 8
4726 31095960 m2 3627106 -4.73692694e-08 0.200000003 p1 58697 8
5720 31096356 m2 4395108 -1.19125443e-05 0.200000003 p1 58699 8
5721 31096974 m2 4396466 -0.0012916869 0.200000003 p1 58702 8
5197 31100518 m2 3993001 -0.000975349045 0.200000003 p1 58718 8
5394 31103640 m2 4143071 -3.45463523e-05 0.200000003 p1 58732 8
1749 31108266 m3 1387469 0.00044370981 0.5 p1 58753 8
5998 31109035 m2 4591803 -8.66615135e-09 0.200000003 p1 58756 8
18 31110454 m2 15022 -8.03650209e-07 0.200000003 p1 58762 8
2162 31111962 m2 1678897 -0.000560388609 0.200000003 p1 58770 8
3111 31112974 m2 2374083 -0.000389124325 0.200000003 p1 58774 8
4256 31113941 m3 3277424 0.000884453417 0.5 p1 58779 8
3293 31114907 m2 2515287 -0.0001091991 0.200000003 p1 58783 8
2765 31116031 m2 2124350 -0.000150514999 0.200000003 p1 58788 8
5406 31117726 m2 4154481 -0.000410651905 0.200000003 p1 58796 8
6121 31118563 m2 4696026 -1.06787284e-05 0.200000003 p1 58800 8
1328 31118727 m2 1060309 -0.00204971572 0.200000003 p1 58800 8
4991 31118882 m2 3834744 -1.77653192e-07 0.200000003 p1 58801 8
1055 31127337 m2 836877 -0.000525700045 0.200000003 p1 58839 8
3802 31129084 m2 2917817 -2.40241457e-06 0.200000003 p1 58847 8
141 31129271 m2 105642 -0.00128434063 0.200000003 p1 58847 8
998 31136088 m2 793765 -0.00033084568 0.200000003 p1 58879 8
496 31136438 m2 380617 -0.000836783787 0.200000003 p1 58881 8
3281 31136689 m2 2501656 -0.000803139934 0.200000003 p1 58882 8
3064 31138302 m2 2346477 -8.75407641e-05 0.200000003 p1 58889 8
4416 31139326 m2 3373335 -0.000390729867 0.200000003 p1 58894 8
351 31141474 m2 268898 -5.60976446e-07 0.200000003 p1 58903 8
1709 31141606 m2 1351455 -0.000980508979 0.200000003 p1 58904 8
554 31143425 m2 439171 -1.23785787e-06 0.200000003 p1 58912 8
5897 31145550 m2 4522099 -4.92925356e-05 0.200000003 p1 58921 8
1279 31151239 m2 1021639 -0.000232151142 0.200000003 p1 58947 8
6478 31153736 m3 4966706 4.90009261e-05 0.5 p1 58959 8
5933 31162626 m2 4549071 -2.83118949e-12 0.200000003 p1 58999 8
1729 31167219 m2 1375839 -4.42953251e-07 0.200000003 p1 59019 8
2431 31170583 m2 1875315 -2.00124305e-06 0.200000003 p1 59033 8
2356 31170970 m2 1815076 -1.44876287e-06 0.200000003 p1 59034 8
4165 31172385 m2 3205408 -0.00119462027 0.200000003 p1 59041 8
3495 31173104 m2 2662048 -0.000143849189 0.200000003 p1 59044 8
3588 31173227 m2 2741605 -0.00228846469 0.200000003 p1 59045 8
641 31176766 m2 508236 -0.00158247398 0.200000003 p1 59060 8
5506 31177118 m2 4223482 -0.00103887578 0.200000003 p1 59062 8
5160 31179104 m2 3967723 -1.06694609e-08 0.200000003 p1 59071 8
3547 31180405 m2 2709001 -0.000625015411 0.200000003 p1 59076 8
2031 31183331 m2 1589849 -0.00160032988 0.200000003 p1 59090 8
2283 31185347 m2 1762498 -4.41265413e-10 0.200000003 p1 59098 8
2611 31186406 m2 2008358 -0.00020827711 0.200000003 p1 59103 8
5427 31189515 m2 4166854 -0.00355111365 0.200000003 p1 59118 8
2990 31192887 m2 2285527 -0.0016512929 0.200000003 p1 59133 8
1090 31194888 m2 865613 -1.12584537e-07 0.200000003 p1 59142 8
1183 31196432 m2 938852 -8.44253282e-06 0.200000003 p1 59149 8
1464 31200207 m2 1170887 -3.91913545e-07 0.200000003 p1 59167 8
1580 31201904 m2 1259094 -8.96097845e-05 0.200000003 p1 59175 8
2686 31202359 m2 2060293 -0.0073916032 0.200000003 p1 59177 8
321 31206625 m2 243599 -0.000777908834 0.200000003 p1 59197 8
106 31208784 m2 78861 -0.00213424326 0.200000003 p1 59207 8
1755 31211359 m2 1389734 -6.72523965e-05 0.200000003 p1 59219 8
5441 31212719 m2 4174660 -6.02518497e-08 0.200000003 p1 59225 8
3880 31215308 m2 2989361 -0.0034356846 0.200000003 p1 59237 8
6488 31216872 m2 4972124 -8.70846975e-07 0.200000003 p1 59244 8
2188 31218393 m2 1699567 -0.000971318572 0.200000003 p1 59251 8
6067 31218409 m2 4657929 -0.00404478936 0.200000003 p1 59252 8
4604 31218846 m2 3516846 -0.000503501564 0.200000003 p1 59254 8
5433 31222037 m2 4169706 -1.09009806e-08 0.200000003 p1 59268 8
5065 31230117 m2 3891362 -0.00103793852 0.200000003 p1 59304 8
1603 31231318 m2 1271739 -2.87342191e-05 0.200000003 p1 59310 8
4365 31232691 m2 3343288 -8.12445796e-05 0.200000003 p1 59316 8
4448 31234793 m2 3396242 -0.000209905338 0.200000003 p1 59326 8
6247 31235977 m2 4798260 -7.4079253e-08 0.200000003 p1 59332 8
5717 31236112 m2 4389896 -4.82075011e-05 0.200000003 p1 59332 8
1659 31240966 m2 1318513 -1.21831745e-08 0.200000003 p1 59354 8
5008 31247380 m3 3845346 0.000521747046 0.5 p1 59383 8
5622 31250175 m2 4309921 -4.35377078e-05 0.200000003 p1 59397 8
2538 31252733 m2 1954244 -1.04763712e-05 0.200000003 p1 59409 8
4300 31253329 m2 3300587 -0.000814147235 0.200000003 p1 59411 8
5263 31254841 m2 4045984 -5.4047274e-07 0.200000003 p1 59418 8
6467 31257719 m2 4961681 -0.000648829446 0.200000003 p1 59432 8
842 31258091 m2 670722 -7.04121206e-10 0.200000003 p1 59433 8
2439 31262047 m2 1882635 -0.00131830375 0.200000003 p1 59451 8
5241 31262777 m2 4025785 -0.000746408652 0.200000003 p1 59455 8
3731 31263065 m2 2863920 -0.00114702852 0.200000003 p1 59456 8
89 31263938 m2 64243 -0.00335085625 0.200000003 p1 59460 8
4858 31265754 m2 3734490 -2.23967709e-05 0.200000003 p1 59469 8
821 31268671 m2 657041 -2.21722516e-07 0.200000003 p1 59482 8
1304 31270165 m2 1036311 -0.000226047225 0.200000003 p1 59489 8
1318 31275337 m2 1050593 -8.06786738e-06 0.200000003 p1 59513 8
5697 31275349 m2 4375529 -0.00476540113 0.200000003 p1 59513 8
6077 31280827 m2 4665526 -0.00067406887 0.200000003 p1 59539 8
1950 31281782 m2 1527540 -0.00499586295 0.200000003 p1 59544 8
4112 31281991 m2 3175016 -4.22117324e-07 0.200000003 p1 59545 8
4371 31285488 m2 3346500 -4.22029444e-07 0.200000003 p1 59561 8
1645 31288613 m2 1311446 -0.000108594664 0.200000003 p1 59576 8
3925 31295821 m2 3024206 -2.27767432e-05 0.200000003 p1 59610 8
3245 31296595 m2 2477760 -1.68710358e-06 0.200000003 p1 59614 8
3173 31300239 m2 2424415 -3.11918097e-06 0.200000003 p1 59631 8
964 31301751 m2 773980 -0.000129745051 0.200000003 p1 59639 8
2702 31303076 m2 2071330 -0.000496847671 0.200000003 p1 59646 8
4204 31303078 m2 3230066 -2.05597225e-05 0.200000003 p1 59646 8
1192 31303857 m2 951616 -0.000770132581 0.200000003 p1 59649 8
5848 31304705 m2 4488538 -8.60278451e-05 0.200000003 p1 59653 8
3274 31305979 m2 2496792 -9.89222008e-06 0.200000003 p1 59659 8
4950 31306174 m2 3806570 -0.000193442465 0.200000003 p1 59660 8
4823 31311152 m2 3709320 -4.27361257e-08 0.200000003 p1 59684 8
3721 31311306 m2 2854999 -0.000131848661 0.200000003 p1 59685 8
790 31313105 m2 624628 -2.01874627e-05 0.200000003 p1 59693 8
1916 31320615 m2 1503676 -0.000508676574 0.200000003 p1 59728 8
3216 31322220 m2 2458600 -5.62505171e-08 0.200000003 p1 59736 8
6526 31322839 m2 4991392 -0.00460073026 0.200000003 p1 59738 8
516 31324179 m2 397495 -0.00158928451 0.200000003 p1 59744 8
1633 31324935 m2 1296950 -0.00300073344 0.200000003 p1 59748 8
1118 31330680 m2 890888 -0.00399869028 0.200000003 p1 59775 8
4910 31332398 m2 3775189 -0.00134233444 0.200000003 p1 59784 8
1568 31337222 m2 1250155 -0.00358877983 0.200000003 p1 59808 8
579 31337454 m2 454447 -0.000201691786 0.200000003 p1 59809 8
6197 31338819 m2 4751242 -3.29528339e-05 0.200000003 p1 59815 8
3708 31342371 m2 2846471 -0.00496906182 0.200000003 p1 59832 8
5491 31342419 m2 4212197 -3.0682404e-05 0.200000003 p1 59833 8
4226 31342680 m2 3253359 -1.40459188e-05 0.200000003 p1 59834 8
1977 31343860 m2 1549671 -7.6737301e-09 0.200000003 p1 59840 8
3566 31343927 m2 2726392 -0.0077799065 0.200000003 p1 59840 8
3703 31346878 m2 2838740 -0.0013677075 0.200000003 p1 59854 8
2305 31347282 m2 1777583 -7.06124892e-09 0.200000003 p1 59856 8
542 31348737 m2 422811 -0.00087746355 0.200000003 p1 59863 8
3675 31351521 m2 2815822 -0.000162361946 0.200000003 p1 59876 8
6231 31355699 m2 4782030 -2.02101504e-07 0.200000003 p1 59895 8
3501 31362199 m3 2669727 0.00259707146 0.5 p1 59924 8
1983 31367055 m2 1553958 -1.71748695e-08 0.200000003 p1 59947 8
2689 31368026 m3 2061104 1.38013593e-05 0.5 p1 59951 8
6236 31370357 m2 4786972 -0.000738516334 0.200000003 p1 59962 8
4090 31370834 m2 3162307 -4.34964392e-07 0.200000003 p1 59964 8
1394 31374585 m2 1116641 -0.00866808649 0.200000003 p1 59982 8
1310 31375541 m2 1039870 -2.16221961e-05 0.200000003 p1 59986 8
2530 31381107 m2 1945348 -1.19189626e-05 0.200000003 p1 60014 8
2436 31384294 m2 1879999 -4.44489342e-05 0.200000003 p1 60029 8
2133 31386062 m2 1657606 -0.000681714679 0.200000003 p1 60037 8
4091 31386114 m2 3162502 -4.97555561e-08 0.200000003 p1 60038 8
2468 31386551 m2 1903359 -6.34003572e-06 0.200000003 p1 60040 8
5354 31388843 m2 4112377 -0.00143588032 0.200000003 p1 60050 8
4837 31396006 m2 3719583 -0.00346416584 0.200000003 p1 60085 8
4985 31396250 m2 3829681 -6.58043064e-05 0.200000003 p1 60086 8
1378 31400253 m2 1100384 -5.62945331e-07 0.200000003 p1 60105 8
911 31400431 m2 727221 -1.70694918e-07 0.200000003 p1 60106 8
1945 31400701 m2 1526173 -0.000305665249 0.200000003 p1 60107 8
2813 31406932 m2 2153384 -0.00130650285 0.200000003 p1 60137 8
4577 31407809 m2 3497057 -9.513244e-05 0.200000003 p1 60142 8
3302 31411056 m2 2521798 -0.00275219581 0.200000003 p1 60158 8
428 31411780 m2 326946 -0.000211266219 0.200000003 p1 60162 8
5174 31412939 m2 3978611 -0.00236215978 0.200000003 p1 60167 8
2564 31417393 m3 1970633 0.00128585869 0.5 p1 60190 8
1557 31418396 m2 1244225 -1.40787122e-07 0.200000003 p1 60194 8
801 31419299 m2 636978 -8.22079619e-06 0.200000003 p1 60199 8
1980 31419391 m2 1551027 -2.25851954e-06 0.200000003 p1 60200 8
5918 31419751 m2 4537794 -0.000954400515 0.200000003 p1 60201 8
20 31420812 m3 17974 0.00178826042 0.5 p1 60207 8
5463 31421729 m2 4192236 -0.000648498652 0.200000003 p1 60212 8
6535 31424765 m2 4995472 -0.000887260598 0.200000003 p1 60227 8
3270 31427626 m2 2495052 -2.82645215e-06 0.200000003 p1 60242 8
1243 31430282 m2 991096 -0.00026842067 0.200000003 p1 60255 8
4878 31431391 m2 3748823 -0.00262292707 0.200000003 p1 60261 8
1147 31432282 m2 912762 -4.84302836e-06 0.200000003 p1 60266 8
2456 31438294 m2 1895409 -0.00114269578 0.200000003 p1 60296 8
260 31444195 m2 197170 -5.67969582e-05 0.200000003 p1 60325 8
4491 31445771 m2 3424622 -0.000202769181 0.200000003 p1 60332 8
4768 31447774 m2 3655953 -1.87868739e-06 0.200000003 p1 60342 8
4364 31448798 m2 3343165 -0.000147462328 0.200000003 p1 60347 8
593 31449365 m3 464217 0.000257648848 0.5 p1 60350 8
179 31452599 m2 135086 -1.79579256e-05 0.200000003 p1 60365 8
748 31454531 m2 588135 -0.0012075986 0.200000003 p1 60374 8
2434 31455528 m2 1876876 -1.42135414e-05 0.200000003 p1 60379 8
3597 31456823 m2 2751903 -5.92222477e-07 0.200000003 p1 60386 8
1913 31457724 m2 1500972 -4.18442069e-05 0.200000003 p1 60390 8
4308 31460999 m2 3307113 -0.000221973401 0.200000003 p1 60406 8
3453 31463195 m2 2636867 -0.00317381276 0.200000003 p1 60417 8
2373 31469104 m2 1825264 -1.26749725e-07 0.200000003 p1 60446 8
3787 31474873 m2 2907227 -0.000219058798 0.200000003 p1 60475 8
5882 31474899 m2 4510170 -4.39685391e-06 0.200000003 p1 60475 8
949 31475947 m2 760105 -0.000759516144 0.200000003 p1 60481 8
1890 31479006 m2 1485177 -0.00024933237 0.200000003 p1 60497 8
4376 31479575 m2 3351505 -0.00137609709 0.200000003 p1 60500 8
720 31481806 m2 566235 -0.00108079414 0.200000003 p1 60510 8
775 31484198 m2 612722 -0.00275357277 0.200000003 p1 60522 8
4244 31486541 m2 3265918 -0.00173913362 0.200000003 p1 60533 8
360 31486640 m2 274681 -3.38698297e-12 0.200000003 p1 60534 8
733 31487150 m2 574383 -1.89594732e-06 0.200000003 p1 60537 8
6491 31489029 m2 4973586 -2.22494236e-06 0.200000003 p1 60546 8
3598 31493178 m2 2753019 -1.57313866e-06 0.200000003 p1 60567 8
6316 31494008 m2 4845855 -7.88155294e-13 0.200000003 p1 60571 8
3250 31494195 m2 2481596 -0.0019229363 0.200000003 p1 60572 8
3672 31495888 m3 2814051 0.00127133483 0.5 p1 60581 8
5804 31498448 m2 4458485 -6.10691997e-10 0.200000003 p1 60594 8
3325 31500501 m2 2538721 -4.18609034e-06 0.200000003 p1 60604 8
1807 31500806 m2 1424582 -9.17679718e-05 0.200000003 p1 60606 8
3797 31501662 m2 2913159 -8.21299182e-07 0.200000003 p1 60610 8
19 31503732 m2 15610 -0.000431554421 0.200000003 p1 60621 8
3560 31505016 m2 2723599 -4.5088771e-05 0.200000003 p1 60628 8
2924 31508268 m2 2240131 -0.00019772099 0.200000003 p1 60644 8
3828 31508972 m2 2935629 -0.000405299419 0.200000003 p1 60647 8
5543 31512379 m2 4257841 -3.26324745e-08 0.200000003 p1 60664 8
6263 31513127 m2 4809953 -4.66304919e-05 0.200000003 p1 60668 8
3409 31515370 m2 2596219 -0.000669004337 0.200000003 p1 60679 8
3241 31518786 m2 2474893 -0.00112580974 0.200000003 p1 60697 8
5476 31519401 m2 4197676 -0.00404489692 0.200000003 p1 60700 8
5740 31520809 m2 4414660 -9.5635558e-05 0.200000003 p1 60707 8
2224 31522393 m2 1721005 -0.00126673293 0.200000003 p1 60715 8
5754 31522450 m2 4422840 -0.00014986789 0.200000003 p1 60715 8
1056 31533588 m2 836935 -7.48858383e-06 0.200000003 p1 60772 8
5565 31534508 m2 4272304 -5.62926789e-06 0.200000003 p1 60777 8
5643 31536631 m2 4326154 -0.00168297649 0.200000003 p1 60788 8
794 31539713 m2 629979 -0.000695042545 0.200000003 p1 60804 8
722 31540505 m2 567137 -1.01830337e-05 0.200000003 p1 60809 8
940 31542044 m2 755300 -5.71919088e-07 0.200000003 p1 60817 8
6167 31542405 m2 4733496 -5.9795255e-08 0.200000003 p1 60819 8
5724 31544183 m2 4397732 -0.00110086426 0.200000003 p1 60828 8
3340 31544781 m2 2545845 -0.000240862442 0.200000003 p1 60831 8
3485 31545801 m2 2657726 -0.00208819937 0.200000003 p1 60837 8
335 31545918 m2 256672 -0.00661960011 0.200000003 p1 60837 8
4601 31547710 m2 3514087 -0.00606918149 0.200000003 p1 60847 8
5526 31550123 m2 4236872 -5.9501167e-07 0.200000003 p1 60858 8
6166 31550239 m2 4732371 -0.00101626862 0.200000003 p1 60859 8
2287 31550495 m2 1765456 -0.000690692978 0.200000003 p1 60860 8
3484 31553102 m2 2657578 -3.90559399e-05 0.200000003 p1 60875 8
1391 31553681 m2 1114161 -0.000250412413 0.200000003 p1 60878 8
4883 31554058 m2 3755291 -2.29128161e-09 0.200000003 p1 60880 8
3219 31554383 m2 2459080 -0.000132924455 0.200000003 p1 60881 8
1380 31554814 m2 1102600 -0.000910364965 0.200000003 p1 60883 8
5116 31555035 m2 3929489 -3.90602645e-06 0.200000003 p1 60885 8
5854 31559607 m2 4491623 -0.000176879592 0.200000003 p1 60909 8
4344 31559861 m2 3331260 -0.000149038111 0.200000003 p1 60910 8
2520 31559926 m2 1938720 -0.000160157419 0.200000003 p1 60910 8
2047 31562180 m2 1600992 -0.00733717671 0.200000003 p1 60922 8
3723 31566181 m2 2856544 -4.48350738e-06 0.200000003 p1 60944 8
6000 31569044 m2 4593163 -2.81087778e-05 0.200000003 p1 60959 8
2082 31571320 m2 1622471 -7.24292404e-05 0.200000003 p1 60971 8
1092 31572776 m2 866612 -0.00723204017 0.200000003 p1 60979 8
5550 31578591 m2 4261647 -0.000209825972 0.200000003 p1 61010 8
1869 31580200 m2 1471614 -3.46110284e-07 0.200000003 p1 61019 8
1408 31581502 m2 1130450 -0.00191853999 0.200000003 p1 61026 8
1559 31581809 m2 1245076 -4.8895934e-05 0.200000003 p1 61028 8
5973 31587681 m2 4579624 -0.000762186712 0.200000003 p1 61060 8
6026 31589241 m2 4618713 -2.51814745e-05 0.200000003 p1 61068 8
185 31589989 m2 139792 -0.00124411262 0.200000003 p1 61072 8
309 31591601 m2 238527 -1.57589639e-05 0.200000003 p1 61081 8
813 31591828 m2 651446 -6.83519829e-07 0.200000003 p1 61082 8
1785 31592903 m2 1410377 -0.000589925621 0.200000003 p1 61088 8
3628 31594967 m2 2776467 -2.03226718e-05 0.200000003 p1 61098 8
2917 31595645 m2 2235905 -7.44702993e-05 0.200000003 p1 61102 8
1769 31595698 m2 1400620 -0.00271635666 0.200000003 p1 61102 8
4271 31596353 m2 3283419 -1.95338653e-05 0.200000003 p1 61105 8
1562 31598499 m3 1247022 0.000219093694 0.5 p1 61117 8
434 31599387 m2 333968 -0.000269220734 0.200000003 p1 61121 8
2023 31599876 m2 1582092 -0.00254138489 0.200000003 p1 61124 8
1720 31601087 m2 1365373 -2.25556123e-05 0.200000003 p1 61131 8
5300 31602287 m2 4072161 -1.9712995e-07 0.200000003 p1 61137 8
6063 31605102 m2 4655028 -1.29782866e-05 0.200000003 p1 61152 8
6243 31607715 m2 4794317 -0.000466297992 0.200000003 p1 61166 8
816 31609411 m2 652928 -0.00347852567 0.200000003 p1 61175 8
5246 31613990 m2 4032750 -0.000103390936 0.200000003 p1 61199 8
4583 31615381 m2 3499245 -6.16661346e-05 0.200000003 p1 61206 8
3094 31616149 m2 2364829 -0.00143163488 0.200000003 p1 61210 8
3833 31618912 m2 2944056 -0.000500318536 0.200000003 p1 61225 8
2089 31621437 m2 1626804 -1.15312268e-05 0.200000003 p1 61238 8
6411 31625454 m2 4924790 -0.000117826981 0.200000003 p1 61258 8
3382 31634526 m2 2575276 -0.00112348725 0.200000003 p1 61308 8
3301 31638380 m2 2521198 -0.00715875952 0.200000003 p1 61328 8
3030 31638697 m2 2317457 -4.40076292e-07 0.200000003 p1 61330 8
3990 31640013 m2 3083251 -3.59429941e-05 0.200000003 p1 61337 8
3367 31641843 m2 2568206 -2.14586453e-05 0.200000003 p1 61347 8
3234 31644428 m2 2467799 -0.0011737711 0.200000003 p1 61361 8
2048 31647552 m2 1601111 -0.00010722514 0.200000003 p1 61377 8
2351 31647780 m2 1811355 -6.58932331e-05 0.200000003 p1 61379 8
474 31649124 m2 367600 -0.00442220876 0.200000003 p1 61386 8
776 31651045 m2 612868 -2.47417802e-06 0.200000003 p1 61396 8
3437 31651265 m2 2617951 -2.27410201e-05 0.200000003 p1 61397 8
4766 31653355 m2 3654767 -0.000262772781 0.200000003 p1 61408 8
948 31654556 m2 759512 -0.00531193381 0.200000003 p1 61414 8
1104 31657527 m2 878656 -2.48876859e-06 0.200000003 p1 61430 8
4667 31660224 m2 3567262 -4.941312e-07 0.200000003 p1 61444 8
4187 31662266 m2 3216258 -0.000602929271 0.200000003 p1 61454 8
5695 31662911 m2 4371898 -3.5566751e-07 0.200000003 p1 61457 8
6406 31666651 m2 4922798 -0.0009371817 0.200000003 p1 61477 8
4993 31668529 m2 3838386 -0.000144263191 0.200000003 p1 61487 8
1476 31669563 m2 1177192 -6.66565938e-06 0.200000003 p1 61493 8
6164 31671106 m2 4731595 -0.000404353603 0.200000003 p1 61501 8
2872 31672223 m2 2202952 -0.000165042758 0.200000003 p1 61507 8
915 31674162 m2 727827 -0.000484656543 0.200000003 p1 61517 8
1856 31675425 m2 1459259 -0.000234325649 0.200000003 p1 61524 8
5673 31675539 m2 4352970 -2.72748881e-08 0.200000003 p1 61525 8
685 31676662 m2 537197 -0.00143225153 0.200000003 p1 61531 8
5621 31679184 m2 4309709 -0.00216668355 0.200000003 p1 61544 8
1754 31680791 m2 1389174 -0.00434685731 0.200000003 p1 61553 8
131 31680991 m2 99198 -8.02544164e-05 0.200000003 p1 61554 8
5846 31683142 m2 4488108 -0.00043348645 0.200000003 p1 61565 8
2205 31683307 m2 1709576 -5.64506126e-06 0.200000003 p1 61566 8
3717 31685312 m2 2850616 -0.000834858627 0.200000003 p1 61577 8
2860 31686256 m2 2192299 -2.63257419e-07 0.200000003 p1 61582 8
6147 31686710 m2 4720545 -0.00083699805 0.200000003 p1 61585 8
2619 31689238 m2 2011021 -7.68794707e-05 0.200000003 p1 61599 8
281 31689615 m2 214423 -8.43385715e-06 0.200000003 p1 61602 8
2770 31689680 m2 2127295 -0.0016299315 0.200000003 p1 61602 8
3098 31690579 m2 2366494 -0.000188610327 0.200000003 p1 61607 8
4905 31691733 m2 3773409 -0.00136522227 0.200000003 p1 61613 8
3971 31695611 m2 3060936 -0.00035088422 0.200000003 p1 61635 8
2720 31697489 m2 2085621 -0.000718566182 0.200000003 p1 61646 8
4943 31699142 m3 3802561 0.00134412444 0.5 p1 61655 8
1315 31700217 m2 1045341 -3.79783742e-05 0.200000003 p1 61660 8
2513 31702033 m2 1932472 -7.62230314e-08 0.200000003 p1 61670 8
2639 31707191 m2 2024083 -0.00299005304 0.200000003 p1 61699 8
6149 31707941 m2 4722027 -2.91422538e-07 0.200000003 p1 61703 8
3867 31708342 m2 2978920 -0.000515536987 0.200000003 p1 61705 8
2201 31709700 m2 1707663 -0.000603791268 0.200000003 p1 61712 8
5473 31709821 m2 4196586 -0.00185745547 0.200000003 p1 61713 8
4646 31710433 m2 3549513 -1.33010462e-06 0.200000003 p1 61716 8
5337 31710826 m2 4100576 -0.000121307101 0.200000003 p1 61718 8
2134 31710910 m3 1660204 0.0031531516 0.5 p1 61719 8
6433 31716882 m2 4938318 -0.000126697167 0.200000003 p1 61751 8
453 31718369 m2 350806 -7.65880122e-06 0.200000003 p1 61759 8
4550 31719677 m2 3473590 -1.22778038e-10 0.200000003 p1 61766 8
1955 31722513 m2 1530612 -8.69419382e-05 0.200000003 p1 61783 8
303 31722846 m2 235762 -3.7831669e-05 0.200000003 p1 61784 8
5214 31726124 m2 4002639 -0.000260804925 0.200000003 p1 61802 8
1863 31729819 m2 1467785 -0.00220749271 0.200000003 p1 61822 8
1102 31729886 m2 878249 -5.81013956e-06 0.200000003 p1 61822 8
4690 31731986 m2 3586638 -0.000192944441 0.200000003 p1 61834 8
4602 31734489 m2 3515164 -0.000884132576 0.200000003 p1 61848 8
4510 31734698 m2 3441652 -0.0038784137 0.200000003 p1 61849 8
3139 31735359 m2 2398666 -0.000295646896 0.200000003 p1 61853 8
2828 31737209 m2 2168587 -0.00241228007 0.200000003 p1 61863 8
3834 31739209 m2 2947797 -0.000344259752 0.200000003 p1 61874 8
6089 31741756 m2 4673203 -0.000344841421 0.200000003 p1 61888 8
277 31742319 m2 213343 -0.0031934937 0.200000003 p1 61891 8
3676 31743035 m2 2819567 -0.00099544914 0.200000003 p1 61894 8
1158 31745946 m2 920041 -0.000983703183 0.200000003 p1 61911 8
2730 31745984 m3 2097163 0.00260528526 0.5 p1 61911 8
4031 31746552 m2 3116952 -1.26481847e-09 0.200000003 p1 61914 8
5746 31749215 m2 4416040 -0.000316811958 0.200000003 p1 61929 8
3078 31753136 m2 2353767 -3.71563801e-05 0.200000003 p1 61951 8
3151 31757223 m2 2403351 -0.000440385542 0.200000003 p1 61975 8
1007 31759759 m2 800790 -2.13701533e-05 0.200000003 p1 61990 8
2015 31761274 m2 1577847 -0.00281399209 0.200000003 p1 61999 8
3012 31762963 m2 2301437 -3.68465262e-05 0.200000003 p1 62008 8
3556 31763106 m2 2717691 -1.91413365e-05 0.200000003 p1 62009 8
5793 31763722 m2 4450174 -0.000139077092 0.200000003 p1 62013 8
4731 31763849 m2 3631493 -0.000136813425 0.200000003 p1 62014 8
5901 31764286 m2 4524206 -1.20802895e-06 0.200000003 p1 62016 8
3507 31765296 m2 2674632 -1.36977322e-11 0.200000003 p1 62022 8
1736 31771026 m2 1382769 -1.91387439e-08 0.200000003 p1 62056 8
543 31774456 m2 423718 -1.22836309e-05 0.200000003 p1 62075 8
4534 31774519 m2 3458989 -0.000628409558 0.200000003 p1 62075 8
4231 31776381 m2 3259526 -0.000121223879 0.200000003 p1 62086 8
193 31778960 m2 145613 -0.000544291746 0.200000003 p1 62100 8
5748 31781078 m2 4416897 -6.07976602e-08 0.200000003 p1 62112 8
6538 31781218 m2 4997032 -0.00178224745 0.200000003 p1 62113 8
874 31781246 m2 695956 -0.000146384074 0.200000003 p1 62113 8
1618 31782481 m2 1284931 -2.51197125e-05 0.200000003 p1 62120 8
4439 31783540 m2 3391567 -2.23320058e-05 0.200000003 p1 62125 8
3020 31783714 m2 2310257 -0.00594708696 0.200000003 p1 62126 8
667 31784949 m2 522681 -5.62283962e-17 0.200000003 p1 62133 8
1781 31787232 m2 1408554 -0.000182709977 0.200000003 p1 62146 8
1442 31788195 m2 1153242 -0.0048631886 0.200000003 p1 62151 8
6293 31789104 m2 4831101 -0.00144325639 0.200000003 p1 62156 8
1457 31789527 m2 1165143 -0.000821109046 0.200000003 p1 62158 8
4369 31790096 m2 3345641 -0.00282840221 0.200000003 p1 62162 8
1611 31793786 m2 1277458 -0.000101860067 0.200000003 p1 62182 8
5397 31795357 m2 4146235 -9.13093459e-07 0.200000003 p1 62191 8
4162 31796159 m2 3203741 -0.00134652713 0.200000003 p1 62195 8
2970 31796517 m2 2271016 -4.17634328e-05 0.200000003 p1 62197 8
4887 31798559 m2 3760746 -0.000180557065 0.200000003 p1 62209 8
5842 31800245 m2 4485198 -0.000380808109 0.200000003 p1 62219 8
383 31800953 m2 291085 -0.000110828318 0.200000003 p1 62223 8
6344 31804092 m2 4864897 -1.78989667e-05 0.200000003 p1 62239 8
5068 31804252 m2 3893848 -1.91944382e-05 0.200000003 p1 62240 8
2350 31804686 m2 1810302 -6.0214752e-06 0.200000003 p1 62243 8
534 31805475 m2 415961 -0.0020084884 0.200000003 p1 62247 8
2865 31807500 m2 2196333 -6.69529836e-05 0.200000003 p1 62258 8
3373 31808665 m2 2569359 -1.6360329e-05 0.200000003 p1 62265 8
595 31812459 m2 464466 -0.0012988298 0.200000003 p1 62286 8
5359 31813017 m2 4116551 -6.71623184e-06 0.200000003 p1 62290 8
6262 31813134 m2 4808112 -0.00530502992 0.200000003 p1 62290 8
1284 31813185 m2 1025522 -1.39756785e-05 0.200000003 p1 62291 8
1924 31816044 m2 1510989 -0.000565024966 0.200000003 p1 62307 8
2423 31818229 m2 1869875 -7.07014769e-05 0.200000003 p1 62320 8
3548 31818515 m2 2710620 -0.000239161091 0.200000003 p1 62322 8
6431 31821658 m2 4935655 -0.00134012243 0.200000003 p1 62339 8
1054 31823665 m2 832749 -0.00018185169 0.200000003 p1 62350 8
5880 31824628 m2 4508941 -0.000179994386 0.200000003 p1 62356 8
117 31824817 m2 88290 -2.30889364e-05 0.200000003 p1 62357 8
1960 31827348 m2 1534922 -1.50328765e-06 0.200000003 p1 62371 8
798 31828307 m2 635955 -0.00120832608 0.200000003 p1 62376 8
2328 31831487 m2 1794655 -0.00120655401 0.200000003 p1 62394 8
3253 31837329 m2 2482128 -0.000642359955 0.200000003 p1 62428 8
11 31838501 m2 11203 -1.13829501e-11 0.200000003 p1 62434 8
5628 31838604 m2 4313204 -3.11947315e-06 0.200000003 p1 62435 8
2499 31838685 m2 1924760 -0.000183823155 0.200000003 p1 62435 8
2242 31838748 m2 1730487 -8.14842679e-07 0.200000003 p1 62435 8
6217 31842836 m2 4770756 -0.000581988075 0.200000003 p1 62458 8
3027 31845209 m2 2315765 -0.000366752589 0.200000003 p1 62471 8
3191 31845463 m2 2439846 -0.000992052956 0.200000003 p1 62473 8
4871 31845874 m2 3741373 -2.36624874e-05 0.200000003 p1 62475 8
6299 31847069 m2 4837486 -1.11171566e-07 0.200000003 p1 62482 8
2947 31848027 m2 2255915 -0.00136412191 0.200000003 p1 62488 8
4217 31848119 m2 3246749 -1.0650416e-06 0.200000003 p1 62488 8
1400 31850334 m2 1123728 -6.3232852e-05 0.200000003 p1 62502 8
817 31856761 m2 653856 -8.46471892e-07 0.200000003 p1 62539 8
2293 31857880 m2 1773156 -6.60029255e-05 0.200000003 p1 62546 8
1648 31858375 m2 1313454 -0.000561368361 0.200000003 p1 62549 8
4304 31859148 m2 3303298 -3.75313469e-09 0.200000003 p1 62553 8
3772 31862694 m2 2894528 -0.000614883029 0.200000003 p1 62574 8
5711 31862785 m2 4384332 -8.59359134e-05 0.200000003 p1 62575 8
209 31863115 m2 160613 -0.000393917639 0.200000003 p1 62577 8
3091 31866175 m2 2362681 -0.000930930837 0.200000003 p1 62595 8
3402 31866556 m2 2589129 -7.81419544e-07 0.200000003 p1 62597 8
3290 31869096 m2 2512533 -6.32457898e-07 0.200000003 p1 62613 8
5708 31874816 m2 4381286 -2.51157917e-06 0.200000003 p1 62648 8
4420 31879281 m2 3375407 -1.06190123e-08 0.200000003 p1 62675 8
518 31879697 m2 400607 -2.50239054e-06 0.200000003 p1 62678 8
1407 31881241 m2 1128713 -0.0013220564 0.200000003 p1 62687 8
4586 31881728 m2 3501420 -7.52542292e-07 0.200000003 p1 62690 8
638 31885059 m2 505969 -0.000199909147 0.200000003 p1 62712 8
324 31885737 m2 248561 -0.00227926322 0.200000003 p1 62716 8
5032 31886113 m2 3859423 -1.54754503e-06 0.200000003 p1 62719 8
5827 31890318 m2 4472343 -0.00144310913 0.200000003 p1 62743 8
5623 31890337 m2 4310033 -1.81105617e-11 0.200000003 p1 62744 8
1518 31890467 m2 1212235 -9.2391514e-05 0.200000003 p1 62744 8
2153 31890556 m2 1669242 -0.00308782724 0.200000003 p1 62745 8
973 31891494 m2 779540 -0.00136408547 0.200000003 p1 62751 8
4708 31891694 m2 3608097 -0.00746553158 0.200000003 p1 62752 8
3680 31893123 m2 2821464 -0.0017658195 0.200000003 p1 62761 8
5703 31894408 m2 4378808 -0.00169097225 0.200000003 p1 62768 8
5585 31895448 m2 4286466 -0.00269195926 0.200000003 p1 62774 8
4327 31895951 m2 3319015 -0.00928932987 0.200000003 p1 62777 8
5305 31896687 m2 4079235 -4.13585767e-05 0.200000003 p1 62781 8
5405 31897709 m2 4152391 -0.00013500324 0.200000003 p1 62787 8
1289 31901158 m2 1028065 -0.00302162138 0.200000003 p1 62809 8
3716 31901403 m2 2850246 -0.000118900782 0.200000003 p1 62810 8
3324 31905013 m2 2536911 -0.000302841276 0.200000003 p1 62832 8
3398 31905164 m2 2587138 -0.000335142424 0.200000003 p1 62833 8
3178 31908453 m2 2429419 -2.81741166e-07 0.200000003 p1 62853 8
4498 31909618 m2 3431208 -1.81038213e-05 0.200000003 p1 62859 8
3424 31910419 m2 2608205 -8.82774984e-05 0.200000003 p1 62864 8
759 31918032 m2 599919 -0.00151664508 0.200000003 p1 62911 8
1181 31918715 m2 934616 -0.00038340452 0.200000003 p1 62915 8
5511 31919222 m2 4229389 -3.96890428e-05 0.200000003 p1 62919 8
3221 31919642 m2 2459424 -4.17694137e-05 0.200000003 p1 62921 8
6439 31921564 m3 4940957 0.000737107184 0.5 p1 62933 8
1695 31921608 m2 1344194 -0.00039334016 0.200000003 p1 62933 8
4335 31922885 m2 3323867 -4.60296542e-06 0.200000003 p1 62940 8
3292 31927238 m2 2515265 -5.88316016e-06 0.200000003 p1 62966 8
32 31931850 m2 26870 -3.26415034e-06 0.200000003 p1 62993 8
4964 31932281 m2 3814477 -0.000476730696 0.200000003 p1 62995 8
6110 31932424 m2 4689885 -4.95503127e-06 0.200000003 p1 62996 8
4660 31932945 m3 3561100 0.000258626736 0.5 p1 62999 8
4042 31933598 m2 3121670 -1.6293977e-07 0.200000003 p1 63003 8
4398 31934100 m2 3360320 -5.57483982e-05 0.200000003 p1 63006 8
3558 31937172 m2 2722466 -0.000325536384 0.200000003 p1 63024 8
427 31938312 m2 325640 -0.000296899729 0.200000003 p1 63031 8
620 31942249 m2 488519 -0.00056902878 0.200000003 p1 63053 8
501 31944004 m2 384062 -3.85306666e-05 0.200000003 p1 63063 8
4656 31945846 m2 3556465 -0.00016912217 0.200000003 p1 63074 8
5767 31946363 m2 4431310 -3.19320208e-07 0.200000003 p1 63077 8
3549 31948789 m3 2710722 0.00206314051 0.5 p1 63092 8
6137 31950818 m2 4711143 -5.05874777e-05 0.200000003 p1 63104 8
3786 31951158 m2 2906958 -2.13711697e-08 0.200000003 p1 63106 8
4792 31954460 m2 3681579 -0.000201632414 0.200000003 p1 63125 8
1171 31955998 m2 927938 -0.000189852362 0.200000003 p1 63134 8
4932 31956177 m2 3791023 -0.000385243446 0.200000003 p1 63135 8
1522 31956581 m2 1213279 -0.000524502597 0.200000003 p1 63138 8
1465 31957893 m2 1171847 -3.09043952e-15 0.200000003 p1 63145 8
1642 31959334 m2 1309671 -8.40321036e-07 0.200000003 p1 63154 8
1739 31959485 m2 1384291 -2.44967406e-08 0.200000003 p1 63155 8
1765 31961507 m2 1398386 -0.00224593398 0.200000003 p1 63167 8
3352 31964704 m2 2556719 -0.000873419922 0.200000003 p1 63187 8
6257 31965768 m2 4804969 -5.44056782e-08 0.200000003 p1 63193 8
1240 31965971 m2 989899 -0.000313495926 0.200000003 p1 63194 8
5750 31971332 m2 4418478 -0.00121638237 0.200000003 p1 63227 8
5608 31972370 m2 4301706 -2.43630202e-05 0.200000003 p1 63234 8
3559 31973242 m2 2722629 -1.44593548e-06 0.200000003 p1 63240 8
3824 31973586 m2 2933223 -1.07675887e-05 0.200000003 p1 63242 8
1999 31974830 m2 1568055 -0.00795178954 0.200000003 p1 63250 8
1079 31977919 m2 854011 -3.71981446e-06 0.200000003 p1 63269 8
3847 31978096 m3 2956744 0.00127990986 0.5 p1 63270 8
5791 31979170 m2 4448023 -0.000687200984 0.200000003 p1 63277 8
166 31981267 m2 128363 -0.000915933342 0.200000003 p1 63290 8
6175 31981412 m2 4738664 -8.6241118e-05 0.200000003 p1 63290 8
2763 31983346 m2 2118217 -3.17076774e-05 0.200000003 p1 63302 8
3384 31985973 m2 2575798 -0.000162077107 0.200000003 p1 63318 8
6030 31988159 m2 4621714 -0.00024639297 0.200000003 p1 63332 8
5685 31988855 m2 4363582 -1.55168482e-06 0.200000003 p1 63336 8
1606 31989263 m2 1274806 -7.40799715e-06 0.200000003 p1 63338 8
1967 31989776 m2 1537494 -6.8362449e-09 0.200000003 p1 63341 8
550 31991829 m2 435047 -1.62081037e-07 0.200000003 p1 63354 8
5680 31992432 m2 4358709 -2.99339356e-13 0.200000003 p1 63357 8
4799 32000581 m2 3688684 -0.00350724766 0.200000003 p1 63406 8
493 32001010 m2 377819 -1.00152454e-06 0.200000003 p1 63409 8
1942 32004155 m2 1524960 -0.0017041181 0.200000003 p1 63428 8
3138 32004678 m2 2395553 -0.000115633295 0.200000003 p1 63431 8
1327 32005683 m2 1060037 -6.40490577e-11 0.200000003 p1 63437 8
2442 32007038 m2 1885495 -0.00584369712 0.200000003 p1 63445 8
3363 32008005 m2 2563269 -0.000338452082 0.200000003 p1 63452 8
2182 32009612 m2 1696800 -8.99619226e-06 0.200000003 p1 63461 8
371 32011218 m2 283948 -2.19504519e-17 0.200000003 p1 63471 8
3741 32012184 m2 2875455 -1.35086452e-06 0.200000003 p1 63477 8
681 32012237 m2 533037 -0.000317651866 0.200000003 p1 63478 8
3414 32012870 m2 2602927 -0.00445202179 0.200000003 p1 63481 8
5799 32013511 m2 4452957 -0.000247105985 0.200000003 p1 63485 8
6152 32014464 m2 4725260 -0.000271683413 0.200000003 p1 63491 8
4896 32017140 m2 3768631 -0.00132203707 0.200000003 p1 63507 8
2936 32017466 m2 2248040 -1.33982749e-05 0.200000003 p1 63509 8
4392 32017529 m2 3357791 -0.000396250078 0.200000003 p1 63510 8
2844 32018195 m2 2182045 -8.9710149e-12 0.200000003 p1 63514 8
6202 32018399 m2 4756298 -4.23792335e-06 0.200000003 p1 63516 8
1253 32020958 m2 1000179 -0.000574167701 0.200000003 p1 63531 8
268 32022307 m2 205348 -0.00638976647 0.200000003 p1 63540 8
859 32023495 m2 684521 -0.00064448925 0.200000003 p1 63547 8
4087 32024428 m2 3159174 -5.91207063e-05 0.200000003 p1 63553 8
6105 32024938 m2 4688386 -0.000251671794 0.200000003 p1 63555 8
1045 32027770 m2 826010 -0.000172063417 0.200000003 p1 63573 8
3790 32030659 m2 2911040 -8.75777346e-07 0.200000003 p1 63591 8
3200 32030717 m2 2446891 -0.000897357881 0.200000003 p1 63591 8
286 32030889 m2 217389 -2.18958098e-06 0.200000003 p1 63592 8
1517 32032545 m2 1210017 -0.00332513102 0.200000003 p1 63603 8
133 32032665 m2 100626 -0.00224004756 0.200000003 p1 63604 8
628 32032718 m2 500669 -0.000515162828 0.200000003 p1 63604 8
5834 32034082 m2 4475233 -0.00403226912 0.200000003 p1 63613 8
1855 32034405 m2 1459139 -0.00288723828 0.200000003 p1 63615 8
4612 32041770 m2 3520704 -0.00291115604 0.200000003 p1 63660 8
1409 32042391 m2 1132015 -5.67599127e-05 0.200000003 p1 63664 8
5358 32043117 m2 4115609 -4.13597512e-08 0.200000003 p1 63669 8
1111 32049924 m2 884547 -0.00133845245 0.200000003 p1 63711 8
1923 32050322 m2 1510982 -0.00817339402 0.200000003 p1 63714 8
3351 32050972 m2 2556443 -0.00141313835 0.200000003 p1 63718 8
6436 32052523 m2 4939734 -0.000159007759 0.200000003 p1 63728 8
4138 32054253 m2 3188860 -7.89434917e-09 0.200000003 p1 63738 8
4974 32055960 m2 3821158 -0.00420123059 0.200000003 p1 63750 8
4243 32057329 m2 3265344 -0.000450056687 0.200000003 p1 63758 8
3679 32058531 m2 2820880 -0.000451559608 0.200000003 p1 63766 8
1585 32059754 m2 1261356 -0.00232782238 0.200000003 p1 63774 8
1107 32061445 m2 880053 -0.00124092505 0.200000003 p1 63785 8
1780 32062253 m2 1406931 -9.16790298e-13 0.200000003 p1 63791 8
3920 32064237 m2 3020686 -3.00440113e-14 0.200000003 p1 63803 8
1247 32065091 m2 998475 -0.000621127605 0.200000003 p1 63808 8
3108 32066934 m2 2372638 -0.000263215683 0.200000003 p1 63820 8
4282 32067353 m2 3289265 -5.13338637e-06 0.200000003 p1 63823 8
1610 32067410 m2 1276842 -1.4049354e-07 0.200000003 p1 63823 8
6320 32067545 m2 4848218 -4.74200488e-06 0.200000003 p1 63824 8
5329 32069255 m2 4095906 -0.00286496477 0.200000003 p1 63835 8
1868 32071662 m2 1471401 -0.00129854784 0.200000003 p1 63850 8
2987 32076214 m2 2282130 -0.000816549174 0.200000003 p1 63881 8
172 32077859 m2 132133 -0.00214769365 0.200000003 p1 63891 8
1369 32078473 m2 1092250 -0.000111696558 0.200000003 p1 63895 8
987 32078561 m2 788904 -0.00410582777 0.200000003 p1 63896 8
791 32078905 m2 626118 -0.00132517423 0.200000003 p1 63898 8
6111 32079077 m2 4690019 -0.000112676367 0.200000003 p1 63899 8
912 32082069 m2 727373 -4.51123788e-06 0.200000003 p1 63919 8
5508 32084410 m2 4226443 -8.58129133e-05 0.200000003 p1 63934 8
627 32087722 m2 499819 -0.000290216936 0.200000003 p1 63956 8
2923 32089685 m2 2239419 -2.92280656e-05 0.200000003 p1 63969 8
4367 32091462 m2 3345215 -5.25265796e-06 0.200000003 p1 63981 8
6539 32093114 m2 4997582 -0.00320121599 0.200000003 p1 63992 8
4857 32095229 m2 3734157 -1.73553087e-06 0.200000003 p1 64006 8
5965 32098076 m2 4570499 -0.0030845257 0.200000003 p1 64026 8
2572 32098667 m2 1976465 -0.000468573067 0.200000003 p1 64030 8
3805 32101419 m2 2918203 -6.36328332e-05 0.200000003 p1 64049 8
3087 32101811 m2 2360842 -0.000578107371 0.200000003 p1 64051 8
966 32102021 m2 774573 -0.00282450183 0.200000003 p1 64053 8
5064 32102408 m3 3890731 0.00080136914 0.5 p1 64055 8
3908 32103471 m2 3012335 -0.00204906124 0.200000003 p1 64062 8
3260 32106106 m2 2489113 -7.31545668e-08 0.200000003 p1 64080 8
5222 32107866 m2 4012233 -6.49074718e-05 0.200000003 p1 64091 8
2575 32108955 m2 1977629 -1.76957128e-05 0.200000003 p1 64098 8
1131 32108984 m2 903232 -8.12877988e-06 0.200000003 p1 64099 8
5874 32111374 m2 4503079 -0.00108604599 0.200000003 p1 64114 8
5324 32113691 m2 4095133 -1.19906608e-05 0.200000003 p1 64129 8
2973 32113785 m2 2272391 -0.000716044684 0.200000003 p1 64130 8
669 32117233 m2 524040 -0.000174596906 0.200000003 p1 64153 8
4866 32120432 m2 3740473 -0.000157040151 0.200000003 p1 64175 8
3150 32121860 m2 2402971 -0.000649683701 0.200000003 p1 64184 8
94 32125893 m2 66549 -0.000361124054 0.200000003 p1 64210 8
2558 32127740 m2 1967416 -8.63035893e-06 0.200000003 p1 64221 8
347 32128224 m2 263645 -2.35773712e-07 0.200000003 p1 64225 8
4548 32128484 m2 3472534 -0.000191073224 0.200000003 p1 64227 8
2885 32128754 m2 2210889 -0.00147520704 0.200000003 p1 64228 8
3195 32130184 m2 2442322 -0.00777488295 0.200000003 p1 64238 8
5886 32130507 m3 4512477 0.00119881635 0.5 p1 64240 8
6013 32137289 m2 4606743 -5.85358691e-07 0.200000003 p1 64286 8
4230 32138068 m2 3257032 -0.000166286045 0.200000003 p1 64291 8
1892 32138994 m2 1486737 -1.87196547e-05 0.200000003 p1 64297 8
923 32144078 m2 736931 -0.000249923731 0.200000003 p1 64330 8
4320 32144835 m2 3314659 -0.0204783585 0.200000003 p1 64336 8
5777 32149767 m2 4441249 -1.13312917e-05 0.200000003 p1 64370 8
1508 32151237 m2 1203495 -0.00273177843 0.200000003 p1 64379 8
1300 32151433 m2 1035351 -8.11862355e-06 0.200000003 p1 64380 8
506 32151839 m2 388240 -0.000252999627 0.200000003 p1 64383 8
5887 32152417 m2 4514616 -0.000207961246 0.200000003 p1 64387 8
1657 32153673 m2 1317355 -0.000656136021 0.200000003 p1 64395 8
3448 32154185 m2 2629153 -7.90693533e-14 0.200000003 p1 64398 8
917 32154271 m2 730266 -0.000790885708 0.200000003 p1 64399 8
1005 32156290 m2 799151 -4.44496618e-05 0.200000003 p1 64413 8
4269 32156319 m2 3282418 -0.000177834561 0.200000003 p1 64413 8
2623 32159154 m2 2014905 -0.00206631725 0.200000003 p1 64431 8
299 32159696 m2 230851 -0.00395348482 0.200000003 p1 64435 8
566 32160275 m2 446765 -0.000494113832 0.200000003 p1 64439 8
904 32160996 m2 722917 -7.07334766e-06 0.200000003 p1 64443 8
4057 32161004 m2 3128306 -0.000684262894 0.200000003 p1 64443 8
3112 32161060 m2 2375094 -0.000610661577 0.200000003 p1 64443 8
5984 32164951 m2 4585393 -1.38678422e-06 0.200000003 p1 64470 8
3262 32165328 m2 2489687 -3.27182943e-06 0.200000003 p1 64473 8
2962 32165499 m2 2261719 -0.000464659504 0.200000003 p1 64474 8
5922 32166045 m2 4542685 -0.000106049847 0.200000003 p1 64477 8
3272 32166713 m2 2495336 -0.00256158458 0.200000003 p1 64482 8
1372 32170309 m2 1095023 -0.0014387496 0.200000003 p1 64506 8
4998 32171170 m2 3840120 -0.00170217955 0.200000003 p1 64512 8
6275 32172305 m2 4819167 -6.37684061e-05 0.200000003 p1 64520 8
749 32174003 m2 588562 -1.1116088e-05 0.200000003 p1 64532 8
410 32175598 m2 310269 -3.68138876e-06 0.200000003 p1 64542 8
6206 32177037 m2 4757785 -8.69290404e-12 0.200000003 p1 64552 8
5085 32179682 m2 3902512 -0.00102163898 0.200000003 p1 64570 8
5855 32180103 m2 4491899 -2.74795639e-06 0.200000003 p1 64573 8
3758 32182186 m2 2886777 -0.00204848801 0.200000003 p1 64588 8
2197 32182208 m2 1702703 -8.57085251e-05 0.200000003 p1 64588 8
820 32182684 m2 654900 -0.00530356448 0.200000003 p1 64591 8
5163 32183405 m2 3969172 -0.000197590969 0.200000003 p1 64597 8
2845 32185419 m2 2182269 -0.000489847036 0.200000003 p1 64611 8
5338 32186687 m2 4106136 -0.0114044733 0.200000003 p1 64620 8
6115 32186693 m2 4692677 -6.92236717e-05 0.200000003 p1 64620 8
6203 32188311 m2 4757174 -7.14735108e-07 0.200000003 p1 64633 8
6287 32189346 m2 4824380 -0.00463070022 0.200000003 p1 64640 8
4170 32191319 m2 3206801 -1.59698732e-06 0.200000003 p1 64654 8
3641 32193545 m2 2786161 -0.000355204509 0.200000003 p1 64670 8
3910 32194781 m2 3014104 -5.36587322e-07 0.200000003 p1 64679 8
2791 32195801 m2 2141093 -2.52434347e-05 0.200000003 p1 64686 8
2060 32197783 m2 1605973 -3.08055936e-09 0.200000003 p1 64701 8
3439 32198023 m2 2619830 -0.000155638743 0.200000003 p1 64702 8
5239 32201934 m2 4023806 -9.01415115e-05 0.200000003 p1 64731 8
1431 32202462 m2 1148073 -0.00359451864 0.200000003 p1 64735 8
2570 32203621 m2 1974707 -0.00515909959 0.200000003 p1 64743 8
4897 32203923 m2 3769327 -0.00171143597 0.200000003 p1 64745 8
870 32205555 m2 694903 -7.90830018e-06 0.200000003 p1 64757 8
2523 32206530 m2 1939411 -0.000734841451 0.200000003 p1 64763 8
2327 32206727 m2 1794113 -1.3869816e-05 0.200000003 p1 64765 8
606 32207470 m2 477759 -2.01740586e-05 0.200000003 p1 64770 8
4350 32210611 m2 3333961 -9.07528738e-06 0.200000003 p1 64794 8
2856 32211666 m2 2187995 -1.20317353e-07 0.200000003 p1 64801 8
2721 32212013 m2 2085942 -3.46591059e-06 0.200000003 p1 64804 8
5686 32212644 m2 4364091 -0.00021220179 0.200000003 p1 64808 8
1051 32213006 m2 831190 -2.1365262e-05 0.200000003 p1 64811 8
1715 32213294 m2 1361057 -0.000194572887 0.200000003 p1 64813 8
4136 32215187 m2 3188593 -0.000649584108 0.200000003 p1 64827 8
4619 32215271 m2 3530037 -3.93310842e-08 0.200000003 p1 64827 8
2952 32219045 m2 2256628 -0.00106812734 0.200000003 p1 64854 8
6012 32220124 m2 4604673 -0.000989923603 0.200000003 p1 64862 8
994 32220192 m2 790948 -3.02099124e-05 0.200000003 p1 64862 8
5906 32220307 m2 4529807 -0.000299349747 0.200000003 p1 64863 8
4228 32222205 m2 3254824 -0.00312605244 0.200000003 p1 64876 8
901 32222516 m2 720500 -0.00122430874 0.200000003 p1 64878 8
727 32228195 m2 568429 -0.000642184517 0.200000003 p1 64919 8
5522 32229453 m2 4235167 -0.000488996098 0.200000003 p1 64928 8
4323 32231616 m2 3316477 -1.73946592e-05 0.200000003 p1 64943 8
4935 32232007 m2 3792365 -0.00129168306 0.200000003 p1 64946 8
4426 32233035 m2 3377710 -0.000151083208 0.200000003 p1 64953 8
997 32233721 m2 793665 -0.000598494895 0.200000003 p1 64958 8
3747 32234219 m2 2881276 -0.00521127274 0.200000003 p1 64962 8
3119 32234824 m2 2381346 -5.33839011e-05 0.200000003 p1 64966 8
3275 32236055 m2 2498111 -0.00281919073 0.200000003 p1 64976 8
6246 32237432 m2 4797569 -6.07311995e-06 0.200000003 p1 64985 8
511 32238123 m2 391316 -1.42886536e-09 0.200000003 p1 64990 8
1966 32239714 m2 1536871 -1.20672095e-08 0.200000003 p1 65002 8
753 32243360 m2 591171 -4.39990908e-05 0.200000003 p1 65029 8
86 32243773 m2 63109 -0.00958557427 0.200000003 p1 65032 8
865 32244364 m2 689180 -0.000478142465 0.200000003 p1 65037 8
4208 32245369 m2 3234880 -0.000589212228 0.200000003 p1 65044 8
242 32246822 m2 184609 -3.2099947e-06 0.200000003 p1 65056 8
6240 32247778 m2 4791397 -0.000502670358 0.200000003 p1 65063 8
1636 32249113 m2 1299269 -0.00279058749 0.200000003 p1 65073 8
151 32250529 m2 113117 -0.000103678307 0.200000003 p1 65084 8
6088 32251696 m2 4672638 -1.94528293e-05 0.200000003 p1 65093 8
2036 32251796 m2 1591817 -2.16616733e-08 0.200000003 p1 65094 8
4347 32253401 m2 3332401 -1.03349294e-06 0.200000003 p1 65105 8
3006 32253855 m2 2296125 -0.00174775044 0.200000003 p1 65109 8
267 32253966 m2 205207 -0.000116023904 0.200000003 p1 65109 8
6380 32255208 m2 4898621 -0.000604063855 0.200000003 p1 65118 8
5272 32257462 m2 4051277 -6.24835792e-08 0.200000003 p1 65136 8
2400 32258450 m2 1851549 -0.00608003419 0.200000003 p1 65144 8
4103 32258718 m2 3170226 -0.000171191859 0.200000003 p1 65146 8
27 32259301 m2 23221 -1.06661373e-05 0.200000003 p1 65150 8
195 32259658 m2 147178 -0.00143851922 0.200000003 p1 65153 8
5181 32260038 m2 3984230 -0.0180696994 0.200000003 p1 65155 8
239 32261625 m2 183143 -9.91888464e-06 0.200000003 p1 65167 8
2698 32265005 m2 2064208 -5.13120631e-06 0.200000003 p1 65194 8
6402 32266603 m2 4921042 -1.11892109e-06 0.200000003 p1 65205 8
2871 32267471 m2 2200585 -3.33688845e-08 0.200000003 p1 65212 8
5942 32268552 m2 4555561 -1.79160306e-05 0.200000003 p1 65221 8
1874 32269356 m2 1475894 -0.0027397573 0.200000003 p1 65228 8
4272 32270353 m2 3284275 -0.00243116566 0.200000003 p1 65236 8
3356 32270398 m2 2559350 -0.00756545737 0.200000003 p1 65236 8
1927 32270942 m2 1515302 -0.000382672617 0.200000003 p1 65240 8
3238 32271491 m2 2473507 -8.63776495e-06 0.200000003 p1 65245 8
5407 32273418 m2 4154608 -7.95779176e-09 0.200000003 p1 65259 8
2795 32273629 m2 2144459 -0.000335219811 0.200000003 p1 65261 8
379 32278041 m2 288875 -0.00156031689 0.200000003 p1 65296 8
1412 32279705 m2 1133911 -0.000195589513 0.200000003 p1 65308 8
1783 32281122 m2 1409258 -0.00129175989 0.200000003 p1 65319 8
5518 32281305 m2 4233517 -0.00088919478 0.200000003 p1 65321 8
4254 32282481 m2 3275837 -3.73368152e-06 0.200000003 p1 65330 8
6469 32286198 m2 4963439 -7.68874372e-07 0.200000003 p1 65359 8
3866 32286584 m2 2978537 -0.00292586652 0.200000003 p1 65363 8
222 32290075 m3 171376 0.000943126797 0.5 p1 65390 8
6324 32291215 m2 4848940 -2.58309501e-05 0.200000003 p1 65399 8
5597 32292004 m2 4292997 -0.00202028779 0.200000003 p1 65405 8
5429 32293720 m2 4167345 -8.89867408e-07 0.200000003 p1 65419 8
6215 32293958 m2 4766727 -0.000842368638 0.200000003 p1 65421 8
1306 32294044 m2 1037216 -3.75060736e-05 0.200000003 p1 65421 8
419 32295076 m2 319969 -5.99457198e-05 0.200000003 p1 65430 8
1787 32296021 m2 1412101 -2.626485e-05 0.200000003 p1 65437 8
3120 32299386 m2 2382882 -0.00050062238 0.200000003 p1 65464 8
5512 32300900 m2 4230096 -0.00224388111 0.200000003 p1 65476 8
1998 32301104 m2 1566979 -0.00240054936 0.200000003 p1 65478 8
5038 32303616 m2 3866997 -0.000152759414 0.200000003 p1 65497 8
5107 32304015 m2 3924097 -1.56435212e-10 0.200000003 p1 65500 8
1360 32304215 m2 1086510 -0.00463916222 0.200000003 p1 65501 8
934 32306737 m2 744786 -0.00632873923 0.200000003 p1 65521 8
5133 32306752 m2 3941736 -0.000408793538 0.200000003 p1 65521 8
2465 32307367 m2 1901414 -0.000930165115 0.200000003 p1 65526 8
5142 32307456 m2 3948025 -1.48614401e-06 0.200000003 p1 65527 8
5484 32308658 m2 4206150 -0.000897886057 0.200000003 p1 65536 8
4433 32310959 m2 3385771 -7.55377732e-06 0.200000003 p1 65554 8
1406 32312179 m2 1128583 -0.000124302052 0.200000003 p1 65564 8
4694 32312768 m2 3590657 -2.5132797e-06 0.200000003 p1 65569 8
2504 32314505 m2 1928701 -4.09389286e-05 0.200000003 p1 65584 8
2866 32314587 m2 2197209 -0.00190808694 0.200000003 p1 65584 8
6385 32314949 m2 4902807 -3.10105037e-07 0.200000003 p1 65588 8
1074 32315754 m2 851791 -8.08743061e-06 0.200000003 p1 65594 8
503 32317883 m2 384986 -2.46812374e-06 0.200000003 p1 65612 8
4280 32319489 m2 3288795 -0.000217147564 0.200000003 p1 65625 8
2142 32320528 m2 1664958 -0.00379320956 0.200000003 p1 65633 8
6512 32320941 m2 4984878 -0.000124303391 0.200000003 p1 65637 8
5102 32321253 m2 3917243 -0.000464177196 0.200000003 p1 65640 8
5254 32323150 m2 4038310 -0.000936988799 0.200000003 p1 65656 8
2378 32324676 m2 1830251 -3.72360944e-07 0.200000003 p1 65668 8
896 32324963 m2 718169 -0.000383776263 0.200000003 p1 65670 8
4503 32325058 m2 3435503 -0.00124823104 0.200000003 p1 65671 8
4438 32332979 m2 3390560 -0.000733815308 0.200000003 p1 65736 8
5569 32333261 m3 4278007 8.18687622e-05 0.5 p1 65738 8
1871 32333517 m2 1472523 -3.50646733e-05 0.200000003 p1 65740 8
4251 32334648 m2 3272023 -4.95016902e-05 0.200000003 p1 65749 8
1555 32335165 m2 1239975 -0.00134379743 0.200000003 p1 65753 8
4678 32336234 m2 3578029 -8.98117287e-06 0.200000003 p1 65762 8
6200 32336299 m2 4754189 -0.000175260866 0.200000003 p1 65763 8
5080 32337897 m2 3900122 -6.74494368e-05 0.200000003 p1 65776 8
3903 32338413 m2 3008018 -8.57685591e-05 0.200000003 p1 65780 8
6055 32339239 m2 4645597 -4.96779023e-07 0.200000003 p1 65787 8
3818 32339860 m2 2930399 -0.00128387124 0.200000003 p1 65792 8
4975 32340342 m2 3821613 -9.4500565e-06 0.200000003 p1 65796 8
4368 32342662 m2 3345440 -0.00145413051 0.200000003 p1 65815 8
4732 32343077 m2 3631812 -5.72858989e-05 0.200000003 p1 65818 8
3816 32345478 m2 2929962 -0.00584428012 0.200000003 p1 65838 8
2532 32345500 m2 1949457 -0.000406911131 0.200000003 p1 65838 8
6294 32346938 m2 4832744 -0.00132508017 0.200000003 p1 65850 8
313 32347475 m2 239845 -0.00113173493 0.200000003 p1 65855 8
4255 32348652 m2 3276170 -0.00029210691 0.200000003 p1 65865 8
3830 32349946 m2 2940112 -0.00115598133 0.200000003 p1 65876 8
674 32350220 m2 528124 -7.04406993e-05 0.200000003 p1 65879 8
5744 32350596 m2 4415897 -0.00139226019 0.200000003 p1 65882 8
3379 32351469 m2 2571589 -0.000401671103 0.200000003 p1 65890 8
3780 32351623 m2 2903810 -0.000685326871 0.200000003 p1 65892 8
5601 32352256 m2 4296438 -0.00126753538 0.200000003 p1 65897 8
4120 32352689 m2 3177852 -1.65883248e-05 0.200000003 p1 65901 8
3271 32353023 m2 2495316 -3.60184749e-05 0.200000003 p1 65904 8
1546 32354491 m2 1234864 -1.81557649e-08 0.200000003 p1 65917 8
2807 32355253 m2 2151110 -6.02367845e-06 0.200000003 p1 65923 8
112 32356156 m2 85277 -3.19600549e-05 0.200000003 p1 65932 8
3045 32356811 m2 2329586 -0.00692153908 0.200000003 p1 65937 8
938 32356985 m2 748692 -2.39382352e-05 0.200000003 p1 65939 8
2940 32358837 m2 2249996 -4.03584238e-07 0.200000003 p1 65955 8
2512 32359077 m2 1932220 -0.00409128657 0.200000003 p1 65957 8
3915 32359422 m2 3016763 -0.000636367127 0.200000003 p1 65960 8
877 32361528 m2 699447 -0.000280799315 0.200000003 p1 65978 8
1116 32361530 m2 886843 -9.84319848e-10 0.200000003 p1 65978 8
3757 32362351 m2 2886623 -9.36354554e-05 0.200000003 p1 65984 8
3237 32362459 m2 2472473 -0.00516025489 0.200000003 p1 65985 8
2325 32364359 m2 1793394 -0.00407499587 0.200000003 p1 66002 8
4015 32364606 m2 3104276 -2.00767653e-10 0.200000003 p1 66004 8
3635 32366784 m2 2780510 -0.00274029584 0.200000003 p1 66023 8
208 32366814 m2 160546 -0.00416236836 0.200000003 p1 66023 8
1638 32367021 m2 1301460 -0.0018736301 0.200000003 p1 66025 8
1894 32368505 m2 1488211 -0.000125354796 0.200000003 p1 66038 8
6503 32368631 m2 4978695 -7.88553662e-05 0.200000003 p1 66039 8
6289 32370921 m2 4826545 -2.57436895e-05 0.200000003 p1 66060 8
707 32371980 m2 554266 -0.00133527943 0.200000003 p1 66069 8
6449 32372085 m2 4945691 -0.00118362345 0.200000003 p1 66070 8
2344 32373029 m2 1805935 -0.00109014742 0.200000003 p1 66079 8
61 32373577 m2 50083 -0.000224623567 0.200000003 p1 66083 8
1586 32375582 m2 1261481 -7.11490211e-05 0.200000003 p1 66101 8
5935 32377489 m2 4551133 -0.0041364287 0.200000003 p1 66118 8
4971 32378073 m2 3819583 -0.00592899509 0.200000003 p1 66123 8
6029 32378269 m2 4621659 -0.000111424779 0.200000003 p1 66125 8
1841 32381528 m2 1449327 -2.92787718e-05 0.200000003 p1 66152 8
6034 32381898 m2 4622893 -0.00674264738 0.200000003 p1 66156 8
4946 32385498 m2 3805380 -0.000163436314 0.200000003 p1 66188 8
2169 32386147 m2 1684703 -0.000139721582 0.200000003 p1 66193 8
1041 32386722 m2 823220 -1.05095833e-05 0.200000003 p1 66198 8
2363 32387814 m2 1818303 -1.67637836e-06 0.200000003 p1 66207 8
2699 32388893 m2 2065920 -0.000560630346 0.200000003 p1 66217 8
6259 32388959 m2 4805479 -9.46526052e-05 0.200000003 p1 66217 8
2301 32389001 m2 1776590 -0.000242595474 0.200000003 p1 66217 8
1266 32389262 m2 1012484 -6.1239183e-07 0.200000003 p1 66219 8
1597 32389333 m2 1268601 -0.00084760238 0.200000003 p1 66220 8
5382 32389507 m2 4134755 -0.000191617553 0.200000003 p1 66221 8
1379 32392045 m2 1102508 -3.02782261e-08 0.200000003 p1 66242 8
561 32394325 m2 443907 -0.000165584701 0.200000003 p1 66262 8
3222 32396902 m2 2459966 -2.34266384e-09 0.200000003 p1 66285 8
5408 32397809 m2 4154720 -0.00348362769 0.200000003 p1 66293 8
2789 32398819 m2 2139786 -0.0114860749 0.200000003 p1 66301 8
4734 32399058 m2 3633816 -0.00106419809 0.200000003 p1 66304 8
1594 32399539 m2 1266083 -3.30702605e-05 0.200000003 p1 66308 8
199 32399813 m2 149356 -0.000180025949 0.200000003 p1 66310 8
1832 32400810 m2 1442711 -0.00660015689 0.200000003 p1 66318 8
1532 32402633 m2 1223311 -0.000913521682 0.200000003 p1 66334 8
1081 32402807 m2 855539 -7.91781131e-05 0.200000003 p1 66335 8
6437 32404899 m2 4940240 -0.000185243829 0.200000003 p1 66353 8
5761 32405041 m2 4425560 -1.40175871e-06 0.200000003 p1 66354 8
5993 32405101 m2 4588617 -0.00668727793 0.200000003 p1 66355 8
1086 32406084 m2 859892 -0.000195971734 0.200000003 p1 66363 8
2905 32406624 m2 2227070 -0.00310978666 0.200000003 p1 66367 8
3960 32406852 m2 3050495 -3.42653794e-10 0.200000003 p1 66369 8
5728 32407368 m2 4403361 -1.73860044e-05 0.200000003 p1 66373 8
1808 32407872 m2 1424952 -1.08095737e-05 0.200000003 p1 66378 8
3615 32409122 m2 2764846 -0.00544235716 0.200000003 p1 66388 8
6333 32409193 m2 4854796 -1.65163819e-05 0.200000003 p1 66388 8
3821 32409756 m2 2932324 -0.00225097407 0.200000003 p1 66393 8
1098 32411069 m2 871746 -0.00194123201 0.200000003 p1 66404 8
1563 32411632 m2 1247873 -0.000722552883 0.200000003 p1 66409 8
155 32412312 m2 117227 -0.00166899292 0.200000003 p1 66415 8
1205 32412657 m2 962611 -0.00024960711 0.200000003 p1 66419 8
3804 32412723 m2 2918188 -0.00137536915 0.200000003 p1 66419 8
4810 32412976 m2 3698087 -2.09368918e-05 0.200000003 p1 66421 8
416 32415436 m2 316311 -3.96000132e-06 0.200000003 p1 66442 8
4771 32416200 m2 3659220 -5.87945215e-05 0.200000003 p1 66449 8
1846 32419020 m2 1454295 -0.000133773618 0.200000003 p1 66474 8
4697 32419775 m2 3592902 -0.000139203126 0.200000003 p1 66480 8
6519 32421172 m2 4987490 -0.00786718447 0.200000003 p1 66493 8
403 32423440 m2 308099 -0.000335722405 0.200000003 p1 66513 8
4407 32425798 m2 3365413 -2.73178694e-06 0.200000003 p1 66533 8
4020 32426059 m2 3107657 -5.96127256e-06 0.200000003 p1 66535 8
5770 32428780 m2 4435138 -0.00085932354 0.200000003 p1 66561 8
3435 32429650 m2 2615639 -0.000856051454 0.200000003 p1 66569 8
4130 32430439 m2 3183247 -0.000776297064 0.200000003 p1 66576 8
1427 32432272 m2 1145121 -7.65452387e-06 0.200000003 p1 66592 8
539 32433733 m2 419757 -5.20536159e-05 0.200000003 p1 66605 8
4537 32434137 m2 3462120 -0.00150348735 0.200000003 p1 66609 8
3406 32434231 m2 2594371 -0.000473730848 0.200000003 p1 66610 8
6292 32435607 m2 4829785 -0.000658750534 0.200000003 p1 66623 8
95 32435717 m3 66836 0.00373696373 0.5 p1 66624 8
3206 32436577 m2 2450778 -0.00153447234 0.200000003 p1 66632 8
898 32437223 m2 718868 -1.0665255e-07 0.200000003 p1 66638 8
6309 32439385 m2 4841521 -7.17517833e-06 0.200000003 p1 66657 8
3949 32439396 m2 3039659 -2.27887e-07 0.200000003 p1 66657 8
4592 32439397 m2 3506247 -6.92017557e-06 0.200000003 p1 66657 8
1169 32440305 m2 926474 -0.00399923185 0.200000003 p1 66666 8
4994 32441138 m2 3839363 -6.01192482e-07 0.200000003 p1 66673 8
5082 32443884 m2 3900968 -0.00174579374 0.200000003 p1 66698 8
1338 32444187 m2 1068434 -6.20272986e-05 0.200000003 p1 66701 8
709 32444763 m2 556673 -0.000271810102 0.200000003 p1 66707 8
3284 32445518 m2 2507216 -0.00067821733 0.200000003 p1 66714 8
1500 32446970 m2 1199184 -0.000152374618 0.200000003 p1 66728 8
4193 32447030 m2 3223434 -2.9051514e-06 0.200000003 p1 66729 8
3229 32447205 m2 2465199 -0.000396421499 0.200000003 p1 66730 8
782 32449719 m2 618348 -1.19264496e-05 0.200000003 p1 66755 8
4446 32451762 m2 3394202 -1.58447492e-05 0.200000003 p1 66774 8
34 32452314 m2 29862 -1.86882644e-05 0.200000003 p1 66779 8
4636 32454146 m2 3543297 -0.00175038353 0.200000003 p1 66797 8
2062 32455017 m2 1607335 -4.13460039e-05 0.200000003 p1 66806 8
572 32455332 m2 450490 -3.93290611e-05 0.200000003 p1 66809 8
1881 32457618 m2 1479978 -0.00117224467 0.200000003 p1 66832 8
5401 32457869 m2 4149957 -8.9709516e-05 0.200000003 p1 66834 8
723 32458090 m2 567739 -0.00343010435 0.200000003 p1 66836 8
2365 32460077 m2 1820029 -0.00480575953 0.200000003 p1 66855 8
2895 32462408 m2 2220167 -0.000179484385 0.200000003 p1 66877 8
714 32462518 m2 558856 -1.40935494e-08 0.200000003 p1 66878 8
1348 32463382 m2 1077593 -0.00111187191 0.200000003 p1 66887 8
622 32464901 m2 489336 -0.00149800919 0.200000003 p1 66902 8
6348 32466145 m2 4867983 -0.000331078016 0.200000003 p1 66914 8
3611 32466269 m2 2760751 -0.00250220019 0.200000003 p1 66915 8
5298 32466709 m2 4070026 -5.73208854e-05 0.200000003 p1 66919 8
5693 32467016 m2 4369779 -3.12832344e-05 0.200000003 p1 66922 8
2842 32468476 m2 2181135 -0.0028424745 0.200000003 p1 66937 8
3067 32468741 m2 2346773 -8.83634016e-07 0.200000003 p1 66940 8
4544 32470559 m2 3468008 -4.09330312e-07 0.200000003 p1 66957 8
2750 32470900 m2 2112329 -6.16091882e-07 0.200000003 p1 66960 8
77 32470990 m2 61363 -0.00787336938 0.200000003 p1 66961 8
5451 32472552 m2 4182606 -0.000305907248 0.200000003 p1 66977 8
812 32472971 m2 645767 -0.000542998314 0.200000003 p1 66981 8
3785 32473260 m2 2906894 -0.000124145605 0.200000003 p1 66984 8
3169 32474203 m2 2421565 -1.85706049e-05 0.200000003 p1 66993 8
5061 32474467 m3 3886982 3.54678159e-05 0.5 p1 66996 8
3466 32475929 m2 2647569 -3.47668902e-07 0.200000003 p1 67010 8
2052 32475936 m2 1602574 -0.000474050845 0.200000003 p1 67010 8
1684 32476732 m2 1335239 -1.02262557e-05 0.200000003 p1 67018 8
2068 32477081 m2 1613031 -4.38507413e-06 0.200000003 p1 67021 8
4698 32477351 m2 3595423 -0.00454397174 0.200000003 p1 67023 8
3646 32479020 m2 2789362 -0.000137125826 0.200000003 p1 67040 8
1911 32479984 m2 1496238 -2.03621785e-05 0.200000003 p1 67049 8
6355 32480989 m2 4876475 -0.00225951918 0.200000003 p1 67058 8
5268 32483724 m2 4049666 -0.000116005569 0.200000003 p1 67086 8
3517 32483882 m2 2681406 -8.01987553e-05 0.200000003 p1 67087 8
1105 32484177 m2 879000 -9.78607204e-05 0.200000003 p1 67090 8
5067 32484364 m2 3893715 -0.000599464402 0.200000003 p1 67092 8
2084 32484830 m2 1623597 -0.000187991187 0.200000003 p1 67096 8
3154 32486433 m2 2408361 -0.00159680925 0.200000003 p1 67112 8
1288 32489709 m2 1027793 -1.00185036e-06 0.200000003 p1 67144 8
5131 32489812 m2 3940002 -0.000114937087 0.200000003 p1 67145 8
4474 32489896 m2 3416065 -1.40614952e-06 0.200000003 p1 67146 8
811 32489930 m2 645062 -1.92252082e-06 0.200000003 p1 67147 8
5339 32490354 m2 4106341 -0.000945212319 0.200000003 p1 67151 8
921 32490983 m2 736461 -0.00110752252 0.200000003 p1 67157 8
3210 32492183 m2 2453476 -1.14328769e-09 0.200000003 p1 67169 8
3347 32492282 m2 2550505 -2.46329446e-08 0.200000003 p1 67170 8
1422 32493256 m2 1141557 -1.75884645e-06 0.200000003 p1 67179 8
6230 32493566 m2 4781904 -7.79858892e-05 0.200000003 p1 67182 8
4375 32493798 m2 3349542 -0.000277156563 0.200000003 p1 67185 8
2130 32495022 m2 1654614 -1.3613695e-05 0.200000003 p1 67196 8
3492 32495644 m2 2661123 -1.5785929e-07 0.200000003 p1 67202 8
5391 32497145 m2 4142155 -0.00159641309 0.200000003 p1 67216 8
1740 32497922 m2 1384390 -0.000637224992 0.200000003 p1 67225 8
6268 32499175 m2 4814459 -0.00413120771 0.200000003 p1 67237 8
2831 32499638 m2 2172361 -0.0138280755 0.200000003 p1 67242 8
1069 32500431 m2 846602 -5.56717259e-06 0.200000003 p1 67250 8
5552 32500823 m2 4261854 -0.000363692583 0.200000003 p1 67254 8
2531 32501007 m2 1948446 -0.00414360175 0.200000003 p1 67255 8
1605 32502059 m2 1273456 -0.000244642579 0.200000003 p1 67267 8
423 32503657 m2 322275 -0.00208367268 0.200000003 p1 67283 8
4652 32504232 m2 3552561 -2.52141926e-05 0.200000003 p1 67289 8
1238 32505736 m2 988743 -1.32513833e-07 0.200000003 p1 67303 8
4002 32506176 m2 3089955 -0.000599907828 0.200000003 p1 67307 8
6458 32506587 m2 4954547 -0.000162248718 0.200000003 p1 67311 8
718 32508856 m2 565754 -0.000702116347 0.200000003 p1 67335 8
2809 32509168 m2 2151452 -0.000188284248 0.200000003 p1 67338 8
1137 32509394 m2 906485 -0.00297427247 0.200000003 p1 67340 8
854 32510601 m2 681402 -0.00569166522 0.200000003 p1 67353 8
705 32511516 m2 553060 -0.00197878503 0.200000003 p1 67363 8
3287 32512012 m2 2508597 -5.69376534e-05 0.200000003 p1 67368 8
314 32512736 m2 240017 -0.00202618819 0.200000003 p1 67375 8
5389 32513456 m2 4139827 -0.000392042391 0.200000003 p1 67382 8
5729 32513521 m2 4403431 -3.25221117e-06 0.200000003 p1 67383 8
5841 32515090 m2 4484711 -9.49647801e-05 0.200000003 p1 67398 8
6022 32515102 m2 4615107 -1.59991105e-05 0.200000003 p1 67398 8
2889 32515603 m2 2214974 -5.43226008e-07 0.200000003 p1 67403 8
3602 32520049 m2 2755327 -4.56949601e-05 0.200000003 p1 67447 8
5251 32520096 m2 4038001 -0.000154999128 0.200000003 p1 67448 8
4761 32522211 m2 3651422 -0.00170021853 0.200000003 p1 67469 8
5202 32523256 m2 3995441 -7.64438373e-05 0.200000003 p1 67479 8
6513 32525351 m2 4985252 -2.22700928e-05 0.200000003 p1 67501 8
1826 32525413 m2 1439581 -9.82450147e-05 0.200000003 p1 67502 8
3997 32527101 m2 3086210 -1.12204925e-05 0.200000003 p1 67519 8
6139 32527663 m2 4712409 -0.00193416525 0.200000003 p1 67525 8
1815 32527928 m2 1431566 -0.000474563014 0.200000003 p1 67528 8
5409 32529949 m2 4155474 -0.00116062001 0.200000003 p1 67549 8
2199 32530083 m2 1702900 -7.66947051e-06 0.200000003 p1 67550 8
553 32530825 m2 436648 -0.000862637185 0.200000003 p1 67558 8
2507 32531274 m3 1929199 0.00224329112 0.5 p1 67562 8
2030 32533694 m2 1589470 -0.00068880897 0.200000003 p1 67587 8
2355 32533821 m2 1813703 -4.77033755e-05 0.200000003 p1 67588 8
6218 32534288 m2 4770969 -2.97859675e-08 0.200000003 p1 67593 8
3490 32535580 m2 2659964 -0.000426760234 0.200000003 p1 67606 8
264 32535997 m2 203724 -0.000804548501 0.200000003 p1 67610 8
5445 32537012 m2 4177634 -0.00410590367 0.200000003 p1 67620 8
1219 32537101 m2 975037 -3.81460159e-05 0.200000003 p1 67621 8
4263 32538620 m2 3279710 -0.00601095753 0.200000003 p1 67637 8
1600 32539035 m2 1270835 -7.43567725e-05 0.200000003 p1 67642 8
1958 32544536 m2 1534002 -6.95543849e-06 0.200000003 p1 67700 8
5265 32544567 m2 4048315 -4.32864472e-05 0.200000003 p1 67700 8
2680 32544751 m2 2058013 -0.00852113403 0.200000003 p1 67702 8
3357 32545872 m2 2560064 -6.05926289e-05 0.200000003 p1 67714 8
466 32546128 m2 358806 -0.00764452154 0.200000003 p1 67717 8
1336 32546696 m2 1067429 -0.00304569141 0.200000003 p1 67724 8
4312 32546813 m2 3311035 -0.00949472189 0.200000003 p1 67725 8
2812 32546882 m2 2153025 -7.23982657e-06 0.200000003 p1 67726 8
4159 32547150 m2 3202147 -0.00366165792 0.200000003 p1 67728 8
5055 32547819 m2 3880874 -0.000667808286 0.200000003 p1 67736 8
2331 32548010 m2 1796394 -0.00366641977 0.200000003 p1 67738 8
5492 32548472 m2 4213773 -0.000768997124 0.200000003 p1 67743 8
3938 32550234 m2 3031022 -0.000483713055 0.200000003 p1 67763 8
1690 32551273 m2 1338011 -0.000307196751 0.200000003 p1 67776 8
1861 32552900 m2 1465318 -0.000153579807 0.200000003 p1 67794 8
576 32553235 m2 453888 -0.00579559756 0.200000003 p1 67798 8
2787 32554393 m2 2139310 -0.00103472185 0.200000003 p1 67810 8
758 32554457 m2 599680 -4.17256415e-05 0.200000003 p1 67811 8
3622 32554505 m2 2772814 -0.000961448939 0.200000003 p1 67811 8
981 32554693 m2 783819 -0.000810619327 0.200000003 p1 67813 8
3355 32554845 m2 2559004 -1.74451532e-06 0.200000003 p1 67815 8
1228 32555156 m2 981194 -4.22360972e-05 0.200000003 p1 67818 8
1818 32555206 m2 1435383 -0.0010822512 0.200000003 p1 67819 8
6310 32555696 m2 4841621 -0.00209906115 0.200000003 p1 67824 8
3422 32556854 m2 2606322 -0.000804438605 0.200000003 p1 67837 8
3018 32557690 m2 2309130 -0.00335230911 0.200000003 p1 67847 8
4422 32557968 m2 3376365 -4.94311703e-09 0.200000003 p1 67850 8
5231 32559785 m2 4019617 -0.000902648608 0.200000003 p1 67870 8
2148 32560562 m2 1666153 -0.00215107831 0.200000003 p1 67879 8
5280 32560646 m2 4056144 -0.000431052293 0.200000003 p1 67879 8
5955 32560648 m2 4565095 -0.00164500019 0.200000003 p1 67879 8
4615 32560830 m2 3525511 -1.8272809e-05 0.200000003 p1 67881 8
4414 32562547 m2 3370798 -0.000353156647 0.200000003 p1 67899 8
2718 32563233 m2 2084965 -6.36164987e-05 0.200000003 p1 67907 8
4874 32563580 m2 3747229 -4.99304811e-08 0.200000003 p1 67910 8
275 32565865 m2 212583 -0.00286210445 0.200000003 p1 67935 8
3970 32567070 m2 3058666 -5.46848833e-06 0.200000003 p1 67948 8
4458 32567190 m2 3402768 -9.04873741e-05 0.200000003 p1 67949 8
5871 32569375 m2 4502040 -6.95131234e-07 0.200000003 p1 67972 8
6495 32571579 m2 4976005 -1.84106739e-06 0.200000003 p1 67995 8
3781 32571870 m2 2904059 -2.35000953e-05 0.200000003 p1 67998 8
2757 32572725 m2 2116071 -5.2736068e-05 0.200000003 p1 68008 8
1359 32573035 m2 1085875 -0.0016769116 0.200000003 p1 68012 8
6058 32573362 m2 4650117 -3.73176192e-07 0.200000003 p1 68015 8
5421 32573398 m2 4164319 -2.82993273e-08 0.200000003 p1 68015 8
4487 32574633 m2 3423853 -2.9268811e-05 0.200000003 p1 68030 8
4818 32575220 m2 3704769 -5.67144562e-05 0.200000003 p1 68036 8
6261 32577363 m2 4807440 -0.00532302121 0.200000003 p1 68057 8
2836 32577433 m2 2175611 -0.00407256233 0.200000003 p1 68058 8
4016 32579423 m3 3104466 7.33867346e-05 0.5 p1 68081 8
5967 32579819 m2 4574205 -0.0029564423 0.200000003 p1 68084 8
3162 32581888 m2 2415412 -4.03016145e-07 0.200000003 p1 68108 8
5 32582700 m2 2800 -6.19173761e-08 0.200000003 p1 68117 8
2426 32584538 m2 1873193 -4.7662048e-05 0.200000003 p1 68138 8
3645 32585374 m2 2788476 -0.00341788656 0.200000003 p1 68148 8
3610 32587021 m2 2760232 -0.00584872579 0.200000003 p1 68166 8
3625 32588345 m2 2776170 -0.00118990138 0.200000003 p1 68181 8
2265 32588526 m2 1748745 -0.00182440644 0.200000003 p1 68183 8
56 32589081 m2 45933 -3.20310875e-07 0.200000003 p1 68190 8
2438 32590484 m2 1882267 -3.03476611e-07 0.200000003 p1 68205 8
2977 32591265 m2 2274561 -0.000123126607 0.200000003 p1 68214 8
1151 32592116 m2 917357 -6.83707868e-10 0.200000003 p1 68224 8
5114 32593877 m2 3927015 -3.26073837e-06 0.200000003 p1 68243 8
1204 32593954 m2 961769 -0.000331901945 0.200000003 p1 68244 8
1332 32594668 m2 1064131 -0.00357529637 0.200000003 p1 68252 8
215 32594902 m2 164754 -9.97095049e-05 0.200000003 p1 68255 8
3518 32595131 m2 2682709 -9.72936149e-08 0.200000003 p1 68258 8
4610 32595700 m2 3520110 -0.00173207908 0.200000003 p1 68264 8
4007 32595876 m2 3094876 -0.000763271761 0.200000003 p1 68266 8
2091 32596167 m2 1627272 -2.09083439e-07 0.200000003 p1 68270 8
3982 32596853 m2 3073956 -0.00178896973 0.200000003 p1 68278 8
2898 32598510 m2 2223661 -0.00414262339 0.200000003 p1 68296 8
1216 32598976 m2 972327 -8.30787661e-10 0.200000003 p1 68302 8
368 32600160 m2 282731 -5.49371919e-07 0.200000003 p1 68315 8
3683 32600456 m2 2824499 -0.000282260415 0.200000003 p1 68318 8
993 32600596 m2 790692 -0.000147252518 0.200000003 p1 68320 8
4573 32601399 m2 3495217 -3.04638732e-08 0.200000003 p1 68329 8
1037 32602085 m2 815362 -3.48209796e-05 0.200000003 p1 68337 8
4295 32602341 m2 3298897 -0.0157910455 0.200000003 p1 68340 8
1026 32604536 m2 809208 -2.150816e-05 0.200000003 p1 68366 8
3407 32604720 m2 2595869 -0.000278963504 0.200000003 p1 68368 8
976 32604918 m2 782691 -0.0137356659 0.200000003 p1 68370 8
3165 32605567 m2 2418239 -0.00139507663 0.200000003 p1 68377 8
1504 32606155 m2 1200293 -0.00127916702 0.200000003 p1 68384 8
3434 32606722 m2 2614545 -0.00184508273 0.200000003 p1 68391 8
3529 32610014 m2 2691262 -0.00293815718 0.200000003 p1 68429 8
2649 32611088 m2 2031810 -0.00189067051 0.200000003 p1 68442 8
5828 32612150 m2 4472373 -0.00525434222 0.200000003 p1 68454 8
4378 32612250 m2 3352458 -3.16518635e-05 0.200000003 p1 68456 8
4261 32612433 m2 3279480 -0.000300099491 0.200000003 p1 68458 8
4689 32615900 m2 3586524 -6.35361866e-05 0.200000003 p1 68501 8
8 32615903 m2 6630 -0.00893647317 0.200000003 p1 68501 8
891 32616361 m2 713369 -0.00165753055 0.200000003 p1 68506 8
5213 32617915 m2 4002512 -0.000336730358 0.200000003 p1 68524 8
1252 32618020 m2 999967 -8.22124832e-07 0.200000003 p1 68526 8
4956 32618354 m2 3809489 -2.65623403e-05 0.200000003 p1 68530 8
6321 32619871 m2 4848362 -0.0131392572 0.200000003 p1 68548 8
630 32619897 m2 501255 -0.00033984374 0.200000003 p1 68548 8
5578 32621805 m2 4283463 -3.84345711e-08 0.200000003 p1 68572 8
3016 32622006 m2 2306895 -0.0100278435 0.200000003 p1 68575 8
5341 32622464 m2 4108043 -0.0098908674 0.200000003 p1 68580 8
3594 32622488 m2 2746583 -0.00116049976 0.200000003 p1 68580 8
673 32623043 m2 526927 -0.0017050365 0.200000003 p1 68588 8
4606 32623179 m2 3518606 -0.000103485414 0.200000003 p1 68589 8
4789 32623811 m2 3680843 -0.00046680728 0.200000003 p1 68596 8
4671 32624801 m2 3572425 -8.18375838e-08 0.200000003 p1 68609 8
2460 32625182 m2 1896191 -0.000403754704 0.200000003 p1 68614 8
1953 32625301 m2 1529912 -1.18711469e-05 0.200000003 p1 68616 8
5596 32625681 m2 4292700 -0.00595101528 0.200000003 p1 68620 8
4551 32626394 m2 3473840 -8.43107773e-05 0.200000003 p1 68629 8
1025 32626455 m2 808712 -6.47719105e-07 0.200000003 p1 68630 8
1802 32626517 m2 1421654 -0.00319386693 0.200000003 p1 68631 8
1285 32626522 m2 1025610 -0.000194523673 0.200000003 p1 68631 8
4324 32626524 m2 3316614 -0.000113693422 0.200000003 p1 68631 8
1452 32627459 m2 1161857 -0.00142031303 0.200000003 p1 68642 8
4889 32628205 m2 3762006 -2.14849183e-06 0.200000003 p1 68652 8
2982 32629525 m2 2279330 -1.38206178e-06 0.200000003 p1 68670 8
120 32630190 m2 90681 -0.00115314208 0.200000003 p1 68678 8
2259 32631907 m2 1745583 -2.31388503e-06 0.200000003 p1 68700 8
3614 32632009 m2 2762632 -0.00111713656 0.200000003 p1 68701 8
3464 32632304 m2 2646719 -2.09023945e-08 0.200000003 p1 68704 8
2002 32633259 m2 1569708 -0.00172559859 0.200000003 p1 68718 8
631 32633713 m2 502410 -8.77954299e-05 0.200000003 p1 68724 8
5794 32633882 m2 4451759 -0.0103170387 0.200000003 p1 68726 8
1867 32634280 m2 1470409 -0.000930687354 0.200000003 p1 68731 8
5201 32635299 m2 3995053 -0.000132564805 0.200000003 p1 68744 8
618 32635596 m2 486422 -0.00102030043 0.200000003 p1 68748 8
4200 32636318 m2 3227659 -3.11202712e-05 0.200000003 p1 68757 8
3601 32636471 m2 2754379 -0.00407270575 0.200000003 p1 68759 8
180 32637022 m2 135597 -1.05973622e-05 0.200000003 p1 68766 8
5221 32638220 m2 4011406 -0.00409708405 0.200000003 p1 68780 8
3471 32638785 m2 2650017 -4.06664149e-05 0.200000003 p1 68788 8
3212 32640092 m2 2454912 -5.74351731e-08 0.200000003 p1 68805 8
5602 32641279 m2 4296830 -0.00207153475 0.200000003 p1 68819 8
4960 32641965 m2 3812188 -0.00606116187 0.200000003 p1 68828 8
1072 32642290 m2 849823 -3.16191199e-06 0.200000003 p1 68833 8
1940 32643047 m2 1523885 -0.000254297367 0.200000003 p1 68843 8
5904 32643093 m2 4527459 -0.000150424428 0.200000003 p1 68844 8
2869 32643480 m2 2198198 -0.000653336465 0.200000003 p1 68849 8
63 32645884 m3 50783 1.98397429e-05 0.5 p1 68881 8
1873 32646378 m2 1473302 -6.83984535e-06 0.200000003 p1 68887 8
4921 32646730 m3 3783302 0.000526159129 0.5 p1 68892 8
2295 32647169 m2 1773180 -0.000899392646 0.200000003 p1 68898 8
5866 32647607 m2 4499493 -8.95921912e-05 0.200000003 p1 68904 8
1570 32648358 m2 1251506 -4.066057e-08 0.200000003 p1 68914 8
2621 32650024 m2 2012168 -0.00717489747 0.200000003 p1 68937 8
633 32650832 m2 504136 -0.00225781556 0.200000003 p1 68947 8
5819 32651107 m3 4468500 0.00113135716 0.5 p1 68950 8
4153 32651268 m2 3199235 -0.00297060655 0.200000003 p1 68952 8
1053 32651330 m2 831760 -0.0106823491 0.200000003 p1 68953 8
2433 32651979 m2 1876213 -0.00250043697 0.200000003 p1 68961 8
2341 32652783 m2 1804103 -0.000164400117 0.200000003 p1 68972 8
5217 32652971 m2 4007098 -0.000976478565 0.200000003 p1 68974 8
4513 32653572 m2 3442385 -5.02436997e-05 0.200000003 p1 68982 8
2731 32654975 m2 2097217 -0.00341811799 0.200000003 p1 69000 8
1174 32655381 m2 929609 -0.013037744 0.200000003 p1 69006 8
4469 32655507 m2 3414149 -8.48551936e-05 0.200000003 p1 69007 8
3745 32656837 m2 2878407 -5.8832542e-05 0.200000003 p1 69024 8
2035 32657342 m2 1591547 -0.00483400421 0.200000003 p1 69031 8
6493 32658049 m2 4975688 -1.23446252e-05 0.200000003 p1 69039 8
6481 32658272 m2 4968858 -3.19178907e-05 0.200000003 p1 69042 8
906 32658302 m2 723600 -0.00735709863 0.200000003 p1 69043 8
5824 32658797 m2 4471111 -4.22498715e-06 0.200000003 p1 69049 8
841 32660518 m2 670609 -2.08179827e-05 0.200000003 p1 69073 8
3053 32661372 m2 2340905 -0.0076630963 0.200000003 p1 69084 8
868 32661859 m2 694229 -0.000148843552 0.200000003 p1 69091 8
682 32662170 m2 533136 -8.61905221e-07 0.200000003 p1 69095 8
5297 32662191 m2 4068894 -5.40725568e-06 0.200000003 p1 69095 8
4033 32662222 m2 3117648 -9.13912288e-07 0.200000003 p1 69096 8
4181 32662703 m2 3212445 -0.00181558006 0.200000003 p1 69102 8
1689 32662927 m2 1337356 -1.81273414e-08 0.200000003 p1 69105 8
2946 32663896 m3 2255615 0.00347933476 0.5 p1 69119 8
1552 32664178 m2 1238062 -0.0017158828 0.200000003 p1 69122 8
2202 32665797 m2 1708180 -1.95664124e-05 0.200000003 p1 69144 8
4014 32667970 m2 3102212 -0.000106719534 0.200000003 p1 69174 8
4918 32668671 m2 3780756 -0.000257252424 0.200000003 p1 69183 8
4634 32668679 m2 3542491 -0.000105738975 0.200000003 p1 69183 8
4472 32669034 m2 3415736 -1.86671969e-07 0.200000003 p1 69188 8
5227 32669902 m2 4014927 -0.00102512527 0.200000003 p1 69200 8
3863 32669969 m2 2971504 -9.17849411e-06 0.200000003 p1 69200 8
228 32670044 m2 173318 -0.000118401207 0.200000003 p1 69201 8
5153 32670519 m2 3962367 -0.000463199045 0.200000003 p1 69208 8
1291 32670603 m2 1028681 -0.000396978256 0.200000003 p1 69210 8
468 32671146 m2 360407 -3.99438504e-05 0.200000003 p1 69216 8
5306 32672220 m2 4079393 -1.0189583e-05 0.200000003 p1 69231 8
6366 32673458 m2 4882912 -0.0210536961 0.200000003 p1 69247 8
1191 32674912 m2 951557 -0.000493917265 0.200000003 p1 69266 8
3251 32674961 m2 2481714 -2.05849162e-07 0.200000003 p1 69266 8
4549 32675841 m2 3472800 -0.000114066679 0.200000003 p1 69277 8
3563 32676099 m2 2724361 -0.000816229614 0.200000003 p1 69281 8
967 32677405 m2 775117 -2.72925632e-07 0.200000003 p1 69299 8
4753 32678214 m2 3647350 -0.00175090402 0.200000003 p1 69311 8
1520 32678999 m2 1212910 -0.000125900115 0.200000003 p1 69323 8
524 32679110 m2 408623 -0.00250299368 0.200000003 p1 69324 8
6378 32679379 m2 4896973 -0.00245263218 0.200000003 p1 69328 8
3928 32680311 m2 3025864 -0.0021753516 0.200000003 p1 69341 8
3977 32680871 m2 3068594 -0.00320139388 0.200000003 p1 69349 8
5725 32681104 m2 4398715 -2.05350589e-05 0.200000003 p1 69353 8
1248 32681175 m2 998733 -6.24136956e-05 0.200000003 p1 69354 8
2021 32681568 m2 1581802 -0.000658015837 0.200000003 p1 69359 8
1768 32681648 m2 1400220 -0.000926814508 0.200000003 p1 69360 8
6497 32681976 m2 4976893 -0.00544747058 0.200000003 p1 69365 8
2658 32683420 m2 2044003 -0.000117584757 0.200000003 p1 69386 8
567 32683719 m2 446912 -0.0173662975 0.200000003 p1 69391 8
1146 32684957 m2 912479 -0.000550025608 0.200000003 p1 69408 8
290 32685036 m2 222456 -9.82777465e-07 0.200000003 p1 69409 8
2375 32685512 m2 1827352 -4.75522171e-07 0.200000003 p1 69416 8
3583 32685540 m2 2738652 -8.28355332e-05 0.200000003 p1 69417 8
623 32686839 m2 490608 -5.90298914e-05 0.200000003 p1 69436 8
5422 32688276 m2 4164506 -0.00781164318 0.200000003 p1 69458 8
6281 32688598 m2 4822146 -0.000688920205 0.200000003 p1 69463 8
5588 32688700 m2 4287371 -4.86393546e-05 0.200000003 p1 69465 8
1858 32688735 m2 1462817 -0.00188534276 0.200000003 p1 69466 8
2508 32688853 m2 1929992 -0.000429119187 0.200000003 p1 69467 8
2149 32688992 m2 1668154 -1.76041141e-07 0.200000003 p1 69469 8
1095 32689240 m2 870120 -0.0101968283 0.200000003 p1 69473 8
879 32689444 m2 701375 -0.00200912496 0.200000003 p1 69477 8
380 32689585 m2 289325 -2.78193806e-06 0.200000003 p1 69479 8
649 32689888 m2 512190 -4.12588961e-05 0.200000003 p1 69484 8
4845 32689925 m2 3724627 -0.00787729677 0.200000003 p1 69485 8
2705 32690396 m2 2077522 -0.000630090304 0.200000003 p1 69492 8
5103 32691964 m2 3918325 -0.00541985454 0.200000003 p1 69518 8
4177 32692356 m2 3211025 -0.000115693467 0.200000003 p1 69524 8
1221 32693220 m2 976516 -0.0142165432 0.200000003 p1 69538 8
337 32693253 m2 257396 -0.0157183688 0.200000003 p1 69539 8
1009 32693605 m2 801570 -9.04200806e-06 0.200000003 p1 69544 8
5743 32695820 m2 4415652 -0.000269437092 0.200000003 p1 69579 8
3133 32696790 m2 2393440 -2.24089907e-18 0.200000003 p1 69595 8
6235 32696863 m3 4786179 0.000917880738 0.5 p1 69596 8
5126 32697771 m2 3937093 -0.00153374299 0.200000003 p1 69611 8
6514 32697830 m2 4985274 -0.00145724427 0.200000003 p1 69612 8
138 32698068 m2 104765 -0.00308552361 0.200000003 p1 69615 8
2405 32698336 m2 1854078 -0.00129588472 0.200000003 p1 69619 8
6350 32698337 m2 4869981 -0.000562733039 0.200000003 p1 69619 8
4070 32700067 m2 3139084 -0.0012989497 0.200000003 p1 69645 8
1795 32700340 m2 1416646 -0.00598919531 0.200000003 p1 69649 8
4175 32700341 m2 3209708 -1.64295743e-05 0.200000003 p1 69649 8
2393 32701495 m2 1841221 -7.16937284e-05 0.200000003 p1 69667 8
2883 32701497 m2 2210474 -0.006232935 0.200000003 p1 69667 8
1377 32702389 m2 1100211 -0.00246653589 0.200000003 p1 69680 8
3726 32702709 m2 2860032 -0.00992255192 0.200000003 p1 69685 8
90 32703312 m2 65020 -0.000601543812 0.200000003 p1 69694 8
2481 32703415 m2 1915215 -0.000693186361 0.200000003 p1 69696 8
1000 32704902 m2 795257 -0.00168507348 0.200000003 p1 69719 8
2910 32706152 m2 2232556 -3.49942056e-05 0.200000003 p1 69737 8
5642 32706443 m2 4325807 -0.00885058381 0.200000003 p1 69742 8
4828 32706626 m2 3712721 -3.50235547e-13 0.200000003 p1 69744 8
922 32706714 m2 736824 -0.0101044085 0.200000003 p1 69746 8
1976 32707653 m2 1547450 -3.18035891e-05 0.200000003 p1 69761 8
464 32707656 m2 356822 -0.00018166528 0.200000003 p1 69761 8
1255 32707976 m2 1001611 -0.0033329993 0.200000003 p1 69766 8
3923 32708032 m2 3022809 -0.00191388268 0.200000003 p1 69767 8
6114 32708237 m2 4691681 -0.000106503641 0.200000003 p1 69771 8
963 32708673 m2 771181 -0.00106407714 0.200000003 p1 69778 8
1694 32708915 m2 1343197 -0.00128924311 0.200000003 p1 69781 8
5932 32710057 m2 4548358 -0.00054416724 0.200000003 p1 69800 8
558 32710306 m2 441380 -4.68842565e-08 0.200000003 p1 69804 8
2176 32710307 m2 1690227 -2.94029178e-05 0.200000003 p1 69804 8
5486 32710945 m2 4207010 -1.79337689e-09 0.200000003 p1 69814 8
5849 32710970 m2 4488761 -0.000640473503 0.200000003 p1 69815 8
4902 32711426 m2 3771883 -0.00263845921 0.200000003 p1 69823 8
3510 32711658 m2 2676704 -0.00334703224 0.200000003 p1 69827 8
1876 32711780 m2 1476586 -0.00498620048 0.200000003 p1 69829 8
2855 32711826 m2 2186051 -0.00714884931 0.200000003 p1 69829 8
777 32711857 m2 613743 -0.000440463569 0.200000003 p1 69830 8
6474 32711980 m2 4965761 -0.00286679761 0.200000003 p1 69832 8
3674 32712051 m2 2814457 -8.44100941e-05 0.200000003 p1 69833 8
1588 32712638 m2 1262511 -0.00623713713 0.200000003 p1 69841 8
5555 32713483 m2 4263550 -0.00109758065 0.200000003 p1 69855 8
5619 32713551 m3 4309517 0.000574521546 0.5 p1 69856 8
6075 32713582 m2 4663776 -1.40351759e-07 0.200000003 p1 69857 8
3000 32714123 m2 2292590 -1.99000679e-05 0.200000003 p1 69866 8
241 32714273 m2 184520 -0.000628602924 0.200000003 p1 69869 8
6221 32714542 m2 4772558 -0.000102164377 0.200000003 p1 69873 8
4135 32714843 m2 3187366 -0.0077268593 0.200000003 p1 69879 8
5105 32714921 m2 3921893 -0.00069588935 0.200000003 p1 69881 8
3987 32715319 m2 3079587 -0.00166704704 0.200000003 p1 69887 8
1670 32715327 m2 1325449 -0.00200600713 0.200000003 p1 69887 8
5356 32715722 m2 4113433 -8.83092866e-07 0.200000003 p1 69894 8
3143 32716243 m2 2400471 -1.53138426e-05 0.200000003 p1 69903 8
2630 32716569 m2 2019474 -7.2927819e-06 0.200000003 p1 69908 8
5616 32716706 m2 4307140 -0.000587894872 0.200000003 p1 69910 8
3810 32716875 m2 2925136 -5.3008258e-05 0.200000003 p1 69913 8
4833 32717225 m2 3715075 -0.00146314432 0.200000003 p1 69919 8
1135 32717655 m2 905326 -0.000521513051 0.200000003 p1 69926 8
5982 32717850 m2 4584561 -0.000196036752 0.200000003 p1 69930 8
3768 32718933 m2 2892333 -0.0197071061 0.200000003 p1 69948 8
1064 32719409 m2 842990 -0.0178012233 0.200000003 p1 69957 8
6352 32720012 m2 4871109 -0.00841318071 0.200000003 p1 69966 8
1312 32720018 m2 1042465 -0.00316271093 0.200000003 p1 69966 8
5669 32720156 m2 4350442 -0.0022218579 0.200000003 p1 69968 8
3565 32721353 m2 2726130 -0.00149601756 0.200000003 p1 69987 8
3320 32721493 m2 2535026 -4.96354332e-05 0.200000003 p1 69989 8
1708 32722264 m2 1350916 -0.000511589984 0.200000003 p1 70002 8
3667 32722274 m2 2811402 -0.000722084544 0.200000003 p1 70002 8
2209 32722657 m2 1710498 -5.1063563e-07 0.200000003 p1 70009 8
3266 32722921 m2 2493345 -0.00222175661 0.200000003 p1 70014 8
460 32723426 m2 355233 -0.0240134895 0.200000003 p1 70022 8
5140 32725289 m2 3945262 -0.000181403666 0.200000003 p1 70054 8
240 32725605 m2 183890 -1.36797723e-07 0.200000003 p1 70060 8
5379 32726082 m2 4132436 -3.26032144e-08 0.200000003 p1 70068 8
4629 32726448 m2 3539494 -0.00490573794 0.200000003 p1 70074 8
4124 32726557 m2 3180530 -0.00111214782 0.200000003 p1 70076 8
1099 32726749 m2 874542 -0.000132789268 0.200000003 p1 70079 8
5568 32727019 m2 4276237 -0.000125399136 0.200000003 p1 70083 8
1906 32727367 m2 1493197 -0.000990057364 0.200000003 p1 70090 8
4931 32727673 m2 3790159 -0.00409536436 0.200000003 p1 70095 8
3268 32729499 m2 2494067 -0.00129475712 0.200000003 p1 70127 8
5167 32731730 m2 3971999 -0.00139363133 0.200000003 p1 70169 8
3885 32733292 m2 2995265 -4.29733154e-06 0.200000003 p1 70199 8
420 32733453 m2 320537 -0.00142220722 0.200000003 p1 70202 8
1404 32733715 m2 1126645 -2.80594099e-06 0.200000003 p1 70206 8
408 32733817 m2 309159 -0.00130030094 0.200000003 p1 70208 8
3692 32733820 m2 2832577 -0.00334966648 0.200000003 p1 70208 8
2216 32735265 m2 1716050 -7.96321765e-05 0.200000003 p1 70233 8
4250 32735756 m2 3270439 -0.00121031341 0.200000003 p1 70243 8
5672 32735768 m2 4352909 -7.46742226e-05 0.200000003 p1 70243 8
664 32735894 m3 519979 0.000188351376 0.5 p1 70246 8
4148 32736028 m2 3196524 -0.000102304853 0.200000003 p1 70248 8
2228 32736619 m2 1723197 -0.00510692969 0.200000003 p1 70260 8
3859 32738219 m2 2966067 -0.000474744884 0.200000003 p1 70289 8
784 32738330 m2 620085 -9.04419994e-06 0.200000003 p1 70291 8
5118 32738501 m2 3931853 -0.000106206222 0.200000003 p1 70295 8
4089 32739233 m2 3161206 -0.00350773102 0.200000003 p1 70309 8
2824 32739353 m2 2165785 -0.0035436661 0.200000003 p1 70311 8
5226 32739526 m2 4014771 -3.7225785e-11 0.200000003 p1 70315 8
4314 32740322 m2 3311579 -0.0106018558 0.200000003 p1 70331 8
1117 32741518 m2 887511 -0.00148411118 0.200000003 p1 70355 8
2269 32741683 m2 1752872 -0.000494241132 0.200000003 p1 70358 8
4860 32743176 m2 3737742 -0.00801597442 0.200000003 p1 70389 8
2663 32743341 m2 2046857 -0.00474689761 0.200000003 p1 70393 8
3186 32743353 m2 2435232 -0.0133311972 0.200000003 p1 70393 8
655 32744223 m2 514031 -1.54085978e-06 0.200000003 p1 70412 8
5260 32745068 m2 4044783 -0.000576484948 0.200000003 p1 70430 8
6094 32745369 m2 4678978 -5.6821797e-08 0.200000003 p1 70435 8
4285 32745828 m2 3290886 -0.00356701994 0.200000003 p1 70446 8
2800 32746078 m2 2148547 -3.89625132e-09 0.200000003 p1 70451 8
814 32746320 m2 651847 -4.04128878e-06 0.200000003 p1 70456 8
5001 32746738 m2 3840377 -0.000477729132 0.200000003 p1 70464 8
2340 32747398 m2 1801963 -0.00248083426 0.200000003 p1 70479 8
4229 32747828 m2 3255112 -0.00871803146 0.200000003 p1 70487 8
1477 32748847 m3 1178423 0.0010522505 0.5 p1 70509 8
5736 32749023 m2 4410116 -0.000160679803 0.200000003 p1 70513 8
4947 32750019 m2 3805908 -2.19850122e-07 0.200000003 p1 70535 8
1576 32750454 m2 1257149 -0.00024756731 0.200000003 p1 70545 8
2863 32750828 m2 2195077 -2.81735865e-05 0.200000003 p1 70553 8
4115 32751284 m2 3175885 -0.000755620364 0.200000003 p1 70562 8
2472 32751587 m2 1907116 -0.000788919337 0.200000003 p1 70569 8
2441 32752081 m2 1884002 -0.0109170498 0.200000003 p1 70580 8
2004 32752138 m2 1572370 -0.00116799341 0.200000003 p1 70582 8
1629 32752633 m2 1293923 -0.00736921979 0.200000003 p1 70591 8
2440 32752888 m2 1883953 -0.00250572944 0.200000003 p1 70595 8
4580 32753048 m2 3497802 -0.000464407407 0.200000003 p1 70599 8
5576 32753226 m2 4282947 -0.000766522717 0.200000003 p1 70603 8
3052 32753999 m2 2336801 -0.000128615327 0.200000003 p1 70618 8
3370 32754512 m2 2568645 -2.83110444e-06 0.200000003 p1 70629 8
5355 32755135 m2 4113427 -3.19944957e-05 0.200000003 p1 70642 8
3065 32755267 m2 2346511 -0.00387967005 0.200000003 p1 70645 8
5186 32755568 m3 3987106 0.0026357763 0.5 p1 70651 8
4219 32756186 m2 3247792 -0.0208317731 0.200000003 p1 70664 8
3991 32756281 m2 3083343 -0.00249616569 0.200000003 p1 70666 8
5016 32756395 m2 3850056 -5.86646129e-05 0.200000003 p1 70669 8
726 32756723 m2 568393 -2.17673643e-10 0.200000003 p1 70675 8
2474 32757482 m2 1908376 -0.00212794635 0.200000003 p1 70689 8
508 32758812 m2 389117 -0.0129319653 0.200000003 p1 70717 8
4813 32758861 m2 3698765 -0.00671716547 0.200000003 p1 70718 8
5321 32759000 m2 4089804 -0.000577854924 0.200000003 p1 70721 8
370 32759361 m2 283572 -0.00147285848 0.200000003 p1 70729 8
3022 32759609 m2 2311756 -0.00296628498 0.200000003 p1 70735 8
4157 32760274 m2 3201601 -0.000276985287 0.200000003 p1 70750 8
2950 32760441 m2 2256178 -5.35216871e-10 0.200000003 p1 70754 8
4877 32760519 m2 3748759 -1.36020726e-05 0.200000003 p1 70756 8
1741 32760755 m2 1384981 -7.90369177e-06 0.200000003 p1 70761 8
345 32760793 m2 263012 -4.7762238e-05 0.200000003 p1 70762 8
1311 32761026 m2 1041471 -0.00164707773 0.200000003 p1 70767 8
3459 32761403 m2 2645130 -0.0103593664 0.200000003 p1 70776 8
475 32761762 m2 368877 -3.67741171e-10 0.200000003 p1 70783 8
2398 32761970 m2 1850965 -2.87336571e-10 0.200000003 p1 70787 8
4247 32762763 m2 3267802 -9.64402716e-06 0.200000003 p1 70804 8
3483 32762776 m2 2657432 -1.27784551e-05 0.200000003 p1 70804 8
353 32763503 m2 269472 -0.0060826852 0.200000003 p1 70821 8
1176 32763841 m2 932067 -0.0014699871 0.200000003 p1 70828 8
76 32763860 m2 61009 -0.00566683197 0.200000003 p1 70828 8
4618 32765230 m2 3528157 -4.45943915e-05 0.200000003 p1 70855 8
2174 32766077 m2 1690155 -6.03960643e-07 0.200000003 p1 70872 8
4739 32766818 m2 3636962 -0.009492849 0.200000003 p1 70887 8
1371 32766834 m2 1094660 -9.61407495e-05 0.200000003 p1 70888 8
1525 32767151 m2 1215124 -0.000118163924 0.200000003 p1 70895 8
3912 32767337 m2 3015552 -1.53025157e-05 0.200000003 p1 70898 8
5078 32767855 m2 3897757 -0.00185740821 0.200000003 p1 70910 8
6416 32769881 m2 4926556 -0.00649416354 0.200000003 p1 70954 8
1941 32769962 m2 1524288 -0.00023782051 0.200000003 p1 70956 8
4891 32770014 m2 3764595 -2.69287284e-05 0.200000003 p1 70957 8
85 32770337 m2 62824 -0.00244682608 0.200000003 p1 70964 8
783 32770653 m2 618794 -8.16751614e-13 0.200000003 p1 70971 8
5312 32770724 m2 4082589 -0.000480839488 0.200000003 p1 70972 8
1094 32770812 m2 868342 -6.42033992e-05 0.200000003 p1 70974 8
4301 32771320 m2 3301410 -6.19124543e-12 0.200000003 p1 70985 8
4264 32771393 m2 3280151 -1.82816693e-05 0.200000003 p1 70987 8
1374 32771770 m3 1098930 0.000304482644 0.5 p1 70995 8
3686 32771965 m2 2828479 -0.000298525294 0.200000003 p1 70999 8
1798 32772146 m2 1419052 -6.89969966e-05 0.200000003 p1 71004 8
1547 32772476 m2 1234999 -0.000792525883 0.200000003 p1 71011 8
3761 32773465 m2 2888385 -0.0221200287 0.200000003 p1 71035 8
6401 32773782 m2 4918089 -0.000139925425 0.200000003 p1 71042 8
3524 32774044 m2 2684547 -0.000718935451 0.200000003 p1 71049 8
6464 32774150 m2 4958665 -0.00151094643 0.200000003 p1 71052 8
6015 32774417 m2 4607321 -0.00150745281 0.200000003 p1 71060 8
3416 32774580 m2 2603613 -0.00829378981 0.200000003 p1 71064 8
1804 32775213 m2 1423282 -1.48152694e-07 0.200000003 p1 71080 8
3891 32775363 m2 2999909 -1.53026591e-07 0.200000003 p1 71083 8
5883 32776387 m2 4510773 -2.12020748e-08 0.200000003 p1 71108 8
1909 32776503 m2 1494450 -0.000123395745 0.200000003 p1 71111 8
3630 32777183 m2 2777385 -2.50259814e-06 0.200000003 p1 71127 8
417 32777501 m2 318591 -0.000238391178 0.200000003 p1 71134 8
3814 32777852 m2 2927076 -0.000287526462 0.200000003 p1 71142 8
885 32778175 m2 707642 -2.55406349e-07 0.200000003 p1 71150 8
2741 32778187 m2 2106297 -0.00167554012 0.200000003 p1 71150 8
1730 32779220 m2 1377819 -0.0015378308 0.200000003 p1 71174 8
5179 32779447 m2 3983070 -1.22137972e-05 0.200000003 p1 71180 8
1115 32779483 m2 886521 -0.0228831712 0.200000003 p1 71180 8
5143 32780147 m2 3954170 -1.03517223e-05 0.200000003 p1 71198 8
5485 32780466 m2 4206465 -0.00771547854 0.200000003 p1 71207 8
1326 32780530 m2 1059785 -0.000355235999 0.200000003 p1 71208 8
4225 32780541 m2 3252483 -0.00162793556 0.200000003 p1 71209 8
5775 32780546 m2 4440643 -0.000908333692 0.200000003 p1 71209 8
35 32780675 m2 29951 -0.000112079506 0.200000003 p1 71212 8
1786 32781168 m2 1411337 -8.06860301e-10 0.200000003 p1 71224 8
5758 32781960 m2 4423087 -0.00617950223 0.200000003 p1 71243 8
6011 32782126 m2 4604285 -0.000119228964 0.200000003 p1 71247 8
3922 32782593 m2 3021681 -2.2576427e-05 0.200000003 p1 71257 8
3125 32782799 m2 2386509 -0.00101074728 0.200000003 p1 71261 8
1126 32782832 m2 898498 -0.0213973783 0.200000003 p1 71262 8
2779 32783621 m3 2132297 0.000467397389 0.5 p1 71280 8
3450 32783841 m2 2634552 -0.000124149345 0.200000003 p1 71285 8
289 32783905 m2 220893 -0.0101168202 0.200000003 p1 71286 8
4908 32783927 m2 3775101 -0.000407337415 0.200000003 p1 71287 8
3423 32784177 m2 2606617 -0.0049500824 0.200000003 p1 71292 8
1511 32784270 m2 1206134 -0.000380684622 0.200000003 p1 71295 8
5088 32784469 m2 3906978 -0.000729865336 0.200000003 p1 71300 8
778 32784900 m2 614728 -0.0113665853 0.200000003 p1 71310 8
1658 32785230 m2 1317691 -0.000103990038 0.200000003 p1 71319 8
2735 32785243 m2 2101602 -0.00109927834 0.200000003 p1 71319 8
4196 32785876 m2 3226601 -0.0016863076 0.200000003 p1 71335 8
4291 32786164 m2 3297440 -4.56448852e-08 0.200000003 p1 71343 8
4322 32786165 m2 3316326 -0.00823993515 0.200000003 p1 71343 8
204 32786424 m2 154165 -0.00792417023 0.200000003 p1 71349 8
1401 32786667 m2 1124365 -0.00118368294 0.200000003 p1 71356 8
73 32787016 m2 59644 -9.20839298e-08 0.200000003 p1 71364 8
2323 32787467 m2 1791770 -0.00271858065 0.200000003 p1 71375 8
2999 32788442 m2 2290780 -0.00794315897 0.200000003 p1 71403 8
4192 32788773 m2 3221445 -0.00583611941 0.200000003 p1 71412 8
6043 32789249 m2 4632633 -7.95990559e-07 0.200000003 p1 71424 8
198 32790147 m2 149330 -0.0264940448 0.200000003 p1 71447 8
5826 32790568 m2 4471863 -2.49066252e-05 0.200000003 p1 71458 8
6381 32790596 m2 4898882 -0.00178917334 0.200000003 p1 71459 8
1274 32790693 m2 1016069 -0.00774707086 0.200000003 p1 71462 8
2527 32790794 m2 1943556 -3.99312266e-05 0.200000003 p1 71464 8
1021 32791384 m2 806445 -0.000842049194 0.200000003 p1 71481 8
1366 32791400 m2 1089836 -0.000380312878 0.200000003 p1 71481 8
3995 32791509 m2 3085627 -0.00124483998 0.200000003 p1 71484 8
1574 32791777 m2 1257093 -3.42980661e-06 0.200000003 p1 71492 8
4934 32791925 m2 3791806 -0.000277443236 0.200000003 p1 71496 8
6041 32792671 m2 4629720 -0.00301898061 0.200000003 p1 71519 8
1634 32793247 m2 1297439 -0.000189457583 0.200000003 p1 71535 8
1321 32793262 m2 1052840 -0.00120080158 0.200000003 p1 71536 8
1848 32793552 m2 1455452 -0.00905235857 0.200000003 p1 71544 8
2774 32793983 m2 2129982 -7.90248032e-06 0.200000003 p1 71556 8
1323 32794021 m2 1056120 -0.00105067005 0.200000003 p1 71557 8
2246 32794111 m2 1734420 -0.000283859728 0.200000003 p1 71559 8
1843 32794150 m2 1449672 -9.76826367e-13 0.200000003 p1 71560 8
3998 32794171 m2 3086423 -0.00366145861 0.200000003 p1 71561 8
3569 32794205 m2 2727543 -0.000380386366 0.200000003 p1 71562 8
3896 32794416 m2 3003732 -0.00566284359 0.200000003 p1 71567 8
479 32794642 m2 372467 -0.00122818362 0.200000003 p1 71573 8
1704 32794683 m2 1348876 -0.0284109898 0.200000003 p1 71574 8
152 32796779 m2 113216 -0.00628520921 0.200000003 p1 71629 8
4788 32796857 m2 3678743 -0.0186914578 0.200000003 p1 71632 8
5594 32797544 m2 4291094 -0.00099713658 0.200000003 p1 71650 8
927 32797753 m2 740683 -0.0127191646 0.200000003 p1 71656 8
5857 32798084 m2 4494804 -8.18329863e-05 0.200000003 p1 71666 8
2565 32798128 m2 1971502 -0.00580792967 0.200000003 p1 71667 8
3041 32798413 m2 2328815 -7.11887469e-06 0.200000003 p1 71675 8
291 32798547 m2 222546 -0.0275979247 0.200000003 p1 71679 8
6300 32798928 m2 4838527 -6.64121835e-05 0.200000003 p1 71691 8
2857 32799104 m2 2189362 -1.28387265e-08 0.200000003 p1 71696 8
4940 32799269 m2 3800000 -9.39457641e-06 0.200000003 p1 71701 8
2061 32799503 m2 1606586 -0.00473179575 0.200000003 p1 71708 8
792 32799593 m2 626850 -3.36929079e-05 0.200000003 p1 71710 8
5780 32799980 m2 4443265 -5.60700573e-06 0.200000003 p1 71724 8
1440 32800047 m2 1152021 -0.000154306486 0.200000003 p1 71726 8
1878 32800154 m2 1478599 -7.09944215e-05 0.200000003 p1 71729 8
1006 32800285 m2 800025 -0.00519824913 0.200000003 p1 71733 8
660 32800390 m2 519205 -4.37881766e-07 0.200000003 p1 71736 8
3273 32800509 m2 2496309 -0.0005530864 0.200000003 p1 71739 8
6304 32800826 m2 4840214 -1.9510162e-05 0.200000003 p1 71750 8
104 32801054 m2 75973 -0.00421181554 0.200000003 p1 71758 8
4429 32801072 m2 3382308 -0.000284093549 0.200000003 p1 71758 8
4597 32801443 m2 3512494 -0.0103279827 0.200000003 p1 71770 8
3436 32801872 m2 2616941 -0.00566195138 0.200000003 p1 71785 8
3073 32801916 m2 2350965 -0.00501661375 0.200000003 p1 71787 8
4047 32802436 m2 3122397 -0.0156198638 0.200000003 p1 71804 8
1581 32802467 m2 1259456 -0.000260531175 0.200000003 p1 71805 8
2736 32802480 m2 2102319 -2.26246557e-05 0.200000003 p1 71805 8
4064 32802912 m2 3134700 -0.000220507602 0.200000003 p1 71819 8
5288 32803471 m2 4062592 -0.012542421 0.200000003 p1 71836 8
736 32803539 m2 576184 -0.000624887703 0.200000003 p1 71838 8
768 32803540 m2 608462 -0.000253433886 0.200000003 p1 71838 8
5888 32803555 m2 4515383 -7.20059325e-05 0.200000003 p1 71839 8
5921 32803686 m2 4541874 -0.00224549999 0.200000003 p1 71843 8
6540 32803961 m2 4997630 -0.00191091024 0.200000003 p1 71852 8
3451 32804184 m2 2635502 -4.64547732e-14 0.200000003 p1 71859 8
5975 32804330 m2 4580212 -0.00120259693 0.200000003 p1 71863 8
5787 32804352 m2 4446296 -0.00063824578 0.200000003 p1 71864 8
1700 32804548 m2 1347035 -0.0050399797 0.200000003 p1 71870 8
2085 32804649 m2 1624489 -3.03200153e-07 0.200000003 p1 71873 8
3986 32804966 m2 3078346 -0.00273418985 0.200000003 p1 71883 8
2801 32805428 m2 2149249 -0.000877414015 0.200000003 p1 71899 8
1109 32805465 m2 882920 -0.00247714017 0.200000003 p1 71901 8
4417 32805569 m2 3374110 -1.16694064e-05 0.200000003 p1 71904 8
4067 32805656 m2 3136299 -0.00206792797 0.200000003 p1 71907 8
2299 32805690 m2 1775304 -0.00175780256 0.200000003 p1 71908 8
4043 32805800 m2 3121708 -5.24537099e-05 0.200000003 p1 71911 8
4167 32805877 m2 3205512 -2.38968164e-06 0.200000003 p1 71914 8
594 32805974 m2 464224 -0.00119068043 0.200000003 p1 71916 8
3661 32806384 m2 2803666 -4.76692094e-06 0.200000003 p1 71930 8
1529 32806488 m2 1218140 -0.00109046279 0.200000003 p1 71933 8
2672 32806659 m2 2051238 -0.000101643061 0.200000003 p1 71938 8
2723 32806791 m2 2087101 -0.00531730149 0.200000003 p1 71942 8
5322 32806795 m2 4089945 -8.2341161e-05 0.200000003 p1 71942 8
846 32807113 m2 674467 -0.000207017307 0.200000003 p1 71954 8
5125 32807229 m2 3936087 -0.0013987812 0.200000003 p1 71958 8
1474 32807253 m2 1176345 -3.26689769e-06 0.200000003 p1 71959 8
2964 32807662 m2 2263576 -6.07050367e-07 0.200000003 p1 71973 8
3865 32807903 m2 2977237 -0.00526187057 0.200000003 p1 71980 8
162 32807992 m2 121356 -0.000123383463 0.200000003 p1 71983 8
2367 32808110 m2 1822240 -0.00628979411 0.200000003 p1 71987 8
4962 32808146 m2 3814170 -0.000645785243 0.200000003 p1 71988 8
4334 32808379 m2 3323270 -0.00051864906 0.200000003 p1 71996 8
3058 32808514 m2 2344772 -7.7369823e-06 0.200000003 p1 72001 8
1879 32808752 m2 1479864 -0.000228441393 0.200000003 p1 72009 8
3011 32809640 m2 2301343 -2.95464452e-11 0.200000003 p1 72036 8
4533 32809702 m2 3458806 -6.33561376e-06 0.200000003 p1 72039 8
2674 32809772 m2 2053593 -0.0288353916 0.200000003 p1 72041 8
3257 32810204 m2 2482950 -2.50643097e-06 0.200000003 p1 72057 8
2007 32810268 m2 1573616 -0.00898933597 0.200000003 p1 72060 8
4594 32810353 m2 3508188 -0.00156983756 0.200000003 p1 72062 8
4132 32810466 m2 3184853 -0.000558762462 0.200000003 p1 72066 8
252 32810764 m2 192374 -0.000380321202 0.200000003 p1 72077 8
3760 32810805 m2 2887979 -0.0410570465 0.200000003 p1 72078 8
2273 32810965 m2 1754174 -9.33609772e-05 0.200000003 p1 72084 8
16 32811074 m2 14508 -0.00337261474 0.200000003 p1 72088 8
6252 32811471 m2 4800206 -0.00922750216 0.200000003 p1 72101 8
2955 32811814 m2 2258235 -0.00105899584 0.200000003 p1 72113 8
3849 32811982 m2 2959646 -0.0134493057 0.200000003 p1 72118 8
5109 32812155 m2 3924888 -0.00123543863 0.200000003 p1 72125 8
5844 32812203 m2 4485591 -3.63738691e-05 0.200000003 p1 72127 8
5189 32812286 m2 3988439 -4.15194772e-05 0.200000003 p1 72130 8
3227 32812351 m2 2464449 -9.23431799e-05 0.200000003 p1 72133 8
2609 32812812 m2 2007448 -0.00169529615 0.200000003 p1 72152 8
5386 32813085 m2 4135854 -5.24595789e-09 0.200000003 p1 72162 8
2232 32813510 m2 1725623 -0.000373769813 0.200000003 p1 72179 8
2388 32813538 m2 1836916 -0.000364529435 0.200000003 p1 72180 8
4797 32813600 m2 3686416 -0.00187056465 0.200000003 p1 72183 8
4531 32813791 m2 3458434 -0.00206059916 0.200000003 p1 72190 8
3629 32813916 m2 2776952 -1.81566318e-08 0.200000003 p1 72195 8
6123 32814059 m2 4699815 -0.00131384248 0.200000003 p1 72201 8
2013 32814204 m2 1576861 -0.00397710782 0.200000003 p1 72207 8
325 32814527 m2 249701 -0.00453386083 0.200000003 p1 72220 8
1608 32815081 m2 1276198 -0.00989657175 0.200000003 p1 72242 8
1485 32815088 m2 1186836 -0.000635492033 0.200000003 p1 72242 8
5878 32815099 m2 4505957 -0.00574460346 0.200000003 p1 72243 8
342 32815164 m3 260844 0.00371075608 0.5 p1 72245 8
4870 32815461 m2 3741310 -0.027477337 0.200000003 p1 72257 8
1472 32815477 m2 1175127 -0.00276766438 0.200000003 p1 72259 8
12 32815682 m2 13290 -7.03698322e-10 0.200000003 p1 72267 8
6242 32815751 m2 4793664 -0.00448763929 0.200000003 p1 72269 8
5104 32815882 m2 3920430 -0.000255121471 0.200000003 p1 72274 8
4188 32816452 m2 3218581 -0.000773978943 0.200000003 p1 72296 8
426 32816534 m2 325185 -0.0205432437 0.200000003 p1 72300 8
441 32816558 m2 343593 -0.00117904332 0.200000003 p1 72301 8
4011 32816844 m2 3098512 -1.15543457e-10 0.200000003 p1 72312 8
2969 32816902 m2 2269947 -2.8331684e-05 0.200000003 p1 72315 8
2282 32816956 m2 1760747 -1.61759926e-05 0.200000003 p1 72317 8
2154 32817255 m2 1669274 -0.00109582499 0.200000003 p1 72328 8
2660 32817349 m2 2045492 -0.00779200764 0.200000003 p1 72332 8
1349 32817441 m2 1078790 -1.26073276e-08 0.200000003 p1 72335 8
2427 32817455 m2 1873453 -3.62340916e-06 0.200000003 p1 72336 8
4888 32817456 m2 3761463 -0.00277822139 0.200000003 p1 72336 8
65 32817463 m2 52386 -0.000644313637 0.200000003 p1 72336 8
616 32817631 m2 485224 -0.00463211024 0.200000003 p1 72343 8
302 32817662 m2 234300 -0.00511309598 0.200000003 p1 72345 8
2556 32817671 m2 1967156 -0.00535967015 0.200000003 p1 72345 8
2093 32817980 m2 1628512 -0.000189969112 0.200000003 p1 72358 8
5723 32818077 m2 4397504 -0.000632495678 0.200000003 p1 72363 8
367 32818110 m3 281031 0.00103253836 0.5 p1 72364 8
6395 32818163 m2 4911728 -0.00154829037 0.200000003 p1 72366 8
1994 32818608 m2 1565512 -0.00711491378 0.200000003 p1 72386 8
4406 32818750 m2 3364891 -0.000109145469 0.200000003 p1 72392 8
401 32819046 m2 306808 -2.04084916e-10 0.200000003 p1 72405 8
307 32819100 m2 237573 -0.000345423265 0.200000003 p1 72407 8
3574 32819463 m2 2729425 -0.000427830761 0.200000003 p1 72423 8
177 32819588 m2 134540 -0.0295558888 0.200000003 p1 72427 8
580 32819794 m2 454693 -0.00407925434 0.200000003 p1 72437 8
5658 32819803 m2 4344251 -0.0146869598 0.200000003 p1 72438 8
2181 32819934 m2 1696195 -0.00657690456 0.200000003 p1 72444 8
465 32820049 m2 358362 -0.0755134821 0.200000003 p1 72451 8
4760 32820157 m2 3650541 -0.0111930817 0.200000003 p1 72457 8
2985 32820399 m2 2280791 -2.08517667e-06 0.200000003 p1 72469 8
4194 32820743 m2 3223738 -0.0213681944 0.200000003 p1 72484 8
5043 32821011 m2 3869529 -3.84167652e-05 0.200000003 p1 72495 8
1813 32821112 m2 1429960 -0.00288428832 0.200000003 p1 72499 8
4318 32821166 m2 3312518 -1.48974365e-07 0.200000003 p1 72501 8
2196 32821384 m2 1702471 -0.00904565491 0.200000003 p1 72510 8
4545 32821449 m2 3468745 -0.00198899163 0.200000003 p1 72513 8
945 32821693 m2 757179 -8.30417457e-10 0.200000003 p1 72524 8
3941 32821856 m2 3033865 -0.00226739957 0.200000003 p1 72531 8
4197 32822023 m2 3226920 -3.51024482e-07 0.200000003 p1 72538 8
4328 32822166 m2 3319212 -0.00576592004 0.200000003 p1 72545 8
2858 32822331 m2 2191472 -0.00233559497 0.200000003 p1 72554 8
9 32822361 m2 8135 -1.97553845e-06 0.200000003 p1 72556 8
3429 32822371 m2 2611205 -0.00105518696 0.200000003 p1 72556 8
4806 32822560 m2 3695588 -0.0042766002 0.200000003 p1 72566 8
853 32822777 m2 681026 -0.000507182674 0.200000003 p1 72576 8
2291 32822841 m2 1770011 -0.0048405854 0.200000003 p1 72578 8
3319 32822907 m2 2534094 -0.0161646716 0.200000003 p1 72581 8
1582 32822943 m2 1259732 -0.0743501112 0.200000003 p1 72583 8
4315 32822981 m2 3312033 -0.00814420916 0.200000003 p1 72585 8
953 32823033 m2 761451 -0.0032140296 0.200000003 p1 72587 8
6188 32823044 m2 4746693 -1.38520434e-07 0.200000003 p1 72587 8
3307 32823235 m2 2525771 -0.00194658979 0.200000003 p1 72597 8
1693 32823489 m2 1342803 -2.43788782e-05 0.200000003 p1 72611 8
1001 32823806 m2 795660 -0.00160211464 0.200000003 p1 72628 8
5216 32823917 m2 4006020 -0.0155787459 0.200000003 p1 72635 8
3664 32823938 m2 2807705 -1.51019375e-08 0.200000003 p1 72637 8
4397 32823955 m2 3359873 -0.0202958155 0.200000003 p1 72638 8
642 32823968 m2 509015 -0.033440195 0.200000003 p1 72639 8
4248 32824099 m2 3268304 -0.00897626858 0.200000003 p1 72648 8
2136 32824373 m2 1660906 -0.000507153454 0.200000003 p1 72662 8
737 32824666 m2 576440 -0.00206032838 0.200000003 p1 72681 8
2642 32824667 m2 2028288 -5.40391193e-05 0.200000003 p1 72681 8
3049 32824668 m2 2332879 -2.9845216e-05 0.200000003 p1 72681 8
6372 32824678 m2 4889075 -0.0112824533 0.200000003 p1 72682 8
1679 32824703 m2 1328897 -0.0110940561 0.200000003 p1 72683 8
2138 32824828 m2 1661756 -2.05746389e-08 0.200000003 p1 72691 8
2850 32824993 m2 2184644 -0.00119077135 0.200000003 p1 72701 8
2467 32825383 m2 1902981 -1.23661359e-11 0.200000003 p1 72725 8
5779 32825406 m2 4441348 -0.000388100976 0.200000003 p1 72726 8
3506 32825490 m2 2674267 -0.002750271 0.200000003 p1 72732 8
5311 32825628 m2 4082551 -0.000385955791 0.200000003 p1 72740 8
4284 32825697 m2 3289939 -0.0197245348 0.200000003 p1 72745 8
3862 32826060 m2 2969866 -0.00186349906 0.200000003 p1 72769 8
4241 32826124 m2 3263117 -3.8486715e-07 0.200000003 p1 72772 8
1549 32826228 m2 1236763 -8.54271348e-05 0.200000003 p1 72777 8
5632 32826292 m2 4316494 -0.0191087686 0.200000003 p1 72781 8
5135 32826363 m2 3942140 -4.03473969e-05 0.200000003 p1 72786 8
3508 32826410 m2 2674816 -0.0165631734 0.200000003 p1 72788 8
4386 32826443 m2 3354403 -0.00498374086 0.200000003 p1 72791 8
774 32826533 m2 611943 -0.042912472 0.200000003 p1 72796 8
2432 32826629 m2 1875551 -0.00358177279 0.200000003 p1 72802 8
4412 32826744 m2 3368215 -0.000267942873 0.200000003 p1 72810 8
6360 32826816 m2 4880703 -0.0451063775 0.200000003 p1 72814 8
3201 32826905 m2 2446948 -0.00326671847 0.200000003 p1 72820 8
5482 32826959 m2 4204299 -0.0284483861 0.200000003 p1 72825 8
3066 32827023 m2 2346717 -0.000844290655 0.200000003 p1 72829 8
37 32827182 m2 34979 -0.00123501848 0.200000003 p1 72842 8
6083 32827621 m2 4670163 -4.17451411e-05 0.200000003 p1 72874 8
2769 32827723 m2 2127207 -0.000510933634 0.200000003 p1 72882 8
4913 32827893 m2 3777733 -0.00639911741 0.200000003 p1 72896 8
5683 32827898 m2 4360759 -0.0318086445 0.200000003 p1 72896 8
1263 32827921 m2 1009345 -0.000206455021 0.200000003 p1 72898 8
5968 32828025 m2 4575028 -0.00115639286 0.200000003 p1 72905 8
2677 32828090 m2 2055816 -0.0499662347 0.200000003 p1 72911 8
5908 32828170 m2 4532581 -0.0964802504 0.200000003 p1 72919 8
6396 32828249 m2 4911904 -0.00222700881 0.200000003 p1 72927 8
2604 32828320 m2 2000804 -0.0026563853 0.200000003 p1 72934 8
5768 32828330 m2 4432386 -1.27410976e-06 0.200000003 p1 72934 8
4370 32828338 m2 3346111 -0.00768677006 0.200000003 p1 72935 8
808 32828524 m2 641362 -0.0956907347 0.200000003 p1 72951 8
4609 32828566 m2 3519971 -5.16355476e-06 0.200000003 p1 72955 8
6376 32828597 m2 4894513 -1.43998986e-05 0.200000003 p1 72957 8
3024 32828604 m2 2312763 -2.65141313e-08 0.200000003 p1 72958 8
3389 32828617 m2 2581489 -0.016337093 0.200000003 p1 72959 8
391 32828648 m2 297086 -0.0566674583 0.200000003 p1 72961 8
3709 32828670 m2 2846987 -0.000479570794 0.200000003 p1 72964 8
2368 32828696 m2 1822624 -0.000486213976 0.200000003 p1 72966 8
2127 32828717 m2 1651754 -0.00540344464 0.200000003 p1 72968 8
6201 32828939 m2 4755982 -1.87871374e-05 0.200000003 p1 72989 8
1507 32828967 m2 1201300 -6.98043323e-06 0.200000003 p1 72992 8
5773 32829008 m2 4438399 -0.0273023155 0.200000003 p1 72996 8
4389 32829036 m2 3356170 -8.53901292e-05 0.200000003 p1 72999 8
5650 32829073 m2 4331693 -2.52967607e-06 0.200000003 p1 73002 8
6280 32829106 m2 4821991 -4.9399885e-05 0.200000003 p1 73006 8
5403 32829194 m2 4151654 -0.0132004218 0.200000003 p1 73015 8
4575 32829196 m2 3496711 -0.00086625613 0.200000003 p1 73015 8
1536 32829236 m2 1226420 -0.00144219853 0.200000003 p1 73019 5
2884 32829258 m2 2210670 -9.418373e-07 0.200000003 p1 73021 8
1678 32829327 m2 1328867 -0.0197440796 0.200000003 p1 73027 8
6547 32829343 m2 4811783 -0.0229334719 0.200000003 p1 73029 2
2551 32829400 m2 1963681 -0.0667971447 0.200000003 p1 73035 8
406 32829409 m2 308952 -0.000952250033 0.200000003 p1 73037 8
578 32829447 m2 454208 -0.00027285816 0.200000003 p1 73041 8
5657 32829452 m2 4342349 -0.00425030198 0.200000003 p1 73042 3
197 32829476 m2 148176 -0.0178569499 0.200000003 p1 73044 8
6549 32829572 m2 768683 -0.00951744895 0.200000003 p1 73054 2
6558 32829581 m2 2806976 -0.00971909612 0.200000003 p1 73054 2
2655 32829596 m2 2040686 -1.63926688e-05 0.200000003 p1 73056 7
3719 32829597 m2 2852468 -0.00151518045 0.200000003 p1 73056 6
1668 32829604 m2 1324290 -0.113198727 0.200000003 p1 73058 3
941 32829605 m2 755973 -0.0329284854 0.200000003 p1 73058 4
4730 32829606 m2 3631408 -0.0029138492 0.200000003 p1 73058 4
6560 32829611 m2 3110789 -4.76892528e-05 0.200000003 p1 73059 1
6545 32829636 m2 4132919 -1.61063235e-05 0.200000003 p1 73063 3
6546 32829637 m2 4795215 -0.018876832 0.200000003 p1 73063 2
6554 32829665 m2 3324596 -0.00771443406 0.200000003 p1 73067 1
6551 32829683 m2 3104469 -3.10194105e-06 0.200000003 p1 73070 1
6550 32829703 m2 2936745 -0.00268521626 0.200000003 p1 73073 1
6557 32829711 m2 2432670 -0.0126847066 0.200000003 p1 73074 1
6548 32829712 m2 329638 -0.113037765 0.200000003 p1 73074 1
6552 32829725 m2 1992056 -0.0324241892 0.200000003 p1 73075 1
346 32829726 m2 263534 -0.0116023738 0.200000003 p1 73075 2
6556 32829739 m2 1689916 -0.146949321 0.200000003 p1 73076 1
6561 32829740 m2 3357533 -0.00508732256 0.200000003 p1 73076 1
6555 32829744 m2 458510 -1.2900402e-05 0.200000003 p1 73077 1
6553 32829750 m2 2679567 -5.03428055e-05 0.200000003 p1 73078 1
6559 32829755 m2 1297897 -4.16933945e-05 0.200000003 p1 73078 1
Individuals:
p1:i0 H p1:0 p1:1 4
p1:i1 H p1:2 p1:3 1
p1:i2 H p1:4 p1:5 1
p1:i3 H p1:6 p1:7 0
Genomes:
p1:0 A 0 1 2 3 4 5 6 7 8 9 10 11 12 13 14 15 16 17 18 19 20 21 22 23 24 25 26 27 28 29 30 31 32 33 34 35 36 37 38 39 40 41 42 43 44 45 46 47 48 49 50 51 52 53 54 55 56 57 58 59 60 61 62 63 64 65 66 67 68 69 70 71 72 73 74 75 76 77 78 79 80 81 82 83 84 85 86 87 88 89 90 91 92 93 94 95 96 97 98 99 100 101 102 103 104 105 106 107 108 109 110 111 112 113 114 115 116 117 118 119 120 121 122 123 124 125 126 127 128 129 130 131 132 133 134 135 136 137 138 139 140 141 142 143 144 145 146 147 148 149 150 151 152 153 154 155 156 157 158 159 160 161 162 163 164 165 166 167 168 169 170 171 172 173 174 175 176 177 178 179 180 181 182 183 184 185 186 187 188 189 190 191 192 193 194 195 196 197 198 199 200 201 202 203 204 205 206 207 208 209 210 211 212 213 214 215 216 217 218 219 220 221 222 223 224 225 226 227 228 229 230 231 232 233 234 235 236 237 238 239 240 241 242 243 244 245 246 247 248 249 250 251 252 253 254 255 256 257 258 259 260 261 262 263 264 265 266 267 268 269 270 271 272 273 274 275 276 277 278 279 280 281 282 283 284 285 286 287 288 289 290 291 292 293 294 295 296 297 298 299 300 301 302 303 304 305 306 307 308 309 310 311 312 313 314 315 316 317 318 319 320 321 322 323 324 325 326 327 328 329 330 331 332 333 334 335 336 337 338 339 340 341 342 343 344 345 346 347 348 349 350 351 352 353 354 355 356 357 358 359 360 361 362 363 364 365 366 367 368 369 370 371 372 373 374 375 376 377 378 379 380 381 382 383 384 385 386 387 388 389 390 391 392 393 394 395 396 397 398 399 400 401 402 403 404 405 406 407 408 409 410 411 412 413 414 415 416 417 418 419 420 421 422 423 424 425 426 427 428 429 430 431 432 433 434 435 436 437 438 439 440 441 442 443 444 445 446 447 448 449 450 451 452 453 454 455 456 457 458 459 460 461 462 463 464 465 466 467 468 469 470 471 472 473 474 475 476 477 478 479 480 481 482 483 484 485 486 487 488 489 490 491 492 493 494 495 496 497 498 499 500 501 502 503 504 505 506 507 508 509 510 511 512 513 514 515 516 517 518 519 520 521 522 523 524 525 526 527 528 529 530 531 532 533 534 535 536 537 538 539 540 541 542 543 544 545 546 547 548 549 550 551 552 553 554 555 556 557 558 559 560 561 562 563 564 565 566 567 568 569 570 571 572 573 574 575 576 577 578 579 580 581 582 583 584 585 586 587 588 589 590 591 592 593 594 595 596 597 598 599 600 601 602 603 604 605 606 607 608 609 610 611 612 613 614 615 616 617 618 619 620 621 622 623 624 625 626 627 628 629 630 631 632 633 634 635 636 637 638 639 640 641 642 643 644 645 646 647 648 649 650 651 652 653 654 655 656 657 658 659 660 661 662 663 664 665 666 667 668 669 670 671 672 673 674 675 676 677 678 679 680 681 682 683 684 685 686 687 688 689 690 691 692 693 694 695 696 697 698 699 700 701 702 703 704 705 706 707 708 709 710 711 712 713 714 715 716 717 718 719 720 721 722 723 724 725 726 727 728 729 730 731 732 733 734 735 736 737 738 739 740 741 742 743 744 745 746 747 748 749 750 751 752 753 754 755 756 757 758 759 760 761 762 763 764 765 766 767 768 769 770 771 772 773 774 775 776 777 778 779 780 781 782 783 784 785 786 787 788 789 790 791 792 793 794 795 796 797 798 799 800 801 802 803 804 805 806 807 808 809 810 811 812 813 814 815 816 817 818 819 820 821 822 823 824 825 826 827 828 829 830 831 832 833 834 835 836 837 838 839 840 841 842 843 844 845 846 847 848 849 850 851 852 853 854 855 856 857 858 859 860 861 862 863 864 865 866 867 868 869 870 871 872 873 874 875 876 877 878 879 880 881 882 883 884 885 886 887 888 889 890 891 892 893 894 895 896 897 898 899 900 901 902 903 904 905 906 907 908 909 910 911 912 913 914 915 916 917 918 919 920 921 922 923 924 925 926 927 928 929 930 931 932 933 934 935 936 937 938 939 940 941 942 943 944 945 946 947 948 949 950 951 952 953 954 955 956 957 958 959 960 961 962 963 964 965 966 967 968 969 970 971 972 973 974 975 976 977 978 979 980 981 982 983 984 985 986 987 988 989 990 991 992 993 994 995 996 997 998 999 1000 1001 1002 1003 1004 1005 1006 1007 1008 1009 1010 1011 1012 1013 1014 1015 1016 1017 1018 1019 1020 1021 1022 1023 1024 1025 1026 1027 1028 1029 1030 1031 1032 1033 1034 1035 1036 1037 1038 1039 1040 1041 1042 1043 1044 1045 1046 1047 1048 1049 1050 1051 1052 1053 1054 1055 1056 1057 1058 1059 1060 1061 1062 1063 1064 1065 1066 1067 1068 1069 1070 1071 1072 1073 1074 1075 1076 1077 1078 1079 1080 1081 1082 1083 1084 1085 1086 1087 1088 1089 1090 1091 1092 1093 1094 1095 1096 1097 1098 1099 1100 1101 1102 1103 1104 1105 1106 1107 1108 1109 1110 1111 1112 1113 1114 1115 1116 1117 1118 1119 1120 1121 1122 1123 1124 1125 1126 1127 1128 1129 1130 1131 1132 1133 1134 1135 1136 1137 1138 1139 1140 1141 1142 1143 1144 1145 1146 1147 1148 1149 1150 1151 1152 1153 1154 1155 1156 1157 1158 1159 1160 1161 1162 1163 1164 1165 1166 1167 1168 1169 1170 1171 1172 1173 1174 1175 1176 1177 1178 1179 1180 1181 1182 1183 1184 1185 1186 1187 1188 1189 1190 1191 1192 1193 1194 1195 1196 1197 1198 1199 1200 1201 1202 1203 1204 1205 1206 1207 1208 1209 1210 1211 1212 1213 1214 1215 1216 1217 1218 1219 1220 1221 1222 1223 1224 1225 1226 1227 1228 1229 1230 1231 1232 1233 1234 1235 1236 1237 1238 1239 1240 1241 1242 1243 1244 1245 1246 1247 1248 1249 1250 1251 1252 1253 1254 1255 1256 1257 1258 1259 1260 1261 1262 1263 1264 1265 1266 1267 1268 1269 1270 1271 1272 1273 1274 1275 1276 1277 1278 1279 1280 1281 1282 1283 1284 1285 1286 1287 1288 1289 1290 1291 1292 1293 1294 1295 1296 1297 1298 1299 1300 1301 1302 1303 1304 1305 1306 1307 1308 1309 1310 1311 1312 1313 1314 1315 1316 1317 1318 1319 1320 1321 1322 1323 1324 1325 1326 1327 1328 1329 1330 1331 1332 1333 1334 1335 1336 1337 1338 1339 1340 1341 1342 1343 1344 1345 1346 1347 1348 1349 1350 1351 1352 1353 1354 1355 1356 1357 1358 1359 1360 1361 1362 1363 1364 1365 1366 1367 1368 1369 1370 1371 1372 1373 1374 1375 1376 1377 1378 1379 1380 1381 1382 1383 1384 1385 1386 1387 1388 1389 1390 1391 1392 1393 1394 1395 1396 1397 1398 1399 1400 1401 1402 1403 1404 1405 1406 1407 1408 1409 1410 1411 1412 1413 1414 1415 1416 1417 1418 1419 1420 1421 1422 1423 1424 1425 1426 1427 1428 1429 1430 1431 1432 1433 1434 1435 1436 1437 1438 1439 1440 1441 1442 1443 1444 1445 1446 1447 1448 1449 1450 1451 1452 1453 1454 1455 1456 1457 1458 1459 1460 1461 1462 1463 1464 1465 1466 1467 1468 1469 1470 1471 1472 1473 1474 1475 1476 1477 1478 1479 1480 1481 1482 1483 1484 1485 1486 1487 1488 1489 1490 1491 1492 1493 1494 1495 1496 1497 1498 1499 1500 1501 1502 1503 1504 1505 1506 1507 1508 1509 1510 1511 1512 1513 1514 1515 1516 1517 1518 1519 1520 1521 1522 1523 1524 1525 1526 1527 1528 1529 1530 1531 1532 1533 1534 1535 1536 1537 1538 1539 1540 1541 1542 1543 1544 1545 1546 1547 1548 1549 1550 1551 1552 1553 1554 1555 1556 1557 1558 1559 1560 1561 1562 1563 1564 1565 1566 1567 1568 1569 1570 1571 1572 1573 1574 1575 1576 1577 1578 1579 1580 1581 1582 1583 1584 1585 1586 1587 1588 1589 1590 1591 1592 1593 1594 1595 1596 1597 1598 1599 1600 1601 1602 1603 1604 1605 1606 1607 1608 1609 1610 1611 1612 1613 1614 1615 1616 1617 1618 1619 1620 1621 1622 1623 1624 1625 1626 1627 1628 1629 1630 1631 1632 1633 1634 1635 1636 1637 1638 1639 1640 1641 1642 1643 1644 1645 1646 1647 1648 1649 1650 1651 1652 1653 1654 1655 1656 1657 1658 1659 1660 1661 1662 1663 1664 1665 1666 1667 1668 1669 1670 1671 1672 1673 1674 1675 1676 1677 1678 1679 1680 1681 1682 1683 1684 1685 1686 1687 1688 1689 1690 1691 1692 1693 1694 1695 1696 1697 1698 1699 1700 1701 1702 1703 1704 1705 1706 1707 1708 1709 1710 1711 1712 1713 1714 1715 1716 1717 1718 1719 1720 1721 1722 1723 1724 1725 1726 1727 1728 1729 1730 1731 1732 1733 1734 1735 1736 1737 1738 1739 1740 1741 1742 1743 1744 1745 1746 1747 1748 1749 1750 1751 1752 1753 1754 1755 1756 1757 1758 1759 1760 1761 1762 1763 1764 1765 1766 1767 1768 1769 1770 1771 1772 1773 1774 1775 1776 1777 1778 1779 1780 1781 1782 1783 1784 1785 1786 1787 1788 1789 1790 1791 1792 1793 1794 1795 1796 1797 1798 1799 1800 1801 1802 1803 1804 1805 1806 1807 1808 1809 1810 1811 1812 1813 1814 1815 1816 1817 1818 1819 1820 1821 1822 1823 1824 1825 1826 1827 1828 1829 1830 1831 1832 1833 1834 1835 1836 1837 1838 1839 1840 1841 1842 1843 1844 1845 1846 1847 1848 1849 1850 1851 1852 1853 1854 1855 1856 1857 1858 1859 1860 1861 1862 1863 1864 1865 1866 1867 1868 1869 1870 1871 1872 1873 1874 1875 1876 1877 1878 1879 1880 1881 1882 1883 1884 1885 1886 1887 1888 1889 1890 1891 1892 1893 1894 1895 1896 1897 1898 1899 1900 1901 1902 1903 1904 1905 1906 1907 1908 1909 1910 1911 1912 1913 1914 1915 1916 1917 1918 1919 1920 1921 1922 1923 1924 1925 1926 1927 1928 1929 1930 1931 1932 1933 1934 1935 1936 1937 1938 1939 1940 1941 1942 1943 1944 1945 1946 1947 1948 1949 1950 1951 1952 1953 1954 1955 1956 1957 1958 1959 1960 1961 1962 1963 1964 1965 1966 1967 1968 1969 1970 1971 1972 1973 1974 1975 1976 1977 1978 1979 1980 1981 1982 1983 1984 1985 1986 1987 1988 1989 1990 1991 1992 1993 1994 1995 1996 1997 1998 1999 2000 2001 2002 2003 2004 2005 2006 2007 2008 2009 2010 2011 2012 2013 2014 2015 2016 2017 2018 2019 2020 2021 2022 2023 2024 2025 2026 2027 2028 2029 2030 2031 2032 2033 2034 2035 2036 2037 2038 2039 2040 2041 2042 2043 2044 2045 2046 2047 2048 2049 2050 2051 2052 2053 2054 2055 2056 2057 2058 2059 2060 2061 2062 2063 2064 2065 2066 2067 2068 2069 2070 2071 2072 2073 2074 2075 2076 2077 2078 2079 2080 2081 2082 2083 2084 2085 2086 2087 2088 2089 2090 2091 2092 2093 2094 2095 2096 2097 2098 2099 2100 2101 2102 2103 2104 2105 2106 2107 2108 2109 2110 2111 2112 2113 2114 2115 2116 2117 2118 2119 2120 2121 2122 2123 2124 2125 2126 2127 2128 2129 2130 2131 2132 2133 2134 2135 2136 2137 2138 2139 2140 2141 2142 2143 2144 2145 2146 2147 2148 2149 2150 2151 2152 2153 2154 2155 2156 2157 2158 2159 2160 2161 2162 2163 2164 2165 2166 2167 2168 2169 2170 2171 2172 2173 2174 2175 2176 2177 2178 2179 2180 2181 2182 2183 2184 2185 2186 2187 2188 2189 2190 2191 2192 2193 2194 2195 2196 2197 2198 2199 2200 2201 2202 2203 2204 2205 2206 2207 2208 2209 2210 2211 2212 2213 2214 2215 2216 2217 2218 2219 2220 2221 2222 2223 2224 2225 2226 2227 2228 2229 2230 2231 2232 2233 2234 2235 2236 2237 2238 2239 2240 2241 2242 2243 2244 2245 2246 2247 2248 2249 2250 2251 2252 2253 2254 2255 2256 2257 2258 2259 2260 2261 2262 2263 2264 2265 2266 2267 2268 2269 2270 2271 2272 2273 2274 2275 2276 2277 2278 2279 2280 2281 2282 2283 2284 2285 2286 2287 2288 2289 2290 2291 2292 2293 2294 2295 2296 2297 2298 2299 2300 2301 2302 2303 2304 2305 2306 2307 2308 2309 2310 2311 2312 2313 2314 2315 2316 2317 2318 2319 2320 2321 2322 2323 2324 2325 2326 2327 2328 2329 2330 2331 2332 2333 2334 2335 2336 2337 2338 2339 2340 2341 2342 2343 2344 2345 2346 2347 2348 2349 2350 2351 2352 2353 2354 2355 2356 2357 2358 2359 2360 2361 2362 2363 2364 2365 2366 2367 2368 2369 2370 2371 2372 2373 2374 2375 2376 2377 2378 2379 2380 2381 2382 2383 2384 2385 2386 2387 2388 2389 2390 2391 2392 2393 2394 2395 2396 2397 2398 2399 2400 2401 2402 2403 2404 2405 2406 2407 2408 2409 2410 2411 2412 2413 2414 2415 2416 2417 2418 2419 2420 2421 2422 2423 2424 2425 2426 2427 2428 2429 2430 2431 2432 2433 2434 2435 2436 2437 2438 2439 2440 2441 2442 2443 2444 2445 2446 2447 2448 2449 2450 2451 2452 2453 2454 2455 2456 2457 2458 2459 2460 2461 2462 2463 2464 2465 2466 2467 2468 2469 2470 2471 2472 2473 2474 2475 2476 2477 2478 2479 2480 2481 2482 2483 2484 2485 2486 2487 2488 2489 2490 2491 2492 2493 2494 2495 2496 2497 2498 2499 2500 2501 2502 2503 2504 2505 2506 2507 2508 2509 2510 2511 2512 2513 2514 2515 2516 2517 2518 2519 2520 2521 2522 2523 2524 2525 2526 2527 2528 2529 2530 2531 2532 2533 2534 2535 2536 2537 2538 2539 2540 2541 2542 2543 2544 2545 2546 2547 2548 2549 2550 2551 2552 2553 2554 2555 2556 2557 2558 2559 2560 2561 2562 2563 2564 2565 2566 2567 2568 2569 2570 2571 2572 2573 2574 2575 2576 2577 2578 2579 2580 2581 2582 2583 2584 2585 2586 2587 2588 2589 2590 2591 2592 2593 2594 2595 2596 2597 2598 2599 2600 2601 2602 2603 2604 2605 2606 2607 2608 2609 2610 2611 2612 2613 2614 2615 2616 2617 2618 2619 2620 2621 2622 2623 2624 2625 2626 2627 2628 2629 2630 2631 2632 2633 2634 2635 2636 2637 2638 2639 2640 2641 2642 2643 2644 2645 2646 2647 2648 2649 2650 2651 2652 2653 2654 2655 2656 2657 2658 2659 2660 2661 2662 2663 2664 2665 2666 2667 2668 2669 2670 2671 2672 2673 2674 2675 2676 2677 2678 2679 2680 2681 2682 2683 2684 2685 2686 2687 2688 2689 2690 2691 2692 2693 2694 2695 2696 2697 2698 2699 2700 2701 2702 2703 2704 2705 2706 2707 2708 2709 2710 2711 2712 2713 2714 2715 2716 2717 2718 2719 2720 2721 2722 2723 2724 2725 2726 2727 2728 2729 2730 2731 2732 2733 2734 2735 2736 2737 2738 2739 2740 2741 2742 2743 2744 2745 2746 2747 2748 2749 2750 2751 2752 2753 2754 2755 2756 2757 2758 2759 2760 2761 2762 2763 2764 2765 2766 2767 2768 2769 2770 2771 2772 2773 2774 2775 2776 2777 2778 2779 2780 2781 2782 2783 2784 2785 2786 2787 2788 2789 2790 2791 2792 2793 2794 2795 2796 2797 2798 2799 2800 2801 2802 2803 2804 2805 2806 2807 2808 2809 2810 2811 2812 2813 2814 2815 2816 2817 2818 2819 2820 2821 2822 2823 2824 2825 2826 2827 2828 2829 2830 2831 2832 2833 2834 2835 2836 2837 2838 2839 2840 2841 2842 2843 2844 2845 2846 2847 2848 2849 2850 2851 2852 2853 2854 2855 2856 2857 2858 2859 2860 2861 2862 2863 2864 2865 2866 2867 2868 2869 2870 2871 2872 2873 2874 2875 2876 2877 2878 2879 2880 2881 2882 2883 2884 2885 2886 2887 2888 2889 2890 2891 2892 2893 2894 2895 2896 2897 2898 2899 2900 2901 2902 2903 2904 2905 2906 2907 2908 2909 2910 2911 2912 2913 2914 2915 2916 2917 2918 2919 2920 2921 2922 2923 2924 2925 2926 2927 2928 2929 2930 2931 2932 2933 2934 2935 2936 2937 2938 2939 2940 2941 2942 2943 2944 2945 2946 2947 2948 2949 2950 2951 2952 2953 2954 2955 2956 2957 2958 2959 2960 2961 2962 2963 2964 2965 2966 2967 2968 2969 2970 2971 2972 2973 2974 2975 2976 2977 2978 2979 2980 2981 2982 2983 2984 2985 2986 2987 2988 2989 2990 2991 2992 2993 2994 2995 2996 2997 2998 2999 3000 3001 3002 3003 3004 3005 3006 3007 3008 3009 3010 3011 3012 3013 3014 3015 3016 3017 3018 3019 3020 3021 3022 3023 3024 3025 3026 3027 3028 3029 3030 3031 3032 3033 3034 3035 3036 3037 3038 3039 3040 3041 3042 3043 3044 3045 3046 3047 3048 3049 3050 3051 3052 3053 3054 3055 3056 3057 3058 3059 3060 3061 3062 3063 3064 3065 3066 3067 3068 3069 3070 3071 3072 3073 3074 3075 3076 3077 3078 3079 3080 3081 3082 3083 3084 3085 3086 3087 3088 3089 3090 3091 3092 3093 3094 3095 3096 3097 3098 3099 3100 3101 3102 3103 3104 3105 3106 3107 3108 3109 3110 3111 3112 3113 3114 3115 3116 3117 3118 3119 3120 3121 3122 3123 3124 3125 3126 3127 3128 3129 3130 3131 3132 3133 3134 3135 3136 3137 3138 3139 3140 3141 3142 3143 3144 3145 3146 3147 3148 3149 3150 3151 3152 3153 3154 3155 3156 3157 3158 3159 3160 3161 3162 3163 3164 3165 3166 3167 3168 3169 3170 3171 3172 3173 3174 3175 3176 3177 3178 3179 3180 3181 3182 3183 3184 3185 3186 3187 3188 3189 3190 3191 3192 3193 3194 3195 3196 3197 3198 3199 3200 3201 3202 3203 3204 3205 3206 3207 3208 3209 3210 3211 3212 3213 3214 3215 3216 3217 3218 3219 3220 3221 3222 3223 3224 3225 3226 3227 3228 3229 3230 3231 3232 3233 3234 3235 3236 3237 3238 3239 3240 3241 3242 3243 3244 3245 3246 3247 3248 3249 3250 3251 3252 3253 3254 3255 3256 3257 3258 3259 3260 3261 3262 3263 3264 3265 3266 3267 3268 3269 3270 3271 3272 3273 3274 3275 3276 3277 3278 3279 3280 3281 3282 3283 3284 3285 3286 3287 3288 3289 3290 3291 3292 3293 3294 3295 3296 3297 3298 3299 3300 3301 3302 3303 3304 3305 3306 3307 3308 3309 3310 3311 3312 3313 3314 3315 3316 3317 3318 3319 3320 3321 3322 3323 3324 3325 3326 3327 3328 3329 3330 3331 3332 3333 3334 3335 3336 3337 3338 3339 3340 3341 3342 3343 3344 3345 3346 3347 3348 3349 3350 3351 3352 3353 3354 3355 3356 3357 3358 3359 3360 3361 3362 3363 3364 3365 3366 3367 3368 3369 3370 3371 3372 3373 3374 3375 3376 3377 3378 3379 3380 3381 3382 3383 3384 3385 3386 3387 3388 3389 3390 3391 3392 3393 3394 3395 3396 3397 3398 3399 3400 3401 3402 3403 3404 3405 3406 3407 3408 3409 3410 3411 3412 3413 3414 3415 3416 3417 3418 3419 3420 3421 3422 3423 3424 3425 3426 3427 3428 3429 3430 3431 3432 3433 3434 3435 3436 3437 3438 3439 3440 3441 3442 3443 3444 3445 3446 3447 3448 3449 3450 3451 3452 3453 3454 3455 3456 3457 3458 3459 3460 3461 3462 3463 3464 3465 3466 3467 3468 3469 3470 3471 3472 3473 3474 3475 3476 3477 3478 3479 3480 3481 3482 3483 3484 3485 3486 3487 3488 3489 3490 3491 3492 3493 3494 3495 3496 3497 3498 3499 3500 3501 3502 3503 3504 3505 3506 3507 3508 3509 3510 3511 3512 3513 3514 3515 3516 3517 3518 3519 3520 3521 3522 3523 3524 3525 3526 3527 3528 3529 3530 3531 3532 3533 3534 3535 3536 3537 3538 3539 3540 3541 3542 3543 3544 3545 3546 3547 3548 3549 3550 3551 3552 3553 3554 3555 3556 3557 3558 3559 3560 3561 3562 3563 3564 3565 3566 3567 3568 3569 3570 3571 3572 3573 3574 3575 3576 3577 3578 3579 3580 3581 3582 3583 3584 3585 3586 3587 3588 3589 3590 3591 3592 3593 3594 3595 3596 3597 3598 3599 3600 3601 3602 3603 3604 3605 3606 3607 3608 3609 3610 3611 3612 3613 3614 3615 3616 3617 3618 3619 3620 3621 3622 3623 3624 3625 3626 3627 3628 3629 3630 3631 3632 3633 3634 3635 3636 3637 3638 3639 3640 3641 3642 3643 3644 3645 3646 3647 3648 3649 3650 3651 3652 3653 3654 3655 3656 3657 3658 3659 3660 3661 3662 3663 3664 3665 3666 3667 3668 3669 3670 3671 3672 3673 3674 3675 3676 3677 3678 3679 3680 3681 3682 3683 3684 3685 3686 3687 3688 3689 3690 3691 3692 3693 3694 3695 3696 3697 3698 3699 3700 3701 3702 3703 3704 3705 3706 3707 3708 3709 3710 3711 3712 3713 3714 3715 3716 3717 3718 3719 3720 3721 3722 3723 3724 3725 3726 3727 3728 3729 3730 3731 3732 3733 3734 3735 3736 3737 3738 3739 3740 3741 3742 3743 3744 3745 3746 3747 3748 3749 3750 3751 3752 3753 3754 3755 3756 3757 3758 3759 3760 3761 3762 3763 3764 3765 3766 3767 3768 3769 3770 3771 3772 3773 3774 3775 3776 3777 3778 3779 3780 3781 3782 3783 3784 3785 3786 3787 3788 3789 3790 3791 3792 3793 3794 3795 3796 3797 3798 3799 3800 3801 3802 3803 3804 3805 3806 3807 3808 3809 3810 3811 3812 3813 3814 3815 3816 3817 3818 3819 3820 3821 3822 3823 3824 3825 3826 3827 3828 3829 3830 3831 3832 3833 3834 3835 3836 3837 3838 3839 3840 3841 3842 3843 3844 3845 3846 3847 3848 3849 3850 3851 3852 3853 3854 3855 3856 3857 3858 3859 3860 3861 3862 3863 3864 3865 3866 3867 3868 3869 3870 3871 3872 3873 3874 3875 3876 3877 3878 3879 3880 3881 3882 3883 3884 3885 3886 3887 3888 3889 3890 3891 3892 3893 3894 3895 3896 3897 3898 3899 3900 3901 3902 3903 3904 3905 3906 3907 3908 3909 3910 3911 3912 3913 3914 3915 3916 3917 3918 3919 3920 3921 3922 3923 3924 3925 3926 3927 3928 3929 3930 3931 3932 3933 3934 3935 3936 3937 3938 3939 3940 3941 3942 3943 3944 3945 3946 3947 3948 3949 3950 3951 3952 3953 3954 3955 3956 3957 3958 3959 3960 3961 3962 3963 3964 3965 3966 3967 3968 3969 3970 3971 3972 3973 3974 3975 3976 3977 3978 3979 3980 3981 3982 3983 3984 3985 3986 3987 3988 3989 3990 3991 3992 3993 3994 3995 3996 3997 3998 3999 4000 4001 4002 4003 4004 4005 4006 4007 4008 4009 4010 4011 4012 4013 4014 4015 4016 4017 4018 4019 4020 4021 4022 4023 4024 4025 4026 4027 4028 4029 4030 4031 4032 4033 4034 4035 4036 4037 4038 4039 4040 4041 4042 4043 4044 4045 4046 4047 4048 4049 4050 4051 4052 4053 4054 4055 4056 4057 4058 4059 4060 4061 4062 4063 4064 4065 4066 4067 4068 4069 4070 4071 4072 4073 4074 4075 4076 4077 4078 4079 4080 4081 4082 4083 4084 4085 4086 4087 4088 4089 4090 4091 4092 4093 4094 4095 4096 4097 4098 4099 4100 4101 4102 4103 4104 4105 4106 4107 4108 4109 4110 4111 4112 4113 4114 4115 4116 4117 4118 4119 4120 4121 4122 4123 4124 4125 4126 4127 4128 4129 4130 4131 4132 4133 4134 4135 4136 4137 4138 4139 4140 4141 4142 4143 4144 4145 4146 4147 4148 4149 4150 4151 4152 4153 4154 4155 4156 4157 4158 4159 4160 4161 4162 4163 4164 4165 4166 4167 4168 4169 4170 4171 4172 4173 4174 4175 4176 4177 4178 4179 4180 4181 4182 4183 4184 4185 4186 4187 4188 4189 4190 4191 4192 4193 4194 4195 4196 4197 4198 4199 4200 4201 4202 4203 4204 4205 4206 4207 4208 4209 4210 4211 4212 4213 4214 4215 4216 4217 4218 4219 4220 4221 4222 4223 4224 4225 4226 4227 4228 4229 4230 4231 4232 4233 4234 4235 4236 4237 4238 4239 4240 4241 4242 4243 4244 4245 4246 4247 4248 4249 4250 4251 4252 4253 4254 4255 4256 4257 4258 4259 4260 4261 4262 4263 4264 4265 4266 4267 4268 4269 4270 4271 4272 4273 4274 4275 4276 4277 4278 4279 4280 4281 4282 4283 4284 4285 4286 4287 4288 4289 4290 4291 4292 4293 4294 4295 4296 4297 4298 4299 4300 4301 4302 4303 4304 4305 4306 4307 4308 4309 4310 4311 4312 4313 4314 4315 4316 4317 4318 4319 4320 4321 4322 4323 4324 4325 4326 4327 4328 4329 4330 4331 4332 4333 4334 4335 4336 4337 4338 4339 4340 4341 4342 4343 4344 4345 4346 4347 4348 4349 4350 4351 4352 4353 4354 4355 4356 4357 4358 4359 4360 4361 4362 4363 4364 4365 4366 4367 4368 4369 4370 4371 4372 4373 4374 4375 4376 4377 4378 4379 4380 4381 4382 4383 4384 4385 4386 4387 4388 4389 4390 4391 4392 4393 4394 4395 4396 4397 4398 4399 4400 4401 4402 4403 4404 4405 4406 4407 4408 4409 4410 4411 4412 4413 4414 4415 4416 4417 4418 4419 4420 4421 4422 4423 4424 4425 4426 4427 4428 4429 4430 4431 4432 4433 4434 4435 4436 4437 4438 4439 4440 4441 4442 4443 4444 4445 4446 4447 4448 4449 4450 4451 4452 4453 4454 4455 4456 4457 4458 4459 4460 4461 4462 4463 4464 4465 4466 4467 4468 4469 4470 4471 4472 4473 4474 4475 4476 4477 4478 4479 4480 4481 4482 4483 4484 4485 4486 4487 4488 4489 4490 4491 4492 4493 4494 4495 4496 4497 4498 4499 4500 4501 4502 4503 4504 4505 4506 4507 4508 4509 4510 4511 4512 4513 4514 4515 4516 4517 4518 4519 4520 4521 4522 4523 4524 4525 4526 4527 4528 4529 4530 4531 4532 4533 4534 4535 4536 4537 4538 4539 4540 4541 4542 4543 4544 4545 4546 4547 4548 4549 4550 4551 4552 4553 4554 4555 4556 4557 4558 4559 4560 4561 4562 4563 4564 4565 4566 4567 4568 4569 4570 4571 4572 4573 4574 4575 4576 4577 4578 4579 4580 4581 4582 4583 4584 4585 4586 4587 4588 4589 4590 4591 4592 4593 4594 4595 4596 4597 4598 4599 4600 4601 4602 4603 4604 4605 4606 4607 4608 4609 4610 4611 4612 4613 4614 4615 4616 4617 4618 4619 4620 4621 4622 4623 4624 4625 4626 4627 4628 4629 4630 4631 4632 4633 4634 4635 4636 4637 4638 4639 4640 4641 4642 4643 4644 4645 4646 4647 4648 4649 4650 4651 4652 4653 4654 4655 4656 4657 4658 4659 4660 4661 4662 4663 4664 4665 4666 4667 4668 4669 4670 4671 4672 4673 4674 4675 4676 4677 4678 4679 4680 4681 4682 4683 4684 4685 4686 4687 4688 4689 4690 4691 4692 4693 4694 4695 4696 4697 4698 4699 4700 4701 4702 4703 4704 4705 4706 4707 4708 4709 4710 4711 4712 4713 4714 4715 4716 4717 4718 4719 4720 4721 4722 4723 4724 4725 4726 4727 4728 4729 4730 4731 4732 4733 4734 4735 4736 4737 4738 4739 4740 4741 4742 4743 4744 4745 4746 4747 4748 4749 4750 4751 4752 4753 4754 4755 4756 4757 4758 4759 4760 4761 4762 4763 4764 4765 4766 4767 4768 4769 4770 4771 4772 4773 4774 4775 4776 4777 4778 4779 4780 4781 4782 4783 4784 4785 4786 4787 4788 4789 4790 4791 4792 4793 4794 4795 4796 4797 4798 4799 4800 4801 4802 4803 4804 4805 4806 4807 4808 4809 4810 4811 4812 4813 4814 4815 4816 4817 4818 4819 4820 4821 4822 4823 4824 4825 4826 4827 4828 4829 4830 4831 4832 4833 4834 4835 4836 4837 4838 4839 4840 4841 4842 4843 4844 4845 4846 4847 4848 4849 4850 4851 4852 4853 4854 4855 4856 4857 4858 4859 4860 4861 4862 4863 4864 4865 4866 4867 4868 4869 4870 4871 4872 4873 4874 4875 4876 4877 4878 4879 4880 4881 4882 4883 4884 4885 4886 4887 4888 4889 4890 4891 4892 4893 4894 4895 4896 4897 4898 4899 4900 4901 4902 4903 4904 4905 4906 4907 4908 4909 4910 4911 4912 4913 4914 4915 4916 4917 4918 4919 4920 4921 4922 4923 4924 4925 4926 4927 4928 4929 4930 4931 4932 4933 4934 4935 4936 4937 4938 4939 4940 4941 4942 4943 4944 4945 4946 4947 4948 4949 4950 4951 4952 4953 4954 4955 4956 4957 4958 4959 4960 4961 4962 4963 4964 4965 4966 4967 4968 4969 4970 4971 4972 4973 4974 4975 4976 4977 4978 4979 4980 4981 4982 4983 4984 4985 4986 4987 4988 4989 4990 4991 4992 4993 4994 4995 4996 4997 4998 4999 5000 5001 5002 5003 5004 5005 5006 5007 5008 5009 5010 5011 5012 5013 5014 5015 5016 5017 5018 5019 5020 5021 5022 5023 5024 5025 5026 5027 5028 5029 5030 5031 5032 5033 5034 5035 5036 5037 5038 5039 5040 5041 5042 5043 5044 5045 5046 5047 5048 5049 5050 5051 5052 5053 5054 5055 5056 5057 5058 5059 5060 5061 5062 5063 5064 5065 5066 5067 5068 5069 5070 5071 5072 5073 5074 5075 5076 5077 5078 5079 5080 5081 5082 5083 5084 5085 5086 5087 5088 5089 5090 5091 5092 5093 5094 5095 5096 5097 5098 5099 5100 5101 5102 5103 5104 5105 5106 5107 5108 5109 5110 5111 5112 5113 5114 5115 5116 5117 5118 5119 5120 5121 5122 5123 5124 5125 5126 5127 5128 5129 5130 5131 5132 5133 5134 5135 5136 5137 5138 5139 5140 5141 5142 5143 5144 5145 5146 5147 5148 5149 5150 5151 5152 5153 5154 5155 5156 5157 5158 5159 5160 5161 5162 5163 5164 5165 5166 5167 5168 5169 5170 5171 5172 5173 5174 5175 5176 5177 5178 5179 5180 5181 5182 5183 5184 5185 5186 5187 5188 5189 5190 5191 5192 5193 5194 5195 5196 5197 5198 5199 5200 5201 5202 5203 5204 5205 5206 5207 5208 5209 5210 5211 5212 5213 5214 5215 5216 5217 5218 5219 5220 5221 5222 5223 5224 5225 5226 5227 5228 5229 5230 5231 5232 5233 5234 5235 5236 5237 5238 5239 5240 5241 5242 5243 5244 5245 5246 5247 5248 5249 5250 5251 5252 5253 5254 5255 5256 5257 5258 5259 5260 5261 5262 5263 5264 5265 5266 5267 5268 5269 5270 5271 5272 5273 5274 5275 5276 5277 5278 5279 5280 5281 5282 5283 5284 5285 5286 5287 5288 5289 5290 5291 5292 5293 5294 5295 5296 5297 5298 5299 5300 5301 5302 5303 5304 5305 5306 5307 5308 5309 5310 5311 5312 5313 5314 5315 5316 5317 5318 5319 5320 5321 5322 5323 5324 5325 5326 5327 5328 5329 5330 5331 5332 5333 5334 5335 5336 5337 5338 5339 5340 5341 5342 5343 5344 5345 5346 5347 5348 5349 5350 5351 5352 5353 5354 5355 5356 5357 5358 5359 5360 5361 5362 5363 5364 5365 5366 5367 5368 5369 5370 5371 5372 5373 5374 5375 5376 5377 5378 5379 5380 5381 5382 5383 5384 5385 5386 5387 5388 5389 5390 5391 5392 5393 5394 5395 5396 5397 5398 5399 5400 5401 5402 5403 5404 5405 5406 5407 5408 5409 5410 5411 5412 5413 5414 5415 5416 5417 5418 5419 5420 5421 5422 5423 5424 5425 5426 5427 5428 5429 5430 5431 5432 5433 5434 5435 5436 5437 5438 5439 5440 5441 5442 5443 5444 5445 5446 5447 5448 5449 5450 5451 5452 5453 5454 5455 5456 5457 5458 5459 5460 5461 5462 5463 5464 5465 5466 5467 5468 5469 5470 5471 5472 5473 5474 5475 5476 5477 5478 5479 5480 5481 5482 5483 5484 5485 5486 5487 5488 5489 5490 5491 5492 5493 5494 5495 5496 5497 5498 5499 5500 5501 5502 5503 5504 5505 5506 5507 5508 5509 5510 5511 5512 5513 5514 5515 5516 5517 5518 5519 5520 5521 5522 5523 5524 5525 5526 5527 5528 5529 5530 5531 5532 5533 5534 5535 5536 5537 5538 5539 5540 5541 5542 5543 5544 5545 5546 5547 5548 5549 5550 5551 5552 5553 5554 5555 5556 5557 5558 5559 5560 5561 5562 5563 5564 5565 5566 5567 5568 5569 5570 5571 5572 5573 5574 5575 5576 5577 5578 5579 5580 5581 5582 5583 5584 5585 5586 5587 5588 5589 5590 5591 5592 5593 5594 5595 5596 5597 5598 5599 5600 5601 5602 5603 5604 5605 5606 5607 5608 5609 5610 5611 5612 5613 5614 5615 5616 5617 5618 5619 5620 5621 5622 5623 5624 5625 5626 5627 5628 5629 5630 5631 5632 5633 5634 5635 5636 5637 5638 5639 5640 5641 5642 5643 5644 5645 5646 5647 5648 5649 5650 5651 5652 5653 5654 5655 5656 5657 5658 5659 5660 5661 5662 5663 5664 5665 5666 5667 5668 5669 5670 5671 5672 5673 5674 5675 5676 5677 5678 5679 5680 5681 5682 5683 5684 5685 5686 5687 5688 5689 5690 5691 5692 5693 5694 5695 5696 5697 5698 5699 5700 5701 5702 5703 5704 5705 5706 5707 5708 5709 5710 5711 5712 5713 5714 5715 5716 5717 5718 5719 5720 5721 5722 5723 5724 5725 5726 5727 5728 5729 5730 5731 5732 5733 5734 5735 5736 5737 5738 5739 5740 5741 5742 5743 5744 5745 5746 5747 5748 5749 5750 5751 5752 5753 5754 5755 5756 5757 5758 5759 5760 5761 5762 5763 5764 5765 5766 5767 5768 5769 5770 5771 5772 5773 5774 5775 5776 5777 5778 5779 5780 5781 5782 5783 5784 5785 5786 5787 5788 5789 5790 5791 5792 5793 5794 5795 5796 5797 5798 5799 5800 5801 5802 5803 5804 5805 5806 5807 5808 5809 5810 5811 5812 5813 5814 5815 5816 5817 5818 5819 5820 5821 5822 5823 5824 5825 5826 5827 5828 5829 5830 5831 5832 5833 5834 5835 5836 5837 5838 5839 5840 5841 5842 5843 5844 5845 5846 5847 5848 5849 5850 5851 5852 5853 5854 5855 5856 5857 5858 5859 5860 5861 5862 5863 5864 5865 5866 5867 5868 5869 5870 5871 5872 5873 5874 5875 5876 5877 5878 5879 5880 5881 5882 5883 5884 5885 5886 5887 5888 5889 5890 5891 5892 5893 5894 5895 5896 5897 5898 5899 5900 5901 5902 5903 5904 5905 5906 5907 5908 5909 5910 5911 5912 5913 5914 5915 5916 5917 5918 5919 5920 5921 5922 5923 5924 5925 5926 5927 5928 5929 5930 5931 5932 5933 5934 5935 5936 5937 5938 5939 5940 5941 5942 5943 5944 5945 5946 5947 5948 5949 5950 5951 5952 5953 5954 5955 5956 5957 5958 5959 5960 5961 5962 5963 5964 5965 5966 5967 5968 5969 5970 5971 5972 5973 5974 5975 5976 5977 5978 5979 5980 5981 5982 5983 5984 5985 5986 5987 5988 5989 5990 5991 5992 5993 5994 5995 5996 5997 5998 5999 6000 6001 6002 6003 6004 6005 6006 6007 6008 6009 6010 6011 6012 6013 6014 6015 6016 6017 6018 6019 6020 6021 6022 6023 6024 6025 6026 6027 6028 6029 6030 6031 6032 6033 6034 6035 6036 6037 6038 6039 6040 6041 6042 6043 6044 6045 6046 6047 6048 6049 6050 6051 6052 6053 6054 6055 6056 6057 6058 6059 6060 6061 6062 6063 6064 6065 6066 6067 6068 6069 6070 6071 6072 6073 6074 6075 6076 6077 6078 6079 6080 6081 6082 6083 6084 6085 6086 6087 6088 6089 6090 6091 6092 6093 6094 6095 6096 6097 6098 6099 6100 6101 6102 6103 6104 6105 6106 6107 6108 6109 6110 6111 6112 6113 6114 6115 6116 6117 6118 6119 6120 6121 6122 6123 6124 6125 6126 6127 6128 6129 6130 6131 6132 6133 6134 6135 6136 6137 6138 6139 6140 6141 6142 6143 6144 6145 6146 6147 6148 6149 6150 6151 6152 6153 6154 6155 6156 6157 6158 6159 6160 6161 6162 6163 6164 6165 6166 6167 6168 6169 6170 6171 6172 6173 6174 6175 6176 6177 6178 6179 6180 6181 6182 6183 6184 6185 6186 6187 6188 6189 6190 6191 6192 6193 6194 6195 6196 6197 6198 6199 6200 6201 6202 6203 6204 6205 6206 6207 6208 6209 6210 6211 6212 6213 6214 6215 6216 6217 6218 6219 6220 6221 6222 6223 6224 6225 6226 6227 6228 6229 6230 6231 6232 6233 6234 6235 6236 6237 6238 6239 6240 6241 6242 6243 6244 6245 6246 6247 6248 6249 6250 6251 6252 6253 6254 6255 6256 6257 6258 6259 6260 6261 6262 6263 6264 6265 6266 6267 6268 6269 6270 6271 6272 6273 6274 6275 6276 6277 6278 6279 6280 6281 6282 6283 6284 6285 6286 6287 6288 6289 6290 6291 6292 6293 6294 6295 6296 6297 6298 6299 6300 6301 6302 6303 6304 6305 6306 6307 6308 6309 6310 6311 6312 6313 6314 6315 6316 6317 6318 6319 6320 6321 6322 6323 6324 6325 6326 6327 6328 6329 6330 6331 6332 6333 6334 6335 6336 6337 6338 6339 6340 6341 6342 6343 6344 6345 6346 6347 6348 6349 6350 6351 6352 6353 6354 6355 6356 6357 6358 6359 6360 6361 6362 6363 6364 6365 6366 6367 6368 6369 6370 6371 6372 6373 6374 6375 6376 6377 6378 6379 6380 6381 6382 6383 6384 6385 6386 6387 6388 6389 6390 6391 6392 6393 6394 6395 6396 6397 6398 6399 6400 6401 6402 6403 6404 6405 6406 6407 6408 6409 6410 6411 6412 6413 6414 6415 6416 6417 6418 6419 6420 6421 6422 6423 6424 6425 6426 6427 6428 6429 6430 6431 6432 6433 6434 6435 6436 6437 6438 6439 6440 6441 6442 6443 6444 6445 6446 6447 6448 6449 6450 6451 6452 6453 6454 6455 6456 6457 6458 6459 6460 6461 6462 6463 6464 6465 6466 6467 6468 6469 6470 6471 6472 6473 6474 6475 6476 6477 6478 6479 6480 6481 6482 6483 6484 6485 6486 6487 6488 6489 6490 6491 6492 6493 6494 6495 6496 6497 6498 6499 6500 6501 6502 6503 6504 6505 6506 6507 6508 6509 6510 6511 6512 6513 6514 6515 6516 6517 6518 6519 6520 6521 6522 6523 6524 6525 6526 6527 6528 6529 6530 6531 6532 6533 6534 6535 6536 6537 6538 6539 6540 6541 6542 6543 6544
p1:1 A 0 1 2 3 4 5 6 7 8 9 10 11 12 13 14 15 16 17 18 19 20 21 22 23 24 25 26 27 28 29 30 31 32 33 34 35 36 37 38 39 40 41 42 43 44 45 46 47 48 49 50 51 52 53 54 55 56 57 58 59 60 61 62 63 64 65 66 67 68 69 70 71 72 73 74 75 76 77 78 79 80 81 82 83 84 85 86 87 88 89 90 91 92 93 94 95 96 97 98 99 100 101 102 103 104 105 106 107 108 109 110 111 112 113 114 115 116 117 118 119 120 121 122 123 124 125 126 127 128 129 130 131 132 133 134 135 136 137 138 139 140 141 142 143 144 145 146 147 148 149 150 151 152 153 154 155 156 157 158 159 160 161 162 163 164 165 166 167 168 169 170 171 172 173 174 175 176 177 178 179 180 181 182 183 184 185 186 187 188 189 190 191 192 193 194 195 196 197 198 199 200 201 202 203 204 205 206 207 208 209 210 211 212 213 214 215 216 217 218 219 220 221 222 223 224 225 226 227 228 229 230 231 232 233 234 235 236 237 238 239 240 241 242 243 244 245 246 247 248 249 250 251 252 253 254 255 256 257 258 259 260 261 262 263 264 265 266 267 268 269 270 271 272 273 274 275 276 277 278 279 280 281 282 283 284 285 286 287 288 289 290 291 292 293 294 295 296 297 298 299 300 301 302 303 304 305 306 307 308 309 310 311 312 313 314 315 316 317 318 319 320 321 322 323 324 325 326 327 328 329 330 331 332 333 334 335 336 337 338 339 340 341 342 343 344 345 347 348 349 350 351 352 353 354 355 356 357 358 359 360 361 362 363 364 365 366 367 368 369 370 371 372 373 374 375 376 377 378 379 380 381 382 383 384 385 386 387 388 389 390 391 392 393 394 395 396 397 398 399 400 401 402 403 404 405 406 407 408 409 410 411 412 413 414 415 416 417 418 419 420 421 422 423 424 425 426 427 428 429 430 431 432 433 434 435 436 437 438 439 440 441 442 443 444 445 446 447 448 449 450 451 452 453 454 455 456 457 458 459 460 461 462 463 464 465 466 467 468 469 470 471 472 473 474 475 476 477 478 479 480 481 482 483 484 485 486 487 488 489 490 491 492 493 494 495 496 497 498 499 500 501 502 503 504 505 506 507 508 509 510 511 512 513 514 515 516 517 518 519 520 521 522 523 524 525 526 527 528 529 530 531 532 533 534 535 536 537 538 539 540 541 542 543 544 545 546 547 548 549 550 551 552 553 554 555 556 557 558 559 560 561 562 563 564 565 566 567 568 569 570 571 572 573 574 575 576 577 578 579 580 581 582 583 584 585 586 587 588 589 590 591 592 593 594 595 596 597 598 599 600 601 602 603 604 605 606 607 608 609 610 611 612 613 614 615 616 617 618 619 620 621 622 623 624 625 626 627 628 629 630 631 632 633 634 635 636 637 638 639 640 641 642 643 644 645 646 647 648 649 650 651 652 653 654 655 656 657 658 659 660 661 662 663 664 665 666 667 668 669 670 671 672 673 674 675 676 677 678 679 680 681 682 683 684 685 686 687 688 689 690 691 692 693 694 695 696 697 698 699 700 701 702 703 704 705 706 707 708 709 710 711 712 713 714 715 716 717 718 719 720 721 722 723 724 725 726 727 728 729 730 731 732 733 734 735 736 737 738 739 740 741 742 743 744 745 746 747 748 749 750 751 752 753 754 755 756 757 758 759 760 761 762 763 764 765 766 767 768 769 770 771 772 773 774 775 776 777 778 779 780 781 782 783 784 785 786 787 788 789 790 791 792 793 794 795 796 797 798 799 800 801 802 803 804 805 806 807 808 809 810 811 812 813 814 815 816 817 818 819 820 821 822 823 824 825 826 827 828 829 830 831 832 833 834 835 836 837 838 839 840 841 842 843 844 845 846 847 848 849 850 851 852 853 854 855 856 857 858 859 860 861 862 863 864 865 866 867 868 869 870 871 872 873 874 875 876 877 878 879 880 881 882 883 884 885 886 887 888 889 890 891 892 893 894 895 896 897 898 899 900 901 902 903 904 905 906 907 908 909 910 911 912 913 914 915 916 917 918 919 920 921 922 923 924 925 926 927 928 929 930 931 932 933 934 935 936 937 938 939 940 942 943 944 945 946 947 948 949 950 951 952 953 954 955 956 957 958 959 960 961 962 963 964 965 966 967 968 969 970 971 972 973 974 975 976 977 978 979 980 981 982 983 984 985 986 987 988 989 990 991 992 993 994 995 996 997 998 999 1000 1001 1002 1003 1004 1005 1006 1007 1008 1009 1010 1011 1012 1013 1014 1015 1016 1017 1018 1019 1020 1021 1022 1023 1024 1025 1026 1027 1028 1029 1030 1031 1032 1033 1034 1035 1036 1037 1038 1039 1040 1041 1042 1043 1044 1045 1046 1047 1048 1049 1050 1051 1052 1053 1054 1055 1056 1057 1058 1059 1060 1061 1062 1063 1064 1065 1066 1067 1068 1069 1070 1071 1072 1073 1074 1075 1076 1077 1078 1079 1080 1081 1082 1083 1084 1085 1086 1087 1088 1089 1090 1091 1092 1093 1094 1095 1096 1097 1098 1099 1100 1101 1102 1103 1104 1105 1106 1107 1108 1109 1110 1111 1112 1113 1114 1115 1116 1117 1118 1119 1120 1121 1122 1123 1124 1125 1126 1127 1128 1129 1130 1131 1132 1133 1134 1135 1136 1137 1138 1139 1140 1141 1142 1143 1144 1145 1146 1147 1148 1149 1150 1151 1152 1153 1154 1155 1156 1157 1158 1159 1160 1161 1162 1163 1164 1165 1166 1167 1168 1169 1170 1171 1172 1173 1174 1175 1176 1177 1178 1179 1180 1181 1182 1183 1184 1185 1186 1187 1188 1189 1190 1191 1192 1193 1194 1195 1196 1197 1198 1199 1200 1201 1202 1203 1204 1205 1206 1207 1208 1209 1210 1211 1212 1213 1214 1215 1216 1217 1218 1219 1220 1221 1222 1223 1224 1225 1226 1227 1228 1229 1230 1231 1232 1233 1234 1235 1236 1237 1238 1239 1240 1241 1242 1243 1244 1245 1246 1247 1248 1249 1250 1251 1252 1253 1254 1255 1256 1257 1258 1259 1260 1261 1262 1263 1264 1265 1266 1267 1268 1269 1270 1271 1272 1273 1274 1275 1276 1277 1278 1279 1280 1281 1282 1283 1284 1285 1286 1287 1288 1289 1290 1291 1292 1293 1294 1295 1296 1297 1298 1299 1300 1301 1302 1303 1304 1305 1306 1307 1308 1309 1310 1311 1312 1313 1314 1315 1316 1317 1318 1319 1320 1321 1322 1323 1324 1325 1326 1327 1328 1329 1330 1331 1332 1333 1334 1335 1336 1337 1338 1339 1340 1341 1342 1343 1344 1345 1346 1347 1348 1349 1350 1351 1352 1353 1354 1355 1356 1357 1358 1359 1360 1361 1362 1363 1364 1365 1366 1367 1368 1369 1370 1371 1372 1373 1374 1375 1376 1377 1378 1379 1380 1381 1382 1383 1384 1385 1386 1387 1388 1389 1390 1391 1392 1393 1394 1395 1396 1397 1398 1399 1400 1401 1402 1403 1404 1405 1406 1407 1408 1409 1410 1411 1412 1413 1414 1415 1416 1417 1418 1419 1420 1421 1422 1423 1424 1425 1426 1427 1428 1429 1430 1431 1432 1433 1434 1435 1436 1437 1438 1439 1440 1441 1442 1443 1444 1445 1446 1447 1448 1449 1450 1451 1452 1453 1454 1455 1456 1457 1458 1459 1460 1461 1462 1463 1464 1465 1466 1467 1468 1469 1470 1471 1472 1473 1474 1475 1476 1477 1478 1479 1480 1481 1482 1483 1484 1485 1486 1487 1488 1489 1490 1491 1492 1493 1494 1495 1496 1497 1498 1499 1500 1501 1502 1503 1504 1505 1506 1507 1508 1509 1510 1511 1512 1513 1514 1515 1516 1517 1518 1519 1520 1521 1522 1523 1524 1525 1526 1527 1528 1529 1530 1531 1532 1533 1534 1535 1537 1538 1539 1540 1541 1542 1543 1544 1545 1546 1547 1548 1549 1550 1551 1552 1553 1554 1555 1556 1557 1558 1559 1560 1561 1562 1563 1564 1565 1566 1567 1568 1569 1570 1571 1572 1573 1574 1575 1576 1577 1578 1579 1580 1581 1582 1583 1584 1585 1586 1587 1588 1589 1590 1591 1592 1593 1594 1595 1596 1597 1598 1599 1600 1601 1602 1603 1604 1605 1606 1607 1608 1609 1610 1611 1612 1613 1614 1615 1616 1617 1618 1619 1620 1621 1622 1623 1624 1625 1626 1627 1628 1629 1630 1631 1632 1633 1634 1635 1636 1637 1638 1639 1640 1641 1642 1643 1644 1645 1646 1647 1648 1649 1650 1651 1652 1653 1654 1655 1656 1657 1658 1659 1660 1661 1662 1663 1664 1665 1666 1667 1669 1670 1671 1672 1673 1674 1675 1676 1677 1678 1679 1680 1681 1682 1683 1684 1685 1686 1687 1688 1689 1690 1691 1692 1693 1694 1695 1696 1697 1698 1699 1700 1701 1702 1703 1704 1705 1706 1707 1708 1709 1710 1711 1712 1713 1714 1715 1716 1717 1718 1719 1720 1721 1722 1723 1724 1725 1726 1727 1728 1729 1730 1731 1732 1733 1734 1735 1736 1737 1738 1739 1740 1741 1742 1743 1744 1745 1746 1747 1748 1749 1750 1751 1752 1753 1754 1755 1756 1757 1758 1759 1760 1761 1762 1763 1764 1765 1766 1767 1768 1769 1770 1771 1772 1773 1774 1775 1776 1777 1778 1779 1780 1781 1782 1783 1784 1785 1786 1787 1788 1789 1790 1791 1792 1793 1794 1795 1796 1797 1798 1799 1800 1801 1802 1803 1804 1805 1806 1807 1808 1809 1810 1811 1812 1813 1814 1815 1816 1817 1818 1819 1820 1821 1822 1823 1824 1825 1826 1827 1828 1829 1830 1831 1832 1833 1834 1835 1836 1837 1838 1839 1840 1841 1842 1843 1844 1845 1846 1847 1848 1849 1850 1851 1852 1853 1854 1855 1856 1857 1858 1859 1860 1861 1862 1863 1864 1865 1866 1867 1868 1869 1870 1871 1872 1873 1874 1875 1876 1877 1878 1879 1880 1881 1882 1883 1884 1885 1886 1887 1888 1889 1890 1891 1892 1893 1894 1895 1896 1897 1898 1899 1900 1901 1902 1903 1904 1905 1906 1907 1908 1909 1910 1911 1912 1913 1914 1915 1916 1917 1918 1919 1920 1921 1922 1923 1924 1925 1926 1927 1928 1929 1930 1931 1932 1933 1934 1935 1936 1937 1938 1939 1940 1941 1942 1943 1944 1945 1946 1947 1948 1949 1950 1951 1952 1953 1954 1955 1956 1957 1958 1959 1960 1961 1962 1963 1964 1965 1966 1967 1968 1969 1970 1971 1972 1973 1974 1975 1976 1977 1978 1979 1980 1981 1982 1983 1984 1985 1986 1987 1988 1989 1990 1991 1992 1993 1994 1995 1996 1997 1998 1999 2000 2001 2002 2003 2004 2005 2006 2007 2008 2009 2010 2011 2012 2013 2014 2015 2016 2017 2018 2019 2020 2021 2022 2023 2024 2025 2026 2027 2028 2029 2030 2031 2032 2033 2034 2035 2036 2037 2038 2039 2040 2041 2042 2043 2044 2045 2046 2047 2048 2049 2050 2051 2052 2053 2054 2055 2056 2057 2058 2059 2060 2061 2062 2063 2064 2065 2066 2067 2068 2069 2070 2071 2072 2073 2074 2075 2076 2077 2078 2079 2080 2081 2082 2083 2084 2085 2086 2087 2088 2089 2090 2091 2092 2093 2094 2095 2096 2097 2098 2099 2100 2101 2102 2103 2104 2105 2106 2107 2108 2109 2110 2111 2112 2113 2114 2115 2116 2117 2118 2119 2120 2121 2122 2123 2124 2125 2126 2127 2128 2129 2130 2131 2132 2133 2134 2135 2136 2137 2138 2139 2140 2141 2142 2143 2144 2145 2146 2147 2148 2149 2150 2151 2152 2153 2154 2155 2156 2157 2158 2159 2160 2161 2162 2163 2164 2165 2166 2167 2168 2169 2170 2171 2172 2173 2174 2175 2176 2177 2178 2179 2180 2181 2182 2183 2184 2185 2186 2187 2188 2189 2190 2191 2192 2193 2194 2195 2196 2197 2198 2199 2200 2201 2202 2203 2204 2205 2206 2207 2208 2209 2210 2211 2212 2213 2214 2215 2216 2217 2218 2219 2220 2221 2222 2223 2224 2225 2226 2227 2228 2229 2230 2231 2232 2233 2234 2235 2236 2237 2238 2239 2240 2241 2242 2243 2244 2245 2246 2247 2248 2249 2250 2251 2252 2253 2254 2255 2256 2257 2258 2259 2260 2261 2262 2263 2264 2265 2266 2267 2268 2269 2270 2271 2272 2273 2274 2275 2276 2277 2278 2279 2280 2281 2282 2283 2284 2285 2286 2287 2288 2289 2290 2291 2292 2293 2294 2295 2296 2297 2298 2299 2300 2301 2302 2303 2304 2305 2306 2307 2308 2309 2310 2311 2312 2313 2314 2315 2316 2317 2318 2319 2320 2321 2322 2323 2324 2325 2326 2327 2328 2329 2330 2331 2332 2333 2334 2335 2336 2337 2338 2339 2340 2341 2342 2343 2344 2345 2346 2347 2348 2349 2350 2351 2352 2353 2354 2355 2356 2357 2358 2359 2360 2361 2362 2363 2364 2365 2366 2367 2368 2369 2370 2371 2372 2373 2374 2375 2376 2377 2378 2379 2380 2381 2382 2383 2384 2385 2386 2387 2388 2389 2390 2391 2392 2393 2394 2395 2396 2397 2398 2399 2400 2401 2402 2403 2404 2405 2406 2407 2408 2409 2410 2411 2412 2413 2414 2415 2416 2417 2418 2419 2420 2421 2422 2423 2424 2425 2426 2427 2428 2429 2430 2431 2432 2433 2434 2435 2436 2437 2438 2439 2440 2441 2442 2443 2444 2445 2446 2447 2448 2449 2450 2451 2452 2453 2454 2455 2456 2457 2458 2459 2460 2461 2462 2463 2464 2465 2466 2467 2468 2469 2470 2471 2472 2473 2474 2475 2476 2477 2478 2479 2480 2481 2482 2483 2484 2485 2486 2487 2488 2489 2490 2491 2492 2493 2494 2495 2496 2497 2498 2499 2500 2501 2502 2503 2504 2505 2506 2507 2508 2509 2510 2511 2512 2513 2514 2515 2516 2517 2518 2519 2520 2521 2522 2523 2524 2525 2526 2527 2528 2529 2530 2531 2532 2533 2534 2535 2536 2537 2538 2539 2540 2541 2542 2543 2544 2545 2546 2547 2548 2549 2550 2551 2552 2553 2554 2555 2556 2557 2558 2559 2560 2561 2562 2563 2564 2565 2566 2567 2568 2569 2570 2571 2572 2573 2574 2575 2576 2577 2578 2579 2580 2581 2582 2583 2584 2585 2586 2587 2588 2589 2590 2591 2592 2593 2594 2595 2596 2597 2598 2599 2600 2601 2602 2603 2604 2605 2606 2607 2608 2609 2610 2611 2612 2613 2614 2615 2616 2617 2618 2619 2620 2621 2622 2623 2624 2625 2626 2627 2628 2629 2630 2631 2632 2633 2634 2635 2636 2637 2638 2639 2640 2641 2642 2643 2644 2645 2646 2647 2648 2649 2650 2651 2652 2653 2654 2655 2656 2657 2658 2659 2660 2661 2662 2663 2664 2665 2666 2667 2668 2669 2670 2671 2672 2673 2674 2675 2676 2677 2678 2679 2680 2681 2682 2683 2684 2685 2686 2687 2688 2689 2690 2691 2692 2693 2694 2695 2696 2697 2698 2699 2700 2701 2702 2703 2704 2705 2706 2707 2708 2709 2710 2711 2712 2713 2714 2715 2716 2717 2718 2719 2720 2721 2722 2723 2724 2725 2726 2727 2728 2729 2730 2731 2732 2733 2734 2735 2736 2737 2738 2739 2740 2741 2742 2743 2744 2745 2746 2747 2748 2749 2750 2751 2752 2753 2754 2755 2756 2757 2758 2759 2760 2761 2762 2763 2764 2765 2766 2767 2768 2769 2770 2771 2772 2773 2774 2775 2776 2777 2778 2779 2780 2781 2782 2783 2784 2785 2786 2787 2788 2789 2790 2791 2792 2793 2794 2795 2796 2797 2798 2799 2800 2801 2802 2803 2804 2805 2806 2807 2808 2809 2810 2811 2812 2813 2814 2815 2816 2817 2818 2819 2820 2821 2822 2823 2824 2825 2826 2827 2828 2829 2830 2831 2832 2833 2834 2835 2836 2837 2838 2839 2840 2841 2842 2843 2844 2845 2846 2847 2848 2849 2850 2851 2852 2853 2854 2855 2856 2857 2858 2859 2860 2861 2862 2863 2864 2865 2866 2867 2868 2869 2870 2871 2872 2873 2874 2875 2876 2877 2878 2879 2880 2881 2882 2883 2884 2885 2886 2887 2888 2889 2890 2891 2892 2893 2894 2895 2896 2897 2898 2899 2900 2901 2902 2903 2904 2905 2906 2907 2908 2909 2910 2911 2912 2913 2914 2915 2916 2917 2918 2919 2920 2921 2922 2923 2924 2925 2926 2927 2928 2929 2930 2931 2932 2933 2934 2935 2936 2937 2938 2939 2940 2941 2942 2943 2944 2945 2946 2947 2948 2949 2950 2951 2952 2953 2954 2955 2956 2957 2958 2959 2960 2961 2962 2963 2964 2965 2966 2967 2968 2969 2970 2971 2972 2973 2974 2975 2976 2977 2978 2979 2980 2981 2982 2983 2984 2985 2986 2987 2988 2989 2990 2991 2992 2993 2994 2995 2996 2997 2998 2999 3000 3001 3002 3003 3004 3005 3006 3007 3008 3009 3010 3011 3012 3013 3014 3015 3016 3017 3018 3019 3020 3021 3022 3023 3024 3025 3026 3027 3028 3029 3030 3031 3032 3033 3034 3035 3036 3037 3038 3039 3040 3041 3042 3043 3044 3045 3046 3047 3048 3049 3050 3051 3052 3053 3054 3055 3056 3057 3058 3059 3060 3061 3062 3063 3064 3065 3066 3067 3068 3069 3070 3071 3072 3073 3074 3075 3076 3077 3078 3079 3080 3081 3082 3083 3084 3085 3086 3087 3088 3089 3090 3091 3092 3093 3094 3095 3096 3097 3098 3099 3100 3101 3102 3103 3104 3105 3106 3107 3108 3109 3110 3111 3112 3113 3114 3115 3116 3117 3118 3119 3120 3121 3122 3123 3124 3125 3126 3127 3128 3129 3130 3131 3132 3133 3134 3135 3136 3137 3138 3139 3140 3141 3142 3143 3144 3145 3146 3147 3148 3149 3150 3151 3152 3153 3154 3155 3156 3157 3158 3159 3160 3161 3162 3163 3164 3165 3166 3167 3168 3169 3170 3171 3172 3173 3174 3175 3176 3177 3178 3179 3180 3181 3182 3183 3184 3185 3186 3187 3188 3189 3190 3191 3192 3193 3194 3195 3196 3197 3198 3199 3200 3201 3202 3203 3204 3205 3206 3207 3208 3209 3210 3211 3212 3213 3214 3215 3216 3217 3218 3219 3220 3221 3222 3223 3224 3225 3226 3227 3228 3229 3230 3231 3232 3233 3234 3235 3236 3237 3238 3239 3240 3241 3242 3243 3244 3245 3246 3247 3248 3249 3250 3251 3252 3253 3254 3255 3256 3257 3258 3259 3260 3261 3262 3263 3264 3265 3266 3267 3268 3269 3270 3271 3272 3273 3274 3275 3276 3277 3278 3279 3280 3281 3282 3283 3284 3285 3286 3287 3288 3289 3290 3291 3292 3293 3294 3295 3296 3297 3298 3299 3300 3301 3302 3303 3304 3305 3306 3307 3308 3309 3310 3311 3312 3313 3314 3315 3316 3317 3318 3319 3320 3321 3322 3323 3324 3325 3326 3327 3328 3329 3330 3331 3332 3333 3334 3335 3336 3337 3338 3339 3340 3341 3342 3343 3344 3345 3346 3347 3348 3349 3350 3351 3352 3353 3354 3355 3356 3357 3358 3359 3360 3361 3362 3363 3364 3365 3366 3367 3368 3369 3370 3371 3372 3373 3374 3375 3376 3377 3378 3379 3380 3381 3382 3383 3384 3385 3386 3387 3388 3389 3390 3391 3392 3393 3394 3395 3396 3397 3398 3399 3400 3401 3402 3403 3404 3405 3406 3407 3408 3409 3410 3411 3412 3413 3414 3415 3416 3417 3418 3419 3420 3421 3422 3423 3424 3425 3426 3427 3428 3429 3430 3431 3432 3433 3434 3435 3436 3437 3438 3439 3440 3441 3442 3443 3444 3445 3446 3447 3448 3449 3450 3451 3452 3453 3454 3455 3456 3457 3458 3459 3460 3461 3462 3463 3464 3465 3466 3467 3468 3469 3470 3471 3472 3473 3474 3475 3476 3477 3478 3479 3480 3481 3482 3483 3484 3485 3486 3487 3488 3489 3490 3491 3492 3493 3494 3495 3496 3497 3498 3499 3500 3501 3502 3503 3504 3505 3506 3507 3508 3509 3510 3511 3512 3513 3514 3515 3516 3517 3518 3519 3520 3521 3522 3523 3524 3525 3526 3527 3528 3529 3530 3531 3532 3533 3534 3535 3536 3537 3538 3539 3540 3541 3542 3543 3544 3545 3546 3547 3548 3549 3550 3551 3552 3553 3554 3555 3556 3557 3558 3559 3560 3561 3562 3563 3564 3565 3566 3567 3568 3569 3570 3571 3572 3573 3574 3575 3576 3577 3578 3579 3580 3581 3582 3583 3584 3585 3586 3587 3588 3589 3590 3591 3592 3593 3594 3595 3596 3597 3598 3599 3600 3601 3602 3603 3604 3605 3606 3607 3608 3609 3610 3611 3612 3613 3614 3615 3616 3617 3618 3619 3620 3621 3622 3623 3624 3625 3626 3627 3628 3629 3630 3631 3632 3633 3634 3635 3636 3637 3638 3639 3640 3641 3642 3643 3644 3645 3646 3647 3648 3649 3650 3651 3652 3653 3654 3655 3656 3657 3658 3659 3660 3661 3662 3663 3664 3665 3666 3667 3668 3669 3670 3671 3672 3673 3674 3675 3676 3677 3678 3679 3680 3681 3682 3683 3684 3685 3686 3687 3688 3689 3690 3691 3692 3693 3694 3695 3696 3697 3698 3699 3700 3701 3702 3703 3704 3705 3706 3707 3708 3709 3710 3711 3712 3713 3714 3715 3716 3717 3718 3719 3720 3721 3722 3723 3724 3725 3726 3727 3728 3729 3730 3731 3732 3733 3734 3735 3736 3737 3738 3739 3740 3741 3742 3743 3744 3745 3746 3747 3748 3749 3750 3751 3752 3753 3754 3755 3756 3757 3758 3759 3760 3761 3762 3763 3764 3765 3766 3767 3768 3769 3770 3771 3772 3773 3774 3775 3776 3777 3778 3779 3780 3781 3782 3783 3784 3785 3786 3787 3788 3789 3790 3791 3792 3793 3794 3795 3796 3797 3798 3799 3800 3801 3802 3803 3804 3805 3806 3807 3808 3809 3810 3811 3812 3813 3814 3815 3816 3817 3818 3819 3820 3821 3822 3823 3824 3825 3826 3827 3828 3829 3830 3831 3832 3833 3834 3835 3836 3837 3838 3839 3840 3841 3842 3843 3844 3845 3846 3847 3848 3849 3850 3851 3852 3853 3854 3855 3856 3857 3858 3859 3860 3861 3862 3863 3864 3865 3866 3867 3868 3869 3870 3871 3872 3873 3874 3875 3876 3877 3878 3879 3880 3881 3882 3883 3884 3885 3886 3887 3888 3889 3890 3891 3892 3893 3894 3895 3896 3897 3898 3899 3900 3901 3902 3903 3904 3905 3906 3907 3908 3909 3910 3911 3912 3913 3914 3915 3916 3917 3918 3919 3920 3921 3922 3923 3924 3925 3926 3927 3928 3929 3930 3931 3932 3933 3934 3935 3936 3937 3938 3939 3940 3941 3942 3943 3944 3945 3946 3947 3948 3949 3950 3951 3952 3953 3954 3955 3956 3957 3958 3959 3960 3961 3962 3963 3964 3965 3966 3967 3968 3969 3970 3971 3972 3973 3974 3975 3976 3977 3978 3979 3980 3981 3982 3983 3984 3985 3986 3987 3988 3989 3990 3991 3992 3993 3994 3995 3996 3997 3998 3999 4000 4001 4002 4003 4004 4005 4006 4007 4008 4009 4010 4011 4012 4013 4014 4015 4016 4017 4018 4019 4020 4021 4022 4023 4024 4025 4026 4027 4028 4029 4030 4031 4032 4033 4034 4035 4036 4037 4038 4039 4040 4041 4042 4043 4044 4045 4046 4047 4048 4049 4050 4051 4052 4053 4054 4055 4056 4057 4058 4059 4060 4061 4062 4063 4064 4065 4066 4067 4068 4069 4070 4071 4072 4073 4074 4075 4076 4077 4078 4079 4080 4081 4082 4083 4084 4085 4086 4087 4088 4089 4090 4091 4092 4093 4094 4095 4096 4097 4098 4099 4100 4101 4102 4103 4104 4105 4106 4107 4108 4109 4110 4111 4112 4113 4114 4115 4116 4117 4118 4119 4120 4121 4122 4123 4124 4125 4126 4127 4128 4129 4130 4131 4132 4133 4134 4135 4136 4137 4138 4139 4140 4141 4142 4143 4144 4145 4146 4147 4148 4149 4150 4151 4152 4153 4154 4155 4156 4157 4158 4159 4160 4161 4162 4163 4164 4165 4166 4167 4168 4169 4170 4171 4172 4173 4174 4175 4176 4177 4178 4179 4180 4181 4182 4183 4184 4185 4186 4187 4188 4189 4190 4191 4192 4193 4194 4195 4196 4197 4198 4199 4200 4201 4202 4203 4204 4205 4206 4207 4208 4209 4210 4211 4212 4213 4214 4215 4216 4217 4218 4219 4220 4221 4222 4223 4224 4225 4226 4227 4228 4229 4230 4231 4232 4233 4234 4235 4236 4237 4238 4239 4240 4241 4242 4243 4244 4245 4246 4247 4248 4249 4250 4251 4252 4253 4254 4255 4256 4257 4258 4259 4260 4261 4262 4263 4264 4265 4266 4267 4268 4269 4270 4271 4272 4273 4274 4275 4276 4277 4278 4279 4280 4281 4282 4283 4284 4285 4286 4287 4288 4289 4290 4291 4292 4293 4294 4295 4296 4297 4298 4299 4300 4301 4302 4303 4304 4305 4306 4307 4308 4309 4310 4311 4312 4313 4314 4315 4316 4317 4318 4319 4320 4321 4322 4323 4324 4325 4326 4327 4328 4329 4330 4331 4332 4333 4334 4335 4336 4337 4338 4339 4340 4341 4342 4343 4344 4345 4346 4347 4348 4349 4350 4351 4352 4353 4354 4355 4356 4357 4358 4359 4360 4361 4362 4363 4364 4365 4366 4367 4368 4369 4370 4371 4372 4373 4374 4375 4376 4377 4378 4379 4380 4381 4382 4383 4384 4385 4386 4387 4388 4389 4390 4391 4392 4393 4394 4395 4396 4397 4398 4399 4400 4401 4402 4403 4404 4405 4406 4407 4408 4409 4410 4411 4412 4413 4414 4415 4416 4417 4418 4419 4420 4421 4422 4423 4424 4425 4426 4427 4428 4429 4430 4431 4432 4433 4434 4435 4436 4437 4438 4439 4440 4441 4442 4443 4444 4445 4446 4447 4448 4449 4450 4451 4452 4453 4454 4455 4456 4457 4458 4459 4460 4461 4462 4463 4464 4465 4466 4467 4468 4469 4470 4471 4472 4473 4474 4475 4476 4477 4478 4479 4480 4481 4482 4483 4484 4485 4486 4487 4488 4489 4490 4491 4492 4493 4494 4495 4496 4497 4498 4499 4500 4501 4502 4503 4504 4505 4506 4507 4508 4509 4510 4511 4512 4513 4514 4515 4516 4517 4518 4519 4520 4521 4522 4523 4524 4525 4526 4527 4528 4529 4530 4531 4532 4533 4534 4535 4536 4537 4538 4539 4540 4541 4542 4543 4544 4545 4546 4547 4548 4549 4550 4551 4552 4553 4554 4555 4556 4557 4558 4559 4560 4561 4562 4563 4564 4565 4566 4567 4568 4569 4570 4571 4572 4573 4574 4575 4576 4577 4578 4579 4580 4581 4582 4583 4584 4585 4586 4587 4588 4589 4590 4591 4592 4593 4594 4595 4596 4597 4598 4599 4600 4601 4602 4603 4604 4605 4606 4607 4608 4609 4610 4611 4612 4613 4614 4615 4616 4617 4618 4619 4620 4621 4622 4623 4624 4625 4626 4627 4628 4629 4630 4631 4632 4633 4634 4635 4636 4637 4638 4639 4640 4641 4642 4643 4644 4645 4646 4647 4648 4649 4650 4651 4652 4653 4654 4655 4656 4657 4658 4659 4660 4661 4662 4663 4664 4665 4666 4667 4668 4669 4670 4671 4672 4673 4674 4675 4676 4677 4678 4679 4680 4681 4682 4683 4684 4685 4686 4687 4688 4689 4690 4691 4692 4693 4694 4695 4696 4697 4698 4699 4700 4701 4702 4703 4704 4705 4706 4707 4708 4709 4710 4711 4712 4713 4714 4715 4716 4717 4718 4719 4720 4721 4722 4723 4724 4725 4726 4727 4728 4729 4730 4731 4732 4733 4734 4735 4736 4737 4738 4739 4740 4741 4742 4743 4744 4745 4746 4747 4748 4749 4750 4751 4752 4753 4754 4755 4756 4757 4758 4759 4760 4761 4762 4763 4764 4765 4766 4767 4768 4769 4770 4771 4772 4773 4774 4775 4776 4777 4778 4779 4780 4781 4782 4783 4784 4785 4786 4787 4788 4789 4790 4791 4792 4793 4794 4795 4796 4797 4798 4799 4800 4801 4802 4803 4804 4805 4806 4807 4808 4809 4810 4811 4812 4813 4814 4815 4816 4817 4818 4819 4820 4821 4822 4823 4824 4825 4826 4827 4828 4829 4830 4831 4832 4833 4834 4835 4836 4837 4838 4839 4840 4841 4842 4843 4844 4845 4846 4847 4848 4849 4850 4851 4852 4853 4854 4855 4856 4857 4858 4859 4860 4861 4862 4863 4864 4865 4866 4867 4868 4869 4870 4871 4872 4873 4874 4875 4876 4877 4878 4879 4880 4881 4882 4883 4884 4885 4886 4887 4888 4889 4890 4891 4892 4893 4894 4895 4896 4897 4898 4899 4900 4901 4902 4903 4904 4905 4906 4907 4908 4909 4910 4911 4912 4913 4914 4915 4916 4917 4918 4919 4920 4921 4922 4923 4924 4925 4926 4927 4928 4929 4930 4931 4932 4933 4934 4935 4936 4937 4938 4939 4940 4941 4942 4943 4944 4945 4946 4947 4948 4949 4950 4951 4952 4953 4954 4955 4956 4957 4958 4959 4960 4961 4962 4963 4964 4965 4966 4967 4968 4969 4970 4971 4972 4973 4974 4975 4976 4977 4978 4979 4980 4981 4982 4983 4984 4985 4986 4987 4988 4989 4990 4991 4992 4993 4994 4995 4996 4997 4998 4999 5000 5001 5002 5003 5004 5005 5006 5007 5008 5009 5010 5011 5012 5013 5014 5015 5016 5017 5018 5019 5020 5021 5022 5023 5024 5025 5026 5027 5028 5029 5030 5031 5032 5033 5034 5035 5036 5037 5038 5039 5040 5041 5042 5043 5044 5045 5046 5047 5048 5049 5050 5051 5052 5053 5054 5055 5056 5057 5058 5059 5060 5061 5062 5063 5064 5065 5066 5067 5068 5069 5070 5071 5072 5073 5074 5075 5076 5077 5078 5079 5080 5081 5082 5083 5084 5085 5086 5087 5088 5089 5090 5091 5092 5093 5094 5095 5096 5097 5098 5099 5100 5101 5102 5103 5104 5105 5106 5107 5108 5109 5110 5111 5112 5113 5114 5115 5116 5117 5118 5119 5120 5121 5122 5123 5124 5125 5126 5127 5128 5129 5130 5131 5132 5133 5134 5135 5136 5137 5138 5139 5140 5141 5142 5143 5144 5145 5146 5147 5148 5149 5150 5151 5152 5153 5154 5155 5156 5157 5158 5159 5160 5161 5162 5163 5164 5165 5166 5167 5168 5169 5170 5171 5172 5173 5174 5175 5176 5177 5178 5179 5180 5181 5182 5183 5184 5185 5186 5187 5188 5189 5190 5191 5192 5193 5194 5195 5196 5197 5198 5199 5200 5201 5202 5203 5204 5205 5206 5207 5208 5209 5210 5211 5212 5213 5214 5215 5216 5217 5218 5219 5220 5221 5222 5223 5224 5225 5226 5227 5228 5229 5230 5231 5232 5233 5234 5235 5236 5237 5238 5239 5240 5241 5242 5243 5244 5245 5246 5247 5248 5249 5250 5251 5252 5253 5254 5255 5256 5257 5258 5259 5260 5261 5262 5263 5264 5265 5266 5267 5268 5269 5270 5271 5272 5273 5274 5275 5276 5277 5278 5279 5280 5281 5282 5283 5284 5285 5286 5287 5288 5289 5290 5291 5292 5293 5294 5295 5296 5297 5298 5299 5300 5301 5302 5303 5304 5305 5306 5307 5308 5309 5310 5311 5312 5313 5314 5315 5316 5317 5318 5319 5320 5321 5322 5323 5324 5325 5326 5327 5328 5329 5330 5331 5332 5333 5334 5335 5336 5337 5338 5339 5340 5341 5342 5343 5344 5345 5346 5347 5348 5349 5350 5351 5352 5353 5354 5355 5356 5357 5358 5359 5360 5361 5362 5363 5364 5365 5366 5367 5368 5369 5370 5371 5372 5373 5374 5375 5376 5377 5378 5379 5380 6545 5381 5382 5383 5384 5385 5386 5387 5388 5389 5390 5391 5392 5393 5394 5395 5396 5397 5398 5399 5400 5401 5402 5403 5404 5405 5406 5407 5408 5409 5410 5411 5412 5413 5414 5415 5416 5417 5418 5419 5420 5421 5422 5423 5424 5425 5426 5427 5428 5429 5430 5431 5432 5433 5434 5435 5436 5437 5438 5439 5440 5441 5442 5443 5444 5445 5446 5447 5448 5449 5450 5451 5452 5453 5454 5455 5456 5457 5458 5459 5460 5461 5462 5463 5464 5465 5466 5467 5468 5469 5470 5471 5472 5473 5474 5475 5476 5477 5478 5479 5480 5481 5482 5483 5484 5485 5486 5487 5488 5489 5490 5491 5492 5493 5494 5495 5496 5497 5498 5499 5500 5501 5502 5503 5504 5505 5506 5507 5508 5509 5510 5511 5512 5513 5514 5515 5516 5517 5518 5519 5520 5521 5522 5523 5524 5525 5526 5527 5528 5529 5530 5531 5532 5533 5534 5535 5536 5537 5538 5539 5540 5541 5542 5543 5544 5545 5546 5547 5548 5549 5550 5551 5552 5553 5554 5555 5556 5557 5558 5559 5560 5561 5562 5563 5564 5565 5566 5567 5568 5569 5570 5571 5572 5573 5574 5575 5576 5577 5578 5579 5580 5581 5582 5583 5584 5585 5586 5587 5588 5589 5590 5591 5592 5593 5594 5595 5596 5597 5598 5599 5600 5601 5602 5603 5604 5605 5606 5607 5608 5609 5610 5611 5612 5613 5614 5615 5616 5617 5618 5619 5620 5621 5622 5623 5624 5625 5626 5627 5628 5629 5630 5631 5632 5633 5634 5635 5636 5637 5638 5639 5640 5641 5642 5643 5644 5645 5646 5647 5648 5649 5650 5651 5652 5653 5654 5655 5656 5658 5659 5660 5661 5662 5663 5664 5665 5666 5667 5668 5669 5670 5671 5672 5673 5674 5675 5676 5677 5678 5679 5680 5681 5682 5683 5684 5685 5686 5687 5688 5689 5690 5691 5692 5693 5694 5695 5696 5697 5698 5699 5700 5701 5702 5703 5704 5705 5706 5707 5708 5709 5710 5711 5712 5713 5714 5715 5716 5717 5718 5719 5720 5721 5722 5723 5724 5725 5726 5727 5728 5729 5730 5731 5732 5733 5734 5735 5736 5737 5738 5739 5740 5741 5742 5743 5744 5745 5746 5747 5748 5749 5750 5751 5752 5753 5754 5755 5756 5757 5758 5759 5760 5761 5762 5763 5764 5765 5766 5767 5768 5769 5770 5771 5772 5773 5774 5775 5776 5777 5778 5779 5780 5781 5782 5783 5784 5785 5786 5787 5788 5789 5790 5791 5792 5793 5794 5795 5796 5797 5798 5799 5800 5801 5802 5803 5804 5805 5806 5807 5808 5809 5810 5811 5812 5813 5814 5815 5816 5817 5818 5819 5820 5821 5822 5823 5824 5825 5826 5827 5828 5829 5830 5831 5832 5833 5834 5835 5836 5837 5838 5839 5840 5841 5842 5843 5844 5845 5846 5847 5848 5849 5850 5851 5852 5853 5854 5855 5856 5857 5858 5859 5860 5861 5862 5863 5864 5865 5866 5867 5868 5869 5870 5871 5872 5873 5874 5875 5876 5877 5878 5879 5880 5881 5882 5883 5884 5885 5886 5887 5888 5889 5890 5891 5892 5893 5894 5895 5896 5897 5898 5899 5900 5901 5902 5903 5904 5905 5906 5907 5908 5909 5910 5911 5912 5913 5914 5915 5916 5917 5918 5919 5920 5921 5922 5923 5924 5925 5926 5927 5928 5929 5930 5931 5932 5933 5934 5935 5936 5937 5938 5939 5940 5941 5942 5943 5944 5945 5946 5947 5948 5949 5950 5951 5952 5953 5954 5955 5956 5957 5958 5959 5960 5961 5962 5963 5964 5965 5966 5967 5968 5969 5970 5971 5972 5973 5974 5975 5976 5977 5978 5979 5980 5981 5982 5983 5984 5985 5986 5987 5988 5989 5990 5991 5992 5993 5994 5995 5996 5997 5998 5999 6000 6001 6002 6003 6004 6005 6006 6007 6008 6009 6010 6011 6012 6013 6014 6015 6016 6017 6018 6019 6020 6021 6022 6023 6024 6025 6026 6027 6028 6029 6030 6031 6032 6033 6034 6035 6036 6037 6038 6039 6040 6041 6042 6043 6044 6045 6046 6047 6048 6049 6050 6051 6052 6053 6054 6055 6056 6057 6058 6059 6060 6061 6062 6063 6064 6065 6066 6067 6068 6069 6070 6071 6072 6073 6074 6075 6076 6077 6078 6079 6080 6081 6082 6083 6084 6085 6086 6087 6088 6089 6090 6091 6092 6093 6094 6095 6096 6097 6098 6099 6100 6101 6102 6103 6104 6105 6106 6107 6108 6109 6110 6111 6112 6113 6114 6115 6116 6117 6118 6119 6120 6121 6122 6123 6124 6125 6126 6127 6128 6129 6130 6131 6132 6133 6134 6135 6136 6137 6138 6139 6140 6141 6142 6143 6144 6145 6146 6147 6148 6149 6150 6151 6152 6153 6154 6155 6156 6157 6158 6159 6160 6161 6162 6163 6164 6165 6166 6167 6168 6169 6170 6171 6172 6173 6174 6175 6176 6177 6178 6179 6180 6181 6182 6183 6184 6185 6186 6187 6188 6189 6190 6191 6192 6193 6194 6195 6196 6197 6198 6199 6200 6201 6202 6203 6204 6205 6206 6207 6208 6209 6210 6211 6212 6213 6214 6215 6216 6217 6218 6219 6220 6221 6222 6223 6224 6225 6226 6227 6228 6229 6230 6231 6232 6233 6234 6235 6236 6237 6238 6239 6240 6241 6242 6243 6244 6546 6245 6246 6247 6248 6249 6250 6251 6252 6253 6254 6255 6256 6257 6258 6259 6260 6261 6262 6263 6264 6265 6547 6266 6267 6268 6269 6270 6271 6272 6273 6274 6275 6276 6277 6278 6279 6280 6281 6282 6283 6284 6285 6286 6287 6288 6289 6290 6291 6292 6293 6294 6295 6296 6297 6298 6299 6300 6301 6302 6303 6304 6305 6306 6307 6308 6309 6310 6311 6312 6313 6314 6315 6316 6317 6318 6319 6320 6321 6322 6323 6324 6325 6326 6327 6328 6329 6330 6331 6332 6333 6334 6335 6336 6337 6338 6339 6340 6341 6342 6343 6344 6345 6346 6347 6348 6349 6350 6351 6352 6353 6354 6355 6356 6357 6358 6359 6360 6361 6362 6363 6364 6365 6366 6367 6368 6369 6370 6371 6372 6373 6374 6375 6376 6377 6378 6379 6380 6381 6382 6383 6384 6385 6386 6387 6388 6389 6390 6391 6392 6393 6394 6395 6396 6397 6398 6399 6400 6401 6402 6403 6404 6405 6406 6407 6408 6409 6410 6411 6412 6413 6414 6415 6416 6417 6418 6419 6420 6421 6422 6423 6424 6425 6426 6427 6428 6429 6430 6431 6432 6433 6434 6435 6436 6437 6438 6439 6440 6441 6442 6443 6444 6445 6446 6447 6448 6449 6450 6451 6452 6453 6454 6455 6456 6457 6458 6459 6460 6461 6462 6463 6464 6465 6466 6467 6468 6469 6470 6471 6472 6473 6474 6475 6476 6477 6478 6479 6480 6481 6482 6483 6484 6485 6486 6487 6488 6489 6490 6491 6492 6493 6494 6495 6496 6497 6498 6499 6500 6501 6502 6503 6504 6505 6506 6507 6508 6509 6510 6511 6512 6513 6514 6515 6516 6517 6518 6519 6520 6521 6522 6523 6524 6525 6526 6527 6528 6529 6530 6531 6532 6533 6534 6535 6536 6537 6538 6539 6540 6541 6542 6543 6544
p1:2 A 0 1 2 3 4 5 6 7 8 9 10 11 12 13 14 15 16 17 18 19 20 21 22 23 24 25 26 27 28 29 30 31 32 33 34 35 36 37 38 39 40 41 42 43 44 45 46 47 48 49 50 51 52 53 54 55 56 57 58 59 60 61 62 63 64 65 66 67 68 69 70 71 72 73 74 75 76 77 78 79 80 81 82 83 84 85 86 87 88 89 90 91 92 93 94 95 96 97 98 99 100 101 102 103 104 105 106 107 108 109 110 111 112 113 114 115 116 117 118 119 120 121 122 123 124 125 126 127 128 129 130 131 132 133 134 135 136 137 138 139 140 141 142 143 144 145 146 147 148 149 150 151 152 153 154 155 156 157 158 159 160 161 162 163 164 165 166 167 168 169 170 171 172 173 174 175 176 177 178 179 180 181 182 183 184 185 186 187 188 189 190 191 192 193 194 195 196 197 198 199 200 201 202 203 204 205 206 207 208 209 210 211 212 213 214 215 216 217 218 219 220 221 222 223 224 225 226 227 228 229 230 231 232 233 234 235 236 237 238 239 240 241 242 243 244 245 246 247 248 249 250 251 252 253 254 255 256 257 258 259 260 261 262 263 264 265 266 267 268 269 270 271 272 273 274 275 276 277 278 279 280 281 282 283 284 285 286 287 288 289 290 291 292 293 294 295 296 297 298 299 300 301 302 303 304 305 306 307 308 309 310 311 312 313 314 315 316 317 318 319 320 321 322 323 324 325 326 327 328 329 330 331 332 333 334 335 336 337 338 339 340 341 342 343 344 345 347 348 349 350 351 352 353 354 355 356 357 358 359 360 361 362 363 364 365 366 367 368 369 370 371 372 373 374 375 376 377 378 379 380 381 382 383 384 385 386 387 388 389 390 391 392 393 394 395 396 397 398 399 400 401 402 403 404 405 406 407 408 409 410 411 412 413 414 415 416 417 418 419 420 421 422 423 424 425 426 427 428 429 6548 430 431 432 433 434 435 436 437 438 439 440 441 442 443 444 445 446 447 448 449 450 451 452 453 454 455 456 457 458 459 460 461 462 463 464 465 466 467 468 469 470 471 472 473 474 475 476 477 478 479 480 481 482 483 484 485 486 487 488 489 490 491 492 493 494 495 496 497 498 499 500 501 502 503 504 505 506 507 508 509 510 511 512 513 514 515 516 517 518 519 520 521 522 523 524 525 526 527 528 529 530 531 532 533 534 535 536 537 538 539 540 541 542 543 544 545 546 547 548 549 550 551 552 553 554 555 556 557 558 559 560 561 562 563 564 565 566 567 568 569 570 571 572 573 574 575 576 577 578 579 580 581 582 583 584 585 586 587 588 589 590 591 592 593 594 595 596 597 598 599 600 601 602 603 604 605 606 607 608 609 610 611 612 613 614 615 616 617 618 619 620 621 622 623 624 625 626 627 628 629 630 631 632 633 634 635 636 637 638 639 640 641 642 643 644 645 646 647 648 649 650 651 652 653 654 655 656 657 658 659 660 661 662 663 664 665 666 667 668 669 670 671 672 673 674 675 676 677 678 679 680 681 682 683 684 685 686 687 688 689 690 691 692 693 694 695 696 697 698 699 700 701 702 703 704 705 706 707 708 709 710 711 712 713 714 715 716 717 718 719 720 721 722 723 724 725 726 727 728 729 730 731 732 733 734 735 736 737 738 739 740 741 742 743 744 745 746 747 748 749 750 751 752 753 754 755 756 757 758 759 760 761 762 763 764 765 766 767 768 769 770 771 772 773 774 775 776 777 778 779 780 781 782 783 784 785 786 787 788 789 790 791 792 793 794 795 796 797 798 799 800 801 802 803 804 805 806 807 808 809 810 811 812 813 814 815 816 817 818 819 820 821 822 823 824 825 826 827 828 829 830 831 832 833 834 835 836 837 838 839 840 841 842 843 844 845 846 847 848 849 850 851 852 853 854 855 856 857 858 859 860 861 862 863 864 865 866 867 868 869 870 871 872 873 874 875 876 877 878 879 880 881 882 883 884 885 886 887 888 889 890 891 892 893 894 895 896 897 898 899 900 901 902 903 904 905 906 907 908 909 910 911 912 913 914 915 916 917 918 919 920 921 922 923 924 925 926 927 928 929 930 931 932 933 934 935 936 937 938 939 940 942 943 944 945 946 947 948 949 950 951 952 953 954 955 956 957 958 959 6549 960 961 962 963 964 965 966 967 968 969 970 971 972 973 974 975 976 977 978 979 980 981 982 983 984 985 986 987 988 989 990 991 992 993 994 995 996 997 998 999 1000 1001 1002 1003 1004 1005 1006 1007 1008 1009 1010 1011 1012 1013 1014 1015 1016 1017 1018 1019 1020 1021 1022 1023 1024 1025 1026 1027 1028 1029 1030 1031 1032 1033 1034 1035 1036 1037 1038 1039 1040 1041 1042 1043 1044 1045 1046 1047 1048 1049 1050 1051 1052 1053 1054 1055 1056 1057 1058 1059 1060 1061 1062 1063 1064 1065 1066 1067 1068 1069 1070 1071 1072 1073 1074 1075 1076 1077 1078 1079 1080 1081 1082 1083 1084 1085 1086 1087 1088 1089 1090 1091 1092 1093 1094 1095 1096 1097 1098 1099 1100 1101 1102 1103 1104 1105 1106 1107 1108 1109 1110 1111 1112 1113 1114 1115 1116 1117 1118 1119 1120 1121 1122 1123 1124 1125 1126 1127 1128 1129 1130 1131 1132 1133 1134 1135 1136 1137 1138 1139 1140 1141 1142 1143 1144 1145 1146 1147 1148 1149 1150 1151 1152 1153 1154 1155 1156 1157 1158 1159 1160 1161 1162 1163 1164 1165 1166 1167 1168 1169 1170 1171 1172 1173 1174 1175 1176 1177 1178 1179 1180 1181 1182 1183 1184 1185 1186 1187 1188 1189 1190 1191 1192 1193 1194 1195 1196 1197 1198 1199 1200 1201 1202 1203 1204 1205 1206 1207 1208 1209 1210 1211 1212 1213 1214 1215 1216 1217 1218 1219 1220 1221 1222 1223 1224 1225 1226 1227 1228 1229 1230 1231 1232 1233 1234 1235 1236 1237 1238 1239 1240 1241 1242 1243 1244 1245 1246 1247 1248 1249 1250 1251 1252 1253 1254 1255 1256 1257 1258 1259 1260 1261 1262 1263 1264 1265 1266 1267 1268 1269 1270 1271 1272 1273 1274 1275 1276 1277 1278 1279 1280 1281 1282 1283 1284 1285 1286 1287 1288 1289 1290 1291 1292 1293 1294 1295 1296 1297 1298 1299 1300 1301 1302 1303 1304 1305 1306 1307 1308 1309 1310 1311 1312 1313 1314 1315 1316 1317 1318 1319 1320 1321 1322 1323 1324 1325 1326 1327 1328 1329 1330 1331 1332 1333 1334 1335 1336 1337 1338 1339 1340 1341 1342 1343 1344 1345 1346 1347 1348 1349 1350 1351 1352 1353 1354 1355 1356 1357 1358 1359 1360 1361 1362 1363 1364 1365 1366 1367 1368 1369 1370 1371 1372 1373 1374 1375 1376 1377 1378 1379 1380 1381 1382 1383 1384 1385 1386 1387 1388 1389 1390 1391 1392 1393 1394 1395 1396 1397 1398 1399 1400 1401 1402 1403 1404 1405 1406 1407 1408 1409 1410 1411 1412 1413 1414 1415 1416 1417 1418 1419 1420 1421 1422 1423 1424 1425 1426 1427 1428 1429 1430 1431 1432 1433 1434 1435 1436 1437 1438 1439 1440 1441 1442 1443 1444 1445 1446 1447 1448 1449 1450 1451 1452 1453 1454 1455 1456 1457 1458 1459 1460 1461 1462 1463 1464 1465 1466 1467 1468 1469 1470 1471 1472 1473 1474 1475 1476 1477 1478 1479 1480 1481 1482 1483 1484 1485 1486 1487 1488 1489 1490 1491 1492 1493 1494 1495 1496 1497 1498 1499 1500 1501 1502 1503 1504 1505 1506 1507 1508 1509 1510 1511 1512 1513 1514 1515 1516 1517 1518 1519 1520 1521 1522 1523 1524 1525 1526 1527 1528 1529 1530 1531 1532 1533 1534 1535 1537 1538 1539 1540 1541 1542 1543 1544 1545 1546 1547 1548 1549 1550 1551 1552 1553 1554 1555 1556 1557 1558 1559 1560 1561 1562 1563 1564 1565 1566 1567 1568 1569 1570 1571 1572 1573 1574 1575 1576 1577 1578 1579 1580 1581 1582 1583 1584 1585 1586 1587 1588 1589 1590 1591 1592 1593 1594 1595 1596 1597 1598 1599 1600 1601 1602 1603 1604 1605 1606 1607 1608 1609 1610 1611 1612 1613 1614 1615 1616 1617 1618 1619 1620 1621 1622 1623 1624 1625 1626 1627 1628 1629 1630 1631 1632 1633 1634 1635 1636 1637 1638 1639 1640 1641 1642 1643 1644 1645 1646 1647 1648 1649 1650 1651 1652 1653 1654 1655 1656 1657 1658 1659 1660 1661 1662 1663 1664 1665 1666 1667 1668 1669 1670 1671 1672 1673 1674 1675 1676 1677 1678 1679 1680 1681 1682 1683 1684 1685 1686 1687 1688 1689 1690 1691 1692 1693 1694 1695 1696 1697 1698 1699 1700 1701 1702 1703 1704 1705 1706 1707 1708 1709 1710 1711 1712 1713 1714 1715 1716 1717 1718 1719 1720 1721 1722 1723 1724 1725 1726 1727 1728 1729 1730 1731 1732 1733 1734 1735 1736 1737 1738 1739 1740 1741 1742 1743 1744 1745 1746 1747 1748 1749 1750 1751 1752 1753 1754 1755 1756 1757 1758 1759 1760 1761 1762 1763 1764 1765 1766 1767 1768 1769 1770 1771 1772 1773 1774 1775 1776 1777 1778 1779 1780 1781 1782 1783 1784 1785 1786 1787 1788 1789 1790 1791 1792 1793 1794 1795 1796 1797 1798 1799 1800 1801 1802 1803 1804 1805 1806 1807 1808 1809 1810 1811 1812 1813 1814 1815 1816 1817 1818 1819 1820 1821 1822 1823 1824 1825 1826 1827 1828 1829 1830 1831 1832 1833 1834 1835 1836 1837 1838 1839 1840 1841 1842 1843 1844 1845 1846 1847 1848 1849 1850 1851 1852 1853 1854 1855 1856 1857 1858 1859 1860 1861 1862 1863 1864 1865 1866 1867 1868 1869 1870 1871 1872 1873 1874 1875 1876 1877 1878 1879 1880 1881 1882 1883 1884 1885 1886 1887 1888 1889 1890 1891 1892 1893 1894 1895 1896 1897 1898 1899 1900 1901 1902 1903 1904 1905 1906 1907 1908 1909 1910 1911 1912 1913 1914 1915 1916 1917 1918 1919 1920 1921 1922 1923 1924 1925 1926 1927 1928 1929 1930 1931 1932 1933 1934 1935 1936 1937 1938 1939 1940 1941 1942 1943 1944 1945 1946 1947 1948 1949 1950 1951 1952 1953 1954 1955 1956 1957 1958 1959 1960 1961 1962 1963 1964 1965 1966 1967 1968 1969 1970 1971 1972 1973 1974 1975 1976 1977 1978 1979 1980 1981 1982 1983 1984 1985 1986 1987 1988 1989 1990 1991 1992 1993 1994 1995 1996 1997 1998 1999 2000 2001 2002 2003 2004 2005 2006 2007 2008 2009 2010 2011 2012 2013 2014 2015 2016 2017 2018 2019 2020 2021 2022 2023 2024 2025 2026 2027 2028 2029 2030 2031 2032 2033 2034 2035 2036 2037 2038 2039 2040 2041 2042 2043 2044 2045 2046 2047 2048 2049 2050 2051 2052 2053 2054 2055 2056 2057 2058 2059 2060 2061 2062 2063 2064 2065 2066 2067 2068 2069 2070 2071 2072 2073 2074 2075 2076 2077 2078 2079 2080 2081 2082 2083 2084 2085 2086 2087 2088 2089 2090 2091 2092 2093 2094 2095 2096 2097 2098 2099 2100 2101 2102 2103 2104 2105 2106 2107 2108 2109 2110 2111 2112 2113 2114 2115 2116 2117 2118 2119 2120 2121 2122 2123 2124 2125 2126 2127 2128 2129 2130 2131 2132 2133 2134 2135 2136 2137 2138 2139 2140 2141 2142 2143 2144 2145 2146 2147 2148 2149 2150 2151 2152 2153 2154 2155 2156 2157 2158 2159 2160 2161 2162 2163 2164 2165 2166 2167 2168 2169 2170 2171 2172 2173 2174 2175 2176 2177 2178 2179 2180 2181 2182 2183 2184 2185 2186 2187 2188 2189 2190 2191 2192 2193 2194 2195 2196 2197 2198 2199 2200 2201 2202 2203 2204 2205 2206 2207 2208 2209 2210 2211 2212 2213 2214 2215 2216 2217 2218 2219 2220 2221 2222 2223 2224 2225 2226 2227 2228 2229 2230 2231 2232 2233 2234 2235 2236 2237 2238 2239 2240 2241 2242 2243 2244 2245 2246 2247 2248 2249 2250 2251 2252 2253 2254 2255 2256 2257 2258 2259 2260 2261 2262 2263 2264 2265 2266 2267 2268 2269 2270 2271 2272 2273 2274 2275 2276 2277 2278 2279 2280 2281 2282 2283 2284 2285 2286 2287 2288 2289 2290 2291 2292 2293 2294 2295 2296 2297 2298 2299 2300 2301 2302 2303 2304 2305 2306 2307 2308 2309 2310 2311 2312 2313 2314 2315 2316 2317 2318 2319 2320 2321 2322 2323 2324 2325 2326 2327 2328 2329 2330 2331 2332 2333 2334 2335 2336 2337 2338 2339 2340 2341 2342 2343 2344 2345 2346 2347 2348 2349 2350 2351 2352 2353 2354 2355 2356 2357 2358 2359 2360 2361 2362 2363 2364 2365 2366 2367 2368 2369 2370 2371 2372 2373 2374 2375 2376 2377 2378 2379 2380 2381 2382 2383 2384 2385 2386 2387 2388 2389 2390 2391 2392 2393 2394 2395 2396 2397 2398 2399 2400 2401 2402 2403 2404 2405 2406 2407 2408 2409 2410 2411 2412 2413 2414 2415 2416 2417 2418 2419 2420 2421 2422 2423 2424 2425 2426 2427 2428 2429 2430 2431 2432 2433 2434 2435 2436 2437 2438 2439 2440 2441 2442 2443 2444 2445 2446 2447 2448 2449 2450 2451 2452 2453 2454 2455 2456 2457 2458 2459 2460 2461 2462 2463 2464 2465 2466 2467 2468 2469 2470 2471 2472 2473 2474 2475 2476 2477 2478 2479 2480 2481 2482 2483 2484 2485 2486 2487 2488 2489 2490 2491 2492 2493 2494 2495 2496 2497 2498 2499 2500 2501 2502 2503 2504 2505 2506 2507 2508 2509 2510 2511 2512 2513 2514 2515 2516 2517 2518 2519 2520 2521 2522 2523 2524 2525 2526 2527 2528 2529 2530 2531 2532 2533 2534 2535 2536 2537 2538 2539 2540 2541 2542 2543 2544 2545 2546 2547 2548 2549 2550 2551 2552 2553 2554 2555 2556 2557 2558 2559 2560 2561 2562 2563 2564 2565 2566 2567 2568 2569 2570 2571 2572 2573 2574 2575 2576 2577 2578 2579 2580 2581 2582 2583 2584 2585 2586 2587 2588 2589 2590 2591 2592 2593 2594 2595 2596 2597 2598 2599 2600 2601 2602 2603 2604 2605 2606 2607 2608 2609 2610 2611 2612 2613 2614 2615 2616 2617 2618 2619 2620 2621 2622 2623 2624 2625 2626 2627 2628 2629 2630 2631 2632 2633 2634 2635 2636 2637 2638 2639 2640 2641 2642 2643 2644 2645 2646 2647 2648 2649 2650 2651 2652 2653 2654 2656 2657 2658 2659 2660 2661 2662 2663 2664 2665 2666 2667 2668 2669 2670 2671 2672 2673 2674 2675 2676 2677 2678 2679 2680 2681 2682 2683 2684 2685 2686 2687 2688 2689 2690 2691 2692 2693 2694 2695 2696 2697 2698 2699 2700 2701 2702 2703 2704 2705 2706 2707 2708 2709 2710 2711 2712 2713 2714 2715 2716 2717 2718 2719 2720 2721 2722 2723 2724 2725 2726 2727 2728 2729 2730 2731 2732 2733 2734 2735 2736 2737 2738 2739 2740 2741 2742 2743 2744 2745 2746 2747 2748 2749 2750 2751 2752 2753 2754 2755 2756 2757 2758 2759 2760 2761 2762 2763 2764 2765 2766 2767 2768 2769 2770 2771 2772 2773 2774 2775 2776 2777 2778 2779 2780 2781 2782 2783 2784 2785 2786 2787 2788 2789 2790 2791 2792 2793 2794 2795 2796 2797 2798 2799 2800 2801 2802 2803 2804 2805 2806 2807 2808 2809 2810 2811 2812 2813 2814 2815 2816 2817 2818 2819 2820 2821 2822 2823 2824 2825 2826 2827 2828 2829 2830 2831 2832 2833 2834 2835 2836 2837 2838 2839 2840 2841 2842 2843 2844 2845 2846 2847 2848 2849 2850 2851 2852 2853 2854 2855 2856 2857 2858 2859 2860 2861 2862 2863 2864 2865 2866 2867 2868 2869 2870 2871 2872 2873 2874 2875 2876 2877 2878 2879 2880 2881 2882 2883 2884 2885 2886 2887 2888 2889 2890 2891 2892 2893 2894 2895 2896 2897 2898 2899 2900 2901 2902 2903 2904 2905 2906 2907 2908 2909 2910 2911 2912 2913 2914 2915 2916 2917 2918 2919 2920 2921 2922 2923 2924 2925 2926 2927 2928 2929 2930 2931 2932 2933 2934 2935 2936 2937 2938 2939 2940 2941 2942 2943 2944 2945 2946 2947 2948 2949 2950 2951 2952 2953 2954 2955 2956 2957 2958 2959 2960 2961 2962 2963 2964 2965 2966 2967 2968 2969 2970 2971 2972 2973 2974 2975 2976 2977 2978 2979 2980 2981 2982 2983 2984 2985 2986 2987 2988 2989 2990 2991 2992 2993 2994 2995 2996 2997 2998 2999 3000 3001 3002 3003 3004 3005 3006 3007 3008 3009 3010 3011 3012 3013 3014 3015 3016 3017 3018 3019 3020 3021 3022 3023 3024 3025 3026 3027 3028 3029 3030 3031 3032 3033 3034 3035 3036 3037 3038 3039 3040 3041 3042 3043 3044 3045 3046 3047 3048 3049 3050 3051 3052 3053 3054 3055 3056 3057 3058 3059 3060 3061 3062 3063 3064 3065 3066 3067 3068 3069 3070 3071 3072 3073 3074 3075 3076 3077 3078 3079 3080 3081 3082 3083 3084 3085 3086 3087 3088 3089 3090 3091 3092 3093 3094 3095 3096 3097 3098 3099 3100 3101 3102 3103 3104 3105 3106 3107 3108 3109 3110 3111 3112 3113 3114 3115 3116 3117 3118 3119 3120 3121 3122 3123 3124 3125 3126 3127 3128 3129 3130 3131 3132 3133 3134 3135 3136 3137 3138 3139 3140 3141 3142 3143 3144 3145 3146 3147 3148 3149 3150 3151 3152 3153 3154 3155 3156 3157 3158 3159 3160 3161 3162 3163 3164 3165 3166 3167 3168 3169 3170 3171 3172 3173 3174 3175 3176 3177 3178 3179 3180 3181 3182 3183 3184 3185 3186 3187 3188 3189 3190 3191 3192 3193 3194 3195 3196 3197 3198 3199 3200 3201 3202 3203 3204 3205 3206 3207 3208 3209 3210 3211 3212 3213 3214 3215 3216 3217 3218 3219 3220 3221 3222 3223 3224 3225 3226 3227 3228 3229 3230 3231 3232 3233 3234 3235 3236 3237 3238 3239 3240 3241 3242 3243 3244 3245 3246 3247 3248 3249 3250 3251 3252 3253 3254 3255 3256 3257 3258 3259 3260 3261 3262 3263 3264 3265 3266 3267 3268 3269 3270 3271 3272 3273 3274 3275 3276 3277 3278 3279 3280 3281 3282 3283 3284 3285 3286 3287 3288 3289 3290 3291 3292 3293 3294 3295 3296 3297 3298 3299 3300 3301 3302 3303 3304 3305 3306 3307 3308 3309 3310 3311 3312 3313 3314 3315 3316 3317 3318 3319 3320 3321 3322 3323 3324 3325 3326 3327 3328 3329 3330 3331 3332 3333 3334 3335 3336 3337 3338 3339 3340 3341 3342 3343 3344 3345 3346 3347 3348 3349 3350 3351 3352 3353 3354 3355 3356 3357 3358 3359 3360 3361 3362 3363 3364 3365 3366 3367 3368 3369 3370 3371 3372 3373 3374 3375 3376 3377 3378 3379 3380 3381 3382 3383 3384 3385 3386 3387 3388 3389 3390 3391 3392 3393 3394 3395 3396 3397 3398 3399 3400 3401 3402 3403 3404 3405 3406 3407 3408 3409 3410 3411 3412 3413 3414 3415 3416 3417 3418 3419 3420 3421 3422 3423 3424 3425 3426 3427 3428 3429 3430 3431 3432 3433 3434 3435 3436 3437 3438 3439 3440 3441 3442 3443 3444 3445 3446 3447 3448 3449 3450 3451 3452 3453 3454 3455 3456 3457 3458 3459 3460 3461 3462 3463 3464 3465 3466 3467 3468 3469 3470 3471 3472 3473 3474 3475 3476 3477 3478 3479 3480 3481 3482 3483 3484 3485 3486 3487 3488 3489 3490 3491 3492 3493 3494 3495 3496 3497 3498 3499 3500 3501 3502 3503 3504 3505 3506 3507 3508 3509 3510 3511 3512 3513 3514 3515 3516 3517 3518 3519 3520 3521 3522 3523 3524 3525 3526 3527 3528 3529 3530 3531 3532 3533 3534 3535 3536 3537 3538 3539 3540 3541 3542 3543 3544 3545 3546 3547 3548 3549 3550 3551 3552 3553 3554 3555 3556 3557 3558 3559 3560 3561 3562 3563 3564 3565 3566 3567 3568 3569 3570 3571 3572 3573 3574 3575 3576 3577 3578 3579 3580 3581 3582 3583 3584 3585 3586 3587 3588 3589 3590 3591 3592 3593 3594 3595 3596 3597 3598 3599 3600 3601 3602 3603 3604 3605 3606 3607 3608 3609 3610 3611 3612 3613 3614 3615 3616 3617 3618 3619 3620 3621 3622 3623 3624 3625 3626 3627 3628 3629 3630 3631 3632 3633 3634 3635 3636 3637 3638 3639 3640 3641 3642 3643 3644 3645 3646 3647 3648 3649 3650 3651 3652 3653 3654 3655 3656 3657 3658 3659 3660 3661 3662 3663 3664 3665 3666 3667 3668 3669 3670 3671 3672 3673 3674 3675 3676 3677 3678 3679 3680 3681 3682 3683 3684 3685 3686 3687 3688 3689 3690 3691 3692 3693 3694 3695 3696 3697 3698 3699 3700 3701 3702 3703 3704 3705 3706 3707 3708 3709 3710 3711 3712 3713 3714 3715 3716 3717 3718 3719 3720 3721 3722 3723 3724 3725 3726 3727 3728 3729 3730 3731 3732 3733 3734 3735 3736 3737 3738 3739 3740 3741 3742 3743 3744 3745 3746 3747 3748 3749 3750 3751 3752 3753 3754 3755 3756 3757 3758 3759 3760 3761 3762 3763 3764 3765 3766 3767 3768 3769 3770 3771 3772 3773 3774 3775 3776 3777 3778 3779 3780 3781 3782 3783 3784 3785 3786 3787 3788 3789 3790 3791 3792 3793 3794 3795 3796 3797 3798 3799 3800 3801 3802 3803 3804 3805 3806 3807 3808 3809 3810 3811 3812 3813 3814 3815 3816 3817 3818 3819 3820 3821 3822 3823 3824 3825 3826 3827 3828 6550 3829 3830 3831 3832 3833 3834 3835 3836 3837 3838 3839 3840 3841 3842 3843 3844 3845 3846 3847 3848 3849 3850 3851 3852 3853 3854 3855 3856 3857 3858 3859 3860 3861 3862 3863 3864 3865 3866 3867 3868 3869 3870 3871 3872 3873 3874 3875 3876 3877 3878 3879 3880 3881 3882 3883 3884 3885 3886 3887 3888 3889 3890 3891 3892 3893 3894 3895 3896 3897 3898 3899 3900 3901 3902 3903 3904 3905 3906 3907 3908 3909 3910 3911 3912 3913 3914 3915 3916 3917 3918 3919 3920 3921 3922 3923 3924 3925 3926 3927 3928 3929 3930 3931 3932 3933 3934 3935 3936 3937 3938 3939 3940 3941 3942 3943 3944 3945 3946 3947 3948 3949 3950 3951 3952 3953 3954 3955 3956 3957 3958 3959 3960 3961 3962 3963 3964 3965 3966 3967 3968 3969 3970 3971 3972 3973 3974 3975 3976 3977 3978 3979 3980 3981 3982 3983 3984 3985 3986 3987 3988 3989 3990 3991 3992 3993 3994 3995 3996 3997 3998 3999 4000 4001 4002 4003 4004 4005 4006 4007 4008 4009 4010 4011 4012 4013 4014 4015 4016 6551 4017 4018 4019 4020 4021 4022 4023 4024 4025 4026 4027 4028 4029 4030 4031 4032 4033 4034 4035 4036 4037 4038 4039 4040 4041 4042 4043 4044 4045 4046 4047 4048 4049 4050 4051 4052 4053 4054 4055 4056 4057 4058 4059 4060 4061 4062 4063 4064 4065 4066 4067 4068 4069 4070 4071 4072 4073 4074 4075 4076 4077 4078 4079 4080 4081 4082 4083 4084 4085 4086 4087 4088 4089 4090 4091 4092 4093 4094 4095 4096 4097 4098 4099 4100 4101 4102 4103 4104 4105 4106 4107 4108 4109 4110 4111 4112 4113 4114 4115 4116 4117 4118 4119 4120 4121 4122 4123 4124 4125 4126 4127 4128 4129 4130 4131 4132 4133 4134 4135 4136 4137 4138 4139 4140 4141 4142 4143 4144 4145 4146 4147 4148 4149 4150 4151 4152 4153 4154 4155 4156 4157 4158 4159 4160 4161 4162 4163 4164 4165 4166 4167 4168 4169 4170 4171 4172 4173 4174 4175 4176 4177 4178 4179 4180 4181 4182 4183 4184 4185 4186 4187 4188 4189 4190 4191 4192 4193 4194 4195 4196 4197 4198 4199 4200 4201 4202 4203 4204 4205 4206 4207 4208 4209 4210 4211 4212 4213 4214 4215 4216 4217 4218 4219 4220 4221 4222 4223 4224 4225 4226 4227 4228 4229 4230 4231 4232 4233 4234 4235 4236 4237 4238 4239 4240 4241 4242 4243 4244 4245 4246 4247 4248 4249 4250 4251 4252 4253 4254 4255 4256 4257 4258 4259 4260 4261 4262 4263 4264 4265 4266 4267 4268 4269 4270 4271 4272 4273 4274 4275 4276 4277 4278 4279 4280 4281 4282 4283 4284 4285 4286 4287 4288 4289 4290 4291 4292 4293 4294 4295 4296 4297 4298 4299 4300 4301 4302 4303 4304 4305 4306 4307 4308 4309 4310 4311 4312 4313 4314 4315 4316 4317 4318 4319 4320 4321 4322 4323 4324 4325 4326 4327 4328 4329 4330 4331 4332 4333 4334 4335 4336 4337 4338 4339 4340 4341 4342 4343 4344 4345 4346 4347 4348 4349 4350 4351 4352 4353 4354 4355 4356 4357 4358 4359 4360 4361 4362 4363 4364 4365 4366 4367 4368 4369 4370 4371 4372 4373 4374 4375 4376 4377 4378 4379 4380 4381 4382 4383 4384 4385 4386 4387 4388 4389 4390 4391 4392 4393 4394 4395 4396 4397 4398 4399 4400 4401 4402 4403 4404 4405 4406 4407 4408 4409 4410 4411 4412 4413 4414 4415 4416 4417 4418 4419 4420 4421 4422 4423 4424 4425 4426 4427 4428 4429 4430 4431 4432 4433 4434 4435 4436 4437 4438 4439 4440 4441 4442 4443 4444 4445 4446 4447 4448 4449 4450 4451 4452 4453 4454 4455 4456 4457 4458 4459 4460 4461 4462 4463 4464 4465 4466 4467 4468 4469 4470 4471 4472 4473 4474 4475 4476 4477 4478 4479 4480 4481 4482 4483 4484 4485 4486 4487 4488 4489 4490 4491 4492 4493 4494 4495 4496 4497 4498 4499 4500 4501 4502 4503 4504 4505 4506 4507 4508 4509 4510 4511 4512 4513 4514 4515 4516 4517 4518 4519 4520 4521 4522 4523 4524 4525 4526 4527 4528 4529 4530 4531 4532 4533 4534 4535 4536 4537 4538 4539 4540 4541 4542 4543 4544 4545 4546 4547 4548 4549 4550 4551 4552 4553 4554 4555 4556 4557 4558 4559 4560 4561 4562 4563 4564 4565 4566 4567 4568 4569 4570 4571 4572 4573 4574 4575 4576 4577 4578 4579 4580 4581 4582 4583 4584 4585 4586 4587 4588 4589 4590 4591 4592 4593 4594 4595 4596 4597 4598 4599 4600 4601 4602 4603 4604 4605 4606 4607 4608 4609 4610 4611 4612 4613 4614 4615 4616 4617 4618 4619 4620 4621 4622 4623 4624 4625 4626 4627 4628 4629 4630 4631 4632 4633 4634 4635 4636 4637 4638 4639 4640 4641 4642 4643 4644 4645 4646 4647 4648 4649 4650 4651 4652 4653 4654 4655 4656 4657 4658 4659 4660 4661 4662 4663 4664 4665 4666 4667 4668 4669 4670 4671 4672 4673 4674 4675 4676 4677 4678 4679 4680 4681 4682 4683 4684 4685 4686 4687 4688 4689 4690 4691 4692 4693 4694 4695 4696 4697 4698 4699 4700 4701 4702 4703 4704 4705 4706 4707 4708 4709 4710 4711 4712 4713 4714 4715 4716 4717 4718 4719 4720 4721 4722 4723 4724 4725 4726 4727 4728 4729 4731 4732 4733 4734 4735 4736 4737 4738 4739 4740 4741 4742 4743 4744 4745 4746 4747 4748 4749 4750 4751 4752 4753 4754 4755 4756 4757 4758 4759 4760 4761 4762 4763 4764 4765 4766 4767 4768 4769 4770 4771 4772 4773 4774 4775 4776 4777 4778 4779 4780 4781 4782 4783 4784 4785 4786 4787 4788 4789 4790 4791 4792 4793 4794 4795 4796 4797 4798 4799 4800 4801 4802 4803 4804 4805 4806 4807 4808 4809 4810 4811 4812 4813 4814 4815 4816 4817 4818 4819 4820 4821 4822 4823 4824 4825 4826 4827 4828 4829 4830 4831 4832 4833 4834 4835 4836 4837 4838 4839 4840 4841 4842 4843 4844 4845 4846 4847 4848 4849 4850 4851 4852 4853 4854 4855 4856 4857 4858 4859 4860 4861 4862 4863 4864 4865 4866 4867 4868 4869 4870 4871 4872 4873 4874 4875 4876 4877 4878 4879 4880 4881 4882 4883 4884 4885 4886 4887 4888 4889 4890 4891 4892 4893 4894 4895 4896 4897 4898 4899 4900 4901 4902 4903 4904 4905 4906 4907 4908 4909 4910 4911 4912 4913 4914 4915 4916 4917 4918 4919 4920 4921 4922 4923 4924 4925 4926 4927 4928 4929 4930 4931 4932 4933 4934 4935 4936 4937 4938 4939 4940 4941 4942 4943 4944 4945 4946 4947 4948 4949 4950 4951 4952 4953 4954 4955 4956 4957 4958 4959 4960 4961 4962 4963 4964 4965 4966 4967 4968 4969 4970 4971 4972 4973 4974 4975 4976 4977 4978 4979 4980 4981 4982 4983 4984 4985 4986 4987 4988 4989 4990 4991 4992 4993 4994 4995 4996 4997 4998 4999 5000 5001 5002 5003 5004 5005 5006 5007 5008 5009 5010 5011 5012 5013 5014 5015 5016 5017 5018 5019 5020 5021 5022 5023 5024 5025 5026 5027 5028 5029 5030 5031 5032 5033 5034 5035 5036 5037 5038 5039 5040 5041 5042 5043 5044 5045 5046 5047 5048 5049 5050 5051 5052 5053 5054 5055 5056 5057 5058 5059 5060 5061 5062 5063 5064 5065 5066 5067 5068 5069 5070 5071 5072 5073 5074 5075 5076 5077 5078 5079 5080 5081 5082 5083 5084 5085 5086 5087 5088 5089 5090 5091 5092 5093 5094 5095 5096 5097 5098 5099 5100 5101 5102 5103 5104 5105 5106 5107 5108 5109 5110 5111 5112 5113 5114 5115 5116 5117 5118 5119 5120 5121 5122 5123 5124 5125 5126 5127 5128 5129 5130 5131 5132 5133 5134 5135 5136 5137 5138 5139 5140 5141 5142 5143 5144 5145 5146 5147 5148 5149 5150 5151 5152 5153 5154 5155 5156 5157 5158 5159 5160 5161 5162 5163 5164 5165 5166 5167 5168 5169 5170 5171 5172 5173 5174 5175 5176 5177 5178 5179 5180 5181 5182 5183 5184 5185 5186 5187 5188 5189 5190 5191 5192 5193 5194 5195 5196 5197 5198 5199 5200 5201 5202 5203 5204 5205 5206 5207 5208 5209 5210 5211 5212 5213 5214 5215 5216 5217 5218 5219 5220 5221 5222 5223 5224 5225 5226 5227 5228 5229 5230 5231 5232 5233 5234 5235 5236 5237 5238 5239 5240 5241 5242 5243 5244 5245 5246 5247 5248 5249 5250 5251 5252 5253 5254 5255 5256 5257 5258 5259 5260 5261 5262 5263 5264 5265 5266 5267 5268 5269 5270 5271 5272 5273 5274 5275 5276 5277 5278 5279 5280 5281 5282 5283 5284 5285 5286 5287 5288 5289 5290 5291 5292 5293 5294 5295 5296 5297 5298 5299 5300 5301 5302 5303 5304 5305 5306 5307 5308 5309 5310 5311 5312 5313 5314 5315 5316 5317 5318 5319 5320 5321 5322 5323 5324 5325 5326 5327 5328 5329 5330 5331 5332 5333 5334 5335 5336 5337 5338 5339 5340 5341 5342 5343 5344 5345 5346 5347 5348 5349 5350 5351 5352 5353 5354 5355 5356 5357 5358 5359 5360 5361 5362 5363 5364 5365 5366 5367 5368 5369 5370 5371 5372 5373 5374 5375 5376 5377 5378 5379 5380 5381 5382 5383 5384 5385 5386 5387 5388 5389 5390 5391 5392 5393 5394 5395 5396 5397 5398 5399 5400 5401 5402 5403 5404 5405 5406 5407 5408 5409 5410 5411 5412 5413 5414 5415 5416 5417 5418 5419 5420 5421 5422 5423 5424 5425 5426 5427 5428 5429 5430 5431 5432 5433 5434 5435 5436 5437 5438 5439 5440 5441 5442 5443 5444 5445 5446 5447 5448 5449 5450 5451 5452 5453 5454 5455 5456 5457 5458 5459 5460 5461 5462 5463 5464 5465 5466 5467 5468 5469 5470 5471 5472 5473 5474 5475 5476 5477 5478 5479 5480 5481 5482 5483 5484 5485 5486 5487 5488 5489 5490 5491 5492 5493 5494 5495 5496 5497 5498 5499 5500 5501 5502 5503 5504 5505 5506 5507 5508 5509 5510 5511 5512 5513 5514 5515 5516 5517 5518 5519 5520 5521 5522 5523 5524 5525 5526 5527 5528 5529 5530 5531 5532 5533 5534 5535 5536 5537 5538 5539 5540 5541 5542 5543 5544 5545 5546 5547 5548 5549 5550 5551 5552 5553 5554 5555 5556 5557 5558 5559 5560 5561 5562 5563 5564 5565 5566 5567 5568 5569 5570 5571 5572 5573 5574 5575 5576 5577 5578 5579 5580 5581 5582 5583 5584 5585 5586 5587 5588 5589 5590 5591 5592 5593 5594 5595 5596 5597 5598 5599 5600 5601 5602 5603 5604 5605 5606 5607 5608 5609 5610 5611 5612 5613 5614 5615 5616 5617 5618 5619 5620 5621 5622 5623 5624 5625 5626 5627 5628 5629 5630 5631 5632 5633 5634 5635 5636 5637 5638 5639 5640 5641 5642 5643 5644 5645 5646 5647 5648 5649 5650 5651 5652 5653 5654 5655 5656 5658 5659 5660 5661 5662 5663 5664 5665 5666 5667 5668 5669 5670 5671 5672 5673 5674 5675 5676 5677 5678 5679 5680 5681 5682 5683 5684 5685 5686 5687 5688 5689 5690 5691 5692 5693 5694 5695 5696 5697 5698 5699 5700 5701 5702 5703 5704 5705 5706 5707 5708 5709 5710 5711 5712 5713 5714 5715 5716 5717 5718 5719 5720 5721 5722 5723 5724 5725 5726 5727 5728 5729 5730 5731 5732 5733 5734 5735 5736 5737 5738 5739 5740 5741 5742 5743 5744 5745 5746 5747 5748 5749 5750 5751 5752 5753 5754 5755 5756 5757 5758 5759 5760 5761 5762 5763 5764 5765 5766 5767 5768 5769 5770 5771 5772 5773 5774 5775 5776 5777 5778 5779 5780 5781 5782 5783 5784 5785 5786 5787 5788 5789 5790 5791 5792 5793 5794 5795 5796 5797 5798 5799 5800 5801 5802 5803 5804 5805 5806 5807 5808 5809 5810 5811 5812 5813 5814 5815 5816 5817 5818 5819 5820 5821 5822 5823 5824 5825 5826 5827 5828 5829 5830 5831 5832 5833 5834 5835 5836 5837 5838 5839 5840 5841 5842 5843 5844 5845 5846 5847 5848 5849 5850 5851 5852 5853 5854 5855 5856 5857 5858 5859 5860 5861 5862 5863 5864 5865 5866 5867 5868 5869 5870 5871 5872 5873 5874 5875 5876 5877 5878 5879 5880 5881 5882 5883 5884 5885 5886 5887 5888 5889 5890 5891 5892 5893 5894 5895 5896 5897 5898 5899 5900 5901 5902 5903 5904 5905 5906 5907 5908 5909 5910 5911 5912 5913 5914 5915 5916 5917 5918 5919 5920 5921 5922 5923 5924 5925 5926 5927 5928 5929 5930 5931 5932 5933 5934 5935 5936 5937 5938 5939 5940 5941 5942 5943 5944 5945 5946 5947 5948 5949 5950 5951 5952 5953 5954 5955 5956 5957 5958 5959 5960 5961 5962 5963 5964 5965 5966 5967 5968 5969 5970 5971 5972 5973 5974 5975 5976 5977 5978 5979 5980 5981 5982 5983 5984 5985 5986 5987 5988 5989 5990 5991 5992 5993 5994 5995 5996 5997 5998 5999 6000 6001 6002 6003 6004 6005 6006 6007 6008 6009 6010 6011 6012 6013 6014 6015 6016 6017 6018 6019 6020 6021 6022 6023 6024 6025 6026 6027 6028 6029 6030 6031 6032 6033 6034 6035 6036 6037 6038 6039 6040 6041 6042 6043 6044 6045 6046 6047 6048 6049 6050 6051 6052 6053 6054 6055 6056 6057 6058 6059 6060 6061 6062 6063 6064 6065 6066 6067 6068 6069 6070 6071 6072 6073 6074 6075 6076 6077 6078 6079 6080 6081 6082 6083 6084 6085 6086 6087 6088 6089 6090 6091 6092 6093 6094 6095 6096 6097 6098 6099 6100 6101 6102 6103 6104 6105 6106 6107 6108 6109 6110 6111 6112 6113 6114 6115 6116 6117 6118 6119 6120 6121 6122 6123 6124 6125 6126 6127 6128 6129 6130 6131 6132 6133 6134 6135 6136 6137 6138 6139 6140 6141 6142 6143 6144 6145 6146 6147 6148 6149 6150 6151 6152 6153 6154 6155 6156 6157 6158 6159 6160 6161 6162 6163 6164 6165 6166 6167 6168 6169 6170 6171 6172 6173 6174 6175 6176 6177 6178 6179 6180 6181 6182 6183 6184 6185 6186 6187 6188 6189 6190 6191 6192 6193 6194 6195 6196 6197 6198 6199 6200 6201 6202 6203 6204 6205 6206 6207 6208 6209 6210 6211 6212 6213 6214 6215 6216 6217 6218 6219 6220 6221 6222 6223 6224 6225 6226 6227 6228 6229 6230 6231 6232 6233 6234 6235 6236 6237 6238 6239 6240 6241 6242 6243 6244 6245 6246 6247 6248 6249 6250 6251 6252 6253 6254 6255 6256 6257 6258 6259 6260 6261 6262 6263 6264 6265 6266 6267 6268 6269 6270 6271 6272 6273 6274 6275 6276 6277 6278 6279 6280 6281 6282 6283 6284 6285 6286 6287 6288 6289 6290 6291 6292 6293 6294 6295 6296 6297 6298 6299 6300 6301 6302 6303 6304 6305 6306 6307 6308 6309 6310 6311 6312 6313 6314 6315 6316 6317 6318 6319 6320 6321 6322 6323 6324 6325 6326 6327 6328 6329 6330 6331 6332 6333 6334 6335 6336 6337 6338 6339 6340 6341 6342 6343 6344 6345 6346 6347 6348 6349 6350 6351 6352 6353 6354 6355 6356 6357 6358 6359 6360 6361 6362 6363 6364 6365 6366 6367 6368 6369 6370 6371 6372 6373 6374 6375 6376 6377 6378 6379 6380 6381 6382 6383 6384 6385 6386 6387 6388 6389 6390 6391 6392 6393 6394 6395 6396 6397 6398 6399 6400 6401 6402 6403 6404 6405 6406 6407 6408 6409 6410 6411 6412 6413 6414 6415 6416 6417 6418 6419 6420 6421 6422 6423 6424 6425 6426 6427 6428 6429 6430 6431 6432 6433 6434 6435 6436 6437 6438 6439 6440 6441 6442 6443 6444 6445 6446 6447 6448 6449 6450 6451 6452 6453 6454 6455 6456 6457 6458 6459 6460 6461 6462 6463 6464 6465 6466 6467 6468 6469 6470 6471 6472 6473 6474 6475 6476 6477 6478 6479 6480 6481 6482 6483 6484 6485 6486 6487 6488 6489 6490 6491 6492 6493 6494 6495 6496 6497 6498 6499 6500 6501 6502 6503 6504 6505 6506 6507 6508 6509 6510 6511 6512 6513 6514 6515 6516 6517 6518 6519 6520 6521 6522 6523 6524 6525 6526 6527 6528 6529 6530 6531 6532 6533 6534 6535 6536 6537 6538 6539 6540 6541 6542 6543 6544
p1:3 A 0 1 2 3 4 5 6 7 8 9 10 11 12 13 14 15 16 17 18 19 20 21 22 23 24 25 26 27 28 29 30 31 32 33 34 35 36 37 38 39 40 41 42 43 44 45 46 47 48 49 50 51 52 53 54 55 56 57 58 59 60 61 62 63 64 65 66 67 68 69 70 71 72 73 74 75 76 77 78 79 80 81 82 83 84 85 86 87 88 89 90 91 92 93 94 95 96 97 98 99 100 101 102 103 104 105 106 107 108 109 110 111 112 113 114 115 116 117 118 119 120 121 122 123 124 125 126 127 128 129 130 131 132 133 134 135 136 137 138 139 140 141 142 143 144 145 146 147 148 149 150 151 152 153 154 155 156 157 158 159 160 161 162 163 164 165 166 167 168 169 170 171 172 173 174 175 176 177 178 179 180 181 182 183 184 185 186 187 188 189 190 191 192 193 194 195 196 197 198 199 200 201 202 203 204 205 206 207 208 209 210 211 212 213 214 215 216 217 218 219 220 221 222 223 224 225 226 227 228 229 230 231 232 233 234 235 236 237 238 239 240 241 242 243 244 245 246 247 248 249 250 251 252 253 254 255 256 257 258 259 260 261 262 263 264 265 266 267 268 269 270 271 272 273 274 275 276 277 278 279 280 281 282 283 284 285 286 287 288 289 290 291 292 293 294 295 296 297 298 299 300 301 302 303 304 305 306 307 308 309 310 311 312 313 314 315 316 317 318 319 320 321 322 323 324 325 326 327 328 329 330 331 332 333 334 335 336 337 338 339 340 341 342 343 344 345 347 348 349 350 351 352 353 354 355 356 357 358 359 360 361 362 363 364 365 366 367 368 369 370 371 372 373 374 375 376 377 378 379 380 381 382 383 384 385 386 387 388 389 390 391 392 393 394 395 396 397 398 399 400 401 402 403 404 405 406 407 408 409 410 411 412 413 414 415 416 417 418 419 420 421 422 423 424 425 426 427 428 429 430 431 432 433 434 435 436 437 438 439 440 441 442 443 444 445 446 447 448 449 450 451 452 453 454 455 456 457 458 459 460 461 462 463 464 465 466 467 468 469 470 471 472 473 474 475 476 477 478 479 480 481 482 483 484 485 486 487 488 489 490 491 492 493 494 495 496 497 498 499 500 501 502 503 504 505 506 507 508 509 510 511 512 513 514 515 516 517 518 519 520 521 522 523 524 525 526 527 528 529 530 531 532 533 534 535 536 537 538 539 540 541 542 543 544 545 546 547 548 549 550 551 552 553 554 555 556 557 558 559 560 561 562 563 564 565 566 567 568 569 570 571 572 573 574 575 576 577 578 579 580 581 582 583 584 585 586 587 588 589 590 591 592 593 594 595 596 597 598 599 600 601 602 603 604 605 606 607 608 609 610 611 612 613 614 615 616 617 618 619 620 621 622 623 624 625 626 627 628 629 630 631 632 633 634 635 636 637 638 639 640 641 642 643 644 645 646 647 648 649 650 651 652 653 654 655 656 657 658 659 660 661 662 663 664 665 666 667 668 669 670 671 672 673 674 675 676 677 678 679 680 681 682 683 684 685 686 687 688 689 690 691 692 693 694 695 696 697 698 699 700 701 702 703 704 705 706 707 708 709 710 711 712 713 714 715 716 717 718 719 720 721 722 723 724 725 726 727 728 729 730 731 732 733 734 735 736 737 738 739 740 741 742 743 744 745 746 747 748 749 750 751 752 753 754 755 756 757 758 759 760 761 762 763 764 765 766 767 768 769 770 771 772 773 774 775 776 777 778 779 780 781 782 783 784 785 786 787 788 789 790 791 792 793 794 795 796 797 798 799 800 801 802 803 804 805 806 807 808 809 810 811 812 813 814 815 816 817 818 819 820 821 822 823 824 825 826 827 828 829 830 831 832 833 834 835 836 837 838 839 840 841 842 843 844 845 846 847 848 849 850 851 852 853 854 855 856 857 858 859 860 861 862 863 864 865 866 867 868 869 870 871 872 873 874 875 876 877 878 879 880 881 882 883 884 885 886 887 888 889 890 891 892 893 894 895 896 897 898 899 900 901 902 903 904 905 906 907 908 909 910 911 912 913 914 915 916 917 918 919 920 921 922 923 924 925 926 927 928 929 930 931 932 933 934 935 936 937 938 939 940 941 942 943 944 945 946 947 948 949 950 951 952 953 954 955 956 957 958 959 960 961 962 963 964 965 966 967 968 969 970 971 972 973 974 975 976 977 978 979 980 981 982 983 984 985 986 987 988 989 990 991 992 993 994 995 996 997 998 999 1000 1001 1002 1003 1004 1005 1006 1007 1008 1009 1010 1011 1012 1013 1014 1015 1016 1017 1018 1019 1020 1021 1022 1023 1024 1025 1026 1027 1028 1029 1030 1031 1032 1033 1034 1035 1036 1037 1038 1039 1040 1041 1042 1043 1044 1045 1046 1047 1048 1049 1050 1051 1052 1053 1054 1055 1056 1057 1058 1059 1060 1061 1062 1063 1064 1065 1066 1067 1068 1069 1070 1071 1072 1073 1074 1075 1076 1077 1078 1079 1080 1081 1082 1083 1084 1085 1086 1087 1088 1089 1090 1091 1092 1093 1094 1095 1096 1097 1098 1099 1100 1101 1102 1103 1104 1105 1106 1107 1108 1109 1110 1111 1112 1113 1114 1115 1116 1117 1118 1119 1120 1121 1122 1123 1124 1125 1126 1127 1128 1129 1130 1131 1132 1133 1134 1135 1136 1137 1138 1139 1140 1141 1142 1143 1144 1145 1146 1147 1148 1149 1150 1151 1152 1153 1154 1155 1156 1157 1158 1159 1160 1161 1162 1163 1164 1165 1166 1167 1168 1169 1170 1171 1172 1173 1174 1175 1176 1177 1178 1179 1180 1181 1182 1183 1184 1185 1186 1187 1188 1189 1190 1191 1192 1193 1194 1195 1196 1197 1198 1199 1200 1201 1202 1203 1204 1205 1206 1207 1208 1209 1210 1211 1212 1213 1214 1215 1216 1217 1218 1219 1220 1221 1222 1223 1224 1225 1226 1227 1228 1229 1230 1231 1232 1233 1234 1235 1236 1237 1238 1239 1240 1241 1242 1243 1244 1245 1246 1247 1248 1249 1250 1251 1252 1253 1254 1255 1256 1257 1258 1259 1260 1261 1262 1263 1264 1265 1266 1267 1268 1269 1270 1271 1272 1273 1274 1275 1276 1277 1278 1279 1280 1281 1282 1283 1284 1285 1286 1287 1288 1289 1290 1291 1292 1293 1294 1295 1296 1297 1298 1299 1300 1301 1302 1303 1304 1305 1306 1307 1308 1309 1310 1311 1312 1313 1314 1315 1316 1317 1318 1319 1320 1321 1322 1323 1324 1325 1326 1327 1328 1329 1330 1331 1332 1333 1334 1335 1336 1337 1338 1339 1340 1341 1342 1343 1344 1345 1346 1347 1348 1349 1350 1351 1352 1353 1354 1355 1356 1357 1358 1359 1360 1361 1362 1363 1364 1365 1366 1367 1368 1369 1370 1371 1372 1373 1374 1375 1376 1377 1378 1379 1380 1381 1382 1383 1384 1385 1386 1387 1388 1389 1390 1391 1392 1393 1394 1395 1396 1397 1398 1399 1400 1401 1402 1403 1404 1405 1406 1407 1408 1409 1410 1411 1412 1413 1414 1415 1416 1417 1418 1419 1420 1421 1422 1423 1424 1425 1426 1427 1428 1429 1430 1431 1432 1433 1434 1435 1436 1437 1438 1439 1440 1441 1442 1443 1444 1445 1446 1447 1448 1449 1450 1451 1452 1453 1454 1455 1456 1457 1458 1459 1460 1461 1462 1463 1464 1465 1466 1467 1468 1469 1470 1471 1472 1473 1474 1475 1476 1477 1478 1479 1480 1481 1482 1483 1484 1485 1486 1487 1488 1489 1490 1491 1492 1493 1494 1495 1496 1497 1498 1499 1500 1501 1502 1503 1504 1505 1506 1507 1508 1509 1510 1511 1512 1513 1514 1515 1516 1517 1518 1519 1520 1521 1522 1523 1524 1525 1526 1527 1528 1529 1530 1531 1532 1533 1534 1535 1536 1537 1538 1539 1540 1541 1542 1543 1544 1545 1546 1547 1548 1549 1550 1551 1552 1553 1554 1555 1556 1557 1558 1559 1560 1561 1562 1563 1564 1565 1566 1567 1568 1569 1570 1571 1572 1573 1574 1575 1576 1577 1578 1579 1580 1581 1582 1583 1584 1585 1586 1587 1588 1589 1590 1591 1592 1593 1594 1595 1596 1597 1598 1599 1600 1601 1602 1603 1604 1605 1606 1607 1608 1609 1610 1611 1612 1613 1614 1615 1616 1617 1618 1619 1620 1621 1622 1623 1624 1625 1626 1627 1628 1629 1630 1631 1632 1633 1634 1635 1636 1637 1638 1639 1640 1641 1642 1643 1644 1645 1646 1647 1648 1649 1650 1651 1652 1653 1654 1655 1656 1657 1658 1659 1660 1661 1662 1663 1664 1665 1666 1667 1669 1670 1671 1672 1673 1674 1675 1676 1677 1678 1679 1680 1681 1682 1683 1684 1685 1686 1687 1688 1689 1690 1691 1692 1693 1694 1695 1696 1697 1698 1699 1700 1701 1702 1703 1704 1705 1706 1707 1708 1709 1710 1711 1712 1713 1714 1715 1716 1717 1718 1719 1720 1721 1722 1723 1724 1725 1726 1727 1728 1729 1730 1731 1732 1733 1734 1735 1736 1737 1738 1739 1740 1741 1742 1743 1744 1745 1746 1747 1748 1749 1750 1751 1752 1753 1754 1755 1756 1757 1758 1759 1760 1761 1762 1763 1764 1765 1766 1767 1768 1769 1770 1771 1772 1773 1774 1775 1776 1777 1778 1779 1780 1781 1782 1783 1784 1785 1786 1787 1788 1789 1790 1791 1792 1793 1794 1795 1796 1797 1798 1799 1800 1801 1802 1803 1804 1805 1806 1807 1808 1809 1810 1811 1812 1813 1814 1815 1816 1817 1818 1819 1820 1821 1822 1823 1824 1825 1826 1827 1828 1829 1830 1831 1832 1833 1834 1835 1836 1837 1838 1839 1840 1841 1842 1843 1844 1845 1846 1847 1848 1849 1850 1851 1852 1853 1854 1855 1856 1857 1858 1859 1860 1861 1862 1863 1864 1865 1866 1867 1868 1869 1870 1871 1872 1873 1874 1875 1876 1877 1878 1879 1880 1881 1882 1883 1884 1885 1886 1887 1888 1889 1890 1891 1892 1893 1894 1895 1896 1897 1898 1899 1900 1901 1902 1903 1904 1905 1906 1907 1908 1909 1910 1911 1912 1913 1914 1915 1916 1917 1918 1919 1920 1921 1922 1923 1924 1925 1926 1927 1928 1929 1930 1931 1932 1933 1934 1935 1936 1937 1938 1939 1940 1941 1942 1943 1944 1945 1946 1947 1948 1949 1950 1951 1952 1953 1954 1955 1956 1957 1958 1959 1960 1961 1962 1963 1964 1965 1966 1967 1968 1969 1970 1971 1972 1973 1974 1975 1976 1977 1978 1979 1980 1981 1982 1983 1984 1985 1986 1987 1988 1989 1990 1991 1992 1993 1994 1995 1996 1997 1998 1999 2000 2001 2002 2003 2004 2005 2006 2007 2008 2009 2010 2011 2012 2013 2014 2015 2016 2017 2018 2019 2020 2021 2022 2023 2024 2025 2026 2027 2028 2029 2030 2031 2032 2033 2034 2035 2036 2037 2038 2039 2040 2041 2042 2043 2044 2045 2046 2047 2048 2049 2050 2051 2052 2053 2054 2055 2056 2057 2058 2059 2060 2061 2062 2063 2064 2065 2066 2067 2068 2069 2070 2071 2072 2073 2074 2075 2076 2077 2078 2079 2080 2081 2082 2083 2084 2085 2086 2087 2088 2089 2090 2091 2092 2093 2094 2095 2096 2097 2098 2099 2100 2101 2102 2103 2104 2105 2106 2107 2108 2109 2110 2111 2112 2113 2114 2115 2116 2117 2118 2119 2120 2121 2122 2123 2124 2125 2126 2127 2128 2129 2130 2131 2132 2133 2134 2135 2136 2137 2138 2139 2140 2141 2142 2143 2144 2145 2146 2147 2148 2149 2150 2151 2152 2153 2154 2155 2156 2157 2158 2159 2160 2161 2162 2163 2164 2165 2166 2167 2168 2169 2170 2171 2172 2173 2174 2175 2176 2177 2178 2179 2180 2181 2182 2183 2184 2185 2186 2187 2188 2189 2190 2191 2192 2193 2194 2195 2196 2197 2198 2199 2200 2201 2202 2203 2204 2205 2206 2207 2208 2209 2210 2211 2212 2213 2214 2215 2216 2217 2218 2219 2220 2221 2222 2223 2224 2225 2226 2227 2228 2229 2230 2231 2232 2233 2234 2235 2236 2237 2238 2239 2240 2241 2242 2243 2244 2245 2246 2247 2248 2249 2250 2251 2252 2253 2254 2255 2256 2257 2258 2259 2260 2261 2262 2263 2264 2265 2266 2267 2268 2269 2270 2271 2272 2273 2274 2275 2276 2277 2278 2279 2280 2281 2282 2283 2284 2285 2286 2287 2288 2289 2290 2291 2292 2293 2294 2295 2296 2297 2298 2299 2300 2301 2302 2303 2304 2305 2306 2307 2308 2309 2310 2311 2312 2313 2314 2315 2316 2317 2318 2319 2320 2321 2322 2323 2324 2325 2326 2327 2328 2329 2330 2331 2332 2333 2334 2335 2336 2337 2338 2339 2340 2341 2342 2343 2344 2345 2346 2347 2348 2349 2350 2351 2352 2353 2354 2355 2356 2357 2358 2359 2360 2361 2362 2363 2364 2365 2366 2367 2368 2369 2370 2371 2372 2373 2374 2375 2376 2377 2378 2379 2380 2381 2382 2383 2384 2385 2386 2387 2388 2389 2390 2391 2392 2393 2394 2395 2396 2397 2398 2399 2400 2401 2402 2403 2404 2405 2406 2407 2408 2409 2410 2411 2412 2413 2414 2415 2416 2417 2418 2419 2420 2421 2422 2423 2424 2425 2426 2427 2428 2429 2430 2431 2432 2433 2434 2435 2436 2437 2438 2439 2440 2441 2442 2443 2444 2445 2446 2447 2448 2449 2450 2451 2452 2453 2454 2455 2456 2457 2458 2459 2460 2461 2462 2463 2464 2465 2466 2467 2468 2469 2470 2471 2472 2473 2474 2475 2476 2477 2478 2479 2480 2481 2482 2483 2484 2485 2486 2487 2488 2489 2490 2491 2492 2493 2494 2495 2496 2497 2498 2499 2500 2501 2502 2503 2504 2505 2506 2507 2508 2509 2510 2511 2512 2513 2514 2515 2516 2517 2518 2519 2520 2521 2522 2523 2524 2525 2526 2527 2528 2529 2530 2531 2532 2533 2534 2535 2536 2537 2538 2539 2540 2541 2542 2543 2544 2545 2546 2547 2548 2549 2550 2551 2552 2553 2554 2555 2556 2557 2558 2559 2560 2561 2562 2563 2564 2565 2566 2567 2568 2569 2570 2571 2572 2573 2574 2575 2576 2577 2578 2579 2580 2581 2582 2583 2584 2585 6552 2586 2587 2588 2589 2590 2591 2592 2593 2594 2595 2596 2597 2598 2599 2600 2601 2602 2603 2604 2605 2606 2607 2608 2609 2610 2611 2612 2613 2614 2615 2616 2617 2618 2619 2620 2621 2622 2623 2624 2625 2626 2627 2628 2629 2630 2631 2632 2633 2634 2635 2636 2637 2638 2639 2640 2641 2642 2643 2644 2645 2646 2647 2648 2649 2650 2651 2652 2653 2654 2655 2656 2657 2658 2659 2660 2661 2662 2663 2664 2665 2666 2667 2668 2669 2670 2671 2672 2673 2674 2675 2676 2677 2678 2679 2680 2681 2682 2683 2684 2685 2686 2687 2688 2689 2690 2691 2692 2693 2694 2695 2696 2697 2698 2699 2700 2701 2702 2703 2704 2705 2706 2707 2708 2709 2710 2711 2712 2713 2714 2715 2716 2717 2718 2719 2720 2721 2722 2723 2724 2725 2726 2727 2728 2729 2730 2731 2732 2733 2734 2735 2736 2737 2738 2739 2740 2741 2742 2743 2744 2745 2746 2747 2748 2749 2750 2751 2752 2753 2754 2755 2756 2757 2758 2759 2760 2761 2762 2763 2764 2765 2766 2767 2768 2769 2770 2771 2772 2773 2774 2775 2776 2777 2778 2779 2780 2781 2782 2783 2784 2785 2786 2787 2788 2789 2790 2791 2792 2793 2794 2795 2796 2797 2798 2799 2800 2801 2802 2803 2804 2805 2806 2807 2808 2809 2810 2811 2812 2813 2814 2815 2816 2817 2818 2819 2820 2821 2822 2823 2824 2825 2826 2827 2828 2829 2830 2831 2832 2833 2834 2835 2836 2837 2838 2839 2840 2841 2842 2843 2844 2845 2846 2847 2848 2849 2850 2851 2852 2853 2854 2855 2856 2857 2858 2859 2860 2861 2862 2863 2864 2865 2866 2867 2868 2869 2870 2871 2872 2873 2874 2875 2876 2877 2878 2879 2880 2881 2882 2883 2884 2885 2886 2887 2888 2889 2890 2891 2892 2893 2894 2895 2896 2897 2898 2899 2900 2901 2902 2903 2904 2905 2906 2907 2908 2909 2910 2911 2912 2913 2914 2915 2916 2917 2918 2919 2920 2921 2922 2923 2924 2925 2926 2927 2928 2929 2930 2931 2932 2933 2934 2935 2936 2937 2938 2939 2940 2941 2942 2943 2944 2945 2946 2947 2948 2949 2950 2951 2952 2953 2954 2955 2956 2957 2958 2959 2960 2961 2962 2963 2964 2965 2966 2967 2968 2969 2970 2971 2972 2973 2974 2975 2976 2977 2978 2979 2980 2981 2982 2983 2984 2985 2986 2987 2988 2989 2990 2991 2992 2993 2994 2995 2996 2997 2998 2999 3000 3001 3002 3003 3004 3005 3006 3007 3008 3009 3010 3011 3012 3013 3014 3015 3016 3017 3018 3019 3020 3021 3022 3023 3024 3025 3026 3027 3028 3029 3030 3031 3032 3033 3034 3035 3036 3037 3038 3039 3040 3041 3042 3043 3044 3045 3046 3047 3048 3049 3050 3051 3052 3053 3054 3055 3056 3057 3058 3059 3060 3061 3062 3063 3064 3065 3066 3067 3068 3069 3070 3071 3072 3073 3074 3075 3076 3077 3078 3079 3080 3081 3082 3083 3084 3085 3086 3087 3088 3089 3090 3091 3092 3093 3094 3095 3096 3097 3098 3099 3100 3101 3102 3103 3104 3105 3106 3107 3108 3109 3110 3111 3112 3113 3114 3115 3116 3117 3118 3119 3120 3121 3122 3123 3124 3125 3126 3127 3128 3129 3130 3131 3132 3133 3134 3135 3136 3137 3138 3139 3140 3141 3142 3143 3144 3145 3146 3147 3148 3149 3150 3151 3152 3153 3154 3155 3156 3157 3158 3159 3160 3161 3162 3163 3164 3165 3166 3167 3168 3169 3170 3171 3172 3173 3174 3175 3176 3177 3178 3179 3180 3181 3182 3183 3184 3185 3186 3187 3188 3189 3190 3191 3192 3193 3194 3195 3196 3197 3198 3199 3200 3201 3202 3203 3204 3205 3206 3207 3208 3209 3210 3211 3212 3213 3214 3215 3216 3217 3218 3219 3220 3221 3222 3223 3224 3225 3226 3227 3228 3229 3230 3231 3232 3233 3234 3235 3236 3237 3238 3239 3240 3241 3242 3243 3244 3245 3246 3247 3248 3249 3250 3251 3252 3253 3254 3255 3256 3257 3258 3259 3260 3261 3262 3263 3264 3265 3266 3267 3268 3269 3270 3271 3272 3273 3274 3275 3276 3277 3278 3279 3280 3281 3282 3283 3284 3285 3286 3287 3288 3289 3290 3291 3292 3293 3294 3295 3296 3297 3298 3299 3300 3301 3302 3303 3304 3305 3306 3307 3308 3309 3310 3311 3312 3313 3314 3315 3316 3317 3318 3319 3320 3321 3322 3323 3324 3325 3326 3327 3328 3329 3330 3331 3332 3333 3334 3335 3336 3337 3338 3339 3340 3341 3342 3343 3344 3345 3346 3347 3348 3349 3350 3351 3352 3353 3354 3355 3356 3357 3358 3359 3360 3361 3362 3363 3364 3365 3366 3367 3368 3369 3370 3371 3372 3373 3374 3375 3376 3377 3378 3379 3380 3381 3382 3383 3384 3385 3386 3387 3388 3389 3390 3391 3392 3393 3394 3395 3396 3397 3398 3399 3400 3401 3402 3403 3404 3405 3406 3407 3408 3409 3410 3411 3412 3413 3414 3415 3416 3417 3418 3419 3420 3421 3422 3423 3424 3425 3426 3427 3428 3429 3430 3431 3432 3433 3434 3435 3436 3437 3438 3439 3440 3441 3442 3443 3444 3445 3446 3447 3448 3449 3450 3451 3452 3453 3454 3455 3456 3457 3458 3459 3460 3461 3462 3463 3464 3465 3466 3467 3468 3469 3470 3471 3472 3473 3474 3475 3476 3477 3478 3479 3480 3481 3482 3483 3484 3485 3486 3487 3488 3489 3490 3491 3492 3493 3494 3495 3496 3497 3498 3499 3500 3501 3502 3503 3504 3505 3506 3507 3508 3509 3510 3511 3512 3513 6553 3514 3515 3516 3517 3518 3519 3520 3521 3522 3523 3524 3525 3526 3527 3528 3529 3530 3531 3532 3533 3534 3535 3536 3537 3538 3539 3540 3541 3542 3543 3544 3545 3546 3547 3548 3549 3550 3551 3552 3553 3554 3555 3556 3557 3558 3559 3560 3561 3562 3563 3564 3565 3566 3567 3568 3569 3570 3571 3572 3573 3574 3575 3576 3577 3578 3579 3580 3581 3582 3583 3584 3585 3586 3587 3588 3589 3590 3591 3592 3593 3594 3595 3596 3597 3598 3599 3600 3601 3602 3603 3604 3605 3606 3607 3608 3609 3610 3611 3612 3613 3614 3615 3616 3617 3618 3619 3620 3621 3622 3623 3624 3625 3626 3627 3628 3629 3630 3631 3632 3633 3634 3635 3636 3637 3638 3639 3640 3641 3642 3643 3644 3645 3646 3647 3648 3649 3650 3651 3652 3653 3654 3655 3656 3657 3658 3659 3660 3661 3662 3663 3664 3665 3666 3667 3668 3669 3670 3671 3672 3673 3674 3675 3676 3677 3678 3679 3680 3681 3682 3683 3684 3685 3686 3687 3688 3689 3690 3691 3692 3693 3694 3695 3696 3697 3698 3699 3700 3701 3702 3703 3704 3705 3706 3707 3708 3709 3710 3711 3712 3713 3714 3715 3716 3717 3718 3719 3720 3721 3722 3723 3724 3725 3726 3727 3728 3729 3730 3731 3732 3733 3734 3735 3736 3737 3738 3739 3740 3741 3742 3743 3744 3745 3746 3747 3748 3749 3750 3751 3752 3753 3754 3755 3756 3757 3758 3759 3760 3761 3762 3763 3764 3765 3766 3767 3768 3769 3770 3771 3772 3773 3774 3775 3776 3777 3778 3779 3780 3781 3782 3783 3784 3785 3786 3787 3788 3789 3790 3791 3792 3793 3794 3795 3796 3797 3798 3799 3800 3801 3802 3803 3804 3805 3806 3807 3808 3809 3810 3811 3812 3813 3814 3815 3816 3817 3818 3819 3820 3821 3822 3823 3824 3825 3826 3827 3828 3829 3830 3831 3832 3833 3834 3835 3836 3837 3838 3839 3840 3841 3842 3843 3844 3845 3846 3847 3848 3849 3850 3851 3852 3853 3854 3855 3856 3857 3858 3859 3860 3861 3862 3863 3864 3865 3866 3867 3868 3869 3870 3871 3872 3873 3874 3875 3876 3877 3878 3879 3880 3881 3882 3883 3884 3885 3886 3887 3888 3889 3890 3891 3892 3893 3894 3895 3896 3897 3898 3899 3900 3901 3902 3903 3904 3905 3906 3907 3908 3909 3910 3911 3912 3913 3914 3915 3916 3917 3918 3919 3920 3921 3922 3923 3924 3925 3926 3927 3928 3929 3930 3931 3932 3933 3934 3935 3936 3937 3938 3939 3940 3941 3942 3943 3944 3945 3946 3947 3948 3949 3950 3951 3952 3953 3954 3955 3956 3957 3958 3959 3960 3961 3962 3963 3964 3965 3966 3967 3968 3969 3970 3971 3972 3973 3974 3975 3976 3977 3978 3979 3980 3981 3982 3983 3984 3985 3986 3987 3988 3989 3990 3991 3992 3993 3994 3995 3996 3997 3998 3999 4000 4001 4002 4003 4004 4005 4006 4007 4008 4009 4010 4011 4012 4013 4014 4015 4016 4017 4018 4019 4020 4021 4022 4023 4024 4025 4026 4027 4028 4029 4030 4031 4032 4033 4034 4035 4036 4037 4038 4039 4040 4041 4042 4043 4044 4045 4046 4047 4048 4049 4050 4051 4052 4053 4054 4055 4056 4057 4058 4059 4060 4061 4062 4063 4064 4065 4066 4067 4068 4069 4070 4071 4072 4073 4074 4075 4076 4077 4078 4079 4080 4081 4082 4083 4084 4085 4086 4087 4088 4089 4090 4091 4092 4093 4094 4095 4096 4097 4098 4099 4100 4101 4102 4103 4104 4105 4106 4107 4108 4109 4110 4111 4112 4113 4114 4115 4116 4117 4118 4119 4120 4121 4122 4123 4124 4125 4126 4127 4128 4129 4130 4131 4132 4133 4134 4135 4136 4137 4138 4139 4140 4141 4142 4143 4144 4145 4146 4147 4148 4149 4150 4151 4152 4153 4154 4155 4156 4157 4158 4159 4160 4161 4162 4163 4164 4165 4166 4167 4168 4169 4170 4171 4172 4173 4174 4175 4176 4177 4178 4179 4180 4181 4182 4183 4184 4185 4186 4187 4188 4189 4190 4191 4192 4193 4194 4195 4196 4197 4198 4199 4200 4201 4202 4203 4204 4205 4206 4207 4208 4209 4210 4211 4212 4213 4214 4215 4216 4217 4218 4219 4220 4221 4222 4223 4224 4225 4226 4227 4228 4229 4230 4231 4232 4233 4234 4235 4236 4237 4238 4239 4240 4241 4242 4243 4244 4245 4246 4247 4248 4249 4250 4251 4252 4253 4254 4255 4256 4257 4258 4259 4260 4261 4262 4263 4264 4265 4266 4267 4268 4269 4270 4271 4272 4273 4274 4275 4276 4277 4278 4279 4280 4281 4282 4283 4284 4285 4286 4287 4288 4289 4290 4291 4292 4293 4294 4295 4296 4297 4298 4299 4300 4301 4302 4303 4304 4305 4306 4307 4308 4309 4310 4311 4312 4313 4314 4315 4316 4317 4318 4319 4320 4321 4322 4323 4324 4325 4326 4327 4328 4329 4330 4331 4332 4333 4334 4335 4336 6554 4337 4338 4339 4340 4341 4342 4343 4344 4345 4346 4347 4348 4349 4350 4351 4352 4353 4354 4355 4356 4357 4358 4359 4360 4361 4362 4363 4364 4365 4366 4367 4368 4369 4370 4371 4372 4373 4374 4375 4376 4377 4378 4379 4380 4381 4382 4383 4384 4385 4386 4387 4388 4389 4390 4391 4392 4393 4394 4395 4396 4397 4398 4399 4400 4401 4402 4403 4404 4405 4406 4407 4408 4409 4410 4411 4412 4413 4414 4415 4416 4417 4418 4419 4420 4421 4422 4423 4424 4425 4426 4427 4428 4429 4430 4431 4432 4433 4434 4435 4436 4437 4438 4439 4440 4441 4442 4443 4444 4445 4446 4447 4448 4449 4450 4451 4452 4453 4454 4455 4456 4457 4458 4459 4460 4461 4462 4463 4464 4465 4466 4467 4468 4469 4470 4471 4472 4473 4474 4475 4476 4477 4478 4479 4480 4481 4482 4483 4484 4485 4486 4487 4488 4489 4490 4491 4492 4493 4494 4495 4496 4497 4498 4499 4500 4501 4502 4503 4504 4505 4506 4507 4508 4509 4510 4511 4512 4513 4514 4515 4516 4517 4518 4519 4520 4521 4522 4523 4524 4525 4526 4527 4528 4529 4530 4531 4532 4533 4534 4535 4536 4537 4538 4539 4540 4541 4542 4543 4544 4545 4546 4547 4548 4549 4550 4551 4552 4553 4554 4555 4556 4557 4558 4559 4560 4561 4562 4563 4564 4565 4566 4567 4568 4569 4570 4571 4572 4573 4574 4575 4576 4577 4578 4579 4580 4581 4582 4583 4584 4585 4586 4587 4588 4589 4590 4591 4592 4593 4594 4595 4596 4597 4598 4599 4600 4601 4602 4603 4604 4605 4606 4607 4608 4609 4610 4611 4612 4613 4614 4615 4616 4617 4618 4619 4620 4621 4622 4623 4624 4625 4626 4627 4628 4629 4630 4631 4632 4633 4634 4635 4636 4637 4638 4639 4640 4641 4642 4643 4644 4645 4646 4647 4648 4649 4650 4651 4652 4653 4654 4655 4656 4657 4658 4659 4660 4661 4662 4663 4664 4665 4666 4667 4668 4669 4670 4671 4672 4673 4674 4675 4676 4677 4678 4679 4680 4681 4682 4683 4684 4685 4686 4687 4688 4689 4690 4691 4692 4693 4694 4695 4696 4697 4698 4699 4700 4701 4702 4703 4704 4705 4706 4707 4708 4709 4710 4711 4712 4713 4714 4715 4716 4717 4718 4719 4720 4721 4722 4723 4724 4725 4726 4727 4728 4729 4731 4732 4733 4734 4735 4736 4737 4738 4739 4740 4741 4742 4743 4744 4745 4746 4747 4748 4749 4750 4751 4752 4753 4754 4755 4756 4757 4758 4759 4760 4761 4762 4763 4764 4765 4766 4767 4768 4769 4770 4771 4772 4773 4774 4775 4776 4777 4778 4779 4780 4781 4782 4783 4784 4785 4786 4787 4788 4789 4790 4791 4792 4793 4794 4795 4796 4797 4798 4799 4800 4801 4802 4803 4804 4805 4806 4807 4808 4809 4810 4811 4812 4813 4814 4815 4816 4817 4818 4819 4820 4821 4822 4823 4824 4825 4826 4827 4828 4829 4830 4831 4832 4833 4834 4835 4836 4837 4838 4839 4840 4841 4842 4843 4844 4845 4846 4847 4848 4849 4850 4851 4852 4853 4854 4855 4856 4857 4858 4859 4860 4861 4862 4863 4864 4865 4866 4867 4868 4869 4870 4871 4872 4873 4874 4875 4876 4877 4878 4879 4880 4881 4882 4883 4884 4885 4886 4887 4888 4889 4890 4891 4892 4893 4894 4895 4896 4897 4898 4899 4900 4901 4902 4903 4904 4905 4906 4907 4908 4909 4910 4911 4912 4913 4914 4915 4916 4917 4918 4919 4920 4921 4922 4923 4924 4925 4926 4927 4928 4929 4930 4931 4932 4933 4934 4935 4936 4937 4938 4939 4940 4941 4942 4943 4944 4945 4946 4947 4948 4949 4950 4951 4952 4953 4954 4955 4956 4957 4958 4959 4960 4961 4962 4963 4964 4965 4966 4967 4968 4969 4970 4971 4972 4973 4974 4975 4976 4977 4978 4979 4980 4981 4982 4983 4984 4985 4986 4987 4988 4989 4990 4991 4992 4993 4994 4995 4996 4997 4998 4999 5000 5001 5002 5003 5004 5005 5006 5007 5008 5009 5010 5011 5012 5013 5014 5015 5016 5017 5018 5019 5020 5021 5022 5023 5024 5025 5026 5027 5028 5029 5030 5031 5032 5033 5034 5035 5036 5037 5038 5039 5040 5041 5042 5043 5044 5045 5046 5047 5048 5049 5050 5051 5052 5053 5054 5055 5056 5057 5058 5059 5060 5061 5062 5063 5064 5065 5066 5067 5068 5069 5070 5071 5072 5073 5074 5075 5076 5077 5078 5079 5080 5081 5082 5083 5084 5085 5086 5087 5088 5089 5090 5091 5092 5093 5094 5095 5096 5097 5098 5099 5100 5101 5102 5103 5104 5105 5106 5107 5108 5109 5110 5111 5112 5113 5114 5115 5116 5117 5118 5119 5120 5121 5122 5123 5124 5125 5126 5127 5128 5129 5130 5131 5132 5133 5134 5135 5136 5137 5138 5139 5140 5141 5142 5143 5144 5145 5146 5147 5148 5149 5150 5151 5152 5153 5154 5155 5156 5157 5158 5159 5160 5161 5162 5163 5164 5165 5166 5167 5168 5169 5170 5171 5172 5173 5174 5175 5176 5177 5178 5179 5180 5181 5182 5183 5184 5185 5186 5187 5188 5189 5190 5191 5192 5193 5194 5195 5196 5197 5198 5199 5200 5201 5202 5203 5204 5205 5206 5207 5208 5209 5210 5211 5212 5213 5214 5215 5216 5217 5218 5219 5220 5221 5222 5223 5224 5225 5226 5227 5228 5229 5230 5231 5232 5233 5234 5235 5236 5237 5238 5239 5240 5241 5242 5243 5244 5245 5246 5247 5248 5249 5250 5251 5252 5253 5254 5255 5256 5257 5258 5259 5260 5261 5262 5263 5264 5265 5266 5267 5268 5269 5270 5271 5272 5273 5274 5275 5276 5277 5278 5279 5280 5281 5282 5283 5284 5285 5286 5287 5288 5289 5290 5291 5292 5293 5294 5295 5296 5297 5298 5299 5300 5301 5302 5303 5304 5305 5306 5307 5308 5309 5310 5311 5312 5313 5314 5315 5316 5317 5318 5319 5320 5321 5322 5323 5324 5325 5326 5327 5328 5329 5330 5331 5332 5333 5334 5335 5336 5337 5338 5339 5340 5341 5342 5343 5344 5345 5346 5347 5348 5349 5350 5351 5352 5353 5354 5355 5356 5357 5358 5359 5360 5361 5362 5363 5364 5365 5366 5367 5368 5369 5370 5371 5372 5373 5374 5375 5376 5377 5378 5379 5380 5381 5382 5383 5384 5385 5386 5387 5388 5389 5390 5391 5392 5393 5394 5395 5396 5397 5398 5399 5400 5401 5402 5403 5404 5405 5406 5407 5408 5409 5410 5411 5412 5413 5414 5415 5416 5417 5418 5419 5420 5421 5422 5423 5424 5425 5426 5427 5428 5429 5430 5431 5432 5433 5434 5435 5436 5437 5438 5439 5440 5441 5442 5443 5444 5445 5446 5447 5448 5449 5450 5451 5452 5453 5454 5455 5456 5457 5458 5459 5460 5461 5462 5463 5464 5465 5466 5467 5468 5469 5470 5471 5472 5473 5474 5475 5476 5477 5478 5479 5480 5481 5482 5483 5484 5485 5486 5487 5488 5489 5490 5491 5492 5493 5494 5495 5496 5497 5498 5499 5500 5501 5502 5503 5504 5505 5506 5507 5508 5509 5510 5511 5512 5513 5514 5515 5516 5517 5518 5519 5520 5521 5522 5523 5524 5525 5526 5527 5528 5529 5530 5531 5532 5533 5534 5535 5536 5537 5538 5539 5540 5541 5542 5543 5544 5545 5546 5547 5548 5549 5550 5551 5552 5553 5554 5555 5556 5557 5558 5559 5560 5561 5562 5563 5564 5565 5566 5567 5568 5569 5570 5571 5572 5573 5574 5575 5576 5577 5578 5579 5580 5581 5582 5583 5584 5585 5586 5587 5588 5589 5590 5591 5592 5593 5594 5595 5596 5597 5598 5599 5600 5601 5602 5603 5604 5605 5606 5607 5608 5609 5610 5611 5612 5613 5614 5615 5616 5617 5618 5619 5620 5621 5622 5623 5624 5625 5626 5627 5628 5629 5630 5631 5632 5633 5634 5635 5636 5637 5638 5639 5640 5641 5642 5643 5644 5645 5646 5647 5648 5649 5650 5651 5652 5653 5654 5655 5656 5658 5659 5660 5661 5662 5663 5664 5665 5666 5667 5668 5669 5670 5671 5672 5673 5674 5675 5676 5677 5678 5679 5680 5681 5682 5683 5684 5685 5686 5687 5688 5689 5690 5691 5692 5693 5694 5695 5696 5697 5698 5699 5700 5701 5702 5703 5704 5705 5706 5707 5708 5709 5710 5711 5712 5713 5714 5715 5716 5717 5718 5719 5720 5721 5722 5723 5724 5725 5726 5727 5728 5729 5730 5731 5732 5733 5734 5735 5736 5737 5738 5739 5740 5741 5742 5743 5744 5745 5746 5747 5748 5749 5750 5751 5752 5753 5754 5755 5756 5757 5758 5759 5760 5761 5762 5763 5764 5765 5766 5767 5768 5769 5770 5771 5772 5773 5774 5775 5776 5777 5778 5779 5780 5781 5782 5783 5784 5785 5786 5787 5788 5789 5790 5791 5792 5793 5794 5795 5796 5797 5798 5799 5800 5801 5802 5803 5804 5805 5806 5807 5808 5809 5810 5811 5812 5813 5814 5815 5816 5817 5818 5819 5820 5821 5822 5823 5824 5825 5826 5827 5828 5829 5830 5831 5832 5833 5834 5835 5836 5837 5838 5839 5840 5841 5842 5843 5844 5845 5846 5847 5848 5849 5850 5851 5852 5853 5854 5855 5856 5857 5858 5859 5860 5861 5862 5863 5864 5865 5866 5867 5868 5869 5870 5871 5872 5873 5874 5875 5876 5877 5878 5879 5880 5881 5882 5883 5884 5885 5886 5887 5888 5889 5890 5891 5892 5893 5894 5895 5896 5897 5898 5899 5900 5901 5902 5903 5904 5905 5906 5907 5908 5909 5910 5911 5912 5913 5914 5915 5916 5917 5918 5919 5920 5921 5922 5923 5924 5925 5926 5927 5928 5929 5930 5931 5932 5933 5934 5935 5936 5937 5938 5939 5940 5941 5942 5943 5944 5945 5946 5947 5948 5949 5950 5951 5952 5953 5954 5955 5956 5957 5958 5959 5960 5961 5962 5963 5964 5965 5966 5967 5968 5969 5970 5971 5972 5973 5974 5975 5976 5977 5978 5979 5980 5981 5982 5983 5984 5985 5986 5987 5988 5989 5990 5991 5992 5993 5994 5995 5996 5997 5998 5999 6000 6001 6002 6003 6004 6005 6006 6007 6008 6009 6010 6011 6012 6013 6014 6015 6016 6017 6018 6019 6020 6021 6022 6023 6024 6025 6026 6027 6028 6029 6030 6031 6032 6033 6034 6035 6036 6037 6038 6039 6040 6041 6042 6043 6044 6045 6046 6047 6048 6049 6050 6051 6052 6053 6054 6055 6056 6057 6058 6059 6060 6061 6062 6063 6064 6065 6066 6067 6068 6069 6070 6071 6072 6073 6074 6075 6076 6077 6078 6079 6080 6081 6082 6083 6084 6085 6086 6087 6088 6089 6090 6091 6092 6093 6094 6095 6096 6097 6098 6099 6100 6101 6102 6103 6104 6105 6106 6107 6108 6109 6110 6111 6112 6113 6114 6115 6116 6117 6118 6119 6120 6121 6122 6123 6124 6125 6126 6127 6128 6129 6130 6131 6132 6133 6134 6135 6136 6137 6138 6139 6140 6141 6142 6143 6144 6145 6146 6147 6148 6149 6150 6151 6152 6153 6154 6155 6156 6157 6158 6159 6160 6161 6162 6163 6164 6165 6166 6167 6168 6169 6170 6171 6172 6173 6174 6175 6176 6177 6178 6179 6180 6181 6182 6183 6184 6185 6186 6187 6188 6189 6190 6191 6192 6193 6194 6195 6196 6197 6198 6199 6200 6201 6202 6203 6204 6205 6206 6207 6208 6209 6210 6211 6212 6213 6214 6215 6216 6217 6218 6219 6220 6221 6222 6223 6224 6225 6226 6227 6228 6229 6230 6231 6232 6233 6234 6235 6236 6237 6238 6239 6240 6241 6242 6243 6244 6245 6246 6247 6248 6249 6250 6251 6252 6253 6254 6255 6256 6257 6258 6259 6260 6261 6262 6263 6264 6265 6266 6267 6268 6269 6270 6271 6272 6273 6274 6275 6276 6277 6278 6279 6280 6281 6282 6283 6284 6285 6286 6287 6288 6289 6290 6291 6292 6293 6294 6295 6296 6297 6298 6299 6300 6301 6302 6303 6304 6305 6306 6307 6308 6309 6310 6311 6312 6313 6314 6315 6316 6317 6318 6319 6320 6321 6322 6323 6324 6325 6326 6327 6328 6329 6330 6331 6332 6333 6334 6335 6336 6337 6338 6339 6340 6341 6342 6343 6344 6345 6346 6347 6348 6349 6350 6351 6352 6353 6354 6355 6356 6357 6358 6359 6360 6361 6362 6363 6364 6365 6366 6367 6368 6369 6370 6371 6372 6373 6374 6375 6376 6377 6378 6379 6380 6381 6382 6383 6384 6385 6386 6387 6388 6389 6390 6391 6392 6393 6394 6395 6396 6397 6398 6399 6400 6401 6402 6403 6404 6405 6406 6407 6408 6409 6410 6411 6412 6413 6414 6415 6416 6417 6418 6419 6420 6421 6422 6423 6424 6425 6426 6427 6428 6429 6430 6431 6432 6433 6434 6435 6436 6437 6438 6439 6440 6441 6442 6443 6444 6445 6446 6447 6448 6449 6450 6451 6452 6453 6454 6455 6456 6457 6458 6459 6460 6461 6462 6463 6464 6465 6466 6467 6468 6469 6470 6471 6472 6473 6474 6475 6476 6477 6478 6479 6480 6481 6482 6483 6484 6485 6486 6487 6488 6489 6490 6491 6492 6493 6494 6495 6496 6497 6498 6499 6500 6501 6502 6503 6504 6505 6506 6507 6508 6509 6510 6511 6512 6513 6514 6515 6516 6517 6518 6519 6520 6521 6522 6523 6524 6525 6526 6527 6528 6529 6530 6531 6532 6533 6534 6535 6536 6537 6538 6539 6540 6541 6542 6543 6544
p1:4 A 0 1 2 3 4 5 6 7 8 9 10 11 12 13 14 15 16 17 18 19 20 21 22 23 24 25 26 27 28 29 30 31 32 33 34 35 36 37 38 39 40 41 42 43 44 45 46 47 48 49 50 51 52 53 54 55 56 57 58 59 60 61 62 63 64 65 66 67 68 69 70 71 72 73 74 75 76 77 78 79 80 81 82 83 84 85 86 87 88 89 90 91 92 93 94 95 96 97 98 99 100 101 102 103 104 105 106 107 108 109 110 111 112 113 114 115 116 117 118 119 120 121 122 123 124 125 126 127 128 129 130 131 132 133 134 135 136 137 138 139 140 141 142 143 144 145 146 147 148 149 150 151 152 153 154 155 156 157 158 159 160 161 162 163 164 165 166 167 168 169 170 171 172 173 174 175 176 177 178 179 180 181 182 183 184 185 186 187 188 189 190 191 192 193 194 195 196 197 198 199 200 201 202 203 204 205 206 207 208 209 210 211 212 213 214 215 216 217 218 219 220 221 222 223 224 225 226 227 228 229 230 231 232 233 234 235 236 237 238 239 240 241 242 243 244 245 246 247 248 249 250 251 252 253 254 255 256 257 258 259 260 261 262 263 264 265 266 267 268 269 270 271 272 273 274 275 276 277 278 279 280 281 282 283 284 285 286 287 288 289 290 291 292 293 294 295 296 297 298 299 300 301 302 303 304 305 306 307 308 309 310 311 312 313 314 315 316 317 318 319 320 321 322 323 324 325 326 327 328 329 330 331 332 333 334 335 336 337 338 339 340 341 342 343 344 345 346 347 348 349 350 351 352 353 354 355 356 357 358 359 360 361 362 363 364 365 366 367 368 369 370 371 372 373 374 375 376 377 378 379 380 381 382 383 384 385 386 387 388 389 390 391 392 393 394 395 396 397 398 399 400 401 402 403 404 405 406 407 408 409 410 411 412 413 414 415 416 417 418 419 420 421 422 423 424 425 426 427 428 429 430 431 432 433 434 435 436 437 438 439 440 441 442 443 444 445 446 447 448 449 450 451 452 453 454 455 456 457 458 459 460 461 462 463 464 465 466 467 468 469 470 471 472 473 474 475 476 477 478 479 480 481 482 483 484 485 486 487 488 489 490 491 492 493 494 495 496 497 498 499 500 501 502 503 504 505 506 507 508 509 510 511 512 513 514 515 516 517 518 519 520 521 522 523 524 525 526 527 528 529 530 531 532 533 534 535 536 537 538 539 540 541 542 543 544 545 546 547 548 549 550 551 552 553 554 555 556 557 558 559 560 561 562 563 564 565 566 567 568 569 570 571 572 573 574 575 576 577 578 579 580 581 582 583 584 585 586 587 6555 588 589 590 591 592 593 594 595 596 597 598 599 600 601 602 603 604 605 606 607 608 609 610 611 612 613 614 615 616 617 618 619 620 621 622 623 624 625 626 627 628 629 630 631 632 633 634 635 636 637 638 639 640 641 642 643 644 645 646 647 648 649 650 651 652 653 654 655 656 657 658 659 660 661 662 663 664 665 666 667 668 669 670 671 672 673 674 675 676 677 678 679 680 681 682 683 684 685 686 687 688 689 690 691 692 693 694 695 696 697 698 699 700 701 702 703 704 705 706 707 708 709 710 711 712 713 714 715 716 717 718 719 720 721 722 723 724 725 726 727 728 729 730 731 732 733 734 735 736 737 738 739 740 741 742 743 744 745 746 747 748 749 750 751 752 753 754 755 756 757 758 759 760 761 762 763 764 765 766 767 768 769 770 771 772 773 774 775 776 777 778 779 780 781 782 783 784 785 786 787 788 789 790 791 792 793 794 795 796 797 798 799 800 801 802 803 804 805 806 807 808 809 810 811 812 813 814 815 816 817 818 819 820 821 822 823 824 825 826 827 828 829 830 831 832 833 834 835 836 837 838 839 840 841 842 843 844 845 846 847 848 849 850 851 852 853 854 855 856 857 858 859 860 861 862 863 864 865 866 867 868 869 870 871 872 873 874 875 876 877 878 879 880 881 882 883 884 885 886 887 888 889 890 891 892 893 894 895 896 897 898 899 900 901 902 903 904 905 906 907 908 909 910 911 912 913 914 915 916 917 918 919 920 921 922 923 924 925 926 927 928 929 930 931 932 933 934 935 936 937 938 939 940 941 942 943 944 945 946 947 948 949 950 951 952 953 954 955 956 957 958 959 960 961 962 963 964 965 966 967 968 969 970 971 972 973 974 975 976 977 978 979 980 981 982 983 984 985 986 987 988 989 990 991 992 993 994 995 996 997 998 999 1000 1001 1002 1003 1004 1005 1006 1007 1008 1009 1010 1011 1012 1013 1014 1015 1016 1017 1018 1019 1020 1021 1022 1023 1024 1025 1026 1027 1028 1029 1030 1031 1032 1033 1034 1035 1036 1037 1038 1039 1040 1041 1042 1043 1044 1045 1046 1047 1048 1049 1050 1051 1052 1053 1054 1055 1056 1057 1058 1059 1060 1061 1062 1063 1064 1065 1066 1067 1068 1069 1070 1071 1072 1073 1074 1075 1076 1077 1078 1079 1080 1081 1082 1083 1084 1085 1086 1087 1088 1089 1090 1091 1092 1093 1094 1095 1096 1097 1098 1099 1100 1101 1102 1103 1104 1105 1106 1107 1108 1109 1110 1111 1112 1113 1114 1115 1116 1117 1118 1119 1120 1121 1122 1123 1124 1125 1126 1127 1128 1129 1130 1131 1132 1133 1134 1135 1136 1137 1138 1139 1140 1141 1142 1143 1144 1145 1146 1147 1148 1149 1150 1151 1152 1153 1154 1155 1156 1157 1158 1159 1160 1161 1162 1163 1164 1165 1166 1167 1168 1169 1170 1171 1172 1173 1174 1175 1176 1177 1178 1179 1180 1181 1182 1183 1184 1185 1186 1187 1188 1189 1190 1191 1192 1193 1194 1195 1196 1197 1198 1199 1200 1201 1202 1203 1204 1205 1206 1207 1208 1209 1210 1211 1212 1213 1214 1215 1216 1217 1218 1219 1220 1221 1222 1223 1224 1225 1226 1227 1228 1229 1230 1231 1232 1233 1234 1235 1236 1237 1238 1239 1240 1241 1242 1243 1244 1245 1246 1247 1248 1249 1250 1251 1252 1253 1254 1255 1256 1257 1258 1259 1260 1261 1262 1263 1264 1265 1266 1267 1268 1269 1270 1271 1272 1273 1274 1275 1276 1277 1278 1279 1280 1281 1282 1283 1284 1285 1286 1287 1288 1289 1290 1291 1292 1293 1294 1295 1296 1297 1298 1299 1300 1301 1302 1303 1304 1305 1306 1307 1308 1309 1310 1311 1312 1313 1314 1315 1316 1317 1318 1319 1320 1321 1322 1323 1324 1325 1326 1327 1328 1329 1330 1331 1332 1333 1334 1335 1336 1337 1338 1339 1340 1341 1342 1343 1344 1345 1346 1347 1348 1349 1350 1351 1352 1353 1354 1355 1356 1357 1358 1359 1360 1361 1362 1363 1364 1365 1366 1367 1368 1369 1370 1371 1372 1373 1374 1375 1376 1377 1378 1379 1380 1381 1382 1383 1384 1385 1386 1387 1388 1389 1390 1391 1392 1393 1394 1395 1396 1397 1398 1399 1400 1401 1402 1403 1404 1405 1406 1407 1408 1409 1410 1411 1412 1413 1414 1415 1416 1417 1418 1419 1420 1421 1422 1423 1424 1425 1426 1427 1428 1429 1430 1431 1432 1433 1434 1435 1436 1437 1438 1439 1440 1441 1442 1443 1444 1445 1446 1447 1448 1449 1450 1451 1452 1453 1454 1455 1456 1457 1458 1459 1460 1461 1462 1463 1464 1465 1466 1467 1468 1469 1470 1471 1472 1473 1474 1475 1476 1477 1478 1479 1480 1481 1482 1483 1484 1485 1486 1487 1488 1489 1490 1491 1492 1493 1494 1495 1496 1497 1498 1499 1500 1501 1502 1503 1504 1505 1506 1507 1508 1509 1510 1511 1512 1513 1514 1515 1516 1517 1518 1519 1520 1521 1522 1523 1524 1525 1526 1527 1528 1529 1530 1531 1532 1533 1534 1535 1536 1537 1538 1539 1540 1541 1542 1543 1544 1545 1546 1547 1548 1549 1550 1551 1552 1553 1554 1555 1556 1557 1558 1559 1560 1561 1562 1563 1564 1565 1566 1567 1568 1569 1570 1571 1572 1573 1574 1575 1576 1577 1578 1579 1580 1581 1582 1583 1584 1585 1586 1587 1588 1589 1590 1591 1592 1593 1594 1595 1596 1597 1598 1599 1600 1601 1602 1603 1604 1605 1606 1607 1608 1609 1610 1611 1612 1613 1614 1615 1616 1617 1618 1619 1620 1621 1622 1623 1624 1625 1626 1627 1628 1629 1630 1631 1632 1633 1634 1635 1636 1637 1638 1639 1640 1641 1642 1643 1644 1645 1646 1647 1648 1649 1650 1651 1652 1653 1654 1655 1656 1657 1658 1659 1660 1661 1662 1663 1664 1665 1666 1667 1669 1670 1671 1672 1673 1674 1675 1676 1677 1678 1679 1680 1681 1682 1683 1684 1685 1686 1687 1688 1689 1690 1691 1692 1693 1694 1695 1696 1697 1698 1699 1700 1701 1702 1703 1704 1705 1706 1707 1708 1709 1710 1711 1712 1713 1714 1715 1716 1717 1718 1719 1720 1721 1722 1723 1724 1725 1726 1727 1728 1729 1730 1731 1732 1733 1734 1735 1736 1737 1738 1739 1740 1741 1742 1743 1744 1745 1746 1747 1748 1749 1750 1751 1752 1753 1754 1755 1756 1757 1758 1759 1760 1761 1762 1763 1764 1765 1766 1767 1768 1769 1770 1771 1772 1773 1774 1775 1776 1777 1778 1779 1780 1781 1782 1783 1784 1785 1786 1787 1788 1789 1790 1791 1792 1793 1794 1795 1796 1797 1798 1799 1800 1801 1802 1803 1804 1805 1806 1807 1808 1809 1810 1811 1812 1813 1814 1815 1816 1817 1818 1819 1820 1821 1822 1823 1824 1825 1826 1827 1828 1829 1830 1831 1832 1833 1834 1835 1836 1837 1838 1839 1840 1841 1842 1843 1844 1845 1846 1847 1848 1849 1850 1851 1852 1853 1854 1855 1856 1857 1858 1859 1860 1861 1862 1863 1864 1865 1866 1867 1868 1869 1870 1871 1872 1873 1874 1875 1876 1877 1878 1879 1880 1881 1882 1883 1884 1885 1886 1887 1888 1889 1890 1891 1892 1893 1894 1895 1896 1897 1898 1899 1900 1901 1902 1903 1904 1905 1906 1907 1908 1909 1910 1911 1912 1913 1914 1915 1916 1917 1918 1919 1920 1921 1922 1923 1924 1925 1926 1927 1928 1929 1930 1931 1932 1933 1934 1935 1936 1937 1938 1939 1940 1941 1942 1943 1944 1945 1946 1947 1948 1949 1950 1951 1952 1953 1954 1955 1956 1957 1958 1959 1960 1961 1962 1963 1964 1965 1966 1967 1968 1969 1970 1971 1972 1973 1974 1975 1976 1977 1978 1979 1980 1981 1982 1983 1984 1985 1986 1987 1988 1989 1990 1991 1992 1993 1994 1995 1996 1997 1998 1999 2000 2001 2002 2003 2004 2005 2006 2007 2008 2009 2010 2011 2012 2013 2014 2015 2016 2017 2018 2019 2020 2021 2022 2023 2024 2025 2026 2027 2028 2029 2030 2031 2032 2033 2034 2035 2036 2037 2038 2039 2040 2041 2042 2043 2044 2045 2046 2047 2048 2049 2050 2051 2052 2053 2054 2055 2056 2057 2058 2059 2060 2061 2062 2063 2064 2065 2066 2067 2068 2069 2070 2071 2072 2073 2074 2075 2076 2077 2078 2079 2080 2081 2082 2083 2084 2085 2086 2087 2088 2089 2090 2091 2092 2093 2094 2095 2096 2097 2098 2099 2100 2101 2102 2103 2104 2105 2106 2107 2108 2109 2110 2111 2112 2113 2114 2115 2116 2117 2118 2119 2120 2121 2122 2123 2124 2125 2126 2127 2128 2129 2130 2131 2132 2133 2134 2135 2136 2137 2138 2139 2140 2141 2142 2143 2144 2145 2146 2147 2148 2149 2150 2151 2152 2153 2154 2155 2156 2157 2158 2159 2160 2161 2162 2163 2164 2165 2166 2167 2168 2169 2170 2171 2172 2173 6556 2174 2175 2176 2177 2178 2179 2180 2181 2182 2183 2184 2185 2186 2187 2188 2189 2190 2191 2192 2193 2194 2195 2196 2197 2198 2199 2200 2201 2202 2203 2204 2205 2206 2207 2208 2209 2210 2211 2212 2213 2214 2215 2216 2217 2218 2219 2220 2221 2222 2223 2224 2225 2226 2227 2228 2229 2230 2231 2232 2233 2234 2235 2236 2237 2238 2239 2240 2241 2242 2243 2244 2245 2246 2247 2248 2249 2250 2251 2252 2253 2254 2255 2256 2257 2258 2259 2260 2261 2262 2263 2264 2265 2266 2267 2268 2269 2270 2271 2272 2273 2274 2275 2276 2277 2278 2279 2280 2281 2282 2283 2284 2285 2286 2287 2288 2289 2290 2291 2292 2293 2294 2295 2296 2297 2298 2299 2300 2301 2302 2303 2304 2305 2306 2307 2308 2309 2310 2311 2312 2313 2314 2315 2316 2317 2318 2319 2320 2321 2322 2323 2324 2325 2326 2327 2328 2329 2330 2331 2332 2333 2334 2335 2336 2337 2338 2339 2340 2341 2342 2343 2344 2345 2346 2347 2348 2349 2350 2351 2352 2353 2354 2355 2356 2357 2358 2359 2360 2361 2362 2363 2364 2365 2366 2367 2368 2369 2370 2371 2372 2373 2374 2375 2376 2377 2378 2379 2380 2381 2382 2383 2384 2385 2386 2387 2388 2389 2390 2391 2392 2393 2394 2395 2396 2397 2398 2399 2400 2401 2402 2403 2404 2405 2406 2407 2408 2409 2410 2411 2412 2413 2414 2415 2416 2417 2418 2419 2420 2421 2422 2423 2424 2425 2426 2427 2428 2429 2430 2431 2432 2433 2434 2435 2436 2437 2438 2439 2440 2441 2442 2443 2444 2445 2446 2447 2448 2449 2450 2451 2452 2453 2454 2455 2456 2457 2458 2459 2460 2461 2462 2463 2464 2465 2466 2467 2468 2469 2470 2471 2472 2473 2474 2475 2476 2477 2478 2479 2480 2481 2482 2483 2484 2485 2486 2487 2488 2489 2490 2491 2492 2493 2494 2495 2496 2497 2498 2499 2500 2501 2502 2503 2504 2505 2506 2507 2508 2509 2510 2511 2512 2513 2514 2515 2516 2517 2518 2519 2520 2521 2522 2523 2524 2525 2526 2527 2528 2529 2530 2531 2532 2533 2534 2535 2536 2537 2538 2539 2540 2541 2542 2543 2544 2545 2546 2547 2548 2549 2550 2551 2552 2553 2554 2555 2556 2557 2558 2559 2560 2561 2562 2563 2564 2565 2566 2567 2568 2569 2570 2571 2572 2573 2574 2575 2576 2577 2578 2579 2580 2581 2582 2583 2584 2585 2586 2587 2588 2589 2590 2591 2592 2593 2594 2595 2596 2597 2598 2599 2600 2601 2602 2603 2604 2605 2606 2607 2608 2609 2610 2611 2612 2613 2614 2615 2616 2617 2618 2619 2620 2621 2622 2623 2624 2625 2626 2627 2628 2629 2630 2631 2632 2633 2634 2635 2636 2637 2638 2639 2640 2641 2642 2643 2644 2645 2646 2647 2648 2649 2650 2651 2652 2653 2654 2655 2656 2657 2658 2659 2660 2661 2662 2663 2664 2665 2666 2667 2668 2669 2670 2671 2672 2673 2674 2675 2676 2677 2678 2679 2680 2681 2682 2683 2684 2685 2686 2687 2688 2689 2690 2691 2692 2693 2694 2695 2696 2697 2698 2699 2700 2701 2702 2703 2704 2705 2706 2707 2708 2709 2710 2711 2712 2713 2714 2715 2716 2717 2718 2719 2720 2721 2722 2723 2724 2725 2726 2727 2728 2729 2730 2731 2732 2733 2734 2735 2736 2737 2738 2739 2740 2741 2742 2743 2744 2745 2746 2747 2748 2749 2750 2751 2752 2753 2754 2755 2756 2757 2758 2759 2760 2761 2762 2763 2764 2765 2766 2767 2768 2769 2770 2771 2772 2773 2774 2775 2776 2777 2778 2779 2780 2781 2782 2783 2784 2785 2786 2787 2788 2789 2790 2791 2792 2793 2794 2795 2796 2797 2798 2799 2800 2801 2802 2803 2804 2805 2806 2807 2808 2809 2810 2811 2812 2813 2814 2815 2816 2817 2818 2819 2820 2821 2822 2823 2824 2825 2826 2827 2828 2829 2830 2831 2832 2833 2834 2835 2836 2837 2838 2839 2840 2841 2842 2843 2844 2845 2846 2847 2848 2849 2850 2851 2852 2853 2854 2855 2856 2857 2858 2859 2860 2861 2862 2863 2864 2865 2866 2867 2868 2869 2870 2871 2872 2873 2874 2875 2876 2877 2878 2879 2880 2881 2882 2883 2884 2885 2886 2887 2888 2889 2890 2891 2892 2893 2894 2895 2896 2897 2898 2899 2900 2901 2902 2903 2904 2905 2906 2907 2908 2909 2910 2911 2912 2913 2914 2915 2916 2917 2918 2919 2920 2921 2922 2923 2924 2925 2926 2927 2928 2929 2930 2931 2932 2933 2934 2935 2936 2937 2938 2939 2940 2941 2942 2943 2944 2945 2946 2947 2948 2949 2950 2951 2952 2953 2954 2955 2956 2957 2958 2959 2960 2961 2962 2963 2964 2965 2966 2967 2968 2969 2970 2971 2972 2973 2974 2975 2976 2977 2978 2979 2980 2981 2982 2983 2984 2985 2986 2987 2988 2989 2990 2991 2992 2993 2994 2995 2996 2997 2998 2999 3000 3001 3002 3003 3004 3005 3006 3007 3008 3009 3010 3011 3012 3013 3014 3015 3016 3017 3018 3019 3020 3021 3022 3023 3024 3025 3026 3027 3028 3029 3030 3031 3032 3033 3034 3035 3036 3037 3038 3039 3040 3041 3042 3043 3044 3045 3046 3047 3048 3049 3050 3051 3052 3053 3054 3055 3056 3057 3058 3059 3060 3061 3062 3063 3064 3065 3066 3067 3068 3069 3070 3071 3072 3073 3074 3075 3076 3077 3078 3079 3080 3081 3082 3083 3084 3085 3086 3087 3088 3089 3090 3091 3092 3093 3094 3095 3096 3097 3098 3099 3100 3101 3102 3103 3104 3105 3106 3107 3108 3109 3110 3111 3112 3113 3114 3115 3116 3117 3118 3119 3120 3121 3122 3123 3124 3125 3126 3127 3128 3129 3130 3131 3132 3133 3134 3135 3136 3137 3138 3139 3140 3141 3142 3143 3144 3145 3146 3147 3148 3149 3150 3151 3152 3153 3154 3155 3156 3157 3158 3159 3160 3161 3162 3163 3164 3165 3166 3167 3168 3169 3170 3171 3172 3173 3174 3175 3176 3177 3178 3179 3180 3181 3182 3183 6557 3184 3185 3186 3187 3188 3189 3190 3191 3192 3193 3194 3195 3196 3197 3198 3199 3200 3201 3202 3203 3204 3205 3206 3207 3208 3209 3210 3211 3212 3213 3214 3215 3216 3217 3218 3219 3220 3221 3222 3223 3224 3225 3226 3227 3228 3229 3230 3231 3232 3233 3234 3235 3236 3237 3238 3239 3240 3241 3242 3243 3244 3245 3246 3247 3248 3249 3250 3251 3252 3253 3254 3255 3256 3257 3258 3259 3260 3261 3262 3263 3264 3265 3266 3267 3268 3269 3270 3271 3272 3273 3274 3275 3276 3277 3278 3279 3280 3281 3282 3283 3284 3285 3286 3287 3288 3289 3290 3291 3292 3293 3294 3295 3296 3297 3298 3299 3300 3301 3302 3303 3304 3305 3306 3307 3308 3309 3310 3311 3312 3313 3314 3315 3316 3317 3318 3319 3320 3321 3322 3323 3324 3325 3326 3327 3328 3329 3330 3331 3332 3333 3334 3335 3336 3337 3338 3339 3340 3341 3342 3343 3344 3345 3346 3347 3348 3349 3350 3351 3352 3353 3354 3355 3356 3357 3358 3359 3360 3361 3362 3363 3364 3365 3366 3367 3368 3369 3370 3371 3372 3373 3374 3375 3376 3377 3378 3379 3380 3381 3382 3383 3384 3385 3386 3387 3388 3389 3390 3391 3392 3393 3394 3395 3396 3397 3398 3399 3400 3401 3402 3403 3404 3405 3406 3407 3408 3409 3410 3411 3412 3413 3414 3415 3416 3417 3418 3419 3420 3421 3422 3423 3424 3425 3426 3427 3428 3429 3430 3431 3432 3433 3434 3435 3436 3437 3438 3439 3440 3441 3442 3443 3444 3445 3446 3447 3448 3449 3450 3451 3452 3453 3454 3455 3456 3457 3458 3459 3460 3461 3462 3463 3464 3465 3466 3467 3468 3469 3470 3471 3472 3473 3474 3475 3476 3477 3478 3479 3480 3481 3482 3483 3484 3485 3486 3487 3488 3489 3490 3491 3492 3493 3494 3495 3496 3497 3498 3499 3500 3501 3502 3503 3504 3505 3506 3507 3508 3509 3510 3511 3512 3513 3514 3515 3516 3517 3518 3519 3520 3521 3522 3523 3524 3525 3526 3527 3528 3529 3530 3531 3532 3533 3534 3535 3536 3537 3538 3539 3540 3541 3542 3543 3544 3545 3546 3547 3548 3549 3550 3551 3552 3553 3554 3555 3556 3557 3558 3559 3560 3561 3562 3563 3564 3565 3566 3567 3568 3569 3570 3571 3572 3573 3574 3575 3576 3577 3578 3579 3580 3581 3582 3583 3584 3585 3586 3587 3588 3589 3590 3591 3592 3593 3594 3595 3596 3597 3598 3599 3600 3601 3602 3603 3604 3605 3606 3607 3608 3609 3610 3611 3612 3613 3614 3615 3616 3617 3618 3619 3620 3621 3622 3623 3624 3625 3626 3627 3628 3629 3630 3631 3632 3633 3634 3635 3636 3637 3638 3639 3640 3641 3642 3643 3644 3645 3646 3647 3648 3649 3650 3651 3652 3653 3654 3655 3656 3657 3658 3659 3660 3661 3662 3663 6558 3664 3665 3666 3667 3668 3669 3670 3671 3672 3673 3674 3675 3676 3677 3678 3679 3680 3681 3682 3683 3684 3685 3686 3687 3688 3689 3690 3691 3692 3693 3694 3695 3696 3697 3698 3699 3700 3701 3702 3703 3704 3705 3706 3707 3708 3709 3710 3711 3712 3713 3714 3715 3716 3717 3718 3720 3721 3722 3723 3724 3725 3726 3727 3728 3729 3730 3731 3732 3733 3734 3735 3736 3737 3738 3739 3740 3741 3742 3743 3744 3745 3746 3747 3748 3749 3750 3751 3752 3753 3754 3755 3756 3757 3758 3759 3760 3761 3762 3763 3764 3765 3766 3767 3768 3769 3770 3771 3772 3773 3774 3775 3776 3777 3778 3779 3780 3781 3782 3783 3784 3785 3786 3787 3788 3789 3790 3791 3792 3793 3794 3795 3796 3797 3798 3799 3800 3801 3802 3803 3804 3805 3806 3807 3808 3809 3810 3811 3812 3813 3814 3815 3816 3817 3818 3819 3820 3821 3822 3823 3824 3825 3826 3827 3828 3829 3830 3831 3832 3833 3834 3835 3836 3837 3838 3839 3840 3841 3842 3843 3844 3845 3846 3847 3848 3849 3850 3851 3852 3853 3854 3855 3856 3857 3858 3859 3860 3861 3862 3863 3864 3865 3866 3867 3868 3869 3870 3871 3872 3873 3874 3875 3876 3877 3878 3879 3880 3881 3882 3883 3884 3885 3886 3887 3888 3889 3890 3891 3892 3893 3894 3895 3896 3897 3898 3899 3900 3901 3902 3903 3904 3905 3906 3907 3908 3909 3910 3911 3912 3913 3914 3915 3916 3917 3918 3919 3920 3921 3922 3923 3924 3925 3926 3927 3928 3929 3930 3931 3932 3933 3934 3935 3936 3937 3938 3939 3940 3941 3942 3943 3944 3945 3946 3947 3948 3949 3950 3951 3952 3953 3954 3955 3956 3957 3958 3959 3960 3961 3962 3963 3964 3965 3966 3967 3968 3969 3970 3971 3972 3973 3974 3975 3976 3977 3978 3979 3980 3981 3982 3983 3984 3985 3986 3987 3988 3989 3990 3991 3992 3993 3994 3995 3996 3997 3998 3999 4000 4001 4002 4003 4004 4005 4006 4007 4008 4009 4010 4011 4012 4013 4014 4015 4016 4017 4018 4019 4020 4021 4022 4023 4024 4025 4026 4027 4028 4029 4030 4031 4032 4033 4034 4035 4036 4037 4038 4039 4040 4041 4042 4043 4044 4045 4046 4047 4048 4049 4050 4051 4052 4053 4054 4055 4056 4057 4058 4059 4060 4061 4062 4063 4064 4065 4066 4067 4068 4069 4070 4071 4072 4073 4074 4075 4076 4077 4078 4079 4080 4081 4082 4083 4084 4085 4086 4087 4088 4089 4090 4091 4092 4093 4094 4095 4096 4097 4098 4099 4100 4101 4102 4103 4104 4105 4106 4107 4108 4109 4110 4111 4112 4113 4114 4115 4116 4117 4118 4119 4120 4121 4122 4123 4124 4125 4126 4127 4128 4129 4130 4131 4132 4133 4134 4135 4136 4137 4138 4139 4140 4141 4142 4143 4144 4145 4146 4147 4148 4149 4150 4151 4152 4153 4154 4155 4156 4157 4158 4159 4160 4161 4162 4163 4164 4165 4166 4167 4168 4169 4170 4171 4172 4173 4174 4175 4176 4177 4178 4179 4180 4181 4182 4183 4184 4185 4186 4187 4188 4189 4190 4191 4192 4193 4194 4195 4196 4197 4198 4199 4200 4201 4202 4203 4204 4205 4206 4207 4208 4209 4210 4211 4212 4213 4214 4215 4216 4217 4218 4219 4220 4221 4222 4223 4224 4225 4226 4227 4228 4229 4230 4231 4232 4233 4234 4235 4236 4237 4238 4239 4240 4241 4242 4243 4244 4245 4246 4247 4248 4249 4250 4251 4252 4253 4254 4255 4256 4257 4258 4259 4260 4261 4262 4263 4264 4265 4266 4267 4268 4269 4270 4271 4272 4273 4274 4275 4276 4277 4278 4279 4280 4281 4282 4283 4284 4285 4286 4287 4288 4289 4290 4291 4292 4293 4294 4295 4296 4297 4298 4299 4300 4301 4302 4303 4304 4305 4306 4307 4308 4309 4310 4311 4312 4313 4314 4315 4316 4317 4318 4319 4320 4321 4322 4323 4324 4325 4326 4327 4328 4329 4330 4331 4332 4333 4334 4335 4336 4337 4338 4339 4340 4341 4342 4343 4344 4345 4346 4347 4348 4349 4350 4351 4352 4353 4354 4355 4356 4357 4358 4359 4360 4361 4362 4363 4364 4365 4366 4367 4368 4369 4370 4371 4372 4373 4374 4375 4376 4377 4378 4379 4380 4381 4382 4383 4384 4385 4386 4387 4388 4389 4390 4391 4392 4393 4394 4395 4396 4397 4398 4399 4400 4401 4402 4403 4404 4405 4406 4407 4408 4409 4410 4411 4412 4413 4414 4415 4416 4417 4418 4419 4420 4421 4422 4423 4424 4425 4426 4427 4428 4429 4430 4431 4432 4433 4434 4435 4436 4437 4438 4439 4440 4441 4442 4443 4444 4445 4446 4447 4448 4449 4450 4451 4452 4453 4454 4455 4456 4457 4458 4459 4460 4461 4462 4463 4464 4465 4466 4467 4468 4469 4470 4471 4472 4473 4474 4475 4476 4477 4478 4479 4480 4481 4482 4483 4484 4485 4486 4487 4488 4489 4490 4491 4492 4493 4494 4495 4496 4497 4498 4499 4500 4501 4502 4503 4504 4505 4506 4507 4508 4509 4510 4511 4512 4513 4514 4515 4516 4517 4518 4519 4520 4521 4522 4523 4524 4525 4526 4527 4528 4529 4530 4531 4532 4533 4534 4535 4536 4537 4538 4539 4540 4541 4542 4543 4544 4545 4546 4547 4548 4549 4550 4551 4552 4553 4554 4555 4556 4557 4558 4559 4560 4561 4562 4563 4564 4565 4566 4567 4568 4569 4570 4571 4572 4573 4574 4575 4576 4577 4578 4579 4580 4581 4582 4583 4584 4585 4586 4587 4588 4589 4590 4591 4592 4593 4594 4595 4596 4597 4598 4599 4600 4601 4602 4603 4604 4605 4606 4607 4608 4609 4610 4611 4612 4613 4614 4615 4616 4617 4618 4619 4620 4621 4622 4623 4624 4625 4626 4627 4628 4629 4630 4631 4632 4633 4634 4635 4636 4637 4638 4639 4640 4641 4642 4643 4644 4645 4646 4647 4648 4649 4650 4651 4652 4653 4654 4655 4656 4657 4658 4659 4660 4661 4662 4663 4664 4665 4666 4667 4668 4669 4670 4671 4672 4673 4674 4675 4676 4677 4678 4679 4680 4681 4682 4683 4684 4685 4686 4687 4688 4689 4690 4691 4692 4693 4694 4695 4696 4697 4698 4699 4700 4701 4702 4703 4704 4705 4706 4707 4708 4709 4710 4711 4712 4713 4714 4715 4716 4717 4718 4719 4720 4721 4722 4723 4724 4725 4726 4727 4728 4729 4731 4732 4733 4734 4735 4736 4737 4738 4739 4740 4741 4742 4743 4744 4745 4746 4747 4748 4749 4750 4751 4752 4753 4754 4755 4756 4757 4758 4759 4760 4761 4762 4763 4764 4765 4766 4767 4768 4769 4770 4771 4772 4773 4774 4775 4776 4777 4778 4779 4780 4781 4782 4783 4784 4785 4786 4787 4788 4789 4790 4791 4792 4793 4794 4795 4796 4797 4798 4799 4800 4801 4802 4803 4804 4805 4806 4807 4808 4809 4810 4811 4812 4813 4814 4815 4816 4817 4818 4819 4820 4821 4822 4823 4824 4825 4826 4827 4828 4829 4830 4831 4832 4833 4834 4835 4836 4837 4838 4839 4840 4841 4842 4843 4844 4845 4846 4847 4848 4849 4850 4851 4852 4853 4854 4855 4856 4857 4858 4859 4860 4861 4862 4863 4864 4865 4866 4867 4868 4869 4870 4871 4872 4873 4874 4875 4876 4877 4878 4879 4880 4881 4882 4883 4884 4885 4886 4887 4888 4889 4890 4891 4892 4893 4894 4895 4896 4897 4898 4899 4900 4901 4902 4903 4904 4905 4906 4907 4908 4909 4910 4911 4912 4913 4914 4915 4916 4917 4918 4919 4920 4921 4922 4923 4924 4925 4926 4927 4928 4929 4930 4931 4932 4933 4934 4935 4936 4937 4938 4939 4940 4941 4942 4943 4944 4945 4946 4947 4948 4949 4950 4951 4952 4953 4954 4955 4956 4957 4958 4959 4960 4961 4962 4963 4964 4965 4966 4967 4968 4969 4970 4971 4972 4973 4974 4975 4976 4977 4978 4979 4980 4981 4982 4983 4984 4985 4986 4987 4988 4989 4990 4991 4992 4993 4994 4995 4996 4997 4998 4999 5000 5001 5002 5003 5004 5005 5006 5007 5008 5009 5010 5011 5012 5013 5014 5015 5016 5017 5018 5019 5020 5021 5022 5023 5024 5025 5026 5027 5028 5029 5030 5031 5032 5033 5034 5035 5036 5037 5038 5039 5040 5041 5042 5043 5044 5045 5046 5047 5048 5049 5050 5051 5052 5053 5054 5055 5056 5057 5058 5059 5060 5061 5062 5063 5064 5065 5066 5067 5068 5069 5070 5071 5072 5073 5074 5075 5076 5077 5078 5079 5080 5081 5082 5083 5084 5085 5086 5087 5088 5089 5090 5091 5092 5093 5094 5095 5096 5097 5098 5099 5100 5101 5102 5103 5104 5105 5106 5107 5108 5109 5110 5111 5112 5113 5114 5115 5116 5117 5118 5119 5120 5121 5122 5123 5124 5125 5126 5127 5128 5129 5130 5131 5132 5133 5134 5135 5136 5137 5138 5139 5140 5141 5142 5143 5144 5145 5146 5147 5148 5149 5150 5151 5152 5153 5154 5155 5156 5157 5158 5159 5160 5161 5162 5163 5164 5165 5166 5167 5168 5169 5170 5171 5172 5173 5174 5175 5176 5177 5178 5179 5180 5181 5182 5183 5184 5185 5186 5187 5188 5189 5190 5191 5192 5193 5194 5195 5196 5197 5198 5199 5200 5201 5202 5203 5204 5205 5206 5207 5208 5209 5210 5211 5212 5213 5214 5215 5216 5217 5218 5219 5220 5221 5222 5223 5224 5225 5226 5227 5228 5229 5230 5231 5232 5233 5234 5235 5236 5237 5238 5239 5240 5241 5242 5243 5244 5245 5246 5247 5248 5249 5250 5251 5252 5253 5254 5255 5256 5257 5258 5259 5260 5261 5262 5263 5264 5265 5266 5267 5268 5269 5270 5271 5272 5273 5274 5275 5276 5277 5278 5279 5280 5281 5282 5283 5284 5285 5286 5287 5288 5289 5290 5291 5292 5293 5294 5295 5296 5297 5298 5299 5300 5301 5302 5303 5304 5305 5306 5307 5308 5309 5310 5311 5312 5313 5314 5315 5316 5317 5318 5319 5320 5321 5322 5323 5324 5325 5326 5327 5328 5329 5330 5331 5332 5333 5334 5335 5336 5337 5338 5339 5340 5341 5342 5343 5344 5345 5346 5347 5348 5349 5350 5351 5352 5353 5354 5355 5356 5357 5358 5359 5360 5361 5362 5363 5364 5365 5366 5367 5368 5369 5370 5371 5372 5373 5374 5375 5376 5377 5378 5379 5380 5381 5382 5383 5384 5385 5386 5387 5388 5389 5390 5391 5392 5393 5394 5395 5396 5397 5398 5399 5400 5401 5402 5403 5404 5405 5406 5407 5408 5409 5410 5411 5412 5413 5414 5415 5416 5417 5418 5419 5420 5421 5422 5423 5424 5425 5426 5427 5428 5429 5430 5431 5432 5433 5434 5435 5436 5437 5438 5439 5440 5441 5442 5443 5444 5445 5446 5447 5448 5449 5450 5451 5452 5453 5454 5455 5456 5457 5458 5459 5460 5461 5462 5463 5464 5465 5466 5467 5468 5469 5470 5471 5472 5473 5474 5475 5476 5477 5478 5479 5480 5481 5482 5483 5484 5485 5486 5487 5488 5489 5490 5491 5492 5493 5494 5495 5496 5497 5498 5499 5500 5501 5502 5503 5504 5505 5506 5507 5508 5509 5510 5511 5512 5513 5514 5515 5516 5517 5518 5519 5520 5521 5522 5523 5524 5525 5526 5527 5528 5529 5530 5531 5532 5533 5534 5535 5536 5537 5538 5539 5540 5541 5542 5543 5544 5545 5546 5547 5548 5549 5550 5551 5552 5553 5554 5555 5556 5557 5558 5559 5560 5561 5562 5563 5564 5565 5566 5567 5568 5569 5570 5571 5572 5573 5574 5575 5576 5577 5578 5579 5580 5581 5582 5583 5584 5585 5586 5587 5588 5589 5590 5591 5592 5593 5594 5595 5596 5597 5598 5599 5600 5601 5602 5603 5604 5605 5606 5607 5608 5609 5610 5611 5612 5613 5614 5615 5616 5617 5618 5619 5620 5621 5622 5623 5624 5625 5626 5627 5628 5629 5630 5631 5632 5633 5634 5635 5636 5637 5638 5639 5640 5641 5642 5643 5644 5645 5646 5647 5648 5649 5650 5651 5652 5653 5654 5655 5656 5657 5658 5659 5660 5661 5662 5663 5664 5665 5666 5667 5668 5669 5670 5671 5672 5673 5674 5675 5676 5677 5678 5679 5680 5681 5682 5683 5684 5685 5686 5687 5688 5689 5690 5691 5692 5693 5694 5695 5696 5697 5698 5699 5700 5701 5702 5703 5704 5705 5706 5707 5708 5709 5710 5711 5712 5713 5714 5715 5716 5717 5718 5719 5720 5721 5722 5723 5724 5725 5726 5727 5728 5729 5730 5731 5732 5733 5734 5735 5736 5737 5738 5739 5740 5741 5742 5743 5744 5745 5746 5747 5748 5749 5750 5751 5752 5753 5754 5755 5756 5757 5758 5759 5760 5761 5762 5763 5764 5765 5766 5767 5768 5769 5770 5771 5772 5773 5774 5775 5776 5777 5778 5779 5780 5781 5782 5783 5784 5785 5786 5787 5788 5789 5790 5791 5792 5793 5794 5795 5796 5797 5798 5799 5800 5801 5802 5803 5804 5805 5806 5807 5808 5809 5810 5811 5812 5813 5814 5815 5816 5817 5818 5819 5820 5821 5822 5823 5824 5825 5826 5827 5828 5829 5830 5831 5832 5833 5834 5835 5836 5837 5838 5839 5840 5841 5842 5843 5844 5845 5846 5847 5848 5849 5850 5851 5852 5853 5854 5855 5856 5857 5858 5859 5860 5861 5862 5863 5864 5865 5866 5867 5868 5869 5870 5871 5872 5873 5874 5875 5876 5877 5878 5879 5880 5881 5882 5883 5884 5885 5886 5887 5888 5889 5890 5891 5892 5893 5894 5895 5896 5897 5898 5899 5900 5901 5902 5903 5904 5905 5906 5907 5908 5909 5910 5911 5912 5913 5914 5915 5916 5917 5918 5919 5920 5921 5922 5923 5924 5925 5926 5927 5928 5929 5930 5931 5932 5933 5934 5935 5936 5937 5938 5939 5940 5941 5942 5943 5944 5945 5946 5947 5948 5949 5950 5951 5952 5953 5954 5955 5956 5957 5958 5959 5960 5961 5962 5963 5964 5965 5966 5967 5968 5969 5970 5971 5972 5973 5974 5975 5976 5977 5978 5979 5980 5981 5982 5983 5984 5985 5986 5987 5988 5989 5990 5991 5992 5993 5994 5995 5996 5997 5998 5999 6000 6001 6002 6003 6004 6005 6006 6007 6008 6009 6010 6011 6012 6013 6014 6015 6016 6017 6018 6019 6020 6021 6022 6023 6024 6025 6026 6027 6028 6029 6030 6031 6032 6033 6034 6035 6036 6037 6038 6039 6040 6041 6042 6043 6044 6045 6046 6047 6048 6049 6050 6051 6052 6053 6054 6055 6056 6057 6058 6059 6060 6061 6062 6063 6064 6065 6066 6067 6068 6069 6070 6071 6072 6073 6074 6075 6076 6077 6078 6079 6080 6081 6082 6083 6084 6085 6086 6087 6088 6089 6090 6091 6092 6093 6094 6095 6096 6097 6098 6099 6100 6101 6102 6103 6104 6105 6106 6107 6108 6109 6110 6111 6112 6113 6114 6115 6116 6117 6118 6119 6120 6121 6122 6123 6124 6125 6126 6127 6128 6129 6130 6131 6132 6133 6134 6135 6136 6137 6138 6139 6140 6141 6142 6143 6144 6145 6146 6147 6148 6149 6150 6151 6152 6153 6154 6155 6156 6157 6158 6159 6160 6161 6162 6163 6164 6165 6166 6167 6168 6169 6170 6171 6172 6173 6174 6175 6176 6177 6178 6179 6180 6181 6182 6183 6184 6185 6186 6187 6188 6189 6190 6191 6192 6193 6194 6195 6196 6197 6198 6199 6200 6201 6202 6203 6204 6205 6206 6207 6208 6209 6210 6211 6212 6213 6214 6215 6216 6217 6218 6219 6220 6221 6222 6223 6224 6225 6226 6227 6228 6229 6230 6231 6232 6233 6234 6235 6236 6237 6238 6239 6240 6241 6242 6243 6244 6245 6246 6247 6248 6249 6250 6251 6252 6253 6254 6255 6256 6257 6258 6259 6260 6261 6262 6263 6264 6265 6266 6267 6268 6269 6270 6271 6272 6273 6274 6275 6276 6277 6278 6279 6280 6281 6282 6283 6284 6285 6286 6287 6288 6289 6290 6291 6292 6293 6294 6295 6296 6297 6298 6299 6300 6301 6302 6303 6304 6305 6306 6307 6308 6309 6310 6311 6312 6313 6314 6315 6316 6317 6318 6319 6320 6321 6322 6323 6324 6325 6326 6327 6328 6329 6330 6331 6332 6333 6334 6335 6336 6337 6338 6339 6340 6341 6342 6343 6344 6345 6346 6347 6348 6349 6350 6351 6352 6353 6354 6355 6356 6357 6358 6359 6360 6361 6362 6363 6364 6365 6366 6367 6368 6369 6370 6371 6372 6373 6374 6375 6376 6377 6378 6379 6380 6381 6382 6383 6384 6385 6386 6387 6388 6389 6390 6391 6392 6393 6394 6395 6396 6397 6398 6399 6400 6401 6402 6403 6404 6405 6406 6407 6408 6409 6410 6411 6412 6413 6414 6415 6416 6417 6418 6419 6420 6421 6422 6423 6424 6425 6426 6427 6428 6429 6430 6431 6432 6433 6434 6435 6436 6437 6438 6439 6440 6441 6442 6443 6444 6445 6446 6447 6448 6449 6450 6451 6452 6453 6454 6455 6456 6457 6458 6459 6460 6461 6462 6463 6464 6465 6466 6467 6468 6469 6470 6471 6472 6473 6474 6475 6476 6477 6478 6479 6480 6481 6482 6483 6484 6485 6486 6487 6488 6489 6490 6491 6492 6493 6494 6495 6496 6497 6498 6499 6500 6501 6502 6503 6504 6505 6506 6507 6508 6509 6510 6511 6512 6513 6514 6515 6516 6517 6518 6519 6520 6521 6522 6523 6524 6525 6526 6527 6528 6529 6530 6531 6532 6533 6534 6535 6536 6537 6538 6539 6540 6541 6542 6543 6544
p1:5 A 0 1 2 3 4 5 6 7 8 9 10 11 12 13 14 15 16 17 18 19 20 21 22 23 24 25 26 27 28 29 30 31 32 33 34 35 36 37 38 39 40 41 42 43 44 45 46 47 48 49 50 51 52 53 54 55 56 57 58 59 60 61 62 63 64 65 66 67 68 69 70 71 72 73 74 75 76 77 78 79 80 81 82 83 84 85 86 87 88 89 90 91 92 93 94 95 96 97 98 99 100 101 102 103 104 105 106 107 108 109 110 111 112 113 114 115 116 117 118 119 120 121 122 123 124 125 126 127 128 129 130 131 132 133 134 135 136 137 138 139 140 141 142 143 144 145 146 147 148 149 150 151 152 153 154 155 156 157 158 159 160 161 162 163 164 165 166 167 168 169 170 171 172 173 174 175 176 177 178 179 180 181 182 183 184 185 186 187 188 189 190 191 192 193 194 195 196 197 198 199 200 201 202 203 204 205 206 207 208 209 210 211 212 213 214 215 216 217 218 219 220 221 222 223 224 225 226 227 228 229 230 231 232 233 234 235 236 237 238 239 240 241 242 243 244 245 246 247 248 249 250 251 252 253 254 255 256 257 258 259 260 261 262 263 264 265 266 267 268 269 270 271 272 273 274 275 276 277 278 279 280 281 282 283 284 285 286 287 288 289 290 291 292 293 294 295 296 297 298 299 300 301 302 303 304 305 306 307 308 309 310 311 312 313 314 315 316 317 318 319 320 321 322 323 324 325 326 327 328 329 330 331 332 333 334 335 336 337 338 339 340 341 342 343 344 345 347 348 349 350 351 352 353 354 355 356 357 358 359 360 361 362 363 364 365 366 367 368 369 370 371 372 373 374 375 376 377 378 379 380 381 382 383 384 385 386 387 388 389 390 391 392 393 394 395 396 397 398 399 400 401 402 403 404 405 406 407 408 409 410 411 412 413 414 415 416 417 418 419 420 421 422 423 424 425 426 427 428 429 430 431 432 433 434 435 436 437 438 439 440 441 442 443 444 445 446 447 448 449 450 451 452 453 454 455 456 457 458 459 460 461 462 463 464 465 466 467 468 469 470 471 472 473 474 475 476 477 478 479 480 481 482 483 484 485 486 487 488 489 490 491 492 493 494 495 496 497 498 499 500 501 502 503 504 505 506 507 508 509 510 511 512 513 514 515 516 517 518 519 520 521 522 523 524 525 526 527 528 529 530 531 532 533 534 535 536 537 538 539 540 541 542 543 544 545 546 547 548 549 550 551 552 553 554 555 556 557 558 559 560 561 562 563 564 565 566 567 568 569 570 571 572 573 574 575 576 577 578 579 580 581 582 583 584 585 586 587 588 589 590 591 592 593 594 595 596 597 598 599 600 601 602 603 604 605 606 607 608 609 610 611 612 613 614 615 616 617 618 619 620 621 622 623 624 625 626 627 628 629 630 631 632 633 634 635 636 637 638 639 640 641 642 643 644 645 646 647 648 649 650 651 652 653 654 655 656 657 658 659 660 661 662 663 664 665 666 667 668 669 670 671 672 673 674 675 676 677 678 679 680 681 682 683 684 685 686 687 688 689 690 691 692 693 694 695 696 697 698 699 700 701 702 703 704 705 706 707 708 709 710 711 712 713 714 715 716 717 718 719 720 721 722 723 724 725 726 727 728 729 730 731 732 733 734 735 736 737 738 739 740 741 742 743 744 745 746 747 748 749 750 751 752 753 754 755 756 757 758 759 760 761 762 763 764 765 766 767 768 769 770 771 772 773 774 775 776 777 778 779 780 781 782 783 784 785 786 787 788 789 790 791 792 793 794 795 796 797 798 799 800 801 802 803 804 805 806 807 808 809 810 811 812 813 814 815 816 817 818 819 820 821 822 823 824 825 826 827 828 829 830 831 832 833 834 835 836 837 838 839 840 841 842 843 844 845 846 847 848 849 850 851 852 853 854 855 856 857 858 859 860 861 862 863 864 865 866 867 868 869 870 871 872 873 874 875 876 877 878 879 880 881 882 883 884 885 886 887 888 889 890 891 892 893 894 895 896 897 898 899 900 901 902 903 904 905 906 907 908 909 910 911 912 913 914 915 916 917 918 919 920 921 922 923 924 925 926 927 928 929 930 931 932 933 934 935 936 937 938 939 940 941 942 943 944 945 946 947 948 949 950 951 952 953 954 955 956 957 958 959 960 961 962 963 964 965 966 967 968 969 970 971 972 973 974 975 976 977 978 979 980 981 982 983 984 985 986 987 988 989 990 991 992 993 994 995 996 997 998 999 1000 1001 1002 1003 1004 1005 1006 1007 1008 1009 1010 1011 1012 1013 1014 1015 1016 1017 1018 1019 1020 1021 1022 1023 1024 1025 1026 1027 1028 1029 1030 1031 1032 1033 1034 1035 1036 1037 1038 1039 1040 1041 1042 1043 1044 1045 1046 1047 1048 1049 1050 1051 1052 1053 1054 1055 1056 1057 1058 1059 1060 1061 1062 1063 1064 1065 1066 1067 1068 1069 1070 1071 1072 1073 1074 1075 1076 1077 1078 1079 1080 1081 1082 1083 1084 1085 1086 1087 1088 1089 1090 1091 1092 1093 1094 1095 1096 1097 1098 1099 1100 1101 1102 1103 1104 1105 1106 1107 1108 1109 1110 1111 1112 1113 1114 1115 1116 1117 1118 1119 1120 1121 1122 1123 1124 1125 1126 1127 1128 1129 1130 1131 1132 1133 1134 1135 1136 1137 1138 1139 1140 1141 1142 1143 1144 1145 1146 1147 1148 1149 1150 1151 1152 1153 1154 1155 1156 1157 1158 1159 1160 1161 1162 1163 1164 1165 1166 1167 1168 1169 1170 1171 1172 1173 1174 1175 1176 1177 1178 1179 1180 1181 1182 1183 1184 1185 1186 1187 1188 1189 1190 1191 1192 1193 1194 1195 1196 1197 1198 1199 1200 1201 1202 1203 1204 1205 1206 1207 1208 1209 1210 1211 1212 1213 1214 1215 1216 1217 1218 1219 1220 1221 1222 1223 1224 1225 1226 1227 1228 1229 1230 1231 1232 1233 1234 1235 1236 1237 1238 1239 1240 1241 1242 1243 1244 1245 1246 1247 1248 1249 1250 1251 1252 1253 1254 1255 1256 1257 1258 1259 1260 1261 1262 1263 1264 1265 1266 1267 1268 1269 1270 1271 1272 1273 1274 1275 1276 1277 1278 1279 1280 1281 1282 1283 1284 1285 1286 1287 1288 1289 1290 1291 1292 1293 1294 1295 1296 1297 1298 1299 1300 1301 1302 1303 1304 1305 1306 1307 1308 1309 1310 1311 1312 1313 1314 1315 1316 1317 1318 1319 1320 1321 1322 1323 1324 1325 1326 1327 1328 1329 1330 1331 1332 1333 1334 1335 1336 1337 1338 1339 1340 1341 1342 1343 1344 1345 1346 1347 1348 1349 1350 1351 1352 1353 1354 1355 1356 1357 1358 1359 1360 1361 1362 1363 1364 1365 1366 1367 1368 1369 1370 1371 1372 1373 1374 1375 1376 1377 1378 1379 1380 1381 1382 1383 1384 1385 1386 1387 1388 1389 1390 1391 1392 1393 1394 1395 1396 1397 1398 1399 1400 1401 1402 1403 1404 1405 1406 1407 1408 1409 1410 1411 1412 1413 1414 1415 1416 1417 1418 1419 1420 1421 1422 1423 1424 1425 1426 1427 1428 1429 1430 1431 1432 1433 1434 1435 1436 1437 1438 1439 1440 1441 1442 1443 1444 1445 1446 1447 1448 1449 1450 1451 1452 1453 1454 1455 1456 1457 1458 1459 1460 1461 1462 1463 1464 1465 1466 1467 1468 1469 1470 1471 1472 1473 1474 1475 1476 1477 1478 1479 1480 1481 1482 1483 1484 1485 1486 1487 1488 1489 1490 1491 1492 1493 1494 1495 1496 1497 1498 1499 1500 1501 1502 1503 1504 1505 1506 1507 1508 1509 1510 1511 1512 1513 1514 1515 1516 1517 1518 1519 1520 1521 1522 1523 1524 1525 1526 1527 1528 1529 1530 1531 1532 1533 1534 1535 1536 1537 1538 1539 1540 1541 1542 1543 1544 1545 1546 1547 1548 1549 1550 1551 1552 1553 1554 1555 1556 1557 1558 1559 1560 1561 1562 1563 1564 1565 1566 1567 1568 1569 1570 1571 1572 1573 1574 1575 1576 1577 1578 1579 1580 1581 1582 1583 1584 1585 1586 1587 1588 1589 1590 1591 1592 1593 1594 1595 1596 1597 1598 1599 1600 1601 1602 1603 1604 1605 1606 1607 1608 1609 1610 1611 1612 1613 1614 1615 1616 1617 1618 1619 1620 1621 1622 1623 1624 1625 1626 1627 1628 1629 1630 1631 1632 1633 1634 6559 1635 1636 1637 1638 1639 1640 1641 1642 1643 1644 1645 1646 1647 1648 1649 1650 1651 1652 1653 1654 1655 1656 1657 1658 1659 1660 1661 1662 1663 1664 1665 1666 1667 1668 1669 1670 1671 1672 1673 1674 1675 1676 1677 1678 1679 1680 1681 1682 1683 1684 1685 1686 1687 1688 1689 1690 1691 1692 1693 1694 1695 1696 1697 1698 1699 1700 1701 1702 1703 1704 1705 1706 1707 1708 1709 1710 1711 1712 1713 1714 1715 1716 1717 1718 1719 1720 1721 1722 1723 1724 1725 1726 1727 1728 1729 1730 1731 1732 1733 1734 1735 1736 1737 1738 1739 1740 1741 1742 1743 1744 1745 1746 1747 1748 1749 1750 1751 1752 1753 1754 1755 1756 1757 1758 1759 1760 1761 1762 1763 1764 1765 1766 1767 1768 1769 1770 1771 1772 1773 1774 1775 1776 1777 1778 1779 1780 1781 1782 1783 1784 1785 1786 1787 1788 1789 1790 1791 1792 1793 1794 1795 1796 1797 1798 1799 1800 1801 1802 1803 1804 1805 1806 1807 1808 1809 1810 1811 1812 1813 1814 1815 1816 1817 1818 1819 1820 1821 1822 1823 1824 1825 1826 1827 1828 1829 1830 1831 1832 1833 1834 1835 1836 1837 1838 1839 1840 1841 1842 1843 1844 1845 1846 1847 1848 1849 1850 1851 1852 1853 1854 1855 1856 1857 1858 1859 1860 1861 1862 1863 1864 1865 1866 1867 1868 1869 1870 1871 1872 1873 1874 1875 1876 1877 1878 1879 1880 1881 1882 1883 1884 1885 1886 1887 1888 1889 1890 1891 1892 1893 1894 1895 1896 1897 1898 1899 1900 1901 1902 1903 1904 1905 1906 1907 1908 1909 1910 1911 1912 1913 1914 1915 1916 1917 1918 1919 1920 1921 1922 1923 1924 1925 1926 1927 1928 1929 1930 1931 1932 1933 1934 1935 1936 1937 1938 1939 1940 1941 1942 1943 1944 1945 1946 1947 1948 1949 1950 1951 1952 1953 1954 1955 1956 1957 1958 1959 1960 1961 1962 1963 1964 1965 1966 1967 1968 1969 1970 1971 1972 1973 1974 1975 1976 1977 1978 1979 1980 1981 1982 1983 1984 1985 1986 1987 1988 1989 1990 1991 1992 1993 1994 1995 1996 1997 1998 1999 2000 2001 2002 2003 2004 2005 2006 2007 2008 2009 2010 2011 2012 2013 2014 2015 2016 2017 2018 2019 2020 2021 2022 2023 2024 2025 2026 2027 2028 2029 2030 2031 2032 2033 2034 2035 2036 2037 2038 2039 2040 2041 2042 2043 2044 2045 2046 2047 2048 2049 2050 2051 2052 2053 2054 2055 2056 2057 2058 2059 2060 2061 2062 2063 2064 2065 2066 2067 2068 2069 2070 2071 2072 2073 2074 2075 2076 2077 2078 2079 2080 2081 2082 2083 2084 2085 2086 2087 2088 2089 2090 2091 2092 2093 2094 2095 2096 2097 2098 2099 2100 2101 2102 2103 2104 2105 2106 2107 2108 2109 2110 2111 2112 2113 2114 2115 2116 2117 2118 2119 2120 2121 2122 2123 2124 2125 2126 2127 2128 2129 2130 2131 2132 2133 2134 2135 2136 2137 2138 2139 2140 2141 2142 2143 2144 2145 2146 2147 2148 2149 2150 2151 2152 2153 2154 2155 2156 2157 2158 2159 2160 2161 2162 2163 2164 2165 2166 2167 2168 2169 2170 2171 2172 2173 2174 2175 2176 2177 2178 2179 2180 2181 2182 2183 2184 2185 2186 2187 2188 2189 2190 2191 2192 2193 2194 2195 2196 2197 2198 2199 2200 2201 2202 2203 2204 2205 2206 2207 2208 2209 2210 2211 2212 2213 2214 2215 2216 2217 2218 2219 2220 2221 2222 2223 2224 2225 2226 2227 2228 2229 2230 2231 2232 2233 2234 2235 2236 2237 2238 2239 2240 2241 2242 2243 2244 2245 2246 2247 2248 2249 2250 2251 2252 2253 2254 2255 2256 2257 2258 2259 2260 2261 2262 2263 2264 2265 2266 2267 2268 2269 2270 2271 2272 2273 2274 2275 2276 2277 2278 2279 2280 2281 2282 2283 2284 2285 2286 2287 2288 2289 2290 2291 2292 2293 2294 2295 2296 2297 2298 2299 2300 2301 2302 2303 2304 2305 2306 2307 2308 2309 2310 2311 2312 2313 2314 2315 2316 2317 2318 2319 2320 2321 2322 2323 2324 2325 2326 2327 2328 2329 2330 2331 2332 2333 2334 2335 2336 2337 2338 2339 2340 2341 2342 2343 2344 2345 2346 2347 2348 2349 2350 2351 2352 2353 2354 2355 2356 2357 2358 2359 2360 2361 2362 2363 2364 2365 2366 2367 2368 2369 2370 2371 2372 2373 2374 2375 2376 2377 2378 2379 2380 2381 2382 2383 2384 2385 2386 2387 2388 2389 2390 2391 2392 2393 2394 2395 2396 2397 2398 2399 2400 2401 2402 2403 2404 2405 2406 2407 2408 2409 2410 2411 2412 2413 2414 2415 2416 2417 2418 2419 2420 2421 2422 2423 2424 2425 2426 2427 2428 2429 2430 2431 2432 2433 2434 2435 2436 2437 2438 2439 2440 2441 2442 2443 2444 2445 2446 2447 2448 2449 2450 2451 2452 2453 2454 2455 2456 2457 2458 2459 2460 2461 2462 2463 2464 2465 2466 2467 2468 2469 2470 2471 2472 2473 2474 2475 2476 2477 2478 2479 2480 2481 2482 2483 2484 2485 2486 2487 2488 2489 2490 2491 2492 2493 2494 2495 2496 2497 2498 2499 2500 2501 2502 2503 2504 2505 2506 2507 2508 2509 2510 2511 2512 2513 2514 2515 2516 2517 2518 2519 2520 2521 2522 2523 2524 2525 2526 2527 2528 2529 2530 2531 2532 2533 2534 2535 2536 2537 2538 2539 2540 2541 2542 2543 2544 2545 2546 2547 2548 2549 2550 2551 2552 2553 2554 2555 2556 2557 2558 2559 2560 2561 2562 2563 2564 2565 2566 2567 2568 2569 2570 2571 2572 2573 2574 2575 2576 2577 2578 2579 2580 2581 2582 2583 2584 2585 2586 2587 2588 2589 2590 2591 2592 2593 2594 2595 2596 2597 2598 2599 2600 2601 2602 2603 2604 2605 2606 2607 2608 2609 2610 2611 2612 2613 2614 2615 2616 2617 2618 2619 2620 2621 2622 2623 2624 2625 2626 2627 2628 2629 2630 2631 2632 2633 2634 2635 2636 2637 2638 2639 2640 2641 2642 2643 2644 2645 2646 2647 2648 2649 2650 2651 2652 2653 2654 2655 2656 2657 2658 2659 2660 2661 2662 2663 2664 2665 2666 2667 2668 2669 2670 2671 2672 2673 2674 2675 2676 2677 2678 2679 2680 2681 2682 2683 2684 2685 2686 2687 2688 2689 2690 2691 2692 2693 2694 2695 2696 2697 2698 2699 2700 2701 2702 2703 2704 2705 2706 2707 2708 2709 2710 2711 2712 2713 2714 2715 2716 2717 2718 2719 2720 2721 2722 2723 2724 2725 2726 2727 2728 2729 2730 2731 2732 2733 2734 2735 2736 2737 2738 2739 2740 2741 2742 2743 2744 2745 2746 2747 2748 2749 2750 2751 2752 2753 2754 2755 2756 2757 2758 2759 2760 2761 2762 2763 2764 2765 2766 2767 2768 2769 2770 2771 2772 2773 2774 2775 2776 2777 2778 2779 2780 2781 2782 2783 2784 2785 2786 2787 2788 2789 2790 2791 2792 2793 2794 2795 2796 2797 2798 2799 2800 2801 2802 2803 2804 2805 2806 2807 2808 2809 2810 2811 2812 2813 2814 2815 2816 2817 2818 2819 2820 2821 2822 2823 2824 2825 2826 2827 2828 2829 2830 2831 2832 2833 2834 2835 2836 2837 2838 2839 2840 2841 2842 2843 2844 2845 2846 2847 2848 2849 2850 2851 2852 2853 2854 2855 2856 2857 2858 2859 2860 2861 2862 2863 2864 2865 2866 2867 2868 2869 2870 2871 2872 2873 2874 2875 2876 2877 2878 2879 2880 2881 2882 2883 2884 2885 2886 2887 2888 2889 2890 2891 2892 2893 2894 2895 2896 2897 2898 2899 2900 2901 2902 2903 2904 2905 2906 2907 2908 2909 2910 2911 2912 2913 2914 2915 2916 2917 2918 2919 2920 2921 2922 2923 2924 2925 2926 2927 2928 2929 2930 2931 2932 2933 2934 2935 2936 2937 2938 2939 2940 2941 2942 2943 2944 2945 2946 2947 2948 2949 2950 2951 2952 2953 2954 2955 2956 2957 2958 2959 2960 2961 2962 2963 2964 2965 2966 2967 2968 2969 2970 2971 2972 2973 2974 2975 2976 2977 2978 2979 2980 2981 2982 2983 2984 2985 2986 2987 2988 2989 2990 2991 2992 2993 2994 2995 2996 2997 2998 2999 3000 3001 3002 3003 3004 3005 3006 3007 3008 3009 3010 3011 3012 3013 3014 3015 3016 3017 3018 3019 3020 3021 3022 3023 3024 3025 3026 3027 3028 3029 3030 3031 3032 3033 3034 3035 3036 3037 3038 3039 3040 3041 3042 3043 3044 3045 3046 3047 3048 3049 3050 3051 3052 3053 3054 3055 3056 3057 3058 3059 3060 3061 3062 3063 3064 3065 3066 3067 3068 3069 3070 3071 3072 3073 3074 3075 3076 3077 3078 3079 3080 3081 3082 3083 3084 3085 3086 3087 3088 3089 3090 3091 3092 3093 3094 3095 3096 3097 3098 3099 3100 3101 3102 3103 3104 3105 3106 3107 3108 3109 3110 3111 3112 3113 3114 3115 3116 3117 3118 3119 3120 3121 3122 3123 3124 3125 3126 3127 3128 3129 3130 3131 3132 3133 3134 3135 3136 3137 3138 3139 3140 3141 3142 3143 3144 3145 3146 3147 3148 3149 3150 3151 3152 3153 3154 3155 3156 3157 3158 3159 3160 3161 3162 3163 3164 3165 3166 3167 3168 3169 3170 3171 3172 3173 3174 3175 3176 3177 3178 3179 3180 3181 3182 3183 3184 3185 3186 3187 3188 3189 3190 3191 3192 3193 3194 3195 3196 3197 3198 3199 3200 3201 3202 3203 3204 3205 3206 3207 3208 3209 3210 3211 3212 3213 3214 3215 3216 3217 3218 3219 3220 3221 3222 3223 3224 3225 3226 3227 3228 3229 3230 3231 3232 3233 3234 3235 3236 3237 3238 3239 3240 3241 3242 3243 3244 3245 3246 3247 3248 3249 3250 3251 3252 3253 3254 3255 3256 3257 3258 3259 3260 3261 3262 3263 3264 3265 3266 3267 3268 3269 3270 3271 3272 3273 3274 3275 3276 3277 3278 3279 3280 3281 3282 3283 3284 3285 3286 3287 3288 3289 3290 3291 3292 3293 3294 3295 3296 3297 3298 3299 3300 3301 3302 3303 3304 3305 3306 3307 3308 3309 3310 3311 3312 3313 3314 3315 3316 3317 3318 3319 3320 3321 3322 3323 3324 3325 3326 3327 3328 3329 3330 3331 3332 3333 3334 3335 3336 3337 3338 3339 3340 3341 3342 3343 3344 3345 3346 3347 3348 3349 3350 3351 3352 3353 3354 3355 3356 3357 3358 3359 3360 3361 3362 3363 3364 3365 3366 3367 3368 3369 3370 3371 3372 3373 3374 3375 3376 3377 3378 3379 3380 3381 3382 3383 3384 3385 3386 3387 3388 3389 3390 3391 3392 3393 3394 3395 3396 3397 3398 3399 3400 3401 3402 3403 3404 3405 3406 3407 3408 3409 3410 3411 3412 3413 3414 3415 3416 3417 3418 3419 3420 3421 3422 3423 3424 3425 3426 3427 3428 3429 3430 3431 3432 3433 3434 3435 3436 3437 3438 3439 3440 3441 3442 3443 3444 3445 3446 3447 3448 3449 3450 3451 3452 3453 3454 3455 3456 3457 3458 3459 3460 3461 3462 3463 3464 3465 3466 3467 3468 3469 3470 3471 3472 3473 3474 3475 3476 3477 3478 3479 3480 3481 3482 3483 3484 3485 3486 3487 3488 3489 3490 3491 3492 3493 3494 3495 3496 3497 3498 3499 3500 3501 3502 3503 3504 3505 3506 3507 3508 3509 3510 3511 3512 3513 3514 3515 3516 3517 3518 3519 3520 3521 3522 3523 3524 3525 3526 3527 3528 3529 3530 3531 3532 3533 3534 3535 3536 3537 3538 3539 3540 3541 3542 3543 3544 3545 3546 3547 3548 3549 3550 3551 3552 3553 3554 3555 3556 3557 3558 3559 3560 3561 3562 3563 3564 3565 3566 3567 3568 3569 3570 3571 3572 3573 3574 3575 3576 3577 3578 3579 3580 3581 3582 3583 3584 3585 3586 3587 3588 3589 3590 3591 3592 3593 3594 3595 3596 3597 3598 3599 3600 3601 3602 3603 3604 3605 3606 3607 3608 3609 3610 3611 3612 3613 3614 3615 3616 3617 3618 3619 3620 3621 3622 3623 3624 3625 3626 3627 3628 3629 3630 3631 3632 3633 3634 3635 3636 3637 3638 3639 3640 3641 3642 3643 3644 3645 3646 3647 3648 3649 3650 3651 3652 3653 3654 3655 3656 3657 3658 3659 3660 3661 3662 3663 3664 3665 3666 3667 3668 3669 3670 3671 3672 3673 3674 3675 3676 3677 3678 3679 3680 3681 3682 3683 3684 3685 3686 3687 3688 3689 3690 3691 3692 3693 3694 3695 3696 3697 3698 3699 3700 3701 3702 3703 3704 3705 3706 3707 3708 3709 3710 3711 3712 3713 3714 3715 3716 3717 3718 3719 3720 3721 3722 3723 3724 3725 3726 3727 3728 3729 3730 3731 3732 3733 3734 3735 3736 3737 3738 3739 3740 3741 3742 3743 3744 3745 3746 3747 3748 3749 3750 3751 3752 3753 3754 3755 3756 3757 3758 3759 3760 3761 3762 3763 3764 3765 3766 3767 3768 3769 3770 3771 3772 3773 3774 3775 3776 3777 3778 3779 3780 3781 3782 3783 3784 3785 3786 3787 3788 3789 3790 3791 3792 3793 3794 3795 3796 3797 3798 3799 3800 3801 3802 3803 3804 3805 3806 3807 3808 3809 3810 3811 3812 3813 3814 3815 3816 3817 3818 3819 3820 3821 3822 3823 3824 3825 3826 3827 3828 3829 3830 3831 3832 3833 3834 3835 3836 3837 3838 3839 3840 3841 3842 3843 3844 3845 3846 3847 3848 3849 3850 3851 3852 3853 3854 3855 3856 3857 3858 3859 3860 3861 3862 3863 3864 3865 3866 3867 3868 3869 3870 3871 3872 3873 3874 3875 3876 3877 3878 3879 3880 3881 3882 3883 3884 3885 3886 3887 3888 3889 3890 3891 3892 3893 3894 3895 3896 3897 3898 3899 3900 3901 3902 3903 3904 3905 3906 3907 3908 3909 3910 3911 3912 3913 3914 3915 3916 3917 3918 3919 3920 3921 3922 3923 3924 3925 3926 3927 3928 3929 3930 3931 3932 3933 3934 3935 3936 3937 3938 3939 3940 3941 3942 3943 3944 3945 3946 3947 3948 3949 3950 3951 3952 3953 3954 3955 3956 3957 3958 3959 3960 3961 3962 3963 3964 3965 3966 3967 3968 3969 3970 3971 3972 3973 3974 3975 3976 3977 3978 3979 3980 3981 3982 3983 3984 3985 3986 3987 3988 3989 3990 3991 3992 3993 3994 3995 3996 3997 3998 3999 4000 4001 4002 4003 4004 4005 4006 4007 4008 4009 4010 4011 4012 4013 4014 4015 4016 4017 4018 4019 4020 4021 4022 4023 4024 6560 4025 4026 4027 4028 4029 4030 4031 4032 4033 4034 4035 4036 4037 4038 4039 4040 4041 4042 4043 4044 4045 4046 4047 4048 4049 4050 4051 4052 4053 4054 4055 4056 4057 4058 4059 4060 4061 4062 4063 4064 4065 4066 4067 4068 4069 4070 4071 4072 4073 4074 4075 4076 4077 4078 4079 4080 4081 4082 4083 4084 4085 4086 4087 4088 4089 4090 4091 4092 4093 4094 4095 4096 4097 4098 4099 4100 4101 4102 4103 4104 4105 4106 4107 4108 4109 4110 4111 4112 4113 4114 4115 4116 4117 4118 4119 4120 4121 4122 4123 4124 4125 4126 4127 4128 4129 4130 4131 4132 4133 4134 4135 4136 4137 4138 4139 4140 4141 4142 4143 4144 4145 4146 4147 4148 4149 4150 4151 4152 4153 4154 4155 4156 4157 4158 4159 4160 4161 4162 4163 4164 4165 4166 4167 4168 4169 4170 4171 4172 4173 4174 4175 4176 4177 4178 4179 4180 4181 4182 4183 4184 4185 4186 4187 4188 4189 4190 4191 4192 4193 4194 4195 4196 4197 4198 4199 4200 4201 4202 4203 4204 4205 4206 4207 4208 4209 4210 4211 4212 4213 4214 4215 4216 4217 4218 4219 4220 4221 4222 4223 4224 4225 4226 4227 4228 4229 4230 4231 4232 4233 4234 4235 4236 4237 4238 4239 4240 4241 4242 4243 4244 4245 4246 4247 4248 4249 4250 4251 4252 4253 4254 4255 4256 4257 4258 4259 4260 4261 4262 4263 4264 4265 4266 4267 4268 4269 4270 4271 4272 4273 4274 4275 4276 4277 4278 4279 4280 4281 4282 4283 4284 4285 4286 4287 4288 4289 4290 4291 4292 4293 4294 4295 4296 4297 4298 4299 4300 4301 4302 4303 4304 4305 4306 4307 4308 4309 4310 4311 4312 4313 4314 4315 4316 4317 4318 4319 4320 4321 4322 4323 4324 4325 4326 4327 4328 4329 4330 4331 4332 4333 4334 4335 4336 4337 4338 4339 4340 4341 4342 4343 4344 4345 4346 4347 4348 4349 4350 4351 4352 4353 4354 4355 4356 4357 4358 4359 4360 4361 4362 4363 4364 4365 4366 4367 4368 4369 4370 4371 4372 4373 4374 4375 4376 4377 4378 4379 4380 4381 4382 4383 4384 4385 4386 4387 4388 4389 6561 4390 4391 4392 4393 4394 4395 4396 4397 4398 4399 4400 4401 4402 4403 4404 4405 4406 4407 4408 4409 4410 4411 4412 4413 4414 4415 4416 4417 4418 4419 4420 4421 4422 4423 4424 4425 4426 4427 4428 4429 4430 4431 4432 4433 4434 4435 4436 4437 4438 4439 4440 4441 4442 4443 4444 4445 4446 4447 4448 4449 4450 4451 4452 4453 4454 4455 4456 4457 4458 4459 4460 4461 4462 4463 4464 4465 4466 4467 4468 4469 4470 4471 4472 4473 4474 4475 4476 4477 4478 4479 4480 4481 4482 4483 4484 4485 4486 4487 4488 4489 4490 4491 4492 4493 4494 4495 4496 4497 4498 4499 4500 4501 4502 4503 4504 4505 4506 4507 4508 4509 4510 4511 4512 4513 4514 4515 4516 4517 4518 4519 4520 4521 4522 4523 4524 4525 4526 4527 4528 4529 4530 4531 4532 4533 4534 4535 4536 4537 4538 4539 4540 4541 4542 4543 4544 4545 4546 4547 4548 4549 4550 4551 4552 4553 4554 4555 4556 4557 4558 4559 4560 4561 4562 4563 4564 4565 4566 4567 4568 4569 4570 4571 4572 4573 4574 4575 4576 4577 4578 4579 4580 4581 4582 4583 4584 4585 4586 4587 4588 4589 4590 4591 4592 4593 4594 4595 4596 4597 4598 4599 4600 4601 4602 4603 4604 4605 4606 4607 4608 4609 4610 4611 4612 4613 4614 4615 4616 4617 4618 4619 4620 4621 4622 4623 4624 4625 4626 4627 4628 4629 4630 4631 4632 4633 4634 4635 4636 4637 4638 4639 4640 4641 4642 4643 4644 4645 4646 4647 4648 4649 4650 4651 4652 4653 4654 4655 4656 4657 4658 4659 4660 4661 4662 4663 4664 4665 4666 4667 4668 4669 4670 4671 4672 4673 4674 4675 4676 4677 4678 4679 4680 4681 4682 4683 4684 4685 4686 4687 4688 4689 4690 4691 4692 4693 4694 4695 4696 4697 4698 4699 4700 4701 4702 4703 4704 4705 4706 4707 4708 4709 4710 4711 4712 4713 4714 4715 4716 4717 4718 4719 4720 4721 4722 4723 4724 4725 4726 4727 4728 4729 4731 4732 4733 4734 4735 4736 4737 4738 4739 4740 4741 4742 4743 4744 4745 4746 4747 4748 4749 4750 4751 4752 4753 4754 4755 4756 4757 4758 4759 4760 4761 4762 4763 4764 4765 4766 4767 4768 4769 4770 4771 4772 4773 4774 4775 4776 4777 4778 4779 4780 4781 4782 4783 4784 4785 4786 4787 4788 4789 4790 4791 4792 4793 4794 4795 4796 4797 4798 4799 4800 4801 4802 4803 4804 4805 4806 4807 4808 4809 4810 4811 4812 4813 4814 4815 4816 4817 4818 4819 4820 4821 4822 4823 4824 4825 4826 4827 4828 4829 4830 4831 4832 4833 4834 4835 4836 4837 4838 4839 4840 4841 4842 4843 4844 4845 4846 4847 4848 4849 4850 4851 4852 4853 4854 4855 4856 4857 4858 4859 4860 4861 4862 4863 4864 4865 4866 4867 4868 4869 4870 4871 4872 4873 4874 4875 4876 4877 4878 4879 4880 4881 4882 4883 4884 4885 4886 4887 4888 4889 4890 4891 4892 4893 4894 4895 4896 4897 4898 4899 4900 4901 4902 4903 4904 4905 4906 4907 4908 4909 4910 4911 4912 4913 4914 4915 4916 4917 4918 4919 4920 4921 4922 4923 4924 4925 4926 4927 4928 4929 4930 4931 4932 4933 4934 4935 4936 4937 4938 4939 4940 4941 4942 4943 4944 4945 4946 4947 4948 4949 4950 4951 4952 4953 4954 4955 4956 4957 4958 4959 4960 4961 4962 4963 4964 4965 4966 4967 4968 4969 4970 4971 4972 4973 4974 4975 4976 4977 4978 4979 4980 4981 4982 4983 4984 4985 4986 4987 4988 4989 4990 4991 4992 4993 4994 4995 4996 4997 4998 4999 5000 5001 5002 5003 5004 5005 5006 5007 5008 5009 5010 5011 5012 5013 5014 5015 5016 5017 5018 5019 5020 5021 5022 5023 5024 5025 5026 5027 5028 5029 5030 5031 5032 5033 5034 5035 5036 5037 5038 5039 5040 5041 5042 5043 5044 5045 5046 5047 5048 5049 5050 5051 5052 5053 5054 5055 5056 5057 5058 5059 5060 5061 5062 5063 5064 5065 5066 5067 5068 5069 5070 5071 5072 5073 5074 5075 5076 5077 5078 5079 5080 5081 5082 5083 5084 5085 5086 5087 5088 5089 5090 5091 5092 5093 5094 5095 5096 5097 5098 5099 5100 5101 5102 5103 5104 5105 5106 5107 5108 5109 5110 5111 5112 5113 5114 5115 5116 5117 5118 5119 5120 5121 5122 5123 5124 5125 5126 5127 5128 5129 5130 5131 5132 5133 5134 5135 5136 5137 5138 5139 5140 5141 5142 5143 5144 5145 5146 5147 5148 5149 5150 5151 5152 5153 5154 5155 5156 5157 5158 5159 5160 5161 5162 5163 5164 5165 5166 5167 5168 5169 5170 5171 5172 5173 5174 5175 5176 5177 5178 5179 5180 5181 5182 5183 5184 5185 5186 5187 5188 5189 5190 5191 5192 5193 5194 5195 5196 5197 5198 5199 5200 5201 5202 5203 5204 5205 5206 5207 5208 5209 5210 5211 5212 5213 5214 5215 5216 5217 5218 5219 5220 5221 5222 5223 5224 5225 5226 5227 5228 5229 5230 5231 5232 5233 5234 5235 5236 5237 5238 5239 5240 5241 5242 5243 5244 5245 5246 5247 5248 5249 5250 5251 5252 5253 5254 5255 5256 5257 5258 5259 5260 5261 5262 5263 5264 5265 5266 5267 5268 5269 5270 5271 5272 5273 5274 5275 5276 5277 5278 5279 5280 5281 5282 5283 5284 5285 5286 5287 5288 5289 5290 5291 5292 5293 5294 5295 5296 5297 5298 5299 5300 5301 5302 5303 5304 5305 5306 5307 5308 5309 5310 5311 5312 5313 5314 5315 5316 5317 5318 5319 5320 5321 5322 5323 5324 5325 5326 5327 5328 5329 5330 5331 5332 5333 5334 5335 5336 5337 5338 5339 5340 5341 5342 5343 5344 5345 5346 5347 5348 5349 5350 5351 5352 5353 5354 5355 5356 5357 5358 5359 5360 5361 5362 5363 5364 5365 5366 5367 5368 5369 5370 5371 5372 5373 5374 5375 5376 5377 5378 5379 5380 6545 5381 5382 5383 5384 5385 5386 5387 5388 5389 5390 5391 5392 5393 5394 5395 5396 5397 5398 5399 5400 5401 5402 5403 5404 5405 5406 5407 5408 5409 5410 5411 5412 5413 5414 5415 5416 5417 5418 5419 5420 5421 5422 5423 5424 5425 5426 5427 5428 5429 5430 5431 5432 5433 5434 5435 5436 5437 5438 5439 5440 5441 5442 5443 5444 5445 5446 5447 5448 5449 5450 5451 5452 5453 5454 5455 5456 5457 5458 5459 5460 5461 5462 5463 5464 5465 5466 5467 5468 5469 5470 5471 5472 5473 5474 5475 5476 5477 5478 5479 5480 5481 5482 5483 5484 5485 5486 5487 5488 5489 5490 5491 5492 5493 5494 5495 5496 5497 5498 5499 5500 5501 5502 5503 5504 5505 5506 5507 5508 5509 5510 5511 5512 5513 5514 5515 5516 5517 5518 5519 5520 5521 5522 5523 5524 5525 5526 5527 5528 5529 5530 5531 5532 5533 5534 5535 5536 5537 5538 5539 5540 5541 5542 5543 5544 5545 5546 5547 5548 5549 5550 5551 5552 5553 5554 5555 5556 5557 5558 5559 5560 5561 5562 5563 5564 5565 5566 5567 5568 5569 5570 5571 5572 5573 5574 5575 5576 5577 5578 5579 5580 5581 5582 5583 5584 5585 5586 5587 5588 5589 5590 5591 5592 5593 5594 5595 5596 5597 5598 5599 5600 5601 5602 5603 5604 5605 5606 5607 5608 5609 5610 5611 5612 5613 5614 5615 5616 5617 5618 5619 5620 5621 5622 5623 5624 5625 5626 5627 5628 5629 5630 5631 5632 5633 5634 5635 5636 5637 5638 5639 5640 5641 5642 5643 5644 5645 5646 5647 5648 5649 5650 5651 5652 5653 5654 5655 5656 5658 5659 5660 5661 5662 5663 5664 5665 5666 5667 5668 5669 5670 5671 5672 5673 5674 5675 5676 5677 5678 5679 5680 5681 5682 5683 5684 5685 5686 5687 5688 5689 5690 5691 5692 5693 5694 5695 5696 5697 5698 5699 5700 5701 5702 5703 5704 5705 5706 5707 5708 5709 5710 5711 5712 5713 5714 5715 5716 5717 5718 5719 5720 5721 5722 5723 5724 5725 5726 5727 5728 5729 5730 5731 5732 5733 5734 5735 5736 5737 5738 5739 5740 5741 5742 5743 5744 5745 5746 5747 5748 5749 5750 5751 5752 5753 5754 5755 5756 5757 5758 5759 5760 5761 5762 5763 5764 5765 5766 5767 5768 5769 5770 5771 5772 5773 5774 5775 5776 5777 5778 5779 5780 5781 5782 5783 5784 5785 5786 5787 5788 5789 5790 5791 5792 5793 5794 5795 5796 5797 5798 5799 5800 5801 5802 5803 5804 5805 5806 5807 5808 5809 5810 5811 5812 5813 5814 5815 5816 5817 5818 5819 5820 5821 5822 5823 5824 5825 5826 5827 5828 5829 5830 5831 5832 5833 5834 5835 5836 5837 5838 5839 5840 5841 5842 5843 5844 5845 5846 5847 5848 5849 5850 5851 5852 5853 5854 5855 5856 5857 5858 5859 5860 5861 5862 5863 5864 5865 5866 5867 5868 5869 5870 5871 5872 5873 5874 5875 5876 5877 5878 5879 5880 5881 5882 5883 5884 5885 5886 5887 5888 5889 5890 5891 5892 5893 5894 5895 5896 5897 5898 5899 5900 5901 5902 5903 5904 5905 5906 5907 5908 5909 5910 5911 5912 5913 5914 5915 5916 5917 5918 5919 5920 5921 5922 5923 5924 5925 5926 5927 5928 5929 5930 5931 5932 5933 5934 5935 5936 5937 5938 5939 5940 5941 5942 5943 5944 5945 5946 5947 5948 5949 5950 5951 5952 5953 5954 5955 5956 5957 5958 5959 5960 5961 5962 5963 5964 5965 5966 5967 5968 5969 5970 5971 5972 5973 5974 5975 5976 5977 5978 5979 5980 5981 5982 5983 5984 5985 5986 5987 5988 5989 5990 5991 5992 5993 5994 5995 5996 5997 5998 5999 6000 6001 6002 6003 6004 6005 6006 6007 6008 6009 6010 6011 6012 6013 6014 6015 6016 6017 6018 6019 6020 6021 6022 6023 6024 6025 6026 6027 6028 6029 6030 6031 6032 6033 6034 6035 6036 6037 6038 6039 6040 6041 6042 6043 6044 6045 6046 6047 6048 6049 6050 6051 6052 6053 6054 6055 6056 6057 6058 6059 6060 6061 6062 6063 6064 6065 6066 6067 6068 6069 6070 6071 6072 6073 6074 6075 6076 6077 6078 6079 6080 6081 6082 6083 6084 6085 6086 6087 6088 6089 6090 6091 6092 6093 6094 6095 6096 6097 6098 6099 6100 6101 6102 6103 6104 6105 6106 6107 6108 6109 6110 6111 6112 6113 6114 6115 6116 6117 6118 6119 6120 6121 6122 6123 6124 6125 6126 6127 6128 6129 6130 6131 6132 6133 6134 6135 6136 6137 6138 6139 6140 6141 6142 6143 6144 6145 6146 6147 6148 6149 6150 6151 6152 6153 6154 6155 6156 6157 6158 6159 6160 6161 6162 6163 6164 6165 6166 6167 6168 6169 6170 6171 6172 6173 6174 6175 6176 6177 6178 6179 6180 6181 6182 6183 6184 6185 6186 6187 6188 6189 6190 6191 6192 6193 6194 6195 6196 6197 6198 6199 6200 6201 6202 6203 6204 6205 6206 6207 6208 6209 6210 6211 6212 6213 6214 6215 6216 6217 6218 6219 6220 6221 6222 6223 6224 6225 6226 6227 6228 6229 6230 6231 6232 6233 6234 6235 6236 6237 6238 6239 6240 6241 6242 6243 6244 6245 6246 6247 6248 6249 6250 6251 6252 6253 6254 6255 6256 6257 6258 6259 6260 6261 6262 6263 6264 6265 6266 6267 6268 6269 6270 6271 6272 6273 6274 6275 6276 6277 6278 6279 6280 6281 6282 6283 6284 6285 6286 6287 6288 6289 6290 6291 6292 6293 6294 6295 6296 6297 6298 6299 6300 6301 6302 6303 6304 6305 6306 6307 6308 6309 6310 6311 6312 6313 6314 6315 6316 6317 6318 6319 6320 6321 6322 6323 6324 6325 6326 6327 6328 6329 6330 6331 6332 6333 6334 6335 6336 6337 6338 6339 6340 6341 6342 6343 6344 6345 6346 6347 6348 6349 6350 6351 6352 6353 6354 6355 6356 6357 6358 6359 6360 6361 6362 6363 6364 6365 6366 6367 6368 6369 6370 6371 6372 6373 6374 6375 6376 6377 6378 6379 6380 6381 6382 6383 6384 6385 6386 6387 6388 6389 6390 6391 6392 6393 6394 6395 6396 6397 6398 6399 6400 6401 6402 6403 6404 6405 6406 6407 6408 6409 6410 6411 6412 6413 6414 6415 6416 6417 6418 6419 6420 6421 6422 6423 6424 6425 6426 6427 6428 6429 6430 6431 6432 6433 6434 6435 6436 6437 6438 6439 6440 6441 6442 6443 6444 6445 6446 6447 6448 6449 6450 6451 6452 6453 6454 6455 6456 6457 6458 6459 6460 6461 6462 6463 6464 6465 6466 6467 6468 6469 6470 6471 6472 6473 6474 6475 6476 6477 6478 6479 6480 6481 6482 6483 6484 6485 6486 6487 6488 6489 6490 6491 6492 6493 6494 6495 6496 6497 6498 6499 6500 6501 6502 6503 6504 6505 6506 6507 6508 6509 6510 6511 6512 6513 6514 6515 6516 6517 6518 6519 6520 6521 6522 6523 6524 6525 6526 6527 6528 6529 6530 6531 6532 6533 6534 6535 6536 6537 6538 6539 6540 6541 6542 6543 6544
p1:6 A 0 1 2 3 4 5 6 7 8 9 10 11 12 13 14 15 16 17 18 19 20 21 22 23 24 25 26 27 28 29 30 31 32 33 34 35 36 37 38 39 40 41 42 43 44 45 46 47 48 49 50 51 52 53 54 55 56 57 58 59 60 61 62 63 64 65 66 67 68 69 70 71 72 73 74 75 76 77 78 79 80 81 82 83 84 85 86 87 88 89 90 91 92 93 94 95 96 97 98 99 100 101 102 103 104 105 106 107 108 109 110 111 112 113 114 115 116 117 118 119 120 121 122 123 124 125 126 127 128 129 130 131 132 133 134 135 136 137 138 139 140 141 142 143 144 145 146 147 148 149 150 151 152 153 154 155 156 157 158 159 160 161 162 163 164 165 166 167 168 169 170 171 172 173 174 175 176 177 178 179 180 181 182 183 184 185 186 187 188 189 190 191 192 193 194 195 196 197 198 199 200 201 202 203 204 205 206 207 208 209 210 211 212 213 214 215 216 217 218 219 220 221 222 223 224 225 226 227 228 229 230 231 232 233 234 235 236 237 238 239 240 241 242 243 244 245 246 247 248 249 250 251 252 253 254 255 256 257 258 259 260 261 262 263 264 265 266 267 268 269 270 271 272 273 274 275 276 277 278 279 280 281 282 283 284 285 286 287 288 289 290 291 292 293 294 295 296 297 298 299 300 301 302 303 304 305 306 307 308 309 310 311 312 313 314 315 316 317 318 319 320 321 322 323 324 325 326 327 328 329 330 331 332 333 334 335 336 337 338 339 340 341 342 343 344 345 347 348 349 350 351 352 353 354 355 356 357 358 359 360 361 362 363 364 365 366 367 368 369 370 371 372 373 374 375 376 377 378 379 380 381 382 383 384 385 386 387 388 389 390 391 392 393 394 395 396 397 398 399 400 401 402 403 404 405 406 407 408 409 410 411 412 413 414 415 416 417 418 419 420 421 422 423 424 425 426 427 428 429 430 431 432 433 434 435 436 437 438 439 440 441 442 443 444 445 446 447 448 449 450 451 452 453 454 455 456 457 458 459 460 461 462 463 464 465 466 467 468 469 470 471 472 473 474 475 476 477 478 479 480 481 482 483 484 485 486 487 488 489 490 491 492 493 494 495 496 497 498 499 500 501 502 503 504 505 506 507 508 509 510 511 512 513 514 515 516 517 518 519 520 521 522 523 524 525 526 527 528 529 530 531 532 533 534 535 536 537 538 539 540 541 542 543 544 545 546 547 548 549 550 551 552 553 554 555 556 557 558 559 560 561 562 563 564 565 566 567 568 569 570 571 572 573 574 575 576 577 578 579 580 581 582 583 584 585 586 587 588 589 590 591 592 593 594 595 596 597 598 599 600 601 602 603 604 605 606 607 608 609 610 611 612 613 614 615 616 617 618 619 620 621 622 623 624 625 626 627 628 629 630 631 632 633 634 635 636 637 638 639 640 641 642 643 644 645 646 647 648 649 650 651 652 653 654 655 656 657 658 659 660 661 662 663 664 665 666 667 668 669 670 671 672 673 674 675 676 677 678 679 680 681 682 683 684 685 686 687 688 689 690 691 692 693 694 695 696 697 698 699 700 701 702 703 704 705 706 707 708 709 710 711 712 713 714 715 716 717 718 719 720 721 722 723 724 725 726 727 728 729 730 731 732 733 734 735 736 737 738 739 740 741 742 743 744 745 746 747 748 749 750 751 752 753 754 755 756 757 758 759 760 761 762 763 764 765 766 767 768 769 770 771 772 773 774 775 776 777 778 779 780 781 782 783 784 785 786 787 788 789 790 791 792 793 794 795 796 797 798 799 800 801 802 803 804 805 806 807 808 809 810 811 812 813 814 815 816 817 818 819 820 821 822 823 824 825 826 827 828 829 830 831 832 833 834 835 836 837 838 839 840 841 842 843 844 845 846 847 848 849 850 851 852 853 854 855 856 857 858 859 860 861 862 863 864 865 866 867 868 869 870 871 872 873 874 875 876 877 878 879 880 881 882 883 884 885 886 887 888 889 890 891 892 893 894 895 896 897 898 899 900 901 902 903 904 905 906 907 908 909 910 911 912 913 914 915 916 917 918 919 920 921 922 923 924 925 926 927 928 929 930 931 932 933 934 935 936 937 938 939 940 942 943 944 945 946 947 948 949 950 951 952 953 954 955 956 957 958 959 960 961 962 963 964 965 966 967 968 969 970 971 972 973 974 975 976 977 978 979 980 981 982 983 984 985 986 987 988 989 990 991 992 993 994 995 996 997 998 999 1000 1001 1002 1003 1004 1005 1006 1007 1008 1009 1010 1011 1012 1013 1014 1015 1016 1017 1018 1019 1020 1021 1022 1023 1024 1025 1026 1027 1028 1029 1030 1031 1032 1033 1034 1035 1036 1037 1038 1039 1040 1041 1042 1043 1044 1045 1046 1047 1048 1049 1050 1051 1052 1053 1054 1055 1056 1057 1058 1059 1060 1061 1062 1063 1064 1065 1066 1067 1068 1069 1070 1071 1072 1073 1074 1075 1076 1077 1078 1079 1080 1081 1082 1083 1084 1085 1086 1087 1088 1089 1090 1091 1092 1093 1094 1095 1096 1097 1098 1099 1100 1101 1102 1103 1104 1105 1106 1107 1108 1109 1110 1111 1112 1113 1114 1115 1116 1117 1118 1119 1120 1121 1122 1123 1124 1125 1126 1127 1128 1129 1130 1131 1132 1133 1134 1135 1136 1137 1138 1139 1140 1141 1142 1143 1144 1145 1146 1147 1148 1149 1150 1151 1152 1153 1154 1155 1156 1157 1158 1159 1160 1161 1162 1163 1164 1165 1166 1167 1168 1169 1170 1171 1172 1173 1174 1175 1176 1177 1178 1179 1180 1181 1182 1183 1184 1185 1186 1187 1188 1189 1190 1191 1192 1193 1194 1195 1196 1197 1198 1199 1200 1201 1202 1203 1204 1205 1206 1207 1208 1209 1210 1211 1212 1213 1214 1215 1216 1217 1218 1219 1220 1221 1222 1223 1224 1225 1226 1227 1228 1229 1230 1231 1232 1233 1234 1235 1236 1237 1238 1239 1240 1241 1242 1243 1244 1245 1246 1247 1248 1249 1250 1251 1252 1253 1254 1255 1256 1257 1258 1259 1260 1261 1262 1263 1264 1265 1266 1267 1268 1269 1270 1271 1272 1273 1274 1275 1276 1277 1278 1279 1280 1281 1282 1283 1284 1285 1286 1287 1288 1289 1290 1291 1292 1293 1294 1295 1296 1297 1298 1299 1300 1301 1302 1303 1304 1305 1306 1307 1308 1309 1310 1311 1312 1313 1314 1315 1316 1317 1318 1319 1320 1321 1322 1323 1324 1325 1326 1327 1328 1329 1330 1331 1332 1333 1334 1335 1336 1337 1338 1339 1340 1341 1342 1343 1344 1345 1346 1347 1348 1349 1350 1351 1352 1353 1354 1355 1356 1357 1358 1359 1360 1361 1362 1363 1364 1365 1366 1367 1368 1369 1370 1371 1372 1373 1374 1375 1376 1377 1378 1379 1380 1381 1382 1383 1384 1385 1386 1387 1388 1389 1390 1391 1392 1393 1394 1395 1396 1397 1398 1399 1400 1401 1402 1403 1404 1405 1406 1407 1408 1409 1410 1411 1412 1413 1414 1415 1416 1417 1418 1419 1420 1421 1422 1423 1424 1425 1426 1427 1428 1429 1430 1431 1432 1433 1434 1435 1436 1437 1438 1439 1440 1441 1442 1443 1444 1445 1446 1447 1448 1449 1450 1451 1452 1453 1454 1455 1456 1457 1458 1459 1460 1461 1462 1463 1464 1465 1466 1467 1468 1469 1470 1471 1472 1473 1474 1475 1476 1477 1478 1479 1480 1481 1482 1483 1484 1485 1486 1487 1488 1489 1490 1491 1492 1493 1494 1495 1496 1497 1498 1499 1500 1501 1502 1503 1504 1505 1506 1507 1508 1509 1510 1511 1512 1513 1514 1515 1516 1517 1518 1519 1520 1521 1522 1523 1524 1525 1526 1527 1528 1529 1530 1531 1532 1533 1534 1535 1537 1538 1539 1540 1541 1542 1543 1544 1545 1546 1547 1548 1549 1550 1551 1552 1553 1554 1555 1556 1557 1558 1559 1560 1561 1562 1563 1564 1565 1566 1567 1568 1569 1570 1571 1572 1573 1574 1575 1576 1577 1578 1579 1580 1581 1582 1583 1584 1585 1586 1587 1588 1589 1590 1591 1592 1593 1594 1595 1596 1597 1598 1599 1600 1601 1602 1603 1604 1605 1606 1607 1608 1609 1610 1611 1612 1613 1614 1615 1616 1617 1618 1619 1620 1621 1622 1623 1624 1625 1626 1627 1628 1629 1630 1631 1632 1633 1634 1635 1636 1637 1638 1639 1640 1641 1642 1643 1644 1645 1646 1647 1648 1649 1650 1651 1652 1653 1654 1655 1656 1657 1658 1659 1660 1661 1662 1663 1664 1665 1666 1667 1669 1670 1671 1672 1673 1674 1675 1676 1677 1678 1679 1680 1681 1682 1683 1684 1685 1686 1687 1688 1689 1690 1691 1692 1693 1694 1695 1696 1697 1698 1699 1700 1701 1702 1703 1704 1705 1706 1707 1708 1709 1710 1711 1712 1713 1714 1715 1716 1717 1718 1719 1720 1721 1722 1723 1724 1725 1726 1727 1728 1729 1730 1731 1732 1733 1734 1735 1736 1737 1738 1739 1740 1741 1742 1743 1744 1745 1746 1747 1748 1749 1750 1751 1752 1753 1754 1755 1756 1757 1758 1759 1760 1761 1762 1763 1764 1765 1766 1767 1768 1769 1770 1771 1772 1773 1774 1775 1776 1777 1778 1779 1780 1781 1782 1783 1784 1785 1786 1787 1788 1789 1790 1791 1792 1793 1794 1795 1796 1797 1798 1799 1800 1801 1802 1803 1804 1805 1806 1807 1808 1809 1810 1811 1812 1813 1814 1815 1816 1817 1818 1819 1820 1821 1822 1823 1824 1825 1826 1827 1828 1829 1830 1831 1832 1833 1834 1835 1836 1837 1838 1839 1840 1841 1842 1843 1844 1845 1846 1847 1848 1849 1850 1851 1852 1853 1854 1855 1856 1857 1858 1859 1860 1861 1862 1863 1864 1865 1866 1867 1868 1869 1870 1871 1872 1873 1874 1875 1876 1877 1878 1879 1880 1881 1882 1883 1884 1885 1886 1887 1888 1889 1890 1891 1892 1893 1894 1895 1896 1897 1898 1899 1900 1901 1902 1903 1904 1905 1906 1907 1908 1909 1910 1911 1912 1913 1914 1915 1916 1917 1918 1919 1920 1921 1922 1923 1924 1925 1926 1927 1928 1929 1930 1931 1932 1933 1934 1935 1936 1937 1938 1939 1940 1941 1942 1943 1944 1945 1946 1947 1948 1949 1950 1951 1952 1953 1954 1955 1956 1957 1958 1959 1960 1961 1962 1963 1964 1965 1966 1967 1968 1969 1970 1971 1972 1973 1974 1975 1976 1977 1978 1979 1980 1981 1982 1983 1984 1985 1986 1987 1988 1989 1990 1991 1992 1993 1994 1995 1996 1997 1998 1999 2000 2001 2002 2003 2004 2005 2006 2007 2008 2009 2010 2011 2012 2013 2014 2015 2016 2017 2018 2019 2020 2021 2022 2023 2024 2025 2026 2027 2028 2029 2030 2031 2032 2033 2034 2035 2036 2037 2038 2039 2040 2041 2042 2043 2044 2045 2046 2047 2048 2049 2050 2051 2052 2053 2054 2055 2056 2057 2058 2059 2060 2061 2062 2063 2064 2065 2066 2067 2068 2069 2070 2071 2072 2073 2074 2075 2076 2077 2078 2079 2080 2081 2082 2083 2084 2085 2086 2087 2088 2089 2090 2091 2092 2093 2094 2095 2096 2097 2098 2099 2100 2101 2102 2103 2104 2105 2106 2107 2108 2109 2110 2111 2112 2113 2114 2115 2116 2117 2118 2119 2120 2121 2122 2123 2124 2125 2126 2127 2128 2129 2130 2131 2132 2133 2134 2135 2136 2137 2138 2139 2140 2141 2142 2143 2144 2145 2146 2147 2148 2149 2150 2151 2152 2153 2154 2155 2156 2157 2158 2159 2160 2161 2162 2163 2164 2165 2166 2167 2168 2169 2170 2171 2172 2173 2174 2175 2176 2177 2178 2179 2180 2181 2182 2183 2184 2185 2186 2187 2188 2189 2190 2191 2192 2193 2194 2195 2196 2197 2198 2199 2200 2201 2202 2203 2204 2205 2206 2207 2208 2209 2210 2211 2212 2213 2214 2215 2216 2217 2218 2219 2220 2221 2222 2223 2224 2225 2226 2227 2228 2229 2230 2231 2232 2233 2234 2235 2236 2237 2238 2239 2240 2241 2242 2243 2244 2245 2246 2247 2248 2249 2250 2251 2252 2253 2254 2255 2256 2257 2258 2259 2260 2261 2262 2263 2264 2265 2266 2267 2268 2269 2270 2271 2272 2273 2274 2275 2276 2277 2278 2279 2280 2281 2282 2283 2284 2285 2286 2287 2288 2289 2290 2291 2292 2293 2294 2295 2296 2297 2298 2299 2300 2301 2302 2303 2304 2305 2306 2307 2308 2309 2310 2311 2312 2313 2314 2315 2316 2317 2318 2319 2320 2321 2322 2323 2324 2325 2326 2327 2328 2329 2330 2331 2332 2333 2334 2335 2336 2337 2338 2339 2340 2341 2342 2343 2344 2345 2346 2347 2348 2349 2350 2351 2352 2353 2354 2355 2356 2357 2358 2359 2360 2361 2362 2363 2364 2365 2366 2367 2368 2369 2370 2371 2372 2373 2374 2375 2376 2377 2378 2379 2380 2381 2382 2383 2384 2385 2386 2387 2388 2389 2390 2391 2392 2393 2394 2395 2396 2397 2398 2399 2400 2401 2402 2403 2404 2405 2406 2407 2408 2409 2410 2411 2412 2413 2414 2415 2416 2417 2418 2419 2420 2421 2422 2423 2424 2425 2426 2427 2428 2429 2430 2431 2432 2433 2434 2435 2436 2437 2438 2439 2440 2441 2442 2443 2444 2445 2446 2447 2448 2449 2450 2451 2452 2453 2454 2455 2456 2457 2458 2459 2460 2461 2462 2463 2464 2465 2466 2467 2468 2469 2470 2471 2472 2473 2474 2475 2476 2477 2478 2479 2480 2481 2482 2483 2484 2485 2486 2487 2488 2489 2490 2491 2492 2493 2494 2495 2496 2497 2498 2499 2500 2501 2502 2503 2504 2505 2506 2507 2508 2509 2510 2511 2512 2513 2514 2515 2516 2517 2518 2519 2520 2521 2522 2523 2524 2525 2526 2527 2528 2529 2530 2531 2532 2533 2534 2535 2536 2537 2538 2539 2540 2541 2542 2543 2544 2545 2546 2547 2548 2549 2550 2551 2552 2553 2554 2555 2556 2557 2558 2559 2560 2561 2562 2563 2564 2565 2566 2567 2568 2569 2570 2571 2572 2573 2574 2575 2576 2577 2578 2579 2580 2581 2582 2583 2584 2585 2586 2587 2588 2589 2590 2591 2592 2593 2594 2595 2596 2597 2598 2599 2600 2601 2602 2603 2604 2605 2606 2607 2608 2609 2610 2611 2612 2613 2614 2615 2616 2617 2618 2619 2620 2621 2622 2623 2624 2625 2626 2627 2628 2629 2630 2631 2632 2633 2634 2635 2636 2637 2638 2639 2640 2641 2642 2643 2644 2645 2646 2647 2648 2649 2650 2651 2652 2653 2654 2655 2656 2657 2658 2659 2660 2661 2662 2663 2664 2665 2666 2667 2668 2669 2670 2671 2672 2673 2674 2675 2676 2677 2678 2679 2680 2681 2682 2683 2684 2685 2686 2687 2688 2689 2690 2691 2692 2693 2694 2695 2696 2697 2698 2699 2700 2701 2702 2703 2704 2705 2706 2707 2708 2709 2710 2711 2712 2713 2714 2715 2716 2717 2718 2719 2720 2721 2722 2723 2724 2725 2726 2727 2728 2729 2730 2731 2732 2733 2734 2735 2736 2737 2738 2739 2740 2741 2742 2743 2744 2745 2746 2747 2748 2749 2750 2751 2752 2753 2754 2755 2756 2757 2758 2759 2760 2761 2762 2763 2764 2765 2766 2767 2768 2769 2770 2771 2772 2773 2774 2775 2776 2777 2778 2779 2780 2781 2782 2783 2784 2785 2786 2787 2788 2789 2790 2791 2792 2793 2794 2795 2796 2797 2798 2799 2800 2801 2802 2803 2804 2805 2806 2807 2808 2809 2810 2811 2812 2813 2814 2815 2816 2817 2818 2819 2820 2821 2822 2823 2824 2825 2826 2827 2828 2829 2830 2831 2832 2833 2834 2835 2836 2837 2838 2839 2840 2841 2842 2843 2844 2845 2846 2847 2848 2849 2850 2851 2852 2853 2854 2855 2856 2857 2858 2859 2860 2861 2862 2863 2864 2865 2866 2867 2868 2869 2870 2871 2872 2873 2874 2875 2876 2877 2878 2879 2880 2881 2882 2883 2884 2885 2886 2887 2888 2889 2890 2891 2892 2893 2894 2895 2896 2897 2898 2899 2900 2901 2902 2903 2904 2905 2906 2907 2908 2909 2910 2911 2912 2913 2914 2915 2916 2917 2918 2919 2920 2921 2922 2923 2924 2925 2926 2927 2928 2929 2930 2931 2932 2933 2934 2935 2936 2937 2938 2939 2940 2941 2942 2943 2944 2945 2946 2947 2948 2949 2950 2951 2952 2953 2954 2955 2956 2957 2958 2959 2960 2961 2962 2963 2964 2965 2966 2967 2968 2969 2970 2971 2972 2973 2974 2975 2976 2977 2978 2979 2980 2981 2982 2983 2984 2985 2986 2987 2988 2989 2990 2991 2992 2993 2994 2995 2996 2997 2998 2999 3000 3001 3002 3003 3004 3005 3006 3007 3008 3009 3010 3011 3012 3013 3014 3015 3016 3017 3018 3019 3020 3021 3022 3023 3024 3025 3026 3027 3028 3029 3030 3031 3032 3033 3034 3035 3036 3037 3038 3039 3040 3041 3042 3043 3044 3045 3046 3047 3048 3049 3050 3051 3052 3053 3054 3055 3056 3057 3058 3059 3060 3061 3062 3063 3064 3065 3066 3067 3068 3069 3070 3071 3072 3073 3074 3075 3076 3077 3078 3079 3080 3081 3082 3083 3084 3085 3086 3087 3088 3089 3090 3091 3092 3093 3094 3095 3096 3097 3098 3099 3100 3101 3102 3103 3104 3105 3106 3107 3108 3109 3110 3111 3112 3113 3114 3115 3116 3117 3118 3119 3120 3121 3122 3123 3124 3125 3126 3127 3128 3129 3130 3131 3132 3133 3134 3135 3136 3137 3138 3139 3140 3141 3142 3143 3144 3145 3146 3147 3148 3149 3150 3151 3152 3153 3154 3155 3156 3157 3158 3159 3160 3161 3162 3163 3164 3165 3166 3167 3168 3169 3170 3171 3172 3173 3174 3175 3176 3177 3178 3179 3180 3181 3182 3183 3184 3185 3186 3187 3188 3189 3190 3191 3192 3193 3194 3195 3196 3197 3198 3199 3200 3201 3202 3203 3204 3205 3206 3207 3208 3209 3210 3211 3212 3213 3214 3215 3216 3217 3218 3219 3220 3221 3222 3223 3224 3225 3226 3227 3228 3229 3230 3231 3232 3233 3234 3235 3236 3237 3238 3239 3240 3241 3242 3243 3244 3245 3246 3247 3248 3249 3250 3251 3252 3253 3254 3255 3256 3257 3258 3259 3260 3261 3262 3263 3264 3265 3266 3267 3268 3269 3270 3271 3272 3273 3274 3275 3276 3277 3278 3279 3280 3281 3282 3283 3284 3285 3286 3287 3288 3289 3290 3291 3292 3293 3294 3295 3296 3297 3298 3299 3300 3301 3302 3303 3304 3305 3306 3307 3308 3309 3310 3311 3312 3313 3314 3315 3316 3317 3318 3319 3320 3321 3322 3323 3324 3325 3326 3327 3328 3329 3330 3331 3332 3333 3334 3335 3336 3337 3338 3339 3340 3341 3342 3343 3344 3345 3346 3347 3348 3349 3350 3351 3352 3353 3354 3355 3356 3357 3358 3359 3360 3361 3362 3363 3364 3365 3366 3367 3368 3369 3370 3371 3372 3373 3374 3375 3376 3377 3378 3379 3380 3381 3382 3383 3384 3385 3386 3387 3388 3389 3390 3391 3392 3393 3394 3395 3396 3397 3398 3399 3400 3401 3402 3403 3404 3405 3406 3407 3408 3409 3410 3411 3412 3413 3414 3415 3416 3417 3418 3419 3420 3421 3422 3423 3424 3425 3426 3427 3428 3429 3430 3431 3432 3433 3434 3435 3436 3437 3438 3439 3440 3441 3442 3443 3444 3445 3446 3447 3448 3449 3450 3451 3452 3453 3454 3455 3456 3457 3458 3459 3460 3461 3462 3463 3464 3465 3466 3467 3468 3469 3470 3471 3472 3473 3474 3475 3476 3477 3478 3479 3480 3481 3482 3483 3484 3485 3486 3487 3488 3489 3490 3491 3492 3493 3494 3495 3496 3497 3498 3499 3500 3501 3502 3503 3504 3505 3506 3507 3508 3509 3510 3511 3512 3513 3514 3515 3516 3517 3518 3519 3520 3521 3522 3523 3524 3525 3526 3527 3528 3529 3530 3531 3532 3533 3534 3535 3536 3537 3538 3539 3540 3541 3542 3543 3544 3545 3546 3547 3548 3549 3550 3551 3552 3553 3554 3555 3556 3557 3558 3559 3560 3561 3562 3563 3564 3565 3566 3567 3568 3569 3570 3571 3572 3573 3574 3575 3576 3577 3578 3579 3580 3581 3582 3583 3584 3585 3586 3587 3588 3589 3590 3591 3592 3593 3594 3595 3596 3597 3598 3599 3600 3601 3602 3603 3604 3605 3606 3607 3608 3609 3610 3611 3612 3613 3614 3615 3616 3617 3618 3619 3620 3621 3622 3623 3624 3625 3626 3627 3628 3629 3630 3631 3632 3633 3634 3635 3636 3637 3638 3639 3640 3641 3642 3643 3644 3645 3646 3647 3648 3649 3650 3651 3652 3653 3654 3655 3656 3657 3658 3659 3660 3661 3662 3663 3664 3665 3666 3667 3668 3669 3670 3671 3672 3673 3674 3675 3676 3677 3678 3679 3680 3681 3682 3683 3684 3685 3686 3687 3688 3689 3690 3691 3692 3693 3694 3695 3696 3697 3698 3699 3700 3701 3702 3703 3704 3705 3706 3707 3708 3709 3710 3711 3712 3713 3714 3715 3716 3717 3718 3719 3720 3721 3722 3723 3724 3725 3726 3727 3728 3729 3730 3731 3732 3733 3734 3735 3736 3737 3738 3739 3740 3741 3742 3743 3744 3745 3746 3747 3748 3749 3750 3751 3752 3753 3754 3755 3756 3757 3758 3759 3760 3761 3762 3763 3764 3765 3766 3767 3768 3769 3770 3771 3772 3773 3774 3775 3776 3777 3778 3779 3780 3781 3782 3783 3784 3785 3786 3787 3788 3789 3790 3791 3792 3793 3794 3795 3796 3797 3798 3799 3800 3801 3802 3803 3804 3805 3806 3807 3808 3809 3810 3811 3812 3813 3814 3815 3816 3817 3818 3819 3820 3821 3822 3823 3824 3825 3826 3827 3828 3829 3830 3831 3832 3833 3834 3835 3836 3837 3838 3839 3840 3841 3842 3843 3844 3845 3846 3847 3848 3849 3850 3851 3852 3853 3854 3855 3856 3857 3858 3859 3860 3861 3862 3863 3864 3865 3866 3867 3868 3869 3870 3871 3872 3873 3874 3875 3876 3877 3878 3879 3880 3881 3882 3883 3884 3885 3886 3887 3888 3889 3890 3891 3892 3893 3894 3895 3896 3897 3898 3899 3900 3901 3902 3903 3904 3905 3906 3907 3908 3909 3910 3911 3912 3913 3914 3915 3916 3917 3918 3919 3920 3921 3922 3923 3924 3925 3926 3927 3928 3929 3930 3931 3932 3933 3934 3935 3936 3937 3938 3939 3940 3941 3942 3943 3944 3945 3946 3947 3948 3949 3950 3951 3952 3953 3954 3955 3956 3957 3958 3959 3960 3961 3962 3963 3964 3965 3966 3967 3968 3969 3970 3971 3972 3973 3974 3975 3976 3977 3978 3979 3980 3981 3982 3983 3984 3985 3986 3987 3988 3989 3990 3991 3992 3993 3994 3995 3996 3997 3998 3999 4000 4001 4002 4003 4004 4005 4006 4007 4008 4009 4010 4011 4012 4013 4014 4015 4016 4017 4018 4019 4020 4021 4022 4023 4024 4025 4026 4027 4028 4029 4030 4031 4032 4033 4034 4035 4036 4037 4038 4039 4040 4041 4042 4043 4044 4045 4046 4047 4048 4049 4050 4051 4052 4053 4054 4055 4056 4057 4058 4059 4060 4061 4062 4063 4064 4065 4066 4067 4068 4069 4070 4071 4072 4073 4074 4075 4076 4077 4078 4079 4080 4081 4082 4083 4084 4085 4086 4087 4088 4089 4090 4091 4092 4093 4094 4095 4096 4097 4098 4099 4100 4101 4102 4103 4104 4105 4106 4107 4108 4109 4110 4111 4112 4113 4114 4115 4116 4117 4118 4119 4120 4121 4122 4123 4124 4125 4126 4127 4128 4129 4130 4131 4132 4133 4134 4135 4136 4137 4138 4139 4140 4141 4142 4143 4144 4145 4146 4147 4148 4149 4150 4151 4152 4153 4154 4155 4156 4157 4158 4159 4160 4161 4162 4163 4164 4165 4166 4167 4168 4169 4170 4171 4172 4173 4174 4175 4176 4177 4178 4179 4180 4181 4182 4183 4184 4185 4186 4187 4188 4189 4190 4191 4192 4193 4194 4195 4196 4197 4198 4199 4200 4201 4202 4203 4204 4205 4206 4207 4208 4209 4210 4211 4212 4213 4214 4215 4216 4217 4218 4219 4220 4221 4222 4223 4224 4225 4226 4227 4228 4229 4230 4231 4232 4233 4234 4235 4236 4237 4238 4239 4240 4241 4242 4243 4244 4245 4246 4247 4248 4249 4250 4251 4252 4253 4254 4255 4256 4257 4258 4259 4260 4261 4262 4263 4264 4265 4266 4267 4268 4269 4270 4271 4272 4273 4274 4275 4276 4277 4278 4279 4280 4281 4282 4283 4284 4285 4286 4287 4288 4289 4290 4291 4292 4293 4294 4295 4296 4297 4298 4299 4300 4301 4302 4303 4304 4305 4306 4307 4308 4309 4310 4311 4312 4313 4314 4315 4316 4317 4318 4319 4320 4321 4322 4323 4324 4325 4326 4327 4328 4329 4330 4331 4332 4333 4334 4335 4336 4337 4338 4339 4340 4341 4342 4343 4344 4345 4346 4347 4348 4349 4350 4351 4352 4353 4354 4355 4356 4357 4358 4359 4360 4361 4362 4363 4364 4365 4366 4367 4368 4369 4370 4371 4372 4373 4374 4375 4376 4377 4378 4379 4380 4381 4382 4383 4384 4385 4386 4387 4388 4389 4390 4391 4392 4393 4394 4395 4396 4397 4398 4399 4400 4401 4402 4403 4404 4405 4406 4407 4408 4409 4410 4411 4412 4413 4414 4415 4416 4417 4418 4419 4420 4421 4422 4423 4424 4425 4426 4427 4428 4429 4430 4431 4432 4433 4434 4435 4436 4437 4438 4439 4440 4441 4442 4443 4444 4445 4446 4447 4448 4449 4450 4451 4452 4453 4454 4455 4456 4457 4458 4459 4460 4461 4462 4463 4464 4465 4466 4467 4468 4469 4470 4471 4472 4473 4474 4475 4476 4477 4478 4479 4480 4481 4482 4483 4484 4485 4486 4487 4488 4489 4490 4491 4492 4493 4494 4495 4496 4497 4498 4499 4500 4501 4502 4503 4504 4505 4506 4507 4508 4509 4510 4511 4512 4513 4514 4515 4516 4517 4518 4519 4520 4521 4522 4523 4524 4525 4526 4527 4528 4529 4530 4531 4532 4533 4534 4535 4536 4537 4538 4539 4540 4541 4542 4543 4544 4545 4546 4547 4548 4549 4550 4551 4552 4553 4554 4555 4556 4557 4558 4559 4560 4561 4562 4563 4564 4565 4566 4567 4568 4569 4570 4571 4572 4573 4574 4575 4576 4577 4578 4579 4580 4581 4582 4583 4584 4585 4586 4587 4588 4589 4590 4591 4592 4593 4594 4595 4596 4597 4598 4599 4600 4601 4602 4603 4604 4605 4606 4607 4608 4609 4610 4611 4612 4613 4614 4615 4616 4617 4618 4619 4620 4621 4622 4623 4624 4625 4626 4627 4628 4629 4630 4631 4632 4633 4634 4635 4636 4637 4638 4639 4640 4641 4642 4643 4644 4645 4646 4647 4648 4649 4650 4651 4652 4653 4654 4655 4656 4657 4658 4659 4660 4661 4662 4663 4664 4665 4666 4667 4668 4669 4670 4671 4672 4673 4674 4675 4676 4677 4678 4679 4680 4681 4682 4683 4684 4685 4686 4687 4688 4689 4690 4691 4692 4693 4694 4695 4696 4697 4698 4699 4700 4701 4702 4703 4704 4705 4706 4707 4708 4709 4710 4711 4712 4713 4714 4715 4716 4717 4718 4719 4720 4721 4722 4723 4724 4725 4726 4727 4728 4729 4730 4731 4732 4733 4734 4735 4736 4737 4738 4739 4740 4741 4742 4743 4744 4745 4746 4747 4748 4749 4750 4751 4752 4753 4754 4755 4756 4757 4758 4759 4760 4761 4762 4763 4764 4765 4766 4767 4768 4769 4770 4771 4772 4773 4774 4775 4776 4777 4778 4779 4780 4781 4782 4783 4784 4785 4786 4787 4788 4789 4790 4791 4792 4793 4794 4795 4796 4797 4798 4799 4800 4801 4802 4803 4804 4805 4806 4807 4808 4809 4810 4811 4812 4813 4814 4815 4816 4817 4818 4819 4820 4821 4822 4823 4824 4825 4826 4827 4828 4829 4830 4831 4832 4833 4834 4835 4836 4837 4838 4839 4840 4841 4842 4843 4844 4845 4846 4847 4848 4849 4850 4851 4852 4853 4854 4855 4856 4857 4858 4859 4860 4861 4862 4863 4864 4865 4866 4867 4868 4869 4870 4871 4872 4873 4874 4875 4876 4877 4878 4879 4880 4881 4882 4883 4884 4885 4886 4887 4888 4889 4890 4891 4892 4893 4894 4895 4896 4897 4898 4899 4900 4901 4902 4903 4904 4905 4906 4907 4908 4909 4910 4911 4912 4913 4914 4915 4916 4917 4918 4919 4920 4921 4922 4923 4924 4925 4926 4927 4928 4929 4930 4931 4932 4933 4934 4935 4936 4937 4938 4939 4940 4941 4942 4943 4944 4945 4946 4947 4948 4949 4950 4951 4952 4953 4954 4955 4956 4957 4958 4959 4960 4961 4962 4963 4964 4965 4966 4967 4968 4969 4970 4971 4972 4973 4974 4975 4976 4977 4978 4979 4980 4981 4982 4983 4984 4985 4986 4987 4988 4989 4990 4991 4992 4993 4994 4995 4996 4997 4998 4999 5000 5001 5002 5003 5004 5005 5006 5007 5008 5009 5010 5011 5012 5013 5014 5015 5016 5017 5018 5019 5020 5021 5022 5023 5024 5025 5026 5027 5028 5029 5030 5031 5032 5033 5034 5035 5036 5037 5038 5039 5040 5041 5042 5043 5044 5045 5046 5047 5048 5049 5050 5051 5052 5053 5054 5055 5056 5057 5058 5059 5060 5061 5062 5063 5064 5065 5066 5067 5068 5069 5070 5071 5072 5073 5074 5075 5076 5077 5078 5079 5080 5081 5082 5083 5084 5085 5086 5087 5088 5089 5090 5091 5092 5093 5094 5095 5096 5097 5098 5099 5100 5101 5102 5103 5104 5105 5106 5107 5108 5109 5110 5111 5112 5113 5114 5115 5116 5117 5118 5119 5120 5121 5122 5123 5124 5125 5126 5127 5128 5129 5130 5131 5132 5133 5134 5135 5136 5137 5138 5139 5140 5141 5142 5143 5144 5145 5146 5147 5148 5149 5150 5151 5152 5153 5154 5155 5156 5157 5158 5159 5160 5161 5162 5163 5164 5165 5166 5167 5168 5169 5170 5171 5172 5173 5174 5175 5176 5177 5178 5179 5180 5181 5182 5183 5184 5185 5186 5187 5188 5189 5190 5191 5192 5193 5194 5195 5196 5197 5198 5199 5200 5201 5202 5203 5204 5205 5206 5207 5208 5209 5210 5211 5212 5213 5214 5215 5216 5217 5218 5219 5220 5221 5222 5223 5224 5225 5226 5227 5228 5229 5230 5231 5232 5233 5234 5235 5236 5237 5238 5239 5240 5241 5242 5243 5244 5245 5246 5247 5248 5249 5250 5251 5252 5253 5254 5255 5256 5257 5258 5259 5260 5261 5262 5263 5264 5265 5266 5267 5268 5269 5270 5271 5272 5273 5274 5275 5276 5277 5278 5279 5280 5281 5282 5283 5284 5285 5286 5287 5288 5289 5290 5291 5292 5293 5294 5295 5296 5297 5298 5299 5300 5301 5302 5303 5304 5305 5306 5307 5308 5309 5310 5311 5312 5313 5314 5315 5316 5317 5318 5319 5320 5321 5322 5323 5324 5325 5326 5327 5328 5329 5330 5331 5332 5333 5334 5335 5336 5337 5338 5339 5340 5341 5342 5343 5344 5345 5346 5347 5348 5349 5350 5351 5352 5353 5354 5355 5356 5357 5358 5359 5360 5361 5362 5363 5364 5365 5366 5367 5368 5369 5370 5371 5372 5373 5374 5375 5376 5377 5378 5379 5380 6545 5381 5382 5383 5384 5385 5386 5387 5388 5389 5390 5391 5392 5393 5394 5395 5396 5397 5398 5399 5400 5401 5402 5403 5404 5405 5406 5407 5408 5409 5410 5411 5412 5413 5414 5415 5416 5417 5418 5419 5420 5421 5422 5423 5424 5425 5426 5427 5428 5429 5430 5431 5432 5433 5434 5435 5436 5437 5438 5439 5440 5441 5442 5443 5444 5445 5446 5447 5448 5449 5450 5451 5452 5453 5454 5455 5456 5457 5458 5459 5460 5461 5462 5463 5464 5465 5466 5467 5468 5469 5470 5471 5472 5473 5474 5475 5476 5477 5478 5479 5480 5481 5482 5483 5484 5485 5486 5487 5488 5489 5490 5491 5492 5493 5494 5495 5496 5497 5498 5499 5500 5501 5502 5503 5504 5505 5506 5507 5508 5509 5510 5511 5512 5513 5514 5515 5516 5517 5518 5519 5520 5521 5522 5523 5524 5525 5526 5527 5528 5529 5530 5531 5532 5533 5534 5535 5536 5537 5538 5539 5540 5541 5542 5543 5544 5545 5546 5547 5548 5549 5550 5551 5552 5553 5554 5555 5556 5557 5558 5559 5560 5561 5562 5563 5564 5565 5566 5567 5568 5569 5570 5571 5572 5573 5574 5575 5576 5577 5578 5579 5580 5581 5582 5583 5584 5585 5586 5587 5588 5589 5590 5591 5592 5593 5594 5595 5596 5597 5598 5599 5600 5601 5602 5603 5604 5605 5606 5607 5608 5609 5610 5611 5612 5613 5614 5615 5616 5617 5618 5619 5620 5621 5622 5623 5624 5625 5626 5627 5628 5629 5630 5631 5632 5633 5634 5635 5636 5637 5638 5639 5640 5641 5642 5643 5644 5645 5646 5647 5648 5649 5650 5651 5652 5653 5654 5655 5656 5658 5659 5660 5661 5662 5663 5664 5665 5666 5667 5668 5669 5670 5671 5672 5673 5674 5675 5676 5677 5678 5679 5680 5681 5682 5683 5684 5685 5686 5687 5688 5689 5690 5691 5692 5693 5694 5695 5696 5697 5698 5699 5700 5701 5702 5703 5704 5705 5706 5707 5708 5709 5710 5711 5712 5713 5714 5715 5716 5717 5718 5719 5720 5721 5722 5723 5724 5725 5726 5727 5728 5729 5730 5731 5732 5733 5734 5735 5736 5737 5738 5739 5740 5741 5742 5743 5744 5745 5746 5747 5748 5749 5750 5751 5752 5753 5754 5755 5756 5757 5758 5759 5760 5761 5762 5763 5764 5765 5766 5767 5768 5769 5770 5771 5772 5773 5774 5775 5776 5777 5778 5779 5780 5781 5782 5783 5784 5785 5786 5787 5788 5789 5790 5791 5792 5793 5794 5795 5796 5797 5798 5799 5800 5801 5802 5803 5804 5805 5806 5807 5808 5809 5810 5811 5812 5813 5814 5815 5816 5817 5818 5819 5820 5821 5822 5823 5824 5825 5826 5827 5828 5829 5830 5831 5832 5833 5834 5835 5836 5837 5838 5839 5840 5841 5842 5843 5844 5845 5846 5847 5848 5849 5850 5851 5852 5853 5854 5855 5856 5857 5858 5859 5860 5861 5862 5863 5864 5865 5866 5867 5868 5869 5870 5871 5872 5873 5874 5875 5876 5877 5878 5879 5880 5881 5882 5883 5884 5885 5886 5887 5888 5889 5890 5891 5892 5893 5894 5895 5896 5897 5898 5899 5900 5901 5902 5903 5904 5905 5906 5907 5908 5909 5910 5911 5912 5913 5914 5915 5916 5917 5918 5919 5920 5921 5922 5923 5924 5925 5926 5927 5928 5929 5930 5931 5932 5933 5934 5935 5936 5937 5938 5939 5940 5941 5942 5943 5944 5945 5946 5947 5948 5949 5950 5951 5952 5953 5954 5955 5956 5957 5958 5959 5960 5961 5962 5963 5964 5965 5966 5967 5968 5969 5970 5971 5972 5973 5974 5975 5976 5977 5978 5979 5980 5981 5982 5983 5984 5985 5986 5987 5988 5989 5990 5991 5992 5993 5994 5995 5996 5997 5998 5999 6000 6001 6002 6003 6004 6005 6006 6007 6008 6009 6010 6011 6012 6013 6014 6015 6016 6017 6018 6019 6020 6021 6022 6023 6024 6025 6026 6027 6028 6029 6030 6031 6032 6033 6034 6035 6036 6037 6038 6039 6040 6041 6042 6043 6044 6045 6046 6047 6048 6049 6050 6051 6052 6053 6054 6055 6056 6057 6058 6059 6060 6061 6062 6063 6064 6065 6066 6067 6068 6069 6070 6071 6072 6073 6074 6075 6076 6077 6078 6079 6080 6081 6082 6083 6084 6085 6086 6087 6088 6089 6090 6091 6092 6093 6094 6095 6096 6097 6098 6099 6100 6101 6102 6103 6104 6105 6106 6107 6108 6109 6110 6111 6112 6113 6114 6115 6116 6117 6118 6119 6120 6121 6122 6123 6124 6125 6126 6127 6128 6129 6130 6131 6132 6133 6134 6135 6136 6137 6138 6139 6140 6141 6142 6143 6144 6145 6146 6147 6148 6149 6150 6151 6152 6153 6154 6155 6156 6157 6158 6159 6160 6161 6162 6163 6164 6165 6166 6167 6168 6169 6170 6171 6172 6173 6174 6175 6176 6177 6178 6179 6180 6181 6182 6183 6184 6185 6186 6187 6188 6189 6190 6191 6192 6193 6194 6195 6196 6197 6198 6199 6200 6201 6202 6203 6204 6205 6206 6207 6208 6209 6210 6211 6212 6213 6214 6215 6216 6217 6218 6219 6220 6221 6222 6223 6224 6225 6226 6227 6228 6229 6230 6231 6232 6233 6234 6235 6236 6237 6238 6239 6240 6241 6242 6243 6244 6245 6246 6247 6248 6249 6250 6251 6252 6253 6254 6255 6256 6257 6258 6259 6260 6261 6262 6263 6264 6265 6266 6267 6268 6269 6270 6271 6272 6273 6274 6275 6276 6277 6278 6279 6280 6281 6282 6283 6284 6285 6286 6287 6288 6289 6290 6291 6292 6293 6294 6295 6296 6297 6298 6299 6300 6301 6302 6303 6304 6305 6306 6307 6308 6309 6310 6311 6312 6313 6314 6315 6316 6317 6318 6319 6320 6321 6322 6323 6324 6325 6326 6327 6328 6329 6330 6331 6332 6333 6334 6335 6336 6337 6338 6339 6340 6341 6342 6343 6344 6345 6346 6347 6348 6349 6350 6351 6352 6353 6354 6355 6356 6357 6358 6359 6360 6361 6362 6363 6364 6365 6366 6367 6368 6369 6370 6371 6372 6373 6374 6375 6376 6377 6378 6379 6380 6381 6382 6383 6384 6385 6386 6387 6388 6389 6390 6391 6392 6393 6394 6395 6396 6397 6398 6399 6400 6401 6402 6403 6404 6405 6406 6407 6408 6409 6410 6411 6412 6413 6414 6415 6416 6417 6418 6419 6420 6421 6422 6423 6424 6425 6426 6427 6428 6429 6430 6431 6432 6433 6434 6435 6436 6437 6438 6439 6440 6441 6442 6443 6444 6445 6446 6447 6448 6449 6450 6451 6452 6453 6454 6455 6456 6457 6458 6459 6460 6461 6462 6463 6464 6465 6466 6467 6468 6469 6470 6471 6472 6473 6474 6475 6476 6477 6478 6479 6480 6481 6482 6483 6484 6485 6486 6487 6488 6489 6490 6491 6492 6493 6494 6495 6496 6497 6498 6499 6500 6501 6502 6503 6504 6505 6506 6507 6508 6509 6510 6511 6512 6513 6514 6515 6516 6517 6518 6519 6520 6521 6522 6523 6524 6525 6526 6527 6528 6529 6530 6531 6532 6533 6534 6535 6536 6537 6538 6539 6540 6541 6542 6543 6544
p1:7 A 0 1 2 3 4 5 6 7 8 9 10 11 12 13 14 15 16 17 18 19 20 21 22 23 24 25 26 27 28 29 30 31 32 33 34 35 36 37 38 39 40 41 42 43 44 45 46 47 48 49 50 51 52 53 54 55 56 57 58 59 60 61 62 63 64 65 66 67 68 69 70 71 72 73 74 75 76 77 78 79 80 81 82 83 84 85 86 87 88 89 90 91 92 93 94 95 96 97 98 99 100 101 102 103 104 105 106 107 108 109 110 111 112 113 114 115 116 117 118 119 120 121 122 123 124 125 126 127 128 129 130 131 132 133 134 135 136 137 138 139 140 141 142 143 144 145 146 147 148 149 150 151 152 153 154 155 156 157 158 159 160 161 162 163 164 165 166 167 168 169 170 171 172 173 174 175 176 177 178 179 180 181 182 183 184 185 186 187 188 189 190 191 192 193 194 195 196 197 198 199 200 201 202 203 204 205 206 207 208 209 210 211 212 213 214 215 216 217 218 219 220 221 222 223 224 225 226 227 228 229 230 231 232 233 234 235 236 237 238 239 240 241 242 243 244 245 246 247 248 249 250 251 252 253 254 255 256 257 258 259 260 261 262 263 264 265 266 267 268 269 270 271 272 273 274 275 276 277 278 279 280 281 282 283 284 285 286 287 288 289 290 291 292 293 294 295 296 297 298 299 300 301 302 303 304 305 306 307 308 309 310 311 312 313 314 315 316 317 318 319 320 321 322 323 324 325 326 327 328 329 330 331 332 333 334 335 336 337 338 339 340 341 342 343 344 345 347 348 349 350 351 352 353 354 355 356 357 358 359 360 361 362 363 364 365 366 367 368 369 370 371 372 373 374 375 376 377 378 379 380 381 382 383 384 385 386 387 388 389 390 391 392 393 394 395 396 397 398 399 400 401 402 403 404 405 406 407 408 409 410 411 412 413 414 415 416 417 418 419 420 421 422 423 424 425 426 427 428 429 430 431 432 433 434 435 436 437 438 439 440 441 442 443 444 445 446 447 448 449 450 451 452 453 454 455 456 457 458 459 460 461 462 463 464 465 466 467 468 469 470 471 472 473 474 475 476 477 478 479 480 481 482 483 484 485 486 487 488 489 490 491 492 493 494 495 496 497 498 499 500 501 502 503 504 505 506 507 508 509 510 511 512 513 514 515 516 517 518 519 520 521 522 523 524 525 526 527 528 529 530 531 532 533 534 535 536 537 538 539 540 541 542 543 544 545 546 547 548 549 550 551 552 553 554 555 556 557 558 559 560 561 562 563 564 565 566 567 568 569 570 571 572 573 574 575 576 577 578 579 580 581 582 583 584 585 586 587 588 589 590 591 592 593 594 595 596 597 598 599 600 601 602 603 604 605 606 607 608 609 610 611 612 613 614 615 616 617 618 619 620 621 622 623 624 625 626 627 628 629 630 631 632 633 634 635 636 637 638 639 640 641 642 643 644 645 646 647 648 649 650 651 652 653 654 655 656 657 658 659 660 661 662 663 664 665 666 667 668 669 670 671 672 673 674 675 676 677 678 679 680 681 682 683 684 685 686 687 688 689 690 691 692 693 694 695 696 697 698 699 700 701 702 703 704 705 706 707 708 709 710 711 712 713 714 715 716 717 718 719 720 721 722 723 724 725 726 727 728 729 730 731 732 733 734 735 736 737 738 739 740 741 742 743 744 745 746 747 748 749 750 751 752 753 754 755 756 757 758 759 760 761 762 763 764 765 766 767 768 769 770 771 772 773 774 775 776 777 778 779 780 781 782 783 784 785 786 787 788 789 790 791 792 793 794 795 796 797 798 799 800 801 802 803 804 805 806 807 808 809 810 811 812 813 814 815 816 817 818 819 820 821 822 823 824 825 826 827 828 829 830 831 832 833 834 835 836 837 838 839 840 841 842 843 844 845 846 847 848 849 850 851 852 853 854 855 856 857 858 859 860 861 862 863 864 865 866 867 868 869 870 871 872 873 874 875 876 877 878 879 880 881 882 883 884 885 886 887 888 889 890 891 892 893 894 895 896 897 898 899 900 901 902 903 904 905 906 907 908 909 910 911 912 913 914 915 916 917 918 919 920 921 922 923 924 925 926 927 928 929 930 931 932 933 934 935 936 937 938 939 940 942 943 944 945 946 947 948 949 950 951 952 953 954 955 956 957 958 959 6549 960 961 962 963 964 965 966 967 968 969 970 971 972 973 974 975 976 977 978 979 980 981 982 983 984 985 986 987 988 989 990 991 992 993 994 995 996 997 998 999 1000 1001 1002 1003 1004 1005 1006 1007 1008 1009 1010 1011 1012 1013 1014 1015 1016 1017 1018 1019 1020 1021 1022 1023 1024 1025 1026 1027 1028 1029 1030 1031 1032 1033 1034 1035 1036 1037 1038 1039 1040 1041 1042 1043 1044 1045 1046 1047 1048 1049 1050 1051 1052 1053 1054 1055 1056 1057 1058 1059 1060 1061 1062 1063 1064 1065 1066 1067 1068 1069 1070 1071 1072 1073 1074 1075 1076 1077 1078 1079 1080 1081 1082 1083 1084 1085 1086 1087 1088 1089 1090 1091 1092 1093 1094 1095 1096 1097 1098 1099 1100 1101 1102 1103 1104 1105 1106 1107 1108 1109 1110 1111 1112 1113 1114 1115 1116 1117 1118 1119 1120 1121 1122 1123 1124 1125 1126 1127 1128 1129 1130 1131 1132 1133 1134 1135 1136 1137 1138 1139 1140 1141 1142 1143 1144 1145 1146 1147 1148 1149 1150 1151 1152 1153 1154 1155 1156 1157 1158 1159 1160 1161 1162 1163 1164 1165 1166 1167 1168 1169 1170 1171 1172 1173 1174 1175 1176 1177 1178 1179 1180 1181 1182 1183 1184 1185 1186 1187 1188 1189 1190 1191 1192 1193 1194 1195 1196 1197 1198 1199 1200 1201 1202 1203 1204 1205 1206 1207 1208 1209 1210 1211 1212 1213 1214 1215 1216 1217 1218 1219 1220 1221 1222 1223 1224 1225 1226 1227 1228 1229 1230 1231 1232 1233 1234 1235 1236 1237 1238 1239 1240 1241 1242 1243 1244 1245 1246 1247 1248 1249 1250 1251 1252 1253 1254 1255 1256 1257 1258 1259 1260 1261 1262 1263 1264 1265 1266 1267 1268 1269 1270 1271 1272 1273 1274 1275 1276 1277 1278 1279 1280 1281 1282 1283 1284 1285 1286 1287 1288 1289 1290 1291 1292 1293 1294 1295 1296 1297 1298 1299 1300 1301 1302 1303 1304 1305 1306 1307 1308 1309 1310 1311 1312 1313 1314 1315 1316 1317 1318 1319 1320 1321 1322 1323 1324 1325 1326 1327 1328 1329 1330 1331 1332 1333 1334 1335 1336 1337 1338 1339 1340 1341 1342 1343 1344 1345 1346 1347 1348 1349 1350 1351 1352 1353 1354 1355 1356 1357 1358 1359 1360 1361 1362 1363 1364 1365 1366 1367 1368 1369 1370 1371 1372 1373 1374 1375 1376 1377 1378 1379 1380 1381 1382 1383 1384 1385 1386 1387 1388 1389 1390 1391 1392 1393 1394 1395 1396 1397 1398 1399 1400 1401 1402 1403 1404 1405 1406 1407 1408 1409 1410 1411 1412 1413 1414 1415 1416 1417 1418 1419 1420 1421 1422 1423 1424 1425 1426 1427 1428 1429 1430 1431 1432 1433 1434 1435 1436 1437 1438 1439 1440 1441 1442 1443 1444 1445 1446 1447 1448 1449 1450 1451 1452 1453 1454 1455 1456 1457 1458 1459 1460 1461 1462 1463 1464 1465 1466 1467 1468 1469 1470 1471 1472 1473 1474 1475 1476 1477 1478 1479 1480 1481 1482 1483 1484 1485 1486 1487 1488 1489 1490 1491 1492 1493 1494 1495 1496 1497 1498 1499 1500 1501 1502 1503 1504 1505 1506 1507 1508 1509 1510 1511 1512 1513 1514 1515 1516 1517 1518 1519 1520 1521 1522 1523 1524 1525 1526 1527 1528 1529 1530 1531 1532 1533 1534 1535 1536 1537 1538 1539 1540 1541 1542 1543 1544 1545 1546 1547 1548 1549 1550 1551 1552 1553 1554 1555 1556 1557 1558 1559 1560 1561 1562 1563 1564 1565 1566 1567 1568 1569 1570 1571 1572 1573 1574 1575 1576 1577 1578 1579 1580 1581 1582 1583 1584 1585 1586 1587 1588 1589 1590 1591 1592 1593 1594 1595 1596 1597 1598 1599 1600 1601 1602 1603 1604 1605 1606 1607 1608 1609 1610 1611 1612 1613 1614 1615 1616 1617 1618 1619 1620 1621 1622 1623 1624 1625 1626 1627 1628 1629 1630 1631 1632 1633 1634 1635 1636 1637 1638 1639 1640 1641 1642 1643 1644 1645 1646 1647 1648 1649 1650 1651 1652 1653 1654 1655 1656 1657 1658 1659 1660 1661 1662 1663 1664 1665 1666 1667 1669 1670 1671 1672 1673 1674 1675 1676 1677 1678 1679 1680 1681 1682 1683 1684 1685 1686 1687 1688 1689 1690 1691 1692 1693 1694 1695 1696 1697 1698 1699 1700 1701 1702 1703 1704 1705 1706 1707 1708 1709 1710 1711 1712 1713 1714 1715 1716 1717 1718 1719 1720 1721 1722 1723 1724 1725 1726 1727 1728 1729 1730 1731 1732 1733 1734 1735 1736 1737 1738 1739 1740 1741 1742 1743 1744 1745 1746 1747 1748 1749 1750 1751 1752 1753 1754 1755 1756 1757 1758 1759 1760 1761 1762 1763 1764 1765 1766 1767 1768 1769 1770 1771 1772 1773 1774 1775 1776 1777 1778 1779 1780 1781 1782 1783 1784 1785 1786 1787 1788 1789 1790 1791 1792 1793 1794 1795 1796 1797 1798 1799 1800 1801 1802 1803 1804 1805 1806 1807 1808 1809 1810 1811 1812 1813 1814 1815 1816 1817 1818 1819 1820 1821 1822 1823 1824 1825 1826 1827 1828 1829 1830 1831 1832 1833 1834 1835 1836 1837 1838 1839 1840 1841 1842 1843 1844 1845 1846 1847 1848 1849 1850 1851 1852 1853 1854 1855 1856 1857 1858 1859 1860 1861 1862 1863 1864 1865 1866 1867 1868 1869 1870 1871 1872 1873 1874 1875 1876 1877 1878 1879 1880 1881 1882 1883 1884 1885 1886 1887 1888 1889 1890 1891 1892 1893 1894 1895 1896 1897 1898 1899 1900 1901 1902 1903 1904 1905 1906 1907 1908 1909 1910 1911 1912 1913 1914 1915 1916 1917 1918 1919 1920 1921 1922 1923 1924 1925 1926 1927 1928 1929 1930 1931 1932 1933 1934 1935 1936 1937 1938 1939 1940 1941 1942 1943 1944 1945 1946 1947 1948 1949 1950 1951 1952 1953 1954 1955 1956 1957 1958 1959 1960 1961 1962 1963 1964 1965 1966 1967 1968 1969 1970 1971 1972 1973 1974 1975 1976 1977 1978 1979 1980 1981 1982 1983 1984 1985 1986 1987 1988 1989 1990 1991 1992 1993 1994 1995 1996 1997 1998 1999 2000 2001 2002 2003 2004 2005 2006 2007 2008 2009 2010 2011 2012 2013 2014 2015 2016 2017 2018 2019 2020 2021 2022 2023 2024 2025 2026 2027 2028 2029 2030 2031 2032 2033 2034 2035 2036 2037 2038 2039 2040 2041 2042 2043 2044 2045 2046 2047 2048 2049 2050 2051 2052 2053 2054 2055 2056 2057 2058 2059 2060 2061 2062 2063 2064 2065 2066 2067 2068 2069 2070 2071 2072 2073 2074 2075 2076 2077 2078 2079 2080 2081 2082 2083 2084 2085 2086 2087 2088 2089 2090 2091 2092 2093 2094 2095 2096 2097 2098 2099 2100 2101 2102 2103 2104 2105 2106 2107 2108 2109 2110 2111 2112 2113 2114 2115 2116 2117 2118 2119 2120 2121 2122 2123 2124 2125 2126 2127 2128 2129 2130 2131 2132 2133 2134 2135 2136 2137 2138 2139 2140 2141 2142 2143 2144 2145 2146 2147 2148 2149 2150 2151 2152 2153 2154 2155 2156 2157 2158 2159 2160 2161 2162 2163 2164 2165 2166 2167 2168 2169 2170 2171 2172 2173 2174 2175 2176 2177 2178 2179 2180 2181 2182 2183 2184 2185 2186 2187 2188 2189 2190 2191 2192 2193 2194 2195 2196 2197 2198 2199 2200 2201 2202 2203 2204 2205 2206 2207 2208 2209 2210 2211 2212 2213 2214 2215 2216 2217 2218 2219 2220 2221 2222 2223 2224 2225 2226 2227 2228 2229 2230 2231 2232 2233 2234 2235 2236 2237 2238 2239 2240 2241 2242 2243 2244 2245 2246 2247 2248 2249 2250 2251 2252 2253 2254 2255 2256 2257 2258 2259 2260 2261 2262 2263 2264 2265 2266 2267 2268 2269 2270 2271 2272 2273 2274 2275 2276 2277 2278 2279 2280 2281 2282 2283 2284 2285 2286 2287 2288 2289 2290 2291 2292 2293 2294 2295 2296 2297 2298 2299 2300 2301 2302 2303 2304 2305 2306 2307 2308 2309 2310 2311 2312 2313 2314 2315 2316 2317 2318 2319 2320 2321 2322 2323 2324 2325 2326 2327 2328 2329 2330 2331 2332 2333 2334 2335 2336 2337 2338 2339 2340 2341 2342 2343 2344 2345 2346 2347 2348 2349 2350 2351 2352 2353 2354 2355 2356 2357 2358 2359 2360 2361 2362 2363 2364 2365 2366 2367 2368 2369 2370 2371 2372 2373 2374 2375 2376 2377 2378 2379 2380 2381 2382 2383 2384 2385 2386 2387 2388 2389 2390 2391 2392 2393 2394 2395 2396 2397 2398 2399 2400 2401 2402 2403 2404 2405 2406 2407 2408 2409 2410 2411 2412 2413 2414 2415 2416 2417 2418 2419 2420 2421 2422 2423 2424 2425 2426 2427 2428 2429 2430 2431 2432 2433 2434 2435 2436 2437 2438 2439 2440 2441 2442 2443 2444 2445 2446 2447 2448 2449 2450 2451 2452 2453 2454 2455 2456 2457 2458 2459 2460 2461 2462 2463 2464 2465 2466 2467 2468 2469 2470 2471 2472 2473 2474 2475 2476 2477 2478 2479 2480 2481 2482 2483 2484 2485 2486 2487 2488 2489 2490 2491 2492 2493 2494 2495 2496 2497 2498 2499 2500 2501 2502 2503 2504 2505 2506 2507 2508 2509 2510 2511 2512 2513 2514 2515 2516 2517 2518 2519 2520 2521 2522 2523 2524 2525 2526 2527 2528 2529 2530 2531 2532 2533 2534 2535 2536 2537 2538 2539 2540 2541 2542 2543 2544 2545 2546 2547 2548 2549 2550 2551 2552 2553 2554 2555 2556 2557 2558 2559 2560 2561 2562 2563 2564 2565 2566 2567 2568 2569 2570 2571 2572 2573 2574 2575 2576 2577 2578 2579 2580 2581 2582 2583 2584 2585 2586 2587 2588 2589 2590 2591 2592 2593 2594 2595 2596 2597 2598 2599 2600 2601 2602 2603 2604 2605 2606 2607 2608 2609 2610 2611 2612 2613 2614 2615 2616 2617 2618 2619 2620 2621 2622 2623 2624 2625 2626 2627 2628 2629 2630 2631 2632 2633 2634 2635 2636 2637 2638 2639 2640 2641 2642 2643 2644 2645 2646 2647 2648 2649 2650 2651 2652 2653 2654 2655 2656 2657 2658 2659 2660 2661 2662 2663 2664 2665 2666 2667 2668 2669 2670 2671 2672 2673 2674 2675 2676 2677 2678 2679 2680 2681 2682 2683 2684 2685 2686 2687 2688 2689 2690 2691 2692 2693 2694 2695 2696 2697 2698 2699 2700 2701 2702 2703 2704 2705 2706 2707 2708 2709 2710 2711 2712 2713 2714 2715 2716 2717 2718 2719 2720 2721 2722 2723 2724 2725 2726 2727 2728 2729 2730 2731 2732 2733 2734 2735 2736 2737 2738 2739 2740 2741 2742 2743 2744 2745 2746 2747 2748 2749 2750 2751 2752 2753 2754 2755 2756 2757 2758 2759 2760 2761 2762 2763 2764 2765 2766 2767 2768 2769 2770 2771 2772 2773 2774 2775 2776 2777 2778 2779 2780 2781 2782 2783 2784 2785 2786 2787 2788 2789 2790 2791 2792 2793 2794 2795 2796 2797 2798 2799 2800 2801 2802 2803 2804 2805 2806 2807 2808 2809 2810 2811 2812 2813 2814 2815 2816 2817 2818 2819 2820 2821 2822 2823 2824 2825 2826 2827 2828 2829 2830 2831 2832 2833 2834 2835 2836 2837 2838 2839 2840 2841 2842 2843 2844 2845 2846 2847 2848 2849 2850 2851 2852 2853 2854 2855 2856 2857 2858 2859 2860 2861 2862 2863 2864 2865 2866 2867 2868 2869 2870 2871 2872 2873 2874 2875 2876 2877 2878 2879 2880 2881 2882 2883 2884 2885 2886 2887 2888 2889 2890 2891 2892 2893 2894 2895 2896 2897 2898 2899 2900 2901 2902 2903 2904 2905 2906 2907 2908 2909 2910 2911 2912 2913 2914 2915 2916 2917 2918 2919 2920 2921 2922 2923 2924 2925 2926 2927 2928 2929 2930 2931 2932 2933 2934 2935 2936 2937 2938 2939 2940 2941 2942 2943 2944 2945 2946 2947 2948 2949 2950 2951 2952 2953 2954 2955 2956 2957 2958 2959 2960 2961 2962 2963 2964 2965 2966 2967 2968 2969 2970 2971 2972 2973 2974 2975 2976 2977 2978 2979 2980 2981 2982 2983 2984 2985 2986 2987 2988 2989 2990 2991 2992 2993 2994 2995 2996 2997 2998 2999 3000 3001 3002 3003 3004 3005 3006 3007 3008 3009 3010 3011 3012 3013 3014 3015 3016 3017 3018 3019 3020 3021 3022 3023 3024 3025 3026 3027 3028 3029 3030 3031 3032 3033 3034 3035 3036 3037 3038 3039 3040 3041 3042 3043 3044 3045 3046 3047 3048 3049 3050 3051 3052 3053 3054 3055 3056 3057 3058 3059 3060 3061 3062 3063 3064 3065 3066 3067 3068 3069 3070 3071 3072 3073 3074 3075 3076 3077 3078 3079 3080 3081 3082 3083 3084 3085 3086 3087 3088 3089 3090 3091 3092 3093 3094 3095 3096 3097 3098 3099 3100 3101 3102 3103 3104 3105 3106 3107 3108 3109 3110 3111 3112 3113 3114 3115 3116 3117 3118 3119 3120 3121 3122 3123 3124 3125 3126 3127 3128 3129 3130 3131 3132 3133 3134 3135 3136 3137 3138 3139 3140 3141 3142 3143 3144 3145 3146 3147 3148 3149 3150 3151 3152 3153 3154 3155 3156 3157 3158 3159 3160 3161 3162 3163 3164 3165 3166 3167 3168 3169 3170 3171 3172 3173 3174 3175 3176 3177 3178 3179 3180 3181 3182 3183 3184 3185 3186 3187 3188 3189 3190 3191 3192 3193 3194 3195 3196 3197 3198 3199 3200 3201 3202 3203 3204 3205 3206 3207 3208 3209 3210 3211 3212 3213 3214 3215 3216 3217 3218 3219 3220 3221 3222 3223 3224 3225 3226 3227 3228 3229 3230 3231 3232 3233 3234 3235 3236 3237 3238 3239 3240 3241 3242 3243 3244 3245 3246 3247 3248 3249 3250 3251 3252 3253 3254 3255 3256 3257 3258 3259 3260 3261 3262 3263 3264 3265 3266 3267 3268 3269 3270 3271 3272 3273 3274 3275 3276 3277 3278 3279 3280 3281 3282 3283 3284 3285 3286 3287 3288 3289 3290 3291 3292 3293 3294 3295 3296 3297 3298 3299 3300 3301 3302 3303 3304 3305 3306 3307 3308 3309 3310 3311 3312 3313 3314 3315 3316 3317 3318 3319 3320 3321 3322 3323 3324 3325 3326 3327 3328 3329 3330 3331 3332 3333 3334 3335 3336 3337 3338 3339 3340 3341 3342 3343 3344 3345 3346 3347 3348 3349 3350 3351 3352 3353 3354 3355 3356 3357 3358 3359 3360 3361 3362 3363 3364 3365 3366 3367 3368 3369 3370 3371 3372 3373 3374 3375 3376 3377 3378 3379 3380 3381 3382 3383 3384 3385 3386 3387 3388 3389 3390 3391 3392 3393 3394 3395 3396 3397 3398 3399 3400 3401 3402 3403 3404 3405 3406 3407 3408 3409 3410 3411 3412 3413 3414 3415 3416 3417 3418 3419 3420 3421 3422 3423 3424 3425 3426 3427 3428 3429 3430 3431 3432 3433 3434 3435 3436 3437 3438 3439 3440 3441 3442 3443 3444 3445 3446 3447 3448 3449 3450 3451 3452 3453 3454 3455 3456 3457 3458 3459 3460 3461 3462 3463 3464 3465 3466 3467 3468 3469 3470 3471 3472 3473 3474 3475 3476 3477 3478 3479 3480 3481 3482 3483 3484 3485 3486 3487 3488 3489 3490 3491 3492 3493 3494 3495 3496 3497 3498 3499 3500 3501 3502 3503 3504 3505 3506 3507 3508 3509 3510 3511 3512 3513 3514 3515 3516 3517 3518 3519 3520 3521 3522 3523 3524 3525 3526 3527 3528 3529 3530 3531 3532 3533 3534 3535 3536 3537 3538 3539 3540 3541 3542 3543 3544 3545 3546 3547 3548 3549 3550 3551 3552 3553 3554 3555 3556 3557 3558 3559 3560 3561 3562 3563 3564 3565 3566 3567 3568 3569 3570 3571 3572 3573 3574 3575 3576 3577 3578 3579 3580 3581 3582 3583 3584 3585 3586 3587 3588 3589 3590 3591 3592 3593 3594 3595 3596 3597 3598 3599 3600 3601 3602 3603 3604 3605 3606 3607 3608 3609 3610 3611 3612 3613 3614 3615 3616 3617 3618 3619 3620 3621 3622 3623 3624 3625 3626 3627 3628 3629 3630 3631 3632 3633 3634 3635 3636 3637 3638 3639 3640 3641 3642 3643 3644 3645 3646 3647 3648 3649 3650 3651 3652 3653 3654 3655 3656 3657 3658 3659 3660 3661 3662 3663 6558 3664 3665 3666 3667 3668 3669 3670 3671 3672 3673 3674 3675 3676 3677 3678 3679 3680 3681 3682 3683 3684 3685 3686 3687 3688 3689 3690 3691 3692 3693 3694 3695 3696 3697 3698 3699 3700 3701 3702 3703 3704 3705 3706 3707 3708 3709 3710 3711 3712 3713 3714 3715 3716 3717 3718 3720 3721 3722 3723 3724 3725 3726 3727 3728 3729 3730 3731 3732 3733 3734 3735 3736 3737 3738 3739 3740 3741 3742 3743 3744 3745 3746 3747 3748 3749 3750 3751 3752 3753 3754 3755 3756 3757 3758 3759 3760 3761 3762 3763 3764 3765 3766 3767 3768 3769 3770 3771 3772 3773 3774 3775 3776 3777 3778 3779 3780 3781 3782 3783 3784 3785 3786 3787 3788 3789 3790 3791 3792 3793 3794 3795 3796 3797 3798 3799 3800 3801 3802 3803 3804 3805 3806 3807 3808 3809 3810 3811 3812 3813 3814 3815 3816 3817 3818 3819 3820 3821 3822 3823 3824 3825 3826 3827 3828 3829 3830 3831 3832 3833 3834 3835 3836 3837 3838 3839 3840 3841 3842 3843 3844 3845 3846 3847 3848 3849 3850 3851 3852 3853 3854 3855 3856 3857 3858 3859 3860 3861 3862 3863 3864 3865 3866 3867 3868 3869 3870 3871 3872 3873 3874 3875 3876 3877 3878 3879 3880 3881 3882 3883 3884 3885 3886 3887 3888 3889 3890 3891 3892 3893 3894 3895 3896 3897 3898 3899 3900 3901 3902 3903 3904 3905 3906 3907 3908 3909 3910 3911 3912 3913 3914 3915 3916 3917 3918 3919 3920 3921 3922 3923 3924 3925 3926 3927 3928 3929 3930 3931 3932 3933 3934 3935 3936 3937 3938 3939 3940 3941 3942 3943 3944 3945 3946 3947 3948 3949 3950 3951 3952 3953 3954 3955 3956 3957 3958 3959 3960 3961 3962 3963 3964 3965 3966 3967 3968 3969 3970 3971 3972 3973 3974 3975 3976 3977 3978 3979 3980 3981 3982 3983 3984 3985 3986 3987 3988 3989 3990 3991 3992 3993 3994 3995 3996 3997 3998 3999 4000 4001 4002 4003 4004 4005 4006 4007 4008 4009 4010 4011 4012 4013 4014 4015 4016 4017 4018 4019 4020 4021 4022 4023 4024 4025 4026 4027 4028 4029 4030 4031 4032 4033 4034 4035 4036 4037 4038 4039 4040 4041 4042 4043 4044 4045 4046 4047 4048 4049 4050 4051 4052 4053 4054 4055 4056 4057 4058 4059 4060 4061 4062 4063 4064 4065 4066 4067 4068 4069 4070 4071 4072 4073 4074 4075 4076 4077 4078 4079 4080 4081 4082 4083 4084 4085 4086 4087 4088 4089 4090 4091 4092 4093 4094 4095 4096 4097 4098 4099 4100 4101 4102 4103 4104 4105 4106 4107 4108 4109 4110 4111 4112 4113 4114 4115 4116 4117 4118 4119 4120 4121 4122 4123 4124 4125 4126 4127 4128 4129 4130 4131 4132 4133 4134 4135 4136 4137 4138 4139 4140 4141 4142 4143 4144 4145 4146 4147 4148 4149 4150 4151 4152 4153 4154 4155 4156 4157 4158 4159 4160 4161 4162 4163 4164 4165 4166 4167 4168 4169 4170 4171 4172 4173 4174 4175 4176 4177 4178 4179 4180 4181 4182 4183 4184 4185 4186 4187 4188 4189 4190 4191 4192 4193 4194 4195 4196 4197 4198 4199 4200 4201 4202 4203 4204 4205 4206 4207 4208 4209 4210 4211 4212 4213 4214 4215 4216 4217 4218 4219 4220 4221 4222 4223 4224 4225 4226 4227 4228 4229 4230 4231 4232 4233 4234 4235 4236 4237 4238 4239 4240 4241 4242 4243 4244 4245 4246 4247 4248 4249 4250 4251 4252 4253 4254 4255 4256 4257 4258 4259 4260 4261 4262 4263 4264 4265 4266 4267 4268 4269 4270 4271 4272 4273 4274 4275 4276 4277 4278 4279 4280 4281 4282 4283 4284 4285 4286 4287 4288 4289 4290 4291 4292 4293 4294 4295 4296 4297 4298 4299 4300 4301 4302 4303 4304 4305 4306 4307 4308 4309 4310 4311 4312 4313 4314 4315 4316 4317 4318 4319 4320 4321 4322 4323 4324 4325 4326 4327 4328 4329 4330 4331 4332 4333 4334 4335 4336 4337 4338 4339 4340 4341 4342 4343 4344 4345 4346 4347 4348 4349 4350 4351 4352 4353 4354 4355 4356 4357 4358 4359 4360 4361 4362 4363 4364 4365 4366 4367 4368 4369 4370 4371 4372 4373 4374 4375 4376 4377 4378 4379 4380 4381 4382 4383 4384 4385 4386 4387 4388 4389 4390 4391 4392 4393 4394 4395 4396 4397 4398 4399 4400 4401 4402 4403 4404 4405 4406 4407 4408 4409 4410 4411 4412 4413 4414 4415 4416 4417 4418 4419 4420 4421 4422 4423 4424 4425 4426 4427 4428 4429 4430 4431 4432 4433 4434 4435 4436 4437 4438 4439 4440 4441 4442 4443 4444 4445 4446 4447 4448 4449 4450 4451 4452 4453 4454 4455 4456 4457 4458 4459 4460 4461 4462 4463 4464 4465 4466 4467 4468 4469 4470 4471 4472 4473 4474 4475 4476 4477 4478 4479 4480 4481 4482 4483 4484 4485 4486 4487 4488 4489 4490 4491 4492 4493 4494 4495 4496 4497 4498 4499 4500 4501 4502 4503 4504 4505 4506 4507 4508 4509 4510 4511 4512 4513 4514 4515 4516 4517 4518 4519 4520 4521 4522 4523 4524 4525 4526 4527 4528 4529 4530 4531 4532 4533 4534 4535 4536 4537 4538 4539 4540 4541 4542 4543 4544 4545 4546 4547 4548 4549 4550 4551 4552 4553 4554 4555 4556 4557 4558 4559 4560 4561 4562 4563 4564 4565 4566 4567 4568 4569 4570 4571 4572 4573 4574 4575 4576 4577 4578 4579 4580 4581 4582 4583 4584 4585 4586 4587 4588 4589 4590 4591 4592 4593 4594 4595 4596 4597 4598 4599 4600 4601 4602 4603 4604 4605 4606 4607 4608 4609 4610 4611 4612 4613 4614 4615 4616 4617 4618 4619 4620 4621 4622 4623 4624 4625 4626 4627 4628 4629 4630 4631 4632 4633 4634 4635 4636 4637 4638 4639 4640 4641 4642 4643 4644 4645 4646 4647 4648 4649 4650 4651 4652 4653 4654 4655 4656 4657 4658 4659 4660 4661 4662 4663 4664 4665 4666 4667 4668 4669 4670 4671 4672 4673 4674 4675 4676 4677 4678 4679 4680 4681 4682 4683 4684 4685 4686 4687 4688 4689 4690 4691 4692 4693 4694 4695 4696 4697 4698 4699 4700 4701 4702 4703 4704 4705 4706 4707 4708 4709 4710 4711 4712 4713 4714 4715 4716 4717 4718 4719 4720 4721 4722 4723 4724 4725 4726 4727 4728 4729 4730 4731 4732 4733 4734 4735 4736 4737 4738 4739 4740 4741 4742 4743 4744 4745 4746 4747 4748 4749 4750 4751 4752 4753 4754 4755 4756 4757 4758 4759 4760 4761 4762 4763 4764 4765 4766 4767 4768 4769 4770 4771 4772 4773 4774 4775 4776 4777 4778 4779 4780 4781 4782 4783 4784 4785 4786 4787 4788 4789 4790 4791 4792 4793 4794 4795 4796 4797 4798 4799 4800 4801 4802 4803 4804 4805 4806 4807 4808 4809 4810 4811 4812 4813 4814 4815 4816 4817 4818 4819 4820 4821 4822 4823 4824 4825 4826 4827 4828 4829 4830 4831 4832 4833 4834 4835 4836 4837 4838 4839 4840 4841 4842 4843 4844 4845 4846 4847 4848 4849 4850 4851 4852 4853 4854 4855 4856 4857 4858 4859 4860 4861 4862 4863 4864 4865 4866 4867 4868 4869 4870 4871 4872 4873 4874 4875 4876 4877 4878 4879 4880 4881 4882 4883 4884 4885 4886 4887 4888 4889 4890 4891 4892 4893 4894 4895 4896 4897 4898 4899 4900 4901 4902 4903 4904 4905 4906 4907 4908 4909 4910 4911 4912 4913 4914 4915 4916 4917 4918 4919 4920 4921 4922 4923 4924 4925 4926 4927 4928 4929 4930 4931 4932 4933 4934 4935 4936 4937 4938 4939 4940 4941 4942 4943 4944 4945 4946 4947 4948 4949 4950 4951 4952 4953 4954 4955 4956 4957 4958 4959 4960 4961 4962 4963 4964 4965 4966 4967 4968 4969 4970 4971 4972 4973 4974 4975 4976 4977 4978 4979 4980 4981 4982 4983 4984 4985 4986 4987 4988 4989 4990 4991 4992 4993 4994 4995 4996 4997 4998 4999 5000 5001 5002 5003 5004 5005 5006 5007 5008 5009 5010 5011 5012 5013 5014 5015 5016 5017 5018 5019 5020 5021 5022 5023 5024 5025 5026 5027 5028 5029 5030 5031 5032 5033 5034 5035 5036 5037 5038 5039 5040 5041 5042 5043 5044 5045 5046 5047 5048 5049 5050 5051 5052 5053 5054 5055 5056 5057 5058 5059 5060 5061 5062 5063 5064 5065 5066 5067 5068 5069 5070 5071 5072 5073 5074 5075 5076 5077 5078 5079 5080 5081 5082 5083 5084 5085 5086 5087 5088 5089 5090 5091 5092 5093 5094 5095 5096 5097 5098 5099 5100 5101 5102 5103 5104 5105 5106 5107 5108 5109 5110 5111 5112 5113 5114 5115 5116 5117 5118 5119 5120 5121 5122 5123 5124 5125 5126 5127 5128 5129 5130 5131 5132 5133 5134 5135 5136 5137 5138 5139 5140 5141 5142 5143 5144 5145 5146 5147 5148 5149 5150 5151 5152 5153 5154 5155 5156 5157 5158 5159 5160 5161 5162 5163 5164 5165 5166 5167 5168 5169 5170 5171 5172 5173 5174 5175 5176 5177 5178 5179 5180 5181 5182 5183 5184 5185 5186 5187 5188 5189 5190 5191 5192 5193 5194 5195 5196 5197 5198 5199 5200 5201 5202 5203 5204 5205 5206 5207 5208 5209 5210 5211 5212 5213 5214 5215 5216 5217 5218 5219 5220 5221 5222 5223 5224 5225 5226 5227 5228 5229 5230 5231 5232 5233 5234 5235 5236 5237 5238 5239 5240 5241 5242 5243 5244 5245 5246 5247 5248 5249 5250 5251 5252 5253 5254 5255 5256 5257 5258 5259 5260 5261 5262 5263 5264 5265 5266 5267 5268 5269 5270 5271 5272 5273 5274 5275 5276 5277 5278 5279 5280 5281 5282 5283 5284 5285 5286 5287 5288 5289 5290 5291 5292 5293 5294 5295 5296 5297 5298 5299 5300 5301 5302 5303 5304 5305 5306 5307 5308 5309 5310 5311 5312 5313 5314 5315 5316 5317 5318 5319 5320 5321 5322 5323 5324 5325 5326 5327 5328 5329 5330 5331 5332 5333 5334 5335 5336 5337 5338 5339 5340 5341 5342 5343 5344 5345 5346 5347 5348 5349 5350 5351 5352 5353 5354 5355 5356 5357 5358 5359 5360 5361 5362 5363 5364 5365 5366 5367 5368 5369 5370 5371 5372 5373 5374 5375 5376 5377 5378 5379 5380 5381 5382 5383 5384 5385 5386 5387 5388 5389 5390 5391 5392 5393 5394 5395 5396 5397 5398 5399 5400 5401 5402 5403 5404 5405 5406 5407 5408 5409 5410 5411 5412 5413 5414 5415 5416 5417 5418 5419 5420 5421 5422 5423 5424 5425 5426 5427 5428 5429 5430 5431 5432 5433 5434 5435 5436 5437 5438 5439 5440 5441 5442 5443 5444 5445 5446 5447 5448 5449 5450 5451 5452 5453 5454 5455 5456 5457 5458 5459 5460 5461 5462 5463 5464 5465 5466 5467 5468 5469 5470 5471 5472 5473 5474 5475 5476 5477 5478 5479 5480 5481 5482 5483 5484 5485 5486 5487 5488 5489 5490 5491 5492 5493 5494 5495 5496 5497 5498 5499 5500 5501 5502 5503 5504 5505 5506 5507 5508 5509 5510 5511 5512 5513 5514 5515 5516 5517 5518 5519 5520 5521 5522 5523 5524 5525 5526 5527 5528 5529 5530 5531 5532 5533 5534 5535 5536 5537 5538 5539 5540 5541 5542 5543 5544 5545 5546 5547 5548 5549 5550 5551 5552 5553 5554 5555 5556 5557 5558 5559 5560 5561 5562 5563 5564 5565 5566 5567 5568 5569 5570 5571 5572 5573 5574 5575 5576 5577 5578 5579 5580 5581 5582 5583 5584 5585 5586 5587 5588 5589 5590 5591 5592 5593 5594 5595 5596 5597 5598 5599 5600 5601 5602 5603 5604 5605 5606 5607 5608 5609 5610 5611 5612 5613 5614 5615 5616 5617 5618 5619 5620 5621 5622 5623 5624 5625 5626 5627 5628 5629 5630 5631 5632 5633 5634 5635 5636 5637 5638 5639 5640 5641 5642 5643 5644 5645 5646 5647 5648 5649 5650 5651 5652 5653 5654 5655 5656 5657 5658 5659 5660 5661 5662 5663 5664 5665 5666 5667 5668 5669 5670 5671 5672 5673 5674 5675 5676 5677 5678 5679 5680 5681 5682 5683 5684 5685 5686 5687 5688 5689 5690 5691 5692 5693 5694 5695 5696 5697 5698 5699 5700 5701 5702 5703 5704 5705 5706 5707 5708 5709 5710 5711 5712 5713 5714 5715 5716 5717 5718 5719 5720 5721 5722 5723 5724 5725 5726 5727 5728 5729 5730 5731 5732 5733 5734 5735 5736 5737 5738 5739 5740 5741 5742 5743 5744 5745 5746 5747 5748 5749 5750 5751 5752 5753 5754 5755 5756 5757 5758 5759 5760 5761 5762 5763 5764 5765 5766 5767 5768 5769 5770 5771 5772 5773 5774 5775 5776 5777 5778 5779 5780 5781 5782 5783 5784 5785 5786 5787 5788 5789 5790 5791 5792 5793 5794 5795 5796 5797 5798 5799 5800 5801 5802 5803 5804 5805 5806 5807 5808 5809 5810 5811 5812 5813 5814 5815 5816 5817 5818 5819 5820 5821 5822 5823 5824 5825 5826 5827 5828 5829 5830 5831 5832 5833 5834 5835 5836 5837 5838 5839 5840 5841 5842 5843 5844 5845 5846 5847 5848 5849 5850 5851 5852 5853 5854 5855 5856 5857 5858 5859 5860 5861 5862 5863 5864 5865 5866 5867 5868 5869 5870 5871 5872 5873 5874 5875 5876 5877 5878 5879 5880 5881 5882 5883 5884 5885 5886 5887 5888 5889 5890 5891 5892 5893 5894 5895 5896 5897 5898 5899 5900 5901 5902 5903 5904 5905 5906 5907 5908 5909 5910 5911 5912 5913 5914 5915 5916 5917 5918 5919 5920 5921 5922 5923 5924 5925 5926 5927 5928 5929 5930 5931 5932 5933 5934 5935 5936 5937 5938 5939 5940 5941 5942 5943 5944 5945 5946 5947 5948 5949 5950 5951 5952 5953 5954 5955 5956 5957 5958 5959 5960 5961 5962 5963 5964 5965 5966 5967 5968 5969 5970 5971 5972 5973 5974 5975 5976 5977 5978 5979 5980 5981 5982 5983 5984 5985 5986 5987 5988 5989 5990 5991 5992 5993 5994 5995 5996 5997 5998 5999 6000 6001 6002 6003 6004 6005 6006 6007 6008 6009 6010 6011 6012 6013 6014 6015 6016 6017 6018 6019 6020 6021 6022 6023 6024 6025 6026 6027 6028 6029 6030 6031 6032 6033 6034 6035 6036 6037 6038 6039 6040 6041 6042 6043 6044 6045 6046 6047 6048 6049 6050 6051 6052 6053 6054 6055 6056 6057 6058 6059 6060 6061 6062 6063 6064 6065 6066 6067 6068 6069 6070 6071 6072 6073 6074 6075 6076 6077 6078 6079 6080 6081 6082 6083 6084 6085 6086 6087 6088 6089 6090 6091 6092 6093 6094 6095 6096 6097 6098 6099 6100 6101 6102 6103 6104 6105 6106 6107 6108 6109 6110 6111 6112 6113 6114 6115 6116 6117 6118 6119 6120 6121 6122 6123 6124 6125 6126 6127 6128 6129 6130 6131 6132 6133 6134 6135 6136 6137 6138 6139 6140 6141 6142 6143 6144 6145 6146 6147 6148 6149 6150 6151 6152 6153 6154 6155 6156 6157 6158 6159 6160 6161 6162 6163 6164 6165 6166 6167 6168 6169 6170 6171 6172 6173 6174 6175 6176 6177 6178 6179 6180 6181 6182 6183 6184 6185 6186 6187 6188 6189 6190 6191 6192 6193 6194 6195 6196 6197 6198 6199 6200 6201 6202 6203 6204 6205 6206 6207 6208 6209 6210 6211 6212 6213 6214 6215 6216 6217 6218 6219 6220 6221 6222 6223 6224 6225 6226 6227 6228 6229 6230 6231 6232 6233 6234 6235 6236 6237 6238 6239 6240 6241 6242 6243 6244 6546 6245 6246 6247 6248 6249 6250 6251 6252 6253 6254 6255 6256 6257 6258 6259 6260 6261 6262 6263 6264 6265 6547 6266 6267 6268 6269 6270 6271 6272 6273 6274 6275 6276 6277 6278 6279 6280 6281 6282 6283 6284 6285 6286 6287 6288 6289 6290 6291 6292 6293 6294 6295 6296 6297 6298 6299 6300 6301 6302 6303 6304 6305 6306 6307 6308 6309 6310 6311 6312 6313 6314 6315 6316 6317 6318 6319 6320 6321 6322 6323 6324 6325 6326 6327 6328 6329 6330 6331 6332 6333 6334 6335 6336 6337 6338 6339 6340 6341 6342 6343 6344 6345 6346 6347 6348 6349 6350 6351 6352 6353 6354 6355 6356 6357 6358 6359 6360 6361 6362 6363 6364 6365 6366 6367 6368 6369 6370 6371 6372 6373 6374 6375 6376 6377 6378 6379 6380 6381 6382 6383 6384 6385 6386 6387 6388 6389 6390 6391 6392 6393 6394 6395 6396 6397 6398 6399 6400 6401 6402 6403 6404 6405 6406 6407 6408 6409 6410 6411 6412 6413 6414 6415 6416 6417 6418 6419 6420 6421 6422 6423 6424 6425 6426 6427 6428 6429 6430 6431 6432 6433 6434 6435 6436 6437 6438 6439 6440 6441 6442 6443 6444 6445 6446 6447 6448 6449 6450 6451 6452 6453 6454 6455 6456 6457 6458 6459 6460 6461 6462 6463 6464 6465 6466 6467 6468 6469 6470 6471 6472 6473 6474 6475 6476 6477 6478 6479 6480 6481 6482 6483 6484 6485 6486 6487 6488 6489 6490 6491 6492 6493 6494 6495 6496 6497 6498 6499 6500 6501 6502 6503 6504 6505 6506 6507 6508 6509 6510 6511 6512 6513 6514 6515 6516 6517 6518 6519 6520 6521 6522 6523 6524 6525 6526 6527 6528 6529 6530 6531 6532 6533 6534 6535 6536 6537 6538 6539 6540 6541 6542 6543 6544
Population went extinct at generation 73297
