// Initial random seed:
2737949006643

// RunInitializeCallbacks():
initializeSLiMModelType(modelType = 'nonWF');
initializeMutationType(1, 0.5, "f", 0);
initializeMutationType(2, 0.5, "g", -0.05, 0.5);
initializeMutationType(3, 0.5, "e", 0.001);
initializeGenomicElementType(1, c(m1, m2, m3), c(0, 0.99, 0.01));
initializeGenomicElement(g1, 0, 5000000);
initializeMutationRate(1e-07);
initializeRecombinationRate(1e-06);

// Starting run at tick <start>:
1 

WARNING: Population near extinction at generation 79752 with 4 individuals
#OUT: 79752 79752 A
Version: 4
Populations:
p1 4 H
Mutations:
9 8019 m3 14650 0.0015575618 0.5 p1 10 8
2050 21472 m3 3191666 0.000240576861 0.5 p1 25 8
2591 23794 m2 4118253 -0.000201883857 0.5 p1 28 8
1545 28844 m2 2411295 -2.04792286e-05 0.5 p1 34 8
2515 50158 m2 3987302 -0.000173102482 0.5 p1 60 8
2657 150000 m2 4215795 -0.00155279483 0.5 p1 193 8
1365 151889 m2 2136797 -4.24373326e-07 0.5 p1 195 8
1010 155883 m2 1602765 -0.00066152541 0.5 p1 201 8
870 164727 m2 1392145 -0.000426008191 0.5 p1 214 8
1718 178389 m2 2660265 -5.95920865e-05 0.5 p1 233 8
1451 203483 m2 2291309 -0.000647522393 0.5 p1 269 8
904 290867 m2 1436621 -0.000394132425 0.5 p1 396 8
2873 312984 m3 4564326 0.00215061428 0.5 p1 428 8
2564 328121 m3 4073509 9.27366127e-05 0.5 p1 451 8
2868 349547 m2 4554350 -0.000874613237 0.5 p1 482 8
1583 395610 m2 2460669 -0.000495181419 0.5 p1 549 8
2961 398093 m3 4706870 0.000224657197 0.5 p1 553 8
1593 444175 m2 2475737 -0.000237259694 0.5 p1 620 8
1660 463672 m2 2574901 -0.000355351076 0.5 p1 648 8
1265 503661 m2 1989387 -0.000792962383 0.5 p1 707 8
968 552778 m3 1529626 0.00132114685 0.5 p1 779 8
1894 570820 m2 2933870 -0.000240804744 0.5 p1 806 8
1482 582004 m2 2334113 -0.00174487941 0.5 p1 822 8
2099 609428 m2 3273794 -0.000424937723 0.5 p1 863 8
1942 635366 m2 3029931 -5.05217104e-05 0.5 p1 902 8
1396 646200 m3 2201204 0.00143938221 0.5 p1 918 8
2774 679903 m2 4408441 -0.000233639279 0.5 p1 970 8
2618 696496 m3 4165842 0.00465619843 0.5 p1 994 8
1044 702880 m2 1660030 -0.000607264286 0.5 p1 1004 8
2560 769361 m2 4060877 -2.47232383e-05 0.5 p1 1104 8
2632 769706 m3 4184264 0.00132499379 0.5 p1 1104 8
742 819192 m2 1185375 -0.000838236418 0.5 p1 1180 8
852 820157 m2 1373764 -0.00105719524 0.5 p1 1181 8
2110 843616 m2 3289980 -0.000772795465 0.5 p1 1217 8
2970 855359 m2 4718409 -0.000238321343 0.5 p1 1235 8
2196 857988 m2 3435941 -0.000369583693 0.5 p1 1238 8
2701 864429 m3 4287657 0.00393625069 0.5 p1 1248 8
1619 890275 m2 2511257 -0.000808102079 0.5 p1 1287 8
2285 905014 m2 3574914 -0.000609025708 0.5 p1 1310 8
1627 920159 m3 2535157 0.00447441358 0.5 p1 1333 8
2713 952976 m3 4308095 0.000851111428 0.5 p1 1382 8
288 989043 m2 462065 -2.59298959e-05 0.5 p1 1437 8
1807 1052580 m2 2797793 -0.000999937882 0.5 p1 1534 8
1309 1059901 m2 2052519 -0.000566210423 0.5 p1 1545 8
128 1133692 m2 204218 -0.00098909426 0.5 p1 1659 8
2482 1148941 m2 3936925 -0.00081159838 0.5 p1 1682 8
1421 1172195 m2 2240709 -3.61082894e-05 0.5 p1 1718 8
1489 1200195 m2 2343877 -0.000220259259 0.5 p1 1762 8
167 1202782 m2 264985 -6.54688483e-05 0.5 p1 1766 8
920 1213799 m2 1460623 -0.000220037953 0.5 p1 1783 8
477 1233773 m2 785202 -0.00028570593 0.5 p1 1814 8
2644 1244896 m2 4201731 -0.00115418085 0.5 p1 1831 8
710 1281459 m2 1139771 -0.00112038804 0.5 p1 1889 8
994 1288138 m2 1578463 -3.80623715e-05 0.5 p1 1900 8
1353 1333240 m2 2118492 -0.000484811753 0.5 p1 1969 8
1935 1381538 m2 3011250 -0.000461727381 0.5 p1 2044 8
952 1410199 m2 1508654 -0.000421684876 0.5 p1 2089 8
1324 1435471 m2 2084004 -1.15938074e-05 0.5 p1 2129 8
2557 1437043 m3 4059498 0.00103904377 0.5 p1 2132 8
2039 1454245 m2 3168767 -5.47125182e-06 0.5 p1 2159 8
1244 1457503 m2 1959978 -0.000476374436 0.5 p1 2165 8
2691 1461203 m2 4264110 -0.00161018339 0.5 p1 2170 8
1886 1498457 m2 2925375 -0.00271581137 0.5 p1 2230 8
2814 1539115 m2 4472887 -1.25842789e-05 0.5 p1 2292 8
87 1665650 m3 138976 0.00317865331 0.5 p1 2488 8
607 1669992 m2 977319 -1.29440095e-05 0.5 p1 2495 8
3027 1682004 m2 4797505 -0.000804648502 0.5 p1 2513 8
3108 1694877 m2 4927821 -0.000420474127 0.5 p1 2533 8
59 1726459 m2 96622 -0.000386782893 0.5 p1 2581 8
2355 1763708 m3 3726505 0.000728223706 0.5 p1 2639 8
1266 1790522 m2 1991537 -1.04499977e-05 0.5 p1 2681 8
13 1805321 m2 18989 -0.00122960599 0.5 p1 2703 8
2526 1822930 m2 4018137 -2.34586551e-05 0.5 p1 2730 8
2536 1830432 m3 4029972 0.00246308628 0.5 p1 2741 8
1388 1844863 m2 2190490 -0.000451788685 0.5 p1 2764 8
102 1868570 m2 160256 -0.000794382242 0.5 p1 2800 8
2071 1880675 m2 3222918 -9.60392354e-05 0.5 p1 2819 8
2573 1884930 m3 4091918 0.00126750011 0.5 p1 2826 8
2978 1937978 m2 4732893 -0.000511256454 0.5 p1 2907 8
2228 1950344 m2 3491415 -0.000157550297 0.5 p1 2926 8
986 1961127 m2 1564682 -5.49260294e-05 0.5 p1 2943 8
1711 1973192 m3 2648080 0.00252556917 0.5 p1 2962 8
740 1997309 m2 1183461 -0.000317238097 0.5 p1 2999 8
2352 2006132 m2 3717304 -0.000699412893 0.5 p1 3012 8
2898 2033807 m2 4610919 -0.000729486928 0.5 p1 3055 8
2872 2054908 m2 4563448 -0.00123734202 0.5 p1 3088 8
1998 2119351 m2 3125741 -0.000149517509 0.5 p1 3189 8
631 2158111 m2 1022477 -0.000808360754 0.5 p1 3248 8
2521 2176779 m2 4001440 -0.00320839812 0.5 p1 3277 8
1781 2181799 m3 2754982 0.000187870377 0.5 p1 3285 8
1360 2191604 m2 2127054 -0.000917998783 0.5 p1 3300 8
979 2204886 m2 1553631 -0.000469327439 0.5 p1 3320 8
2685 2208525 m3 4254543 0.00241362187 0.5 p1 3325 8
436 2223571 m2 717121 -3.13664568e-05 0.5 p1 3349 8
2966 2247913 m2 4713770 -0.000156378679 0.5 p1 3387 8
1661 2266727 m2 2576423 -0.000571146025 0.5 p1 3416 8
29 2274008 m2 45357 -0.000338287908 0.5 p1 3428 8
12 2277406 m2 15466 -0.000382316735 0.5 p1 3433 8
171 2279164 m2 276587 -0.000301965774 0.5 p1 3435 8
4 2319586 m2 7813 -0.000197730595 0.5 p1 3497 8
2925 2330392 m2 4650889 -3.77843062e-05 0.5 p1 3514 8
3037 2351164 m2 4821157 -0.000441925396 0.5 p1 3546 8
2839 2354379 m2 4512692 -0.00105771865 0.5 p1 3551 8
1880 2360670 m2 2914530 -0.00100998965 0.5 p1 3561 8
273 2387836 m2 442059 -0.000126813262 0.5 p1 3603 8
1217 2398346 m3 1912964 0.00666230079 0.5 p1 3619 8
2317 2405358 m2 3645172 -1.01377891e-05 0.5 p1 3630 8
1618 2406536 m2 2508128 -0.00144043972 0.5 p1 3632 8
1959 2420286 m2 3059761 -0.000529070559 0.5 p1 3653 8
2438 2519737 m2 3858358 -3.72526774e-05 0.5 p1 3807 8
1159 2525043 m2 1823440 -7.10519889e-05 0.5 p1 3815 8
1288 2552334 m2 2017644 -0.000226291129 0.5 p1 3857 8
780 2552997 m3 1268256 0.00156225753 0.5 p1 3858 8
2531 2573807 m2 4022237 -0.000745508238 0.5 p1 3891 8
668 2573865 m2 1065615 -0.000310064061 0.5 p1 3891 8
1755 2580844 m3 2712880 0.000731272914 0.5 p1 3902 8
1971 2592442 m2 3073999 -8.54733389e-06 0.5 p1 3921 8
825 2613993 m2 1330943 -0.000526809599 0.5 p1 3955 8
1084 2657087 m2 1711104 -0.000437405601 0.5 p1 4023 8
1057 2696054 m2 1670902 -0.00179123715 0.5 p1 4084 8
2722 2701082 m2 4332708 -0.000313113793 0.5 p1 4091 8
2948 2702521 m2 4688812 -0.00108507613 0.5 p1 4094 8
3014 2754620 m2 4781483 -0.000256460917 0.5 p1 4174 8
168 2834515 m2 268036 -1.09417075e-09 0.5 p1 4299 8
1339 2841596 m3 2096871 0.00190759881 0.5 p1 4310 8
2310 2850706 m2 3626932 -0.000106599793 0.5 p1 4324 8
203 2861188 m2 335634 -1.28736556e-05 0.5 p1 4340 8
1060 2877875 m2 1675712 -0.000354739401 0.5 p1 4367 8
2091 2971662 m2 3251218 -9.07538051e-05 0.5 p1 4514 8
2865 3023675 m2 4550555 -2.56366438e-05 0.5 p1 4594 8
1083 3029308 m2 1709281 -0.00127714488 0.5 p1 4603 8
2239 3029593 m2 3507798 -0.00139104528 0.5 p1 4603 8
542 3034048 m2 887142 -0.000407961779 0.5 p1 4610 8
2731 3037910 m2 4345898 -7.12342739e-07 0.5 p1 4617 8
620 3083727 m2 998967 -0.000318532082 0.5 p1 4687 8
2546 3115123 m3 4040803 0.000410260196 0.5 p1 4737 8
841 3146578 m2 1359853 -9.39837506e-08 0.5 p1 4786 8
1707 3148357 m2 2640741 -0.00060903345 0.5 p1 4789 8
2057 3193675 m2 3205570 -0.000237129367 0.5 p1 4862 8
1251 3202499 m3 1964885 0.000107523156 0.5 p1 4876 8
1787 3217324 m2 2767809 -0.000678744109 0.5 p1 4899 8
154 3236955 m2 242889 -1.95854063e-05 0.5 p1 4930 8
471 3239557 m2 775386 -0.000554451952 0.5 p1 4935 8
2547 3333946 m2 4041788 -0.000224975971 0.5 p1 5082 8
783 3347449 m2 1276548 -8.87471924e-06 0.5 p1 5103 8
2060 3355580 m2 3207314 -0.00143672584 0.5 p1 5115 8
1861 3366776 m2 2874964 -0.00268519553 0.5 p1 5133 8
944 3389191 m2 1496283 -0.000117448937 0.5 p1 5168 8
2723 3389398 m2 4332835 -0.000560097222 0.5 p1 5169 8
2062 3395264 m3 3211508 0.00207211939 0.5 p1 5178 8
698 3432859 m2 1124716 -0.000105925261 0.5 p1 5237 8
824 3437715 m2 1329548 -0.000650066126 0.5 p1 5244 8
118 3455176 m2 176583 -0.000143977959 0.5 p1 5271 8
2190 3458774 m2 3428198 -6.19912544e-06 0.5 p1 5277 8
2576 3460046 m2 4093820 -8.85551999e-05 0.5 p1 5279 8
2229 3461796 m2 3494264 -0.0010095156 0.5 p1 5281 8
51 3505409 m2 73970 -1.96027395e-05 0.5 p1 5349 8
80 3531569 m2 130315 -0.000928155961 0.5 p1 5390 8
1753 3547586 m2 2710059 -5.45134208e-05 0.5 p1 5414 8
837 3547636 m2 1349765 -1.02611475e-05 0.5 p1 5415 8
1493 3562265 m2 2349318 -0.000731539389 0.5 p1 5437 8
251 3576977 m2 413461 -6.67724044e-06 0.5 p1 5460 8
1464 3587653 m2 2309603 -2.85534807e-05 0.5 p1 5477 8
1432 3596333 m2 2264606 -1.05111658e-05 0.5 p1 5491 8
213 3608779 m2 350244 -0.000352349161 0.5 p1 5511 8
1993 3612461 m2 3118319 -4.38748175e-05 0.5 p1 5516 8
2684 3641767 m2 4253802 -0.000358384044 0.5 p1 5563 8
1820 3660124 m2 2822826 -0.000349996379 0.5 p1 5592 8
1202 3705654 m3 1890532 0.000667502172 0.5 p1 5664 8
547 3735629 m2 890928 -7.37139053e-05 0.5 p1 5711 8
937 3755043 m2 1477645 -0.000771983294 0.5 p1 5741 8
1633 3797379 m2 2544317 -0.00266817794 0.5 p1 5808 8
763 3839019 m2 1219683 -0.000415280898 0.5 p1 5872 8
1075 3866397 m2 1702748 -0.0018629753 0.5 p1 5915 8
368 3874560 m3 587133 6.20596838e-05 0.5 p1 5928 8
2953 3898332 m2 4700194 -4.18539057e-05 0.5 p1 5965 8
1570 3914480 m2 2436398 -1.18773605e-05 0.5 p1 5991 8
1625 3944760 m2 2528064 -0.00224991702 0.5 p1 6038 8
18 3946465 m3 26338 0.000391882757 0.5 p1 6041 8
1000 3953204 m2 1587100 -0.00164249202 0.5 p1 6052 8
865 3959790 m2 1388513 -0.000740346441 0.5 p1 6062 8
1770 3962896 m2 2740280 -0.000397967757 0.5 p1 6067 8
2428 3974567 m2 3845977 -0.00017410623 0.5 p1 6086 8
778 3981717 m2 1259821 -9.28209847e-05 0.5 p1 6097 8
2864 4114553 m2 4550393 -0.000149282947 0.5 p1 6309 8
2820 4129557 m2 4480847 -0.00252932496 0.5 p1 6332 8
789 4131138 m2 1284156 -0.00119406113 0.5 p1 6335 8
1121 4132908 m2 1770033 -0.00263983454 0.5 p1 6338 8
928 4150659 m2 1466460 -3.49173638e-06 0.5 p1 6367 8
3128 4151002 m2 4968543 -0.000573144702 0.5 p1 6367 8
2478 4174442 m2 3934627 -0.000184584496 0.5 p1 6404 8
565 4235794 m2 914350 -0.000131530469 0.5 p1 6503 8
3012 4248903 m2 4779560 -0.000969455694 0.5 p1 6524 8
3000 4290134 m2 4766279 -0.000193589804 0.5 p1 6589 8
851 4297330 m2 1373644 -0.000408751454 0.5 p1 6601 8
2597 4301117 m3 4130325 0.00107625511 0.5 p1 6607 8
2395 4321506 m2 3791419 -0.00226460537 0.5 p1 6639 8
1286 4323462 m2 2016558 -0.000450902648 0.5 p1 6642 8
1049 4326479 m2 1663068 -0.000201375413 0.5 p1 6647 8
2969 4344080 m2 4717044 -0.000915037119 0.5 p1 6675 8
1003 4345964 m2 1590483 -0.00114431744 0.5 p1 6678 8
2562 4348873 m2 4069554 -0.000710376306 0.5 p1 6683 8
895 4349980 m3 1426668 0.000930227689 0.5 p1 6684 8
2105 4363153 m2 3282553 -3.89514207e-05 0.5 p1 6705 8
1401 4387201 m2 2214268 -0.000155667134 0.5 p1 6745 8
1243 4438780 m2 1958687 -0.000434911868 0.5 p1 6828 8
1631 4468523 m2 2541789 -0.000112885253 0.5 p1 6876 8
617 4477366 m3 992411 0.000431860652 0.5 p1 6890 8
2788 4496109 m2 4430576 -0.00169557217 0.5 p1 6920 8
2275 4518576 m2 3562105 -0.00120992551 0.5 p1 6956 8
806 4529338 m2 1310171 -0.000240177658 0.5 p1 6973 8
1796 4531454 m2 2781811 -0.00039127341 0.5 p1 6976 8
57 4552447 m3 92917 0.000546043098 0.5 p1 7010 8
2959 4561085 m3 4705067 0.00311015244 0.5 p1 7023 8
1452 4589574 m3 2291494 2.41621819e-06 0.5 p1 7069 8
1358 4630142 m2 2126731 -2.56495241e-05 0.5 p1 7135 8
1322 4657684 m2 2076391 -1.38318683e-05 0.5 p1 7179 8
2142 4682243 m3 3343102 0.00137502037 0.5 p1 7219 8
672 4693197 m2 1069921 -0.0011529628 0.5 p1 7237 8
1879 4694726 m2 2910508 -0.000130649147 0.5 p1 7239 8
303 4715513 m2 491499 -5.75103456e-07 0.5 p1 7273 8
2736 4728443 m2 4349372 -2.79646497e-06 0.5 p1 7293 8
2481 4735007 m2 3936573 -0.000874098449 0.5 p1 7303 8
1255 4743920 m2 1969078 -0.000913028489 0.5 p1 7318 8
915 4769458 m2 1451772 -0.000115152659 0.5 p1 7359 8
1225 4814006 m3 1932332 0.00113003806 0.5 p1 7431 8
2016 4826499 m3 3142633 0.00234571635 0.5 p1 7451 8
2265 4833751 m2 3542757 -8.24532908e-05 0.5 p1 7462 8
224 4852367 m2 372555 -0.00192305411 0.5 p1 7491 8
32 4861491 m2 51194 -0.00185152213 0.5 p1 7506 8
1955 4879349 m3 3057638 0.00172277412 0.5 p1 7534 8
2297 4927450 m2 3596211 -0.000158833951 0.5 p1 7613 8
92 4962910 m2 148154 -0.000102725448 0.5 p1 7671 8
2999 4964848 m2 4763119 -0.000185577563 0.5 p1 7674 8
681 4974071 m3 1081807 0.000288878597 0.5 p1 7689 8
2716 4983186 m2 4319209 -0.000771325896 0.5 p1 7703 8
496 5010733 m2 819137 -9.37045297e-06 0.5 p1 7748 8
1658 5022132 m2 2570390 -0.000589196978 0.5 p1 7766 8
2802 5079469 m3 4454054 0.000154166584 0.5 p1 7858 8
1689 5116565 m2 2615601 -0.00179993978 0.5 p1 7918 8
1099 5173783 m2 1738213 -5.36519474e-05 0.5 p1 8011 8
2598 5188867 m2 4130956 -0.000134422939 0.5 p1 8035 8
1814 5199371 m2 2806348 -0.000579357089 0.5 p1 8052 8
799 5240848 m2 1298647 -4.4843262e-05 0.5 p1 8117 8
2588 5262991 m2 4113053 -0.000741968572 0.5 p1 8152 8
1697 5282510 m2 2628170 -0.000762071577 0.5 p1 8183 8
2594 5283506 m2 4127453 -0.000371084054 0.5 p1 8185 8
2678 5334935 m3 4248843 0.0025482988 0.5 p1 8269 8
590 5415556 m2 954702 -0.000456607435 0.5 p1 8398 8
211 5434250 m2 347857 -0.000216655491 0.5 p1 8428 8
2843 5451165 m2 4520751 -0.000812470447 0.5 p1 8455 8
518 5458833 m2 846016 -0.00283592171 0.5 p1 8467 8
258 5488871 m2 424356 -0.000572776305 0.5 p1 8516 8
2373 5505821 m2 3758320 -6.43044477e-05 0.5 p1 8543 8
2718 5527417 m2 4324438 -0.00155996229 0.5 p1 8579 8
2309 5530457 m2 3625956 -0.000772291794 0.5 p1 8584 8
563 5560464 m2 913208 -0.000819246925 0.5 p1 8632 8
1232 5579519 m2 1943567 -4.5227589e-06 0.5 p1 8663 8
250 5595717 m2 412775 -8.10521942e-06 0.5 p1 8688 8
2410 5624447 m2 3817091 -0.000626224151 0.5 p1 8733 8
1723 5673560 m2 2662922 -0.000211462451 0.5 p1 8813 8
3088 5677822 m2 4900572 -0.000394482864 0.5 p1 8820 8
2342 5682561 m3 3695753 0.00107265636 0.5 p1 8828 8
1200 5691566 m2 1885237 -3.58225843e-05 0.5 p1 8842 8
2548 5698660 m2 4046215 -2.95783684e-05 0.5 p1 8854 8
1509 5716229 m2 2371393 -0.000457299175 0.5 p1 8882 8
414 5723786 m2 675630 -5.35242507e-05 0.5 p1 8894 8
2434 5755408 m2 3852629 -0.00041894085 0.5 p1 8945 8
259 5760609 m2 426007 -0.000391542882 0.5 p1 8953 8
2320 5768575 m2 3655442 -4.56224052e-06 0.5 p1 8967 8
2012 5781211 m2 3137734 -2.16393364e-05 0.5 p1 8987 8
149 5783479 m2 240234 -6.41770894e-05 0.5 p1 8990 8
2863 5794645 m2 4550299 -0.000187682803 0.5 p1 9008 8
1972 5864600 m2 3076375 -5.45028342e-06 0.5 p1 9123 8
1319 5896086 m2 2070330 -7.48553759e-07 0.5 p1 9174 8
2659 5900848 m2 4218380 -0.000846298528 0.5 p1 9182 8
528 6000962 m2 862716 -5.36719153e-06 0.5 p1 9347 8
2620 6006712 m2 4167577 -0.000497728819 0.5 p1 9356 8
2714 6007889 m2 4308389 -0.000136753311 0.5 p1 9358 8
2503 6040155 m3 3967342 0.000794728112 0.5 p1 9412 8
976 6056319 m2 1546954 -0.000802587019 0.5 p1 9438 8
2727 6099795 m2 4340777 -2.68274343e-05 0.5 p1 9511 8
889 6105929 m2 1420335 -0.000471088511 0.5 p1 9521 8
1369 6112573 m2 2147444 -0.00155901304 0.5 p1 9532 8
807 6150695 m2 1310753 -0.000748019025 0.5 p1 9594 8
1974 6180131 m2 3079284 -2.03728159e-05 0.5 p1 9642 8
2318 6180387 m2 3648018 -0.00103179156 0.5 p1 9643 8
1220 6229511 m3 1927565 0.00304315332 0.5 p1 9723 8
2708 6255965 m2 4299700 -0.000596016762 0.5 p1 9767 8
194 6268331 m3 320649 0.000703746162 0.5 p1 9788 8
363 6298646 m3 584378 2.48729011e-05 0.5 p1 9837 8
2398 6305716 m2 3792935 -0.000229727113 0.5 p1 9849 8
956 6314865 m2 1515910 -7.09530605e-06 0.5 p1 9863 8
2321 6327764 m2 3655718 -8.87873466e-05 0.5 p1 9884 8
2509 6362870 m2 3980247 -0.0010107517 0.5 p1 9941 8
46 6371024 m2 69753 -3.56422679e-05 0.5 p1 9955 8
182 6392685 m2 298306 -3.07837067e-09 0.5 p1 9989 8
376 6398805 m3 601531 0.00202817633 0.5 p1 9999 8
339 6439498 m2 531343 -0.000145075566 0.5 p1 10066 8
294 6445119 m2 468643 -0.000243888819 0.5 p1 10075 8
2544 6469545 m2 4038622 -0.000164686513 0.5 p1 10115 8
782 6489983 m2 1273037 -0.000121092853 0.5 p1 10148 8
1905 6508147 m2 2951705 -0.00021826959 0.5 p1 10178 8
2291 6518225 m2 3589202 -5.81738095e-06 0.5 p1 10195 8
2178 6522742 m2 3413220 -0.000584010442 0.5 p1 10203 8
2870 6604252 m2 4558095 -9.98069299e-05 0.5 p1 10335 8
1827 6605629 m2 2835069 -1.82639084e-07 0.5 p1 10338 8
2734 6626682 m2 4347585 -8.14079382e-09 0.5 p1 10372 8
1436 6633943 m2 2268977 -0.00133063365 0.5 p1 10383 8
2132 6634180 m2 3331616 -0.000596023339 0.5 p1 10384 8
1908 6636159 m2 2953172 -0.00161975319 0.5 p1 10387 8
1298 6655756 m3 2036940 0.00117517216 0.5 p1 10419 8
684 6694338 m2 1092447 -9.98687683e-05 0.5 p1 10480 8
1659 6695256 m2 2574365 -5.80214291e-05 0.5 p1 10482 8
1674 6716379 m2 2595210 -0.000371282775 0.5 p1 10516 8
2991 6728277 m2 4753863 -1.38698379e-05 0.5 p1 10535 8
2672 6742685 m2 4237147 -0.00144782406 0.5 p1 10558 8
1949 6748947 m2 3046304 -0.00141622347 0.5 p1 10569 8
2078 6771761 m2 3228988 -9.35558364e-06 0.5 p1 10606 8
3043 6773317 m2 4834867 -0.000354382151 0.5 p1 10608 8
731 6791049 m3 1167642 0.00176013913 0.5 p1 10637 8
1589 6804229 m2 2470299 -4.46630766e-05 0.5 p1 10658 8
307 6834793 m2 497809 -0.00376044563 0.5 p1 10708 8
2786 6835500 m2 4427380 -0.000998655218 0.5 p1 10709 8
1385 6844027 m2 2183741 -7.14292639e-07 0.5 p1 10723 8
981 6852862 m2 1554540 -4.31416775e-05 0.5 p1 10738 8
2816 6861041 m2 4474692 -0.000754596374 0.5 p1 10751 8
1999 6866262 m2 3126139 -0.000331768388 0.5 p1 10759 8
566 6920377 m2 915436 -1.08129161e-05 0.5 p1 10846 8
1671 6937164 m2 2586808 -3.45127546e-06 0.5 p1 10874 8
1662 6963698 m2 2578737 -0.000816682528 0.5 p1 10916 8
549 7016499 m2 892355 -0.000296892482 0.5 p1 11001 8
3009 7032844 m2 4777246 -0.000112890164 0.5 p1 11027 8
1134 7053842 m2 1791312 -0.000220739646 0.5 p1 11061 8
735 7058265 m3 1175036 0.00247691083 0.5 p1 11068 8
1836 7063170 m2 2848504 -0.00123118982 0.5 p1 11077 8
2596 7075792 m2 4129707 -0.000121997 0.5 p1 11098 8
1082 7093128 m2 1709191 -0.000331306946 0.5 p1 11128 8
1606 7107974 m3 2493960 0.00200508605 0.5 p1 11153 8
2406 7120823 m2 3812246 -0.00350259314 0.5 p1 11175 8
2491 7149998 m2 3950305 -0.00022514259 0.5 p1 11223 8
1190 7156638 m2 1866029 -0.00136590982 0.5 p1 11234 8
2516 7173079 m2 3990074 -2.35789375e-05 0.5 p1 11262 8
2582 7209523 m3 4101639 7.19600575e-06 0.5 p1 11323 8
1477 7229448 m2 2324876 -0.000284810754 0.5 p1 11356 8
2266 7234745 m2 3543370 -0.000852851721 0.5 p1 11365 8
769 7235847 m2 1233772 -2.09427108e-05 0.5 p1 11367 8
2198 7252260 m3 3438106 0.000817474735 0.5 p1 11395 8
2511 7286489 m3 3984463 0.00130325486 0.5 p1 11452 8
2272 7307029 m2 3554147 -2.95772188e-05 0.5 p1 11486 8
644 7358596 m2 1037975 -5.56495434e-05 0.5 p1 11574 8
351 7375991 m2 555747 -0.000903646811 0.5 p1 11603 8
1647 7376797 m3 2557428 0.00158211519 0.5 p1 11604 8
1438 7401644 m3 2272151 0.00434105797 0.5 p1 11645 8
299 7402546 m2 478107 -0.00138358737 0.5 p1 11646 8
1382 7450896 m2 2176963 -0.000584115973 0.5 p1 11727 8
721 7466424 m2 1149043 -0.000358060963 0.5 p1 11753 8
627 7534000 m2 1018017 -6.53173556e-05 0.5 p1 11865 8
331 7535298 m2 521724 -0.000288943585 0.5 p1 11867 8
902 7539089 m2 1434302 -0.00114705204 0.5 p1 11873 8
1811 7539464 m3 2802641 0.00280952943 0.5 p1 11874 8
3113 7542194 m2 4944472 -0.000170397616 0.5 p1 11879 8
2096 7569615 m2 3264967 -0.000777472451 0.5 p1 11923 8
2658 7573893 m2 4217198 -1.56958922e-05 0.5 p1 11930 8
2148 7602853 m2 3351081 -0.000327197922 0.5 p1 11977 8
291 7671863 m2 466768 -5.23143935e-05 0.5 p1 12088 8
1143 7698418 m2 1804011 -0.000119254975 0.5 p1 12131 8
42 7729144 m2 65411 -0.000268395641 0.5 p1 12181 8
506 7789570 m2 835191 -0.000410119683 0.5 p1 12280 8
2260 7805766 m2 3538987 -1.50289679e-05 0.5 p1 12307 8
1368 7815352 m2 2146460 -0.000184956793 0.5 p1 12323 8
2726 7816541 m2 4338249 -0.000602920249 0.5 p1 12325 8
508 7822800 m2 836098 -0.00100731384 0.5 p1 12335 8
456 7836078 m2 753980 -6.81267011e-07 0.5 p1 12357 8
1804 7859673 m2 2796740 -0.000107850159 0.5 p1 12396 8
1490 7875174 m3 2345845 0.0021583247 0.5 p1 12422 8
1381 7882293 m2 2175728 -0.000139629876 0.5 p1 12433 8
469 7886513 m2 773999 -2.4022389e-05 0.5 p1 12440 8
2947 7903321 m2 4686196 -0.000349114474 0.5 p1 12468 8
3118 7910982 m2 4951388 -1.16716956e-05 0.5 p1 12481 8
2751 7957134 m2 4377708 -0.00126721698 0.5 p1 12558 8
1091 7974668 m3 1724058 0.00068767363 0.5 p1 12587 8
2741 7993568 m3 4353834 0.0017944572 0.5 p1 12618 8
598 8009112 m2 966806 -0.00147662754 0.5 p1 12645 8
615 8030927 m2 987527 -0.000563586189 0.5 p1 12681 8
1327 8077458 m2 2086977 -3.11551084e-05 0.5 p1 12759 8
1460 8092428 m3 2301625 0.00027732458 0.5 p1 12784 8
108 8148468 m2 165805 -6.8209709e-09 0.5 p1 12878 8
1534 8184516 m2 2390243 -5.44630609e-07 0.5 p1 12937 8
1268 8198717 m2 1991778 -5.77841492e-05 0.5 p1 12961 8
1902 8216133 m2 2946522 -9.76775846e-05 0.5 p1 12990 8
2563 8236546 m3 4071231 0.000260627072 0.5 p1 13023 8
1691 8251889 m2 2617383 -0.000361216953 0.5 p1 13049 8
1032 8274245 m2 1637156 -0.000959532859 0.5 p1 13086 8
2212 8279368 m3 3467802 0.00011830889 0.5 p1 13095 8
407 8283734 m3 666241 0.000193984102 0.5 p1 13102 8
961 8285700 m2 1521379 -0.00161438261 0.5 p1 13106 8
1767 8287902 m2 2735644 -0.00013088627 0.5 p1 13109 8
1011 8342311 m2 1602989 -0.000176638467 0.5 p1 13201 8
2946 8359959 m2 4684131 -0.000701936311 0.5 p1 13231 8
3099 8366845 m2 4913635 -0.000931340037 0.5 p1 13243 8
706 8370832 m2 1133253 -0.000341009378 0.5 p1 13249 8
585 8395165 m3 947801 0.00304222153 0.5 p1 13289 8
150 8420694 m2 240293 -0.000481121562 0.5 p1 13332 8
338 8539366 m3 531091 0.00150972907 0.5 p1 13530 8
963 8616116 m2 1522225 -0.000592096301 0.5 p1 13658 8
1198 8616681 m2 1884097 -0.000436338596 0.5 p1 13659 8
2022 8629132 m2 3149204 -0.00157987664 0.5 p1 13679 8
1766 8640957 m2 2733482 -0.000966074062 0.5 p1 13699 8
423 8761576 m2 687527 -0.000368558627 0.5 p1 13903 8
1776 8778102 m3 2750313 0.00469919993 0.5 p1 13931 8
1184 8794699 m2 1860892 -1.6255359e-07 0.5 p1 13959 8
1663 8826662 m2 2579400 -0.00289473101 0.5 p1 14012 8
1320 8865278 m2 2072302 -0.00255946117 0.5 p1 14078 8
2603 8958289 m3 4138038 0.00167422614 0.5 p1 14232 8
1021 9038151 m2 1619631 -0.000486483652 0.5 p1 14366 8
1960 9060403 m2 3060470 -5.06617027e-07 0.5 p1 14404 8
1069 9063653 m3 1691438 0.000306841015 0.5 p1 14410 8
1445 9075490 m2 2282452 -1.49313028e-05 0.5 p1 14430 8
2401 9117398 m2 3802146 -0.000319229875 0.5 p1 14500 8
2832 9118592 m3 4498774 0.00110852125 0.5 p1 14502 8
62 9118911 m2 101244 -0.000267776253 0.5 p1 14503 8
1612 9127832 m2 2500949 -0.000214171829 0.5 p1 14518 8
2249 9200875 m2 3527491 -0.00107460876 0.5 p1 14640 8
2862 9211065 m2 4548469 -0.000310296484 0.5 p1 14657 8
1337 9229304 m2 2095768 -3.67488756e-05 0.5 p1 14688 8
1246 9235575 m2 1963147 -7.96469158e-06 0.5 p1 14698 8
2715 9238118 m3 4316512 0.000197190297 0.5 p1 14703 8
1520 9260013 m2 2381781 -9.54179177e-06 0.5 p1 14740 8
1035 9287552 m2 1639729 -6.85997729e-05 0.5 p1 14785 8
1615 9298651 m2 2505282 -0.000234577004 0.5 p1 14804 8
2905 9343310 m2 4617879 -0.000894121651 0.5 p1 14877 8
2519 9369118 m2 3998941 -0.00153892045 0.5 p1 14919 8
129 9389303 m2 204265 -0.000271733734 0.5 p1 14953 8
282 9399119 m2 454371 -9.14739139e-05 0.5 p1 14970 8
401 9417751 m2 655161 -0.00038712204 0.5 p1 15001 8
3129 9432193 m3 4969552 0.00139683113 0.5 p1 15025 8
440 9442411 m3 722209 0.00140670931 0.5 p1 15042 8
36 9451904 m2 57844 -0.00282477122 0.5 p1 15058 8
2033 9455338 m2 3164910 -8.97684877e-05 0.5 p1 15064 8
2158 9518731 m2 3372396 -0.000108613975 0.5 p1 15169 8
548 9606017 m3 891203 0.00115699542 0.5 p1 15315 8
2614 9609414 m2 4156237 -0.000170233485 0.5 p1 15321 8
1280 9630985 m3 2002954 0.00100881932 0.5 p1 15356 8
2755 9632706 m2 4381299 -0.00106584514 0.5 p1 15359 8
2640 9636631 m2 4196349 -0.000128410669 0.5 p1 15365 8
427 9694029 m2 697026 -0.000129782275 0.5 p1 15460 8
1923 9700536 m2 2986548 -0.00014179053 0.5 p1 15471 8
6 9701703 m3 10437 0.00243691332 0.5 p1 15473 8
2964 9731842 m3 4711155 0.00266607036 0.5 p1 15525 8
1483 9748766 m2 2334249 -5.61023671e-06 0.5 p1 15554 8
2748 9781663 m2 4369916 -0.000992829329 0.5 p1 15609 8
574 9816889 m2 930192 -4.83933991e-06 0.5 p1 15666 8
1517 9886828 m2 2380352 -0.000151562665 0.5 p1 15781 8
3079 9905461 m2 4886130 -0.000863142603 0.5 p1 15813 8
1444 9919210 m2 2281008 -0.000434133515 0.5 p1 15836 8
2402 9936940 m2 3802149 -0.00106051133 0.5 p1 15865 8
2628 9953447 m2 4177940 -0.000483562733 0.5 p1 15892 8
616 9957482 m2 988567 -0.000634989585 0.5 p1 15899 8
1076 9961697 m3 1703192 6.16945035e-05 0.5 p1 15905 8
1144 9967967 m3 1804529 0.00162911916 0.5 p1 15916 8
2847 9973177 m2 4524457 -0.000643271662 0.5 p1 15924 8
3136 9980883 m2 4995276 -0.00112265267 0.5 p1 15937 8
568 9994439 m2 917933 -1.20017421e-05 0.5 p1 15959 8
1769 10019549 m2 2738488 -9.90727276e-05 0.5 p1 16001 8
708 10024127 m2 1134080 -0.00106586912 0.5 p1 16008 8
661 10043260 m2 1057445 -0.00134800631 0.5 p1 16040 8
1212 10072465 m2 1905510 -0.000143685276 0.5 p1 16089 8
1182 10091457 m2 1859883 -0.00285565807 0.5 p1 16120 8
2454 10113841 m2 3894348 -0.00113948504 0.5 p1 16157 8
380 10123324 m3 610554 0.00119087845 0.5 p1 16173 8
939 10137079 m3 1480364 0.000703505415 0.5 p1 16196 8
552 10175391 m3 894186 0.000990780885 0.5 p1 16259 8
1364 10201210 m2 2132515 -0.000536410196 0.5 p1 16302 8
1078 10203113 m2 1705234 -2.45361225e-05 0.5 p1 16305 8
1307 10257599 m2 2048052 -0.000223895797 0.5 p1 16397 8
1009 10265973 m3 1602125 0.00028991545 0.5 p1 16411 8
2745 10284897 m2 4360212 -0.00189992867 0.5 p1 16442 8
1782 10300196 m2 2758490 -0.00213097897 0.5 p1 16468 8
1728 10306970 m2 2675634 -1.06259779e-06 0.5 p1 16479 8
880 10320633 m3 1402361 0.00333588873 0.5 p1 16503 8
1786 10371860 m2 2765703 -0.000346743996 0.5 p1 16589 8
249 10385176 m3 411379 0.00111257494 0.5 p1 16610 8
1746 10409527 m2 2704110 -5.04888203e-06 0.5 p1 16651 8
818 10426503 m2 1323981 -4.00223944e-05 0.5 p1 16679 8
1758 10457839 m2 2719557 -7.81809867e-05 0.5 p1 16731 8
729 10460440 m2 1165649 -0.000112122136 0.5 p1 16735 8
2929 10484124 m2 4653787 -0.000193269618 0.5 p1 16775 8
78 10489571 m2 128432 -1.8974828e-05 0.5 p1 16784 8
328 10516703 m2 520034 -0.000408456457 0.5 p1 16829 8
2042 10537499 m2 3170632 -0.000847556046 0.5 p1 16863 8
1136 10552294 m2 1796811 -3.41284649e-05 0.5 p1 16889 8
1413 10553633 m2 2228497 -1.02047274e-07 0.5 p1 16891 8
718 10572456 m2 1146030 -0.000290044118 0.5 p1 16923 8
3056 10573324 m2 4861246 -1.76873727e-05 0.5 p1 16925 8
1237 10584481 m2 1950941 -0.000536896754 0.5 p1 16944 8
77 10616332 m2 126271 -3.83996701e-09 0.5 p1 17000 8
3059 10654601 m2 4863456 -0.000106342522 0.5 p1 17066 8
229 10660948 m2 378926 -0.00182443217 0.5 p1 17077 8
3081 10671982 m2 4891100 -3.26850022e-06 0.5 p1 17096 8
3019 10679939 m2 4789625 -0.000341955601 0.5 p1 17110 8
3124 10744187 m2 4959257 -0.0011952942 0.5 p1 17220 8
19 10748681 m2 28674 -8.89545699e-05 0.5 p1 17228 8
2822 10775943 m2 4481449 -3.41714149e-05 0.5 p1 17275 8
2120 10781448 m2 3314917 -0.00190235383 0.5 p1 17285 8
2075 10822190 m2 3226267 -0.0016911031 0.5 p1 17355 8
3093 10831581 m3 4903802 0.00169899396 0.5 p1 17371 8
360 10856479 m2 580516 -0.000689635752 0.5 p1 17413 8
759 10857502 m2 1216592 -9.55622568e-07 0.5 p1 17415 8
827 10906303 m2 1334119 -0.000403024897 0.5 p1 17496 8
910 10912941 m2 1448971 -6.68123103e-05 0.5 p1 17507 8
501 10943620 m2 825437 -1.88712584e-05 0.5 p1 17559 8
953 10946154 m2 1509334 -0.000151238768 0.5 p1 17564 8
2076 10951784 m2 3227378 -1.33272897e-05 0.5 p1 17574 8
493 10953170 m2 810108 -0.000912331685 0.5 p1 17576 8
1062 10954836 m2 1682352 -0.000621109328 0.5 p1 17579 8
1552 10964085 m2 2414935 -8.70989461e-05 0.5 p1 17595 8
450 10965497 m2 743123 -6.15041718e-05 0.5 p1 17597 8
1473 10988322 m3 2316115 0.00324700493 0.5 p1 17636 8
2767 11008172 m2 4398984 -0.000189742539 0.5 p1 17669 8
2258 11040863 m2 3537885 -7.51099151e-06 0.5 p1 17725 8
2452 11055280 m3 3889999 0.00180297298 0.5 p1 17750 8
2955 11072648 m2 4701866 -4.07099105e-05 0.5 p1 17780 8
2799 11084479 m3 4446690 0.00106943597 0.5 p1 17801 8
2695 11111475 m2 4274815 -0.000290472643 0.5 p1 17847 8
1900 11153598 m2 2941486 -1.3237548e-05 0.5 p1 17919 8
657 11161061 m2 1054670 -2.99445128e-05 0.5 p1 17932 8
504 11161332 m2 829874 -0.000437106326 0.5 p1 17932 8
326 11199767 m2 519485 -0.000339979684 0.5 p1 17998 8
1853 11207179 m2 2868206 -0.000312786258 0.5 p1 18011 8
1842 11208063 m2 2854386 -0.000480417337 0.5 p1 18012 8
3011 11208753 m3 4779168 0.000816212851 0.5 p1 18013 8
3039 11226572 m3 4822846 0.000337011035 0.5 p1 18044 8
652 11232752 m2 1046563 -1.15585381e-05 0.5 p1 18055 8
560 11245509 m3 911727 0.00181691186 0.5 p1 18077 8
83 11249811 m2 135256 -0.00136612647 0.5 p1 18084 8
1152 11256549 m2 1811411 -0.000306705391 0.5 p1 18095 8
823 11266495 m3 1327192 0.000112668386 0.5 p1 18112 8
113 11274393 m2 171265 -0.00163206912 0.5 p1 18126 8
1547 11301815 m2 2414059 -3.22237611e-05 0.5 p1 18172 8
1066 11309463 m2 1686869 -0.000718431082 0.5 p1 18185 8
2940 11312239 m3 4673955 0.00224322663 0.5 p1 18190 8
2159 11316872 m3 3375493 0.000455789617 0.5 p1 18198 8
2792 11332936 m2 4434902 -1.02508629e-05 0.5 p1 18225 8
2749 11374982 m2 4373434 -6.42739615e-05 0.5 p1 18296 8
3046 11375008 m2 4839309 -0.00047583456 0.5 p1 18296 8
2826 11383309 m2 4485901 -7.48784032e-07 0.5 p1 18310 8
2937 11386232 m3 4669258 0.000444059231 0.5 p1 18315 8
3134 11386869 m2 4991466 -0.00175800733 0.5 p1 18316 8
2682 11393204 m2 4251474 -0.000367661327 0.5 p1 18327 8
1047 11401776 m2 1662074 -1.28471427e-07 0.5 p1 18341 8
399 11413835 m2 650557 -4.73313121e-05 0.5 p1 18362 8
697 11420358 m3 1124271 0.000707612024 0.5 p1 18372 8
2343 11463483 m2 3695866 -5.64586753e-06 0.5 p1 18445 8
244 11502321 m2 408173 -6.43882595e-05 0.5 p1 18510 8
417 11506596 m2 678402 -1.25673341e-06 0.5 p1 18517 8
1994 11509920 m2 3120540 -0.000623149506 0.5 p1 18523 8
711 11511938 m3 1140811 0.000333056669 0.5 p1 18526 8
1106 11514866 m2 1754600 -0.000141328681 0.5 p1 18531 8
2923 11541036 m2 4645534 -0.00188918214 0.5 p1 18576 8
2908 11555154 m2 4622474 -0.000413089641 0.5 p1 18600 8
580 11569054 m2 940840 -0.000982861151 0.5 p1 18624 8
2037 11596616 m3 3167899 0.000116118783 0.5 p1 18670 8
1105 11622231 m2 1752927 -0.000135578841 0.5 p1 18714 8
2059 11635749 m2 3205957 -0.000651125796 0.5 p1 18737 8
1918 11701457 m2 2975128 -0.000438238087 0.5 p1 18849 8
1393 11704999 m2 2198549 -0.000509103003 0.5 p1 18855 8
1881 11724184 m2 2915930 -0.00011323623 0.5 p1 18888 8
2392 11735360 m3 3785660 0.00082164671 0.5 p1 18908 8
2226 11737952 m2 3485747 -0.000862629851 0.5 p1 18912 8
2542 11747566 m2 4036158 -0.00311604631 0.5 p1 18929 8
1258 11780427 m2 1974690 -0.00026609507 0.5 p1 18986 8
2335 11792764 m2 3677943 -0.000144773687 0.5 p1 19006 8
1103 11828190 m2 1748918 -0.000767313177 0.5 p1 19067 8
748 11849975 m2 1193439 -0.000273280108 0.5 p1 19104 8
346 11854205 m2 546508 -1.38915111e-05 0.5 p1 19112 8
152 11925182 m2 241374 -0.000339297228 0.5 p1 19232 8
704 11968144 m2 1128356 -0.000541238172 0.5 p1 19303 8
2840 11987355 m2 4513882 -1.71076613e-06 0.5 p1 19335 8
2261 12023930 m2 3539122 -0.00548302941 0.5 p1 19396 8
1945 12024782 m2 3044156 -0.00135234534 0.5 p1 19398 8
2143 12025602 m2 3343146 -0.000751970627 0.5 p1 19399 8
584 12041370 m2 946720 -0.000512028579 0.5 p1 19426 8
2041 12069348 m2 3169258 -3.28585543e-06 0.5 p1 19473 8
1135 12097817 m2 1793556 -6.73032773e-05 0.5 p1 19521 8
1843 12100134 m2 2854839 -0.00154828769 0.5 p1 19525 8
637 12109311 m2 1029158 -6.42998857e-05 0.5 p1 19541 8
1230 12138055 m2 1938662 -0.000299578329 0.5 p1 19591 8
2570 12139615 m2 4084163 -0.000335020421 0.5 p1 19594 8
2451 12152410 m2 3888549 -4.68720173e-05 0.5 p1 19616 8
593 12157176 m2 957649 -0.00122753938 0.5 p1 19624 8
2861 12157766 m2 4547638 -0.000573479221 0.5 p1 19625 8
1111 12161645 m2 1757886 -1.03375169e-06 0.5 p1 19632 8
2903 12183297 m2 4616429 -5.81522036e-05 0.5 p1 19669 8
1330 12185459 m2 2090211 -0.000158825307 0.5 p1 19673 8
980 12187914 m2 1554000 -0.000952296541 0.5 p1 19677 8
2572 12208541 m3 4087991 0.00103308994 0.5 p1 19711 8
290 12229945 m2 465231 -0.000703453959 0.5 p1 19748 8
442 12234257 m2 725101 -0.00330950203 0.5 p1 19755 8
2430 12238272 m2 3847505 -5.91290409e-05 0.5 p1 19762 8
2717 12271824 m2 4323696 -0.000438735005 0.5 p1 19822 8
161 12271890 m2 251548 -2.73568276e-05 0.5 p1 19822 8
995 12282708 m2 1582109 -0.000213811873 0.5 p1 19841 8
1411 12297241 m2 2227960 -0.00105306634 0.5 p1 19867 8
459 12318321 m2 761021 -0.00011565657 0.5 p1 19903 8
2891 12328479 m2 4600157 -0.00073213788 0.5 p1 19921 8
673 12336604 m2 1071378 -4.44640536e-05 0.5 p1 19935 8
2742 12342685 m2 4354667 -0.00160917162 0.5 p1 19946 8
1512 12351489 m3 2375437 0.00107787317 0.5 p1 19961 8
2867 12366708 m2 4553854 -1.82117594e-06 0.5 p1 19987 8
485 12380287 m3 793841 0.00125597999 0.5 p1 20011 8
1014 12457541 m2 1606806 -2.8021881e-05 0.5 p1 20145 8
690 12458157 m2 1109489 -4.31373082e-05 0.5 p1 20146 8
1559 12506996 m2 2426844 -0.000388267217 0.5 p1 20231 8
2466 12513056 m2 3907347 -5.00418935e-07 0.5 p1 20242 8
1406 12520302 m2 2219564 -0.000162833443 0.5 p1 20255 8
1539 12546495 m2 2398412 -0.000222672417 0.5 p1 20301 8
1940 12558686 m2 3024561 -0.001465454 0.5 p1 20323 8
1467 12577886 m2 2312240 -5.35730942e-06 0.5 p1 20356 8
2631 12586435 m2 4181129 -0.000344521395 0.5 p1 20371 8
66 12638294 m2 107853 -8.97609498e-05 0.5 p1 20462 8
940 12649160 m2 1480860 -5.64122747e-05 0.5 p1 20481 8
1575 12655089 m2 2448880 -0.000137670984 0.5 p1 20491 8
14 12670064 m3 19309 0.000440617354 0.5 p1 20518 8
3023 12672224 m2 4795962 -0.00120693736 0.5 p1 20521 8
2622 12760865 m2 4171910 -0.00017870903 0.5 p1 20673 8
2960 12801522 m3 4705234 0.00164302532 0.5 p1 20743 8
1466 12822373 m2 2310623 -0.000105969149 0.5 p1 20779 8
56 12851125 m2 92120 -0.000693469949 0.5 p1 20830 8
2376 12894500 m2 3761517 -0.000307452079 0.5 p1 20905 8
2902 12900746 m2 4614544 -1.03515713e-05 0.5 p1 20916 8
650 12991165 m2 1045253 -0.000457767135 0.5 p1 21073 8
1328 12997424 m2 2088435 -0.000977064017 0.5 p1 21083 8
2424 13004025 m2 3838053 -0.000198027323 0.5 p1 21095 8
1072 13006591 m2 1698555 -7.70380575e-05 0.5 p1 21100 8
943 13012776 m3 1491292 0.000749907224 0.5 p1 21110 8
15 13024718 m2 20446 -2.14856154e-05 0.5 p1 21131 8
2036 13047359 m2 3167398 -0.000478883914 0.5 p1 21171 8
2609 13056676 m3 4145734 0.00262117526 0.5 p1 21187 8
193 13073953 m2 318726 -8.52650119e-05 0.5 p1 21218 8
2206 13074149 m2 3460130 -4.72965667e-07 0.5 p1 21218 8
2625 13096081 m2 4176167 -0.000290181371 0.5 p1 21257 8
1794 13099895 m2 2780865 -0.00275558792 0.5 p1 21264 8
1675 13104905 m2 2596757 -2.49652858e-05 0.5 p1 21273 8
2568 13116112 m2 4079636 -0.000191983068 0.5 p1 21293 8
347 13157249 m2 547899 -3.71596725e-05 0.5 p1 21365 8
2976 13187526 m2 4726134 -8.19909201e-06 0.5 p1 21418 8
1780 13195849 m2 2754047 -0.000946907792 0.5 p1 21433 8
2090 13353731 m2 3248045 -3.03339384e-05 0.5 p1 21713 8
2608 13366294 m2 4145393 -0.000999856973 0.5 p1 21736 8
2776 13380493 m3 4410367 0.00282506249 0.5 p1 21761 8
2177 13394651 m2 3411088 -4.60306801e-05 0.5 p1 21786 8
2500 13404271 m2 3963864 -0.000186879508 0.5 p1 21803 8
334 13410878 m3 526890 0.000319223473 0.5 p1 21814 8
2252 13437194 m3 3529444 0.000785261625 0.5 p1 21860 8
483 13438725 m2 790414 -0.00236215442 0.5 p1 21863 8
2958 13441191 m2 4703378 -0.000331443356 0.5 p1 21867 8
1455 13449774 m2 2298587 -1.32167065e-06 0.5 p1 21882 8
367 13459119 m2 586915 -0.000747058948 0.5 p1 21899 8
3006 13469974 m2 4773836 -0.0011748164 0.5 p1 21918 8
377 13494687 m2 602431 -8.33824961e-05 0.5 p1 21963 8
1914 13496733 m2 2968160 -5.66297458e-05 0.5 p1 21966 8
2974 13497497 m2 4723079 -0.00043852799 0.5 p1 21968 8
498 13501897 m2 821130 -0.000324774679 0.5 p1 21976 8
1403 13510125 m2 2216411 -0.000596326427 0.5 p1 21990 8
715 13520759 m2 1144261 -0.000257870532 0.5 p1 22009 8
726 13545588 m2 1155461 -5.58294741e-05 0.5 p1 22053 8
1639 13568025 m2 2548815 -0.00069015217 0.5 p1 22093 8
2256 13679318 m2 3532653 -7.1186405e-05 0.5 p1 22289 8
1410 13722027 m3 2227630 0.00333411247 0.5 p1 22363 8
3003 13734838 m2 4767611 -7.2263565e-06 0.5 p1 22385 8
3138 13740497 m2 4997150 -3.47080604e-05 0.5 p1 22395 8
1948 13746423 m2 3046027 -0.000471884938 0.5 p1 22405 8
791 13778775 m2 1285260 -0.000289978867 0.5 p1 22464 8
1340 13799491 m2 2098482 -7.40160021e-06 0.5 p1 22500 8
685 13802363 m2 1094272 -0.000558349479 0.5 p1 22505 8
1817 13812133 m2 2810276 -2.95428526e-06 0.5 p1 22522 8
1621 13839154 m2 2516198 -3.19103274e-05 0.5 p1 22570 8
2941 13843207 m2 4674261 -0.000304471032 0.5 p1 22577 8
2237 13874687 m3 3505944 0.00315546081 0.5 p1 22632 8
465 13883636 m2 768272 -0.00644468144 0.5 p1 22648 8
3069 13900543 m3 4875595 0.000830809295 0.5 p1 22677 8
2784 13906939 m2 4425146 -0.000430238608 0.5 p1 22688 8
1233 13916484 m2 1946390 -0.000220932779 0.5 p1 22705 8
444 13923641 m2 726673 -0.00027369507 0.5 p1 22718 8
2344 13952420 m2 3697605 -4.02784171e-05 0.5 p1 22768 8
2162 13968655 m2 3383362 -0.000511709717 0.5 p1 22796 8
437 13997746 m2 717393 -2.37565729e-07 0.5 p1 22847 8
1164 14000510 m2 1831035 -0.000217062203 0.5 p1 22852 8
2341 14001871 m2 3694951 -0.000123870326 0.5 p1 22854 8
25 14028698 m2 39581 -0.000138849442 0.5 p1 22901 8
894 14043926 m2 1425634 -0.00020929717 0.5 p1 22928 8
1279 14045194 m2 2002726 -0.000292040728 0.5 p1 22930 8
233 14088498 m2 395007 -1.5939213e-06 0.5 p1 23005 8
472 14127470 m2 779684 -0.000213486768 0.5 p1 23074 8
1892 14140809 m2 2932756 -0.000568172138 0.5 p1 23097 8
1526 14227091 m2 2385062 -0.000594202604 0.5 p1 23248 8
3038 14238714 m2 4821652 -0.000202248775 0.5 p1 23267 8
470 14255269 m3 774698 0.00482620206 0.5 p1 23296 8
1522 14292866 m2 2382313 -0.000607314578 0.5 p1 23361 8
188 14310195 m3 313648 0.00251876307 0.5 p1 23391 8
1852 14313238 m2 2865796 -0.00156752835 0.5 p1 23396 8
1667 14328855 m2 2582748 -0.00103101123 0.5 p1 23423 8
2144 14333887 m3 3344339 0.00196290831 0.5 p1 23432 8
1303 14344190 m2 2042897 -0.000360601611 0.5 p1 23449 8
2389 14356280 m2 3781593 -0.000446456514 0.5 p1 23471 8
2399 14378065 m2 3796874 -5.93552686e-05 0.5 p1 23510 8
2641 14410457 m2 4197964 -1.33038702e-05 0.5 p1 23566 8
1919 14429373 m2 2977941 -0.000470372965 0.5 p1 23599 8
959 14472074 m2 1518758 -0.00149412663 0.5 p1 23674 8
602 14508456 m2 970398 -0.00198946078 0.5 p1 23737 8
1291 14511412 m2 2019751 -0.000340381026 0.5 p1 23742 8
1163 14548153 m2 1826019 -0.000196793655 0.5 p1 23805 8
1342 14567220 m2 2099835 -0.000493796135 0.5 p1 23838 8
2353 14572466 m2 3718271 -0.000488718157 0.5 p1 23847 8
2679 14581410 m2 4249527 -0.000311454351 0.5 p1 23862 8
1806 14590923 m2 2797229 -3.25410065e-06 0.5 p1 23879 8
2387 14625239 m3 3778923 0.0026951388 0.5 p1 23938 8
3005 14639560 m2 4771771 -0.00095732027 0.5 p1 23964 8
1679 14654711 m2 2605877 -0.000809305813 0.5 p1 23989 8
1564 14662447 m2 2430608 -0.00156882312 0.5 p1 24002 8
1642 14680539 m2 2550899 -0.00011859127 0.5 p1 24034 8
1941 14687433 m2 3028618 -3.05426911e-05 0.5 p1 24045 8
2617 14701999 m2 4162652 -6.0722381e-05 0.5 p1 24071 8
69 14738070 m2 109701 -7.07478684e-05 0.5 p1 24133 8
1709 14740676 m3 2641689 0.0013756355 0.5 p1 24137 8
3047 14741263 m2 4839861 -0.0021218434 0.5 p1 24138 8
2416 14748487 m2 3828602 -2.85901297e-05 0.5 p1 24151 8
2743 14758352 m2 4358105 -0.000814918661 0.5 p1 24168 8
1867 14777628 m2 2888925 -0.00162675243 0.5 p1 24201 8
163 14795839 m2 255669 -4.20215429e-06 0.5 p1 24232 8
2273 14809795 m2 3554763 -0.0010716134 0.5 p1 24257 8
2457 14827002 m2 3898849 -0.000377854973 0.5 p1 24287 8
1156 14857871 m2 1816762 -5.43050519e-05 0.5 p1 24341 8
1845 14866659 m2 2859975 -0.00020443878 0.5 p1 24356 8
1092 14881460 m2 1725156 -0.000603772234 0.5 p1 24382 8
733 14896065 m2 1170990 -0.000104430212 0.5 p1 24408 8
1125 14901394 m2 1775745 -0.00282403175 0.5 p1 24418 8
2841 14922996 m2 4517374 -0.000125326987 0.5 p1 24456 8
1236 14937871 m2 1949084 -7.15176138e-05 0.5 p1 24483 8
2073 14942836 m2 3224222 -0.000752979366 0.5 p1 24492 8
104 14944782 m2 160604 -0.000988877029 0.5 p1 24495 8
1038 14958743 m2 1650428 -0.00140302477 0.5 p1 24520 8
318 14968335 m2 512270 -0.000210631362 0.5 p1 24537 8
2153 14974116 m2 3358404 -0.00029825751 0.5 p1 24547 8
269 14981170 m2 440476 -0.00135974307 0.5 p1 24559 8
1870 14984363 m2 2895135 -9.69643406e-06 0.5 p1 24565 8
1033 14993254 m3 1639453 0.00596589642 0.5 p1 24581 8
2980 15004542 m2 4734649 -0.000350865041 0.5 p1 24602 8
285 15011247 m2 458677 -0.000208432015 0.5 p1 24614 8
2372 15045631 m2 3752908 -0.000586675596 0.5 p1 24675 8
206 15061588 m2 341146 -3.63339241e-05 0.5 p1 24704 8
3111 15064369 m2 4933409 -0.00115409796 0.5 p1 24710 8
1463 15068436 m2 2309601 -0.000878437946 0.5 p1 24717 8
2756 15073797 m3 4382688 0.00183651049 0.5 p1 24727 8
2156 15126395 m2 3369364 -0.000293526071 0.5 p1 24822 8
2051 15130883 m2 3194457 -0.000527893717 0.5 p1 24830 8
2288 15188282 m2 3581667 -0.00027945824 0.5 p1 24934 8
2284 15238620 m2 3573931 -0.000128910775 0.5 p1 25023 8
1927 15268837 m2 2990107 -0.000126736049 0.5 p1 25076 8
1383 15290745 m2 2177219 -4.95983259e-05 0.5 p1 25115 8
2783 15303887 m3 4422309 0.000683747814 0.5 p1 25138 8
3054 15308978 m2 4858334 -0.00020275393 0.5 p1 25147 8
1507 15323627 m2 2363170 -0.000554288796 0.5 p1 25174 8
219 15328405 m2 357990 -0.00050196849 0.5 p1 25182 8
403 15354677 m2 658315 -2.81328113e-07 0.5 p1 25230 8
2442 15371758 m2 3866646 -0.00490829768 0.5 p1 25260 8
1785 15493856 m2 2765541 -0.000354873133 0.5 p1 25482 8
353 15517739 m2 562162 -0.000213220308 0.5 p1 25524 8
2308 15522633 m2 3622806 -0.000479829527 0.5 p1 25533 8
1844 15552137 m2 2855208 -0.000158888404 0.5 p1 25585 8
2790 15592010 m2 4431525 -7.06198807e-06 0.5 p1 25655 8
1577 15595856 m2 2450649 -0.00436317176 0.5 p1 25662 8
1465 15618139 m2 2310378 -0.000488471007 0.5 p1 25702 8
37 15621379 m2 59771 -0.000560890883 0.5 p1 25708 8
1119 15622035 m2 1768506 -0.00136615476 0.5 p1 25710 8
3131 15631414 m2 4986662 -1.37625229e-05 0.5 p1 25726 8
1494 15653194 m2 2349372 -0.00125748233 0.5 p1 25765 8
977 15675920 m2 1548464 -0.000613416662 0.5 p1 25806 8
157 15690109 m2 245145 -0.000165364821 0.5 p1 25831 8
1213 15690805 m3 1906338 0.00219330029 0.5 p1 25832 8
1185 15696735 m2 1861282 -2.28559429e-08 0.5 p1 25843 8
2294 15715828 m2 3591539 -0.000778811052 0.5 p1 25877 8
2665 15733780 m2 4227049 -0.000799089437 0.5 p1 25909 8
819 15757980 m2 1324057 -7.76338638e-05 0.5 p1 25952 8
2529 15795130 m2 4020281 -7.53462737e-05 0.5 p1 26018 8
1670 15811689 m2 2585274 -0.000396020769 0.5 p1 26047 8
2063 15833597 m2 3212415 -9.19405647e-06 0.5 p1 26086 8
1595 15836405 m2 2477019 -0.00029640412 0.5 p1 26092 8
2512 15842899 m2 3984533 -0.00245135929 0.5 p1 26103 8
773 15846773 m2 1243924 -0.00153959834 0.5 p1 26110 8
1742 15850276 m2 2700784 -1.37476954e-05 0.5 p1 26116 8
356 15879496 m2 565413 -0.000741774857 0.5 p1 26169 8
1098 15887392 m2 1737818 -3.42103522e-05 0.5 p1 26183 8
2386 15892248 m2 3778308 -0.000114536975 0.5 p1 26192 8
2420 15899254 m2 3832223 -7.94274383e-05 0.5 p1 26204 8
2916 15913328 m2 4639753 -0.000173075037 0.5 p1 26229 8
972 15930698 m2 1540081 -0.00107840833 0.5 p1 26260 8
2817 15954615 m2 4477774 -0.000134379894 0.5 p1 26304 8
220 15959593 m2 362885 -0.000344004511 0.5 p1 26312 8
1925 15971152 m2 2988642 -5.3795462e-05 0.5 p1 26333 8
1334 15987850 m2 2093209 -0.000179199051 0.5 p1 26363 8
519 15998134 m2 847071 -0.00026358047 0.5 p1 26381 8
3040 16019199 m2 4824638 -0.00010186078 0.5 p1 26418 8
2583 16020763 m3 4104437 0.000312832533 0.5 p1 26421 8
1299 16082166 m2 2037559 -0.000428629253 0.5 p1 26529 8
2334 16083575 m2 3677698 -0.000262108573 0.5 p1 26531 8
1102 16114147 m2 1744443 -0.000246015377 0.5 p1 26585 8
39 16116901 m2 63445 -0.00288763293 0.5 p1 26590 8
1876 16130839 m2 2901543 -0.000186146819 0.5 p1 26615 8
2498 16135467 m2 3960598 -0.000529707817 0.5 p1 26622 8
3008 16155464 m2 4775585 -3.52718553e-06 0.5 p1 26657 8
1043 16169031 m3 1659705 0.000593591481 0.5 p1 26682 8
872 16197236 m3 1393930 0.000575262588 0.5 p1 26732 8
1857 16205999 m3 2871870 9.41087274e-05 0.5 p1 26749 8
1903 16209594 m2 2946969 -0.000127049745 0.5 p1 26756 8
1605 16268757 m3 2493844 0.00374199194 0.5 p1 26863 8
2435 16364444 m2 3855487 -0.00109867996 0.5 p1 27038 8
50 16371191 m2 72533 -4.63258402e-05 0.5 p1 27050 8
2938 16416483 m2 4670113 -1.2817105e-05 0.5 p1 27133 8
1956 16421577 m2 3058577 -8.55067119e-05 0.5 p1 27143 8
2202 16424914 m2 3449208 -4.90447965e-05 0.5 p1 27149 8
210 16425473 m3 347322 0.00231886795 0.5 p1 27150 8
2325 16439575 m2 3667400 -1.12623297e-06 0.5 p1 27176 8
198 16458615 m2 329780 -0.000845775998 0.5 p1 27210 8
1946 16459680 m2 3044729 -1.11591889e-05 0.5 p1 27212 8
922 16473627 m2 1464214 -3.39577273e-05 0.5 p1 27237 8
2811 16480127 m2 4466744 -0.00174275378 0.5 p1 27249 8
914 16485154 m2 1451755 -0.000550805591 0.5 p1 27258 8
1536 16494399 m2 2393765 -3.70603593e-05 0.5 p1 27274 8
2487 16518338 m2 3941081 -8.84737528e-05 0.5 p1 27318 8
2176 16543401 m2 3410958 -0.000661110156 0.5 p1 27365 8
127 16547715 m2 203151 -0.000219993337 0.5 p1 27373 8
2634 16570060 m2 4189661 -2.04893149e-05 0.5 p1 27414 8
1644 16595472 m2 2552796 -0.00174796348 0.5 p1 27461 8
2514 16629021 m3 3986040 0.000575201295 0.5 p1 27523 8
10 16686836 m2 14766 -2.817922e-05 0.5 p1 27629 8
381 16693553 m2 610988 -0.000703898026 0.5 p1 27641 8
647 16701551 m2 1042107 -0.000646649336 0.5 p1 27656 8
1317 16718252 m2 2064197 -0.0002231533 0.5 p1 27687 8
3061 16721893 m2 4866277 -0.000291218457 0.5 p1 27693 8
2737 16742083 m3 4349534 0.000288820243 0.5 p1 27732 8
2939 16742177 m2 4672782 -0.000353163749 0.5 p1 27732 8
1126 16766085 m2 1778680 -0.000768663594 0.5 p1 27777 8
1775 16848006 m2 2749039 -0.000237146407 0.5 p1 27929 8
1730 16848308 m2 2678711 -0.000205333039 0.5 p1 27929 8
2370 16853148 m2 3747810 -1.72915009e-06 0.5 p1 27938 8
28 16858567 m2 43714 -7.89854021e-05 0.5 p1 27948 8
277 16880938 m2 448364 -1.14010436e-05 0.5 p1 27990 8
1850 16988182 m2 2864650 -0.000810111989 0.5 p1 28192 8
1359 16988718 m2 2126983 -0.000948807225 0.5 p1 28193 8
499 16989951 m2 822579 -0.000319842802 0.5 p1 28195 8
1120 16993570 m2 1769642 -0.000492302002 0.5 p1 28202 8
2329 17015408 m2 3672882 -0.000192492153 0.5 p1 28243 8
2879 17019304 m3 4578795 0.000403478713 0.5 p1 28250 8
2040 17037390 m2 3168847 -0.00189698732 0.5 p1 28283 8
2278 17041272 m3 3567391 0.000272201374 0.5 p1 28291 8
2323 17049038 m2 3656653 -0.000294906349 0.5 p1 28305 8
2378 17049971 m2 3764482 -0.000185854471 0.5 p1 28307 8
320 17059852 m2 514929 -3.38565519e-06 0.5 p1 28326 8
3048 17061700 m2 4844403 -0.000904168992 0.5 p1 28329 8
1448 17065166 m2 2284040 -3.87417858e-05 0.5 p1 28335 8
279 17069063 m3 450763 0.00158673362 0.5 p1 28343 8
2838 17109187 m2 4510742 -0.000174203349 0.5 p1 28418 8
1054 17113627 m2 1667144 -8.35325227e-06 0.5 p1 28427 8
665 17113851 m2 1062964 -0.000105085754 0.5 p1 28427 8
517 17127164 m2 845468 -7.66382946e-05 0.5 p1 28453 8
1169 17161129 m2 1842595 -2.01186431e-05 0.5 p1 28517 8
867 17161400 m2 1390752 -3.38108621e-05 0.5 p1 28517 8
372 17188333 m2 589639 -0.000121422585 0.5 p1 28570 8
385 17219591 m2 618983 -0.00122742739 0.5 p1 28630 8
420 17225967 m2 686249 -0.00015646829 0.5 p1 28643 8
2777 17240419 m3 4412005 0.00360759348 0.5 p1 28670 8
2054 17347582 m2 3203845 -7.30944976e-08 0.5 p1 28873 8
3071 17355527 m2 4876320 -0.00112358178 0.5 p1 28889 8
2554 17362134 m2 4055159 -0.000520502217 0.5 p1 28901 8
185 17371273 m2 303453 -0.000385549269 0.5 p1 28919 8
1996 17375217 m3 3124508 0.00167200412 0.5 p1 28926 8
2005 17379770 m2 3130675 -0.000366414402 0.5 p1 28934 8
158 17405398 m3 246374 0.00123032497 0.5 p1 28983 8
2912 17450900 m2 4629957 -0.000428833213 0.5 p1 29068 8
2066 17475810 m2 3215692 -0.000347176305 0.5 p1 29114 8
2552 17476312 m2 4050031 -0.000346315239 0.5 p1 29115 8
688 17478691 m2 1105018 -5.57191997e-05 0.5 p1 29119 8
678 17482661 m2 1077639 -0.00149510161 0.5 p1 29126 8
2152 17506036 m3 3357970 0.000106823223 0.5 p1 29170 8
1669 17512184 m2 2584695 -0.00060583977 0.5 p1 29181 8
1454 17524892 m2 2294618 -0.00042476572 0.5 p1 29205 8
1740 17537373 m2 2699317 -5.97038616e-06 0.5 p1 29229 8
31 17553677 m2 49112 -0.00040808224 0.5 p1 29260 8
1013 17561132 m2 1603610 -6.3965681e-06 0.5 p1 29273 8
912 17564244 m2 1451452 -6.94518822e-05 0.5 p1 29279 8
1148 17572408 m2 1808416 -0.000569662661 0.5 p1 29294 8
1904 17599468 m2 2947588 -0.000332505064 0.5 p1 29345 8
2818 17621939 m2 4478905 -3.10631294e-05 0.5 p1 29388 8
2845 17629680 m2 4522701 -3.61246123e-07 0.5 p1 29403 8
1773 17662670 m2 2747253 -0.000204510579 0.5 p1 29468 8
2301 17664200 m3 3602263 0.00229246635 0.5 p1 29471 8
1479 17671985 m2 2328889 -0.000930105511 0.5 p1 29486 8
1174 17689818 m2 1844781 -0.00134771119 0.5 p1 29519 8
516 17707342 m2 845121 -0.000818932953 0.5 p1 29553 8
1666 17707518 m2 2580893 -0.00167432323 0.5 p1 29553 8
1297 17750995 m3 2036901 0.000480835239 0.5 p1 29635 8
2449 17755774 m2 3886874 -0.000492261897 0.5 p1 29645 8
2829 17771768 m2 4491290 -0.00160646089 0.5 p1 29675 8
1928 17777794 m2 2995532 -5.53525351e-05 0.5 p1 29687 8
2627 17781402 m2 4177687 -0.000235654312 0.5 p1 29694 8
613 17794618 m2 985707 -0.000514665968 0.5 p1 29718 8
2533 17801122 m2 4027604 -0.00122667779 0.5 p1 29731 8
2884 17818663 m2 4583657 -0.00168804056 0.5 p1 29764 8
3096 17828911 m2 4907286 -0.00251267408 0.5 p1 29783 8
899 17843548 m2 1432062 -0.00175910792 0.5 p1 29811 8
1435 17849118 m2 2266237 -2.48177148e-05 0.5 p1 29821 8
1910 17855747 m2 2961044 -0.00169723411 0.5 p1 29834 8
522 17875455 m2 851610 -0.000421097939 0.5 p1 29871 8
2225 17912559 m2 3485600 -0.000216012457 0.5 p1 29942 8
1015 17922800 m3 1609782 0.000486713223 0.5 p1 29961 8
178 17926755 m3 289492 0.000707019703 0.5 p1 29969 8
2499 17938900 m2 3962229 -5.76798993e-05 0.5 p1 29992 8
2602 17952160 m2 4137128 -0.000766648271 0.5 p1 30017 8
826 17953436 m2 1331852 -0.00106287806 0.5 p1 30019 8
1115 17987241 m2 1760708 -0.000490670616 0.5 p1 30085 8
1895 17992428 m2 2934414 -0.000343350839 0.5 p1 30095 8
1683 18008473 m2 2609001 -0.000575613754 0.5 p1 30125 8
2936 18027504 m2 4668458 -0.000593882811 0.5 p1 30162 8
1242 18049766 m2 1957140 -0.0027487129 0.5 p1 30204 8
1129 18053356 m3 1781784 0.000710623572 0.5 p1 30211 8
370 18059231 m3 587742 0.00181648985 0.5 p1 30222 8
2357 18077867 m2 3728707 -0.00159796979 0.5 p1 30257 8
1017 18087489 m3 1611270 0.000808934681 0.5 p1 30275 8
1476 18091418 m2 2322491 -0.000623247703 0.5 p1 30283 8
2543 18095373 m3 4037279 0.00103468483 0.5 p1 30290 8
212 18100204 m2 349974 -0.00011441169 0.5 p1 30300 8
965 18114789 m3 1526709 0.00139562821 0.5 p1 30328 8
2298 18118620 m2 3596987 -0.00201866939 0.5 p1 30335 8
301 18125400 m2 486140 -0.000156383743 0.5 p1 30348 8
1592 18131042 m3 2474812 0.00139120279 0.5 p1 30359 8
2136 18139085 m2 3338534 -0.0024650062 0.5 p1 30375 8
3094 18171117 m2 4905086 -0.000140385528 0.5 p1 30435 8
592 18183803 m3 955516 0.00235632318 0.5 p1 30459 8
1178 18191794 m2 1851527 -4.42937016e-05 0.5 p1 30473 8
2520 18192387 m2 3999797 -0.0014949945 0.5 p1 30474 8
2968 18203274 m3 4716626 0.000535108324 0.5 p1 30494 8
488 18209726 m2 797546 -3.28735223e-05 0.5 p1 30507 8
1911 18223561 m2 2963715 -0.000653252355 0.5 p1 30533 8
705 18248363 m3 1128584 0.00310418056 0.5 p1 30581 8
337 18273292 m2 529807 -9.700806e-06 0.5 p1 30629 8
378 18287612 m3 605311 0.00134374807 0.5 p1 30656 8
1419 18302514 m2 2238540 -0.000638874946 0.5 p1 30683 8
2240 18354681 m2 3508699 -0.000191578016 0.5 p1 30781 8
2477 18357770 m2 3928756 -0.000321721018 0.5 p1 30787 8
124 18357991 m2 197537 -1.1293665e-05 0.5 p1 30787 8
1601 18361560 m2 2487610 -0.000450138847 0.5 p1 30794 8
2011 18366124 m2 3136364 -0.0015192643 0.5 p1 30802 8
2131 18366415 m2 3330111 -0.000285282847 0.5 p1 30803 8
1944 18393613 m2 3041125 -0.000519770605 0.5 p1 30854 8
235 18417865 m2 397650 -0.000441523502 0.5 p1 30900 8
315 18424779 m2 509709 -0.00237532845 0.5 p1 30913 8
1481 18453106 m3 2331119 0.000157037139 0.5 p1 30970 8
292 18459442 m2 466768 -6.10598192e-07 0.5 p1 30982 8
1721 18468592 m2 2662691 -4.08057203e-05 0.5 p1 31000 8
2140 18474929 m2 3342856 -0.00130301586 0.5 p1 31012 8
2652 18496761 m2 4208596 -0.000222988558 0.5 p1 31054 8
2924 18503822 m2 4649187 -0.00141206698 0.5 p1 31068 8
655 18515718 m2 1051703 -0.000162337019 0.5 p1 31091 8
2638 18542887 m3 4194208 0.00180981203 0.5 p1 31143 8
960 18568341 m2 1519621 -1.61107764e-05 0.5 p1 31191 8
2528 18607078 m2 4020064 -0.00106872199 0.5 p1 31267 8
2688 18614493 m3 4262342 0.0036275608 0.5 p1 31282 8
2994 18629063 m2 4756120 -0.000238488836 0.5 p1 31310 8
1603 18645874 m2 2489915 -0.000336228288 0.5 p1 31343 8
1685 18646447 m2 2611749 -0.000112126989 0.5 p1 31344 8
651 18652356 m2 1046246 -1.4555997e-05 0.5 p1 31355 8
1029 18689088 m2 1631524 -0.000218969188 0.5 p1 31428 8
1722 18714517 m2 2662702 -0.00122863508 0.5 p1 31478 8
545 18716535 m2 888143 -7.8530451e-05 0.5 p1 31482 8
2670 18721670 m3 4229596 0.000862795103 0.5 p1 31491 8
609 18729349 m2 980267 -0.000904290762 0.5 p1 31506 8
221 18743495 m2 366421 -0.000484911667 0.5 p1 31533 8
758 18748554 m2 1211448 -0.000501468836 0.5 p1 31543 8
2769 18750734 m2 4399643 -0.000852032797 0.5 p1 31547 8
1565 18756866 m2 2433406 -0.00044105592 0.5 p1 31558 8
1306 18759839 m2 2047595 -0.00211072201 0.5 p1 31564 8
2967 18770139 m2 4715141 -9.71772988e-06 0.5 p1 31584 8
2735 18771645 m2 4348222 -0.0035718421 0.5 p1 31587 8
891 18773658 m2 1421010 -3.80827587e-05 0.5 p1 31590 8
173 18805276 m2 281383 -0.00390257966 0.5 p1 31649 8
2082 18812704 m2 3234149 -0.00189242826 0.5 p1 31663 8
1138 18825542 m2 1797845 -0.000435576192 0.5 p1 31686 8
1882 18829027 m2 2917762 -0.000386184576 0.5 p1 31692 8
1133 18834043 m2 1790160 -2.4995119e-05 0.5 p1 31702 8
2381 18834044 m2 3770921 -0.000115062001 0.5 p1 31702 8
2201 18838341 m2 3448103 -2.82373694e-05 0.5 p1 31710 8
810 18844042 m3 1313469 0.00124980789 0.5 p1 31721 8
1617 18854053 m2 2505994 -1.08438653e-05 0.5 p1 31739 8
2821 18882443 m2 4481194 -5.44608483e-05 0.5 p1 31793 8
2000 18913248 m2 3127188 -0.000707046303 0.5 p1 31852 8
2422 18934813 m2 3833298 -0.000218894798 0.5 p1 31892 8
460 18939629 m3 761660 0.00323122786 0.5 p1 31901 8
623 19008521 m3 1005750 0.000178639239 0.5 p1 32032 8
1890 19040247 m2 2930310 -0.000717358722 0.5 p1 32091 8
3085 19048788 m2 4895830 -0.000142379882 0.5 p1 32107 8
2203 19050814 m2 3452455 -0.00119179185 0.5 p1 32111 8
2914 19125657 m2 4634132 -0.00143897079 0.5 p1 32256 8
48 19132233 m2 70568 -1.21629148e-06 0.5 p1 32268 8
966 19149486 m2 1528142 -0.00159676583 0.5 p1 32303 8
1646 19157501 m2 2555956 -0.000135397553 0.5 p1 32318 8
1024 19186207 m2 1623649 -0.000478807546 0.5 p1 32374 8
2293 19204008 m2 3590456 -1.15041679e-07 0.5 p1 32409 8
2911 19225749 m2 4627960 -0.000293404359 0.5 p1 32451 8
2172 19230102 m3 3403799 0.00181193883 0.5 p1 32460 8
1168 19234132 m2 1842477 -5.85133384e-05 0.5 p1 32468 8
2709 19238944 m2 4304458 -0.00126830151 0.5 p1 32478 8
1231 19244371 m2 1941852 -0.000527965836 0.5 p1 32489 8
3102 19245439 m2 4921005 -0.000481583877 0.5 p1 32491 8
2137 19251397 m2 3338903 -0.000543134753 0.5 p1 32504 8
445 19325493 m2 730705 -0.000787161291 0.5 p1 32650 8
2922 19371089 m2 4645252 -0.00252023689 0.5 p1 32738 8
2333 19375404 m2 3677696 -0.0001443363 0.5 p1 32746 8
2897 19402738 m2 4610526 -0.000535639701 0.5 p1 32799 8
1878 19419129 m2 2906675 -9.77527816e-05 0.5 p1 32831 8
2331 19437448 m2 3675761 -0.00232586963 0.5 p1 32868 8
387 19449985 m2 621284 -0.000108073793 0.5 p1 32893 8
2001 19457986 m3 3127385 0.00177906617 0.5 p1 32909 8
3116 19510416 m2 4950676 -3.57224017e-05 0.5 p1 33014 8
2753 19522436 m3 4380000 0.00197470444 0.5 p1 33038 8
1224 19546095 m2 1931016 -0.00109378272 0.5 p1 33085 8
2624 19595926 m2 4174241 -0.000136875315 0.5 p1 33183 8
103 19634489 m2 160298 -0.00163808651 0.5 p1 33259 8
1779 19642342 m2 2750909 -0.000667675689 0.5 p1 33275 8
3139 19654384 m2 4997865 -0.000233915009 0.5 p1 33299 8
2030 19660968 m2 3162053 -0.000390221889 0.5 p1 33312 8
105 19668628 m2 161006 -0.000116047529 0.5 p1 33327 8
49 19686669 m2 71755 -0.00023996782 0.5 p1 33363 8
336 19693499 m2 529638 -7.54261873e-06 0.5 p1 33377 8
2827 19746427 m2 4486785 -0.00311656925 0.5 p1 33481 8
1055 19753376 m2 1669034 -0.000603288645 0.5 p1 33494 8
2858 19825290 m2 4545433 -0.00104145112 0.5 p1 33634 8
1720 19846599 m2 2662188 -0.0011310525 0.5 p1 33676 8
1777 19854103 m2 2750655 -4.55889494e-06 0.5 p1 33691 8
1300 19861144 m2 2038626 -0.000430061016 0.5 p1 33705 8
111 19864228 m2 169960 -4.23161794e-07 0.5 p1 33711 8
1546 19887808 m2 2411974 -0.000210976883 0.5 p1 33756 8
443 19906785 m2 726121 -0.00116158277 0.5 p1 33793 8
2798 19909414 m2 4441893 -1.98364469e-05 0.5 p1 33798 8
1259 19910525 m2 1975460 -0.00028952409 0.5 p1 33800 8
2362 19973719 m2 3735912 -0.000586066511 0.5 p1 33925 8
383 19973949 m2 615223 -2.7281636e-05 0.5 p1 33926 8
1573 19979387 m2 2441097 -0.00105373934 0.5 p1 33936 8
842 19997433 m2 1362902 -0.000169997598 0.5 p1 33972 8
1988 20000593 m2 3105800 -1.74952618e-07 0.5 p1 33979 8
935 20035860 m2 1473992 -0.00175341219 0.5 p1 34048 8
515 20044469 m2 845082 -0.00313447556 0.5 p1 34065 8
1883 20049258 m3 2918686 0.00342454552 0.5 p1 34074 8
2535 20077061 m2 4029926 -0.000695901748 0.5 p1 34129 8
586 20093395 m2 948270 -7.86325982e-05 0.5 p1 34162 8
996 20119584 m2 1582526 -0.000449425279 0.5 p1 34213 8
572 20172393 m3 928320 0.000388798537 0.5 p1 34319 8
1687 20213731 m2 2613305 -0.00215397472 0.5 p1 34401 8
1372 20223614 m2 2155527 -0.000780069327 0.5 p1 34420 8
142 20224676 m2 218127 -0.00020569528 0.5 p1 34422 8
1511 20238173 m3 2374939 0.00041868657 0.5 p1 34448 8
949 20257259 m2 1502780 -0.000723144796 0.5 p1 34485 8
2599 20262137 m2 4131454 -0.00134766276 0.5 p1 34494 8
756 20278304 m2 1207728 -0.00183992705 0.5 p1 34526 8
749 20312219 m2 1194518 -2.89257258e-08 0.5 p1 34592 8
3062 20319931 m2 4868616 -1.68886356e-06 0.5 p1 34607 8
1989 20333171 m2 3107085 -0.000185423356 0.5 p1 34633 8
505 20341820 m2 832459 -0.000440927834 0.5 p1 34650 8
985 20347060 m2 1562527 -0.000433366949 0.5 p1 34660 8
619 20347486 m2 998189 -0.00199718424 0.5 p1 34661 8
845 20377580 m2 1369168 -1.15404546e-05 0.5 p1 34720 8
1568 20383441 m2 2436117 -4.07086372e-06 0.5 p1 34731 8
1443 20386247 m3 2279632 0.000424854254 0.5 p1 34736 8
1123 20392613 m2 1773945 -0.000121703248 0.5 p1 34749 8
3077 20408159 m2 4882266 -0.00198016362 0.5 p1 34779 8
942 20431638 m2 1487520 -0.000392631657 0.5 p1 34826 8
1725 20465152 m2 2664439 -1.07701244e-05 0.5 p1 34892 8
2693 20490760 m2 4270053 -0.000238112814 0.5 p1 34942 8
709 20499615 m2 1138448 -0.000406680105 0.5 p1 34959 8
2175 20505878 m3 3408146 0.00131731073 0.5 p1 34972 8
1405 20506950 m2 2217271 -0.000502523093 0.5 p1 34974 8
2448 20507763 m2 3885684 -0.000541196729 0.5 p1 34976 8
784 20508009 m2 1278767 -6.5360895e-05 0.5 p1 34976 8
1954 20537478 m2 3056229 -0.000320250023 0.5 p1 35033 8
41 20551706 m2 64547 -4.70005834e-05 0.5 p1 35061 8
597 20570399 m2 965669 -2.99400763e-05 0.5 p1 35098 8
454 20573359 m2 751979 -0.000290080789 0.5 p1 35104 8
1117 20577894 m2 1763951 -8.80879816e-06 0.5 p1 35113 8
1846 20587310 m2 2860762 -0.000403131999 0.5 p1 35132 8
2890 20615974 m2 4597007 -0.00265142485 0.5 p1 35189 8
1239 20651737 m3 1952331 0.00093081838 0.5 p1 35260 8
2455 20673841 m2 3898009 -0.000486049394 0.5 p1 35304 8
1783 20686671 m3 2761564 0.00126291963 0.5 p1 35330 8
1665 20687487 m2 2580437 -0.000580620253 0.5 p1 35331 8
512 20804319 m2 838511 -0.00508894585 0.5 p1 35562 8
117 20809298 m2 175007 -2.02444653e-06 0.5 p1 35572 8
3130 20813554 m2 4986050 -0.000338265934 0.5 p1 35581 8
392 20817649 m2 636838 -7.79260808e-05 0.5 p1 35590 8
1648 20827775 m3 2557835 0.00318954349 0.5 p1 35610 8
366 20839069 m2 585716 -0.000695349474 0.5 p1 35632 8
1263 20854407 m2 1983715 -0.000236963911 0.5 p1 35664 8
1692 20886721 m3 2617560 0.000912425457 0.5 p1 35728 8
2655 20893323 m3 4214853 0.00141253008 0.5 p1 35742 8
311 20901075 m2 505052 -0.000990752247 0.5 p1 35757 8
1757 20931908 m2 2718432 -0.000844518421 0.5 p1 35818 8
2409 20936298 m2 3816299 -0.000267929106 0.5 p1 35826 8
723 20979689 m2 1153009 -0.000127919877 0.5 p1 35913 8
917 20981037 m2 1457539 -0.000416647905 0.5 p1 35915 8
2493 20995211 m3 3953306 0.000242814553 0.5 p1 35944 8
1391 20996047 m2 2197267 -1.66756108e-05 0.5 p1 35946 8
1847 21013369 m2 2861495 -0.000110043882 0.5 p1 35981 8
2129 21014523 m2 3324921 -7.42590782e-05 0.5 p1 35983 8
1506 21019461 m2 2362334 -0.000164953235 0.5 p1 35993 8
2595 21023564 m2 4129047 -0.000217500114 0.5 p1 36001 8
2765 21034865 m3 4395090 0.000695313793 0.5 p1 36025 8
2740 21056851 m2 4351743 -0.000616170582 0.5 p1 36070 8
2245 21057046 m2 3522606 -0.000698944437 0.5 p1 36071 8
2192 21063253 m2 3429648 -0.000410295994 0.5 p1 36083 8
659 21085560 m2 1056034 -3.27261023e-06 0.5 p1 36129 8
3004 21181756 m2 4770621 -0.000892983691 0.5 p1 36324 8
779 21182836 m3 1265652 0.00131082395 0.5 p1 36327 8
2882 21196073 m2 4581421 -0.000358161458 0.5 p1 36354 8
3078 21213731 m2 4882803 -0.000895361591 0.5 p1 36390 8
964 21214882 m2 1523618 -0.000296886341 0.5 p1 36393 8
2855 21219527 m2 4540935 -0.00137396692 0.5 p1 36402 8
1192 21225464 m2 1870159 -4.71512867e-05 0.5 p1 36414 8
809 21232325 m2 1310877 -0.000171821259 0.5 p1 36427 8
1354 21233475 m2 2118517 -9.00165924e-06 0.5 p1 36429 8
38 21237175 m2 62656 -0.00129123882 0.5 p1 36437 8
523 21285010 m2 851616 -4.60846898e-08 0.5 p1 36536 8
479 21287541 m2 786787 -2.48103624e-05 0.5 p1 36541 8
2336 21293873 m2 3678990 -0.000282979163 0.5 p1 36554 8
2888 21331153 m2 4589974 -5.91077114e-05 0.5 p1 36630 8
2951 21341054 m2 4697237 -0.000367097527 0.5 p1 36651 8
2619 21356068 m2 4166177 -0.000885448302 0.5 p1 36681 8
2067 21361963 m2 3218818 -0.000243597082 0.5 p1 36693 8
2480 21367479 m2 3936217 -0.00101559749 0.5 p1 36704 8
2324 21376667 m3 3663610 0.00261570513 0.5 p1 36723 8
2886 21444430 m3 4586561 0.00368865859 0.5 p1 36860 8
1079 21447217 m2 1706556 -7.01493409e-05 0.5 p1 36866 8
1431 21447574 m2 2263516 -1.8406846e-06 0.5 p1 36866 8
992 21452984 m2 1576077 -0.000301185879 0.5 p1 36877 8
1738 21463675 m2 2695384 -0.00242007407 0.5 p1 36899 8
675 21465818 m2 1076622 -9.40152222e-06 0.5 p1 36903 8
1763 21487543 m2 2729789 -0.000123120393 0.5 p1 36948 8
166 21564126 m2 264119 -0.000218080633 0.5 p1 37104 8
535 21570047 m2 877525 -0.000841415487 0.5 p1 37116 8
2949 21602236 m2 4689812 -0.000825842901 0.5 p1 37182 8
357 21610364 m2 567951 -4.82484647e-05 0.5 p1 37199 8
1045 21623396 m2 1660226 -0.000837530417 0.5 p1 37226 8
2024 21638057 m2 3149976 -0.000244553696 0.5 p1 37256 8
2181 21681323 m3 3416586 0.00270914217 0.5 p1 37344 8
3053 21683156 m2 4852681 -0.000173119144 0.5 p1 37348 8
1282 21687866 m2 2007888 -0.00106751057 0.5 p1 37357 8
2313 21693028 m2 3635231 -0.000666714855 0.5 p1 37368 8
1219 21698132 m3 1920897 0.00202423427 0.5 p1 37378 8
798 21705399 m2 1297508 -0.000946932822 0.5 p1 37393 8
2319 21712372 m2 3654660 -0.000290491938 0.5 p1 37407 8
54 21721569 m2 87368 -0.000611716881 0.5 p1 37426 8
1404 21726912 m2 2217079 -0.000640605227 0.5 p1 37437 8
576 21732369 m2 936039 -0.000506136799 0.5 p1 37448 8
1247 21776743 m2 1963223 -0.00293912436 0.5 p1 37539 8
2115 21780710 m2 3302687 -4.66637284e-05 0.5 p1 37548 8
1703 21786401 m2 2634776 -0.00123813574 0.5 p1 37559 8
2587 21805451 m2 4111716 -0.000235831438 0.5 p1 37597 8
633 21832694 m2 1024919 -0.000273611775 0.5 p1 37653 8
58 21837111 m2 94901 -0.000396109535 0.5 p1 37662 8
3051 21843063 m2 4849566 -3.73276343e-05 0.5 p1 37674 8
2209 21858034 m2 3463776 -0.00104454427 0.5 p1 37704 8
1281 21863627 m2 2005216 -8.53298943e-08 0.5 p1 37716 8
2429 21864508 m2 3847504 -0.000812193728 0.5 p1 37717 8
3021 21893827 m2 4792662 -0.00137812737 0.5 p1 37778 8
2915 21900640 m2 4638731 -0.000367764616 0.5 p1 37792 8
2998 21908576 m2 4761513 -9.38428784e-05 0.5 p1 37809 8
2095 21918649 m2 3258488 -0.00359131279 0.5 p1 37829 8
2306 21926400 m2 3616720 -0.000140871314 0.5 p1 37845 8
2242 21928916 m2 3515172 -0.000500391005 0.5 p1 37850 8
2662 21974865 m2 4222367 -0.000100335928 0.5 p1 37943 8
746 21975004 m2 1188202 -0.00173746562 0.5 p1 37943 8
2729 21991137 m2 4342291 -1.15305602e-05 0.5 p1 37975 8
707 22009792 m3 1133969 0.00242798333 0.5 p1 38013 8
122 22059593 m2 192534 -0.00049759692 0.5 p1 38115 8
1952 22059712 m2 3053650 -0.00020385049 0.5 p1 38115 8
2504 22103520 m2 3967713 -0.00283360109 0.5 p1 38205 8
463 22114846 m2 766717 -0.000172913002 0.5 p1 38228 8
147 22132025 m2 235604 -0.000181808733 0.5 p1 38262 8
1676 22140734 m2 2598716 -0.00139009918 0.5 p1 38279 8
3028 22151443 m2 4800451 -0.000879326719 0.5 p1 38302 8
2675 22159481 m2 4240875 -9.49111782e-05 0.5 p1 38318 8
2712 22161347 m2 4307153 -0.00334606785 0.5 p1 38322 8
1851 22163899 m2 2864734 -0.000811457983 0.5 p1 38327 8
3090 22165527 m2 4901825 -0.000266846211 0.5 p1 38330 8
1458 22170946 m3 2300859 0.000276366947 0.5 p1 38341 8
3055 22176095 m3 4859076 0.00107649469 0.5 p1 38351 8
2199 22178242 m2 3440476 -2.21611645e-05 0.5 p1 38355 8
663 22238221 m2 1060533 -1.55910784e-05 0.5 p1 38479 8
495 22263820 m3 814815 0.00147309608 0.5 p1 38532 8
3117 22270975 m2 4951022 -0.000585116679 0.5 p1 38546 8
2431 22277456 m2 3848573 -0.000151349537 0.5 p1 38560 8
918 22278324 m2 1459243 -0.000360957813 0.5 p1 38562 8
332 22281360 m2 521872 -0.000441090902 0.5 p1 38569 8
461 22284262 m3 762459 0.00179285964 0.5 p1 38575 8
2942 22314929 m2 4674584 -0.000162328914 0.5 p1 38638 8
781 22318074 m2 1271796 -0.000100316742 0.5 p1 38645 8
396 22325389 m2 645334 -0.000552748214 0.5 p1 38660 8
199 22326189 m2 330130 -7.70945917e-05 0.5 p1 38662 8
276 22326278 m2 445975 -8.48526615e-05 0.5 p1 38662 8
1705 22331147 m2 2638235 -6.22745766e-09 0.5 p1 38672 8
2859 22339108 m2 4545630 -0.00193230528 0.5 p1 38689 8
239 22342049 m2 401940 -0.000205195989 0.5 p1 38695 8
1561 22360905 m2 2428530 -1.06553616e-05 0.5 p1 38734 8
2302 22378960 m3 3602946 0.000643179286 0.5 p1 38772 8
1607 22385381 m2 2496499 -0.000909198599 0.5 p1 38785 8
2773 22445332 m2 4408042 -0.00166489498 0.5 p1 38910 8
2390 22464361 m2 3784332 -0.000797511893 0.5 p1 38949 8
2296 22472187 m2 3594942 -0.000119460667 0.5 p1 38965 8
2957 22477196 m2 4702999 -0.000880955951 0.5 p1 38976 8
11 22485769 m2 14791 -0.000767498044 0.5 p1 38994 8
853 22506437 m2 1374322 -0.000158453506 0.5 p1 39036 8
3115 22515832 m2 4949732 -0.000228330042 0.5 p1 39056 8
2307 22516275 m2 3621531 -0.000360753882 0.5 p1 39057 8
1400 22521433 m2 2210550 -6.85554041e-05 0.5 p1 39067 8
484 22535715 m2 793019 -0.000491663755 0.5 p1 39097 8
2315 22547610 m2 3638723 -6.01932043e-05 0.5 p1 39122 8
227 22564898 m3 378536 0.00190374826 0.5 p1 39158 8
1752 22579609 m2 2707255 -0.000871140102 0.5 p1 39189 8
1287 22616933 m2 2016717 -0.00150334381 0.5 p1 39269 8
1485 22627881 m2 2337735 -0.00160216214 0.5 p1 39292 8
1215 22636891 m2 1907734 -0.00139583356 0.5 p1 39311 8
864 22664656 m3 1384975 0.000688616419 0.5 p1 39368 8
146 22673398 m2 233727 -0.000181590513 0.5 p1 39386 8
1248 22674589 m2 1964476 -0.00021850015 0.5 p1 39389 8
302 22745871 m2 486590 -0.000547421689 0.5 p1 39535 8
2626 22901114 m2 4176876 -0.000681301346 0.5 p1 39853 8
2997 22941171 m2 4761108 -0.000247253163 0.5 p1 39936 8
2848 22950555 m2 4525661 -0.000244567229 0.5 p1 39956 8
2464 22952816 m2 3904174 -9.73221613e-05 0.5 p1 39960 8
2014 22959587 m2 3139072 -0.00219184766 0.5 p1 39974 8
165 22972627 m2 262718 -0.000500284543 0.5 p1 40002 8
2720 23005048 m2 4331057 -2.52652721e-09 0.5 p1 40070 8
989 23012079 m2 1569619 -0.000287155475 0.5 p1 40084 8
1580 23029805 m2 2457563 -0.000318560196 0.5 p1 40120 8
2462 23051538 m2 3902150 -0.00115098478 0.5 p1 40166 8
1 23089192 m2 3062 -7.80023838e-05 0.5 p1 40245 8
3013 23112115 m2 4781459 -6.60739679e-05 0.5 p1 40293 8
2145 23117096 m3 3345805 0.00143364095 0.5 p1 40304 8
3026 23124392 m2 4797453 -0.000177715585 0.5 p1 40319 8
2979 23139690 m2 4733869 -0.00114792888 0.5 p1 40351 8
1808 23160441 m2 2801853 -0.000762149983 0.5 p1 40395 8
1973 23162451 m2 3077242 -2.90796424e-06 0.5 p1 40399 8
1586 23183127 m2 2464426 -0.000231844286 0.5 p1 40443 8
247 23186234 m2 409663 -0.000698994147 0.5 p1 40450 8
2100 23206450 m2 3275796 -4.62041072e-07 0.5 p1 40494 8
2744 23211487 m2 4359617 -0.000545165793 0.5 p1 40504 8
1655 23217692 m3 2567529 1.46311459e-05 0.5 p1 40517 8
1576 23261456 m2 2450027 -0.00241908524 0.5 p1 40611 8
2758 23295519 m2 4386217 -5.77110256e-07 0.5 p1 40684 8
916 23317908 m2 1455920 -0.00284540234 0.5 p1 40731 8
530 23325673 m2 866448 -0.000174863206 0.5 p1 40748 8
1581 23330234 m2 2460281 -3.5354816e-07 0.5 p1 40757 8
2611 23364982 m2 4148511 -0.00101294857 0.5 p1 40830 8
1968 23366987 m2 3068787 -0.00257861242 0.5 p1 40834 8
267 23371182 m2 439643 -7.98763867e-05 0.5 p1 40843 8
3112 23376977 m2 4941954 -0.000787220837 0.5 p1 40855 8
1510 23379904 m2 2372468 -9.05141496e-05 0.5 p1 40861 8
2747 23385465 m2 4368734 -5.21025686e-05 0.5 p1 40873 8
2485 23401088 m2 3939260 -0.000240896858 0.5 p1 40906 8
2805 23429029 m2 4459262 -0.00017459692 0.5 p1 40966 8
2705 23446066 m3 4294739 0.0016987042 0.5 p1 41004 8
3121 23454427 m2 4956638 -0.002048644 0.5 p1 41022 8
270 23483733 m2 440764 -0.000310565549 0.5 p1 41086 8
1636 23486867 m2 2546182 -0.000500708236 0.5 p1 41092 8
933 23491920 m2 1472634 -0.000992042013 0.5 p1 41103 8
2647 23513413 m2 4203139 -0.000613205018 0.5 p1 41150 8
2754 23515759 m2 4381033 -0.000419599208 0.5 p1 41155 8
2122 23534843 m2 3316755 -6.48236819e-05 0.5 p1 41196 8
2801 23544247 m2 4448282 -0.0024599575 0.5 p1 41217 8
2170 23551904 m2 3402295 -1.0200918e-05 0.5 p1 41233 8
2231 23580178 m2 3495502 -0.000108680739 0.5 p1 41292 8
1041 23582356 m2 1655870 -0.000904486631 0.5 p1 41297 8
614 23601933 m2 986205 -0.000443091994 0.5 p1 41339 8
2085 23602192 m2 3237895 -0.000864734873 0.5 p1 41340 8
838 23605105 m2 1356210 -0.00197105249 0.5 p1 41346 8
2111 23626909 m2 3297022 -0.000340932194 0.5 p1 41393 8
1474 23631437 m2 2317740 -0.000140368764 0.5 p1 41403 8
604 23656106 m2 972924 -0.000196428286 0.5 p1 41456 8
1701 23656750 m2 2632923 -0.000987415551 0.5 p1 41458 8
2571 23672997 m3 4086781 0.00099770329 0.5 p1 41492 8
1613 23715130 m2 2503641 -7.44441568e-05 0.5 p1 41583 8
1008 23715937 m2 1600900 -2.68678014e-06 0.5 p1 41585 8
1508 23736545 m2 2365553 -0.00124712579 0.5 p1 41628 8
1984 23741630 m2 3098827 -0.000116847463 0.5 p1 41639 8
532 23754942 m2 871839 -0.000717651157 0.5 p1 41667 8
507 23773265 m2 835208 -0.00227601919 0.5 p1 41705 8
1188 23779204 m3 1863366 0.00398909627 0.5 p1 41718 8
2414 23781759 m2 3826134 -0.000197026369 0.5 p1 41724 8
834 23810374 m2 1347157 -0.00102475355 0.5 p1 41784 8
1502 23855289 m2 2358006 -0.00163614342 0.5 p1 41883 8
1480 23860447 m2 2330702 -0.000370338792 0.5 p1 41895 8
451 23864431 m2 743247 -0.000698930351 0.5 p1 41904 8
169 23869839 m2 268353 -6.95222261e-05 0.5 p1 41916 8
2469 23871586 m2 3908694 -1.60809793e-06 0.5 p1 41920 8
1177 23886569 m2 1849737 -0.000301883236 0.5 p1 41953 8
119 23891291 m2 180953 -2.63815928e-05 0.5 p1 41963 8
240 23893476 m2 404095 -3.01077016e-05 0.5 p1 41968 8
874 23899690 m3 1394319 0.000903253851 0.5 p1 41981 8
863 23918013 m2 1383569 -0.000306523551 0.5 p1 42022 8
424 23930294 m2 688428 -0.000885759073 0.5 p1 42048 8
2900 23938478 m2 4613721 -4.13534781e-06 0.5 p1 42066 8
2185 23991034 m2 3419274 -0.000736676389 0.5 p1 42180 8
950 23991066 m2 1503584 -0.00146772631 0.5 p1 42180 8
1735 24006700 m2 2686311 -0.000220973423 0.5 p1 42215 8
242 24048138 m2 405510 -0.00301866024 0.5 p1 42305 8
255 24048951 m2 417006 -0.00109439169 0.5 p1 42307 8
95 24052578 m2 152486 -0.000653516036 0.5 p1 42315 8
47 24055130 m2 70277 -6.7901492e-06 0.5 p1 42320 8
2123 24058126 m2 3319014 -0.000681512232 0.5 p1 42327 8
1587 24061870 m2 2466580 -5.98793449e-05 0.5 p1 42335 8
1838 24071675 m2 2850407 -3.60254198e-05 0.5 p1 42356 8
776 24079643 m2 1256501 -6.04347806e-05 0.5 p1 42373 8
511 24165232 m2 837252 -0.00101930671 0.5 p1 42562 8
304 24197571 m2 494276 -0.000441562239 0.5 p1 42635 8
1316 24201481 m2 2063534 -0.00162501819 0.5 p1 42643 8
2470 24205325 m2 3909653 -6.64199479e-06 0.5 p1 42652 8
1321 24208295 m2 2072933 -0.00286990567 0.5 p1 42658 8
2586 24228817 m2 4109342 -0.00025340938 0.5 p1 42702 8
61 24243190 m2 99333 -0.00096821913 0.5 p1 42732 8
2189 24243397 m2 3427852 -2.17588749e-05 0.5 p1 42733 8
418 24252199 m2 679047 -0.000613284763 0.5 p1 42752 8
2412 24253474 m2 3821743 -0.000589332485 0.5 p1 42754 8
2472 24257255 m2 3912414 -7.23893891e-07 0.5 p1 42762 8
923 24264018 m2 1464624 -0.000282691733 0.5 p1 42777 8
1252 24264686 m2 1966676 -0.000907856855 0.5 p1 42778 8
1269 24269841 m2 1992537 -0.000117452539 0.5 p1 42789 8
1598 24310562 m2 2482812 -6.92977983e-06 0.5 p1 42876 8
2419 24315210 m2 3830715 -0.00041500901 0.5 p1 42886 8
137 24320112 m2 209795 -0.00101549644 0.5 p1 42897 8
2236 24327865 m2 3505344 -0.00152125838 0.5 p1 42914 8
1532 24338368 m2 2388976 -1.20447694e-05 0.5 p1 42937 8
1726 24340465 m3 2668037 0.000233441126 0.5 p1 42942 8
1064 24351267 m2 1683214 -0.00043161583 0.5 p1 42966 8
525 24351564 m2 853006 -0.000160500102 0.5 p1 42967 8
2439 24387107 m2 3859725 -0.00076202926 0.5 p1 43045 8
2093 24395324 m2 3255279 -0.000643752282 0.5 p1 43063 8
1127 24403541 m2 1780896 -4.98392255e-05 0.5 p1 43081 8
760 24419839 m2 1217683 -0.00010820687 0.5 p1 43116 8
1789 24427361 m2 2772728 -0.00032957815 0.5 p1 43133 8
1088 24467249 m2 1719105 -0.000100522637 0.5 p1 43223 8
40 24478989 m2 64459 -0.000389749766 0.5 p1 43249 8
2889 24508435 m2 4595357 -0.000973122194 0.5 p1 43315 8
2983 24514116 m2 4737994 -3.25272449e-05 0.5 p1 43328 8
654 24529015 m2 1050276 -1.78847256e-06 0.5 p1 43360 8
1447 24536926 m2 2282734 -0.000950033485 0.5 p1 43377 8
1142 24552485 m2 1803339 -1.07126459e-06 0.5 p1 43412 8
988 24552764 m3 1566000 0.0017505025 0.5 p1 43412 8
3122 24555903 m2 4956830 -5.4745542e-05 0.5 p1 43419 8
1936 24558020 m2 3015081 -0.00012740097 0.5 p1 43424 8
3049 24580228 m2 4846900 -0.000671230606 0.5 p1 43473 8
421 24590598 m2 686484 -0.000132026456 0.5 p1 43496 8
635 24617515 m3 1027063 0.000190590697 0.5 p1 43555 8
101 24620638 m2 159926 -0.000298557454 0.5 p1 43562 8
1678 24649180 m2 2605572 -0.0021063427 0.5 p1 43627 8
2593 24662636 m2 4125469 -0.00194785988 0.5 p1 43657 8
1018 24676707 m2 1612107 -0.000594657555 0.5 p1 43688 8
2730 24678243 m2 4345564 -0.000336629979 0.5 p1 43692 8
2495 24690216 m2 3955926 -0.000805512245 0.5 p1 43717 8
1849 24702229 m2 2864536 -0.00300630555 0.5 p1 43743 8
491 24703564 m2 804345 -0.00146377657 0.5 p1 43746 8
3031 24745611 m2 4808512 -0.000629002112 0.5 p1 43839 8
281 24750364 m2 453983 -0.000132121131 0.5 p1 43849 8
1560 24756695 m2 2428247 -0.000401971658 0.5 p1 43863 8
2746 24820838 m2 4365902 -1.26678435e-06 0.5 p1 44006 8
134 24828901 m3 206775 0.000860026455 0.5 p1 44025 8
2023 24841043 m2 3149951 -0.000826721196 0.5 p1 44052 8
1922 24859489 m3 2981831 0.00161277154 0.5 p1 44093 8
1877 24876617 m2 2904005 -7.67096499e-05 0.5 p1 44132 8
2004 24891860 m2 3130424 -0.000324243563 0.5 p1 44167 8
724 24898818 m3 1153934 0.00154485751 0.5 p1 44183 8
3024 24900965 m2 4797055 -0.00029486214 0.5 p1 44188 8
177 24901887 m2 288635 -0.000279010535 0.5 p1 44190 8
1501 24910923 m3 2355345 0.00270838453 0.5 p1 44211 8
624 24927575 m2 1009239 -0.000856885919 0.5 p1 44248 8
1175 24929137 m2 1846962 -0.000147187573 0.5 p1 44252 8
1548 24956787 m2 2414101 -0.00160501886 0.5 p1 44314 8
692 25001211 m2 1117733 -0.000160437907 0.5 p1 44414 8
2687 25002319 m2 4261327 -1.98396883e-05 0.5 p1 44416 8
2982 25017141 m2 4737546 -0.000392593269 0.5 p1 44450 8
596 25037638 m2 961597 -1.96315887e-05 0.5 p1 44495 8
1141 25048215 m3 1802725 0.00456011668 0.5 p1 44520 8
803 25055359 m2 1301135 -7.65553996e-05 0.5 p1 44536 8
794 25065122 m2 1288302 -0.00130881951 0.5 p1 44557 8
1475 25066665 m2 2320571 -1.24060307e-06 0.5 p1 44561 8
2290 25091831 m3 3586192 0.000372918963 0.5 p1 44617 8
1468 25106614 m3 2313091 0.000983878737 0.5 p1 44650 8
1832 25129904 m2 2840625 -0.000233263097 0.5 p1 44702 8
1930 25134733 m2 3001831 -3.53125688e-05 0.5 p1 44713 8
1026 25140841 m2 1630940 -5.36321568e-05 0.5 p1 44727 8
1891 25147673 m2 2931853 -0.000988112879 0.5 p1 44742 8
1990 25153168 m3 3108880 0.00122560153 0.5 p1 44755 8
686 25166618 m2 1094371 -0.0025872984 0.5 p1 44786 8
1039 25168576 m2 1651512 -0.000215659937 0.5 p1 44791 8
2989 25179031 m2 4750997 -0.00188221072 0.5 p1 44815 8
2653 25182267 m3 4211555 0.000730593572 0.5 p1 44822 8
1695 25255836 m2 2626553 -0.00404448202 0.5 p1 44992 8
1349 25282083 m3 2107959 0.000321735133 0.5 p1 45051 8
1761 25286436 m2 2725373 -0.00109679054 0.5 p1 45061 8
1716 25310132 m2 2657697 -0.00103499065 0.5 p1 45114 8
286 25322442 m2 459574 -0.000887611823 0.5 p1 45142 8
1277 25325987 m2 2002141 -0.000355833734 0.5 p1 45150 8
1863 25335779 m2 2883495 -6.95750787e-05 0.5 p1 45173 8
1531 25345369 m2 2388517 -0.000142462464 0.5 p1 45195 8
743 25346113 m2 1185733 -0.00053139776 0.5 p1 45196 8
1574 25368018 m2 2447072 -0.00155200262 0.5 p1 45245 8
1616 25372898 m2 2505662 -0.00281790714 0.5 p1 45256 8
100 25414840 m2 159701 -6.59901889e-06 0.5 p1 45349 8
73 25420559 m2 121679 -9.37954974e-05 0.5 p1 45362 8
3087 25446507 m3 4900367 0.000836676161 0.5 p1 45421 8
243 25451584 m3 406855 0.00250257133 0.5 p1 45432 8
2415 25457175 m2 3826433 -0.000285151385 0.5 p1 45445 8
3015 25462129 m2 4781726 -1.76893973e-05 0.5 p1 45455 8
850 25464543 m2 1371114 -0.00160023756 0.5 p1 45461 8
1206 25468411 m2 1894592 -0.000662381004 0.5 p1 45470 8
785 25477174 m3 1279546 0.00280591473 0.5 p1 45490 8
2699 25490574 m2 4284664 -8.37834232e-05 0.5 p1 45520 8
3120 25523757 m2 4953741 -9.98265659e-06 0.5 p1 45595 8
1486 25540043 m2 2338672 -0.000312983291 0.5 p1 45631 8
448 25583825 m3 741098 0.000478444679 0.5 p1 45729 8
2157 25584148 m2 3370402 -0.00269885804 0.5 p1 45729 8
473 25620351 m2 779725 -0.000214653672 0.5 p1 45811 8
1887 25647862 m2 2925886 -0.000108777436 0.5 p1 45874 8
719 25656844 m2 1146534 -0.00164259924 0.5 p1 45894 8
879 25673114 m3 1401761 0.000468885934 0.5 p1 45930 8
625 25711540 m2 1014799 -0.000104828236 0.5 p1 46017 8
1640 25716846 m3 2550498 0.00429268042 0.5 p1 46029 8
2965 25719737 m2 4711949 -0.00217215368 0.5 p1 46036 8
1537 25721848 m2 2394887 -0.000730796542 0.5 p1 46041 8
2197 25724025 m2 3437474 -0.000244514726 0.5 p1 46045 8
2163 25731219 m2 3384582 -0.00102273503 0.5 p1 46061 8
2676 25754871 m2 4242716 -0.000598309096 0.5 p1 46114 8
984 25790064 m2 1558093 -1.90766851e-08 0.5 p1 46193 8
1139 25821221 m2 1801951 -2.36737128e-06 0.5 p1 46263 8
2785 25842187 m2 4427243 -0.000482927135 0.5 p1 46311 8
2909 25865842 m2 4624226 -0.00265572453 0.5 p1 46365 8
2374 25866435 m2 3758565 -0.000157036324 0.5 p1 46366 8
533 25880836 m2 871935 -0.000472388056 0.5 p1 46399 8
333 25885609 m2 524732 -2.14631473e-06 0.5 p1 46409 8
1430 25906234 m2 2259841 -0.000747967686 0.5 p1 46457 8
1885 25920534 m3 2921892 0.00205269945 0.5 p1 46489 8
1717 25920897 m2 2659899 -0.000202096227 0.5 p1 46490 8
1819 25947540 m2 2818630 -1.74363595e-05 0.5 p1 46551 8
115 25952301 m2 173281 -0.00239701569 0.5 p1 46562 8
1352 25954539 m2 2116258 -0.00268849987 0.5 p1 46567 8
2015 25961729 m2 3141026 -0.00166919979 0.5 p1 46583 8
1042 25972787 m2 1658484 -0.000848278985 0.5 p1 46609 8
1503 25972858 m2 2358870 -0.000126770203 0.5 p1 46609 8
849 26001125 m2 1370799 -0.00041365996 0.5 p1 46672 8
1997 26012553 m2 3125231 -0.000111458066 0.5 p1 46699 8
2048 26022472 m2 3185344 -0.00133866759 0.5 p1 46722 8
1195 26026840 m2 1875404 -0.000848570373 0.5 p1 46732 8
86 26031926 m2 137173 -0.00500755245 0.5 p1 46744 8
1964 26042526 m2 3064476 -0.00160578825 0.5 p1 46768 8
1634 26045717 m2 2545443 -0.00356524088 0.5 p1 46775 8
2483 26052714 m2 3937398 -0.000580314896 0.5 p1 46790 8
43 26082198 m2 65650 -0.00128986361 0.5 p1 46858 8
205 26106981 m2 336613 -0.000317527883 0.5 p1 46916 8
70 26107036 m2 115601 -0.000411052635 0.5 p1 46916 8
1260 26107224 m2 1976592 -0.00166694203 0.5 p1 46916 8
5 26111434 m2 9441 -2.92637178e-05 0.5 p1 46926 8
271 26121950 m2 441458 -9.74431823e-05 0.5 p1 46950 8
987 26128458 m2 1565244 -0.000110615671 0.5 p1 46965 8
2032 26147336 m2 3164017 -0.00159066217 0.5 p1 47009 8
595 26175636 m2 960215 -0.000804768293 0.5 p1 47076 8
1308 26186221 m2 2049815 -2.23486622e-05 0.5 p1 47100 8
2338 26191292 m2 3688591 -0.000540290028 0.5 p1 47112 8
1050 26202560 m2 1663076 -0.00127513206 0.5 p1 47139 8
2707 26203726 m2 4296456 -0.00102720351 0.5 p1 47142 8
3052 26206859 m2 4851596 -0.000755496381 0.5 p1 47149 8
2474 26220196 m2 3921104 -0.000427321589 0.5 p1 47181 8
489 26223958 m2 802565 -0.00182260713 0.5 p1 47190 8
2351 26238620 m2 3716116 -0.000781292969 0.5 p1 47225 8
131 26255155 m2 205234 -0.00145097403 0.5 p1 47264 8
467 26266978 m2 771797 -0.000689924345 0.5 p1 47292 8
2577 26269393 m2 4093895 -0.000747815182 0.5 p1 47298 8
2663 26282039 m2 4224196 -0.00145713589 0.5 p1 47328 8
153 26284119 m2 241399 -0.000332703785 0.5 p1 47333 8
2174 26290437 m2 3408013 -0.000131133464 0.5 p1 47348 8
2874 26312681 m2 4566969 -0.00134506542 0.5 p1 47400 8
2446 26322400 m3 3883716 0.00055612548 0.5 p1 47423 8
1147 26327843 m2 1808239 -2.31957383e-05 0.5 p1 47436 8
74 26358138 m3 122888 0.00237255567 0.5 p1 47507 8
1975 26365789 m2 3081944 -0.00848595891 0.5 p1 47525 8
1588 26373364 m2 2469338 -0.00013761119 0.5 p1 47543 8
2098 26377110 m2 3271454 -0.000125705774 0.5 p1 47552 8
1768 26382619 m2 2737517 -0.00176984817 0.5 p1 47565 8
796 26397045 m2 1290416 -1.03251987e-05 0.5 p1 47600 8
2677 26420983 m3 4246462 0.00354169589 0.5 p1 47658 8
717 26430432 m2 1144705 -0.000194957145 0.5 p1 47680 8
814 26437543 m2 1317256 -2.13253566e-06 0.5 p1 47697 8
116 26439651 m2 174815 -0.000456921465 0.5 p1 47702 8
1926 26441357 m2 2990027 -0.0012463585 0.5 p1 47706 8
2928 26473160 m3 4652592 0.000943135063 0.5 p1 47781 8
679 26481019 m2 1079420 -6.30029099e-05 0.5 p1 47800 8
2612 26495348 m2 4151701 -9.5565847e-05 0.5 p1 47834 8
1535 26509585 m2 2393529 -0.000265247421 0.5 p1 47867 8
2006 26519593 m2 3131440 -0.000863332883 0.5 p1 47891 8
1932 26536574 m2 3005026 -0.00217400515 0.5 p1 47931 8
1395 26543243 m2 2199672 -8.61565204e-05 0.5 p1 47946 8
521 26555775 m2 851358 -0.000187016602 0.5 p1 47975 8
1500 26556577 m2 2354774 -0.00314627541 0.5 p1 47977 8
34 26564112 m2 53816 -7.10036659e-07 0.5 p1 47996 8
2492 26572973 m2 3952716 -0.000231165221 0.5 p1 48017 8
2733 26577849 m2 4346943 -0.000469511753 0.5 p1 48029 8
2561 26591536 m3 4068985 0.000763310469 0.5 p1 48062 8
2393 26602447 m2 3788145 -0.00100606726 0.5 p1 48089 8
653 26607212 m2 1049747 -0.00543272123 0.5 p1 48100 8
2808 26632958 m2 4462150 -0.000519327004 0.5 p1 48160 8
1533 26637901 m2 2389316 -0.0012892494 0.5 p1 48171 8
2877 26641397 m2 4571878 -0.000725532358 0.5 p1 48180 8
716 26660224 m2 1144396 -0.000100430545 0.5 p1 48224 8
432 26662086 m2 710013 -0.000297489605 0.5 p1 48229 8
947 26666462 m2 1500175 -6.62510065e-05 0.5 p1 48239 8
1449 26684353 m3 2287750 0.00167149666 0.5 p1 48282 8
1170 26695832 m2 1843693 -0.00112660811 0.5 p1 48310 8
696 26700552 m2 1121820 -0.000521377951 0.5 p1 48321 8
2943 26714006 m2 4678904 -0.00140084419 0.5 p1 48353 8
2497 26724468 m2 3959517 -1.95109151e-05 0.5 p1 48378 8
76 26727118 m2 123493 -0.000422030134 0.5 p1 48384 8
2654 26741739 m2 4211800 -0.000703806814 0.5 p1 48420 8
1643 26745385 m2 2551144 -0.000896906015 0.5 p1 48428 8
1492 26759923 m2 2347615 -0.00261912891 0.5 p1 48463 8
112 26769555 m2 170645 -0.000743631448 0.5 p1 48485 8
750 26771766 m2 1195783 -0.000156193346 0.5 p1 48490 8
2267 26785078 m2 3545291 -7.200869e-05 0.5 p1 48521 8
1181 26796536 m2 1859637 -0.000274176651 0.5 p1 48548 8
682 26806579 m2 1082584 -0.000564587652 0.5 p1 48571 8
3126 26811923 m3 4962031 0.000358974066 0.5 p1 48585 8
2590 26849104 m2 4115324 -0.00162829028 0.5 p1 48672 8
2761 26875849 m2 4390742 -0.000643939886 0.5 p1 48736 8
313 26883237 m2 505573 -0.000247069926 0.5 p1 48754 8
1089 26900212 m2 1720513 -3.04169339e-06 0.5 p1 48794 8
2109 26907381 m2 3289918 -4.70635969e-05 0.5 p1 48812 8
513 26963036 m2 840039 -0.000786150456 0.5 p1 48946 8
1386 26989260 m2 2184602 -0.000865164329 0.5 p1 49011 8
1635 26990275 m2 2545781 -0.00056586467 0.5 p1 49014 8
2427 27021277 m2 3845838 -0.00612477772 0.5 p1 49089 8
671 27023250 m2 1067880 -3.38253869e-08 0.5 p1 49094 8
821 27031605 m2 1326125 -5.50976874e-05 0.5 p1 49115 8
2471 27036627 m2 3911262 -0.000216237779 0.5 p1 49127 8
1345 27060821 m2 2103920 -0.00039691967 0.5 p1 49185 8
481 27074116 m2 787849 -6.11750584e-05 0.5 p1 49219 8
1696 27081460 m2 2627985 -4.4376302e-06 0.5 p1 49237 8
1937 27085839 m2 3019555 -0.00120543514 0.5 p1 49248 8
1249 27137730 m2 1964760 -0.00011046874 0.5 p1 49376 8
2079 27151619 m2 3229365 -0.000567334821 0.5 p1 49410 8
33 27170319 m2 51499 -0.000685635139 0.5 p1 49454 8
2210 27188213 m2 3464280 -2.42834062e-06 0.5 p1 49499 8
3103 27194857 m2 4923024 -0.00116850587 0.5 p1 49515 8
2613 27213910 m2 4151856 -0.000211855688 0.5 p1 49563 8
2650 27223971 m2 4206133 -3.09193674e-05 0.5 p1 49589 8
1907 27234133 m2 2952672 -0.000139291966 0.5 p1 49615 8
2764 27236438 m2 4394308 -5.99321393e-05 0.5 p1 49621 8
2782 27250140 m2 4420426 -0.000850947283 0.5 p1 49654 8
1197 27252323 m3 1881537 0.000348620408 0.5 p1 49659 8
2026 27282572 m3 3158329 0.000293862686 0.5 p1 49735 8
218 27295982 m2 356297 -0.000198965281 0.5 p1 49768 8
1341 27307376 m2 2099208 -0.00122056901 0.5 p1 49797 8
114 27310430 m3 172654 0.000459892588 0.5 p1 49804 8
1194 27333434 m2 1871378 -1.15932119e-06 0.5 p1 49860 8
739 27347976 m2 1182298 -1.24116514e-05 0.5 p1 49895 8
1611 27369637 m2 2500754 -1.78185946e-05 0.5 p1 49948 8
868 27380713 m2 1391013 -0.0058990242 0.5 p1 49974 8
2018 27383674 m2 3145662 -0.00017242998 0.5 p1 49981 8
1626 27410030 m2 2530871 -0.00195557624 0.5 p1 50046 8
3135 27436637 m2 4992346 -4.82305841e-05 0.5 p1 50112 8
2383 27437237 m2 3773044 -0.000282720779 0.5 p1 50114 8
1203 27444547 m2 1892783 -0.00118775119 0.5 p1 50132 8
283 27452063 m2 455063 -9.45485808e-05 0.5 p1 50151 8
355 27470419 m2 562912 -0.000329131057 0.5 p1 50196 8
3114 27475052 m2 4947574 -0.000386102096 0.5 p1 50208 8
1001 27487640 m2 1587151 -0.000182552365 0.5 p1 50239 8
2337 27499955 m2 3679790 -0.00226873416 0.5 p1 50270 8
2913 27537584 m3 4632985 0.000602646091 0.5 p1 50362 8
2187 27537958 m2 3423598 -0.000990479719 0.5 p1 50363 8
2645 27545956 m2 4202506 -0.0040751677 0.5 p1 50383 8
955 27558934 m2 1510789 -0.000103580533 0.5 p1 50416 8
701 27562092 m2 1126813 -0.00363829313 0.5 p1 50424 8
490 27564538 m2 802852 -0.000956205942 0.5 p1 50430 8
1100 27575138 m3 1739351 0.000195824177 0.5 p1 50457 8
741 27594428 m2 1184564 -0.000489534053 0.5 p1 50507 8
1558 27598873 m2 2423663 -0.00012686447 0.5 p1 50519 8
2354 27603517 m2 3726048 -0.000924092368 0.5 p1 50531 8
2556 27606409 m2 4056770 -0.000774472253 0.5 p1 50539 8
562 27609882 m2 912347 -1.33106196e-05 0.5 p1 50548 8
1677 27610497 m2 2598736 -0.000752041757 0.5 p1 50549 8
494 27614468 m2 814246 -0.000886168273 0.5 p1 50559 8
641 27631315 m3 1032806 0.000835615094 0.5 p1 50602 8
1446 27634732 m2 2282575 -0.00028426855 0.5 p1 50610 8
98 27635761 m2 156865 -0.00132776354 0.5 p1 50613 8
430 27659409 m2 703476 -0.000466620928 0.5 p1 50673 8
2021 27660342 m2 3147744 -7.99835179e-05 0.5 p1 50675 8
1549 27661232 m2 2414602 -1.52867688e-06 0.5 p1 50677 8
908 27671650 m2 1446392 -0.000116432937 0.5 p1 50703 8
2646 27676681 m2 4202813 -0.000154588866 0.5 p1 50715 8
394 27689334 m2 637534 -0.000481459749 0.5 p1 50747 8
2710 27718648 m2 4306084 -0.00623548543 0.5 p1 50821 8
3029 27733998 m2 4806819 -0.00151894591 0.5 p1 50860 8
1966 27735564 m2 3064715 -0.000159996169 0.5 p1 50864 8
744 27746321 m2 1186492 -2.00088493e-07 0.5 p1 50892 8
2522 27746704 m2 4006552 -5.77846658e-05 0.5 p1 50893 8
664 27748542 m2 1060799 -0.000210803395 0.5 p1 50898 8
2326 27751887 m2 3668809 -8.56860133e-05 0.5 p1 50906 8
2540 27782719 m3 4033435 0.00161444722 0.5 p1 50984 8
500 27785353 m3 823717 0.00163148856 0.5 p1 50990 8
2160 27785778 m2 3375707 -0.00334336213 0.5 p1 50991 8
1698 27786073 m3 2628492 0.00162178685 0.5 p1 50992 8
2795 27794557 m2 4437251 -0.000804032024 0.5 p1 51014 8
2578 27800495 m2 4094112 -0.000205339427 0.5 p1 51029 8
958 27814018 m2 1517816 -1.03939301e-05 0.5 p1 51063 8
1362 27838560 m2 2130811 -0.000166623591 0.5 p1 51125 8
1346 27841246 m2 2104192 -0.000890698051 0.5 p1 51132 8
1110 27846627 m2 1757343 -7.59806499e-05 0.5 p1 51145 8
695 27848355 m2 1119515 -0.000212204177 0.5 p1 51150 8
68 27863258 m2 109057 -0.000798117719 0.5 p1 51188 8
1799 27868850 m2 2786127 -0.000303200271 0.5 p1 51202 8
2010 27911184 m2 3134637 -0.000612467644 0.5 p1 51309 8
1515 27914536 m2 2379881 -0.00021618203 0.5 p1 51317 8
2211 27940357 m2 3467484 -0.00162887154 0.5 p1 51384 8
1632 27956136 m3 2542339 0.00129943423 0.5 p1 51424 8
2950 27962628 m2 4694421 -0.00119733706 0.5 p1 51441 8
1183 27968280 m2 1860384 -1.77279595e-08 0.5 p1 51455 8
2901 27977358 m2 4613883 -4.19249091e-06 0.5 p1 51477 8
426 27982074 m3 696577 0.00195768196 0.5 p1 51489 8
1896 27992751 m2 2934776 -2.55984451e-05 0.5 p1 51515 8
2931 28015412 m2 4662287 -0.00429391256 0.5 p1 51572 8
1402 28016823 m2 2216312 -0.000253054837 0.5 p1 51575 8
2739 28045181 m2 4351736 -0.00206633587 0.5 p1 51646 8
289 28054809 m2 464681 -1.01041211e-08 0.5 p1 51670 8
997 28067420 m3 1583094 0.000558298547 0.5 p1 51701 8
2052 28070169 m2 3197609 -0.00375136477 0.5 p1 51708 8
2049 28073028 m2 3185583 -0.000141914745 0.5 p1 51716 8
23 28079016 m2 37707 -0.00161517679 0.5 p1 51731 8
231 28082649 m3 386397 0.00026926733 0.5 p1 51740 8
1719 28101081 m2 2661743 -0.00106596819 0.5 p1 51785 8
2502 28125210 m2 3966381 -0.00206502038 0.5 p1 51846 8
839 28157034 m2 1356334 -1.39455153e-06 0.5 p1 51926 8
441 28166985 m3 723451 0.00115720753 0.5 p1 51951 8
466 28169761 m2 769951 -0.00167996134 0.5 p1 51958 8
3063 28184670 m2 4870657 -0.00132839382 0.5 p1 51997 8
1963 28193683 m2 3062965 -3.70715998e-06 0.5 p1 52020 8
1649 28196641 m3 2558978 0.00167817646 0.5 p1 52028 8
2771 28209761 m2 4400787 -0.00151610991 0.5 p1 52061 8
2043 28216216 m2 3172678 -0.000934348034 0.5 p1 52077 8
2600 28235688 m2 4133597 -0.0030505769 0.5 p1 52127 8
2834 28238636 m2 4498976 -0.000958987919 0.5 p1 52134 8
1594 28254760 m2 2476441 -0.000803277246 0.5 p1 52175 8
2020 28257251 m2 3145960 -0.000697377604 0.5 p1 52182 8
79 28267582 m2 129473 -0.000346826651 0.5 p1 52208 8
1741 28273933 m2 2699737 -4.30448163e-05 0.5 p1 52224 8
91 28280709 m2 145322 -0.000632834039 0.5 p1 52241 8
2828 28288428 m2 4488373 -5.70061966e-05 0.5 p1 52261 8
2649 28293270 m2 4205931 -0.00270123058 0.5 p1 52273 8
539 28322927 m2 884996 -0.00400676858 0.5 p1 52348 8
1792 28351361 m2 2778205 -0.0011450348 0.5 p1 52422 8
97 28352029 m2 153759 -0.000177643306 0.5 p1 52424 8
884 28356640 m3 1411011 0.00340604852 0.5 p1 52436 8
1051 28359607 m2 1663542 -0.000168876606 0.5 p1 52443 8
190 28368753 m2 315540 -0.000215998327 0.5 p1 52467 8
540 28380541 m2 885063 -0.000729089661 0.5 p1 52498 8
3104 28392842 m2 4925289 -0.000184792487 0.5 p1 52530 8
2007 28394283 m2 3131526 -0.000436045375 0.5 p1 52534 8
1273 28401311 m2 1994189 -0.00658641383 0.5 p1 52553 8
1855 28401737 m2 2869967 -4.54856236e-05 0.5 p1 52554 8
1472 28403753 m2 2316083 -0.00205763662 0.5 p1 52559 8
321 28405202 m2 515906 -0.000366629713 0.5 p1 52563 8
2589 28416394 m2 4115201 -0.0034331819 0.5 p1 52592 8
21 28428955 m2 31182 -0.00151751959 0.5 p1 52625 8
3101 28440672 m2 4920495 -0.000213091174 0.5 p1 52655 8
3076 28441439 m2 4881405 -0.00119871798 0.5 p1 52658 8
871 28441568 m2 1393424 -0.00141578366 0.5 p1 52658 8
1868 28447112 m2 2892290 -0.000361900311 0.5 p1 52672 8
295 28470129 m3 469344 0.000268429751 0.5 p1 52732 8
2235 28493476 m2 3504527 -0.000477118214 0.5 p1 52793 8
1835 28507914 m3 2847237 0.000885771005 0.5 p1 52831 8
2086 28516263 m2 3239321 -0.000144892285 0.5 p1 52852 8
2930 28528505 m2 4655201 -0.0026487608 0.5 p1 52883 8
2243 28529974 m2 3520297 -0.000112738708 0.5 p1 52887 8
601 28541635 m2 970384 -0.000283061992 0.5 p1 52916 8
2359 28544784 m2 3732592 -0.000598949089 0.5 p1 52924 8
2778 28545106 m3 4413565 0.00274258992 0.5 p1 52925 8
2636 28546889 m2 4191063 -0.00269057183 0.5 p1 52930 8
775 28556455 m3 1253236 0.000480179559 0.5 p1 52954 8
2825 28565878 m2 4483855 -0.00136315357 0.5 p1 52979 8
2551 28569136 m2 4049976 -1.68152565e-06 0.5 p1 52988 8
2904 28585272 m2 4616800 -3.33146563e-05 0.5 p1 53030 8
1080 28586446 m2 1708341 -0.0022857904 0.5 p1 53033 8
2385 28596452 m2 3777380 -0.00132948067 0.5 p1 53059 8
1572 28599277 m2 2441094 -3.22578148e-06 0.5 p1 53066 8
510 28601079 m2 836604 -0.00262107723 0.5 p1 53071 8
722 28601714 m2 1153000 -5.85268012e-09 0.5 p1 53073 8
1004 28633460 m2 1591514 -0.000123189078 0.5 p1 53157 8
1107 28654108 m2 1754682 -0.00104962988 0.5 p1 53212 8
993 28659263 m2 1577016 -4.65148078e-05 0.5 p1 53225 8
954 28663155 m2 1509486 -0.00051160471 0.5 p1 53236 8
2232 28663595 m2 3497054 -0.00173118827 0.5 p1 53237 8
1858 28672354 m2 2872110 -0.000438418501 0.5 p1 53261 8
973 28680320 m2 1542469 -0.000181087758 0.5 p1 53282 8
2182 28681625 m2 3417093 -0.00295570306 0.5 p1 53286 8
1264 28683972 m2 1988424 -0.00367254042 0.5 p1 53292 8
1699 28696516 m2 2628888 -0.000473681372 0.5 p1 53326 8
991 28708740 m2 1574204 -0.000619722356 0.5 p1 53359 8
1124 28730650 m3 1774778 0.00442441041 0.5 p1 53418 8
492 28743116 m2 809792 -0.00626092264 0.5 p1 53453 8
2133 28748738 m2 3333336 -0.000514034589 0.5 p1 53468 8
999 28764640 m2 1583752 -0.000913213822 0.5 p1 53511 8
2899 28777736 m3 4613244 0.000645975117 0.5 p1 53547 8
2058 28802356 m2 3205773 -0.00022019833 0.5 p1 53613 8
3091 28805322 m2 4903161 -0.00114676473 0.5 p1 53621 8
3133 28822043 m2 4989974 -0.00112155324 0.5 p1 53667 8
2356 28822325 m2 3726935 -0.000134872578 0.5 p1 53668 8
2173 28846553 m2 3405692 -0.000375358853 0.5 p1 53734 8
2555 28854202 m2 4056418 -0.00123471266 0.5 p1 53755 8
727 28857621 m2 1161215 -5.84324262e-05 0.5 p1 53764 8
1938 28893644 m2 3021428 -8.30069439e-06 0.5 p1 53865 8
2752 28908275 m2 4379558 -0.00114817929 0.5 p1 53906 8
2055 28926126 m2 3204120 -0.000864870439 0.5 p1 53955 8
3072 28947312 m2 4876381 -0.00139972987 0.5 p1 54013 8
815 28948242 m2 1319003 -1.04738353e-06 0.5 p1 54015 8
2097 28948397 m2 3270355 -0.0015120795 0.5 p1 54016 8
946 28966457 m3 1499987 0.000614990073 0.5 p1 54065 8
1293 28976098 m2 2026578 -0.000831017853 0.5 p1 54091 8
2981 28980615 m2 4736929 -0.000183216631 0.5 p1 54104 8
2044 28986444 m2 3173940 -0.000332487689 0.5 p1 54120 8
438 29000752 m3 722113 0.000382785569 0.5 p1 54159 8
2760 29010488 m2 4387116 -0.00136502378 0.5 p1 54186 8
1312 29020496 m3 2058687 0.000231230675 0.5 p1 54214 8
1302 29021406 m2 2042867 -0.000104124367 0.5 p1 54216 8
2259 29022153 m2 3538568 -0.00141283835 0.5 p1 54218 8
1682 29022948 m2 2608745 -0.000479446026 0.5 p1 54220 8
2992 29027353 m2 4754265 -0.00235763821 0.5 p1 54232 8
2757 29031410 m2 4384105 -0.000680446916 0.5 p1 54244 8
2391 29057114 m2 3785269 -0.000445320533 0.5 p1 54314 8
2846 29060592 m2 4523083 -5.54645594e-05 0.5 p1 54324 8
2977 29073890 m2 4732639 -0.000803338538 0.5 p1 54361 8
2584 29077529 m2 4104545 -0.000172617816 0.5 p1 54371 8
1912 29101535 m2 2965263 -0.00474640261 0.5 p1 54438 8
1764 29119080 m2 2731783 -0.000770407147 0.5 p1 54489 8
648 29142415 m2 1042845 -0.00022661181 0.5 p1 54554 8
1713 29142498 m2 2654996 -0.00439680647 0.5 p1 54555 8
2927 29146608 m2 4651927 -0.00211467384 0.5 p1 54566 8
2238 29156072 m2 3507627 -0.000349552516 0.5 p1 54593 8
638 29164682 m2 1029226 -6.53059317e-07 0.5 p1 54618 8
404 29172034 m2 659114 -2.40058114e-07 0.5 p1 54639 8
2813 29180467 m2 4472492 -0.00519331219 0.5 p1 54663 8
1774 29182605 m2 2748537 -1.27113844e-05 0.5 p1 54669 8
2728 29183303 m2 4340788 -0.00139738724 0.5 p1 54671 8
362 29183305 m2 582174 -0.00218754401 0.5 p1 54671 8
1433 29188347 m2 2264938 -0.00156038126 0.5 p1 54685 8
2418 29190141 m2 3830264 -1.85177923e-05 0.5 p1 54690 8
2993 29190490 m2 4754307 -0.000124783983 0.5 p1 54691 8
1408 29195313 m2 2221840 -0.00298183016 0.5 p1 54705 8
1673 29197554 m2 2593692 -0.000475566427 0.5 p1 54711 8
1077 29197954 m2 1704453 -0.000633655989 0.5 p1 54712 8
1862 29211481 m3 2883066 0.00107964803 0.5 p1 54752 8
1068 29213295 m2 1690387 -9.92765781e-05 0.5 p1 54757 8
2222 29219044 m2 3484061 -0.000180919422 0.5 p1 54774 8
141 29235995 m2 217541 -5.03540014e-06 0.5 p1 54823 8
2851 29245931 m2 4533402 -0.000667950721 0.5 p1 54851 8
1186 29246171 m2 1861896 -0.00193118921 0.5 p1 54852 8
2089 29249021 m3 3242550 0.000115381757 0.5 p1 54860 8
934 29253093 m2 1473402 -0.000139847354 0.5 p1 54872 8
82 29261624 m2 133141 -0.00322668999 0.5 p1 54897 8
2289 29263027 m2 3585046 -0.000427036663 0.5 p1 54901 8
298 29266889 m2 477147 -0.00519276783 0.5 p1 54913 8
2569 29273344 m3 4081729 0.00037332144 0.5 p1 54931 8
2241 29277464 m2 3510496 -0.000400723598 0.5 p1 54943 8
2045 29278440 m2 3177523 -0.00105812144 0.5 p1 54946 8
846 29364818 m2 1369423 -0.00141457887 0.5 p1 55194 8
2944 29375658 m2 4682065 -0.000268617528 0.5 p1 55225 8
1007 29378115 m2 1597409 -2.81460598e-05 0.5 p1 55232 8
3086 29383739 m3 4896678 0.00372599578 0.5 p1 55249 8
1567 29383830 m2 2435069 -0.000175105641 0.5 p1 55249 8
2763 29386597 m2 4393627 -0.00203328999 0.5 p1 55257 8
2404 29390600 m2 3810083 -0.000628929702 0.5 p1 55269 8
1934 29418657 m2 3008908 -0.00158392417 0.5 p1 55353 8
2368 29418658 m2 3745228 -0.000766822894 0.5 p1 55353 8
1210 29423420 m2 1900650 -0.000275506201 0.5 p1 55367 8
2253 29426148 m2 3530837 -0.00104933651 0.5 p1 55375 8
588 29427833 m2 949191 -0.000181285926 0.5 p1 55380 8
3032 29428363 m2 4810334 -0.000518684101 0.5 p1 55382 8
3022 29440616 m2 4794396 -0.00140348694 0.5 p1 55417 8
1860 29446017 m3 2874696 0.000359778234 0.5 p1 55432 8
877 29449380 m3 1399107 0.00283760298 0.5 p1 55442 8
191 29449967 m2 316450 -6.35927427e-05 0.5 p1 55444 8
138 29452767 m2 210119 -0.000136162329 0.5 p1 55452 8
2411 29458845 m3 3819011 0.00115062646 0.5 p1 55471 8
2671 29461755 m2 4232153 -0.000239407222 0.5 p1 55480 8
1599 29461924 m2 2485642 -0.00171502959 0.5 p1 55480 8
1931 29471684 m2 3001897 -3.30542753e-06 0.5 p1 55509 8
187 29483600 m3 308186 0.000126071856 0.5 p1 55545 8
2558 29485481 m2 4060261 -0.00116324564 0.5 p1 55551 8
2772 29487917 m2 4405490 -0.00206964277 0.5 p1 55558 8
2038 29490593 m2 3167963 -0.00127983349 0.5 p1 55566 8
608 29527364 m2 977850 -0.00312047754 0.5 p1 55676 8
1813 29537669 m2 2804535 -0.000170501895 0.5 p1 55707 8
1223 29540482 m2 1928447 -0.00122189336 0.5 p1 55716 8
248 29553188 m2 410461 -5.83392939e-05 0.5 p1 55753 8
890 29555360 m2 1420477 -0.000238002103 0.5 p1 55759 8
630 29558222 m2 1020937 -0.00197863951 0.5 p1 55767 8
3018 29558613 m2 4787070 -0.000908602204 0.5 p1 55768 8
361 29559866 m2 580877 -0.000877222104 0.5 p1 55772 8
1081 29570085 m2 1708844 -0.000217422654 0.5 p1 55801 8
2433 29570452 m2 3849549 -0.00387384905 0.5 p1 55802 8
1052 29585847 m2 1666134 -0.000813174585 0.5 p1 55848 8
1145 29588473 m2 1805625 -9.54036761e-09 0.5 p1 55856 8
1521 29594876 m2 2381873 -5.72531935e-05 0.5 p1 55876 8
439 29603092 m2 722191 -0.000952324481 0.5 p1 55900 8
2610 29605178 m2 4147745 -0.000259324996 0.5 p1 55907 8
2056 29636408 m2 3205287 -0.00039191285 0.5 p1 56002 8
3098 29643725 m2 4911498 -1.65927122e-05 0.5 p1 56023 8
2975 29650091 m2 4723720 -3.93613736e-05 0.5 p1 56042 8
2810 29654600 m2 4466200 -0.00160081382 0.5 p1 56056 8
402 29667175 m3 656887 0.00123968907 0.5 p1 56093 8
232 29669856 m2 390521 -0.00114354794 0.5 p1 56101 8
2565 29677380 m3 4074103 0.000652508112 0.5 p1 56124 8
2379 29703056 m2 3764489 -0.00284538209 0.5 p1 56200 8
278 29716729 m2 449466 -0.000384727522 0.5 p1 56241 8
2166 29716755 m2 3385670 -0.00316691957 0.5 p1 56241 8
589 29721361 m3 951760 0.00112518179 0.5 p1 56255 8
1527 29721961 m2 2385221 -0.000866174931 0.5 p1 56257 8
2453 29756454 m2 3892557 -0.000456682348 0.5 p1 56357 8
541 29767263 m2 885902 -9.59594472e-05 0.5 p1 56388 8
2205 29773493 m2 3455714 -1.14333234e-05 0.5 p1 56407 8
3034 29773876 m2 4817472 -0.00147862849 0.5 p1 56408 8
293 29779988 m2 468285 -0.00222743186 0.5 p1 56426 8
309 29792500 m2 500156 -0.000181194584 0.5 p1 56463 8
830 29792902 m2 1340564 -7.9569536e-06 0.5 p1 56464 8
901 29794966 m2 1433620 -3.11397998e-05 0.5 p1 56471 8
2488 29797646 m2 3941713 -0.000531178201 0.5 p1 56479 8
732 29802030 m2 1170896 -0.000863364781 0.5 p1 56491 8
2719 29803035 m2 4326529 -3.68513174e-05 0.5 p1 56495 8
1530 29813485 m2 2388168 -0.000858474406 0.5 p1 56527 8
181 29860043 m2 296344 -0.000997808413 0.5 p1 56667 8
1921 29866878 m3 2979293 0.000819501409 0.5 p1 56688 8
1950 29867489 m2 3048856 -0.000404583436 0.5 p1 56690 8
359 29874400 m2 575399 -0.000240735433 0.5 p1 56711 8
2371 29881910 m2 3750968 -3.20281288e-06 0.5 p1 56734 8
1241 29884183 m2 1956017 -0.00197867863 0.5 p1 56741 8
468 29886543 m2 772416 -0.000429494801 0.5 p1 56748 8
106 29899814 m3 163150 0.000915145967 0.5 p1 56788 8
2508 29934507 m2 3977320 -8.80221196e-05 0.5 p1 56892 8
802 29944982 m2 1300703 -0.0042143357 0.5 p1 56923 8
1771 29947440 m2 2740412 -0.00089830748 0.5 p1 56930 8
2690 29951798 m2 4263120 -0.00166957942 0.5 p1 56943 8
1829 29965031 m2 2836034 -0.00037722991 0.5 p1 56983 8
1797 29982878 m2 2782009 -1.44142732e-05 0.5 p1 57036 8
1487 30002625 m2 2339516 -8.46177063e-05 0.5 p1 57093 8
2510 30017760 m2 3982098 -1.16939018e-05 0.5 p1 57138 8
1031 30023692 m2 1635026 -0.00245435652 0.5 p1 57155 8
2437 30031724 m2 3858288 -0.000147431288 0.5 p1 57179 8
957 30039921 m2 1517248 -0.000241787202 0.5 p1 57203 8
214 30040338 m2 352224 -5.77495484e-05 0.5 p1 57205 8
314 30042174 m2 508638 -6.7796791e-05 0.5 p1 57210 8
2823 30047997 m2 4482346 -2.59999069e-05 0.5 p1 57227 8
2375 30055710 m2 3759429 -0.0010799634 0.5 p1 57249 8
237 30062350 m2 399618 -0.00171616045 0.5 p1 57269 8
793 30080358 m2 1287232 -0.0022512658 0.5 p1 57323 8
2403 30086818 m2 3803940 -0.000209807957 0.5 p1 57342 8
20 30106770 m2 30638 -0.0034090667 0.5 p1 57402 8
1840 30112785 m2 2851675 -0.000972381618 0.5 p1 57420 8
1864 30119472 m2 2884459 -0.00210537435 0.5 p1 57441 8
941 30120090 m2 1482956 -0.000299551961 0.5 p1 57443 8
3002 30120158 m2 4766874 -0.00148326531 0.5 p1 57443 8
1270 30134338 m2 1992645 -0.000555997423 0.5 p1 57486 8
1620 30143495 m2 2515561 -6.11273572e-05 0.5 p1 57513 8
752 30158495 m2 1197138 -0.00135637738 0.5 p1 57559 8
1597 30167671 m2 2480664 -0.000558561005 0.5 p1 57588 8
1529 30171872 m2 2386485 -4.37853487e-05 0.5 p1 57601 8
1418 30183235 m2 2235224 -0.000972756185 0.5 p1 57635 8
1332 30186346 m2 2090974 -0.000841170491 0.5 p1 57645 8
1048 30187252 m2 1663053 -0.00081677828 0.5 p1 57648 8
1933 30194836 m2 3007343 -0.00133551355 0.5 p1 57671 8
2263 30205846 m2 3541023 -0.00079550239 0.5 p1 57705 8
2116 30209813 m2 3303447 -0.000343749824 0.5 p1 57717 8
2 30212743 m2 4296 -1.05130985e-05 0.5 p1 57727 8
1304 30253155 m2 2045586 -0.000227404933 0.5 p1 57852 8
795 30260490 m2 1289137 -0.000323171524 0.5 p1 57874 8
2070 30278160 m2 3222676 -0.000331615272 0.5 p1 57928 8
1590 30280695 m2 2470930 -0.00016121965 0.5 p1 57936 8
2780 30288869 m2 4415150 -0.000660751131 0.5 p1 57961 8
1712 30317492 m2 2653804 -0.00107149337 0.5 p1 58047 8
162 30318895 m2 252003 -0.00138466305 0.5 p1 58052 8
1893 30329615 m2 2933317 -6.65230473e-05 0.5 p1 58085 8
1441 30338880 m2 2277793 -0.00236592023 0.5 p1 58113 8
2935 30370538 m2 4666227 -0.00023595104 0.5 p1 58210 8
632 30375755 m3 1024475 0.00190207863 0.5 p1 58226 8
1201 30379150 m2 1887827 -0.00111748639 0.5 p1 58236 8
2956 30383093 m2 4702394 -3.85354451e-06 0.5 p1 58249 8
832 30384041 m2 1345097 -0.00274855131 0.5 p1 58251 8
2195 30386794 m2 3433683 -3.31364254e-06 0.5 p1 58260 8
1609 30397493 m2 2497857 -0.000514027022 0.5 p1 58293 8
2161 30415489 m2 3377103 -0.0015239215 0.5 p1 58350 8
2656 30415586 m2 4215175 -0.000992968562 0.5 p1 58351 8
159 30422833 m2 249125 -0.000837913714 0.5 p1 58373 8
2895 30429875 m2 4609577 -0.00335669308 0.5 p1 58395 8
2034 30439343 m2 3166351 -9.45892971e-05 0.5 p1 58425 8
455 30442506 m2 752168 -0.000344763306 0.5 p1 58435 8
502 30443602 m3 826491 0.000231538914 0.5 p1 58438 8
569 30468215 m2 923523 -0.00564662088 0.5 p1 58515 8
1350 30468759 m2 2111042 -0.000831159414 0.5 p1 58517 8
319 30473145 m2 512839 -0.00233682198 0.5 p1 58530 8
2837 30474405 m2 4509818 -2.33892915e-05 0.5 p1 58534 8
833 30476765 m3 1345104 0.000445628801 0.5 p1 58542 8
1504 30488255 m2 2358894 -0.000109134606 0.5 p1 58578 8
816 30496480 m2 1321313 -0.00163633586 0.5 p1 58604 8
677 30508420 m3 1077532 0.000855374848 0.5 p1 58643 8
1901 30510409 m2 2945603 -2.29379839e-05 0.5 p1 58649 8
1414 30516685 m2 2230425 -0.00101614487 0.5 p1 58668 8
811 30527872 m2 1313871 -0.000340465136 0.5 p1 58703 8
2605 30529316 m2 4138587 -0.000113149305 0.5 p1 58707 8
409 30537436 m2 667084 -0.00148062059 0.5 p1 58733 8
1158 30561027 m2 1820350 -0.00261619524 0.5 p1 58809 8
2954 30568485 m2 4700575 -0.000147181534 0.5 p1 58832 8
2637 30578399 m2 4193343 -0.00032346329 0.5 p1 58863 8
537 30579207 m2 879857 -1.80180871e-06 0.5 p1 58866 8
897 30584130 m2 1427913 -0.0029371907 0.5 p1 58882 8
238 30589021 m2 401916 -0.00018433448 0.5 p1 58899 8
2530 30610119 m2 4020591 -0.00200108998 0.5 p1 58967 8
2358 30617819 m2 3732504 -0.000490876788 0.5 p1 58992 8
1429 30631486 m2 2258662 -1.93356193e-08 0.5 p1 59036 8
1498 30636483 m2 2353658 -0.000330451672 0.5 p1 59052 8
847 30650597 m2 1369441 -0.00246041664 0.5 p1 59096 8
236 30665546 m2 397820 -0.00039629254 0.5 p1 59144 8
524 30665956 m2 852283 -0.000308281305 0.5 p1 59146 8
2523 30668533 m2 4009837 -0.00670894003 0.5 p1 59154 8
2346 30671120 m2 3700972 -0.000381176098 0.5 p1 59162 8
358 30677918 m2 574430 -0.00261894125 0.5 p1 59184 8
2850 30678239 m2 4531202 -0.00151877396 0.5 p1 59186 8
1985 30681046 m2 3101916 -0.000324281194 0.5 p1 59195 8
1715 30682480 m2 2655962 -0.00478745298 0.5 p1 59200 8
130 30684850 m2 204965 -0.00371392537 0.5 p1 59208 8
2667 30695265 m2 4228620 -0.000575385639 0.5 p1 59242 8
2878 30696473 m2 4573388 -8.77582643e-05 0.5 p1 59246 8
88 30701007 m2 141644 -0.00201876462 0.5 p1 59261 8
2180 30711985 m2 3415250 -0.00108112523 0.5 p1 59295 8
1749 30712027 m2 2706454 -0.00022638771 0.5 p1 59295 8
2973 30715658 m2 4722127 -1.2737486e-05 0.5 p1 59307 8
2119 30717717 m2 3314862 -0.00146627706 0.5 p1 59313 8
555 30735966 m2 907112 -0.00066760293 0.5 p1 59373 8
1347 30741738 m2 2105458 -0.000445932907 0.5 p1 59391 8
2019 30745684 m2 3145749 -0.000102562291 0.5 p1 59404 8
3068 30746971 m2 4875445 -0.00139738852 0.5 p1 59408 8
2585 30747186 m3 4105052 0.000769645441 0.5 p1 59409 8
2364 30749507 m2 3736891 -1.93515825e-05 0.5 p1 59416 8
393 30764083 m2 636880 -0.00159240467 0.5 p1 59464 8
1784 30777673 m2 2762441 -0.00258883345 0.5 p1 59511 8
2775 30800649 m2 4408907 -0.000296691898 0.5 p1 59589 8
2919 30807361 m2 4643445 -0.00195079134 0.5 p1 59612 8
412 30807526 m3 671597 0.000334906508 0.5 p1 59612 8
1166 30808513 m2 1837558 -0.00081582251 0.5 p1 59615 8
878 30811070 m2 1401136 -0.000526972581 0.5 p1 59624 8
1155 30812782 m2 1816578 -2.6893902e-05 0.5 p1 59630 8
3017 30813633 m2 4785190 -0.000366987835 0.5 p1 59633 8
156 30823434 m2 243902 -0.000118085118 0.5 p1 59665 8
862 30823778 m2 1382782 -0.00132056884 0.5 p1 59666 8
587 30837221 m2 948859 -0.000790617371 0.5 p1 59712 8
136 30838123 m2 209284 -9.71767513e-05 0.5 p1 59715 8
2304 30845448 m2 3604969 -0.000433724927 0.5 p1 59739 8
1061 30868718 m2 1679761 -0.000548758777 0.5 p1 59816 8
1732 30871817 m2 2680346 -2.50989865e-06 0.5 p1 59827 8
1953 30899985 m2 3054989 -0.00129628286 0.5 p1 59919 8
1495 30905604 m2 2349751 -0.00238735904 0.5 p1 59937 8
2860 30914673 m2 4545887 -0.00113242213 0.5 p1 59967 8
924 30922654 m3 1465039 0.00503501762 0.5 p1 59992 8
2623 30939142 m2 4172696 -0.00618877914 0.5 p1 60047 8
1116 30954398 m2 1763889 -0.00014247722 0.5 p1 60095 8
2009 30961565 m2 3134505 -0.00211809413 0.5 p1 60120 8
2800 30979841 m2 4447657 -0.000121374731 0.5 p1 60182 8
2793 30986121 m2 4435025 -0.000643880107 0.5 p1 60203 8
1710 30992938 m2 2643318 -0.00387719111 0.5 p1 60226 8
1708 31001690 m3 2641164 0.00140288973 0.5 p1 60256 8
869 31003104 m2 1391480 -0.00035123757 0.5 p1 60261 8
287 31014289 m2 460624 -0.00140194257 0.5 p1 60299 8
1214 31018596 m2 1907521 -0.000303302775 0.5 p1 60313 8
765 31051856 m2 1219870 -0.000190206149 0.5 p1 60426 8
2479 31067610 m3 3934629 0.00020525539 0.5 p1 60478 8
2566 31075720 m2 4076926 -0.000322933804 0.5 p1 60506 8
1638 31078187 m2 2547933 -2.0659958e-05 0.5 p1 60514 8
2996 31078775 m2 4758196 -0.000994512811 0.5 p1 60516 8
2762 31087406 m2 4392314 -0.000793397718 0.5 p1 60544 8
2230 31093052 m2 3494579 -9.03656983e-05 0.5 p1 60563 8
2963 31096553 m2 4710957 -0.000447800558 0.5 p1 60575 8
1497 31108788 m2 2353610 -5.54145515e-07 0.5 p1 60617 8
260 31115090 m2 426554 -0.00153367629 0.5 p1 60638 8
1053 31118419 m3 1667025 0.00160372525 0.5 p1 60650 8
410 31126299 m2 669663 -5.02817275e-05 0.5 p1 60678 8
2328 31130326 m2 3671550 -7.7983932e-05 0.5 p1 60692 8
564 31130506 m2 913988 -0.000896923826 0.5 p1 60693 8
406 31150794 m2 664558 -2.01539333e-05 0.5 p1 60762 8
1668 31164595 m2 2583395 -0.000202102718 0.5 p1 60810 8
1516 31177300 m2 2380234 -2.95244681e-05 0.5 p1 60854 8
252 31177693 m2 413684 -7.3489442e-05 0.5 p1 60856 8
2461 31179767 m2 3900763 -0.00418797694 0.5 p1 60863 8
2113 31206006 m2 3300235 -0.000923196785 0.5 p1 60949 8
2450 31217191 m2 3888012 -0.00143724505 0.5 p1 60987 8
2830 31231295 m2 4493426 -0.000236265565 0.5 p1 61035 8
2286 31234281 m2 3580145 -0.000388444256 0.5 p1 61046 8
2277 31239787 m2 3563906 -0.000222207396 0.5 p1 61065 8
2926 31240658 m2 4651494 -2.56859767e-05 0.5 p1 61068 8
859 31245461 m2 1377744 -0.000688448956 0.5 p1 61084 8
1654 31249944 m2 2566979 -0.00176567165 0.5 p1 61099 8
2257 31262760 m2 3534846 -0.00126727391 0.5 p1 61143 8
1176 31296620 m2 1847963 -2.3430599e-05 0.5 p1 61258 8
475 31312896 m2 780002 -0.000721022778 0.5 p1 61314 8
1513 31314207 m2 2375449 -0.000116712676 0.5 p1 61318 8
861 31325008 m2 1381067 -2.16115604e-05 0.5 p1 61356 8
2703 31330663 m2 4290274 -3.41756859e-05 0.5 p1 61376 8
1296 31331600 m2 2035327 -0.000240911075 0.5 p1 61379 8
2920 31346728 m2 4643713 -0.000265436014 0.5 p1 61432 8
183 31355047 m2 302662 -0.000661964819 0.5 p1 61461 8
272 31378754 m2 441501 -0.000780127302 0.5 p1 61545 8
670 31379260 m2 1066031 -0.00154416985 0.5 p1 61547 8
107 31383209 m2 163246 -0.000686541607 0.5 p1 61560 8
2003 31384021 m2 3130010 -0.00219274615 0.5 p1 61564 8
932 31385539 m2 1472003 -0.000104685394 0.5 p1 61569 8
1254 31389058 m2 1968916 -0.000590809563 0.5 p1 61582 8
1154 31389252 m2 1814108 -4.31901608e-05 0.5 p1 61583 8
883 31393591 m2 1408825 -6.70466616e-05 0.5 p1 61598 8
2952 31401282 m2 4699156 -0.000177534574 0.5 p1 61625 8
1027 31412515 m2 1631049 -0.00119454192 0.5 p1 61665 8
931 31413688 m2 1469585 -0.000565918803 0.5 p1 61669 8
2986 31422395 m2 4745291 -0.00104421854 0.5 p1 61700 8
2702 31424579 m2 4287691 -0.00138317945 0.5 p1 61708 8
2274 31446338 m2 3555662 -1.16867823e-05 0.5 p1 61784 8
1378 31461301 m2 2165187 -0.000667688902 0.5 p1 61838 8
801 31461626 m2 1300308 -0.0066759265 0.5 p1 61840 8
1976 31464021 m2 3082312 -0.00141080888 0.5 p1 61848 8
234 31475418 m2 396848 -2.30978148e-05 0.5 p1 61889 8
770 31479548 m2 1235794 -0.00304783648 0.5 p1 61903 8
297 31484382 m2 472696 -0.00405435311 0.5 p1 61920 8
342 31488361 m2 538082 -0.000451395521 0.5 p1 61934 8
329 31492178 m2 520441 -0.000263158581 0.5 p1 61948 8
1157 31494325 m2 1818798 -9.18937949e-05 0.5 p1 61956 8
2002 31501704 m2 3129625 -0.00110160362 0.5 p1 61984 8
3044 31513350 m3 4835093 0.00340014766 0.5 p1 62026 8
2213 31514422 m2 3467971 -0.00426078122 0.5 p1 62030 8
2664 31527833 m2 4226887 -1.22531228e-05 0.5 p1 62080 8
3125 31540201 m2 4960046 -0.000662852544 0.5 p1 62123 8
843 31545560 m2 1365829 -0.00337320939 0.5 p1 62143 8
567 31547224 m2 917333 -7.12229739e-05 0.5 p1 62149 8
1680 31549132 m2 2606386 -0.000590940181 0.5 p1 62156 8
2264 31549845 m2 3541851 -7.94882217e-05 0.5 p1 62158 8
2559 31560337 m2 4060332 -0.00259508146 0.5 p1 62197 8
876 31567092 m2 1397635 -0.00145600666 0.5 p1 62222 8
936 31567514 m2 1474770 -0.00149678602 0.5 p1 62223 8
52 31581109 m2 77274 -0.00349992188 0.5 p1 62273 8
1234 31586579 m2 1948286 -6.08197843e-05 0.5 p1 62293 8
881 31587891 m2 1403624 -2.28498611e-05 0.5 p1 62298 8
226 31591955 m2 377483 -0.00568968849 0.5 p1 62313 8
428 31595586 m3 698122 0.000901542662 0.5 p1 62326 8
1150 31597962 m2 1809610 -0.0013160638 0.5 p1 62334 8
1622 31610854 m2 2516905 -1.79201634e-05 0.5 p1 62382 8
1524 31621990 m2 2383588 -0.00155503058 0.5 p1 62422 8
1209 31630445 m2 1896901 -0.00169588299 0.5 p1 62453 8
3073 31632065 m2 4876957 -0.00102044037 0.5 p1 62459 8
1153 31640267 m2 1811858 -0.00154684915 0.5 p1 62487 8
2768 31655251 m2 4399471 -0.00024495821 0.5 p1 62541 8
1096 31669902 m2 1733042 -1.25535985e-06 0.5 p1 62594 8
209 31672615 m2 345164 -0.000930564012 0.5 p1 62603 8
971 31690556 m2 1539196 -5.42702401e-05 0.5 p1 62667 8
605 31701813 m2 974040 -0.00164671196 0.5 p1 62708 8
170 31709683 m2 269612 -0.00145677349 0.5 p1 62735 8
1313 31716068 m3 2061387 0.000422188255 0.5 p1 62758 8
1841 31719969 m2 2852307 -0.00264595984 0.5 p1 62772 8
1363 31725828 m2 2131118 -0.00173350773 0.5 p1 62793 8
217 31734670 m3 353319 0.00416241493 0.5 p1 62825 8
2854 31743486 m2 4539142 -0.000687980966 0.5 p1 62857 8
1420 31747301 m2 2239578 -0.000261941808 0.5 p1 62871 8
431 31748479 m2 705060 -0.00462946901 0.5 p1 62875 8
24 31749754 m2 38552 -0.00276561547 0.5 p1 62879 8
1151 31759205 m2 1811269 -0.00281054969 0.5 p1 62913 8
835 31762177 m2 1347320 -0.000157526738 0.5 p1 62923 8
2069 31764507 m2 3221380 -0.00419433741 0.5 p1 62931 8
3007 31776656 m2 4774384 -0.00091107958 0.5 p1 62974 8
1818 31779745 m2 2812511 -0.00137203536 0.5 p1 62984 8
186 31794996 m3 304086 0.000326848618 0.5 p1 63039 8
3064 31796335 m2 4871016 -0.000925467582 0.5 p1 63044 8
747 31799412 m2 1189951 -0.00028654217 0.5 p1 63056 8
3066 31800004 m2 4871758 -0.000192317922 0.5 p1 63058 8
2489 31800122 m2 3944903 -0.000108387801 0.5 p1 63058 8
1899 31802767 m2 2939165 -0.00380640454 0.5 p1 63068 8
969 31803449 m2 1534758 -0.000860491011 0.5 p1 63070 8
2380 31819099 m2 3769427 -1.83268824e-07 0.5 p1 63127 8
583 31820695 m2 946167 -1.43917759e-06 0.5 p1 63132 8
2759 31820912 m2 4386546 -0.000699232798 0.5 p1 63133 8
2106 31828964 m2 3287126 -0.00300508039 0.5 p1 63163 8
551 31833125 m2 893950 -0.00215968699 0.5 p1 63178 8
913 31852074 m2 1451731 -0.000362848776 0.5 p1 63248 8
3075 31853825 m3 4879898 0.00136544113 0.5 p1 63255 8
312 31858555 m2 505383 -0.000389543246 0.5 p1 63272 8
1131 31865501 m2 1787406 -1.4803004e-05 0.5 p1 63297 8
133 31866365 m2 206165 -0.000898158527 0.5 p1 63301 8
371 31870776 m2 588775 -0.00122430152 0.5 p1 63317 8
1700 31873601 m2 2631451 -0.000151981047 0.5 p1 63327 8
1778 31879881 m2 2750832 -2.12093983e-05 0.5 p1 63351 8
2468 31882105 m2 3908596 -0.00416019605 0.5 p1 63360 8
189 31890335 m2 313652 -0.00230495818 0.5 p1 63390 8
1456 31894435 m2 2299024 -1.90266025e-09 0.5 p1 63405 8
642 31894439 m2 1036226 -0.00276446482 0.5 p1 63405 8
600 31895004 m2 967532 -0.000371054863 0.5 p1 63407 8
2883 31899259 m2 4582982 -6.78173728e-06 0.5 p1 63422 8
640 31903104 m2 1032683 -0.000224827265 0.5 p1 63436 8
1019 31903380 m2 1617351 -0.00237995596 0.5 p1 63437 8
2706 31904183 m2 4295794 -0.000221656286 0.5 p1 63439 8
2251 31908092 m2 3529347 -0.000825395866 0.5 p1 63454 8
84 31917725 m2 135803 -0.00298672216 0.5 p1 63488 8
840 31918817 m2 1358551 -7.99494501e-06 0.5 p1 63491 8
3082 31921237 m2 4893127 -8.62859524e-05 0.5 p1 63500 8
1652 31928158 m3 2565218 0.000577833154 0.5 p1 63524 8
2080 31932621 m2 3229732 -0.00166632817 0.5 p1 63540 8
202 31942943 m2 335505 -3.49482107e-05 0.5 p1 63575 8
945 31943992 m2 1499014 -9.00399245e-05 0.5 p1 63579 8
1294 31957678 m2 2030968 -0.000412472466 0.5 p1 63627 8
538 31961732 m2 883670 -0.0022755845 0.5 p1 63641 8
1977 31961850 m3 3083298 9.24669075e-05 0.5 p1 63642 8
1336 31965768 m2 2095033 -0.000947084918 0.5 p1 63657 8
2506 31984988 m2 3971223 -0.000283599627 0.5 p1 63727 8
1981 31987609 m2 3091446 -0.000114143448 0.5 p1 63737 8
805 31991891 m2 1302924 -0.000549899181 0.5 p1 63753 8
573 31995413 m2 929541 -5.96400241e-05 0.5 p1 63767 8
1087 32000232 m2 1718425 -1.10989049e-05 0.5 p1 63784 8
734 32000319 m2 1171455 -0.000468638085 0.5 p1 63785 8
2440 32000743 m2 3863413 -5.50156728e-05 0.5 p1 63786 8
2932 32009856 m2 4663861 -0.000439598516 0.5 p1 63821 8
2513 32012141 m2 3985272 -0.000168327184 0.5 p1 63829 8
172 32012171 m2 276882 -0.000717688294 0.5 p1 63829 8
1275 32013946 m2 1997069 -0.000564643298 0.5 p1 63836 8
1114 32017785 m2 1759363 -1.77521588e-06 0.5 p1 63851 8
1387 32017787 m2 2186194 -8.48555646e-06 0.5 p1 63851 8
1284 32020934 m2 2010620 -0.00021399773 0.5 p1 63863 8
875 32021110 m2 1396620 -0.000172601402 0.5 p1 63864 8
3067 32030634 m2 4874863 -0.00260038255 0.5 p1 63899 8
2149 32044434 m2 3351582 -0.0020912257 0.5 p1 63951 8
388 32045609 m2 626646 -0.0071021067 0.5 p1 63955 8
3036 32048390 m2 4820438 -2.20851998e-05 0.5 p1 63966 8
1453 32063398 m2 2293468 -0.000232378123 0.5 p1 64024 8
1528 32065059 m2 2386088 -0.00193668483 0.5 p1 64030 8
2460 32081891 m2 3899861 -0.00165353075 0.5 p1 64095 8
1765 32089272 m2 2732447 -0.00221463665 0.5 p1 64123 8
1067 32090817 m2 1688891 -0.000283120957 0.5 p1 64129 8
1356 32098553 m2 2120452 -0.00160004187 0.5 p1 64157 8
1982 32104723 m2 3091855 -0.00145761296 0.5 p1 64182 8
2117 32111592 m3 3305354 0.000642875151 0.5 p1 64209 8
1028 32113518 m2 1631223 -3.56775017e-05 0.5 p1 64216 8
2766 32131921 m2 4397848 -0.00196389155 0.5 p1 64288 8
683 32139363 m2 1084187 -0.000849403499 0.5 p1 64317 8
2809 32143654 m2 4462448 -0.000139118987 0.5 p1 64334 8
1379 32151666 m2 2166222 -8.35280734e-05 0.5 p1 64365 8
2208 32164032 m2 3462243 -0.000785407959 0.5 p1 64413 8
2581 32164643 m2 4101544 -2.24060659e-05 0.5 p1 64415 8
45 32166220 m2 68452 -0.00392825063 0.5 p1 64421 8
2031 32168006 m2 3163681 -0.000164529425 0.5 p1 64428 8
1979 32177214 m2 3085022 -0.00100891187 0.5 p1 64464 8
2108 32179741 m2 3289657 -0.000725421996 0.5 p1 64473 8
2047 32186374 m2 3185281 -0.00270966301 0.5 p1 64500 8
2697 32189880 m2 4279942 -0.000150975844 0.5 p1 64513 8
96 32192765 m2 153499 -0.00145315193 0.5 p1 64524 8
2789 32207569 m2 4431511 -0.00077324122 0.5 p1 64583 8
2524 32207783 m2 4010883 -0.000183400654 0.5 p1 64584 8
1688 32209984 m3 2615202 0.00149413093 0.5 p1 64593 8
792 32213143 m2 1286312 -5.90477794e-05 0.5 p1 64605 8
1207 32219554 m2 1894671 -0.0126905032 0.5 p1 64631 8
2397 32221177 m2 3792749 -0.000923884509 0.5 p1 64637 8
352 32227201 m2 557340 -0.000321592932 0.5 p1 64661 8
2689 32252335 m2 4262686 -4.9120601e-05 0.5 p1 64765 8
1450 32252644 m3 2289706 0.00057788298 0.5 p1 64766 8
2224 32252938 m2 3485547 -0.000502225361 0.5 p1 64767 8
2770 32253594 m2 4400272 -0.00191927329 0.5 p1 64770 8
998 32273747 m2 1583144 -0.00160227704 0.5 p1 64854 8
3083 32279197 m2 4894807 -0.000155909045 0.5 p1 64875 8
753 32279857 m2 1199830 -2.70695436e-05 0.5 p1 64877 8
1641 32285755 m2 2550851 -1.30604917e-06 0.5 p1 64901 8
2567 32294131 m2 4077020 -5.47266936e-05 0.5 p1 64936 8
411 32301383 m2 671086 -0.00170623965 0.5 p1 64965 8
2436 32313984 m2 3855732 -0.000956171134 0.5 p1 65018 8
2549 32314545 m2 4047002 -0.000628680573 0.5 p1 65020 8
2382 32327524 m2 3772696 -0.000177290683 0.5 p1 65073 8
1684 32336453 m2 2611709 -0.000206571523 0.5 p1 65111 8
1338 32339987 m2 2096751 -0.00102122943 0.5 p1 65126 8
764 32340004 m2 1219862 -0.000505041331 0.5 p1 65126 8
1424 32343169 m2 2243785 -0.00192610035 0.5 p1 65139 8
1434 32344094 m3 2265296 0.000989196473 0.5 p1 65143 8
892 32349105 m2 1421796 -0.000450392981 0.5 p1 65164 8
1367 32360292 m2 2139009 -0.000749717699 0.5 p1 65211 8
8 32365821 m2 13271 -0.00379355764 0.5 p1 65235 8
771 32371785 m2 1237153 -0.000354813499 0.5 p1 65260 8
2852 32375135 m2 4536627 -0.00170783047 0.5 p1 65274 8
1415 32378460 m2 2231443 -0.00467059808 0.5 p1 65287 8
222 32379307 m2 369311 -4.16356052e-05 0.5 p1 65291 8
1961 32386461 m2 3061099 -0.00259679067 0.5 p1 65321 8
478 32392301 m2 786454 -0.000210417173 0.5 p1 65345 8
1762 32403045 m2 2727370 -0.000512144878 0.5 p1 65389 8
2501 32408425 m2 3964528 -0.000578782696 0.5 p1 65411 8
2363 32409890 m2 3736337 -0.00458265236 0.5 p1 65417 8
1750 32410590 m2 2706537 -8.55485196e-05 0.5 p1 65420 8
2215 32415482 m2 3474847 -0.00153538911 0.5 p1 65439 8
1261 32421172 m2 1977334 -1.50599465e-06 0.5 p1 65461 8
2987 32421874 m2 4748733 -5.29630597e-05 0.5 p1 65464 8
1323 32447587 m2 2082310 -1.49066057e-06 0.5 p1 65571 8
3100 32453854 m2 4915497 -0.000438104908 0.5 p1 65599 8
341 32455037 m2 534862 -5.91995995e-05 0.5 p1 65604 8
1022 32456653 m2 1620987 -0.000228233577 0.5 p1 65611 8
2118 32457680 m2 3307066 -6.04642955e-05 0.5 p1 65615 8
2217 32463585 m2 3477222 -0.00231200224 0.5 p1 65640 8
1262 32478542 m2 1978507 -0.000152590117 0.5 p1 65703 8
2465 32480042 m3 3906244 0.000135486567 0.5 p1 65709 8
1267 32493370 m2 1991569 -0.00351693621 0.5 p1 65763 8
2553 32503497 m2 4052428 -0.00330632017 0.5 p1 65804 8
2083 32510348 m2 3234467 -0.000261069828 0.5 p1 65830 8
2894 32540643 m2 4607995 -0.00540374778 0.5 p1 65953 8
2907 32541713 m2 4620735 -0.000206027195 0.5 p1 65958 8
1967 32544855 m2 3066615 -0.00161450158 0.5 p1 65971 8
1173 32547822 m2 1844650 -0.000355353055 0.5 p1 65983 8
2214 32557743 m3 3469845 9.75912699e-05 0.5 p1 66023 8
2167 32559476 m2 3386383 -0.00049673696 0.5 p1 66030 8
0 32559685 m2 342 -0.00578323379 0.5 p1 66031 8
855 32560082 m2 1375152 -0.00152821804 0.5 p1 66032 8
2029 32564990 m2 3161120 -0.00183229253 0.5 p1 66052 8
2779 32569204 m2 4414890 -0.00456632348 0.5 p1 66068 8
2287 32570092 m2 3581635 -0.000541348592 0.5 p1 66072 8
2114 32577530 m2 3302561 -0.00115480612 0.5 p1 66103 8
2150 32577853 m2 3357043 -0.000425976235 0.5 p1 66105 8
374 32590555 m2 593733 -0.00243061641 0.5 p1 66157 8
2432 32593990 m2 3849485 -0.000781242445 0.5 p1 66171 8
2490 32596431 m2 3946988 -0.00145013235 0.5 p1 66181 8
1108 32608650 m2 1754792 -0.000369120651 0.5 p1 66232 8
1171 32610262 m3 1843935 0.000253691134 0.5 p1 66239 8
176 32621269 m2 285059 -0.00288901501 0.5 p1 66284 8
1025 32623371 m2 1624274 -0.00137434248 0.5 p1 66293 8
1470 32625398 m2 2313904 -0.00179923384 0.5 p1 66303 8
2316 32629722 m2 3640898 -0.000537286222 0.5 p1 66322 8
2292 32635979 m2 3590408 -0.000607132621 0.5 p1 66349 8
737 32636139 m2 1178947 -0.00131409895 0.5 p1 66350 8
813 32637518 m2 1315916 -0.000212123836 0.5 p1 66356 8
772 32638327 m2 1243884 -0.00213566748 0.5 p1 66360 8
817 32641831 m2 1322576 -0.00346491137 0.5 p1 66376 8
1392 32643422 m2 2198530 -0.00932904426 0.5 p1 66383 8
2194 32666508 m2 3433280 -0.0005965202 0.5 p1 66483 8
1361 32679549 m3 2129025 0.000298650673 0.5 p1 66538 8
1199 32681174 m2 1884217 -0.00162427337 0.5 p1 66545 8
1831 32681700 m2 2838017 -0.000475122331 0.5 p1 66547 8
728 32682096 m2 1162857 -0.00283020455 0.5 p1 66549 8
2216 32683191 m2 3476241 -0.00546426279 0.5 p1 66553 8
1326 32686904 m2 2086567 -0.00243006181 0.5 p1 66569 8
1747 32691268 m2 2704893 -4.41894477e-09 0.5 p1 66588 8
2787 32698794 m2 4429945 -0.00365287345 0.5 p1 66619 8
599 32705731 m2 967288 -0.00109879067 0.5 p1 66648 8
1822 32712279 m2 2825606 -0.000267309195 0.5 p1 66676 8
990 32715585 m2 1571012 -0.00228718505 0.5 p1 66690 8
2669 32715754 m2 4229405 -0.00128871819 0.5 p1 66691 8
1012 32729983 m2 1603158 -0.000791584258 0.5 p1 66753 8
263 32730887 m2 432080 -1.19187698e-05 0.5 p1 66757 8
1686 32740025 m2 2612987 -0.000957174576 0.5 p1 66798 8
1256 32744983 m3 1969245 0.000285236893 0.5 p1 66820 8
1694 32754173 m2 2626174 -0.00392870791 0.5 p1 66860 8
482 32761421 m3 788507 0.000325332163 0.5 p1 66892 8
139 32784680 m2 210668 -0.000662751961 0.5 p1 66995 8
2101 32790286 m2 3275995 -0.00187864504 0.5 p1 67019 8
543 32805681 m2 888101 -0.00151225692 0.5 p1 67089 8
2013 32807536 m2 3138128 -0.000152155029 0.5 p1 67098 8
804 32813574 m2 1302581 -0.000299336214 0.5 p1 67126 8
208 32818707 m2 342448 -8.14076827e-07 0.5 p1 67150 8
143 32821630 m2 220325 -0.00393817015 0.5 p1 67163 8
621 32825654 m2 999539 -0.000917196681 0.5 p1 67182 8
1315 32828934 m2 2063472 -2.85863807e-05 0.5 p1 67196 8
2643 32829786 m2 4199941 -0.00384625676 0.5 p1 67200 8
2985 32829936 m2 4742418 -3.72480304e-06 0.5 p1 67201 8
1439 32835974 m2 2272588 -0.00052213762 0.5 p1 67228 8
2794 32838335 m2 4437221 -0.00112088909 0.5 p1 67239 8
2103 32839133 m2 3278497 -0.000540850859 0.5 p1 67243 8
2221 32845530 m2 3483463 -2.39303408e-05 0.5 p1 67274 8
1484 32846480 m2 2335241 -0.00271645794 0.5 p1 67278 8
2831 32851204 m2 4496581 -1.04831615e-05 0.5 p1 67301 8
2087 32852308 m2 3240615 -0.000138951786 0.5 p1 67307 8
132 32856913 m2 206073 -1.39698534e-06 0.5 p1 67329 8
649 32868170 m2 1044476 -0.000835418876 0.5 p1 67380 8
17 32869079 m2 26101 -0.000306444097 0.5 p1 67385 8
970 32869443 m3 1536329 0.000159692005 0.5 p1 67386 8
1656 32879269 m2 2567690 -7.19928948e-07 0.5 p1 67431 8
1118 32881200 m2 1766236 -0.00365056959 0.5 p1 67440 8
1791 32882405 m2 2777014 -0.000294171128 0.5 p1 67446 8
30 32885448 m2 46792 -0.0010870375 0.5 p1 67460 8
2696 32891494 m2 4275290 -0.000128400497 0.5 p1 67488 8
612 32892094 m3 984157 0.000141839962 0.5 p1 67491 8
626 32892225 m2 1017835 -0.000954792427 0.5 p1 67492 8
323 32892340 m2 516826 -0.00243880181 0.5 p1 67492 8
2281 32893015 m2 3571106 -5.60975641e-05 0.5 p1 67496 8
1384 32893408 m2 2178004 -0.00403652759 0.5 p1 67498 8
1499 32894357 m3 2354723 0.00347609911 0.5 p1 67502 8
379 32903905 m2 608869 -0.00117961259 0.5 p1 67549 8
2875 32904613 m2 4568608 -0.000627709785 0.5 p1 67553 8
2893 32904798 m2 4605739 -4.70690538e-05 0.5 p1 67553 8
2233 32906999 m2 3499812 -0.000924589927 0.5 p1 67564 8
2191 32912525 m2 3428700 -8.48156833e-06 0.5 p1 67590 8
2369 32915863 m2 3745648 -0.00437051384 0.5 p1 67607 8
1801 32924999 m2 2787079 -0.000672178634 0.5 p1 67651 8
822 32925342 m2 1326739 -0.00033051346 0.5 p1 67653 8
2247 32936413 m2 3524955 -5.40126803e-06 0.5 p1 67708 8
429 32937365 m2 701652 -8.66747359e-06 0.5 p1 67713 8
1292 32939388 m2 2021066 -0.00028400583 0.5 p1 67723 8
1731 32945036 m2 2679252 -0.000625049346 0.5 p1 67749 8
81 32948950 m2 131294 -6.6216664e-05 0.5 p1 67768 8
452 32957323 m2 746498 -0.000100449572 0.5 p1 67808 8
1204 32968656 m2 1893247 -0.00166158215 0.5 p1 67863 8
1496 32978199 m2 2350390 -0.0002574971 0.5 p1 67907 8
1469 32984724 m2 2313247 -0.000130025626 0.5 p1 67938 8
1398 32986071 m2 2206136 -0.00260123657 0.5 p1 67945 8
1556 32986844 m2 2421599 -0.000304316287 0.5 p1 67948 8
1939 32992188 m2 3021450 -0.000439748255 0.5 p1 67974 8
310 33003029 m2 502404 -0.00101678888 0.5 p1 68025 8
618 33003829 m2 994855 -2.36210099e-06 0.5 p1 68029 8
1461 33010975 m3 2303087 0.00228209933 0.5 p1 68062 8
1704 33010978 m2 2636812 -7.26912049e-06 0.5 p1 68062 8
2660 33011687 m3 4218438 0.000769500155 0.5 p1 68065 8
1488 33017812 m2 2341680 -0.00273856497 0.5 p1 68094 8
405 33017938 m2 662518 -2.30687856e-05 0.5 p1 68094 8
2945 33019446 m2 4682409 -0.00954842754 0.5 p1 68101 8
2207 33021548 m2 3461639 -0.00172525842 0.5 p1 68111 8
1554 33034336 m3 2419405 0.000585329311 0.5 p1 68170 8
544 33034878 m2 888142 -0.00110705267 0.5 p1 68173 8
2246 33037364 m2 3523196 -0.000837652187 0.5 p1 68184 8
594 33038247 m2 959015 -5.71872733e-05 0.5 p1 68189 8
1305 33040463 m2 2046446 -2.30100795e-05 0.5 p1 68200 8
400 33045558 m2 652958 -0.00621410972 0.5 p1 68225 8
1167 33045896 m2 1842090 -0.00157678628 0.5 p1 68227 8
1519 33049024 m2 2381733 -0.000934821495 0.5 p1 68242 8
306 33053020 m2 497155 -0.00061726541 0.5 p1 68261 8
2545 33053547 m2 4039136 -0.000152063149 0.5 p1 68264 8
1869 33071976 m2 2894445 -4.03069098e-05 0.5 p1 68350 8
2606 33072611 m2 4139762 -0.000267492986 0.5 p1 68353 8
1036 33076196 m2 1641692 -0.000555605802 0.5 p1 68370 8
464 33081680 m2 767964 -0.0033054559 0.5 p1 68397 8
3001 33083172 m3 4766453 0.000656037126 0.5 p1 68405 8
1426 33107315 m2 2246505 -0.00127297535 0.5 p1 68519 8
938 33108053 m2 1478195 -0.00106584921 0.5 p1 68523 8
2065 33114522 m2 3215081 -0.00113170652 0.5 p1 68555 8
2680 33119893 m3 4249758 0.000339965016 0.5 p1 68581 8
2204 33124202 m2 3455390 -0.00615158072 0.5 p1 68602 8
812 33127664 m3 1314657 0.00227927486 0.5 p1 68619 8
1873 33131050 m2 2900722 -0.000308989926 0.5 p1 68635 8
2164 33158982 m2 3384603 -3.12833581e-05 0.5 p1 68772 8
2881 33165974 m3 4581204 0.000646724366 0.5 p1 68806 8
982 33174487 m2 1556181 -0.00145817641 0.5 p1 68848 8
3033 33179533 m2 4812958 -0.00179692637 0.5 p1 68873 8
1104 33182313 m2 1751384 -0.00138530158 0.5 p1 68886 8
2388 33188791 m2 3780458 -0.00400196761 0.5 p1 68917 8
2092 33195249 m2 3255130 -8.75829064e-05 0.5 p1 68949 8
1826 33195915 m2 2833328 -0.00018060951 0.5 p1 68952 8
1355 33205501 m2 2119259 -0.000880833599 0.5 p1 69000 8
419 33210169 m2 684875 -0.00782918464 0.5 p1 69022 8
1310 33210238 m2 2054479 -0.000122765239 0.5 p1 69023 8
2064 33211485 m2 3213598 -5.09503443e-05 0.5 p1 69029 8
2276 33216137 m2 3562234 -0.00784667488 0.5 p1 69052 8
2345 33216638 m2 3700542 -0.00123969279 0.5 p1 69055 8
179 33217866 m2 290121 -0.00475611212 0.5 p1 69061 8
611 33218158 m2 982011 -6.10058087e-05 0.5 p1 69063 8
2135 33221984 m2 3337832 -0.000948862755 0.5 p1 69081 8
2407 33233679 m2 3816050 -0.00884741545 0.5 p1 69140 8
75 33235695 m2 122899 -0.00109983701 0.5 p1 69150 8
1070 33244778 m2 1693082 -0.000133224908 0.5 p1 69197 8
2384 33246445 m2 3775350 -4.37813251e-05 0.5 p1 69206 8
2130 33248150 m2 3328871 -5.06865035e-05 0.5 p1 69214 8
1745 33249600 m3 2703517 0.000391269656 0.5 p1 69222 8
3106 33253383 m2 4925882 -0.000701633049 0.5 p1 69241 8
274 33256344 m2 442073 -0.0059901881 0.5 p1 69256 8
330 33261563 m2 520710 -0.000179877141 0.5 p1 69284 8
1734 33264168 m2 2684216 -0.0011899072 0.5 p1 69297 8
3119 33270132 m2 4952165 -0.000350845774 0.5 p1 69328 8
2473 33274606 m2 3917154 -0.00301051536 0.5 p1 69350 8
639 33276352 m3 1030452 6.34044263e-05 0.5 p1 69359 8
930 33277458 m2 1467522 -0.000647550973 0.5 p1 69365 8
689 33277552 m2 1107934 -0.00259810174 0.5 p1 69365 8
300 33278502 m2 484602 -0.0022938496 0.5 p1 69370 8
2910 33282912 m2 4627438 -0.000910982315 0.5 p1 69393 8
2218 33283749 m2 3478707 -0.000967993925 0.5 p1 69397 8
1542 33284150 m2 2405039 -0.0010331563 0.5 p1 69399 8
559 33291673 m2 911603 -0.00198176038 0.5 p1 69437 8
2128 33292174 m2 3324758 -1.56951173e-05 0.5 p1 69439 8
2165 33300685 m2 3385162 -0.00308979326 0.5 p1 69483 8
1898 33310128 m2 2939108 -0.000409701461 0.5 p1 69532 8
1416 33315986 m2 2231932 -0.00124009605 0.5 p1 69562 8
2721 33316766 m2 4331376 -1.1036801e-05 0.5 p1 69566 8
1854 33318670 m2 2868249 -0.000240116278 0.5 p1 69576 8
975 33321142 m2 1546427 -0.00195076561 0.5 p1 69590 8
246 33326796 m2 408921 -0.000136429968 0.5 p1 69618 8
1422 33327036 m2 2243022 -0.000197739544 0.5 p1 69620 8
145 33329451 m2 225272 -0.00412649987 0.5 p1 69632 8
3089 33331276 m2 4900774 -0.000337614736 0.5 p1 69641 8
2575 33338930 m3 4093058 0.00239688461 0.5 p1 69681 8
2330 33345383 m2 3675159 -0.00280298013 0.5 p1 69717 8
408 33346323 m2 666419 -0.000303758396 0.5 p1 69722 8
1810 33357529 m3 2802462 0.00213342276 0.5 p1 69781 8
2836 33359936 m2 4502880 -1.03470484e-05 0.5 p1 69794 8
1226 33359965 m2 1933329 -3.63482504e-05 0.5 p1 69794 8
1737 33363534 m2 2692459 -0.00360600976 0.5 p1 69814 8
1610 33368337 m2 2498114 -0.000417949195 0.5 p1 69839 8
1348 33376356 m2 2106382 -9.35216158e-05 0.5 p1 69881 8
2094 33378540 m2 3256422 -0.00335490145 0.5 p1 69893 8
2857 33386422 m2 4544526 -0.011820999 0.5 p1 69936 8
1478 33392760 m2 2328099 -0.000571852899 0.5 p1 69971 8
2200 33399292 m2 3443260 -0.000262289745 0.5 p1 70008 8
53 33405064 m2 85325 -0.00117375224 0.5 p1 70039 8
3060 33409116 m2 4864896 -0.000955577591 0.5 p1 70062 8
1093 33409527 m2 1726716 -0.000332034338 0.5 p1 70065 8
110 33411426 m2 169775 -0.0010258673 0.5 p1 70076 8
2917 33411496 m2 4640809 -0.000296467799 0.5 p1 70076 8
1085 33423069 m2 1713355 -3.64363696e-05 0.5 p1 70141 8
262 33427829 m2 430945 -6.08582777e-05 0.5 p1 70168 8
978 33429978 m2 1549386 -0.000629565096 0.5 p1 70180 8
2463 33436906 m2 3903001 -0.00586600974 0.5 p1 70219 8
757 33437470 m2 1210669 -0.0016521744 0.5 p1 70222 8
1962 33438906 m3 3061199 0.000515491294 0.5 p1 70231 8
1995 33440026 m2 3120730 -0.00235935743 0.5 p1 70237 8
1772 33440632 m2 2740730 -0.00171824091 0.5 p1 70241 8
2539 33446316 m2 4033338 -0.00397473527 0.5 p1 70272 8
2141 33449937 m2 3343012 -0.00141095102 0.5 p1 70292 8
2592 33456587 m2 4119453 -0.000512582075 0.5 p1 70330 8
1040 33457062 m2 1652749 -0.000936772849 0.5 p1 70333 8
1295 33461408 m2 2034697 -0.000779039867 0.5 p1 70356 8
200 33463106 m2 330345 -0.000500379421 0.5 p1 70366 8
1397 33465414 m2 2202296 -0.000692839385 0.5 p1 70379 8
1906 33465658 m2 2951964 -0.000486573146 0.5 p1 70380 8
3025 33466652 m2 4797184 -0.000698392629 0.5 p1 70385 8
1693 33467740 m2 2622090 -1.85518038e-05 0.5 p1 70391 8
1788 33468616 m3 2769099 0.00202523917 0.5 p1 70396 8
2339 33474642 m2 3688941 -0.000140072647 0.5 p1 70429 8
900 33486748 m2 1432949 -0.00107667653 0.5 p1 70497 8
886 33488603 m2 1414204 -0.00134174444 0.5 p1 70507 8
382 33494859 m2 612997 -0.000567938201 0.5 p1 70542 8
1191 33498552 m2 1869541 -0.00160285737 0.5 p1 70561 8
702 33503232 m2 1127628 -4.01837133e-05 0.5 p1 70587 8
2833 33505190 m2 4498932 -0.00127439224 0.5 p1 70598 8
777 33511295 m2 1258055 -0.00619624509 0.5 p1 70632 8
2061 33514420 m2 3210970 -0.00663643237 0.5 p1 70649 8
1162 33517354 m2 1825299 -0.00354803749 0.5 p1 70665 8
327 33520370 m2 519565 -0.000268604228 0.5 p1 70682 8
1865 33520512 m2 2884827 -0.00416123727 0.5 p1 70683 8
1569 33531518 m2 2436240 -0.00118885934 0.5 p1 70745 8
926 33532540 m2 1465539 -9.00765917e-06 0.5 p1 70750 8
93 33533663 m2 150880 -0.00700825593 0.5 p1 70756 8
687 33536683 m2 1095877 -4.45129263e-05 0.5 p1 70773 8
3057 33543437 m3 4861974 0.000867949391 0.5 p1 70811 8
1002 33544629 m2 1587958 -0.00413208222 0.5 p1 70818 8
1427 33549541 m2 2250691 -0.000141930053 0.5 p1 70846 8
1706 33551645 m2 2639735 -0.00107937108 0.5 p1 70858 8
854 33554666 m2 1375004 -4.18281379e-05 0.5 p1 70876 8
2311 33556166 m2 3629656 -1.86711986e-06 0.5 p1 70885 8
2732 33557211 m3 4346743 0.000453074346 0.5 p1 70891 8
790 33560441 m2 1284554 -0.00104784931 0.5 p1 70910 8
1724 33560699 m2 2663652 -0.000393947819 0.5 p1 70911 8
906 33563963 m2 1443299 -0.00522935484 0.5 p1 70930 8
1407 33566810 m2 2220213 -0.00239734119 0.5 p1 70945 8
1228 33568657 m2 1935506 -0.00118463871 0.5 p1 70955 8
774 33570211 m2 1248633 -0.000420029566 0.5 p1 70963 8
720 33570904 m2 1148553 -1.69959494e-05 0.5 p1 70967 8
1947 33572527 m2 3045274 -0.001967018 0.5 p1 70976 8
335 33579988 m2 529233 -0.00304090115 0.5 p1 71020 8
1394 33580455 m2 2199187 -0.000421048404 0.5 p1 71023 8
3107 33584953 m2 4927807 -0.000259602821 0.5 p1 71048 8
520 33585652 m2 850396 -0.000357342884 0.5 p1 71052 8
967 33587914 m2 1528785 -0.00412195362 0.5 p1 71065 8
22 33592401 m3 37322 0.00262933481 0.5 p1 71090 8
691 33593627 m2 1113211 -0.00256117387 0.5 p1 71097 8
1459 33600266 m2 2301193 -0.00376350363 0.5 p1 71134 8
1314 33605828 m2 2061935 -0.00711767655 0.5 p1 71167 8
2361 33606169 m2 3735428 -0.00438430579 0.5 p1 71169 8
1969 33608898 m2 3070906 -0.00125152722 0.5 p1 71185 8
1541 33609203 m2 2402516 -0.0061233961 0.5 p1 71186 8
2580 33609278 m2 4100599 -0.001807558 0.5 p1 71187 8
1929 33615526 m2 3001465 -0.00493434817 0.5 p1 71223 8
1056 33618274 m2 1669691 -0.000131755078 0.5 p1 71239 8
1563 33619422 m2 2429821 -0.000100285564 0.5 p1 71246 8
2220 33623847 m2 3479742 -0.000423464313 0.5 p1 71271 8
1389 33627185 m2 2193172 -0.00395305082 0.5 p1 71290 8
669 33630904 m2 1065635 -0.00477757491 0.5 p1 71311 8
155 33631560 m2 243898 -2.12926934e-05 0.5 p1 71315 8
581 33633180 m2 943091 -0.000274365302 0.5 p1 71324 8
207 33637390 m2 341367 -0.00192351209 0.5 p1 71349 8
296 33638651 m2 469977 -0.000995063805 0.5 p1 71357 8
1423 33638856 m2 2243719 -0.00811934192 0.5 p1 71358 8
256 33639423 m2 418355 -7.44203635e-06 0.5 p1 71361 8
1375 33642598 m2 2162702 -0.010566406 0.5 p1 71380 8
1672 33645833 m2 2589901 -0.00410416303 0.5 p1 71400 8
1377 33657416 m2 2164258 -0.00248895795 0.5 p1 71466 8
1637 33657664 m2 2547129 -0.0120179011 0.5 p1 71467 8
364 33658072 m2 584994 -0.00118754175 0.5 p1 71470 8
1189 33664535 m2 1865602 -0.000678514887 0.5 p1 71508 8
2219 33667123 m2 3479718 -0.00018265305 0.5 p1 71524 8
2538 33673257 m2 4032073 -1.42879662e-05 0.5 p1 71559 8
909 33677826 m2 1447499 -0.00112551381 0.5 p1 71587 8
2642 33681649 m2 4199811 -0.00180585124 0.5 p1 71612 8
2962 33683253 m2 4709277 -0.000124100363 0.5 p1 71621 8
1924 33685921 m2 2988113 -0.00381773082 0.5 p1 71637 8
1462 33687302 m2 2309080 -0.00225163903 0.5 p1 71645 8
1290 33688627 m2 2018400 -0.00154211023 0.5 p1 71652 8
1624 33689981 m3 2523845 0.00233125826 0.5 p1 71660 8
1235 33699555 m2 1948550 -0.00029538016 0.5 p1 71718 8
2616 33703482 m2 4161250 -0.000438807911 0.5 p1 71742 8
1602 33703909 m2 2488482 -0.00230382686 0.5 p1 71744 8
1240 33706747 m2 1955694 -0.00489471806 0.5 p1 71762 8
3045 33711533 m2 4838990 -0.00285762502 0.5 p1 71791 8
1802 33712739 m2 2793606 -9.06623172e-05 0.5 p1 71799 8
1992 33720068 m2 3115904 -0.00161352928 0.5 p1 71843 8
44 33728125 m2 66301 -0.00395572884 0.5 p1 71893 8
3109 33729458 m2 4929801 -0.000210429527 0.5 p1 71902 8
558 33736291 m2 911340 -0.000808336481 0.5 p1 71946 8
275 33737964 m2 443092 -0.00440975372 0.5 p1 71956 8
1071 33740048 m2 1696220 -1.9232757e-05 0.5 p1 71970 8
800 33740561 m2 1300000 -0.00224569812 0.5 p1 71973 8
503 33741484 m2 827012 -0.000514313055 0.5 p1 71979 8
2796 33744444 m2 4439054 -0.0096869478 0.5 p1 71998 8
1471 33745109 m2 2314471 -0.000407253159 0.5 p1 72002 8
365 33752280 m2 585155 -0.00775854476 0.5 p1 72048 8
1518 33755295 m2 2381118 -0.000565742608 0.5 p1 72068 8
2824 33756323 m2 4482807 -0.000295533187 0.5 p1 72074 8
7 33759502 m2 11347 -8.29337239e-07 0.5 p1 72095 8
1957 33764239 m2 3058612 -0.00813759305 0.5 p1 72126 8
2918 33764478 m3 4641370 0.00110316079 0.5 p1 72127 8
2262 33764898 m2 3539561 -0.0021194506 0.5 p1 72130 8
1651 33766405 m2 2564095 -8.62219622e-06 0.5 p1 72140 8
1736 33771056 m2 2687285 -0.00921342615 0.5 p1 72171 8
1046 33776704 m3 1661629 0.00164234161 0.5 p1 72210 8
1916 33777622 m2 2972257 -3.76241451e-06 0.5 p1 72216 8
1180 33778949 m2 1859552 -0.00132562756 0.5 p1 72224 8
1566 33778961 m2 2435039 -0.00751773501 0.5 p1 72224 8
2525 33782069 m2 4017021 -0.000397271273 0.5 p1 72245 8
2869 33783925 m2 4556470 -0.000858829007 0.5 p1 72257 8
766 33787035 m2 1224243 -0.000587878283 0.5 p1 72278 8
898 33787931 m2 1432032 -0.00832877401 0.5 p1 72284 8
2887 33797323 m2 4589727 -0.000180984789 0.5 p1 72348 8
144 33799497 m2 222357 -0.00109635014 0.5 p1 72363 8
2698 33800668 m2 4284119 -0.00189342385 0.5 p1 72371 8
230 33802599 m2 380768 -0.00414861832 0.5 p1 72384 8
2441 33810921 m2 3864539 -4.98787595e-05 0.5 p1 72440 8
527 33813981 m2 861631 -0.0030793529 0.5 p1 72461 8
1205 33819446 m2 1894474 -0.00542657496 0.5 p1 72497 8
1727 33822230 m2 2673257 -0.000165318852 0.5 p1 72516 8
856 33826332 m2 1376515 -0.00207638484 0.5 p1 72545 8
369 33826361 m2 587601 -0.00313377893 0.5 p1 72545 8
434 33826699 m2 712941 -0.00156365184 0.5 p1 72547 8
1805 33830724 m2 2796848 -5.62407658e-05 0.5 p1 72576 8
204 33830810 m2 335718 -0.00352564757 0.5 p1 72576 8
575 33833863 m2 935320 -0.00885171536 0.5 p1 72598 8
2295 33834447 m2 3591828 -0.00122138299 0.5 p1 72602 8
667 33837697 m2 1064869 -0.0156029603 0.5 p1 72625 8
2028 33837732 m2 3160322 -0.000488486199 0.5 p1 72625 8
2615 33838763 m2 4156409 -0.00692851702 0.5 p1 72632 8
2068 33844583 m2 3220411 -6.95985e-05 0.5 p1 72675 8
1380 33846813 m2 2174284 -0.0207250323 0.5 p1 72692 8
1824 33847209 m2 2831770 -0.000916925434 0.5 p1 72695 8
1130 33847266 m2 1787099 -0.00659346767 0.5 p1 72695 8
1417 33848616 m2 2233304 -0.00165109592 0.5 p1 72705 8
1834 33848846 m2 2844107 -1.87243895e-05 0.5 p1 72707 8
1109 33850305 m2 1755454 -0.000724981364 0.5 p1 72717 8
1856 33851977 m2 2871174 -0.00868297089 0.5 p1 72729 8
1917 33852426 m2 2972793 -0.0014068915 0.5 p1 72732 8
3110 33857113 m2 4932654 -0.000712277892 0.5 p1 72766 8
1428 33857219 m2 2251429 -0.000387501641 0.5 p1 72767 8
974 33859701 m2 1542646 -0.0049364469 0.5 p1 72785 8
857 33861413 m2 1377185 -0.00091604254 0.5 p1 72797 8
184 33863180 m2 303177 -7.53607965e-05 0.5 p1 72810 8
2405 33864737 m2 3812076 -0.00516894739 0.5 p1 72822 8
786 33865261 m2 1280409 -6.60101869e-05 0.5 p1 72826 8
2880 33867201 m2 4579362 -2.90996541e-05 0.5 p1 72841 8
2856 33870823 m2 4541326 -0.00201410917 0.5 p1 72868 8
1866 33875095 m2 2887120 -0.000799869245 0.5 p1 72898 8
474 33879327 m2 779922 -0.00541334786 0.5 p1 72930 8
714 33882502 m2 1143180 -0.0016461229 0.5 p1 72954 8
2906 33887228 m2 4618989 -0.000182717922 0.5 p1 72988 8
2332 33888065 m2 3675983 -0.000147983737 0.5 p1 72993 8
397 33891769 m2 645925 -0.00119300885 0.5 p1 73021 8
266 33894670 m3 436517 0.00322303385 0.5 p1 73042 8
1095 33895378 m2 1730637 -0.00218414958 0.5 p1 73047 8
3137 33900248 m2 4995543 -0.00613662833 0.5 p1 73084 8
1798 33900292 m2 2784335 -0.0179241579 0.5 p1 73085 8
2534 33902976 m2 4028413 -0.00893264823 0.5 p1 73105 8
123 33904367 m2 195976 -0.0043804734 0.5 p1 73115 8
2971 33904535 m2 4719802 -0.00141740369 0.5 p1 73116 8
1073 33904720 m2 1699095 -0.00614891015 0.5 p1 73118 8
1571 33905564 m2 2436646 -0.00341348979 0.5 p1 73124 8
3065 33905890 m2 4871279 -0.000124566999 0.5 p1 73127 8
125 33910724 m2 200315 -0.00146406936 0.5 p1 73164 8
2972 33915918 m2 4720007 -0.00225631171 0.5 p1 73204 8
2866 33917477 m2 4550758 -0.000649562629 0.5 p1 73215 8
1800 33919280 m2 2786334 -0.00340660429 0.5 p1 73229 8
628 33919593 m2 1019097 -1.09698306e-06 0.5 p1 73231 8
1179 33920520 m2 1851756 -0.00110837293 0.5 p1 73238 8
534 33920884 m2 875668 -0.010743212 0.5 p1 73241 8
1543 33921270 m2 2407023 -0.000453832094 0.5 p1 73243 8
2227 33922377 m2 3488265 -0.00105412712 0.5 p1 73252 8
1440 33924238 m2 2277177 -0.00134528754 0.5 p1 73266 8
831 33924662 m2 1343422 -2.79574515e-08 0.5 p1 73269 8
634 33925974 m2 1025322 -0.000228538614 0.5 p1 73279 8
390 33930846 m2 631368 -0.0041938494 0.5 p1 73317 8
264 33936664 m2 432085 -7.91266575e-05 0.5 p1 73367 8
2532 33937366 m2 4025877 -0.00122650305 0.5 p1 73373 8
1884 33944104 m2 2921644 -0.00209784578 0.5 p1 73430 8
3105 33944352 m2 4925394 -0.000889475923 0.5 p1 73432 8
2046 33949795 m2 3182388 -0.00516746473 0.5 p1 73476 8
55 33950464 m2 91634 -4.81171082e-06 0.5 p1 73481 8
1065 33952285 m2 1683229 -0.00289995014 0.5 p1 73496 8
2853 33958939 m2 4537618 -5.43404985e-06 0.5 p1 73554 8
2270 33961002 m2 3549510 -6.94015616e-05 0.5 p1 73570 8
951 33963361 m2 1505518 -0.000526990101 0.5 p1 73590 8
761 33968339 m2 1217745 -0.000196204157 0.5 p1 73633 8
2517 33969025 m2 3995631 -0.00361371064 0.5 p1 73638 8
2635 33969160 m2 4189976 -1.72248935e-08 0.5 p1 73639 8
1390 33969727 m2 2195718 -0.00169122173 0.5 p1 73644 8
2467 33969789 m2 3908265 -0.00230022869 0.5 p1 73644 8
180 33971813 m2 293587 -0.0040690708 0.5 p1 73660 8
2423 33974154 m2 3836118 -0.00109432533 0.5 p1 73679 8
848 33974242 m2 1370767 -6.20218852e-05 0.5 p1 73680 8
2648 33978487 m2 4203485 -7.94975422e-05 0.5 p1 73717 8
2377 33978742 m2 3761937 -0.00197882671 0.5 p1 73719 8
280 33979816 m2 453371 -3.79034054e-06 0.5 p1 73728 8
1628 33980963 m2 2536760 -0.00652097585 0.5 p1 73738 8
2184 33981103 m2 3418352 -0.000227394456 0.5 p1 73739 8
1165 33982704 m2 1832747 -0.000452550652 0.5 p1 73753 8
680 33982870 m2 1080126 -0.00767062651 0.5 p1 73755 8
1146 33984530 m2 1808098 -0.00826338865 0.5 p1 73769 8
1059 33993427 m2 1674642 -0.000137174575 0.5 p1 73844 8
1374 33998715 m2 2158915 -1.59319479e-05 0.5 p1 73890 8
911 34001048 m2 1450256 -0.0083768405 0.5 p1 73912 8
2629 34001153 m2 4179176 -0.000220394926 0.5 p1 73913 8
1951 34002098 m2 3052321 -0.000845874718 0.5 p1 73922 8
16 34004883 m2 20448 -0.00125902309 0.5 p1 73947 8
2146 34006561 m2 3346856 -3.80959391e-05 0.5 p1 73962 8
1553 34010274 m2 2417107 -0.00083633943 0.5 p1 73996 8
554 34010735 m2 905466 -0.00215622317 0.5 p1 74000 8
2072 34013549 m2 3223128 -0.00392343802 0.5 p1 74025 8
2394 34016386 m2 3789985 -0.00294292974 0.5 p1 74049 8
1216 34018606 m2 1911328 -0.000948410481 0.5 p1 74067 8
415 34024737 m2 675748 -0.00396722602 0.5 p1 74121 8
2348 34025327 m2 3705802 -0.00390830636 0.5 p1 74126 8
1274 34025726 m2 1996709 -0.00318376138 0.5 p1 74130 8
2151 34028880 m2 3357422 -0.000412681227 0.5 p1 74161 8
2537 34029326 m2 4030362 -0.000436357455 0.5 p1 74166 8
1760 34029391 m2 2724659 -0.00164980895 0.5 p1 74167 8
2507 34030220 m2 3974708 -0.000714399386 0.5 p1 74175 8
1366 34030736 m2 2138629 -0.00647572428 0.5 p1 74180 8
2171 34031659 m2 3403785 -0.00309461798 0.5 p1 74189 8
2367 34032597 m2 3743441 -0.00115283777 0.5 p1 74197 8
3042 34036121 m2 4833516 -0.00624329736 0.5 p1 74228 8
676 34036603 m2 1077355 -0.00310873962 0.5 p1 74232 8
2621 34036622 m2 4168573 -0.00628795242 0.5 p1 74232 8
261 34037066 m2 430060 -0.00301364972 0.5 p1 74236 8
2803 34037207 m2 4454686 -0.00120883866 0.5 p1 74237 8
1525 34037311 m2 2384163 -6.06416434e-05 0.5 p1 74238 8
2283 34037657 m2 3573876 -0.000972195703 0.5 p1 74241 8
1825 34038845 m2 2833128 -0.000729859865 0.5 p1 74252 8
257 34039777 m3 423505 0.00053401012 0.5 p1 74261 8
1630 34040188 m2 2541784 -0.00360725424 0.5 p1 74265 8
447 34041124 m2 734773 -0.0015210975 0.5 p1 74273 8
2255 34041590 m2 3532590 -0.00348111242 0.5 p1 74278 8
3123 34041703 m2 4958271 -0.000254415412 0.5 p1 74279 8
1839 34042151 m2 2851155 -0.00186452025 0.5 p1 74283 8
476 34043410 m2 784702 -0.000152721506 0.5 p1 74295 8
2445 34043523 m2 3881075 -0.00162776245 0.5 p1 74296 8
1221 34044732 m2 1927911 -0.00187543558 0.5 p1 74308 8
2934 34045147 m2 4665114 -0.00364339794 0.5 p1 74311 8
316 34045809 m2 509853 -8.53324091e-05 0.5 p1 74317 8
425 34047596 m2 691153 -0.00119124237 0.5 p1 74333 8
2168 34048282 m2 3391607 -0.00189460034 0.5 p1 74341 8
610 34048747 m2 981135 -0.0032936302 0.5 p1 74345 8
1442 34049120 m3 2278087 0.000386944535 0.5 p1 74349 8
160 34051418 m2 251348 -0.000152032488 0.5 p1 74371 8
140 34051567 m2 213181 -0.00156730635 0.5 p1 74372 8
1582 34056580 m3 2460639 0.000416616735 0.5 p1 74419 8
90 34058447 m2 145176 -0.00244835345 0.5 p1 74437 8
3010 34059085 m2 4777953 -0.000108120323 0.5 p1 74443 8
1540 34062187 m2 2398777 -0.00120669347 0.5 p1 74475 8
265 34062981 m2 436073 -5.34954597e-05 0.5 p1 74483 8
1991 34065058 m2 3114357 -0.00017195828 0.5 p1 74504 8
1714 34066385 m2 2655514 -0.00211192388 0.5 p1 74518 8
1218 34067003 m2 1919994 -0.000179148294 0.5 p1 74525 8
887 34068122 m2 1414587 -3.19682476e-05 0.5 p1 74536 8
2250 34068215 m3 3528608 0.000492968829 0.5 p1 74537 8
1335 34069576 m2 2093246 -0.00131766731 0.5 p1 74551 8
1090 34072740 m2 1723512 -0.0054583461 0.5 p1 74583 8
1888 34075160 m2 2926768 -0.000225579264 0.5 p1 74607 8
2781 34075985 m2 4419162 -5.56027953e-05 0.5 p1 74615 8
893 34080179 m2 1424251 -0.000433373672 0.5 p1 74656 8
603 34081577 m2 971694 -0.000818874571 0.5 p1 74670 8
2425 34081730 m2 3843155 -0.00116127334 0.5 p1 74672 8
2550 34083488 m2 4049054 -0.000826646981 0.5 p1 74689 8
1122 34085621 m2 1772840 -0.000623710104 0.5 p1 74710 8
514 34087383 m2 844598 -7.09679568e-08 0.5 p1 74727 8
2639 34087414 m2 4195208 -5.51591547e-05 0.5 p1 74727 8
1828 34088360 m2 2835857 -0.00311709754 0.5 p1 74736 8
1833 34089455 m2 2843945 -0.000263491791 0.5 p1 74746 8
164 34090549 m2 260715 -0.00744585134 0.5 p1 74757 8
1751 34091416 m2 2706792 -0.00103689882 0.5 p1 74766 8
2496 34092860 m2 3957320 -0.000459256204 0.5 p1 74781 8
1790 34094029 m2 2773732 -0.000699103461 0.5 p1 74792 8
2896 34094306 m2 4609606 -0.00727726752 0.5 p1 74795 8
3140 34097218 m2 4999922 -0.00632394385 0.5 p1 74823 8
745 34099587 m2 1186590 -0.00526614394 0.5 p1 74847 8
1653 34099935 m2 2566528 -0.00378898368 0.5 p1 74850 8
2248 34101583 m2 3526292 -0.00256717461 0.5 p1 74865 8
1874 34103365 m2 2900878 -0.000237972155 0.5 p1 74882 8
1271 34103672 m2 1992957 -0.000984420883 0.5 p1 74885 8
2601 34105313 m2 4136183 -1.33556532e-05 0.5 p1 74900 8
2077 34106732 m2 3227918 -0.000495789689 0.5 p1 74914 8
462 34107133 m2 764878 -0.00269707083 0.5 p1 74918 8
1016 34112283 m2 1609893 -0.00412972551 0.5 p1 74969 8
2254 34117103 m2 3532380 -0.00123335235 0.5 p1 75018 8
1614 34117525 m2 2503867 -0.000699326512 0.5 p1 75021 8
3058 34118360 m2 4862914 -0.000365512795 0.5 p1 75030 8
1562 34118651 m2 2428708 -0.00323621696 0.5 p1 75033 8
2527 34121664 m2 4018749 -0.00691986876 0.5 p1 75062 8
788 34125400 m2 1282064 -0.000923732354 0.5 p1 75098 8
919 34126452 m2 1459294 -0.00920120347 0.5 p1 75109 8
2396 34131929 m2 3792333 -0.0133597553 0.5 p1 75162 8
416 34132507 m2 675791 -0.000906935195 0.5 p1 75169 8
808 34132715 m2 1310790 -0.000169941864 0.5 p1 75171 8
65 34136023 m2 106562 -0.0119246943 0.5 p1 75205 8
1987 34136864 m2 3102351 -9.67392953e-06 0.5 p1 75215 8
561 34137624 m2 911953 -0.000227399112 0.5 p1 75222 8
1074 34137727 m2 1702153 -0.00958892051 0.5 p1 75223 8
322 34137774 m2 516412 -0.00857387576 0.5 p1 75224 8
26 34137904 m2 40051 -0.0124194175 0.5 p1 75225 8
2849 34139919 m2 4525954 -0.00677051255 0.5 p1 75248 8
2327 34142115 m2 3670878 -0.00073719176 0.5 p1 75273 8
35 34143349 m2 54286 -0.0052718902 0.5 p1 75285 8
63 34145102 m2 102207 -0.00188782997 0.5 p1 75302 8
2349 34147938 m2 3710027 -0.00026983401 0.5 p1 75331 8
196 34148781 m3 324537 0.00203717966 0.5 p1 75340 8
694 34149121 m2 1119284 -0.00973437913 0.5 p1 75344 8
725 34150455 m2 1154797 -0.00198493106 0.5 p1 75358 8
2711 34150879 m2 4306976 -0.000216656335 0.5 p1 75362 8
2269 34151449 m2 3547152 -2.51842939e-05 0.5 p1 75368 8
531 34154367 m2 868956 -3.5202595e-06 0.5 p1 75398 8
2193 34156513 m2 3431343 -0.007342597 0.5 p1 75421 8
2125 34160886 m2 3320089 -0.0101651819 0.5 p1 75470 8
453 34161380 m2 748660 -0.00195364235 0.5 p1 75475 8
2475 34162674 m2 3922139 -0.000401741301 0.5 p1 75490 8
2456 34164823 m2 3898177 -0.000567509909 0.5 p1 75515 8
72 34165108 m2 119538 -0.000587589515 0.5 p1 75519 8
1250 34167929 m2 1964873 -0.00537391473 0.5 p1 75551 8
254 34170531 m2 415228 -0.00548845483 0.5 p1 75581 8
820 34172559 m2 1325158 -0.00291140261 0.5 p1 75606 8
844 34172849 m2 1367360 -4.29704687e-06 0.5 p1 75609 8
2299 34172877 m2 3599899 -0.00184834783 0.5 p1 75610 8
3127 34173288 m2 4966693 -0.00593949109 0.5 p1 75614 8
121 34174031 m2 188358 -0.00200164318 0.5 p1 75623 8
3132 34174775 m2 4987236 -0.00016143547 0.5 p1 75633 8
2186 34176091 m2 3421609 -0.000404352235 0.5 p1 75649 8
643 34177264 m2 1037774 -0.0019999072 0.5 p1 75663 8
1505 34177547 m2 2359904 -0.000271606783 0.5 p1 75667 8
536 34178138 m2 879176 -0.00463188114 0.5 p1 75674 8
1823 34180751 m2 2827176 -0.00185012573 0.5 p1 75705 8
1544 34181501 m2 2409533 -0.00210211473 0.5 p1 75714 8
2458 34182648 m2 3899091 -0.000926969748 0.5 p1 75727 8
241 34183662 m2 405455 -0.00170872326 0.5 p1 75739 8
2804 34184574 m2 4457614 -0.00511501683 0.5 p1 75749 8
486 34184775 m2 795568 -0.0113402372 0.5 p1 75752 8
2681 34187255 m2 4251091 -0.000763521122 0.5 p1 75781 8
2630 34189202 m2 4180552 -1.34374795e-05 0.5 p1 75806 8
1058 34190746 m2 1671883 -0.00434830412 0.5 p1 75825 8
1759 34193870 m2 2723153 -6.44902975e-05 0.5 p1 75863 8
1523 34198071 m2 2382830 -0.00542230718 0.5 p1 75916 8
1809 34198102 m2 2801974 -6.79280784e-05 0.5 p1 75916 8
768 34198439 m2 1231124 -0.00324809505 0.5 p1 75921 8
1909 34201440 m2 2957443 -0.00199166406 0.5 p1 75958 8
1112 34202048 m2 1758226 -0.00253868429 0.5 p1 75965 8
225 34202130 m2 376375 -0.0137818931 0.5 p1 75966 8
2750 34202739 m2 4374024 -0.00267638825 0.5 p1 75974 8
636 34204340 m2 1028069 -0.00157288637 0.5 p1 75995 8
1034 34205239 m2 1639662 -8.99924817e-06 0.5 p1 76007 8
2484 34207241 m2 3938881 -0.00293452316 0.5 p1 76032 8
1370 34207576 m2 2150577 -7.47468505e-07 0.5 p1 76036 8
398 34210419 m2 650004 -8.66570772e-05 0.5 p1 76070 8
1245 34212700 m3 1961621 0.000403467013 0.5 p1 76098 8
1412 34213346 m2 2228202 -0.00355781661 0.5 p1 76106 8
2340 34213882 m2 3692974 -0.0011510764 0.5 p1 76113 8
2155 34214059 m3 3365399 0.000168553233 0.5 p1 76115 8
2179 34215340 m2 3413825 -0.00070871762 0.5 p1 76131 8
2686 34215620 m2 4258513 -0.00340668927 0.5 p1 76134 8
354 34216577 m2 562458 -0.0131091727 0.5 p1 76146 8
1376 34218980 m2 2164159 -0.0118531929 0.5 p1 76175 8
3030 34219309 m2 4808295 -0.00296506332 0.5 p1 76178 8
1329 34220586 m2 2088998 -0.00980469678 0.5 p1 76194 8
656 34220859 m2 1052442 -0.00450184243 0.5 p1 76198 8
2835 34222120 m2 4499853 -0.000996407121 0.5 p1 76212 8
2223 34222929 m2 3485080 -0.0055563706 0.5 p1 76222 8
556 34223730 m2 908144 -0.000672664901 0.5 p1 76233 8
343 34224983 m2 541204 -0.000731794687 0.5 p1 76249 8
2673 34225005 m2 4240195 -2.66717143e-05 0.5 p1 76249 8
1030 34228121 m2 1633824 -0.00063681195 0.5 p1 76291 8
497 34228205 m3 819270 0.000881864747 0.5 p1 76292 8
2443 34230271 m2 3875328 -0.00318081048 0.5 p1 76318 8
446 34231451 m2 733344 -0.00221566716 0.5 p1 76334 8
2421 34231746 m2 3833156 -0.0085217217 0.5 p1 76337 8
2486 34232548 m2 3939406 -0.00289964234 0.5 p1 76349 8
907 34233172 m2 1444092 -1.56308361e-05 0.5 p1 76357 8
449 34235045 m2 741525 -3.90956984e-07 0.5 p1 76380 8
754 34235797 m2 1202174 -0.000408584747 0.5 p1 76389 8
674 34237762 m2 1075786 -0.000668995723 0.5 p1 76413 8
882 34240021 m2 1405284 -0.00641939836 0.5 p1 76442 8
253 34240399 m2 414646 -0.00279101776 0.5 p1 76447 8
1257 34241138 m2 1972248 -9.60537291e-05 0.5 p1 76457 8
1681 34241399 m2 2608199 -0.00420749933 0.5 p1 76460 8
829 34241903 m2 1338636 -0.00303425104 0.5 p1 76466 8
1608 34243273 m2 2497713 -0.0310547985 0.5 p1 76483 8
391 34243940 m2 635421 -0.00723737199 0.5 p1 76492 8
921 34243946 m2 1462420 -0.00233486597 0.5 p1 76492 8
1285 34245372 m2 2013844 -0.00074461021 0.5 p1 76511 8
2700 34245995 m2 4287507 -0.00494255591 0.5 p1 76520 8
1301 34247335 m2 2042236 -0.00112596189 0.5 p1 76538 8
1897 34247957 m2 2937580 -0.00017105056 0.5 p1 76547 8
3095 34248680 m2 4905794 -0.00595409749 0.5 p1 76557 8
2704 34251124 m2 4292759 -0.000621460786 0.5 p1 76590 8
2312 34251451 m2 3631099 -0.00429485878 0.5 p1 76594 8
174 34251493 m2 282869 -0.000835820043 0.5 p1 76595 8
2280 34251517 m2 3570180 -0.000652825751 0.5 p1 76595 8
89 34252281 m2 143348 -0.00742662093 0.5 p1 76605 8
2683 34252583 m2 4253501 -0.0156954676 0.5 p1 76609 8
3035 34253943 m2 4817827 -9.29672569e-06 0.5 p1 76629 8
787 34254275 m2 1280576 -0.00126601139 0.5 p1 76634 8
228 34255010 m2 378589 -0.00735184411 0.5 p1 76645 8
836 34255518 m2 1347997 -2.60240203e-08 0.5 p1 76653 8
1557 34257083 m2 2423599 -0.00051609613 0.5 p1 76677 8
389 34258286 m2 627929 -1.52287658e-08 0.5 p1 76695 8
2995 34259125 m2 4757097 -0.00330292084 0.5 p1 76708 8
349 34260122 m2 555296 -0.00495204981 0.5 p1 76722 8
2666 34261201 m2 4227737 -0.00386752025 0.5 p1 76738 8
2444 34263786 m2 3876612 -0.000855137652 0.5 p1 76775 8
2139 34263807 m2 3341689 -0.00242041633 0.5 p1 76775 8
2574 34265097 m3 4092216 0.000200893483 0.5 p1 76794 8
658 34267837 m2 1055968 -0.000281740708 0.5 p1 76832 8
2725 34267891 m2 4337541 -0.00222342485 0.5 p1 76833 8
2692 34268044 m2 4269607 -0.0042795632 0.5 p1 76835 8
386 34268514 m2 621248 -0.00257789646 0.5 p1 76842 8
1086 34268977 m2 1717788 -0.00145664904 0.5 p1 76848 8
2476 34269482 m2 3922497 -8.50256129e-06 0.5 p1 76856 8
2282 34269577 m2 3573791 -0.00297909044 0.5 p1 76858 8
666 34270043 m2 1064382 -0.00230600545 0.5 p1 76864 8
2661 34270053 m2 4220646 -0.000576819119 0.5 p1 76865 8
1023 34270113 m2 1622405 -0.00289177848 0.5 p1 76866 8
1629 34270232 m2 2536871 -0.00113194995 0.5 p1 76868 8
828 34270564 m2 1338392 -0.00189097237 0.5 p1 76873 8
1193 34270863 m2 1871183 -0.00390075729 0.5 p1 76877 8
2797 34271081 m2 4441507 -0.000213552994 0.5 p1 76881 8
2303 34271279 m2 3603106 -2.26776265e-05 0.5 p1 76884 8
2347 34271402 m2 3704461 -0.00327814813 0.5 p1 76885 8
736 34271434 m2 1176817 -0.00252526766 0.5 p1 76886 8
1913 34271582 m2 2965869 -0.00184134534 0.5 p1 76888 8
3016 34272224 m2 4784204 -0.00498583214 0.5 p1 76898 8
3097 34274123 m2 4909359 -0.000273607206 0.5 p1 76927 8
2807 34275005 m2 4462122 -0.0017564533 0.5 p1 76940 8
2518 34275318 m2 3996903 -0.00243294658 0.5 p1 76944 8
2138 34277105 m2 3339833 -0.00187157991 0.5 p1 76974 8
1729 34277169 m2 2677230 -0.000453653251 0.5 p1 76975 8
2134 34277193 m2 3336976 -0.00688318862 0.5 p1 76975 8
2305 34277239 m2 3614124 -0.000810348953 0.5 p1 76976 8
1872 34278059 m2 2899123 -0.000593703007 0.5 p1 76989 8
317 34279592 m3 510765 0.00123301882 0.5 p1 77015 8
413 34280429 m2 674637 -3.76000827e-07 0.5 p1 77028 8
712 34281341 m2 1142560 -0.00100020296 0.5 p1 77042 8
1604 34281470 m2 2492100 -0.00422036741 0.5 p1 77045 8
2417 34282224 m2 3828730 -0.000128311964 0.5 p1 77056 8
1437 34283502 m2 2271314 -0.000283582456 0.5 p1 77076 8
1920 34283739 m2 2978829 -0.00198892551 0.5 p1 77080 8
751 34284255 m2 1195962 -0.000179411654 0.5 p1 77088 8
703 34285776 m2 1128064 -0.000998714124 0.5 p1 77115 8
700 34287528 m2 1126600 -0.00666240044 0.5 p1 77141 8
553 34290293 m2 903290 -0.00173585746 0.5 p1 77187 8
1744 34290771 m2 2702865 -0.00253663398 0.5 p1 77196 8
509 34291438 m2 836295 -0.000173679276 0.5 p1 77206 8
1645 34295427 m2 2553889 -0.00384229189 0.5 p1 77270 8
2674 34296176 m2 4240225 -0.000472299813 0.5 p1 77283 8
2102 34296405 m2 3278243 -0.0152339377 0.5 p1 77286 8
570 34298201 m2 925282 -0.001406383 0.5 p1 77316 8
622 34298258 m2 1000186 -0.00133641437 0.5 p1 77317 8
2350 34299250 m2 3715415 -0.000683718885 0.5 p1 77333 8
2694 34299457 m2 4270549 -0.000267730356 0.5 p1 77336 8
1037 34301345 m2 1643045 -0.0020164724 0.5 p1 77365 8
2933 34302237 m2 4664191 -0.0131846247 0.5 p1 77380 8
983 34302256 m2 1556467 -0.000248518918 0.5 p1 77381 8
762 34302722 m2 1218533 -0.00166390731 0.5 p1 77389 8
1958 34303076 m2 3058929 -0.00020577338 0.5 p1 77395 8
2126 34303107 m2 3320183 -0.00254504359 0.5 p1 77396 8
1585 34303794 m2 2461757 -0.00135969359 0.5 p1 77408 8
1986 34305346 m2 3102277 -0.00710854353 0.5 p1 77435 8
903 34305475 m2 1434509 -0.000808165409 0.5 p1 77437 8
2426 34306434 m2 3843819 -3.61040588e-06 0.5 p1 77452 8
2885 34306725 m2 4584389 -0.000175329682 0.5 p1 77458 8
2314 34306818 m2 3635246 -0.000549951219 0.5 p1 77459 8
1409 34307119 m2 2224784 -0.00100007537 0.5 p1 77465 8
1812 34308908 m2 2804231 -0.0160227418 0.5 p1 77497 8
1425 34309755 m2 2244398 -0.0025870828 0.5 p1 77512 8
629 34310069 m2 1020628 -0.00199055113 0.5 p1 77518 8
3070 34311910 m2 4875823 -0.0006844952 0.5 p1 77550 8
2607 34312079 m2 4140792 -0.0128889503 0.5 p1 77553 8
557 34312588 m3 908661 0.000234637744 0.5 p1 77563 8
1591 34313332 m2 2471271 -0.000973639253 0.5 p1 77575 8
3080 34313358 m2 4886625 -0.00440947246 0.5 p1 77576 8
2505 34313847 m2 3969610 -0.00630649598 0.5 p1 77585 8
577 34314623 m2 936166 -0.000307945738 0.5 p1 77598 8
1344 34318202 m2 2103515 -0.000566840405 0.5 p1 77658 8
2188 34318355 m2 3427165 -0.00960652065 0.5 p1 77661 8
1063 34318510 m2 1682746 -0.000514245476 0.5 p1 77663 8
458 34320249 m2 758247 -0.0010935365 0.5 p1 77692 8
305 34320745 m2 494709 -0.0126821417 0.5 p1 77701 8
2579 34320962 m2 4099565 -0.00251335348 0.5 p1 77705 8
1229 34321058 m2 1936514 -0.000189419094 0.5 p1 77707 8
738 34321835 m2 1180894 -0.000100186779 0.5 p1 77721 8
60 34325714 m2 99115 -0.0111050112 0.5 p1 77796 8
1399 34326602 m2 2209560 -1.65827732e-05 0.5 p1 77811 8
151 34326681 m2 240693 -0.0345129929 0.5 p1 77812 8
1094 34328741 m2 1728583 -0.0155341951 0.5 p1 77848 8
2806 34329235 m2 4460982 -9.32008243e-06 0.5 p1 77856 8
1748 34329506 m2 2705424 -0.00170210039 0.5 p1 77860 8
1331 34329520 m2 2090876 -0.00207247864 0.5 p1 77860 8
192 34329786 m2 317664 -0.00689071324 0.5 p1 77865 8
2147 34329902 m2 3347370 -0.000184568038 0.5 p1 77867 8
2921 34331150 m2 4644838 -0.00353374402 0.5 p1 77889 8
1222 34331560 m2 1928075 -0.000781240407 0.5 p1 77898 8
2871 34334184 m2 4558950 -0.00144039479 0.5 p1 77949 8
885 34336633 m2 1413472 -0.00331092416 0.5 p1 77996 8
120 34337264 m2 182696 -0.00532271387 0.5 p1 78007 8
308 34337551 m2 498588 -0.00320376735 0.5 p1 78012 8
2400 34338103 m2 3797695 -0.00798483472 0.5 p1 78023 8
1457 34338171 m2 2300138 -0.000254440936 0.5 p1 78024 8
1889 34338409 m2 2927281 -0.000111542671 0.5 p1 78029 8
1702 34339816 m3 2634678 0.000389831897 0.5 p1 78056 8
435 34340336 m2 714637 -0.00180833752 0.5 p1 78066 8
2234 34340546 m2 3501801 -0.0013293532 0.5 p1 78069 8
905 34340612 m2 1442884 -0.00149814237 0.5 p1 78071 8
858 34341270 m2 1377607 -0.00985813886 0.5 p1 78082 8
1650 34341887 m2 2561446 -0.0060938145 0.5 p1 78094 8
2121 34342696 m2 3315341 -0.000997338444 0.5 p1 78110 8
2322 34342868 m2 3656225 -0.0337016284 0.5 p1 78113 8
94 34343850 m2 151651 -0.00201222394 0.5 p1 78134 8
215 34343937 m2 353232 -0.0078362152 0.5 p1 78135 8
109 34344173 m2 167599 -0.00064368156 0.5 p1 78140 8
1289 34344663 m2 2017710 -0.00206695171 0.5 p1 78149 8
2365 34345107 m2 3738034 -0.00803189166 0.5 p1 78159 8
2668 34345259 m2 4228814 -0.0179851409 0.5 p1 78162 8
1187 34345720 m2 1862783 -0.000701766228 0.5 p1 78171 8
2268 34345839 m2 3545810 -2.03145773e-05 0.5 p1 78173 8
550 34346178 m2 893272 -0.0116428854 0.5 p1 78179 8
2990 34346415 m2 4752266 -0.000590723939 0.5 p1 78184 8
2127 34346519 m2 3322516 -0.00304184528 0.5 p1 78186 8
1253 34346579 m3 1968407 0.000209207021 0.5 p1 78187 8
1283 34347021 m2 2008978 -0.00457928283 0.5 p1 78196 8
1733 34347163 m2 2683670 -0.00280075567 0.5 p1 78198 8
85 34348583 m2 135947 -0.005641995 0.5 p1 78229 8
1514 34348596 m2 2379436 -0.000123826991 0.5 p1 78229 8
1739 34349747 m2 2696977 -0.00141180691 0.5 p1 78256 8
873 34349821 m2 1394065 -0.00579938758 0.5 p1 78258 8
1690 34350278 m2 2616772 -0.00473383302 0.5 p1 78269 8
1538 34350379 m2 2396082 -0.00335848355 0.5 p1 78271 8
1006 34350741 m2 1592894 -5.29178067e-07 0.5 p1 78279 8
1101 34351001 m2 1744147 -0.00139656418 0.5 p1 78285 8
3074 34351983 m2 4878298 -0.0118337721 0.5 p1 78308 8
962 34352103 m2 1521958 -0.0115249474 0.5 p1 78311 8
148 34352535 m2 238922 -0.000659370329 0.5 p1 78321 8
1848 34354347 m2 2863817 -0.000301446649 0.5 p1 78361 8
373 34354794 m2 590031 -0.0154035343 0.5 p1 78371 8
925 34355310 m2 1465481 -0.00559308333 0.5 p1 78384 8
2459 34356293 m2 3899406 -0.00125670643 0.5 p1 78406 8
1550 34356428 m2 2414718 -0.00552039547 0.5 p1 78409 8
1276 34356876 m2 2000071 -0.000474666449 0.5 p1 78419 8
325 34357118 m2 518868 -0.00394623028 0.5 p1 78425 8
1623 34359027 m2 2522543 -0.00426932005 0.5 p1 78466 8
2008 34361036 m2 3133466 -0.00993221067 0.5 p1 78515 8
3092 34361198 m2 4903702 -0.0110840769 0.5 p1 78519 8
578 34361595 m3 938358 3.27909474e-05 0.5 p1 78527 8
1970 34361752 m2 3073122 -0.00081114046 0.5 p1 78531 8
2408 34361764 m2 3816155 -0.0018195078 0.5 p1 78531 8
1196 34361789 m2 1879058 -0.00280984864 0.5 p1 78532 8
1965 34362233 m2 3064564 -0.0169332866 0.5 p1 78541 8
1161 34362720 m2 1825102 -0.00321840402 0.5 p1 78553 8
1238 34362768 m2 1951488 -3.76864155e-05 0.5 p1 78554 8
529 34364517 m3 865166 0.00177352456 0.5 p1 78599 8
2791 34364522 m2 4433146 -0.00115828484 0.5 p1 78599 8
1005 34364761 m2 1592524 -0.0321825333 0.5 p1 78606 8
1357 34365168 m2 2120565 -0.000822206726 0.5 p1 78616 8
1821 34365267 m2 2824772 -0.0193070211 0.5 p1 78618 8
693 34365492 m2 1118803 -0.000240386405 0.5 p1 78623 8
1149 34365815 m2 1809456 -0.0077247899 0.5 p1 78631 8
195 34366065 m2 320924 -0.0129081002 0.5 p1 78636 8
284 34366097 m2 458184 -2.32850125e-05 0.5 p1 78637 8
2360 34366157 m2 3734253 -0.00235028146 0.5 p1 78638 8
1371 34366323 m2 2154846 -0.000317260623 0.5 p1 78643 8
571 34367116 m2 926068 -0.0123733114 0.5 p1 78661 8
3 34367524 m2 6802 -0.0277799387 0.5 p1 78672 8
1373 34367531 m2 2157674 -0.0161248446 0.5 p1 78672 8
2604 34367837 m2 4138544 -0.000721435354 0.5 p1 78681 8
660 34367869 m2 1056874 -0.0105882073 0.5 p1 78681 8
480 34368253 m2 787328 -0.000847421645 0.5 p1 78692 8
1097 34370676 m2 1735426 -0.00183646276 0.5 p1 78757 8
929 34370774 m2 1467225 -0.000201255549 0.5 p1 78760 8
197 34370845 m2 328060 -0.00163651269 0.5 p1 78763 8
1795 34370903 m2 2780992 -0.00203568698 0.5 p1 78765 8
713 34371703 m2 1143116 -0.00292851217 0.5 p1 78788 8
2541 34371759 m2 4034804 -3.12271695e-05 0.5 p1 78790 8
1816 34372600 m2 2809660 -0.00544083351 0.5 p1 78816 8
1172 34372649 m2 1844483 -0.00190157769 0.5 p1 78817 8
395 34373180 m2 640630 -0.000270410063 0.5 p1 78832 8
1551 34373564 m2 2414912 -0.00359850633 0.5 p1 78845 8
866 34373637 m2 1388814 -0.00517657865 0.5 p1 78847 8
1351 34374058 m2 2111955 -0.042396225 0.5 p1 78860 8
1943 34374180 m2 3034710 -0.000657709839 0.5 p1 78864 8
99 34374752 m2 159233 -0.00251720892 0.5 p1 78881 8
2025 34374869 m2 3152093 -0.00107876281 0.5 p1 78884 8
662 34375099 m2 1060086 -0.00317869266 0.5 p1 78890 8
2104 34375468 m2 3282006 -0.000106098691 0.5 p1 78900 8
1978 34375513 m2 3084689 -0.00660424074 0.5 p1 78902 8
591 34375755 m2 955054 -0.0373515673 0.5 p1 78909 8
1137 34376071 m2 1796979 -0.00269952277 0.5 p1 78919 8
1325 34376653 m2 2084858 -0.034975037 0.5 p1 78936 8
3084 34376800 m2 4895605 -0.0139644761 0.5 p1 78940 8
1664 34377319 m2 2579602 -0.00365131372 0.5 p1 78956 8
1132 34377431 m2 1788563 -0.00367987389 0.5 p1 78960 8
3020 34377488 m2 4791876 -0.00176849589 0.5 p1 78961 8
1756 34377802 m2 2713725 -0.000285420771 0.5 p1 78971 8
888 34377909 m3 1415119 0.000166655431 0.5 p1 78974 8
126 34378266 m2 202764 -0.00603379402 0.5 p1 78984 8
1278 34378447 m2 2002305 -0.00447467994 0.5 p1 78990 8
2053 34378629 m2 3198094 -0.000734038476 0.5 p1 78995 8
1793 34379068 m2 2778545 -0.00822463259 0.5 p1 79008 8
699 34379449 m2 1125877 -0.00394245982 0.5 p1 79020 8
1578 34379458 m2 2456821 -0.022760706 0.5 p1 79020 8
2988 34380125 m2 4748796 -0.000128788379 0.5 p1 79044 8
1128 34380563 m2 1781124 -0.00503720995 0.5 p1 79059 8
1830 34380672 m2 2836133 -0.000573455705 0.5 p1 79062 8
1743 34380835 m2 2701174 -0.0065331948 0.5 p1 79068 8
2112 34380894 m2 3298279 -9.07210342e-05 0.5 p1 79070 8
384 34381360 m2 617938 -0.00227018981 0.5 p1 79087 8
2300 34381535 m2 3600971 -0.00280366046 0.5 p1 79092 8
1272 34381843 m2 1993507 -0.0581231304 0.5 p1 79103 8
2651 34381955 m2 4208053 -0.010536951 0.5 p1 79106 8
3050 34382005 m2 4849026 -0.000164382567 0.5 p1 79109 8
344 34382219 m2 541734 -0.000709939108 0.5 p1 79117 8
1140 34382261 m2 1802127 -0.000513128529 0.5 p1 79118 8
3041 34382426 m2 4827999 -0.00353619759 0.5 p1 79125 8
1555 34382520 m2 2419820 -0.00679265615 0.5 p1 79128 8
2183 34382908 m2 3418322 -0.00850934256 0.5 p1 79143 8
2724 34383201 m2 4335453 -0.0227424186 0.5 p1 79153 8
1020 34383242 m2 1619086 -0.000309614872 0.5 p1 79154 8
755 34383307 m2 1203595 -0.0177267678 0.5 p1 79157 8
67 34383512 m2 109018 -0.0151657043 0.5 p1 79165 8
350 34383513 m2 555567 -0.00383788161 0.5 p1 79165 8
1211 34383705 m2 1903786 -0.00423058448 0.5 p1 79172 8
1871 34383712 m2 2896593 -9.87736785e-05 0.5 p1 79173 8
324 34383885 m2 517847 -0.000335863209 0.5 p1 79180 8
2244 34384131 m2 3521362 -0.0060460153 0.5 p1 79189 8
579 34384253 m2 939573 -0.0236006249 0.5 p1 79193 8
223 34384510 m2 370495 -0.00249670492 0.5 p1 79204 8
646 34384798 m2 1042046 -0.0150915608 0.5 p1 79217 8
64 34384810 m2 106159 -0.00951596443 0.5 p1 79218 8
340 34385004 m2 531671 -0.0021474578 0.5 p1 79225 8
2842 34385277 m2 4519046 -0.00111322186 0.5 p1 79236 8
1815 34385867 m2 2807850 -0.0312027186 0.5 p1 79261 8
1837 34385876 m2 2849462 -0.00353990751 0.5 p1 79261 8
2027 34385902 m2 3158974 -0.00627275882 0.5 p1 79263 8
2035 34386356 m2 3167227 -0.00789603218 0.5 p1 79285 8
1859 34386545 m2 2872128 -0.00170611963 0.5 p1 79294 8
896 34386556 m2 1427191 -0.00941242743 0.5 p1 79294 8
1584 34386589 m2 2461670 -0.00646579405 0.5 p1 79296 8
2124 34386668 m2 3319697 -0.0428599566 0.5 p1 79299 8
2447 34386957 m2 3885558 -0.0324339382 0.5 p1 79310 8
1983 34387198 m2 3095390 -0.00362327835 0.5 p1 79321 8
201 34387828 m2 333296 -0.0005742418 0.5 p1 79349 8
2812 34387835 m2 4467013 -0.000942081038 0.5 p1 79349 8
2084 34388388 m2 3237194 -0.00364599749 0.5 p1 79379 8
2088 34388390 m2 3242294 -0.0296990257 0.5 p1 79379 8
1596 34388529 m2 2478486 -0.0191784576 0.5 p1 79386 8
345 34388637 m2 544473 -0.0033604179 0.5 p1 79392 8
1803 34388757 m2 2794294 -0.00125919178 0.5 p1 79397 8
1600 34388863 m2 2486623 -0.0160796121 0.5 p1 79402 8
1227 34388910 m2 1934813 -0.00659561856 0.5 p1 79404 8
2366 34389055 m2 3740284 -0.0100775296 0.5 p1 79411 8
2413 34389143 m2 3822578 -0.01744885 0.5 p1 79416 8
268 34389443 m2 440142 -0.0060568531 0.5 p1 79432 8
2633 34389516 m2 4185502 -0.00214856956 0.5 p1 79435 8
2819 34389568 m2 4479484 -0.00968061294 0.5 p1 79437 8
1318 34389633 m2 2064489 -0.032885544 0.5 p1 79442 8
2154 34389774 m2 3361137 -0.0105540715 0.5 p1 79450 8
2738 34389796 m2 4349959 -0.00164089911 0.5 p1 79450 8
135 34389989 m2 206906 -2.72727139e-05 0.5 p1 79461 8
422 34390137 m2 686924 -0.000220229835 0.5 p1 79470 8
526 34390421 m2 860574 -0.00178851828 0.5 p1 79485 8
2074 34390650 m2 3225531 -0.000141343073 0.5 p1 79499 8
2494 34390700 m2 3955308 -0.002259498 0.5 p1 79502 8
1333 34390785 m2 2092963 -0.000169350795 0.5 p1 79508 8
1875 34390856 m2 2901383 -0.0080901254 0.5 p1 79513 8
730 34390993 m2 1166727 -0.0618880503 0.5 p1 79519 8
71 34391121 m2 118765 -0.00415477203 0.5 p1 79526 8
546 34391389 m2 888429 -6.45355613e-05 0.5 p1 79544 8
582 34391545 m2 944541 -0.00737956585 0.5 p1 79553 8
487 34391630 m2 796039 -0.000940694183 0.5 p1 79558 8
2892 34391642 m2 4600876 -0.00645747781 0.5 p1 79559 8
2876 34391661 m2 4571615 -0.000136080969 0.5 p1 79560 8
2081 34391834 m2 3232282 -0.00467055338 0.5 p1 79571 8
1113 34392056 m2 1759129 -0.0391124487 0.5 p1 79585 8
175 34392094 m2 283715 -4.07490625e-05 0.5 p1 79589 8
927 34392105 m2 1466121 -0.0276861973 0.5 p1 79589 8
27 34392165 m2 41664 -0.008004779 0.5 p1 79593 8
433 34392166 m2 710075 -0.000772642845 0.5 p1 79593 8
2271 34392182 m2 3552080 -0.000522379414 0.5 p1 79594 6
860 34392280 m2 1380413 -0.0328885391 0.5 p1 79600 8
606 34392283 m2 974579 -0.0361112915 0.5 p1 79601 8
1311 34392470 m2 2056974 -0.00718372967 0.5 p1 79613 8
375 34392493 m2 595610 -0.00236098585 0.5 p1 79614 8
2169 34392542 m2 3401591 -0.0420127697 0.5 p1 79618 8
1915 34392595 m2 2970028 -0.00131496589 0.5 p1 79622 8
1208 34392640 m2 1895688 -0.0160331801 0.5 p1 79626 8
797 34392721 m2 1291046 -0.0477958508 0.5 p1 79632 3
1657 34392778 m2 2569133 -0.000863898196 0.5 p1 79636 8
948 34392976 m2 1500888 -5.36064491e-11 0.5 p1 79649 8
2279 34393128 m2 3568550 -0.00960279629 0.5 p1 79657 8
767 34393356 m2 1227908 -0.019623762 0.5 p1 79674 8
2844 34393383 m2 4520827 -0.000921122206 0.5 p1 79676 8
1343 34393475 m2 2103076 -0.00283740414 0.5 p1 79683 8
216 34393497 m2 353316 -0.032373473 0.5 p1 79685 8
3166 34393595 m2 3131765 -0.0131778819 0.5 p1 79693 1
1754 34393720 m2 2711829 -0.00455136457 0.5 p1 79702 4
1491 34393819 m2 2347091 -0.00226767268 0.5 p1 79710 5
3150 34393878 m2 4173999 -0.0117906025 0.5 p1 79714 2
2107 34393923 m2 3287258 -0.00319811958 0.5 p1 79718 6
3147 34393924 m2 3623690 -0.000126831728 0.5 p1 79718 1
3141 34393925 m2 3238384 -0.0193345807 0.5 p1 79718 2
2017 34393958 m2 3143189 -0.000271170196 0.5 p1 79720 7
1579 34393959 m3 2457168 0.00172855286 0.5 p1 79720 3
3156 34394025 m2 949905 -0.0486852676 0.5 p1 79725 2
3159 34394026 m2 1847548 -4.75243578e-05 0.5 p1 79725 2
645 34394048 m2 1041038 -3.65226038e-06 0.5 p1 79727 8
3165 34394060 m2 2985918 -0.00316787022 0.5 p1 79728 1
3153 34394087 m2 1652802 -0.0271846224 0.5 p1 79730 4
245 34394101 m2 408404 -0.018133251 0.5 p1 79732 4
3154 34394126 m2 1738442 -0.0321530849 0.5 p1 79734 3
2815 34394130 m2 4473137 -0.0144586796 0.5 p1 79734 6
457 34394138 m2 754615 -0.043091964 0.5 p1 79735 3
1160 34394167 m2 1823544 -0.0789784938 0.5 p1 79737 3
3168 34394177 m2 4490228 -0.0374754705 0.5 p1 79738 1
3149 34394190 m2 3954226 -0.0728120208 0.5 p1 79739 2
348 34394201 m2 551186 -0.0235353727 0.5 p1 79740 1
3144 34394205 m2 819990 -0.00533189345 0.5 p1 79741 3
3158 34394206 m2 1423082 -0.00247366983 0.5 p1 79741 1
3155 34394211 m2 2257299 -0.028179612 0.5 p1 79741 2
3143 34394241 m2 518509 -0.0254144575 0.5 p1 79744 2
3145 34394242 m2 1618472 -0.005143377 0.5 p1 79744 1
3152 34394244 m2 1323117 -0.00189271488 0.5 p1 79744 1
3164 34394272 m2 1615819 -8.52754852e-07 0.5 p1 79746 1
3167 34394286 m2 3763335 -0.226232916 0.5 p1 79747 1
3162 34394289 m2 3096854 -0.0138773192 0.5 p1 79747 1
3157 34394290 m2 1217610 -0.0337892659 0.5 p1 79747 2
3160 34394291 m2 1921993 -0.00596739259 0.5 p1 79747 1
3151 34394292 m2 4790434 -0.117987104 0.5 p1 79747 3
3146 34394296 m2 2941235 -0.00191459211 0.5 p1 79747 2
3148 34394309 m2 3695619 -0.0947833359 0.5 p1 79749 1
3163 34394310 m2 4593385 -0.000140395845 0.5 p1 79749 1
3161 34394311 m2 2796275 -0.175059497 0.5 p1 79749 1
1980 34394316 m2 3088588 -0.0745638907 0.5 p1 79749 1
2984 34394326 m2 4742372 -0.0526020899 0.5 p1 79750 1
3142 34394334 m2 3360176 -0.000301229273 0.5 p1 79751 1
Individuals:
p1:i0 H p1:0 p1:1 1
p1:i1 H p1:2 p1:3 1
p1:i2 H p1:4 p1:5 0
p1:i3 H p1:6 p1:7 0
Genomes:
p1:0 A 0 1 2 3 4 5 6 7 8 9 10 11 12 13 14 15 16 17 18 19 20 21 22 23 24 25 26 27 28 29 30 31 32 33 34 35 36 37 38 39 40 41 42 43 44 45 46 47 48 49 50 51 52 53 54 55 56 57 58 59 60 61 62 63 64 65 66 67 68 69 70 71 72 73 74 75 76 77 78 79 80 81 82 83 84 85 86 87 88 89 90 91 92 93 94 95 96 97 98 99 100 101 102 103 104 105 106 107 108 109 110 111 112 113 114 115 116 117 118 119 120 121 122 123 124 125 126 127 128 129 130 131 132 133 134 135 136 137 138 139 140 141 142 143 144 145 146 147 148 149 150 151 152 153 154 155 156 157 158 159 160 161 162 163 164 165 166 167 168 169 170 171 172 173 174 175 176 177 178 179 180 181 182 183 184 185 186 187 188 189 190 191 192 193 194 195 196 197 198 199 200 201 202 203 204 205 206 207 208 209 210 211 212 213 214 215 216 217 218 219 220 221 222 223 224 225 226 227 228 229 230 231 232 233 234 235 236 237 238 239 240 241 242 243 244 245 246 247 248 249 250 251 252 253 254 255 256 257 258 259 260 261 262 263 264 265 266 267 268 269 270 271 272 273 274 275 276 277 278 279 280 281 282 283 284 285 286 287 288 289 290 291 292 293 294 295 296 297 298 299 300 301 302 303 304 305 306 307 308 309 310 311 312 313 314 315 316 317 318 319 320 321 322 323 324 325 326 327 328 329 330 331 332 333 334 335 336 337 338 339 340 341 342 343 344 345 346 347 348 349 350 351 352 353 354 355 356 357 358 359 360 361 362 363 364 365 366 367 368 369 370 371 372 373 374 375 376 377 378 379 380 381 382 383 384 385 386 387 388 389 390 391 392 393 394 395 396 397 398 399 400 401 402 403 404 405 406 407 408 409 410 411 412 413 414 415 416 417 418 419 420 421 422 423 424 425 426 427 428 429 430 431 432 433 434 435 436 437 438 439 440 441 442 443 444 445 446 447 448 449 450 451 452 453 454 455 456 457 458 459 460 461 462 463 464 465 466 467 468 469 470 471 472 473 474 475 476 477 478 479 480 481 482 483 484 485 486 487 488 489 490 491 492 493 494 495 496 497 498 499 500 501 502 503 504 505 506 507 508 509 510 511 512 513 514 515 516 517 518 519 520 521 522 523 524 525 526 527 528 529 530 531 532 533 534 535 536 537 538 539 540 541 542 543 544 545 546 547 548 549 550 551 552 553 554 555 556 557 558 559 560 561 562 563 564 565 566 567 568 569 570 571 572 573 574 575 576 577 578 579 580 581 582 583 584 585 586 587 588 589 590 591 592 593 594 595 596 597 598 599 600 601 602 603 604 605 606 607 608 609 610 611 612 613 614 615 616 617 618 619 620 621 622 623 624 625 626 627 628 629 630 631 632 633 634 635 636 637 638 639 640 641 642 643 644 645 646 647 648 649 650 651 652 653 654 655 656 657 658 659 660 661 662 663 664 665 666 667 668 669 670 671 672 673 674 675 676 677 678 679 680 681 682 683 684 685 686 687 688 689 690 691 692 693 694 695 696 697 698 699 700 701 702 703 704 705 706 707 708 709 710 711 712 713 714 715 716 717 718 719 720 721 722 723 724 725 726 727 728 729 730 731 732 733 734 735 736 737 738 739 740 741 742 743 744 745 746 747 748 749 750 751 752 753 754 755 756 757 758 759 760 761 762 763 764 765 766 767 768 769 770 771 772 773 774 775 776 777 778 779 780 781 782 783 784 785 786 787 788 789 790 791 792 793 794 795 796 797 798 799 800 801 802 803 804 805 806 807 808 809 810 811 812 813 814 815 816 817 818 819 820 821 822 823 824 825 826 827 828 829 830 831 832 833 834 835 836 837 838 839 840 841 842 843 844 845 846 847 848 849 850 851 852 853 854 855 856 857 858 859 860 861 862 863 864 865 866 867 868 869 870 871 872 873 874 875 876 877 878 879 880 881 882 883 884 885 886 887 888 889 890 891 892 893 894 895 896 897 898 899 900 901 902 903 904 905 906 907 908 909 910 911 912 913 914 915 916 917 918 919 920 921 922 923 924 925 926 927 928 929 930 931 932 933 934 935 936 937 938 939 940 941 942 943 944 945 946 947 948 949 950 951 952 953 954 955 956 957 958 959 960 961 962 963 964 965 966 967 968 969 970 971 972 973 974 975 976 977 978 979 980 981 982 983 984 985 986 987 988 989 990 991 992 993 994 995 996 997 998 999 1000 1001 1002 1003 1004 1005 1006 1007 1008 1009 1010 1011 1012 1013 1014 1015 1016 1017 1018 1019 1020 1021 1022 1023 1024 1025 1026 1027 1028 1029 1030 1031 1032 1033 1034 1035 1036 1037 1038 1039 1040 1041 1042 1043 1044 1045 1046 1047 1048 1049 1050 1051 1052 1053 1054 1055 1056 1057 1058 1059 1060 1061 1062 1063 1064 1065 1066 1067 1068 1069 1070 1071 1072 1073 1074 1075 1076 1077 1078 1079 1080 1081 1082 1083 1084 1085 1086 1087 1088 1089 1090 1091 1092 1093 1094 1095 1096 1097 1098 1099 1100 1101 1102 1103 1104 1105 1106 1107 1108 1109 1110 1111 1112 1113 1114 1115 1116 1117 1118 1119 1120 1121 1122 1123 1124 1125 1126 1127 1128 1129 1130 1131 1132 1133 1134 1135 1136 1137 1138 1139 1140 1141 1142 1143 1144 1145 1146 1147 1148 1149 1150 1151 1152 1153 1154 1155 1156 1157 1158 1159 1160 1161 1162 1163 1164 1165 1166 1167 1168 1169 1170 1171 1172 1173 1174 1175 1176 1177 1178 1179 1180 1181 1182 1183 1184 1185 1186 1187 1188 1189 1190 1191 1192 1193 1194 1195 1196 1197 1198 1199 1200 1201 1202 1203 1204 1205 1206 1207 1208 1209 1210 1211 1212 1213 1214 1215 1216 1217 1218 1219 1220 1221 1222 1223 1224 1225 1226 1227 1228 1229 1230 1231 1232 1233 1234 1235 1236 1237 1238 1239 1240 1241 1242 1243 1244 1245 1246 1247 1248 1249 1250 1251 1252 1253 1254 1255 1256 1257 1258 1259 1260 1261 1262 1263 1264 1265 1266 1267 1268 1269 1270 1271 1272 1273 1274 1275 1276 1277 1278 1279 1280 1281 1282 1283 1284 1285 1286 1287 1288 1289 1290 1291 1292 1293 1294 1295 1296 1297 1298 1299 1300 1301 1302 1303 1304 1305 1306 1307 1308 1309 1310 1311 1312 1313 1314 1315 1316 1317 1318 1319 1320 1321 1322 1323 1324 1325 1326 1327 1328 1329 1330 1331 1332 1333 1334 1335 1336 1337 1338 1339 1340 1341 1342 1343 1344 1345 1346 1347 1348 1349 1350 1351 1352 1353 1354 1355 1356 1357 1358 1359 1360 1361 1362 1363 1364 1365 1366 1367 1368 1369 1370 1371 1372 1373 1374 1375 1376 1377 1378 1379 1380 1381 1382 1383 1384 1385 1386 1387 1388 1389 1390 1391 1392 1393 1394 1395 1396 1397 1398 1399 1400 1401 1402 1403 1404 1405 1406 1407 1408 1409 1410 1411 1412 1413 1414 1415 1416 1417 1418 1419 1420 1421 1422 1423 1424 1425 1426 1427 1428 1429 1430 1431 1432 1433 1434 1435 1436 1437 1438 1439 1440 1441 1442 1443 1444 1445 1446 1447 1448 1449 1450 1451 1452 1453 1454 1455 1456 1457 1458 1459 1460 1461 1462 1463 1464 1465 1466 1467 1468 1469 1470 1471 1472 1473 1474 1475 1476 1477 1478 1479 1480 1481 1482 1483 1484 1485 1486 1487 1488 1489 1490 1491 1492 1493 1494 1495 1496 1497 1498 1499 1500 1501 1502 1503 1504 1505 1506 1507 1508 1509 1510 1511 1512 1513 1514 1515 1516 1517 1518 1519 1520 1521 1522 1523 1524 1525 1526 1527 1528 1529 1530 1531 1532 1533 1534 1535 1536 1537 1538 1539 1540 1541 1542 1543 1544 1545 1546 1547 1548 1549 1550 1551 1552 1553 1554 1555 1556 1557 1558 1559 1560 1561 1562 1563 1564 1565 1566 1567 1568 1569 1570 1571 1572 1573 1574 1575 1576 1577 1578 1579 1580 1581 1582 1583 1584 1585 1586 1587 1588 1589 1590 1591 1592 1593 1594 1595 1596 1597 1598 1599 1600 1601 1602 1603 1604 1605 1606 1607 1608 1609 1610 1611 1612 1613 1614 1615 1616 1617 1618 1619 1620 1621 1622 1623 1624 1625 1626 1627 1628 1629 1630 1631 1632 1633 1634 1635 1636 1637 1638 1639 1640 1641 1642 1643 1644 1645 1646 1647 1648 1649 1650 1651 1652 1653 1654 1655 1656 1657 1658 1659 1660 1661 1662 1663 1664 1665 1666 1667 1668 1669 1670 1671 1672 1673 1674 1675 1676 1677 1678 1679 1680 1681 1682 1683 1684 1685 1686 1687 1688 1689 1690 1691 1692 1693 1694 1695 1696 1697 1698 1699 1700 1701 1702 1703 1704 1705 1706 1707 1708 1709 1710 1711 1712 1713 1714 1715 1716 1717 1718 1719 1720 1721 1722 1723 1724 1725 1726 1727 1728 1729 1730 1731 1732 1733 1734 1735 1736 1737 1738 1739 1740 1741 1742 1743 1744 1745 1746 1747 1748 1749 1750 1751 1752 1753 1754 1755 1756 1757 1758 1759 1760 1761 1762 1763 1764 1765 1766 1767 1768 1769 1770 1771 1772 1773 1774 1775 1776 1777 1778 1779 1780 1781 1782 1783 1784 1785 1786 1787 1788 1789 1790 1791 1792 1793 1794 1795 1796 1797 1798 1799 1800 1801 1802 1803 1804 1805 1806 1807 1808 1809 1810 1811 1812 1813 1814 1815 1816 1817 1818 1819 1820 1821 1822 1823 1824 1825 1826 1827 1828 1829 1830 1831 1832 1833 1834 1835 1836 1837 1838 1839 1840 1841 1842 1843 1844 1845 1846 1847 1848 1849 1850 1851 1852 1853 1854 1855 1856 1857 1858 1859 1860 1861 1862 1863 1864 1865 1866 1867 1868 1869 1870 1871 1872 1873 1874 1875 1876 1877 1878 1879 1880 1881 1882 1883 1884 1885 1886 1887 1888 1889 1890 1891 1892 1893 1894 1895 1896 1897 1898 1899 1900 1901 1902 1903 1904 1905 1906 1907 1908 1909 1910 1911 1912 1913 1914 1915 1916 1917 1918 1919 1920 1921 1922 1923 1924 1925 1926 1927 1928 1929 1930 1931 1932 1933 1934 1935 1936 1937 1938 1939 1940 1941 1942 1943 1944 1945 1946 1947 1948 1949 1950 1951 1952 1953 1954 1955 1956 1957 1958 1959 1960 1961 1962 1963 1964 1965 1966 1967 1968 1969 1970 1971 1972 1973 1974 1975 1976 1977 1978 1979 1980 1981 1982 1983 1984 1985 1986 1987 1988 1989 1990 1991 1992 1993 1994 1995 1996 1997 1998 1999 2000 2001 2002 2003 2004 2005 2006 2007 2008 2009 2010 2011 2012 2013 2014 2015 2016 2017 2018 2019 2020 2021 2022 2023 2024 2025 2026 2027 2028 2029 2030 2031 2032 2033 2034 2035 2036 2037 2038 2039 2040 2041 2042 2043 2044 2045 2046 2047 2048 2049 2050 2051 2052 2053 2054 2055 2056 2057 2058 2059 2060 2061 2062 2063 2064 2065 2066 2067 2068 2069 2070 2071 2072 2073 2074 2075 2076 2077 2078 2079 2080 2081 2082 2083 2084 2085 2086 2087 2088 2089 2090 2091 2092 2093 2094 2095 2096 2097 2098 2099 2100 2101 2102 2103 2104 2105 2106 2107 2108 2109 2110 2111 2112 2113 2114 2115 2116 2117 2118 2119 2120 2121 2122 2123 2124 2125 2126 2127 2128 2129 2130 2131 2132 2133 2134 2135 2136 2137 2138 2139 2140 2141 2142 2143 2144 2145 2146 2147 2148 2149 2150 2151 2152 2153 2154 2155 2156 2157 2158 2159 2160 2161 2162 2163 2164 2165 2166 2167 2168 2169 2170 2171 2172 2173 2174 2175 2176 2177 2178 2179 2180 2181 2182 2183 2184 2185 2186 2187 2188 2189 2190 2191 2192 2193 2194 2195 2196 2197 2198 2199 2200 2201 2202 2203 2204 2205 2206 2207 2208 2209 2210 2211 2212 2213 2214 2215 2216 2217 2218 2219 2220 2221 2222 2223 2224 2225 2226 2227 2228 2229 2230 2231 2232 2233 2234 2235 2236 2237 2238 2239 2240 2241 2242 2243 2244 2245 2246 2247 2248 2249 2250 2251 2252 2253 2254 2255 2256 2257 2258 2259 2260 2261 2262 2263 2264 2265 2266 2267 2268 2269 2270 2271 2272 2273 2274 2275 2276 2277 2278 2279 2280 2281 2282 2283 2284 2285 2286 2287 2288 2289 2290 2291 2292 2293 2294 2295 2296 2297 2298 2299 2300 2301 2302 2303 2304 2305 2306 2307 2308 2309 2310 2311 2312 2313 2314 2315 2316 2317 2318 2319 2320 2321 2322 2323 2324 2325 2326 2327 2328 2329 2330 2331 2332 2333 2334 2335 2336 2337 2338 2339 2340 2341 2342 2343 2344 2345 2346 2347 2348 2349 2350 2351 2352 2353 2354 2355 2356 2357 2358 2359 2360 2361 2362 2363 2364 2365 2366 2367 2368 2369 2370 2371 2372 2373 2374 2375 2376 2377 2378 2379 2380 2381 2382 2383 2384 2385 2386 2387 2388 2389 2390 2391 2392 2393 2394 2395 2396 2397 2398 2399 2400 2401 2402 2403 2404 2405 2406 2407 2408 2409 2410 2411 2412 2413 2414 2415 2416 2417 2418 2419 2420 2421 2422 2423 2424 2425 2426 2427 2428 2429 2430 2431 2432 2433 2434 2435 2436 2437 2438 2439 2440 2441 2442 2443 2444 2445 2446 2447 2448 2449 2450 2451 2452 2453 2454 2455 2456 2457 2458 2459 2460 2461 2462 2463 2464 2465 2466 2467 2468 2469 2470 2471 2472 2473 2474 2475 2476 2477 2478 2479 2480 2481 2482 2483 2484 2485 2486 2487 2488 2489 2490 2491 2492 2493 2494 2495 2496 2497 2498 2499 2500 2501 2502 2503 2504 2505 2506 2507 2508 2509 2510 2511 2512 2513 2514 2515 2516 2517 2518 2519 2520 2521 2522 2523 2524 2525 2526 2527 2528 2529 2530 2531 2532 2533 2534 2535 2536 2537 2538 2539 2540 2541 2542 2543 2544 2545 2546 2547 2548 2549 2550 2551 2552 2553 2554 2555 2556 2557 2558 2559 2560 2561 2562 2563 2564 2565 2566 2567 2568 2569 2570 2571 2572 2573 2574 2575 2576 2577 2578 2579 2580 2581 2582 2583 2584 2585 2586 2587 2588 2589 2590 2591 2592 2593 2594 2595 2596 2597 2598 2599 2600 2601 2602 2603 2604 2605 2606 2607 2608 2609 2610 2611 2612 2613 2614 2615 2616 2617 2618 2619 2620 2621 2622 2623 2624 2625 2626 2627 2628 2629 2630 2631 2632 2633 2634 2635 2636 2637 2638 2639 2640 2641 2642 2643 2644 2645 2646 2647 2648 2649 2650 2651 2652 2653 2654 2655 2656 2657 2658 2659 2660 2661 2662 2663 2664 2665 2666 2667 2668 2669 2670 2671 2672 2673 2674 2675 2676 2677 2678 2679 2680 2681 2682 2683 2684 2685 2686 2687 2688 2689 2690 2691 2692 2693 2694 2695 2696 2697 2698 2699 2700 2701 2702 2703 2704 2705 2706 2707 2708 2709 2710 2711 2712 2713 2714 2715 2716 2717 2718 2719 2720 2721 2722 2723 2724 2725 2726 2727 2728 2729 2730 2731 2732 2733 2734 2735 2736 2737 2738 2739 2740 2741 2742 2743 2744 2745 2746 2747 2748 2749 2750 2751 2752 2753 2754 2755 2756 2757 2758 2759 2760 2761 2762 2763 2764 2765 2766 2767 2768 2769 2770 2771 2772 2773 2774 2775 2776 2777 2778 2779 2780 2781 2782 2783 2784 2785 2786 2787 2788 2789 2790 2791 2792 2793 2794 2795 2796 2797 2798 2799 2800 2801 2802 2803 2804 2805 2806 2807 2808 2809 2810 2811 2812 2813 2814 2815 2816 2817 2818 2819 2820 2821 2822 2823 2824 2825 2826 2827 2828 2829 2830 2831 2832 2833 2834 2835 2836 2837 2838 2839 2840 2841 2842 2843 2844 2845 2846 2847 2848 2849 2850 2851 2852 2853 2854 2855 2856 2857 2858 2859 2860 2861 2862 2863 2864 2865 2866 2867 2868 2869 2870 2871 2872 2873 2874 2875 2876 2877 2878 2879 2880 2881 2882 2883 2884 2885 2886 2887 2888 2889 2890 2891 2892 2893 2894 2895 2896 2897 2898 2899 2900 2901 2902 2903 2904 2905 2906 2907 2908 2909 2910 2911 2912 2913 2914 2915 2916 2917 2918 2919 2920 2921 2922 2923 2924 2925 2926 2927 2928 2929 2930 2931 2932 2933 2934 2935 2936 2937 2938 2939 2940 2941 2942 2943 2944 2945 2946 2947 2948 2949 2950 2951 2952 2953 2954 2955 2956 2957 2958 2959 2960 2961 2962 2963 2964 2965 2966 2967 2968 2969 2970 2971 2972 2973 2974 2975 2976 2977 2978 2979 2980 2981 2982 2983 2984 2985 2986 2987 2988 2989 2990 2991 2992 2993 2994 2995 2996 2997 2998 2999 3000 3001 3002 3003 3004 3005 3006 3007 3008 3009 3010 3011 3012 3013 3014 3015 3016 3017 3018 3019 3020 3021 3022 3023 3024 3025 3026 3027 3028 3029 3030 3031 3032 3033 3034 3035 3036 3037 3038 3039 3040 3041 3042 3043 3044 3045 3046 3047 3048 3049 3050 3051 3052 3053 3054 3055 3056 3057 3058 3059 3060 3061 3062 3063 3064 3065 3066 3067 3068 3069 3070 3071 3072 3073 3074 3075 3076 3077 3078 3079 3080 3081 3082 3083 3084 3085 3086 3087 3088 3089 3090 3091 3092 3093 3094 3095 3096 3097 3098 3099 3100 3101 3102 3103 3104 3105 3106 3107 3108 3109 3110 3111 3112 3113 3114 3115 3116 3117 3118 3119 3120 3121 3122 3123 3124 3125 3126 3127 3128 3129 3130 3131 3132 3133 3134 3135 3136 3137 3138 3139 3140
p1:1 A 0 1 2 3 4 5 6 7 8 9 10 11 12 13 14 15 16 17 18 19 20 21 22 23 24 25 26 27 28 29 30 31 32 33 34 35 36 37 38 39 40 41 42 43 44 45 46 47 48 49 50 51 52 53 54 55 56 57 58 59 60 61 62 63 64 65 66 67 68 69 70 71 72 73 74 75 76 77 78 79 80 81 82 83 84 85 86 87 88 89 90 91 92 93 94 95 96 97 98 99 100 101 102 103 104 105 106 107 108 109 110 111 112 113 114 115 116 117 118 119 120 121 122 123 124 125 126 127 128 129 130 131 132 133 134 135 136 137 138 139 140 141 142 143 144 145 146 147 148 149 150 151 152 153 154 155 156 157 158 159 160 161 162 163 164 165 166 167 168 169 170 171 172 173 174 175 176 177 178 179 180 181 182 183 184 185 186 187 188 189 190 191 192 193 194 195 196 197 198 199 200 201 202 203 204 205 206 207 208 209 210 211 212 213 214 215 216 217 218 219 220 221 222 223 224 225 226 227 228 229 230 231 232 233 234 235 236 237 238 239 240 241 242 243 244 246 247 248 249 250 251 252 253 254 255 256 257 258 259 260 261 262 263 264 265 266 267 268 269 270 271 272 273 274 275 276 277 278 279 280 281 282 283 284 285 286 287 288 289 290 291 292 293 294 295 296 297 298 299 300 301 302 303 304 305 306 307 308 309 310 311 312 313 314 315 316 317 318 319 320 321 322 323 324 325 326 327 328 329 330 331 332 333 334 335 336 337 338 339 340 341 342 343 344 345 346 347 349 350 351 352 353 354 355 356 357 358 359 360 361 362 363 364 365 366 367 368 369 370 371 372 373 374 375 376 377 378 379 380 381 382 383 384 385 386 387 388 389 390 391 392 393 394 395 396 397 398 399 400 401 402 403 404 405 406 407 408 409 410 411 412 413 414 415 416 417 418 419 420 421 422 423 424 425 426 427 428 429 430 431 432 433 434 435 436 437 438 439 440 441 442 443 444 445 446 447 448 449 450 451 452 453 454 455 456 457 458 459 460 461 462 463 464 465 466 467 468 469 470 471 472 473 474 475 476 477 478 479 480 481 482 483 484 485 486 487 488 489 490 491 492 493 494 495 496 497 498 499 500 501 502 503 504 505 506 507 508 509 510 511 512 513 514 515 516 517 518 519 520 521 522 523 524 525 526 527 528 529 530 531 532 533 534 535 536 537 538 539 540 541 542 543 544 545 546 547 548 549 550 551 552 553 554 555 556 557 558 559 560 561 562 563 564 565 566 567 568 569 570 571 572 573 574 575 576 577 578 579 580 581 582 583 584 585 586 587 588 589 590 591 592 593 594 595 596 597 598 599 600 601 602 603 604 605 606 607 608 609 610 611 612 613 614 615 616 617 618 619 620 621 622 623 624 625 626 627 628 629 630 631 632 633 634 635 636 637 638 639 640 641 642 643 644 645 646 647 648 649 650 651 652 653 654 655 656 657 658 659 660 661 662 663 664 665 666 667 668 669 670 671 672 673 674 675 676 677 678 679 680 681 682 683 684 685 686 687 688 689 690 691 692 693 694 695 696 697 698 699 700 701 702 703 704 705 706 707 708 709 710 711 712 713 714 715 716 717 718 719 720 721 722 723 724 725 726 727 728 729 730 731 732 733 734 735 736 737 738 739 740 741 742 743 744 745 746 747 748 749 750 751 752 753 754 755 756 757 758 759 760 761 762 763 764 765 766 767 768 769 770 771 772 773 774 775 776 777 778 779 780 781 782 783 784 785 786 787 788 789 790 791 792 793 794 795 796 797 798 799 800 801 802 803 804 805 806 807 808 809 810 811 812 813 814 815 816 817 818 819 820 821 822 823 824 825 826 827 828 829 830 831 832 833 834 835 836 837 838 839 840 841 842 843 844 845 846 847 848 849 850 851 852 853 854 855 856 857 858 859 860 861 862 863 864 865 866 867 868 869 870 871 872 873 874 875 876 877 878 879 880 881 882 883 884 885 886 887 888 889 890 891 892 893 894 895 896 897 898 899 900 901 902 903 904 905 906 907 908 909 910 911 912 913 914 915 916 917 918 919 920 921 922 923 924 925 926 927 928 929 930 931 932 933 934 935 936 937 938 939 940 941 942 943 944 945 946 947 948 949 950 951 952 953 954 955 956 957 958 959 960 961 962 963 964 965 966 967 968 969 970 971 972 973 974 975 976 977 978 979 980 981 982 983 984 985 986 987 988 989 990 991 992 993 994 995 996 997 998 999 1000 1001 1002 1003 1004 1005 1006 1007 1008 1009 1010 1011 1012 1013 1014 1015 1016 1017 1018 1019 1020 1021 1022 1023 1024 1025 1026 1027 1028 1029 1030 1031 1032 1033 1034 1035 1036 1037 1038 1039 1040 1041 1042 1043 1044 1045 1046 1047 1048 1049 1050 1051 1052 1053 1054 1055 1056 1057 1058 1059 1060 1061 1062 1063 1064 1065 1066 1067 1068 1069 1070 1071 1072 1073 1074 1075 1076 1077 1078 1079 1080 1081 1082 1083 1084 1085 1086 1087 1088 1089 1090 1091 1092 1093 1094 1095 1096 1097 1098 1099 1100 1101 1102 1103 1104 1105 1106 1107 1108 1109 1110 1111 1112 1113 1114 1115 1116 1117 1118 1119 1120 1121 1122 1123 1124 1125 1126 1127 1128 1129 1130 1131 1132 1133 1134 1135 1136 1137 1138 1139 1140 1141 1142 1143 1144 1145 1146 1147 1148 1149 1150 1151 1152 1153 1154 1155 1156 1157 1158 1159 1161 1162 1163 1164 1165 1166 1167 1168 1169 1170 1171 1172 1173 1174 1175 1176 1177 1178 1179 1180 1181 1182 1183 1184 1185 1186 1187 1188 1189 1190 1191 1192 1193 1194 1195 1196 1197 1198 1199 1200 1201 1202 1203 1204 1205 1206 1207 1208 1209 1210 1211 1212 1213 1214 1215 1216 1217 1218 1219 1220 1221 1222 1223 1224 1225 1226 1227 1228 1229 1230 1231 1232 1233 1234 1235 1236 1237 1238 1239 1240 1241 1242 1243 1244 1245 1246 1247 1248 1249 1250 1251 1252 1253 1254 1255 1256 1257 1258 1259 1260 1261 1262 1263 1264 1265 1266 1267 1268 1269 1270 1271 1272 1273 1274 1275 1276 1277 1278 1279 1280 1281 1282 1283 1284 1285 1286 1287 1288 1289 1290 1291 1292 1293 1294 1295 1296 1297 1298 1299 1300 1301 1302 1303 1304 1305 1306 1307 1308 1309 1310 1311 1312 1313 1314 1315 1316 1317 1318 1319 1320 1321 1322 1323 1324 1325 1326 1327 1328 1329 1330 1331 1332 1333 1334 1335 1336 1337 1338 1339 1340 1341 1342 1343 1344 1345 1346 1347 1348 1349 1350 1351 1352 1353 1354 1355 1356 1357 1358 1359 1360 1361 1362 1363 1364 1365 1366 1367 1368 1369 1370 1371 1372 1373 1374 1375 1376 1377 1378 1379 1380 1381 1382 1383 1384 1385 1386 1387 1388 1389 1390 1391 1392 1393 1394 1395 1396 1397 1398 1399 1400 1401 1402 1403 1404 1405 1406 1407 1408 1409 1410 1411 1412 1413 1414 1415 1416 1417 1418 1419 1420 1421 1422 1423 1424 1425 1426 1427 1428 1429 1430 1431 1432 1433 1434 1435 1436 1437 1438 1439 1440 1441 1442 1443 1444 1445 1446 1447 1448 1449 1450 1451 1452 1453 1454 1455 1456 1457 1458 1459 1460 1461 1462 1463 1464 1465 1466 1467 1468 1469 1470 1471 1472 1473 1474 1475 1476 1477 1478 1479 1480 1481 1482 1483 1484 1485 1486 1487 1488 1489 1490 1492 1493 1494 1495 1496 1497 1498 1499 1500 1501 1502 1503 1504 1505 1506 1507 1508 1509 1510 1511 1512 1513 1514 1515 1516 1517 1518 1519 1520 1521 1522 1523 1524 1525 1526 1527 1528 1529 1530 1531 1532 1533 1534 1535 1536 1537 1538 1539 1540 1541 1542 1543 1544 1545 1546 1547 1548 1549 1550 1551 1552 1553 1554 1555 1556 1557 1558 1559 1560 1561 1562 1563 1564 1565 1566 1567 1568 1569 1570 1571 1572 1573 1574 1575 1576 1577 1578 1579 1580 1581 1582 1583 1584 1585 1586 1587 1588 1589 1590 1591 1592 1593 1594 1595 1596 1597 1598 1599 1600 1601 1602 1603 1604 1605 1606 1607 1608 1609 1610 1611 1612 1613 1614 1615 1616 1617 1618 1619 1620 1621 1622 1623 1624 1625 1626 1627 1628 1629 1630 1631 1632 1633 1634 1635 1636 1637 1638 1639 1640 1641 1642 1643 1644 1645 1646 1647 1648 1649 1650 1651 1652 1653 1654 1655 1656 1657 1658 1659 1660 1661 1662 1663 1664 1665 1666 1667 1668 1669 1670 1671 1672 1673 1674 1675 1676 1677 1678 1679 1680 1681 1682 1683 1684 1685 1686 1687 1688 1689 1690 1691 1692 1693 1694 1695 1696 1697 1698 1699 1700 1701 1702 1703 1704 1705 1706 1707 1708 1709 1710 1711 1712 1713 1714 1715 1716 1717 1718 1719 1720 1721 1722 1723 1724 1725 1726 1727 1728 1729 1730 1731 1732 1733 1734 1735 1736 1737 1738 1739 1740 1741 1742 1743 1744 1745 1746 1747 1748 1749 1750 1751 1752 1753 1755 1756 1757 1758 1759 1760 1761 1762 1763 1764 1765 1766 1767 1768 1769 1770 1771 1772 1773 1774 1775 1776 1777 1778 1779 1780 1781 1782 1783 1784 1785 1786 1787 1788 1789 1790 1791 1792 1793 1794 1795 1796 1797 1798 1799 1800 1801 1802 1803 1804 1805 1806 1807 1808 1809 1810 1811 1812 1813 1814 1815 1816 1817 1818 1819 1820 1821 1822 1823 1824 1825 1826 1827 1828 1829 1830 1831 1832 1833 1834 1835 1836 1837 1838 1839 1840 1841 1842 1843 1844 1845 1846 1847 1848 1849 1850 1851 1852 1853 1854 1855 1856 1857 1858 1859 1860 1861 1862 1863 1864 1865 1866 1867 1868 1869 1870 1871 1872 1873 1874 1875 1876 1877 1878 1879 1880 1881 1882 1883 1884 1885 1886 1887 1888 1889 1890 1891 1892 1893 1894 1895 1896 1897 1898 1899 1900 1901 1902 1903 1904 1905 1906 1907 1908 1909 1910 1911 1912 1913 1914 1915 1916 1917 1918 1919 1920 1921 1922 1923 1924 1925 1926 1927 1928 1929 1930 1931 1932 1933 1934 1935 1936 1937 1938 1939 1940 1941 1942 1943 1944 1945 1946 1947 1948 1949 1950 1951 1952 1953 1954 1955 1956 1957 1958 1959 1960 1961 1962 1963 1964 1965 1966 1967 1968 1969 1970 1971 1972 1973 1974 1975 1976 1977 1978 1979 1981 1982 1983 1984 1985 1986 1987 1988 1989 1990 1991 1992 1993 1994 1995 1996 1997 1998 1999 2000 2001 2002 2003 2004 2005 2006 2007 2008 2009 2010 2011 2012 2013 2014 2015 2016 2017 2018 2019 2020 2021 2022 2023 2024 2025 2026 2027 2028 2029 2030 2031 2032 2033 2034 2035 2036 2037 2038 2039 2040 2041 2042 2043 2044 2045 2046 2047 2048 2049 2050 2051 2052 2053 2054 2055 2056 2057 2058 2059 2060 2061 2062 2063 2064 2065 2066 2067 2068 2069 2070 2071 2072 2073 2074 2075 2076 2077 2078 2079 2080 2081 2082 2083 2084 2085 3141 2086 2087 2088 2089 2090 2091 2092 2093 2094 2095 2096 2097 2098 2099 2100 2101 2102 2103 2104 2105 2106 2108 2109 2110 2111 2112 2113 2114 2115 2116 2117 2118 2119 2120 2121 2122 2123 2124 2125 2126 2127 2128 2129 2130 2131 2132 2133 2134 2135 2136 2137 2138 2139 2140 2141 2142 2143 2144 2145 2146 2147 2148 2149 2150 2151 2152 2153 3142 2154 2155 2156 2157 2158 2159 2160 2161 2162 2163 2164 2165 2166 2167 2168 2169 2170 2171 2172 2173 2174 2175 2176 2177 2178 2179 2180 2181 2182 2183 2184 2185 2186 2187 2188 2189 2190 2191 2192 2193 2194 2195 2196 2197 2198 2199 2200 2201 2202 2203 2204 2205 2206 2207 2208 2209 2210 2211 2212 2213 2214 2215 2216 2217 2218 2219 2220 2221 2222 2223 2224 2225 2226 2227 2228 2229 2230 2231 2232 2233 2234 2235 2236 2237 2238 2239 2240 2241 2242 2243 2244 2245 2246 2247 2248 2249 2250 2251 2252 2253 2254 2255 2256 2257 2258 2259 2260 2261 2262 2263 2264 2265 2266 2267 2268 2269 2270 2272 2273 2274 2275 2276 2277 2278 2279 2280 2281 2282 2283 2284 2285 2286 2287 2288 2289 2290 2291 2292 2293 2294 2295 2296 2297 2298 2299 2300 2301 2302 2303 2304 2305 2306 2307 2308 2309 2310 2311 2312 2313 2314 2315 2316 2317 2318 2319 2320 2321 2322 2323 2324 2325 2326 2327 2328 2329 2330 2331 2332 2333 2334 2335 2336 2337 2338 2339 2340 2341 2342 2343 2344 2345 2346 2347 2348 2349 2350 2351 2352 2353 2354 2355 2356 2357 2358 2359 2360 2361 2362 2363 2364 2365 2366 2367 2368 2369 2370 2371 2372 2373 2374 2375 2376 2377 2378 2379 2380 2381 2382 2383 2384 2385 2386 2387 2388 2389 2390 2391 2392 2393 2394 2395 2396 2397 2398 2399 2400 2401 2402 2403 2404 2405 2406 2407 2408 2409 2410 2411 2412 2413 2414 2415 2416 2417 2418 2419 2420 2421 2422 2423 2424 2425 2426 2427 2428 2429 2430 2431 2432 2433 2434 2435 2436 2437 2438 2439 2440 2441 2442 2443 2444 2445 2446 2447 2448 2449 2450 2451 2452 2453 2454 2455 2456 2457 2458 2459 2460 2461 2462 2463 2464 2465 2466 2467 2468 2469 2470 2471 2472 2473 2474 2475 2476 2477 2478 2479 2480 2481 2482 2483 2484 2485 2486 2487 2488 2489 2490 2491 2492 2493 2494 2495 2496 2497 2498 2499 2500 2501 2502 2503 2504 2505 2506 2507 2508 2509 2510 2511 2512 2513 2514 2515 2516 2517 2518 2519 2520 2521 2522 2523 2524 2525 2526 2527 2528 2529 2530 2531 2532 2533 2534 2535 2536 2537 2538 2539 2540 2541 2542 2543 2544 2545 2546 2547 2548 2549 2550 2551 2552 2553 2554 2555 2556 2557 2558 2559 2560 2561 2562 2563 2564 2565 2566 2567 2568 2569 2570 2571 2572 2573 2574 2575 2576 2577 2578 2579 2580 2581 2582 2583 2584 2585 2586 2587 2588 2589 2590 2591 2592 2593 2594 2595 2596 2597 2598 2599 2600 2601 2602 2603 2604 2605 2606 2607 2608 2609 2610 2611 2612 2613 2614 2615 2616 2617 2618 2619 2620 2621 2622 2623 2624 2625 2626 2627 2628 2629 2630 2631 2632 2633 2634 2635 2636 2637 2638 2639 2640 2641 2642 2643 2644 2645 2646 2647 2648 2649 2650 2651 2652 2653 2654 2655 2656 2657 2658 2659 2660 2661 2662 2663 2664 2665 2666 2667 2668 2669 2670 2671 2672 2673 2674 2675 2676 2677 2678 2679 2680 2681 2682 2683 2684 2685 2686 2687 2688 2689 2690 2691 2692 2693 2694 2695 2696 2697 2698 2699 2700 2701 2702 2703 2704 2705 2706 2707 2708 2709 2710 2711 2712 2713 2714 2715 2716 2717 2718 2719 2720 2721 2722 2723 2724 2725 2726 2727 2728 2729 2730 2731 2732 2733 2734 2735 2736 2737 2738 2739 2740 2741 2742 2743 2744 2745 2746 2747 2748 2749 2750 2751 2752 2753 2754 2755 2756 2757 2758 2759 2760 2761 2762 2763 2764 2765 2766 2767 2768 2769 2770 2771 2772 2773 2774 2775 2776 2777 2778 2779 2780 2781 2782 2783 2784 2785 2786 2787 2788 2789 2790 2791 2792 2793 2794 2795 2796 2797 2798 2799 2800 2801 2802 2803 2804 2805 2806 2807 2808 2809 2810 2811 2812 2813 2814 2815 2816 2817 2818 2819 2820 2821 2822 2823 2824 2825 2826 2827 2828 2829 2830 2831 2832 2833 2834 2835 2836 2837 2838 2839 2840 2841 2842 2843 2844 2845 2846 2847 2848 2849 2850 2851 2852 2853 2854 2855 2856 2857 2858 2859 2860 2861 2862 2863 2864 2865 2866 2867 2868 2869 2870 2871 2872 2873 2874 2875 2876 2877 2878 2879 2880 2881 2882 2883 2884 2885 2886 2887 2888 2889 2890 2891 2892 2893 2894 2895 2896 2897 2898 2899 2900 2901 2902 2903 2904 2905 2906 2907 2908 2909 2910 2911 2912 2913 2914 2915 2916 2917 2918 2919 2920 2921 2922 2923 2924 2925 2926 2927 2928 2929 2930 2931 2932 2933 2934 2935 2936 2937 2938 2939 2940 2941 2942 2943 2944 2945 2946 2947 2948 2949 2950 2951 2952 2953 2954 2955 2956 2957 2958 2959 2960 2961 2962 2963 2964 2965 2966 2967 2968 2969 2970 2971 2972 2973 2974 2975 2976 2977 2978 2979 2980 2981 2982 2983 2985 2986 2987 2988 2989 2990 2991 2992 2993 2994 2995 2996 2997 2998 2999 3000 3001 3002 3003 3004 3005 3006 3007 3008 3009 3010 3011 3012 3013 3014 3015 3016 3017 3018 3019 3020 3021 3022 3023 3024 3025 3026 3027 3028 3029 3030 3031 3032 3033 3034 3035 3036 3037 3038 3039 3040 3041 3042 3043 3044 3045 3046 3047 3048 3049 3050 3051 3052 3053 3054 3055 3056 3057 3058 3059 3060 3061 3062 3063 3064 3065 3066 3067 3068 3069 3070 3071 3072 3073 3074 3075 3076 3077 3078 3079 3080 3081 3082 3083 3084 3085 3086 3087 3088 3089 3090 3091 3092 3093 3094 3095 3096 3097 3098 3099 3100 3101 3102 3103 3104 3105 3106 3107 3108 3109 3110 3111 3112 3113 3114 3115 3116 3117 3118 3119 3120 3121 3122 3123 3124 3125 3126 3127 3128 3129 3130 3131 3132 3133 3134 3135 3136 3137 3138 3139 3140
p1:2 A 0 1 2 3 4 5 6 7 8 9 10 11 12 13 14 15 16 17 18 19 20 21 22 23 24 25 26 27 28 29 30 31 32 33 34 35 36 37 38 39 40 41 42 43 44 45 46 47 48 49 50 51 52 53 54 55 56 57 58 59 60 61 62 63 64 65 66 67 68 69 70 71 72 73 74 75 76 77 78 79 80 81 82 83 84 85 86 87 88 89 90 91 92 93 94 95 96 97 98 99 100 101 102 103 104 105 106 107 108 109 110 111 112 113 114 115 116 117 118 119 120 121 122 123 124 125 126 127 128 129 130 131 132 133 134 135 136 137 138 139 140 141 142 143 144 145 146 147 148 149 150 151 152 153 154 155 156 157 158 159 160 161 162 163 164 165 166 167 168 169 170 171 172 173 174 175 176 177 178 179 180 181 182 183 184 185 186 187 188 189 190 191 192 193 194 195 196 197 198 199 200 201 202 203 204 205 206 207 208 209 210 211 212 213 214 215 216 217 218 219 220 221 222 223 224 225 226 227 228 229 230 231 232 233 234 235 236 237 238 239 240 241 242 243 244 246 247 248 249 250 251 252 253 254 255 256 257 258 259 260 261 262 263 264 265 266 267 268 269 270 271 272 273 274 275 276 277 278 279 280 281 282 283 284 285 286 287 288 289 290 291 292 293 294 295 296 297 298 299 300 301 302 303 304 305 306 307 308 309 310 311 312 313 314 315 316 317 318 319 320 321 322 323 324 3143 325 326 327 328 329 330 331 332 333 334 335 336 337 338 339 340 341 342 343 344 345 346 347 349 350 351 352 353 354 355 356 357 358 359 360 361 362 363 364 365 366 367 368 369 370 371 372 373 374 375 376 377 378 379 380 381 382 383 384 385 386 387 388 389 390 391 392 393 394 395 396 397 398 399 400 401 402 403 404 405 406 407 408 409 410 411 412 413 414 415 416 417 418 419 420 421 422 423 424 425 426 427 428 429 430 431 432 433 434 435 436 437 438 439 440 441 442 443 444 445 446 447 448 449 450 451 452 453 454 455 456 458 459 460 461 462 463 464 465 466 467 468 469 470 471 472 473 474 475 476 477 478 479 480 481 482 483 484 485 486 487 488 489 490 491 492 493 494 495 496 497 3144 498 499 500 501 502 503 504 505 506 507 508 509 510 511 512 513 514 515 516 517 518 519 520 521 522 523 524 525 526 527 528 529 530 531 532 533 534 535 536 537 538 539 540 541 542 543 544 545 546 547 548 549 550 551 552 553 554 555 556 557 558 559 560 561 562 563 564 565 566 567 568 569 570 571 572 573 574 575 576 577 578 579 580 581 582 583 584 585 586 587 588 589 590 591 592 593 594 595 596 597 598 599 600 601 602 603 604 605 606 607 608 609 610 611 612 613 614 615 616 617 618 619 620 621 622 623 624 625 626 627 628 629 630 631 632 633 634 635 636 637 638 639 640 641 642 643 644 645 646 647 648 649 650 651 652 653 654 655 656 657 658 659 660 661 662 663 664 665 666 667 668 669 670 671 672 673 674 675 676 677 678 679 680 681 682 683 684 685 686 687 688 689 690 691 692 693 694 695 696 697 698 699 700 701 702 703 704 705 706 707 708 709 710 711 712 713 714 715 716 717 718 719 720 721 722 723 724 725 726 727 728 729 730 731 732 733 734 735 736 737 738 739 740 741 742 743 744 745 746 747 748 749 750 751 752 753 754 755 756 757 758 759 760 761 762 763 764 765 766 767 768 769 770 771 772 773 774 775 776 777 778 779 780 781 782 783 784 785 786 787 788 789 790 791 792 793 794 795 796 798 799 800 801 802 803 804 805 806 807 808 809 810 811 812 813 814 815 816 817 818 819 820 821 822 823 824 825 826 827 828 829 830 831 832 833 834 835 836 837 838 839 840 841 842 843 844 845 846 847 848 849 850 851 852 853 854 855 856 857 858 859 860 861 862 863 864 865 866 867 868 869 870 871 872 873 874 875 876 877 878 879 880 881 882 883 884 885 886 887 888 889 890 891 892 893 894 895 896 897 898 899 900 901 902 903 904 905 906 907 908 909 910 911 912 913 914 915 916 917 918 919 920 921 922 923 924 925 926 927 928 929 930 931 932 933 934 935 936 937 938 939 940 941 942 943 944 945 946 947 948 949 950 951 952 953 954 955 956 957 958 959 960 961 962 963 964 965 966 967 968 969 970 971 972 973 974 975 976 977 978 979 980 981 982 983 984 985 986 987 988 989 990 991 992 993 994 995 996 997 998 999 1000 1001 1002 1003 1004 1005 1006 1007 1008 1009 1010 1011 1012 1013 1014 1015 1016 1017 1018 1019 3145 1020 1021 1022 1023 1024 1025 1026 1027 1028 1029 1030 1031 1032 1033 1034 1035 1036 1037 1038 1039 1040 1041 1042 1043 1044 1045 1046 1047 1048 1049 1050 1051 1052 1053 1054 1055 1056 1057 1058 1059 1060 1061 1062 1063 1064 1065 1066 1067 1068 1069 1070 1071 1072 1073 1074 1075 1076 1077 1078 1079 1080 1081 1082 1083 1084 1085 1086 1087 1088 1089 1090 1091 1092 1093 1094 1095 1096 1097 1098 1099 1100 1101 1102 1103 1104 1105 1106 1107 1108 1109 1110 1111 1112 1113 1114 1115 1116 1117 1118 1119 1120 1121 1122 1123 1124 1125 1126 1127 1128 1129 1130 1131 1132 1133 1134 1135 1136 1137 1138 1139 1140 1141 1142 1143 1144 1145 1146 1147 1148 1149 1150 1151 1152 1153 1154 1155 1156 1157 1158 1159 1161 1162 1163 1164 1165 1166 1167 1168 1169 1170 1171 1172 1173 1174 1175 1176 1177 1178 1179 1180 1181 1182 1183 1184 1185 1186 1187 1188 1189 1190 1191 1192 1193 1194 1195 1196 1197 1198 1199 1200 1201 1202 1203 1204 1205 1206 1207 1208 1209 1210 1211 1212 1213 1214 1215 1216 1217 1218 1219 1220 1221 1222 1223 1224 1225 1226 1227 1228 1229 1230 1231 1232 1233 1234 1235 1236 1237 1238 1239 1240 1241 1242 1243 1244 1245 1246 1247 1248 1249 1250 1251 1252 1253 1254 1255 1256 1257 1258 1259 1260 1261 1262 1263 1264 1265 1266 1267 1268 1269 1270 1271 1272 1273 1274 1275 1276 1277 1278 1279 1280 1281 1282 1283 1284 1285 1286 1287 1288 1289 1290 1291 1292 1293 1294 1295 1296 1297 1298 1299 1300 1301 1302 1303 1304 1305 1306 1307 1308 1309 1310 1311 1312 1313 1314 1315 1316 1317 1318 1319 1320 1321 1322 1323 1324 1325 1326 1327 1328 1329 1330 1331 1332 1333 1334 1335 1336 1337 1338 1339 1340 1341 1342 1343 1344 1345 1346 1347 1348 1349 1350 1351 1352 1353 1354 1355 1356 1357 1358 1359 1360 1361 1362 1363 1364 1365 1366 1367 1368 1369 1370 1371 1372 1373 1374 1375 1376 1377 1378 1379 1380 1381 1382 1383 1384 1385 1386 1387 1388 1389 1390 1391 1392 1393 1394 1395 1396 1397 1398 1399 1400 1401 1402 1403 1404 1405 1406 1407 1408 1409 1410 1411 1412 1413 1414 1415 1416 1417 1418 1419 1420 1421 1422 1423 1424 1425 1426 1427 1428 1429 1430 1431 1432 1433 1434 1435 1436 1437 1438 1439 1440 1441 1442 1443 1444 1445 1446 1447 1448 1449 1450 1451 1452 1453 1454 1455 1456 1457 1458 1459 1460 1461 1462 1463 1464 1465 1466 1467 1468 1469 1470 1471 1472 1473 1474 1475 1476 1477 1478 1479 1480 1481 1482 1483 1484 1485 1486 1487 1488 1489 1490 1491 1492 1493 1494 1495 1496 1497 1498 1499 1500 1501 1502 1503 1504 1505 1506 1507 1508 1509 1510 1511 1512 1513 1514 1515 1516 1517 1518 1519 1520 1521 1522 1523 1524 1525 1526 1527 1528 1529 1530 1531 1532 1533 1534 1535 1536 1537 1538 1539 1540 1541 1542 1543 1544 1545 1546 1547 1548 1549 1550 1551 1552 1553 1554 1555 1556 1557 1558 1559 1560 1561 1562 1563 1564 1565 1566 1567 1568 1569 1570 1571 1572 1573 1574 1575 1576 1577 1578 1580 1581 1582 1583 1584 1585 1586 1587 1588 1589 1590 1591 1592 1593 1594 1595 1596 1597 1598 1599 1600 1601 1602 1603 1604 1605 1606 1607 1608 1609 1610 1611 1612 1613 1614 1615 1616 1617 1618 1619 1620 1621 1622 1623 1624 1625 1626 1627 1628 1629 1630 1631 1632 1633 1634 1635 1636 1637 1638 1639 1640 1641 1642 1643 1644 1645 1646 1647 1648 1649 1650 1651 1652 1653 1654 1655 1656 1657 1658 1659 1660 1661 1662 1663 1664 1665 1666 1667 1668 1669 1670 1671 1672 1673 1674 1675 1676 1677 1678 1679 1680 1681 1682 1683 1684 1685 1686 1687 1688 1689 1690 1691 1692 1693 1694 1695 1696 1697 1698 1699 1700 1701 1702 1703 1704 1705 1706 1707 1708 1709 1710 1711 1712 1713 1714 1715 1716 1717 1718 1719 1720 1721 1722 1723 1724 1725 1726 1727 1728 1729 1730 1731 1732 1733 1734 1735 1736 1737 1738 1739 1740 1741 1742 1743 1744 1745 1746 1747 1748 1749 1750 1751 1752 1753 1754 1755 1756 1757 1758 1759 1760 1761 1762 1763 1764 1765 1766 1767 1768 1769 1770 1771 1772 1773 1774 1775 1776 1777 1778 1779 1780 1781 1782 1783 1784 1785 1786 1787 1788 1789 1790 1791 1792 1793 1794 1795 1796 1797 1798 1799 1800 1801 1802 1803 1804 1805 1806 1807 1808 1809 1810 1811 1812 1813 1814 1815 1816 1817 1818 1819 1820 1821 1822 1823 1824 1825 1826 1827 1828 1829 1830 1831 1832 1833 1834 1835 1836 1837 1838 1839 1840 1841 1842 1843 1844 1845 1846 1847 1848 1849 1850 1851 1852 1853 1854 1855 1856 1857 1858 1859 1860 1861 1862 1863 1864 1865 1866 1867 1868 1869 1870 1871 1872 1873 1874 1875 1876 1877 1878 1879 1880 1881 1882 1883 1884 1885 1886 1887 1888 1889 1890 1891 1892 1893 1894 1895 1896 1897 1898 1899 3146 1900 1901 1902 1903 1904 1905 1906 1907 1908 1909 1910 1911 1912 1913 1914 1915 1916 1917 1918 1919 1920 1921 1922 1923 1924 1925 1926 1927 1928 1929 1930 1931 1932 1933 1934 1935 1936 1937 1938 1939 1940 1941 1942 1943 1944 1945 1946 1947 1948 1949 1950 1951 1952 1953 1954 1955 1956 1957 1958 1959 1960 1961 1962 1963 1964 1965 1966 1967 1968 1969 1970 1971 1972 1973 1974 1975 1976 1977 1978 1979 1981 1982 1983 1984 1985 1986 1987 1988 1989 1990 1991 1992 1993 1994 1995 1996 1997 1998 1999 2000 2001 2002 2003 2004 2005 2006 2007 2008 2009 2010 2011 2012 2013 2014 2015 2016 2017 2018 2019 2020 2021 2022 2023 2024 2025 2026 2027 2028 2029 2030 2031 2032 2033 2034 2035 2036 2037 2038 2039 2040 2041 2042 2043 2044 2045 2046 2047 2048 2049 2050 2051 2052 2053 2054 2055 2056 2057 2058 2059 2060 2061 2062 2063 2064 2065 2066 2067 2068 2069 2070 2071 2072 2073 2074 2075 2076 2077 2078 2079 2080 2081 2082 2083 2084 2085 2086 2087 2088 2089 2090 2091 2092 2093 2094 2095 2096 2097 2098 2099 2100 2101 2102 2103 2104 2105 2106 2107 2108 2109 2110 2111 2112 2113 2114 2115 2116 2117 2118 2119 2120 2121 2122 2123 2124 2125 2126 2127 2128 2129 2130 2131 2132 2133 2134 2135 2136 2137 2138 2139 2140 2141 2142 2143 2144 2145 2146 2147 2148 2149 2150 2151 2152 2153 2154 2155 2156 2157 2158 2159 2160 2161 2162 2163 2164 2165 2166 2167 2168 2169 2170 2171 2172 2173 2174 2175 2176 2177 2178 2179 2180 2181 2182 2183 2184 2185 2186 2187 2188 2189 2190 2191 2192 2193 2194 2195 2196 2197 2198 2199 2200 2201 2202 2203 2204 2205 2206 2207 2208 2209 2210 2211 2212 2213 2214 2215 2216 2217 2218 2219 2220 2221 2222 2223 2224 2225 2226 2227 2228 2229 2230 2231 2232 2233 2234 2235 2236 2237 2238 2239 2240 2241 2242 2243 2244 2245 2246 2247 2248 2249 2250 2251 2252 2253 2254 2255 2256 2257 2258 2259 2260 2261 2262 2263 2264 2265 2266 2267 2268 2269 2270 2271 2272 2273 2274 2275 2276 2277 2278 2279 2280 2281 2282 2283 2284 2285 2286 2287 2288 2289 2290 2291 2292 2293 2294 2295 2296 2297 2298 2299 2300 2301 2302 2303 2304 2305 2306 2307 2308 3147 2309 2310 2311 2312 2313 2314 2315 2316 2317 2318 2319 2320 2321 2322 2323 2324 2325 2326 2327 2328 2329 2330 2331 2332 2333 2334 2335 2336 2337 2338 2339 2340 2341 3148 2342 2343 2344 2345 2346 2347 2348 2349 2350 2351 2352 2353 2354 2355 2356 2357 2358 2359 2360 2361 2362 2363 2364 2365 2366 2367 2368 2369 2370 2371 2372 2373 2374 2375 2376 2377 2378 2379 2380 2381 2382 2383 2384 2385 2386 2387 2388 2389 2390 2391 2392 2393 2394 2395 2396 2397 2398 2399 2400 2401 2402 2403 2404 2405 2406 2407 2408 2409 2410 2411 2412 2413 2414 2415 2416 2417 2418 2419 2420 2421 2422 2423 2424 2425 2426 2427 2428 2429 2430 2431 2432 2433 2434 2435 2436 2437 2438 2439 2440 2441 2442 2443 2444 2445 2446 2447 2448 2449 2450 2451 2452 2453 2454 2455 2456 2457 2458 2459 2460 2461 2462 2463 2464 2465 2466 2467 2468 2469 2470 2471 2472 2473 2474 2475 2476 2477 2478 2479 2480 2481 2482 2483 2484 2485 2486 2487 2488 2489 2490 2491 2492 2493 3149 2494 2495 2496 2497 2498 2499 2500 2501 2502 2503 2504 2505 2506 2507 2508 2509 2510 2511 2512 2513 2514 2515 2516 2517 2518 2519 2520 2521 2522 2523 2524 2525 2526 2527 2528 2529 2530 2531 2532 2533 2534 2535 2536 2537 2538 2539 2540 2541 2542 2543 2544 2545 2546 2547 2548 2549 2550 2551 2552 2553 2554 2555 2556 2557 2558 2559 2560 2561 2562 2563 2564 2565 2566 2567 2568 2569 2570 2571 2572 2573 2574 2575 2576 2577 2578 2579 2580 2581 2582 2583 2584 2585 2586 2587 2588 2589 2590 2591 2592 2593 2594 2595 2596 2597 2598 2599 2600 2601 2602 2603 2604 2605 2606 2607 2608 2609 2610 2611 2612 2613 2614 2615 2616 2617 2618 2619 2620 2621 2622 2623 3150 2624 2625 2626 2627 2628 2629 2630 2631 2632 2633 2634 2635 2636 2637 2638 2639 2640 2641 2642 2643 2644 2645 2646 2647 2648 2649 2650 2651 2652 2653 2654 2655 2656 2657 2658 2659 2660 2661 2662 2663 2664 2665 2666 2667 2668 2669 2670 2671 2672 2673 2674 2675 2676 2677 2678 2679 2680 2681 2682 2683 2684 2685 2686 2687 2688 2689 2690 2691 2692 2693 2694 2695 2696 2697 2698 2699 2700 2701 2702 2703 2704 2705 2706 2707 2708 2709 2710 2711 2712 2713 2714 2715 2716 2717 2718 2719 2720 2721 2722 2723 2724 2725 2726 2727 2728 2729 2730 2731 2732 2733 2734 2735 2736 2737 2738 2739 2740 2741 2742 2743 2744 2745 2746 2747 2748 2749 2750 2751 2752 2753 2754 2755 2756 2757 2758 2759 2760 2761 2762 2763 2764 2765 2766 2767 2768 2769 2770 2771 2772 2773 2774 2775 2776 2777 2778 2779 2780 2781 2782 2783 2784 2785 2786 2787 2788 2789 2790 2791 2792 2793 2794 2795 2796 2797 2798 2799 2800 2801 2802 2803 2804 2805 2806 2807 2808 2809 2810 2811 2812 2813 2814 2815 2816 2817 2818 2819 2820 2821 2822 2823 2824 2825 2826 2827 2828 2829 2830 2831 2832 2833 2834 2835 2836 2837 2838 2839 2840 2841 2842 2843 2844 2845 2846 2847 2848 2849 2850 2851 2852 2853 2854 2855 2856 2857 2858 2859 2860 2861 2862 2863 2864 2865 2866 2867 2868 2869 2870 2871 2872 2873 2874 2875 2876 2877 2878 2879 2880 2881 2882 2883 2884 2885 2886 2887 2888 2889 2890 2891 2892 2893 2894 2895 2896 2897 2898 2899 2900 2901 2902 2903 2904 2905 2906 2907 2908 2909 2910 2911 2912 2913 2914 2915 2916 2917 2918 2919 2920 2921 2922 2923 2924 2925 2926 2927 2928 2929 2930 2931 2932 2933 2934 2935 2936 2937 2938 2939 2940 2941 2942 2943 2944 2945 2946 2947 2948 2949 2950 2951 2952 2953 2954 2955 2956 2957 2958 2959 2960 2961 2962 2963 2964 2965 2966 2967 2968 2969 2970 2971 2972 2973 2974 2975 2976 2977 2978 2979 2980 2981 2982 2983 2985 2986 2987 2988 2989 2990 2991 2992 2993 2994 2995 2996 2997 2998 2999 3000 3001 3002 3003 3004 3005 3006 3007 3008 3009 3010 3011 3012 3013 3014 3015 3016 3017 3018 3019 3151 3020 3021 3022 3023 3024 3025 3026 3027 3028 3029 3030 3031 3032 3033 3034 3035 3036 3037 3038 3039 3040 3041 3042 3043 3044 3045 3046 3047 3048 3049 3050 3051 3052 3053 3054 3055 3056 3057 3058 3059 3060 3061 3062 3063 3064 3065 3066 3067 3068 3069 3070 3071 3072 3073 3074 3075 3076 3077 3078 3079 3080 3081 3082 3083 3084 3085 3086 3087 3088 3089 3090 3091 3092 3093 3094 3095 3096 3097 3098 3099 3100 3101 3102 3103 3104 3105 3106 3107 3108 3109 3110 3111 3112 3113 3114 3115 3116 3117 3118 3119 3120 3121 3122 3123 3124 3125 3126 3127 3128 3129 3130 3131 3132 3133 3134 3135 3136 3137 3138 3139 3140
p1:3 A 0 1 2 3 4 5 6 7 8 9 10 11 12 13 14 15 16 17 18 19 20 21 22 23 24 25 26 27 28 29 30 31 32 33 34 35 36 37 38 39 40 41 42 43 44 45 46 47 48 49 50 51 52 53 54 55 56 57 58 59 60 61 62 63 64 65 66 67 68 69 70 71 72 73 74 75 76 77 78 79 80 81 82 83 84 85 86 87 88 89 90 91 92 93 94 95 96 97 98 99 100 101 102 103 104 105 106 107 108 109 110 111 112 113 114 115 116 117 118 119 120 121 122 123 124 125 126 127 128 129 130 131 132 133 134 135 136 137 138 139 140 141 142 143 144 145 146 147 148 149 150 151 152 153 154 155 156 157 158 159 160 161 162 163 164 165 166 167 168 169 170 171 172 173 174 175 176 177 178 179 180 181 182 183 184 185 186 187 188 189 190 191 192 193 194 195 196 197 198 199 200 201 202 203 204 205 206 207 208 209 210 211 212 213 214 215 216 217 218 219 220 221 222 223 224 225 226 227 228 229 230 231 232 233 234 235 236 237 238 239 240 241 242 243 244 245 246 247 248 249 250 251 252 253 254 255 256 257 258 259 260 261 262 263 264 265 266 267 268 269 270 271 272 273 274 275 276 277 278 279 280 281 282 283 284 285 286 287 288 289 290 291 292 293 294 295 296 297 298 299 300 301 302 303 304 305 306 307 308 309 310 311 312 313 314 315 316 317 318 319 320 321 322 323 324 325 326 327 328 329 330 331 332 333 334 335 336 337 338 339 340 341 342 343 344 345 346 347 349 350 351 352 353 354 355 356 357 358 359 360 361 362 363 364 365 366 367 368 369 370 371 372 373 374 375 376 377 378 379 380 381 382 383 384 385 386 387 388 389 390 391 392 393 394 395 396 397 398 399 400 401 402 403 404 405 406 407 408 409 410 411 412 413 414 415 416 417 418 419 420 421 422 423 424 425 426 427 428 429 430 431 432 433 434 435 436 437 438 439 440 441 442 443 444 445 446 447 448 449 450 451 452 453 454 455 456 458 459 460 461 462 463 464 465 466 467 468 469 470 471 472 473 474 475 476 477 478 479 480 481 482 483 484 485 486 487 488 489 490 491 492 493 494 495 496 497 498 499 500 501 502 503 504 505 506 507 508 509 510 511 512 513 514 515 516 517 518 519 520 521 522 523 524 525 526 527 528 529 530 531 532 533 534 535 536 537 538 539 540 541 542 543 544 545 546 547 548 549 550 551 552 553 554 555 556 557 558 559 560 561 562 563 564 565 566 567 568 569 570 571 572 573 574 575 576 577 578 579 580 581 582 583 584 585 586 587 588 589 590 591 592 593 594 595 596 597 598 599 600 601 602 603 604 605 606 607 608 609 610 611 612 613 614 615 616 617 618 619 620 621 622 623 624 625 626 627 628 629 630 631 632 633 634 635 636 637 638 639 640 641 642 643 644 645 646 647 648 649 650 651 652 653 654 655 656 657 658 659 660 661 662 663 664 665 666 667 668 669 670 671 672 673 674 675 676 677 678 679 680 681 682 683 684 685 686 687 688 689 690 691 692 693 694 695 696 697 698 699 700 701 702 703 704 705 706 707 708 709 710 711 712 713 714 715 716 717 718 719 720 721 722 723 724 725 726 727 728 729 730 731 732 733 734 735 736 737 738 739 740 741 742 743 744 745 746 747 748 749 750 751 752 753 754 755 756 757 758 759 760 761 762 763 764 765 766 767 768 769 770 771 772 773 774 775 776 777 778 779 780 781 782 783 784 785 786 787 788 789 790 791 792 793 794 795 796 798 799 800 801 802 803 804 805 806 807 808 809 810 811 812 813 814 815 816 817 3152 818 819 820 821 822 823 824 825 826 827 828 829 830 831 832 833 834 835 836 837 838 839 840 841 842 843 844 845 846 847 848 849 850 851 852 853 854 855 856 857 858 859 860 861 862 863 864 865 866 867 868 869 870 871 872 873 874 875 876 877 878 879 880 881 882 883 884 885 886 887 888 889 890 891 892 893 894 895 896 897 898 899 900 901 902 903 904 905 906 907 908 909 910 911 912 913 914 915 916 917 918 919 920 921 922 923 924 925 926 927 928 929 930 931 932 933 934 935 936 937 938 939 940 941 942 943 944 945 946 947 948 949 950 951 952 953 954 955 956 957 958 959 960 961 962 963 964 965 966 967 968 969 970 971 972 973 974 975 976 977 978 979 980 981 982 983 984 985 986 987 988 989 990 991 992 993 994 995 996 997 998 999 1000 1001 1002 1003 1004 1005 1006 1007 1008 1009 1010 1011 1012 1013 1014 1015 1016 1017 1018 1019 1020 1021 1022 1023 1024 1025 1026 1027 1028 1029 1030 1031 1032 1033 1034 1035 1036 1037 1038 1039 1040 3153 1041 1042 1043 1044 1045 1046 1047 1048 1049 1050 1051 1052 1053 1054 1055 1056 1057 1058 1059 1060 1061 1062 1063 1064 1065 1066 1067 1068 1069 1070 1071 1072 1073 1074 1075 1076 1077 1078 1079 1080 1081 1082 1083 1084 1085 1086 1087 1088 1089 1090 1091 1092 1093 1094 1095 1096 1097 1098 1099 3154 1100 1101 1102 1103 1104 1105 1106 1107 1108 1109 1110 1111 1112 1113 1114 1115 1116 1117 1118 1119 1120 1121 1122 1123 1124 1125 1126 1127 1128 1129 1130 1131 1132 1133 1134 1135 1136 1137 1138 1139 1140 1141 1142 1143 1144 1145 1146 1147 1148 1149 1150 1151 1152 1153 1154 1155 1156 1157 1158 1159 1161 1162 1163 1164 1165 1166 1167 1168 1169 1170 1171 1172 1173 1174 1175 1176 1177 1178 1179 1180 1181 1182 1183 1184 1185 1186 1187 1188 1189 1190 1191 1192 1193 1194 1195 1196 1197 1198 1199 1200 1201 1202 1203 1204 1205 1206 1207 1208 1209 1210 1211 1212 1213 1214 1215 1216 1217 1218 1219 1220 1221 1222 1223 1224 1225 1226 1227 1228 1229 1230 1231 1232 1233 1234 1235 1236 1237 1238 1239 1240 1241 1242 1243 1244 1245 1246 1247 1248 1249 1250 1251 1252 1253 1254 1255 1256 1257 1258 1259 1260 1261 1262 1263 1264 1265 1266 1267 1268 1269 1270 1271 1272 1273 1274 1275 1276 1277 1278 1279 1280 1281 1282 1283 1284 1285 1286 1287 1288 1289 1290 1291 1292 1293 1294 1295 1296 1297 1298 1299 1300 1301 1302 1303 1304 1305 1306 1307 1308 1309 1310 1311 1312 1313 1314 1315 1316 1317 1318 1319 1320 1321 1322 1323 1324 1325 1326 1327 1328 1329 1330 1331 1332 1333 1334 1335 1336 1337 1338 1339 1340 1341 1342 1343 1344 1345 1346 1347 1348 1349 1350 1351 1352 1353 1354 1355 1356 1357 1358 1359 1360 1361 1362 1363 1364 1365 1366 1367 1368 1369 1370 1371 1372 1373 1374 1375 1376 1377 1378 1379 1380 1381 1382 1383 1384 1385 1386 1387 1388 1389 1390 1391 1392 1393 1394 1395 1396 1397 1398 1399 1400 1401 1402 1403 1404 1405 1406 1407 1408 1409 1410 1411 1412 1413 1414 1415 1416 1417 1418 1419 1420 1421 1422 1423 1424 1425 1426 1427 1428 3155 1429 1430 1431 1432 1433 1434 1435 1436 1437 1438 1439 1440 1441 1442 1443 1444 1445 1446 1447 1448 1449 1450 1451 1452 1453 1454 1455 1456 1457 1458 1459 1460 1461 1462 1463 1464 1465 1466 1467 1468 1469 1470 1471 1472 1473 1474 1475 1476 1477 1478 1479 1480 1481 1482 1483 1484 1485 1486 1487 1488 1489 1490 1492 1493 1494 1495 1496 1497 1498 1499 1500 1501 1502 1503 1504 1505 1506 1507 1508 1509 1510 1511 1512 1513 1514 1515 1516 1517 1518 1519 1520 1521 1522 1523 1524 1525 1526 1527 1528 1529 1530 1531 1532 1533 1534 1535 1536 1537 1538 1539 1540 1541 1542 1543 1544 1545 1546 1547 1548 1549 1550 1551 1552 1553 1554 1555 1556 1557 1558 1559 1560 1561 1562 1563 1564 1565 1566 1567 1568 1569 1570 1571 1572 1573 1574 1575 1576 1577 1578 1580 1581 1582 1583 1584 1585 1586 1587 1588 1589 1590 1591 1592 1593 1594 1595 1596 1597 1598 1599 1600 1601 1602 1603 1604 1605 1606 1607 1608 1609 1610 1611 1612 1613 1614 1615 1616 1617 1618 1619 1620 1621 1622 1623 1624 1625 1626 1627 1628 1629 1630 1631 1632 1633 1634 1635 1636 1637 1638 1639 1640 1641 1642 1643 1644 1645 1646 1647 1648 1649 1650 1651 1652 1653 1654 1655 1656 1657 1658 1659 1660 1661 1662 1663 1664 1665 1666 1667 1668 1669 1670 1671 1672 1673 1674 1675 1676 1677 1678 1679 1680 1681 1682 1683 1684 1685 1686 1687 1688 1689 1690 1691 1692 1693 1694 1695 1696 1697 1698 1699 1700 1701 1702 1703 1704 1705 1706 1707 1708 1709 1710 1711 1712 1713 1714 1715 1716 1717 1718 1719 1720 1721 1722 1723 1724 1725 1726 1727 1728 1729 1730 1731 1732 1733 1734 1735 1736 1737 1738 1739 1740 1741 1742 1743 1744 1745 1746 1747 1748 1749 1750 1751 1752 1753 1755 1756 1757 1758 1759 1760 1761 1762 1763 1764 1765 1766 1767 1768 1769 1770 1771 1772 1773 1774 1775 1776 1777 1778 1779 1780 1781 1782 1783 1784 1785 1786 1787 1788 1789 1790 1791 1792 1793 1794 1795 1796 1797 1798 1799 1800 1801 1802 1803 1804 1805 1806 1807 1808 1809 1810 1811 1812 1813 1814 1815 1816 1817 1818 1819 1820 1821 1822 1823 1824 1825 1826 1827 1828 1829 1830 1831 1832 1833 1834 1835 1836 1837 1838 1839 1840 1841 1842 1843 1844 1845 1846 1847 1848 1849 1850 1851 1852 1853 1854 1855 1856 1857 1858 1859 1860 1861 1862 1863 1864 1865 1866 1867 1868 1869 1870 1871 1872 1873 1874 1875 1876 1877 1878 1879 1880 1881 1882 1883 1884 1885 1886 1887 1888 1889 1890 1891 1892 1893 1894 1895 1896 1897 1898 1899 1900 1901 1902 1903 1904 1905 1906 1907 1908 1909 1910 1911 1912 1913 1914 1915 1916 1917 1918 1919 1920 1921 1922 1923 1924 1925 1926 1927 1928 1929 1930 1931 1932 1933 1934 1935 1936 1937 1938 1939 1940 1941 1942 1943 1944 1945 1946 1947 1948 1949 1950 1951 1952 1953 1954 1955 1956 1957 1958 1959 1960 1961 1962 1963 1964 1965 1966 1967 1968 1969 1970 1971 1972 1973 1974 1975 1976 1977 1978 1979 1981 1982 1983 1984 1985 1986 1987 1988 1989 1990 1991 1992 1993 1994 1995 1996 1997 1998 1999 2000 2001 2002 2003 2004 2005 2006 2007 2008 2009 2010 2011 2012 2013 2014 2015 2016 2017 2018 2019 2020 2021 2022 2023 2024 2025 2026 2027 2028 2029 2030 2031 2032 2033 2034 2035 2036 2037 2038 2039 2040 2041 2042 2043 2044 2045 2046 2047 2048 2049 2050 2051 2052 2053 2054 2055 2056 2057 2058 2059 2060 2061 2062 2063 2064 2065 2066 2067 2068 2069 2070 2071 2072 2073 2074 2075 2076 2077 2078 2079 2080 2081 2082 2083 2084 2085 2086 2087 2088 2089 2090 2091 2092 2093 2094 2095 2096 2097 2098 2099 2100 2101 2102 2103 2104 2105 2106 2107 2108 2109 2110 2111 2112 2113 2114 2115 2116 2117 2118 2119 2120 2121 2122 2123 2124 2125 2126 2127 2128 2129 2130 2131 2132 2133 2134 2135 2136 2137 2138 2139 2140 2141 2142 2143 2144 2145 2146 2147 2148 2149 2150 2151 2152 2153 2154 2155 2156 2157 2158 2159 2160 2161 2162 2163 2164 2165 2166 2167 2168 2169 2170 2171 2172 2173 2174 2175 2176 2177 2178 2179 2180 2181 2182 2183 2184 2185 2186 2187 2188 2189 2190 2191 2192 2193 2194 2195 2196 2197 2198 2199 2200 2201 2202 2203 2204 2205 2206 2207 2208 2209 2210 2211 2212 2213 2214 2215 2216 2217 2218 2219 2220 2221 2222 2223 2224 2225 2226 2227 2228 2229 2230 2231 2232 2233 2234 2235 2236 2237 2238 2239 2240 2241 2242 2243 2244 2245 2246 2247 2248 2249 2250 2251 2252 2253 2254 2255 2256 2257 2258 2259 2260 2261 2262 2263 2264 2265 2266 2267 2268 2269 2270 2271 2272 2273 2274 2275 2276 2277 2278 2279 2280 2281 2282 2283 2284 2285 2286 2287 2288 2289 2290 2291 2292 2293 2294 2295 2296 2297 2298 2299 2300 2301 2302 2303 2304 2305 2306 2307 2308 2309 2310 2311 2312 2313 2314 2315 2316 2317 2318 2319 2320 2321 2322 2323 2324 2325 2326 2327 2328 2329 2330 2331 2332 2333 2334 2335 2336 2337 2338 2339 2340 2341 2342 2343 2344 2345 2346 2347 2348 2349 2350 2351 2352 2353 2354 2355 2356 2357 2358 2359 2360 2361 2362 2363 2364 2365 2366 2367 2368 2369 2370 2371 2372 2373 2374 2375 2376 2377 2378 2379 2380 2381 2382 2383 2384 2385 2386 2387 2388 2389 2390 2391 2392 2393 2394 2395 2396 2397 2398 2399 2400 2401 2402 2403 2404 2405 2406 2407 2408 2409 2410 2411 2412 2413 2414 2415 2416 2417 2418 2419 2420 2421 2422 2423 2424 2425 2426 2427 2428 2429 2430 2431 2432 2433 2434 2435 2436 2437 2438 2439 2440 2441 2442 2443 2444 2445 2446 2447 2448 2449 2450 2451 2452 2453 2454 2455 2456 2457 2458 2459 2460 2461 2462 2463 2464 2465 2466 2467 2468 2469 2470 2471 2472 2473 2474 2475 2476 2477 2478 2479 2480 2481 2482 2483 2484 2485 2486 2487 2488 2489 2490 2491 2492 2493 2494 2495 2496 2497 2498 2499 2500 2501 2502 2503 2504 2505 2506 2507 2508 2509 2510 2511 2512 2513 2514 2515 2516 2517 2518 2519 2520 2521 2522 2523 2524 2525 2526 2527 2528 2529 2530 2531 2532 2533 2534 2535 2536 2537 2538 2539 2540 2541 2542 2543 2544 2545 2546 2547 2548 2549 2550 2551 2552 2553 2554 2555 2556 2557 2558 2559 2560 2561 2562 2563 2564 2565 2566 2567 2568 2569 2570 2571 2572 2573 2574 2575 2576 2577 2578 2579 2580 2581 2582 2583 2584 2585 2586 2587 2588 2589 2590 2591 2592 2593 2594 2595 2596 2597 2598 2599 2600 2601 2602 2603 2604 2605 2606 2607 2608 2609 2610 2611 2612 2613 2614 2615 2616 2617 2618 2619 2620 2621 2622 2623 2624 2625 2626 2627 2628 2629 2630 2631 2632 2633 2634 2635 2636 2637 2638 2639 2640 2641 2642 2643 2644 2645 2646 2647 2648 2649 2650 2651 2652 2653 2654 2655 2656 2657 2658 2659 2660 2661 2662 2663 2664 2665 2666 2667 2668 2669 2670 2671 2672 2673 2674 2675 2676 2677 2678 2679 2680 2681 2682 2683 2684 2685 2686 2687 2688 2689 2690 2691 2692 2693 2694 2695 2696 2697 2698 2699 2700 2701 2702 2703 2704 2705 2706 2707 2708 2709 2710 2711 2712 2713 2714 2715 2716 2717 2718 2719 2720 2721 2722 2723 2724 2725 2726 2727 2728 2729 2730 2731 2732 2733 2734 2735 2736 2737 2738 2739 2740 2741 2742 2743 2744 2745 2746 2747 2748 2749 2750 2751 2752 2753 2754 2755 2756 2757 2758 2759 2760 2761 2762 2763 2764 2765 2766 2767 2768 2769 2770 2771 2772 2773 2774 2775 2776 2777 2778 2779 2780 2781 2782 2783 2784 2785 2786 2787 2788 2789 2790 2791 2792 2793 2794 2795 2796 2797 2798 2799 2800 2801 2802 2803 2804 2805 2806 2807 2808 2809 2810 2811 2812 2813 2814 2815 2816 2817 2818 2819 2820 2821 2822 2823 2824 2825 2826 2827 2828 2829 2830 2831 2832 2833 2834 2835 2836 2837 2838 2839 2840 2841 2842 2843 2844 2845 2846 2847 2848 2849 2850 2851 2852 2853 2854 2855 2856 2857 2858 2859 2860 2861 2862 2863 2864 2865 2866 2867 2868 2869 2870 2871 2872 2873 2874 2875 2876 2877 2878 2879 2880 2881 2882 2883 2884 2885 2886 2887 2888 2889 2890 2891 2892 2893 2894 2895 2896 2897 2898 2899 2900 2901 2902 2903 2904 2905 2906 2907 2908 2909 2910 2911 2912 2913 2914 2915 2916 2917 2918 2919 2920 2921 2922 2923 2924 2925 2926 2927 2928 2929 2930 2931 2932 2933 2934 2935 2936 2937 2938 2939 2940 2941 2942 2943 2944 2945 2946 2947 2948 2949 2950 2951 2952 2953 2954 2955 2956 2957 2958 2959 2960 2961 2962 2963 2964 2965 2966 2967 2968 2969 2970 2971 2972 2973 2974 2975 2976 2977 2978 2979 2980 2981 2982 2983 2985 2986 2987 2988 2989 2990 2991 2992 2993 2994 2995 2996 2997 2998 2999 3000 3001 3002 3003 3004 3005 3006 3007 3008 3009 3010 3011 3012 3013 3014 3015 3016 3017 3018 3019 3151 3020 3021 3022 3023 3024 3025 3026 3027 3028 3029 3030 3031 3032 3033 3034 3035 3036 3037 3038 3039 3040 3041 3042 3043 3044 3045 3046 3047 3048 3049 3050 3051 3052 3053 3054 3055 3056 3057 3058 3059 3060 3061 3062 3063 3064 3065 3066 3067 3068 3069 3070 3071 3072 3073 3074 3075 3076 3077 3078 3079 3080 3081 3082 3083 3084 3085 3086 3087 3088 3089 3090 3091 3092 3093 3094 3095 3096 3097 3098 3099 3100 3101 3102 3103 3104 3105 3106 3107 3108 3109 3110 3111 3112 3113 3114 3115 3116 3117 3118 3119 3120 3121 3122 3123 3124 3125 3126 3127 3128 3129 3130 3131 3132 3133 3134 3135 3136 3137 3138 3139 3140
p1:4 A 0 1 2 3 4 5 6 7 8 9 10 11 12 13 14 15 16 17 18 19 20 21 22 23 24 25 26 27 28 29 30 31 32 33 34 35 36 37 38 39 40 41 42 43 44 45 46 47 48 49 50 51 52 53 54 55 56 57 58 59 60 61 62 63 64 65 66 67 68 69 70 71 72 73 74 75 76 77 78 79 80 81 82 83 84 85 86 87 88 89 90 91 92 93 94 95 96 97 98 99 100 101 102 103 104 105 106 107 108 109 110 111 112 113 114 115 116 117 118 119 120 121 122 123 124 125 126 127 128 129 130 131 132 133 134 135 136 137 138 139 140 141 142 143 144 145 146 147 148 149 150 151 152 153 154 155 156 157 158 159 160 161 162 163 164 165 166 167 168 169 170 171 172 173 174 175 176 177 178 179 180 181 182 183 184 185 186 187 188 189 190 191 192 193 194 195 196 197 198 199 200 201 202 203 204 205 206 207 208 209 210 211 212 213 214 215 216 217 218 219 220 221 222 223 224 225 226 227 228 229 230 231 232 233 234 235 236 237 238 239 240 241 242 243 244 245 246 247 248 249 250 251 252 253 254 255 256 257 258 259 260 261 262 263 264 265 266 267 268 269 270 271 272 273 274 275 276 277 278 279 280 281 282 283 284 285 286 287 288 289 290 291 292 293 294 295 296 297 298 299 300 301 302 303 304 305 306 307 308 309 310 311 312 313 314 315 316 317 318 319 320 321 322 323 324 325 326 327 328 329 330 331 332 333 334 335 336 337 338 339 340 341 342 343 344 345 346 347 349 350 351 352 353 354 355 356 357 358 359 360 361 362 363 364 365 366 367 368 369 370 371 372 373 374 375 376 377 378 379 380 381 382 383 384 385 386 387 388 389 390 391 392 393 394 395 396 397 398 399 400 401 402 403 404 405 406 407 408 409 410 411 412 413 414 415 416 417 418 419 420 421 422 423 424 425 426 427 428 429 430 431 432 433 434 435 436 437 438 439 440 441 442 443 444 445 446 447 448 449 450 451 452 453 454 455 456 458 459 460 461 462 463 464 465 466 467 468 469 470 471 472 473 474 475 476 477 478 479 480 481 482 483 484 485 486 487 488 489 490 491 492 493 494 495 496 497 498 499 500 501 502 503 504 505 506 507 508 509 510 511 512 513 514 515 516 517 518 519 520 521 522 523 524 525 526 527 528 529 530 531 532 533 534 535 536 537 538 539 540 541 542 543 544 545 546 547 548 549 550 551 552 553 554 555 556 557 558 559 560 561 562 563 564 565 566 567 568 569 570 571 572 573 574 575 576 577 578 579 580 581 582 583 584 585 586 587 588 589 590 591 592 593 594 595 596 597 598 599 600 601 602 603 604 605 606 607 608 609 610 611 612 613 614 615 616 617 618 619 620 621 622 623 624 625 626 627 628 629 630 631 632 633 634 635 636 637 638 639 640 641 642 643 644 645 646 647 648 649 650 651 652 653 654 655 656 657 658 659 660 661 662 663 664 665 666 667 668 669 670 671 672 673 674 675 676 677 678 679 680 681 682 683 684 685 686 687 688 689 690 691 692 693 694 695 696 697 698 699 700 701 702 703 704 705 706 707 708 709 710 711 712 713 714 715 716 717 718 719 720 721 722 723 724 725 726 727 728 729 730 731 732 733 734 735 736 737 738 739 740 741 742 743 744 745 746 747 748 749 750 751 752 753 754 755 756 757 758 759 760 761 762 763 764 765 766 767 768 769 770 771 772 773 774 775 776 777 778 779 780 781 782 783 784 785 786 787 788 789 790 791 792 793 794 795 796 798 799 800 801 802 803 804 805 806 807 808 809 810 811 812 813 814 815 816 817 818 819 820 821 822 823 824 825 826 827 828 829 830 831 832 833 834 835 836 837 838 839 840 841 842 843 844 845 846 847 848 849 850 851 852 853 854 855 856 857 858 859 860 861 862 863 864 865 866 867 868 869 870 871 872 873 874 875 876 877 878 879 880 881 882 883 884 885 886 887 888 889 890 891 892 893 894 895 896 897 898 899 900 901 902 903 904 905 906 907 908 909 910 911 912 913 914 915 916 917 918 919 920 921 922 923 924 925 926 927 928 929 930 931 932 933 934 935 936 937 938 939 940 941 942 943 944 945 946 947 948 949 950 951 952 953 954 955 956 957 958 959 960 961 962 963 964 965 966 967 968 969 970 971 972 973 974 975 976 977 978 979 980 981 982 983 984 985 986 987 988 989 990 991 992 993 994 995 996 997 998 999 1000 1001 1002 1003 1004 1005 1006 1007 1008 1009 1010 1011 1012 1013 1014 1015 1016 1017 1018 1019 1020 1021 1022 1023 1024 1025 1026 1027 1028 1029 1030 1031 1032 1033 1034 1035 1036 1037 1038 1039 1040 3153 1041 1042 1043 1044 1045 1046 1047 1048 1049 1050 1051 1052 1053 1054 1055 1056 1057 1058 1059 1060 1061 1062 1063 1064 1065 1066 1067 1068 1069 1070 1071 1072 1073 1074 1075 1076 1077 1078 1079 1080 1081 1082 1083 1084 1085 1086 1087 1088 1089 1090 1091 1092 1093 1094 1095 1096 1097 1098 1099 3154 1100 1101 1102 1103 1104 1105 1106 1107 1108 1109 1110 1111 1112 1113 1114 1115 1116 1117 1118 1119 1120 1121 1122 1123 1124 1125 1126 1127 1128 1129 1130 1131 1132 1133 1134 1135 1136 1137 1138 1139 1140 1141 1142 1143 1144 1145 1146 1147 1148 1149 1150 1151 1152 1153 1154 1155 1156 1157 1158 1159 1161 1162 1163 1164 1165 1166 1167 1168 1169 1170 1171 1172 1173 1174 1175 1176 1177 1178 1179 1180 1181 1182 1183 1184 1185 1186 1187 1188 1189 1190 1191 1192 1193 1194 1195 1196 1197 1198 1199 1200 1201 1202 1203 1204 1205 1206 1207 1208 1209 1210 1211 1212 1213 1214 1215 1216 1217 1218 1219 1220 1221 1222 1223 1224 1225 1226 1227 1228 1229 1230 1231 1232 1233 1234 1235 1236 1237 1238 1239 1240 1241 1242 1243 1244 1245 1246 1247 1248 1249 1250 1251 1252 1253 1254 1255 1256 1257 1258 1259 1260 1261 1262 1263 1264 1265 1266 1267 1268 1269 1270 1271 1272 1273 1274 1275 1276 1277 1278 1279 1280 1281 1282 1283 1284 1285 1286 1287 1288 1289 1290 1291 1292 1293 1294 1295 1296 1297 1298 1299 1300 1301 1302 1303 1304 1305 1306 1307 1308 1309 1310 1311 1312 1313 1314 1315 1316 1317 1318 1319 1320 1321 1322 1323 1324 1325 1326 1327 1328 1329 1330 1331 1332 1333 1334 1335 1336 1337 1338 1339 1340 1341 1342 1343 1344 1345 1346 1347 1348 1349 1350 1351 1352 1353 1354 1355 1356 1357 1358 1359 1360 1361 1362 1363 1364 1365 1366 1367 1368 1369 1370 1371 1372 1373 1374 1375 1376 1377 1378 1379 1380 1381 1382 1383 1384 1385 1386 1387 1388 1389 1390 1391 1392 1393 1394 1395 1396 1397 1398 1399 1400 1401 1402 1403 1404 1405 1406 1407 1408 1409 1410 1411 1412 1413 1414 1415 1416 1417 1418 1419 1420 1421 1422 1423 1424 1425 1426 1427 1428 1429 1430 1431 1432 1433 1434 1435 1436 1437 1438 1439 1440 1441 1442 1443 1444 1445 1446 1447 1448 1449 1450 1451 1452 1453 1454 1455 1456 1457 1458 1459 1460 1461 1462 1463 1464 1465 1466 1467 1468 1469 1470 1471 1472 1473 1474 1475 1476 1477 1478 1479 1480 1481 1482 1483 1484 1485 1486 1487 1488 1489 1490 1491 1492 1493 1494 1495 1496 1497 1498 1499 1500 1501 1502 1503 1504 1505 1506 1507 1508 1509 1510 1511 1512 1513 1514 1515 1516 1517 1518 1519 1520 1521 1522 1523 1524 1525 1526 1527 1528 1529 1530 1531 1532 1533 1534 1535 1536 1537 1538 1539 1540 1541 1542 1543 1544 1545 1546 1547 1548 1549 1550 1551 1552 1553 1554 1555 1556 1557 1558 1559 1560 1561 1562 1563 1564 1565 1566 1567 1568 1569 1570 1571 1572 1573 1574 1575 1576 1577 1578 1580 1581 1582 1583 1584 1585 1586 1587 1588 1589 1590 1591 1592 1593 1594 1595 1596 1597 1598 1599 1600 1601 1602 1603 1604 1605 1606 1607 1608 1609 1610 1611 1612 1613 1614 1615 1616 1617 1618 1619 1620 1621 1622 1623 1624 1625 1626 1627 1628 1629 1630 1631 1632 1633 1634 1635 1636 1637 1638 1639 1640 1641 1642 1643 1644 1645 1646 1647 1648 1649 1650 1651 1652 1653 1654 1655 1656 1657 1658 1659 1660 1661 1662 1663 1664 1665 1666 1667 1668 1669 1670 1671 1672 1673 1674 1675 1676 1677 1678 1679 1680 1681 1682 1683 1684 1685 1686 1687 1688 1689 1690 1691 1692 1693 1694 1695 1696 1697 1698 1699 1700 1701 1702 1703 1704 1705 1706 1707 1708 1709 1710 1711 1712 1713 1714 1715 1716 1717 1718 1719 1720 1721 1722 1723 1724 1725 1726 1727 1728 1729 1730 1731 1732 1733 1734 1735 1736 1737 1738 1739 1740 1741 1742 1743 1744 1745 1746 1747 1748 1749 1750 1751 1752 1753 1754 1755 1756 1757 1758 1759 1760 1761 1762 1763 1764 1765 1766 1767 1768 1769 1770 1771 1772 1773 1774 1775 1776 1777 1778 1779 1780 1781 1782 1783 1784 1785 1786 1787 1788 1789 1790 1791 1792 1793 1794 1795 1796 1797 1798 1799 1800 1801 1802 1803 1804 1805 1806 1807 1808 1809 1810 1811 1812 1813 1814 1815 1816 1817 1818 1819 1820 1821 1822 1823 1824 1825 1826 1827 1828 1829 1830 1831 1832 1833 1834 1835 1836 1837 1838 1839 1840 1841 1842 1843 1844 1845 1846 1847 1848 1849 1850 1851 1852 1853 1854 1855 1856 1857 1858 1859 1860 1861 1862 1863 1864 1865 1866 1867 1868 1869 1870 1871 1872 1873 1874 1875 1876 1877 1878 1879 1880 1881 1882 1883 1884 1885 1886 1887 1888 1889 1890 1891 1892 1893 1894 1895 1896 1897 1898 1899 3146 1900 1901 1902 1903 1904 1905 1906 1907 1908 1909 1910 1911 1912 1913 1914 1915 1916 1917 1918 1919 1920 1921 1922 1923 1924 1925 1926 1927 1928 1929 1930 1931 1932 1933 1934 1935 1936 1937 1938 1939 1940 1941 1942 1943 1944 1945 1946 1947 1948 1949 1950 1951 1952 1953 1954 1955 1956 1957 1958 1959 1960 1961 1962 1963 1964 1965 1966 1967 1968 1969 1970 1971 1972 1973 1974 1975 1976 1977 1978 1979 1981 1982 1983 1984 1985 1986 1987 1988 1989 1990 1991 1992 1993 1994 1995 1996 1997 1998 1999 2000 2001 2002 2003 2004 2005 2006 2007 2008 2009 2010 2011 2012 2013 2014 2015 2016 2017 2018 2019 2020 2021 2022 2023 2024 2025 2026 2027 2028 2029 2030 2031 2032 2033 2034 2035 2036 2037 2038 2039 2040 2041 2042 2043 2044 2045 2046 2047 2048 2049 2050 2051 2052 2053 2054 2055 2056 2057 2058 2059 2060 2061 2062 2063 2064 2065 2066 2067 2068 2069 2070 2071 2072 2073 2074 2075 2076 2077 2078 2079 2080 2081 2082 2083 2084 2085 2086 2087 2088 2089 2090 2091 2092 2093 2094 2095 2096 2097 2098 2099 2100 2101 2102 2103 2104 2105 2106 2107 2108 2109 2110 2111 2112 2113 2114 2115 2116 2117 2118 2119 2120 2121 2122 2123 2124 2125 2126 2127 2128 2129 2130 2131 2132 2133 2134 2135 2136 2137 2138 2139 2140 2141 2142 2143 2144 2145 2146 2147 2148 2149 2150 2151 2152 2153 2154 2155 2156 2157 2158 2159 2160 2161 2162 2163 2164 2165 2166 2167 2168 2169 2170 2171 2172 2173 2174 2175 2176 2177 2178 2179 2180 2181 2182 2183 2184 2185 2186 2187 2188 2189 2190 2191 2192 2193 2194 2195 2196 2197 2198 2199 2200 2201 2202 2203 2204 2205 2206 2207 2208 2209 2210 2211 2212 2213 2214 2215 2216 2217 2218 2219 2220 2221 2222 2223 2224 2225 2226 2227 2228 2229 2230 2231 2232 2233 2234 2235 2236 2237 2238 2239 2240 2241 2242 2243 2244 2245 2246 2247 2248 2249 2250 2251 2252 2253 2254 2255 2256 2257 2258 2259 2260 2261 2262 2263 2264 2265 2266 2267 2268 2269 2270 2271 2272 2273 2274 2275 2276 2277 2278 2279 2280 2281 2282 2283 2284 2285 2286 2287 2288 2289 2290 2291 2292 2293 2294 2295 2296 2297 2298 2299 2300 2301 2302 2303 2304 2305 2306 2307 2308 2309 2310 2311 2312 2313 2314 2315 2316 2317 2318 2319 2320 2321 2322 2323 2324 2325 2326 2327 2328 2329 2330 2331 2332 2333 2334 2335 2336 2337 2338 2339 2340 2341 2342 2343 2344 2345 2346 2347 2348 2349 2350 2351 2352 2353 2354 2355 2356 2357 2358 2359 2360 2361 2362 2363 2364 2365 2366 2367 2368 2369 2370 2371 2372 2373 2374 2375 2376 2377 2378 2379 2380 2381 2382 2383 2384 2385 2386 2387 2388 2389 2390 2391 2392 2393 2394 2395 2396 2397 2398 2399 2400 2401 2402 2403 2404 2405 2406 2407 2408 2409 2410 2411 2412 2413 2414 2415 2416 2417 2418 2419 2420 2421 2422 2423 2424 2425 2426 2427 2428 2429 2430 2431 2432 2433 2434 2435 2436 2437 2438 2439 2440 2441 2442 2443 2444 2445 2446 2447 2448 2449 2450 2451 2452 2453 2454 2455 2456 2457 2458 2459 2460 2461 2462 2463 2464 2465 2466 2467 2468 2469 2470 2471 2472 2473 2474 2475 2476 2477 2478 2479 2480 2481 2482 2483 2484 2485 2486 2487 2488 2489 2490 2491 2492 2493 2494 2495 2496 2497 2498 2499 2500 2501 2502 2503 2504 2505 2506 2507 2508 2509 2510 2511 2512 2513 2514 2515 2516 2517 2518 2519 2520 2521 2522 2523 2524 2525 2526 2527 2528 2529 2530 2531 2532 2533 2534 2535 2536 2537 2538 2539 2540 2541 2542 2543 2544 2545 2546 2547 2548 2549 2550 2551 2552 2553 2554 2555 2556 2557 2558 2559 2560 2561 2562 2563 2564 2565 2566 2567 2568 2569 2570 2571 2572 2573 2574 2575 2576 2577 2578 2579 2580 2581 2582 2583 2584 2585 2586 2587 2588 2589 2590 2591 2592 2593 2594 2595 2596 2597 2598 2599 2600 2601 2602 2603 2604 2605 2606 2607 2608 2609 2610 2611 2612 2613 2614 2615 2616 2617 2618 2619 2620 2621 2622 2623 2624 2625 2626 2627 2628 2629 2630 2631 2632 2633 2634 2635 2636 2637 2638 2639 2640 2641 2642 2643 2644 2645 2646 2647 2648 2649 2650 2651 2652 2653 2654 2655 2656 2657 2658 2659 2660 2661 2662 2663 2664 2665 2666 2667 2668 2669 2670 2671 2672 2673 2674 2675 2676 2677 2678 2679 2680 2681 2682 2683 2684 2685 2686 2687 2688 2689 2690 2691 2692 2693 2694 2695 2696 2697 2698 2699 2700 2701 2702 2703 2704 2705 2706 2707 2708 2709 2710 2711 2712 2713 2714 2715 2716 2717 2718 2719 2720 2721 2722 2723 2724 2725 2726 2727 2728 2729 2730 2731 2732 2733 2734 2735 2736 2737 2738 2739 2740 2741 2742 2743 2744 2745 2746 2747 2748 2749 2750 2751 2752 2753 2754 2755 2756 2757 2758 2759 2760 2761 2762 2763 2764 2765 2766 2767 2768 2769 2770 2771 2772 2773 2774 2775 2776 2777 2778 2779 2780 2781 2782 2783 2784 2785 2786 2787 2788 2789 2790 2791 2792 2793 2794 2795 2796 2797 2798 2799 2800 2801 2802 2803 2804 2805 2806 2807 2808 2809 2810 2811 2812 2813 2814 2815 2816 2817 2818 2819 2820 2821 2822 2823 2824 2825 2826 2827 2828 2829 2830 2831 2832 2833 2834 2835 2836 2837 2838 2839 2840 2841 2842 2843 2844 2845 2846 2847 2848 2849 2850 2851 2852 2853 2854 2855 2856 2857 2858 2859 2860 2861 2862 2863 2864 2865 2866 2867 2868 2869 2870 2871 2872 2873 2874 2875 2876 2877 2878 2879 2880 2881 2882 2883 2884 2885 2886 2887 2888 2889 2890 2891 2892 2893 2894 2895 2896 2897 2898 2899 2900 2901 2902 2903 2904 2905 2906 2907 2908 2909 2910 2911 2912 2913 2914 2915 2916 2917 2918 2919 2920 2921 2922 2923 2924 2925 2926 2927 2928 2929 2930 2931 2932 2933 2934 2935 2936 2937 2938 2939 2940 2941 2942 2943 2944 2945 2946 2947 2948 2949 2950 2951 2952 2953 2954 2955 2956 2957 2958 2959 2960 2961 2962 2963 2964 2965 2966 2967 2968 2969 2970 2971 2972 2973 2974 2975 2976 2977 2978 2979 2980 2981 2982 2983 2985 2986 2987 2988 2989 2990 2991 2992 2993 2994 2995 2996 2997 2998 2999 3000 3001 3002 3003 3004 3005 3006 3007 3008 3009 3010 3011 3012 3013 3014 3015 3016 3017 3018 3019 3151 3020 3021 3022 3023 3024 3025 3026 3027 3028 3029 3030 3031 3032 3033 3034 3035 3036 3037 3038 3039 3040 3041 3042 3043 3044 3045 3046 3047 3048 3049 3050 3051 3052 3053 3054 3055 3056 3057 3058 3059 3060 3061 3062 3063 3064 3065 3066 3067 3068 3069 3070 3071 3072 3073 3074 3075 3076 3077 3078 3079 3080 3081 3082 3083 3084 3085 3086 3087 3088 3089 3090 3091 3092 3093 3094 3095 3096 3097 3098 3099 3100 3101 3102 3103 3104 3105 3106 3107 3108 3109 3110 3111 3112 3113 3114 3115 3116 3117 3118 3119 3120 3121 3122 3123 3124 3125 3126 3127 3128 3129 3130 3131 3132 3133 3134 3135 3136 3137 3138 3139 3140
p1:5 A 0 1 2 3 4 5 6 7 8 9 10 11 12 13 14 15 16 17 18 19 20 21 22 23 24 25 26 27 28 29 30 31 32 33 34 35 36 37 38 39 40 41 42 43 44 45 46 47 48 49 50 51 52 53 54 55 56 57 58 59 60 61 62 63 64 65 66 67 68 69 70 71 72 73 74 75 76 77 78 79 80 81 82 83 84 85 86 87 88 89 90 91 92 93 94 95 96 97 98 99 100 101 102 103 104 105 106 107 108 109 110 111 112 113 114 115 116 117 118 119 120 121 122 123 124 125 126 127 128 129 130 131 132 133 134 135 136 137 138 139 140 141 142 143 144 145 146 147 148 149 150 151 152 153 154 155 156 157 158 159 160 161 162 163 164 165 166 167 168 169 170 171 172 173 174 175 176 177 178 179 180 181 182 183 184 185 186 187 188 189 190 191 192 193 194 195 196 197 198 199 200 201 202 203 204 205 206 207 208 209 210 211 212 213 214 215 216 217 218 219 220 221 222 223 224 225 226 227 228 229 230 231 232 233 234 235 236 237 238 239 240 241 242 243 244 246 247 248 249 250 251 252 253 254 255 256 257 258 259 260 261 262 263 264 265 266 267 268 269 270 271 272 273 274 275 276 277 278 279 280 281 282 283 284 285 286 287 288 289 290 291 292 293 294 295 296 297 298 299 300 301 302 303 304 305 306 307 308 309 310 311 312 313 314 315 316 317 318 319 320 321 322 323 324 3143 325 326 327 328 329 330 331 332 333 334 335 336 337 338 339 340 341 342 343 344 345 346 347 349 350 351 352 353 354 355 356 357 358 359 360 361 362 363 364 365 366 367 368 369 370 371 372 373 374 375 376 377 378 379 380 381 382 383 384 385 386 387 388 389 390 391 392 393 394 395 396 397 398 399 400 401 402 403 404 405 406 407 408 409 410 411 412 413 414 415 416 417 418 419 420 421 422 423 424 425 426 427 428 429 430 431 432 433 434 435 436 437 438 439 440 441 442 443 444 445 446 447 448 449 450 451 452 453 454 455 456 458 459 460 461 462 463 464 465 466 467 468 469 470 471 472 473 474 475 476 477 478 479 480 481 482 483 484 485 486 487 488 489 490 491 492 493 494 495 496 497 3144 498 499 500 501 502 503 504 505 506 507 508 509 510 511 512 513 514 515 516 517 518 519 520 521 522 523 524 525 526 527 528 529 530 531 532 533 534 535 536 537 538 539 540 541 542 543 544 545 546 547 548 549 550 551 552 553 554 555 556 557 558 559 560 561 562 563 564 565 566 567 568 569 570 571 572 573 574 575 576 577 578 579 580 581 582 583 584 585 586 587 588 3156 589 590 591 592 593 594 595 596 597 598 599 600 601 602 603 604 605 606 607 608 609 610 611 612 613 614 615 616 617 618 619 620 621 622 623 624 625 626 627 628 629 630 631 632 633 634 635 636 637 638 639 640 641 642 643 644 645 646 647 648 649 650 651 652 653 654 655 656 657 658 659 660 661 662 663 664 665 666 667 668 669 670 671 672 673 674 675 676 677 678 679 680 681 682 683 684 685 686 687 688 689 690 691 692 693 694 695 696 697 698 699 700 701 702 703 704 705 706 707 708 709 710 711 712 713 714 715 716 717 718 719 720 721 722 723 724 725 726 727 728 729 730 731 732 733 734 735 736 737 738 739 740 741 742 743 744 745 746 747 748 749 750 751 752 753 754 755 756 757 758 759 3157 760 761 762 763 764 765 766 767 768 769 770 771 772 773 774 775 776 777 778 779 780 781 782 783 784 785 786 787 788 789 790 791 792 793 794 795 796 797 798 799 800 801 802 803 804 805 806 807 808 809 810 811 812 813 814 815 816 817 818 819 820 821 822 823 824 825 826 827 828 829 830 831 832 833 834 835 836 837 838 839 840 841 842 843 844 845 846 847 848 849 850 851 852 853 854 855 856 857 858 859 860 861 862 863 864 865 866 867 868 869 870 871 872 873 874 875 876 877 878 879 880 881 882 883 884 885 886 887 888 889 890 891 892 3158 893 894 895 896 897 898 899 900 901 902 903 904 905 906 907 908 909 910 911 912 913 914 915 916 917 918 919 920 921 922 923 924 925 926 927 928 929 930 931 932 933 934 935 936 937 938 939 940 941 942 943 944 945 946 947 948 949 950 951 952 953 954 955 956 957 958 959 960 961 962 963 964 965 966 967 968 969 970 971 972 973 974 975 976 977 978 979 980 981 982 983 984 985 986 987 988 989 990 991 992 993 994 995 996 997 998 999 1000 1001 1002 1003 1004 1005 1006 1007 1008 1009 1010 1011 1012 1013 1014 1015 1016 1017 1018 1019 1020 1021 1022 1023 1024 1025 1026 1027 1028 1029 1030 1031 1032 1033 1034 1035 1036 1037 1038 1039 1040 1041 1042 1043 1044 1045 1046 1047 1048 1049 1050 1051 1052 1053 1054 1055 1056 1057 1058 1059 1060 1061 1062 1063 1064 1065 1066 1067 1068 1069 1070 1071 1072 1073 1074 1075 1076 1077 1078 1079 1080 1081 1082 1083 1084 1085 1086 1087 1088 1089 1090 1091 1092 1093 1094 1095 1096 1097 1098 1099 1100 1101 1102 1103 1104 1105 1106 1107 1108 1109 1110 1111 1112 1113 1114 1115 1116 1117 1118 1119 1120 1121 1122 1123 1124 1125 1126 1127 1128 1129 1130 1131 1132 1133 1134 1135 1136 1137 1138 1139 1140 1141 1142 1143 1144 1145 1146 1147 1148 1149 1150 1151 1152 1153 1154 1155 1156 1157 1158 1159 1160 1161 1162 1163 1164 1165 1166 1167 1168 1169 1170 1171 1172 1173 1174 1175 3159 1176 1177 1178 1179 1180 1181 1182 1183 1184 1185 1186 1187 1188 1189 1190 1191 1192 1193 1194 1195 1196 1197 1198 1199 1200 1201 1202 1203 1204 1205 1206 1207 1208 1209 1210 1211 1212 1213 1214 1215 1216 1217 1218 1219 3160 1220 1221 1222 1223 1224 1225 1226 1227 1228 1229 1230 1231 1232 1233 1234 1235 1236 1237 1238 1239 1240 1241 1242 1243 1244 1245 1246 1247 1248 1249 1250 1251 1252 1253 1254 1255 1256 1257 1258 1259 1260 1261 1262 1263 1264 1265 1266 1267 1268 1269 1270 1271 1272 1273 1274 1275 1276 1277 1278 1279 1280 1281 1282 1283 1284 1285 1286 1287 1288 1289 1290 1291 1292 1293 1294 1295 1296 1297 1298 1299 1300 1301 1302 1303 1304 1305 1306 1307 1308 1309 1310 1311 1312 1313 1314 1315 1316 1317 1318 1319 1320 1321 1322 1323 1324 1325 1326 1327 1328 1329 1330 1331 1332 1333 1334 1335 1336 1337 1338 1339 1340 1341 1342 1343 1344 1345 1346 1347 1348 1349 1350 1351 1352 1353 1354 1355 1356 1357 1358 1359 1360 1361 1362 1363 1364 1365 1366 1367 1368 1369 1370 1371 1372 1373 1374 1375 1376 1377 1378 1379 1380 1381 1382 1383 1384 1385 1386 1387 1388 1389 1390 1391 1392 1393 1394 1395 1396 1397 1398 1399 1400 1401 1402 1403 1404 1405 1406 1407 1408 1409 1410 1411 1412 1413 1414 1415 1416 1417 1418 1419 1420 1421 1422 1423 1424 1425 1426 1427 1428 1429 1430 1431 1432 1433 1434 1435 1436 1437 1438 1439 1440 1441 1442 1443 1444 1445 1446 1447 1448 1449 1450 1451 1452 1453 1454 1455 1456 1457 1458 1459 1460 1461 1462 1463 1464 1465 1466 1467 1468 1469 1470 1471 1472 1473 1474 1475 1476 1477 1478 1479 1480 1481 1482 1483 1484 1485 1486 1487 1488 1489 1490 1492 1493 1494 1495 1496 1497 1498 1499 1500 1501 1502 1503 1504 1505 1506 1507 1508 1509 1510 1511 1512 1513 1514 1515 1516 1517 1518 1519 1520 1521 1522 1523 1524 1525 1526 1527 1528 1529 1530 1531 1532 1533 1534 1535 1536 1537 1538 1539 1540 1541 1542 1543 1544 1545 1546 1547 1548 1549 1550 1551 1552 1553 1554 1555 1556 1557 1558 1559 1560 1561 1562 1563 1564 1565 1566 1567 1568 1569 1570 1571 1572 1573 1574 1575 1576 1577 1578 1579 1580 1581 1582 1583 1584 1585 1586 1587 1588 1589 1590 1591 1592 1593 1594 1595 1596 1597 1598 1599 1600 1601 1602 1603 1604 1605 1606 1607 1608 1609 1610 1611 1612 1613 1614 1615 1616 1617 1618 1619 1620 1621 1622 1623 1624 1625 1626 1627 1628 1629 1630 1631 1632 1633 1634 1635 1636 1637 1638 1639 1640 1641 1642 1643 1644 1645 1646 1647 1648 1649 1650 1651 1652 1653 1654 1655 1656 1657 1658 1659 1660 1661 1662 1663 1664 1665 1666 1667 1668 1669 1670 1671 1672 1673 1674 1675 1676 1677 1678 1679 1680 1681 1682 1683 1684 1685 1686 1687 1688 1689 1690 1691 1692 1693 1694 1695 1696 1697 1698 1699 1700 1701 1702 1703 1704 1705 1706 1707 1708 1709 1710 1711 1712 1713 1714 1715 1716 1717 1718 1719 1720 1721 1722 1723 1724 1725 1726 1727 1728 1729 1730 1731 1732 1733 1734 1735 1736 1737 1738 1739 1740 1741 1742 1743 1744 1745 1746 1747 1748 1749 1750 1751 1752 1753 1754 1755 1756 1757 1758 1759 1760 1761 1762 1763 1764 1765 1766 1767 1768 1769 1770 1771 1772 1773 1774 1775 1776 1777 1778 1779 1780 1781 1782 1783 1784 1785 1786 1787 1788 1789 1790 1791 1792 1793 1794 1795 1796 1797 1798 1799 1800 1801 1802 1803 3161 1804 1805 1806 1807 1808 1809 1810 1811 1812 1813 1814 1815 1816 1817 1818 1819 1820 1821 1822 1823 1824 1825 1826 1827 1828 1829 1830 1831 1832 1833 1834 1835 1836 1837 1838 1839 1840 1841 1842 1843 1844 1845 1846 1847 1848 1849 1850 1851 1852 1853 1854 1855 1856 1857 1858 1859 1860 1861 1862 1863 1864 1865 1866 1867 1868 1869 1870 1871 1872 1873 1874 1875 1876 1877 1878 1879 1880 1881 1882 1883 1884 1885 1886 1887 1888 1889 1890 1891 1892 1893 1894 1895 1896 1897 1898 1899 1900 1901 1902 1903 1904 1905 1906 1907 1908 1909 1910 1911 1912 1913 1914 1915 1916 1917 1918 1919 1920 1921 1922 1923 1924 1925 1926 1927 1928 1929 1930 1931 1932 1933 1934 1935 1936 1937 1938 1939 1940 1941 1942 1943 1944 1945 1946 1947 1948 1949 1950 1951 1952 1953 1954 1955 1956 1957 1958 1959 1960 1961 1962 1963 1964 1965 1966 1967 1968 1969 1970 1971 1972 1973 1974 1975 1976 1977 1978 1979 1981 1982 1983 3162 1984 1985 1986 1987 1988 1989 1990 1991 1992 1993 1994 1995 1996 1997 1998 1999 2000 2001 2002 2003 2004 2005 2006 2007 2008 2009 2010 2011 2012 2013 2014 2015 2016 2017 2018 2019 2020 2021 2022 2023 2024 2025 2026 2027 2028 2029 2030 2031 2032 2033 2034 2035 2036 2037 2038 2039 2040 2041 2042 2043 2044 2045 2046 2047 2048 2049 2050 2051 2052 2053 2054 2055 2056 2057 2058 2059 2060 2061 2062 2063 2064 2065 2066 2067 2068 2069 2070 2071 2072 2073 2074 2075 2076 2077 2078 2079 2080 2081 2082 2083 2084 2085 2086 2087 2088 2089 2090 2091 2092 2093 2094 2095 2096 2097 2098 2099 2100 2101 2102 2103 2104 2105 2106 2107 2108 2109 2110 2111 2112 2113 2114 2115 2116 2117 2118 2119 2120 2121 2122 2123 2124 2125 2126 2127 2128 2129 2130 2131 2132 2133 2134 2135 2136 2137 2138 2139 2140 2141 2142 2143 2144 2145 2146 2147 2148 2149 2150 2151 2152 2153 2154 2155 2156 2157 2158 2159 2160 2161 2162 2163 2164 2165 2166 2167 2168 2169 2170 2171 2172 2173 2174 2175 2176 2177 2178 2179 2180 2181 2182 2183 2184 2185 2186 2187 2188 2189 2190 2191 2192 2193 2194 2195 2196 2197 2198 2199 2200 2201 2202 2203 2204 2205 2206 2207 2208 2209 2210 2211 2212 2213 2214 2215 2216 2217 2218 2219 2220 2221 2222 2223 2224 2225 2226 2227 2228 2229 2230 2231 2232 2233 2234 2235 2236 2237 2238 2239 2240 2241 2242 2243 2244 2245 2246 2247 2248 2249 2250 2251 2252 2253 2254 2255 2256 2257 2258 2259 2260 2261 2262 2263 2264 2265 2266 2267 2268 2269 2270 2271 2272 2273 2274 2275 2276 2277 2278 2279 2280 2281 2282 2283 2284 2285 2286 2287 2288 2289 2290 2291 2292 2293 2294 2295 2296 2297 2298 2299 2300 2301 2302 2303 2304 2305 2306 2307 2308 2309 2310 2311 2312 2313 2314 2315 2316 2317 2318 2319 2320 2321 2322 2323 2324 2325 2326 2327 2328 2329 2330 2331 2332 2333 2334 2335 2336 2337 2338 2339 2340 2341 2342 2343 2344 2345 2346 2347 2348 2349 2350 2351 2352 2353 2354 2355 2356 2357 2358 2359 2360 2361 2362 2363 2364 2365 2366 2367 2368 2369 2370 2371 2372 2373 2374 2375 2376 2377 2378 2379 2380 2381 2382 2383 2384 2385 2386 2387 2388 2389 2390 2391 2392 2393 2394 2395 2396 2397 2398 2399 2400 2401 2402 2403 2404 2405 2406 2407 2408 2409 2410 2411 2412 2413 2414 2415 2416 2417 2418 2419 2420 2421 2422 2423 2424 2425 2426 2427 2428 2429 2430 2431 2432 2433 2434 2435 2436 2437 2438 2439 2440 2441 2442 2443 2444 2445 2446 2447 2448 2449 2450 2451 2452 2453 2454 2455 2456 2457 2458 2459 2460 2461 2462 2463 2464 2465 2466 2467 2468 2469 2470 2471 2472 2473 2474 2475 2476 2477 2478 2479 2480 2481 2482 2483 2484 2485 2486 2487 2488 2489 2490 2491 2492 2493 3149 2494 2495 2496 2497 2498 2499 2500 2501 2502 2503 2504 2505 2506 2507 2508 2509 2510 2511 2512 2513 2514 2515 2516 2517 2518 2519 2520 2521 2522 2523 2524 2525 2526 2527 2528 2529 2530 2531 2532 2533 2534 2535 2536 2537 2538 2539 2540 2541 2542 2543 2544 2545 2546 2547 2548 2549 2550 2551 2552 2553 2554 2555 2556 2557 2558 2559 2560 2561 2562 2563 2564 2565 2566 2567 2568 2569 2570 2571 2572 2573 2574 2575 2576 2577 2578 2579 2580 2581 2582 2583 2584 2585 2586 2587 2588 2589 2590 2591 2592 2593 2594 2595 2596 2597 2598 2599 2600 2601 2602 2603 2604 2605 2606 2607 2608 2609 2610 2611 2612 2613 2614 2615 2616 2617 2618 2619 2620 2621 2622 2623 3150 2624 2625 2626 2627 2628 2629 2630 2631 2632 2633 2634 2635 2636 2637 2638 2639 2640 2641 2642 2643 2644 2645 2646 2647 2648 2649 2650 2651 2652 2653 2654 2655 2656 2657 2658 2659 2660 2661 2662 2663 2664 2665 2666 2667 2668 2669 2670 2671 2672 2673 2674 2675 2676 2677 2678 2679 2680 2681 2682 2683 2684 2685 2686 2687 2688 2689 2690 2691 2692 2693 2694 2695 2696 2697 2698 2699 2700 2701 2702 2703 2704 2705 2706 2707 2708 2709 2710 2711 2712 2713 2714 2715 2716 2717 2718 2719 2720 2721 2722 2723 2724 2725 2726 2727 2728 2729 2730 2731 2732 2733 2734 2735 2736 2737 2738 2739 2740 2741 2742 2743 2744 2745 2746 2747 2748 2749 2750 2751 2752 2753 2754 2755 2756 2757 2758 2759 2760 2761 2762 2763 2764 2765 2766 2767 2768 2769 2770 2771 2772 2773 2774 2775 2776 2777 2778 2779 2780 2781 2782 2783 2784 2785 2786 2787 2788 2789 2790 2791 2792 2793 2794 2795 2796 2797 2798 2799 2800 2801 2802 2803 2804 2805 2806 2807 2808 2809 2810 2811 2812 2813 2814 2816 2817 2818 2819 2820 2821 2822 2823 2824 2825 2826 2827 2828 2829 2830 2831 2832 2833 2834 2835 2836 2837 2838 2839 2840 2841 2842 2843 2844 2845 2846 2847 2848 2849 2850 2851 2852 2853 2854 2855 2856 2857 2858 2859 2860 2861 2862 2863 2864 2865 2866 2867 2868 2869 2870 2871 2872 2873 2874 2875 2876 2877 2878 2879 2880 2881 2882 2883 2884 2885 2886 2887 2888 3163 2889 2890 2891 2892 2893 2894 2895 2896 2897 2898 2899 2900 2901 2902 2903 2904 2905 2906 2907 2908 2909 2910 2911 2912 2913 2914 2915 2916 2917 2918 2919 2920 2921 2922 2923 2924 2925 2926 2927 2928 2929 2930 2931 2932 2933 2934 2935 2936 2937 2938 2939 2940 2941 2942 2943 2944 2945 2946 2947 2948 2949 2950 2951 2952 2953 2954 2955 2956 2957 2958 2959 2960 2961 2962 2963 2964 2965 2966 2967 2968 2969 2970 2971 2972 2973 2974 2975 2976 2977 2978 2979 2980 2981 2982 2983 2985 2986 2987 2988 2989 2990 2991 2992 2993 2994 2995 2996 2997 2998 2999 3000 3001 3002 3003 3004 3005 3006 3007 3008 3009 3010 3011 3012 3013 3014 3015 3016 3017 3018 3019 3020 3021 3022 3023 3024 3025 3026 3027 3028 3029 3030 3031 3032 3033 3034 3035 3036 3037 3038 3039 3040 3041 3042 3043 3044 3045 3046 3047 3048 3049 3050 3051 3052 3053 3054 3055 3056 3057 3058 3059 3060 3061 3062 3063 3064 3065 3066 3067 3068 3069 3070 3071 3072 3073 3074 3075 3076 3077 3078 3079 3080 3081 3082 3083 3084 3085 3086 3087 3088 3089 3090 3091 3092 3093 3094 3095 3096 3097 3098 3099 3100 3101 3102 3103 3104 3105 3106 3107 3108 3109 3110 3111 3112 3113 3114 3115 3116 3117 3118 3119 3120 3121 3122 3123 3124 3125 3126 3127 3128 3129 3130 3131 3132 3133 3134 3135 3136 3137 3138 3139 3140
p1:6 A 0 1 2 3 4 5 6 7 8 9 10 11 12 13 14 15 16 17 18 19 20 21 22 23 24 25 26 27 28 29 30 31 32 33 34 35 36 37 38 39 40 41 42 43 44 45 46 47 48 49 50 51 52 53 54 55 56 57 58 59 60 61 62 63 64 65 66 67 68 69 70 71 72 73 74 75 76 77 78 79 80 81 82 83 84 85 86 87 88 89 90 91 92 93 94 95 96 97 98 99 100 101 102 103 104 105 106 107 108 109 110 111 112 113 114 115 116 117 118 119 120 121 122 123 124 125 126 127 128 129 130 131 132 133 134 135 136 137 138 139 140 141 142 143 144 145 146 147 148 149 150 151 152 153 154 155 156 157 158 159 160 161 162 163 164 165 166 167 168 169 170 171 172 173 174 175 176 177 178 179 180 181 182 183 184 185 186 187 188 189 190 191 192 193 194 195 196 197 198 199 200 201 202 203 204 205 206 207 208 209 210 211 212 213 214 215 216 217 218 219 220 221 222 223 224 225 226 227 228 229 230 231 232 233 234 235 236 237 238 239 240 241 242 243 244 246 247 248 249 250 251 252 253 254 255 256 257 258 259 260 261 262 263 264 265 266 267 268 269 270 271 272 273 274 275 276 277 278 279 280 281 282 283 284 285 286 287 288 289 290 291 292 293 294 295 296 297 298 299 300 301 302 303 304 305 306 307 308 309 310 311 312 313 314 315 316 317 318 319 320 321 322 323 324 325 326 327 328 329 330 331 332 333 334 335 336 337 338 339 340 341 342 343 344 345 346 347 349 350 351 352 353 354 355 356 357 358 359 360 361 362 363 364 365 366 367 368 369 370 371 372 373 374 375 376 377 378 379 380 381 382 383 384 385 386 387 388 389 390 391 392 393 394 395 396 397 398 399 400 401 402 403 404 405 406 407 408 409 410 411 412 413 414 415 416 417 418 419 420 421 422 423 424 425 426 427 428 429 430 431 432 433 434 435 436 437 438 439 440 441 442 443 444 445 446 447 448 449 450 451 452 453 454 455 456 457 458 459 460 461 462 463 464 465 466 467 468 469 470 471 472 473 474 475 476 477 478 479 480 481 482 483 484 485 486 487 488 489 490 491 492 493 494 495 496 497 498 499 500 501 502 503 504 505 506 507 508 509 510 511 512 513 514 515 516 517 518 519 520 521 522 523 524 525 526 527 528 529 530 531 532 533 534 535 536 537 538 539 540 541 542 543 544 545 546 547 548 549 550 551 552 553 554 555 556 557 558 559 560 561 562 563 564 565 566 567 568 569 570 571 572 573 574 575 576 577 578 579 580 581 582 583 584 585 586 587 588 589 590 591 592 593 594 595 596 597 598 599 600 601 602 603 604 605 606 607 608 609 610 611 612 613 614 615 616 617 618 619 620 621 622 623 624 625 626 627 628 629 630 631 632 633 634 635 636 637 638 639 640 641 642 643 644 645 646 647 648 649 650 651 652 653 654 655 656 657 658 659 660 661 662 663 664 665 666 667 668 669 670 671 672 673 674 675 676 677 678 679 680 681 682 683 684 685 686 687 688 689 690 691 692 693 694 695 696 697 698 699 700 701 702 703 704 705 706 707 708 709 710 711 712 713 714 715 716 717 718 719 720 721 722 723 724 725 726 727 728 729 730 731 732 733 734 735 736 737 738 739 740 741 742 743 744 745 746 747 748 749 750 751 752 753 754 755 756 757 758 759 760 761 762 763 764 765 766 767 768 769 770 771 772 773 774 775 776 777 778 779 780 781 782 783 784 785 786 787 788 789 790 791 792 793 794 795 796 798 799 800 801 802 803 804 805 806 807 808 809 810 811 812 813 814 815 816 817 818 819 820 821 822 823 824 825 826 827 828 829 830 831 832 833 834 835 836 837 838 839 840 841 842 843 844 845 846 847 848 849 850 851 852 853 854 855 856 857 858 859 860 861 862 863 864 865 866 867 868 869 870 871 872 873 874 875 876 877 878 879 880 881 882 883 884 885 886 887 888 889 890 891 892 893 894 895 896 897 898 899 900 901 902 903 904 905 906 907 908 909 910 911 912 913 914 915 916 917 918 919 920 921 922 923 924 925 926 927 928 929 930 931 932 933 934 935 936 937 938 939 940 941 942 943 944 945 946 947 948 949 950 951 952 953 954 955 956 957 958 959 960 961 962 963 964 965 966 967 968 969 970 971 972 973 974 975 976 977 978 979 980 981 982 983 984 985 986 987 988 989 990 991 992 993 994 995 996 997 998 999 1000 1001 1002 1003 1004 1005 1006 1007 1008 1009 1010 1011 1012 1013 1014 1015 1016 1017 1018 3164 1019 1020 1021 1022 1023 1024 1025 1026 1027 1028 1029 1030 1031 1032 1033 1034 1035 1036 1037 1038 1039 1040 3153 1041 1042 1043 1044 1045 1046 1047 1048 1049 1050 1051 1052 1053 1054 1055 1056 1057 1058 1059 1060 1061 1062 1063 1064 1065 1066 1067 1068 1069 1070 1071 1072 1073 1074 1075 1076 1077 1078 1079 1080 1081 1082 1083 1084 1085 1086 1087 1088 1089 1090 1091 1092 1093 1094 1095 1096 1097 1098 1099 1100 1101 1102 1103 1104 1105 1106 1107 1108 1109 1110 1111 1112 1113 1114 1115 1116 1117 1118 1119 1120 1121 1122 1123 1124 1125 1126 1127 1128 1129 1130 1131 1132 1133 1134 1135 1136 1137 1138 1139 1140 1141 1142 1143 1144 1145 1146 1147 1148 1149 1150 1151 1152 1153 1154 1155 1156 1157 1158 1159 1160 1161 1162 1163 1164 1165 1166 1167 1168 1169 1170 1171 1172 1173 1174 1175 3159 1176 1177 1178 1179 1180 1181 1182 1183 1184 1185 1186 1187 1188 1189 1190 1191 1192 1193 1194 1195 1196 1197 1198 1199 1200 1201 1202 1203 1204 1205 1206 1207 1208 1209 1210 1211 1212 1213 1214 1215 1216 1217 1218 1219 1220 1221 1222 1223 1224 1225 1226 1227 1228 1229 1230 1231 1232 1233 1234 1235 1236 1237 1238 1239 1240 1241 1242 1243 1244 1245 1246 1247 1248 1249 1250 1251 1252 1253 1254 1255 1256 1257 1258 1259 1260 1261 1262 1263 1264 1265 1266 1267 1268 1269 1270 1271 1272 1273 1274 1275 1276 1277 1278 1279 1280 1281 1282 1283 1284 1285 1286 1287 1288 1289 1290 1291 1292 1293 1294 1295 1296 1297 1298 1299 1300 1301 1302 1303 1304 1305 1306 1307 1308 1309 1310 1311 1312 1313 1314 1315 1316 1317 1318 1319 1320 1321 1322 1323 1324 1325 1326 1327 1328 1329 1330 1331 1332 1333 1334 1335 1336 1337 1338 1339 1340 1341 1342 1343 1344 1345 1346 1347 1348 1349 1350 1351 1352 1353 1354 1355 1356 1357 1358 1359 1360 1361 1362 1363 1364 1365 1366 1367 1368 1369 1370 1371 1372 1373 1374 1375 1376 1377 1378 1379 1380 1381 1382 1383 1384 1385 1386 1387 1388 1389 1390 1391 1392 1393 1394 1395 1396 1397 1398 1399 1400 1401 1402 1403 1404 1405 1406 1407 1408 1409 1410 1411 1412 1413 1414 1415 1416 1417 1418 1419 1420 1421 1422 1423 1424 1425 1426 1427 1428 1429 1430 1431 1432 1433 1434 1435 1436 1437 1438 1439 1440 1441 1442 1443 1444 1445 1446 1447 1448 1449 1450 1451 1452 1453 1454 1455 1456 1457 1458 1459 1460 1461 1462 1463 1464 1465 1466 1467 1468 1469 1470 1471 1472 1473 1474 1475 1476 1477 1478 1479 1480 1481 1482 1483 1484 1485 1486 1487 1488 1489 1490 1491 1492 1493 1494 1495 1496 1497 1498 1499 1500 1501 1502 1503 1504 1505 1506 1507 1508 1509 1510 1511 1512 1513 1514 1515 1516 1517 1518 1519 1520 1521 1522 1523 1524 1525 1526 1527 1528 1529 1530 1531 1532 1533 1534 1535 1536 1537 1538 1539 1540 1541 1542 1543 1544 1545 1546 1547 1548 1549 1550 1551 1552 1553 1554 1555 1556 1557 1558 1559 1560 1561 1562 1563 1564 1565 1566 1567 1568 1569 1570 1571 1572 1573 1574 1575 1576 1577 1578 1580 1581 1582 1583 1584 1585 1586 1587 1588 1589 1590 1591 1592 1593 1594 1595 1596 1597 1598 1599 1600 1601 1602 1603 1604 1605 1606 1607 1608 1609 1610 1611 1612 1613 1614 1615 1616 1617 1618 1619 1620 1621 1622 1623 1624 1625 1626 1627 1628 1629 1630 1631 1632 1633 1634 1635 1636 1637 1638 1639 1640 1641 1642 1643 1644 1645 1646 1647 1648 1649 1650 1651 1652 1653 1654 1655 1656 1657 1658 1659 1660 1661 1662 1663 1664 1665 1666 1667 1668 1669 1670 1671 1672 1673 1674 1675 1676 1677 1678 1679 1680 1681 1682 1683 1684 1685 1686 1687 1688 1689 1690 1691 1692 1693 1694 1695 1696 1697 1698 1699 1700 1701 1702 1703 1704 1705 1706 1707 1708 1709 1710 1711 1712 1713 1714 1715 1716 1717 1718 1719 1720 1721 1722 1723 1724 1725 1726 1727 1728 1729 1730 1731 1732 1733 1734 1735 1736 1737 1738 1739 1740 1741 1742 1743 1744 1745 1746 1747 1748 1749 1750 1751 1752 1753 1755 1756 1757 1758 1759 1760 1761 1762 1763 1764 1765 1766 1767 1768 1769 1770 1771 1772 1773 1774 1775 1776 1777 1778 1779 1780 1781 1782 1783 1784 1785 1786 1787 1788 1789 1790 1791 1792 1793 1794 1795 1796 1797 1798 1799 1800 1801 1802 1803 1804 1805 1806 1807 1808 1809 1810 1811 1812 1813 1814 1815 1816 1817 1818 1819 1820 1821 1822 1823 1824 1825 1826 1827 1828 1829 1830 1831 1832 1833 1834 1835 1836 1837 1838 1839 1840 1841 1842 1843 1844 1845 1846 1847 1848 1849 1850 1851 1852 1853 1854 1855 1856 1857 1858 1859 1860 1861 1862 1863 1864 1865 1866 1867 1868 1869 1870 1871 1872 1873 1874 1875 1876 1877 1878 1879 1880 1881 1882 1883 1884 1885 1886 1887 1888 1889 1890 1891 1892 1893 1894 1895 1896 1897 1898 1899 1900 1901 1902 1903 1904 1905 1906 1907 1908 1909 1910 1911 1912 1913 1914 1915 1916 1917 1918 1919 1920 1921 1922 3165 1923 1924 1925 1926 1927 1928 1929 1930 1931 1932 1933 1934 1935 1936 1937 1938 1939 1940 1941 1942 1943 1944 1945 1946 1947 1948 1949 1950 1951 1952 1953 1954 1955 1956 1957 1958 1959 1960 1961 1962 1963 1964 1965 1966 1967 1968 1969 1970 1971 1972 1973 1974 1975 1976 1977 1978 1979 1981 1982 1983 1984 1985 1986 1987 1988 1989 1990 1991 1992 1993 1994 1995 1996 1997 1998 1999 2000 2001 2002 2003 2004 2005 2006 2007 3166 2008 2009 2010 2011 2012 2013 2014 2015 2016 2018 2019 2020 2021 2022 2023 2024 2025 2026 2027 2028 2029 2030 2031 2032 2033 2034 2035 2036 2037 2038 2039 2040 2041 2042 2043 2044 2045 2046 2047 2048 2049 2050 2051 2052 2053 2054 2055 2056 2057 2058 2059 2060 2061 2062 2063 2064 2065 2066 2067 2068 2069 2070 2071 2072 2073 2074 2075 2076 2077 2078 2079 2080 2081 2082 2083 2084 2085 3141 2086 2087 2088 2089 2090 2091 2092 2093 2094 2095 2096 2097 2098 2099 2100 2101 2102 2103 2104 2105 2106 2108 2109 2110 2111 2112 2113 2114 2115 2116 2117 2118 2119 2120 2121 2122 2123 2124 2125 2126 2127 2128 2129 2130 2131 2132 2133 2134 2135 2136 2137 2138 2139 2140 2141 2142 2143 2144 2145 2146 2147 2148 2149 2150 2151 2152 2153 2154 2155 2156 2157 2158 2159 2160 2161 2162 2163 2164 2165 2166 2167 2168 2169 2170 2171 2172 2173 2174 2175 2176 2177 2178 2179 2180 2181 2182 2183 2184 2185 2186 2187 2188 2189 2190 2191 2192 2193 2194 2195 2196 2197 2198 2199 2200 2201 2202 2203 2204 2205 2206 2207 2208 2209 2210 2211 2212 2213 2214 2215 2216 2217 2218 2219 2220 2221 2222 2223 2224 2225 2226 2227 2228 2229 2230 2231 2232 2233 2234 2235 2236 2237 2238 2239 2240 2241 2242 2243 2244 2245 2246 2247 2248 2249 2250 2251 2252 2253 2254 2255 2256 2257 2258 2259 2260 2261 2262 2263 2264 2265 2266 2267 2268 2269 2270 2272 2273 2274 2275 2276 2277 2278 2279 2280 2281 2282 2283 2284 2285 2286 2287 2288 2289 2290 2291 2292 2293 2294 2295 2296 2297 2298 2299 2300 2301 2302 2303 2304 2305 2306 2307 2308 2309 2310 2311 2312 2313 2314 2315 2316 2317 2318 2319 2320 2321 2322 2323 2324 2325 2326 2327 2328 2329 2330 2331 2332 2333 2334 2335 2336 2337 2338 2339 2340 2341 2342 2343 2344 2345 2346 2347 2348 2349 2350 2351 2352 2353 2354 2355 2356 2357 2358 2359 2360 2361 2362 2363 2364 2365 2366 2367 2368 2369 2370 2371 2372 2373 2374 2375 2376 2377 3167 2378 2379 2380 2381 2382 2383 2384 2385 2386 2387 2388 2389 2390 2391 2392 2393 2394 2395 2396 2397 2398 2399 2400 2401 2402 2403 2404 2405 2406 2407 2408 2409 2410 2411 2412 2413 2414 2415 2416 2417 2418 2419 2420 2421 2422 2423 2424 2425 2426 2427 2428 2429 2430 2431 2432 2433 2434 2435 2436 2437 2438 2439 2440 2441 2442 2443 2444 2445 2446 2447 2448 2449 2450 2451 2452 2453 2454 2455 2456 2457 2458 2459 2460 2461 2462 2463 2464 2465 2466 2467 2468 2469 2470 2471 2472 2473 2474 2475 2476 2477 2478 2479 2480 2481 2482 2483 2484 2485 2486 2487 2488 2489 2490 2491 2492 2493 2494 2495 2496 2497 2498 2499 2500 2501 2502 2503 2504 2505 2506 2507 2508 2509 2510 2511 2512 2513 2514 2515 2516 2517 2518 2519 2520 2521 2522 2523 2524 2525 2526 2527 2528 2529 2530 2531 2532 2533 2534 2535 2536 2537 2538 2539 2540 2541 2542 2543 2544 2545 2546 2547 2548 2549 2550 2551 2552 2553 2554 2555 2556 2557 2558 2559 2560 2561 2562 2563 2564 2565 2566 2567 2568 2569 2570 2571 2572 2573 2574 2575 2576 2577 2578 2579 2580 2581 2582 2583 2584 2585 2586 2587 2588 2589 2590 2591 2592 2593 2594 2595 2596 2597 2598 2599 2600 2601 2602 2603 2604 2605 2606 2607 2608 2609 2610 2611 2612 2613 2614 2615 2616 2617 2618 2619 2620 2621 2622 2623 2624 2625 2626 2627 2628 2629 2630 2631 2632 2633 2634 2635 2636 2637 2638 2639 2640 2641 2642 2643 2644 2645 2646 2647 2648 2649 2650 2651 2652 2653 2654 2655 2656 2657 2658 2659 2660 2661 2662 2663 2664 2665 2666 2667 2668 2669 2670 2671 2672 2673 2674 2675 2676 2677 2678 2679 2680 2681 2682 2683 2684 2685 2686 2687 2688 2689 2690 2691 2692 2693 2694 2695 2696 2697 2698 2699 2700 2701 2702 2703 2704 2705 2706 2707 2708 2709 2710 2711 2712 2713 2714 2715 2716 2717 2718 2719 2720 2721 2722 2723 2724 2725 2726 2727 2728 2729 2730 2731 2732 2733 2734 2735 2736 2737 2738 2739 2740 2741 2742 2743 2744 2745 2746 2747 2748 2749 2750 2751 2752 2753 2754 2755 2756 2757 2758 2759 2760 2761 2762 2763 2764 2765 2766 2767 2768 2769 2770 2771 2772 2773 2774 2775 2776 2777 2778 2779 2780 2781 2782 2783 2784 2785 2786 2787 2788 2789 2790 2791 2792 2793 2794 2795 2796 2797 2798 2799 2800 2801 2802 2803 2804 2805 2806 2807 2808 2809 2810 2811 2812 2813 2814 2815 2816 2817 2818 2819 2820 2821 2822 2823 2824 2825 2826 2827 2828 2829 2830 2831 2832 2833 2834 2835 2836 2837 2838 2839 2840 2841 2842 2843 2844 2845 2846 2847 2848 2849 2850 2851 2852 2853 2854 2855 2856 2857 2858 2859 2860 2861 2862 2863 2864 2865 2866 2867 2868 2869 2870 2871 2872 2873 2874 2875 2876 2877 2878 2879 2880 2881 2882 2883 2884 2885 2886 2887 2888 2889 2890 2891 2892 2893 2894 2895 2896 2897 2898 2899 2900 2901 2902 2903 2904 2905 2906 2907 2908 2909 2910 2911 2912 2913 2914 2915 2916 2917 2918 2919 2920 2921 2922 2923 2924 2925 2926 2927 2928 2929 2930 2931 2932 2933 2934 2935 2936 2937 2938 2939 2940 2941 2942 2943 2944 2945 2946 2947 2948 2949 2950 2951 2952 2953 2954 2955 2956 2957 2958 2959 2960 2961 2962 2963 2964 2965 2966 2967 2968 2969 2970 2971 2972 2973 2974 2975 2976 2977 2978 2979 2980 2981 2982 2983 2985 2986 2987 2988 2989 2990 2991 2992 2993 2994 2995 2996 2997 2998 2999 3000 3001 3002 3003 3004 3005 3006 3007 3008 3009 3010 3011 3012 3013 3014 3015 3016 3017 3018 3019 3020 3021 3022 3023 3024 3025 3026 3027 3028 3029 3030 3031 3032 3033 3034 3035 3036 3037 3038 3039 3040 3041 3042 3043 3044 3045 3046 3047 3048 3049 3050 3051 3052 3053 3054 3055 3056 3057 3058 3059 3060 3061 3062 3063 3064 3065 3066 3067 3068 3069 3070 3071 3072 3073 3074 3075 3076 3077 3078 3079 3080 3081 3082 3083 3084 3085 3086 3087 3088 3089 3090 3091 3092 3093 3094 3095 3096 3097 3098 3099 3100 3101 3102 3103 3104 3105 3106 3107 3108 3109 3110 3111 3112 3113 3114 3115 3116 3117 3118 3119 3120 3121 3122 3123 3124 3125 3126 3127 3128 3129 3130 3131 3132 3133 3134 3135 3136 3137 3138 3139 3140
p1:7 A 0 1 2 3 4 5 6 7 8 9 10 11 12 13 14 15 16 17 18 19 20 21 22 23 24 25 26 27 28 29 30 31 32 33 34 35 36 37 38 39 40 41 42 43 44 45 46 47 48 49 50 51 52 53 54 55 56 57 58 59 60 61 62 63 64 65 66 67 68 69 70 71 72 73 74 75 76 77 78 79 80 81 82 83 84 85 86 87 88 89 90 91 92 93 94 95 96 97 98 99 100 101 102 103 104 105 106 107 108 109 110 111 112 113 114 115 116 117 118 119 120 121 122 123 124 125 126 127 128 129 130 131 132 133 134 135 136 137 138 139 140 141 142 143 144 145 146 147 148 149 150 151 152 153 154 155 156 157 158 159 160 161 162 163 164 165 166 167 168 169 170 171 172 173 174 175 176 177 178 179 180 181 182 183 184 185 186 187 188 189 190 191 192 193 194 195 196 197 198 199 200 201 202 203 204 205 206 207 208 209 210 211 212 213 214 215 216 217 218 219 220 221 222 223 224 225 226 227 228 229 230 231 232 233 234 235 236 237 238 239 240 241 242 243 244 245 246 247 248 249 250 251 252 253 254 255 256 257 258 259 260 261 262 263 264 265 266 267 268 269 270 271 272 273 274 275 276 277 278 279 280 281 282 283 284 285 286 287 288 289 290 291 292 293 294 295 296 297 298 299 300 301 302 303 304 305 306 307 308 309 310 311 312 313 314 315 316 317 318 319 320 321 322 323 324 325 326 327 328 329 330 331 332 333 334 335 336 337 338 339 340 341 342 343 344 345 346 347 349 350 351 352 353 354 355 356 357 358 359 360 361 362 363 364 365 366 367 368 369 370 371 372 373 374 375 376 377 378 379 380 381 382 383 384 385 386 387 388 389 390 391 392 393 394 395 396 397 398 399 400 401 402 403 404 405 406 407 408 409 410 411 412 413 414 415 416 417 418 419 420 421 422 423 424 425 426 427 428 429 430 431 432 433 434 435 436 437 438 439 440 441 442 443 444 445 446 447 448 449 450 451 452 453 454 455 456 458 459 460 461 462 463 464 465 466 467 468 469 470 471 472 473 474 475 476 477 478 479 480 481 482 483 484 485 486 487 488 489 490 491 492 493 494 495 496 497 3144 498 499 500 501 502 503 504 505 506 507 508 509 510 511 512 513 514 515 516 517 518 519 520 521 522 523 524 525 526 527 528 529 530 531 532 533 534 535 536 537 538 539 540 541 542 543 544 545 546 547 548 549 550 551 552 553 554 555 556 557 558 559 560 561 562 563 564 565 566 567 568 569 570 571 572 573 574 575 576 577 578 579 580 581 582 583 584 585 586 587 588 3156 589 590 591 592 593 594 595 596 597 598 599 600 601 602 603 604 605 606 607 608 609 610 611 612 613 614 615 616 617 618 619 620 621 622 623 624 625 626 627 628 629 630 631 632 633 634 635 636 637 638 639 640 641 642 643 644 645 646 647 648 649 650 651 652 653 654 655 656 657 658 659 660 661 662 663 664 665 666 667 668 669 670 671 672 673 674 675 676 677 678 679 680 681 682 683 684 685 686 687 688 689 690 691 692 693 694 695 696 697 698 699 700 701 702 703 704 705 706 707 708 709 710 711 712 713 714 715 716 717 718 719 720 721 722 723 724 725 726 727 728 729 730 731 732 733 734 735 736 737 738 739 740 741 742 743 744 745 746 747 748 749 750 751 752 753 754 755 756 757 758 759 3157 760 761 762 763 764 765 766 767 768 769 770 771 772 773 774 775 776 777 778 779 780 781 782 783 784 785 786 787 788 789 790 791 792 793 794 795 796 798 799 800 801 802 803 804 805 806 807 808 809 810 811 812 813 814 815 816 817 818 819 820 821 822 823 824 825 826 827 828 829 830 831 832 833 834 835 836 837 838 839 840 841 842 843 844 845 846 847 848 849 850 851 852 853 854 855 856 857 858 859 860 861 862 863 864 865 866 867 868 869 870 871 872 873 874 875 876 877 878 879 880 881 882 883 884 885 886 887 888 889 890 891 892 893 894 895 896 897 898 899 900 901 902 903 904 905 906 907 908 909 910 911 912 913 914 915 916 917 918 919 920 921 922 923 924 925 926 927 928 929 930 931 932 933 934 935 936 937 938 939 940 941 942 943 944 945 946 947 948 949 950 951 952 953 954 955 956 957 958 959 960 961 962 963 964 965 966 967 968 969 970 971 972 973 974 975 976 977 978 979 980 981 982 983 984 985 986 987 988 989 990 991 992 993 994 995 996 997 998 999 1000 1001 1002 1003 1004 1005 1006 1007 1008 1009 1010 1011 1012 1013 1014 1015 1016 1017 1018 1019 1020 1021 1022 1023 1024 1025 1026 1027 1028 1029 1030 1031 1032 1033 1034 1035 1036 1037 1038 1039 1040 3153 1041 1042 1043 1044 1045 1046 1047 1048 1049 1050 1051 1052 1053 1054 1055 1056 1057 1058 1059 1060 1061 1062 1063 1064 1065 1066 1067 1068 1069 1070 1071 1072 1073 1074 1075 1076 1077 1078 1079 1080 1081 1082 1083 1084 1085 1086 1087 1088 1089 1090 1091 1092 1093 1094 1095 1096 1097 1098 1099 3154 1100 1101 1102 1103 1104 1105 1106 1107 1108 1109 1110 1111 1112 1113 1114 1115 1116 1117 1118 1119 1120 1121 1122 1123 1124 1125 1126 1127 1128 1129 1130 1131 1132 1133 1134 1135 1136 1137 1138 1139 1140 1141 1142 1143 1144 1145 1146 1147 1148 1149 1150 1151 1152 1153 1154 1155 1156 1157 1158 1159 1161 1162 1163 1164 1165 1166 1167 1168 1169 1170 1171 1172 1173 1174 1175 1176 1177 1178 1179 1180 1181 1182 1183 1184 1185 1186 1187 1188 1189 1190 1191 1192 1193 1194 1195 1196 1197 1198 1199 1200 1201 1202 1203 1204 1205 1206 1207 1208 1209 1210 1211 1212 1213 1214 1215 1216 1217 1218 1219 1220 1221 1222 1223 1224 1225 1226 1227 1228 1229 1230 1231 1232 1233 1234 1235 1236 1237 1238 1239 1240 1241 1242 1243 1244 1245 1246 1247 1248 1249 1250 1251 1252 1253 1254 1255 1256 1257 1258 1259 1260 1261 1262 1263 1264 1265 1266 1267 1268 1269 1270 1271 1272 1273 1274 1275 1276 1277 1278 1279 1280 1281 1282 1283 1284 1285 1286 1287 1288 1289 1290 1291 1292 1293 1294 1295 1296 1297 1298 1299 1300 1301 1302 1303 1304 1305 1306 1307 1308 1309 1310 1311 1312 1313 1314 1315 1316 1317 1318 1319 1320 1321 1322 1323 1324 1325 1326 1327 1328 1329 1330 1331 1332 1333 1334 1335 1336 1337 1338 1339 1340 1341 1342 1343 1344 1345 1346 1347 1348 1349 1350 1351 1352 1353 1354 1355 1356 1357 1358 1359 1360 1361 1362 1363 1364 1365 1366 1367 1368 1369 1370 1371 1372 1373 1374 1375 1376 1377 1378 1379 1380 1381 1382 1383 1384 1385 1386 1387 1388 1389 1390 1391 1392 1393 1394 1395 1396 1397 1398 1399 1400 1401 1402 1403 1404 1405 1406 1407 1408 1409 1410 1411 1412 1413 1414 1415 1416 1417 1418 1419 1420 1421 1422 1423 1424 1425 1426 1427 1428 3155 1429 1430 1431 1432 1433 1434 1435 1436 1437 1438 1439 1440 1441 1442 1443 1444 1445 1446 1447 1448 1449 1450 1451 1452 1453 1454 1455 1456 1457 1458 1459 1460 1461 1462 1463 1464 1465 1466 1467 1468 1469 1470 1471 1472 1473 1474 1475 1476 1477 1478 1479 1480 1481 1482 1483 1484 1485 1486 1487 1488 1489 1490 1491 1492 1493 1494 1495 1496 1497 1498 1499 1500 1501 1502 1503 1504 1505 1506 1507 1508 1509 1510 1511 1512 1513 1514 1515 1516 1517 1518 1519 1520 1521 1522 1523 1524 1525 1526 1527 1528 1529 1530 1531 1532 1533 1534 1535 1536 1537 1538 1539 1540 1541 1542 1543 1544 1545 1546 1547 1548 1549 1550 1551 1552 1553 1554 1555 1556 1557 1558 1559 1560 1561 1562 1563 1564 1565 1566 1567 1568 1569 1570 1571 1572 1573 1574 1575 1576 1577 1578 1580 1581 1582 1583 1584 1585 1586 1587 1588 1589 1590 1591 1592 1593 1594 1595 1596 1597 1598 1599 1600 1601 1602 1603 1604 1605 1606 1607 1608 1609 1610 1611 1612 1613 1614 1615 1616 1617 1618 1619 1620 1621 1622 1623 1624 1625 1626 1627 1628 1629 1630 1631 1632 1633 1634 1635 1636 1637 1638 1639 1640 1641 1642 1643 1644 1645 1646 1647 1648 1649 1650 1651 1652 1653 1654 1655 1656 1657 1658 1659 1660 1661 1662 1663 1664 1665 1666 1667 1668 1669 1670 1671 1672 1673 1674 1675 1676 1677 1678 1679 1680 1681 1682 1683 1684 1685 1686 1687 1688 1689 1690 1691 1692 1693 1694 1695 1696 1697 1698 1699 1700 1701 1702 1703 1704 1705 1706 1707 1708 1709 1710 1711 1712 1713 1714 1715 1716 1717 1718 1719 1720 1721 1722 1723 1724 1725 1726 1727 1728 1729 1730 1731 1732 1733 1734 1735 1736 1737 1738 1739 1740 1741 1742 1743 1744 1745 1746 1747 1748 1749 1750 1751 1752 1753 1755 1756 1757 1758 1759 1760 1761 1762 1763 1764 1765 1766 1767 1768 1769 1770 1771 1772 1773 1774 1775 1776 1777 1778 1779 1780 1781 1782 1783 1784 1785 1786 1787 1788 1789 1790 1791 1792 1793 1794 1795 1796 1797 1798 1799 1800 1801 1802 1803 1804 1805 1806 1807 1808 1809 1810 1811 1812 1813 1814 1815 1816 1817 1818 1819 1820 1821 1822 1823 1824 1825 1826 1827 1828 1829 1830 1831 1832 1833 1834 1835 1836 1837 1838 1839 1840 1841 1842 1843 1844 1845 1846 1847 1848 1849 1850 1851 1852 1853 1854 1855 1856 1857 1858 1859 1860 1861 1862 1863 1864 1865 1866 1867 1868 1869 1870 1871 1872 1873 1874 1875 1876 1877 1878 1879 1880 1881 1882 1883 1884 1885 1886 1887 1888 1889 1890 1891 1892 1893 1894 1895 1896 1897 1898 1899 1900 1901 1902 1903 1904 1905 1906 1907 1908 1909 1910 1911 1912 1913 1914 1915 1916 1917 1918 1919 1920 1921 1922 1923 1924 1925 1926 1927 1928 1929 1930 1931 1932 1933 1934 1935 1936 1937 1938 1939 1940 1941 1942 1943 1944 1945 1946 1947 1948 1949 1950 1951 1952 1953 1954 1955 1956 1957 1958 1959 1960 1961 1962 1963 1964 1965 1966 1967 1968 1969 1970 1971 1972 1973 1974 1975 1976 1977 1978 1979 1981 1982 1983 1984 1985 1986 1987 1988 1989 1990 1991 1992 1993 1994 1995 1996 1997 1998 1999 2000 2001 2002 2003 2004 2005 2006 2007 2008 2009 2010 2011 2012 2013 2014 2015 2016 2017 2018 2019 2020 2021 2022 2023 2024 2025 2026 2027 2028 2029 2030 2031 2032 2033 2034 2035 2036 2037 2038 2039 2040 2041 2042 2043 2044 2045 2046 2047 2048 2049 2050 2051 2052 2053 2054 2055 2056 2057 2058 2059 2060 2061 2062 2063 2064 2065 2066 2067 2068 2069 2070 2071 2072 2073 2074 2075 2076 2077 2078 2079 2080 2081 2082 2083 2084 2085 2086 2087 2088 2089 2090 2091 2092 2093 2094 2095 2096 2097 2098 2099 2100 2101 2102 2103 2104 2105 2106 2107 2108 2109 2110 2111 2112 2113 2114 2115 2116 2117 2118 2119 2120 2121 2122 2123 2124 2125 2126 2127 2128 2129 2130 2131 2132 2133 2134 2135 2136 2137 2138 2139 2140 2141 2142 2143 2144 2145 2146 2147 2148 2149 2150 2151 2152 2153 2154 2155 2156 2157 2158 2159 2160 2161 2162 2163 2164 2165 2166 2167 2168 2169 2170 2171 2172 2173 2174 2175 2176 2177 2178 2179 2180 2181 2182 2183 2184 2185 2186 2187 2188 2189 2190 2191 2192 2193 2194 2195 2196 2197 2198 2199 2200 2201 2202 2203 2204 2205 2206 2207 2208 2209 2210 2211 2212 2213 2214 2215 2216 2217 2218 2219 2220 2221 2222 2223 2224 2225 2226 2227 2228 2229 2230 2231 2232 2233 2234 2235 2236 2237 2238 2239 2240 2241 2242 2243 2244 2245 2246 2247 2248 2249 2250 2251 2252 2253 2254 2255 2256 2257 2258 2259 2260 2261 2262 2263 2264 2265 2266 2267 2268 2269 2270 2271 2272 2273 2274 2275 2276 2277 2278 2279 2280 2281 2282 2283 2284 2285 2286 2287 2288 2289 2290 2291 2292 2293 2294 2295 2296 2297 2298 2299 2300 2301 2302 2303 2304 2305 2306 2307 2308 2309 2310 2311 2312 2313 2314 2315 2316 2317 2318 2319 2320 2321 2322 2323 2324 2325 2326 2327 2328 2329 2330 2331 2332 2333 2334 2335 2336 2337 2338 2339 2340 2341 2342 2343 2344 2345 2346 2347 2348 2349 2350 2351 2352 2353 2354 2355 2356 2357 2358 2359 2360 2361 2362 2363 2364 2365 2366 2367 2368 2369 2370 2371 2372 2373 2374 2375 2376 2377 2378 2379 2380 2381 2382 2383 2384 2385 2386 2387 2388 2389 2390 2391 2392 2393 2394 2395 2396 2397 2398 2399 2400 2401 2402 2403 2404 2405 2406 2407 2408 2409 2410 2411 2412 2413 2414 2415 2416 2417 2418 2419 2420 2421 2422 2423 2424 2425 2426 2427 2428 2429 2430 2431 2432 2433 2434 2435 2436 2437 2438 2439 2440 2441 2442 2443 2444 2445 2446 2447 2448 2449 2450 2451 2452 2453 2454 2455 2456 2457 2458 2459 2460 2461 2462 2463 2464 2465 2466 2467 2468 2469 2470 2471 2472 2473 2474 2475 2476 2477 2478 2479 2480 2481 2482 2483 2484 2485 2486 2487 2488 2489 2490 2491 2492 2493 2494 2495 2496 2497 2498 2499 2500 2501 2502 2503 2504 2505 2506 2507 2508 2509 2510 2511 2512 2513 2514 2515 2516 2517 2518 2519 2520 2521 2522 2523 2524 2525 2526 2527 2528 2529 2530 2531 2532 2533 2534 2535 2536 2537 2538 2539 2540 2541 2542 2543 2544 2545 2546 2547 2548 2549 2550 2551 2552 2553 2554 2555 2556 2557 2558 2559 2560 2561 2562 2563 2564 2565 2566 2567 2568 2569 2570 2571 2572 2573 2574 2575 2576 2577 2578 2579 2580 2581 2582 2583 2584 2585 2586 2587 2588 2589 2590 2591 2592 2593 2594 2595 2596 2597 2598 2599 2600 2601 2602 2603 2604 2605 2606 2607 2608 2609 2610 2611 2612 2613 2614 2615 2616 2617 2618 2619 2620 2621 2622 2623 2624 2625 2626 2627 2628 2629 2630 2631 2632 2633 2634 2635 2636 2637 2638 2639 2640 2641 2642 2643 2644 2645 2646 2647 2648 2649 2650 2651 2652 2653 2654 2655 2656 2657 2658 2659 2660 2661 2662 2663 2664 2665 2666 2667 2668 2669 2670 2671 2672 2673 2674 2675 2676 2677 2678 2679 2680 2681 2682 2683 2684 2685 2686 2687 2688 2689 2690 2691 2692 2693 2694 2695 2696 2697 2698 2699 2700 2701 2702 2703 2704 2705 2706 2707 2708 2709 2710 2711 2712 2713 2714 2715 2716 2717 2718 2719 2720 2721 2722 2723 2724 2725 2726 2727 2728 2729 2730 2731 2732 2733 2734 2735 2736 2737 2738 2739 2740 2741 2742 2743 2744 2745 2746 2747 2748 2749 2750 2751 2752 2753 2754 2755 2756 2757 2758 2759 2760 2761 2762 2763 2764 2765 2766 2767 2768 2769 2770 2771 2772 2773 2774 2775 2776 2777 2778 2779 2780 2781 2782 2783 2784 2785 2786 2787 2788 2789 2790 2791 2792 2793 2794 2795 2796 2797 2798 2799 2800 2801 2802 2803 2804 2805 2806 2807 2808 2809 2810 2811 2812 2813 2814 2816 2817 2818 2819 2820 2821 2822 2823 2824 2825 2826 2827 2828 3168 2829 2830 2831 2832 2833 2834 2835 2836 2837 2838 2839 2840 2841 2842 2843 2844 2845 2846 2847 2848 2849 2850 2851 2852 2853 2854 2855 2856 2857 2858 2859 2860 2861 2862 2863 2864 2865 2866 2867 2868 2869 2870 2871 2872 2873 2874 2875 2876 2877 2878 2879 2880 2881 2882 2883 2884 2885 2886 2887 2888 2889 2890 2891 2892 2893 2894 2895 2896 2897 2898 2899 2900 2901 2902 2903 2904 2905 2906 2907 2908 2909 2910 2911 2912 2913 2914 2915 2916 2917 2918 2919 2920 2921 2922 2923 2924 2925 2926 2927 2928 2929 2930 2931 2932 2933 2934 2935 2936 2937 2938 2939 2940 2941 2942 2943 2944 2945 2946 2947 2948 2949 2950 2951 2952 2953 2954 2955 2956 2957 2958 2959 2960 2961 2962 2963 2964 2965 2966 2967 2968 2969 2970 2971 2972 2973 2974 2975 2976 2977 2978 2979 2980 2981 2982 2983 2985 2986 2987 2988 2989 2990 2991 2992 2993 2994 2995 2996 2997 2998 2999 3000 3001 3002 3003 3004 3005 3006 3007 3008 3009 3010 3011 3012 3013 3014 3015 3016 3017 3018 3019 3020 3021 3022 3023 3024 3025 3026 3027 3028 3029 3030 3031 3032 3033 3034 3035 3036 3037 3038 3039 3040 3041 3042 3043 3044 3045 3046 3047 3048 3049 3050 3051 3052 3053 3054 3055 3056 3057 3058 3059 3060 3061 3062 3063 3064 3065 3066 3067 3068 3069 3070 3071 3072 3073 3074 3075 3076 3077 3078 3079 3080 3081 3082 3083 3084 3085 3086 3087 3088 3089 3090 3091 3092 3093 3094 3095 3096 3097 3098 3099 3100 3101 3102 3103 3104 3105 3106 3107 3108 3109 3110 3111 3112 3113 3114 3115 3116 3117 3118 3119 3120 3121 3122 3123 3124 3125 3126 3127 3128 3129 3130 3131 3132 3133 3134 3135 3136 3137 3138 3139 3140
Population went extinct at generation 79989
