// Initial random seed:
2737878398548

// RunInitializeCallbacks():
initializeSLiMModelType(modelType = 'nonWF');
initializeMutationType(1, 0.5, "f", 0);
initializeMutationType(2, 0.5, "g", -0.01, 0.5);
initializeMutationType(3, 0.5, "e", 0.001);
initializeGenomicElementType(1, c(m1, m2, m3), c(0, 0.99, 0.01));
initializeGenomicElement(g1, 0, 5000000);
initializeMutationRate(1e-07);
initializeRecombinationRate(1e-06);

// Starting run at tick <start>:
1 

WARNING: Population near extinction at generation 38688 with 4 individuals
#OUT: 38688 38688 A
Version: 4
Populations:
p1 4 H
Mutations:
2669 77163 m2 4068258 -0.000687468797 0.5 p1 84 8
2540 90037 m2 3857661 -9.32738258e-05 0.5 p1 99 8
114 97643 m2 184458 -0.000247122545 0.5 p1 107 8
1153 99114 m2 1777615 -4.21152981e-06 0.5 p1 109 8
543 112726 m2 843924 -2.40270424e-06 0.5 p1 125 8
1232 120791 m2 1892362 -0.000701849756 0.5 p1 135 8
2605 141426 m2 3961991 -2.20641004e-06 0.5 p1 159 8
2408 171825 m2 3639827 -0.00016277736 0.5 p1 196 8
65 189897 m3 93572 0.000131167151 0.5 p1 218 8
1788 200811 m2 2721404 -5.96643877e-05 0.5 p1 231 8
2875 208343 m3 4405701 0.00138137012 0.5 p1 240 8
2124 217432 m2 3179807 -0.00114589941 0.5 p1 252 8
1681 230900 m2 2552731 -0.00077501242 0.5 p1 269 8
3092 261068 m2 4719189 -0.00107102282 0.5 p1 306 8
2687 264721 m2 4102298 -1.07796461e-06 0.5 p1 311 8
877 290260 m3 1363304 0.000902464613 0.5 p1 344 8
1597 291218 m2 2443477 -0.00237962557 0.5 p1 345 8
2310 307388 m2 3477905 -0.000892740733 0.5 p1 366 8
1655 321590 m2 2521025 -9.91472734e-06 0.5 p1 384 8
1834 326049 m2 2790597 -2.8378392e-05 0.5 p1 390 8
1376 351243 m2 2115890 -0.000394802482 0.5 p1 423 8
2461 352396 m2 3729422 -0.000415677729 0.5 p1 425 8
1414 361025 m2 2154922 -7.16373397e-05 0.5 p1 436 8
2726 374430 m2 4169894 -1.59561914e-05 0.5 p1 454 8
1623 377027 m2 2478115 -0.000468164799 0.5 p1 457 8
2363 400117 m2 3568936 -0.000584778492 0.5 p1 488 8
167 413648 m2 250661 -0.00132102426 0.5 p1 506 8
2974 434742 m2 4560656 -1.69431896e-05 0.5 p1 534 8
367 444817 m2 566102 -0.000118314521 0.5 p1 548 8
786 450883 m2 1242666 -0.000377308781 0.5 p1 556 8
1251 459379 m2 1917576 -0.000934899144 0.5 p1 568 8
651 467288 m2 992941 -0.00143104512 0.5 p1 579 8
2406 480820 m2 3629956 -0.000559292792 0.5 p1 597 8
870 495187 m2 1349699 -0.000723752193 0.5 p1 617 8
1807 495730 m2 2747418 -6.89679e-05 0.5 p1 618 8
2529 515750 m3 3839697 0.00304260617 0.5 p1 646 8
3287 519653 m2 4987123 -0.00020746603 0.5 p1 651 8
1078 527451 m2 1674333 -0.000108743203 0.5 p1 662 8
795 540825 m2 1250365 -0.00248467084 0.5 p1 680 8
1619 560810 m2 2473271 -0.000240564827 0.5 p1 708 8
1257 569460 m2 1924367 -2.84901205e-07 0.5 p1 720 8
1282 572222 m2 1956726 -0.00162661728 0.5 p1 724 8
388 572225 m2 598087 -0.000597291102 0.5 p1 724 8
1872 597492 m2 2848013 -0.00104945351 0.5 p1 760 8
2447 605248 m2 3704767 -0.00226153038 0.5 p1 772 8
414 608919 m2 630449 -4.46976446e-05 0.5 p1 777 8
2186 614793 m2 3276591 -0.000877921935 0.5 p1 786 8
2431 618313 m2 3671826 -0.000318416976 0.5 p1 791 8
959 645705 m2 1480937 -3.33540484e-05 0.5 p1 830 8
1126 681040 m2 1739818 -2.8491437e-10 0.5 p1 879 8
2132 686676 m2 3194851 -0.00105876802 0.5 p1 887 8
1637 696046 m2 2489859 -2.19641988e-05 0.5 p1 900 8
2503 700303 m2 3794607 -4.41558041e-06 0.5 p1 906 8
576 708728 m2 891162 -0.000386670086 0.5 p1 918 8
2596 739403 m2 3946302 -0.000523479248 0.5 p1 962 8
828 768773 m2 1281759 -0.000133231195 0.5 p1 1005 8
1923 770159 m2 2919731 -0.000421420438 0.5 p1 1007 8
1151 773538 m2 1775480 -0.000166288912 0.5 p1 1012 8
267 776688 m2 400007 -0.00163796986 0.5 p1 1016 8
2039 783591 m2 3087154 -6.60951409e-05 0.5 p1 1026 8
1683 794090 m2 2553090 -0.000580434746 0.5 p1 1041 8
2765 803159 m2 4226766 -2.68212552e-05 0.5 p1 1055 8
2380 823267 m2 3595295 -0.000116153278 0.5 p1 1084 8
1 857641 m2 1544 -9.30163515e-05 0.5 p1 1134 8
1062 859693 m2 1646907 -1.76848243e-05 0.5 p1 1137 8
1302 860714 m2 1984856 -7.07243671e-05 0.5 p1 1138 8
2990 870088 m2 4579112 -7.10189488e-06 0.5 p1 1153 8
683 884746 m2 1065713 -0.000583194837 0.5 p1 1174 8
2848 896384 m2 4370633 -0.000240459471 0.5 p1 1192 8
1035 903467 m2 1605886 -1.56340774e-09 0.5 p1 1202 8
2607 904536 m2 3963800 -0.000939953316 0.5 p1 1204 8
2812 920864 m2 4299565 -0.000200262075 0.5 p1 1228 8
779 925554 m2 1230335 -0.000641837018 0.5 p1 1235 8
1341 933864 m2 2055872 -0.000298644823 0.5 p1 1248 8
629 943266 m2 963124 -0.00100407854 0.5 p1 1262 8
116 960149 m2 185307 -0.000139067663 0.5 p1 1287 8
159 983404 m2 240737 -0.000953445153 0.5 p1 1321 8
2942 992147 m2 4511074 -0.000164837606 0.5 p1 1334 8
1399 1002576 m2 2135282 -0.000143107682 0.5 p1 1350 8
215 1039922 m2 310085 -0.000988784828 0.5 p1 1405 8
327 1045606 m2 502648 -1.17038899e-05 0.5 p1 1414 8
1776 1047137 m2 2691498 -0.000353184791 0.5 p1 1416 8
2140 1049961 m2 3212949 -1.99991209e-05 0.5 p1 1420 8
406 1054784 m2 618666 -7.38336967e-05 0.5 p1 1428 8
2821 1067273 m2 4322094 -0.00198406586 0.5 p1 1446 8
1205 1070503 m2 1862794 -0.000838065054 0.5 p1 1451 8
1741 1073428 m2 2635068 -0.00015112324 0.5 p1 1455 8
1137 1087540 m2 1753816 -0.000365857268 0.5 p1 1477 8
2280 1105562 m2 3428439 -3.91711546e-05 0.5 p1 1504 8
1465 1109422 m2 2257055 -9.0829526e-06 0.5 p1 1509 8
3111 1139008 m3 4745227 0.00075807143 0.5 p1 1553 8
2347 1146241 m3 3541869 0.00214061909 0.5 p1 1564 8
3033 1161581 m3 4640249 0.00481940573 0.5 p1 1586 8
3 1167793 m2 5008 -8.49433418e-05 0.5 p1 1595 8
908 1171778 m3 1406413 0.00167231727 0.5 p1 1601 8
556 1176351 m2 858621 -0.000466641854 0.5 p1 1608 8
169 1203310 m2 251731 -0.000510161626 0.5 p1 1648 8
71 1205046 m2 107696 -0.000165891659 0.5 p1 1651 8
1284 1215282 m2 1958638 -5.90767684e-07 0.5 p1 1666 8
1359 1226243 m2 2091014 -0.000192819891 0.5 p1 1683 8
2005 1238493 m2 3036084 -0.000153538815 0.5 p1 1701 8
163 1253180 m2 246583 -0.000614400022 0.5 p1 1723 8
2390 1302026 m2 3612773 -0.000848775089 0.5 p1 1796 8
839 1316258 m2 1297668 -6.64273784e-06 0.5 p1 1817 8
1585 1343840 m2 2430145 -0.000325342233 0.5 p1 1858 8
3278 1360912 m2 4977507 -7.4814011e-07 0.5 p1 1883 8
1197 1364152 m2 1850557 -0.000982706668 0.5 p1 1888 8
452 1366963 m2 694510 -4.80343697e-05 0.5 p1 1892 8
2239 1369032 m2 3371706 -9.13328913e-05 0.5 p1 1895 8
2579 1372492 m2 3921716 -7.40102259e-05 0.5 p1 1900 8
1702 1402390 m2 2573923 -0.00109436596 0.5 p1 1945 8
961 1420975 m2 1484178 -9.40226164e-05 0.5 p1 1973 8
1297 1424250 m2 1979374 -0.000530699734 0.5 p1 1978 8
3259 1424381 m2 4954790 -0.000149868589 0.5 p1 1978 8
2429 1427519 m2 3668543 -8.54922982e-05 0.5 p1 1983 8
2767 1448557 m2 4232046 -0.000531774596 0.5 p1 2015 8
1463 1460688 m2 2253519 -4.67124619e-06 0.5 p1 2033 8
953 1466327 m2 1476908 -0.00024497413 0.5 p1 2042 8
968 1481206 m3 1493854 0.0014662965 0.5 p1 2065 8
322 1484259 m2 491489 -0.000486240024 0.5 p1 2069 8
2054 1485721 m2 3097841 -0.000895104196 0.5 p1 2072 8
1219 1488052 m2 1873547 -0.000756969268 0.5 p1 2075 8
1319 1492577 m2 2017558 -2.19101603e-05 0.5 p1 2082 8
2774 1498469 m3 4244028 0.00174050138 0.5 p1 2091 8
3256 1499384 m2 4954463 -5.40664496e-06 0.5 p1 2092 8
1224 1503953 m2 1880798 -0.000109613808 0.5 p1 2099 8
1303 1506870 m2 1987479 -0.000209673453 0.5 p1 2104 8
1764 1523563 m2 2674750 -0.000968931301 0.5 p1 2130 8
500 1528936 m2 778759 -0.00130374311 0.5 p1 2138 8
1406 1547691 m3 2138979 0.00289880042 0.5 p1 2167 8
1174 1557404 m2 1801109 -0.000124113372 0.5 p1 2183 8
478 1565816 m2 736507 -0.00150639098 0.5 p1 2196 8
1851 1588058 m2 2817476 -0.00204498926 0.5 p1 2229 8
1539 1597581 m2 2359054 -0.000280100881 0.5 p1 2244 8
286 1640364 m2 426731 -0.000849458214 0.5 p1 2310 8
20 1641743 m3 38811 0.000689417415 0.5 p1 2312 8
2440 1659969 m2 3689619 -0.000218774541 0.5 p1 2340 8
15 1662278 m2 26040 -8.62124944e-05 0.5 p1 2344 8
1157 1683798 m2 1781046 -3.45492881e-05 0.5 p1 2377 8
1545 1693717 m2 2376515 -2.06211716e-05 0.5 p1 2392 8
1060 1701390 m3 1646161 0.00279361801 0.5 p1 2404 8
2354 1711542 m2 3557348 -0.00078550051 0.5 p1 2419 8
1732 1718557 m3 2616711 0.00399388652 0.5 p1 2430 8
921 1741238 m2 1427518 -0.000511240738 0.5 p1 2464 8
2312 1749540 m2 3483383 -3.63858226e-06 0.5 p1 2476 8
235 1765810 m2 342279 -2.2846516e-05 0.5 p1 2501 8
3286 1773806 m2 4986893 -0.000489777245 0.5 p1 2514 8
2748 1801708 m2 4205651 -4.04943921e-06 0.5 p1 2556 8
507 1803244 m2 786654 -1.01913447e-05 0.5 p1 2559 8
256 1806489 m2 384195 -0.000205164106 0.5 p1 2564 8
12 1810580 m2 24537 -0.000575790007 0.5 p1 2570 8
1348 1811265 m2 2069412 -0.00051879487 0.5 p1 2571 8
1641 1825361 m2 2499772 -7.17746079e-05 0.5 p1 2593 8
1708 1828889 m2 2583076 -0.000135498281 0.5 p1 2598 8
2286 1833804 m2 3443461 -0.000229680285 0.5 p1 2605 8
1579 1853561 m2 2421112 -0.00047382724 0.5 p1 2636 8
3083 1858668 m2 4704197 -0.00126429263 0.5 p1 2644 8
1331 1869285 m2 2039489 -0.000355381984 0.5 p1 2659 8
3123 1886256 m2 4762668 -0.00204373803 0.5 p1 2685 8
1080 1889863 m3 1676878 0.00318182632 0.5 p1 2691 8
1464 1890224 m3 2256983 0.00456985086 0.5 p1 2691 8
194 1901588 m2 285183 -3.17004128e-06 0.5 p1 2709 8
32 1905526 m2 57362 -2.04154494e-05 0.5 p1 2715 8
455 1908380 m2 698404 -0.000106423548 0.5 p1 2719 8
1786 1920799 m2 2719364 -0.000870298711 0.5 p1 2738 8
810 1933277 m2 1258911 -0.00145090604 0.5 p1 2757 8
2422 1952719 m2 3661040 -4.39696123e-05 0.5 p1 2787 8
382 1963181 m2 585839 -2.09034515e-05 0.5 p1 2803 8
1246 1979315 m2 1909716 -0.000170942585 0.5 p1 2828 8
2727 2004292 m2 4170212 -0.000145869388 0.5 p1 2865 8
539 2007522 m2 838331 -0.00118822919 0.5 p1 2870 8
705 2007906 m3 1109699 3.56871133e-05 0.5 p1 2871 8
650 2024947 m2 991364 -0.000241911039 0.5 p1 2897 8
2080 2044447 m2 3131580 -3.21548177e-05 0.5 p1 2926 8
1427 2056937 m2 2168527 -6.17289652e-06 0.5 p1 2945 8
1184 2059276 m2 1820470 -0.000139110707 0.5 p1 2948 8
1652 2073779 m2 2519862 -0.000225814205 0.5 p1 2970 8
2829 2079289 m2 4331169 -6.27483814e-07 0.5 p1 2978 8
1890 2115843 m2 2873146 -0.000137346855 0.5 p1 3034 8
656 2122901 m2 999721 -0.00109085767 0.5 p1 3044 8
24 2136114 m2 47920 -0.00103897555 0.5 p1 3064 8
1800 2137656 m2 2734921 -5.06200595e-05 0.5 p1 3067 8
3084 2140581 m2 4704210 -5.65637274e-05 0.5 p1 3071 8
397 2170610 m2 607078 -9.07393678e-06 0.5 p1 3117 8
2074 2180290 m2 3121774 -0.00175130041 0.5 p1 3132 8
3119 2183891 m2 4758230 -0.000228760589 0.5 p1 3137 8
2955 2196232 m3 4529724 0.00226844056 0.5 p1 3156 8
1977 2203780 m2 2983930 -0.000466249738 0.5 p1 3167 8
2878 2214586 m3 4418187 0.00121212774 0.5 p1 3183 8
1467 2233475 m2 2262040 -0.000304912362 0.5 p1 3213 8
617 2247391 m2 936357 -0.000224745323 0.5 p1 3234 8
2706 2274263 m2 4129746 -0.000171248481 0.5 p1 3276 8
1073 2277418 m2 1664877 -1.30661149e-07 0.5 p1 3281 8
332 2286419 m2 514227 -0.000126688596 0.5 p1 3295 8
1332 2296787 m2 2040713 -2.14652609e-05 0.5 p1 3311 8
944 2313383 m2 1467806 -0.000670421286 0.5 p1 3336 8
257 2326553 m2 387512 -8.46464318e-05 0.5 p1 3356 8
104 2328714 m2 164797 -0.00106287398 0.5 p1 3360 8
1861 2353136 m2 2829872 -0.000240063746 0.5 p1 3398 8
1178 2355984 m2 1812768 -2.27462588e-05 0.5 p1 3402 8
1745 2356415 m2 2646275 -0.000143958096 0.5 p1 3403 8
2649 2356839 m3 4034137 0.00120858965 0.5 p1 3403 8
1955 2371050 m2 2960174 -6.14041055e-05 0.5 p1 3426 8
3001 2372187 m2 4593247 -0.00154821191 0.5 p1 3428 8
422 2387905 m2 645109 -1.23552709e-05 0.5 p1 3452 8
2111 2402487 m2 3168160 -5.77565988e-05 0.5 p1 3475 8
2064 2404692 m2 3109569 -0.000789503276 0.5 p1 3478 8
525 2448284 m2 817976 -0.000224898919 0.5 p1 3546 8
1712 2449916 m2 2588446 -5.38286768e-05 0.5 p1 3548 8
3049 2461475 m2 4656267 -2.84420512e-05 0.5 p1 3567 8
2967 2465464 m2 4552329 -0.00110720436 0.5 p1 3573 8
3011 2466526 m2 4603253 -0.0023515902 0.5 p1 3575 8
641 2468545 m2 980598 -0.00047837384 0.5 p1 3578 8
2159 2469083 m2 3241207 -0.000575226033 0.5 p1 3579 8
522 2485462 m2 815835 -0.000155223504 0.5 p1 3604 8
1735 2487124 m2 2621251 -4.61389282e-05 0.5 p1 3606 8
881 2494466 m2 1368605 -3.24457105e-05 0.5 p1 3617 8
2544 2507614 m2 3868194 -0.000478514412 0.5 p1 3637 8
1742 2508092 m2 2639205 -0.00035996057 0.5 p1 3638 8
832 2528714 m2 1289910 -0.000135405775 0.5 p1 3670 8
915 2530030 m2 1414950 -4.79317032e-06 0.5 p1 3672 8
2853 2545218 m2 4376775 -0.000111247937 0.5 p1 3695 8
815 2557150 m2 1265179 -5.73671823e-05 0.5 p1 3714 8
3104 2557430 m2 4737365 -0.000403862592 0.5 p1 3715 8
1627 2559029 m2 2480166 -0.000123525489 0.5 p1 3717 8
1113 2574207 m2 1726815 -8.23656228e-05 0.5 p1 3740 8
2236 2574263 m2 3362836 -0.000402199483 0.5 p1 3741 8
2382 2575258 m2 3596596 -0.000311967771 0.5 p1 3742 8
1321 2575520 m2 2020632 -3.62268765e-05 0.5 p1 3742 8
2187 2578589 m2 3276731 -0.000375508505 0.5 p1 3747 8
1344 2609606 m2 2061872 -1.96158126e-07 0.5 p1 3795 8
819 2620486 m2 1268366 -7.91891871e-05 0.5 p1 3812 8
2860 2668251 m2 4382892 -0.000670462381 0.5 p1 3886 8
78 2686185 m2 121030 -0.000273888872 0.5 p1 3914 8
2297 2695249 m2 3455000 -0.00013301833 0.5 p1 3928 8
2796 2697503 m2 4268907 -0.00093142438 0.5 p1 3932 8
1950 2735319 m3 2949970 0.00413773349 0.5 p1 3990 8
752 2742202 m2 1187273 -0.00105370465 0.5 p1 4000 8
3094 2757795 m2 4723811 -0.00143682701 0.5 p1 4025 8
1690 2769890 m2 2566628 -0.000659617304 0.5 p1 4044 8
1758 2776947 m2 2660869 -0.000800461741 0.5 p1 4055 8
1848 2790808 m2 2813519 -0.000513299485 0.5 p1 4077 8
2521 2821057 m2 3833189 -9.87950784e-07 0.5 p1 4125 8
1430 2833077 m2 2169552 -0.000524175062 0.5 p1 4145 8
2335 2833120 m2 3522832 -0.0001735197 0.5 p1 4145 8
855 2843511 m2 1325304 -0.00152919104 0.5 p1 4161 8
2256 2854911 m2 3395721 -0.00144303637 0.5 p1 4179 8
476 2865946 m3 732835 0.00478220033 0.5 p1 4197 8
2307 2875313 m2 3465541 -0.000347044901 0.5 p1 4212 8
89 2882518 m2 139703 -5.02691546e-05 0.5 p1 4223 8
792 2895111 m2 1248373 -0.000475139299 0.5 p1 4244 8
1448 2906363 m2 2215747 -4.95369386e-05 0.5 p1 4262 8
1052 2914834 m2 1639120 -0.00144674454 0.5 p1 4275 8
755 2922526 m2 1193784 -0.00257861777 0.5 p1 4287 8
3012 2922969 m2 4606217 -6.77779508e-06 0.5 p1 4288 8
2763 2927495 m2 4224847 -8.54478373e-08 0.5 p1 4295 8
3138 2954999 m2 4784043 -2.98177893e-05 0.5 p1 4339 8
59 2971392 m2 85983 -0.000283674861 0.5 p1 4365 8
844 2992157 m2 1304849 -0.00128761795 0.5 p1 4398 8
1493 2999071 m2 2297855 -0.000334051321 0.5 p1 4410 8
2639 2999803 m2 4026183 -0.000156243972 0.5 p1 4411 8
1666 3020906 m2 2537099 -6.10534553e-05 0.5 p1 4444 8
842 3022801 m2 1303243 -7.18945921e-06 0.5 p1 4447 8
260 3038705 m2 390873 -0.000410405599 0.5 p1 4472 8
1908 3060124 m2 2901296 -0.000606779999 0.5 p1 4505 8
97 3083424 m2 149060 -0.00124312809 0.5 p1 4542 8
2690 3086692 m2 4108827 -0.000580526306 0.5 p1 4547 8
2285 3087452 m2 3442963 -0.00125327427 0.5 p1 4548 8
2105 3089973 m2 3161967 -5.11771759e-05 0.5 p1 4552 8
356 3095386 m2 547868 -0.000303521665 0.5 p1 4561 8
1618 3102461 m3 2468954 0.00124825689 0.5 p1 4572 8
1804 3108393 m2 2736977 -3.99690689e-05 0.5 p1 4581 8
171 3152103 m2 252847 -0.00113723008 0.5 p1 4650 8
2091 3155656 m2 3150939 -1.67498783e-05 0.5 p1 4656 8
511 3161804 m2 792434 -0.000174296394 0.5 p1 4666 8
2945 3164249 m2 4513054 -0.00178876275 0.5 p1 4670 8
182 3168552 m2 266954 -6.37015764e-05 0.5 p1 4677 8
666 3182608 m2 1023433 -0.00027784353 0.5 p1 4699 8
548 3186590 m3 848682 0.00187410868 0.5 p1 4705 8
3102 3213211 m2 4735565 -0.000370669528 0.5 p1 4746 8
2884 3217640 m2 4426527 -8.57704981e-06 0.5 p1 4753 8
1905 3218831 m2 2892360 -0.000139111668 0.5 p1 4755 8
1183 3236878 m2 1819221 -0.000883636938 0.5 p1 4784 8
1994 3238618 m2 3014981 -7.79274433e-06 0.5 p1 4786 8
3074 3241781 m2 4690480 -0.000275970757 0.5 p1 4791 8
2294 3243652 m2 3450158 -4.28726744e-05 0.5 p1 4794 8
1160 3255369 m2 1785748 -0.000543660601 0.5 p1 4813 8
2951 3257125 m2 4520594 -0.000985596795 0.5 p1 4816 8
209 3291933 m2 301110 -0.00081668346 0.5 p1 4871 8
3274 3297634 m2 4974683 -0.000552875106 0.5 p1 4880 8
1006 3299353 m2 1546789 -0.00151042535 0.5 p1 4882 8
1383 3316489 m2 2117938 -0.00154831295 0.5 p1 4910 8
1671 3318912 m2 2539809 -0.00110962172 0.5 p1 4913 8
2369 3322149 m2 3576532 -0.00134862983 0.5 p1 4919 8
1857 3359638 m2 2823429 -3.57789941e-05 0.5 p1 4978 8
1729 3370943 m2 2614344 -0.0015981032 0.5 p1 4997 8
603 3377164 m2 919122 -7.98352121e-05 0.5 p1 5006 8
2099 3397005 m3 3159196 0.000285971531 0.5 p1 5038 8
1606 3407339 m2 2453805 -0.00072689465 0.5 p1 5055 8
3281 3418662 m2 4982048 -0.000982182799 0.5 p1 5072 8
933 3420299 m2 1445821 -2.42763563e-05 0.5 p1 5075 8
2301 3432615 m2 3457752 -0.000735709793 0.5 p1 5095 8
1984 3444026 m3 2999221 0.00164491509 0.5 p1 5113 8
3009 3456499 m2 4600378 -0.00131746498 0.5 p1 5133 8
3179 3462591 m2 4844102 -0.000280489796 0.5 p1 5143 8
1650 3464600 m2 2514440 -0.00140028424 0.5 p1 5146 8
2119 3469301 m2 3175617 -0.0016302485 0.5 p1 5154 8
1647 3474261 m2 2511931 -0.000626052672 0.5 p1 5162 8
613 3489920 m2 932751 -0.000122038044 0.5 p1 5186 8
2638 3491885 m2 4022029 -2.49738805e-05 0.5 p1 5189 8
1879 3495396 m2 2860910 -7.65962795e-08 0.5 p1 5195 8
784 3518168 m2 1240105 -0.000803033821 0.5 p1 5231 8
1422 3519515 m2 2163790 -0.000570677395 0.5 p1 5233 8
470 3528281 m2 722201 -6.47717898e-05 0.5 p1 5247 8
1537 3530761 m2 2354324 -0.0034471408 0.5 p1 5251 8
495 3530826 m2 763924 -0.000174166678 0.5 p1 5251 8
2744 3549566 m2 4204154 -8.8714798e-05 0.5 p1 5280 8
198 3553430 m2 288918 -2.5690606e-05 0.5 p1 5286 8
2056 3556825 m2 3098178 -2.60947672e-05 0.5 p1 5292 8
946 3563201 m2 1472484 -0.000774714572 0.5 p1 5302 8
239 3563865 m2 353056 -0.000922545383 0.5 p1 5303 8
708 3568589 m2 1114720 -0.000278068648 0.5 p1 5310 8
3271 3574833 m2 4970952 -2.6242169e-05 0.5 p1 5320 8
598 3583577 m2 913501 -0.00109161332 0.5 p1 5334 8
1366 3592631 m2 2102869 -0.000120926248 0.5 p1 5348 8
1309 3605172 m2 2001286 -9.44273488e-05 0.5 p1 5368 8
759 3624173 m2 1198646 -9.487434e-05 0.5 p1 5398 8
18 3628934 m2 36805 -0.000251453195 0.5 p1 5405 8
2839 3637606 m2 4357637 -0.000125379825 0.5 p1 5419 8
2590 3675074 m2 3943244 -4.11088768e-05 0.5 p1 5477 8
2834 3675730 m2 4347222 -5.19501191e-05 0.5 p1 5478 8
623 3677260 m2 951953 -0.000170219646 0.5 p1 5481 8
2789 3681323 m2 4262867 -0.00123180193 0.5 p1 5487 8
1116 3685803 m2 1729638 -1.09659768e-05 0.5 p1 5494 8
1760 3690469 m2 2664956 -9.77691816e-05 0.5 p1 5502 8
35 3692814 m2 59804 -7.45698389e-06 0.5 p1 5505 8
1540 3695384 m2 2362819 -0.000640162441 0.5 p1 5509 8
1661 3697644 m2 2535184 -0.00132738217 0.5 p1 5513 8
733 3708065 m2 1148139 -0.000976213953 0.5 p1 5530 8
1103 3711761 m2 1705837 -1.14961067e-05 0.5 p1 5535 8
2413 3713651 m2 3648767 -4.36859011e-07 0.5 p1 5538 8
2700 3719303 m2 4124238 -0.000193175656 0.5 p1 5547 8
2109 3723029 m2 3166038 -0.000629057176 0.5 p1 5553 8
374 3725891 m2 575654 -0.000411406771 0.5 p1 5558 8
253 3732528 m2 381321 -0.00270292931 0.5 p1 5568 8
957 3734256 m2 1479377 -0.000180450792 0.5 p1 5571 8
1864 3735930 m3 2834512 0.00135245244 0.5 p1 5573 8
450 3736451 m2 691334 -0.000492901716 0.5 p1 5574 8
2562 3736839 m2 3897169 -0.000184482808 0.5 p1 5575 8
2535 3751542 m2 3850358 -3.44303885e-06 0.5 p1 5598 8
3082 3757828 m2 4701855 -7.17094508e-06 0.5 p1 5608 8
1326 3765572 m2 2029756 -0.000314003933 0.5 p1 5621 8
1261 3766634 m2 1930892 -0.000235254498 0.5 p1 5623 8
3196 3788284 m2 4875043 -4.92493782e-05 0.5 p1 5657 8
2147 3799041 m2 3226701 -0.000165461592 0.5 p1 5674 8
2170 3814093 m2 3257712 -5.99290288e-05 0.5 p1 5699 8
2644 3818769 m2 4030502 -5.57527574e-06 0.5 p1 5706 8
250 3819781 m2 378247 -0.00114110275 0.5 p1 5708 8
2833 3829999 m2 4346872 -0.00066878472 0.5 p1 5725 8
2897 3853569 m2 4446649 -0.000229449928 0.5 p1 5763 8
2472 3858464 m2 3739882 -9.81335252e-05 0.5 p1 5771 8
3191 3866865 m2 4863416 -0.00128513761 0.5 p1 5784 8
2050 3871885 m2 3094815 -5.76886634e-07 0.5 p1 5792 8
3051 3875049 m2 4658443 -0.00142055785 0.5 p1 5798 8
3015 3878993 m2 4611012 -0.000927497342 0.5 p1 5804 8
4 3897505 m2 8872 -0.000181227908 0.5 p1 5834 8
1264 3903394 m2 1931943 -2.24754808e-06 0.5 p1 5843 8
1883 3928042 m2 2864193 -0.000502939627 0.5 p1 5884 8
1858 3965535 m2 2826473 -4.62502067e-05 0.5 p1 5946 8
300 3977016 m2 447954 -0.00162702624 0.5 p1 5965 8
1494 3980568 m2 2298734 -0.000203872813 0.5 p1 5970 8
3244 3990422 m2 4939262 -0.000881467189 0.5 p1 5987 8
643 3993047 m2 985902 -2.57289994e-05 0.5 p1 5991 8
1226 4006694 m2 1884248 -0.00056845136 0.5 p1 6013 8
90 4008063 m3 139732 3.1839696e-05 0.5 p1 6015 8
3257 4021698 m2 4954588 -0.000232378574 0.5 p1 6037 8
366 4044473 m2 564301 -3.79691082e-05 0.5 p1 6074 8
1898 4058671 m3 2881845 0.00221425202 0.5 p1 6096 8
2554 4062180 m2 3884518 -0.000137879746 0.5 p1 6102 8
2542 4086117 m2 3864060 -0.000174628862 0.5 p1 6142 8
109 4091334 m2 178538 -0.000604863104 0.5 p1 6150 8
2282 4102177 m2 3429122 -0.000270586752 0.5 p1 6169 8
3022 4103755 m2 4615824 -0.000134337824 0.5 p1 6171 8
3128 4106893 m2 4765446 -0.00015747908 0.5 p1 6177 8
805 4114702 m2 1254883 -3.18585844e-05 0.5 p1 6189 8
2067 4123127 m2 3114440 -0.00206804252 0.5 p1 6203 8
1581 4130696 m2 2422889 -0.00152081624 0.5 p1 6216 8
2316 4132794 m2 3490785 -9.70171527e-07 0.5 p1 6219 8
1982 4149113 m2 2998466 -2.7453787e-05 0.5 p1 6247 8
2873 4150448 m3 4405014 0.00167987624 0.5 p1 6249 8
1136 4159171 m2 1752410 -0.000451020693 0.5 p1 6263 8
321 4181906 m2 488553 -8.91055752e-05 0.5 p1 6301 8
2924 4184890 m2 4481671 -0.000310043542 0.5 p1 6306 8
2172 4195184 m2 3259403 -8.08020632e-05 0.5 p1 6324 8
1203 4196410 m2 1858088 -0.000675420917 0.5 p1 6326 8
264 4214882 m2 395406 -0.000272830366 0.5 p1 6357 8
2603 4215855 m2 3960953 -3.35903951e-06 0.5 p1 6358 8
1613 4221617 m3 2465655 0.00107014051 0.5 p1 6368 8
2533 4229570 m2 3846836 -0.00066031178 0.5 p1 6381 8
3078 4232491 m2 4698579 -0.00164810894 0.5 p1 6385 8
2416 4240766 m2 3651063 -0.00037313439 0.5 p1 6399 8
2745 4248831 m2 4204592 -2.68655222e-05 0.5 p1 6412 8
430 4260331 m2 653616 -0.000166320489 0.5 p1 6431 8
2114 4260629 m2 3170946 -0.00169487926 0.5 p1 6432 8
771 4280279 m2 1219688 -0.00140879897 0.5 p1 6465 8
2314 4286279 m2 3485095 -0.000838065927 0.5 p1 6475 8
121 4297670 m2 188769 -0.000516200555 0.5 p1 6493 8
1222 4298889 m2 1879265 -0.000731328968 0.5 p1 6495 8
2662 4313620 m2 4054476 -0.000534759543 0.5 p1 6520 8
2855 4327426 m2 4378645 -1.543293e-05 0.5 p1 6543 8
555 4333940 m2 857095 -0.00139890739 0.5 p1 6554 8
1354 4336570 m2 2082042 -0.000353823474 0.5 p1 6558 8
1860 4339137 m2 2828712 -1.46248624e-07 0.5 p1 6562 8
1889 4344634 m3 2873013 0.00236954563 0.5 p1 6571 8
1836 4356742 m2 2793563 -1.64239191e-05 0.5 p1 6591 8
2226 4369428 m2 3350476 -2.0290081e-06 0.5 p1 6612 8
2266 4374700 m2 3410775 -5.22658556e-05 0.5 p1 6621 8
1885 4385016 m2 2869119 -0.000800132402 0.5 p1 6638 8
2410 4386308 m2 3643519 -0.000111889611 0.5 p1 6640 8
1556 4387555 m2 2396327 -0.000199742775 0.5 p1 6642 8
2636 4438721 m2 4019483 -4.29076099e-05 0.5 p1 6728 8
1132 4449093 m2 1749105 -6.72160638e-07 0.5 p1 6745 8
1988 4450944 m2 3007407 -8.09929988e-05 0.5 p1 6748 8
2947 4470947 m2 4517286 -0.000322923413 0.5 p1 6780 8
126 4518981 m2 197034 -0.000478367787 0.5 p1 6858 8
843 4525575 m2 1304595 -0.000481317926 0.5 p1 6869 8
2015 4531793 m2 3053971 -0.000625900633 0.5 p1 6879 8
301 4543384 m2 449000 -0.00063344487 0.5 p1 6898 8
1242 4566785 m2 1905935 -0.000766206358 0.5 p1 6936 8
7 4585358 m2 11422 -3.59376554e-06 0.5 p1 6967 8
1235 4597646 m2 1894980 -0.000368807028 0.5 p1 6987 8
2786 4601110 m2 4255119 -0.00052314793 0.5 p1 6992 8
2800 4620268 m2 4273741 -0.00217051082 0.5 p1 7023 8
410 4624047 m2 626329 -0.000319733983 0.5 p1 7029 8
657 4660129 m2 1003049 -0.000152961875 0.5 p1 7089 8
3200 4670530 m2 4878251 -0.000597133068 0.5 p1 7106 8
2775 4675470 m2 4244840 -1.85565514e-05 0.5 p1 7114 8
608 4682597 m2 929500 -0.000532335718 0.5 p1 7126 8
185 4708000 m2 270127 -0.000156391863 0.5 p1 7169 8
368 4718506 m2 566729 -1.44936103e-05 0.5 p1 7187 8
1812 4719012 m2 2752480 -0.00187260006 0.5 p1 7188 8
1436 4738530 m3 2192321 0.00446694158 0.5 p1 7221 8
514 4741109 m2 798627 -0.00104123866 0.5 p1 7225 8
2798 4790949 m2 4272437 -5.95326346e-05 0.5 p1 7308 8
1128 4792944 m2 1741867 -0.00198605983 0.5 p1 7312 8
563 4794405 m2 868634 -0.000802108378 0.5 p1 7314 8
1576 4806540 m2 2419302 -8.15101794e-06 0.5 p1 7335 8
1335 4809727 m2 2047287 -1.91405397e-05 0.5 p1 7340 8
688 4811624 m3 1076603 0.000682676735 0.5 p1 7343 8
2563 4812713 m2 3897796 -0.000243272341 0.5 p1 7345 8
773 4813204 m2 1220519 -4.22076164e-06 0.5 p1 7346 8
3162 4815759 m2 4820935 -0.000338285783 0.5 p1 7350 8
791 4816821 m3 1246933 0.00155677646 0.5 p1 7352 8
686 4822213 m2 1073213 -4.76082532e-05 0.5 p1 7361 8
390 4845042 m2 599052 -0.000669940026 0.5 p1 7400 8
1942 4847484 m2 2938712 -0.000974941882 0.5 p1 7404 8
1873 4863021 m2 2848765 -7.35146314e-05 0.5 p1 7430 8
1536 4868131 m2 2353948 -0.000211741251 0.5 p1 7439 8
825 4899298 m2 1275486 -0.00202751835 0.5 p1 7491 8
1566 4899728 m2 2408364 -0.000239173081 0.5 p1 7492 8
999 4904882 m2 1536891 -6.67487911e-05 0.5 p1 7501 8
3293 4926872 m2 4991008 -0.00034250578 0.5 p1 7537 8
2263 4966448 m2 3407798 -0.000606286631 0.5 p1 7604 8
1595 4978489 m2 2441930 -7.89904661e-05 0.5 p1 7624 8
1940 4982118 m2 2934544 -0.00124211295 0.5 p1 7630 8
336 4983190 m2 521552 -0.000491895073 0.5 p1 7632 8
2701 4990520 m2 4124621 -6.64127874e-05 0.5 p1 7644 8
2443 4998788 m2 3697475 -0.00104777247 0.5 p1 7658 8
174 5001160 m2 256326 -6.00637723e-05 0.5 p1 7662 8
2161 5011134 m2 3244929 -0.000131434965 0.5 p1 7679 8
2007 5021767 m2 3039197 -4.92013157e-07 0.5 p1 7696 8
484 5022348 m2 744463 -6.58598074e-05 0.5 p1 7697 8
1275 5043042 m2 1948089 -0.00102180603 0.5 p1 7732 8
3294 5043382 m2 4991338 -3.22392189e-05 0.5 p1 7732 8
294 5044394 m2 438554 -0.000119566481 0.5 p1 7734 8
962 5049051 m3 1484882 0.00118425442 0.5 p1 7742 8
2762 5050587 m2 4223715 -0.000515531283 0.5 p1 7744 8
1236 5050821 m2 1897253 -3.40630213e-05 0.5 p1 7745 8
836 5051818 m3 1296327 0.00300235325 0.5 p1 7746 8
920 5053763 m2 1426787 -0.000215034568 0.5 p1 7750 8
970 5056909 m2 1495946 -0.000157272312 0.5 p1 7755 8
2207 5058731 m2 3312848 -9.41379258e-05 0.5 p1 7758 8
2220 5060538 m2 3342574 -6.34721728e-05 0.5 p1 7761 8
351 5092460 m2 543057 -5.93403129e-05 0.5 p1 7815 8
814 5095816 m2 1264705 -0.00223630224 0.5 p1 7821 8
2616 5096018 m2 3980569 -8.20067089e-06 0.5 p1 7821 8
889 5100510 m2 1382060 -0.0010391511 0.5 p1 7829 8
585 5107529 m2 901348 -0.000221991606 0.5 p1 7840 8
1483 5113687 m2 2282521 -0.000192477411 0.5 p1 7851 8
272 5131394 m2 404988 -0.000111149784 0.5 p1 7882 8
1256 5132808 m2 1923550 -0.000152571156 0.5 p1 7884 8
827 5148456 m2 1278996 -0.00148260081 0.5 p1 7911 8
1065 5172225 m2 1657106 -0.000143493453 0.5 p1 7952 8
1604 5175157 m2 2451879 -6.00180501e-05 0.5 p1 7957 8
2085 5179874 m2 3139869 -0.000190048784 0.5 p1 7965 8
2289 5180056 m2 3447341 -0.000974446768 0.5 p1 7965 8
535 5188591 m2 828993 -2.49052082e-05 0.5 p1 7979 8
2801 5197347 m2 4274789 -7.15370697e-05 0.5 p1 7994 8
3129 5208901 m2 4767089 -0.000902018044 0.5 p1 8013 8
2502 5228705 m2 3793574 -1.22592724e-07 0.5 p1 8047 8
2271 5228888 m2 3416377 -0.00116267148 0.5 p1 8047 8
1098 5236271 m2 1702021 -3.3107568e-05 0.5 p1 8059 8
1171 5266985 m2 1797779 -0.00059142214 0.5 p1 8112 8
2030 5268473 m2 3071717 -0.0021801251 0.5 p1 8115 8
1999 5279375 m2 3023317 -8.5698055e-05 0.5 p1 8133 8
550 5298950 m2 850074 -0.000451084517 0.5 p1 8167 8
1161 5312462 m2 1787404 -0.000110449553 0.5 p1 8190 8
2137 5313782 m2 3201734 -0.00065486168 0.5 p1 8192 8
1771 5319467 m2 2684201 -9.83943551e-07 0.5 p1 8202 8
637 5324085 m2 972860 -0.000783850381 0.5 p1 8210 8
1886 5324384 m2 2869651 -0.00251682289 0.5 p1 8211 8
1015 5327869 m3 1571457 0.00142263318 0.5 p1 8217 8
1513 5346786 m2 2322655 -0.00065702619 0.5 p1 8249 8
2378 5358048 m2 3593697 -2.06717937e-06 0.5 p1 8268 8
441 5376797 m2 676706 -8.88582726e-05 0.5 p1 8301 8
1032 5382146 m2 1601513 -2.44443854e-05 0.5 p1 8310 8
329 5382677 m2 509540 -4.96991015e-05 0.5 p1 8311 8
1299 5388603 m2 1981390 -8.33520462e-05 0.5 p1 8321 8
2229 5414565 m2 3352967 -0.000611408846 0.5 p1 8366 8
918 5417544 m2 1421072 -0.000455452013 0.5 p1 8371 8
2375 5432076 m2 3590215 -0.00187890884 0.5 p1 8397 8
2827 5439862 m2 4328445 -0.0015084754 0.5 p1 8411 8
245 5441392 m3 365852 0.00356644415 0.5 p1 8413 8
1077 5444049 m2 1671694 -0.000444105855 0.5 p1 8418 8
1407 5450990 m2 2139585 -3.72175637e-05 0.5 p1 8430 8
255 5464582 m3 383363 0.00294224359 0.5 p1 8453 8
1844 5464744 m2 2808598 -2.77109075e-06 0.5 p1 8454 8
1343 5470865 m2 2058865 -0.0011961027 0.5 p1 8464 8
1529 5477940 m2 2342796 -0.00254239514 0.5 p1 8476 8
1050 5491220 m2 1634081 -0.000144829464 0.5 p1 8499 8
1573 5505502 m2 2414352 -0.000331862277 0.5 p1 8524 8
1538 5531698 m2 2354768 -0.000173455061 0.5 p1 8569 8
3096 5535530 m2 4728040 -0.000580288295 0.5 p1 8576 8
754 5574745 m2 1193080 -0.000861534849 0.5 p1 8644 8
81 5581181 m2 128818 -0.000619803206 0.5 p1 8655 8
2246 5598019 m2 3377791 -7.20847311e-05 0.5 p1 8684 8
772 5601448 m2 1220056 -0.000801754883 0.5 p1 8690 8
704 5608519 m2 1109228 -0.000514881278 0.5 p1 8702 8
2864 5616572 m2 4391874 -0.000726147031 0.5 p1 8716 8
2641 5626070 m2 4026668 -0.000645466847 0.5 p1 8733 8
2455 5638193 m2 3718415 -0.000648180372 0.5 p1 8754 8
266 5638223 m2 397877 -0.00151524111 0.5 p1 8754 8
2880 5643655 m2 4420184 -0.00155808358 0.5 p1 8764 8
833 5652162 m3 1293458 0.00254867435 0.5 p1 8779 8
1723 5666970 m2 2609196 -0.000136096292 0.5 p1 8805 8
726 5681027 m2 1137371 -0.000695606752 0.5 p1 8829 8
1503 5682436 m2 2314445 -0.00235241489 0.5 p1 8832 8
2141 5689036 m2 3215153 -7.18476513e-05 0.5 p1 8843 8
575 5706437 m2 890889 -1.32239165e-06 0.5 p1 8874 8
1056 5725055 m2 1643138 -8.21159301e-06 0.5 p1 8907 8
2849 5726151 m2 4371382 -0.00152879942 0.5 p1 8909 8
592 5728289 m2 908567 -0.000168402286 0.5 p1 8913 8
2888 5733022 m2 4431771 -1.01005789e-05 0.5 p1 8922 8
30 5738814 m2 55628 -0.00110693416 0.5 p1 8932 8
2717 5747081 m2 4146121 -0.000384375599 0.5 p1 8947 8
534 5753160 m2 827386 -0.000948256755 0.5 p1 8958 8
646 5770222 m2 988045 -9.31261093e-06 0.5 p1 8988 8
3130 5779548 m2 4770302 -8.94212208e-05 0.5 p1 9005 8
2252 5779624 m2 3390898 -0.000827632844 0.5 p1 9005 8
2558 5793131 m2 3890582 -2.58587643e-05 0.5 p1 9028 8
168 5816637 m2 251159 -2.18384739e-05 0.5 p1 9070 8
1696 5819366 m2 2570286 -0.00024378371 0.5 p1 9074 8
2948 5820086 m2 4518982 -0.00225308212 0.5 p1 9076 8
2759 5840290 m2 4219576 -0.00459048571 0.5 p1 9112 8
2999 5856845 m2 4592431 -0.000380177778 0.5 p1 9142 8
1158 5873090 m2 1782626 -8.19098641e-05 0.5 p1 9171 8
928 5883425 m2 1441128 -0.0004329847 0.5 p1 9191 8
800 5886060 m2 1252448 -1.0848445e-07 0.5 p1 9195 8
129 5890730 m2 200731 -0.000327527203 0.5 p1 9204 8
2493 5897196 m2 3778324 -0.000838743523 0.5 p1 9216 8
2014 5899487 m2 3051575 -0.000152647539 0.5 p1 9220 8
1656 5903323 m2 2521223 -0.000251906255 0.5 p1 9227 8
1624 5910068 m2 2478197 -0.000199505157 0.5 p1 9239 8
3110 5916308 m2 4744563 -0.000780522532 0.5 p1 9250 8
1272 5926900 m2 1947010 -0.000247525779 0.5 p1 9270 8
1244 5945574 m2 1908419 -0.00016451205 0.5 p1 9304 8
1626 5963578 m2 2479202 -0.000284368347 0.5 p1 9336 8
3064 5997556 m2 4672879 -0.000735791458 0.5 p1 9398 8
717 6009676 m2 1125919 -0.00166626577 0.5 p1 9420 8
2780 6034007 m2 4248601 -9.9344652e-05 0.5 p1 9464 8
3125 6050491 m2 4764113 -6.23729065e-05 0.5 p1 9494 8
488 6090212 m3 745732 0.000309093972 0.5 p1 9567 8
2671 6096733 m2 4069699 -0.000108529879 0.5 p1 9579 8
837 6097265 m2 1296452 -0.00130706094 0.5 p1 9580 8
2117 6105889 m2 3174474 -2.12389568e-05 0.5 p1 9596 8
2905 6107575 m2 4458260 -0.000159159739 0.5 p1 9599 8
379 6119407 m2 581729 -0.000501078146 0.5 p1 9620 8
591 6133700 m2 907852 -2.80391805e-06 0.5 p1 9645 8
2994 6136138 m2 4582755 -0.00111006852 0.5 p1 9649 8
2943 6140898 m2 4512483 -2.47412481e-05 0.5 p1 9658 8
2634 6150313 m2 4014087 -7.94856387e-05 0.5 p1 9674 8
1517 6151692 m2 2328760 -4.70559826e-06 0.5 p1 9677 8
2397 6160460 m2 3622377 -0.000136029019 0.5 p1 9692 8
2664 6162355 m3 4055386 0.00081697281 0.5 p1 9695 8
864 6163281 m2 1340009 -0.000838809065 0.5 p1 9697 8
3268 6166925 m2 4965227 -9.58278761e-05 0.5 p1 9703 8
945 6182277 m2 1469556 -0.000404130202 0.5 p1 9731 8
673 6190422 m2 1041059 -0.000468308135 0.5 p1 9745 8
3121 6194086 m3 4760461 0.00480514159 0.5 p1 9752 8
1018 6197008 m2 1574217 -0.000142506309 0.5 p1 9758 8
1801 6204466 m2 2735225 -6.89822118e-05 0.5 p1 9771 8
587 6212252 m2 902095 -0.000119216471 0.5 p1 9784 8
1279 6212440 m2 1956353 -2.99560415e-05 0.5 p1 9784 8
977 6223837 m2 1500745 -0.00139936386 0.5 p1 9805 8
1172 6227917 m3 1799218 0.000295793987 0.5 p1 9812 8
1289 6233357 m2 1963936 -4.06175568e-05 0.5 p1 9822 8
1784 6235107 m2 2711139 -0.000151042099 0.5 p1 9825 8
2599 6245741 m2 3949811 -0.00051989872 0.5 p1 9845 8
2862 6249419 m2 4389045 -0.000288569485 0.5 p1 9851 8
1880 6253759 m2 2862211 -0.00228297641 0.5 p1 9859 8
2996 6255266 m2 4587679 -0.00170035788 0.5 p1 9862 8
1514 6256176 m2 2324908 -0.00109858171 0.5 p1 9863 8
456 6257974 m2 699329 -0.000254978921 0.5 p1 9867 8
2877 6260760 m2 4413040 -0.000142413555 0.5 p1 9871 8
307 6261608 m2 459431 -0.000159031159 0.5 p1 9873 8
600 6277190 m3 915566 0.000129252541 0.5 p1 9900 8
137 6281989 m2 209067 -0.000469894614 0.5 p1 9909 8
937 6284233 m2 1456348 -0.000296299142 0.5 p1 9913 8
965 6286418 m2 1490123 -0.000741203432 0.5 p1 9917 8
3117 6297005 m2 4749132 -0.000140767923 0.5 p1 9935 8
2069 6308614 m2 3116174 -0.00104254298 0.5 p1 9956 8
2150 6324597 m2 3227929 -8.49693388e-05 0.5 p1 9985 8
888 6337796 m2 1381882 -8.00147518e-06 0.5 p1 10009 8
2720 6388854 m2 4154885 -0.000569360971 0.5 p1 10099 8
2648 6399361 m2 4033998 -6.42964369e-05 0.5 p1 10119 8
1875 6401130 m2 2849368 -0.000357410987 0.5 p1 10122 8
3280 6423186 m2 4981108 -0.00179116242 0.5 p1 10161 8
846 6425116 m2 1309777 -0.000292315439 0.5 p1 10165 8
9 6441346 m2 16796 -0.00013037023 0.5 p1 10194 8
1129 6442278 m2 1747029 -4.97037545e-05 0.5 p1 10196 8
154 6452567 m2 231883 -4.54363408e-06 0.5 p1 10214 8
1682 6475542 m2 2552808 -0.00221702573 0.5 p1 10256 8
44 6484723 m2 70920 -4.83084914e-05 0.5 p1 10272 8
624 6489620 m2 954108 -0.00033136984 0.5 p1 10281 8
1900 6501947 m2 2884921 -0.00188533973 0.5 p1 10302 8
1181 6511781 m2 1816231 -0.000581420842 0.5 p1 10320 8
69 6515140 m2 96891 -7.66449739e-05 0.5 p1 10325 8
204 6517380 m2 293796 -6.85399282e-05 0.5 p1 10329 8
3236 6519555 m2 4930163 -6.97592477e-05 0.5 p1 10333 8
3180 6525445 m2 4845663 -0.000283330999 0.5 p1 10344 8
141 6525579 m2 214231 -0.00022116756 0.5 p1 10344 8
982 6526897 m2 1511359 -0.000196250126 0.5 p1 10346 8
1777 6530513 m2 2698534 -0.000238873952 0.5 p1 10353 8
2002 6532016 m2 3031636 -1.40884476e-05 0.5 p1 10355 8
191 6545997 m2 280284 -0.000150521242 0.5 p1 10380 8
2975 6552647 m2 4562048 -3.11345218e-07 0.5 p1 10392 8
1826 6555063 m2 2781202 -0.00128037226 0.5 p1 10396 8
60 6563777 m2 87125 -0.000170219515 0.5 p1 10411 8
1438 6565176 m2 2197998 -0.00124264823 0.5 p1 10414 8
2746 6583012 m2 4205622 -8.36319668e-05 0.5 p1 10446 8
1133 6585281 m2 1750651 -0.000139258991 0.5 p1 10450 8
2162 6594858 m2 3246139 -4.55309828e-06 0.5 p1 10467 8
2469 6601287 m2 3737188 -1.53862266e-06 0.5 p1 10479 8
1307 6628521 m2 1992751 -0.00160133955 0.5 p1 10528 8
3093 6639176 m2 4723467 -3.26098379e-05 0.5 p1 10547 8
1413 6641372 m2 2151876 -0.000418089126 0.5 p1 10551 8
1145 6641916 m2 1761170 -0.000676646538 0.5 p1 10552 8
2760 6657482 m2 4223460 -0.000803868403 0.5 p1 10580 8
2326 6665894 m3 3512030 0.00172067084 0.5 p1 10595 8
710 6691438 m2 1122411 -0.000121986879 0.5 p1 10642 8
221 6691685 m2 322216 -0.000316770136 0.5 p1 10642 8
27 6693520 m2 52601 -5.91747664e-07 0.5 p1 10646 8
1680 6695809 m2 2550948 -0.000223033538 0.5 p1 10650 8
3131 6703103 m2 4770353 -0.000301827968 0.5 p1 10663 8
2475 6759255 m2 3748158 -0.000779289636 0.5 p1 10765 8
1342 6768305 m2 2057144 -0.000208820726 0.5 p1 10782 8
231 6779096 m2 334414 -0.00347066415 0.5 p1 10803 8
1978 6789877 m2 2985116 -0.000573840109 0.5 p1 10822 8
794 6804538 m2 1249688 -0.000135616312 0.5 p1 10849 8
1058 6819811 m2 1644891 -0.00164728961 0.5 p1 10877 8
996 6820697 m2 1534787 -0.000938186073 0.5 p1 10878 8
2464 6836378 m2 3731933 -0.000209220496 0.5 p1 10907 8
1013 6862499 m2 1566896 -5.7633265e-06 0.5 p1 10953 8
2031 6875245 m2 3072020 -0.000387202279 0.5 p1 10976 8
100 6876818 m2 154414 -0.000493604806 0.5 p1 10979 8
2311 6879878 m2 3479616 -0.000434942223 0.5 p1 10985 8
2393 6892565 m2 3617270 -9.02405759e-08 0.5 p1 11008 8
485 6897513 m2 745062 -0.000349547423 0.5 p1 11017 8
1828 6914051 m3 2781679 0.00186806242 0.5 p1 11048 8
712 6938555 m2 1122610 -1.22979213e-06 0.5 p1 11094 8
2460 6939200 m2 3729226 -0.000194534892 0.5 p1 11095 8
1646 6940298 m2 2508746 -4.55264126e-06 0.5 p1 11097 8
2842 6952148 m2 4360282 -6.38766869e-05 0.5 p1 11119 8
938 6965767 m2 1456628 -0.00034672863 0.5 p1 11144 8
1610 6966260 m2 2457889 -0.00019753362 0.5 p1 11145 8
404 6969504 m2 614584 -0.000936143508 0.5 p1 11151 8
247 6971952 m2 366069 -0.000210538885 0.5 p1 11156 8
3118 6984120 m2 4758069 -0.00024235966 0.5 p1 11178 8
529 6986244 m2 823660 -1.5278767e-05 0.5 p1 11182 8
1931 6992696 m2 2925264 -4.96682442e-05 0.5 p1 11194 8
2921 6995450 m2 4476488 -0.000435452035 0.5 p1 11199 8
2806 7000279 m2 4285136 -0.000363390543 0.5 p1 11208 8
131 7013795 m3 202505 0.00392921176 0.5 p1 11233 8
1274 7023408 m2 1947845 -0.000879856409 0.5 p1 11251 8
789 7035408 m2 1243867 -0.000266841962 0.5 p1 11273 8
2766 7035655 m2 4228757 -0.000298316387 0.5 p1 11273 8
207 7039089 m2 296590 -0.00215569977 0.5 p1 11280 8
3000 7043489 m2 4593159 -0.000543965318 0.5 p1 11288 8
1899 7047535 m2 2883264 -1.78333721e-05 0.5 p1 11295 8
2956 7050292 m2 4531476 -0.000439266558 0.5 p1 11300 8
724 7057881 m2 1136387 -0.000206790603 0.5 p1 11314 8
621 7067458 m2 944987 -0.000462473428 0.5 p1 11332 8
1446 7090390 m2 2215401 -0.000341375911 0.5 p1 11375 8
1405 7102643 m2 2138871 -0.000553681748 0.5 p1 11397 8
66 7103096 m2 94020 -0.0014116253 0.5 p1 11398 8
2885 7124805 m2 4427909 -5.38919323e-07 0.5 p1 11438 8
3014 7134376 m2 4609101 -0.0001725779 0.5 p1 11456 8
2592 7137966 m2 3944146 -2.1464868e-05 0.5 p1 11462 8
2389 7139076 m2 3611780 -0.000105732201 0.5 p1 11464 8
1176 7141381 m2 1803099 -0.0030471764 0.5 p1 11469 8
1148 7142932 m2 1769555 -0.00147705234 0.5 p1 11471 8
2212 7148136 m3 3326863 0.0031232757 0.5 p1 11481 8
2035 7149940 m2 3077470 -0.00123678299 0.5 p1 11484 8
2620 7160932 m2 3989532 -0.00119542866 0.5 p1 11504 8
2505 7162603 m2 3804683 -0.000261188485 0.5 p1 11507 8
2719 7168500 m2 4149778 -0.000157989794 0.5 p1 11518 8
343 7168759 m2 532740 -0.00122811983 0.5 p1 11519 8
2929 7171267 m2 4490259 -0.000744080055 0.5 p1 11524 8
580 7171536 m2 895919 -0.000122679266 0.5 p1 11524 8
2206 7177583 m2 3312196 -0.000219743 0.5 p1 11535 8
2551 7180422 m2 3877693 -0.000138755335 0.5 p1 11540 8
1914 7183946 m2 2911838 -0.000291542296 0.5 p1 11547 8
88 7190205 m2 135555 -4.73717882e-05 0.5 p1 11558 8
596 7192856 m2 913217 -0.00325402571 0.5 p1 11563 8
1000 7214821 m2 1538392 -1.7152297e-05 0.5 p1 11605 8
2512 7215301 m2 3821069 -2.97766419e-05 0.5 p1 11605 8
155 7217603 m2 233950 -0.000262185 0.5 p1 11610 8
2019 7232096 m2 3059021 -6.9905167e-05 0.5 p1 11637 8
2857 7232112 m2 4379410 -0.000452748529 0.5 p1 11637 8
2650 7235676 m2 4037212 -0.00033235352 0.5 p1 11644 8
1123 7249128 m2 1734853 -1.020329e-05 0.5 p1 11668 8
1520 7260364 m2 2334246 -0.00116499863 0.5 p1 11689 8
745 7276573 m2 1171907 -0.00022429871 0.5 p1 11719 8
449 7283315 m2 690985 -2.34955642e-05 0.5 p1 11732 8
51 7306978 m2 76514 -8.15101666e-05 0.5 p1 11776 8
156 7313987 m2 236260 -0.00236625597 0.5 p1 11790 8
2609 7331271 m2 3964284 -4.70702944e-05 0.5 p1 11822 8
2663 7339099 m2 4054702 -0.00134803005 0.5 p1 11837 8
1897 7360747 m2 2879323 -0.000272739824 0.5 p1 11877 8
1037 7377125 m2 1607869 -0.000547155389 0.5 p1 11907 8
2698 7381916 m2 4122173 -4.95810527e-05 0.5 p1 11916 8
1674 7390819 m2 2546021 -0.00177275995 0.5 p1 11932 8
1057 7393912 m2 1643360 -0.000952109462 0.5 p1 11938 8
1617 7397582 m2 2468588 -0.000283010217 0.5 p1 11944 8
821 7421059 m2 1269307 -0.000422812416 0.5 p1 11989 8
1461 7427859 m2 2252491 -8.39525342e-07 0.5 p1 12002 8
2653 7431900 m2 4039979 -0.00247883378 0.5 p1 12010 8
2903 7432277 m2 4457646 -0.000493106432 0.5 p1 12010 8
631 7433095 m2 965571 -0.000501786068 0.5 p1 12012 8
2496 7433157 m2 3780346 -9.62263221e-05 0.5 p1 12012 8
443 7433977 m2 684590 -0.00068181497 0.5 p1 12014 8
3007 7434885 m2 4597627 -0.000117725169 0.5 p1 12016 8
1971 7439055 m2 2978379 -0.000595276593 0.5 p1 12024 8
2794 7443520 m2 4267573 -0.000547174888 0.5 p1 12032 8
2243 7449576 m2 3377500 -0.00322852121 0.5 p1 12043 8
3266 7449816 m2 4961095 -0.000150988839 0.5 p1 12044 8
1553 7456019 m2 2389413 -2.92147361e-05 0.5 p1 12056 8
3225 7463675 m2 4913012 -0.000607038673 0.5 p1 12070 8
389 7465931 m3 598997 0.00232371525 0.5 p1 12074 8
315 7466176 m2 475613 -0.00120271603 0.5 p1 12075 8
573 7468460 m2 890176 -0.000238585621 0.5 p1 12079 8
2449 7468484 m2 3705442 -0.000617994578 0.5 p1 12079 8
1442 7478937 m2 2208064 -8.51303321e-06 0.5 p1 12099 8
1691 7486860 m2 2567532 -4.12374175e-05 0.5 p1 12114 8
680 7490087 m2 1057780 -2.61407076e-05 0.5 p1 12120 8
1768 7495562 m2 2682294 -0.00041952738 0.5 p1 12130 8
503 7506267 m2 782304 -0.000490619044 0.5 p1 12151 8
2264 7511057 m2 3409382 -6.51656519e-05 0.5 p1 12160 8
1118 7516021 m3 1730535 0.000730133674 0.5 p1 12169 8
2377 7517208 m2 3593192 -1.72459625e-06 0.5 p1 12172 8
1170 7519136 m2 1796607 -0.00021327904 0.5 p1 12175 8
2482 7522357 m2 3760619 -0.000143413883 0.5 p1 12181 8
376 7531363 m2 579057 -0.00105917163 0.5 p1 12199 8
460 7544175 m2 706231 -1.22599863e-06 0.5 p1 12223 8
891 7562251 m2 1384550 -0.00173439737 0.5 p1 12257 8
569 7563761 m2 879688 -0.00232929992 0.5 p1 12260 8
2923 7576467 m2 4480753 -0.000460699492 0.5 p1 12284 8
3229 7583930 m2 4916164 -0.000666452688 0.5 p1 12298 8
29 7593047 m2 55326 -0.000387661334 0.5 p1 12315 8
2323 7618570 m2 3510224 -0.000382759346 0.5 p1 12363 8
224 7619467 m2 325366 -0.00106811454 0.5 p1 12364 8
2822 7621797 m2 4324877 -2.93847211e-06 0.5 p1 12369 8
2580 7628909 m2 3922994 -8.57361044e-08 0.5 p1 12382 8
2865 7629570 m2 4393745 -0.00150900579 0.5 p1 12383 8
2517 7656311 m2 3825847 -0.000171070438 0.5 p1 12432 8
2573 7658632 m2 3916325 -0.000705067185 0.5 p1 12437 8
690 7664562 m2 1078389 -2.48407523e-05 0.5 p1 12448 8
3235 7665745 m2 4929970 -8.55367107e-05 0.5 p1 12450 8
947 7680477 m2 1473669 -0.00157336588 0.5 p1 12478 8
263 7692311 m2 394838 -0.000179169176 0.5 p1 12500 8
206 7699908 m2 296173 -0.000836850377 0.5 p1 12513 8
1946 7701260 m2 2946962 -0.000480662362 0.5 p1 12516 8
1069 7701584 m2 1660456 -0.00211322517 0.5 p1 12516 8
1240 7704111 m2 1902467 -1.26537361e-05 0.5 p1 12521 8
2629 7716452 m2 4007131 -0.000346690038 0.5 p1 12544 8
960 7722296 m2 1482208 -0.000914903125 0.5 p1 12555 8
1308 7726537 m3 2001252 0.000445658836 0.5 p1 12563 8
2828 7729073 m2 4328745 -0.00030266447 0.5 p1 12567 8
291 7733882 m2 435299 -0.000268785487 0.5 p1 12576 8
2321 7739629 m2 3505842 -0.001676552 0.5 p1 12586 8
2581 7746745 m2 3923594 -0.00165172317 0.5 p1 12599 8
2728 7768155 m2 4172487 -0.000144949736 0.5 p1 12639 8
2048 7769181 m2 3092291 -0.000143163867 0.5 p1 12641 8
770 7774115 m2 1217502 -0.00108934205 0.5 p1 12650 8
1385 7775675 m2 2119735 -0.000597782782 0.5 p1 12653 8
2541 7782662 m2 3858825 -0.0001312846 0.5 p1 12666 8
3157 7790412 m2 4816240 -0.00133188383 0.5 p1 12681 8
1639 7791297 m2 2490985 -7.45198049e-05 0.5 p1 12683 8
1243 7801943 m2 1907004 -0.000483150594 0.5 p1 12703 8
2586 7816264 m2 3932126 -0.00089576398 0.5 p1 12731 8
1291 7824194 m2 1966996 -0.00278187264 0.5 p1 12746 8
342 7838302 m2 531570 -0.00220513809 0.5 p1 12773 8
1648 7845199 m2 2512277 -0.00224341359 0.5 p1 12785 8
1428 7846238 m2 2168970 -1.56106626e-06 0.5 p1 12787 8
2498 7852227 m2 3783689 -0.000731693115 0.5 p1 12799 8
1925 7852798 m2 2920595 -0.00107174471 0.5 p1 12800 8
716 7863815 m2 1125270 -0.000788941979 0.5 p1 12821 8
187 7883287 m2 271045 -0.000820876798 0.5 p1 12858 8
415 7894624 m2 637210 -4.55730078e-05 0.5 p1 12879 8
1320 7899875 m3 2018372 0.00302250171 0.5 p1 12889 8
2724 7908509 m2 4168684 -0.000100602767 0.5 p1 12906 8
1649 7908784 m2 2513809 -0.000388616027 0.5 p1 12906 8
757 7927868 m2 1195006 -4.78944185e-06 0.5 p1 12943 8
48 7946566 m2 75525 -0.00152960781 0.5 p1 12977 8
1675 7951343 m2 2546591 -0.00118478399 0.5 p1 12986 8
2778 7958774 m2 4245828 -0.000194049586 0.5 p1 13001 8
3166 7961183 m2 4823767 -0.000129189342 0.5 p1 13005 8
1412 7970055 m2 2147323 -0.00010653639 0.5 p1 13022 8
2677 7971889 m2 4080326 -0.00017309103 0.5 p1 13025 8
354 7996184 m3 543851 0.0060336669 0.5 p1 13072 8
347 8002159 m3 539508 0.00142111722 0.5 p1 13083 8
2216 8003537 m2 3331021 -0.000271150842 0.5 p1 13086 8
217 8003895 m2 312439 -0.000386430358 0.5 p1 13087 8
1260 8005707 m2 1926591 -0.000263749564 0.5 p1 13090 8
212 8005885 m2 304116 -7.09012893e-05 0.5 p1 13091 8
2234 8008660 m2 3359628 -4.53526945e-06 0.5 p1 13096 8
2660 8017100 m3 4050034 0.0012115658 0.5 p1 13112 8
559 8018739 m2 863564 -0.000290799362 0.5 p1 13116 8
1175 8034140 m2 1803011 -0.000629276095 0.5 p1 13145 8
1455 8041752 m2 2235891 -0.00025892962 0.5 p1 13160 8
1356 8054913 m2 2086425 -0.000401979196 0.5 p1 13186 8
2792 8059288 m2 4265954 -0.000408681517 0.5 p1 13195 8
2089 8067723 m2 3150514 -0.00146089902 0.5 p1 13211 8
118 8083729 m2 186226 -0.000150398322 0.5 p1 13242 8
3260 8085208 m2 4955779 -0.000213024527 0.5 p1 13245 8
1548 8111055 m2 2382406 -0.000753086875 0.5 p1 13297 8
124 8116493 m2 195103 -0.000268781849 0.5 p1 13307 8
1833 8139005 m2 2789466 -0.000742357515 0.5 p1 13352 8
2023 8152807 m2 3062452 -0.000143742524 0.5 p1 13379 8
2253 8164604 m2 3391439 -0.000468011771 0.5 p1 13403 8
227 8164786 m3 329097 0.000305250229 0.5 p1 13403 8
3149 8169334 m2 4803140 -0.000751758693 0.5 p1 13412 8
638 8169680 m2 973351 -0.00399074145 0.5 p1 13413 8
3291 8183356 m2 4990526 -0.000181230935 0.5 p1 13440 8
1090 8193767 m2 1692557 -0.000396874384 0.5 p1 13460 8
2093 8210666 m2 3153506 -0.000205245844 0.5 p1 13494 8
2676 8227028 m2 4080102 -0.000297131279 0.5 p1 13526 8
2041 8235420 m2 3089637 -0.000105232117 0.5 p1 13543 8
229 8239719 m2 331108 -0.000168187136 0.5 p1 13551 8
2927 8249940 m2 4487701 -2.71674544e-05 0.5 p1 13571 8
2277 8250997 m3 3423372 0.000236317675 0.5 p1 13573 8
620 8261941 m2 943079 -0.00121763709 0.5 p1 13595 8
1167 8262316 m2 1795701 -0.000545792514 0.5 p1 13596 8
813 8262909 m2 1264025 -0.00111458276 0.5 p1 13597 8
1563 8277645 m2 2404434 -4.7847785e-05 0.5 p1 13626 8
2937 8299791 m2 4501785 -3.48893664e-05 0.5 p1 13670 8
787 8302546 m2 1243518 -4.25882827e-05 0.5 p1 13675 8
1324 8304021 m2 2025883 -9.49320838e-06 0.5 p1 13678 8
914 8305780 m2 1414706 -7.28738523e-05 0.5 p1 13682 8
95 8307456 m2 148314 -0.000162391283 0.5 p1 13685 8
3137 8307504 m2 4782495 -0.00024136866 0.5 p1 13685 8
1300 8311189 m2 1981865 -0.000277391431 0.5 p1 13693 8
2817 8323424 m2 4312389 -0.000649670779 0.5 p1 13718 8
1390 8324927 m2 2124700 -3.68211295e-05 0.5 p1 13721 8
578 8331443 m2 895116 -0.000105875042 0.5 p1 13733 8
428 8340091 m3 652232 0.00129914156 0.5 p1 13751 8
1312 8342758 m2 2008132 -0.0014884196 0.5 p1 13756 8
703 8345897 m2 1106853 -0.000437728013 0.5 p1 13762 8
2060 8346894 m2 3106512 -3.84026953e-06 0.5 p1 13764 8
2721 8373575 m2 4162363 -0.00153151853 0.5 p1 13817 8
1727 8381143 m2 2613417 -0.00162422773 0.5 p1 13832 8
87 8382765 m2 135291 -2.78118005e-05 0.5 p1 13835 8
2361 8385170 m3 3566763 0.00185409561 0.5 p1 13840 8
2237 8388110 m2 3370110 -0.000424822676 0.5 p1 13845 8
975 8392331 m3 1499001 0.000258384505 0.5 p1 13854 8
3079 8400934 m2 4698699 -0.000427284656 0.5 p1 13871 8
2863 8401231 m2 4390537 -0.000160559575 0.5 p1 13871 8
1935 8438221 m2 2930455 -0.000865479989 0.5 p1 13944 8
956 8441464 m2 1479310 -6.39543941e-06 0.5 p1 13951 8
1969 8443330 m2 2976871 -0.000379547069 0.5 p1 13954 8
1882 8445109 m3 2863884 0.00244234339 0.5 p1 13958 8
2576 8449871 m2 3919568 -0.000497401925 0.5 p1 13967 8
127 8452119 m2 199272 -0.00144550379 0.5 p1 13972 8
457 8483027 m3 702216 0.000732559769 0.5 p1 14032 8
2919 8508006 m2 4474025 -0.000966803578 0.5 p1 14080 8
2561 8515167 m2 3896392 -0.000166753918 0.5 p1 14094 8
2405 8517340 m2 3629317 -0.000147580082 0.5 p1 14099 8
504 8528510 m2 784181 -0.000196895358 0.5 p1 14120 8
358 8528810 m2 555000 -0.00109989126 0.5 p1 14121 8
1249 8568771 m2 1912333 -0.000356956385 0.5 p1 14198 8
1550 8578205 m2 2386317 -0.000445922167 0.5 p1 14216 8
1842 8590532 m2 2806746 -1.77817938e-07 0.5 p1 14240 8
565 8596448 m2 872431 -0.000248288125 0.5 p1 14252 8
1731 8603021 m2 2615554 -9.51202746e-05 0.5 p1 14265 8
3234 8623445 m2 4928703 -0.000638221391 0.5 p1 14305 8
1054 8630798 m2 1642382 -0.000241664529 0.5 p1 14320 8
1351 8634106 m2 2073672 -0.000387363136 0.5 p1 14326 8
1055 8642907 m2 1642559 -0.000259069348 0.5 p1 14343 8
1434 8653247 m2 2183280 -0.000358392834 0.5 p1 14363 8
1070 8654277 m2 1660859 -2.00661289e-05 0.5 p1 14365 8
364 8662236 m2 560878 -0.000407607236 0.5 p1 14381 8
1687 8662332 m2 2561484 -0.000153415778 0.5 p1 14381 8
3151 8665965 m2 4807348 -0.000145394239 0.5 p1 14388 8
1952 8669785 m3 2952816 0.000896639365 0.5 p1 14395 8
82 8675111 m3 129403 0.00116838573 0.5 p1 14406 8
642 8677546 m3 983172 0.00193000271 0.5 p1 14411 8
261 8679195 m2 391263 -2.46413874e-05 0.5 p1 14414 8
3020 8689887 m2 4614598 -3.27757916e-05 0.5 p1 14435 8
314 8701283 m2 474650 -6.54929827e-05 0.5 p1 14458 8
1435 8709581 m2 2188049 -9.33489264e-06 0.5 p1 14474 8
3261 8715077 m2 4957148 -1.74050492e-05 0.5 p1 14485 8
85 8774568 m2 132234 -0.000493049447 0.5 p1 14603 8
218 8776293 m3 316151 0.00156283227 0.5 p1 14607 8
910 8777301 m2 1409801 -0.000123534657 0.5 p1 14609 8
3173 8792251 m2 4838821 -0.000119196491 0.5 p1 14639 8
739 8796908 m2 1151603 -0.000143985657 0.5 p1 14648 8
2020 8814315 m2 3059546 -0.00400053477 0.5 p1 14683 8
3165 8815481 m2 4822822 -0.00011341722 0.5 p1 14686 8
1569 8819708 m2 2410535 -0.000981619814 0.5 p1 14694 8
2421 8826089 m2 3660738 -0.0018617555 0.5 p1 14707 8
1932 8832351 m2 2926426 -1.09587255e-08 0.5 p1 14720 8
36 8844986 m2 61137 -0.000164185447 0.5 p1 14746 8
454 8849221 m2 697967 -0.000275618222 0.5 p1 14754 8
2870 8850823 m2 4402118 -0.000605035864 0.5 p1 14757 8
2988 8864632 m2 4574600 -5.71035744e-05 0.5 p1 14785 8
696 8865082 m2 1086205 -0.000562056201 0.5 p1 14786 8
1360 8867025 m2 2091356 -0.00055955135 0.5 p1 14790 8
674 8877639 m2 1042017 -0.000912509509 0.5 p1 14812 8
1389 8898518 m2 2123620 -9.0275671e-06 0.5 p1 14855 8
467 8911289 m2 717896 -1.2671685e-05 0.5 p1 14881 8
2325 8916660 m2 3511199 -0.000694958086 0.5 p1 14893 8
381 8923849 m2 584405 -2.8723578e-05 0.5 p1 14907 8
2530 8930911 m2 3841910 -0.000142450546 0.5 p1 14921 8
601 8933236 m2 916953 -0.000248929224 0.5 p1 14926 8
2433 8941105 m2 3675593 -1.16597248e-05 0.5 p1 14942 8
2201 8957918 m2 3299832 -0.000246900978 0.5 p1 14975 8
1775 8959669 m2 2691487 -0.000273176614 0.5 p1 14978 8
1509 8985593 m2 2318002 -3.60630179e-06 0.5 p1 15030 8
312 8990662 m3 470912 0.00105806172 0.5 p1 15040 8
2350 9012220 m2 3545882 -0.00151236181 0.5 p1 15083 8
494 9029021 m2 761379 -0.00114418985 0.5 p1 15116 8
720 9033382 m2 1128492 -2.46554259e-06 0.5 p1 15124 8
2985 9040860 m2 4571535 -0.000194658031 0.5 p1 15139 8
748 9056822 m2 1178403 -0.000369291287 0.5 p1 15171 8
1192 9060375 m2 1836609 -0.000485555938 0.5 p1 15178 8
362 9060885 m2 557223 -0.000464779383 0.5 p1 15179 8
1025 9071186 m2 1583259 -0.00142997608 0.5 p1 15200 8
2258 9071788 m2 3398114 -0.00126326981 0.5 p1 15201 8
1106 9072759 m2 1716781 -4.79675009e-06 0.5 p1 15203 8
1206 9074151 m2 1862905 -8.68577481e-05 0.5 p1 15206 8
675 9080510 m3 1049859 0.000627285975 0.5 p1 15218 8
1980 9081720 m2 2995977 -0.000630343508 0.5 p1 15221 8
866 9082464 m2 1344782 -0.000270508579 0.5 p1 15222 8
1799 9086534 m2 2731822 -3.32370728e-05 0.5 p1 15230 8
405 9094010 m2 614904 -0.000861791719 0.5 p1 15245 8
1196 9097945 m2 1844450 -0.00111306191 0.5 p1 15252 8
1806 9116367 m2 2745702 -2.10175949e-06 0.5 p1 15288 8
3021 9116401 m2 4615342 -0.000283909496 0.5 p1 15288 8
1397 9117504 m2 2134536 -0.000257117557 0.5 p1 15291 8
2010 9120768 m3 3049647 0.00105755241 0.5 p1 15297 8
2946 9125967 m2 4516649 -0.000836683728 0.5 p1 15308 8
1677 9148092 m2 2546800 -0.00125886465 0.5 p1 15353 8
3010 9148249 m2 4600431 -0.000251563441 0.5 p1 15353 8
2106 9148602 m2 3162584 -0.000452678825 0.5 p1 15354 8
136 9151497 m2 208585 -0.00112459646 0.5 p1 15360 8
271 9154690 m2 404099 -0.000789436628 0.5 p1 15366 8
2804 9171532 m2 4279986 -0.00579490419 0.5 p1 15401 8
3284 9175007 m2 4984028 -0.000339996419 0.5 p1 15408 8
2556 9178939 m2 3890443 -6.24517588e-06 0.5 p1 15416 8
1722 9185925 m2 2607668 -0.0026458085 0.5 p1 15430 8
3055 9187989 m2 4661765 -0.00110065262 0.5 p1 15434 8
2345 9189937 m2 3541361 -0.000146818536 0.5 p1 15438 8
1191 9194664 m2 1835928 -0.000236754553 0.5 p1 15448 8
2281 9216153 m2 3428962 -0.000187027239 0.5 p1 15492 8
3073 9244822 m2 4687083 -0.00120719161 0.5 p1 15551 8
1692 9246515 m2 2569183 -0.000163035016 0.5 p1 15554 8
1607 9250298 m2 2456034 -6.34077514e-05 0.5 p1 15562 8
798 9252468 m2 1252042 -0.000777254463 0.5 p1 15566 8
2038 9269690 m2 3087073 -0.00278906501 0.5 p1 15601 8
1575 9277409 m2 2419165 -1.13419137e-05 0.5 p1 15616 8
2191 9282770 m2 3281947 -4.53616076e-06 0.5 p1 15627 8
338 9284802 m2 526157 -0.000104439881 0.5 p1 15631 8
1798 9290007 m2 2729757 -0.00110555452 0.5 p1 15642 8
1411 9292847 m2 2145335 -0.000324592867 0.5 p1 15647 8
785 9295415 m2 1242381 -0.000105740655 0.5 p1 15652 8
570 9295824 m2 882875 -6.06441899e-05 0.5 p1 15653 8
94 9297388 m2 148305 -0.000347060559 0.5 p1 15656 8
1891 9297964 m2 2874155 -0.000169429055 0.5 p1 15658 8
262 9298204 m2 392211 -0.00197778456 0.5 p1 15658 8
3146 9299673 m2 4798858 -0.00091939437 0.5 p1 15661 8
1352 9318254 m2 2075304 -0.000528414326 0.5 p1 15699 8
1138 9319676 m2 1754623 -7.01866884e-06 0.5 p1 15702 8
561 9326594 m2 865665 -0.000790552644 0.5 p1 15716 8
1368 9328877 m2 2108506 -0.000511019898 0.5 p1 15721 8
3273 9342987 m2 4974503 -0.000662613369 0.5 p1 15750 8
2365 9353490 m2 3573013 -0.000115422787 0.5 p1 15771 8
84 9363710 m2 131700 -1.66647351e-06 0.5 p1 15793 8
2531 9377255 m2 3843352 -0.000582600886 0.5 p1 15821 8
1964 9378636 m2 2971925 -4.73900982e-05 0.5 p1 15824 8
303 9386637 m2 450745 -0.001651995 0.5 p1 15840 8
122 9387681 m2 192634 -0.000287855219 0.5 p1 15842 8
512 9394759 m2 792872 -0.0013409073 0.5 p1 15857 8
3016 9402149 m2 4611356 -0.000838009058 0.5 p1 15873 8
1194 9409573 m2 1844307 -0.000796684762 0.5 p1 15889 8
1829 9430680 m2 2782395 -0.000516655506 0.5 p1 15934 8
2841 9436299 m2 4360101 -0.000155917922 0.5 p1 15946 8
731 9439464 m3 1142283 0.000684077968 0.5 p1 15953 8
2261 9454751 m3 3404374 0.00044005792 0.5 p1 15985 8
3267 9460891 m2 4961523 -0.00089482253 0.5 p1 15998 8
1217 9461693 m2 1873029 -0.000923035492 0.5 p1 15999 8
1815 9465442 m2 2761086 -0.00182431657 0.5 p1 16007 8
2522 9483403 m2 3835622 -0.000398385309 0.5 p1 16045 8
2046 9501814 m2 3090774 -0.000269937242 0.5 p1 16084 8
2843 9503825 m2 4361149 -0.00106703781 0.5 p1 16088 8
1063 9513967 m2 1651832 -0.00186961272 0.5 p1 16110 8
2430 9522550 m2 3670525 -0.000754060224 0.5 p1 16128 8
2238 9525325 m2 3370480 -0.00011580468 0.5 p1 16134 8
1091 9544931 m2 1694393 -0.000773305306 0.5 p1 16175 8
1663 9551012 m2 2535248 -0.000127430016 0.5 p1 16188 8
1634 9555781 m2 2486978 -0.001558249 0.5 p1 16198 8
324 9555868 m2 492353 -0.00126521732 0.5 p1 16198 8
3290 9570529 m2 4989037 -0.000325688336 0.5 p1 16229 8
2130 9574216 m2 3190867 -0.00186236831 0.5 p1 16236 8
2761 9574426 m2 4223463 -0.000209816368 0.5 p1 16237 8
1644 9579777 m2 2505709 -0.00127082726 0.5 p1 16248 8
1921 9580182 m2 2917314 -0.0031782228 0.5 p1 16249 8
1523 9594886 m2 2339197 -8.25065727e-05 0.5 p1 16280 8
1695 9606393 m2 2570252 -0.000111574591 0.5 p1 16305 8
692 9611245 m3 1081280 0.000489618978 0.5 p1 16315 8
1355 9611981 m2 2085827 -0.000160915006 0.5 p1 16316 8
133 9615037 m2 204316 -0.000459962757 0.5 p1 16323 8
1491 9616273 m2 2297648 -5.87908435e-05 0.5 p1 16325 8
2614 9617059 m2 3977853 -0.000310316158 0.5 p1 16327 8
38 9619680 m2 63318 -0.000859015621 0.5 p1 16333 8
661 9620977 m2 1011176 -1.86368452e-05 0.5 p1 16336 8
823 9621823 m2 1270489 -0.000150220381 0.5 p1 16337 8
2784 9651519 m2 4251054 -0.000309429568 0.5 p1 16400 8
582 9653057 m2 896248 -2.5743833e-07 0.5 p1 16404 8
232 9672209 m2 335002 -0.000678903016 0.5 p1 16444 8
788 9673138 m3 1243594 0.000593796198 0.5 p1 16446 8
1204 9693970 m2 1862089 -0.00174955104 0.5 p1 16489 8
331 9695643 m2 512837 -0.000943455088 0.5 p1 16493 8
2448 9697230 m2 3705142 -0.000312028453 0.5 p1 16496 8
1094 9700169 m2 1696321 -0.000135651018 0.5 p1 16502 8
729 9715008 m2 1140045 -0.000253029895 0.5 p1 16534 8
840 9715771 m2 1299551 -0.000478277274 0.5 p1 16535 8
1195 9734899 m2 1844403 -0.000426918181 0.5 p1 16576 8
1849 9744791 m2 2815395 -0.000105761639 0.5 p1 16597 8
214 9745797 m2 308787 -4.47188868e-05 0.5 p1 16599 8
2176 9756377 m2 3264321 -3.51720337e-05 0.5 p1 16622 8
413 9762876 m3 630088 0.00015620573 0.5 p1 16636 8
1416 9774883 m2 2156460 -6.62566381e-05 0.5 p1 16661 8
2198 9775759 m2 3294785 -0.000485830766 0.5 p1 16663 8
3201 9783716 m2 4882125 -0.00123505166 0.5 p1 16680 8
417 9785821 m2 639047 -0.000503326126 0.5 p1 16684 8
602 9793966 m2 917894 -0.000338745187 0.5 p1 16702 8
655 9795481 m2 998631 -0.000158300551 0.5 p1 16705 8
2028 9795835 m3 3069681 0.00189530407 0.5 p1 16706 8
516 9798200 m3 802290 0.000945103529 0.5 p1 16711 8
2374 9809447 m2 3587667 -7.4175412e-05 0.5 p1 16735 8
3133 9810759 m2 4771596 -7.90658021e-07 0.5 p1 16738 8
994 9812105 m2 1533288 -0.000106032516 0.5 p1 16741 8
2330 9821087 m2 3516966 -0.000631808536 0.5 p1 16761 8
2228 9829772 m2 3351973 -0.00219083391 0.5 p1 16779 8
2047 9830668 m3 3092183 0.00138854526 0.5 p1 16781 8
3112 9831737 m2 4745840 -0.000179895593 0.5 p1 16783 8
1630 9840151 m2 2483083 -1.57830473e-05 0.5 p1 16801 8
316 9844057 m2 478653 -0.000440915523 0.5 p1 16810 8
1207 9855486 m2 1865194 -2.54698061e-05 0.5 p1 16834 8
1504 9859972 m2 2315183 -1.49514499e-05 0.5 p1 16844 8
713 9864626 m2 1123799 -0.00152826309 0.5 p1 16854 8
2275 9865179 m2 3422486 -0.000569449097 0.5 p1 16856 8
442 9866227 m2 684574 -7.75917556e-07 0.5 p1 16858 8
2755 9879936 m2 4217490 -2.73482528e-05 0.5 p1 16888 8
1124 9884926 m2 1736516 -0.000112883041 0.5 p1 16899 8
76 9891973 m2 118952 -0.00129059551 0.5 p1 16915 8
3228 9900601 m2 4915109 -0.000128535728 0.5 p1 16934 8
1396 9911832 m3 2132755 0.00543006323 0.5 p1 16958 8
3143 9915586 m2 4791495 -8.916154e-06 0.5 p1 16966 8
1918 9926756 m2 2915007 -0.000177552633 0.5 p1 16991 8
192 9928335 m2 281265 -4.5977672e-06 0.5 p1 16994 8
448 9933298 m2 689610 -0.00023074745 0.5 p1 17005 8
1547 9935026 m2 2378547 -0.00289434963 0.5 p1 17009 8
350 9936970 m2 542043 -0.00109775981 0.5 p1 17013 8
502 9947263 m2 781547 -6.0579303e-05 0.5 p1 17035 8
531 9952181 m2 824090 -0.000109289947 0.5 p1 17046 8
622 9953250 m2 946410 -0.000414410373 0.5 p1 17048 8
3220 9954003 m2 4908433 -0.00040948618 0.5 p1 17049 8
715 9961345 m2 1124717 -0.00296316622 0.5 p1 17065 8
2564 9964777 m2 3898654 -0.00016554608 0.5 p1 17072 8
23 9969629 m2 47027 -2.26781322e-05 0.5 p1 17083 8
2768 9970208 m2 4233893 -0.000887581147 0.5 p1 17084 8
2499 9978417 m2 3783947 -3.37889287e-05 0.5 p1 17101 8
505 10021252 m2 785694 -9.04070766e-05 0.5 p1 17195 8
1287 10021577 m2 1962278 -2.3349898e-08 0.5 p1 17196 8
2693 10024831 m2 4115211 -0.000198897018 0.5 p1 17203 8
2021 10029504 m2 3059557 -2.4986407e-06 0.5 p1 17214 8
160 10034603 m2 242533 -0.000377597869 0.5 p1 17225 8
2908 10035912 m2 4461534 -0.000432048488 0.5 p1 17228 8
639 10045798 m2 975757 -2.57627198e-05 0.5 p1 17249 8
2872 10048348 m2 4404901 -0.00157384423 0.5 p1 17255 8
1490 10067268 m2 2296202 -0.000361494138 0.5 p1 17296 8
1252 10072158 m2 1917975 -2.39438286e-05 0.5 p1 17306 8
699 10072337 m2 1098774 -9.00559007e-06 0.5 p1 17307 8
1962 10072443 m2 2967438 -5.58215215e-05 0.5 p1 17307 8
2782 10072914 m2 4249118 -0.00153899519 0.5 p1 17308 8
1589 10078893 m2 2435244 -0.00119577057 0.5 p1 17321 8
1201 10081824 m2 1857169 -0.0012522263 0.5 p1 17327 8
2861 10085586 m2 4383591 -2.11848132e-07 0.5 p1 17335 8
3218 10097458 m2 4904373 -0.000982933096 0.5 p1 17362 8
1085 10101234 m2 1680005 -1.03913021e-06 0.5 p1 17370 8
190 10109944 m2 275377 -9.52873888e-05 0.5 p1 17390 8
669 10136394 m2 1029950 -0.000191682251 0.5 p1 17448 8
3209 10146733 m2 4891034 -4.16235052e-05 0.5 p1 17471 8
2288 10152488 m2 3445106 -0.000577716564 0.5 p1 17484 8
1913 10157756 m2 2911255 -0.000257503416 0.5 p1 17496 8
2643 10165280 m2 4029718 -2.73746173e-05 0.5 p1 17512 8
750 10169295 m2 1184160 -0.000663297425 0.5 p1 17521 8
1593 10171751 m3 2437770 0.0013726746 0.5 p1 17526 8
1398 10176793 m2 2135113 -0.000236825566 0.5 p1 17537 8
1611 10184921 m2 2459460 -4.72555294e-05 0.5 p1 17555 8
3144 10189504 m2 4794222 -6.47536654e-05 0.5 p1 17565 8
835 10192377 m2 1296226 -0.000681829348 0.5 p1 17572 8
280 10195650 m2 413766 -0.000238101566 0.5 p1 17579 8
1477 10200848 m2 2271147 -0.000139938667 0.5 p1 17590 8
989 10201788 m2 1518491 -0.000126491941 0.5 p1 17592 8
233 10205631 m3 336985 0.0011763334 0.5 p1 17601 8
2625 10211377 m2 3996486 -0.0005265004 0.5 p1 17613 8
1855 10228340 m2 2820622 -7.22247278e-05 0.5 p1 17651 8
1744 10239286 m2 2641359 -0.00150277675 0.5 p1 17675 8
2497 10241306 m2 3783258 -0.000314863632 0.5 p1 17680 8
2950 10248884 m2 4520477 -0.00113058544 0.5 p1 17697 8
3232 10249887 m2 4918568 -0.000695749128 0.5 p1 17699 8
2032 10250825 m2 3074691 -0.000621474697 0.5 p1 17701 8
1223 10253440 m2 1880539 -2.00780305e-05 0.5 p1 17707 8
1336 10257513 m2 2047311 -2.79883334e-05 0.5 p1 17716 8
882 10258268 m2 1369199 -0.00261617196 0.5 p1 17717 8
2412 10260226 m2 3645826 -2.24982232e-05 0.5 p1 17722 8
1053 10263737 m2 1640181 -0.000819684356 0.5 p1 17729 8
2053 10276895 m2 3096070 -0.000412726105 0.5 p1 17757 8
243 10278104 m2 355854 -0.000282740133 0.5 p1 17760 8
318 10294054 m2 480128 -0.00204850826 0.5 p1 17795 8
2309 10302082 m2 3472107 -0.000106717984 0.5 p1 17812 8
1083 10302198 m2 1679965 -0.00192584062 0.5 p1 17812 8
2068 10304060 m2 3114613 -0.000934646931 0.5 p1 17817 8
2351 10304148 m3 3551169 4.15683498e-05 0.5 p1 17817 8
3115 10306283 m2 4747205 -0.000123805221 0.5 p1 17821 8
420 10320646 m2 643117 -5.53236714e-05 0.5 p1 17852 8
1143 10327982 m2 1759464 -5.07595105e-05 0.5 p1 17867 8
2495 10332110 m2 3780108 -5.1921339e-05 0.5 p1 17876 8
702 10333623 m2 1105308 -6.32863594e-05 0.5 p1 17879 8
567 10338645 m2 876252 -1.21553712e-05 0.5 p1 17890 8
860 10346990 m2 1337650 -0.00234958902 0.5 p1 17907 8
954 10350531 m2 1478986 -0.000633631251 0.5 p1 17915 8
1572 10366750 m2 2413120 -0.000329407601 0.5 p1 17951 8
1809 10367825 m2 2748623 -1.25846382e-05 0.5 p1 17953 8
2574 10370565 m2 3917204 -0.000216808519 0.5 p1 17959 8
369 10372261 m2 567876 -0.000719348958 0.5 p1 17963 8
1616 10377470 m2 2467774 -0.000149999745 0.5 p1 17974 8
1471 10379749 m2 2265741 -0.000212481347 0.5 p1 17979 8
1496 10392527 m2 2301700 -0.00028056567 0.5 p1 18006 8
1086 10394217 m2 1683089 -0.000500910042 0.5 p1 18010 8
2177 10398387 m2 3265047 -0.000121965299 0.5 p1 18019 8
451 10398489 m2 693299 -0.000743817654 0.5 p1 18019 8
1130 10411616 m2 1747318 -0.00100720883 0.5 p1 18048 8
2157 10413064 m2 3239944 -2.66186877e-08 0.5 p1 18051 8
1516 10440185 m2 2328758 -0.00206906744 0.5 p1 18110 8
1460 10442286 m2 2247523 -0.000458449387 0.5 p1 18114 8
723 10442931 m2 1132891 -0.00110305124 0.5 p1 18116 8
1426 10445118 m2 2168520 -0.000218123634 0.5 p1 18121 8
3177 10461080 m2 4843469 -0.000301158259 0.5 p1 18155 8
1250 10462605 m2 1912484 -1.82239819e-05 0.5 p1 18159 8
1265 10473671 m2 1932939 -0.00316023361 0.5 p1 18184 8
2149 10477318 m2 3227640 -0.00102239673 0.5 p1 18192 8
981 10486457 m2 1509459 -0.00199574046 0.5 p1 18212 8
1698 10488647 m2 2570829 -0.00335561484 0.5 p1 18216 8
3008 10488746 m2 4598603 -0.00118569902 0.5 p1 18217 8
670 10488949 m2 1030424 -0.00224333117 0.5 p1 18217 8
2714 10493431 m2 4138520 -0.000214615429 0.5 p1 18227 8
1290 10496161 m2 1963996 -0.000612606644 0.5 p1 18233 8
1295 10511666 m2 1977365 -0.0010700227 0.5 p1 18267 8
2063 10512047 m2 3108388 -0.00130187976 0.5 p1 18268 8
2473 10513683 m2 3740901 -1.01759615e-05 0.5 p1 18272 8
2209 10529683 m2 3318312 -0.000994177302 0.5 p1 18307 8
1990 10536439 m2 3007612 -2.21208975e-05 0.5 p1 18322 8
86 10559654 m2 133598 -0.0003574492 0.5 p1 18373 8
554 10560404 m2 856898 -8.87032948e-05 0.5 p1 18375 8
2168 10567397 m2 3256892 -0.00180525496 0.5 p1 18390 8
1008 10576688 m2 1552311 -6.48397247e-09 0.5 p1 18411 8
1294 10578359 m2 1975628 -7.13052896e-06 0.5 p1 18414 8
152 10580837 m3 230759 0.00331720524 0.5 p1 18420 8
2248 10584558 m2 3381172 -0.000355946715 0.5 p1 18428 8
775 10587211 m2 1222689 -0.000114153161 0.5 p1 18434 8
1498 10587826 m2 2305225 -4.63388545e-07 0.5 p1 18435 8
2845 10592762 m2 4361953 -5.14987096e-06 0.5 p1 18446 8
2831 10593901 m2 4344832 -0.000168399114 0.5 p1 18448 8
1552 10599315 m2 2389002 -0.00107075495 0.5 p1 18460 8
2645 10603148 m2 4032505 -0.000767280173 0.5 p1 18469 8
3251 10606861 m2 4948348 -0.000116193914 0.5 p1 18477 8
1837 10620912 m2 2794416 -7.58212266e-08 0.5 p1 18508 8
2192 10637420 m2 3282244 -0.000436364062 0.5 p1 18545 8
1591 10643412 m2 2436799 -0.00124936306 0.5 p1 18557 8
2630 10647726 m2 4007376 -7.82249772e-05 0.5 p1 18567 8
135 10666801 m2 206774 -0.000193929227 0.5 p1 18609 8
3114 10668441 m2 4746530 -0.00459187571 0.5 p1 18612 8
1867 10675108 m2 2840179 -0.000874379184 0.5 p1 18627 8
372 10682737 m2 573461 -0.000883756613 0.5 p1 18644 8
2051 10693830 m3 3095766 0.00022025402 0.5 p1 18668 8
510 10698581 m3 791456 0.00429440616 0.5 p1 18679 8
1190 10714057 m2 1833156 -0.000144795427 0.5 p1 18713 8
1638 10722233 m2 2490323 -4.62470744e-05 0.5 p1 18732 8
1033 10722554 m2 1602978 -4.31168664e-05 0.5 p1 18732 8
2166 10726446 m2 3254907 -0.000280534208 0.5 p1 18741 8
1382 10733222 m2 2116740 -0.00246503809 0.5 p1 18756 8
1234 10733335 m2 1894263 -0.0021960882 0.5 p1 18756 8
223 10735437 m2 323970 -0.000330812851 0.5 p1 18761 8
353 10759043 m2 543845 -0.000317784987 0.5 p1 18814 8
2491 10766021 m2 3775502 -0.000256103784 0.5 p1 18829 8
2941 10768263 m2 4510295 -3.57978533e-05 0.5 p1 18834 8
1027 10775514 m3 1586180 0.000159846051 0.5 p1 18850 8
544 10788553 m2 844139 -6.22914667e-05 0.5 p1 18879 8
588 10790885 m2 902866 -2.8072518e-05 0.5 p1 18884 8
385 10800479 m2 591024 -1.57296745e-05 0.5 p1 18905 8
2552 10803797 m2 3881640 -0.00263229827 0.5 p1 18913 8
3059 10806936 m2 4668717 -4.39464748e-05 0.5 p1 18919 8
1238 10809719 m2 1899359 -0.000184164295 0.5 p1 18925 8
2514 10827688 m2 3823629 -0.000632455456 0.5 p1 18965 8
652 10827723 m2 994119 -2.30278802e-05 0.5 p1 18965 8
644 10834592 m2 987428 -0.00301938527 0.5 p1 18980 8
2910 10839861 m2 4466437 -4.33728674e-05 0.5 p1 18992 8
2241 10843874 m2 3374240 -0.00119779457 0.5 p1 19002 8
2090 10850843 m2 3150669 -3.26151639e-05 0.5 p1 19017 8
2355 10859051 m2 3558050 -3.31371689e-06 0.5 p1 19036 8
3046 10864265 m2 4655107 -0.000192228268 0.5 p1 19047 8
3172 10865235 m2 4833862 -6.59854322e-06 0.5 p1 19049 8
2059 10869873 m2 3105648 -0.000177465641 0.5 p1 19059 8
2931 10885538 m2 4494156 -0.000595592952 0.5 p1 19094 8
1429 10912429 m2 2169281 -8.11744394e-05 0.5 p1 19153 8
28 10915980 m2 53486 -8.2140823e-06 0.5 p1 19161 8
436 10918591 m2 661651 -0.000430371379 0.5 p1 19167 8
2353 10922024 m2 3552188 -0.000469328894 0.5 p1 19174 8
2420 10922981 m2 3660248 -0.00149544573 0.5 p1 19176 8
583 10925491 m2 900039 -0.000274261372 0.5 p1 19182 8
2183 10927027 m3 3272510 4.0451745e-05 0.5 p1 19185 8
2682 10935482 m2 4094121 -0.000202473588 0.5 p1 19204 8
1740 10940585 m2 2632024 -0.000129727647 0.5 p1 19215 8
3285 10948474 m2 4984755 -0.000135421273 0.5 p1 19233 8
150 10954550 m2 225070 -1.52066696e-06 0.5 p1 19247 8
1701 10968787 m2 2573251 -0.00108023779 0.5 p1 19278 8
2292 10970852 m2 3448769 -7.52742344e-05 0.5 p1 19283 8
1408 10972969 m2 2141573 -0.000442637509 0.5 p1 19287 8
2788 10973214 m2 4262556 -0.00105148717 0.5 p1 19288 8
128 10974553 m2 200434 -0.000208146128 0.5 p1 19291 8
2359 10984594 m2 3563155 -0.000250686106 0.5 p1 19313 8
1534 10985599 m2 2347872 -0.000944506726 0.5 p1 19315 8
3277 11006217 m2 4977302 -1.25075539e-05 0.5 p1 19360 8
2356 11015431 m2 3558833 -0.00121519272 0.5 p1 19381 8
237 11037110 m2 342582 -0.000556028273 0.5 p1 19430 8
1981 11044356 m2 2997306 -0.000821997121 0.5 p1 19446 8
1225 11049515 m2 1881601 -0.00210445747 0.5 p1 19458 8
1560 11052158 m2 2398769 -7.86763339e-05 0.5 p1 19464 8
175 11063091 m2 256372 -0.00188572984 0.5 p1 19489 8
2651 11063113 m2 4038149 -0.00144677539 0.5 p1 19489 8
46 11064422 m2 73990 -0.00142856012 0.5 p1 19492 8
1750 11075668 m2 2651057 -0.00347691448 0.5 p1 19517 8
2954 11078151 m2 4526627 -2.28497561e-06 0.5 p1 19523 8
2486 11079256 m2 3767439 -0.000878083869 0.5 p1 19525 8
719 11081453 m2 1127996 -0.000635466015 0.5 p1 19530 8
1486 11081802 m2 2285789 -0.000172239132 0.5 p1 19531 8
325 11083808 m2 493473 -0.000675468124 0.5 p1 19535 8
1212 11093859 m2 1869164 -0.000386535859 0.5 p1 19558 8
2425 11100744 m2 3665099 -0.00195928989 0.5 p1 19574 8
685 11110158 m2 1066216 -0.000702574907 0.5 p1 19596 8
1231 11120763 m2 1890378 -6.30135692e-05 0.5 p1 19619 8
2265 11135046 m2 3410691 -0.000170160172 0.5 p1 19652 8
1866 11137256 m2 2837415 -2.39935332e-07 0.5 p1 19657 8
435 11150196 m2 659653 -0.000189947677 0.5 p1 19686 8
1596 11154582 m2 2442934 -6.08115661e-05 0.5 p1 19696 8
2009 11160067 m2 3046333 -5.12187285e-07 0.5 p1 19708 8
1208 11160335 m2 1866061 -6.9348207e-05 0.5 p1 19709 8
1728 11161193 m2 2614268 -0.000595746969 0.5 p1 19711 8
1481 11166662 m2 2274593 -0.00147909625 0.5 p1 19723 8
3279 11166957 m2 4979548 -0.000435577298 0.5 p1 19724 8
1983 11173257 m2 2998573 -0.000403486687 0.5 p1 19738 8
1972 11174695 m2 2979142 -1.33207313e-05 0.5 p1 19741 8
2094 11178280 m2 3154351 -0.000775250955 0.5 p1 19749 8
2006 11192617 m2 3036767 -0.000332760828 0.5 p1 19781 8
2480 11201363 m2 3756018 -0.000975305215 0.5 p1 19801 8
3161 11210309 m2 4819991 -0.00120030297 0.5 p1 19821 8
3126 11212139 m2 4764139 -7.19719139e-07 0.5 p1 19826 8
1079 11214642 m2 1675183 -0.00150400458 0.5 p1 19832 8
1305 11224771 m2 1990629 -0.000881028536 0.5 p1 19855 8
2736 11231552 m2 4185629 -6.92164103e-05 0.5 p1 19871 8
1468 11238463 m2 2262957 -0.000696911709 0.5 p1 19886 8
958 11254826 m2 1480533 -0.000213220002 0.5 p1 19924 8
1699 11255168 m2 2571682 -4.1238286e-06 0.5 p1 19925 8
2602 11257899 m2 3959739 -0.00373547198 0.5 p1 19931 8
1017 11257961 m2 1573472 -0.00102928979 0.5 p1 19932 8
3175 11267082 m2 4840430 -0.000126318773 0.5 p1 19953 8
2081 11268497 m2 3133342 -0.00109210191 0.5 p1 19956 8
1739 11280288 m2 2627604 -2.80289132e-05 0.5 p1 19984 8
2783 11281247 m3 4250659 0.00221758592 0.5 p1 19986 8
1965 11282908 m2 2973244 -0.000470767205 0.5 p1 19990 8
1417 11285530 m2 2157860 -0.00122703705 0.5 p1 19996 8
746 11291204 m2 1174929 -9.71721674e-05 0.5 p1 20010 8
1754 11291530 m2 2657693 -8.46176117e-05 0.5 p1 20010 8
2893 11293364 m2 4439000 -0.000264729344 0.5 p1 20015 8
1543 11295020 m2 2370030 -1.17091722e-05 0.5 p1 20018 8
851 11303866 m2 1319271 -0.0023062441 0.5 p1 20039 8
911 11305790 m2 1411029 -0.00074580271 0.5 p1 20044 8
948 11308262 m2 1474609 -0.000439903117 0.5 p1 20050 8
1363 11313779 m2 2094540 -0.00026197909 0.5 p1 20063 8
1688 11316299 m2 2561613 -0.000734422822 0.5 p1 20069 8
2752 11349635 m2 4213736 -0.000154660491 0.5 p1 20147 8
1621 11352743 m2 2474658 -0.000134543705 0.5 p1 20155 8
1450 11356605 m2 2221049 -3.60425693e-05 0.5 p1 20164 8
1296 11361708 m2 1978045 -0.00190092844 0.5 p1 20175 8
3048 11363089 m2 4655609 -0.000156281836 0.5 p1 20179 8
151 11374481 m2 230693 -2.71866429e-05 0.5 p1 20205 8
1445 11375720 m2 2212840 -0.00231104903 0.5 p1 20209 8
2118 11380651 m2 3175516 -0.00147268956 0.5 p1 20220 8
2338 11385929 m2 3526815 -2.14188201e-09 0.5 p1 20232 8
816 11388204 m2 1265664 -0.000940399594 0.5 p1 20238 8
709 11388395 m2 1121779 -0.000131366207 0.5 p1 20239 8
1562 11404393 m2 2401554 -0.000612544769 0.5 p1 20277 8
1102 11412150 m2 1705141 -0.000202448718 0.5 p1 20296 8
2816 11421500 m2 4310185 -0.00125694822 0.5 p1 20318 8
1459 11431607 m2 2246162 -6.01863167e-06 0.5 p1 20343 8
1963 11437991 m2 2971680 -0.00342982146 0.5 p1 20358 8
2722 11443209 m2 4163941 -0.000996233779 0.5 p1 20371 8
3076 11445265 m2 4694716 -0.00163867546 0.5 p1 20376 8
111 11447907 m2 181231 -5.47544161e-08 0.5 p1 20382 8
2635 11466035 m2 4019097 -0.000154427573 0.5 p1 20425 8
2756 11474143 m3 4217730 0.0013888625 0.5 p1 20444 8
1337 11476922 m2 2050791 -0.000424232101 0.5 p1 20450 8
2528 11480331 m2 3838886 -3.1171603e-05 0.5 p1 20458 8
2487 11483601 m2 3769347 -3.86793872e-05 0.5 p1 20466 8
2139 11483897 m2 3209915 -0.000268001866 0.5 p1 20467 8
1796 11491525 m2 2728737 -9.28793554e-07 0.5 p1 20484 8
1381 11500035 m2 2116587 -0.000889986812 0.5 p1 20505 8
2981 11518998 m2 4566968 -0.000435475027 0.5 p1 20549 8
165 11526729 m2 248650 -0.00095435197 0.5 p1 20568 8
49 11527312 m2 75788 -0.0005892021 0.5 p1 20569 8
2964 11531707 m2 4547937 -0.00047288285 0.5 p1 20580 8
1379 11541249 m2 2116259 -2.22873587e-05 0.5 p1 20602 8
164 11549096 m2 247295 -0.000154124165 0.5 p1 20620 8
1285 11550044 m2 1959325 -0.00336318975 0.5 p1 20623 8
228 11555628 m2 330241 -0.00448648119 0.5 p1 20636 8
615 11575208 m2 934352 -0.000331015937 0.5 p1 20682 8
1230 11578478 m2 1889635 -0.000992229907 0.5 p1 20690 8
2811 11578834 m2 4297282 -0.00219527772 0.5 p1 20691 8
2685 11583049 m2 4098429 -0.000873871672 0.5 p1 20701 8
2278 11588889 m2 3427357 -5.10641257e-06 0.5 p1 20715 8
517 11593098 m2 804999 -0.000164657977 0.5 p1 20725 8
2771 11602732 m2 4235989 -0.000208253798 0.5 p1 20748 8
890 11603822 m2 1383746 -0.000342688116 0.5 p1 20751 8
2011 11612493 m2 3050014 -0.0012911394 0.5 p1 20773 8
2965 11614243 m2 4549184 -0.00646088971 0.5 p1 20777 8
1546 11631068 m2 2377472 -0.00181208341 0.5 p1 20818 8
826 11632445 m2 1278971 -0.00109062018 0.5 p1 20822 8
766 11636146 m2 1209711 -0.000135890048 0.5 p1 20831 8
2116 11646129 m2 3174214 -0.00218482804 0.5 p1 20856 8
1162 11652864 m2 1789404 -0.00014119198 0.5 p1 20873 8
477 11654534 m2 735560 -0.000311504205 0.5 p1 20877 8
1822 11656712 m2 2775905 -4.17399642e-05 0.5 p1 20882 8
1146 11660164 m2 1762870 -0.000610391144 0.5 p1 20891 8
2624 11666996 m2 3993655 -0.00128419511 0.5 p1 20908 8
1957 11676101 m2 2960667 -9.12563428e-06 0.5 p1 20931 8
2244 11681286 m2 3377555 -0.000656849646 0.5 p1 20944 8
2435 11683431 m2 3679239 -0.000608325761 0.5 p1 20949 8
2555 11700565 m2 3887193 -0.00409908127 0.5 p1 20992 8
2795 11702221 m2 4267645 -4.73199943e-05 0.5 p1 20996 8
1444 11705053 m2 2210093 -7.97427128e-05 0.5 p1 21003 8
341 11713720 m2 530616 -0.000432512054 0.5 p1 21025 8
2270 11718814 m2 3414385 -0.00157542038 0.5 p1 21038 8
2016 11721079 m2 3055148 -6.07301081e-05 0.5 p1 21044 8
1424 11725705 m2 2166417 -0.00178871979 0.5 p1 21055 8
1475 11732743 m2 2269765 -0.00102742622 0.5 p1 21072 8
2315 11740250 m2 3486841 -0.000101176935 0.5 p1 21091 8
424 11743206 m2 651115 -0.000804314623 0.5 p1 21098 8
1892 11744916 m2 2874461 -0.00173079025 0.5 p1 21103 8
1968 11750949 m2 2976133 -0.000618010818 0.5 p1 21118 8
3282 11754079 m2 4982169 -3.64210428e-05 0.5 p1 21126 8
2036 11759874 m2 3081780 -0.00133676257 0.5 p1 21140 8
3095 11766495 m2 4723928 -0.00205035554 0.5 p1 21156 8
2417 11768209 m2 3658207 -0.00270246831 0.5 p1 21161 8
1487 11776518 m2 2288732 -0.00140227412 0.5 p1 21181 8
605 11776669 m2 921357 -3.85966814e-05 0.5 p1 21182 8
475 11777207 m2 732686 -0.000172094209 0.5 p1 21183 8
1298 11777758 m2 1979715 -1.4078704e-06 0.5 p1 21184 8
210 11784336 m2 302899 -0.000325012108 0.5 p1 21201 8
3248 11785560 m3 4944633 0.000551656296 0.5 p1 21204 8
157 11792717 m2 237068 -7.10429304e-05 0.5 p1 21222 8
3098 11792794 m3 4730466 0.000993762747 0.5 p1 21222 8
308 11793140 m2 459546 -0.000609357259 0.5 p1 21223 8
2661 11793446 m2 4050539 -0.000180006886 0.5 p1 21224 8
2385 11801336 m2 3601971 -2.11211136e-06 0.5 p1 21244 8
2401 11806185 m2 3626916 -0.00103166245 0.5 p1 21256 8
2194 11808667 m2 3287187 -0.00181367085 0.5 p1 21262 8
346 11809588 m2 537773 -4.59358453e-05 0.5 p1 21264 8
1749 11812137 m2 2650280 -0.000216824643 0.5 p1 21271 8
2125 11813841 m2 3183908 -2.60784764e-05 0.5 p1 21275 8
714 11816126 m2 1124264 -0.000217704655 0.5 p1 21281 8
2367 11823537 m2 3573473 -4.94402484e-05 0.5 p1 21300 8
112 11828189 m2 181506 -0.000706852821 0.5 p1 21312 8
2017 11831555 m2 3056480 -3.30750572e-06 0.5 p1 21320 8
568 11834304 m2 877788 -0.000200964176 0.5 p1 21327 8
1047 11841780 m2 1624554 -0.00296679162 0.5 p1 21346 8
934 11848822 m2 1452390 -0.000379525038 0.5 p1 21365 8
3141 11850923 m2 4787477 -5.60039007e-05 0.5 p1 21370 8
3217 11864968 m2 4901914 -4.11487163e-05 0.5 p1 21406 8
119 11867326 m2 188152 -0.000435888185 0.5 p1 21412 8
2424 11867382 m2 3663656 -0.00159421226 0.5 p1 21412 8
2376 11869276 m2 3590382 -0.000276124716 0.5 p1 21417 8
852 11881777 m2 1319940 -0.000536096748 0.5 p1 21449 8
2155 11905280 m2 3234288 -0.000152748442 0.5 p1 21510 8
339 11906629 m2 528102 -0.0011247627 0.5 p1 21513 8
2329 11910359 m2 3515472 -0.000408843975 0.5 p1 21523 8
1089 11912428 m2 1692152 -0.00309316441 0.5 p1 21529 8
83 11916389 m2 130124 -0.000144618214 0.5 p1 21539 8
2747 11921841 m2 4205636 -3.59168871e-06 0.5 p1 21553 8
811 11924362 m2 1262672 -0.000218543268 0.5 p1 21559 8
5 11929848 m2 11093 -0.00166998024 0.5 p1 21573 8
747 11930259 m2 1176017 -9.13946933e-05 0.5 p1 21574 8
2906 11941105 m2 4458328 -0.00182907167 0.5 p1 21602 8
2520 11943996 m2 3830657 -0.000287195027 0.5 p1 21609 8
480 11944225 m2 737175 -1.4481413e-05 0.5 p1 21610 8
801 11950924 m2 1253423 -0.000260793808 0.5 p1 21627 8
2411 11956821 m2 3643707 -0.00107427023 0.5 p1 21642 8
3226 11960519 m2 4914226 -0.0022425449 0.5 p1 21651 8
3283 11960520 m2 4982441 -2.14532174e-05 0.5 p1 21651 8
2819 11962573 m2 4318054 -0.000696903502 0.5 p1 21657 8
2043 11975091 m2 3090041 -4.75547895e-05 0.5 p1 21689 8
459 11986114 m2 703703 -0.00060108013 0.5 p1 21717 8
850 11987099 m2 1318692 -6.94372844e-08 0.5 p1 21720 8
3202 11999035 m2 4885891 -0.000200338895 0.5 p1 21751 8
2787 12001360 m2 4257458 -4.75799679e-05 0.5 p1 21757 8
469 12003107 m2 722054 -1.48520269e-06 0.5 p1 21762 8
3238 12004356 m2 4934663 -0.000128130705 0.5 p1 21765 8
1781 12010573 m2 2701983 -0.000497307279 0.5 p1 21782 8
2565 12019767 m2 3899524 -1.96512678e-06 0.5 p1 21806 8
2387 12022028 m2 3606479 -0.0004756985 0.5 p1 21811 8
1974 12026522 m2 2979882 -0.000393643277 0.5 p1 21823 8
1392 12031521 m2 2129163 -0.000398091768 0.5 p1 21836 8
462 12034626 m2 713221 -0.000590097625 0.5 p1 21844 8
541 12040228 m2 840939 -0.000140846052 0.5 p1 21859 8
906 12040294 m2 1404590 -0.00524193095 0.5 p1 21859 8
3224 12051691 m2 4912372 -0.000403755374 0.5 p1 21890 8
2224 12054269 m2 3348015 -0.00280172657 0.5 p1 21897 8
99 12054683 m2 151040 -0.00123480556 0.5 p1 21898 8
317 12056670 m2 479850 -6.78049673e-07 0.5 p1 21903 8
2441 12061751 m3 3691412 0.000444786943 0.5 p1 21916 8
2838 12066381 m2 4355956 -0.000516722735 0.5 p1 21928 8
1034 12085074 m2 1604887 -0.000534259423 0.5 p1 21977 8
765 12089918 m2 1209067 -0.000823313021 0.5 p1 21990 8
11 12092584 m2 20731 -0.000138360367 0.5 p1 21996 8
398 12093622 m2 608401 -0.00162652053 0.5 p1 21999 8
2628 12094359 m2 4006994 -5.17938206e-05 0.5 p1 22001 8
1966 12098071 m2 2973429 -0.00050958147 0.5 p1 22011 8
2568 12100469 m3 3908650 0.00293852808 0.5 p1 22017 8
2027 12102404 m2 3068432 -0.000129934328 0.5 p1 22022 8
2826 12107300 m2 4326731 -0.000707021507 0.5 p1 22035 8
1651 12112567 m2 2517420 -0.000297611317 0.5 p1 22049 8
562 12117075 m2 866414 -2.12375762e-05 0.5 p1 22061 8
1645 12118239 m2 2508459 -9.24118358e-05 0.5 p1 22064 8
741 12119993 m2 1159172 -0.000314240577 0.5 p1 22069 8
812 12125615 m2 1263711 -0.00165255915 0.5 p1 22084 8
859 12135776 m2 1335542 -0.00283989869 0.5 p1 22110 8
924 12151378 m2 1432105 -2.55574869e-05 0.5 p1 22151 8
838 12155570 m2 1297125 -1.99291499e-05 0.5 p1 22162 8
1817 12163436 m2 2762499 -0.00122704392 0.5 p1 22183 8
77 12166204 m3 119219 0.001738808 0.5 p1 22190 8
557 12166750 m2 860901 -2.99242365e-05 0.5 p1 22191 8
1791 12166870 m2 2723267 -9.32521943e-05 0.5 p1 22191 8
769 12180450 m2 1216359 -0.000596818398 0.5 p1 22227 8
2295 12181597 m2 3450379 -3.8270824e-05 0.5 p1 22230 8
399 12181834 m2 608442 -0.000136697112 0.5 p1 22230 8
3219 12184866 m2 4906811 -0.00106367248 0.5 p1 22238 8
730 12193198 m2 1142082 -8.98879734e-05 0.5 p1 22260 8
3120 12193727 m2 4759315 -0.00017236147 0.5 p1 22261 8
901 12196944 m2 1400779 -0.00153001759 0.5 p1 22270 8
2674 12201656 m2 4076077 -0.00154055888 0.5 p1 22282 8
2959 12209110 m2 4536853 -0.000341299281 0.5 p1 22302 8
564 12216984 m2 871052 -0.00261584972 0.5 p1 22323 8
3233 12218728 m2 4925004 -8.69578507e-05 0.5 p1 22327 8
2911 12220414 m2 4467274 -0.0014397765 0.5 p1 22332 8
545 12237926 m2 844598 -0.00185038021 0.5 p1 22377 8
1976 12238188 m2 2981208 -5.29820818e-06 0.5 p1 22378 8
513 12241859 m3 793089 0.00200443086 0.5 p1 22388 8
1415 12243443 m2 2156106 -1.03242437e-05 0.5 p1 22392 8
2777 12246337 m2 4245315 -0.000155184505 0.5 p1 22399 8
1109 12251571 m3 1717765 0.00200242479 0.5 p1 22413 8
276 12251614 m2 410154 -1.55458019e-05 0.5 p1 22413 8
2840 12263272 m2 4358666 -6.0843131e-06 0.5 p1 22443 8
1511 12267796 m2 2320071 -0.000158821858 0.5 p1 22455 8
963 12268880 m2 1485742 -0.000404213672 0.5 p1 22458 8
3057 12275610 m2 4665435 -0.000425135397 0.5 p1 22476 8
3066 12281706 m2 4675132 -0.000421966368 0.5 p1 22492 8
1177 12281876 m2 1804295 -0.00216877251 0.5 p1 22492 8
1794 12282428 m2 2725722 -8.19052075e-05 0.5 p1 22494 8
2926 12283194 m2 4486921 -2.32170823e-05 0.5 p1 22496 8
3025 12294336 m2 4619558 -0.00161734107 0.5 p1 22526 8
2190 12294618 m2 3280705 -3.41126033e-05 0.5 p1 22527 8
123 12298008 m2 194165 -0.00234975573 0.5 p1 22536 8
3198 12298860 m3 4876101 8.24922608e-05 0.5 p1 22538 8
2883 12314703 m2 4424336 -0.000226130593 0.5 p1 22580 8
905 12316116 m2 1403262 -0.00774752861 0.5 p1 22583 8
1139 12318799 m2 1754829 -0.00029322179 0.5 p1 22590 8
1601 12322773 m2 2447345 -0.00135993946 0.5 p1 22601 8
2250 12324467 m2 3386834 -3.78658551e-05 0.5 p1 22605 8
1316 12324890 m2 2017306 -5.67788629e-05 0.5 p1 22606 8
2391 12328014 m2 3613345 -0.000646086584 0.5 p1 22615 8
1895 12336854 m2 2875660 -2.64195278e-05 0.5 p1 22639 8
1911 12342510 m2 2904312 -0.00109615386 0.5 p1 22653 8
437 12349638 m2 663725 -6.38981146e-05 0.5 p1 22672 8
523 12350309 m2 816085 -0.000432203378 0.5 p1 22674 8
993 12350561 m2 1532466 -0.000118741998 0.5 p1 22674 8
205 12351828 m2 295909 -4.14071546e-05 0.5 p1 22678 8
2866 12356744 m2 4394018 -0.00101924373 0.5 p1 22691 8
887 12365313 m2 1379995 -0.00104785943 0.5 p1 22714 8
627 12368851 m2 961008 -9.80755431e-05 0.5 p1 22724 8
1912 12372013 m3 2910675 0.00198160019 0.5 p1 22733 8
1029 12383857 m2 1596662 -0.00162595324 0.5 p1 22765 8
1761 12386107 m2 2665176 -1.00355419e-05 0.5 p1 22771 8
2781 12388865 m3 4248775 0.000136900446 0.5 p1 22778 8
1097 12397188 m3 1699835 0.000615283672 0.5 p1 22800 8
2086 12399002 m2 3144024 -0.000175864086 0.5 p1 22805 8
2920 12404356 m2 4474754 -0.00210317271 0.5 p1 22819 8
2428 12412083 m2 3667970 -5.5233817e-05 0.5 p1 22840 8
3002 12413978 m2 4594484 -0.000631809235 0.5 p1 22845 8
1187 12416756 m2 1826659 -9.85934967e-05 0.5 p1 22853 8
1478 12418955 m2 2272399 -8.99487804e-06 0.5 p1 22859 8
737 12420964 m2 1150725 -6.54631222e-05 0.5 p1 22865 8
856 12422884 m2 1331436 -0.000285366754 0.5 p1 22870 8
1301 12426208 m2 1982000 -2.14076572e-05 0.5 p1 22879 8
186 12426558 m2 270330 -0.000423597492 0.5 p1 22880 8
2537 12438136 m2 3854692 -0.00195860071 0.5 p1 22911 8
973 12438364 m2 1498054 -0.000947124383 0.5 p1 22912 8
1314 12441958 m2 2017018 -9.9693556e-05 0.5 p1 22922 8
64 12442000 m2 92802 -6.01859247e-05 0.5 p1 22922 8
3069 12444171 m2 4680755 -0.00237960252 0.5 p1 22928 8
2349 12451622 m2 3545175 -0.000756949361 0.5 p1 22948 8
3027 12453902 m2 4623986 -0.00286942534 0.5 p1 22954 8
2319 12454836 m2 3499780 -0.000104521263 0.5 p1 22956 8
1757 12459961 m2 2660554 -0.00114435912 0.5 p1 22971 8
1533 12461543 m2 2346618 -0.00233056047 0.5 p1 22975 8
571 12467308 m2 884441 -2.39738984e-05 0.5 p1 22990 8
1107 12469759 m2 1717574 -0.00041752882 0.5 p1 22997 8
416 12474814 m2 637420 -0.000138615724 0.5 p1 23011 8
1856 12481751 m2 2821041 -1.05070903e-07 0.5 p1 23030 8
1654 12482694 m2 2520630 -0.00292236567 0.5 p1 23032 8
130 12483511 m2 201110 -0.000791605678 0.5 p1 23034 8
863 12483555 m2 1339506 -5.15721877e-05 0.5 p1 23034 8
2223 12484972 m2 3346225 -2.41423404e-05 0.5 p1 23038 8
1186 12486852 m2 1824717 -0.000130660017 0.5 p1 23043 8
244 12492546 m2 362263 -0.00135830767 0.5 p1 23058 8
1870 12493451 m2 2846526 -1.27602516e-05 0.5 p1 23061 8
727 12506464 m2 1137600 -0.000199732181 0.5 p1 23097 8
2084 12506492 m3 3138905 0.00196625688 0.5 p1 23097 8
506 12515557 m2 786215 -2.32271013e-05 0.5 p1 23121 8
764 12518396 m2 1208107 -2.22164613e-06 0.5 p1 23128 8
466 12531152 m2 717374 -0.000575802696 0.5 p1 23163 8
2100 12533680 m2 3159295 -2.70026579e-08 0.5 p1 23171 8
1266 12540468 m2 1933009 -0.000478126516 0.5 p1 23190 8
1713 12541638 m2 2591773 -5.55214065e-05 0.5 p1 23193 8
144 12541642 m2 214731 -0.00103301613 0.5 p1 23193 8
222 12542859 m2 322539 -0.000692498812 0.5 p1 23197 8
1756 12546338 m2 2660048 -0.000207928257 0.5 p1 23207 8
2805 12558048 m2 4282074 -0.00171767443 0.5 p1 23239 8
2055 12562386 m2 3098073 -9.61033365e-05 0.5 p1 23252 8
2483 12563602 m2 3760910 -2.60973479e-07 0.5 p1 23255 8
3240 12579094 m2 4935475 -0.000176091373 0.5 p1 23300 8
1120 12579188 m2 1732598 -0.000389198249 0.5 p1 23300 8
3276 12588138 m2 4976670 -8.561297e-05 0.5 p1 23326 8
62 12589802 m2 91363 -4.40515144e-08 0.5 p1 23330 8
1608 12590670 m2 2456564 -2.24897158e-05 0.5 p1 23333 8
1304 12596160 m2 1990443 -2.31560643e-05 0.5 p1 23348 8
2588 12599309 m2 3938436 -7.93953677e-06 0.5 p1 23357 8
113 12602251 m2 181812 -0.00141517434 0.5 p1 23365 8
2071 12619419 m2 3118595 -0.000139671116 0.5 p1 23413 8
1565 12624782 m2 2407965 -0.000527121534 0.5 p1 23428 8
2548 12638305 m2 3876529 -0.000514119514 0.5 p1 23466 8
1907 12640472 m2 2895971 -1.92370408e-05 0.5 p1 23472 8
2770 12642403 m2 4234732 -0.001240863 0.5 p1 23477 8
2210 12649166 m2 3319798 -0.000508163648 0.5 p1 23496 8
1830 12649872 m2 2785448 -6.93841139e-05 0.5 p1 23498 8
2371 12653075 m2 3577495 -0.00464515528 0.5 p1 23507 8
762 12655217 m3 1206187 5.35391791e-06 0.5 p1 23514 8
3105 12656535 m2 4739796 -0.000617976068 0.5 p1 23517 8
3169 12658701 m2 4824974 -0.000184072152 0.5 p1 23523 8
806 12659345 m2 1255216 -0.000117901509 0.5 p1 23525 8
226 12666354 m3 327031 0.000315732701 0.5 p1 23544 8
2291 12670157 m2 3448527 -0.00103857392 0.5 p1 23555 8
2034 12672909 m2 3076611 -0.00100120308 0.5 p1 23562 8
614 12677199 m3 933918 0.00193925633 0.5 p1 23574 8
2858 12677587 m2 4379457 -1.89662551e-05 0.5 p1 23575 8
1726 12683103 m2 2611674 -0.000285144022 0.5 p1 23591 8
3152 12687521 m2 4810221 -0.000420978235 0.5 p1 23604 8
1669 12699646 m2 2538611 -8.53326219e-06 0.5 p1 23636 8
809 12699850 m2 1258852 -1.21978792e-05 0.5 p1 23637 8
105 12700874 m2 167471 -0.00121736526 0.5 p1 23640 8
2928 12707547 m2 4489303 -0.00116184971 0.5 p1 23658 8
1200 12714611 m3 1857076 0.000963343773 0.5 p1 23677 8
486 12720483 m2 745157 -0.00388600188 0.5 p1 23693 8
1345 12727379 m2 2064844 -0.000402465404 0.5 p1 23712 8
1802 12731191 m2 2735492 -0.000632835319 0.5 p1 23723 8
3037 12737621 m2 4644531 -2.43627655e-05 0.5 p1 23741 8
2738 12738191 m2 4189505 -0.000151415501 0.5 p1 23742 8
370 12740805 m2 568538 -0.0015832322 0.5 p1 23750 8
942 12743204 m2 1461801 -0.000222630086 0.5 p1 23757 8
1099 12750864 m2 1702578 -0.000571222219 0.5 p1 23778 8
979 12752404 m2 1508916 -3.32976961e-05 0.5 p1 23782 8
377 12754103 m2 579291 -5.24876032e-06 0.5 p1 23787 8
3050 12756152 m2 4656697 -9.36919969e-06 0.5 p1 23793 8
1350 12757710 m2 2071048 -3.05697381e-06 0.5 p1 23797 8
515 12765414 m2 801097 -3.27745256e-05 0.5 p1 23819 8
2646 12766590 m2 4033138 -0.0011615213 0.5 p1 23822 8
1229 12769860 m2 1888000 -0.000276462961 0.5 p1 23831 8
2033 12771792 m2 3075220 -0.00260620285 0.5 p1 23836 8
2813 12775669 m2 4302142 -7.37505616e-06 0.5 p1 23847 8
1218 12783951 m2 1873161 -0.00258622039 0.5 p1 23871 8
2998 12786972 m2 4591166 -4.66635811e-06 0.5 p1 23879 8
258 12793791 m2 389425 -0.000669662375 0.5 p1 23898 8
373 12802181 m2 574366 -0.000229227779 0.5 p1 23923 8
1458 12803245 m2 2244455 -0.00142980774 0.5 p1 23926 8
31 12807530 m2 55841 -0.000389999361 0.5 p1 23938 8
1512 12807819 m3 2321441 0.00263984757 0.5 p1 23939 8
3178 12811458 m2 4843530 -0.00136035937 0.5 p1 23949 8
2478 12814846 m2 3753549 -0.000149997926 0.5 p1 23959 8
2899 12824834 m2 4449872 -0.000863929512 0.5 p1 23987 8
3017 12826700 m2 4612892 -0.000121022596 0.5 p1 23993 8
108 12835136 m2 174109 -0.00137770583 0.5 p1 24016 8
67 12838002 m2 95104 -8.49368735e-06 0.5 p1 24024 8
2123 12852516 m2 3178990 -1.12377184e-05 0.5 p1 24066 8
290 12854270 m2 432777 -0.000196848108 0.5 p1 24071 8
1904 12854290 m2 2891336 -0.000256427389 0.5 p1 24071 8
2204 12859449 m2 3304893 -0.00331613375 0.5 p1 24086 8
1386 12860018 m2 2120117 -0.00331169926 0.5 p1 24088 8
2504 12863326 m2 3801077 -7.57970338e-05 0.5 p1 24097 8
1311 12865077 m2 2007430 -0.000401198864 0.5 p1 24102 8
971 12869314 m2 1497301 -0.00123513269 0.5 p1 24114 8
1642 12874010 m2 2500718 -8.54529446e-07 0.5 p1 24128 8
254 12874929 m2 382720 -0.00170794618 0.5 p1 24131 8
2757 12875460 m2 4217869 -0.00021838845 0.5 p1 24133 8
181 12882887 m2 266141 -0.00160823576 0.5 p1 24154 8
2167 12888781 m2 3256553 -0.00315467548 0.5 p1 24171 8
1419 12894472 m2 2160887 -0.000307092152 0.5 p1 24187 8
1697 12897071 m2 2570489 -0.000491157058 0.5 p1 24195 8
2131 12897615 m2 3193810 -4.92369036e-05 0.5 p1 24196 8
143 12899169 m2 214482 -0.00217105122 0.5 p1 24201 8
1941 12901306 m2 2936771 -4.34648172e-07 0.5 p1 24207 8
2484 12907271 m2 3765424 -0.000119364391 0.5 p1 24224 8
2203 12914747 m2 3303403 -0.000908420829 0.5 p1 24245 8
453 12922440 m2 694663 -0.00251027662 0.5 p1 24267 8
2414 12928875 m2 3649254 -0.00109727378 0.5 p1 24285 8
387 12932697 m2 597732 -0.00031869809 0.5 p1 24296 8
2490 12934232 m2 3774399 -0.00147922477 0.5 p1 24300 8
1582 12937729 m2 2424286 -0.000453514192 0.5 p1 24310 8
408 12948058 m2 623652 -0.00043883844 0.5 p1 24339 8
728 12948258 m2 1138577 -0.000176496134 0.5 p1 24340 8
2432 12954353 m2 3674999 -0.000830622565 0.5 p1 24357 8
2532 12954870 m2 3845783 -0.000793057203 0.5 p1 24359 8
594 12961845 m2 909668 -0.00200233771 0.5 p1 24378 8
2549 12963905 m3 3876927 0.00236268481 0.5 p1 24384 8
292 12974207 m2 435709 -0.000380773243 0.5 p1 24414 8
2913 12977107 m2 4468552 -0.000306274334 0.5 p1 24422 8
524 12978435 m2 816658 -5.34048741e-05 0.5 p1 24426 8
2366 12985517 m2 3573176 -0.0013629162 0.5 p1 24446 8
2997 12988429 m2 4589796 -0.000277374114 0.5 p1 24455 8
352 12989531 m2 543474 -0.00108519534 0.5 p1 24458 8
1884 12991741 m2 2867902 -0.00015540405 0.5 p1 24464 8
3239 13003132 m2 4935136 -7.39247771e-05 0.5 p1 24498 8
2803 13020347 m2 4277576 -0.000175335124 0.5 p1 24547 8
1599 13020603 m2 2446671 -8.89791693e-07 0.5 p1 24548 8
499 13022047 m2 778307 -5.44320501e-05 0.5 p1 24552 8
1959 13022245 m2 2961761 -0.00218810258 0.5 p1 24552 8
1705 13022253 m2 2577034 -2.17402921e-05 0.5 p1 24552 8
2255 13027840 m2 3393316 -1.44535431e-06 0.5 p1 24569 8
2513 13031879 m2 3823189 -0.000962316175 0.5 p1 24580 8
542 13040220 m2 843578 -0.00212926604 0.5 p1 24605 8
2741 13046545 m2 4194050 -2.85694805e-05 0.5 p1 24624 8
357 13047221 m2 548184 -0.000469779829 0.5 p1 24626 8
2699 13048256 m3 4122429 0.000929946778 0.5 p1 24629 8
1948 13049189 m2 2949205 -0.00148898107 0.5 p1 24632 8
1567 13052159 m2 2410070 -0.00290223421 0.5 p1 24640 8
1664 13066224 m2 2536713 -0.00078941352 0.5 p1 24682 8
1973 13067254 m2 2979638 -0.000187395388 0.5 p1 24685 8
2284 13069972 m2 3442750 -0.000629566435 0.5 p1 24693 8
3088 13072645 m2 4708402 -1.64748253e-05 0.5 p1 24701 8
1198 13077962 m2 1851648 -5.84337749e-06 0.5 p1 24717 8
817 13081340 m2 1266164 -7.84863187e-06 0.5 p1 24727 8
1896 13081995 m2 2877879 -0.000805532327 0.5 p1 24729 8
2189 13084038 m2 3280647 -1.26595196e-05 0.5 p1 24735 8
2779 13089710 m2 4248369 -2.4560708e-05 0.5 p1 24752 8
2272 13095087 m2 3417833 -0.00058701745 0.5 p1 24768 8
1743 13095488 m2 2640375 -0.00187708216 0.5 p1 24769 8
2791 13103281 m2 4264634 -4.36791634e-05 0.5 p1 24792 8
2142 13108601 m2 3215419 -0.000848962518 0.5 p1 24809 8
304 13109934 m2 451109 -0.000570023549 0.5 p1 24813 8
1209 13116527 m2 1867333 -0.00340532162 0.5 p1 24833 8
663 13118807 m2 1016288 -2.56067028e-06 0.5 p1 24839 8
305 13118822 m2 454555 -0.000109441513 0.5 p1 24839 8
2029 13120828 m2 3069693 -0.00191076228 0.5 p1 24845 8
2723 13122329 m2 4164853 -0.000324069639 0.5 p1 24850 8
195 13123147 m2 285616 -0.000452363805 0.5 p1 24853 8
1759 13124286 m2 2661087 -0.00371888839 0.5 p1 24856 8
2708 13130334 m2 4130890 -0.000607552764 0.5 p1 24874 8
2935 13130344 m2 4496131 -0.00242898683 0.5 p1 24874 8
1112 13130787 m2 1726508 -0.00183509081 0.5 p1 24876 8
1111 13133404 m2 1721803 -0.00486273179 0.5 p1 24884 8
584 13139874 m2 901238 -4.99171365e-05 0.5 p1 24904 8
2214 13145133 m2 3330852 -3.38772361e-06 0.5 p1 24921 8
1227 13149689 m2 1886826 -2.4298788e-05 0.5 p1 24935 8
1440 13150497 m2 2203853 -0.00106043695 0.5 p1 24938 8
2437 13158421 m2 3683977 -1.52459495e-06 0.5 p1 24962 8
2916 13177416 m2 4471975 -2.98718969e-05 0.5 p1 25022 8
987 13179925 m2 1516927 -0.00119598757 0.5 p1 25030 8
236 13181426 m2 342523 -0.000416569528 0.5 p1 25035 8
1813 13189764 m2 2758084 -0.000310052827 0.5 p1 25061 8
707 13189852 m2 1113648 -0.00214289478 0.5 p1 25061 8
597 13190376 m2 913233 -0.00093539292 0.5 p1 25063 8
246 13195550 m2 365969 -0.000228241915 0.5 p1 25079 8
490 13200302 m2 748570 -0.000904042972 0.5 p1 25094 8
807 13203741 m2 1255259 -0.000656486722 0.5 p1 25105 8
2205 13203824 m2 3309268 -0.000402068748 0.5 p1 25105 8
1989 13211908 m2 3007580 -0.00310673821 0.5 p1 25130 8
1293 13212900 m2 1971287 -0.000811488484 0.5 p1 25133 8
2144 13221564 m2 3216911 -0.000449784973 0.5 p1 25162 8
2912 13227447 m2 4468057 -0.000890616968 0.5 p1 25180 8
3221 13228459 m2 4909444 -9.75774528e-05 0.5 p1 25183 8
2102 13230784 m2 3160676 -0.000453748682 0.5 p1 25191 8
2489 13230810 m2 3773580 -0.00202366826 0.5 p1 25191 8
365 13233130 m2 564132 -0.000647383858 0.5 p1 25198 8
2601 13240562 m2 3958647 -5.45046314e-05 0.5 p1 25221 8
273 13242586 m2 406738 -0.000462969329 0.5 p1 25227 8
2217 13253940 m2 3334357 -0.000229496014 0.5 p1 25262 8
2434 13255136 m2 3677872 -0.000221193317 0.5 p1 25266 8
847 13255209 m2 1311444 -0.00137848593 0.5 p1 25266 8
1433 13260980 m2 2175600 -1.7489423e-05 0.5 p1 25284 8
2148 13273623 m2 3227229 -0.00107626 0.5 p1 25324 8
2197 13278018 m2 3294672 -0.00163958129 0.5 p1 25337 8
319 13278751 m2 480693 -0.000560220273 0.5 p1 25340 8
2402 13279728 m2 3627434 -2.80818267e-06 0.5 p1 25343 8
1717 13283026 m2 2599543 -3.34592623e-05 0.5 p1 25353 8
1010 13283351 m2 1559596 -0.00287207309 0.5 p1 25354 8
536 13284400 m2 833597 -0.00432359241 0.5 p1 25358 8
1164 13285288 m2 1795333 -0.00012887409 0.5 p1 25361 8
1772 13303887 m2 2687378 -0.000158552139 0.5 p1 25422 8
3044 13304841 m2 4651172 -0.00122579874 0.5 p1 25425 8
1388 13305820 m2 2122117 -0.000109950517 0.5 p1 25428 8
92 13308934 m2 145721 -0.00137905893 0.5 p1 25438 8
2468 13309996 m2 3737071 -3.43735883e-05 0.5 p1 25442 8
1003 13313568 m2 1541054 -4.54176734e-05 0.5 p1 25453 8
2681 13317842 m2 4092015 -5.88696421e-05 0.5 p1 25468 8
1559 13327420 m2 2398325 -0.000251158635 0.5 p1 25500 8
2232 13329412 m2 3357209 -2.00207378e-05 0.5 p1 25506 8
2823 13344158 m2 4325141 -6.81371675e-05 0.5 p1 25555 8
2179 13345987 m2 3266904 -3.85820294e-06 0.5 p1 25561 8
2509 13347086 m2 3814051 -0.00136429269 0.5 p1 25564 8
1421 13350915 m2 2163607 -0.000893295277 0.5 p1 25578 8
1721 13353705 m2 2605669 -0.00149802957 0.5 p1 25587 8
43 13361171 m2 68445 -0.00266194856 0.5 p1 25613 8
2735 13363870 m2 4184422 -0.00411929749 0.5 p1 25622 8
1105 13364137 m2 1706457 -0.000105782987 0.5 p1 25622 8
3090 13364556 m2 4712409 -0.00614420092 0.5 p1 25624 8
2734 13368166 m2 4183504 -0.000316353136 0.5 p1 25636 8
3031 13368655 m3 4633942 0.002558626 0.5 p1 25637 8
2510 13370272 m2 3814777 -0.000858600077 0.5 p1 25643 8
1710 13384575 m2 2587787 -0.000500333204 0.5 p1 25689 8
1134 13386346 m2 1751590 -0.000285264716 0.5 p1 25695 8
2684 13391302 m3 4097447 0.000264440547 0.5 p1 25712 8
935 13391413 m3 1452987 0.00220456393 0.5 p1 25712 8
736 13393086 m2 1150233 -0.000587227463 0.5 p1 25718 8
1578 13394545 m2 2420498 -0.000495839922 0.5 p1 25723 8
2983 13396173 m2 4570259 -5.44575159e-05 0.5 p1 25728 8
547 13403998 m2 847125 -0.000230338075 0.5 p1 25753 8
1125 13405530 m2 1739515 -0.00337008177 0.5 p1 25758 8
2657 13408219 m2 4046102 -3.56326163e-05 0.5 p1 25767 8
2129 13409870 m2 3190256 -0.00262549822 0.5 p1 25772 8
446 13413542 m2 686924 -0.000130166736 0.5 p1 25784 8
1173 13417798 m2 1799703 -0.00220335322 0.5 p1 25797 8
2136 13419071 m2 3200365 -5.74232672e-07 0.5 p1 25801 8
1774 13425968 m2 2688442 -0.00239956169 0.5 p1 25823 8
153 13428313 m2 230806 -0.00236992096 0.5 p1 25831 8
310 13430448 m2 467361 -8.27412659e-05 0.5 p1 25837 8
701 13438731 m2 1104862 -0.00160210649 0.5 p1 25866 8
1387 13440300 m2 2120992 -0.00137268647 0.5 p1 25871 8
55 13440604 m2 80392 -0.000964652805 0.5 p1 25872 8
2619 13443941 m2 3988698 -0.000532694918 0.5 p1 25883 8
718 13445048 m2 1127669 -3.57576027e-05 0.5 p1 25887 8
140 13453519 m2 214028 -2.80912172e-06 0.5 p1 25914 8
3213 13454851 m2 4895273 -2.04344815e-06 0.5 p1 25918 8
2949 13465686 m2 4519177 -6.76123955e-06 0.5 p1 25954 8
200 13470798 m2 292128 -9.37235745e-05 0.5 p1 25970 8
3210 13472476 m2 4892039 -0.00337755564 0.5 p1 25976 8
2678 13473833 m2 4080460 -0.000192102074 0.5 p1 25981 8
3065 13477672 m2 4674749 -1.03440088e-05 0.5 p1 25993 8
1061 13479670 m2 1646335 -0.00178259856 0.5 p1 25999 8
2710 13481475 m2 4133895 -0.00161605258 0.5 p1 26005 8
1920 13482519 m2 2916649 -9.43261621e-05 0.5 p1 26008 8
1602 13482659 m2 2449766 -0.000488221936 0.5 p1 26009 8
1451 13489393 m3 2222775 0.000296258368 0.5 p1 26031 8
3153 13490978 m2 4810498 -0.000174384535 0.5 p1 26036 8
3186 13492146 m2 4852509 -8.0292084e-05 0.5 p1 26040 8
2526 13492306 m2 3837319 -0.0015900709 0.5 p1 26041 8
2519 13502320 m2 3830400 -2.27480905e-05 0.5 p1 26073 8
931 13504233 m2 1442673 -3.18324055e-05 0.5 p1 26079 8
3039 13511770 m2 4645218 -0.000167110149 0.5 p1 26104 8
386 13512988 m2 596876 -0.000314551609 0.5 p1 26108 8
2151 13512992 m2 3228070 -0.000514272484 0.5 p1 26108 8
216 13515075 m2 310764 -0.00091346103 0.5 p1 26115 8
2202 13517250 m2 3301461 -0.00718096644 0.5 p1 26123 8
3035 13522678 m2 4643892 -0.00055025972 0.5 p1 26140 8
3223 13526931 m2 4910997 -0.00225562346 0.5 p1 26155 8
822 13527736 m2 1269993 -0.00355526665 0.5 p1 26157 8
899 13539496 m2 1397066 -0.000422745215 0.5 p1 26197 8
2918 13543241 m2 4473808 -1.64505327e-05 0.5 p1 26209 8
240 13544697 m2 354548 -0.00181033765 0.5 p1 26214 8
2696 13548672 m2 4120136 -0.000288807671 0.5 p1 26228 8
3289 13553974 m3 4988025 0.00101064029 0.5 p1 26245 8
1544 13554439 m2 2375045 -0.000349860871 0.5 p1 26247 8
3163 13557701 m2 4822425 -0.000421381788 0.5 p1 26258 8
1906 13557783 m2 2893330 -0.000628185866 0.5 p1 26258 8
2454 13561513 m2 3718128 -3.07224873e-05 0.5 p1 26271 8
2404 13566756 m2 3629291 -0.000276180974 0.5 p1 26289 8
694 13577949 m2 1084194 -1.4254264e-05 0.5 p1 26326 8
3077 13580269 m2 4697140 -6.65593107e-05 0.5 p1 26334 8
831 13580371 m2 1286066 -0.000334821438 0.5 p1 26334 8
3242 13586324 m2 4937565 -0.00113563496 0.5 p1 26353 8
3085 13586352 m2 4705470 -0.000264518894 0.5 p1 26353 8
3203 13589711 m2 4885944 -5.79695416e-06 0.5 p1 26364 8
2185 13590025 m2 3275598 -4.12504814e-05 0.5 p1 26365 8
1765 13590859 m2 2676050 -0.000670993351 0.5 p1 26368 8
400 13594341 m2 608602 -0.000273526588 0.5 p1 26380 8
1924 13605345 m2 2920343 -0.000761234551 0.5 p1 26416 8
763 13612160 m2 1207285 -0.00322258985 0.5 p1 26439 8
1100 13622646 m2 1703285 -0.0038093233 0.5 p1 26474 8
296 13625166 m2 445775 -0.00108936918 0.5 p1 26482 8
1956 13630924 m2 2960446 -0.000368293375 0.5 p1 26501 8
537 13633448 m2 834001 -2.30196129e-05 0.5 p1 26510 8
1541 13640520 m3 2367685 0.000508066092 0.5 p1 26533 8
941 13641286 m2 1460418 -0.00273235771 0.5 p1 26536 8
2797 13644448 m2 4269984 -5.81843924e-05 0.5 p1 26546 8
3188 13645051 m2 4853208 -2.07948706e-05 0.5 p1 26548 8
927 13652788 m2 1440087 -0.00231632404 0.5 p1 26573 8
1473 13653474 m2 2267298 -2.10663293e-05 0.5 p1 26576 8
2673 13653883 m3 4075323 0.00197692402 0.5 p1 26577 8
520 13654616 m2 810182 -4.32590787e-05 0.5 p1 26579 8
829 13660398 m2 1284827 -0.000475764711 0.5 p1 26598 8
2623 13662346 m2 3993350 -0.00244614505 0.5 p1 26605 8
593 13663670 m2 909071 -0.000697904674 0.5 p1 26610 8
2711 13665970 m2 4134458 -0.00394215435 0.5 p1 26617 8
1180 13669877 m2 1813435 -0.000771860185 0.5 p1 26630 8
3026 13692304 m2 4623483 -0.000230101912 0.5 p1 26704 8
1391 13693711 m2 2124765 -0.000198246853 0.5 p1 26708 8
820 13712046 m2 1268447 -0.00144461833 0.5 p1 26768 8
2476 13714690 m2 3749395 -0.00095510477 0.5 p1 26777 8
1075 13717617 m2 1666967 -0.00121173915 0.5 p1 26786 8
1818 13719118 m2 2767849 -0.0038551027 0.5 p1 26791 8
875 13719982 m2 1358813 -0.000172731598 0.5 p1 26794 8
1325 13725049 m2 2029155 -0.000443404802 0.5 p1 26811 8
1673 13728593 m2 2544013 -0.00121357641 0.5 p1 26822 8
2730 13736084 m3 4173714 0.000961531478 0.5 p1 26847 8
418 13736758 m2 639404 -1.72597964e-07 0.5 p1 26849 8
1462 13738122 m2 2252557 -1.86838188e-05 0.5 p1 26854 8
867 13749463 m2 1346240 -0.000676400145 0.5 p1 26892 8
797 13750876 m2 1251204 -4.66363781e-05 0.5 p1 26897 8
912 13755464 m2 1412239 -0.00216102065 0.5 p1 26912 8
3170 13760838 m2 4827796 -0.00253410125 0.5 p1 26930 8
282 13770822 m2 421319 -0.00195921212 0.5 p1 26964 8
2267 13771403 m2 3412914 -7.6010183e-05 0.5 p1 26966 8
2958 13774311 m2 4533519 -0.00111634366 0.5 p1 26976 8
2134 13783241 m2 3196111 -0.000180123461 0.5 p1 27007 8
1131 13797868 m2 1747551 -0.00161118887 0.5 p1 27059 8
1277 13807253 m2 1953076 -0.000576969702 0.5 p1 27092 8
2891 13810174 m2 4435905 -8.56743441e-08 0.5 p1 27101 8
725 13822809 m2 1136758 -0.00323067955 0.5 p1 27145 8
1622 13829412 m2 2477925 -1.66588711e-06 0.5 p1 27167 8
1951 13839398 m2 2951302 -0.000494619948 0.5 p1 27202 8
2465 13841022 m2 3735021 -0.00175676553 0.5 p1 27208 8
566 13841082 m2 875702 -4.26573752e-05 0.5 p1 27208 8
2462 13843546 m2 3730671 -0.000127518884 0.5 p1 27216 8
667 13845375 m2 1025469 -0.00275432598 0.5 p1 27223 8
845 13847202 m2 1306272 -0.00101553346 0.5 p1 27230 8
2165 13847636 m2 3253170 -0.00221605552 0.5 p1 27231 8
2835 13849092 m2 4349187 -4.8188489e-05 0.5 p1 27236 8
645 13852661 m2 988017 -0.00101412332 0.5 p1 27249 8
1916 13854188 m2 2914682 -6.40774379e-05 0.5 p1 27254 8
672 13854590 m2 1040158 -3.24792154e-07 0.5 p1 27256 8
1286 13854988 m2 1960689 -0.000474540138 0.5 p1 27257 8
923 13856959 m2 1432064 -4.02766746e-05 0.5 p1 27264 8
375 13867463 m2 578593 -0.000289576594 0.5 p1 27302 8
1016 13869127 m2 1573075 -0.000374642725 0.5 p1 27307 8
2963 13869311 m2 4545903 -0.000411796907 0.5 p1 27308 8
2666 13874458 m2 4059635 -0.000246825395 0.5 p1 27326 8
1049 13876897 m2 1633573 -0.001968703 0.5 p1 27335 8
2658 13880414 m2 4048084 -0.000366641878 0.5 p1 27347 8
1736 13880709 m2 2622561 -0.00168615545 0.5 p1 27348 8
2357 13881276 m2 3562256 -0.000592999277 0.5 p1 27350 8
3086 13885043 m2 4705950 -0.000297736027 0.5 p1 27363 8
2709 13887016 m2 4132655 -0.00100554177 0.5 p1 27370 8
1787 13889590 m2 2719743 -0.0012636676 0.5 p1 27379 8
1310 13895724 m2 2001796 -0.0020782128 0.5 p1 27401 8
1248 13896835 m2 1911597 -0.00038348863 0.5 p1 27404 8
1979 13899041 m2 2990590 -0.000182043863 0.5 p1 27412 8
2438 13899285 m2 3685114 -1.77346228e-05 0.5 p1 27413 8
2127 13900786 m2 3186648 -0.000838267035 0.5 p1 27419 8
2534 13903222 m2 3850226 -0.000168250321 0.5 p1 27427 8
917 13916913 m2 1420095 -0.000127263396 0.5 p1 27477 8
2095 13917736 m3 3154753 0.00041732582 0.5 p1 27480 8
1377 13919677 m2 2115912 -0.00231077685 0.5 p1 27487 8
2659 13921087 m2 4048394 -0.000599653227 0.5 p1 27492 8
1292 13921330 m2 1967793 -0.00392612396 0.5 p1 27493 8
401 13928408 m2 610506 -0.000350121991 0.5 p1 27519 8
1469 13940597 m2 2265024 -0.00438917149 0.5 p1 27564 8
698 13941566 m2 1098596 -0.000520281959 0.5 p1 27567 8
2306 13941792 m2 3464060 -0.000124509621 0.5 p1 27568 8
751 13943601 m2 1185867 -3.62099163e-05 0.5 p1 27575 8
3255 13946114 m2 4952603 -0.000830647536 0.5 p1 27584 8
1028 13947698 m2 1596223 -0.000956280855 0.5 p1 27590 8
3081 13949750 m2 4699379 -6.07746097e-06 0.5 p1 27598 8
42 13952629 m2 67709 -0.000211913197 0.5 p1 27608 8
3122 13953109 m2 4761767 -3.04148784e-07 0.5 p1 27610 8
2689 13954422 m2 4106620 -0.00188043469 0.5 p1 27615 8
790 13964072 m2 1243933 -0.000721691526 0.5 p1 27651 8
606 13967792 m2 922227 -0.000223383831 0.5 p1 27664 8
3292 13967815 m2 4990708 -2.06001059e-05 0.5 p1 27665 8
2348 13967910 m2 3544159 -0.000244606374 0.5 p1 27665 8
2122 13970500 m2 3177873 -0.00347490609 0.5 p1 27674 8
768 13970600 m2 1211287 -0.00174181012 0.5 p1 27675 8
2807 13982364 m2 4285705 -0.000338069687 0.5 p1 27719 8
1780 13982484 m2 2700932 -9.5146288e-06 0.5 p1 27719 8
68 13982718 m2 95501 -0.0012212384 0.5 p1 27720 8
3265 13984089 m2 4960931 -0.000135690658 0.5 p1 27725 8
1472 13986974 m2 2266811 -0.000250601559 0.5 p1 27735 8
2922 13989715 m2 4477949 -0.000524678151 0.5 p1 27745 8
2501 13992976 m2 3789166 -0.000202457246 0.5 p1 27758 8
238 13996091 m2 342803 -0.000614539895 0.5 p1 27769 8
242 13997537 m2 355347 -7.77423338e-07 0.5 p1 27775 8
1992 14003202 m2 3011238 -0.00158371986 0.5 p1 27795 8
1315 14006204 m2 2017143 -0.000145456273 0.5 p1 27806 8
1970 14007064 m2 2977287 -0.000368389447 0.5 p1 27809 8
2045 14015654 m2 3090178 -0.000413419824 0.5 p1 27841 8
711 14015826 m2 1122540 -0.000196214372 0.5 p1 27841 8
391 14016888 m2 599472 -0.00389283081 0.5 p1 27845 8
2538 14017118 m2 3855954 -0.00119474204 0.5 p1 27846 8
1737 14019146 m2 2623950 -0.00386700477 0.5 p1 27853 8
3106 14024592 m2 4740406 -0.00220315857 0.5 p1 27873 8
682 14030740 m2 1064835 -0.00071740133 0.5 p1 27895 8
3070 14032512 m2 4683219 -0.000434438552 0.5 p1 27900 8
2078 14036198 m2 3129231 -8.19501889e-09 0.5 p1 27914 8
1993 14036950 m2 3013798 -0.000422482088 0.5 p1 27917 8
2713 14037387 m2 4135953 -0.00134558952 0.5 p1 27918 8
2733 14038528 m2 4181932 -0.00132160191 0.5 p1 27922 8
1233 14039583 m3 1893819 0.000297804509 0.5 p1 27927 8
326 14040704 m2 498820 -4.03413251e-05 0.5 p1 27931 8
1996 14040730 m2 3018212 -0.00423318427 0.5 p1 27931 8
340 14041327 m2 528199 -4.24118025e-06 0.5 p1 27933 8
3100 14042847 m2 4732879 -0.00010035844 0.5 p1 27938 8
2083 14045103 m2 3138578 -2.48851702e-05 0.5 p1 27946 8
3189 14046843 m2 4856648 -3.32763739e-05 0.5 p1 27953 8
2523 14048734 m2 3836449 -0.00153363275 0.5 p1 27960 8
463 14050424 m2 714173 -0.000514339074 0.5 p1 27966 8
932 14052524 m2 1443340 -0.00262710638 0.5 p1 27974 8
1241 14054478 m2 1902474 -4.29860165e-06 0.5 p1 27982 8
2230 14056926 m2 3356736 -0.00194237998 0.5 p1 27991 8
1636 14058986 m2 2487020 -0.000614385935 0.5 p1 27999 8
1216 14070829 m2 1872867 -2.3509012e-05 0.5 p1 28043 8
75 14071415 m2 116674 -0.00424065348 0.5 p1 28045 8
693 14071833 m2 1082499 -0.000355615601 0.5 p1 28047 8
3263 14072259 m2 4958443 -0.000610546034 0.5 p1 28049 8
907 14075388 m2 1405902 -0.000214927728 0.5 p1 28061 8
628 14085163 m2 962798 -0.00279963459 0.5 p1 28097 8
1755 14085180 m2 2657957 -0.000134510774 0.5 p1 28097 8
2087 14087840 m2 3148321 -5.48287699e-06 0.5 p1 28108 8
2394 14091568 m2 3620579 -0.000293010904 0.5 p1 28122 8
1847 14092060 m2 2812754 -0.000188170015 0.5 p1 28124 8
2705 14093915 m2 4129451 -0.000233367435 0.5 p1 28131 8
1005 14099237 m2 1544794 -0.00416377932 0.5 p1 28151 8
2274 14099626 m2 3421407 -0.00121192355 0.5 p1 28152 8
2025 14100638 m2 3064744 -0.000350490562 0.5 p1 28156 8
3080 14111357 m2 4699303 -0.000679320772 0.5 p1 28196 8
3004 14112659 m2 4596187 -0.000353818701 0.5 p1 28201 8
3067 14114454 m2 4680179 -0.00162534509 0.5 p1 28207 8
2772 14121331 m2 4236185 -0.00040267437 0.5 p1 28233 8
854 14126353 m2 1322969 -0.000603096734 0.5 p1 28252 8
434 14128955 m2 657922 -0.000128593703 0.5 p1 28262 8
396 14130126 m2 602951 -0.000240166293 0.5 p1 28266 8
2991 14131032 m2 4579367 -9.09900609e-06 0.5 p1 28269 8
976 14134633 m2 1500651 -0.000844195951 0.5 p1 28283 8
3237 14143289 m2 4932496 -6.40990693e-05 0.5 p1 28315 8
2969 14145844 m2 4552666 -0.000177951995 0.5 p1 28325 8
2075 14148956 m3 3124097 0.000412736525 0.5 p1 28337 8
1357 14155807 m2 2087511 -0.000273165089 0.5 p1 28362 8
1041 14155940 m2 1614856 -0.00124601414 0.5 p1 28363 8
98 14161439 m2 150432 -0.00289520691 0.5 p1 28383 8
1263 14162210 m2 1931608 -0.000287269271 0.5 p1 28386 8
619 14168128 m2 939274 -0.000228203789 0.5 p1 28408 8
1189 14171384 m2 1830466 -0.000992698129 0.5 p1 28421 8
1165 14171516 m2 1795424 -0.000393091701 0.5 p1 28421 8
3206 14175990 m2 4888989 -0.00706574321 0.5 p1 28438 8
2044 14176899 m2 3090123 -3.67745059e-07 0.5 p1 28442 8
2631 14178935 m2 4012474 -0.00119812333 0.5 p1 28449 8
616 14180644 m2 935207 -0.00032452523 0.5 p1 28456 8
438 14182821 m2 668396 -0.000199467235 0.5 p1 28464 8
2686 14185833 m2 4101370 -0.00180179474 0.5 p1 28476 8
532 14186873 m2 824506 -0.00593129918 0.5 p1 28480 8
1902 14187511 m2 2889410 -0.00141126814 0.5 p1 28482 8
706 14191272 m2 1112054 -0.00125715544 0.5 p1 28496 8
2240 14200769 m2 3373129 -0.00069249142 0.5 p1 28532 8
3062 14206126 m2 4671092 -0.000100429017 0.5 p1 28553 8
972 14211005 m2 1497889 -0.000992036308 0.5 p1 28572 8
1633 14211699 m2 2486965 -8.88687791e-05 0.5 p1 28575 8
858 14219062 m2 1334434 -0.000119171258 0.5 p1 28603 8
3023 14225200 m2 4617407 -9.40277187e-06 0.5 p1 28628 8
2754 14227745 m2 4216615 -7.47894865e-06 0.5 p1 28637 8
335 14228203 m2 520943 -0.000229069556 0.5 p1 28639 8
1778 14228638 m2 2700019 -0.000351708295 0.5 p1 28641 8
2103 14228809 m2 3161119 -0.00106186338 0.5 p1 28642 8
145 14228922 m2 215170 -0.000325073022 0.5 p1 28642 8
1877 14233457 m2 2856075 -0.000138284769 0.5 p1 28660 8
2978 14234304 m2 4563571 -1.67135877e-05 0.5 p1 28663 8
297 14235868 m3 446345 0.000160140378 0.5 p1 28670 8
2582 14236378 m2 3925751 -0.000621998333 0.5 p1 28672 8
2930 14238975 m2 4490726 -0.00363905611 0.5 p1 28682 8
3061 14239633 m2 4670312 -7.53827917e-05 0.5 p1 28685 8
2830 14239672 m3 4333910 0.00350267626 0.5 p1 28685 8
2452 14244421 m2 3714154 -0.00228043064 0.5 p1 28703 8
281 14249778 m2 414345 -2.90542175e-06 0.5 p1 28724 8
1770 14264145 m2 2684150 -1.32127152e-05 0.5 p1 28780 8
1631 14268317 m2 2484735 -0.000115496383 0.5 p1 28796 8
3034 14274449 m2 4643504 -0.00109409064 0.5 p1 28820 8
2003 14281883 m2 3032222 -0.00048330921 0.5 p1 28849 8
2692 14287292 m2 4113298 -0.000550378696 0.5 p1 28870 8
2115 14288847 m2 3171494 -0.00270729489 0.5 p1 28876 8
2987 14289265 m2 4573057 -0.000757214264 0.5 p1 28878 8
2536 14293585 m2 3851028 -0.000386155967 0.5 p1 28895 8
1693 14295695 m2 2569211 -0.00092535303 0.5 p1 28903 8
577 14297762 m2 891537 -0.000263782829 0.5 p1 28911 8
3054 14298291 m2 4661326 -0.00026472687 0.5 p1 28913 8
1859 14300210 m2 2827384 -0.000192365798 0.5 p1 28921 8
2320 14301989 m2 3503891 -6.09240305e-05 0.5 p1 28927 8
1592 14303048 m2 2436878 -0.000200462164 0.5 p1 28931 8
1012 14303220 m2 1564462 -0.000130741493 0.5 p1 28932 8
50 14305692 m2 75859 -0.00323354127 0.5 p1 28942 8
2407 14309521 m2 3638493 -0.000726139406 0.5 p1 28956 8
984 14315229 m2 1511788 -1.23576385e-07 0.5 p1 28979 8
2824 14315885 m2 4325621 -0.000877849234 0.5 p1 28982 8
3193 14318633 m2 4865326 -2.13540698e-05 0.5 p1 28993 8
2859 14321064 m2 4380936 -0.00252938084 0.5 p1 29002 8
173 14323849 m2 254452 -0.00116489409 0.5 p1 29013 8
1549 14324952 m2 2383766 -0.000300719257 0.5 p1 29017 8
2358 14325471 m2 3563057 -0.000812568353 0.5 p1 29020 8
3160 14329599 m2 4819118 -0.00261722365 0.5 p1 29035 8
2785 14334170 m2 4253476 -0.00335707981 0.5 p1 29053 8
1067 14334451 m2 1658578 -0.00295497337 0.5 p1 29055 8
1372 14336791 m2 2112664 -0.002276293 0.5 p1 29064 8
1903 14343587 m2 2890212 -0.000159355142 0.5 p1 29091 8
219 14344202 m2 319321 -0.00154614111 0.5 p1 29094 8
10 14349429 m2 16824 -0.000966911786 0.5 p1 29114 8
1518 14351189 m2 2332018 -0.00227660267 0.5 p1 29121 8
360 14356341 m2 556173 -0.00158093031 0.5 p1 29141 8
857 14359139 m2 1333508 -0.000676652126 0.5 p1 29152 8
2815 14359867 m2 4308874 -0.0018182816 0.5 p1 29155 8
743 14363989 m2 1167022 -4.91412757e-05 0.5 p1 29171 8
392 14365227 m2 599678 -9.14283532e-07 0.5 p1 29176 8
1874 14368227 m2 2848836 -3.14005483e-05 0.5 p1 29188 8
106 14369483 m2 167886 -4.87850702e-05 0.5 p1 29193 8
3005 14369766 m2 4597066 -0.000205211458 0.5 p1 29194 8
2423 14373379 m2 3662467 -3.52973728e-07 0.5 p1 29208 8
1108 14373817 m2 1717577 -0.00444575306 0.5 p1 29210 8
618 14376148 m2 938758 -0.000314356497 0.5 p1 29220 8
509 14379521 m2 788297 -0.000993528636 0.5 p1 29234 8
2567 14381542 m2 3907911 -3.48788562e-05 0.5 p1 29242 8
1919 14383763 m2 2915203 -0.00358321099 0.5 p1 29251 8
1329 14388135 m2 2036977 -0.0122292181 0.5 p1 29269 8
1361 14391297 m2 2091427 -0.001733999 0.5 p1 29282 8
2339 14391720 m2 3529338 -0.00039791633 0.5 p1 29284 8
1245 14394220 m2 1909040 -0.00138031284 0.5 p1 29294 8
2308 14399011 m2 3469660 -0.00175171846 0.5 p1 29313 8
2160 14401384 m2 3241830 -0.000625427114 0.5 p1 29322 8
1082 14404723 m2 1679717 -0.000801625836 0.5 p1 29336 8
458 14406456 m2 702630 -0.000765139237 0.5 p1 29343 8
3204 14419487 m2 4886962 -0.000737535825 0.5 p1 29397 8
3275 14426491 m2 4976174 -0.000233876155 0.5 p1 29426 8
1588 14433575 m2 2434123 -0.00339464052 0.5 p1 29455 8
2900 14435133 m2 4456576 -0.000720391457 0.5 p1 29462 8
56 14440547 m2 81745 -0.000474954839 0.5 p1 29484 8
1239 14445511 m2 1900427 -0.000581894477 0.5 p1 29505 8
2742 14447793 m2 4202729 -0.000416235038 0.5 p1 29514 8
3262 14451640 m2 4957877 -1.77908041e-05 0.5 p1 29531 8
2392 14452651 m2 3616412 -2.81244638e-06 0.5 p1 29536 8
2334 14460302 m2 3521371 -0.000669894333 0.5 p1 29569 8
120 14466250 m2 188270 -0.000291025121 0.5 p1 29595 8
3019 14467054 m2 4614567 -0.000769252481 0.5 p1 29598 8
1349 14468051 m2 2070266 -0.000997251365 0.5 p1 29603 8
37 14471300 m2 62092 -0.00388765405 0.5 p1 29617 8
2436 14471344 m2 3679269 -6.18928925e-06 0.5 p1 29617 8
1526 14473208 m2 2340830 -0.000697906129 0.5 p1 29625 8
3272 14474612 m2 4972873 -0.000939712278 0.5 p1 29631 8
2188 14474755 m2 3280218 -0.000146236271 0.5 p1 29631 8
1933 14477304 m2 2927372 -4.56318885e-05 0.5 p1 29642 8
722 14477353 m2 1132518 -0.00379151292 0.5 p1 29642 8
1404 14478549 m2 2138084 -0.000855556515 0.5 p1 29647 8
3068 14481079 m2 4680462 -0.00128843857 0.5 p1 29658 8
1635 14481381 m2 2487011 -2.43306604e-05 0.5 p1 29659 8
1679 14483062 m2 2549739 -1.03730645e-05 0.5 p1 29666 8
2591 14490478 m2 3943766 -0.0011399613 0.5 p1 29699 8
2832 14494580 m2 4345496 -0.000682193146 0.5 p1 29716 8
2524 14495404 m2 3836654 -6.76692798e-05 0.5 p1 29720 8
1609 14495716 m2 2457435 -0.0016534708 0.5 p1 29721 8
2097 14496136 m2 3156221 -0.000694827526 0.5 p1 29723 8
1019 14499181 m2 1574935 -2.73760852e-05 0.5 p1 29736 8
1823 14502322 m2 2776167 -0.000145861384 0.5 p1 29750 8
489 14504427 m2 746074 -0.000402463338 0.5 p1 29759 8
380 14504527 m3 581831 0.00104271085 0.5 p1 29759 8
1258 14505144 m2 1924933 -9.63615912e-06 0.5 p1 29762 8
162 14510400 m2 244460 -0.000270236953 0.5 p1 29785 8
2182 14511126 m2 3272314 -0.00129739544 0.5 p1 29788 8
1751 14511728 m2 2652016 -0.00252102618 0.5 p1 29791 8
756 14515180 m2 1193924 -4.06402432e-05 0.5 p1 29806 8
1707 14515858 m2 2580913 -0.00751262484 0.5 p1 29809 8
2846 14519003 m2 4364994 -0.000583287678 0.5 p1 29823 8
1505 14519382 m2 2315844 -0.00054090732 0.5 p1 29824 8
1048 14528463 m2 1627492 -0.000339756953 0.5 p1 29864 8
3124 14528776 m2 4763864 -0.000405828148 0.5 p1 29866 8
474 14541120 m2 727554 -1.30604421e-05 0.5 p1 29920 8
533 14541137 m2 826646 -0.000433819601 0.5 p1 29920 8
2543 14541342 m2 3865526 -0.00433788821 0.5 p1 29921 8
1767 14543686 m2 2681357 -0.00126869965 0.5 p1 29932 8
1603 14544390 m2 2451230 -2.83864415e-06 0.5 p1 29935 8
1657 14548886 m2 2523808 -0.00365483505 0.5 p1 29955 8
2665 14549117 m2 4058667 -0.000387539447 0.5 p1 29956 8
1485 14550388 m2 2284158 -0.00569253089 0.5 p1 29961 8
2732 14553148 m2 4181646 -0.00196177769 0.5 p1 29974 8
2193 14554418 m2 3284567 -0.00308283675 0.5 p1 29979 8
767 14555296 m2 1210974 -3.40832557e-05 0.5 p1 29983 8
3087 14556619 m2 4706350 -0.00171549281 0.5 p1 29989 8
1840 14556799 m2 2797143 -0.000997970114 0.5 p1 29990 8
2793 14558142 m2 4266502 -0.00100916298 0.5 p1 29995 8
2632 14561634 m2 4012652 -0.00013211598 0.5 p1 30011 8
1395 14566618 m2 2132177 -0.000130970584 0.5 p1 30033 8
783 14568759 m2 1238201 -8.72835017e-07 0.5 p1 30043 8
2153 14570264 m2 3232249 -0.00413904432 0.5 p1 30050 8
1040 14570943 m2 1614461 -0.00108660536 0.5 p1 30052 8
323 14573718 m2 491928 -7.36423681e-06 0.5 p1 30065 8
3113 14580914 m2 4746454 -0.00264374889 0.5 p1 30098 8
1753 14581325 m2 2652909 -0.000593810808 0.5 p1 30100 8
1262 14586593 m2 1931113 -0.000113332717 0.5 p1 30123 8
3254 14586873 m2 4951624 -0.00151969632 0.5 p1 30124 8
1944 14587497 m2 2942084 -0.00118236768 0.5 p1 30127 8
1551 14588250 m2 2387113 -0.0067893602 0.5 p1 30131 8
2143 14590821 m2 3215506 -0.00452535041 0.5 p1 30142 8
526 14592033 m2 820727 -0.000282378373 0.5 p1 30147 8
348 14596044 m2 540543 -0.000488541555 0.5 p1 30165 8
1954 14596413 m2 2956545 -6.86474505e-06 0.5 p1 30166 8
1718 14600485 m2 2600618 -0.00569556281 0.5 p1 30185 8
1752 14602413 m2 2652203 -0.000429244974 0.5 p1 30193 8
1278 14602446 m2 1954062 -0.00288291648 0.5 p1 30193 8
1071 14603354 m2 1662101 -0.00103365537 0.5 p1 30197 8
172 14605250 m2 253475 -0.00032786926 0.5 p1 30206 8
34 14606254 m2 57589 -2.14515767e-05 0.5 p1 30211 8
2466 14608850 m2 3735626 -0.00275876583 0.5 p1 30223 8
1476 14611405 m2 2270245 -0.000435557507 0.5 p1 30234 8
1531 14612305 m2 2344832 -0.000161777542 0.5 p1 30239 8
1782 14614707 m2 2702806 -0.000817382883 0.5 p1 30249 8
1045 14621916 m2 1619821 -4.62363314e-05 0.5 p1 30281 8
2613 14628846 m2 3976076 -7.75219269e-06 0.5 p1 30312 8
1215 14635415 m2 1871483 -0.0024955722 0.5 p1 30342 8
2670 14636474 m2 4069540 -0.00143412955 0.5 p1 30347 8
668 14644335 m2 1028231 -5.80719188e-06 0.5 p1 30382 8
2627 14646810 m2 4004308 -0.00561056379 0.5 p1 30393 8
1887 14648084 m2 2870041 -0.00191839365 0.5 p1 30399 8
1937 14650323 m2 2932543 -0.00138831488 0.5 p1 30409 8
2993 14651464 m2 4580470 -2.68390778e-07 0.5 p1 30414 8
2293 14651710 m2 3450086 -1.32098621e-05 0.5 p1 30415 8
57 14652442 m2 82615 -0.000458285038 0.5 p1 30418 8
2597 14657786 m2 3946430 -0.00119100208 0.5 p1 30443 8
552 14660031 m3 852584 0.000391884241 0.5 p1 30453 8
1528 14662929 m2 2341670 -0.000449856627 0.5 p1 30465 8
2837 14664019 m2 4355925 -0.000203316871 0.5 p1 30470 8
2934 14665392 m2 4495912 -0.000732293061 0.5 p1 30477 8
774 14666142 m2 1222442 -0.000147811748 0.5 p1 30480 8
3205 14670643 m2 4887817 -0.000405793631 0.5 p1 30501 8
2739 14674079 m2 4193156 -0.000214360276 0.5 p1 30517 8
402 14674671 m3 612935 0.00189998816 0.5 p1 30519 8
199 14677257 m2 291946 -0.0010935613 0.5 p1 30532 8
2373 14685260 m2 3580639 -8.60299988e-05 0.5 p1 30569 8
3167 14685546 m2 4824284 -0.000234698862 0.5 p1 30571 8
2233 14692580 m3 3358837 0.00165355124 0.5 p1 30603 8
1792 14692943 m3 2724275 0.000271377125 0.5 p1 30604 8
19 14695565 m2 38328 -1.34973379e-06 0.5 p1 30617 8
697 14696551 m2 1096363 -0.000144233694 0.5 p1 30621 8
3058 14701935 m2 4668662 -0.000130135755 0.5 p1 30646 8
1141 14704390 m2 1757502 -0.000811403326 0.5 p1 30657 8
1901 14705533 m2 2887871 -0.00138227211 0.5 p1 30662 8
2508 14712442 m2 3809724 -0.000165364574 0.5 p1 30693 8
2637 14720854 m2 4020106 -0.001380687 0.5 p1 30731 8
2825 14721729 m2 4326153 -0.00766563974 0.5 p1 30735 8
3136 14723223 m2 4777734 -8.76353283e-07 0.5 p1 30741 8
197 14723500 m2 288848 -0.000813761144 0.5 p1 30743 8
3245 14724161 m2 4941252 -0.000263780676 0.5 p1 30745 8
2110 14725583 m2 3166403 -0.0049080709 0.5 p1 30752 8
1689 14735022 m2 2566619 -0.000316432444 0.5 p1 30795 8
998 14738794 m2 1536777 -0.00010246189 0.5 p1 30813 8
146 14743818 m2 216098 -0.000143495854 0.5 p1 30836 8
2299 14744844 m2 3456692 -0.000143362224 0.5 p1 30841 8
940 14746491 m2 1459339 -0.00590310432 0.5 p1 30848 8
1492 14746990 m2 2297836 -0.00211565685 0.5 p1 30850 8
2610 14747833 m3 3964747 0.00153659075 0.5 p1 30854 8
1380 14749580 m2 2116496 -0.00368255586 0.5 p1 30862 8
3063 14750327 m2 4671459 -0.00217426452 0.5 p1 30865 8
2814 14751146 m2 4307933 -0.000261468173 0.5 p1 30869 8
1530 14754073 m2 2342974 -0.000223806506 0.5 p1 30882 8
1805 14756031 m2 2742358 -0.00966410991 0.5 p1 30891 8
3145 14758959 m2 4798118 -0.000877822167 0.5 p1 30905 8
612 14761527 m2 931379 -0.000577667437 0.5 p1 30917 8
1831 14762319 m2 2785999 -0.000250103563 0.5 p1 30921 8
1026 14764129 m2 1583998 -0.00299445819 0.5 p1 30930 8
2716 14766998 m2 4145415 -0.00041307832 0.5 p1 30943 8
1087 14769772 m2 1684072 -0.00051039987 0.5 p1 30955 8
3043 14772280 m3 4650584 0.000526168675 0.5 p1 30967 8
1938 14772837 m2 2933016 -0.00494900066 0.5 p1 30969 8
936 14774694 m2 1453881 -0.00293418323 0.5 p1 30978 8
268 14774810 m2 401309 -0.000212034953 0.5 p1 30979 8
1152 14777328 m2 1775580 -0.000234523613 0.5 p1 30990 8
2917 14780634 m2 4473779 -0.00330328103 0.5 p1 31005 8
2844 14784163 m2 4361579 -0.00154411083 0.5 p1 31022 8
761 14785181 m2 1204924 -0.000628791517 0.5 p1 31027 8
2960 14789850 m2 4537788 -0.00552767795 0.5 p1 31049 8
1893 14791017 m2 2875307 -3.66965032e-05 0.5 p1 31054 8
2352 14798163 m2 3551826 -0.000293122081 0.5 p1 31089 8
2268 14801470 m2 3413478 -0.00230003009 0.5 p1 31105 8
879 14802238 m2 1365663 -0.00143626251 0.5 p1 31108 8
3042 14802372 m2 4650151 -6.70492154e-05 0.5 p1 31109 8
481 14805244 m2 738936 -0.00287849386 0.5 p1 31122 8
483 14809179 m2 744316 -0.000421597331 0.5 p1 31141 8
1358 14809247 m2 2090382 -0.000479824113 0.5 p1 31141 8
3231 14811383 m2 4916585 -2.08683809e-06 0.5 p1 31151 8
902 14815316 m2 1401282 -8.91262516e-06 0.5 p1 31170 8
1453 14815854 m2 2232464 -0.00278147194 0.5 p1 31173 8
676 14816205 m2 1051392 -7.9153695e-05 0.5 p1 31174 8
744 14821120 m2 1167694 -2.18496297e-07 0.5 p1 31198 8
1724 14821264 m2 2609315 -4.05900164e-06 0.5 p1 31199 8
2145 14822541 m2 3217954 -1.12170874e-05 0.5 p1 31205 8
894 14823524 m2 1387603 -0.00209559826 0.5 p1 31210 8
1785 14827558 m2 2711930 -3.39922326e-06 0.5 p1 31228 8
1845 14829028 m2 2810832 -0.00198566937 0.5 p1 31236 8
691 14832034 m2 1081268 -0.00378816691 0.5 p1 31251 8
2370 14834319 m2 3577310 -0.00123130484 0.5 p1 31262 8
1228 14838436 m2 1887253 -6.91475943e-05 0.5 p1 31281 8
1273 14840358 m2 1947662 -0.00170552079 0.5 p1 31291 8
1039 14844706 m2 1613386 -0.0001312815 0.5 p1 31312 8
3108 14846109 m2 4744297 -0.00255392352 0.5 p1 31319 8
916 14847544 m2 1416873 -0.000786436955 0.5 p1 31326 8
3155 14847570 m2 4812381 -0.000246447686 0.5 p1 31326 8
1888 14847624 m2 2870131 -0.00016717668 0.5 p1 31327 8
2850 14851988 m2 4376058 -2.15748933e-05 0.5 p1 31349 8
1500 14854495 m2 2308517 -4.19639434e-07 0.5 p1 31362 8
407 14861203 m2 622113 -0.00415046746 0.5 p1 31396 8
2290 14864341 m2 3448161 -0.00317782001 0.5 p1 31412 8
700 14864662 m2 1101404 -0.00129447214 0.5 p1 31414 8
3252 14869209 m2 4949646 -0.000746663602 0.5 p1 31437 8
849 14869967 m2 1316790 -0.00289756968 0.5 p1 31441 8
1009 14871299 m2 1557371 -0.000405069004 0.5 p1 31447 8
3215 14871909 m2 4899727 -0.000133053065 0.5 p1 31450 8
3250 14873301 m2 4947426 -0.00104910147 0.5 p1 31457 8
1142 14875351 m2 1758062 -1.64663252e-05 0.5 p1 31467 8
3182 14876659 m2 4847399 -0.000327698537 0.5 p1 31474 8
409 14877372 m2 624979 -6.38880329e-06 0.5 p1 31477 8
3195 14877654 m2 4872219 -6.8479545e-05 0.5 p1 31479 8
383 14882092 m2 586626 -0.000339069869 0.5 p1 31501 8
1660 14883461 m2 2532233 -0.00125519396 0.5 p1 31508 8
2633 14884118 m2 4013594 -0.00325027434 0.5 p1 31511 8
2200 14890805 m2 3297486 -0.00145944895 0.5 p1 31544 8
196 14891587 m2 286479 -4.63854631e-05 0.5 p1 31548 8
1401 14894824 m2 2136076 -0.00265043136 0.5 p1 31566 8
925 14897610 m2 1434339 -0.00291195163 0.5 p1 31580 8
2871 14898028 m2 4403411 -0.00144886132 0.5 p1 31582 8
269 14899898 m2 402347 -2.42245042e-05 0.5 p1 31591 8
3227 14900122 m2 4914263 -0.00351113756 0.5 p1 31592 8
2381 14902108 m2 3595711 -0.000196370587 0.5 p1 31602 8
1587 14906171 m2 2431442 -0.00583795132 0.5 p1 31623 8
2092 14906793 m2 3151743 -0.000270282209 0.5 p1 31626 8
472 14909535 m2 723070 -0.000614765566 0.5 p1 31640 8
2026 14910508 m2 3064998 -0.000866755843 0.5 p1 31645 8
3176 14910766 m2 4842876 -0.000542007852 0.5 p1 31646 8
2758 14914616 m2 4218288 -8.96367783e-05 0.5 p1 31667 8
574 14914989 m2 890331 -0.000484024291 0.5 p1 31669 8
2303 14915930 m2 3461070 -5.08590856e-05 0.5 p1 31673 8
1763 14919406 m2 2674604 -3.56870041e-05 0.5 p1 31691 8
626 14919512 m2 960896 -4.76578243e-05 0.5 p1 31691 8
1166 14920080 m2 1795690 -0.00241063721 0.5 p1 31694 8
551 14928553 m2 852512 -0.00101461471 0.5 p1 31738 8
16 14928883 m2 36220 -0.000127568579 0.5 p1 31740 8
3258 14930475 m2 4954727 -0.00112996111 0.5 p1 31748 8
2560 14932728 m2 3895252 -0.000234472507 0.5 p1 31760 8
2313 14933016 m2 3484167 -0.00251648505 0.5 p1 31761 8
1474 14935490 m2 2269699 -0.00466162432 0.5 p1 31774 8
2518 14937221 m2 3829150 -0.00563858869 0.5 p1 31783 8
21 14947155 m2 45717 -0.00592604047 0.5 p1 31833 8
1280 14948596 m2 1956433 -9.11739928e-09 0.5 p1 31841 8
432 14948629 m2 654622 -0.00388678047 0.5 p1 31841 8
738 14955294 m2 1151305 -0.00655176491 0.5 p1 31875 8
1676 14958207 m2 2546767 -0.000120012155 0.5 p1 31891 8
103 14959406 m2 163527 -3.08677045e-05 0.5 p1 31897 8
2396 14960041 m2 3621427 -1.26858286e-05 0.5 p1 31901 8
117 14963522 m2 185849 -8.68378775e-05 0.5 p1 31920 8
2128 14965433 m2 3189573 -0.0042796554 0.5 p1 31930 8
873 14967763 m2 1354923 -0.000966714462 0.5 p1 31942 8
2970 14968349 m2 4554387 -0.000168763567 0.5 p1 31946 8
753 14968788 m2 1192821 -0.000592462253 0.5 p1 31948 8
1318 14969037 m2 2017536 -0.00223442866 0.5 p1 31950 8
1095 14970448 m2 1696902 -0.00362118334 0.5 p1 31958 8
1011 14971777 m3 1563505 0.000912981399 0.5 p1 31965 8
2702 14971922 m2 4126857 -0.00575577375 0.5 p1 31966 8
3132 14972210 m2 4771301 -0.000555003528 0.5 p1 31967 8
63 14972374 m2 92733 -0.000353726675 0.5 p1 31968 8
2847 14974703 m2 4370138 -0.00130881334 0.5 p1 31980 8
1795 14976679 m2 2727353 -0.000523761788 0.5 p1 31991 8
3222 14978650 m2 4910220 -0.00198124349 0.5 p1 32002 8
1662 14980561 m2 2535222 -0.00014402192 0.5 p1 32013 8
2384 14980662 m2 3601564 -0.000435411872 0.5 p1 32013 8
1066 14985347 m2 1657547 -0.00884114951 0.5 p1 32039 8
1432 14991631 m2 2172903 -0.0040378673 0.5 p1 32074 8
1975 14993831 m2 2980444 -0.000148535561 0.5 p1 32086 8
1002 14994594 m2 1538705 -0.000321332802 0.5 p1 32090 8
1121 14995492 m2 1733719 -0.000747300859 0.5 p1 32095 8
878 14995815 m2 1363810 -1.73515327e-05 0.5 p1 32097 8
1423 14995891 m2 2164855 -0.0014148769 0.5 p1 32097 8
1193 15002431 m2 1842495 -0.00178931549 0.5 p1 32134 8
22 15002541 m2 46966 -0.000271117751 0.5 p1 32134 8
1686 15003144 m2 2558871 -0.00012753137 0.5 p1 32138 8
93 15003970 m2 146365 -0.00029479916 0.5 p1 32143 8
1014 15007824 m2 1570829 -0.000805725635 0.5 p1 32165 8
275 15008616 m2 409903 -0.00171851052 0.5 p1 32169 8
874 15009713 m2 1358186 -0.00560344523 0.5 p1 32176 8
289 15010049 m2 429503 -0.000469092047 0.5 p1 32177 8
230 15015060 m2 333238 -0.0001031559 0.5 p1 32206 8
1667 15015138 m2 2537478 -0.00410138257 0.5 p1 32206 8
1317 15017016 m2 2017485 -0.0101960804 0.5 p1 32216 8
2553 15017273 m2 3883413 -0.0016991375 0.5 p1 32218 8
1353 15018252 m2 2081684 -0.00149340997 0.5 p1 32223 8
265 15019776 m2 397739 -2.82603452e-08 0.5 p1 32232 8
1747 15019913 m2 2648390 -0.00191471528 0.5 p1 32232 8
2474 15020148 m2 3747401 -9.19398226e-05 0.5 p1 32234 8
1214 15020158 m2 1870896 -0.000297503022 0.5 p1 32234 8
604 15023160 m2 919616 -0.00217686291 0.5 p1 32251 8
1720 15024023 m2 2602671 -0.000720300537 0.5 p1 32255 8
1400 15024374 m2 2135814 -2.23107327e-06 0.5 p1 32257 8
178 15025896 m2 260949 -0.00155233161 0.5 p1 32266 8
862 15027183 m2 1338582 -0.00204862119 0.5 p1 32273 8
679 15028780 m2 1054737 -0.0010327379 0.5 p1 32282 8
3107 15029322 m2 4742335 -0.00127279351 0.5 p1 32285 8
3183 15029415 m2 4850759 -0.00168173236 0.5 p1 32286 8
91 15031225 m2 145566 -0.00190553896 0.5 p1 32296 8
2626 15032160 m2 4000588 -0.00523507269 0.5 p1 32301 8
853 15033458 m2 1321535 -0.000309758412 0.5 p1 32308 8
2615 15033810 m2 3980414 -0.00174031826 0.5 p1 32311 8
371 15037542 m2 569733 -0.00403188635 0.5 p1 32332 8
2594 15038310 m2 3945268 -0.00108825287 0.5 p1 32337 8
3038 15041570 m2 4644784 -4.34126014e-05 0.5 p1 32355 8
403 15041571 m2 613491 -0.000919102749 0.5 p1 32355 8
3288 15043121 m2 4987217 -0.00163577253 0.5 p1 32364 8
2743 15045300 m2 4204032 -0.00183253444 0.5 p1 32376 8
188 15045374 m2 273602 -0.000759832154 0.5 p1 32377 8
980 15045433 m2 1509158 -0.000347017311 0.5 p1 32377 8
498 15046477 m2 775036 -3.17319391e-05 0.5 p1 32383 8
211 15046847 m2 303695 -1.56519548e-06 0.5 p1 32385 8
2052 15046908 m2 3095847 -0.000646613073 0.5 p1 32385 8
138 15049995 m2 209672 -3.02110766e-05 0.5 p1 32403 8
2156 15051044 m2 3239394 -0.00105583365 0.5 p1 32409 8
2327 15051291 m2 3512526 -0.00074400485 0.5 p1 32411 8
1044 15052324 m2 1619485 -4.0486877e-05 0.5 p1 32417 8
2000 15053785 m2 3027485 -5.9433125e-05 0.5 p1 32425 8
394 15055855 m2 601745 -1.98926391e-05 0.5 p1 32438 8
2557 15059686 m2 3890502 -0.000590459211 0.5 p1 32460 8
1939 15062747 m2 2934415 -0.00155026047 0.5 p1 32478 8
546 15063136 m2 846803 -0.00100679731 0.5 p1 32480 8
2737 15065271 m2 4186961 -1.32231435e-05 0.5 p1 32493 8
2881 15068939 m2 4421511 -0.000722646364 0.5 p1 32515 8
649 15070583 m2 990809 -0.00478758942 0.5 p1 32524 8
1347 15075835 m2 2068284 -0.00140529568 0.5 p1 32555 8
2174 15076043 m2 3261194 -0.00099456904 0.5 p1 32557 8
8 15077762 m2 12690 -0.000147112354 0.5 p1 32567 8
2856 15078234 m2 4378670 -0.00111193524 0.5 p1 32570 8
1313 15080301 m2 2014606 -0.000607724651 0.5 p1 32583 8
2925 15083280 m2 4484019 -0.0022442448 0.5 p1 32600 8
79 15086645 m2 121417 -2.658325e-06 0.5 p1 32620 8
333 15087504 m2 516281 -0.000643367006 0.5 p1 32625 8
1179 15088622 m2 1813236 -0.000436658214 0.5 p1 32631 8
1370 15091976 m2 2110458 -0.00204273639 0.5 p1 32651 8
1878 15093751 m2 2859300 -0.000130625922 0.5 p1 32662 8
2442 15094083 m2 3697002 -0.00231275056 0.5 p1 32664 8
1672 15094539 m2 2542685 -4.80344097e-05 0.5 p1 32667 8
125 15094906 m2 195830 -6.4810265e-05 0.5 p1 32669 8
1096 15095045 m2 1699600 -0.000611433759 0.5 p1 32670 8
1447 15095897 m2 2215465 -0.00018027515 0.5 p1 32675 8
2426 15095919 m2 3667041 -0.00524066389 0.5 p1 32675 8
1820 15095998 m3 2773230 0.000920598628 0.5 p1 32675 8
33 15096650 m2 57543 -0.00224324083 0.5 p1 32679 8
2181 15098156 m2 3271545 -0.00295768329 0.5 p1 32688 8
1119 15099801 m2 1731635 -0.000795072352 0.5 p1 32698 8
2550 15100464 m2 3876954 -6.06533831e-05 0.5 p1 32702 8
426 15100756 m2 651928 -0.000468679384 0.5 p1 32704 8
2896 15101106 m2 4443692 -6.84355837e-05 0.5 p1 32706 8
2269 15103273 m2 3413766 -0.00772443134 0.5 p1 32719 8
3029 15104246 m2 4631740 -0.000198730078 0.5 p1 32724 8
3185 15105772 m2 4852215 -0.000616004865 0.5 p1 32734 8
1059 15105843 m2 1645471 -0.000273686019 0.5 p1 32734 8
1155 15106080 m2 1779217 -0.000431866938 0.5 p1 32736 8
684 15106114 m2 1066170 -0.00344004063 0.5 p1 32736 8
1598 15106246 m2 2446573 -0.000799791072 0.5 p1 32737 8
521 15107497 m2 813463 -0.00152179436 0.5 p1 32745 8
841 15107800 m2 1299840 -0.000135532347 0.5 p1 32746 8
964 15107962 m2 1488281 -0.00215592794 0.5 p1 32747 8
3199 15108422 m3 4877245 0.0001606554 0.5 p1 32750 8
1605 15110180 m2 2452674 -0.00236419355 0.5 p1 32761 8
992 15110807 m2 1528367 -0.00833654311 0.5 p1 32765 8
2022 15110844 m2 3062169 -0.000708514533 0.5 p1 32765 8
1832 15112415 m3 2788877 0.000511247257 0.5 p1 32775 8
445 15115632 m2 685558 -7.98647889e-05 0.5 p1 32795 8
1733 15116724 m2 2618348 -3.03645857e-06 0.5 p1 32802 8
2343 15116937 m2 3537286 -4.49729123e-05 0.5 p1 32803 8
2559 15117706 m2 3894561 -0.000530799851 0.5 p1 32807 8
1998 15117784 m2 3020020 -0.000370048452 0.5 p1 32808 8
1441 15119470 m2 2205432 -0.000803621544 0.5 p1 32819 8
886 15122497 m2 1373739 -0.000308225979 0.5 p1 32838 8
80 15122882 m2 121876 -0.00164835004 0.5 p1 32840 8
491 15123717 m2 755101 -0.0023744991 0.5 p1 32846 8
2211 15123881 m2 3321603 -0.00210880325 0.5 p1 32847 8
52 15125704 m2 77058 -0.000981070683 0.5 p1 32859 8
1943 15127186 m2 2940946 -0.00014346758 0.5 p1 32869 8
2977 15128440 m2 4562492 -0.00285991095 0.5 p1 32877 8
1199 15130162 m2 1856180 -0.0091641359 0.5 p1 32888 8
1570 15130629 m2 2410854 -0.000437838375 0.5 p1 32891 8
2672 15131579 m2 4072648 -7.95394008e-05 0.5 p1 32898 8
865 15134597 m2 1343136 -0.0031268273 0.5 p1 32917 8
572 15140606 m2 887669 -2.536998e-05 0.5 p1 32957 8
2642 15142180 m2 4027026 -0.00100115745 0.5 p1 32968 8
184 15143819 m2 268954 -0.00250949292 0.5 p1 32978 8
40 15144874 m2 66179 -0.000804604555 0.5 p1 32986 8
647 15144892 m2 988433 -0.000472070795 0.5 p1 32986 8
1640 15145545 m2 2493563 -0.00126204861 0.5 p1 32991 8
1960 15146569 m2 2964987 -0.00028840368 0.5 p1 32998 8
2008 15147315 m2 3045195 -1.87094292e-06 0.5 p1 33003 8
3154 15147793 m2 4811600 -0.000416487193 0.5 p1 33007 8
824 15148468 m3 1274882 0.000725295977 0.5 p1 33012 8
439 15149722 m2 668457 -0.00184956077 0.5 p1 33021 8
411 15150607 m2 628985 -0.00204434292 0.5 p1 33027 8
2259 15151815 m2 3399005 -0.00251006056 0.5 p1 33036 8
2655 15152487 m2 4040736 -0.00228099572 0.5 p1 33040 8
985 15153086 m2 1513970 -0.000136410497 0.5 p1 33044 8
885 15153260 m2 1372627 -0.000677775592 0.5 p1 33045 8
1115 15153353 m2 1729097 -0.00262445351 0.5 p1 33046 8
1714 15153909 m2 2592075 -0.00147010735 0.5 p1 33050 8
2892 15155421 m2 4435911 -0.000358412421 0.5 p1 33060 8
1135 15155783 m2 1752368 -0.00220642588 0.5 p1 33062 8
433 15162513 m2 656359 -0.00134836754 0.5 p1 33107 8
734 15162824 m2 1148617 -0.00285258633 0.5 p1 33109 8
2403 15162982 m2 3629059 -0.000446895807 0.5 p1 33111 8
1480 15164244 m2 2273738 -0.00673930487 0.5 p1 33119 8
473 15164701 m2 727137 -3.74189003e-05 0.5 p1 33122 8
519 15164762 m2 808346 -1.56102701e-07 0.5 p1 33123 8
2587 15165834 m2 3937869 -0.000701317389 0.5 p1 33130 8
1247 15167737 m2 1910110 -0.000391545589 0.5 p1 33142 8
2973 15169220 m3 4558649 0.00260134856 0.5 p1 33152 8
2968 15169766 m2 4552387 -0.000239929403 0.5 p1 33155 8
1852 15170391 m2 2818526 -8.57588821e-05 0.5 p1 33159 8
1104 15172277 m2 1706360 -0.00347527536 0.5 p1 33171 8
2907 15173355 m2 4459946 -0.00172183791 0.5 p1 33179 8
349 15175161 m2 541010 -0.00213497505 0.5 p1 33191 8
1987 15175336 m2 3004488 -0.000284725043 0.5 p1 33192 8
1499 15176631 m2 2307821 -0.000232558523 0.5 p1 33201 8
285 15177961 m2 424880 -0.00107246253 0.5 p1 33210 8
395 15178298 m2 601776 -0.00195333455 0.5 p1 33212 8
540 15183008 m2 840435 -0.00883313175 0.5 p1 33243 8
1748 15183987 m2 2648561 -0.0102814725 0.5 p1 33250 8
2750 15184104 m2 4207022 -0.00134232955 0.5 p1 33251 8
1824 15185692 m2 2778229 -0.000104259692 0.5 p1 33261 8
3184 15187974 m2 4851469 -0.000248656492 0.5 p1 33276 8
337 15189041 m2 522552 -0.000285333139 0.5 p1 33283 8
1213 15190658 m2 1869992 -0.00115552626 0.5 p1 33294 8
2049 15192036 m2 3092400 -9.01205058e-05 0.5 p1 33304 8
419 15194268 m2 641061 -0.000635230215 0.5 p1 33318 8
2740 15194978 m2 4193786 -0.000829199329 0.5 p1 33323 8
1452 15195095 m2 2230821 -0.00618129363 0.5 p1 33324 8
1625 15195611 m2 2478982 -0.000570126984 0.5 p1 33327 8
3018 15195849 m2 4614006 -7.18025258e-05 0.5 p1 33328 8
3168 15195971 m2 4824916 -0.000192092251 0.5 p1 33329 8
1154 15196723 m2 1778969 -7.93267373e-06 0.5 p1 33334 8
581 15197625 m2 896107 -8.22216134e-06 0.5 p1 33340 8
393 15198262 m2 600824 -0.000546907948 0.5 p1 33345 8
758 15200461 m2 1195862 -0.00167599367 0.5 p1 33360 8
1338 15200481 m2 2050928 -0.00256082672 0.5 p1 33360 8
1403 15203412 m2 2136691 -0.00109837926 0.5 p1 33380 8
2936 15204238 m2 4500524 -0.00811147224 0.5 p1 33385 8
648 15205709 m2 989276 -0.000239464571 0.5 p1 33395 8
170 15207176 m2 252378 -0.00209444016 0.5 p1 33405 8
2680 15207852 m2 4091892 -0.00016293356 0.5 p1 33409 8
2287 15208765 m2 3444441 -0.00167037162 0.5 p1 33416 8
2901 15209706 m2 4456801 -0.000355242722 0.5 p1 33422 8
2242 15213296 m2 3377080 -0.00161976425 0.5 p1 33446 8
689 15214772 m2 1077295 -0.000277969142 0.5 p1 33456 8
3246 15215920 m2 4943973 -0.00462509925 0.5 p1 33463 8
2364 15216020 m2 3572137 -0.00103262078 0.5 p1 33464 8
969 15216229 m2 1495462 -0.001457743 0.5 p1 33465 8
2262 15217980 m2 3406453 -0.000472877466 0.5 p1 33478 8
2731 15219912 m2 4180182 -0.00158540439 0.5 p1 33491 8
142 15221459 m3 214268 0.00314061181 0.5 p1 33502 8
939 15222699 m2 1456972 -0.00861888006 0.5 p1 33511 8
2344 15225614 m2 3539250 -0.00134988234 0.5 p1 33532 8
2180 15227894 m2 3270144 -0.000817530614 0.5 p1 33549 8
2584 15228126 m2 3931943 -0.00162883173 0.5 p1 33551 8
1023 15228352 m2 1582142 -5.58465035e-05 0.5 p1 33553 8
2120 15231297 m2 3176829 -0.000758391572 0.5 p1 33574 8
607 15231603 m2 923737 -0.00120460941 0.5 p1 33577 8
1632 15231842 m2 2486450 -4.96840985e-05 0.5 p1 33579 8
872 15233207 m2 1352461 -0.000777743349 0.5 p1 33589 8
1271 15233814 m2 1945259 -0.00191273203 0.5 p1 33594 8
2446 15234884 m2 3703824 -0.00109532953 0.5 p1 33602 8
2894 15235296 m2 4440051 -0.000204479147 0.5 p1 33605 8
464 15235303 m2 715119 -0.000576974533 0.5 p1 33605 8
695 15236014 m2 1086159 -0.000365637447 0.5 p1 33610 8
2593 15236585 m2 3944867 -0.00255868491 0.5 p1 33614 8
378 15236751 m2 580620 -0.00185450795 0.5 p1 33616 8
2215 15240114 m2 3330965 -0.00348031009 0.5 p1 33641 8
3253 15240188 m2 4950790 -0.00118143694 0.5 p1 33641 8
1163 15241245 m2 1791512 -0.000156593625 0.5 p1 33649 8
2589 15242001 m2 3939917 -0.00137560721 0.5 p1 33655 8
3099 15243173 m2 4730841 -0.000849585398 0.5 p1 33663 8
134 15244734 m2 206032 -9.11455645e-05 0.5 p1 33675 8
950 15246098 m2 1474998 -0.00501111802 0.5 p1 33685 8
1816 15246313 m2 2761446 -0.00210549193 0.5 p1 33686 8
96 15247045 m2 148411 -0.00103114359 0.5 p1 33692 8
492 15247797 m2 756248 -0.00423861435 0.5 p1 33697 8
3197 15248803 m2 4875714 -0.000962787075 0.5 p1 33705 8
589 15252231 m2 903898 -0.000150569962 0.5 p1 33729 8
2245 15252715 m2 3377745 -0.00125724892 0.5 p1 33733 8
2208 15253332 m2 3317797 -0.00408197939 0.5 p1 33738 8
147 15254379 m2 217424 -3.11581448e-06 0.5 p1 33746 8
2972 15254832 m2 4558437 -0.00131295517 0.5 p1 33750 8
2707 15255707 m2 4130150 -0.00215022801 0.5 p1 33756 8
1525 15256639 m2 2339765 -0.000224969539 0.5 p1 33763 8
2809 15259038 m2 4290408 -0.00571475178 0.5 p1 33781 8
1986 15261046 m2 3003902 -0.00290045235 0.5 p1 33796 8
2914 15263592 m2 4469553 -6.15797319e-07 0.5 p1 33815 8
2915 15264173 m2 4470283 -0.00365039427 0.5 p1 33820 8
1443 15266128 m2 2209539 -0.00116670807 0.5 p1 33835 8
1283 15269054 m2 1956922 -0.00131192873 0.5 p1 33859 8
2494 15269995 m2 3779011 -9.52737755e-05 0.5 p1 33865 8
355 15271781 m2 547410 -0.000194039094 0.5 p1 33879 8
1810 15278286 m2 2749538 -0.00180819747 0.5 p1 33928 8
1803 15279221 m2 2736175 -0.00693741674 0.5 p1 33935 8
2379 15280524 m2 3594700 -0.00114612142 0.5 p1 33944 8
884 15280724 m2 1370296 -0.00143823668 0.5 p1 33946 8
660 15281475 m2 1009771 -0.00403262349 0.5 p1 33951 8
2042 15282371 m2 3089974 -0.000248643948 0.5 p1 33957 8
2570 15282886 m2 3914277 -0.00252349931 0.5 p1 33961 8
2108 15284540 m2 3163871 -0.00472284434 0.5 p1 33974 8
2450 15286050 m2 3707281 -0.00345995044 0.5 p1 33986 8
3091 15287032 m2 4717855 -0.00033615026 0.5 p1 33993 8
2577 15287181 m2 3919599 -4.78202055e-05 0.5 p1 33994 8
2492 15289481 m2 3777154 -6.85849736e-05 0.5 p1 34011 8
869 15289714 m2 1348685 -3.63042091e-05 0.5 p1 34013 8
1995 15290601 m2 3017136 -6.50821676e-06 0.5 p1 34020 8
781 15292344 m2 1235714 -0.000209803868 0.5 p1 34033 8
41 15293440 m2 66525 -0.000813621678 0.5 p1 34041 8
2418 15295767 m2 3659563 -0.00287759304 0.5 p1 34060 8
202 15299392 m2 292600 -0.00136822357 0.5 p1 34087 8
2386 15300773 m2 3604998 -6.33964664e-05 0.5 p1 34098 8
1793 15301585 m2 2724703 -0.00245638075 0.5 p1 34105 8
2874 15302067 m2 4405387 -0.00119411096 0.5 p1 34109 8
1725 15302992 m2 2610086 -0.00391390966 0.5 p1 34116 8
225 15303471 m2 326732 -0.000372191629 0.5 p1 34119 8
1470 15304840 m2 2265435 -0.00547413621 0.5 p1 34130 8
1255 15305691 m2 1923409 -0.000382824772 0.5 p1 34137 8
501 15305701 m2 779777 -0.000960994978 0.5 p1 34137 8
1507 15305822 m2 2317462 -9.24121414e-05 0.5 p1 34139 8
2135 15310579 m2 3197127 -0.00390587584 0.5 p1 34175 8
549 15313881 m2 849741 -1.84707751e-05 0.5 p1 34201 8
2992 15314918 m2 4579569 -0.00453298632 0.5 p1 34208 8
3013 15315321 m2 4606234 -0.00057108677 0.5 p1 34211 8
3174 15315343 m2 4839500 -0.00273990748 0.5 p1 34212 8
1881 15316933 m2 2863436 -0.00181010982 0.5 p1 34224 8
1489 15318547 m2 2294755 -0.000188962673 0.5 p1 34237 8
1038 15318747 m2 1612180 -4.7323203e-05 0.5 p1 34239 8
1185 15319608 m2 1821269 -4.78706806e-06 0.5 p1 34246 8
293 15320541 m2 437921 -0.000149137719 0.5 p1 34253 8
632 15322260 m2 967267 -0.0131127415 0.5 p1 34267 8
1210 15323168 m2 1867489 -0.00479560485 0.5 p1 34275 8
1967 15324421 m2 2975165 -6.33055606e-05 0.5 p1 34285 8
2500 15328038 m2 3786680 -0.000470439292 0.5 p1 34314 8
2196 15328181 m2 3291149 -9.6308504e-05 0.5 p1 34316 8
678 15329421 m2 1052509 -0.00838666968 0.5 p1 34326 8
2222 15333132 m2 3344854 -0.00246847351 0.5 p1 34357 8
359 15333785 m2 555695 -0.0223697219 0.5 p1 34362 8
732 15333876 m2 1147875 -2.39126825e-06 0.5 p1 34363 8
259 15336083 m2 390102 -0.00534697156 0.5 p1 34381 8
1825 15337044 m2 2781055 -0.00195588451 0.5 p1 34389 8
1985 15337971 m2 3002562 -0.00340203568 0.5 p1 34396 8
2227 15338527 m2 3351476 -0.00260574999 0.5 p1 34401 8
2516 15338778 m2 3825645 -0.000750151405 0.5 p1 34403 8
1046 15338899 m2 1622681 -0.00442928914 0.5 p1 34404 8
2818 15339036 m2 4314426 -0.00203185924 0.5 p1 34405 8
1092 15339104 m2 1695873 -0.00567116542 0.5 p1 34405 8
1670 15339933 m2 2538991 -0.00422955025 0.5 p1 34412 8
2604 15341088 m2 3961285 -0.000351130962 0.5 p1 34422 8
1709 15341565 m2 2585106 -0.000729310152 0.5 p1 34426 8
2247 15342222 m2 3380416 -0.000570163073 0.5 p1 34432 8
1346 15342266 m2 2067529 -0.0044969474 0.5 p1 34432 8
1571 15346245 m2 2411668 -0.00652975822 0.5 p1 34465 8
1168 15346257 m2 1795775 -5.05447206e-05 0.5 p1 34465 8
3003 15346746 m2 4595517 -0.000638275524 0.5 p1 34469 8
2104 15346762 m2 3161272 -0.000626766647 0.5 p1 34469 8
1515 15347241 m2 2326978 -0.00340660289 0.5 p1 34473 8
2790 15347809 m2 4263022 -0.00345832249 0.5 p1 34478 8
782 15348175 m2 1236548 -0.000599013583 0.5 p1 34481 8
3032 15348901 m2 4637976 -0.00132727495 0.5 p1 34487 8
3030 15350249 m2 4632798 -0.00235834718 0.5 p1 34499 8
47 15350866 m2 75477 -8.6617445e-05 0.5 p1 34504 8
1909 15351149 m2 2901347 -0.000732471817 0.5 p1 34506 8
208 15352663 m2 298491 -0.000466432422 0.5 p1 34519 8
3071 15353063 m2 4683649 -0.000317751954 0.5 p1 34522 8
252 15354854 m2 379361 -0.00778543856 0.5 p1 34536 8
3041 15356182 m2 4649862 -0.00438148389 0.5 p1 34547 8
848 15356369 m2 1314665 -0.00957966037 0.5 p1 34548 8
1393 15357132 m2 2130951 -0.000289519259 0.5 p1 34555 8
2691 15358352 m2 4110920 -0.000246619136 0.5 p1 34565 8
2171 15358620 m2 3257940 -0.000239355577 0.5 p1 34567 8
721 15359087 m2 1130608 -0.0076227556 0.5 p1 34570 8
2296 15359312 m2 3453087 -0.00323243323 0.5 p1 34572 8
1814 15361235 m2 2758639 -0.00054930523 0.5 p1 34589 8
1449 15362468 m2 2216422 -0.00198079227 0.5 p1 34598 8
2001 15365184 m2 3029391 -0.00050534273 0.5 p1 34622 8
1568 15365914 m2 2410475 -0.000728739251 0.5 p1 34628 8
579 15366050 m2 895160 -0.000572863501 0.5 p1 34629 8
909 15366842 m2 1409518 -0.00410273578 0.5 p1 34636 8
2995 15368241 m2 4585530 -0.00125277578 0.5 p1 34648 8
274 15368728 m2 408326 -0.000236875218 0.5 p1 34652 8
1590 15369536 m2 2436720 -0.00989515241 0.5 p1 34659 8
2058 15373891 m2 3104344 -0.00852590054 0.5 p1 34699 8
740 15374156 m2 1154936 -0.00171049859 0.5 p1 34701 8
1127 15374204 m3 1741550 0.00252714776 0.5 p1 34702 8
1502 15374465 m2 2312694 -0.000760154624 0.5 p1 34704 8
176 15377089 m2 257496 -0.00164506841 0.5 p1 34726 8
919 15378387 m2 1423662 -0.00029002651 0.5 p1 34738 8
3060 15378726 m2 4670236 -0.000175734182 0.5 p1 34741 8
3139 15379155 m2 4784308 -0.000336630299 0.5 p1 34745 8
1081 15380932 m2 1679705 -0.000568854099 0.5 p1 34760 8
70 15381746 m2 105529 -7.49743947e-07 0.5 p1 34767 8
1808 15382859 m2 2747619 -0.00130662497 0.5 p1 34777 8
2444 15384559 m2 3701158 -4.92271065e-05 0.5 p1 34792 8
3127 15384644 m2 4764381 -0.00121103623 0.5 p1 34793 8
2957 15386186 m2 4533365 -0.000112425048 0.5 p1 34807 8
2146 15386506 m2 3218889 -4.02166152e-05 0.5 p1 34810 8
983 15386586 m2 1511565 -0.000428205414 0.5 p1 34810 8
1431 15387493 m2 2170076 -0.00238344376 0.5 p1 34819 8
2024 15389495 m2 3064137 -0.00104912871 0.5 p1 34837 8
1917 15389705 m2 2914917 -0.00392808625 0.5 p1 34839 8
1140 15389876 m2 1756865 -3.02002172e-05 0.5 p1 34841 8
1719 15390341 m2 2601586 -0.000171840729 0.5 p1 34845 8
1437 15390530 m2 2196291 -0.000190707855 0.5 p1 34847 8
1466 15391282 m2 2260544 -0.000694604008 0.5 p1 34853 8
861 15392148 m2 1338152 -0.000346475601 0.5 p1 34862 8
482 15392463 m2 743420 -0.000289353804 0.5 p1 34865 8
1643 15392516 m2 2503892 -0.000122596975 0.5 p1 34865 8
3101 15392895 m2 4733662 -0.00293385843 0.5 p1 34869 8
1574 15392939 m2 2418734 -0.00126165384 0.5 p1 34869 8
3164 15393168 m2 4822590 -0.000692196307 0.5 p1 34871 8
193 15393259 m2 282501 -0.0055479384 0.5 p1 34872 8
2808 15393766 m2 4288107 -0.00524182525 0.5 p1 34877 8
412 15394225 m2 629241 -0.000172699656 0.5 p1 34882 8
1117 15395320 m2 1730355 -0.000734243367 0.5 p1 34892 8
799 15396631 m2 1252235 -0.00254909694 0.5 p1 34905 8
1694 15399347 m2 2569721 -0.00405272143 0.5 p1 34931 8
2595 15400510 m2 3945727 -0.00431121513 0.5 p1 34942 8
2273 15400794 m2 3418072 -0.000938121753 0.5 p1 34945 8
3052 15401850 m2 4658710 -0.000841365079 0.5 p1 34955 8
995 15403686 m2 1534615 -0.000727042614 0.5 p1 34974 8
2617 15404232 m2 3985575 -4.93950902e-05 0.5 p1 34979 8
2318 15404777 m2 3499527 -0.000274047954 0.5 p1 34984 8
538 15405762 m2 837095 -4.31739063e-05 0.5 p1 34993 8
2515 15406461 m2 3825054 -0.00418473361 0.5 p1 35000 8
1373 15406559 m2 2115196 -0.00769333029 0.5 p1 35000 8
3208 15407070 m2 4889401 -1.01172354e-05 0.5 p1 35005 8
818 15407999 m2 1267806 -0.00075504405 0.5 p1 35013 8
1554 15409346 m2 2394045 -8.19508784e-07 0.5 p1 35027 8
58 15409703 m2 83130 -0.00339902681 0.5 p1 35030 8
1926 15412363 m2 2920622 -0.000669458299 0.5 p1 35055 8
1730 15413130 m2 2614368 -8.34891543e-05 0.5 p1 35062 8
1072 15413664 m2 1662662 -0.000698864809 0.5 p1 35067 8
929 15414517 m2 1441906 -0.00208370015 0.5 p1 35075 8
330 15414695 m2 512586 -2.1694088e-05 0.5 p1 35076 8
2112 15414705 m2 3168171 -0.000458975788 0.5 p1 35076 8
2065 15415508 m2 3113293 -0.00400077505 0.5 p1 35084 8
900 15415598 m2 1399860 -0.00135907682 0.5 p1 35085 8
3211 15418293 m2 4893118 -0.000690341811 0.5 p1 35111 8
634 15418664 m2 967786 -0.00625072513 0.5 p1 35115 8
363 15419321 m2 558960 -0.00179711077 0.5 p1 35122 8
1506 15419527 m2 2316964 -0.00311234593 0.5 p1 35124 8
2409 15419905 m2 3641425 -0.00549399108 0.5 p1 35128 8
2868 15420413 m2 4400527 -0.00176115101 0.5 p1 35133 8
664 15420894 m2 1019558 -0.00202207104 0.5 p1 35138 8
3214 15421640 m2 4898671 -0.00164467341 0.5 p1 35145 8
1790 15422377 m2 2723136 -0.000974589551 0.5 p1 35153 8
590 15423707 m2 905802 -0.00629440974 0.5 p1 35166 8
1022 15423772 m2 1580165 -0.00383419124 0.5 p1 35167 8
1934 15424333 m2 2929645 -0.0022238337 0.5 p1 35172 8
2471 15425051 m2 3738638 -5.58788497e-06 0.5 p1 35180 8
2279 15425380 m2 3427716 -0.000529510842 0.5 p1 35183 8
2457 15425634 m2 3720516 -0.00266534905 0.5 p1 35185 8
1876 15426058 m2 2850292 -0.00121717248 0.5 p1 35189 8
2458 15426284 m2 3721317 -0.00155042345 0.5 p1 35191 8
2612 15426567 m2 3969981 -0.000104895145 0.5 p1 35194 8
3207 15428237 m2 4889319 -0.000916767982 0.5 p1 35213 8
1147 15428633 m2 1766180 -0.000240398425 0.5 p1 35217 8
431 15428725 m2 654162 -8.81785891e-05 0.5 p1 35218 8
2451 15428810 m2 3707481 -0.0098547535 0.5 p1 35218 8
1557 15429914 m2 2396620 -0.000573510944 0.5 p1 35230 8
662 15430373 m2 1012551 -0.00109760766 0.5 p1 35235 8
1779 15431095 m2 2700319 -7.6366085e-08 0.5 p1 35242 8
1716 15431264 m2 2598899 -0.00309962686 0.5 p1 35244 8
2904 15432604 m2 4458238 -0.000413145201 0.5 p1 35257 8
558 15433341 m2 861127 -2.83025179e-06 0.5 p1 35265 8
166 15433804 m2 249269 -3.98050543e-05 0.5 p1 35270 8
17 15434615 m2 36796 -0.000676838914 0.5 p1 35279 8
1711 15435739 m2 2587827 -0.00107365439 0.5 p1 35290 8
1267 15435791 m2 1937280 -0.00423839549 0.5 p1 35291 8
1945 15436434 m2 2942352 -0.00916410144 0.5 p1 35297 8
2989 15438232 m2 4574668 -0.00119432714 0.5 p1 35316 8
553 15438278 m2 854939 -0.000168416547 0.5 p1 35317 8
1850 15438598 m2 2815454 -0.000737801718 0.5 p1 35320 8
1364 15439333 m2 2094654 -0.000730627624 0.5 p1 35328 8
1211 15439591 m2 1868826 -0.00523377629 0.5 p1 35330 8
2317 15439964 m2 3496350 -0.000156153619 0.5 p1 35334 8
2962 15440405 m2 4540161 -0.000716867915 0.5 p1 35338 8
898 15441733 m2 1396113 -0.000833285565 0.5 p1 35352 8
2668 15441889 m2 4064425 -0.000415356102 0.5 p1 35354 8
2640 15442569 m2 4026218 -0.00479153963 0.5 p1 35361 8
53 15442779 m2 77472 -0.00252396078 0.5 p1 35363 8
479 15442969 m2 737167 -0.00329040969 0.5 p1 35365 8
2121 15443537 m2 3176849 -0.000767104444 0.5 p1 35371 8
2764 15444645 m2 4226141 -9.21228184e-06 0.5 p1 35384 8
3181 15446304 m2 4847359 -0.000131024804 0.5 p1 35403 8
2886 15447717 m2 4428434 -0.000552179525 0.5 p1 35418 8
1276 15447844 m2 1948391 -0.000366811262 0.5 p1 35419 8
1615 15448115 m2 2466130 -0.00159761321 0.5 p1 35422 8
2346 15448729 m2 3541700 -0.00134397182 0.5 p1 35429 8
892 15448764 m2 1384781 -0.00565265864 0.5 p1 35430 8
1789 15449962 m2 2722304 -0.000785262731 0.5 p1 35441 8
320 15451065 m2 484980 -4.8457634e-05 0.5 p1 35453 8
283 15452144 m2 421820 -0.00789192412 0.5 p1 35465 8
2527 15452870 m3 3837830 0.00281576323 0.5 p1 35473 8
2939 15453009 m2 4503758 -0.000202822819 0.5 p1 35474 8
2235 15453739 m2 3362438 -0.00710570067 0.5 p1 35482 8
3150 15455477 m2 4805172 -0.00755802495 0.5 p1 35500 8
2218 15455743 m2 3337781 -0.000126349114 0.5 p1 35503 8
1532 15455871 m2 2345537 -0.000493255327 0.5 p1 35505 8
2169 15456112 m2 3257640 -0.000344563276 0.5 p1 35508 8
1827 15456302 m2 2781532 -0.00289933803 0.5 p1 35510 8
834 15456666 m2 1294210 -0.00113089522 0.5 p1 35514 8
1306 15457037 m2 1992488 -6.27399204e-05 0.5 p1 35517 8
2173 15457065 m2 3259742 -0.00450823177 0.5 p1 35518 8
2889 15457619 m2 4432377 -0.00218696753 0.5 p1 35524 8
1076 15457960 m2 1667364 -0.00420819409 0.5 p1 35528 8
2298 15458184 m2 3455493 -4.77117719e-05 0.5 p1 35530 8
2694 15461366 m2 4117350 -0.000144196179 0.5 p1 35565 8
2525 15461611 m2 3837245 -0.000261749199 0.5 p1 35568 8
2606 15462313 m2 3963290 -0.000761533738 0.5 p1 35575 8
997 15463915 m2 1535775 -0.00189748569 0.5 p1 35591 8
1577 15464119 m2 2419416 -0.00018793816 0.5 p1 35593 8
295 15464974 m2 443000 -0.000479559909 0.5 p1 35603 8
2654 15466377 m2 4040212 -0.00292595779 0.5 p1 35618 8
1734 15466413 m2 2618831 -0.0027596564 0.5 p1 35619 8
3075 15467564 m2 4693980 -0.00431032991 0.5 p1 35632 8
2082 15468141 m2 3138053 -0.00613335846 0.5 p1 35638 8
2488 15468669 m2 3772983 -0.00793511141 0.5 p1 35644 8
2057 15469168 m2 3098246 -0.00447723968 0.5 p1 35649 8
895 15469635 m3 1388104 0.00035733328 0.5 p1 35655 8
2427 15469933 m2 3667449 -0.00128443993 0.5 p1 35658 8
1114 15469981 m2 1728996 -0.000189476967 0.5 p1 35658 8
1862 15470211 m2 2831954 -0.00276958966 0.5 p1 35661 8
2096 15472264 m2 3155330 -0.000241977046 0.5 p1 35684 8
425 15472572 m2 651259 -0.00802479498 0.5 p1 35688 8
2704 15473066 m2 4129395 -0.00141354301 0.5 p1 35694 8
2984 15473483 m2 4570648 -0.00356738432 0.5 p1 35699 8
1254 15473666 m2 1923176 -0.0083749406 0.5 p1 35701 8
1991 15473687 m2 3008589 -0.00240624254 0.5 p1 35701 8
1653 15473691 m2 2520476 -0.00156972173 0.5 p1 35701 8
1521 15473967 m2 2335062 -0.00115100353 0.5 p1 35704 8
1409 15476392 m2 2143051 -0.000245709118 0.5 p1 35732 8
1684 15477058 m2 2553570 -9.32460534e-05 0.5 p1 35740 8
2618 15477339 m2 3986921 -0.00345891761 0.5 p1 35743 8
1706 15477558 m2 2579520 -0.00179967657 0.5 p1 35745 8
2679 15477594 m2 4088299 -0.000701216748 0.5 p1 35746 8
2547 15479316 m2 3875604 -0.000286487804 0.5 p1 35765 8
1769 15479759 m2 2682471 -7.42565248e-07 0.5 p1 35771 8
796 15480274 m2 1250674 -0.0297232363 0.5 p1 35777 8
1583 15481513 m2 2424973 -0.00276872492 0.5 p1 35791 8
665 15481593 m2 1020016 -0.00148047402 0.5 p1 35792 8
1953 15481636 m2 2953060 -0.000202930067 0.5 p1 35792 8
633 15482598 m2 967605 -0.000207664838 0.5 p1 35804 8
1658 15482603 m2 2529723 -0.0126081631 0.5 p1 35804 8
1328 15482865 m2 2033931 -0.00151318486 0.5 p1 35807 8
658 15483125 m2 1006067 -0.00564817898 0.5 p1 35811 8
471 15484438 m2 722756 -0.00274074636 0.5 p1 35827 8
1738 15484522 m2 2625812 -0.000264039787 0.5 p1 35828 8
1221 15484757 m2 1875495 -0.000252658327 0.5 p1 35831 8
110 15485464 m2 178545 -0.003491482 0.5 p1 35840 8
2876 15486995 m2 4411467 -0.00114692876 0.5 p1 35859 8
1915 15487322 m2 2912274 -0.00523277419 0.5 p1 35862 8
2481 15487717 m2 3758213 -0.000421874225 0.5 p1 35868 8
2703 15487946 m2 4127588 -0.000131380788 0.5 p1 35871 8
2773 15487989 m2 4237800 -0.00079076807 0.5 p1 35871 8
3103 15488161 m2 4737065 -1.15630201e-05 0.5 p1 35873 8
974 15488550 m2 1498452 -0.00450801244 0.5 p1 35879 8
1703 15488596 m3 2574966 0.0004388745 0.5 p1 35879 8
249 15488609 m2 371420 -0.00414854335 0.5 p1 35879 8
760 15488648 m2 1203235 -0.00125049683 0.5 p1 35880 8
2569 15488708 m2 3908894 -0.000114896829 0.5 p1 35881 8
952 15489193 m2 1476225 -0.00490752421 0.5 p1 35887 8
2647 15491249 m2 4033736 -0.00196336629 0.5 p1 35914 8
2769 15492344 m2 4234150 -0.00348586612 0.5 p1 35928 8
334 15492455 m2 519204 -0.000183272728 0.5 p1 35929 8
2341 15493304 m2 3535442 -0.000283262954 0.5 p1 35940 8
3187 15493933 m2 4852815 -0.000526807795 0.5 p1 35948 8
1947 15495083 m2 2947373 -0.0144104511 0.5 p1 35963 8
1269 15495089 m2 1940241 -0.000228950346 0.5 p1 35963 8
1074 15495453 m2 1665368 -0.000308301009 0.5 p1 35969 8
2154 15495454 m2 3233415 -0.000990722561 0.5 p1 35969 8
1871 15495881 m2 2847329 -0.00466429163 0.5 p1 35974 8
139 15495987 m2 210798 -0.00298180082 0.5 p1 35976 8
778 15496489 m2 1228102 -0.000268495933 0.5 p1 35983 8
2879 15496519 m2 4419412 -0.000370389724 0.5 p1 35984 8
1497 15496882 m2 2303592 -0.000104155632 0.5 p1 35989 8
599 15497553 m2 915344 -0.00176883338 0.5 p1 35998 8
2199 15499292 m2 3297372 -0.00459749019 0.5 p1 36021 8
1202 15499790 m2 1857864 -0.00664384244 0.5 p1 36027 8
803 15500072 m2 1254223 -2.43592312e-05 0.5 p1 36031 8
1854 15500225 m2 2820556 -0.00395992398 0.5 p1 36033 8
1439 15501028 m2 2200516 -0.00419628201 0.5 p1 36044 8
2304 15501082 m2 3462182 -0.000942279352 0.5 p1 36044 8
1322 15501740 m2 2021588 -0.00154092256 0.5 p1 36053 8
345 15501888 m2 537326 -0.000917485333 0.5 p1 36055 8
926 15501914 m2 1437994 -4.87793341e-06 0.5 p1 36056 8
1659 15501959 m2 2532028 -6.69218352e-05 0.5 p1 36056 8
3147 15502915 m2 4799232 -0.000557942665 0.5 p1 36069 8
636 15503252 m3 971612 0.00225534942 0.5 p1 36073 8
429 15503726 m2 653351 -0.000511363614 0.5 p1 36079 8
2961 15504001 m3 4539997 2.24423798e-06 0.5 p1 36083 8
2712 15505131 m2 4135870 -0.000193499058 0.5 p1 36098 8
1746 15507551 m2 2646821 -0.00475495355 0.5 p1 36130 8
2398 15507568 m2 3624070 -0.003871419 0.5 p1 36130 8
1564 15508251 m2 2406263 -0.000301445747 0.5 p1 36139 8
3097 15509054 m2 4729404 -0.00057517481 0.5 p1 36150 8
2362 15509363 m2 3567946 -0.00265980395 0.5 p1 36154 8
930 15509614 m2 1442262 -0.00109141215 0.5 p1 36157 8
2195 15510084 m2 3287601 -0.000903592154 0.5 p1 36163 8
2164 15512798 m2 3252651 -5.75477543e-06 0.5 p1 36201 8
530 15512828 m2 823811 -0.00109832839 0.5 p1 36201 8
1365 15514071 m2 2100903 -0.00153578713 0.5 p1 36217 8
1237 15515110 m2 1899278 -0.00115626329 0.5 p1 36232 8
1949 15516725 m2 2949616 -0.00037817494 0.5 p1 36252 8
2933 15516760 m2 4494843 -0.00412460882 0.5 p1 36253 8
2175 15517569 m2 3261912 -7.96373715e-05 0.5 p1 36264 8
2257 15517997 m2 3396934 -0.00192684727 0.5 p1 36270 8
1863 15518450 m2 2834437 -0.000336631434 0.5 p1 36277 8
1270 15518471 m2 1942294 -0.0163173955 0.5 p1 36277 8
777 15518708 m2 1226561 -4.0848061e-10 0.5 p1 36280 8
1253 15518774 m2 1921794 -0.010015524 0.5 p1 36281 8
101 15518971 m2 156633 -0.0118990596 0.5 p1 36284 8
487 15519600 m2 745708 -0.00193041458 0.5 p1 36292 8
3159 15519722 m2 4818297 -0.000122541795 0.5 p1 36294 8
3241 15519735 m2 4937452 -0.0136026088 0.5 p1 36294 8
148 15519810 m2 217580 -0.00150434242 0.5 p1 36295 8
328 15520180 m2 506268 -0.00500865281 0.5 p1 36300 8
183 15520215 m2 268198 -0.00186755555 0.5 p1 36300 8
1042 15521645 m2 1616830 -0.00249492773 0.5 p1 36321 8
1371 15522284 m2 2110738 -5.38683844e-06 0.5 p1 36329 8
735 15524271 m2 1149435 -0.000419179443 0.5 p1 36357 8
1936 15524396 m2 2932502 -0.00676016277 0.5 p1 36359 8
2621 15524948 m2 3989716 -0.00194073701 0.5 p1 36366 8
2400 15525215 m2 3624588 -0.00295624463 0.5 p1 36370 8
3192 15526527 m2 4865283 -0.000427016959 0.5 p1 36389 8
299 15526628 m2 446894 -0.000523816794 0.5 p1 36390 8
2898 15526967 m2 4449501 -0.00374189136 0.5 p1 36395 8
1580 15527001 m2 2421548 -0.0149194514 0.5 p1 36395 8
2887 15528143 m2 4429882 -0.00212652097 0.5 p1 36410 8
2012 15529207 m2 3050461 -0.0125563564 0.5 p1 36425 8
896 15529440 m2 1392309 -0.00411548046 0.5 p1 36428 8
1288 15529490 m2 1963255 -3.92740658e-05 0.5 p1 36429 8
444 15529805 m2 684876 -0.00110714615 0.5 p1 36433 8
1797 15532436 m2 2729426 -0.00508658634 0.5 p1 36471 8
309 15532852 m2 465059 -0.000374085939 0.5 p1 36477 8
1629 15533442 m2 2482651 -0.0027260629 0.5 p1 36486 8
1101 15533484 m2 1704271 -0.000338446873 0.5 p1 36486 8
2445 15533586 m2 3703805 -9.0672489e-05 0.5 p1 36488 8
1843 15533751 m2 2806802 -0.000541647023 0.5 p1 36490 8
560 15533791 m2 864178 -0.00514493696 0.5 p1 36491 8
2506 15534611 m2 3806673 -0.00353214354 0.5 p1 36504 8
2439 15535589 m2 3686029 -0.00117123476 0.5 p1 36520 8
2953 15535674 m2 4524167 -0.0102002788 0.5 p1 36521 8
1910 15535994 m2 2903058 -0.00665874965 0.5 p1 36525 8
26 15536337 m2 50885 -0.00164745073 0.5 p1 36530 8
640 15537209 m2 978100 -0.00117895205 0.5 p1 36546 8
1928 15538843 m2 2923038 -9.4654657e-05 0.5 p1 36572 8
1068 15539248 m2 1659471 -0.00430855202 0.5 p1 36579 8
3247 15539291 m2 4944511 -0.0068703494 0.5 p1 36580 8
2333 15540278 m2 3520461 -0.00515387347 0.5 p1 36596 8
468 15540611 m2 720466 -0.00131435972 0.5 p1 36602 8
115 15540758 m2 184720 -0.000612820149 0.5 p1 36605 8
2982 15540882 m2 4570188 -0.00270396238 0.5 p1 36607 8
2138 15541175 m2 3208927 -9.51451284e-07 0.5 p1 36612 8
2725 15541484 m2 4169479 -0.00517186243 0.5 p1 36616 8
74 15541566 m2 116198 -0.00375657692 0.5 p1 36618 8
1182 15541897 m2 1818254 -0.00957448501 0.5 p1 36623 8
2004 15542173 m2 3032953 -0.000316207792 0.5 p1 36628 8
1869 15542187 m2 2845149 -0.00367792905 0.5 p1 36629 8
2571 15543578 m2 3915645 -0.00179246278 0.5 p1 36650 8
2944 15543911 m2 4512595 -0.0102447812 0.5 p1 36656 8
1339 15544617 m2 2051437 -0.000890920463 0.5 p1 36668 8
179 15545052 m2 264156 -0.00293601933 0.5 p1 36676 8
2219 15545136 m2 3341536 -0.000296044251 0.5 p1 36677 8
3134 15545246 m2 4772207 -0.00144526223 0.5 p1 36679 8
201 15545392 m2 292128 -0.00355279096 0.5 p1 36682 8
2276 15545834 m2 3422948 -0.000113328832 0.5 p1 36690 8
2337 15546583 m2 3524619 -0.017936701 0.5 p1 36703 8
1510 15546909 m2 2319284 -0.00681679742 0.5 p1 36709 8
880 15547212 m2 1368261 -0.000954226416 0.5 p1 36714 8
3243 15547523 m2 4939237 -0.000470956991 0.5 p1 36719 8
1894 15547662 m2 2875453 -4.02067053e-05 0.5 p1 36722 8
653 15547955 m2 994467 -0.000287360977 0.5 p1 36727 8
2979 15548080 m2 4565160 -0.00520519726 0.5 p1 36729 8
2459 15548342 m2 3723394 -0.000691658293 0.5 p1 36733 8
988 15548490 m2 1518029 -0.00415853551 0.5 p1 36736 8
2018 15548784 m2 3057506 -0.000495046959 0.5 p1 36741 8
2013 15548945 m2 3050710 -0.000336379861 0.5 p1 36744 8
3249 15549229 m2 4944914 -0.00139987259 0.5 p1 36749 8
1715 15549253 m2 2596294 -0.000219337759 0.5 p1 36749 8
3006 15549554 m2 4597359 -0.000599816616 0.5 p1 36754 8
1685 15549811 m2 2555583 -0.000790405436 0.5 p1 36758 8
1501 15550717 m2 2310422 -0.000894230849 0.5 p1 36774 8
2869 15551143 m2 4401076 -0.00378998648 0.5 p1 36782 8
3028 15551374 m2 4624626 -0.000226844611 0.5 p1 36786 8
2729 15551943 m2 4173581 -0.00247019669 0.5 p1 36796 8
1665 15552327 m2 2536931 -0.000150387161 0.5 p1 36803 8
1508 15553639 m3 2317536 0.000124877057 0.5 p1 36825 8
311 15554546 m2 470207 -0.00116052537 0.5 p1 36841 8
3036 15554667 m2 4644458 -0.00125611445 0.5 p1 36843 8
1375 15554801 m2 2115498 -0.00517855864 0.5 p1 36845 8
518 15554835 m2 807900 -0.00594069762 0.5 p1 36846 8
1259 15554892 m2 1925097 -0.00214896468 0.5 p1 36847 8
1835 15555573 m2 2792115 -6.15412864e-05 0.5 p1 36860 8
742 15555604 m2 1162904 -0.00354138436 0.5 p1 36860 8
2980 15555697 m2 4566072 -0.00211261562 0.5 p1 36862 8
1586 15556050 m2 2430530 -0.00321297254 0.5 p1 36869 8
1043 15556623 m2 1617559 -0.0100771636 0.5 p1 36879 8
2622 15558282 m2 3991103 -0.00230185338 0.5 p1 36910 8
213 15560399 m2 304141 -0.00623133779 0.5 p1 36948 8
220 15560577 m2 321041 -0.00976194534 0.5 p1 36951 8
3116 15560915 m2 4747444 -0.00982981175 0.5 p1 36956 8
1612 15561652 m2 2463765 -0.01301743 0.5 p1 36970 8
2585 15562014 m2 3932010 -0.000918186968 0.5 p1 36977 8
344 15562613 m2 534605 -0.000511179329 0.5 p1 36987 8
180 15563414 m2 264943 -0.00525284512 0.5 p1 37001 8
2966 15564046 m3 4550834 1.9364903e-05 0.5 p1 37013 8
1488 15564134 m2 2294618 -0.000599923544 0.5 p1 37014 8
528 15564555 m2 823472 -0.00162069371 0.5 p1 37022 8
1542 15565114 m2 2369015 -0.0130101144 0.5 p1 37032 8
1323 15565289 m2 2025068 -0.00194200012 0.5 p1 37035 8
278 15565421 m2 412117 -0.00449908478 0.5 p1 37037 8
2302 15566446 m2 3458677 -0.0338636078 0.5 p1 37056 8
2986 15567629 m2 4571656 -0.00215263967 0.5 p1 37079 8
586 15568466 m2 901445 -0.0109596457 0.5 p1 37097 8
2608 15568468 m2 3964243 -0.00853479281 0.5 p1 37097 8
421 15569016 m2 644535 -0.00325724459 0.5 p1 37107 8
2037 15569069 m2 3084548 -0.00577469496 0.5 p1 37108 8
1783 15570141 m2 2706883 -0.000327190821 0.5 p1 37129 8
2336 15570224 m2 3524139 -0.000575268408 0.5 p1 37131 8
2213 15571106 m2 3329834 -0.00932805985 0.5 p1 37150 8
1961 15571569 m2 2965140 -0.000294653932 0.5 p1 37159 8
1367 15571994 m2 2103197 -0.00912933238 0.5 p1 37168 8
990 15572354 m2 1523576 -1.20811492e-05 0.5 p1 37175 8
1362 15573622 m2 2093937 -1.37504827e-07 0.5 p1 37200 8
1327 15574072 m2 2032114 -0.00201516459 0.5 p1 37210 8
2079 15574078 m2 3129246 -0.00249022688 0.5 p1 37210 8
2882 15574133 m2 4424260 -0.014893353 0.5 p1 37211 8
1456 15574696 m2 2243175 -0.00111512851 0.5 p1 37223 8
1929 15574936 m2 2924328 -0.0102747753 0.5 p1 37228 8
288 15575226 m2 428894 -0.000174261615 0.5 p1 37234 8
248 15575403 m2 371307 -0.00390823837 0.5 p1 37238 8
2221 15575628 m2 3343143 -0.00606743246 0.5 p1 37243 8
2184 15576053 m2 3274124 -0.00300273392 0.5 p1 37251 8
2546 15576161 m2 3871695 -0.00014082191 0.5 p1 37254 8
1479 15576370 m2 2272469 -0.0023257134 0.5 p1 37258 8
1031 15576636 m2 1601274 -0.0161528904 0.5 p1 37264 8
2799 15576685 m2 4272770 -0.000656242308 0.5 p1 37265 8
61 15576907 m2 87532 -0.00967345946 0.5 p1 37269 8
2158 15577114 m2 3240781 -0.000377785182 0.5 p1 37273 8
1004 15577783 m2 1541492 -0.000659692683 0.5 p1 37289 8
3040 15577932 m2 4646817 -0.00487461127 0.5 p1 37292 8
2802 15577952 m2 4275605 -0.0001784997 0.5 p1 37293 8
659 15578283 m2 1009474 -1.35821574e-05 0.5 p1 37300 8
2368 15578600 m2 3575741 -0.00516143395 0.5 p1 37308 8
3190 15578943 m2 4858534 -0.00172450626 0.5 p1 37315 8
2088 15579003 m2 3148582 -0.00225904398 0.5 p1 37316 8
465 15579116 m2 715378 -0.0302463807 0.5 p1 37318 8
177 15579243 m2 258841 -0.00515457382 0.5 p1 37321 8
871 15579552 m2 1351541 -0.0216220152 0.5 p1 37328 8
1149 15580115 m2 1770279 -2.01209687e-07 0.5 p1 37343 8
1159 15580251 m2 1785651 -4.04368317e-10 0.5 p1 37346 8
14 15580493 m2 25648 -0.0179797616 0.5 p1 37352 8
3135 15580663 m2 4773063 -9.88037427e-05 0.5 p1 37356 8
1036 15581042 m2 1607771 -0.00154178671 0.5 p1 37366 8
2467 15581147 m2 3735797 -0.0188039392 0.5 p1 37369 8
496 15581178 m2 768886 -0.000859964755 0.5 p1 37370 8
1930 15581485 m2 2925073 -0.000450421969 0.5 p1 37376 8
2652 15581932 m2 4039706 -7.42274096e-06 0.5 p1 37388 8
1220 15581999 m2 1875048 -0.0339678675 0.5 p1 37390 8
2133 15582234 m2 3195670 -0.00278788968 0.5 p1 37395 8
6 15582474 m2 11400 -0.00104939518 0.5 p1 37400 8
189 15582517 m2 273680 -0.0105425585 0.5 p1 37401 8
1821 15582950 m2 2775620 -0.0122919846 0.5 p1 37411 8
508 15583196 m2 787609 -0.0047376873 0.5 p1 37418 8
749 15583215 m2 1182118 -0.000931286253 0.5 p1 37419 8
1330 15583446 m2 2037783 -0.000814941362 0.5 p1 37425 8
2470 15583616 m2 3737966 -0.016234396 0.5 p1 37430 8
107 15584476 m2 168518 -0.0400320515 0.5 p1 37454 8
1614 15584750 m2 2465657 -0.0140859298 0.5 p1 37462 8
1007 15585071 m2 1549008 -0.000198256574 0.5 p1 37471 8
2952 15585320 m2 4523900 -0.00141277281 0.5 p1 37478 8
2909 15585423 m2 4461987 -0.000266421965 0.5 p1 37480 8
3148 15585425 m2 4802667 -0.00119588757 0.5 p1 37480 8
2066 15585789 m2 3114280 -0.000177974667 0.5 p1 37491 8
3194 15585844 m2 4870525 -0.00130539259 0.5 p1 37493 8
2940 15586168 m2 4504193 -5.66567178e-05 0.5 p1 37503 8
2419 15586343 m2 3659664 -4.7286052e-05 0.5 p1 37508 8
1678 15586409 m2 2548908 -0.00123526342 0.5 p1 37510 8
1482 15586491 m2 2276456 -0.000139053096 0.5 p1 37513 8
2583 15586519 m2 3931919 -0.00605064631 0.5 p1 37513 8
2600 15586649 m2 3955932 -0.00247530779 0.5 p1 37517 8
1766 15586718 m2 2676540 -0.00126633642 0.5 p1 37519 8
3109 15587056 m2 4744513 -0.00311822724 0.5 p1 37529 8
2249 15587293 m2 3386066 -0.00212185387 0.5 p1 37537 8
2061 15587644 m2 3107439 -5.46509873e-05 0.5 p1 37547 8
158 15587728 m2 238758 -0.0054494869 0.5 p1 37550 8
1088 15587748 m2 1691123 -0.00373830763 0.5 p1 37550 8
2932 15587873 m3 4494530 7.39960669e-05 0.5 p1 37554 8
2231 15588149 m2 3357033 -0.0162158459 0.5 p1 37564 8
922 15588169 m2 1430045 -5.53841492e-05 0.5 p1 37564 8
25 15588440 m2 50490 -0.00544701423 0.5 p1 37573 8
611 15589341 m2 931354 -0.0175496861 0.5 p1 37602 8
2360 15589382 m2 3563218 -0.019421 0.5 p1 37604 8
427 15589399 m2 652035 -0.000357977988 0.5 p1 37604 8
270 15589443 m2 402714 -0.00145424251 0.5 p1 37606 8
3156 15589495 m2 4814546 -0.0107209142 0.5 p1 37608 8
876 15589561 m2 1362430 -5.09864403e-05 0.5 p1 37609 8
73 15589605 m2 113743 -0.00249600201 0.5 p1 37611 8
2598 15589639 m2 3949074 -0.00547644263 0.5 p1 37611 8
2895 15589850 m2 4440866 -0.00836522877 0.5 p1 37619 8
677 15589862 m2 1051669 -0.00142228382 0.5 p1 37619 8
2902 15590021 m2 4457554 -0.000107360931 0.5 p1 37625 8
1668 15590118 m2 2537547 -0.00897918455 0.5 p1 37628 8
2324 15590265 m2 3510562 -4.90229249e-05 0.5 p1 37631 8
1369 15590597 m2 2108508 -0.00248585432 0.5 p1 37643 8
2578 15590717 m2 3920797 -0.00538312178 0.5 p1 37647 8
1394 15590858 m2 2131098 -0.0132684987 0.5 p1 37652 8
1853 15590931 m2 2818898 -0.00125074608 0.5 p1 37654 8
2107 15591158 m2 3163832 -0.00126108481 0.5 p1 37661 8
913 15591251 m2 1412584 -0.00670121051 0.5 p1 37664 8
1704 15591402 m2 2575011 -0.00736356992 0.5 p1 37669 8
2456 15591435 m2 3719233 -0.0330687016 0.5 p1 37670 8
1527 15591564 m2 2341282 -0.000211552629 0.5 p1 37675 8
234 15591654 m2 337551 -0.00870424695 0.5 p1 37678 8
2477 15591727 m2 3752037 -0.00256236526 0.5 p1 37680 8
2322 15591855 m2 3509886 -0.000230406353 0.5 p1 37684 8
1519 15591945 m2 2333217 -0.00483075343 0.5 p1 37688 8
3072 15592136 m2 4685032 -0.000768816972 0.5 p1 37694 8
1122 15592637 m2 1734196 -0.00113000651 0.5 p1 37711 8
72 15592771 m2 109199 -0.00795768294 0.5 p1 37715 8
1156 15593348 m2 1779848 -0.00331389741 0.5 p1 37734 8
955 15593372 m2 1479069 -0.000565860304 0.5 p1 37735 8
2485 15593627 m2 3765456 -0.0063609737 0.5 p1 37743 8
1374 15593667 m2 2115360 -2.31523682e-05 0.5 p1 37745 8
943 15594020 m2 1464985 -0.0106605394 0.5 p1 37758 8
967 15594021 m2 1492700 -0.0172548145 0.5 p1 37758 8
1021 15594059 m2 1579487 -0.00140819012 0.5 p1 37759 8
313 15594318 m2 473977 -0.00747921085 0.5 p1 37770 8
780 15594331 m2 1235363 -0.00252376311 0.5 p1 37771 8
1333 15594498 m2 2044026 -0.00439244416 0.5 p1 37777 8
1084 15594531 m2 1679987 -0.000462409371 0.5 p1 37778 8
1773 15594657 m2 2688307 -9.01140811e-05 0.5 p1 37783 8
1420 15594933 m3 2162233 0.000649444002 0.5 p1 37793 8
1841 15594934 m2 2805622 -0.00636772485 0.5 p1 37793 8
2938 15595080 m2 4503100 -0.000348881789 0.5 p1 37799 8
149 15595109 m2 219768 -0.00562033523 0.5 p1 37800 8
1378 15595292 m2 2116128 -0.00263596023 0.5 p1 37806 8
2062 15595560 m2 3107701 -0.00190887728 0.5 p1 37816 8
3045 15595595 m2 4652544 -0.0120100919 0.5 p1 37817 8
609 15595674 m2 930545 -0.00573909935 0.5 p1 37819 8
423 15595759 m2 648214 -0.00402703835 0.5 p1 37823 8
1700 15595881 m2 2571985 -0.00243885745 0.5 p1 37827 8
1188 15595977 m2 1829117 -0.00117335108 0.5 p1 37831 8
2178 15595992 m2 3266731 -1.50525311e-05 0.5 p1 37831 8
2040 15596011 m2 3088400 -0.000870064541 0.5 p1 37832 8
804 15596012 m2 1254558 -0.0050331871 0.5 p1 37832 8
45 15596428 m2 73144 -3.96967116e-05 0.5 p1 37848 8
2575 15596601 m2 3919090 -0.0112815667 0.5 p1 37854 8
1839 15596800 m2 2796715 -0.00314658857 0.5 p1 37861 8
1150 15596843 m2 1771775 -0.00313347834 0.5 p1 37863 8
1030 15597157 m2 1600060 -0.0484623164 0.5 p1 37874 8
2683 15597305 m2 4095610 -0.0020273393 0.5 p1 37880 8
1340 15597395 m2 2052874 -0.0010328861 0.5 p1 37884 8
1281 15597449 m2 1956508 -0.00288285641 0.5 p1 37886 8
2851 15597481 m2 4376421 -0.00308944774 0.5 p1 37887 8
1064 15597761 m2 1655295 -0.00656522205 0.5 p1 37898 8
39 15597781 m2 64826 -0.00226678234 0.5 p1 37899 8
3158 15597804 m2 4818006 -0.0155708035 0.5 p1 37899 8
2867 15597830 m2 4395096 -0.0122677069 0.5 p1 37900 8
1457 15597851 m2 2244194 -0.00439608935 0.5 p1 37901 8
2688 15597915 m2 4104330 -3.16736005e-05 0.5 p1 37904 8
793 15597945 m2 1248725 -0.0377662256 0.5 p1 37904 8
687 15597985 m2 1076486 -0.00119307882 0.5 p1 37906 8
3230 15598109 m2 4916563 -0.000252857339 0.5 p1 37912 8
3264 15598172 m2 4959749 -0.00458668312 0.5 p1 37915 8
2753 15598210 m2 4216069 -0.00133236893 0.5 p1 37917 8
2 15598520 m2 1807 -0.00761412783 0.5 p1 37929 8
2854 15598605 m2 4377423 -9.59900208e-05 0.5 p1 37932 8
497 15598623 m2 773383 -0.00405246206 0.5 p1 37933 8
966 15598997 m2 1492688 -0.00573446928 0.5 p1 37949 8
1495 15599156 m2 2300722 -0.00555941137 0.5 p1 37955 8
306 15599333 m2 456496 -6.43897074e-05 0.5 p1 37963 8
2971 15599498 m2 4554468 -0.0014146039 0.5 p1 37970 8
361 15599605 m2 556789 -0.00154484157 0.5 p1 37975 8
3024 15599631 m2 4617561 -6.86636849e-06 0.5 p1 37976 8
2395 15599705 m2 3620627 -4.29276406e-05 0.5 p1 37980 8
203 15599991 m2 293021 -0.000202990908 0.5 p1 37993 8
808 15599992 m2 1257821 -0.00203079497 0.5 p1 37993 8
2667 15600178 m2 4060866 -1.65048573e-06 0.5 p1 38000 8
3216 15600656 m2 4899832 -0.0196871739 0.5 p1 38021 8
2388 15600690 m2 3610836 -0.000164377881 0.5 p1 38022 8
830 15600747 m2 1284924 -0.00314299576 0.5 p1 38025 8
298 15600785 m2 446504 -0.00388851739 0.5 p1 38027 8
991 15600788 m2 1524539 -0.0022189368 0.5 p1 38027 8
0 15600803 m2 255 -0.00635057548 0.5 p1 38028 8
654 15600820 m2 995367 -0.0143904537 0.5 p1 38028 8
2545 15600835 m2 3868765 -3.36683047e-06 0.5 p1 38029 8
776 15600979 m2 1224008 -0.00619176729 0.5 p1 38036 8
1522 15601130 m2 2335946 -2.09042901e-05 0.5 p1 38043 8
277 15601168 m2 410761 -0.00954925083 0.5 p1 38044 8
1555 15601171 m2 2394121 -0.000109554232 0.5 p1 38044 8
2675 15601358 m2 4079663 -0.000240603025 0.5 p1 38053 8
2254 15601401 m2 3392433 -0.00415885495 0.5 p1 38055 8
1811 15601410 m2 2752095 -0.00586166047 0.5 p1 38056 8
1384 15601463 m2 2118090 -0.00493497355 0.5 p1 38058 8
461 15601769 m2 709489 -0.00738400267 0.5 p1 38072 8
1484 15602188 m2 2283860 -0.00204738951 0.5 p1 38095 8
2890 15602283 m2 4435102 -0.000374922354 0.5 p1 38098 8
2415 15602290 m2 3649785 -0.00839576125 0.5 p1 38099 8
440 15602417 m2 673832 -1.63034074e-05 0.5 p1 38106 8
1561 15602623 m2 2401256 -0.00349593651 0.5 p1 38117 8
2566 15602752 m2 3900673 -0.00511745643 0.5 p1 38124 8
2463 15602763 m2 3730725 -0.000775670051 0.5 p1 38125 8
3140 15602764 m2 4784781 -0.0165038407 0.5 p1 38125 8
13 15603130 m2 25342 -0.00370394345 0.5 p1 38143 8
949 15603194 m2 1474997 -0.027032163 0.5 p1 38146 8
2251 15603338 m2 3390463 -0.0113015352 0.5 p1 38155 8
447 15603375 m2 689155 -0.00324550481 0.5 p1 38157 8
2225 15603474 m2 3350417 -0.0292717814 0.5 p1 38162 8
2697 15603511 m2 4120465 -0.0203661527 0.5 p1 38164 8
1922 15603588 m2 2918401 -0.00604223181 0.5 p1 38168 8
2328 15603650 m2 3513475 -0.0139323398 0.5 p1 38170 8
1144 15603796 m2 1759627 -5.52459028e-07 0.5 p1 38178 8
595 15603801 m2 910941 -0.00105462782 0.5 p1 38179 8
1410 15603823 m2 2144787 -2.09916725e-05 0.5 p1 38180 8
3089 15603904 m2 4711515 -0.00303365639 0.5 p1 38185 8
2300 15604060 m2 3457509 -0.0026914773 0.5 p1 38193 8
2749 15604062 m2 4206056 -0.00186866312 0.5 p1 38193 8
893 15604129 m2 1385980 -0.00177117263 0.5 p1 38197 8
1402 15604391 m2 2136651 -0.000652564049 0.5 p1 38210 8
1997 15604403 m2 3019678 -0.00268869312 0.5 p1 38211 8
384 15604471 m2 590719 -0.00734265288 0.5 p1 38215 8
287 15604489 m2 427059 -0.0235321466 0.5 p1 38216 8
986 15604538 m2 1515386 -0.00691123586 0.5 p1 38218 8
1454 15604610 m3 2235222 0.00027839659 0.5 p1 38221 8
3056 15604707 m2 4664401 -0.00763085391 0.5 p1 38227 8
2399 15604816 m2 3624155 -0.000912908581 0.5 p1 38233 8
802 15604853 m2 1253494 -0.0266728885 0.5 p1 38235 8
2342 15605123 m2 3536228 -0.00207236991 0.5 p1 38249 8
2101 15605185 m2 3160163 -0.00530210882 0.5 p1 38252 8
2152 15605224 m2 3228891 -0.00134818582 0.5 p1 38256 8
3142 15605287 m2 4789650 -1.76882095e-05 0.5 p1 38260 8
3212 15605406 m2 4894978 -0.00196765363 0.5 p1 38266 8
868 15605466 m2 1347201 -0.000226001503 0.5 p1 38270 8
1838 15605524 m2 2795470 -0.000187333382 0.5 p1 38275 8
2695 15605525 m2 4119480 -0.0189101845 0.5 p1 38275 8
132 15605585 m2 202955 -0.0471909121 0.5 p1 38279 8
1524 15605599 m2 2339258 -0.000195222412 0.5 p1 38280 8
3171 15605718 m2 4828176 -4.71960666e-05 0.5 p1 38287 8
2656 15605866 m2 4041045 -0.0157096423 0.5 p1 38296 8
2383 15605874 m2 3600089 -0.0204489809 0.5 p1 38296 8
1584 15605936 m2 2427439 -0.00563674746 0.5 p1 38300 8
625 15605988 m2 959927 -8.73329554e-05 0.5 p1 38303 8
279 15606305 m2 413341 -0.00639094459 0.5 p1 38326 8
1868 15606310 m2 2842907 -0.0102157081 0.5 p1 38327 8
1024 15606349 m2 1582967 -0.0012389773 0.5 p1 38330 8
1620 15606626 m2 2473827 -0.000129508611 0.5 p1 38348 8
527 15606795 m2 821266 -0.0060656555 0.5 p1 38358 8
1418 15606864 m2 2158280 -0.00127380597 0.5 p1 38363 8
2715 15606976 m2 4139481 -0.0212337635 0.5 p1 38372 8
1334 15606978 m2 2045278 -8.12463404e-05 0.5 p1 38372 8
3270 15607030 m2 4969521 -0.000235011059 0.5 p1 38377 8
1558 15607050 m2 2398321 -0.000471336709 0.5 p1 38378 8
635 15607061 m2 970150 -0.0072808722 0.5 p1 38378 8
1425 15607141 m2 2168444 -6.12828953e-05 0.5 p1 38385 8
2072 15607197 m2 3118628 -0.000198989655 0.5 p1 38389 8
2332 15607206 m2 3519812 -0.00136380689 0.5 p1 38389 8
2751 15607227 m2 4208825 -0.000961088925 0.5 p1 38391 8
2836 15607232 m2 4355543 -0.0035022418 0.5 p1 38391 8
284 15607246 m2 424739 -0.00508578261 0.5 p1 38393 8
1594 15607252 m2 2440104 -7.43493219e-05 0.5 p1 38393 8
2163 15607302 m2 3250628 -0.013132656 0.5 p1 38396 8
681 15607436 m2 1059972 -0.00893156976 0.5 p1 38406 8
1268 15607540 m2 1937515 -0.0274334364 0.5 p1 38415 8
1020 15607561 m2 1577555 -2.52107966e-05 0.5 p1 38417 8
2539 15607619 m2 3856962 -0.00740144821 0.5 p1 38420 8
671 15607741 m2 1033707 -0.00756943785 0.5 p1 38430 8
2572 15607815 m2 3916039 -0.00366463908 0.5 p1 38437 8
2305 15607838 m2 3464024 -0.00180535158 0.5 p1 38439 8
2511 15607977 m2 3814812 -0.0194172468 0.5 p1 38450 8
1093 15607985 m2 1696166 -0.0120119778 0.5 p1 38451 8
951 15607989 m2 1475433 -0.000880810607 0.5 p1 38451 8
2340 15608058 m2 3531419 -0.00961557962 0.5 p1 38457 8
1846 15608063 m2 2811539 -0.000567120267 0.5 p1 38458 8
978 15608112 m2 1508491 -0.00308926427 0.5 p1 38462 8
2611 15608148 m2 3964904 -0.0149530675 0.5 p1 38466 8
2283 15608184 m2 3430736 -0.0149338506 0.5 p1 38469 8
1535 15608185 m2 2352788 -0.001072724 0.5 p1 38469 8
3053 15608218 m2 4661153 -2.37480399e-05 0.5 p1 38471 8
1865 15608235 m2 2835459 -0.0044044354 0.5 p1 38472 8
251 15608251 m2 379285 -0.00557323685 0.5 p1 38474 8
1001 15608299 m2 1538610 -0.00149493734 0.5 p1 38478 8
2260 15608339 m2 3400854 -0.0103639038 0.5 p1 38482 8
1051 15608398 m2 1638106 -0.0211620051 0.5 p1 38487 8
904 15608457 m2 1403111 -0.000962487422 0.5 p1 38491 8
1762 15608541 m2 2671608 -0.00939058792 0.5 p1 38498 8
630 15608635 m2 963770 -0.000760861614 0.5 p1 38507 8
2372 15608650 m2 3578890 -0.00398963271 0.5 p1 38508 3
2073 15608726 m2 3120775 -0.00355019281 0.5 p1 38514 8
1628 15608732 m2 2481307 -0.0128391879 0.5 p1 38515 8
302 15608865 m2 449635 -0.000360768026 0.5 p1 38528 8
3269 15608867 m2 4966533 -0.00504369522 0.5 p1 38528 8
883 15608903 m2 1369414 -0.00281498814 0.5 p1 38531 8
3047 15608911 m2 4655428 -0.0205560047 0.5 p1 38531 8
2776 15609011 m2 4245115 -0.00131500582 0.5 p1 38541 8
493 15609026 m2 759042 -0.00418524304 0.5 p1 38543 8
2820 15609156 m2 4321065 -2.23658135e-05 0.5 p1 38555 8
2810 15609181 m2 4290776 -0.00209535705 0.5 p1 38557 8
2479 15609203 m2 3753826 -0.00438738102 0.5 p1 38559 8
1169 15609215 m2 1795847 -1.47092463e-10 0.5 p1 38561 8
610 15609226 m2 930702 -0.00158928835 0.5 p1 38562 8
54 15609342 m2 79305 -0.0105143217 0.5 p1 38573 8
2507 15609402 m2 3808212 -0.0137123261 0.5 p1 38579 8
1110 15609411 m2 1720941 -0.00920546055 0.5 p1 38580 8
1958 15609447 m2 2961760 -0.00697879121 0.5 p1 38584 8
2098 15609527 m2 3156687 -0.00221997174 0.5 p1 38592 3
2331 15609580 m2 3516983 -0.00252838572 0.5 p1 38596 3
1819 15609591 m2 2768501 -0.0159794986 0.5 p1 38597 8
903 15609698 m2 1402837 -0.00585817313 0.5 p1 38608 8
2852 15609776 m2 4376434 -0.0194194634 0.5 p1 38615 8
2070 15609783 m2 3117976 -0.00918339565 0.5 p1 38616 7
2077 15609784 m2 3127464 -0.00433492986 0.5 p1 38616 7
1927 15609812 m2 2922292 -0.00705007697 0.5 p1 38620 8
1600 15609928 m2 2447035 -0.00522781722 0.5 p1 38630 4
2113 15609970 m2 3170634 -1.87870373e-05 0.5 p1 38634 8
2718 15609981 m2 4149669 -0.0135464212 0.5 p1 38635 4
102 15610008 m2 158805 -0.00182543381 0.5 p1 38637 8
3305 15610025 m2 3116614 -8.02033901e-06 0.5 p1 38639 1
241 15610104 m2 354877 -0.0281396173 0.5 p1 38647 8
161 15610118 m2 243014 -0.0120436735 0.5 p1 38649 8
897 15610165 m2 1393404 -0.00942087919 0.5 p1 38653 8
3298 15610166 m2 4682944 -0.000276836567 0.5 p1 38653 2
3297 15610263 m2 2311832 -0.00947571546 0.5 p1 38665 4
2076 15610276 m2 3124972 -0.00714400411 0.5 p1 38666 1
3296 15610293 m2 2053004 -0.00314389542 0.5 p1 38668 4
3299 15610294 m2 4687366 -9.12177857e-05 0.5 p1 38668 2
3295 15610331 m2 1818767 -0.0028114256 0.5 p1 38671 4
3302 15610339 m2 389939 -0.019354457 0.5 p1 38673 1
3303 15610340 m2 637734 -0.0265086051 0.5 p1 38673 1
2976 15610430 m2 4562421 -0.00181051926 0.5 p1 38684 5
3306 15610431 m2 3350697 -0.0104907379 0.5 p1 38684 1
2453 15610434 m2 3715714 -4.95163886e-06 0.5 p1 38684 2
3300 15610440 m2 2933720 -0.00997244939 0.5 p1 38685 2
2126 15610449 m2 3184736 -0.032592833 0.5 p1 38686 1
3304 15610450 m2 1142450 -0.0343597494 0.5 p1 38686 1
3301 15610474 m2 4069655 -0.00354366587 0.5 p1 38688 1
3307 15610476 m2 665255 -3.09630366e-07 0.5 p1 38688 1
3308 15610477 m2 3384658 -3.49592192e-05 0.5 p1 38688 1
3309 15610478 m2 4592630 -0.000559816137 0.5 p1 38688 1
Individuals:
p1:i0 H p1:0 p1:1 2
p1:i1 H p1:2 p1:3 1
p1:i2 H p1:4 p1:5 0
p1:i3 H p1:6 p1:7 0
Genomes:
p1:0 A 0 1 2 3 4 5 6 7 8 9 10 11 12 13 14 15 16 17 18 19 20 21 22 23 24 25 26 27 28 29 30 31 32 33 34 35 36 37 38 39 40 41 42 43 44 45 46 47 48 49 50 51 52 53 54 55 56 57 58 59 60 61 62 63 64 65 66 67 68 69 70 71 72 73 74 75 76 77 78 79 80 81 82 83 84 85 86 87 88 89 90 91 92 93 94 95 96 97 98 99 100 101 102 103 104 105 106 107 108 109 110 111 112 113 114 115 116 117 118 119 120 121 122 123 124 125 126 127 128 129 130 131 132 133 134 135 136 137 138 139 140 141 142 143 144 145 146 147 148 149 150 151 152 153 154 155 156 157 158 159 160 161 162 163 164 165 166 167 168 169 170 171 172 173 174 175 176 177 178 179 180 181 182 183 184 185 186 187 188 189 190 191 192 193 194 195 196 197 198 199 200 201 202 203 204 205 206 207 208 209 210 211 212 213 214 215 216 217 218 219 220 221 222 223 224 225 226 227 228 229 230 231 232 233 234 235 236 237 238 239 240 241 242 243 244 245 246 247 248 249 250 251 252 253 254 255 256 257 258 259 260 261 262 263 264 265 266 267 268 269 270 271 272 273 274 275 276 277 278 279 280 281 282 283 284 285 286 287 288 289 290 291 292 293 294 295 296 297 298 299 300 301 302 303 304 305 306 307 308 309 310 311 312 313 314 315 316 317 318 319 320 321 322 323 324 325 326 327 328 329 330 331 332 333 334 335 336 337 338 339 340 341 342 343 344 345 346 347 348 349 350 351 352 353 354 355 356 357 358 359 360 361 362 363 364 365 366 367 368 369 370 371 372 373 374 375 376 377 378 379 380 381 382 383 384 385 386 387 388 389 390 391 392 393 394 395 396 397 398 399 400 401 402 403 404 405 406 407 408 409 410 411 412 413 414 415 416 417 418 419 420 421 422 423 424 425 426 427 428 429 430 431 432 433 434 435 436 437 438 439 440 441 442 443 444 445 446 447 448 449 450 451 452 453 454 455 456 457 458 459 460 461 462 463 464 465 466 467 468 469 470 471 472 473 474 475 476 477 478 479 480 481 482 483 484 485 486 487 488 489 490 491 492 493 494 495 496 497 498 499 500 501 502 503 504 505 506 507 508 509 510 511 512 513 514 515 516 517 518 519 520 521 522 523 524 525 526 527 528 529 530 531 532 533 534 535 536 537 538 539 540 541 542 543 544 545 546 547 548 549 550 551 552 553 554 555 556 557 558 559 560 561 562 563 564 565 566 567 568 569 570 571 572 573 574 575 576 577 578 579 580 581 582 583 584 585 586 587 588 589 590 591 592 593 594 595 596 597 598 599 600 601 602 603 604 605 606 607 608 609 610 611 612 613 614 615 616 617 618 619 620 621 622 623 624 625 626 627 628 629 630 631 632 633 634 635 636 637 638 639 640 641 642 643 644 645 646 647 648 649 650 651 652 653 654 655 656 657 658 659 660 661 662 663 664 665 666 667 668 669 670 671 672 673 674 675 676 677 678 679 680 681 682 683 684 685 686 687 688 689 690 691 692 693 694 695 696 697 698 699 700 701 702 703 704 705 706 707 708 709 710 711 712 713 714 715 716 717 718 719 720 721 722 723 724 725 726 727 728 729 730 731 732 733 734 735 736 737 738 739 740 741 742 743 744 745 746 747 748 749 750 751 752 753 754 755 756 757 758 759 760 761 762 763 764 765 766 767 768 769 770 771 772 773 774 775 776 777 778 779 780 781 782 783 784 785 786 787 788 789 790 791 792 793 794 795 796 797 798 799 800 801 802 803 804 805 806 807 808 809 810 811 812 813 814 815 816 817 818 819 820 821 822 823 824 825 826 827 828 829 830 831 832 833 834 835 836 837 838 839 840 841 842 843 844 845 846 847 848 849 850 851 852 853 854 855 856 857 858 859 860 861 862 863 864 865 866 867 868 869 870 871 872 873 874 875 876 877 878 879 880 881 882 883 884 885 886 887 888 889 890 891 892 893 894 895 896 897 898 899 900 901 902 903 904 905 906 907 908 909 910 911 912 913 914 915 916 917 918 919 920 921 922 923 924 925 926 927 928 929 930 931 932 933 934 935 936 937 938 939 940 941 942 943 944 945 946 947 948 949 950 951 952 953 954 955 956 957 958 959 960 961 962 963 964 965 966 967 968 969 970 971 972 973 974 975 976 977 978 979 980 981 982 983 984 985 986 987 988 989 990 991 992 993 994 995 996 997 998 999 1000 1001 1002 1003 1004 1005 1006 1007 1008 1009 1010 1011 1012 1013 1014 1015 1016 1017 1018 1019 1020 1021 1022 1023 1024 1025 1026 1027 1028 1029 1030 1031 1032 1033 1034 1035 1036 1037 1038 1039 1040 1041 1042 1043 1044 1045 1046 1047 1048 1049 1050 1051 1052 1053 1054 1055 1056 1057 1058 1059 1060 1061 1062 1063 1064 1065 1066 1067 1068 1069 1070 1071 1072 1073 1074 1075 1076 1077 1078 1079 1080 1081 1082 1083 1084 1085 1086 1087 1088 1089 1090 1091 1092 1093 1094 1095 1096 1097 1098 1099 1100 1101 1102 1103 1104 1105 1106 1107 1108 1109 1110 1111 1112 1113 1114 1115 1116 1117 1118 1119 1120 1121 1122 1123 1124 1125 1126 1127 1128 1129 1130 1131 1132 1133 1134 1135 1136 1137 1138 1139 1140 1141 1142 1143 1144 1145 1146 1147 1148 1149 1150 1151 1152 1153 1154 1155 1156 1157 1158 1159 1160 1161 1162 1163 1164 1165 1166 1167 1168 1169 1170 1171 1172 1173 1174 1175 1176 1177 1178 1179 1180 1181 1182 1183 1184 1185 1186 1187 1188 1189 1190 1191 1192 1193 1194 1195 1196 1197 1198 1199 1200 1201 1202 1203 1204 1205 1206 1207 1208 1209 1210 1211 1212 1213 1214 1215 1216 1217 1218 1219 1220 1221 1222 1223 1224 1225 1226 1227 1228 1229 1230 1231 1232 1233 1234 1235 1236 1237 1238 1239 1240 1241 1242 1243 1244 1245 1246 1247 1248 1249 1250 1251 1252 1253 1254 1255 1256 1257 1258 1259 1260 1261 1262 1263 1264 1265 1266 1267 1268 1269 1270 1271 1272 1273 1274 1275 1276 1277 1278 1279 1280 1281 1282 1283 1284 1285 1286 1287 1288 1289 1290 1291 1292 1293 1294 1295 1296 1297 1298 1299 1300 1301 1302 1303 1304 1305 1306 1307 1308 1309 1310 1311 1312 1313 1314 1315 1316 1317 1318 1319 1320 1321 1322 1323 1324 1325 1326 1327 1328 1329 1330 1331 1332 1333 1334 1335 1336 1337 1338 1339 1340 1341 1342 1343 1344 1345 1346 1347 1348 1349 1350 1351 1352 1353 1354 1355 1356 1357 1358 1359 1360 1361 1362 1363 1364 1365 1366 1367 1368 1369 1370 1371 1372 1373 1374 1375 1376 1377 1378 1379 1380 1381 1382 1383 1384 1385 1386 1387 1388 1389 1390 1391 1392 1393 1394 1395 1396 1397 1398 1399 1400 1401 1402 1403 1404 1405 1406 1407 1408 1409 1410 1411 1412 1413 1414 1415 1416 1417 1418 1419 1420 1421 1422 1423 1424 1425 1426 1427 1428 1429 1430 1431 1432 1433 1434 1435 1436 1437 1438 1439 1440 1441 1442 1443 1444 1445 1446 1447 1448 1449 1450 1451 1452 1453 1454 1455 1456 1457 1458 1459 1460 1461 1462 1463 1464 1465 1466 1467 1468 1469 1470 1471 1472 1473 1474 1475 1476 1477 1478 1479 1480 1481 1482 1483 1484 1485 1486 1487 1488 1489 1490 1491 1492 1493 1494 1495 1496 1497 1498 1499 1500 1501 1502 1503 1504 1505 1506 1507 1508 1509 1510 1511 1512 1513 1514 1515 1516 1517 1518 1519 1520 1521 1522 1523 1524 1525 1526 1527 1528 1529 1530 1531 1532 1533 1534 1535 1536 1537 1538 1539 1540 1541 1542 1543 1544 1545 1546 1547 1548 1549 1550 1551 1552 1553 1554 1555 1556 1557 1558 1559 1560 1561 1562 1563 1564 1565 1566 1567 1568 1569 1570 1571 1572 1573 1574 1575 1576 1577 1578 1579 1580 1581 1582 1583 1584 1585 1586 1587 1588 1589 1590 1591 1592 1593 1594 1595 1596 1597 1598 1599 1600 1601 1602 1603 1604 1605 1606 1607 1608 1609 1610 1611 1612 1613 1614 1615 1616 1617 1618 1619 1620 1621 1622 1623 1624 1625 1626 1627 1628 1629 1630 1631 1632 1633 1634 1635 1636 1637 1638 1639 1640 1641 1642 1643 1644 1645 1646 1647 1648 1649 1650 1651 1652 1653 1654 1655 1656 1657 1658 1659 1660 1661 1662 1663 1664 1665 1666 1667 1668 1669 1670 1671 1672 1673 1674 1675 1676 1677 1678 1679 1680 1681 1682 1683 1684 1685 1686 1687 1688 1689 1690 1691 1692 1693 1694 1695 1696 1697 1698 1699 1700 1701 1702 1703 1704 1705 1706 1707 1708 1709 1710 1711 1712 1713 1714 1715 1716 1717 1718 1719 1720 1721 1722 1723 1724 1725 1726 1727 1728 1729 1730 1731 1732 1733 1734 1735 1736 1737 1738 1739 1740 1741 1742 1743 1744 1745 1746 1747 1748 1749 1750 1751 1752 1753 1754 1755 1756 1757 1758 1759 1760 1761 1762 1763 1764 1765 1766 1767 1768 1769 1770 1771 1772 1773 1774 1775 1776 1777 1778 1779 1780 1781 1782 1783 1784 1785 1786 1787 1788 1789 1790 1791 1792 1793 1794 1795 1796 1797 1798 1799 1800 1801 1802 1803 1804 1805 1806 1807 1808 1809 1810 1811 1812 1813 1814 1815 1816 1817 1818 1819 1820 1821 1822 1823 1824 1825 1826 1827 1828 1829 1830 1831 1832 1833 1834 1835 1836 1837 1838 1839 1840 1841 1842 1843 1844 1845 1846 1847 1848 1849 1850 1851 1852 1853 1854 1855 1856 1857 1858 1859 1860 1861 1862 1863 1864 1865 1866 1867 1868 1869 1870 1871 1872 1873 1874 1875 1876 1877 1878 1879 1880 1881 1882 1883 1884 1885 1886 1887 1888 1889 1890 1891 1892 1893 1894 1895 1896 1897 1898 1899 1900 1901 1902 1903 1904 1905 1906 1907 1908 1909 1910 1911 1912 1913 1914 1915 1916 1917 1918 1919 1920 1921 1922 1923 1924 1925 1926 1927 1928 1929 1930 1931 1932 1933 1934 1935 1936 1937 1938 1939 1940 1941 1942 1943 1944 1945 1946 1947 1948 1949 1950 1951 1952 1953 1954 1955 1956 1957 1958 1959 1960 1961 1962 1963 1964 1965 1966 1967 1968 1969 1970 1971 1972 1973 1974 1975 1976 1977 1978 1979 1980 1981 1982 1983 1984 1985 1986 1987 1988 1989 1990 1991 1992 1993 1994 1995 1996 1997 1998 1999 2000 2001 2002 2003 2004 2005 2006 2007 2008 2009 2010 2011 2012 2013 2014 2015 2016 2017 2018 2019 2020 2021 2022 2023 2024 2025 2026 2027 2028 2029 2030 2031 2032 2033 2034 2035 2036 2037 2038 2039 2040 2041 2042 2043 2044 2045 2046 2047 2048 2049 2050 2051 2052 2053 2054 2055 2056 2057 2058 2059 2060 2061 2062 2063 2064 2065 2066 2067 2068 2069 2070 2071 2072 2073 2074 2075 2076 2077 2078 2079 2080 2081 2082 2083 2084 2085 2086 2087 2088 2089 2090 2091 2092 2093 2094 2095 2096 2097 2098 2099 2100 2101 2102 2103 2104 2105 2106 2107 2108 2109 2110 2111 2112 2113 2114 2115 2116 2117 2118 2119 2120 2121 2122 2123 2124 2125 2126 2127 2128 2129 2130 2131 2132 2133 2134 2135 2136 2137 2138 2139 2140 2141 2142 2143 2144 2145 2146 2147 2148 2149 2150 2151 2152 2153 2154 2155 2156 2157 2158 2159 2160 2161 2162 2163 2164 2165 2166 2167 2168 2169 2170 2171 2172 2173 2174 2175 2176 2177 2178 2179 2180 2181 2182 2183 2184 2185 2186 2187 2188 2189 2190 2191 2192 2193 2194 2195 2196 2197 2198 2199 2200 2201 2202 2203 2204 2205 2206 2207 2208 2209 2210 2211 2212 2213 2214 2215 2216 2217 2218 2219 2220 2221 2222 2223 2224 2225 2226 2227 2228 2229 2230 2231 2232 2233 2234 2235 2236 2237 2238 2239 2240 2241 2242 2243 2244 2245 2246 2247 2248 2249 2250 2251 2252 2253 2254 2255 2256 2257 2258 2259 2260 2261 2262 2263 2264 2265 2266 2267 2268 2269 2270 2271 2272 2273 2274 2275 2276 2277 2278 2279 2280 2281 2282 2283 2284 2285 2286 2287 2288 2289 2290 2291 2292 2293 2294 2295 2296 2297 2298 2299 2300 2301 2302 2303 2304 2305 2306 2307 2308 2309 2310 2311 2312 2313 2314 2315 2316 2317 2318 2319 2320 2321 2322 2323 2324 2325 2326 2327 2328 2329 2330 2331 2332 2333 2334 2335 2336 2337 2338 2339 2340 2341 2342 2343 2344 2345 2346 2347 2348 2349 2350 2351 2352 2353 2354 2355 2356 2357 2358 2359 2360 2361 2362 2363 2364 2365 2366 2367 2368 2369 2370 2371 2372 2373 2374 2375 2376 2377 2378 2379 2380 2381 2382 2383 2384 2385 2386 2387 2388 2389 2390 2391 2392 2393 2394 2395 2396 2397 2398 2399 2400 2401 2402 2403 2404 2405 2406 2407 2408 2409 2410 2411 2412 2413 2414 2415 2416 2417 2418 2419 2420 2421 2422 2423 2424 2425 2426 2427 2428 2429 2430 2431 2432 2433 2434 2435 2436 2437 2438 2439 2440 2441 2442 2443 2444 2445 2446 2447 2448 2449 2450 2451 2452 2453 2454 2455 2456 2457 2458 2459 2460 2461 2462 2463 2464 2465 2466 2467 2468 2469 2470 2471 2472 2473 2474 2475 2476 2477 2478 2479 2480 2481 2482 2483 2484 2485 2486 2487 2488 2489 2490 2491 2492 2493 2494 2495 2496 2497 2498 2499 2500 2501 2502 2503 2504 2505 2506 2507 2508 2509 2510 2511 2512 2513 2514 2515 2516 2517 2518 2519 2520 2521 2522 2523 2524 2525 2526 2527 2528 2529 2530 2531 2532 2533 2534 2535 2536 2537 2538 2539 2540 2541 2542 2543 2544 2545 2546 2547 2548 2549 2550 2551 2552 2553 2554 2555 2556 2557 2558 2559 2560 2561 2562 2563 2564 2565 2566 2567 2568 2569 2570 2571 2572 2573 2574 2575 2576 2577 2578 2579 2580 2581 2582 2583 2584 2585 2586 2587 2588 2589 2590 2591 2592 2593 2594 2595 2596 2597 2598 2599 2600 2601 2602 2603 2604 2605 2606 2607 2608 2609 2610 2611 2612 2613 2614 2615 2616 2617 2618 2619 2620 2621 2622 2623 2624 2625 2626 2627 2628 2629 2630 2631 2632 2633 2634 2635 2636 2637 2638 2639 2640 2641 2642 2643 2644 2645 2646 2647 2648 2649 2650 2651 2652 2653 2654 2655 2656 2657 2658 2659 2660 2661 2662 2663 2664 2665 2666 2667 2668 2669 2670 2671 2672 2673 2674 2675 2676 2677 2678 2679 2680 2681 2682 2683 2684 2685 2686 2687 2688 2689 2690 2691 2692 2693 2694 2695 2696 2697 2698 2699 2700 2701 2702 2703 2704 2705 2706 2707 2708 2709 2710 2711 2712 2713 2714 2715 2716 2717 2718 2719 2720 2721 2722 2723 2724 2725 2726 2727 2728 2729 2730 2731 2732 2733 2734 2735 2736 2737 2738 2739 2740 2741 2742 2743 2744 2745 2746 2747 2748 2749 2750 2751 2752 2753 2754 2755 2756 2757 2758 2759 2760 2761 2762 2763 2764 2765 2766 2767 2768 2769 2770 2771 2772 2773 2774 2775 2776 2777 2778 2779 2780 2781 2782 2783 2784 2785 2786 2787 2788 2789 2790 2791 2792 2793 2794 2795 2796 2797 2798 2799 2800 2801 2802 2803 2804 2805 2806 2807 2808 2809 2810 2811 2812 2813 2814 2815 2816 2817 2818 2819 2820 2821 2822 2823 2824 2825 2826 2827 2828 2829 2830 2831 2832 2833 2834 2835 2836 2837 2838 2839 2840 2841 2842 2843 2844 2845 2846 2847 2848 2849 2850 2851 2852 2853 2854 2855 2856 2857 2858 2859 2860 2861 2862 2863 2864 2865 2866 2867 2868 2869 2870 2871 2872 2873 2874 2875 2876 2877 2878 2879 2880 2881 2882 2883 2884 2885 2886 2887 2888 2889 2890 2891 2892 2893 2894 2895 2896 2897 2898 2899 2900 2901 2902 2903 2904 2905 2906 2907 2908 2909 2910 2911 2912 2913 2914 2915 2916 2917 2918 2919 2920 2921 2922 2923 2924 2925 2926 2927 2928 2929 2930 2931 2932 2933 2934 2935 2936 2937 2938 2939 2940 2941 2942 2943 2944 2945 2946 2947 2948 2949 2950 2951 2952 2953 2954 2955 2956 2957 2958 2959 2960 2961 2962 2963 2964 2965 2966 2967 2968 2969 2970 2971 2972 2973 2974 2975 2976 2977 2978 2979 2980 2981 2982 2983 2984 2985 2986 2987 2988 2989 2990 2991 2992 2993 2994 2995 2996 2997 2998 2999 3000 3001 3002 3003 3004 3005 3006 3007 3008 3009 3010 3011 3012 3013 3014 3015 3016 3017 3018 3019 3020 3021 3022 3023 3024 3025 3026 3027 3028 3029 3030 3031 3032 3033 3034 3035 3036 3037 3038 3039 3040 3041 3042 3043 3044 3045 3046 3047 3048 3049 3050 3051 3052 3053 3054 3055 3056 3057 3058 3059 3060 3061 3062 3063 3064 3065 3066 3067 3068 3069 3070 3071 3072 3073 3074 3075 3076 3077 3078 3079 3080 3081 3082 3083 3084 3085 3086 3087 3088 3089 3090 3091 3092 3093 3094 3095 3096 3097 3098 3099 3100 3101 3102 3103 3104 3105 3106 3107 3108 3109 3110 3111 3112 3113 3114 3115 3116 3117 3118 3119 3120 3121 3122 3123 3124 3125 3126 3127 3128 3129 3130 3131 3132 3133 3134 3135 3136 3137 3138 3139 3140 3141 3142 3143 3144 3145 3146 3147 3148 3149 3150 3151 3152 3153 3154 3155 3156 3157 3158 3159 3160 3161 3162 3163 3164 3165 3166 3167 3168 3169 3170 3171 3172 3173 3174 3175 3176 3177 3178 3179 3180 3181 3182 3183 3184 3185 3186 3187 3188 3189 3190 3191 3192 3193 3194 3195 3196 3197 3198 3199 3200 3201 3202 3203 3204 3205 3206 3207 3208 3209 3210 3211 3212 3213 3214 3215 3216 3217 3218 3219 3220 3221 3222 3223 3224 3225 3226 3227 3228 3229 3230 3231 3232 3233 3234 3235 3236 3237 3238 3239 3240 3241 3242 3243 3244 3245 3246 3247 3248 3249 3250 3251 3252 3253 3254 3255 3256 3257 3258 3259 3260 3261 3262 3263 3264 3265 3266 3267 3268 3269 3270 3271 3272 3273 3274 3275 3276 3277 3278 3279 3280 3281 3282 3283 3284 3285 3286 3287 3288 3289 3290 3291 3292 3293 3294
p1:1 A 0 1 2 3 4 5 6 7 8 9 10 11 12 13 14 15 16 17 18 19 20 21 22 23 24 25 26 27 28 29 30 31 32 33 34 35 36 37 38 39 40 41 42 43 44 45 46 47 48 49 50 51 52 53 54 55 56 57 58 59 60 61 62 63 64 65 66 67 68 69 70 71 72 73 74 75 76 77 78 79 80 81 82 83 84 85 86 87 88 89 90 91 92 93 94 95 96 97 98 99 100 101 102 103 104 105 106 107 108 109 110 111 112 113 114 115 116 117 118 119 120 121 122 123 124 125 126 127 128 129 130 131 132 133 134 135 136 137 138 139 140 141 142 143 144 145 146 147 148 149 150 151 152 153 154 155 156 157 158 159 160 161 162 163 164 165 166 167 168 169 170 171 172 173 174 175 176 177 178 179 180 181 182 183 184 185 186 187 188 189 190 191 192 193 194 195 196 197 198 199 200 201 202 203 204 205 206 207 208 209 210 211 212 213 214 215 216 217 218 219 220 221 222 223 224 225 226 227 228 229 230 231 232 233 234 235 236 237 238 239 240 241 242 243 244 245 246 247 248 249 250 251 252 253 254 255 256 257 258 259 260 261 262 263 264 265 266 267 268 269 270 271 272 273 274 275 276 277 278 279 280 281 282 283 284 285 286 287 288 289 290 291 292 293 294 295 296 297 298 299 300 301 302 303 304 305 306 307 308 309 310 311 312 313 314 315 316 317 318 319 320 321 322 323 324 325 326 327 328 329 330 331 332 333 334 335 336 337 338 339 340 341 342 343 344 345 346 347 348 349 350 351 352 353 354 355 356 357 358 359 360 361 362 363 364 365 366 367 368 369 370 371 372 373 374 375 376 377 378 379 380 381 382 383 384 385 386 387 388 389 390 391 392 393 394 395 396 397 398 399 400 401 402 403 404 405 406 407 408 409 410 411 412 413 414 415 416 417 418 419 420 421 422 423 424 425 426 427 428 429 430 431 432 433 434 435 436 437 438 439 440 441 442 443 444 445 446 447 448 449 450 451 452 453 454 455 456 457 458 459 460 461 462 463 464 465 466 467 468 469 470 471 472 473 474 475 476 477 478 479 480 481 482 483 484 485 486 487 488 489 490 491 492 493 494 495 496 497 498 499 500 501 502 503 504 505 506 507 508 509 510 511 512 513 514 515 516 517 518 519 520 521 522 523 524 525 526 527 528 529 530 531 532 533 534 535 536 537 538 539 540 541 542 543 544 545 546 547 548 549 550 551 552 553 554 555 556 557 558 559 560 561 562 563 564 565 566 567 568 569 570 571 572 573 574 575 576 577 578 579 580 581 582 583 584 585 586 587 588 589 590 591 592 593 594 595 596 597 598 599 600 601 602 603 604 605 606 607 608 609 610 611 612 613 614 615 616 617 618 619 620 621 622 623 624 625 626 627 628 629 630 631 632 633 634 635 636 637 638 639 640 641 642 643 644 645 646 647 648 649 650 651 652 653 654 655 656 657 658 659 660 661 662 663 664 665 666 667 668 669 670 671 672 673 674 675 676 677 678 679 680 681 682 683 684 685 686 687 688 689 690 691 692 693 694 695 696 697 698 699 700 701 702 703 704 705 706 707 708 709 710 711 712 713 714 715 716 717 718 719 720 721 722 723 724 725 726 727 728 729 730 731 732 733 734 735 736 737 738 739 740 741 742 743 744 745 746 747 748 749 750 751 752 753 754 755 756 757 758 759 760 761 762 763 764 765 766 767 768 769 770 771 772 773 774 775 776 777 778 779 780 781 782 783 784 785 786 787 788 789 790 791 792 793 794 795 796 797 798 799 800 801 802 803 804 805 806 807 808 809 810 811 812 813 814 815 816 817 818 819 820 821 822 823 824 825 826 827 828 829 830 831 832 833 834 835 836 837 838 839 840 841 842 843 844 845 846 847 848 849 850 851 852 853 854 855 856 857 858 859 860 861 862 863 864 865 866 867 868 869 870 871 872 873 874 875 876 877 878 879 880 881 882 883 884 885 886 887 888 889 890 891 892 893 894 895 896 897 898 899 900 901 902 903 904 905 906 907 908 909 910 911 912 913 914 915 916 917 918 919 920 921 922 923 924 925 926 927 928 929 930 931 932 933 934 935 936 937 938 939 940 941 942 943 944 945 946 947 948 949 950 951 952 953 954 955 956 957 958 959 960 961 962 963 964 965 966 967 968 969 970 971 972 973 974 975 976 977 978 979 980 981 982 983 984 985 986 987 988 989 990 991 992 993 994 995 996 997 998 999 1000 1001 1002 1003 1004 1005 1006 1007 1008 1009 1010 1011 1012 1013 1014 1015 1016 1017 1018 1019 1020 1021 1022 1023 1024 1025 1026 1027 1028 1029 1030 1031 1032 1033 1034 1035 1036 1037 1038 1039 1040 1041 1042 1043 1044 1045 1046 1047 1048 1049 1050 1051 1052 1053 1054 1055 1056 1057 1058 1059 1060 1061 1062 1063 1064 1065 1066 1067 1068 1069 1070 1071 1072 1073 1074 1075 1076 1077 1078 1079 1080 1081 1082 1083 1084 1085 1086 1087 1088 1089 1090 1091 1092 1093 1094 1095 1096 1097 1098 1099 1100 1101 1102 1103 1104 1105 1106 1107 1108 1109 1110 1111 1112 1113 1114 1115 1116 1117 1118 1119 1120 1121 1122 1123 1124 1125 1126 1127 1128 1129 1130 1131 1132 1133 1134 1135 1136 1137 1138 1139 1140 1141 1142 1143 1144 1145 1146 1147 1148 1149 1150 1151 1152 1153 1154 1155 1156 1157 1158 1159 1160 1161 1162 1163 1164 1165 1166 1167 1168 1169 1170 1171 1172 1173 1174 1175 1176 1177 1178 1179 1180 1181 1182 3295 1183 1184 1185 1186 1187 1188 1189 1190 1191 1192 1193 1194 1195 1196 1197 1198 1199 1200 1201 1202 1203 1204 1205 1206 1207 1208 1209 1210 1211 1212 1213 1214 1215 1216 1217 1218 1219 1220 1221 1222 1223 1224 1225 1226 1227 1228 1229 1230 1231 1232 1233 1234 1235 1236 1237 1238 1239 1240 1241 1242 1243 1244 1245 1246 1247 1248 1249 1250 1251 1252 1253 1254 1255 1256 1257 1258 1259 1260 1261 1262 1263 1264 1265 1266 1267 1268 1269 1270 1271 1272 1273 1274 1275 1276 1277 1278 1279 1280 1281 1282 1283 1284 1285 1286 1287 1288 1289 1290 1291 1292 1293 1294 1295 1296 1297 1298 1299 1300 1301 1302 1303 1304 1305 1306 1307 1308 1309 1310 1311 1312 1313 1314 1315 1316 1317 1318 1319 1320 1321 1322 1323 1324 1325 1326 1327 1328 1329 1330 1331 1332 1333 1334 1335 1336 1337 1338 1339 1340 3296 1341 1342 1343 1344 1345 1346 1347 1348 1349 1350 1351 1352 1353 1354 1355 1356 1357 1358 1359 1360 1361 1362 1363 1364 1365 1366 1367 1368 1369 1370 1371 1372 1373 1374 1375 1376 1377 1378 1379 1380 1381 1382 1383 1384 1385 1386 1387 1388 1389 1390 1391 1392 1393 1394 1395 1396 1397 1398 1399 1400 1401 1402 1403 1404 1405 1406 1407 1408 1409 1410 1411 1412 1413 1414 1415 1416 1417 1418 1419 1420 1421 1422 1423 1424 1425 1426 1427 1428 1429 1430 1431 1432 1433 1434 1435 1436 1437 1438 1439 1440 1441 1442 1443 1444 1445 1446 1447 1448 1449 1450 1451 1452 1453 1454 1455 1456 1457 1458 1459 1460 1461 1462 1463 1464 1465 1466 1467 1468 1469 1470 1471 1472 1473 1474 1475 1476 1477 1478 1479 1480 1481 1482 1483 1484 1485 1486 1487 1488 1489 1490 1491 1492 1493 1494 1495 1496 1497 1498 1499 1500 1501 3297 1502 1503 1504 1505 1506 1507 1508 1509 1510 1511 1512 1513 1514 1515 1516 1517 1518 1519 1520 1521 1522 1523 1524 1525 1526 1527 1528 1529 1530 1531 1532 1533 1534 1535 1536 1537 1538 1539 1540 1541 1542 1543 1544 1545 1546 1547 1548 1549 1550 1551 1552 1553 1554 1555 1556 1557 1558 1559 1560 1561 1562 1563 1564 1565 1566 1567 1568 1569 1570 1571 1572 1573 1574 1575 1576 1577 1578 1579 1580 1581 1582 1583 1584 1585 1586 1587 1588 1589 1590 1591 1592 1593 1594 1595 1596 1597 1598 1599 1601 1602 1603 1604 1605 1606 1607 1608 1609 1610 1611 1612 1613 1614 1615 1616 1617 1618 1619 1620 1621 1622 1623 1624 1625 1626 1627 1628 1629 1630 1631 1632 1633 1634 1635 1636 1637 1638 1639 1640 1641 1642 1643 1644 1645 1646 1647 1648 1649 1650 1651 1652 1653 1654 1655 1656 1657 1658 1659 1660 1661 1662 1663 1664 1665 1666 1667 1668 1669 1670 1671 1672 1673 1674 1675 1676 1677 1678 1679 1680 1681 1682 1683 1684 1685 1686 1687 1688 1689 1690 1691 1692 1693 1694 1695 1696 1697 1698 1699 1700 1701 1702 1703 1704 1705 1706 1707 1708 1709 1710 1711 1712 1713 1714 1715 1716 1717 1718 1719 1720 1721 1722 1723 1724 1725 1726 1727 1728 1729 1730 1731 1732 1733 1734 1735 1736 1737 1738 1739 1740 1741 1742 1743 1744 1745 1746 1747 1748 1749 1750 1751 1752 1753 1754 1755 1756 1757 1758 1759 1760 1761 1762 1763 1764 1765 1766 1767 1768 1769 1770 1771 1772 1773 1774 1775 1776 1777 1778 1779 1780 1781 1782 1783 1784 1785 1786 1787 1788 1789 1790 1791 1792 1793 1794 1795 1796 1797 1798 1799 1800 1801 1802 1803 1804 1805 1806 1807 1808 1809 1810 1811 1812 1813 1814 1815 1816 1817 1818 1819 1820 1821 1822 1823 1824 1825 1826 1827 1828 1829 1830 1831 1832 1833 1834 1835 1836 1837 1838 1839 1840 1841 1842 1843 1844 1845 1846 1847 1848 1849 1850 1851 1852 1853 1854 1855 1856 1857 1858 1859 1860 1861 1862 1863 1864 1865 1866 1867 1868 1869 1870 1871 1872 1873 1874 1875 1876 1877 1878 1879 1880 1881 1882 1883 1884 1885 1886 1887 1888 1889 1890 1891 1892 1893 1894 1895 1896 1897 1898 1899 1900 1901 1902 1903 1904 1905 1906 1907 1908 1909 1910 1911 1912 1913 1914 1915 1916 1917 1918 1919 1920 1921 1922 1923 1924 1925 1926 1927 1928 1929 1930 1931 1932 1933 1934 1935 1936 1937 1938 1939 1940 1941 1942 1943 1944 1945 1946 1947 1948 1949 1950 1951 1952 1953 1954 1955 1956 1957 1958 1959 1960 1961 1962 1963 1964 1965 1966 1967 1968 1969 1970 1971 1972 1973 1974 1975 1976 1977 1978 1979 1980 1981 1982 1983 1984 1985 1986 1987 1988 1989 1990 1991 1992 1993 1994 1995 1996 1997 1998 1999 2000 2001 2002 2003 2004 2005 2006 2007 2008 2009 2010 2011 2012 2013 2014 2015 2016 2017 2018 2019 2020 2021 2022 2023 2024 2025 2026 2027 2028 2029 2030 2031 2032 2033 2034 2035 2036 2037 2038 2039 2040 2041 2042 2043 2044 2045 2046 2047 2048 2049 2050 2051 2052 2053 2054 2055 2056 2057 2058 2059 2060 2061 2062 2063 2064 2065 2066 2067 2068 2069 2070 2071 2072 2073 2074 2075 2077 2078 2079 2080 2081 2082 2083 2084 2085 2086 2087 2088 2089 2090 2091 2092 2093 2094 2095 2096 2097 2098 2099 2100 2101 2102 2103 2104 2105 2106 2107 2108 2109 2110 2111 2112 2113 2114 2115 2116 2117 2118 2119 2120 2121 2122 2123 2124 2125 2127 2128 2129 2130 2131 2132 2133 2134 2135 2136 2137 2138 2139 2140 2141 2142 2143 2144 2145 2146 2147 2148 2149 2150 2151 2152 2153 2154 2155 2156 2157 2158 2159 2160 2161 2162 2163 2164 2165 2166 2167 2168 2169 2170 2171 2172 2173 2174 2175 2176 2177 2178 2179 2180 2181 2182 2183 2184 2185 2186 2187 2188 2189 2190 2191 2192 2193 2194 2195 2196 2197 2198 2199 2200 2201 2202 2203 2204 2205 2206 2207 2208 2209 2210 2211 2212 2213 2214 2215 2216 2217 2218 2219 2220 2221 2222 2223 2224 2225 2226 2227 2228 2229 2230 2231 2232 2233 2234 2235 2236 2237 2238 2239 2240 2241 2242 2243 2244 2245 2246 2247 2248 2249 2250 2251 2252 2253 2254 2255 2256 2257 2258 2259 2260 2261 2262 2263 2264 2265 2266 2267 2268 2269 2270 2271 2272 2273 2274 2275 2276 2277 2278 2279 2280 2281 2282 2283 2284 2285 2286 2287 2288 2289 2290 2291 2292 2293 2294 2295 2296 2297 2298 2299 2300 2301 2302 2303 2304 2305 2306 2307 2308 2309 2310 2311 2312 2313 2314 2315 2316 2317 2318 2319 2320 2321 2322 2323 2324 2325 2326 2327 2328 2329 2330 2332 2333 2334 2335 2336 2337 2338 2339 2340 2341 2342 2343 2344 2345 2346 2347 2348 2349 2350 2351 2352 2353 2354 2355 2356 2357 2358 2359 2360 2361 2362 2363 2364 2365 2366 2367 2368 2369 2370 2371 2373 2374 2375 2376 2377 2378 2379 2380 2381 2382 2383 2384 2385 2386 2387 2388 2389 2390 2391 2392 2393 2394 2395 2396 2397 2398 2399 2400 2401 2402 2403 2404 2405 2406 2407 2408 2409 2410 2411 2412 2413 2414 2415 2416 2417 2418 2419 2420 2421 2422 2423 2424 2425 2426 2427 2428 2429 2430 2431 2432 2433 2434 2435 2436 2437 2438 2439 2440 2441 2442 2443 2444 2445 2446 2447 2448 2449 2450 2451 2452 2454 2455 2456 2457 2458 2459 2460 2461 2462 2463 2464 2465 2466 2467 2468 2469 2470 2471 2472 2473 2474 2475 2476 2477 2478 2479 2480 2481 2482 2483 2484 2485 2486 2487 2488 2489 2490 2491 2492 2493 2494 2495 2496 2497 2498 2499 2500 2501 2502 2503 2504 2505 2506 2507 2508 2509 2510 2511 2512 2513 2514 2515 2516 2517 2518 2519 2520 2521 2522 2523 2524 2525 2526 2527 2528 2529 2530 2531 2532 2533 2534 2535 2536 2537 2538 2539 2540 2541 2542 2543 2544 2545 2546 2547 2548 2549 2550 2551 2552 2553 2554 2555 2556 2557 2558 2559 2560 2561 2562 2563 2564 2565 2566 2567 2568 2569 2570 2571 2572 2573 2574 2575 2576 2577 2578 2579 2580 2581 2582 2583 2584 2585 2586 2587 2588 2589 2590 2591 2592 2593 2594 2595 2596 2597 2598 2599 2600 2601 2602 2603 2604 2605 2606 2607 2608 2609 2610 2611 2612 2613 2614 2615 2616 2617 2618 2619 2620 2621 2622 2623 2624 2625 2626 2627 2628 2629 2630 2631 2632 2633 2634 2635 2636 2637 2638 2639 2640 2641 2642 2643 2644 2645 2646 2647 2648 2649 2650 2651 2652 2653 2654 2655 2656 2657 2658 2659 2660 2661 2662 2663 2664 2665 2666 2667 2668 2669 2670 2671 2672 2673 2674 2675 2676 2677 2678 2679 2680 2681 2682 2683 2684 2685 2686 2687 2688 2689 2690 2691 2692 2693 2694 2695 2696 2697 2698 2699 2700 2701 2702 2703 2704 2705 2706 2707 2708 2709 2710 2711 2712 2713 2714 2715 2716 2717 2719 2720 2721 2722 2723 2724 2725 2726 2727 2728 2729 2730 2731 2732 2733 2734 2735 2736 2737 2738 2739 2740 2741 2742 2743 2744 2745 2746 2747 2748 2749 2750 2751 2752 2753 2754 2755 2756 2757 2758 2759 2760 2761 2762 2763 2764 2765 2766 2767 2768 2769 2770 2771 2772 2773 2774 2775 2776 2777 2778 2779 2780 2781 2782 2783 2784 2785 2786 2787 2788 2789 2790 2791 2792 2793 2794 2795 2796 2797 2798 2799 2800 2801 2802 2803 2804 2805 2806 2807 2808 2809 2810 2811 2812 2813 2814 2815 2816 2817 2818 2819 2820 2821 2822 2823 2824 2825 2826 2827 2828 2829 2830 2831 2832 2833 2834 2835 2836 2837 2838 2839 2840 2841 2842 2843 2844 2845 2846 2847 2848 2849 2850 2851 2852 2853 2854 2855 2856 2857 2858 2859 2860 2861 2862 2863 2864 2865 2866 2867 2868 2869 2870 2871 2872 2873 2874 2875 2876 2877 2878 2879 2880 2881 2882 2883 2884 2885 2886 2887 2888 2889 2890 2891 2892 2893 2894 2895 2896 2897 2898 2899 2900 2901 2902 2903 2904 2905 2906 2907 2908 2909 2910 2911 2912 2913 2914 2915 2916 2917 2918 2919 2920 2921 2922 2923 2924 2925 2926 2927 2928 2929 2930 2931 2932 2933 2934 2935 2936 2937 2938 2939 2940 2941 2942 2943 2944 2945 2946 2947 2948 2949 2950 2951 2952 2953 2954 2955 2956 2957 2958 2959 2960 2961 2962 2963 2964 2965 2966 2967 2968 2969 2970 2971 2972 2973 2974 2975 2977 2978 2979 2980 2981 2982 2983 2984 2985 2986 2987 2988 2989 2990 2991 2992 2993 2994 2995 2996 2997 2998 2999 3000 3001 3002 3003 3004 3005 3006 3007 3008 3009 3010 3011 3012 3013 3014 3015 3016 3017 3018 3019 3020 3021 3022 3023 3024 3025 3026 3027 3028 3029 3030 3031 3032 3033 3034 3035 3036 3037 3038 3039 3040 3041 3042 3043 3044 3045 3046 3047 3048 3049 3050 3051 3052 3053 3054 3055 3056 3057 3058 3059 3060 3061 3062 3063 3064 3065 3066 3067 3068 3069 3298 3070 3071 3072 3073 3299 3074 3075 3076 3077 3078 3079 3080 3081 3082 3083 3084 3085 3086 3087 3088 3089 3090 3091 3092 3093 3094 3095 3096 3097 3098 3099 3100 3101 3102 3103 3104 3105 3106 3107 3108 3109 3110 3111 3112 3113 3114 3115 3116 3117 3118 3119 3120 3121 3122 3123 3124 3125 3126 3127 3128 3129 3130 3131 3132 3133 3134 3135 3136 3137 3138 3139 3140 3141 3142 3143 3144 3145 3146 3147 3148 3149 3150 3151 3152 3153 3154 3155 3156 3157 3158 3159 3160 3161 3162 3163 3164 3165 3166 3167 3168 3169 3170 3171 3172 3173 3174 3175 3176 3177 3178 3179 3180 3181 3182 3183 3184 3185 3186 3187 3188 3189 3190 3191 3192 3193 3194 3195 3196 3197 3198 3199 3200 3201 3202 3203 3204 3205 3206 3207 3208 3209 3210 3211 3212 3213 3214 3215 3216 3217 3218 3219 3220 3221 3222 3223 3224 3225 3226 3227 3228 3229 3230 3231 3232 3233 3234 3235 3236 3237 3238 3239 3240 3241 3242 3243 3244 3245 3246 3247 3248 3249 3250 3251 3252 3253 3254 3255 3256 3257 3258 3259 3260 3261 3262 3263 3264 3265 3266 3267 3268 3269 3270 3271 3272 3273 3274 3275 3276 3277 3278 3279 3280 3281 3282 3283 3284 3285 3286 3287 3288 3289 3290 3291 3292 3293 3294
p1:2 A 0 1 2 3 4 5 6 7 8 9 10 11 12 13 14 15 16 17 18 19 20 21 22 23 24 25 26 27 28 29 30 31 32 33 34 35 36 37 38 39 40 41 42 43 44 45 46 47 48 49 50 51 52 53 54 55 56 57 58 59 60 61 62 63 64 65 66 67 68 69 70 71 72 73 74 75 76 77 78 79 80 81 82 83 84 85 86 87 88 89 90 91 92 93 94 95 96 97 98 99 100 101 102 103 104 105 106 107 108 109 110 111 112 113 114 115 116 117 118 119 120 121 122 123 124 125 126 127 128 129 130 131 132 133 134 135 136 137 138 139 140 141 142 143 144 145 146 147 148 149 150 151 152 153 154 155 156 157 158 159 160 161 162 163 164 165 166 167 168 169 170 171 172 173 174 175 176 177 178 179 180 181 182 183 184 185 186 187 188 189 190 191 192 193 194 195 196 197 198 199 200 201 202 203 204 205 206 207 208 209 210 211 212 213 214 215 216 217 218 219 220 221 222 223 224 225 226 227 228 229 230 231 232 233 234 235 236 237 238 239 240 241 242 243 244 245 246 247 248 249 250 251 252 253 254 255 256 257 258 259 260 261 262 263 264 265 266 267 268 269 270 271 272 273 274 275 276 277 278 279 280 281 282 283 284 285 286 287 288 289 290 291 292 293 294 295 296 297 298 299 300 301 302 303 304 305 306 307 308 309 310 311 312 313 314 315 316 317 318 319 320 321 322 323 324 325 326 327 328 329 330 331 332 333 334 335 336 337 338 339 340 341 342 343 344 345 346 347 348 349 350 351 352 353 354 355 356 357 358 359 360 361 362 363 364 365 366 367 368 369 370 371 372 373 374 375 376 377 378 379 380 381 382 383 384 385 386 387 388 389 390 391 392 393 394 395 396 397 398 399 400 401 402 403 404 405 406 407 408 409 410 411 412 413 414 415 416 417 418 419 420 421 422 423 424 425 426 427 428 429 430 431 432 433 434 435 436 437 438 439 440 441 442 443 444 445 446 447 448 449 450 451 452 453 454 455 456 457 458 459 460 461 462 463 464 465 466 467 468 469 470 471 472 473 474 475 476 477 478 479 480 481 482 483 484 485 486 487 488 489 490 491 492 493 494 495 496 497 498 499 500 501 502 503 504 505 506 507 508 509 510 511 512 513 514 515 516 517 518 519 520 521 522 523 524 525 526 527 528 529 530 531 532 533 534 535 536 537 538 539 540 541 542 543 544 545 546 547 548 549 550 551 552 553 554 555 556 557 558 559 560 561 562 563 564 565 566 567 568 569 570 571 572 573 574 575 576 577 578 579 580 581 582 583 584 585 586 587 588 589 590 591 592 593 594 595 596 597 598 599 600 601 602 603 604 605 606 607 608 609 610 611 612 613 614 615 616 617 618 619 620 621 622 623 624 625 626 627 628 629 630 631 632 633 634 635 636 637 638 639 640 641 642 643 644 645 646 647 648 649 650 651 652 653 654 655 656 657 658 659 660 661 662 663 664 665 666 667 668 669 670 671 672 673 674 675 676 677 678 679 680 681 682 683 684 685 686 687 688 689 690 691 692 693 694 695 696 697 698 699 700 701 702 703 704 705 706 707 708 709 710 711 712 713 714 715 716 717 718 719 720 721 722 723 724 725 726 727 728 729 730 731 732 733 734 735 736 737 738 739 740 741 742 743 744 745 746 747 748 749 750 751 752 753 754 755 756 757 758 759 760 761 762 763 764 765 766 767 768 769 770 771 772 773 774 775 776 777 778 779 780 781 782 783 784 785 786 787 788 789 790 791 792 793 794 795 796 797 798 799 800 801 802 803 804 805 806 807 808 809 810 811 812 813 814 815 816 817 818 819 820 821 822 823 824 825 826 827 828 829 830 831 832 833 834 835 836 837 838 839 840 841 842 843 844 845 846 847 848 849 850 851 852 853 854 855 856 857 858 859 860 861 862 863 864 865 866 867 868 869 870 871 872 873 874 875 876 877 878 879 880 881 882 883 884 885 886 887 888 889 890 891 892 893 894 895 896 897 898 899 900 901 902 903 904 905 906 907 908 909 910 911 912 913 914 915 916 917 918 919 920 921 922 923 924 925 926 927 928 929 930 931 932 933 934 935 936 937 938 939 940 941 942 943 944 945 946 947 948 949 950 951 952 953 954 955 956 957 958 959 960 961 962 963 964 965 966 967 968 969 970 971 972 973 974 975 976 977 978 979 980 981 982 983 984 985 986 987 988 989 990 991 992 993 994 995 996 997 998 999 1000 1001 1002 1003 1004 1005 1006 1007 1008 1009 1010 1011 1012 1013 1014 1015 1016 1017 1018 1019 1020 1021 1022 1023 1024 1025 1026 1027 1028 1029 1030 1031 1032 1033 1034 1035 1036 1037 1038 1039 1040 1041 1042 1043 1044 1045 1046 1047 1048 1049 1050 1051 1052 1053 1054 1055 1056 1057 1058 1059 1060 1061 1062 1063 1064 1065 1066 1067 1068 1069 1070 1071 1072 1073 1074 1075 1076 1077 1078 1079 1080 1081 1082 1083 1084 1085 1086 1087 1088 1089 1090 1091 1092 1093 1094 1095 1096 1097 1098 1099 1100 1101 1102 1103 1104 1105 1106 1107 1108 1109 1110 1111 1112 1113 1114 1115 1116 1117 1118 1119 1120 1121 1122 1123 1124 1125 1126 1127 1128 1129 1130 1131 1132 1133 1134 1135 1136 1137 1138 1139 1140 1141 1142 1143 1144 1145 1146 1147 1148 1149 1150 1151 1152 1153 1154 1155 1156 1157 1158 1159 1160 1161 1162 1163 1164 1165 1166 1167 1168 1169 1170 1171 1172 1173 1174 1175 1176 1177 1178 1179 1180 1181 1182 3295 1183 1184 1185 1186 1187 1188 1189 1190 1191 1192 1193 1194 1195 1196 1197 1198 1199 1200 1201 1202 1203 1204 1205 1206 1207 1208 1209 1210 1211 1212 1213 1214 1215 1216 1217 1218 1219 1220 1221 1222 1223 1224 1225 1226 1227 1228 1229 1230 1231 1232 1233 1234 1235 1236 1237 1238 1239 1240 1241 1242 1243 1244 1245 1246 1247 1248 1249 1250 1251 1252 1253 1254 1255 1256 1257 1258 1259 1260 1261 1262 1263 1264 1265 1266 1267 1268 1269 1270 1271 1272 1273 1274 1275 1276 1277 1278 1279 1280 1281 1282 1283 1284 1285 1286 1287 1288 1289 1290 1291 1292 1293 1294 1295 1296 1297 1298 1299 1300 1301 1302 1303 1304 1305 1306 1307 1308 1309 1310 1311 1312 1313 1314 1315 1316 1317 1318 1319 1320 1321 1322 1323 1324 1325 1326 1327 1328 1329 1330 1331 1332 1333 1334 1335 1336 1337 1338 1339 1340 1341 1342 1343 1344 1345 1346 1347 1348 1349 1350 1351 1352 1353 1354 1355 1356 1357 1358 1359 1360 1361 1362 1363 1364 1365 1366 1367 1368 1369 1370 1371 1372 1373 1374 1375 1376 1377 1378 1379 1380 1381 1382 1383 1384 1385 1386 1387 1388 1389 1390 1391 1392 1393 1394 1395 1396 1397 1398 1399 1400 1401 1402 1403 1404 1405 1406 1407 1408 1409 1410 1411 1412 1413 1414 1415 1416 1417 1418 1419 1420 1421 1422 1423 1424 1425 1426 1427 1428 1429 1430 1431 1432 1433 1434 1435 1436 1437 1438 1439 1440 1441 1442 1443 1444 1445 1446 1447 1448 1449 1450 1451 1452 1453 1454 1455 1456 1457 1458 1459 1460 1461 1462 1463 1464 1465 1466 1467 1468 1469 1470 1471 1472 1473 1474 1475 1476 1477 1478 1479 1480 1481 1482 1483 1484 1485 1486 1487 1488 1489 1490 1491 1492 1493 1494 1495 1496 1497 1498 1499 1500 1501 3297 1502 1503 1504 1505 1506 1507 1508 1509 1510 1511 1512 1513 1514 1515 1516 1517 1518 1519 1520 1521 1522 1523 1524 1525 1526 1527 1528 1529 1530 1531 1532 1533 1534 1535 1536 1537 1538 1539 1540 1541 1542 1543 1544 1545 1546 1547 1548 1549 1550 1551 1552 1553 1554 1555 1556 1557 1558 1559 1560 1561 1562 1563 1564 1565 1566 1567 1568 1569 1570 1571 1572 1573 1574 1575 1576 1577 1578 1579 1580 1581 1582 1583 1584 1585 1586 1587 1588 1589 1590 1591 1592 1593 1594 1595 1596 1597 1598 1599 1600 1601 1602 1603 1604 1605 1606 1607 1608 1609 1610 1611 1612 1613 1614 1615 1616 1617 1618 1619 1620 1621 1622 1623 1624 1625 1626 1627 1628 1629 1630 1631 1632 1633 1634 1635 1636 1637 1638 1639 1640 1641 1642 1643 1644 1645 1646 1647 1648 1649 1650 1651 1652 1653 1654 1655 1656 1657 1658 1659 1660 1661 1662 1663 1664 1665 1666 1667 1668 1669 1670 1671 1672 1673 1674 1675 1676 1677 1678 1679 1680 1681 1682 1683 1684 1685 1686 1687 1688 1689 1690 1691 1692 1693 1694 1695 1696 1697 1698 1699 1700 1701 1702 1703 1704 1705 1706 1707 1708 1709 1710 1711 1712 1713 1714 1715 1716 1717 1718 1719 1720 1721 1722 1723 1724 1725 1726 1727 1728 1729 1730 1731 1732 1733 1734 1735 1736 1737 1738 1739 1740 1741 1742 1743 1744 1745 1746 1747 1748 1749 1750 1751 1752 1753 1754 1755 1756 1757 1758 1759 1760 1761 1762 1763 1764 1765 1766 1767 1768 1769 1770 1771 1772 1773 1774 1775 1776 1777 1778 1779 1780 1781 1782 1783 1784 1785 1786 1787 1788 1789 1790 1791 1792 1793 1794 1795 1796 1797 1798 1799 1800 1801 1802 1803 1804 1805 1806 1807 1808 1809 1810 1811 1812 1813 1814 1815 1816 1817 1818 1819 1820 1821 1822 1823 1824 1825 1826 1827 1828 1829 1830 1831 1832 1833 1834 1835 1836 1837 1838 1839 1840 1841 1842 1843 1844 1845 1846 1847 1848 1849 1850 1851 1852 1853 1854 1855 1856 1857 1858 1859 1860 1861 1862 1863 1864 1865 1866 1867 1868 1869 1870 1871 1872 1873 1874 1875 1876 1877 1878 1879 1880 1881 1882 1883 1884 1885 1886 1887 1888 1889 1890 1891 1892 1893 1894 1895 1896 1897 1898 1899 1900 1901 1902 1903 1904 1905 1906 1907 1908 1909 1910 1911 1912 1913 1914 1915 1916 1917 1918 1919 1920 1921 1922 1923 1924 1925 1926 1927 1928 1929 1930 1931 1932 1933 1934 1935 1936 1937 1938 3300 1939 1940 1941 1942 1943 1944 1945 1946 1947 1948 1949 1950 1951 1952 1953 1954 1955 1956 1957 1958 1959 1960 1961 1962 1963 1964 1965 1966 1967 1968 1969 1970 1971 1972 1973 1974 1975 1976 1977 1978 1979 1980 1981 1982 1983 1984 1985 1986 1987 1988 1989 1990 1991 1992 1993 1994 1995 1996 1997 1998 1999 2000 2001 2002 2003 2004 2005 2006 2007 2008 2009 2010 2011 2012 2013 2014 2015 2016 2017 2018 2019 2020 2021 2022 2023 2024 2025 2026 2027 2028 2029 2030 2031 2032 2033 2034 2035 2036 2037 2038 2039 2040 2041 2042 2043 2044 2045 2046 2047 2048 2049 2050 2051 2052 2053 2054 2055 2056 2057 2058 2059 2060 2061 2062 2063 2064 2065 2066 2067 2068 2069 2070 2071 2072 2073 2074 2075 2077 2078 2079 2080 2081 2082 2083 2084 2085 2086 2087 2088 2089 2090 2091 2092 2093 2094 2095 2096 2097 2099 2100 2101 2102 2103 2104 2105 2106 2107 2108 2109 2110 2111 2112 2113 2114 2115 2116 2117 2118 2119 2120 2121 2122 2123 2124 2125 2127 2128 2129 2130 2131 2132 2133 2134 2135 2136 2137 2138 2139 2140 2141 2142 2143 2144 2145 2146 2147 2148 2149 2150 2151 2152 2153 2154 2155 2156 2157 2158 2159 2160 2161 2162 2163 2164 2165 2166 2167 2168 2169 2170 2171 2172 2173 2174 2175 2176 2177 2178 2179 2180 2181 2182 2183 2184 2185 2186 2187 2188 2189 2190 2191 2192 2193 2194 2195 2196 2197 2198 2199 2200 2201 2202 2203 2204 2205 2206 2207 2208 2209 2210 2211 2212 2213 2214 2215 2216 2217 2218 2219 2220 2221 2222 2223 2224 2225 2226 2227 2228 2229 2230 2231 2232 2233 2234 2235 2236 2237 2238 2239 2240 2241 2242 2243 2244 2245 2246 2247 2248 2249 2250 2251 2252 2253 2254 2255 2256 2257 2258 2259 2260 2261 2262 2263 2264 2265 2266 2267 2268 2269 2270 2271 2272 2273 2274 2275 2276 2277 2278 2279 2280 2281 2282 2283 2284 2285 2286 2287 2288 2289 2290 2291 2292 2293 2294 2295 2296 2297 2298 2299 2300 2301 2302 2303 2304 2305 2306 2307 2308 2309 2310 2311 2312 2313 2314 2315 2316 2317 2318 2319 2320 2321 2322 2323 2324 2325 2326 2327 2328 2329 2330 2332 2333 2334 2335 2336 2337 2338 2339 2340 2341 2342 2343 2344 2345 2346 2347 2348 2349 2350 2351 2352 2353 2354 2355 2356 2357 2358 2359 2360 2361 2362 2363 2364 2365 2366 2367 2368 2369 2370 2371 2373 2374 2375 2376 2377 2378 2379 2380 2381 2382 2383 2384 2385 2386 2387 2388 2389 2390 2391 2392 2393 2394 2395 2396 2397 2398 2399 2400 2401 2402 2403 2404 2405 2406 2407 2408 2409 2410 2411 2412 2413 2414 2415 2416 2417 2418 2419 2420 2421 2422 2423 2424 2425 2426 2427 2428 2429 2430 2431 2432 2433 2434 2435 2436 2437 2438 2439 2440 2441 2442 2443 2444 2445 2446 2447 2448 2449 2450 2451 2452 2454 2455 2456 2457 2458 2459 2460 2461 2462 2463 2464 2465 2466 2467 2468 2469 2470 2471 2472 2473 2474 2475 2476 2477 2478 2479 2480 2481 2482 2483 2484 2485 2486 2487 2488 2489 2490 2491 2492 2493 2494 2495 2496 2497 2498 2499 2500 2501 2502 2503 2504 2505 2506 2507 2508 2509 2510 2511 2512 2513 2514 2515 2516 2517 2518 2519 2520 2521 2522 2523 2524 2525 2526 2527 2528 2529 2530 2531 2532 2533 2534 2535 2536 2537 2538 2539 2540 2541 2542 2543 2544 2545 2546 2547 2548 2549 2550 2551 2552 2553 2554 2555 2556 2557 2558 2559 2560 2561 2562 2563 2564 2565 2566 2567 2568 2569 2570 2571 2572 2573 2574 2575 2576 2577 2578 2579 2580 2581 2582 2583 2584 2585 2586 2587 2588 2589 2590 2591 2592 2593 2594 2595 2596 2597 2598 2599 2600 2601 2602 2603 2604 2605 2606 2607 2608 2609 2610 2611 2612 2613 2614 2615 2616 2617 2618 2619 2620 2621 2622 2623 2624 2625 2626 2627 2628 2629 2630 2631 2632 2633 2634 2635 2636 2637 2638 2639 2640 2641 2642 2643 2644 2645 2646 2647 2648 2649 2650 2651 2652 2653 2654 2655 2656 2657 2658 2659 2660 2661 2662 2663 2664 2665 2666 2667 2668 2669 2670 2671 2672 2673 2674 2675 2676 2677 2678 2679 2680 2681 2682 2683 2684 2685 2686 2687 2688 2689 2690 2691 2692 2693 2694 2695 2696 2697 2698 2699 2700 2701 2702 2703 2704 2705 2706 2707 2708 2709 2710 2711 2712 2713 2714 2715 2716 2717 2718 2719 2720 2721 2722 2723 2724 2725 2726 2727 2728 2729 2730 2731 2732 2733 2734 2735 2736 2737 2738 2739 2740 2741 2742 2743 2744 2745 2746 2747 2748 2749 2750 2751 2752 2753 2754 2755 2756 2757 2758 2759 2760 2761 2762 2763 2764 2765 2766 2767 2768 2769 2770 2771 2772 2773 2774 2775 2776 2777 2778 2779 2780 2781 2782 2783 2784 2785 2786 2787 2788 2789 2790 2791 2792 2793 2794 2795 2796 2797 2798 2799 2800 2801 2802 2803 2804 2805 2806 2807 2808 2809 2810 2811 2812 2813 2814 2815 2816 2817 2818 2819 2820 2821 2822 2823 2824 2825 2826 2827 2828 2829 2830 2831 2832 2833 2834 2835 2836 2837 2838 2839 2840 2841 2842 2843 2844 2845 2846 2847 2848 2849 2850 2851 2852 2853 2854 2855 2856 2857 2858 2859 2860 2861 2862 2863 2864 2865 2866 2867 2868 2869 2870 2871 2872 2873 2874 2875 2876 2877 2878 2879 2880 2881 2882 2883 2884 2885 2886 2887 2888 2889 2890 2891 2892 2893 2894 2895 2896 2897 2898 2899 2900 2901 2902 2903 2904 2905 2906 2907 2908 2909 2910 2911 2912 2913 2914 2915 2916 2917 2918 2919 2920 2921 2922 2923 2924 2925 2926 2927 2928 2929 2930 2931 2932 2933 2934 2935 2936 2937 2938 2939 2940 2941 2942 2943 2944 2945 2946 2947 2948 2949 2950 2951 2952 2953 2954 2955 2956 2957 2958 2959 2960 2961 2962 2963 2964 2965 2966 2967 2968 2969 2970 2971 2972 2973 2974 2975 2976 2977 2978 2979 2980 2981 2982 2983 2984 2985 2986 2987 2988 2989 2990 2991 2992 2993 2994 2995 2996 2997 2998 2999 3000 3001 3002 3003 3004 3005 3006 3007 3008 3009 3010 3011 3012 3013 3014 3015 3016 3017 3018 3019 3020 3021 3022 3023 3024 3025 3026 3027 3028 3029 3030 3031 3032 3033 3034 3035 3036 3037 3038 3039 3040 3041 3042 3043 3044 3045 3046 3047 3048 3049 3050 3051 3052 3053 3054 3055 3056 3057 3058 3059 3060 3061 3062 3063 3064 3065 3066 3067 3068 3069 3070 3071 3072 3073 3074 3075 3076 3077 3078 3079 3080 3081 3082 3083 3084 3085 3086 3087 3088 3089 3090 3091 3092 3093 3094 3095 3096 3097 3098 3099 3100 3101 3102 3103 3104 3105 3106 3107 3108 3109 3110 3111 3112 3113 3114 3115 3116 3117 3118 3119 3120 3121 3122 3123 3124 3125 3126 3127 3128 3129 3130 3131 3132 3133 3134 3135 3136 3137 3138 3139 3140 3141 3142 3143 3144 3145 3146 3147 3148 3149 3150 3151 3152 3153 3154 3155 3156 3157 3158 3159 3160 3161 3162 3163 3164 3165 3166 3167 3168 3169 3170 3171 3172 3173 3174 3175 3176 3177 3178 3179 3180 3181 3182 3183 3184 3185 3186 3187 3188 3189 3190 3191 3192 3193 3194 3195 3196 3197 3198 3199 3200 3201 3202 3203 3204 3205 3206 3207 3208 3209 3210 3211 3212 3213 3214 3215 3216 3217 3218 3219 3220 3221 3222 3223 3224 3225 3226 3227 3228 3229 3230 3231 3232 3233 3234 3235 3236 3237 3238 3239 3240 3241 3242 3243 3244 3245 3246 3247 3248 3249 3250 3251 3252 3253 3254 3255 3256 3257 3258 3259 3260 3261 3262 3263 3264 3265 3266 3267 3268 3269 3270 3271 3272 3273 3274 3275 3276 3277 3278 3279 3280 3281 3282 3283 3284 3285 3286 3287 3288 3289 3290 3291 3292 3293 3294
p1:3 A 0 1 2 3 4 5 6 7 8 9 10 11 12 13 14 15 16 17 18 19 20 21 22 23 24 25 26 27 28 29 30 31 32 33 34 35 36 37 38 39 40 41 42 43 44 45 46 47 48 49 50 51 52 53 54 55 56 57 58 59 60 61 62 63 64 65 66 67 68 69 70 71 72 73 74 75 76 77 78 79 80 81 82 83 84 85 86 87 88 89 90 91 92 93 94 95 96 97 98 99 100 101 102 103 104 105 106 107 108 109 110 111 112 113 114 115 116 117 118 119 120 121 122 123 124 125 126 127 128 129 130 131 132 133 134 135 136 137 138 139 140 141 142 143 144 145 146 147 148 149 150 151 152 153 154 155 156 157 158 159 160 161 162 163 164 165 166 167 168 169 170 171 172 173 174 175 176 177 178 179 180 181 182 183 184 185 186 187 188 189 190 191 192 193 194 195 196 197 198 199 200 201 202 203 204 205 206 207 208 209 210 211 212 213 214 215 216 217 218 219 220 221 222 223 224 225 226 227 228 229 230 231 232 233 234 235 236 237 238 239 240 241 242 243 244 245 246 247 248 249 250 251 252 253 254 255 256 257 258 259 260 261 262 263 264 265 266 267 268 269 270 271 272 273 274 275 276 277 278 279 280 281 282 283 284 285 286 287 288 289 290 291 292 293 294 295 296 297 298 299 300 301 302 303 304 305 306 307 308 309 310 311 312 313 314 315 316 317 318 319 320 321 322 323 324 325 326 327 328 329 330 331 332 333 334 335 336 337 338 339 340 341 342 343 344 345 346 347 348 349 350 351 352 353 354 355 356 357 358 359 360 361 362 363 364 365 366 367 368 369 370 371 372 373 374 375 376 377 378 379 380 381 382 383 384 385 386 387 388 389 390 391 392 393 394 395 396 397 398 399 400 401 402 403 404 405 406 407 408 409 410 411 412 413 414 415 416 417 418 419 420 421 422 423 424 425 426 427 428 429 430 431 432 433 434 435 436 437 438 439 440 441 442 443 444 445 446 447 448 449 450 451 452 453 454 455 456 457 458 459 460 461 462 463 464 465 466 467 468 469 470 471 472 473 474 475 476 477 478 479 480 481 482 483 484 485 486 487 488 489 490 491 492 493 494 495 496 497 498 499 500 501 502 503 504 505 506 507 508 509 510 511 512 513 514 515 516 517 518 519 520 521 522 523 524 525 526 527 528 529 530 531 532 533 534 535 536 537 538 539 540 541 542 543 544 545 546 547 548 549 550 551 552 553 554 555 556 557 558 559 560 561 562 563 564 565 566 567 568 569 570 571 572 573 574 575 576 577 578 579 580 581 582 583 584 585 586 587 588 589 590 591 592 593 594 595 596 597 598 599 600 601 602 603 604 605 606 607 608 609 610 611 612 613 614 615 616 617 618 619 620 621 622 623 624 625 626 627 628 629 630 631 632 633 634 635 636 637 638 639 640 641 642 643 644 645 646 647 648 649 650 651 652 653 654 655 656 657 658 659 660 661 662 663 664 665 666 667 668 669 670 671 672 673 674 675 676 677 678 679 680 681 682 683 684 685 686 687 688 689 690 691 692 693 694 695 696 697 698 699 700 701 702 703 704 705 706 707 708 709 710 711 712 713 714 715 716 717 718 719 720 721 722 723 724 725 726 727 728 729 730 731 732 733 734 735 736 737 738 739 740 741 742 743 744 745 746 747 748 749 750 751 752 753 754 755 756 757 758 759 760 761 762 763 764 765 766 767 768 769 770 771 772 773 774 775 776 777 778 779 780 781 782 783 784 785 786 787 788 789 790 791 792 793 794 795 796 797 798 799 800 801 802 803 804 805 806 807 808 809 810 811 812 813 814 815 816 817 818 819 820 821 822 823 824 825 826 827 828 829 830 831 832 833 834 835 836 837 838 839 840 841 842 843 844 845 846 847 848 849 850 851 852 853 854 855 856 857 858 859 860 861 862 863 864 865 866 867 868 869 870 871 872 873 874 875 876 877 878 879 880 881 882 883 884 885 886 887 888 889 890 891 892 893 894 895 896 897 898 899 900 901 902 903 904 905 906 907 908 909 910 911 912 913 914 915 916 917 918 919 920 921 922 923 924 925 926 927 928 929 930 931 932 933 934 935 936 937 938 939 940 941 942 943 944 945 946 947 948 949 950 951 952 953 954 955 956 957 958 959 960 961 962 963 964 965 966 967 968 969 970 971 972 973 974 975 976 977 978 979 980 981 982 983 984 985 986 987 988 989 990 991 992 993 994 995 996 997 998 999 1000 1001 1002 1003 1004 1005 1006 1007 1008 1009 1010 1011 1012 1013 1014 1015 1016 1017 1018 1019 1020 1021 1022 1023 1024 1025 1026 1027 1028 1029 1030 1031 1032 1033 1034 1035 1036 1037 1038 1039 1040 1041 1042 1043 1044 1045 1046 1047 1048 1049 1050 1051 1052 1053 1054 1055 1056 1057 1058 1059 1060 1061 1062 1063 1064 1065 1066 1067 1068 1069 1070 1071 1072 1073 1074 1075 1076 1077 1078 1079 1080 1081 1082 1083 1084 1085 1086 1087 1088 1089 1090 1091 1092 1093 1094 1095 1096 1097 1098 1099 1100 1101 1102 1103 1104 1105 1106 1107 1108 1109 1110 1111 1112 1113 1114 1115 1116 1117 1118 1119 1120 1121 1122 1123 1124 1125 1126 1127 1128 1129 1130 1131 1132 1133 1134 1135 1136 1137 1138 1139 1140 1141 1142 1143 1144 1145 1146 1147 1148 1149 1150 1151 1152 1153 1154 1155 1156 1157 1158 1159 1160 1161 1162 1163 1164 1165 1166 1167 1168 1169 1170 1171 1172 1173 1174 1175 1176 1177 1178 1179 1180 1181 1182 1183 1184 1185 1186 1187 1188 1189 1190 1191 1192 1193 1194 1195 1196 1197 1198 1199 1200 1201 1202 1203 1204 1205 1206 1207 1208 1209 1210 1211 1212 1213 1214 1215 1216 1217 1218 1219 1220 1221 1222 1223 1224 1225 1226 1227 1228 1229 1230 1231 1232 1233 1234 1235 1236 1237 1238 1239 1240 1241 1242 1243 1244 1245 1246 1247 1248 1249 1250 1251 1252 1253 1254 1255 1256 1257 1258 1259 1260 1261 1262 1263 1264 1265 1266 1267 1268 1269 1270 1271 1272 1273 1274 1275 1276 1277 1278 1279 1280 1281 1282 1283 1284 1285 1286 1287 1288 1289 1290 1291 1292 1293 1294 1295 1296 1297 1298 1299 1300 1301 1302 1303 1304 1305 1306 1307 1308 1309 1310 1311 1312 1313 1314 1315 1316 1317 1318 1319 1320 1321 1322 1323 1324 1325 1326 1327 1328 1329 1330 1331 1332 1333 1334 1335 1336 1337 1338 1339 1340 3296 1341 1342 1343 1344 1345 1346 1347 1348 1349 1350 1351 1352 1353 1354 1355 1356 1357 1358 1359 1360 1361 1362 1363 1364 1365 1366 1367 1368 1369 1370 1371 1372 1373 1374 1375 1376 1377 1378 1379 1380 1381 1382 1383 1384 1385 1386 1387 1388 1389 1390 1391 1392 1393 1394 1395 1396 1397 1398 1399 1400 1401 1402 1403 1404 1405 1406 1407 1408 1409 1410 1411 1412 1413 1414 1415 1416 1417 1418 1419 1420 1421 1422 1423 1424 1425 1426 1427 1428 1429 1430 1431 1432 1433 1434 1435 1436 1437 1438 1439 1440 1441 1442 1443 1444 1445 1446 1447 1448 1449 1450 1451 1452 1453 1454 1455 1456 1457 1458 1459 1460 1461 1462 1463 1464 1465 1466 1467 1468 1469 1470 1471 1472 1473 1474 1475 1476 1477 1478 1479 1480 1481 1482 1483 1484 1485 1486 1487 1488 1489 1490 1491 1492 1493 1494 1495 1496 1497 1498 1499 1500 1501 1502 1503 1504 1505 1506 1507 1508 1509 1510 1511 1512 1513 1514 1515 1516 1517 1518 1519 1520 1521 1522 1523 1524 1525 1526 1527 1528 1529 1530 1531 1532 1533 1534 1535 1536 1537 1538 1539 1540 1541 1542 1543 1544 1545 1546 1547 1548 1549 1550 1551 1552 1553 1554 1555 1556 1557 1558 1559 1560 1561 1562 1563 1564 1565 1566 1567 1568 1569 1570 1571 1572 1573 1574 1575 1576 1577 1578 1579 1580 1581 1582 1583 1584 1585 1586 1587 1588 1589 1590 1591 1592 1593 1594 1595 1596 1597 1598 1599 1601 1602 1603 1604 1605 1606 1607 1608 1609 1610 1611 1612 1613 1614 1615 1616 1617 1618 1619 1620 1621 1622 1623 1624 1625 1626 1627 1628 1629 1630 1631 1632 1633 1634 1635 1636 1637 1638 1639 1640 1641 1642 1643 1644 1645 1646 1647 1648 1649 1650 1651 1652 1653 1654 1655 1656 1657 1658 1659 1660 1661 1662 1663 1664 1665 1666 1667 1668 1669 1670 1671 1672 1673 1674 1675 1676 1677 1678 1679 1680 1681 1682 1683 1684 1685 1686 1687 1688 1689 1690 1691 1692 1693 1694 1695 1696 1697 1698 1699 1700 1701 1702 1703 1704 1705 1706 1707 1708 1709 1710 1711 1712 1713 1714 1715 1716 1717 1718 1719 1720 1721 1722 1723 1724 1725 1726 1727 1728 1729 1730 1731 1732 1733 1734 1735 1736 1737 1738 1739 1740 1741 1742 1743 1744 1745 1746 1747 1748 1749 1750 1751 1752 1753 1754 1755 1756 1757 1758 1759 1760 1761 1762 1763 1764 1765 1766 1767 1768 1769 1770 1771 1772 1773 1774 1775 1776 1777 1778 1779 1780 1781 1782 1783 1784 1785 1786 1787 1788 1789 1790 1791 1792 1793 1794 1795 1796 1797 1798 1799 1800 1801 1802 1803 1804 1805 1806 1807 1808 1809 1810 1811 1812 1813 1814 1815 1816 1817 1818 1819 1820 1821 1822 1823 1824 1825 1826 1827 1828 1829 1830 1831 1832 1833 1834 1835 1836 1837 1838 1839 1840 1841 1842 1843 1844 1845 1846 1847 1848 1849 1850 1851 1852 1853 1854 1855 1856 1857 1858 1859 1860 1861 1862 1863 1864 1865 1866 1867 1868 1869 1870 1871 1872 1873 1874 1875 1876 1877 1878 1879 1880 1881 1882 1883 1884 1885 1886 1887 1888 1889 1890 1891 1892 1893 1894 1895 1896 1897 1898 1899 1900 1901 1902 1903 1904 1905 1906 1907 1908 1909 1910 1911 1912 1913 1914 1915 1916 1917 1918 1919 1920 1921 1922 1923 1924 1925 1926 1927 1928 1929 1930 1931 1932 1933 1934 1935 1936 1937 1938 1939 1940 1941 1942 1943 1944 1945 1946 1947 1948 1949 1950 1951 1952 1953 1954 1955 1956 1957 1958 1959 1960 1961 1962 1963 1964 1965 1966 1967 1968 1969 1970 1971 1972 1973 1974 1975 1976 1977 1978 1979 1980 1981 1982 1983 1984 1985 1986 1987 1988 1989 1990 1991 1992 1993 1994 1995 1996 1997 1998 1999 2000 2001 2002 2003 2004 2005 2006 2007 2008 2009 2010 2011 2012 2013 2014 2015 2016 2017 2018 2019 2020 2021 2022 2023 2024 2025 2026 2027 2028 2029 2030 2031 2032 2033 2034 2035 2036 2037 2038 2039 2040 2041 2042 2043 2044 2045 2046 2047 2048 2049 2050 2051 2052 2053 2054 2055 2056 2057 2058 2059 2060 2061 2062 2063 2064 2065 2066 2067 2068 2069 2070 2071 2072 2073 2074 2075 2077 2078 2079 2080 2081 2082 2083 2084 2085 2086 2087 2088 2089 2090 2091 2092 2093 2094 2095 2096 2097 2099 2100 2101 2102 2103 2104 2105 2106 2107 2108 2109 2110 2111 2112 2113 2114 2115 2116 2117 2118 2119 2120 2121 2122 2123 2124 2125 2127 2128 2129 2130 2131 2132 2133 2134 2135 2136 2137 2138 2139 2140 2141 2142 2143 2144 2145 2146 2147 2148 2149 2150 2151 2152 2153 2154 2155 2156 2157 2158 2159 2160 2161 2162 2163 2164 2165 2166 2167 2168 2169 2170 2171 2172 2173 2174 2175 2176 2177 2178 2179 2180 2181 2182 2183 2184 2185 2186 2187 2188 2189 2190 2191 2192 2193 2194 2195 2196 2197 2198 2199 2200 2201 2202 2203 2204 2205 2206 2207 2208 2209 2210 2211 2212 2213 2214 2215 2216 2217 2218 2219 2220 2221 2222 2223 2224 2225 2226 2227 2228 2229 2230 2231 2232 2233 2234 2235 2236 2237 2238 2239 2240 2241 2242 2243 2244 2245 2246 2247 2248 2249 2250 2251 2252 2253 2254 2255 2256 2257 2258 2259 2260 2261 2262 2263 2264 2265 2266 2267 2268 2269 2270 2271 2272 2273 2274 2275 2276 2277 2278 2279 2280 2281 2282 2283 2284 2285 2286 2287 2288 2289 2290 2291 2292 2293 2294 2295 2296 2297 2298 2299 2300 2301 2302 2303 2304 2305 2306 2307 2308 2309 2310 2311 2312 2313 2314 2315 2316 2317 2318 2319 2320 2321 2322 2323 2324 2325 2326 2327 2328 2329 2330 2332 2333 2334 2335 2336 2337 2338 2339 2340 2341 2342 2343 2344 2345 2346 2347 2348 2349 2350 2351 2352 2353 2354 2355 2356 2357 2358 2359 2360 2361 2362 2363 2364 2365 2366 2367 2368 2369 2370 2371 2373 2374 2375 2376 2377 2378 2379 2380 2381 2382 2383 2384 2385 2386 2387 2388 2389 2390 2391 2392 2393 2394 2395 2396 2397 2398 2399 2400 2401 2402 2403 2404 2405 2406 2407 2408 2409 2410 2411 2412 2413 2414 2415 2416 2417 2418 2419 2420 2421 2422 2423 2424 2425 2426 2427 2428 2429 2430 2431 2432 2433 2434 2435 2436 2437 2438 2439 2440 2441 2442 2443 2444 2445 2446 2447 2448 2449 2450 2451 2452 2454 2455 2456 2457 2458 2459 2460 2461 2462 2463 2464 2465 2466 2467 2468 2469 2470 2471 2472 2473 2474 2475 2476 2477 2478 2479 2480 2481 2482 2483 2484 2485 2486 2487 2488 2489 2490 2491 2492 2493 2494 2495 2496 2497 2498 2499 2500 2501 2502 2503 2504 2505 2506 2507 2508 2509 2510 2511 2512 2513 2514 2515 2516 2517 2518 2519 2520 2521 2522 2523 2524 2525 2526 2527 2528 2529 2530 2531 2532 2533 2534 2535 2536 2537 2538 2539 2540 2541 2542 2543 2544 2545 2546 2547 2548 2549 2550 2551 2552 2553 2554 2555 2556 2557 2558 2559 2560 2561 2562 2563 2564 2565 2566 2567 2568 2569 2570 2571 2572 2573 2574 2575 2576 2577 2578 2579 2580 2581 2582 2583 2584 2585 2586 2587 2588 2589 2590 2591 2592 2593 2594 2595 2596 2597 2598 2599 2600 2601 2602 2603 2604 2605 2606 2607 2608 2609 2610 2611 2612 2613 2614 2615 2616 2617 2618 2619 2620 2621 2622 2623 2624 2625 2626 2627 2628 2629 2630 2631 2632 2633 2634 2635 2636 2637 2638 2639 2640 2641 2642 2643 2644 2645 2646 2647 2648 2649 2650 2651 2652 2653 2654 2655 2656 2657 2658 2659 2660 2661 2662 2663 2664 2665 2666 2667 2668 2669 2670 2671 2672 2673 2674 2675 2676 2677 2678 2679 2680 2681 2682 2683 2684 2685 2686 2687 2688 2689 2690 2691 2692 2693 2694 2695 2696 2697 2698 2699 2700 2701 2702 2703 2704 2705 2706 2707 2708 2709 2710 2711 2712 2713 2714 2715 2716 2717 2719 2720 2721 2722 2723 2724 2725 2726 2727 2728 2729 2730 2731 2732 2733 2734 2735 2736 2737 2738 2739 2740 2741 2742 2743 2744 2745 2746 2747 2748 2749 2750 2751 2752 2753 2754 2755 2756 2757 2758 2759 2760 2761 2762 2763 2764 2765 2766 2767 2768 2769 2770 2771 2772 2773 2774 2775 2776 2777 2778 2779 2780 2781 2782 2783 2784 2785 2786 2787 2788 2789 2790 2791 2792 2793 2794 2795 2796 2797 2798 2799 2800 2801 2802 2803 2804 2805 2806 2807 2808 2809 2810 2811 2812 2813 2814 2815 2816 2817 2818 2819 2820 2821 2822 2823 2824 2825 2826 2827 2828 2829 2830 2831 2832 2833 2834 2835 2836 2837 2838 2839 2840 2841 2842 2843 2844 2845 2846 2847 2848 2849 2850 2851 2852 2853 2854 2855 2856 2857 2858 2859 2860 2861 2862 2863 2864 2865 2866 2867 2868 2869 2870 2871 2872 2873 2874 2875 2876 2877 2878 2879 2880 2881 2882 2883 2884 2885 2886 2887 2888 2889 2890 2891 2892 2893 2894 2895 2896 2897 2898 2899 2900 2901 2902 2903 2904 2905 2906 2907 2908 2909 2910 2911 2912 2913 2914 2915 2916 2917 2918 2919 2920 2921 2922 2923 2924 2925 2926 2927 2928 2929 2930 2931 2932 2933 2934 2935 2936 2937 2938 2939 2940 2941 2942 2943 2944 2945 2946 2947 2948 2949 2950 2951 2952 2953 2954 2955 2956 2957 2958 2959 2960 2961 2962 2963 2964 2965 2966 2967 2968 2969 2970 2971 2972 2973 2974 2975 2977 2978 2979 2980 2981 2982 2983 2984 2985 2986 2987 2988 2989 2990 2991 2992 2993 2994 2995 2996 2997 2998 2999 3000 3001 3002 3003 3004 3005 3006 3007 3008 3009 3010 3011 3012 3013 3014 3015 3016 3017 3018 3019 3020 3021 3022 3023 3024 3025 3026 3027 3028 3029 3030 3031 3032 3033 3034 3035 3036 3037 3038 3039 3040 3041 3042 3043 3044 3045 3046 3047 3048 3049 3050 3051 3052 3053 3054 3055 3056 3057 3058 3059 3060 3061 3062 3063 3064 3065 3066 3067 3068 3069 3298 3070 3071 3072 3073 3299 3074 3075 3076 3077 3078 3079 3080 3081 3082 3083 3084 3085 3086 3087 3088 3089 3090 3091 3092 3093 3094 3095 3096 3097 3098 3099 3100 3101 3102 3103 3104 3105 3106 3107 3108 3109 3110 3111 3112 3113 3114 3115 3116 3117 3118 3119 3120 3121 3122 3123 3124 3125 3126 3127 3128 3129 3130 3131 3132 3133 3134 3135 3136 3137 3138 3139 3140 3141 3142 3143 3144 3145 3146 3147 3148 3149 3150 3151 3152 3153 3154 3155 3156 3157 3158 3159 3160 3161 3162 3163 3164 3165 3166 3167 3168 3169 3170 3171 3172 3173 3174 3175 3176 3177 3178 3179 3180 3181 3182 3183 3184 3185 3186 3187 3188 3189 3190 3191 3192 3193 3194 3195 3196 3197 3198 3199 3200 3201 3202 3203 3204 3205 3206 3207 3208 3209 3210 3211 3212 3213 3214 3215 3216 3217 3218 3219 3220 3221 3222 3223 3224 3225 3226 3227 3228 3229 3230 3231 3232 3233 3234 3235 3236 3237 3238 3239 3240 3241 3242 3243 3244 3245 3246 3247 3248 3249 3250 3251 3252 3253 3254 3255 3256 3257 3258 3259 3260 3261 3262 3263 3264 3265 3266 3267 3268 3269 3270 3271 3272 3273 3274 3275 3276 3277 3278 3279 3280 3281 3282 3283 3284 3285 3286 3287 3288 3289 3290 3291 3292 3293 3294
p1:4 A 0 1 2 3 4 5 6 7 8 9 10 11 12 13 14 15 16 17 18 19 20 21 22 23 24 25 26 27 28 29 30 31 32 33 34 35 36 37 38 39 40 41 42 43 44 45 46 47 48 49 50 51 52 53 54 55 56 57 58 59 60 61 62 63 64 65 66 67 68 69 70 71 72 73 74 75 76 77 78 79 80 81 82 83 84 85 86 87 88 89 90 91 92 93 94 95 96 97 98 99 100 101 102 103 104 105 106 107 108 109 110 111 112 113 114 115 116 117 118 119 120 121 122 123 124 125 126 127 128 129 130 131 132 133 134 135 136 137 138 139 140 141 142 143 144 145 146 147 148 149 150 151 152 153 154 155 156 157 158 159 160 161 162 163 164 165 166 167 168 169 170 171 172 173 174 175 176 177 178 179 180 181 182 183 184 185 186 187 188 189 190 191 192 193 194 195 196 197 198 199 200 201 202 203 204 205 206 207 208 209 210 211 212 213 214 215 216 217 218 219 220 221 222 223 224 225 226 227 228 229 230 231 232 233 234 235 236 237 238 239 240 241 242 243 244 245 246 247 248 249 250 251 252 253 254 255 256 257 258 259 260 261 262 263 264 265 266 267 268 269 270 271 272 273 274 275 276 277 278 279 280 281 282 283 284 285 286 287 288 289 290 291 292 293 294 295 296 297 298 299 300 301 302 303 304 305 306 307 308 309 310 311 312 313 314 315 316 317 318 319 320 321 322 323 324 325 326 327 328 329 330 331 332 333 334 335 336 337 338 339 340 341 342 343 344 345 346 347 348 349 350 351 352 353 354 355 356 357 358 359 360 361 362 363 364 365 366 367 368 369 370 371 372 373 374 375 376 377 378 379 380 381 382 383 384 385 386 387 388 389 390 391 392 393 394 395 396 397 398 399 400 401 402 403 404 405 406 407 408 409 410 411 412 413 414 415 416 417 418 419 420 421 422 423 424 425 426 427 428 429 430 431 432 433 434 435 436 437 438 439 440 441 442 443 444 445 446 447 448 449 450 451 452 453 454 455 456 457 458 459 460 461 462 463 464 465 466 467 468 469 470 471 472 473 474 475 476 477 478 479 480 481 482 483 484 485 486 487 488 489 490 491 492 493 494 495 496 497 498 499 500 501 502 503 504 505 506 507 508 509 510 511 512 513 514 515 516 517 518 519 520 521 522 523 524 525 526 527 528 529 530 531 532 533 534 535 536 537 538 539 540 541 542 543 544 545 546 547 548 549 550 551 552 553 554 555 556 557 558 559 560 561 562 563 564 565 566 567 568 569 570 571 572 573 574 575 576 577 578 579 580 581 582 583 584 585 586 587 588 589 590 591 592 593 594 595 596 597 598 599 600 601 602 603 604 605 606 607 608 609 610 611 612 613 614 615 616 617 618 619 620 621 622 623 624 625 626 627 628 629 630 631 632 633 634 635 636 637 638 639 640 641 642 643 644 645 646 647 648 649 650 651 652 653 654 655 656 657 658 659 660 661 662 663 664 665 666 667 668 669 670 671 672 673 674 675 676 677 678 679 680 681 682 683 684 685 686 687 688 689 690 691 692 693 694 695 696 697 698 699 700 701 702 703 704 705 706 707 708 709 710 711 712 713 714 715 716 717 718 719 720 721 722 723 724 725 726 727 728 729 730 731 732 733 734 735 736 737 738 739 740 741 742 743 744 745 746 747 748 749 750 751 752 753 754 755 756 757 758 759 760 761 762 763 764 765 766 767 768 769 770 771 772 773 774 775 776 777 778 779 780 781 782 783 784 785 786 787 788 789 790 791 792 793 794 795 796 797 798 799 800 801 802 803 804 805 806 807 808 809 810 811 812 813 814 815 816 817 818 819 820 821 822 823 824 825 826 827 828 829 830 831 832 833 834 835 836 837 838 839 840 841 842 843 844 845 846 847 848 849 850 851 852 853 854 855 856 857 858 859 860 861 862 863 864 865 866 867 868 869 870 871 872 873 874 875 876 877 878 879 880 881 882 883 884 885 886 887 888 889 890 891 892 893 894 895 896 897 898 899 900 901 902 903 904 905 906 907 908 909 910 911 912 913 914 915 916 917 918 919 920 921 922 923 924 925 926 927 928 929 930 931 932 933 934 935 936 937 938 939 940 941 942 943 944 945 946 947 948 949 950 951 952 953 954 955 956 957 958 959 960 961 962 963 964 965 966 967 968 969 970 971 972 973 974 975 976 977 978 979 980 981 982 983 984 985 986 987 988 989 990 991 992 993 994 995 996 997 998 999 1000 1001 1002 1003 1004 1005 1006 1007 1008 1009 1010 1011 1012 1013 1014 1015 1016 1017 1018 1019 1020 1021 1022 1023 1024 1025 1026 1027 1028 1029 1030 1031 1032 1033 1034 1035 1036 1037 1038 1039 1040 1041 1042 1043 1044 1045 1046 1047 1048 1049 1050 1051 1052 1053 1054 1055 1056 1057 1058 1059 1060 1061 1062 1063 1064 1065 1066 1067 1068 1069 1070 1071 1072 1073 1074 1075 1076 1077 1078 1079 1080 1081 1082 1083 1084 1085 1086 1087 1088 1089 1090 1091 1092 1093 1094 1095 1096 1097 1098 1099 1100 1101 1102 1103 1104 1105 1106 1107 1108 1109 1110 1111 1112 1113 1114 1115 1116 1117 1118 1119 1120 1121 1122 1123 1124 1125 1126 1127 1128 1129 1130 1131 1132 1133 1134 1135 1136 1137 1138 1139 1140 1141 1142 1143 1144 1145 1146 1147 1148 1149 1150 1151 1152 1153 1154 1155 1156 1157 1158 1159 1160 1161 1162 1163 1164 1165 1166 1167 1168 1169 1170 1171 1172 1173 1174 1175 1176 1177 1178 1179 1180 1181 1182 3295 1183 1184 1185 1186 1187 1188 1189 1190 1191 1192 1193 1194 1195 1196 1197 1198 1199 1200 1201 1202 1203 1204 1205 1206 1207 1208 1209 1210 1211 1212 1213 1214 1215 1216 1217 1218 1219 1220 1221 1222 1223 1224 1225 1226 1227 1228 1229 1230 1231 1232 1233 1234 1235 1236 1237 1238 1239 1240 1241 1242 1243 1244 1245 1246 1247 1248 1249 1250 1251 1252 1253 1254 1255 1256 1257 1258 1259 1260 1261 1262 1263 1264 1265 1266 1267 1268 1269 1270 1271 1272 1273 1274 1275 1276 1277 1278 1279 1280 1281 1282 1283 1284 1285 1286 1287 1288 1289 1290 1291 1292 1293 1294 1295 1296 1297 1298 1299 1300 1301 1302 1303 1304 1305 1306 1307 1308 1309 1310 1311 1312 1313 1314 1315 1316 1317 1318 1319 1320 1321 1322 1323 1324 1325 1326 1327 1328 1329 1330 1331 1332 1333 1334 1335 1336 1337 1338 1339 1340 1341 1342 1343 1344 1345 1346 1347 1348 1349 1350 1351 1352 1353 1354 1355 1356 1357 1358 1359 1360 1361 1362 1363 1364 1365 1366 1367 1368 1369 1370 1371 1372 1373 1374 1375 1376 1377 1378 1379 1380 1381 1382 1383 1384 1385 1386 1387 1388 1389 1390 1391 1392 1393 1394 1395 1396 1397 1398 1399 1400 1401 1402 1403 1404 1405 1406 1407 1408 1409 1410 1411 1412 1413 1414 1415 1416 1417 1418 1419 1420 1421 1422 1423 1424 1425 1426 1427 1428 1429 1430 1431 1432 1433 1434 1435 1436 1437 1438 1439 1440 1441 1442 1443 1444 1445 1446 1447 1448 1449 1450 1451 1452 1453 1454 1455 1456 1457 1458 1459 1460 1461 1462 1463 1464 1465 1466 1467 1468 1469 1470 1471 1472 1473 1474 1475 1476 1477 1478 1479 1480 1481 1482 1483 1484 1485 1486 1487 1488 1489 1490 1491 1492 1493 1494 1495 1496 1497 1498 1499 1500 1501 1502 1503 1504 1505 1506 1507 1508 1509 1510 1511 1512 1513 1514 1515 1516 1517 1518 1519 1520 1521 1522 1523 1524 1525 1526 1527 1528 1529 1530 1531 1532 1533 1534 1535 1536 1537 1538 1539 1540 1541 1542 1543 1544 1545 1546 1547 1548 1549 1550 1551 1552 1553 1554 1555 1556 1557 1558 1559 1560 1561 1562 1563 1564 1565 1566 1567 1568 1569 1570 1571 1572 1573 1574 1575 1576 1577 1578 1579 1580 1581 1582 1583 1584 1585 1586 1587 1588 1589 1590 1591 1592 1593 1594 1595 1596 1597 1598 1599 1601 1602 1603 1604 1605 1606 1607 1608 1609 1610 1611 1612 1613 1614 1615 1616 1617 1618 1619 1620 1621 1622 1623 1624 1625 1626 1627 1628 1629 1630 1631 1632 1633 1634 1635 1636 1637 1638 1639 1640 1641 1642 1643 1644 1645 1646 1647 1648 1649 1650 1651 1652 1653 1654 1655 1656 1657 1658 1659 1660 1661 1662 1663 1664 1665 1666 1667 1668 1669 1670 1671 1672 1673 1674 1675 1676 1677 1678 1679 1680 1681 1682 1683 1684 1685 1686 1687 1688 1689 1690 1691 1692 1693 1694 1695 1696 1697 1698 1699 1700 1701 1702 1703 1704 1705 1706 1707 1708 1709 1710 1711 1712 1713 1714 1715 1716 1717 1718 1719 1720 1721 1722 1723 1724 1725 1726 1727 1728 1729 1730 1731 1732 1733 1734 1735 1736 1737 1738 1739 1740 1741 1742 1743 1744 1745 1746 1747 1748 1749 1750 1751 1752 1753 1754 1755 1756 1757 1758 1759 1760 1761 1762 1763 1764 1765 1766 1767 1768 1769 1770 1771 1772 1773 1774 1775 1776 1777 1778 1779 1780 1781 1782 1783 1784 1785 1786 1787 1788 1789 1790 1791 1792 1793 1794 1795 1796 1797 1798 1799 1800 1801 1802 1803 1804 1805 1806 1807 1808 1809 1810 1811 1812 1813 1814 1815 1816 1817 1818 1819 1820 1821 1822 1823 1824 1825 1826 1827 1828 1829 1830 1831 1832 1833 1834 1835 1836 1837 1838 1839 1840 1841 1842 1843 1844 1845 1846 1847 1848 1849 1850 1851 1852 1853 1854 1855 1856 1857 1858 1859 1860 1861 1862 1863 1864 1865 1866 1867 1868 1869 1870 1871 1872 1873 1874 1875 1876 1877 1878 1879 1880 1881 1882 1883 1884 1885 1886 1887 1888 1889 1890 1891 1892 1893 1894 1895 1896 1897 1898 1899 1900 1901 1902 1903 1904 1905 1906 1907 1908 1909 1910 1911 1912 1913 1914 1915 1916 1917 1918 1919 1920 1921 1922 1923 1924 1925 1926 1927 1928 1929 1930 1931 1932 1933 1934 1935 1936 1937 1938 1939 1940 1941 1942 1943 1944 1945 1946 1947 1948 1949 1950 1951 1952 1953 1954 1955 1956 1957 1958 1959 1960 1961 1962 1963 1964 1965 1966 1967 1968 1969 1970 1971 1972 1973 1974 1975 1976 1977 1978 1979 1980 1981 1982 1983 1984 1985 1986 1987 1988 1989 1990 1991 1992 1993 1994 1995 1996 1997 1998 1999 2000 2001 2002 2003 2004 2005 2006 2007 2008 2009 2010 2011 2012 2013 2014 2015 2016 2017 2018 2019 2020 2021 2022 2023 2024 2025 2026 2027 2028 2029 2030 2031 2032 2033 2034 2035 2036 2037 2038 2039 2040 2041 2042 2043 2044 2045 2046 2047 2048 2049 2050 2051 2052 2053 2054 2055 2056 2057 2058 2059 2060 2061 2062 2063 2064 2065 2066 2067 2068 2069 2070 2071 2072 2073 2074 2075 2077 2078 2079 2080 2081 2082 2083 2084 2085 2086 2087 2088 2089 2090 2091 2092 2093 2094 2095 2096 2097 2099 2100 2101 2102 2103 2104 2105 2106 2107 2108 2109 2110 2111 2112 2113 2114 2115 2116 2117 2118 2119 2120 2121 2122 2123 2124 2125 2127 2128 2129 2130 2131 2132 2133 2134 2135 2136 2137 2138 2139 2140 2141 2142 2143 2144 2145 2146 2147 2148 2149 2150 2151 2152 2153 2154 2155 2156 2157 2158 2159 2160 2161 2162 2163 2164 2165 2166 2167 2168 2169 2170 2171 2172 2173 2174 2175 2176 2177 2178 2179 2180 2181 2182 2183 2184 2185 2186 2187 2188 2189 2190 2191 2192 2193 2194 2195 2196 2197 2198 2199 2200 2201 2202 2203 2204 2205 2206 2207 2208 2209 2210 2211 2212 2213 2214 2215 2216 2217 2218 2219 2220 2221 2222 2223 2224 2225 2226 2227 2228 2229 2230 2231 2232 2233 2234 2235 2236 2237 2238 2239 2240 2241 2242 2243 2244 2245 2246 2247 2248 2249 2250 2251 2252 2253 2254 2255 2256 2257 2258 2259 2260 2261 2262 2263 2264 2265 2266 2267 2268 2269 2270 2271 2272 2273 2274 2275 2276 2277 2278 2279 2280 2281 2282 2283 2284 2285 2286 2287 2288 2289 2290 2291 2292 2293 2294 2295 2296 2297 2298 2299 2300 2301 2302 2303 2304 2305 2306 2307 2308 2309 2310 2311 2312 2313 2314 2315 2316 2317 2318 2319 2320 2321 2322 2323 2324 2325 2326 2327 2328 2329 2330 2332 2333 2334 2335 2336 2337 2338 2339 2340 2341 2342 2343 2344 2345 2346 2347 2348 2349 2350 2351 2352 2353 2354 2355 2356 2357 2358 2359 2360 2361 2362 2363 2364 2365 2366 2367 2368 2369 2370 2371 2373 2374 2375 2376 2377 2378 2379 2380 2381 2382 2383 2384 2385 2386 2387 2388 2389 2390 2391 2392 2393 2394 2395 2396 2397 2398 2399 2400 2401 2402 2403 2404 2405 2406 2407 2408 2409 2410 2411 2412 2413 2414 2415 2416 2417 2418 2419 2420 2421 2422 2423 2424 2425 2426 2427 2428 2429 2430 2431 2432 2433 2434 2435 2436 2437 2438 2439 2440 2441 2442 2443 2444 2445 2446 2447 2448 2449 2450 2451 2452 2454 2455 2456 2457 2458 2459 2460 2461 2462 2463 2464 2465 2466 2467 2468 2469 2470 2471 2472 2473 2474 2475 2476 2477 2478 2479 2480 2481 2482 2483 2484 2485 2486 2487 2488 2489 2490 2491 2492 2493 2494 2495 2496 2497 2498 2499 2500 2501 2502 2503 2504 2505 2506 2507 2508 2509 2510 2511 2512 2513 2514 2515 2516 2517 2518 2519 2520 2521 2522 2523 2524 2525 2526 2527 2528 2529 2530 2531 2532 2533 2534 2535 2536 2537 2538 2539 2540 2541 2542 2543 2544 2545 2546 2547 2548 2549 2550 2551 2552 2553 2554 2555 2556 2557 2558 2559 2560 2561 2562 2563 2564 2565 2566 2567 2568 2569 2570 2571 2572 2573 2574 2575 2576 2577 2578 2579 2580 2581 2582 2583 2584 2585 2586 2587 2588 2589 2590 2591 2592 2593 2594 2595 2596 2597 2598 2599 2600 2601 2602 2603 2604 2605 2606 2607 2608 2609 2610 2611 2612 2613 2614 2615 2616 2617 2618 2619 2620 2621 2622 2623 2624 2625 2626 2627 2628 2629 2630 2631 2632 2633 2634 2635 2636 2637 2638 2639 2640 2641 2642 2643 2644 2645 2646 2647 2648 2649 2650 2651 2652 2653 2654 2655 2656 2657 2658 2659 2660 2661 2662 2663 2664 2665 2666 2667 2668 2669 2670 2671 2672 2673 2674 2675 2676 2677 2678 2679 2680 2681 2682 2683 2684 2685 2686 2687 2688 2689 2690 2691 2692 2693 2694 2695 2696 2697 2698 2699 2700 2701 2702 2703 2704 2705 2706 2707 2708 2709 2710 2711 2712 2713 2714 2715 2716 2717 2719 2720 2721 2722 2723 2724 2725 2726 2727 2728 2729 2730 2731 2732 2733 2734 2735 2736 2737 2738 2739 2740 2741 2742 2743 2744 2745 2746 2747 2748 2749 2750 2751 2752 2753 2754 2755 2756 2757 2758 2759 2760 2761 2762 2763 2764 2765 2766 2767 2768 2769 2770 2771 2772 2773 2774 2775 2776 2777 2778 2779 2780 2781 2782 2783 2784 2785 2786 2787 2788 2789 2790 2791 2792 2793 2794 2795 2796 2797 2798 2799 2800 2801 2802 2803 2804 2805 2806 2807 2808 2809 2810 2811 2812 2813 2814 2815 2816 2817 2818 2819 2820 2821 2822 2823 2824 2825 2826 2827 2828 2829 2830 2831 2832 2833 2834 2835 2836 2837 2838 2839 2840 2841 2842 2843 2844 2845 2846 2847 2848 2849 2850 2851 2852 2853 2854 2855 2856 2857 2858 2859 2860 2861 2862 2863 2864 2865 2866 2867 2868 2869 2870 2871 2872 2873 2874 2875 2876 2877 2878 2879 2880 2881 2882 2883 2884 2885 2886 2887 2888 2889 2890 2891 2892 2893 2894 2895 2896 2897 2898 2899 2900 2901 2902 2903 2904 2905 2906 2907 2908 2909 2910 2911 2912 2913 2914 2915 2916 2917 2918 2919 2920 2921 2922 2923 2924 2925 2926 2927 2928 2929 2930 2931 2932 2933 2934 2935 2936 2937 2938 2939 2940 2941 2942 2943 2944 2945 2946 2947 2948 2949 2950 2951 2952 2953 2954 2955 2956 2957 2958 2959 2960 2961 2962 2963 2964 2965 2966 2967 2968 2969 2970 2971 2972 2973 2974 2975 2976 2977 2978 2979 2980 2981 2982 2983 2984 2985 2986 2987 2988 2989 2990 2991 2992 2993 2994 2995 2996 2997 2998 2999 3000 3001 3002 3003 3004 3005 3006 3007 3008 3009 3010 3011 3012 3013 3014 3015 3016 3017 3018 3019 3020 3021 3022 3023 3024 3025 3026 3027 3028 3029 3030 3031 3032 3033 3034 3035 3036 3037 3038 3039 3040 3041 3042 3043 3044 3045 3046 3047 3048 3049 3050 3051 3052 3053 3054 3055 3056 3057 3058 3059 3060 3061 3062 3063 3064 3065 3066 3067 3068 3069 3070 3071 3072 3073 3074 3075 3076 3077 3078 3079 3080 3081 3082 3083 3084 3085 3086 3087 3088 3089 3090 3091 3092 3093 3094 3095 3096 3097 3098 3099 3100 3101 3102 3103 3104 3105 3106 3107 3108 3109 3110 3111 3112 3113 3114 3115 3116 3117 3118 3119 3120 3121 3122 3123 3124 3125 3126 3127 3128 3129 3130 3131 3132 3133 3134 3135 3136 3137 3138 3139 3140 3141 3142 3143 3144 3145 3146 3147 3148 3149 3150 3151 3152 3153 3154 3155 3156 3157 3158 3159 3160 3161 3162 3163 3164 3165 3166 3167 3168 3169 3170 3171 3172 3173 3174 3175 3176 3177 3178 3179 3180 3181 3182 3183 3184 3185 3186 3187 3188 3189 3190 3191 3192 3193 3194 3195 3196 3197 3198 3199 3200 3201 3202 3203 3204 3205 3206 3207 3208 3209 3210 3211 3212 3213 3214 3215 3216 3217 3218 3219 3220 3221 3222 3223 3224 3225 3226 3227 3228 3229 3230 3231 3232 3233 3234 3235 3236 3237 3238 3239 3240 3241 3242 3243 3244 3245 3246 3247 3248 3249 3250 3251 3252 3253 3254 3255 3256 3257 3258 3259 3260 3261 3262 3263 3264 3265 3266 3267 3268 3269 3270 3271 3272 3273 3274 3275 3276 3277 3278 3279 3280 3281 3282 3283 3284 3285 3286 3287 3288 3289 3290 3291 3292 3293 3294
p1:5 A 0 1 2 3 4 5 6 7 8 9 10 11 12 13 14 15 16 17 18 19 20 21 22 23 24 25 26 27 28 29 30 31 32 33 34 35 36 37 38 39 40 41 42 43 44 45 46 47 48 49 50 51 52 53 54 55 56 57 58 59 60 61 62 63 64 65 66 67 68 69 70 71 72 73 74 75 76 77 78 79 80 81 82 83 84 85 86 87 88 89 90 91 92 93 94 95 96 97 98 99 100 101 102 103 104 105 106 107 108 109 110 111 112 113 114 115 116 117 118 119 120 121 122 123 124 125 126 127 128 129 130 131 132 133 134 135 136 137 138 139 140 141 142 143 144 145 146 147 148 149 150 151 152 153 154 155 156 157 158 159 160 161 162 163 164 165 166 167 168 169 170 171 172 173 174 175 176 177 178 179 180 181 182 183 184 185 186 187 188 189 190 191 192 193 194 195 196 197 198 199 200 201 202 203 204 205 206 207 208 209 210 211 212 213 214 215 216 217 218 219 220 221 222 223 224 225 226 227 228 229 230 231 232 233 234 235 236 237 238 239 240 241 242 243 244 245 246 247 248 249 250 251 252 253 254 255 256 257 258 259 260 261 262 263 264 265 266 267 268 269 270 271 272 273 274 275 276 277 278 279 280 281 282 283 284 285 286 287 288 289 290 291 292 293 294 295 296 297 298 299 300 301 302 303 304 305 306 307 308 309 310 311 312 313 314 315 316 317 318 319 320 321 322 323 324 325 326 327 328 329 330 331 332 333 334 335 336 337 338 339 340 341 342 343 344 345 346 347 348 349 350 351 352 353 354 355 356 357 358 359 360 361 362 363 364 365 366 367 368 369 370 371 372 373 374 375 376 377 378 379 380 381 382 383 384 385 386 387 388 389 390 391 392 393 394 395 396 397 398 399 400 401 402 403 404 405 406 407 408 409 410 411 412 413 414 415 416 417 418 419 420 421 422 423 424 425 426 427 428 429 430 431 432 433 434 435 436 437 438 439 440 441 442 443 444 445 446 447 448 449 450 451 452 453 454 455 456 457 458 459 460 461 462 463 464 465 466 467 468 469 470 471 472 473 474 475 476 477 478 479 480 481 482 483 484 485 486 487 488 489 490 491 492 493 494 495 496 497 498 499 500 501 502 503 504 505 506 507 508 509 510 511 512 513 514 515 516 517 518 519 520 521 522 523 524 525 526 527 528 529 530 531 532 533 534 535 536 537 538 539 540 541 542 543 544 545 546 547 548 549 550 551 552 553 554 555 556 557 558 559 560 561 562 563 564 565 566 567 568 569 570 571 572 573 574 575 576 577 578 579 580 581 582 583 584 585 586 587 588 589 590 591 592 593 594 595 596 597 598 599 600 601 602 603 604 605 606 607 608 609 610 611 612 613 614 615 616 617 618 619 620 621 622 623 624 625 626 627 628 629 630 631 632 633 634 635 636 637 638 639 640 641 642 643 644 645 646 647 648 649 650 651 652 653 654 655 656 657 658 659 660 661 662 663 664 665 666 667 668 669 670 671 672 673 674 675 676 677 678 679 680 681 682 683 684 685 686 687 688 689 690 691 692 693 694 695 696 697 698 699 700 701 702 703 704 705 706 707 708 709 710 711 712 713 714 715 716 717 718 719 720 721 722 723 724 725 726 727 728 729 730 731 732 733 734 735 736 737 738 739 740 741 742 743 744 745 746 747 748 749 750 751 752 753 754 755 756 757 758 759 760 761 762 763 764 765 766 767 768 769 770 771 772 773 774 775 776 777 778 779 780 781 782 783 784 785 786 787 788 789 790 791 792 793 794 795 796 797 798 799 800 801 802 803 804 805 806 807 808 809 810 811 812 813 814 815 816 817 818 819 820 821 822 823 824 825 826 827 828 829 830 831 832 833 834 835 836 837 838 839 840 841 842 843 844 845 846 847 848 849 850 851 852 853 854 855 856 857 858 859 860 861 862 863 864 865 866 867 868 869 870 871 872 873 874 875 876 877 878 879 880 881 882 883 884 885 886 887 888 889 890 891 892 893 894 895 896 897 898 899 900 901 902 903 904 905 906 907 908 909 910 911 912 913 914 915 916 917 918 919 920 921 922 923 924 925 926 927 928 929 930 931 932 933 934 935 936 937 938 939 940 941 942 943 944 945 946 947 948 949 950 951 952 953 954 955 956 957 958 959 960 961 962 963 964 965 966 967 968 969 970 971 972 973 974 975 976 977 978 979 980 981 982 983 984 985 986 987 988 989 990 991 992 993 994 995 996 997 998 999 1000 1001 1002 1003 1004 1005 1006 1007 1008 1009 1010 1011 1012 1013 1014 1015 1016 1017 1018 1019 1020 1021 1022 1023 1024 1025 1026 1027 1028 1029 1030 1031 1032 1033 1034 1035 1036 1037 1038 1039 1040 1041 1042 1043 1044 1045 1046 1047 1048 1049 1050 1051 1052 1053 1054 1055 1056 1057 1058 1059 1060 1061 1062 1063 1064 1065 1066 1067 1068 1069 1070 1071 1072 1073 1074 1075 1076 1077 1078 1079 1080 1081 1082 1083 1084 1085 1086 1087 1088 1089 1090 1091 1092 1093 1094 1095 1096 1097 1098 1099 1100 1101 1102 1103 1104 1105 1106 1107 1108 1109 1110 1111 1112 1113 1114 1115 1116 1117 1118 1119 1120 1121 1122 1123 1124 1125 1126 1127 1128 1129 1130 1131 1132 1133 1134 1135 1136 1137 1138 1139 1140 1141 1142 1143 1144 1145 1146 1147 1148 1149 1150 1151 1152 1153 1154 1155 1156 1157 1158 1159 1160 1161 1162 1163 1164 1165 1166 1167 1168 1169 1170 1171 1172 1173 1174 1175 1176 1177 1178 1179 1180 1181 1182 1183 1184 1185 1186 1187 1188 1189 1190 1191 1192 1193 1194 1195 1196 1197 1198 1199 1200 1201 1202 1203 1204 1205 1206 1207 1208 1209 1210 1211 1212 1213 1214 1215 1216 1217 1218 1219 1220 1221 1222 1223 1224 1225 1226 1227 1228 1229 1230 1231 1232 1233 1234 1235 1236 1237 1238 1239 1240 1241 1242 1243 1244 1245 1246 1247 1248 1249 1250 1251 1252 1253 1254 1255 1256 1257 1258 1259 1260 1261 1262 1263 1264 1265 1266 1267 1268 1269 1270 1271 1272 1273 1274 1275 1276 1277 1278 1279 1280 1281 1282 1283 1284 1285 1286 1287 1288 1289 1290 1291 1292 1293 1294 1295 1296 1297 1298 1299 1300 1301 1302 1303 1304 1305 1306 1307 1308 1309 1310 1311 1312 1313 1314 1315 1316 1317 1318 1319 1320 1321 1322 1323 1324 1325 1326 1327 1328 1329 1330 1331 1332 1333 1334 1335 1336 1337 1338 1339 1340 1341 1342 1343 1344 1345 1346 1347 1348 1349 1350 1351 1352 1353 1354 1355 1356 1357 1358 1359 1360 1361 1362 1363 1364 1365 1366 1367 1368 1369 1370 1371 1372 1373 1374 1375 1376 1377 1378 1379 1380 1381 1382 1383 1384 1385 1386 1387 1388 1389 1390 1391 1392 1393 1394 1395 1396 1397 1398 1399 1400 1401 1402 1403 1404 1405 1406 1407 1408 1409 1410 1411 1412 1413 1414 1415 1416 1417 1418 1419 1420 1421 1422 1423 1424 1425 1426 1427 1428 1429 1430 1431 1432 1433 1434 1435 1436 1437 1438 1439 1440 1441 1442 1443 1444 1445 1446 1447 1448 1449 1450 1451 1452 1453 1454 1455 1456 1457 1458 1459 1460 1461 1462 1463 1464 1465 1466 1467 1468 1469 1470 1471 1472 1473 1474 1475 1476 1477 1478 1479 1480 1481 1482 1483 1484 1485 1486 1487 1488 1489 1490 1491 1492 1493 1494 1495 1496 1497 1498 1499 1500 1501 3297 1502 1503 1504 1505 1506 1507 1508 1509 1510 1511 1512 1513 1514 1515 1516 1517 1518 1519 1520 1521 1522 1523 1524 1525 1526 1527 1528 1529 1530 1531 1532 1533 1534 1535 1536 1537 1538 1539 1540 1541 1542 1543 1544 1545 1546 1547 1548 1549 1550 1551 1552 1553 1554 1555 1556 1557 1558 1559 1560 1561 1562 1563 1564 1565 1566 1567 1568 1569 1570 1571 1572 1573 1574 1575 1576 1577 1578 1579 1580 1581 1582 1583 1584 1585 1586 1587 1588 1589 1590 1591 1592 1593 1594 1595 1596 1597 1598 1599 1600 1601 1602 1603 1604 1605 1606 1607 1608 1609 1610 1611 1612 1613 1614 1615 1616 1617 1618 1619 1620 1621 1622 1623 1624 1625 1626 1627 1628 1629 1630 1631 1632 1633 1634 1635 1636 1637 1638 1639 1640 1641 1642 1643 1644 1645 1646 1647 1648 1649 1650 1651 1652 1653 1654 1655 1656 1657 1658 1659 1660 1661 1662 1663 1664 1665 1666 1667 1668 1669 1670 1671 1672 1673 1674 1675 1676 1677 1678 1679 1680 1681 1682 1683 1684 1685 1686 1687 1688 1689 1690 1691 1692 1693 1694 1695 1696 1697 1698 1699 1700 1701 1702 1703 1704 1705 1706 1707 1708 1709 1710 1711 1712 1713 1714 1715 1716 1717 1718 1719 1720 1721 1722 1723 1724 1725 1726 1727 1728 1729 1730 1731 1732 1733 1734 1735 1736 1737 1738 1739 1740 1741 1742 1743 1744 1745 1746 1747 1748 1749 1750 1751 1752 1753 1754 1755 1756 1757 1758 1759 1760 1761 1762 1763 1764 1765 1766 1767 1768 1769 1770 1771 1772 1773 1774 1775 1776 1777 1778 1779 1780 1781 1782 1783 1784 1785 1786 1787 1788 1789 1790 1791 1792 1793 1794 1795 1796 1797 1798 1799 1800 1801 1802 1803 1804 1805 1806 1807 1808 1809 1810 1811 1812 1813 1814 1815 1816 1817 1818 1819 1820 1821 1822 1823 1824 1825 1826 1827 1828 1829 1830 1831 1832 1833 1834 1835 1836 1837 1838 1839 1840 1841 1842 1843 1844 1845 1846 1847 1848 1849 1850 1851 1852 1853 1854 1855 1856 1857 1858 1859 1860 1861 1862 1863 1864 1865 1866 1867 1868 1869 1870 1871 1872 1873 1874 1875 1876 1877 1878 1879 1880 1881 1882 1883 1884 1885 1886 1887 1888 1889 1890 1891 1892 1893 1894 1895 1896 1897 1898 1899 1900 1901 1902 1903 1904 1905 1906 1907 1908 1909 1910 1911 1912 1913 1914 1915 1916 1917 1918 1919 1920 1921 1922 1923 1924 1925 1926 1927 1928 1929 1930 1931 1932 1933 1934 1935 1936 1937 1938 3300 1939 1940 1941 1942 1943 1944 1945 1946 1947 1948 1949 1950 1951 1952 1953 1954 1955 1956 1957 1958 1959 1960 1961 1962 1963 1964 1965 1966 1967 1968 1969 1970 1971 1972 1973 1974 1975 1976 1977 1978 1979 1980 1981 1982 1983 1984 1985 1986 1987 1988 1989 1990 1991 1992 1993 1994 1995 1996 1997 1998 1999 2000 2001 2002 2003 2004 2005 2006 2007 2008 2009 2010 2011 2012 2013 2014 2015 2016 2017 2018 2019 2020 2021 2022 2023 2024 2025 2026 2027 2028 2029 2030 2031 2032 2033 2034 2035 2036 2037 2038 2039 2040 2041 2042 2043 2044 2045 2046 2047 2048 2049 2050 2051 2052 2053 2054 2055 2056 2057 2058 2059 2060 2061 2062 2063 2064 2065 2066 2067 2068 2069 2070 2071 2072 2073 2074 2075 2077 2078 2079 2080 2081 2082 2083 2084 2085 2086 2087 2088 2089 2090 2091 2092 2093 2094 2095 2096 2097 2099 2100 2101 2102 2103 2104 2105 2106 2107 2108 2109 2110 2111 2112 2113 2114 2115 2116 2117 2118 2119 2120 2121 2122 2123 2124 2125 2127 2128 2129 2130 2131 2132 2133 2134 2135 2136 2137 2138 2139 2140 2141 2142 2143 2144 2145 2146 2147 2148 2149 2150 2151 2152 2153 2154 2155 2156 2157 2158 2159 2160 2161 2162 2163 2164 2165 2166 2167 2168 2169 2170 2171 2172 2173 2174 2175 2176 2177 2178 2179 2180 2181 2182 2183 2184 2185 2186 2187 2188 2189 2190 2191 2192 2193 2194 2195 2196 2197 2198 2199 2200 2201 2202 2203 2204 2205 2206 2207 2208 2209 2210 2211 2212 2213 2214 2215 2216 2217 2218 2219 2220 2221 2222 2223 2224 2225 2226 2227 2228 2229 2230 2231 2232 2233 2234 2235 2236 2237 2238 2239 2240 2241 2242 2243 2244 2245 2246 2247 2248 2249 2250 2251 2252 2253 2254 2255 2256 2257 2258 2259 2260 2261 2262 2263 2264 2265 2266 2267 2268 2269 2270 2271 2272 2273 2274 2275 2276 2277 2278 2279 2280 2281 2282 2283 2284 2285 2286 2287 2288 2289 2290 2291 2292 2293 2294 2295 2296 2297 2298 2299 2300 2301 2302 2303 2304 2305 2306 2307 2308 2309 2310 2311 2312 2313 2314 2315 2316 2317 2318 2319 2320 2321 2322 2323 2324 2325 2326 2327 2328 2329 2330 2331 2332 2333 2334 2335 2336 2337 2338 2339 2340 2341 2342 2343 2344 2345 2346 2347 2348 2349 2350 2351 2352 2353 2354 2355 2356 2357 2358 2359 2360 2361 2362 2363 2364 2365 2366 2367 2368 2369 2370 2371 2373 2374 2375 2376 2377 2378 2379 2380 2381 2382 2383 2384 2385 2386 2387 2388 2389 2390 2391 2392 2393 2394 2395 2396 2397 2398 2399 2400 2401 2402 2403 2404 2405 2406 2407 2408 2409 2410 2411 2412 2413 2414 2415 2416 2417 2418 2419 2420 2421 2422 2423 2424 2425 2426 2427 2428 2429 2430 2431 2432 2433 2434 2435 2436 2437 2438 2439 2440 2441 2442 2443 2444 2445 2446 2447 2448 2449 2450 2451 2452 2454 2455 2456 2457 2458 2459 2460 2461 2462 2463 2464 2465 2466 2467 2468 2469 2470 2471 2472 2473 2474 2475 2476 2477 2478 2479 2480 2481 2482 2483 2484 2485 2486 2487 2488 2489 2490 2491 2492 2493 2494 2495 2496 2497 2498 2499 2500 2501 2502 2503 2504 2505 2506 2507 2508 2509 2510 2511 2512 2513 2514 2515 2516 2517 2518 2519 2520 2521 2522 2523 2524 2525 2526 2527 2528 2529 2530 2531 2532 2533 2534 2535 2536 2537 2538 2539 2540 2541 2542 2543 2544 2545 2546 2547 2548 2549 2550 2551 2552 2553 2554 2555 2556 2557 2558 2559 2560 2561 2562 2563 2564 2565 2566 2567 2568 2569 2570 2571 2572 2573 2574 2575 2576 2577 2578 2579 2580 2581 2582 2583 2584 2585 2586 2587 2588 2589 2590 2591 2592 2593 2594 2595 2596 2597 2598 2599 2600 2601 2602 2603 2604 2605 2606 2607 2608 2609 2610 2611 2612 2613 2614 2615 2616 2617 2618 2619 2620 2621 2622 2623 2624 2625 2626 2627 2628 2629 2630 2631 2632 2633 2634 2635 2636 2637 2638 2639 2640 2641 2642 2643 2644 2645 2646 2647 2648 2649 2650 2651 2652 2653 2654 2655 2656 2657 2658 2659 2660 2661 2662 2663 2664 2665 2666 2667 2668 2669 2670 3301 2671 2672 2673 2674 2675 2676 2677 2678 2679 2680 2681 2682 2683 2684 2685 2686 2687 2688 2689 2690 2691 2692 2693 2694 2695 2696 2697 2698 2699 2700 2701 2702 2703 2704 2705 2706 2707 2708 2709 2710 2711 2712 2713 2714 2715 2716 2717 2719 2720 2721 2722 2723 2724 2725 2726 2727 2728 2729 2730 2731 2732 2733 2734 2735 2736 2737 2738 2739 2740 2741 2742 2743 2744 2745 2746 2747 2748 2749 2750 2751 2752 2753 2754 2755 2756 2757 2758 2759 2760 2761 2762 2763 2764 2765 2766 2767 2768 2769 2770 2771 2772 2773 2774 2775 2776 2777 2778 2779 2780 2781 2782 2783 2784 2785 2786 2787 2788 2789 2790 2791 2792 2793 2794 2795 2796 2797 2798 2799 2800 2801 2802 2803 2804 2805 2806 2807 2808 2809 2810 2811 2812 2813 2814 2815 2816 2817 2818 2819 2820 2821 2822 2823 2824 2825 2826 2827 2828 2829 2830 2831 2832 2833 2834 2835 2836 2837 2838 2839 2840 2841 2842 2843 2844 2845 2846 2847 2848 2849 2850 2851 2852 2853 2854 2855 2856 2857 2858 2859 2860 2861 2862 2863 2864 2865 2866 2867 2868 2869 2870 2871 2872 2873 2874 2875 2876 2877 2878 2879 2880 2881 2882 2883 2884 2885 2886 2887 2888 2889 2890 2891 2892 2893 2894 2895 2896 2897 2898 2899 2900 2901 2902 2903 2904 2905 2906 2907 2908 2909 2910 2911 2912 2913 2914 2915 2916 2917 2918 2919 2920 2921 2922 2923 2924 2925 2926 2927 2928 2929 2930 2931 2932 2933 2934 2935 2936 2937 2938 2939 2940 2941 2942 2943 2944 2945 2946 2947 2948 2949 2950 2951 2952 2953 2954 2955 2956 2957 2958 2959 2960 2961 2962 2963 2964 2965 2966 2967 2968 2969 2970 2971 2972 2973 2974 2975 2976 2977 2978 2979 2980 2981 2982 2983 2984 2985 2986 2987 2988 2989 2990 2991 2992 2993 2994 2995 2996 2997 2998 2999 3000 3001 3002 3003 3004 3005 3006 3007 3008 3009 3010 3011 3012 3013 3014 3015 3016 3017 3018 3019 3020 3021 3022 3023 3024 3025 3026 3027 3028 3029 3030 3031 3032 3033 3034 3035 3036 3037 3038 3039 3040 3041 3042 3043 3044 3045 3046 3047 3048 3049 3050 3051 3052 3053 3054 3055 3056 3057 3058 3059 3060 3061 3062 3063 3064 3065 3066 3067 3068 3069 3070 3071 3072 3073 3074 3075 3076 3077 3078 3079 3080 3081 3082 3083 3084 3085 3086 3087 3088 3089 3090 3091 3092 3093 3094 3095 3096 3097 3098 3099 3100 3101 3102 3103 3104 3105 3106 3107 3108 3109 3110 3111 3112 3113 3114 3115 3116 3117 3118 3119 3120 3121 3122 3123 3124 3125 3126 3127 3128 3129 3130 3131 3132 3133 3134 3135 3136 3137 3138 3139 3140 3141 3142 3143 3144 3145 3146 3147 3148 3149 3150 3151 3152 3153 3154 3155 3156 3157 3158 3159 3160 3161 3162 3163 3164 3165 3166 3167 3168 3169 3170 3171 3172 3173 3174 3175 3176 3177 3178 3179 3180 3181 3182 3183 3184 3185 3186 3187 3188 3189 3190 3191 3192 3193 3194 3195 3196 3197 3198 3199 3200 3201 3202 3203 3204 3205 3206 3207 3208 3209 3210 3211 3212 3213 3214 3215 3216 3217 3218 3219 3220 3221 3222 3223 3224 3225 3226 3227 3228 3229 3230 3231 3232 3233 3234 3235 3236 3237 3238 3239 3240 3241 3242 3243 3244 3245 3246 3247 3248 3249 3250 3251 3252 3253 3254 3255 3256 3257 3258 3259 3260 3261 3262 3263 3264 3265 3266 3267 3268 3269 3270 3271 3272 3273 3274 3275 3276 3277 3278 3279 3280 3281 3282 3283 3284 3285 3286 3287 3288 3289 3290 3291 3292 3293 3294
p1:6 A 0 1 2 3 4 5 6 7 8 9 10 11 12 13 14 15 16 17 18 19 20 21 22 23 24 25 26 27 28 29 30 31 32 33 34 35 36 37 38 39 40 41 42 43 44 45 46 47 48 49 50 51 52 53 54 55 56 57 58 59 60 61 62 63 64 65 66 67 68 69 70 71 72 73 74 75 76 77 78 79 80 81 82 83 84 85 86 87 88 89 90 91 92 93 94 95 96 97 98 99 100 101 102 103 104 105 106 107 108 109 110 111 112 113 114 115 116 117 118 119 120 121 122 123 124 125 126 127 128 129 130 131 132 133 134 135 136 137 138 139 140 141 142 143 144 145 146 147 148 149 150 151 152 153 154 155 156 157 158 159 160 161 162 163 164 165 166 167 168 169 170 171 172 173 174 175 176 177 178 179 180 181 182 183 184 185 186 187 188 189 190 191 192 193 194 195 196 197 198 199 200 201 202 203 204 205 206 207 208 209 210 211 212 213 214 215 216 217 218 219 220 221 222 223 224 225 226 227 228 229 230 231 232 233 234 235 236 237 238 239 240 241 242 243 244 245 246 247 248 249 250 251 252 253 254 255 256 257 258 3302 259 260 261 262 263 264 265 266 267 268 269 270 271 272 273 274 275 276 277 278 279 280 281 282 283 284 285 286 287 288 289 290 291 292 293 294 295 296 297 298 299 300 301 302 303 304 305 306 307 308 309 310 311 312 313 314 315 316 317 318 319 320 321 322 323 324 325 326 327 328 329 330 331 332 333 334 335 336 337 338 339 340 341 342 343 344 345 346 347 348 349 350 351 352 353 354 355 356 357 358 359 360 361 362 363 364 365 366 367 368 369 370 371 372 373 374 375 376 377 378 379 380 381 382 383 384 385 386 387 388 389 390 391 392 393 394 395 396 397 398 399 400 401 402 403 404 405 406 407 408 409 410 411 412 413 414 415 416 3303 417 418 419 420 421 422 423 424 425 426 427 428 429 430 431 432 433 434 435 436 437 438 439 440 441 442 443 444 445 446 447 448 449 450 451 452 453 454 455 456 457 458 459 460 461 462 463 464 465 466 467 468 469 470 471 472 473 474 475 476 477 478 479 480 481 482 483 484 485 486 487 488 489 490 491 492 493 494 495 496 497 498 499 500 501 502 503 504 505 506 507 508 509 510 511 512 513 514 515 516 517 518 519 520 521 522 523 524 525 526 527 528 529 530 531 532 533 534 535 536 537 538 539 540 541 542 543 544 545 546 547 548 549 550 551 552 553 554 555 556 557 558 559 560 561 562 563 564 565 566 567 568 569 570 571 572 573 574 575 576 577 578 579 580 581 582 583 584 585 586 587 588 589 590 591 592 593 594 595 596 597 598 599 600 601 602 603 604 605 606 607 608 609 610 611 612 613 614 615 616 617 618 619 620 621 622 623 624 625 626 627 628 629 630 631 632 633 634 635 636 637 638 639 640 641 642 643 644 645 646 647 648 649 650 651 652 653 654 655 656 657 658 659 660 661 662 663 664 665 666 667 668 669 670 671 672 673 674 675 676 677 678 679 680 681 682 683 684 685 686 687 688 689 690 691 692 693 694 695 696 697 698 699 700 701 702 703 704 705 706 707 708 709 710 711 712 713 714 715 716 717 718 719 720 721 722 723 724 725 726 727 728 729 730 731 3304 732 733 734 735 736 737 738 739 740 741 742 743 744 745 746 747 748 749 750 751 752 753 754 755 756 757 758 759 760 761 762 763 764 765 766 767 768 769 770 771 772 773 774 775 776 777 778 779 780 781 782 783 784 785 786 787 788 789 790 791 792 793 794 795 796 797 798 799 800 801 802 803 804 805 806 807 808 809 810 811 812 813 814 815 816 817 818 819 820 821 822 823 824 825 826 827 828 829 830 831 832 833 834 835 836 837 838 839 840 841 842 843 844 845 846 847 848 849 850 851 852 853 854 855 856 857 858 859 860 861 862 863 864 865 866 867 868 869 870 871 872 873 874 875 876 877 878 879 880 881 882 883 884 885 886 887 888 889 890 891 892 893 894 895 896 897 898 899 900 901 902 903 904 905 906 907 908 909 910 911 912 913 914 915 916 917 918 919 920 921 922 923 924 925 926 927 928 929 930 931 932 933 934 935 936 937 938 939 940 941 942 943 944 945 946 947 948 949 950 951 952 953 954 955 956 957 958 959 960 961 962 963 964 965 966 967 968 969 970 971 972 973 974 975 976 977 978 979 980 981 982 983 984 985 986 987 988 989 990 991 992 993 994 995 996 997 998 999 1000 1001 1002 1003 1004 1005 1006 1007 1008 1009 1010 1011 1012 1013 1014 1015 1016 1017 1018 1019 1020 1021 1022 1023 1024 1025 1026 1027 1028 1029 1030 1031 1032 1033 1034 1035 1036 1037 1038 1039 1040 1041 1042 1043 1044 1045 1046 1047 1048 1049 1050 1051 1052 1053 1054 1055 1056 1057 1058 1059 1060 1061 1062 1063 1064 1065 1066 1067 1068 1069 1070 1071 1072 1073 1074 1075 1076 1077 1078 1079 1080 1081 1082 1083 1084 1085 1086 1087 1088 1089 1090 1091 1092 1093 1094 1095 1096 1097 1098 1099 1100 1101 1102 1103 1104 1105 1106 1107 1108 1109 1110 1111 1112 1113 1114 1115 1116 1117 1118 1119 1120 1121 1122 1123 1124 1125 1126 1127 1128 1129 1130 1131 1132 1133 1134 1135 1136 1137 1138 1139 1140 1141 1142 1143 1144 1145 1146 1147 1148 1149 1150 1151 1152 1153 1154 1155 1156 1157 1158 1159 1160 1161 1162 1163 1164 1165 1166 1167 1168 1169 1170 1171 1172 1173 1174 1175 1176 1177 1178 1179 1180 1181 1182 1183 1184 1185 1186 1187 1188 1189 1190 1191 1192 1193 1194 1195 1196 1197 1198 1199 1200 1201 1202 1203 1204 1205 1206 1207 1208 1209 1210 1211 1212 1213 1214 1215 1216 1217 1218 1219 1220 1221 1222 1223 1224 1225 1226 1227 1228 1229 1230 1231 1232 1233 1234 1235 1236 1237 1238 1239 1240 1241 1242 1243 1244 1245 1246 1247 1248 1249 1250 1251 1252 1253 1254 1255 1256 1257 1258 1259 1260 1261 1262 1263 1264 1265 1266 1267 1268 1269 1270 1271 1272 1273 1274 1275 1276 1277 1278 1279 1280 1281 1282 1283 1284 1285 1286 1287 1288 1289 1290 1291 1292 1293 1294 1295 1296 1297 1298 1299 1300 1301 1302 1303 1304 1305 1306 1307 1308 1309 1310 1311 1312 1313 1314 1315 1316 1317 1318 1319 1320 1321 1322 1323 1324 1325 1326 1327 1328 1329 1330 1331 1332 1333 1334 1335 1336 1337 1338 1339 1340 3296 1341 1342 1343 1344 1345 1346 1347 1348 1349 1350 1351 1352 1353 1354 1355 1356 1357 1358 1359 1360 1361 1362 1363 1364 1365 1366 1367 1368 1369 1370 1371 1372 1373 1374 1375 1376 1377 1378 1379 1380 1381 1382 1383 1384 1385 1386 1387 1388 1389 1390 1391 1392 1393 1394 1395 1396 1397 1398 1399 1400 1401 1402 1403 1404 1405 1406 1407 1408 1409 1410 1411 1412 1413 1414 1415 1416 1417 1418 1419 1420 1421 1422 1423 1424 1425 1426 1427 1428 1429 1430 1431 1432 1433 1434 1435 1436 1437 1438 1439 1440 1441 1442 1443 1444 1445 1446 1447 1448 1449 1450 1451 1452 1453 1454 1455 1456 1457 1458 1459 1460 1461 1462 1463 1464 1465 1466 1467 1468 1469 1470 1471 1472 1473 1474 1475 1476 1477 1478 1479 1480 1481 1482 1483 1484 1485 1486 1487 1488 1489 1490 1491 1492 1493 1494 1495 1496 1497 1498 1499 1500 1501 1502 1503 1504 1505 1506 1507 1508 1509 1510 1511 1512 1513 1514 1515 1516 1517 1518 1519 1520 1521 1522 1523 1524 1525 1526 1527 1528 1529 1530 1531 1532 1533 1534 1535 1536 1537 1538 1539 1540 1541 1542 1543 1544 1545 1546 1547 1548 1549 1550 1551 1552 1553 1554 1555 1556 1557 1558 1559 1560 1561 1562 1563 1564 1565 1566 1567 1568 1569 1570 1571 1572 1573 1574 1575 1576 1577 1578 1579 1580 1581 1582 1583 1584 1585 1586 1587 1588 1589 1590 1591 1592 1593 1594 1595 1596 1597 1598 1599 1600 1601 1602 1603 1604 1605 1606 1607 1608 1609 1610 1611 1612 1613 1614 1615 1616 1617 1618 1619 1620 1621 1622 1623 1624 1625 1626 1627 1628 1629 1630 1631 1632 1633 1634 1635 1636 1637 1638 1639 1640 1641 1642 1643 1644 1645 1646 1647 1648 1649 1650 1651 1652 1653 1654 1655 1656 1657 1658 1659 1660 1661 1662 1663 1664 1665 1666 1667 1668 1669 1670 1671 1672 1673 1674 1675 1676 1677 1678 1679 1680 1681 1682 1683 1684 1685 1686 1687 1688 1689 1690 1691 1692 1693 1694 1695 1696 1697 1698 1699 1700 1701 1702 1703 1704 1705 1706 1707 1708 1709 1710 1711 1712 1713 1714 1715 1716 1717 1718 1719 1720 1721 1722 1723 1724 1725 1726 1727 1728 1729 1730 1731 1732 1733 1734 1735 1736 1737 1738 1739 1740 1741 1742 1743 1744 1745 1746 1747 1748 1749 1750 1751 1752 1753 1754 1755 1756 1757 1758 1759 1760 1761 1762 1763 1764 1765 1766 1767 1768 1769 1770 1771 1772 1773 1774 1775 1776 1777 1778 1779 1780 1781 1782 1783 1784 1785 1786 1787 1788 1789 1790 1791 1792 1793 1794 1795 1796 1797 1798 1799 1800 1801 1802 1803 1804 1805 1806 1807 1808 1809 1810 1811 1812 1813 1814 1815 1816 1817 1818 1819 1820 1821 1822 1823 1824 1825 1826 1827 1828 1829 1830 1831 1832 1833 1834 1835 1836 1837 1838 1839 1840 1841 1842 1843 1844 1845 1846 1847 1848 1849 1850 1851 1852 1853 1854 1855 1856 1857 1858 1859 1860 1861 1862 1863 1864 1865 1866 1867 1868 1869 1870 1871 1872 1873 1874 1875 1876 1877 1878 1879 1880 1881 1882 1883 1884 1885 1886 1887 1888 1889 1890 1891 1892 1893 1894 1895 1896 1897 1898 1899 1900 1901 1902 1903 1904 1905 1906 1907 1908 1909 1910 1911 1912 1913 1914 1915 1916 1917 1918 1919 1920 1921 1922 1923 1924 1925 1926 1927 1928 1929 1930 1931 1932 1933 1934 1935 1936 1937 1938 1939 1940 1941 1942 1943 1944 1945 1946 1947 1948 1949 1950 1951 1952 1953 1954 1955 1956 1957 1958 1959 1960 1961 1962 1963 1964 1965 1966 1967 1968 1969 1970 1971 1972 1973 1974 1975 1976 1977 1978 1979 1980 1981 1982 1983 1984 1985 1986 1987 1988 1989 1990 1991 1992 1993 1994 1995 1996 1997 1998 1999 2000 2001 2002 2003 2004 2005 2006 2007 2008 2009 2010 2011 2012 2013 2014 2015 2016 2017 2018 2019 2020 2021 2022 2023 2024 2025 2026 2027 2028 2029 2030 2031 2032 2033 2034 2035 2036 2037 2038 2039 2040 2041 2042 2043 2044 2045 2046 2047 2048 2049 2050 2051 2052 2053 2054 2055 2056 2057 2058 2059 2060 2061 2062 2063 2064 2065 2066 2067 2068 2069 3305 2071 2072 2073 2074 2075 2078 2079 2080 2081 2082 2083 2084 2085 2086 2087 2088 2089 2090 2091 2092 2093 2094 2095 2096 2097 2099 2100 2101 2102 2103 2104 2105 2106 2107 2108 2109 2110 2111 2112 2113 2114 2115 2116 2117 2118 2119 2120 2121 2122 2123 2124 2125 2127 2128 2129 2130 2131 2132 2133 2134 2135 2136 2137 2138 2139 2140 2141 2142 2143 2144 2145 2146 2147 2148 2149 2150 2151 2152 2153 2154 2155 2156 2157 2158 2159 2160 2161 2162 2163 2164 2165 2166 2167 2168 2169 2170 2171 2172 2173 2174 2175 2176 2177 2178 2179 2180 2181 2182 2183 2184 2185 2186 2187 2188 2189 2190 2191 2192 2193 2194 2195 2196 2197 2198 2199 2200 2201 2202 2203 2204 2205 2206 2207 2208 2209 2210 2211 2212 2213 2214 2215 2216 2217 2218 2219 2220 2221 2222 2223 2224 2225 2226 3306 2227 2228 2229 2230 2231 2232 2233 2234 2235 2236 2237 2238 2239 2240 2241 2242 2243 2244 2245 2246 2247 2248 2249 2250 2251 2252 2253 2254 2255 2256 2257 2258 2259 2260 2261 2262 2263 2264 2265 2266 2267 2268 2269 2270 2271 2272 2273 2274 2275 2276 2277 2278 2279 2280 2281 2282 2283 2284 2285 2286 2287 2288 2289 2290 2291 2292 2293 2294 2295 2296 2297 2298 2299 2300 2301 2302 2303 2304 2305 2306 2307 2308 2309 2310 2311 2312 2313 2314 2315 2316 2317 2318 2319 2320 2321 2322 2323 2324 2325 2326 2327 2328 2329 2330 2332 2333 2334 2335 2336 2337 2338 2339 2340 2341 2342 2343 2344 2345 2346 2347 2348 2349 2350 2351 2352 2353 2354 2355 2356 2357 2358 2359 2360 2361 2362 2363 2364 2365 2366 2367 2368 2369 2370 2371 2372 2373 2374 2375 2376 2377 2378 2379 2380 2381 2382 2383 2384 2385 2386 2387 2388 2389 2390 2391 2392 2393 2394 2395 2396 2397 2398 2399 2400 2401 2402 2403 2404 2405 2406 2407 2408 2409 2410 2411 2412 2413 2414 2415 2416 2417 2418 2419 2420 2421 2422 2423 2424 2425 2426 2427 2428 2429 2430 2431 2432 2433 2434 2435 2436 2437 2438 2439 2440 2441 2442 2443 2444 2445 2446 2447 2448 2449 2450 2451 2452 2454 2455 2456 2457 2458 2459 2460 2461 2462 2463 2464 2465 2466 2467 2468 2469 2470 2471 2472 2473 2474 2475 2476 2477 2478 2479 2480 2481 2482 2483 2484 2485 2486 2487 2488 2489 2490 2491 2492 2493 2494 2495 2496 2497 2498 2499 2500 2501 2502 2503 2504 2505 2506 2507 2508 2509 2510 2511 2512 2513 2514 2515 2516 2517 2518 2519 2520 2521 2522 2523 2524 2525 2526 2527 2528 2529 2530 2531 2532 2533 2534 2535 2536 2537 2538 2539 2540 2541 2542 2543 2544 2545 2546 2547 2548 2549 2550 2551 2552 2553 2554 2555 2556 2557 2558 2559 2560 2561 2562 2563 2564 2565 2566 2567 2568 2569 2570 2571 2572 2573 2574 2575 2576 2577 2578 2579 2580 2581 2582 2583 2584 2585 2586 2587 2588 2589 2590 2591 2592 2593 2594 2595 2596 2597 2598 2599 2600 2601 2602 2603 2604 2605 2606 2607 2608 2609 2610 2611 2612 2613 2614 2615 2616 2617 2618 2619 2620 2621 2622 2623 2624 2625 2626 2627 2628 2629 2630 2631 2632 2633 2634 2635 2636 2637 2638 2639 2640 2641 2642 2643 2644 2645 2646 2647 2648 2649 2650 2651 2652 2653 2654 2655 2656 2657 2658 2659 2660 2661 2662 2663 2664 2665 2666 2667 2668 2669 2670 2671 2672 2673 2674 2675 2676 2677 2678 2679 2680 2681 2682 2683 2684 2685 2686 2687 2688 2689 2690 2691 2692 2693 2694 2695 2696 2697 2698 2699 2700 2701 2702 2703 2704 2705 2706 2707 2708 2709 2710 2711 2712 2713 2714 2715 2716 2717 2718 2719 2720 2721 2722 2723 2724 2725 2726 2727 2728 2729 2730 2731 2732 2733 2734 2735 2736 2737 2738 2739 2740 2741 2742 2743 2744 2745 2746 2747 2748 2749 2750 2751 2752 2753 2754 2755 2756 2757 2758 2759 2760 2761 2762 2763 2764 2765 2766 2767 2768 2769 2770 2771 2772 2773 2774 2775 2776 2777 2778 2779 2780 2781 2782 2783 2784 2785 2786 2787 2788 2789 2790 2791 2792 2793 2794 2795 2796 2797 2798 2799 2800 2801 2802 2803 2804 2805 2806 2807 2808 2809 2810 2811 2812 2813 2814 2815 2816 2817 2818 2819 2820 2821 2822 2823 2824 2825 2826 2827 2828 2829 2830 2831 2832 2833 2834 2835 2836 2837 2838 2839 2840 2841 2842 2843 2844 2845 2846 2847 2848 2849 2850 2851 2852 2853 2854 2855 2856 2857 2858 2859 2860 2861 2862 2863 2864 2865 2866 2867 2868 2869 2870 2871 2872 2873 2874 2875 2876 2877 2878 2879 2880 2881 2882 2883 2884 2885 2886 2887 2888 2889 2890 2891 2892 2893 2894 2895 2896 2897 2898 2899 2900 2901 2902 2903 2904 2905 2906 2907 2908 2909 2910 2911 2912 2913 2914 2915 2916 2917 2918 2919 2920 2921 2922 2923 2924 2925 2926 2927 2928 2929 2930 2931 2932 2933 2934 2935 2936 2937 2938 2939 2940 2941 2942 2943 2944 2945 2946 2947 2948 2949 2950 2951 2952 2953 2954 2955 2956 2957 2958 2959 2960 2961 2962 2963 2964 2965 2966 2967 2968 2969 2970 2971 2972 2973 2974 2975 2977 2978 2979 2980 2981 2982 2983 2984 2985 2986 2987 2988 2989 2990 2991 2992 2993 2994 2995 2996 2997 2998 2999 3000 3001 3002 3003 3004 3005 3006 3007 3008 3009 3010 3011 3012 3013 3014 3015 3016 3017 3018 3019 3020 3021 3022 3023 3024 3025 3026 3027 3028 3029 3030 3031 3032 3033 3034 3035 3036 3037 3038 3039 3040 3041 3042 3043 3044 3045 3046 3047 3048 3049 3050 3051 3052 3053 3054 3055 3056 3057 3058 3059 3060 3061 3062 3063 3064 3065 3066 3067 3068 3069 3070 3071 3072 3073 3074 3075 3076 3077 3078 3079 3080 3081 3082 3083 3084 3085 3086 3087 3088 3089 3090 3091 3092 3093 3094 3095 3096 3097 3098 3099 3100 3101 3102 3103 3104 3105 3106 3107 3108 3109 3110 3111 3112 3113 3114 3115 3116 3117 3118 3119 3120 3121 3122 3123 3124 3125 3126 3127 3128 3129 3130 3131 3132 3133 3134 3135 3136 3137 3138 3139 3140 3141 3142 3143 3144 3145 3146 3147 3148 3149 3150 3151 3152 3153 3154 3155 3156 3157 3158 3159 3160 3161 3162 3163 3164 3165 3166 3167 3168 3169 3170 3171 3172 3173 3174 3175 3176 3177 3178 3179 3180 3181 3182 3183 3184 3185 3186 3187 3188 3189 3190 3191 3192 3193 3194 3195 3196 3197 3198 3199 3200 3201 3202 3203 3204 3205 3206 3207 3208 3209 3210 3211 3212 3213 3214 3215 3216 3217 3218 3219 3220 3221 3222 3223 3224 3225 3226 3227 3228 3229 3230 3231 3232 3233 3234 3235 3236 3237 3238 3239 3240 3241 3242 3243 3244 3245 3246 3247 3248 3249 3250 3251 3252 3253 3254 3255 3256 3257 3258 3259 3260 3261 3262 3263 3264 3265 3266 3267 3268 3269 3270 3271 3272 3273 3274 3275 3276 3277 3278 3279 3280 3281 3282 3283 3284 3285 3286 3287 3288 3289 3290 3291 3292 3293 3294
p1:7 A 0 1 2 3 4 5 6 7 8 9 10 11 12 13 14 15 16 17 18 19 20 21 22 23 24 25 26 27 28 29 30 31 32 33 34 35 36 37 38 39 40 41 42 43 44 45 46 47 48 49 50 51 52 53 54 55 56 57 58 59 60 61 62 63 64 65 66 67 68 69 70 71 72 73 74 75 76 77 78 79 80 81 82 83 84 85 86 87 88 89 90 91 92 93 94 95 96 97 98 99 100 101 102 103 104 105 106 107 108 109 110 111 112 113 114 115 116 117 118 119 120 121 122 123 124 125 126 127 128 129 130 131 132 133 134 135 136 137 138 139 140 141 142 143 144 145 146 147 148 149 150 151 152 153 154 155 156 157 158 159 160 161 162 163 164 165 166 167 168 169 170 171 172 173 174 175 176 177 178 179 180 181 182 183 184 185 186 187 188 189 190 191 192 193 194 195 196 197 198 199 200 201 202 203 204 205 206 207 208 209 210 211 212 213 214 215 216 217 218 219 220 221 222 223 224 225 226 227 228 229 230 231 232 233 234 235 236 237 238 239 240 241 242 243 244 245 246 247 248 249 250 251 252 253 254 255 256 257 258 259 260 261 262 263 264 265 266 267 268 269 270 271 272 273 274 275 276 277 278 279 280 281 282 283 284 285 286 287 288 289 290 291 292 293 294 295 296 297 298 299 300 301 302 303 304 305 306 307 308 309 310 311 312 313 314 315 316 317 318 319 320 321 322 323 324 325 326 327 328 329 330 331 332 333 334 335 336 337 338 339 340 341 342 343 344 345 346 347 348 349 350 351 352 353 354 355 356 357 358 359 360 361 362 363 364 365 366 367 368 369 370 371 372 373 374 375 376 377 378 379 380 381 382 383 384 385 386 387 388 389 390 391 392 393 394 395 396 397 398 399 400 401 402 403 404 405 406 407 408 409 410 411 412 413 414 415 416 417 418 419 420 421 422 423 424 425 426 427 428 429 430 431 432 433 434 435 436 437 3307 438 439 440 441 442 443 444 445 446 447 448 449 450 451 452 453 454 455 456 457 458 459 460 461 462 463 464 465 466 467 468 469 470 471 472 473 474 475 476 477 478 479 480 481 482 483 484 485 486 487 488 489 490 491 492 493 494 495 496 497 498 499 500 501 502 503 504 505 506 507 508 509 510 511 512 513 514 515 516 517 518 519 520 521 522 523 524 525 526 527 528 529 530 531 532 533 534 535 536 537 538 539 540 541 542 543 544 545 546 547 548 549 550 551 552 553 554 555 556 557 558 559 560 561 562 563 564 565 566 567 568 569 570 571 572 573 574 575 576 577 578 579 580 581 582 583 584 585 586 587 588 589 590 591 592 593 594 595 596 597 598 599 600 601 602 603 604 605 606 607 608 609 610 611 612 613 614 615 616 617 618 619 620 621 622 623 624 625 626 627 628 629 630 631 632 633 634 635 636 637 638 639 640 641 642 643 644 645 646 647 648 649 650 651 652 653 654 655 656 657 658 659 660 661 662 663 664 665 666 667 668 669 670 671 672 673 674 675 676 677 678 679 680 681 682 683 684 685 686 687 688 689 690 691 692 693 694 695 696 697 698 699 700 701 702 703 704 705 706 707 708 709 710 711 712 713 714 715 716 717 718 719 720 721 722 723 724 725 726 727 728 729 730 731 732 733 734 735 736 737 738 739 740 741 742 743 744 745 746 747 748 749 750 751 752 753 754 755 756 757 758 759 760 761 762 763 764 765 766 767 768 769 770 771 772 773 774 775 776 777 778 779 780 781 782 783 784 785 786 787 788 789 790 791 792 793 794 795 796 797 798 799 800 801 802 803 804 805 806 807 808 809 810 811 812 813 814 815 816 817 818 819 820 821 822 823 824 825 826 827 828 829 830 831 832 833 834 835 836 837 838 839 840 841 842 843 844 845 846 847 848 849 850 851 852 853 854 855 856 857 858 859 860 861 862 863 864 865 866 867 868 869 870 871 872 873 874 875 876 877 878 879 880 881 882 883 884 885 886 887 888 889 890 891 892 893 894 895 896 897 898 899 900 901 902 903 904 905 906 907 908 909 910 911 912 913 914 915 916 917 918 919 920 921 922 923 924 925 926 927 928 929 930 931 932 933 934 935 936 937 938 939 940 941 942 943 944 945 946 947 948 949 950 951 952 953 954 955 956 957 958 959 960 961 962 963 964 965 966 967 968 969 970 971 972 973 974 975 976 977 978 979 980 981 982 983 984 985 986 987 988 989 990 991 992 993 994 995 996 997 998 999 1000 1001 1002 1003 1004 1005 1006 1007 1008 1009 1010 1011 1012 1013 1014 1015 1016 1017 1018 1019 1020 1021 1022 1023 1024 1025 1026 1027 1028 1029 1030 1031 1032 1033 1034 1035 1036 1037 1038 1039 1040 1041 1042 1043 1044 1045 1046 1047 1048 1049 1050 1051 1052 1053 1054 1055 1056 1057 1058 1059 1060 1061 1062 1063 1064 1065 1066 1067 1068 1069 1070 1071 1072 1073 1074 1075 1076 1077 1078 1079 1080 1081 1082 1083 1084 1085 1086 1087 1088 1089 1090 1091 1092 1093 1094 1095 1096 1097 1098 1099 1100 1101 1102 1103 1104 1105 1106 1107 1108 1109 1110 1111 1112 1113 1114 1115 1116 1117 1118 1119 1120 1121 1122 1123 1124 1125 1126 1127 1128 1129 1130 1131 1132 1133 1134 1135 1136 1137 1138 1139 1140 1141 1142 1143 1144 1145 1146 1147 1148 1149 1150 1151 1152 1153 1154 1155 1156 1157 1158 1159 1160 1161 1162 1163 1164 1165 1166 1167 1168 1169 1170 1171 1172 1173 1174 1175 1176 1177 1178 1179 1180 1181 1182 3295 1183 1184 1185 1186 1187 1188 1189 1190 1191 1192 1193 1194 1195 1196 1197 1198 1199 1200 1201 1202 1203 1204 1205 1206 1207 1208 1209 1210 1211 1212 1213 1214 1215 1216 1217 1218 1219 1220 1221 1222 1223 1224 1225 1226 1227 1228 1229 1230 1231 1232 1233 1234 1235 1236 1237 1238 1239 1240 1241 1242 1243 1244 1245 1246 1247 1248 1249 1250 1251 1252 1253 1254 1255 1256 1257 1258 1259 1260 1261 1262 1263 1264 1265 1266 1267 1268 1269 1270 1271 1272 1273 1274 1275 1276 1277 1278 1279 1280 1281 1282 1283 1284 1285 1286 1287 1288 1289 1290 1291 1292 1293 1294 1295 1296 1297 1298 1299 1300 1301 1302 1303 1304 1305 1306 1307 1308 1309 1310 1311 1312 1313 1314 1315 1316 1317 1318 1319 1320 1321 1322 1323 1324 1325 1326 1327 1328 1329 1330 1331 1332 1333 1334 1335 1336 1337 1338 1339 1340 3296 1341 1342 1343 1344 1345 1346 1347 1348 1349 1350 1351 1352 1353 1354 1355 1356 1357 1358 1359 1360 1361 1362 1363 1364 1365 1366 1367 1368 1369 1370 1371 1372 1373 1374 1375 1376 1377 1378 1379 1380 1381 1382 1383 1384 1385 1386 1387 1388 1389 1390 1391 1392 1393 1394 1395 1396 1397 1398 1399 1400 1401 1402 1403 1404 1405 1406 1407 1408 1409 1410 1411 1412 1413 1414 1415 1416 1417 1418 1419 1420 1421 1422 1423 1424 1425 1426 1427 1428 1429 1430 1431 1432 1433 1434 1435 1436 1437 1438 1439 1440 1441 1442 1443 1444 1445 1446 1447 1448 1449 1450 1451 1452 1453 1454 1455 1456 1457 1458 1459 1460 1461 1462 1463 1464 1465 1466 1467 1468 1469 1470 1471 1472 1473 1474 1475 1476 1477 1478 1479 1480 1481 1482 1483 1484 1485 1486 1487 1488 1489 1490 1491 1492 1493 1494 1495 1496 1497 1498 1499 1500 1501 3297 1502 1503 1504 1505 1506 1507 1508 1509 1510 1511 1512 1513 1514 1515 1516 1517 1518 1519 1520 1521 1522 1523 1524 1525 1526 1527 1528 1529 1530 1531 1532 1533 1534 1535 1536 1537 1538 1539 1540 1541 1542 1543 1544 1545 1546 1547 1548 1549 1550 1551 1552 1553 1554 1555 1556 1557 1558 1559 1560 1561 1562 1563 1564 1565 1566 1567 1568 1569 1570 1571 1572 1573 1574 1575 1576 1577 1578 1579 1580 1581 1582 1583 1584 1585 1586 1587 1588 1589 1590 1591 1592 1593 1594 1595 1596 1597 1598 1599 1601 1602 1603 1604 1605 1606 1607 1608 1609 1610 1611 1612 1613 1614 1615 1616 1617 1618 1619 1620 1621 1622 1623 1624 1625 1626 1627 1628 1629 1630 1631 1632 1633 1634 1635 1636 1637 1638 1639 1640 1641 1642 1643 1644 1645 1646 1647 1648 1649 1650 1651 1652 1653 1654 1655 1656 1657 1658 1659 1660 1661 1662 1663 1664 1665 1666 1667 1668 1669 1670 1671 1672 1673 1674 1675 1676 1677 1678 1679 1680 1681 1682 1683 1684 1685 1686 1687 1688 1689 1690 1691 1692 1693 1694 1695 1696 1697 1698 1699 1700 1701 1702 1703 1704 1705 1706 1707 1708 1709 1710 1711 1712 1713 1714 1715 1716 1717 1718 1719 1720 1721 1722 1723 1724 1725 1726 1727 1728 1729 1730 1731 1732 1733 1734 1735 1736 1737 1738 1739 1740 1741 1742 1743 1744 1745 1746 1747 1748 1749 1750 1751 1752 1753 1754 1755 1756 1757 1758 1759 1760 1761 1762 1763 1764 1765 1766 1767 1768 1769 1770 1771 1772 1773 1774 1775 1776 1777 1778 1779 1780 1781 1782 1783 1784 1785 1786 1787 1788 1789 1790 1791 1792 1793 1794 1795 1796 1797 1798 1799 1800 1801 1802 1803 1804 1805 1806 1807 1808 1809 1810 1811 1812 1813 1814 1815 1816 1817 1818 1819 1820 1821 1822 1823 1824 1825 1826 1827 1828 1829 1830 1831 1832 1833 1834 1835 1836 1837 1838 1839 1840 1841 1842 1843 1844 1845 1846 1847 1848 1849 1850 1851 1852 1853 1854 1855 1856 1857 1858 1859 1860 1861 1862 1863 1864 1865 1866 1867 1868 1869 1870 1871 1872 1873 1874 1875 1876 1877 1878 1879 1880 1881 1882 1883 1884 1885 1886 1887 1888 1889 1890 1891 1892 1893 1894 1895 1896 1897 1898 1899 1900 1901 1902 1903 1904 1905 1906 1907 1908 1909 1910 1911 1912 1913 1914 1915 1916 1917 1918 1919 1920 1921 1922 1923 1924 1925 1926 1927 1928 1929 1930 1931 1932 1933 1934 1935 1936 1937 1938 1939 1940 1941 1942 1943 1944 1945 1946 1947 1948 1949 1950 1951 1952 1953 1954 1955 1956 1957 1958 1959 1960 1961 1962 1963 1964 1965 1966 1967 1968 1969 1970 1971 1972 1973 1974 1975 1976 1977 1978 1979 1980 1981 1982 1983 1984 1985 1986 1987 1988 1989 1990 1991 1992 1993 1994 1995 1996 1997 1998 1999 2000 2001 2002 2003 2004 2005 2006 2007 2008 2009 2010 2011 2012 2013 2014 2015 2016 2017 2018 2019 2020 2021 2022 2023 2024 2025 2026 2027 2028 2029 2030 2031 2032 2033 2034 2035 2036 2037 2038 2039 2040 2041 2042 2043 2044 2045 2046 2047 2048 2049 2050 2051 2052 2053 2054 2055 2056 2057 2058 2059 2060 2061 2062 2063 2064 2065 2066 2067 2068 2069 2070 2071 2072 2073 2074 2075 2077 2078 2079 2080 2081 2082 2083 2084 2085 2086 2087 2088 2089 2090 2091 2092 2093 2094 2095 2096 2097 2098 2099 2100 2101 2102 2103 2104 2105 2106 2107 2108 2109 2110 2111 2112 2113 2114 2115 2116 2117 2118 2119 2120 2121 2122 2123 2124 2125 2127 2128 2129 2130 2131 2132 2133 2134 2135 2136 2137 2138 2139 2140 2141 2142 2143 2144 2145 2146 2147 2148 2149 2150 2151 2152 2153 2154 2155 2156 2157 2158 2159 2160 2161 2162 2163 2164 2165 2166 2167 2168 2169 2170 2171 2172 2173 2174 2175 2176 2177 2178 2179 2180 2181 2182 2183 2184 2185 2186 2187 2188 2189 2190 2191 2192 2193 2194 2195 2196 2197 2198 2199 2200 2201 2202 2203 2204 2205 2206 2207 2208 2209 2210 2211 2212 2213 2214 2215 2216 2217 2218 2219 2220 2221 2222 2223 2224 2225 2226 2227 2228 2229 2230 2231 2232 2233 2234 2235 2236 2237 2238 2239 2240 2241 2242 2243 2244 2245 2246 2247 2248 3308 2249 2250 2251 2252 2253 2254 2255 2256 2257 2258 2259 2260 2261 2262 2263 2264 2265 2266 2267 2268 2269 2270 2271 2272 2273 2274 2275 2276 2277 2278 2279 2280 2281 2282 2283 2284 2285 2286 2287 2288 2289 2290 2291 2292 2293 2294 2295 2296 2297 2298 2299 2300 2301 2302 2303 2304 2305 2306 2307 2308 2309 2310 2311 2312 2313 2314 2315 2316 2317 2318 2319 2320 2321 2322 2323 2324 2325 2326 2327 2328 2329 2330 2331 2332 2333 2334 2335 2336 2337 2338 2339 2340 2341 2342 2343 2344 2345 2346 2347 2348 2349 2350 2351 2352 2353 2354 2355 2356 2357 2358 2359 2360 2361 2362 2363 2364 2365 2366 2367 2368 2369 2370 2371 2372 2373 2374 2375 2376 2377 2378 2379 2380 2381 2382 2383 2384 2385 2386 2387 2388 2389 2390 2391 2392 2393 2394 2395 2396 2397 2398 2399 2400 2401 2402 2403 2404 2405 2406 2407 2408 2409 2410 2411 2412 2413 2414 2415 2416 2417 2418 2419 2420 2421 2422 2423 2424 2425 2426 2427 2428 2429 2430 2431 2432 2433 2434 2435 2436 2437 2438 2439 2440 2441 2442 2443 2444 2445 2446 2447 2448 2449 2450 2451 2452 2453 2454 2455 2456 2457 2458 2459 2460 2461 2462 2463 2464 2465 2466 2467 2468 2469 2470 2471 2472 2473 2474 2475 2476 2477 2478 2479 2480 2481 2482 2483 2484 2485 2486 2487 2488 2489 2490 2491 2492 2493 2494 2495 2496 2497 2498 2499 2500 2501 2502 2503 2504 2505 2506 2507 2508 2509 2510 2511 2512 2513 2514 2515 2516 2517 2518 2519 2520 2521 2522 2523 2524 2525 2526 2527 2528 2529 2530 2531 2532 2533 2534 2535 2536 2537 2538 2539 2540 2541 2542 2543 2544 2545 2546 2547 2548 2549 2550 2551 2552 2553 2554 2555 2556 2557 2558 2559 2560 2561 2562 2563 2564 2565 2566 2567 2568 2569 2570 2571 2572 2573 2574 2575 2576 2577 2578 2579 2580 2581 2582 2583 2584 2585 2586 2587 2588 2589 2590 2591 2592 2593 2594 2595 2596 2597 2598 2599 2600 2601 2602 2603 2604 2605 2606 2607 2608 2609 2610 2611 2612 2613 2614 2615 2616 2617 2618 2619 2620 2621 2622 2623 2624 2625 2626 2627 2628 2629 2630 2631 2632 2633 2634 2635 2636 2637 2638 2639 2640 2641 2642 2643 2644 2645 2646 2647 2648 2649 2650 2651 2652 2653 2654 2655 2656 2657 2658 2659 2660 2661 2662 2663 2664 2665 2666 2667 2668 2669 2670 2671 2672 2673 2674 2675 2676 2677 2678 2679 2680 2681 2682 2683 2684 2685 2686 2687 2688 2689 2690 2691 2692 2693 2694 2695 2696 2697 2698 2699 2700 2701 2702 2703 2704 2705 2706 2707 2708 2709 2710 2711 2712 2713 2714 2715 2716 2717 2718 2719 2720 2721 2722 2723 2724 2725 2726 2727 2728 2729 2730 2731 2732 2733 2734 2735 2736 2737 2738 2739 2740 2741 2742 2743 2744 2745 2746 2747 2748 2749 2750 2751 2752 2753 2754 2755 2756 2757 2758 2759 2760 2761 2762 2763 2764 2765 2766 2767 2768 2769 2770 2771 2772 2773 2774 2775 2776 2777 2778 2779 2780 2781 2782 2783 2784 2785 2786 2787 2788 2789 2790 2791 2792 2793 2794 2795 2796 2797 2798 2799 2800 2801 2802 2803 2804 2805 2806 2807 2808 2809 2810 2811 2812 2813 2814 2815 2816 2817 2818 2819 2820 2821 2822 2823 2824 2825 2826 2827 2828 2829 2830 2831 2832 2833 2834 2835 2836 2837 2838 2839 2840 2841 2842 2843 2844 2845 2846 2847 2848 2849 2850 2851 2852 2853 2854 2855 2856 2857 2858 2859 2860 2861 2862 2863 2864 2865 2866 2867 2868 2869 2870 2871 2872 2873 2874 2875 2876 2877 2878 2879 2880 2881 2882 2883 2884 2885 2886 2887 2888 2889 2890 2891 2892 2893 2894 2895 2896 2897 2898 2899 2900 2901 2902 2903 2904 2905 2906 2907 2908 2909 2910 2911 2912 2913 2914 2915 2916 2917 2918 2919 2920 2921 2922 2923 2924 2925 2926 2927 2928 2929 2930 2931 2932 2933 2934 2935 2936 2937 2938 2939 2940 2941 2942 2943 2944 2945 2946 2947 2948 2949 2950 2951 2952 2953 2954 2955 2956 2957 2958 2959 2960 2961 2962 2963 2964 2965 2966 2967 2968 2969 2970 2971 2972 2973 2974 2975 2976 2977 2978 2979 2980 2981 2982 2983 2984 2985 2986 2987 2988 2989 2990 2991 2992 2993 2994 2995 2996 2997 2998 2999 3309 3000 3001 3002 3003 3004 3005 3006 3007 3008 3009 3010 3011 3012 3013 3014 3015 3016 3017 3018 3019 3020 3021 3022 3023 3024 3025 3026 3027 3028 3029 3030 3031 3032 3033 3034 3035 3036 3037 3038 3039 3040 3041 3042 3043 3044 3045 3046 3047 3048 3049 3050 3051 3052 3053 3054 3055 3056 3057 3058 3059 3060 3061 3062 3063 3064 3065 3066 3067 3068 3069 3070 3071 3072 3073 3074 3075 3076 3077 3078 3079 3080 3081 3082 3083 3084 3085 3086 3087 3088 3089 3090 3091 3092 3093 3094 3095 3096 3097 3098 3099 3100 3101 3102 3103 3104 3105 3106 3107 3108 3109 3110 3111 3112 3113 3114 3115 3116 3117 3118 3119 3120 3121 3122 3123 3124 3125 3126 3127 3128 3129 3130 3131 3132 3133 3134 3135 3136 3137 3138 3139 3140 3141 3142 3143 3144 3145 3146 3147 3148 3149 3150 3151 3152 3153 3154 3155 3156 3157 3158 3159 3160 3161 3162 3163 3164 3165 3166 3167 3168 3169 3170 3171 3172 3173 3174 3175 3176 3177 3178 3179 3180 3181 3182 3183 3184 3185 3186 3187 3188 3189 3190 3191 3192 3193 3194 3195 3196 3197 3198 3199 3200 3201 3202 3203 3204 3205 3206 3207 3208 3209 3210 3211 3212 3213 3214 3215 3216 3217 3218 3219 3220 3221 3222 3223 3224 3225 3226 3227 3228 3229 3230 3231 3232 3233 3234 3235 3236 3237 3238 3239 3240 3241 3242 3243 3244 3245 3246 3247 3248 3249 3250 3251 3252 3253 3254 3255 3256 3257 3258 3259 3260 3261 3262 3263 3264 3265 3266 3267 3268 3269 3270 3271 3272 3273 3274 3275 3276 3277 3278 3279 3280 3281 3282 3283 3284 3285 3286 3287 3288 3289 3290 3291 3292 3293 3294
Population went extinct at generation 39049
